{
  "timestamp": "2026-02-14T23:31:13.014494",
  "agent": "A2C",
  "project": "pvbesscar",
  "location": "Iquitos, Peru",
  "co2_factor_kg_per_kwh": 0.4521,
  "training": {
    "total_timesteps": 87600,
    "episodes": 10,
    "duration_seconds": 173.00384783744812,
    "speed_steps_per_second": 506.34711941382756,
    "device": "cuda",
    "episodes_completed": 10,
    "hyperparameters": {
      "learning_rate": 0.0003,
      "n_steps": 16,
      "gamma": 0.99,
      "gae_lambda": 0.95,
      "ent_coef": 0.01,
      "vf_coef": 0.5,
      "max_grad_norm": 0.5
    }
  },
  "datasets_oe2": {
    "chargers_path": "data/oe2/chargers/chargers_ev_ano_2024_v3.csv",
    "chargers_sockets": 38,
    "chargers_total_kwh": 2463312.0,
    "bess_path": "data/interim/oe2/bess/bess_hourly_dataset_2024.csv",
    "bess_capacity_kwh": 940.0,
    "solar_path": "data/interim/oe2/solar/pv_generation_citylearn_v2.csv",
    "solar_total_kwh": 8292514.0,
    "mall_path": "data/interim/oe2/demandamallkwh/demandamallhorakwh.csv",
    "mall_total_kwh": 12368653.0
  },
  "validation": {
    "num_episodes": 10,
    "mean_reward": 3249.5065441177057,
    "std_reward": 0.0,
    "mean_co2_avoided_kg": 4333381.772735343,
    "mean_solar_kwh": 8292514.130952835,
    "mean_cost_usd": 1385035.875,
    "mean_grid_import_kwh": 4946836.5
  },
  "training_evolution": {
    "episode_rewards": [
      2256.6718042994034,
      2640.8143806941807,
      2710.034683160484,
      2672.725691176951,
      2849.714206710458,
      2934.3784732818604,
      3044.3757355064154,
      3133.866969615221,
      3183.5533256977797,
      3170.364473670721
    ],
    "episode_co2_grid": [
      2830120.5,
      2162856.75,
      2166259.75,
      2161429.75,
      2184352.25,
      2195314.75,
      2210200.0,
      2225169.0,
      2227723.75,
      2226171.75
    ],
    "episode_co2_avoided_indirect": [
      4028724.629468918,
      4028724.629468918,
      4028724.629468918,
      4028724.629468918,
      4028724.629468918,
      4028724.629468918,
      4028724.629468918,
      4028724.629468918,
      4028724.629468918,
      4028724.629468918
    ],
    "episode_co2_avoided_direct": [
      147910.6153799415,
      189949.02429368044,
      202787.2541858007,
      198826.89766707804,
      230117.59592622367,
      246830.07728227033,
      269376.5580087138,
      287872.84245711163,
      296161.58128634305,
      295200.178283416
    ],
    "episode_solar_kwh": [
      8292514.130952835,
      8292514.130952835,
      8292514.130952835,
      8292514.130952835,
      8292514.130952835,
      8292514.130952835,
      8292514.130952835,
      8292514.130952835,
      8292514.130952835,
      8292514.130952835
    ],
    "episode_ev_charging": [
      349682.63006305695,
      452177.9773979187,
      481917.2885437012,
      465457.64583206177,
      544442.293045044,
      581916.1557846069,
      630153.572681427,
      670708.3207244873,
      692475.3296813965,
      686843.8308792114
    ],
    "episode_grid_import": [
      6259958.5,
      4784042.5,
      4791543.5,
      4780853.0,
      4831582.0,
      4855819.0,
      4888763.5,
      4921931.0,
      4927627.0,
      4924136.0
    ],
    "episode_grid_stability": [
      0.1532028615474701,
      0.21259602904319763,
      0.21103395521640778,
      0.21236447989940643,
      0.20692776143550873,
      0.20422938466072083,
      0.20093752443790436,
      0.19778871536254883,
      0.19645164906978607,
      0.19685837626457214
    ],
    "episode_cost_usd": [
      938992.9375,
      717604.8125,
      718732.5625,
      717129.25,
      724735.25,
      728372.6875,
      733309.4375,
      738280.0625,
      739125.0625,
      738611.25
    ],
    "episode_motos_charged": [
      21,
      23,
      22,
      21,
      24,
      25,
      25,
      26,
      26,
      26
    ],
    "episode_mototaxis_charged": [
      8,
      8,
      7,
      7,
      8,
      8,
      8,
      7,
      8,
      8
    ],
    "episode_bess_discharge_kwh": [
      677835.7315369509,
      677835.7315369509,
      677835.7315369509,
      677835.7315369509,
      677835.7315369509,
      677835.7315369509,
      677835.7315369509,
      677835.7315369509,
      677835.7315369509,
      677835.7315369509
    ],
    "episode_bess_charge_kwh": [
      790715.5703739082,
      790715.5703739082,
      790715.5703739082,
      790715.5703739082,
      790715.5703739082,
      790715.5703739082,
      790715.5703739082,
      790715.5703739082,
      790715.5703739082,
      790715.5703739082
    ],
    "episode_avg_socket_setpoint": [
      0.23113773105750246,
      0.7820995095352851,
      0.9479284471947036,
      0.8870341089184154,
      1.540243810755477,
      2.2117271883574796,
      2.8796486261228447,
      3.3449162121504954,
      3.624445906648897,
      3.75164102705102
    ],
    "episode_socket_utilization": [
      0.5325222302331171,
      0.6129175678923335,
      0.6282954818553232,
      0.6048546022590724,
      0.689876231675078,
      0.7287430906032204,
      0.775252343186734,
      0.8197879115597212,
      0.8403779139629897,
      0.8356705118961788
    ],
    "episode_bess_action_avg": [
      0.9343211278369327,
      4.757254848333254,
      8.717714378550717,
      8.177364267959987,
      7.744608732581683,
      6.348494071122174,
      6.08154231816122,
      4.0465013547711175,
      6.7376387945321055,
      7.8456552588776365
    ]
  },
  "summary_metrics": {
    "total_co2_avoided_indirect_kg": 40287246.29468918,
    "total_co2_avoided_direct_kg": 2365032.6247705794,
    "total_co2_avoided_kg": 42652278.91945976,
    "total_cost_usd": 7494893.0,
    "avg_grid_stability": 0.1992390751838684,
    "max_motos_charged": 26,
    "max_mototaxis_charged": 8,
    "total_bess_discharge_kwh": 6778357.315369509,
    "total_bess_charge_kwh": 7907155.703739081
  },
  "control_progress": {
    "avg_socket_setpoint_evolution": [
      0.23113773105750246,
      0.7820995095352851,
      0.9479284471947036,
      0.8870341089184154,
      1.540243810755477,
      2.2117271883574796,
      2.8796486261228447,
      3.3449162121504954,
      3.624445906648897,
      3.75164102705102
    ],
    "socket_utilization_evolution": [
      0.5325222302331171,
      0.6129175678923335,
      0.6282954818553232,
      0.6048546022590724,
      0.689876231675078,
      0.7287430906032204,
      0.775252343186734,
      0.8197879115597212,
      0.8403779139629897,
      0.8356705118961788
    ],
    "bess_action_evolution": [
      0.9343211278369327,
      4.757254848333254,
      8.717714378550717,
      8.177364267959987,
      7.744608732581683,
      6.348494071122174,
      6.08154231816122,
      4.0465013547711175,
      6.7376387945321055,
      7.8456552588776365
    ],
    "description": "Evolucion del aprendizaje de control por episodio"
  },
  "reward_components_avg": {
    "r_solar": -0.2812427725163073,
    "r_cost": 0.3467550728949782,
    "r_ev": 0.8705376338728271,
    "r_grid": -0.19769003229462395,
    "r_co2": 0.250884860908468,
    "episode_r_solar": [
      -0.27222382026615244,
      -0.29326718606897717,
      -0.29088062455973185,
      -0.2922137141288043,
      -0.28508600440958193,
      -0.28176833576009436,
      -0.2776680639494299,
      -0.2740032795598573,
      -0.27243286089440233,
      -0.27288383556604134
    ],
    "episode_r_cost": [
      0.21654800787636133,
      0.3688652499625672,
      0.36787879995015116,
      0.3690379122212597,
      0.36381632286936183,
      0.3612287132979528,
      0.35786148489338077,
      0.3544323257455543,
      0.35376591301399823,
      0.35411599911919467
    ],
    "episode_r_ev": [
      0.8280844462497555,
      0.8492424732064094,
      0.8553422290339008,
      0.851991623532281,
      0.8683014056520459,
      0.8760000615177522,
      0.8859261704319674,
      0.8942521721166673,
      0.8986897484939559,
      0.8975460084935362
    ],