{
  "timestamp": "2026-02-08T14:37:51.170640",
  "agent": "A2C",
  "project": "pvbesscar",
  "location": "Iquitos, Peru",
  "co2_factor_kg_per_kwh": 0.4521,
  "training": {
    "total_timesteps": 87600,
    "episodes": 10,
    "duration_seconds": 151.8004961013794,
    "speed_steps_per_second": 577.0732128668187,
    "device": "cuda",
    "episodes_completed": 10,
    "hyperparameters": {
      "learning_rate": 0.0007,
      "n_steps": 8,
      "gamma": 0.99,
      "gae_lambda": 0.95,
      "ent_coef": 0.015,
      "vf_coef": 0.5,
      "max_grad_norm": 0.5
    }
  },
  "datasets_oe2": {
    "chargers_path": "data/interim/oe2/chargers/chargers_real_hourly_2024.csv",
    "chargers_sockets": 128,
    "chargers_total_kwh": 1024817.5625,
    "bess_path": "data/interim/oe2/bess/bess_hourly_dataset_2024.csv",
    "bess_capacity_kwh": 4520.0,
    "solar_path": "data/interim/oe2/solar/pv_generation_citylearn_v2.csv",
    "solar_total_kwh": 8292513.5,
    "mall_path": "data/interim/oe2/demandamallkwh/demandamallhorakwh.csv",
    "mall_total_kwh": 12368653.0
  },
  "validation": {
    "num_episodes": 10,
    "mean_reward": 4423.415048761389,
    "std_reward": 0.00012021585479368478,
    "mean_co2_avoided_kg": 3600165.178592725,
    "mean_solar_kwh": 8292514.127086639,
    "mean_cost_usd": 1121241.1290980768,
    "mean_grid_import_kwh": 4004432.6039216993
  },
  "training_evolution": {
    "episode_rewards": [
      4401.168755298015,
      4447.746748850215,
      4365.120077372296,
      3692.6397461928427,
      4452.938274181681,
      4444.980287897633,
      4452.595256662695,
      4440.275140434969,
      4422.915224076249,
      4420.903673989698
    ],
    "episode_co2_grid": [
      1847160.0403160143,
      1821170.7676865377,
      1935522.8787371684,
      3290639.3507414195,
      1829230.2040139213,
      1820624.922732255,
      1824909.033436685,
      1819003.5744512018,
      1810815.094497193,
      1809827.0207558034
    ],
    "episode_co2_avoided_indirect": [
      2742248.9423193303,
      2747614.832993835,
      2748077.779024498,
      2752289.8479356705,
      2751314.8602959015,
      2747335.137650391,
      2749264.0194478594,
      2745967.8969550817,
      2741288.4690006278,
      2740880.227084619
    ],
    "episode_co2_avoided_direct": [
      850450.4930159736,
      854976.8940979091,
      819436.8487674359,
      489996.45923474844,
      851550.5895759942,
      854018.3519293558,
      853616.908689324,
      855811.5967433925,
      858868.2210366763,
      859138.7827411164
    ],
    "episode_solar_kwh": [
      8292514.127086639,
      8292514.127086639,
      8292514.127086639,
      8292514.127086639,
      8292514.127086639,
      8292514.127086639,
      8292514.127086639,
      8292514.127086639,
      8292514.127086639,
      8292514.127086639
    ],
    "episode_ev_charging": [
      493060.74008750916,
      533366.3500461578,
      537305.0334758759,
      566002.2757778168,
      550504.6242494583,
      529624.6645002365,
      545146.9400882721,
      522375.7941169739,
      490741.80044174194,
      487359.36923122406
    ],
    "episode_grid_import": [
      4085733.334032327,
      4028247.6613283157,
      4281183.098290563,
      7278565.252690598,
      4046074.328719139,
      4027040.3068618774,
      4036516.3314237595,
      4023454.0465631485,
      4005341.9475717545,
      4003156.4272413254
    ],
    "episode_grid_stability": [
      0.2853744912229698,
      0.2881438080561692,
      0.27706987354466367,
      0.19068927236060912,
      0.2878205515250889,
      0.28869896370308573,
      0.28827065898366905,
      0.28835901320663987,
      0.2884178547334211,
      0.28848519206010725
    ],
    "episode_cost_usd": [
      612860.0001048492,
      604237.1491992474,
      642177.4647435863,
      1091784.7879035873,
      606911.1493078708,
      604056.0460292823,
      605477.4497135637,
      603518.106984472,
      600801.2921357634,
      600473.4640861977
    ],
    "episode_motos_charged": [
      65,
      66,
      64,
      66,
      65,
      64,
      67,
      64,
      59,
      59
    ],
    "episode_mototaxis_charged": [
      13,
      12,
      11,
      13,
      13,
      11,
      11,
      10,
      9,
      9
    ],
    "episode_bess_discharge_kwh": [
      4292476.997613907,
      4371504.383563995,
      4090826.2279629707,
      1875825.2734541893,
      4361054.1434288025,
      4366778.906345367,
      4370500.0,
      4370500.0,
      4370500.0,
      4370500.0
    ],
    "episode_bess_charge_kwh": [
      46787.79001906514,
      8000.0,
      133540.65203666687,
      2344603.0194144696,
      13395.439147949219,
      10049.25274848938,
      9500.0,
      9500.0,
      9500.0,
      9500.0
    ],
    "episode_avg_socket_setpoint": [
      0.08795832749020274,
      0.4464781612429989,
      0.662313603113095,
      0.871410812204491,
      0.2530600104944517,
      0.4610382767725889,
      0.9584657022091624,
      0.9646120330310304,
      0.638330655481207,
      0.7626304350997487
    ],
    "episode_socket_utilization": [
      0.4949299015410959,
      0.5296036672374429,
      0.5290159460616438,
      0.5539008989726028,
      0.5396850028538813,
      0.5198621218607306,
      0.5357618079337899,
      0.5141713042237442,
      0.4821712685502283,
      0.4790872930936073
    ],
    "episode_bess_action_avg": [
      4.309720416732354,
      6.279076953919511,
      3.0423663645676555,
      0.1710118362088964,
      4.949484417604529,
      12.2601202332538,
      16.31257144229053,
      10.915566780169804,
      11.161138319234325,
      13.419433462293181
    ]
  },
  "summary_metrics": {
    "total_co2_avoided_indirect_kg": 27466282.01270781,
    "total_co2_avoided_direct_kg": 8147865.145831926,
    "total_co2_avoided_kg": 35614147.158539735,
    "total_cost_usd": 6572296.910208419,
    "avg_grid_stability": 0.2771329679396423,
    "max_motos_charged": 67,
    "max_mototaxis_charged": 13,
    "total_bess_discharge_kwh": 40840465.93236923,
    "total_bess_charge_kwh": 2594376.15336664
  },
  "control_progress": {
    "avg_socket_setpoint_evolution": [
      0.08795832749020274,
      0.4464781612429989,
      0.662313603113095,
      0.871410812204491,
      0.2530600104944517,
      0.4610382767725889,
      0.9584657022091624,
      0.9646120330310304,
      0.638330655481207,
      0.7626304350997487
    ],
    "socket_utilization_evolution": [
      0.4949299015410959,
      0.5296036672374429,
      0.5290159460616438,
      0.5539008989726028,
      0.5396850028538813,
      0.5198621218607306,
      0.5357618079337899,
      0.5141713042237442,
      0.4821712685502283,
      0.4790872930936073
    ],
    "bess_action_evolution": [
      4.309720416732354,
      6.279076953919511,
      3.0423663645676555,
      0.1710118362088964,
      4.949484417604529,
      12.2601202332538,
      16.31257144229053,
      10.915566780169804,
      11.161138319234325,
      13.419433462293181
    ],
    "description": "Evolución del aprendizaje de control por episodio"
  },
  "reward_components_avg": {
    "r_solar": -0.3042290289368308,
    "r_cost": 0.4210702559130306,
    "r_ev": 0.9995555277380586,
    "r_grid": 0.1634767923577088,
    "r_co2": 0.43782159300916235,
    "episode_r_solar": [
      -0.3116728643512571,
      -0.3104685100682095,
      -0.30463237906739904,
      -0.24599463113001582,
      -0.30870961678814646,
      -0.3109396992199447,
      -0.30963276865331935,
      -0.3115691500736609,
      -0.3141626127826789,
      -0.31450805723367614
    ],
    "episode_r_cost": [
      0.4490954966428842,
      0.45608303273562373,
      0.43031517661953245,
      0.13717538762373782,
      0.4544310025496742,
      0.45620972711963775,
      0.45548235505523577,
      0.4564063568944072,
      0.4576589920617309,
      0.4578450318278422
    ],