{
  "timestamp": "2026-02-07T08:58:25.762861",
  "agent": "A2C",
  "project": "pvbesscar",
  "location": "Iquitos, Peru",
  "co2_factor_kg_per_kwh": 0.4521,
  "training": {
    "total_timesteps": 87600,
    "episodes": 10,
    "duration_seconds": 144.55875706672668,
    "speed_steps_per_second": 605.981967315649,
    "device": "cuda",
    "episodes_completed": 10,
    "hyperparameters": {
      "learning_rate": 0.0007,
      "n_steps": 8,
      "gamma": 0.99,
      "gae_lambda": 0.95,
      "ent_coef": 0.015,
      "vf_coef": 0.5,
      "max_grad_norm": 0.5
    }
  },
  "datasets_oe2": {
    "chargers_path": "data/interim/oe2/chargers/chargers_real_hourly_2024.csv",
    "chargers_sockets": 128,
    "chargers_total_kwh": 1024817.5625,
    "bess_path": "data/interim/oe2/bess/bess_hourly_dataset_2024.csv",
    "bess_capacity_kwh": 4520.0,
    "solar_path": "data/interim/oe2/solar/pv_generation_citylearn_v2.csv",
    "solar_total_kwh": 8292513.5,
    "mall_path": "data/interim/oe2/demandamallkwh/demandamallhorakwh.csv",
    "mall_total_kwh": 12368653.0
  },
  "validation": {
    "num_episodes": 10,
    "mean_reward": 4397.5979247946825,
    "std_reward": 0.0017920916909577808,
    "mean_co2_avoided_kg": 3603598.2357826205,
    "mean_solar_kwh": 8292514.127086639,
    "mean_cost_usd": 55208.38783256533,
    "mean_grid_import_kwh": 4046487.7583833695
  },
  "training_evolution": {
    "episode_rewards": [
      4261.099004305899,
      4391.642978351563,
      4421.5216630883515,
      4416.976250331849,
      4413.529327247292,
      4413.386480856687,
      4421.4198103398085,
      4406.74961592257,
      4404.164690673351,
      4408.198546104133
    ],
    "episode_co2_grid": [
      1907070.1699989284,
      1825117.9406380733,
      1835177.3313180204,
      1828541.5597825404,
      1826861.5767629147,
      1834340.4449416117,
      1841597.6989790383,
      1833924.4571836367,
      1832382.8471656952,
      1834594.4341642088
    ],
    "episode_co2_avoided_indirect": [
      2736702.073923205,
      2749774.1303241695,
      2756540.5156026473,
      2753955.6927408087,
      2752684.997299949,
      2754913.994225049,
      2758270.802915509,
      2753984.0216483814,
      2753071.723030131,
      2754543.2558747535
    ],
    "episode_co2_avoided_direct": [
      851989.1973544798,
      853171.0601229259,
      849888.2646646287,
      852541.1114901697,
      853381.3533204076,
      850542.4102222818,
      847691.558012659,
      850536.152073208,
      851092.3032823276,
      850153.2697787605
    ],
    "episode_solar_kwh": [
      8292514.127086639,
      8292514.127086639,
      8292514.127086639,
      8292514.127086639,
      8292514.127086639,
      8292514.127086639,
      8292514.127086639,
      8292514.127086639,
      8292514.127086639,
      8292514.127086639
    ],
    "episode_ev_charging": [
      462910.4245529175,
      547581.3668394089,
      595066.6006765366,
      576940.8368902206,
      569507.8205661774,
      585609.2458591461,
      608273.1663560867,
      578716.8073282242,
      572846.6183519363,
      581892.524137497
    ],
    "episode_grid_import": [
      4218248.551203132,
      4036978.4132671356,
      4059228.7797346115,
      4044551.116528511,
      4040835.162050247,
      4057377.6707401276,
      4073429.9911060333,
      4056457.5474090576,
      4053047.660176277,
      4057939.4695072174
    ],
    "episode_grid_stability": [
      0.2753428526195946,
      0.2883121239603139,
      0.28826834055108486,
      0.288303299300747,
      0.2882386074487116,
      0.28811038965044267,
      0.28817019689948054,
      0.2881819514412979,
      0.28820591735718787,
      0.28824478216064897
    ],
    "episode_cost_usd": [
      632737.2826804701,
      605546.7619900713,
      608884.3169601908,
      606682.6674792749,
      606125.2743075367,
      608606.6506110196,
      611014.498665904,
      608468.6321113606,
      607957.149026441,
      608690.9204260814
    ],
    "episode_motos_charged": [
      61,
      71,
      73,
      71,
      71,
      71,
      70,
      69,
      67,
      69
    ],
    "episode_mototaxis_charged": [
      11,
      12,
      12,
      11,
      12,
      12,
      11,
      11,
      11,
      11
    ],
    "episode_bess_discharge_kwh": [
      4190166.775882244,
      4370500.0,
      4375712.436676025,
      4380000.0,
      4380000.0,
      4373500.0,
      4370500.0,
      4370500.0,
      4370500.0,
      4370500.0
    ],
    "episode_bess_charge_kwh": [
      100336.18067204952,
      9500.0,
      4000.0,
      0.0,
      0.0,
      6500.0,
      9500.0,
      9500.0,
      9500.0,
      9500.0
    ],
    "episode_avg_socket_setpoint": [
      -0.20745591198968102,
      0.42307506544030693,
      0.9057175517584023,
      1.0181824210571917,
      0.9666986933854073,
      1.2027767139380654,
      1.9344982719176436,
      1.4802886204156158,
      1.4114125605927754,
      1.1210808172396738
    ],
    "episode_socket_utilization": [
      0.47152094035388126,
      0.5469873715753425,
      0.5877541738013699,
      0.5695134132420091,
      0.5623367936643836,
      0.5737086187214612,
      0.59513680793379,
      0.5656499714611872,
      0.5602766481164384,
      0.5698656892123287
    ],
    "episode_bess_action_avg": [
      4.239135101264062,
      11.656850128522203,
      22.115384277020958,
      30.245402622005166,
      26.29666707145569,
      26.1973013333534,
      28.34421554439144,
      34.61564530455359,
      42.40595200072685,
      30.56654729440332
    ]
  },
  "summary_metrics": {
    "total_co2_avoided_indirect_kg": 27524441.2075846,
    "total_co2_avoided_direct_kg": 8510986.680321848,
    "total_co2_avoided_kg": 36035427.88790645,
    "total_cost_usd": 6104714.15425835,
    "avg_grid_stability": 0.286937846138951,
    "max_motos_charged": 73,
    "max_mototaxis_charged": 12,
    "total_bess_discharge_kwh": 43551879.21255827,
    "total_bess_charge_kwh": 158336.18067204952
  },
  "control_progress": {
    "avg_socket_setpoint_evolution": [
      -0.20745591198968102,
      0.42307506544030693,
      0.9057175517584023,
      1.0181824210571917,
      0.9666986933854073,
      1.2027767139380654,
      1.9344982719176436,
      1.4802886204156158,
      1.4114125605927754,
      1.1210808172396738
    ],
    "socket_utilization_evolution": [
      0.47152094035388126,
      0.5469873715753425,
      0.5877541738013699,
      0.5695134132420091,
      0.5623367936643836,
      0.5737086187214612,
      0.59513680793379,
      0.5656499714611872,
      0.5602766481164384,
      0.5698656892123287
    ],
    "bess_action_evolution": [
      4.239135101264062,
      11.656850128522203,
      22.115384277020958,
      30.245402622005166,
      26.29666707145569,
      26.1973013333534,
      28.34421554439144,
      34.61564530455359,
      42.40595200072685,
      30.56654729440332
    ],
    "description": "Evolución del aprendizaje de control por episodio"
  },
  "reward_components_avg": {
    "r_solar": -0.30736467110753984,
    "r_cost": 0.30786043117460604,
    "r_ev": 0.9990945387032453,
    "r_grid": 0.2070998426156637,
    "r_co2": 0.47366148047151596,
    "episode_r_solar": [
      -0.3123729308756084,
      -0.3093331253682954,
      -0.3053815149225772,
      -0.3069957657313688,
      -0.3076017690151819,
      -0.3062724642383308,
      -0.3045901942871042,
      -0.30695128131333044,
      -0.3073883255854029,
      -0.3067593397381981
    ],
    "episode_r_cost": [
      0.281871829715548,
      0.31077268399364916,
      0.3110185297682945,
      0.31389005756595917,
      0.31420532646963073,
      0.310336790147546,
      0.3080102655754785,
      0.30944351219804284,
      0.30969249566788065,
      0.3093628206440305
    ],