{
  "timestamp": "2026-02-16T23:03:20.024868",
  "agent": "A2C",
  "project": "pvbesscar",
  "location": "Iquitos, Peru",
  "co2_factor_kg_per_kwh": 0.4521,
  "training": {
    "total_timesteps": 87600,
    "episodes": 10,
    "duration_seconds": 176.43810415267944,
    "speed_steps_per_second": 496.4913923819765,
    "device": "cuda",
    "episodes_completed": 10,
    "hyperparameters": {
      "learning_rate": 0.0003,
      "n_steps": 16,
      "gamma": 0.99,
      "gae_lambda": 0.95,
      "ent_coef": 0.01,
      "vf_coef": 0.5,
      "max_grad_norm": 0.5
    }
  },
  "datasets_oe2": {
    "chargers_path": "data/oe2/chargers/chargers_ev_ano_2024_v3.csv",
    "chargers_sockets": 38,
    "chargers_total_kwh": 565874.75,
    "bess_path": "data/interim/oe2/bess/bess_hourly_dataset_2024.csv",
    "bess_capacity_kwh": 1700.0,
    "solar_path": "data/interim/oe2/solar/pv_generation_citylearn_v2.csv",
    "solar_total_kwh": 8292514.0,
    "mall_path": "data/interim/oe2/demandamallkwh/demandamallhorakwh.csv",
    "mall_total_kwh": 12368653.0
  },
  "validation": {
    "num_episodes": 10,
    "mean_reward": 3062.615395592959,
    "std_reward": 0.0,
    "mean_co2_avoided_kg": 4428720.0139274765,
    "mean_solar_kwh": 8292514.130952835,
    "mean_cost_usd": 1310486.875,
    "mean_grid_import_kwh": 4680326.5
  },
  "training_evolution": {
    "episode_rewards": [
      1900.8082551123698,
      2453.158807883039,
      2610.8051293343306,
      2752.9800418391824,
      2806.329538464546,
      2788.351083904505,
      2929.5832658335567,
      2976.428512722254,
      2995.6800357848406,
      3036.8195132017136
    ],
    "episode_co2_grid": [
      2895108.75,
      2177583.5,
      2104618.5,
      2105446.5,
      2105442.0,
      2106119.5,
      2141537.75,
      2138836.75,
      2112111.0,
      2115420.5
    ],
    "episode_co2_avoided_indirect": [
      4028724.629468918,
      4028724.629468918,
      4028724.629468918,
      4028724.629468918,
      4028724.629468918,
      4028724.629468918,
      4028724.629468918,
      4028724.629468918,
      4028724.629468918,
      4028724.629468918
    ],
    "episode_co2_avoided_direct": [
      171059.2750661071,
      276534.13824674144,
      301489.8189364428,
      329380.95717220014,
      336418.55772653734,
      332429.71283482405,
      366641.6625937748,
      378224.69537887396,
      381269.741377561,
      393486.00824458746
    ],
    "episode_solar_kwh": [
      8292514.130952835,
      8292514.130952835,
      8292514.130952835,
      8292514.130952835,
      8292514.130952835,
      8292514.130952835,
      8292514.130952835,
      8292514.130952835,
      8292514.130952835,
      8292514.130952835
    ],
    "episode_ev_charging": [
      115313.22162741795,
      184130.6382510436,
      202796.21607620595,
      222952.0807838589,
      229750.07260388136,
      226443.2272104118,
      250499.5406357795,
      258341.8149169162,
      260080.41722805798,
      268284.1238837354
    ],
    "episode_grid_import": [
      6403673.5,
      4816596.5,
      4655215.0,
      4657044.5,
      4657042.5,
      4658550.0,
      4736887.5,
      4730905.5,
      4671804.5,
      4679112.0
    ],
    "episode_grid_stability": [
      0.15114238858222961,
      0.2231956571340561,
      0.2373112142086029,
      0.23859824240207672,
      0.23860567808151245,
      0.23818950355052948,
      0.23446156084537506,
      0.2347051501274109,
      0.2384461909532547,
      0.2383032888174057
    ],
    "episode_cost_usd": [
      960552.5625,
      722488.0625,
      698278.3125,
      698554.4375,
      698553.8125,
      698778.875,
      710528.0,
      709632.875,
      700765.5,
      701862.3125
    ],
    "episode_motos_charged": [
      22,
      26,
      25,
      25,
      25,
      24,
      27,
      27,
      26,
      27
    ],
    "episode_mototaxis_charged": [
      7,
      8,
      7,
      8,
      8,
      8,
      8,
      8,
      8,
      8
    ],
    "episode_bess_discharge_kwh": [
      677835.7315369509,
      677835.7315369509,
      677835.7315369509,
      677835.7315369509,
      677835.7315369509,
      677835.7315369509,
      677835.7315369509,
      677835.7315369509,
      677835.7315369509,
      677835.7315369509
    ],
    "episode_bess_charge_kwh": [
      790715.5703739082,
      790715.5703739082,
      790715.5703739082,
      790715.5703739082,
      790715.5703739082,
      790715.5703739082,
      790715.5703739082,
      790715.5703739082,
      790715.5703739082,
      790715.5703739082
    ],
    "episode_avg_socket_setpoint": [
      0.09642693307917119,
      0.7411943681677378,
      1.0914606028444827,
      1.716840258131833,
      2.052586098852223,
      2.295094439741139,
      3.08949769329807,
      3.4904316391574737,
      3.5947216362985848,
      3.7111317957100804
    ],
    "episode_socket_utilization": [
      0.4932468156693103,
      0.6582372025955299,
      0.6980383321316991,
      0.7507390050468637,
      0.777922975246335,
      0.7617549867820236,
      0.8397951213650565,
      0.8670421773612113,
      0.8685712569093967,
      0.8909336697909156
    ],
    "episode_bess_action_avg": [
      0.7328682977886665,
      2.397906787224012,
      3.727258748047428,
      4.309496370719993,
      3.6320398134728,
      3.667242161460119,
      3.458553147275154,
      3.227857895882707,
      5.182710042582255,
      4.1732243111144465
    ]
  },
  "summary_metrics": {
    "total_co2_avoided_indirect_kg": 40287246.29468918,
    "total_co2_avoided_direct_kg": 3266934.5675776503,
    "total_co2_avoided_kg": 43554180.86226683,
    "total_cost_usd": 7299995.0,
    "avg_grid_stability": 0.2272958755493164,
    "max_motos_charged": 27,
    "max_mototaxis_charged": 8,
    "total_bess_discharge_kwh": 6778357.315369509,
    "total_bess_charge_kwh": 7907155.703739081
  },
  "control_progress": {
    "avg_socket_setpoint_evolution": [
      0.09642693307917119,
      0.7411943681677378,
      1.0914606028444827,
      1.716840258131833,
      2.052586098852223,
      2.295094439741139,
      3.08949769329807,
      3.4904316391574737,
      3.5947216362985848,
      3.7111317957100804
    ],
    "socket_utilization_evolution": [
      0.4932468156693103,
      0.6582372025955299,
      0.6980383321316991,
      0.7507390050468637,
      0.777922975246335,
      0.7617549867820236,
      0.8397951213650565,
      0.8670421773612113,
      0.8685712569093967,
      0.8909336697909156
    ],
    "bess_action_evolution": [
      0.7328682977886665,
      2.397906787224012,
      3.727258748047428,
      4.309496370719993,
      3.6320398134728,
      3.667242161460119,
      3.458553147275154,
      3.227857895882707,
      5.182710042582255,
      4.1732243111144465
    ],
    "description": "Evolucion del aprendizaje de control por episodio"
  },
  "reward_components_avg": {
    "r_solar": -0.32002318395110196,
    "r_cost": 0.3658338019721312,
    "r_ev": 0.9576928940440631,
    "r_grid": -0.0973471577901002,
    "r_co2": 0.28026633523642747,
    "episode_r_solar": [
      -0.2896947285875065,
      -0.3209448257966755,
      -0.3250776524891017,
      -0.32499992452846227,
      -0.32458979419128864,
      -0.32481642700909946,
      -0.3222096430377045,
      -0.3221122965846092,
      -0.32317366301096423,
      -0.3226128842756081
    ],
    "episode_r_cost": [
      0.20076395271847783,
      0.3666417206599288,
      0.38725927883767647,
      0.38845975990981274,
      0.3886601146497683,
      0.3882118216184176,
      0.3810923118773661,
      0.38190123866818265,
      0.38793590681193624,
      0.3874119139697454
    ],
    "episode_r_ev": [
      0.8773117169813516,
      0.9268028093828209,
      0.9416235401585846,
      0.9582337906994656,
      0.9640590113505612,
      0.9610349497137606,
      0.9805954277697378,
      0.9868923624202325,
      0.9878998513662693,
      0.9924754805978474
    ],