{
  "timestamp": "2026-02-19T06:40:43.041162",
  "agent": "A2C",
  "project": "pvbesscar",
  "location": "Iquitos, Peru",
  "co2_factor_kg_per_kwh": 0.4521,
  "training": {
    "total_timesteps": 87600,
    "episodes": 10,
    "duration_seconds": 161.30886960029602,
    "speed_steps_per_second": 543.057552985538,
    "device": "cuda",
    "episodes_completed": 10,
    "hyperparameters": {
      "learning_rate": 0.0003,
      "n_steps": 24,
      "gamma": 0.99,
      "gae_lambda": 0.95,
      "ent_coef": 0.015,
      "vf_coef": 0.5,
      "max_grad_norm": 0.5
    }
  },
  "datasets_oe2": {
    "chargers_path": "data/oe2/chargers/chargers_ev_ano_2024_v3.csv",
    "chargers_sockets": 38,
    "chargers_total_kwh": 11683136512.0,
    "bess_path": "data/interim/oe2/bess/bess_hourly_dataset_2024.csv",
    "bess_capacity_kwh": 2000.0,
    "solar_path": "data/oe2/Generacionsolar/pv_generation_citylearn2024.csv",
    "solar_total_kwh": 8292514.0,
    "mall_path": "data/interim/oe2/demandamallkwh/demandamallhorakwh.csv",
    "mall_total_kwh": 4424185.5
  },
  "validation": {
    "num_episodes": 10,
    "mean_reward": 3467.6177504294587,
    "std_reward": 0.0,
    "mean_co2_avoided_kg": 4079075.476078272,
    "mean_solar_kwh": 8292514.130952835,
    "mean_cost_usd": 357443.25,
    "mean_grid_import_kwh": 1276586.25
  },
  "training_evolution": {
    "episode_rewards": [
      2337.1999778729223,
      2716.1704746835167,
      2935.8551255129278,
      2989.368696774938,
      3020.91334788315,
      3090.2606472186744,
      3177.957120940089,
      3257.7726164348423,
      3309.4861477315426,
      3353.8762713372707
    ],
    "episode_co2_grid": [
      1105133.75,
      697389.1875,
      554879.625,
      556973.8125,
      555156.5,
      557813.5625,
      563478.625,
      564944.75,
      567911.375,
      571602.0
    ],
    "episode_co2_avoided_indirect": [
      3749045.814655304,
      3749045.814655304,
      3749045.814655304,
      3749045.814655304,
      3749045.814655304,
      3749045.814655304,
      3749045.814655304,
      3749045.814655304,
      3749045.814655304,
      3749045.814655304
    ],
    "episode_co2_avoided_direct": [
      330029.6614229679,
      330029.6614229679,
      330029.6614229679,
      330029.6614229679,
      330029.6614229679,
      330029.6614229679,
      330029.6614229679,
      330029.6614229679,
      330029.6614229679,
      330029.6614229679
    ],
    "episode_solar_kwh": [
      8292514.130952835,
      8292514.130952835,
      8292514.130952835,
      8292514.130952835,
      8292514.130952835,
      8292514.130952835,
      8292514.130952835,
      8292514.130952835,
      8292514.130952835,
      8292514.130952835
    ],
    "episode_ev_charging": [
      249220.69978631288,
      320071.7787685394,
      380241.3858499527,
      430598.5097503662,
      464287.2113838196,
      500249.6065044403,
      549364.2818813324,
      560893.02917099,
      583307.5059814453,
      616835.3151435852
    ],
    "episode_ev_charging_peak": [
      163726.57061489671,
      208394.3450832367,
      244958.0004272461,
      274586.68647384644,
      294458.68077659607,
      316409.76973724365,
      346094.93755340576,
      353936.28479385376,
      369264.57582473755,
      388103.0718154907
    ],
    "episode_ev_charging_offpeak": [
      85494.12917141616,
      111677.43368530273,
      135283.3854227066,
      156011.82327651978,
      169828.5306072235,
      183839.83676719666,
      203269.34432792664,
      206956.74437713623,
      214042.93015670776,
      228732.24332809448
    ],
    "episode_grid_import": [
      2444444.25,
      1542555.0,
      1227338.75,
      1231970.875,
      1227951.375,
      1233827.875,
      1246358.875,
      1249598.75,
      1256162.375,
      1264325.25
    ],
    "episode_grid_stability": [
      0.17085257172584534,
      0.2001003623008728,
      0.2144162952899933,
      0.21782426536083221,
      0.2199198454618454,
      0.22236105799674988,
      0.22535350918769836,
      0.22601652145385742,
      0.2269965559244156,
      0.22933587431907654
    ],
    "episode_cost_usd": [
      366666.84375,
      231383.046875,
      184100.96875,
      184795.609375,
      184192.390625,
      185073.984375,
      186953.828125,
      187440.15625,
      188424.34375,
      189648.953125
    ],
    "episode_motos_charged": [
      19,
      21,
      21,
      23,
      23,
      25,
      25,
      27,
      26,
      27
    ],
    "episode_mototaxis_charged": [
      7,
      7,
      7,
      7,
      6,
      6,
      7,
      7,
      6,
      6
    ],
    "episode_motos_peak_max": [
      19,
      21,
      21,
      23,
      22,
      25,
      25,
      27,
      26,
      27
    ],
    "episode_mototaxis_peak_max": [
      7,
      7,
      7,
      7,
      6,
      6,
      7,
      7,
      6,
      6
    ],
    "episode_total_sockets_peak_max": [
      24,
      25,
      25,
      27,
      27,
      29,
      30,
      32,
      32,
      33
    ],
    "episode_bess_discharge_kwh": [
      209374.24630715643,
      209374.24630715643,
      209374.24630715643,
      209374.24630715643,
      209374.24630715643,
      209374.24630715643,
      209374.24630715643,
      209374.24630715643,
      209374.24630715643,
      209374.24630715643
    ],
    "episode_bess_charge_kwh": [
      580199.6792075719,
      580199.6792075719,
      580199.6792075719,
      580199.6792075719,
      580199.6792075719,
      580199.6792075719,
      580199.6792075719,
      580199.6792075719,
      580199.6792075719,
      580199.6792075719
    ],
    "episode_avg_socket_setpoint": [
      0.039721809480747904,
      0.12977576877437594,
      0.30786664070509434,
      0.4161756172124908,
      0.43662251857903145,
      0.5559762224357003,
      0.8110307125281118,
      1.059043963654945,
      1.3087289465752912,
      1.3666389342108274
    ],
    "episode_socket_utilization": [
      0.4767874309060322,
      0.5059090362893536,
      0.5524843787551069,
      0.573197548666186,
      0.5881879355924057,
      0.6277066810862774,
      0.6847482576303773,
      0.7317291516462389,
      0.7548155491468397,
      0.7787220620043259
    ],
    "episode_bess_action_avg": [
      0.7994290287878586,
      2.09349331732278,
      3.0304516669822066,
      3.1881834089892096,
      4.295322575049314,
      5.386873956630219,
      5.294172378435527,
      4.7304038845785135,
      4.478870984081809,
      5.095545513526489
    ]
  },
  "summary_metrics": {
    "total_co2_avoided_indirect_kg": 37490458.14655304,
    "total_co2_avoided_direct_kg": 3300296.614229679,
    "total_co2_avoided_kg": 40790754.76078272,
    "total_cost_usd": 2088680.25,
    "avg_grid_stability": 0.21531768143177032,
    "max_motos_charged": 27,
    "max_mototaxis_charged": 7,
    "total_bess_discharge_kwh": 2093742.4630715647,
    "total_bess_charge_kwh": 5801996.792075719,
    "max_motos_peak_period": 27,
    "max_mototaxis_peak_period": 7,
    "max_total_sockets_peak_period": 33,
    "total_ev_charging_peak_kwh": 2959932.9231005535,
    "total_ev_charging_offpeak_kwh": 1695136.4011202306,
    "pct_ev_charging_peak": 63.585152377854634,
    "energy_validation": {
      "total_energy_charged_kwh": 4655069.324220784,
      "benchmark_energy_target_kwh": 408281.5,
      "benchmark_energy_theoretical_kwh": 387841.0,
      "pct_vs_benchmark_real": 1140.1617080913009,
      "pct_vs_benchmark_theoretical": 1200.2519909501018,
      "description": "Validación contra baseline 2024: energía teórica mín (387.8 kWh) vs real cargada durante entrenamiento (408.3 kWh benchmark)"
    }
  },