{
  "timestamp": "2026-02-15T19:30:12.610720",
  "agent": "A2C",
  "project": "pvbesscar",
  "location": "Iquitos, Peru",
  "co2_factor_kg_per_kwh": 0.4521,
  "training": {
    "total_timesteps": 87600,
    "episodes": 10,
    "duration_seconds": 175.31152296066284,
    "speed_steps_per_second": 499.6819291773312,
    "device": "cuda",
    "episodes_completed": 10,
    "hyperparameters": {
      "learning_rate": 0.0003,
      "n_steps": 16,
      "gamma": 0.99,
      "gae_lambda": 0.95,
      "ent_coef": 0.01,
      "vf_coef": 0.5,
      "max_grad_norm": 0.5
    }
  },
  "datasets_oe2": {
    "chargers_path": "data/oe2/chargers/chargers_ev_ano_2024_v3.csv",
    "chargers_sockets": 38,
    "chargers_total_kwh": 2463312.0,
    "bess_path": "data/interim/oe2/bess/bess_hourly_dataset_2024.csv",
    "bess_capacity_kwh": 940.0,
    "solar_path": "data/interim/oe2/solar/pv_generation_citylearn_v2.csv",
    "solar_total_kwh": 8292514.0,
    "mall_path": "data/interim/oe2/demandamallkwh/demandamallhorakwh.csv",
    "mall_total_kwh": 12368653.0
  },
  "validation": {
    "num_episodes": 10,
    "mean_reward": 2999.782232113336,
    "std_reward": 0.0,
    "mean_co2_avoided_kg": 4291719.744415449,
    "mean_solar_kwh": 8292514.130952835,
    "mean_cost_usd": 1363753.25,
    "mean_grid_import_kwh": 4870613.0
  },
  "training_evolution": {
    "episode_rewards": [
      1985.1733204152042,
      2330.93040250428,
      2590.1660327985883,
      2642.3017188943923,
      2734.797551974654,
      2851.276471696794,
      2888.2677347511053,
      2917.3413630351424,
      2905.8035061359406,
      2954.0142770186067
    ],
    "episode_co2_grid": [
      3407771.25,
      2729515.5,
      2245540.75,
      2181888.75,
      2172404.25,
      2190574.5,
      2196082.5,
      2219279.25,
      2279004.5,
      2209666.25
    ],
    "episode_co2_avoided_indirect": [
      4028724.629468918,
      4028724.629468918,
      4028724.629468918,
      4028724.629468918,
      4028724.629468918,
      4028724.629468918,
      4028724.629468918,
      4028724.629468918,
      4028724.629468918,
      4028724.629468918
    ],
    "episode_co2_avoided_direct": [
      123623.44703914905,
      156138.37752164394,
      186462.178479759,
      194037.24369094454,
      211203.49667479945,
      238706.76184490026,
      247026.14118059698,
      252732.409077653,
      251861.96966844134,
      257991.16417693833
    ],
    "episode_solar_kwh": [
      8292514.130952835,
      8292514.130952835,
      8292514.130952835,
      8292514.130952835,
      8292514.130952835,
      8292514.130952835,
      8292514.130952835,
      8292514.130952835,
      8292514.130952835,
      8292514.130952835
    ],
    "episode_ev_charging": [
      286790.3803310394,
      365824.3452129364,
      436067.7625808716,
      453196.8946762085,
      492193.7158584595,
      545463.6034660339,
      562487.9646911621,
      576006.0982131958,
      576423.7444038391,
      591672.9583473206
    ],
    "episode_grid_import": [
      7537655.5,
      6037432.0,
      4966913.5,
      4826129.5,
      4805158.5,
      4845331.5,
      4857532.0,
      4908842.5,
      5040934.0,
      4887559.5
    ],
    "episode_grid_stability": [
      0.1207045167684555,
      0.17676112055778503,
      0.204031839966774,
      0.21124829351902008,
      0.21026547253131866,
      0.2061769664287567,
      0.2050510048866272,
      0.2012833058834076,
      0.19285766780376434,
      0.201930433511734
    ],
    "episode_cost_usd": [
      1130647.25,
      905613.5,
      745035.5,
      723917.75,
      720772.1875,
      726799.3125,
      728629.6875,
      736323.8125,
      756140.3125,
      733133.125
    ],
    "episode_motos_charged": [
      19,
      20,
      22,
      22,
      23,
      24,
      24,
      24,
      25,
      25
    ],
    "episode_mototaxis_charged": [
      8,
      7,
      6,
      6,
      6,
      5,
      5,
      6,
      5,
      6
    ],
    "episode_bess_discharge_kwh": [
      677835.7315369509,
      677835.7315369509,
      677835.7315369509,
      677835.7315369509,
      677835.7315369509,
      677835.7315369509,
      677835.7315369509,
      677835.7315369509,
      677835.7315369509,
      677835.7315369509
    ],
    "episode_bess_charge_kwh": [
      790715.5703739082,
      790715.5703739082,
      790715.5703739082,
      790715.5703739082,
      790715.5703739082,
      790715.5703739082,
      790715.5703739082,
      790715.5703739082,
      790715.5703739082,
      790715.5703739082
    ],
    "episode_avg_socket_setpoint": [
      -0.00039236638622906496,
      0.19551973992410276,
      0.4856861397651658,
      0.5917121926203506,
      0.7208638861392663,
      0.9331668123943077,
      1.0548543860889188,
      1.0893668382849595,
      1.1797629337774835,
      1.3518127834960205
    ],
    "episode_socket_utilization": [
      0.46781122326363855,
      0.5135754626291756,
      0.5702024753664985,
      0.5900714972362413,
      0.6312905551550109,
      0.6883862052391252,
      0.7030221100696948,
      0.7131518865657294,
      0.7168859649122807,
      0.7291997116077866
    ],
    "episode_bess_action_avg": [
      -0.15387691402548423,
      1.0975222162323999,
      2.386532251863447,
      3.5790992302301268,
      3.949813100994994,
      4.26991150428171,
      3.64088004039575,
      2.9298229609722415,
      2.4455499423489178,
      3.3026163525505154
    ]
  },
  "summary_metrics": {
    "total_co2_avoided_indirect_kg": 40287246.29468918,
    "total_co2_avoided_direct_kg": 2119783.1893548258,
    "total_co2_avoided_kg": 42407029.484044,
    "total_cost_usd": 7907012.5,
    "avg_grid_stability": 0.19303105771541595,
    "max_motos_charged": 25,
    "max_mototaxis_charged": 8,
    "total_bess_discharge_kwh": 6778357.315369509,
    "total_bess_charge_kwh": 7907155.703739081
  },
  "control_progress": {
    "avg_socket_setpoint_evolution": [
      -0.00039236638622906496,
      0.19551973992410276,
      0.4856861397651658,
      0.5917121926203506,
      0.7208638861392663,
      0.9331668123943077,
      1.0548543860889188,
      1.0893668382849595,
      1.1797629337774835,
      1.3518127834960205
    ],
    "socket_utilization_evolution": [
      0.46781122326363855,
      0.5135754626291756,
      0.5702024753664985,
      0.5900714972362413,
      0.6312905551550109,
      0.6883862052391252,
      0.7030221100696948,
      0.7131518865657294,
      0.7168859649122807,
      0.7291997116077866
    ],
    "bess_action_evolution": [
      -0.15387691402548423,
      1.0975222162323999,
      2.386532251863447,
      3.5790992302301268,
      3.949813100994994,
      4.26991150428171,
      3.64088004039575,
      2.9298229609722415,
      2.4455499423489178,
      3.3026163525505154
    ],
    "description": "Evolucion del aprendizaje de control por episodio"
  },
  "reward_components_avg": {
    "r_solar": -0.2802457204516565,
    "r_cost": 0.31908140096966536,
    "r_ev": 0.8567442289209868,
    "r_grid": -0.20894578950045858,
    "r_co2": 0.2459701036270623,
    "episode_r_solar": [
      -0.24482694217517742,
      -0.27626601628418324,
      -0.2901255914383524,
      -0.292655331837277,
      -0.28970200639323945,
      -0.2847824115010646,
      -0.2834468263246965,
      -0.28122777176675734,
      -0.2789254349399576,
      -0.28049887185585953
    ],
    "episode_r_cost": [
      0.09243747334093808,
      0.23751465042023898,
      0.35037220828745463,
      0.36490600918798144,
      0.36675019449975393,
      0.36247392791455196,
      0.3612464735905329,
      0.3552870163838613,
      0.34191131215525544,
      0.3579147439160848
    ],