timestamp,power_kw,energy_kwh
2024-01-01 00:00:00,0.0,0.0
2024-01-01 01:00:00,0.0,0.0
2024-01-01 02:00:00,0.0,0.0
2024-01-01 03:00:00,0.0,0.0
2024-01-01 04:00:00,0.0,0.0
2024-01-01 05:00:00,0.0,0.0
2024-01-01 06:00:00,0.0,0.0
2024-01-01 07:00:00,0.0,0.0
2024-01-01 08:00:00,0.0,0.0
2024-01-01 09:00:00,0.0,0.0
2024-01-01 10:00:00,0.1354544351520625,0.1354544351520625
2024-01-01 11:00:00,0.519661948427492,0.519661948427492
2024-01-01 12:00:00,1.015497355417035,1.015497355417035
2024-01-01 13:00:00,1.5820584768729662,1.5820584768729662
2024-01-01 14:00:00,2.1938080170578327,2.1938080170578327
2024-01-01 15:00:00,2.3990109691507686,2.3990109691507686
2024-01-01 16:00:00,3.4248826895562283,3.4248826895562283
2024-01-01 17:00:00,3.4515937367414486,3.4515937367414486
2024-01-01 18:00:00,3.9470406247309273,3.9470406247309273
2024-01-01 19:00:00,4.130226035085759,4.130226035085759
2024-01-01 20:00:00,4.32922423524397,4.32922423524397
2024-01-01 21:00:00,3.4636840060958325,3.4636840060958325
2024-01-01 22:00:00,0.0,0.0
2024-01-01 23:00:00,0.0,0.0
2024-01-02 00:00:00,0.0,0.0
2024-01-02 01:00:00,0.0,0.0
2024-01-02 02:00:00,0.0,0.0
2024-01-02 03:00:00,0.0,0.0
2024-01-02 04:00:00,0.0,0.0
2024-01-02 05:00:00,0.0,0.0
2024-01-02 06:00:00,0.0,0.0
2024-01-02 07:00:00,0.0,0.0
2024-01-02 08:00:00,0.0,0.0
2024-01-02 09:00:00,0.0,0.0
2024-01-02 10:00:00,0.14301038407763864,0.14301038407763864
2024-01-02 11:00:00,0.420550747566723,0.420550747566723
2024-01-02 12:00:00,0.9745367084164333,0.9745367084164333
2024-01-02 13:00:00,1.4055759361421087,1.4055759361421087
2024-01-02 14:00:00,2.269322158585064,2.269322158585064
2024-01-02 15:00:00,2.805348536693969,2.805348536693969
2024-01-02 16:00:00,3.3665384888000998,3.3665384888000998
2024-01-02 17:00:00,3.7648658833739286,3.7648658833739286
2024-01-02 18:00:00,3.754036524934328,3.754036524934328
2024-01-02 19:00:00,3.817285104462462,3.817285104462462
2024-01-02 20:00:00,4.327997282552361,4.327997282552361
2024-01-02 21:00:00,4.36102516310481,4.36102516310481
2024-01-02 22:00:00,0.0,0.0
2024-01-02 23:00:00,0.0,0.0
2024-01-03 00:00:00,0.0,0.0
2024-01-03 01:00:00,0.0,0.0
2024-01-03 02:00:00,0.0,0.0
2024-01-03 03:00:00,0.0,0.0
2024-01-03 04:00:00,0.0,0.0
2024-01-03 05:00:00,0.0,0.0
2024-01-03 06:00:00,0.0,0.0
2024-01-03 07:00:00,0.0,0.0
2024-01-03 08:00:00,0.0,0.0
2024-01-03 09:00:00,0.0,0.0
2024-01-03 10:00:00,0.1283757297973751,0.1283757297973751
2024-01-03 11:00:00,0.4163051435599324,0.4163051435599324
2024-01-03 12:00:00,0.9049179092106355,0.9049179092106355
2024-01-03 13:00:00,1.3916715184094441,1.3916715184094441
2024-01-03 14:00:00,2.0236180426391486,2.0236180426391486
2024-01-03 15:00:00,2.7727755553245976,2.7727755553245976
2024-01-03 16:00:00,3.783167855137233,3.783167855137233
2024-01-03 17:00:00,3.733694865288234,3.733694865288234
2024-01-03 18:00:00,3.646740367358266,3.646740367358266
2024-01-03 19:00:00,4.266130754076451,4.266130754076451
2024-01-03 20:00:00,4.240031313620978,4.240031313620978
2024-01-03 21:00:00,3.748246094060931,3.748246094060931
2024-01-03 22:00:00,0.0,0.0
2024-01-03 23:00:00,0.0,0.0
2024-01-04 00:00:00,0.0,0.0
2024-01-04 01:00:00,0.0,0.0
2024-01-04 02:00:00,0.0,0.0
2024-01-04 03:00:00,0.0,0.0
2024-01-04 04:00:00,0.0,0.0
2024-01-04 05:00:00,0.0,0.0
2024-01-04 06:00:00,0.0,0.0
2024-01-04 07:00:00,0.0,0.0
2024-01-04 08:00:00,0.0,0.0
2024-01-04 09:00:00,0.0,0.0
2024-01-04 10:00:00,0.1095229514502023,0.1095229514502023
2024-01-04 11:00:00,0.5346770426043803,0.5346770426043803
2024-01-04 12:00:00,0.9433407975285268,0.9433407975285268
2024-01-04 13:00:00,1.365353480859601,1.365353480859601
2024-01-04 14:00:00,2.156172494638239,2.156172494638239
2024-01-04 15:00:00,2.2809251606961904,2.2809251606961904
2024-01-04 16:00:00,3.6549361334578503,3.6549361334578503
2024-01-04 17:00:00,3.8011571111777123,3.8011571111777123
2024-01-04 18:00:00,3.302362027760221,3.302362027760221
2024-01-04 19:00:00,3.7280041109027113,3.7280041109027113
2024-01-04 20:00:00,3.4582455195880244,3.4582455195880244
2024-01-04 21:00:00,3.7904220588236823,3.7904220588236823
2024-01-04 22:00:00,0.0,0.0
2024-01-04 23:00:00,0.0,0.0
2024-01-05 00:00:00,0.0,0.0
2024-01-05 01:00:00,0.0,0.0
2024-01-05 02:00:00,0.0,0.0
2024-01-05 03:00:00,0.0,0.0
2024-01-05 04:00:00,0.0,0.0
2024-01-05 05:00:00,0.0,0.0
2024-01-05 06:00:00,0.0,0.0
2024-01-05 07:00:00,0.0,0.0
2024-01-05 08:00:00,0.0,0.0
2024-01-05 09:00:00,0.0,0.0
2024-01-05 10:00:00,0.1222517118234438,0.1222517118234438
2024-01-05 11:00:00,0.3758294893896286,0.3758294893896286
2024-01-05 12:00:00,0.793862719041636,0.793862719041636
2024-01-05 13:00:00,1.4056635090886578,1.4056635090886578
2024-01-05 14:00:00,2.1519602714613555,2.1519602714613555
2024-01-05 15:00:00,2.328999045001652,2.328999045001652
2024-01-05 16:00:00,2.7995440560876643,2.7995440560876643
2024-01-05 17:00:00,2.986737368301414,2.986737368301414
2024-01-05 18:00:00,3.3733653258408385,3.3733653258408385
2024-01-05 19:00:00,3.853424435932432,3.853424435932432
2024-01-05 20:00:00,3.466035366811263,3.466035366811263
2024-01-05 21:00:00,3.9097429014814207,3.9097429014814207
2024-01-05 22:00:00,0.0,0.0
2024-01-05 23:00:00,0.0,0.0
2024-01-06 00:00:00,0.0,0.0
2024-01-06 01:00:00,0.0,0.0
2024-01-06 02:00:00,0.0,0.0
2024-01-06 03:00:00,0.0,0.0
2024-01-06 04:00:00,0.0,0.0
2024-01-06 05:00:00,0.0,0.0
2024-01-06 06:00:00,0.0,0.0
2024-01-06 07:00:00,0.0,0.0
2024-01-06 08:00:00,0.0,0.0
2024-01-06 09:00:00,0.0,0.0
2024-01-06 10:00:00,0.08154993771389642,0.08154993771389642
2024-01-06 11:00:00,0.3397700704128126,0.3397700704128126
2024-01-06 12:00:00,0.5969263291728726,0.5969263291728726
2024-01-06 13:00:00,0.8819895595894642,0.8819895595894642
2024-01-06 14:00:00,1.5901085524972465,1.5901085524972465
2024-01-06 15:00:00,1.671687416714442,1.671687416714442
2024-01-06 16:00:00,1.9788737486949208,1.9788737486949208
2024-01-06 17:00:00,2.070855989228798,2.070855989228798
2024-01-06 18:00:00,2.0774976343622042,2.0774976343622042
2024-01-06 19:00:00,2.676855550460534,2.676855550460534
2024-01-06 20:00:00,2.613173571254265,2.613173571254265
2024-01-06 21:00:00,2.4551841125510077,2.4551841125510077
2024-01-06 22:00:00,0.0,0.0
2024-01-06 23:00:00,0.0,0.0
2024-01-07 00:00:00,0.0,0.0
2024-01-07 01:00:00,0.0,0.0
2024-01-07 02:00:00,0.0,0.0
2024-01-07 03:00:00,0.0,0.0
2024-01-07 04:00:00,0.0,0.0
2024-01-07 05:00:00,0.0,0.0
2024-01-07 06:00:00,0.0,0.0
2024-01-07 07:00:00,0.0,0.0
2024-01-07 08:00:00,0.0,0.0
2024-01-07 09:00:00,0.0,0.0
2024-01-07 10:00:00,0.10128145382606783,0.10128145382606783
2024-01-07 11:00:00,0.34149235117905347,0.34149235117905347
2024-01-07 12:00:00,0.5987720002532635,0.5987720002532635
2024-01-07 13:00:00,1.1066775527494932,1.1066775527494932
2024-01-07 14:00:00,1.6090888615403343,1.6090888615403343
2024-01-07 15:00:00,1.8706327370720608,1.8706327370720608
2024-01-07 16:00:00,2.1569845434610464,2.1569845434610464
2024-01-07 17:00:00,2.670551664573904,2.670551664573904
2024-01-07 18:00:00,2.667606649633198,2.667606649633198
2024-01-07 19:00:00,2.598582016211976,2.598582016211976
2024-01-07 20:00:00,2.4160066418621438,2.4160066418621438
2024-01-07 21:00:00,2.3881042637384344,2.3881042637384344
2024-01-07 22:00:00,0.0,0.0
2024-01-07 23:00:00,0.0,0.0
2024-01-08 00:00:00,0.0,0.0
2024-01-08 01:00:00,0.0,0.0
2024-01-08 02:00:00,0.0,0.0
2024-01-08 03:00:00,0.0,0.0
2024-01-08 04:00:00,0.0,0.0
2024-01-08 05:00:00,0.0,0.0
2024-01-08 06:00:00,0.0,0.0
2024-01-08 07:00:00,0.0,0.0
2024-01-08 08:00:00,0.0,0.0
2024-01-08 09:00:00,0.0,0.0
2024-01-08 10:00:00,0.10232624849192601,0.10232624849192601
2024-01-08 11:00:00,0.4591843423386634,0.4591843423386634
2024-01-08 12:00:00,0.8584017549639589,0.8584017549639589
2024-01-08 13:00:00,1.3909692201697395,1.3909692201697395
2024-01-08 14:00:00,2.337169737301658,2.337169737301658
2024-01-08 15:00:00,2.1868136864965133,2.1868136864965133
2024-01-08 16:00:00,3.3997399298215387,3.3997399298215387
2024-01-08 17:00:00,3.6673688990739506,3.6673688990739506
2024-01-08 18:00:00,3.4086542465178713,3.4086542465178713
2024-01-08 19:00:00,3.2425071870757,3.2425071870757
2024-01-08 20:00:00,3.1635702530961627,3.1635702530961627
2024-01-08 21:00:00,3.7326779276905206,3.7326779276905206
2024-01-08 22:00:00,0.0,0.0
2024-01-08 23:00:00,0.0,0.0
2024-01-09 00:00:00,0.0,0.0
2024-01-09 01:00:00,0.0,0.0
2024-01-09 02:00:00,0.0,0.0
2024-01-09 03:00:00,0.0,0.0
2024-01-09 04:00:00,0.0,0.0
2024-01-09 05:00:00,0.0,0.0
2024-01-09 06:00:00,0.0,0.0
2024-01-09 07:00:00,0.0,0.0
2024-01-09 08:00:00,0.0,0.0
2024-01-09 09:00:00,0.0,0.0
2024-01-09 10:00:00,0.1276398523723654,0.1276398523723654
2024-01-09 11:00:00,0.5465616040012795,0.5465616040012795
2024-01-09 12:00:00,0.909005577373868,0.909005577373868
2024-01-09 13:00:00,1.3174324293074062,1.3174324293074062
2024-01-09 14:00:00,2.1060582980104194,2.1060582980104194
2024-01-09 15:00:00,2.523664829274804,2.523664829274804
2024-01-09 16:00:00,3.4037724053710683,3.4037724053710683
2024-01-09 17:00:00,3.706044174944945,3.706044174944945
2024-01-09 18:00:00,3.6525313768187333,3.6525313768187333
2024-01-09 19:00:00,3.7104455576449844,3.7104455576449844
2024-01-09 20:00:00,3.893366497998265,3.893366497998265
2024-01-09 21:00:00,4.168260419944031,4.168260419944031
2024-01-09 22:00:00,0.0,0.0
2024-01-09 23:00:00,0.0,0.0
2024-01-10 00:00:00,0.0,0.0
2024-01-10 01:00:00,0.0,0.0
2024-01-10 02:00:00,0.0,0.0
2024-01-10 03:00:00,0.0,0.0
2024-01-10 04:00:00,0.0,0.0
2024-01-10 05:00:00,0.0,0.0
2024-01-10 06:00:00,0.0,0.0
2024-01-10 07:00:00,0.0,0.0
2024-01-10 08:00:00,0.0,0.0
2024-01-10 09:00:00,0.0,0.0
2024-01-10 10:00:00,0.12208274134388956,0.12208274134388956
2024-01-10 11:00:00,0.46807939015028444,0.46807939015028444
2024-01-10 12:00:00,0.7467738294084247,0.7467738294084247
2024-01-10 13:00:00,1.3488814132783102,1.3488814132783102
2024-01-10 14:00:00,1.8682973139352523,1.8682973139352523
2024-01-10 15:00:00,2.3316894491565217,2.3316894491565217
2024-01-10 16:00:00,3.4041094464436807,3.4041094464436807
2024-01-10 17:00:00,3.4674561466303597,3.4674561466303597
2024-01-10 18:00:00,2.942265959126692,2.942265959126692
2024-01-10 19:00:00,3.695144156501622,3.695144156501622
2024-01-10 20:00:00,3.427566525635404,3.427566525635404
2024-01-10 21:00:00,3.5996998271549323,3.5996998271549323
2024-01-10 22:00:00,0.0,0.0
2024-01-10 23:00:00,0.0,0.0
2024-01-11 00:00:00,0.0,0.0
2024-01-11 01:00:00,0.0,0.0
2024-01-11 02:00:00,0.0,0.0
2024-01-11 03:00:00,0.0,0.0
2024-01-11 04:00:00,0.0,0.0
2024-01-11 05:00:00,0.0,0.0
2024-01-11 06:00:00,0.0,0.0
2024-01-11 07:00:00,0.0,0.0
2024-01-11 08:00:00,0.0,0.0
2024-01-11 09:00:00,0.0,0.0
2024-01-11 10:00:00,0.13720398995519115,0.13720398995519115
2024-01-11 11:00:00,0.5069144346101746,0.5069144346101746
2024-01-11 12:00:00,0.7564270240216077,0.7564270240216077
2024-01-11 13:00:00,1.2289113732492385,1.2289113732492385
2024-01-11 14:00:00,2.55110498672177,2.55110498672177
2024-01-11 15:00:00,2.798261040736182,2.798261040736182
2024-01-11 16:00:00,2.9497862873789242,2.9497862873789242
2024-01-11 17:00:00,3.4372828984231587,3.4372828984231587
2024-01-11 18:00:00,3.3995215374679386,3.3995215374679386
2024-01-11 19:00:00,3.634344522294408,3.634344522294408
2024-01-11 20:00:00,4.178422275382679,4.178422275382679
2024-01-11 21:00:00,4.041837332234918,4.041837332234918
2024-01-11 22:00:00,0.0,0.0
2024-01-11 23:00:00,0.0,0.0
2024-01-12 00:00:00,0.0,0.0
2024-01-12 01:00:00,0.0,0.0
2024-01-12 02:00:00,0.0,0.0
2024-01-12 03:00:00,0.0,0.0
2024-01-12 04:00:00,0.0,0.0
2024-01-12 05:00:00,0.0,0.0
2024-01-12 06:00:00,0.0,0.0
2024-01-12 07:00:00,0.0,0.0
2024-01-12 08:00:00,0.0,0.0
2024-01-12 09:00:00,0.0,0.0
2024-01-12 10:00:00,0.11574347999620568,0.11574347999620568
2024-01-12 11:00:00,0.48691558123106493,0.48691558123106493
2024-01-12 12:00:00,0.86103226994652,0.86103226994652
2024-01-12 13:00:00,1.297351481031756,1.297351481031756
2024-01-12 14:00:00,2.243131899148246,2.243131899148246
2024-01-12 15:00:00,2.370269043813685,2.370269043813685
2024-01-12 16:00:00,3.238537555043999,3.238537555043999
2024-01-12 17:00:00,3.7469385464212324,3.7469385464212324
2024-01-12 18:00:00,3.5268552232695978,3.5268552232695978
2024-01-12 19:00:00,3.2434877137331766,3.2434877137331766
2024-01-12 20:00:00,3.6911729485682,3.6911729485682
2024-01-12 21:00:00,3.2696950903244275,3.2696950903244275
2024-01-12 22:00:00,0.0,0.0
2024-01-12 23:00:00,0.0,0.0
2024-01-13 00:00:00,0.0,0.0
2024-01-13 01:00:00,0.0,0.0
2024-01-13 02:00:00,0.0,0.0
2024-01-13 03:00:00,0.0,0.0
2024-01-13 04:00:00,0.0,0.0
2024-01-13 05:00:00,0.0,0.0
2024-01-13 06:00:00,0.0,0.0
2024-01-13 07:00:00,0.0,0.0
2024-01-13 08:00:00,0.0,0.0
2024-01-13 09:00:00,0.0,0.0
2024-01-13 10:00:00,0.08830996760009382,0.08830996760009382
2024-01-13 11:00:00,0.37731618744672946,0.37731618744672946
2024-01-13 12:00:00,0.5537826911984668,0.5537826911984668
2024-01-13 13:00:00,1.108341640167415,1.108341640167415
2024-01-13 14:00:00,1.488114580443814,1.488114580443814
2024-01-13 15:00:00,1.940262799268978,1.940262799268978
2024-01-13 16:00:00,2.1721757812677525,2.1721757812677525
2024-01-13 17:00:00,2.4245568376615054,2.4245568376615054
2024-01-13 18:00:00,2.542621563171196,2.542621563171196
2024-01-13 19:00:00,2.3929127813342097,2.3929127813342097
2024-01-13 20:00:00,2.484219426487297,2.484219426487297
2024-01-13 21:00:00,2.5213295068947956,2.5213295068947956
2024-01-13 22:00:00,0.0,0.0
2024-01-13 23:00:00,0.0,0.0
2024-01-14 00:00:00,0.0,0.0
2024-01-14 01:00:00,0.0,0.0
2024-01-14 02:00:00,0.0,0.0
2024-01-14 03:00:00,0.0,0.0
2024-01-14 04:00:00,0.0,0.0
2024-01-14 05:00:00,0.0,0.0
2024-01-14 06:00:00,0.0,0.0
2024-01-14 07:00:00,0.0,0.0
2024-01-14 08:00:00,0.0,0.0
2024-01-14 09:00:00,0.0,0.0
2024-01-14 10:00:00,0.06959625533422914,0.06959625533422914
2024-01-14 11:00:00,0.27238944257666475,0.27238944257666475
2024-01-14 12:00:00,0.6499748759054272,0.6499748759054272
2024-01-14 13:00:00,0.9722612086467034,0.9722612086467034
2024-01-14 14:00:00,1.517347370717918,1.517347370717918
2024-01-14 15:00:00,1.7357673773860631,1.7357673773860631
2024-01-14 16:00:00,2.0952144557368673,2.0952144557368673
2024-01-14 17:00:00,2.2422615296882693,2.2422615296882693
2024-01-14 18:00:00,1.9144438468638107,1.9144438468638107
2024-01-14 19:00:00,2.510571317312238,2.510571317312238
2024-01-14 20:00:00,2.30984667528236,2.30984667528236
2024-01-14 21:00:00,2.6642821324747668,2.6642821324747668
2024-01-14 22:00:00,0.0,0.0
2024-01-14 23:00:00,0.0,0.0
2024-01-15 00:00:00,0.0,0.0
2024-01-15 01:00:00,0.0,0.0
2024-01-15 02:00:00,0.0,0.0
2024-01-15 03:00:00,0.0,0.0
2024-01-15 04:00:00,0.0,0.0
2024-01-15 05:00:00,0.0,0.0
2024-01-15 06:00:00,0.0,0.0
2024-01-15 07:00:00,0.0,0.0
2024-01-15 08:00:00,0.0,0.0
2024-01-15 09:00:00,0.0,0.0
2024-01-15 10:00:00,0.10268214060888528,0.10268214060888528
2024-01-15 11:00:00,0.4478192682653143,0.4478192682653143
2024-01-15 12:00:00,0.7989420934785263,0.7989420934785263
2024-01-15 13:00:00,1.2893918465411143,1.2893918465411143
2024-01-15 14:00:00,2.1059082640412647,2.1059082640412647
2024-01-15 15:00:00,2.62006456253341,2.62006456253341
2024-01-15 16:00:00,3.2337812417896585,3.2337812417896585
2024-01-15 17:00:00,3.250737825337554,3.250737825337554
2024-01-15 18:00:00,2.7196474285600485,2.7196474285600485
2024-01-15 19:00:00,3.546440239294567,3.546440239294567
2024-01-15 20:00:00,3.2814397700737494,3.2814397700737494
2024-01-15 21:00:00,3.6152704557273565,3.6152704557273565
2024-01-15 22:00:00,0.0,0.0
2024-01-15 23:00:00,0.0,0.0
2024-01-16 00:00:00,0.0,0.0
2024-01-16 01:00:00,0.0,0.0
2024-01-16 02:00:00,0.0,0.0
2024-01-16 03:00:00,0.0,0.0
2024-01-16 04:00:00,0.0,0.0
2024-01-16 05:00:00,0.0,0.0
2024-01-16 06:00:00,0.0,0.0
2024-01-16 07:00:00,0.0,0.0
2024-01-16 08:00:00,0.0,0.0
2024-01-16 09:00:00,0.0,0.0
2024-01-16 10:00:00,0.12545331279259764,0.12545331279259764
2024-01-16 11:00:00,0.3764397523160385,0.3764397523160385
2024-01-16 12:00:00,0.8459748177116516,0.8459748177116516
2024-01-16 13:00:00,1.1751314460460835,1.1751314460460835
2024-01-16 14:00:00,2.215356869972027,2.215356869972027
2024-01-16 15:00:00,2.398465731504985,2.398465731504985
2024-01-16 16:00:00,3.3220311323842378,3.3220311323842378
2024-01-16 17:00:00,3.6794031266791793,3.6794031266791793
2024-01-16 18:00:00,2.844379355364411,2.844379355364411
2024-01-16 19:00:00,3.4374642523358605,3.4374642523358605
2024-01-16 20:00:00,3.501931096826003,3.501931096826003
2024-01-16 21:00:00,3.3527486911927267,3.3527486911927267
2024-01-16 22:00:00,0.0,0.0
2024-01-16 23:00:00,0.0,0.0
2024-01-17 00:00:00,0.0,0.0
2024-01-17 01:00:00,0.0,0.0
2024-01-17 02:00:00,0.0,0.0
2024-01-17 03:00:00,0.0,0.0
2024-01-17 04:00:00,0.0,0.0
2024-01-17 05:00:00,0.0,0.0
2024-01-17 06:00:00,0.0,0.0
2024-01-17 07:00:00,0.0,0.0
2024-01-17 08:00:00,0.0,0.0
2024-01-17 09:00:00,0.0,0.0
2024-01-17 10:00:00,0.10970823045994828,0.10970823045994828
2024-01-17 11:00:00,0.4821105429006898,0.4821105429006898
2024-01-17 12:00:00,0.740722369583881,0.740722369583881
2024-01-17 13:00:00,1.304127834863066,1.304127834863066
2024-01-17 14:00:00,1.9350654984466893,1.9350654984466893
2024-01-17 15:00:00,2.609327686193041,2.609327686193041
2024-01-17 16:00:00,2.8844578449369527,2.8844578449369527
2024-01-17 17:00:00,3.584052142192919,3.584052142192919
2024-01-17 18:00:00,3.680497654651078,3.680497654651078
2024-01-17 19:00:00,3.820367830948134,3.820367830948134
2024-01-17 20:00:00,3.1382747281200998,3.1382747281200998
2024-01-17 21:00:00,3.5160382809736137,3.5160382809736137
2024-01-17 22:00:00,0.0,0.0
2024-01-17 23:00:00,0.0,0.0
2024-01-18 00:00:00,0.0,0.0
2024-01-18 01:00:00,0.0,0.0
2024-01-18 02:00:00,0.0,0.0
2024-01-18 03:00:00,0.0,0.0
2024-01-18 04:00:00,0.0,0.0
2024-01-18 05:00:00,0.0,0.0
2024-01-18 06:00:00,0.0,0.0
2024-01-18 07:00:00,0.0,0.0
2024-01-18 08:00:00,0.0,0.0
2024-01-18 09:00:00,0.0,0.0
2024-01-18 10:00:00,0.12400260110931556,0.12400260110931556
2024-01-18 11:00:00,0.4727300730107524,0.4727300730107524
2024-01-18 12:00:00,0.8110841571391626,0.8110841571391626
2024-01-18 13:00:00,1.2331836955514526,1.2331836955514526
2024-01-18 14:00:00,2.047893289503155,2.047893289503155
2024-01-18 15:00:00,2.6517912595066906,2.6517912595066906
2024-01-18 16:00:00,3.600648421793831,3.600648421793831
2024-01-18 17:00:00,3.9109108939863533,3.9109108939863533
2024-01-18 18:00:00,3.2864154695061196,3.2864154695061196
2024-01-18 19:00:00,3.3781271566717535,3.3781271566717535
2024-01-18 20:00:00,3.7511901402844816,3.7511901402844816
2024-01-18 21:00:00,3.1283336431593742,3.1283336431593742
2024-01-18 22:00:00,0.0,0.0
2024-01-18 23:00:00,0.0,0.0
2024-01-19 00:00:00,0.0,0.0
2024-01-19 01:00:00,0.0,0.0
2024-01-19 02:00:00,0.0,0.0
2024-01-19 03:00:00,0.0,0.0
2024-01-19 04:00:00,0.0,0.0
2024-01-19 05:00:00,0.0,0.0
2024-01-19 06:00:00,0.0,0.0
2024-01-19 07:00:00,0.0,0.0
2024-01-19 08:00:00,0.0,0.0
2024-01-19 09:00:00,0.0,0.0
2024-01-19 10:00:00,0.10466498910416595,0.10466498910416595
2024-01-19 11:00:00,0.47250263685216076,0.47250263685216076
2024-01-19 12:00:00,0.9468882667805086,0.9468882667805086
2024-01-19 13:00:00,1.2806022986114947,1.2806022986114947
2024-01-19 14:00:00,2.103893976727582,2.103893976727582
2024-01-19 15:00:00,2.9450008389972013,2.9450008389972013
2024-01-19 16:00:00,3.0305630149901486,3.0305630149901486
2024-01-19 17:00:00,4.308363315717304,4.308363315717304
2024-01-19 18:00:00,3.5023134166448373,3.5023134166448373
2024-01-19 19:00:00,3.9737025891689997,3.9737025891689997
2024-01-19 20:00:00,4.233293464281422,4.233293464281422
2024-01-19 21:00:00,4.254503522261377,4.254503522261377
2024-01-19 22:00:00,0.0,0.0
2024-01-19 23:00:00,0.0,0.0
2024-01-20 00:00:00,0.0,0.0
2024-01-20 01:00:00,0.0,0.0
2024-01-20 02:00:00,0.0,0.0
2024-01-20 03:00:00,0.0,0.0
2024-01-20 04:00:00,0.0,0.0
2024-01-20 05:00:00,0.0,0.0
2024-01-20 06:00:00,0.0,0.0
2024-01-20 07:00:00,0.0,0.0
2024-01-20 08:00:00,0.0,0.0
2024-01-20 09:00:00,0.0,0.0
2024-01-20 10:00:00,0.09921305330299991,0.09921305330299991
2024-01-20 11:00:00,0.3273878012357703,0.3273878012357703
2024-01-20 12:00:00,0.5940288072715276,0.5940288072715276
2024-01-20 13:00:00,1.0486033378721524,1.0486033378721524
2024-01-20 14:00:00,1.7099187678736276,1.7099187678736276
2024-01-20 15:00:00,1.6160609972982254,1.6160609972982254
2024-01-20 16:00:00,2.425112363509475,2.425112363509475
2024-01-20 17:00:00,3.0071899389351233,3.0071899389351233
2024-01-20 18:00:00,2.5186011433173454,2.5186011433173454
2024-01-20 19:00:00,2.3692490652152305,2.3692490652152305
2024-01-20 20:00:00,2.4976990013310396,2.4976990013310396
2024-01-20 21:00:00,2.387372096882454,2.387372096882454
2024-01-20 22:00:00,0.0,0.0
2024-01-20 23:00:00,0.0,0.0
2024-01-21 00:00:00,0.0,0.0
2024-01-21 01:00:00,0.0,0.0
2024-01-21 02:00:00,0.0,0.0
2024-01-21 03:00:00,0.0,0.0
2024-01-21 04:00:00,0.0,0.0
2024-01-21 05:00:00,0.0,0.0
2024-01-21 06:00:00,0.0,0.0
2024-01-21 07:00:00,0.0,0.0
2024-01-21 08:00:00,0.0,0.0
2024-01-21 09:00:00,0.0,0.0
2024-01-21 10:00:00,0.09001190743188782,0.09001190743188782
2024-01-21 11:00:00,0.3617767403343291,0.3617767403343291
2024-01-21 12:00:00,0.5627386526054292,0.5627386526054292
2024-01-21 13:00:00,1.0813086427530327,1.0813086427530327
2024-01-21 14:00:00,1.6096982616292044,1.6096982616292044
2024-01-21 15:00:00,1.5479794580656536,1.5479794580656536
2024-01-21 16:00:00,2.3788814016969027,2.3788814016969027
2024-01-21 17:00:00,2.230050370006065,2.230050370006065
2024-01-21 18:00:00,2.3217967847497065,2.3217967847497065
2024-01-21 19:00:00,2.2285770423400266,2.2285770423400266
2024-01-21 20:00:00,2.1844135997457803,2.1844135997457803
2024-01-21 21:00:00,2.9340342833153947,2.9340342833153947
2024-01-21 22:00:00,0.0,0.0
2024-01-21 23:00:00,0.0,0.0
2024-01-22 00:00:00,0.0,0.0
2024-01-22 01:00:00,0.0,0.0
2024-01-22 02:00:00,0.0,0.0
2024-01-22 03:00:00,0.0,0.0
2024-01-22 04:00:00,0.0,0.0
2024-01-22 05:00:00,0.0,0.0
2024-01-22 06:00:00,0.0,0.0
2024-01-22 07:00:00,0.0,0.0
2024-01-22 08:00:00,0.0,0.0
2024-01-22 09:00:00,0.0,0.0
2024-01-22 10:00:00,0.11488156549611353,0.11488156549611353
2024-01-22 11:00:00,0.42289565735676676,0.42289565735676676
2024-01-22 12:00:00,0.7902364641576238,0.7902364641576238
2024-01-22 13:00:00,1.2415467464623913,1.2415467464623913
2024-01-22 14:00:00,2.579831374847733,2.579831374847733
2024-01-22 15:00:00,2.7879027015878033,2.7879027015878033
2024-01-22 16:00:00,3.4842604503835832,3.4842604503835832
2024-01-22 17:00:00,4.052178052322833,4.052178052322833
2024-01-22 18:00:00,3.6695718185322392,3.6695718185322392
2024-01-22 19:00:00,3.8704961028058245,3.8704961028058245
2024-01-22 20:00:00,4.143210018675379,4.143210018675379
2024-01-22 21:00:00,4.009815820401986,4.009815820401986
2024-01-22 22:00:00,0.0,0.0
2024-01-22 23:00:00,0.0,0.0
2024-01-23 00:00:00,0.0,0.0
2024-01-23 01:00:00,0.0,0.0
2024-01-23 02:00:00,0.0,0.0
2024-01-23 03:00:00,0.0,0.0
2024-01-23 04:00:00,0.0,0.0
2024-01-23 05:00:00,0.0,0.0
2024-01-23 06:00:00,0.0,0.0
2024-01-23 07:00:00,0.0,0.0
2024-01-23 08:00:00,0.0,0.0
2024-01-23 09:00:00,0.0,0.0
2024-01-23 10:00:00,0.10477163367139217,0.10477163367139217
2024-01-23 11:00:00,0.4849770967345498,0.4849770967345498
2024-01-23 12:00:00,0.7389720143533199,0.7389720143533199
2024-01-23 13:00:00,1.1886624942691193,1.1886624942691193
2024-01-23 14:00:00,1.7996608396211324,1.7996608396211324
2024-01-23 15:00:00,2.5073518230003633,2.5073518230003633
2024-01-23 16:00:00,3.076774118553159,3.076774118553159
2024-01-23 17:00:00,2.985626119909935,2.985626119909935
2024-01-23 18:00:00,3.294613687242357,3.294613687242357
2024-01-23 19:00:00,3.6594612438018577,3.6594612438018577
2024-01-23 20:00:00,3.325628338975208,3.325628338975208
2024-01-23 21:00:00,3.0599761737145528,3.0599761737145528
2024-01-23 22:00:00,0.0,0.0
2024-01-23 23:00:00,0.0,0.0
2024-01-24 00:00:00,0.0,0.0
2024-01-24 01:00:00,0.0,0.0
2024-01-24 02:00:00,0.0,0.0
2024-01-24 03:00:00,0.0,0.0
2024-01-24 04:00:00,0.0,0.0
2024-01-24 05:00:00,0.0,0.0
2024-01-24 06:00:00,0.0,0.0
2024-01-24 07:00:00,0.0,0.0
2024-01-24 08:00:00,0.0,0.0
2024-01-24 09:00:00,0.0,0.0
2024-01-24 10:00:00,0.11047771885881269,0.11047771885881269
2024-01-24 11:00:00,0.547960171446081,0.547960171446081
2024-01-24 12:00:00,0.977867238693317,0.977867238693317
2024-01-24 13:00:00,1.6556626165768182,1.6556626165768182
2024-01-24 14:00:00,2.4891767183867373,2.4891767183867373
2024-01-24 15:00:00,2.7965974482448517,2.7965974482448517
2024-01-24 16:00:00,3.805844696053418,3.805844696053418
2024-01-24 17:00:00,3.8609721970160797,3.8609721970160797
2024-01-24 18:00:00,3.3915389612958333,3.3915389612958333
2024-01-24 19:00:00,4.4498032202321225,4.4498032202321225
2024-01-24 20:00:00,3.6137333255349593,3.6137333255349593
2024-01-24 21:00:00,3.6364057248217714,3.6364057248217714
2024-01-24 22:00:00,0.0,0.0
2024-01-24 23:00:00,0.0,0.0
2024-01-25 00:00:00,0.0,0.0
2024-01-25 01:00:00,0.0,0.0
2024-01-25 02:00:00,0.0,0.0
2024-01-25 03:00:00,0.0,0.0
2024-01-25 04:00:00,0.0,0.0
2024-01-25 05:00:00,0.0,0.0
2024-01-25 06:00:00,0.0,0.0
2024-01-25 07:00:00,0.0,0.0
2024-01-25 08:00:00,0.0,0.0
2024-01-25 09:00:00,0.0,0.0
2024-01-25 10:00:00,0.12924480257581988,0.12924480257581988
2024-01-25 11:00:00,0.42822947291103225,0.42822947291103225
2024-01-25 12:00:00,0.7430218558321754,0.7430218558321754
2024-01-25 13:00:00,1.334177183770361,1.334177183770361
2024-01-25 14:00:00,2.3856445010906926,2.3856445010906926
2024-01-25 15:00:00,2.4651701012168625,2.4651701012168625
2024-01-25 16:00:00,3.2118428800225027,3.2118428800225027
2024-01-25 17:00:00,3.447404160360254,3.447404160360254
2024-01-25 18:00:00,3.6982321234903925,3.6982321234903925
2024-01-25 19:00:00,3.5643525802877076,3.5643525802877076
2024-01-25 20:00:00,4.0973254253567575,4.0973254253567575
2024-01-25 21:00:00,3.713943611994626,3.713943611994626
2024-01-25 22:00:00,0.0,0.0
2024-01-25 23:00:00,0.0,0.0
2024-01-26 00:00:00,0.0,0.0
2024-01-26 01:00:00,0.0,0.0
2024-01-26 02:00:00,0.0,0.0
2024-01-26 03:00:00,0.0,0.0
2024-01-26 04:00:00,0.0,0.0
2024-01-26 05:00:00,0.0,0.0
2024-01-26 06:00:00,0.0,0.0
2024-01-26 07:00:00,0.0,0.0
2024-01-26 08:00:00,0.0,0.0
2024-01-26 09:00:00,0.0,0.0
2024-01-26 10:00:00,0.09241972303305342,0.09241972303305342
2024-01-26 11:00:00,0.43949535061321066,0.43949535061321066
2024-01-26 12:00:00,0.827704709080805,0.827704709080805
2024-01-26 13:00:00,1.313435964760018,1.313435964760018
2024-01-26 14:00:00,1.8659095164094581,1.8659095164094581
2024-01-26 15:00:00,2.2375244860753964,2.2375244860753964
2024-01-26 16:00:00,3.1177344216226333,3.1177344216226333
2024-01-26 17:00:00,2.9737845802812743,2.9737845802812743
2024-01-26 18:00:00,2.708542578881532,2.708542578881532
2024-01-26 19:00:00,3.4836223894063543,3.4836223894063543
2024-01-26 20:00:00,2.941416478809107,2.941416478809107
2024-01-26 21:00:00,3.4500471264478763,3.4500471264478763
2024-01-26 22:00:00,0.0,0.0
2024-01-26 23:00:00,0.0,0.0
2024-01-27 00:00:00,0.0,0.0
2024-01-27 01:00:00,0.0,0.0
2024-01-27 02:00:00,0.0,0.0
2024-01-27 03:00:00,0.0,0.0
2024-01-27 04:00:00,0.0,0.0
2024-01-27 05:00:00,0.0,0.0
2024-01-27 06:00:00,0.0,0.0
2024-01-27 07:00:00,0.0,0.0
2024-01-27 08:00:00,0.0,0.0
2024-01-27 09:00:00,0.0,0.0
2024-01-27 10:00:00,0.09470171844536958,0.09470171844536958
2024-01-27 11:00:00,0.3402843308562773,0.3402843308562773
2024-01-27 12:00:00,0.6723454080732526,0.6723454080732526
2024-01-27 13:00:00,1.033895821059426,1.033895821059426
2024-01-27 14:00:00,1.6897311251898712,1.6897311251898712
2024-01-27 15:00:00,1.670305136667552,1.670305136667552
2024-01-27 16:00:00,2.0971000773798107,2.0971000773798107
2024-01-27 17:00:00,2.8054895632938743,2.8054895632938743
2024-01-27 18:00:00,2.2085089141046654,2.2085089141046654
2024-01-27 19:00:00,2.381214192591901,2.381214192591901
2024-01-27 20:00:00,2.611024275139902,2.611024275139902
2024-01-27 21:00:00,2.25711316680308,2.25711316680308
2024-01-27 22:00:00,0.0,0.0
2024-01-27 23:00:00,0.0,0.0
2024-01-28 00:00:00,0.0,0.0
2024-01-28 01:00:00,0.0,0.0
2024-01-28 02:00:00,0.0,0.0
2024-01-28 03:00:00,0.0,0.0
2024-01-28 04:00:00,0.0,0.0
2024-01-28 05:00:00,0.0,0.0
2024-01-28 06:00:00,0.0,0.0
2024-01-28 07:00:00,0.0,0.0
2024-01-28 08:00:00,0.0,0.0
2024-01-28 09:00:00,0.0,0.0
2024-01-28 10:00:00,0.06844615043640359,0.06844615043640359
2024-01-28 11:00:00,0.2745989158708311,0.2745989158708311
2024-01-28 12:00:00,0.6225710438636827,0.6225710438636827
2024-01-28 13:00:00,0.8851598514730975,0.8851598514730975
2024-01-28 14:00:00,1.4746049094240279,1.4746049094240279
2024-01-28 15:00:00,1.5665768242138693,1.5665768242138693
2024-01-28 16:00:00,1.9529285522117557,1.9529285522117557
2024-01-28 17:00:00,2.4371888405716784,2.4371888405716784
2024-01-28 18:00:00,1.8958023071888808,1.8958023071888808
2024-01-28 19:00:00,2.697130155983823,2.697130155983823
2024-01-28 20:00:00,2.4100653105394665,2.4100653105394665
2024-01-28 21:00:00,2.311715942809392,2.311715942809392
2024-01-28 22:00:00,0.0,0.0
2024-01-28 23:00:00,0.0,0.0
2024-01-29 00:00:00,0.0,0.0
2024-01-29 01:00:00,0.0,0.0
2024-01-29 02:00:00,0.0,0.0
2024-01-29 03:00:00,0.0,0.0
2024-01-29 04:00:00,0.0,0.0
2024-01-29 05:00:00,0.0,0.0
2024-01-29 06:00:00,0.0,0.0
2024-01-29 07:00:00,0.0,0.0
2024-01-29 08:00:00,0.0,0.0
2024-01-29 09:00:00,0.0,0.0
2024-01-29 10:00:00,0.1274694118001548,0.1274694118001548
2024-01-29 11:00:00,0.4769347684609518,0.4769347684609518
2024-01-29 12:00:00,0.7997883861305047,0.7997883861305047
2024-01-29 13:00:00,1.3023731927667115,1.3023731927667115
2024-01-29 14:00:00,2.289249790258986,2.289249790258986
2024-01-29 15:00:00,2.1483284215391047,2.1483284215391047
2024-01-29 16:00:00,2.8824950523279615,2.8824950523279615
2024-01-29 17:00:00,3.1207979890927726,3.1207979890927726
2024-01-29 18:00:00,3.3887042631896978,3.3887042631896978
2024-01-29 19:00:00,3.63795525809936,3.63795525809936
2024-01-29 20:00:00,3.7256925404130916,3.7256925404130916
2024-01-29 21:00:00,3.6763193702347623,3.6763193702347623
2024-01-29 22:00:00,0.0,0.0
2024-01-29 23:00:00,0.0,0.0
2024-01-30 00:00:00,0.0,0.0
2024-01-30 01:00:00,0.0,0.0
2024-01-30 02:00:00,0.0,0.0
2024-01-30 03:00:00,0.0,0.0
2024-01-30 04:00:00,0.0,0.0
2024-01-30 05:00:00,0.0,0.0
2024-01-30 06:00:00,0.0,0.0
2024-01-30 07:00:00,0.0,0.0
2024-01-30 08:00:00,0.0,0.0
2024-01-30 09:00:00,0.0,0.0
2024-01-30 10:00:00,0.1296325617164054,0.1296325617164054
2024-01-30 11:00:00,0.49478620104225857,0.49478620104225857
2024-01-30 12:00:00,0.9859878698944042,0.9859878698944042
2024-01-30 13:00:00,1.2633907852514474,1.2633907852514474
2024-01-30 14:00:00,2.156107128278959,2.156107128278959
2024-01-30 15:00:00,2.5359882358460997,2.5359882358460997
2024-01-30 16:00:00,3.0812429522852,3.0812429522852
2024-01-30 17:00:00,3.4120514222929863,3.4120514222929863
2024-01-30 18:00:00,3.840149964929561,3.840149964929561
2024-01-30 19:00:00,3.396657114778804,3.396657114778804
2024-01-30 20:00:00,3.8725055182564336,3.8725055182564336
2024-01-30 21:00:00,4.145488909866222,4.145488909866222
2024-01-30 22:00:00,0.0,0.0
2024-01-30 23:00:00,0.0,0.0
2024-01-31 00:00:00,0.0,0.0
2024-01-31 01:00:00,0.0,0.0
2024-01-31 02:00:00,0.0,0.0
2024-01-31 03:00:00,0.0,0.0
2024-01-31 04:00:00,0.0,0.0
2024-01-31 05:00:00,0.0,0.0
2024-01-31 06:00:00,0.0,0.0
2024-01-31 07:00:00,0.0,0.0
2024-01-31 08:00:00,0.0,0.0
2024-01-31 09:00:00,0.0,0.0
2024-01-31 10:00:00,0.12871735079180188,0.12871735079180188
2024-01-31 11:00:00,0.4871410774194001,0.4871410774194001
2024-01-31 12:00:00,0.6896201072095919,0.6896201072095919
2024-01-31 13:00:00,1.2841173586603765,1.2841173586603765
2024-01-31 14:00:00,2.1282731404947763,2.1282731404947763
2024-01-31 15:00:00,2.6032087602538176,2.6032087602538176
2024-01-31 16:00:00,3.3621907273749883,3.3621907273749883
2024-01-31 17:00:00,2.982122296609468,2.982122296609468
2024-01-31 18:00:00,3.3219685301645443,3.3219685301645443
2024-01-31 19:00:00,2.9051211928317335,2.9051211928317335
2024-01-31 20:00:00,3.8240456449611924,3.8240456449611924
2024-01-31 21:00:00,3.8727547646771963,3.8727547646771963
2024-01-31 22:00:00,0.0,0.0
2024-01-31 23:00:00,0.0,0.0
2024-02-01 00:00:00,0.0,0.0
2024-02-01 01:00:00,0.0,0.0
2024-02-01 02:00:00,0.0,0.0
2024-02-01 03:00:00,0.0,0.0
2024-02-01 04:00:00,0.0,0.0
2024-02-01 05:00:00,0.0,0.0
2024-02-01 06:00:00,0.0,0.0
2024-02-01 07:00:00,0.0,0.0
2024-02-01 08:00:00,0.0,0.0
2024-02-01 09:00:00,0.0,0.0
2024-02-01 10:00:00,0.1363694041082484,0.1363694041082484
2024-02-01 11:00:00,0.43002154954450217,0.43002154954450217
2024-02-01 12:00:00,0.9784238035417887,0.9784238035417887
2024-02-01 13:00:00,1.373955598156256,1.373955598156256
2024-02-01 14:00:00,2.0881134666244416,2.0881134666244416
2024-02-01 15:00:00,2.768249533759966,2.768249533759966
2024-02-01 16:00:00,3.7230849000517177,3.7230849000517177
2024-02-01 17:00:00,4.072580930121169,4.072580930121169
2024-02-01 18:00:00,3.555195516913795,3.555195516913795
2024-02-01 19:00:00,3.227244740175723,3.227244740175723
2024-02-01 20:00:00,3.263626644627559,3.263626644627559
2024-02-01 21:00:00,4.183195656542798,4.183195656542798
2024-02-01 22:00:00,0.0,0.0
2024-02-01 23:00:00,0.0,0.0
2024-02-02 00:00:00,0.0,0.0
2024-02-02 01:00:00,0.0,0.0
2024-02-02 02:00:00,0.0,0.0
2024-02-02 03:00:00,0.0,0.0
2024-02-02 04:00:00,0.0,0.0
2024-02-02 05:00:00,0.0,0.0
2024-02-02 06:00:00,0.0,0.0
2024-02-02 07:00:00,0.0,0.0
2024-02-02 08:00:00,0.0,0.0
2024-02-02 09:00:00,0.0,0.0
2024-02-02 10:00:00,0.11349595845975986,0.11349595845975986
2024-02-02 11:00:00,0.5514667798431758,0.5514667798431758
2024-02-02 12:00:00,0.816921916259169,0.816921916259169
2024-02-02 13:00:00,1.58715499092774,1.58715499092774
2024-02-02 14:00:00,2.5703837959692635,2.5703837959692635
2024-02-02 15:00:00,3.027043592445741,3.027043592445741
2024-02-02 16:00:00,3.637216094698544,3.637216094698544
2024-02-02 17:00:00,4.160122216614881,4.160122216614881
2024-02-02 18:00:00,3.2794866407693353,3.2794866407693353
2024-02-02 19:00:00,3.6549236045700204,3.6549236045700204
2024-02-02 20:00:00,4.325270885972025,4.325270885972025
2024-02-02 21:00:00,3.405197326426931,3.405197326426931
2024-02-02 22:00:00,0.0,0.0
2024-02-02 23:00:00,0.0,0.0
2024-02-03 00:00:00,0.0,0.0
2024-02-03 01:00:00,0.0,0.0
2024-02-03 02:00:00,0.0,0.0
2024-02-03 03:00:00,0.0,0.0
2024-02-03 04:00:00,0.0,0.0
2024-02-03 05:00:00,0.0,0.0
2024-02-03 06:00:00,0.0,0.0
2024-02-03 07:00:00,0.0,0.0
2024-02-03 08:00:00,0.0,0.0
2024-02-03 09:00:00,0.0,0.0
2024-02-03 10:00:00,0.07191630375756446,0.07191630375756446
2024-02-03 11:00:00,0.3131716024706364,0.3131716024706364
2024-02-03 12:00:00,0.5299429006721039,0.5299429006721039
2024-02-03 13:00:00,0.9629426303590969,0.9629426303590969
2024-02-03 14:00:00,1.2254595277632556,1.2254595277632556
2024-02-03 15:00:00,1.7004560484590285,1.7004560484590285
2024-02-03 16:00:00,2.4917169496488065,2.4917169496488065
2024-02-03 17:00:00,2.6853164952554773,2.6853164952554773
2024-02-03 18:00:00,1.9525272614323006,1.9525272614323006
2024-02-03 19:00:00,2.2889906796915866,2.2889906796915866
2024-02-03 20:00:00,2.690125095558481,2.690125095558481
2024-02-03 21:00:00,2.1691240186848715,2.1691240186848715
2024-02-03 22:00:00,0.0,0.0
2024-02-03 23:00:00,0.0,0.0
2024-02-04 00:00:00,0.0,0.0
2024-02-04 01:00:00,0.0,0.0
2024-02-04 02:00:00,0.0,0.0
2024-02-04 03:00:00,0.0,0.0
2024-02-04 04:00:00,0.0,0.0
2024-02-04 05:00:00,0.0,0.0
2024-02-04 06:00:00,0.0,0.0
2024-02-04 07:00:00,0.0,0.0
2024-02-04 08:00:00,0.0,0.0
2024-02-04 09:00:00,0.0,0.0
2024-02-04 10:00:00,0.0735006360693214,0.0735006360693214
2024-02-04 11:00:00,0.29146125407749784,0.29146125407749784
2024-02-04 12:00:00,0.5893693918473165,0.5893693918473165
2024-02-04 13:00:00,1.0491206730265281,1.0491206730265281
2024-02-04 14:00:00,1.5960801414065584,1.5960801414065584
2024-02-04 15:00:00,1.9070278993779304,1.9070278993779304
2024-02-04 16:00:00,2.518942656558378,2.518942656558378
2024-02-04 17:00:00,2.6665156768540004,2.6665156768540004
2024-02-04 18:00:00,2.2312597262946223,2.2312597262946223
2024-02-04 19:00:00,2.2317963321197274,2.2317963321197274
2024-02-04 20:00:00,2.31440301601743,2.31440301601743
2024-02-04 21:00:00,2.608855224785571,2.608855224785571
2024-02-04 22:00:00,0.0,0.0
2024-02-04 23:00:00,0.0,0.0
2024-02-05 00:00:00,0.0,0.0
2024-02-05 01:00:00,0.0,0.0
2024-02-05 02:00:00,0.0,0.0
2024-02-05 03:00:00,0.0,0.0
2024-02-05 04:00:00,0.0,0.0
2024-02-05 05:00:00,0.0,0.0
2024-02-05 06:00:00,0.0,0.0
2024-02-05 07:00:00,0.0,0.0
2024-02-05 08:00:00,0.0,0.0
2024-02-05 09:00:00,0.0,0.0
2024-02-05 10:00:00,0.10459276660997485,0.10459276660997485
2024-02-05 11:00:00,0.46391530714319257,0.46391530714319257
2024-02-05 12:00:00,0.7521661688861544,0.7521661688861544
2024-02-05 13:00:00,1.449168035080388,1.449168035080388
2024-02-05 14:00:00,2.202478183162997,2.202478183162997
2024-02-05 15:00:00,2.6710653334557937,2.6710653334557937
2024-02-05 16:00:00,3.5104859161775512,3.5104859161775512
2024-02-05 17:00:00,3.5851295773753007,3.5851295773753007
2024-02-05 18:00:00,3.0537742619403545,3.0537742619403545
2024-02-05 19:00:00,3.1635936533909432,3.1635936533909432
2024-02-05 20:00:00,4.104012346956687,4.104012346956687
2024-02-05 21:00:00,3.1879798299915185,3.1879798299915185
2024-02-05 22:00:00,0.0,0.0
2024-02-05 23:00:00,0.0,0.0
2024-02-06 00:00:00,0.0,0.0
2024-02-06 01:00:00,0.0,0.0
2024-02-06 02:00:00,0.0,0.0
2024-02-06 03:00:00,0.0,0.0
2024-02-06 04:00:00,0.0,0.0
2024-02-06 05:00:00,0.0,0.0
2024-02-06 06:00:00,0.0,0.0
2024-02-06 07:00:00,0.0,0.0
2024-02-06 08:00:00,0.0,0.0
2024-02-06 09:00:00,0.0,0.0
2024-02-06 10:00:00,0.12503594594398335,0.12503594594398335
2024-02-06 11:00:00,0.40085043825370786,0.40085043825370786
2024-02-06 12:00:00,0.7428495869421028,0.7428495869421028
2024-02-06 13:00:00,1.4805182467539484,1.4805182467539484
2024-02-06 14:00:00,2.1777000159473663,2.1777000159473663
2024-02-06 15:00:00,2.260413824384405,2.260413824384405
2024-02-06 16:00:00,3.3505396342436446,3.3505396342436446
2024-02-06 17:00:00,3.3771780407262626,3.3771780407262626
2024-02-06 18:00:00,2.8556645535104956,2.8556645535104956
2024-02-06 19:00:00,3.3598897920834614,3.3598897920834614
2024-02-06 20:00:00,3.409971952637098,3.409971952637098
2024-02-06 21:00:00,3.6676364792029084,3.6676364792029084
2024-02-06 22:00:00,0.0,0.0
2024-02-06 23:00:00,0.0,0.0
2024-02-07 00:00:00,0.0,0.0
2024-02-07 01:00:00,0.0,0.0
2024-02-07 02:00:00,0.0,0.0
2024-02-07 03:00:00,0.0,0.0
2024-02-07 04:00:00,0.0,0.0
2024-02-07 05:00:00,0.0,0.0
2024-02-07 06:00:00,0.0,0.0
2024-02-07 07:00:00,0.0,0.0
2024-02-07 08:00:00,0.0,0.0
2024-02-07 09:00:00,0.0,0.0
2024-02-07 10:00:00,0.13993185982013134,0.13993185982013134
2024-02-07 11:00:00,0.4777612137493908,0.4777612137493908
2024-02-07 12:00:00,1.0462690194673554,1.0462690194673554
2024-02-07 13:00:00,1.3449296815800107,1.3449296815800107
2024-02-07 14:00:00,2.334340989448053,2.334340989448053
2024-02-07 15:00:00,2.394304043263634,2.394304043263634
2024-02-07 16:00:00,3.5771063966166508,3.5771063966166508
2024-02-07 17:00:00,4.184577444648006,4.184577444648006
2024-02-07 18:00:00,3.9002597184749854,3.9002597184749854
2024-02-07 19:00:00,3.5991582987333324,3.5991582987333324
2024-02-07 20:00:00,4.5695093943308205,4.5695093943308205
2024-02-07 21:00:00,3.8676119420295327,3.8676119420295327
2024-02-07 22:00:00,0.0,0.0
2024-02-07 23:00:00,0.0,0.0
2024-02-08 00:00:00,0.0,0.0
2024-02-08 01:00:00,0.0,0.0
2024-02-08 02:00:00,0.0,0.0
2024-02-08 03:00:00,0.0,0.0
2024-02-08 04:00:00,0.0,0.0
2024-02-08 05:00:00,0.0,0.0
2024-02-08 06:00:00,0.0,0.0
2024-02-08 07:00:00,0.0,0.0
2024-02-08 08:00:00,0.0,0.0
2024-02-08 09:00:00,0.0,0.0
2024-02-08 10:00:00,0.11613981939197629,0.11613981939197629
2024-02-08 11:00:00,0.47831593688344287,0.47831593688344287
2024-02-08 12:00:00,0.94842832241644,0.94842832241644
2024-02-08 13:00:00,1.3588150425866872,1.3588150425866872
2024-02-08 14:00:00,2.362908827813747,2.362908827813747
2024-02-08 15:00:00,2.829386639545754,2.829386639545754
2024-02-08 16:00:00,3.4852760151143696,3.4852760151143696
2024-02-08 17:00:00,3.831283619512975,3.831283619512975
2024-02-08 18:00:00,2.9317980069860554,2.9317980069860554
2024-02-08 19:00:00,3.8634299226543485,3.8634299226543485
2024-02-08 20:00:00,3.7458875211423015,3.7458875211423015
2024-02-08 21:00:00,3.5010431596286207,3.5010431596286207
2024-02-08 22:00:00,0.0,0.0
2024-02-08 23:00:00,0.0,0.0
2024-02-09 00:00:00,0.0,0.0
2024-02-09 01:00:00,0.0,0.0
2024-02-09 02:00:00,0.0,0.0
2024-02-09 03:00:00,0.0,0.0
2024-02-09 04:00:00,0.0,0.0
2024-02-09 05:00:00,0.0,0.0
2024-02-09 06:00:00,0.0,0.0
2024-02-09 07:00:00,0.0,0.0
2024-02-09 08:00:00,0.0,0.0
2024-02-09 09:00:00,0.0,0.0
2024-02-09 10:00:00,0.11572752374409165,0.11572752374409165
2024-02-09 11:00:00,0.4874759039961897,0.4874759039961897
2024-02-09 12:00:00,0.9142812644271592,0.9142812644271592
2024-02-09 13:00:00,1.3132835924243491,1.3132835924243491
2024-02-09 14:00:00,2.29873853093594,2.29873853093594
2024-02-09 15:00:00,2.473143704104742,2.473143704104742
2024-02-09 16:00:00,3.170554280384929,3.170554280384929
2024-02-09 17:00:00,3.412993838005777,3.412993838005777
2024-02-09 18:00:00,3.2775265358431245,3.2775265358431245
2024-02-09 19:00:00,3.910734628628472,3.910734628628472
2024-02-09 20:00:00,3.0171814023479597,3.0171814023479597
2024-02-09 21:00:00,3.1546870306358077,3.1546870306358077
2024-02-09 22:00:00,0.0,0.0
2024-02-09 23:00:00,0.0,0.0
2024-02-10 00:00:00,0.0,0.0
2024-02-10 01:00:00,0.0,0.0
2024-02-10 02:00:00,0.0,0.0
2024-02-10 03:00:00,0.0,0.0
2024-02-10 04:00:00,0.0,0.0
2024-02-10 05:00:00,0.0,0.0
2024-02-10 06:00:00,0.0,0.0
2024-02-10 07:00:00,0.0,0.0
2024-02-10 08:00:00,0.0,0.0
2024-02-10 09:00:00,0.0,0.0
2024-02-10 10:00:00,0.0780275936183758,0.0780275936183758
2024-02-10 11:00:00,0.3296526479155601,0.3296526479155601
2024-02-10 12:00:00,0.6434489002719337,0.6434489002719337
2024-02-10 13:00:00,0.9237387611455218,0.9237387611455218
2024-02-10 14:00:00,1.2985549223472546,1.2985549223472546
2024-02-10 15:00:00,1.5472007751711183,1.5472007751711183
2024-02-10 16:00:00,2.4058182151808394,2.4058182151808394
2024-02-10 17:00:00,2.112258988196753,2.112258988196753
2024-02-10 18:00:00,1.9551756516080605,1.9551756516080605
2024-02-10 19:00:00,2.509801364419995,2.509801364419995
2024-02-10 20:00:00,2.6937085204029114,2.6937085204029114
2024-02-10 21:00:00,2.667235411471266,2.667235411471266
2024-02-10 22:00:00,0.0,0.0
2024-02-10 23:00:00,0.0,0.0
2024-02-11 00:00:00,0.0,0.0
2024-02-11 01:00:00,0.0,0.0
2024-02-11 02:00:00,0.0,0.0
2024-02-11 03:00:00,0.0,0.0
2024-02-11 04:00:00,0.0,0.0
2024-02-11 05:00:00,0.0,0.0
2024-02-11 06:00:00,0.0,0.0
2024-02-11 07:00:00,0.0,0.0
2024-02-11 08:00:00,0.0,0.0
2024-02-11 09:00:00,0.0,0.0
2024-02-11 10:00:00,0.07623414425307586,0.07623414425307586
2024-02-11 11:00:00,0.3236664109092811,0.3236664109092811
2024-02-11 12:00:00,0.6609369363269811,0.6609369363269811
2024-02-11 13:00:00,1.0452680374872907,1.0452680374872907
2024-02-11 14:00:00,1.5909026082938424,1.5909026082938424
2024-02-11 15:00:00,1.5981091719794471,1.5981091719794471
2024-02-11 16:00:00,2.3411793471182922,2.3411793471182922
2024-02-11 17:00:00,2.412624212781379,2.412624212781379
2024-02-11 18:00:00,2.2800578923651016,2.2800578923651016
2024-02-11 19:00:00,2.2896701542606643,2.2896701542606643
2024-02-11 20:00:00,2.5890726238272976,2.5890726238272976
2024-02-11 21:00:00,2.636484356090691,2.636484356090691
2024-02-11 22:00:00,0.0,0.0
2024-02-11 23:00:00,0.0,0.0
2024-02-12 00:00:00,0.0,0.0
2024-02-12 01:00:00,0.0,0.0
2024-02-12 02:00:00,0.0,0.0
2024-02-12 03:00:00,0.0,0.0
2024-02-12 04:00:00,0.0,0.0
2024-02-12 05:00:00,0.0,0.0
2024-02-12 06:00:00,0.0,0.0
2024-02-12 07:00:00,0.0,0.0
2024-02-12 08:00:00,0.0,0.0
2024-02-12 09:00:00,0.0,0.0
2024-02-12 10:00:00,0.11535163892172035,0.11535163892172035
2024-02-12 11:00:00,0.4339373890336834,0.4339373890336834
2024-02-12 12:00:00,0.9270612624148379,0.9270612624148379
2024-02-12 13:00:00,1.5421437374404132,1.5421437374404132
2024-02-12 14:00:00,2.205382873457367,2.205382873457367
2024-02-12 15:00:00,2.6509088674609136,2.6509088674609136
2024-02-12 16:00:00,3.151205209657988,3.151205209657988
2024-02-12 17:00:00,3.731860696366977,3.731860696366977
2024-02-12 18:00:00,3.4045757423713585,3.4045757423713585
2024-02-12 19:00:00,4.09400588861735,4.09400588861735
2024-02-12 20:00:00,3.4310827545289864,3.4310827545289864
2024-02-12 21:00:00,3.774571619180466,3.774571619180466
2024-02-12 22:00:00,0.0,0.0
2024-02-12 23:00:00,0.0,0.0
2024-02-13 00:00:00,0.0,0.0
2024-02-13 01:00:00,0.0,0.0
2024-02-13 02:00:00,0.0,0.0
2024-02-13 03:00:00,0.0,0.0
2024-02-13 04:00:00,0.0,0.0
2024-02-13 05:00:00,0.0,0.0
2024-02-13 06:00:00,0.0,0.0
2024-02-13 07:00:00,0.0,0.0
2024-02-13 08:00:00,0.0,0.0
2024-02-13 09:00:00,0.0,0.0
2024-02-13 10:00:00,0.14759740599872512,0.14759740599872512
2024-02-13 11:00:00,0.5143544761094659,0.5143544761094659
2024-02-13 12:00:00,0.8189507050983448,0.8189507050983448
2024-02-13 13:00:00,1.434979553224276,1.434979553224276
2024-02-13 14:00:00,2.2454091677966925,2.2454091677966925
2024-02-13 15:00:00,2.7453367543329588,2.7453367543329588
2024-02-13 16:00:00,3.492825748400624,3.492825748400624
2024-02-13 17:00:00,3.5441860342497193,3.5441860342497193
2024-02-13 18:00:00,3.599545949936898,3.599545949936898
2024-02-13 19:00:00,4.15869572066722,4.15869572066722
2024-02-13 20:00:00,3.4043366942393907,3.4043366942393907
2024-02-13 21:00:00,3.5111976611036964,3.5111976611036964
2024-02-13 22:00:00,0.0,0.0
2024-02-13 23:00:00,0.0,0.0
2024-02-14 00:00:00,0.0,0.0
2024-02-14 01:00:00,0.0,0.0
2024-02-14 02:00:00,0.0,0.0
2024-02-14 03:00:00,0.0,0.0
2024-02-14 04:00:00,0.0,0.0
2024-02-14 05:00:00,0.0,0.0
2024-02-14 06:00:00,0.0,0.0
2024-02-14 07:00:00,0.0,0.0
2024-02-14 08:00:00,0.0,0.0
2024-02-14 09:00:00,0.0,0.0
2024-02-14 10:00:00,0.12145526864841974,0.12145526864841974
2024-02-14 11:00:00,0.48640221471637457,0.48640221471637457
2024-02-14 12:00:00,0.9731487880553801,0.9731487880553801
2024-02-14 13:00:00,1.2909724504102125,1.2909724504102125
2024-02-14 14:00:00,2.3272456841688283,2.3272456841688283
2024-02-14 15:00:00,2.8828845397691567,2.8828845397691567
2024-02-14 16:00:00,2.928711890522042,2.928711890522042
2024-02-14 17:00:00,3.4820596717181513,3.4820596717181513
2024-02-14 18:00:00,3.0360756118788883,3.0360756118788883
2024-02-14 19:00:00,3.9721740420817473,3.9721740420817473
2024-02-14 20:00:00,3.5138540823603512,3.5138540823603512
2024-02-14 21:00:00,3.3567555217439144,3.3567555217439144
2024-02-14 22:00:00,0.0,0.0
2024-02-14 23:00:00,0.0,0.0
2024-02-15 00:00:00,0.0,0.0
2024-02-15 01:00:00,0.0,0.0
2024-02-15 02:00:00,0.0,0.0
2024-02-15 03:00:00,0.0,0.0
2024-02-15 04:00:00,0.0,0.0
2024-02-15 05:00:00,0.0,0.0
2024-02-15 06:00:00,0.0,0.0
2024-02-15 07:00:00,0.0,0.0
2024-02-15 08:00:00,0.0,0.0
2024-02-15 09:00:00,0.0,0.0
2024-02-15 10:00:00,0.12910431921345591,0.12910431921345591
2024-02-15 11:00:00,0.4933217881452978,0.4933217881452978
2024-02-15 12:00:00,0.8302636672296758,0.8302636672296758
2024-02-15 13:00:00,1.5452565671053589,1.5452565671053589
2024-02-15 14:00:00,2.391175514400266,2.391175514400266
2024-02-15 15:00:00,2.951887649521438,2.951887649521438
2024-02-15 16:00:00,3.208212869233172,3.208212869233172
2024-02-15 17:00:00,3.4196854150242686,3.4196854150242686
2024-02-15 18:00:00,3.054220701442207,3.054220701442207
2024-02-15 19:00:00,3.833177017746641,3.833177017746641
2024-02-15 20:00:00,3.357977401266244,3.357977401266244
2024-02-15 21:00:00,4.064999492398354,4.064999492398354
2024-02-15 22:00:00,0.0,0.0
2024-02-15 23:00:00,0.0,0.0
2024-02-16 00:00:00,0.0,0.0
2024-02-16 01:00:00,0.0,0.0
2024-02-16 02:00:00,0.0,0.0
2024-02-16 03:00:00,0.0,0.0
2024-02-16 04:00:00,0.0,0.0
2024-02-16 05:00:00,0.0,0.0
2024-02-16 06:00:00,0.0,0.0
2024-02-16 07:00:00,0.0,0.0
2024-02-16 08:00:00,0.0,0.0
2024-02-16 09:00:00,0.0,0.0
2024-02-16 10:00:00,0.1207549677581699,0.1207549677581699
2024-02-16 11:00:00,0.42490650567718274,0.42490650567718274
2024-02-16 12:00:00,0.8358636473399886,0.8358636473399886
2024-02-16 13:00:00,1.606029236320003,1.606029236320003
2024-02-16 14:00:00,2.397605735359335,2.397605735359335
2024-02-16 15:00:00,2.646799052074706,2.646799052074706
2024-02-16 16:00:00,3.5309655213988087,3.5309655213988087
2024-02-16 17:00:00,3.5910322840183238,3.5910322840183238
2024-02-16 18:00:00,3.297499242053838,3.297499242053838
2024-02-16 19:00:00,3.4052783017365225,3.4052783017365225
2024-02-16 20:00:00,3.645785841360703,3.645785841360703
2024-02-16 21:00:00,3.7246058071783477,3.7246058071783477
2024-02-16 22:00:00,0.0,0.0
2024-02-16 23:00:00,0.0,0.0
2024-02-17 00:00:00,0.0,0.0
2024-02-17 01:00:00,0.0,0.0
2024-02-17 02:00:00,0.0,0.0
2024-02-17 03:00:00,0.0,0.0
2024-02-17 04:00:00,0.0,0.0
2024-02-17 05:00:00,0.0,0.0
2024-02-17 06:00:00,0.0,0.0
2024-02-17 07:00:00,0.0,0.0
2024-02-17 08:00:00,0.0,0.0
2024-02-17 09:00:00,0.0,0.0
2024-02-17 10:00:00,0.08178326650147051,0.08178326650147051
2024-02-17 11:00:00,0.3144571733954426,0.3144571733954426
2024-02-17 12:00:00,0.6680372479830764,0.6680372479830764
2024-02-17 13:00:00,0.8947851049014369,0.8947851049014369
2024-02-17 14:00:00,1.7438048175574168,1.7438048175574168
2024-02-17 15:00:00,1.6892021461834938,1.6892021461834938
2024-02-17 16:00:00,1.992993286329688,1.992993286329688
2024-02-17 17:00:00,2.476882072864184,2.476882072864184
2024-02-17 18:00:00,2.3219558823893944,2.3219558823893944
2024-02-17 19:00:00,2.6668437487417362,2.6668437487417362
2024-02-17 20:00:00,2.675333851520944,2.675333851520944
2024-02-17 21:00:00,2.4677624098286874,2.4677624098286874
2024-02-17 22:00:00,0.0,0.0
2024-02-17 23:00:00,0.0,0.0
2024-02-18 00:00:00,0.0,0.0
2024-02-18 01:00:00,0.0,0.0
2024-02-18 02:00:00,0.0,0.0
2024-02-18 03:00:00,0.0,0.0
2024-02-18 04:00:00,0.0,0.0
2024-02-18 05:00:00,0.0,0.0
2024-02-18 06:00:00,0.0,0.0
2024-02-18 07:00:00,0.0,0.0
2024-02-18 08:00:00,0.0,0.0
2024-02-18 09:00:00,0.0,0.0
2024-02-18 10:00:00,0.08163731970027278,0.08163731970027278
2024-02-18 11:00:00,0.3287108323858381,0.3287108323858381
2024-02-18 12:00:00,0.673450136740707,0.673450136740707
2024-02-18 13:00:00,0.9419354276156877,0.9419354276156877
2024-02-18 14:00:00,1.3108965128115868,1.3108965128115868
2024-02-18 15:00:00,2.0257536068751,2.0257536068751
2024-02-18 16:00:00,2.5687561106607273,2.5687561106607273
2024-02-18 17:00:00,2.683332845891855,2.683332845891855
2024-02-18 18:00:00,2.401045880980511,2.401045880980511
2024-02-18 19:00:00,2.923112919503407,2.923112919503407
2024-02-18 20:00:00,2.305153996620741,2.305153996620741
2024-02-18 21:00:00,2.8171044303971997,2.8171044303971997
2024-02-18 22:00:00,0.0,0.0
2024-02-18 23:00:00,0.0,0.0
2024-02-19 00:00:00,0.0,0.0
2024-02-19 01:00:00,0.0,0.0
2024-02-19 02:00:00,0.0,0.0
2024-02-19 03:00:00,0.0,0.0
2024-02-19 04:00:00,0.0,0.0
2024-02-19 05:00:00,0.0,0.0
2024-02-19 06:00:00,0.0,0.0
2024-02-19 07:00:00,0.0,0.0
2024-02-19 08:00:00,0.0,0.0
2024-02-19 09:00:00,0.0,0.0
2024-02-19 10:00:00,0.1077535306576417,0.1077535306576417
2024-02-19 11:00:00,0.41981854497871113,0.41981854497871113
2024-02-19 12:00:00,0.8641695332588757,0.8641695332588757
2024-02-19 13:00:00,1.272021424404573,1.272021424404573
2024-02-19 14:00:00,1.9517744811643338,1.9517744811643338
2024-02-19 15:00:00,2.108047025231936,2.108047025231936
2024-02-19 16:00:00,3.2147679659640143,3.2147679659640143
2024-02-19 17:00:00,3.6043420956589234,3.6043420956589234
2024-02-19 18:00:00,3.42028495946501,3.42028495946501
2024-02-19 19:00:00,3.415835668081779,3.415835668081779
2024-02-19 20:00:00,2.994663444916576,2.994663444916576
2024-02-19 21:00:00,3.8051298433979337,3.8051298433979337
2024-02-19 22:00:00,0.0,0.0
2024-02-19 23:00:00,0.0,0.0
2024-02-20 00:00:00,0.0,0.0
2024-02-20 01:00:00,0.0,0.0
2024-02-20 02:00:00,0.0,0.0
2024-02-20 03:00:00,0.0,0.0
2024-02-20 04:00:00,0.0,0.0
2024-02-20 05:00:00,0.0,0.0
2024-02-20 06:00:00,0.0,0.0
2024-02-20 07:00:00,0.0,0.0
2024-02-20 08:00:00,0.0,0.0
2024-02-20 09:00:00,0.0,0.0
2024-02-20 10:00:00,0.10711530663316081,0.10711530663316081
2024-02-20 11:00:00,0.4720005174198034,0.4720005174198034
2024-02-20 12:00:00,0.7842586118446395,0.7842586118446395
2024-02-20 13:00:00,1.5039476831761118,1.5039476831761118
2024-02-20 14:00:00,2.1500653419466635,2.1500653419466635
2024-02-20 15:00:00,2.9042571622260147,2.9042571622260147
2024-02-20 16:00:00,3.197672165447903,3.197672165447903
2024-02-20 17:00:00,4.245888891478805,4.245888891478805
2024-02-20 18:00:00,3.2851590659313126,3.2851590659313126
2024-02-20 19:00:00,4.238071937063032,4.238071937063032
2024-02-20 20:00:00,3.4434082316944408,3.4434082316944408
2024-02-20 21:00:00,3.816799894881937,3.816799894881937
2024-02-20 22:00:00,0.0,0.0
2024-02-20 23:00:00,0.0,0.0
2024-02-21 00:00:00,0.0,0.0
2024-02-21 01:00:00,0.0,0.0
2024-02-21 02:00:00,0.0,0.0
2024-02-21 03:00:00,0.0,0.0
2024-02-21 04:00:00,0.0,0.0
2024-02-21 05:00:00,0.0,0.0
2024-02-21 06:00:00,0.0,0.0
2024-02-21 07:00:00,0.0,0.0
2024-02-21 08:00:00,0.0,0.0
2024-02-21 09:00:00,0.0,0.0
2024-02-21 10:00:00,0.09796831111256446,0.09796831111256446
2024-02-21 11:00:00,0.4238604186311178,0.4238604186311178
2024-02-21 12:00:00,0.7110133218725883,0.7110133218725883
2024-02-21 13:00:00,1.2205844698230897,1.2205844698230897
2024-02-21 14:00:00,2.0592847379686843,2.0592847379686843
2024-02-21 15:00:00,2.175175330260702,2.175175330260702
2024-02-21 16:00:00,2.6477599253255972,2.6477599253255972
2024-02-21 17:00:00,3.0494549259129347,3.0494549259129347
2024-02-21 18:00:00,2.689438447421037,2.689438447421037
2024-02-21 19:00:00,3.336481973545246,3.336481973545246
2024-02-21 20:00:00,2.939817886138693,2.939817886138693
2024-02-21 21:00:00,3.322577370022692,3.322577370022692
2024-02-21 22:00:00,0.0,0.0
2024-02-21 23:00:00,0.0,0.0
2024-02-22 00:00:00,0.0,0.0
2024-02-22 01:00:00,0.0,0.0
2024-02-22 02:00:00,0.0,0.0
2024-02-22 03:00:00,0.0,0.0
2024-02-22 04:00:00,0.0,0.0
2024-02-22 05:00:00,0.0,0.0
2024-02-22 06:00:00,0.0,0.0
2024-02-22 07:00:00,0.0,0.0
2024-02-22 08:00:00,0.0,0.0
2024-02-22 09:00:00,0.0,0.0
2024-02-22 10:00:00,0.1246701587899012,0.1246701587899012
2024-02-22 11:00:00,0.4849179256564988,0.4849179256564988
2024-02-22 12:00:00,0.9491828540822633,0.9491828540822633
2024-02-22 13:00:00,1.399721266691658,1.399721266691658
2024-02-22 14:00:00,2.52582043860799,2.52582043860799
2024-02-22 15:00:00,2.6384213764603013,2.6384213764603013
2024-02-22 16:00:00,3.185659450048261,3.185659450048261
2024-02-22 17:00:00,3.4440761258489716,3.4440761258489716
2024-02-22 18:00:00,3.1732189889661258,3.1732189889661258
2024-02-22 19:00:00,3.950713351279558,3.950713351279558
2024-02-22 20:00:00,3.4504133476792376,3.4504133476792376
2024-02-22 21:00:00,3.8602462354119336,3.8602462354119336
2024-02-22 22:00:00,0.0,0.0
2024-02-22 23:00:00,0.0,0.0
2024-02-23 00:00:00,0.0,0.0
2024-02-23 01:00:00,0.0,0.0
2024-02-23 02:00:00,0.0,0.0
2024-02-23 03:00:00,0.0,0.0
2024-02-23 04:00:00,0.0,0.0
2024-02-23 05:00:00,0.0,0.0
2024-02-23 06:00:00,0.0,0.0
2024-02-23 07:00:00,0.0,0.0
2024-02-23 08:00:00,0.0,0.0
2024-02-23 09:00:00,0.0,0.0
2024-02-23 10:00:00,0.11274402221931275,0.11274402221931275
2024-02-23 11:00:00,0.4830656966197301,0.4830656966197301
2024-02-23 12:00:00,0.961269208333334,0.961269208333334
2024-02-23 13:00:00,1.4102393656352499,1.4102393656352499
2024-02-23 14:00:00,2.471854695216361,2.471854695216361
2024-02-23 15:00:00,2.4459646552751395,2.4459646552751395
2024-02-23 16:00:00,2.8583596749497624,2.8583596749497624
2024-02-23 17:00:00,3.8102324841804487,3.8102324841804487
2024-02-23 18:00:00,3.111774788880402,3.111774788880402
2024-02-23 19:00:00,3.903702572612909,3.903702572612909
2024-02-23 20:00:00,3.436062562481897,3.436062562481897
2024-02-23 21:00:00,3.7252211988358166,3.7252211988358166
2024-02-23 22:00:00,0.0,0.0
2024-02-23 23:00:00,0.0,0.0
2024-02-24 00:00:00,0.0,0.0
2024-02-24 01:00:00,0.0,0.0
2024-02-24 02:00:00,0.0,0.0
2024-02-24 03:00:00,0.0,0.0
2024-02-24 04:00:00,0.0,0.0
2024-02-24 05:00:00,0.0,0.0
2024-02-24 06:00:00,0.0,0.0
2024-02-24 07:00:00,0.0,0.0
2024-02-24 08:00:00,0.0,0.0
2024-02-24 09:00:00,0.0,0.0
2024-02-24 10:00:00,0.10019712258734657,0.10019712258734657
2024-02-24 11:00:00,0.30756455668573884,0.30756455668573884
2024-02-24 12:00:00,0.647615389799818,0.647615389799818
2024-02-24 13:00:00,1.0514408117706533,1.0514408117706533
2024-02-24 14:00:00,1.5382367035907478,1.5382367035907478
2024-02-24 15:00:00,1.9366059641990898,1.9366059641990898
2024-02-24 16:00:00,2.4102623422359493,2.4102623422359493
2024-02-24 17:00:00,3.09954564496586,3.09954564496586
2024-02-24 18:00:00,2.6295833127802455,2.6295833127802455
2024-02-24 19:00:00,2.947032454645792,2.947032454645792
2024-02-24 20:00:00,2.332732549528464,2.332732549528464
2024-02-24 21:00:00,2.682957032139918,2.682957032139918
2024-02-24 22:00:00,0.0,0.0
2024-02-24 23:00:00,0.0,0.0
2024-02-25 00:00:00,0.0,0.0
2024-02-25 01:00:00,0.0,0.0
2024-02-25 02:00:00,0.0,0.0
2024-02-25 03:00:00,0.0,0.0
2024-02-25 04:00:00,0.0,0.0
2024-02-25 05:00:00,0.0,0.0
2024-02-25 06:00:00,0.0,0.0
2024-02-25 07:00:00,0.0,0.0
2024-02-25 08:00:00,0.0,0.0
2024-02-25 09:00:00,0.0,0.0
2024-02-25 10:00:00,0.07120035939676753,0.07120035939676753
2024-02-25 11:00:00,0.3290642121756539,0.3290642121756539
2024-02-25 12:00:00,0.6413489876870218,0.6413489876870218
2024-02-25 13:00:00,0.8717826768787816,0.8717826768787816
2024-02-25 14:00:00,1.4009980479467197,1.4009980479467197
2024-02-25 15:00:00,1.9469597688403097,1.9469597688403097
2024-02-25 16:00:00,2.340174689888781,2.340174689888781
2024-02-25 17:00:00,2.905833898135667,2.905833898135667
2024-02-25 18:00:00,2.572444696494491,2.572444696494491
2024-02-25 19:00:00,2.1536805613924552,2.1536805613924552
2024-02-25 20:00:00,2.346582287336833,2.346582287336833
2024-02-25 21:00:00,2.342821596120479,2.342821596120479
2024-02-25 22:00:00,0.0,0.0
2024-02-25 23:00:00,0.0,0.0
2024-02-26 00:00:00,0.0,0.0
2024-02-26 01:00:00,0.0,0.0
2024-02-26 02:00:00,0.0,0.0
2024-02-26 03:00:00,0.0,0.0
2024-02-26 04:00:00,0.0,0.0
2024-02-26 05:00:00,0.0,0.0
2024-02-26 06:00:00,0.0,0.0
2024-02-26 07:00:00,0.0,0.0
2024-02-26 08:00:00,0.0,0.0
2024-02-26 09:00:00,0.0,0.0
2024-02-26 10:00:00,0.11560758115443208,0.11560758115443208
2024-02-26 11:00:00,0.43408014127759015,0.43408014127759015
2024-02-26 12:00:00,0.9689496074883217,0.9689496074883217
2024-02-26 13:00:00,1.4126195670555608,1.4126195670555608
2024-02-26 14:00:00,1.9905360175980247,1.9905360175980247
2024-02-26 15:00:00,2.3651543712202554,2.3651543712202554
2024-02-26 16:00:00,3.1089586880451923,3.1089586880451923
2024-02-26 17:00:00,4.013152374520203,4.013152374520203
2024-02-26 18:00:00,3.416406532014121,3.416406532014121
2024-02-26 19:00:00,4.049392760952162,4.049392760952162
2024-02-26 20:00:00,3.822024959265112,3.822024959265112
2024-02-26 21:00:00,3.7944890017698523,3.7944890017698523
2024-02-26 22:00:00,0.0,0.0
2024-02-26 23:00:00,0.0,0.0
2024-02-27 00:00:00,0.0,0.0
2024-02-27 01:00:00,0.0,0.0
2024-02-27 02:00:00,0.0,0.0
2024-02-27 03:00:00,0.0,0.0
2024-02-27 04:00:00,0.0,0.0
2024-02-27 05:00:00,0.0,0.0
2024-02-27 06:00:00,0.0,0.0
2024-02-27 07:00:00,0.0,0.0
2024-02-27 08:00:00,0.0,0.0
2024-02-27 09:00:00,0.0,0.0
2024-02-27 10:00:00,0.13280872603174823,0.13280872603174823
2024-02-27 11:00:00,0.47808517459316835,0.47808517459316835
2024-02-27 12:00:00,0.9987435839220616,0.9987435839220616
2024-02-27 13:00:00,1.4734771014143775,1.4734771014143775
2024-02-27 14:00:00,1.9541345731629265,1.9541345731629265
2024-02-27 15:00:00,2.2969526482014047,2.2969526482014047
2024-02-27 16:00:00,3.5269314767394513,3.5269314767394513
2024-02-27 17:00:00,3.6812803159715917,3.6812803159715917
2024-02-27 18:00:00,3.1017918047500874,3.1017918047500874
2024-02-27 19:00:00,3.5696777437950615,3.5696777437950615
2024-02-27 20:00:00,4.31359626969568,4.31359626969568
2024-02-27 21:00:00,3.617662341962197,3.617662341962197
2024-02-27 22:00:00,0.0,0.0
2024-02-27 23:00:00,0.0,0.0
2024-02-28 00:00:00,0.0,0.0
2024-02-28 01:00:00,0.0,0.0
2024-02-28 02:00:00,0.0,0.0
2024-02-28 03:00:00,0.0,0.0
2024-02-28 04:00:00,0.0,0.0
2024-02-28 05:00:00,0.0,0.0
2024-02-28 06:00:00,0.0,0.0
2024-02-28 07:00:00,0.0,0.0
2024-02-28 08:00:00,0.0,0.0
2024-02-28 09:00:00,0.0,0.0
2024-02-28 10:00:00,0.10468306402753387,0.10468306402753387
2024-02-28 11:00:00,0.43472342494262123,0.43472342494262123
2024-02-28 12:00:00,0.6992027057074884,0.6992027057074884
2024-02-28 13:00:00,1.3821427817393082,1.3821427817393082
2024-02-28 14:00:00,2.0417664602878323,2.0417664602878323
2024-02-28 15:00:00,2.0633604816393145,2.0633604816393145
2024-02-28 16:00:00,2.961147490166178,2.961147490166178
2024-02-28 17:00:00,3.8415750013767203,3.8415750013767203
2024-02-28 18:00:00,2.945323121232965,2.945323121232965
2024-02-28 19:00:00,3.650521986396753,3.650521986396753
2024-02-28 20:00:00,3.159883039483925,3.159883039483925
2024-02-28 21:00:00,3.0440827401362824,3.0440827401362824
2024-02-28 22:00:00,0.0,0.0
2024-02-28 23:00:00,0.0,0.0
2024-02-29 00:00:00,0.0,0.0
2024-02-29 01:00:00,0.0,0.0
2024-02-29 02:00:00,0.0,0.0
2024-02-29 03:00:00,0.0,0.0
2024-02-29 04:00:00,0.0,0.0
2024-02-29 05:00:00,0.0,0.0
2024-02-29 06:00:00,0.0,0.0
2024-02-29 07:00:00,0.0,0.0
2024-02-29 08:00:00,0.0,0.0
2024-02-29 09:00:00,0.0,0.0
2024-02-29 10:00:00,0.14239978067881084,0.14239978067881084
2024-02-29 11:00:00,0.42819117032490167,0.42819117032490167
2024-02-29 12:00:00,0.8639489276458538,0.8639489276458538
2024-02-29 13:00:00,1.7025384679981561,1.7025384679981561
2024-02-29 14:00:00,2.142707415868017,2.142707415868017
2024-02-29 15:00:00,2.480073813736658,2.480073813736658
2024-02-29 16:00:00,4.0622089222431566,4.0622089222431566
2024-02-29 17:00:00,3.699421962309305,3.699421962309305
2024-02-29 18:00:00,3.762708715196333,3.762708715196333
2024-02-29 19:00:00,4.2533482824089806,4.2533482824089806
2024-02-29 20:00:00,3.365513722804047,3.365513722804047
2024-02-29 21:00:00,4.100184403908493,4.100184403908493
2024-02-29 22:00:00,0.0,0.0
2024-02-29 23:00:00,0.0,0.0
2024-03-01 00:00:00,0.0,0.0
2024-03-01 01:00:00,0.0,0.0
2024-03-01 02:00:00,0.0,0.0
2024-03-01 03:00:00,0.0,0.0
2024-03-01 04:00:00,0.0,0.0
2024-03-01 05:00:00,0.0,0.0
2024-03-01 06:00:00,0.0,0.0
2024-03-01 07:00:00,0.0,0.0
2024-03-01 08:00:00,0.0,0.0
2024-03-01 09:00:00,0.0,0.0
2024-03-01 10:00:00,0.1258991074612643,0.1258991074612643
2024-03-01 11:00:00,0.37516412781669267,0.37516412781669267
2024-03-01 12:00:00,0.8257861957987908,0.8257861957987908
2024-03-01 13:00:00,1.2189887793483116,1.2189887793483116
2024-03-01 14:00:00,1.9255623910719712,1.9255623910719712
2024-03-01 15:00:00,2.5304694859412953,2.5304694859412953
2024-03-01 16:00:00,2.7659906574018023,2.7659906574018023
2024-03-01 17:00:00,3.339015542313543,3.339015542313543
2024-03-01 18:00:00,2.6842384900727385,2.6842384900727385
2024-03-01 19:00:00,3.8808867300355727,3.8808867300355727
2024-03-01 20:00:00,3.51196210060523,3.51196210060523
2024-03-01 21:00:00,3.1380494316044185,3.1380494316044185
2024-03-01 22:00:00,0.0,0.0
2024-03-01 23:00:00,0.0,0.0
2024-03-02 00:00:00,0.0,0.0
2024-03-02 01:00:00,0.0,0.0
2024-03-02 02:00:00,0.0,0.0
2024-03-02 03:00:00,0.0,0.0
2024-03-02 04:00:00,0.0,0.0
2024-03-02 05:00:00,0.0,0.0
2024-03-02 06:00:00,0.0,0.0
2024-03-02 07:00:00,0.0,0.0
2024-03-02 08:00:00,0.0,0.0
2024-03-02 09:00:00,0.0,0.0
2024-03-02 10:00:00,0.09405376022554224,0.09405376022554224
2024-03-02 11:00:00,0.32715769700040365,0.32715769700040365
2024-03-02 12:00:00,0.6197281480834478,0.6197281480834478
2024-03-02 13:00:00,0.9385189525677495,0.9385189525677495
2024-03-02 14:00:00,1.678211343265189,1.678211343265189
2024-03-02 15:00:00,1.8661991845206578,1.8661991845206578
2024-03-02 16:00:00,2.5545802495141703,2.5545802495141703
2024-03-02 17:00:00,2.3149948484574954,2.3149948484574954
2024-03-02 18:00:00,2.247979590764013,2.247979590764013
2024-03-02 19:00:00,2.8348249776870436,2.8348249776870436
2024-03-02 20:00:00,2.4179499739692796,2.4179499739692796
2024-03-02 21:00:00,2.4423883575561596,2.4423883575561596
2024-03-02 22:00:00,0.0,0.0
2024-03-02 23:00:00,0.0,0.0
2024-03-03 00:00:00,0.0,0.0
2024-03-03 01:00:00,0.0,0.0
2024-03-03 02:00:00,0.0,0.0
2024-03-03 03:00:00,0.0,0.0
2024-03-03 04:00:00,0.0,0.0
2024-03-03 05:00:00,0.0,0.0
2024-03-03 06:00:00,0.0,0.0
2024-03-03 07:00:00,0.0,0.0
2024-03-03 08:00:00,0.0,0.0
2024-03-03 09:00:00,0.0,0.0
2024-03-03 10:00:00,0.08013037208984355,0.08013037208984355
2024-03-03 11:00:00,0.33175587636684617,0.33175587636684617
2024-03-03 12:00:00,0.5282932444383879,0.5282932444383879
2024-03-03 13:00:00,0.9750490434593025,0.9750490434593025
2024-03-03 14:00:00,1.6060764761075446,1.6060764761075446
2024-03-03 15:00:00,1.7112428486046787,1.7112428486046787
2024-03-03 16:00:00,2.081626977778744,2.081626977778744
2024-03-03 17:00:00,2.6552586177668434,2.6552586177668434
2024-03-03 18:00:00,2.6122224498436624,2.6122224498436624
2024-03-03 19:00:00,2.8966418951694486,2.8966418951694486
2024-03-03 20:00:00,2.2412600467725823,2.2412600467725823
2024-03-03 21:00:00,2.219912093793588,2.219912093793588
2024-03-03 22:00:00,0.0,0.0
2024-03-03 23:00:00,0.0,0.0
2024-03-04 00:00:00,0.0,0.0
2024-03-04 01:00:00,0.0,0.0
2024-03-04 02:00:00,0.0,0.0
2024-03-04 03:00:00,0.0,0.0
2024-03-04 04:00:00,0.0,0.0
2024-03-04 05:00:00,0.0,0.0
2024-03-04 06:00:00,0.0,0.0
2024-03-04 07:00:00,0.0,0.0
2024-03-04 08:00:00,0.0,0.0
2024-03-04 09:00:00,0.0,0.0
2024-03-04 10:00:00,0.11992756906840768,0.11992756906840768
2024-03-04 11:00:00,0.5397016462736528,0.5397016462736528
2024-03-04 12:00:00,0.9810948626473387,0.9810948626473387
2024-03-04 13:00:00,1.5311506067361071,1.5311506067361071
2024-03-04 14:00:00,2.544337577681881,2.544337577681881
2024-03-04 15:00:00,2.5383498825182778,2.5383498825182778
2024-03-04 16:00:00,3.38938578064638,3.38938578064638
2024-03-04 17:00:00,3.596184696686183,3.596184696686183
2024-03-04 18:00:00,3.5504636183206117,3.5504636183206117
2024-03-04 19:00:00,3.313932893973813,3.313932893973813
2024-03-04 20:00:00,3.295918573699181,3.295918573699181
2024-03-04 21:00:00,3.455564555571675,3.455564555571675
2024-03-04 22:00:00,0.0,0.0
2024-03-04 23:00:00,0.0,0.0
2024-03-05 00:00:00,0.0,0.0
2024-03-05 01:00:00,0.0,0.0
2024-03-05 02:00:00,0.0,0.0
2024-03-05 03:00:00,0.0,0.0
2024-03-05 04:00:00,0.0,0.0
2024-03-05 05:00:00,0.0,0.0
2024-03-05 06:00:00,0.0,0.0
2024-03-05 07:00:00,0.0,0.0
2024-03-05 08:00:00,0.0,0.0
2024-03-05 09:00:00,0.0,0.0
2024-03-05 10:00:00,0.11648318483534466,0.11648318483534466
2024-03-05 11:00:00,0.5202422421244435,0.5202422421244435
2024-03-05 12:00:00,0.9221720318531014,0.9221720318531014
2024-03-05 13:00:00,1.3948764741641408,1.3948764741641408
2024-03-05 14:00:00,2.1488738643263887,2.1488738643263887
2024-03-05 15:00:00,3.0389342975904685,3.0389342975904685
2024-03-05 16:00:00,3.605602661811532,3.605602661811532
2024-03-05 17:00:00,4.519968395315433,4.519968395315433
2024-03-05 18:00:00,3.540052235628931,3.540052235628931
2024-03-05 19:00:00,3.9101230895908947,3.9101230895908947
2024-03-05 20:00:00,4.085221714958615,4.085221714958615
2024-03-05 21:00:00,4.308789138833708,4.308789138833708
2024-03-05 22:00:00,0.0,0.0
2024-03-05 23:00:00,0.0,0.0
2024-03-06 00:00:00,0.0,0.0
2024-03-06 01:00:00,0.0,0.0
2024-03-06 02:00:00,0.0,0.0
2024-03-06 03:00:00,0.0,0.0
2024-03-06 04:00:00,0.0,0.0
2024-03-06 05:00:00,0.0,0.0
2024-03-06 06:00:00,0.0,0.0
2024-03-06 07:00:00,0.0,0.0
2024-03-06 08:00:00,0.0,0.0
2024-03-06 09:00:00,0.0,0.0
2024-03-06 10:00:00,0.10356124193536297,0.10356124193536297
2024-03-06 11:00:00,0.4811895619586289,0.4811895619586289
2024-03-06 12:00:00,0.7227354671870564,0.7227354671870564
2024-03-06 13:00:00,1.4208389584572336,1.4208389584572336
2024-03-06 14:00:00,2.020995923586397,2.020995923586397
2024-03-06 15:00:00,2.083882747283059,2.083882747283059
2024-03-06 16:00:00,2.7436064251433057,2.7436064251433057
2024-03-06 17:00:00,3.257434058016602,3.257434058016602
2024-03-06 18:00:00,3.229811742357149,3.229811742357149
2024-03-06 19:00:00,3.438477628915336,3.438477628915336
2024-03-06 20:00:00,3.921922069181448,3.921922069181448
2024-03-06 21:00:00,4.029540986942437,4.029540986942437
2024-03-06 22:00:00,0.0,0.0
2024-03-06 23:00:00,0.0,0.0
2024-03-07 00:00:00,0.0,0.0
2024-03-07 01:00:00,0.0,0.0
2024-03-07 02:00:00,0.0,0.0
2024-03-07 03:00:00,0.0,0.0
2024-03-07 04:00:00,0.0,0.0
2024-03-07 05:00:00,0.0,0.0
2024-03-07 06:00:00,0.0,0.0
2024-03-07 07:00:00,0.0,0.0
2024-03-07 08:00:00,0.0,0.0
2024-03-07 09:00:00,0.0,0.0
2024-03-07 10:00:00,0.10322695817691242,0.10322695817691242
2024-03-07 11:00:00,0.39499556186015683,0.39499556186015683
2024-03-07 12:00:00,0.71687525782872,0.71687525782872
2024-03-07 13:00:00,1.2709293265215884,1.2709293265215884
2024-03-07 14:00:00,1.9150960934245351,1.9150960934245351
2024-03-07 15:00:00,2.3374542728382046,2.3374542728382046
2024-03-07 16:00:00,3.2329458508842617,3.2329458508842617
2024-03-07 17:00:00,3.1862679789858945,3.1862679789858945
2024-03-07 18:00:00,2.588485339077419,2.588485339077419
2024-03-07 19:00:00,3.494291123766064,3.494291123766064
2024-03-07 20:00:00,3.138621454647286,3.138621454647286
2024-03-07 21:00:00,3.292459787302989,3.292459787302989
2024-03-07 22:00:00,0.0,0.0
2024-03-07 23:00:00,0.0,0.0
2024-03-08 00:00:00,0.0,0.0
2024-03-08 01:00:00,0.0,0.0
2024-03-08 02:00:00,0.0,0.0
2024-03-08 03:00:00,0.0,0.0
2024-03-08 04:00:00,0.0,0.0
2024-03-08 05:00:00,0.0,0.0
2024-03-08 06:00:00,0.0,0.0
2024-03-08 07:00:00,0.0,0.0
2024-03-08 08:00:00,0.0,0.0
2024-03-08 09:00:00,0.0,0.0
2024-03-08 10:00:00,0.10805424501772838,0.10805424501772838
2024-03-08 11:00:00,0.4414005512325284,0.4414005512325284
2024-03-08 12:00:00,0.8711217765330946,0.8711217765330946
2024-03-08 13:00:00,1.224908627558629,1.224908627558629
2024-03-08 14:00:00,1.89289785983141,1.89289785983141
2024-03-08 15:00:00,2.0494646250804878,2.0494646250804878
2024-03-08 16:00:00,2.872628977576238,2.872628977576238
2024-03-08 17:00:00,3.8381512147024397,3.8381512147024397
2024-03-08 18:00:00,3.4833283400621378,3.4833283400621378
2024-03-08 19:00:00,3.203989699075342,3.203989699075342
2024-03-08 20:00:00,3.913720627595732,3.913720627595732
2024-03-08 21:00:00,4.041232854292316,4.041232854292316
2024-03-08 22:00:00,0.0,0.0
2024-03-08 23:00:00,0.0,0.0
2024-03-09 00:00:00,0.0,0.0
2024-03-09 01:00:00,0.0,0.0
2024-03-09 02:00:00,0.0,0.0
2024-03-09 03:00:00,0.0,0.0
2024-03-09 04:00:00,0.0,0.0
2024-03-09 05:00:00,0.0,0.0
2024-03-09 06:00:00,0.0,0.0
2024-03-09 07:00:00,0.0,0.0
2024-03-09 08:00:00,0.0,0.0
2024-03-09 09:00:00,0.0,0.0
2024-03-09 10:00:00,0.07833677641049283,0.07833677641049283
2024-03-09 11:00:00,0.314326630175047,0.314326630175047
2024-03-09 12:00:00,0.5604240460460976,0.5604240460460976
2024-03-09 13:00:00,0.9227863670653754,0.9227863670653754
2024-03-09 14:00:00,1.5454851413522974,1.5454851413522974
2024-03-09 15:00:00,1.7162311755186128,1.7162311755186128
2024-03-09 16:00:00,2.157573421585198,2.157573421585198
2024-03-09 17:00:00,2.9653447311486216,2.9653447311486216
2024-03-09 18:00:00,2.313459804507039,2.313459804507039
2024-03-09 19:00:00,2.5437457834119206,2.5437457834119206
2024-03-09 20:00:00,2.4819468073336597,2.4819468073336597
2024-03-09 21:00:00,2.316620238696572,2.316620238696572
2024-03-09 22:00:00,0.0,0.0
2024-03-09 23:00:00,0.0,0.0
2024-03-10 00:00:00,0.0,0.0
2024-03-10 01:00:00,0.0,0.0
2024-03-10 02:00:00,0.0,0.0
2024-03-10 03:00:00,0.0,0.0
2024-03-10 04:00:00,0.0,0.0
2024-03-10 05:00:00,0.0,0.0
2024-03-10 06:00:00,0.0,0.0
2024-03-10 07:00:00,0.0,0.0
2024-03-10 08:00:00,0.0,0.0
2024-03-10 09:00:00,0.0,0.0
2024-03-10 10:00:00,0.07041654542217693,0.07041654542217693
2024-03-10 11:00:00,0.34391494352920954,0.34391494352920954
2024-03-10 12:00:00,0.6235712442358045,0.6235712442358045
2024-03-10 13:00:00,0.9603589474030025,0.9603589474030025
2024-03-10 14:00:00,1.2825607920725606,1.2825607920725606
2024-03-10 15:00:00,1.4524785800228919,1.4524785800228919
2024-03-10 16:00:00,1.938259336204367,1.938259336204367
2024-03-10 17:00:00,2.592494423373743,2.592494423373743
2024-03-10 18:00:00,1.9513386199330793,1.9513386199330793
2024-03-10 19:00:00,2.390861430493094,2.390861430493094
2024-03-10 20:00:00,2.26565779896295,2.26565779896295
2024-03-10 21:00:00,2.158873271832478,2.158873271832478
2024-03-10 22:00:00,0.0,0.0
2024-03-10 23:00:00,0.0,0.0
2024-03-11 00:00:00,0.0,0.0
2024-03-11 01:00:00,0.0,0.0
2024-03-11 02:00:00,0.0,0.0
2024-03-11 03:00:00,0.0,0.0
2024-03-11 04:00:00,0.0,0.0
2024-03-11 05:00:00,0.0,0.0
2024-03-11 06:00:00,0.0,0.0
2024-03-11 07:00:00,0.0,0.0
2024-03-11 08:00:00,0.0,0.0
2024-03-11 09:00:00,0.0,0.0
2024-03-11 10:00:00,0.12344683531477128,0.12344683531477128
2024-03-11 11:00:00,0.3945196990602615,0.3945196990602615
2024-03-11 12:00:00,0.8074304677879643,0.8074304677879643
2024-03-11 13:00:00,1.264398290448317,1.264398290448317
2024-03-11 14:00:00,2.0921524025046656,2.0921524025046656
2024-03-11 15:00:00,2.1468898387887725,2.1468898387887725
2024-03-11 16:00:00,3.5647128796665237,3.5647128796665237
2024-03-11 17:00:00,3.302729224151337,3.302729224151337
2024-03-11 18:00:00,3.400740284831961,3.400740284831961
2024-03-11 19:00:00,3.49017973405453,3.49017973405453
2024-03-11 20:00:00,3.9151710225787872,3.9151710225787872
2024-03-11 21:00:00,3.863651904657675,3.863651904657675
2024-03-11 22:00:00,0.0,0.0
2024-03-11 23:00:00,0.0,0.0
2024-03-12 00:00:00,0.0,0.0
2024-03-12 01:00:00,0.0,0.0
2024-03-12 02:00:00,0.0,0.0
2024-03-12 03:00:00,0.0,0.0
2024-03-12 04:00:00,0.0,0.0
2024-03-12 05:00:00,0.0,0.0
2024-03-12 06:00:00,0.0,0.0
2024-03-12 07:00:00,0.0,0.0
2024-03-12 08:00:00,0.0,0.0
2024-03-12 09:00:00,0.0,0.0
2024-03-12 10:00:00,0.12904225177158096,0.12904225177158096
2024-03-12 11:00:00,0.3858576882103399,0.3858576882103399
2024-03-12 12:00:00,0.7030093996066815,0.7030093996066815
2024-03-12 13:00:00,1.4264684275134785,1.4264684275134785
2024-03-12 14:00:00,2.278316435036244,2.278316435036244
2024-03-12 15:00:00,2.5353261928863704,2.5353261928863704
2024-03-12 16:00:00,3.3950532103346096,3.3950532103346096
2024-03-12 17:00:00,3.017613101193547,3.017613101193547
2024-03-12 18:00:00,3.5446871659343944,3.5446871659343944
2024-03-12 19:00:00,3.6159731767356837,3.6159731767356837
2024-03-12 20:00:00,3.896267593074178,3.896267593074178
2024-03-12 21:00:00,3.5323530073579983,3.5323530073579983
2024-03-12 22:00:00,0.0,0.0
2024-03-12 23:00:00,0.0,0.0
2024-03-13 00:00:00,0.0,0.0
2024-03-13 01:00:00,0.0,0.0
2024-03-13 02:00:00,0.0,0.0
2024-03-13 03:00:00,0.0,0.0
2024-03-13 04:00:00,0.0,0.0
2024-03-13 05:00:00,0.0,0.0
2024-03-13 06:00:00,0.0,0.0
2024-03-13 07:00:00,0.0,0.0
2024-03-13 08:00:00,0.0,0.0
2024-03-13 09:00:00,0.0,0.0
2024-03-13 10:00:00,0.1043076703647885,0.1043076703647885
2024-03-13 11:00:00,0.4221660947748784,0.4221660947748784
2024-03-13 12:00:00,0.7662354045524213,0.7662354045524213
2024-03-13 13:00:00,1.254858469482077,1.254858469482077
2024-03-13 14:00:00,2.0205534663969913,2.0205534663969913
2024-03-13 15:00:00,2.02084251450534,2.02084251450534
2024-03-13 16:00:00,3.4451241900430896,3.4451241900430896
2024-03-13 17:00:00,3.4854028859583672,3.4854028859583672
2024-03-13 18:00:00,3.0554883355653724,3.0554883355653724
2024-03-13 19:00:00,3.0602834603460844,3.0602834603460844
2024-03-13 20:00:00,3.1438600262922365,3.1438600262922365
2024-03-13 21:00:00,3.951063004128499,3.951063004128499
2024-03-13 22:00:00,0.0,0.0
2024-03-13 23:00:00,0.0,0.0
2024-03-14 00:00:00,0.0,0.0
2024-03-14 01:00:00,0.0,0.0
2024-03-14 02:00:00,0.0,0.0
2024-03-14 03:00:00,0.0,0.0
2024-03-14 04:00:00,0.0,0.0
2024-03-14 05:00:00,0.0,0.0
2024-03-14 06:00:00,0.0,0.0
2024-03-14 07:00:00,0.0,0.0
2024-03-14 08:00:00,0.0,0.0
2024-03-14 09:00:00,0.0,0.0
2024-03-14 10:00:00,0.11985903441996915,0.11985903441996915
2024-03-14 11:00:00,0.5303659305822546,0.5303659305822546
2024-03-14 12:00:00,1.007864327729937,1.007864327729937
2024-03-14 13:00:00,1.4038392754740878,1.4038392754740878
2024-03-14 14:00:00,2.6047092791683433,2.6047092791683433
2024-03-14 15:00:00,2.529929742341874,2.529929742341874
2024-03-14 16:00:00,3.5850266896315706,3.5850266896315706
2024-03-14 17:00:00,3.649976524411566,3.649976524411566
2024-03-14 18:00:00,3.15682664057072,3.15682664057072
2024-03-14 19:00:00,3.3921260516048553,3.3921260516048553
2024-03-14 20:00:00,3.6657658357794674,3.6657658357794674
2024-03-14 21:00:00,4.085430683945243,4.085430683945243
2024-03-14 22:00:00,0.0,0.0
2024-03-14 23:00:00,0.0,0.0
2024-03-15 00:00:00,0.0,0.0
2024-03-15 01:00:00,0.0,0.0
2024-03-15 02:00:00,0.0,0.0
2024-03-15 03:00:00,0.0,0.0
2024-03-15 04:00:00,0.0,0.0
2024-03-15 05:00:00,0.0,0.0
2024-03-15 06:00:00,0.0,0.0
2024-03-15 07:00:00,0.0,0.0
2024-03-15 08:00:00,0.0,0.0
2024-03-15 09:00:00,0.0,0.0
2024-03-15 10:00:00,0.14403915277162951,0.14403915277162951
2024-03-15 11:00:00,0.41601144081154573,0.41601144081154573
2024-03-15 12:00:00,0.7548613057195072,0.7548613057195072
2024-03-15 13:00:00,1.3201924365358662,1.3201924365358662
2024-03-15 14:00:00,2.4196169869684936,2.4196169869684936
2024-03-15 15:00:00,2.7982942620502964,2.7982942620502964
2024-03-15 16:00:00,3.1072770221470356,3.1072770221470356
2024-03-15 17:00:00,3.858157655414999,3.858157655414999
2024-03-15 18:00:00,3.2722400372951133,3.2722400372951133
2024-03-15 19:00:00,3.666565845615509,3.666565845615509
2024-03-15 20:00:00,3.851853228275751,3.851853228275751
2024-03-15 21:00:00,4.091669103556131,4.091669103556131
2024-03-15 22:00:00,0.0,0.0
2024-03-15 23:00:00,0.0,0.0
2024-03-16 00:00:00,0.0,0.0
2024-03-16 01:00:00,0.0,0.0
2024-03-16 02:00:00,0.0,0.0
2024-03-16 03:00:00,0.0,0.0
2024-03-16 04:00:00,0.0,0.0
2024-03-16 05:00:00,0.0,0.0
2024-03-16 06:00:00,0.0,0.0
2024-03-16 07:00:00,0.0,0.0
2024-03-16 08:00:00,0.0,0.0
2024-03-16 09:00:00,0.0,0.0
2024-03-16 10:00:00,0.07032396144246057,0.07032396144246057
2024-03-16 11:00:00,0.26969837909782723,0.26969837909782723
2024-03-16 12:00:00,0.48902863803768376,0.48902863803768376
2024-03-16 13:00:00,0.8848310959562578,0.8848310959562578
2024-03-16 14:00:00,1.5873163012811906,1.5873163012811906
2024-03-16 15:00:00,1.4494886434075895,1.4494886434075895
2024-03-16 16:00:00,2.4582655229186514,2.4582655229186514
2024-03-16 17:00:00,2.6974572998693196,2.6974572998693196
2024-03-16 18:00:00,2.1664176843454674,2.1664176843454674
2024-03-16 19:00:00,2.5140874362394037,2.5140874362394037
2024-03-16 20:00:00,2.120499621244409,2.120499621244409
2024-03-16 21:00:00,2.6131780299204044,2.6131780299204044
2024-03-16 22:00:00,0.0,0.0
2024-03-16 23:00:00,0.0,0.0
2024-03-17 00:00:00,0.0,0.0
2024-03-17 01:00:00,0.0,0.0
2024-03-17 02:00:00,0.0,0.0
2024-03-17 03:00:00,0.0,0.0
2024-03-17 04:00:00,0.0,0.0
2024-03-17 05:00:00,0.0,0.0
2024-03-17 06:00:00,0.0,0.0
2024-03-17 07:00:00,0.0,0.0
2024-03-17 08:00:00,0.0,0.0
2024-03-17 09:00:00,0.0,0.0
2024-03-17 10:00:00,0.0810682407492931,0.0810682407492931
2024-03-17 11:00:00,0.3688939287291877,0.3688939287291877
2024-03-17 12:00:00,0.5830999402521481,0.5830999402521481
2024-03-17 13:00:00,0.8390346166701108,0.8390346166701108
2024-03-17 14:00:00,1.7636641778227409,1.7636641778227409
2024-03-17 15:00:00,2.0427809807235993,2.0427809807235993
2024-03-17 16:00:00,2.2416003476964272,2.2416003476964272
2024-03-17 17:00:00,2.379132725463576,2.379132725463576
2024-03-17 18:00:00,2.3915240849637067,2.3915240849637067
2024-03-17 19:00:00,2.821163488586048,2.821163488586048
2024-03-17 20:00:00,2.4762767865988153,2.4762767865988153
2024-03-17 21:00:00,2.6638499695748377,2.6638499695748377
2024-03-17 22:00:00,0.0,0.0
2024-03-17 23:00:00,0.0,0.0
2024-03-18 00:00:00,0.0,0.0
2024-03-18 01:00:00,0.0,0.0
2024-03-18 02:00:00,0.0,0.0
2024-03-18 03:00:00,0.0,0.0
2024-03-18 04:00:00,0.0,0.0
2024-03-18 05:00:00,0.0,0.0
2024-03-18 06:00:00,0.0,0.0
2024-03-18 07:00:00,0.0,0.0
2024-03-18 08:00:00,0.0,0.0
2024-03-18 09:00:00,0.0,0.0
2024-03-18 10:00:00,0.13256049035726136,0.13256049035726136
2024-03-18 11:00:00,0.45072525874510017,0.45072525874510017
2024-03-18 12:00:00,0.7763206090571093,0.7763206090571093
2024-03-18 13:00:00,1.6187054264365184,1.6187054264365184
2024-03-18 14:00:00,2.136892171783057,2.136892171783057
2024-03-18 15:00:00,3.0534096376922566,3.0534096376922566
2024-03-18 16:00:00,3.3166002291994134,3.3166002291994134
2024-03-18 17:00:00,3.411630041598526,3.411630041598526
2024-03-18 18:00:00,3.9493317362541327,3.9493317362541327
2024-03-18 19:00:00,3.899220404741028,3.899220404741028
2024-03-18 20:00:00,4.065194338498211,4.065194338498211
2024-03-18 21:00:00,4.372267402712791,4.372267402712791
2024-03-18 22:00:00,0.0,0.0
2024-03-18 23:00:00,0.0,0.0
2024-03-19 00:00:00,0.0,0.0
2024-03-19 01:00:00,0.0,0.0
2024-03-19 02:00:00,0.0,0.0
2024-03-19 03:00:00,0.0,0.0
2024-03-19 04:00:00,0.0,0.0
2024-03-19 05:00:00,0.0,0.0
2024-03-19 06:00:00,0.0,0.0
2024-03-19 07:00:00,0.0,0.0
2024-03-19 08:00:00,0.0,0.0
2024-03-19 09:00:00,0.0,0.0
2024-03-19 10:00:00,0.14161593577964657,0.14161593577964657
2024-03-19 11:00:00,0.550111003918078,0.550111003918078
2024-03-19 12:00:00,0.8611585480801228,0.8611585480801228
2024-03-19 13:00:00,1.3366037135707616,1.3366037135707616
2024-03-19 14:00:00,2.0185595007096864,2.0185595007096864
2024-03-19 15:00:00,3.091616499481631,3.091616499481631
2024-03-19 16:00:00,3.608024743618139,3.608024743618139
2024-03-19 17:00:00,3.880455219408809,3.880455219408809
2024-03-19 18:00:00,3.7421437187701354,3.7421437187701354
2024-03-19 19:00:00,3.4716799665456106,3.4716799665456106
2024-03-19 20:00:00,3.980468464244848,3.980468464244848
2024-03-19 21:00:00,4.174283345671247,4.174283345671247
2024-03-19 22:00:00,0.0,0.0
2024-03-19 23:00:00,0.0,0.0
2024-03-20 00:00:00,0.0,0.0
2024-03-20 01:00:00,0.0,0.0
2024-03-20 02:00:00,0.0,0.0
2024-03-20 03:00:00,0.0,0.0
2024-03-20 04:00:00,0.0,0.0
2024-03-20 05:00:00,0.0,0.0
2024-03-20 06:00:00,0.0,0.0
2024-03-20 07:00:00,0.0,0.0
2024-03-20 08:00:00,0.0,0.0
2024-03-20 09:00:00,0.0,0.0
2024-03-20 10:00:00,0.0974422663025151,0.0974422663025151
2024-03-20 11:00:00,0.4161438170235942,0.4161438170235942
2024-03-20 12:00:00,0.7973421380097049,0.7973421380097049
2024-03-20 13:00:00,1.3082665538749685,1.3082665538749685
2024-03-20 14:00:00,1.8090055377763974,1.8090055377763974
2024-03-20 15:00:00,1.9733687413916385,1.9733687413916385
2024-03-20 16:00:00,2.8939878201631477,2.8939878201631477
2024-03-20 17:00:00,2.9551470029610205,2.9551470029610205
2024-03-20 18:00:00,2.679807693226415,2.679807693226415
2024-03-20 19:00:00,3.701042840976816,3.701042840976816
2024-03-20 20:00:00,3.499182465476573,3.499182465476573
2024-03-20 21:00:00,2.920313981794712,2.920313981794712
2024-03-20 22:00:00,0.0,0.0
2024-03-20 23:00:00,0.0,0.0
2024-03-21 00:00:00,0.0,0.0
2024-03-21 01:00:00,0.0,0.0
2024-03-21 02:00:00,0.0,0.0
2024-03-21 03:00:00,0.0,0.0
2024-03-21 04:00:00,0.0,0.0
2024-03-21 05:00:00,0.0,0.0
2024-03-21 06:00:00,0.0,0.0
2024-03-21 07:00:00,0.0,0.0
2024-03-21 08:00:00,0.0,0.0
2024-03-21 09:00:00,0.0,0.0
2024-03-21 10:00:00,0.11135354712600427,0.11135354712600427
2024-03-21 11:00:00,0.5205487411791156,0.5205487411791156
2024-03-21 12:00:00,0.9219430581750405,0.9219430581750405
2024-03-21 13:00:00,1.2266035194103377,1.2266035194103377
2024-03-21 14:00:00,2.178473436148519,2.178473436148519
2024-03-21 15:00:00,2.6512172911007363,2.6512172911007363
2024-03-21 16:00:00,3.308817766973663,3.308817766973663
2024-03-21 17:00:00,3.4685995774838245,3.4685995774838245
2024-03-21 18:00:00,3.7210254081597967,3.7210254081597967
2024-03-21 19:00:00,3.6481036880443947,3.6481036880443947
2024-03-21 20:00:00,3.287266580464159,3.287266580464159
2024-03-21 21:00:00,4.380606767805476,4.380606767805476
2024-03-21 22:00:00,0.0,0.0
2024-03-21 23:00:00,0.0,0.0
2024-03-22 00:00:00,0.0,0.0
2024-03-22 01:00:00,0.0,0.0
2024-03-22 02:00:00,0.0,0.0
2024-03-22 03:00:00,0.0,0.0
2024-03-22 04:00:00,0.0,0.0
2024-03-22 05:00:00,0.0,0.0
2024-03-22 06:00:00,0.0,0.0
2024-03-22 07:00:00,0.0,0.0
2024-03-22 08:00:00,0.0,0.0
2024-03-22 09:00:00,0.0,0.0
2024-03-22 10:00:00,0.13551987974419638,0.13551987974419638
2024-03-22 11:00:00,0.4590693037318268,0.4590693037318268
2024-03-22 12:00:00,0.7736905337241757,0.7736905337241757
2024-03-22 13:00:00,1.5387604827330548,1.5387604827330548
2024-03-22 14:00:00,2.26388986847911,2.26388986847911
2024-03-22 15:00:00,2.6427040449393324,2.6427040449393324
2024-03-22 16:00:00,3.817629451387347,3.817629451387347
2024-03-22 17:00:00,3.467170852371973,3.467170852371973
2024-03-22 18:00:00,3.673131838949705,3.673131838949705
2024-03-22 19:00:00,3.1584763338114397,3.1584763338114397
2024-03-22 20:00:00,3.2356728628711675,3.2356728628711675
2024-03-22 21:00:00,4.278047429965635,4.278047429965635
2024-03-22 22:00:00,0.0,0.0
2024-03-22 23:00:00,0.0,0.0
2024-03-23 00:00:00,0.0,0.0
2024-03-23 01:00:00,0.0,0.0
2024-03-23 02:00:00,0.0,0.0
2024-03-23 03:00:00,0.0,0.0
2024-03-23 04:00:00,0.0,0.0
2024-03-23 05:00:00,0.0,0.0
2024-03-23 06:00:00,0.0,0.0
2024-03-23 07:00:00,0.0,0.0
2024-03-23 08:00:00,0.0,0.0
2024-03-23 09:00:00,0.0,0.0
2024-03-23 10:00:00,0.09102523207238551,0.09102523207238551
2024-03-23 11:00:00,0.3676168726435486,0.3676168726435486
2024-03-23 12:00:00,0.5201460354675886,0.5201460354675886
2024-03-23 13:00:00,0.9687542934491485,0.9687542934491485
2024-03-23 14:00:00,1.3613629238311395,1.3613629238311395
2024-03-23 15:00:00,1.655572687415969,1.655572687415969
2024-03-23 16:00:00,2.4246477881641533,2.4246477881641533
2024-03-23 17:00:00,2.9173648650236097,2.9173648650236097
2024-03-23 18:00:00,2.232479816414485,2.232479816414485
2024-03-23 19:00:00,2.240631679364855,2.240631679364855
2024-03-23 20:00:00,2.4455364032340507,2.4455364032340507
2024-03-23 21:00:00,2.4442645713499105,2.4442645713499105
2024-03-23 22:00:00,0.0,0.0
2024-03-23 23:00:00,0.0,0.0
2024-03-24 00:00:00,0.0,0.0
2024-03-24 01:00:00,0.0,0.0
2024-03-24 02:00:00,0.0,0.0
2024-03-24 03:00:00,0.0,0.0
2024-03-24 04:00:00,0.0,0.0
2024-03-24 05:00:00,0.0,0.0
2024-03-24 06:00:00,0.0,0.0
2024-03-24 07:00:00,0.0,0.0
2024-03-24 08:00:00,0.0,0.0
2024-03-24 09:00:00,0.0,0.0
2024-03-24 10:00:00,0.08166084152895708,0.08166084152895708
2024-03-24 11:00:00,0.3088053329633654,0.3088053329633654
2024-03-24 12:00:00,0.6018248036155377,0.6018248036155377
2024-03-24 13:00:00,0.9038269434758588,0.9038269434758588
2024-03-24 14:00:00,1.2861552076765657,1.2861552076765657
2024-03-24 15:00:00,1.7259725664712984,1.7259725664712984
2024-03-24 16:00:00,2.4497836009361804,2.4497836009361804
2024-03-24 17:00:00,2.104248078080806,2.104248078080806
2024-03-24 18:00:00,1.9301809594233248,1.9301809594233248
2024-03-24 19:00:00,2.765294748478612,2.765294748478612
2024-03-24 20:00:00,2.5647908878653727,2.5647908878653727
2024-03-24 21:00:00,2.630942763764667,2.630942763764667
2024-03-24 22:00:00,0.0,0.0
2024-03-24 23:00:00,0.0,0.0
2024-03-25 00:00:00,0.0,0.0
2024-03-25 01:00:00,0.0,0.0
2024-03-25 02:00:00,0.0,0.0
2024-03-25 03:00:00,0.0,0.0
2024-03-25 04:00:00,0.0,0.0
2024-03-25 05:00:00,0.0,0.0
2024-03-25 06:00:00,0.0,0.0
2024-03-25 07:00:00,0.0,0.0
2024-03-25 08:00:00,0.0,0.0
2024-03-25 09:00:00,0.0,0.0
2024-03-25 10:00:00,0.13396681515583936,0.13396681515583936
2024-03-25 11:00:00,0.41918784243112434,0.41918784243112434
2024-03-25 12:00:00,0.8199535141696531,0.8199535141696531
2024-03-25 13:00:00,1.2194849548457496,1.2194849548457496
2024-03-25 14:00:00,2.2018631686822365,2.2018631686822365
2024-03-25 15:00:00,2.7504245699639784,2.7504245699639784
2024-03-25 16:00:00,3.72968011639289,3.72968011639289
2024-03-25 17:00:00,4.106542168634616,4.106542168634616
2024-03-25 18:00:00,3.233054305001717,3.233054305001717
2024-03-25 19:00:00,3.930027172788898,3.930027172788898
2024-03-25 20:00:00,4.019871093997847,4.019871093997847
2024-03-25 21:00:00,3.8514707499870062,3.8514707499870062
2024-03-25 22:00:00,0.0,0.0
2024-03-25 23:00:00,0.0,0.0
2024-03-26 00:00:00,0.0,0.0
2024-03-26 01:00:00,0.0,0.0
2024-03-26 02:00:00,0.0,0.0
2024-03-26 03:00:00,0.0,0.0
2024-03-26 04:00:00,0.0,0.0
2024-03-26 05:00:00,0.0,0.0
2024-03-26 06:00:00,0.0,0.0
2024-03-26 07:00:00,0.0,0.0
2024-03-26 08:00:00,0.0,0.0
2024-03-26 09:00:00,0.0,0.0
2024-03-26 10:00:00,0.11328433101661395,0.11328433101661395
2024-03-26 11:00:00,0.4948124433196891,0.4948124433196891
2024-03-26 12:00:00,0.6848488533013767,0.6848488533013767
2024-03-26 13:00:00,1.4347792223415334,1.4347792223415334
2024-03-26 14:00:00,1.9247319795367681,1.9247319795367681
2024-03-26 15:00:00,2.3326053463038408,2.3326053463038408
2024-03-26 16:00:00,2.878841690357619,2.878841690357619
2024-03-26 17:00:00,3.841786861833326,3.841786861833326
2024-03-26 18:00:00,3.162791047107789,3.162791047107789
2024-03-26 19:00:00,3.094768255226847,3.094768255226847
2024-03-26 20:00:00,3.057757335962964,3.057757335962964
2024-03-26 21:00:00,3.8795554260988814,3.8795554260988814
2024-03-26 22:00:00,0.0,0.0
2024-03-26 23:00:00,0.0,0.0
2024-03-27 00:00:00,0.0,0.0
2024-03-27 01:00:00,0.0,0.0
2024-03-27 02:00:00,0.0,0.0
2024-03-27 03:00:00,0.0,0.0
2024-03-27 04:00:00,0.0,0.0
2024-03-27 05:00:00,0.0,0.0
2024-03-27 06:00:00,0.0,0.0
2024-03-27 07:00:00,0.0,0.0
2024-03-27 08:00:00,0.0,0.0
2024-03-27 09:00:00,0.0,0.0
2024-03-27 10:00:00,0.1070732675021068,0.1070732675021068
2024-03-27 11:00:00,0.41483033649694484,0.41483033649694484
2024-03-27 12:00:00,0.8319952131856729,0.8319952131856729
2024-03-27 13:00:00,1.3358290929702508,1.3358290929702508
2024-03-27 14:00:00,1.90810179122168,1.90810179122168
2024-03-27 15:00:00,2.3620243132842202,2.3620243132842202
2024-03-27 16:00:00,3.299769786364397,3.299769786364397
2024-03-27 17:00:00,3.4748272629986414,3.4748272629986414
2024-03-27 18:00:00,2.895624598494304,2.895624598494304
2024-03-27 19:00:00,3.4389126176826403,3.4389126176826403
2024-03-27 20:00:00,3.175406946714151,3.175406946714151
2024-03-27 21:00:00,3.7834847362705033,3.7834847362705033
2024-03-27 22:00:00,0.0,0.0
2024-03-27 23:00:00,0.0,0.0
2024-03-28 00:00:00,0.0,0.0
2024-03-28 01:00:00,0.0,0.0
2024-03-28 02:00:00,0.0,0.0
2024-03-28 03:00:00,0.0,0.0
2024-03-28 04:00:00,0.0,0.0
2024-03-28 05:00:00,0.0,0.0
2024-03-28 06:00:00,0.0,0.0
2024-03-28 07:00:00,0.0,0.0
2024-03-28 08:00:00,0.0,0.0
2024-03-28 09:00:00,0.0,0.0
2024-03-28 10:00:00,0.1080233929528528,0.1080233929528528
2024-03-28 11:00:00,0.531222057185335,0.531222057185335
2024-03-28 12:00:00,0.8656621599812465,0.8656621599812465
2024-03-28 13:00:00,1.5520247113247252,1.5520247113247252
2024-03-28 14:00:00,2.0193435872415666,2.0193435872415666
2024-03-28 15:00:00,2.638639246059238,2.638639246059238
2024-03-28 16:00:00,3.5292504351241396,3.5292504351241396
2024-03-28 17:00:00,4.262379012944029,4.262379012944029
2024-03-28 18:00:00,3.02389560054336,3.02389560054336
2024-03-28 19:00:00,3.434333807671355,3.434333807671355
2024-03-28 20:00:00,3.9752079292661566,3.9752079292661566
2024-03-28 21:00:00,3.9512403924664383,3.9512403924664383
2024-03-28 22:00:00,0.0,0.0
2024-03-28 23:00:00,0.0,0.0
2024-03-29 00:00:00,0.0,0.0
2024-03-29 01:00:00,0.0,0.0
2024-03-29 02:00:00,0.0,0.0
2024-03-29 03:00:00,0.0,0.0
2024-03-29 04:00:00,0.0,0.0
2024-03-29 05:00:00,0.0,0.0
2024-03-29 06:00:00,0.0,0.0
2024-03-29 07:00:00,0.0,0.0
2024-03-29 08:00:00,0.0,0.0
2024-03-29 09:00:00,0.0,0.0
2024-03-29 10:00:00,0.11880386247513228,0.11880386247513228
2024-03-29 11:00:00,0.4274790026976219,0.4274790026976219
2024-03-29 12:00:00,0.9306061163811723,0.9306061163811723
2024-03-29 13:00:00,1.3336062169082632,1.3336062169082632
2024-03-29 14:00:00,2.0445598196971333,2.0445598196971333
2024-03-29 15:00:00,2.572666913408583,2.572666913408583
2024-03-29 16:00:00,3.2358615916188964,3.2358615916188964
2024-03-29 17:00:00,3.3706744132604087,3.3706744132604087
2024-03-29 18:00:00,3.4798801487012256,3.4798801487012256
2024-03-29 19:00:00,3.4532795329159502,3.4532795329159502
2024-03-29 20:00:00,3.217538558006915,3.217538558006915
2024-03-29 21:00:00,4.3597739123321135,4.3597739123321135
2024-03-29 22:00:00,0.0,0.0
2024-03-29 23:00:00,0.0,0.0
2024-03-30 00:00:00,0.0,0.0
2024-03-30 01:00:00,0.0,0.0
2024-03-30 02:00:00,0.0,0.0
2024-03-30 03:00:00,0.0,0.0
2024-03-30 04:00:00,0.0,0.0
2024-03-30 05:00:00,0.0,0.0
2024-03-30 06:00:00,0.0,0.0
2024-03-30 07:00:00,0.0,0.0
2024-03-30 08:00:00,0.0,0.0
2024-03-30 09:00:00,0.0,0.0
2024-03-30 10:00:00,0.08226206731788674,0.08226206731788674
2024-03-30 11:00:00,0.29581386450562697,0.29581386450562697
2024-03-30 12:00:00,0.5300037517650289,0.5300037517650289
2024-03-30 13:00:00,0.9084763565998745,0.9084763565998745
2024-03-30 14:00:00,1.3235385588138011,1.3235385588138011
2024-03-30 15:00:00,1.7774586499773826,1.7774586499773826
2024-03-30 16:00:00,2.419938739472926,2.419938739472926
2024-03-30 17:00:00,2.2158773556670037,2.2158773556670037
2024-03-30 18:00:00,2.521779480256837,2.521779480256837
2024-03-30 19:00:00,2.330828926013106,2.330828926013106
2024-03-30 20:00:00,2.7251123988988,2.7251123988988
2024-03-30 21:00:00,2.332265778587853,2.332265778587853
2024-03-30 22:00:00,0.0,0.0
2024-03-30 23:00:00,0.0,0.0
2024-03-31 00:00:00,0.0,0.0
2024-03-31 01:00:00,0.0,0.0
2024-03-31 02:00:00,0.0,0.0
2024-03-31 03:00:00,0.0,0.0
2024-03-31 04:00:00,0.0,0.0
2024-03-31 05:00:00,0.0,0.0
2024-03-31 06:00:00,0.0,0.0
2024-03-31 07:00:00,0.0,0.0
2024-03-31 08:00:00,0.0,0.0
2024-03-31 09:00:00,0.0,0.0
2024-03-31 10:00:00,0.08981144062269665,0.08981144062269665
2024-03-31 11:00:00,0.3211348730551352,0.3211348730551352
2024-03-31 12:00:00,0.6981039351801092,0.6981039351801092
2024-03-31 13:00:00,0.9677676674224536,0.9677676674224536
2024-03-31 14:00:00,1.5943144389907171,1.5943144389907171
2024-03-31 15:00:00,1.8744981876593285,1.8744981876593285
2024-03-31 16:00:00,2.6716413142520055,2.6716413142520055
2024-03-31 17:00:00,2.8978029892259762,2.8978029892259762
2024-03-31 18:00:00,2.2633229702459574,2.2633229702459574
2024-03-31 19:00:00,2.821579945727913,2.821579945727913
2024-03-31 20:00:00,2.4372500839167732,2.4372500839167732
2024-03-31 21:00:00,3.150040706395519,3.150040706395519
2024-03-31 22:00:00,0.0,0.0
2024-03-31 23:00:00,0.0,0.0
2024-04-01 00:00:00,0.0,0.0
2024-04-01 01:00:00,0.0,0.0
2024-04-01 02:00:00,0.0,0.0
2024-04-01 03:00:00,0.0,0.0
2024-04-01 04:00:00,0.0,0.0
2024-04-01 05:00:00,0.0,0.0
2024-04-01 06:00:00,0.0,0.0
2024-04-01 07:00:00,0.0,0.0
2024-04-01 08:00:00,0.0,0.0
2024-04-01 09:00:00,0.0,0.0
2024-04-01 10:00:00,0.1353082198672838,0.1353082198672838
2024-04-01 11:00:00,0.4652848191769259,0.4652848191769259
2024-04-01 12:00:00,1.0146325669177343,1.0146325669177343
2024-04-01 13:00:00,1.6484048674678717,1.6484048674678717
2024-04-01 14:00:00,2.228003747147336,2.228003747147336
2024-04-01 15:00:00,2.3179884247386147,2.3179884247386147
2024-04-01 16:00:00,3.1433838672328767,3.1433838672328767
2024-04-01 17:00:00,4.428370792906135,4.428370792906135
2024-04-01 18:00:00,3.032534858040344,3.032534858040344
2024-04-01 19:00:00,4.2756492968708155,4.2756492968708155
2024-04-01 20:00:00,3.664536399219298,3.664536399219298
2024-04-01 21:00:00,3.6241757099389127,3.6241757099389127
2024-04-01 22:00:00,0.0,0.0
2024-04-01 23:00:00,0.0,0.0
2024-04-02 00:00:00,0.0,0.0
2024-04-02 01:00:00,0.0,0.0
2024-04-02 02:00:00,0.0,0.0
2024-04-02 03:00:00,0.0,0.0
2024-04-02 04:00:00,0.0,0.0
2024-04-02 05:00:00,0.0,0.0
2024-04-02 06:00:00,0.0,0.0
2024-04-02 07:00:00,0.0,0.0
2024-04-02 08:00:00,0.0,0.0
2024-04-02 09:00:00,0.0,0.0
2024-04-02 10:00:00,0.11114377914641298,0.11114377914641298
2024-04-02 11:00:00,0.423736104701754,0.423736104701754
2024-04-02 12:00:00,0.7100696381779952,0.7100696381779952
2024-04-02 13:00:00,1.0831192738474957,1.0831192738474957
2024-04-02 14:00:00,1.7847795178498924,1.7847795178498924
2024-04-02 15:00:00,2.349168590980702,2.349168590980702
2024-04-02 16:00:00,2.533366839202663,2.533366839202663
2024-04-02 17:00:00,2.9815691224386978,2.9815691224386978
2024-04-02 18:00:00,3.242473393804964,3.242473393804964
2024-04-02 19:00:00,2.8168539988390413,2.8168539988390413
2024-04-02 20:00:00,3.353158192237695,3.353158192237695
2024-04-02 21:00:00,3.724819256375183,3.724819256375183
2024-04-02 22:00:00,0.0,0.0
2024-04-02 23:00:00,0.0,0.0
2024-04-03 00:00:00,0.0,0.0
2024-04-03 01:00:00,0.0,0.0
2024-04-03 02:00:00,0.0,0.0
2024-04-03 03:00:00,0.0,0.0
2024-04-03 04:00:00,0.0,0.0
2024-04-03 05:00:00,0.0,0.0
2024-04-03 06:00:00,0.0,0.0
2024-04-03 07:00:00,0.0,0.0
2024-04-03 08:00:00,0.0,0.0
2024-04-03 09:00:00,0.0,0.0
2024-04-03 10:00:00,0.11182636701445413,0.11182636701445413
2024-04-03 11:00:00,0.4844436686530347,0.4844436686530347
2024-04-03 12:00:00,0.7429497033492614,0.7429497033492614
2024-04-03 13:00:00,1.2025611550339594,1.2025611550339594
2024-04-03 14:00:00,2.2613019999531287,2.2613019999531287
2024-04-03 15:00:00,2.471243555408144,2.471243555408144
2024-04-03 16:00:00,2.618613551792745,2.618613551792745
2024-04-03 17:00:00,3.4600043744096345,3.4600043744096345
2024-04-03 18:00:00,2.694936243781132,2.694936243781132
2024-04-03 19:00:00,3.677963682217884,3.677963682217884
2024-04-03 20:00:00,3.5525742005732495,3.5525742005732495
2024-04-03 21:00:00,3.4984514780358174,3.4984514780358174
2024-04-03 22:00:00,0.0,0.0
2024-04-03 23:00:00,0.0,0.0
2024-04-04 00:00:00,0.0,0.0
2024-04-04 01:00:00,0.0,0.0
2024-04-04 02:00:00,0.0,0.0
2024-04-04 03:00:00,0.0,0.0
2024-04-04 04:00:00,0.0,0.0
2024-04-04 05:00:00,0.0,0.0
2024-04-04 06:00:00,0.0,0.0
2024-04-04 07:00:00,0.0,0.0
2024-04-04 08:00:00,0.0,0.0
2024-04-04 09:00:00,0.0,0.0
2024-04-04 10:00:00,0.11667626320181214,0.11667626320181214
2024-04-04 11:00:00,0.4122417423975487,0.4122417423975487
2024-04-04 12:00:00,0.739490098921698,0.739490098921698
2024-04-04 13:00:00,1.3574581406592598,1.3574581406592598
2024-04-04 14:00:00,2.182354063416719,2.182354063416719
2024-04-04 15:00:00,2.3070935706618205,2.3070935706618205
2024-04-04 16:00:00,3.3614033675854182,3.3614033675854182
2024-04-04 17:00:00,3.334521056916642,3.334521056916642
2024-04-04 18:00:00,3.172688180336865,3.172688180336865
2024-04-04 19:00:00,3.4239942326471717,3.4239942326471717
2024-04-04 20:00:00,3.7523726438865883,3.7523726438865883
2024-04-04 21:00:00,4.039427059323407,4.039427059323407
2024-04-04 22:00:00,0.0,0.0
2024-04-04 23:00:00,0.0,0.0
2024-04-05 00:00:00,0.0,0.0
2024-04-05 01:00:00,0.0,0.0
2024-04-05 02:00:00,0.0,0.0
2024-04-05 03:00:00,0.0,0.0
2024-04-05 04:00:00,0.0,0.0
2024-04-05 05:00:00,0.0,0.0
2024-04-05 06:00:00,0.0,0.0
2024-04-05 07:00:00,0.0,0.0
2024-04-05 08:00:00,0.0,0.0
2024-04-05 09:00:00,0.0,0.0
2024-04-05 10:00:00,0.09622046045536894,0.09622046045536894
2024-04-05 11:00:00,0.4212434337686259,0.4212434337686259
2024-04-05 12:00:00,0.6832578811847986,0.6832578811847986
2024-04-05 13:00:00,1.4099959400539843,1.4099959400539843
2024-04-05 14:00:00,2.0927224695079767,2.0927224695079767
2024-04-05 15:00:00,2.299948957951179,2.299948957951179
2024-04-05 16:00:00,3.103493466342847,3.103493466342847
2024-04-05 17:00:00,3.1642336418345542,3.1642336418345542
2024-04-05 18:00:00,3.1768428791309713,3.1768428791309713
2024-04-05 19:00:00,3.113614639679552,3.113614639679552
2024-04-05 20:00:00,3.5845707692032254,3.5845707692032254
2024-04-05 21:00:00,2.955199068173182,2.955199068173182
2024-04-05 22:00:00,0.0,0.0
2024-04-05 23:00:00,0.0,0.0
2024-04-06 00:00:00,0.0,0.0
2024-04-06 01:00:00,0.0,0.0
2024-04-06 02:00:00,0.0,0.0
2024-04-06 03:00:00,0.0,0.0
2024-04-06 04:00:00,0.0,0.0
2024-04-06 05:00:00,0.0,0.0
2024-04-06 06:00:00,0.0,0.0
2024-04-06 07:00:00,0.0,0.0
2024-04-06 08:00:00,0.0,0.0
2024-04-06 09:00:00,0.0,0.0
2024-04-06 10:00:00,0.08672215567051657,0.08672215567051657
2024-04-06 11:00:00,0.3194663221043114,0.3194663221043114
2024-04-06 12:00:00,0.631612712133649,0.631612712133649
2024-04-06 13:00:00,1.0084573402645352,1.0084573402645352
2024-04-06 14:00:00,1.5310927319546803,1.5310927319546803
2024-04-06 15:00:00,1.7856545279412406,1.7856545279412406
2024-04-06 16:00:00,2.2281773151244835,2.2281773151244835
2024-04-06 17:00:00,2.134703974450674,2.134703974450674
2024-04-06 18:00:00,2.4618708527285937,2.4618708527285937
2024-04-06 19:00:00,2.1056007869025493,2.1056007869025493
2024-04-06 20:00:00,2.495210306676762,2.495210306676762
2024-04-06 21:00:00,2.178570783235275,2.178570783235275
2024-04-06 22:00:00,0.0,0.0
2024-04-06 23:00:00,0.0,0.0
2024-04-07 00:00:00,0.0,0.0
2024-04-07 01:00:00,0.0,0.0
2024-04-07 02:00:00,0.0,0.0
2024-04-07 03:00:00,0.0,0.0
2024-04-07 04:00:00,0.0,0.0
2024-04-07 05:00:00,0.0,0.0
2024-04-07 06:00:00,0.0,0.0
2024-04-07 07:00:00,0.0,0.0
2024-04-07 08:00:00,0.0,0.0
2024-04-07 09:00:00,0.0,0.0
2024-04-07 10:00:00,0.08086657114662275,0.08086657114662275
2024-04-07 11:00:00,0.2855851989870335,0.2855851989870335
2024-04-07 12:00:00,0.6135687443185115,0.6135687443185115
2024-04-07 13:00:00,1.0181116253277838,1.0181116253277838
2024-04-07 14:00:00,1.7124813702826767,1.7124813702826767
2024-04-07 15:00:00,1.920135368313414,1.920135368313414
2024-04-07 16:00:00,2.609513449698739,2.609513449698739
2024-04-07 17:00:00,2.3732570824576915,2.3732570824576915
2024-04-07 18:00:00,2.446542172888604,2.446542172888604
2024-04-07 19:00:00,2.353432681522431,2.353432681522431
2024-04-07 20:00:00,2.2936273054439873,2.2936273054439873
2024-04-07 21:00:00,2.6253620002331104,2.6253620002331104
2024-04-07 22:00:00,0.0,0.0
2024-04-07 23:00:00,0.0,0.0
2024-04-08 00:00:00,0.0,0.0
2024-04-08 01:00:00,0.0,0.0
2024-04-08 02:00:00,0.0,0.0
2024-04-08 03:00:00,0.0,0.0
2024-04-08 04:00:00,0.0,0.0
2024-04-08 05:00:00,0.0,0.0
2024-04-08 06:00:00,0.0,0.0
2024-04-08 07:00:00,0.0,0.0
2024-04-08 08:00:00,0.0,0.0
2024-04-08 09:00:00,0.0,0.0
2024-04-08 10:00:00,0.11627025987967878,0.11627025987967878
2024-04-08 11:00:00,0.4904369059965948,0.4904369059965948
2024-04-08 12:00:00,0.7938072511785038,0.7938072511785038
2024-04-08 13:00:00,1.5108559718314145,1.5108559718314145
2024-04-08 14:00:00,2.1973396156744243,2.1973396156744243
2024-04-08 15:00:00,2.3443780203420297,2.3443780203420297
2024-04-08 16:00:00,3.053019566961616,3.053019566961616
2024-04-08 17:00:00,4.175702088933873,4.175702088933873
2024-04-08 18:00:00,3.859076158627749,3.859076158627749
2024-04-08 19:00:00,4.095013871404231,4.095013871404231
2024-04-08 20:00:00,3.8126904847021024,3.8126904847021024
2024-04-08 21:00:00,3.274819761036407,3.274819761036407
2024-04-08 22:00:00,0.0,0.0
2024-04-08 23:00:00,0.0,0.0
2024-04-09 00:00:00,0.0,0.0
2024-04-09 01:00:00,0.0,0.0
2024-04-09 02:00:00,0.0,0.0
2024-04-09 03:00:00,0.0,0.0
2024-04-09 04:00:00,0.0,0.0
2024-04-09 05:00:00,0.0,0.0
2024-04-09 06:00:00,0.0,0.0
2024-04-09 07:00:00,0.0,0.0
2024-04-09 08:00:00,0.0,0.0
2024-04-09 09:00:00,0.0,0.0
2024-04-09 10:00:00,0.12043087643092064,0.12043087643092064
2024-04-09 11:00:00,0.45021934338810277,0.45021934338810277
2024-04-09 12:00:00,0.7508370229318285,0.7508370229318285
2024-04-09 13:00:00,1.5588171125839287,1.5588171125839287
2024-04-09 14:00:00,2.2812866464676835,2.2812866464676835
2024-04-09 15:00:00,2.5006488494691927,2.5006488494691927
2024-04-09 16:00:00,2.9267868556333814,2.9267868556333814
2024-04-09 17:00:00,4.090477682671856,4.090477682671856
2024-04-09 18:00:00,3.153999083256113,3.153999083256113
2024-04-09 19:00:00,3.4064437113230794,3.4064437113230794
2024-04-09 20:00:00,3.097244283091668,3.097244283091668
2024-04-09 21:00:00,4.1616128854147405,4.1616128854147405
2024-04-09 22:00:00,0.0,0.0
2024-04-09 23:00:00,0.0,0.0
2024-04-10 00:00:00,0.0,0.0
2024-04-10 01:00:00,0.0,0.0
2024-04-10 02:00:00,0.0,0.0
2024-04-10 03:00:00,0.0,0.0
2024-04-10 04:00:00,0.0,0.0
2024-04-10 05:00:00,0.0,0.0
2024-04-10 06:00:00,0.0,0.0
2024-04-10 07:00:00,0.0,0.0
2024-04-10 08:00:00,0.0,0.0
2024-04-10 09:00:00,0.0,0.0
2024-04-10 10:00:00,0.12782783106122278,0.12782783106122278
2024-04-10 11:00:00,0.4993082323439205,0.4993082323439205
2024-04-10 12:00:00,0.903153970074698,0.903153970074698
2024-04-10 13:00:00,1.316883130981305,1.316883130981305
2024-04-10 14:00:00,2.027238831817443,2.027238831817443
2024-04-10 15:00:00,2.465646710542122,2.465646710542122
2024-04-10 16:00:00,3.0473284110559065,3.0473284110559065
2024-04-10 17:00:00,3.285122707485922,3.285122707485922
2024-04-10 18:00:00,3.0556019952750706,3.0556019952750706
2024-04-10 19:00:00,3.534273649780069,3.534273649780069
2024-04-10 20:00:00,3.651602021477367,3.651602021477367
2024-04-10 21:00:00,4.185481308392828,4.185481308392828
2024-04-10 22:00:00,0.0,0.0
2024-04-10 23:00:00,0.0,0.0
2024-04-11 00:00:00,0.0,0.0
2024-04-11 01:00:00,0.0,0.0
2024-04-11 02:00:00,0.0,0.0
2024-04-11 03:00:00,0.0,0.0
2024-04-11 04:00:00,0.0,0.0
2024-04-11 05:00:00,0.0,0.0
2024-04-11 06:00:00,0.0,0.0
2024-04-11 07:00:00,0.0,0.0
2024-04-11 08:00:00,0.0,0.0
2024-04-11 09:00:00,0.0,0.0
2024-04-11 10:00:00,0.10823269866159674,0.10823269866159674
2024-04-11 11:00:00,0.40639843636277817,0.40639843636277817
2024-04-11 12:00:00,0.7524828900799251,0.7524828900799251
2024-04-11 13:00:00,1.4564499059307103,1.4564499059307103
2024-04-11 14:00:00,1.7532923202485513,1.7532923202485513
2024-04-11 15:00:00,2.0131613989409356,2.0131613989409356
2024-04-11 16:00:00,3.071628853180733,3.071628853180733
2024-04-11 17:00:00,3.614291187623751,3.614291187623751
2024-04-11 18:00:00,2.7109866229601494,2.7109866229601494
2024-04-11 19:00:00,2.9547399605816618,2.9547399605816618
2024-04-11 20:00:00,3.4793046493118758,3.4793046493118758
2024-04-11 21:00:00,3.8584037094038433,3.8584037094038433
2024-04-11 22:00:00,0.0,0.0
2024-04-11 23:00:00,0.0,0.0
2024-04-12 00:00:00,0.0,0.0
2024-04-12 01:00:00,0.0,0.0
2024-04-12 02:00:00,0.0,0.0
2024-04-12 03:00:00,0.0,0.0
2024-04-12 04:00:00,0.0,0.0
2024-04-12 05:00:00,0.0,0.0
2024-04-12 06:00:00,0.0,0.0
2024-04-12 07:00:00,0.0,0.0
2024-04-12 08:00:00,0.0,0.0
2024-04-12 09:00:00,0.0,0.0
2024-04-12 10:00:00,0.11186223638365268,0.11186223638365268
2024-04-12 11:00:00,0.40311619313413866,0.40311619313413866
2024-04-12 12:00:00,0.7013617294813325,0.7013617294813325
2024-04-12 13:00:00,1.3619971002637925,1.3619971002637925
2024-04-12 14:00:00,2.196161368231601,2.196161368231601
2024-04-12 15:00:00,2.108238536855222,2.108238536855222
2024-04-12 16:00:00,2.56559958831427,2.56559958831427
2024-04-12 17:00:00,3.4191519445326413,3.4191519445326413
2024-04-12 18:00:00,3.4107700228024638,3.4107700228024638
2024-04-12 19:00:00,3.1442969753109136,3.1442969753109136
2024-04-12 20:00:00,3.445257360717252,3.445257360717252
2024-04-12 21:00:00,3.0527750902696984,3.0527750902696984
2024-04-12 22:00:00,0.0,0.0
2024-04-12 23:00:00,0.0,0.0
2024-04-13 00:00:00,0.0,0.0
2024-04-13 01:00:00,0.0,0.0
2024-04-13 02:00:00,0.0,0.0
2024-04-13 03:00:00,0.0,0.0
2024-04-13 04:00:00,0.0,0.0
2024-04-13 05:00:00,0.0,0.0
2024-04-13 06:00:00,0.0,0.0
2024-04-13 07:00:00,0.0,0.0
2024-04-13 08:00:00,0.0,0.0
2024-04-13 09:00:00,0.0,0.0
2024-04-13 10:00:00,0.07513424528446783,0.07513424528446783
2024-04-13 11:00:00,0.2947966519446366,0.2947966519446366
2024-04-13 12:00:00,0.6565080688755016,0.6565080688755016
2024-04-13 13:00:00,0.9948291832241883,0.9948291832241883
2024-04-13 14:00:00,1.74611050664418,1.74611050664418
2024-04-13 15:00:00,1.6128588479502475,1.6128588479502475
2024-04-13 16:00:00,2.3458782031252685,2.3458782031252685
2024-04-13 17:00:00,2.3051648999483576,2.3051648999483576
2024-04-13 18:00:00,2.593776094167794,2.593776094167794
2024-04-13 19:00:00,2.8216894912633985,2.8216894912633985
2024-04-13 20:00:00,2.7915344398692277,2.7915344398692277
2024-04-13 21:00:00,2.428463514671079,2.428463514671079
2024-04-13 22:00:00,0.0,0.0
2024-04-13 23:00:00,0.0,0.0
2024-04-14 00:00:00,0.0,0.0
2024-04-14 01:00:00,0.0,0.0
2024-04-14 02:00:00,0.0,0.0
2024-04-14 03:00:00,0.0,0.0
2024-04-14 04:00:00,0.0,0.0
2024-04-14 05:00:00,0.0,0.0
2024-04-14 06:00:00,0.0,0.0
2024-04-14 07:00:00,0.0,0.0
2024-04-14 08:00:00,0.0,0.0
2024-04-14 09:00:00,0.0,0.0
2024-04-14 10:00:00,0.08332313912125412,0.08332313912125412
2024-04-14 11:00:00,0.33614986593706764,0.33614986593706764
2024-04-14 12:00:00,0.6700050247763005,0.6700050247763005
2024-04-14 13:00:00,0.9974861016030547,0.9974861016030547
2024-04-14 14:00:00,1.5482955774268288,1.5482955774268288
2024-04-14 15:00:00,1.783294753412447,1.783294753412447
2024-04-14 16:00:00,2.3582200151484383,2.3582200151484383
2024-04-14 17:00:00,2.696846289631597,2.696846289631597
2024-04-14 18:00:00,2.6853667326894257,2.6853667326894257
2024-04-14 19:00:00,2.557577102065834,2.557577102065834
2024-04-14 20:00:00,2.3363012528087275,2.3363012528087275
2024-04-14 21:00:00,2.5927289526261337,2.5927289526261337
2024-04-14 22:00:00,0.0,0.0
2024-04-14 23:00:00,0.0,0.0
2024-04-15 00:00:00,0.0,0.0
2024-04-15 01:00:00,0.0,0.0
2024-04-15 02:00:00,0.0,0.0
2024-04-15 03:00:00,0.0,0.0
2024-04-15 04:00:00,0.0,0.0
2024-04-15 05:00:00,0.0,0.0
2024-04-15 06:00:00,0.0,0.0
2024-04-15 07:00:00,0.0,0.0
2024-04-15 08:00:00,0.0,0.0
2024-04-15 09:00:00,0.0,0.0
2024-04-15 10:00:00,0.14401345258668818,0.14401345258668818
2024-04-15 11:00:00,0.5390914303037387,0.5390914303037387
2024-04-15 12:00:00,0.8085797368676588,0.8085797368676588
2024-04-15 13:00:00,1.4079084184608037,1.4079084184608037
2024-04-15 14:00:00,1.9725808839282306,1.9725808839282306
2024-04-15 15:00:00,2.524155067325814,2.524155067325814
2024-04-15 16:00:00,3.1533489499096747,3.1533489499096747
2024-04-15 17:00:00,3.8398643582702148,3.8398643582702148
2024-04-15 18:00:00,3.1247567463392647,3.1247567463392647
2024-04-15 19:00:00,4.389131450205784,4.389131450205784
2024-04-15 20:00:00,3.390286901126193,3.390286901126193
2024-04-15 21:00:00,4.213329024897722,4.213329024897722
2024-04-15 22:00:00,0.0,0.0
2024-04-15 23:00:00,0.0,0.0
2024-04-16 00:00:00,0.0,0.0
2024-04-16 01:00:00,0.0,0.0
2024-04-16 02:00:00,0.0,0.0
2024-04-16 03:00:00,0.0,0.0
2024-04-16 04:00:00,0.0,0.0
2024-04-16 05:00:00,0.0,0.0
2024-04-16 06:00:00,0.0,0.0
2024-04-16 07:00:00,0.0,0.0
2024-04-16 08:00:00,0.0,0.0
2024-04-16 09:00:00,0.0,0.0
2024-04-16 10:00:00,0.12353981337799078,0.12353981337799078
2024-04-16 11:00:00,0.390341096134226,0.390341096134226
2024-04-16 12:00:00,0.7268525807554935,0.7268525807554935
2024-04-16 13:00:00,1.2468114761869746,1.2468114761869746
2024-04-16 14:00:00,1.805928130952605,1.805928130952605
2024-04-16 15:00:00,2.185565860115517,2.185565860115517
2024-04-16 16:00:00,2.780266982997438,2.780266982997438
2024-04-16 17:00:00,3.828328912897106,3.828328912897106
2024-04-16 18:00:00,3.2418065415028323,3.2418065415028323
2024-04-16 19:00:00,2.911662020039495,2.911662020039495
2024-04-16 20:00:00,2.9336435398949345,2.9336435398949345
2024-04-16 21:00:00,3.713059390869864,3.713059390869864
2024-04-16 22:00:00,0.0,0.0
2024-04-16 23:00:00,0.0,0.0
2024-04-17 00:00:00,0.0,0.0
2024-04-17 01:00:00,0.0,0.0
2024-04-17 02:00:00,0.0,0.0
2024-04-17 03:00:00,0.0,0.0
2024-04-17 04:00:00,0.0,0.0
2024-04-17 05:00:00,0.0,0.0
2024-04-17 06:00:00,0.0,0.0
2024-04-17 07:00:00,0.0,0.0
2024-04-17 08:00:00,0.0,0.0
2024-04-17 09:00:00,0.0,0.0
2024-04-17 10:00:00,0.11656568054945785,0.11656568054945785
2024-04-17 11:00:00,0.5192440677658529,0.5192440677658529
2024-04-17 12:00:00,0.7877941670233161,0.7877941670233161
2024-04-17 13:00:00,1.5267324358725662,1.5267324358725662
2024-04-17 14:00:00,1.9437710100928252,1.9437710100928252
2024-04-17 15:00:00,2.7481784045283315,2.7481784045283315
2024-04-17 16:00:00,3.270415880338718,3.270415880338718
2024-04-17 17:00:00,3.7442626404207657,3.7442626404207657
2024-04-17 18:00:00,3.0211722051056404,3.0211722051056404
2024-04-17 19:00:00,3.5527981282883054,3.5527981282883054
2024-04-17 20:00:00,3.543415743557666,3.543415743557666
2024-04-17 21:00:00,4.086585648757028,4.086585648757028
2024-04-17 22:00:00,0.0,0.0
2024-04-17 23:00:00,0.0,0.0
2024-04-18 00:00:00,0.0,0.0
2024-04-18 01:00:00,0.0,0.0
2024-04-18 02:00:00,0.0,0.0
2024-04-18 03:00:00,0.0,0.0
2024-04-18 04:00:00,0.0,0.0
2024-04-18 05:00:00,0.0,0.0
2024-04-18 06:00:00,0.0,0.0
2024-04-18 07:00:00,0.0,0.0
2024-04-18 08:00:00,0.0,0.0
2024-04-18 09:00:00,0.0,0.0
2024-04-18 10:00:00,0.13458488135999266,0.13458488135999266
2024-04-18 11:00:00,0.5446394917179199,0.5446394917179199
2024-04-18 12:00:00,0.8856000480634459,0.8856000480634459
2024-04-18 13:00:00,1.2923260744949097,1.2923260744949097
2024-04-18 14:00:00,2.0454534767464416,2.0454534767464416
2024-04-18 15:00:00,2.9571600699984333,2.9571600699984333
2024-04-18 16:00:00,3.074069998750093,3.074069998750093
2024-04-18 17:00:00,4.002502907854947,4.002502907854947
2024-04-18 18:00:00,3.450359519966578,3.450359519966578
2024-04-18 19:00:00,3.638984761243368,3.638984761243368
2024-04-18 20:00:00,4.251580096278864,4.251580096278864
2024-04-18 21:00:00,3.50033531026944,3.50033531026944
2024-04-18 22:00:00,0.0,0.0
2024-04-18 23:00:00,0.0,0.0
2024-04-19 00:00:00,0.0,0.0
2024-04-19 01:00:00,0.0,0.0
2024-04-19 02:00:00,0.0,0.0
2024-04-19 03:00:00,0.0,0.0
2024-04-19 04:00:00,0.0,0.0
2024-04-19 05:00:00,0.0,0.0
2024-04-19 06:00:00,0.0,0.0
2024-04-19 07:00:00,0.0,0.0
2024-04-19 08:00:00,0.0,0.0
2024-04-19 09:00:00,0.0,0.0
2024-04-19 10:00:00,0.1231282381368887,0.1231282381368887
2024-04-19 11:00:00,0.397245269090558,0.397245269090558
2024-04-19 12:00:00,0.718167928194826,0.718167928194826
2024-04-19 13:00:00,1.2698490055069436,1.2698490055069436
2024-04-19 14:00:00,1.8131341127079095,1.8131341127079095
2024-04-19 15:00:00,1.9943378750684033,1.9943378750684033
2024-04-19 16:00:00,3.2475604103574813,3.2475604103574813
2024-04-19 17:00:00,3.6182155826406186,3.6182155826406186
2024-04-19 18:00:00,3.2352046303008444,3.2352046303008444
2024-04-19 19:00:00,3.4563351679640326,3.4563351679640326
2024-04-19 20:00:00,3.7161150975707784,3.7161150975707784
2024-04-19 21:00:00,3.5082181667532897,3.5082181667532897
2024-04-19 22:00:00,0.0,0.0
2024-04-19 23:00:00,0.0,0.0
2024-04-20 00:00:00,0.0,0.0
2024-04-20 01:00:00,0.0,0.0
2024-04-20 02:00:00,0.0,0.0
2024-04-20 03:00:00,0.0,0.0
2024-04-20 04:00:00,0.0,0.0
2024-04-20 05:00:00,0.0,0.0
2024-04-20 06:00:00,0.0,0.0
2024-04-20 07:00:00,0.0,0.0
2024-04-20 08:00:00,0.0,0.0
2024-04-20 09:00:00,0.0,0.0
2024-04-20 10:00:00,0.07604258445951306,0.07604258445951306
2024-04-20 11:00:00,0.38143860813444624,0.38143860813444624
2024-04-20 12:00:00,0.5516439280290089,0.5516439280290089
2024-04-20 13:00:00,0.9820376420825728,0.9820376420825728
2024-04-20 14:00:00,1.4085067007158814,1.4085067007158814
2024-04-20 15:00:00,1.8237508299081182,1.8237508299081182
2024-04-20 16:00:00,2.0561631410291628,2.0561631410291628
2024-04-20 17:00:00,2.7469362646172897,2.7469362646172897
2024-04-20 18:00:00,2.5184281321286996,2.5184281321286996
2024-04-20 19:00:00,2.8549214443516764,2.8549214443516764
2024-04-20 20:00:00,2.2767382868585733,2.2767382868585733
2024-04-20 21:00:00,3.1119272256857164,3.1119272256857164
2024-04-20 22:00:00,0.0,0.0
2024-04-20 23:00:00,0.0,0.0
2024-04-21 00:00:00,0.0,0.0
2024-04-21 01:00:00,0.0,0.0
2024-04-21 02:00:00,0.0,0.0
2024-04-21 03:00:00,0.0,0.0
2024-04-21 04:00:00,0.0,0.0
2024-04-21 05:00:00,0.0,0.0
2024-04-21 06:00:00,0.0,0.0
2024-04-21 07:00:00,0.0,0.0
2024-04-21 08:00:00,0.0,0.0
2024-04-21 09:00:00,0.0,0.0
2024-04-21 10:00:00,0.08164240887870917,0.08164240887870917
2024-04-21 11:00:00,0.2865059161471865,0.2865059161471865
2024-04-21 12:00:00,0.6551083844821987,0.6551083844821987
2024-04-21 13:00:00,0.9832613345687651,0.9832613345687651
2024-04-21 14:00:00,1.4787124062608408,1.4787124062608408
2024-04-21 15:00:00,1.9557909527413158,1.9557909527413158
2024-04-21 16:00:00,2.014964178559083,2.014964178559083
2024-04-21 17:00:00,2.883870402005235,2.883870402005235
2024-04-21 18:00:00,2.0715969865725574,2.0715969865725574
2024-04-21 19:00:00,2.4099429196844095,2.4099429196844095
2024-04-21 20:00:00,2.6440467860996955,2.6440467860996955
2024-04-21 21:00:00,2.331019931204025,2.331019931204025
2024-04-21 22:00:00,0.0,0.0
2024-04-21 23:00:00,0.0,0.0
2024-04-22 00:00:00,0.0,0.0
2024-04-22 01:00:00,0.0,0.0
2024-04-22 02:00:00,0.0,0.0
2024-04-22 03:00:00,0.0,0.0
2024-04-22 04:00:00,0.0,0.0
2024-04-22 05:00:00,0.0,0.0
2024-04-22 06:00:00,0.0,0.0
2024-04-22 07:00:00,0.0,0.0
2024-04-22 08:00:00,0.0,0.0
2024-04-22 09:00:00,0.0,0.0
2024-04-22 10:00:00,0.11410174625684007,0.11410174625684007
2024-04-22 11:00:00,0.36216444311351076,0.36216444311351076
2024-04-22 12:00:00,0.8383085435884289,0.8383085435884289
2024-04-22 13:00:00,1.3649660421997314,1.3649660421997314
2024-04-22 14:00:00,1.681672839899711,1.681672839899711
2024-04-22 15:00:00,2.2218036499607563,2.2218036499607563
2024-04-22 16:00:00,2.8707941283553056,2.8707941283553056
2024-04-22 17:00:00,2.9503946165715083,2.9503946165715083
2024-04-22 18:00:00,3.021997950117417,3.021997950117417
2024-04-22 19:00:00,2.9731894856029273,2.9731894856029273
2024-04-22 20:00:00,2.8479058187066433,2.8479058187066433
2024-04-22 21:00:00,2.946745944498726,2.946745944498726
2024-04-22 22:00:00,0.0,0.0
2024-04-22 23:00:00,0.0,0.0
2024-04-23 00:00:00,0.0,0.0
2024-04-23 01:00:00,0.0,0.0
2024-04-23 02:00:00,0.0,0.0
2024-04-23 03:00:00,0.0,0.0
2024-04-23 04:00:00,0.0,0.0
2024-04-23 05:00:00,0.0,0.0
2024-04-23 06:00:00,0.0,0.0
2024-04-23 07:00:00,0.0,0.0
2024-04-23 08:00:00,0.0,0.0
2024-04-23 09:00:00,0.0,0.0
2024-04-23 10:00:00,0.09930814147780306,0.09930814147780306
2024-04-23 11:00:00,0.4387816669332494,0.4387816669332494
2024-04-23 12:00:00,0.7890161768832825,0.7890161768832825
2024-04-23 13:00:00,1.1743233155944763,1.1743233155944763
2024-04-23 14:00:00,2.0734678718489192,2.0734678718489192
2024-04-23 15:00:00,2.3290106100190657,2.3290106100190657
2024-04-23 16:00:00,2.850112694557866,2.850112694557866
2024-04-23 17:00:00,3.6539651460755027,3.6539651460755027
2024-04-23 18:00:00,3.2186222485953833,3.2186222485953833
2024-04-23 19:00:00,3.3859132531535914,3.3859132531535914
2024-04-23 20:00:00,3.8124552336548048,3.8124552336548048
2024-04-23 21:00:00,3.615435449738869,3.615435449738869
2024-04-23 22:00:00,0.0,0.0
2024-04-23 23:00:00,0.0,0.0
2024-04-24 00:00:00,0.0,0.0
2024-04-24 01:00:00,0.0,0.0
2024-04-24 02:00:00,0.0,0.0
2024-04-24 03:00:00,0.0,0.0
2024-04-24 04:00:00,0.0,0.0
2024-04-24 05:00:00,0.0,0.0
2024-04-24 06:00:00,0.0,0.0
2024-04-24 07:00:00,0.0,0.0
2024-04-24 08:00:00,0.0,0.0
2024-04-24 09:00:00,0.0,0.0
2024-04-24 10:00:00,0.11015929664161138,0.11015929664161138
2024-04-24 11:00:00,0.408299318814416,0.408299318814416
2024-04-24 12:00:00,0.9342457829793112,0.9342457829793112
2024-04-24 13:00:00,1.454120962527436,1.454120962527436
2024-04-24 14:00:00,2.457359621251027,2.457359621251027
2024-04-24 15:00:00,2.7804848737831667,2.7804848737831667
2024-04-24 16:00:00,3.3089985156746247,3.3089985156746247
2024-04-24 17:00:00,3.905718816883439,3.905718816883439
2024-04-24 18:00:00,3.652267146298985,3.652267146298985
2024-04-24 19:00:00,4.155351048005372,4.155351048005372
2024-04-24 20:00:00,3.4992883722806893,3.4992883722806893
2024-04-24 21:00:00,4.1376943327933215,4.1376943327933215
2024-04-24 22:00:00,0.0,0.0
2024-04-24 23:00:00,0.0,0.0
2024-04-25 00:00:00,0.0,0.0
2024-04-25 01:00:00,0.0,0.0
2024-04-25 02:00:00,0.0,0.0
2024-04-25 03:00:00,0.0,0.0
2024-04-25 04:00:00,0.0,0.0
2024-04-25 05:00:00,0.0,0.0
2024-04-25 06:00:00,0.0,0.0
2024-04-25 07:00:00,0.0,0.0
2024-04-25 08:00:00,0.0,0.0
2024-04-25 09:00:00,0.0,0.0
2024-04-25 10:00:00,0.13939649710974752,0.13939649710974752
2024-04-25 11:00:00,0.5108352095646718,0.5108352095646718
2024-04-25 12:00:00,0.8079875232309213,0.8079875232309213
2024-04-25 13:00:00,1.346916861271148,1.346916861271148
2024-04-25 14:00:00,2.2283714166172532,2.2283714166172532
2024-04-25 15:00:00,2.9219920220815765,2.9219920220815765
2024-04-25 16:00:00,3.688278823721071,3.688278823721071
2024-04-25 17:00:00,3.49425525164396,3.49425525164396
2024-04-25 18:00:00,3.1570274334245627,3.1570274334245627
2024-04-25 19:00:00,4.103981610811941,4.103981610811941
2024-04-25 20:00:00,3.937287582255787,3.937287582255787
2024-04-25 21:00:00,4.17342696498177,4.17342696498177
2024-04-25 22:00:00,0.0,0.0
2024-04-25 23:00:00,0.0,0.0
2024-04-26 00:00:00,0.0,0.0
2024-04-26 01:00:00,0.0,0.0
2024-04-26 02:00:00,0.0,0.0
2024-04-26 03:00:00,0.0,0.0
2024-04-26 04:00:00,0.0,0.0
2024-04-26 05:00:00,0.0,0.0
2024-04-26 06:00:00,0.0,0.0
2024-04-26 07:00:00,0.0,0.0
2024-04-26 08:00:00,0.0,0.0
2024-04-26 09:00:00,0.0,0.0
2024-04-26 10:00:00,0.13860488855412312,0.13860488855412312
2024-04-26 11:00:00,0.4950790763575658,0.4950790763575658
2024-04-26 12:00:00,1.0218614749341415,1.0218614749341415
2024-04-26 13:00:00,1.3670752233774903,1.3670752233774903
2024-04-26 14:00:00,2.652924180600064,2.652924180600064
2024-04-26 15:00:00,2.447621370356601,2.447621370356601
2024-04-26 16:00:00,3.526126642064771,3.526126642064771
2024-04-26 17:00:00,4.418550093397163,4.418550093397163
2024-04-26 18:00:00,3.68608542840664,3.68608542840664
2024-04-26 19:00:00,4.264124284213586,4.264124284213586
2024-04-26 20:00:00,4.019417797421375,4.019417797421375
2024-04-26 21:00:00,4.007149180571792,4.007149180571792
2024-04-26 22:00:00,0.0,0.0
2024-04-26 23:00:00,0.0,0.0
2024-04-27 00:00:00,0.0,0.0
2024-04-27 01:00:00,0.0,0.0
2024-04-27 02:00:00,0.0,0.0
2024-04-27 03:00:00,0.0,0.0
2024-04-27 04:00:00,0.0,0.0
2024-04-27 05:00:00,0.0,0.0
2024-04-27 06:00:00,0.0,0.0
2024-04-27 07:00:00,0.0,0.0
2024-04-27 08:00:00,0.0,0.0
2024-04-27 09:00:00,0.0,0.0
2024-04-27 10:00:00,0.08293334671994403,0.08293334671994403
2024-04-27 11:00:00,0.34077952874120004,0.34077952874120004
2024-04-27 12:00:00,0.6514682345728071,0.6514682345728071
2024-04-27 13:00:00,0.9484171341702835,0.9484171341702835
2024-04-27 14:00:00,1.6020065423157783,1.6020065423157783
2024-04-27 15:00:00,1.5982770185435504,1.5982770185435504
2024-04-27 16:00:00,2.1606818677361748,2.1606818677361748
2024-04-27 17:00:00,2.9065609825857828,2.9065609825857828
2024-04-27 18:00:00,2.59107624455946,2.59107624455946
2024-04-27 19:00:00,2.4213596858768125,2.4213596858768125
2024-04-27 20:00:00,2.9692771144683956,2.9692771144683956
2024-04-27 21:00:00,3.0266883318203,3.0266883318203
2024-04-27 22:00:00,0.0,0.0
2024-04-27 23:00:00,0.0,0.0
2024-04-28 00:00:00,0.0,0.0
2024-04-28 01:00:00,0.0,0.0
2024-04-28 02:00:00,0.0,0.0
2024-04-28 03:00:00,0.0,0.0
2024-04-28 04:00:00,0.0,0.0
2024-04-28 05:00:00,0.0,0.0
2024-04-28 06:00:00,0.0,0.0
2024-04-28 07:00:00,0.0,0.0
2024-04-28 08:00:00,0.0,0.0
2024-04-28 09:00:00,0.0,0.0
2024-04-28 10:00:00,0.0695543441064351,0.0695543441064351
2024-04-28 11:00:00,0.357919132821418,0.357919132821418
2024-04-28 12:00:00,0.5651293001738442,0.5651293001738442
2024-04-28 13:00:00,1.030669174368581,1.030669174368581
2024-04-28 14:00:00,1.6130143270482453,1.6130143270482453
2024-04-28 15:00:00,1.8241928872347004,1.8241928872347004
2024-04-28 16:00:00,2.449439473989228,2.449439473989228
2024-04-28 17:00:00,2.2672858139621064,2.2672858139621064
2024-04-28 18:00:00,2.4031768282476857,2.4031768282476857
2024-04-28 19:00:00,2.402750646109073,2.402750646109073
2024-04-28 20:00:00,2.664564797341425,2.664564797341425
2024-04-28 21:00:00,2.824033138319221,2.824033138319221
2024-04-28 22:00:00,0.0,0.0
2024-04-28 23:00:00,0.0,0.0
2024-04-29 00:00:00,0.0,0.0
2024-04-29 01:00:00,0.0,0.0
2024-04-29 02:00:00,0.0,0.0
2024-04-29 03:00:00,0.0,0.0
2024-04-29 04:00:00,0.0,0.0
2024-04-29 05:00:00,0.0,0.0
2024-04-29 06:00:00,0.0,0.0
2024-04-29 07:00:00,0.0,0.0
2024-04-29 08:00:00,0.0,0.0
2024-04-29 09:00:00,0.0,0.0
2024-04-29 10:00:00,0.11486619262609525,0.11486619262609525
2024-04-29 11:00:00,0.4426012807077276,0.4426012807077276
2024-04-29 12:00:00,0.96520213200489,0.96520213200489
2024-04-29 13:00:00,1.2919205578840134,1.2919205578840134
2024-04-29 14:00:00,2.02719086060946,2.02719086060946
2024-04-29 15:00:00,2.292427646013856,2.292427646013856
2024-04-29 16:00:00,3.6152241928033946,3.6152241928033946
2024-04-29 17:00:00,3.8691253143942483,3.8691253143942483
2024-04-29 18:00:00,3.003155769873762,3.003155769873762
2024-04-29 19:00:00,3.8528190653684606,3.8528190653684606
2024-04-29 20:00:00,3.7031155897759263,3.7031155897759263
2024-04-29 21:00:00,3.787873569722621,3.787873569722621
2024-04-29 22:00:00,0.0,0.0
2024-04-29 23:00:00,0.0,0.0
2024-04-30 00:00:00,0.0,0.0
2024-04-30 01:00:00,0.0,0.0
2024-04-30 02:00:00,0.0,0.0
2024-04-30 03:00:00,0.0,0.0
2024-04-30 04:00:00,0.0,0.0
2024-04-30 05:00:00,0.0,0.0
2024-04-30 06:00:00,0.0,0.0
2024-04-30 07:00:00,0.0,0.0
2024-04-30 08:00:00,0.0,0.0
2024-04-30 09:00:00,0.0,0.0
2024-04-30 10:00:00,0.10286281206689017,0.10286281206689017
2024-04-30 11:00:00,0.41165268991564286,0.41165268991564286
2024-04-30 12:00:00,0.7914316203433264,0.7914316203433264
2024-04-30 13:00:00,1.2424159762687699,1.2424159762687699
2024-04-30 14:00:00,2.179819120745113,2.179819120745113
2024-04-30 15:00:00,2.3271635978150305,2.3271635978150305
2024-04-30 16:00:00,3.178223283104608,3.178223283104608
2024-04-30 17:00:00,3.2349907960902606,3.2349907960902606
2024-04-30 18:00:00,2.920579589765554,2.920579589765554
2024-04-30 19:00:00,3.6409552640024967,3.6409552640024967
2024-04-30 20:00:00,3.4352254233171986,3.4352254233171986
2024-04-30 21:00:00,3.4060824343030704,3.4060824343030704
2024-04-30 22:00:00,0.0,0.0
2024-04-30 23:00:00,0.0,0.0
2024-05-01 00:00:00,0.0,0.0
2024-05-01 01:00:00,0.0,0.0
2024-05-01 02:00:00,0.0,0.0
2024-05-01 03:00:00,0.0,0.0
2024-05-01 04:00:00,0.0,0.0
2024-05-01 05:00:00,0.0,0.0
2024-05-01 06:00:00,0.0,0.0
2024-05-01 07:00:00,0.0,0.0
2024-05-01 08:00:00,0.0,0.0
2024-05-01 09:00:00,0.0,0.0
2024-05-01 10:00:00,0.11786358265650541,0.11786358265650541
2024-05-01 11:00:00,0.4716428064801479,0.4716428064801479
2024-05-01 12:00:00,0.7759771155606118,0.7759771155606118
2024-05-01 13:00:00,1.4770898379494206,1.4770898379494206
2024-05-01 14:00:00,1.9939366279258228,1.9939366279258228
2024-05-01 15:00:00,2.6707361651947528,2.6707361651947528
2024-05-01 16:00:00,3.6637432847647005,3.6637432847647005
2024-05-01 17:00:00,3.703540556935434,3.703540556935434
2024-05-01 18:00:00,3.1415440276705566,3.1415440276705566
2024-05-01 19:00:00,4.067291948366461,4.067291948366461
2024-05-01 20:00:00,3.317872463957294,3.317872463957294
2024-05-01 21:00:00,3.5937170261854297,3.5937170261854297
2024-05-01 22:00:00,0.0,0.0
2024-05-01 23:00:00,0.0,0.0
2024-05-02 00:00:00,0.0,0.0
2024-05-02 01:00:00,0.0,0.0
2024-05-02 02:00:00,0.0,0.0
2024-05-02 03:00:00,0.0,0.0
2024-05-02 04:00:00,0.0,0.0
2024-05-02 05:00:00,0.0,0.0
2024-05-02 06:00:00,0.0,0.0
2024-05-02 07:00:00,0.0,0.0
2024-05-02 08:00:00,0.0,0.0
2024-05-02 09:00:00,0.0,0.0
2024-05-02 10:00:00,0.09579868416962149,0.09579868416962149
2024-05-02 11:00:00,0.3599278568065936,0.3599278568065936
2024-05-02 12:00:00,0.7627437157590499,0.7627437157590499
2024-05-02 13:00:00,1.4012758086331096,1.4012758086331096
2024-05-02 14:00:00,1.9954670974576303,1.9954670974576303
2024-05-02 15:00:00,2.1872877784104565,2.1872877784104565
2024-05-02 16:00:00,2.8538678397900274,2.8538678397900274
2024-05-02 17:00:00,3.8358552734368128,3.8358552734368128
2024-05-02 18:00:00,3.4681186737729948,3.4681186737729948
2024-05-02 19:00:00,3.7651803943977855,3.7651803943977855
2024-05-02 20:00:00,3.7700144962903277,3.7700144962903277
2024-05-02 21:00:00,3.535192627939637,3.535192627939637
2024-05-02 22:00:00,0.0,0.0
2024-05-02 23:00:00,0.0,0.0
2024-05-03 00:00:00,0.0,0.0
2024-05-03 01:00:00,0.0,0.0
2024-05-03 02:00:00,0.0,0.0
2024-05-03 03:00:00,0.0,0.0
2024-05-03 04:00:00,0.0,0.0
2024-05-03 05:00:00,0.0,0.0
2024-05-03 06:00:00,0.0,0.0
2024-05-03 07:00:00,0.0,0.0
2024-05-03 08:00:00,0.0,0.0
2024-05-03 09:00:00,0.0,0.0
2024-05-03 10:00:00,0.14474573909464356,0.14474573909464356
2024-05-03 11:00:00,0.5141342374356398,0.5141342374356398
2024-05-03 12:00:00,0.7900156047907204,0.7900156047907204
2024-05-03 13:00:00,1.679203977098431,1.679203977098431
2024-05-03 14:00:00,2.475241956633631,2.475241956633631
2024-05-03 15:00:00,2.4272183975739803,2.4272183975739803
2024-05-03 16:00:00,3.820259742877618,3.820259742877618
2024-05-03 17:00:00,3.9933254346825113,3.9933254346825113
2024-05-03 18:00:00,3.9781658709825862,3.9781658709825862
2024-05-03 19:00:00,3.504354490557655,3.504354490557655
2024-05-03 20:00:00,3.940043377686779,3.940043377686779
2024-05-03 21:00:00,4.492996679612088,4.492996679612088
2024-05-03 22:00:00,0.0,0.0
2024-05-03 23:00:00,0.0,0.0
2024-05-04 00:00:00,0.0,0.0
2024-05-04 01:00:00,0.0,0.0
2024-05-04 02:00:00,0.0,0.0
2024-05-04 03:00:00,0.0,0.0
2024-05-04 04:00:00,0.0,0.0
2024-05-04 05:00:00,0.0,0.0
2024-05-04 06:00:00,0.0,0.0
2024-05-04 07:00:00,0.0,0.0
2024-05-04 08:00:00,0.0,0.0
2024-05-04 09:00:00,0.0,0.0
2024-05-04 10:00:00,0.08652789872112947,0.08652789872112947
2024-05-04 11:00:00,0.2742332459105494,0.2742332459105494
2024-05-04 12:00:00,0.5436191858163385,0.5436191858163385
2024-05-04 13:00:00,0.8393966778012597,0.8393966778012597
2024-05-04 14:00:00,1.3412985980211176,1.3412985980211176
2024-05-04 15:00:00,1.5444416980185187,1.5444416980185187
2024-05-04 16:00:00,2.1308636356251944,2.1308636356251944
2024-05-04 17:00:00,2.332398459162028,2.332398459162028
2024-05-04 18:00:00,2.2213062123166702,2.2213062123166702
2024-05-04 19:00:00,2.7217027125481907,2.7217027125481907
2024-05-04 20:00:00,2.179633873954492,2.179633873954492
2024-05-04 21:00:00,2.317980018680987,2.317980018680987
2024-05-04 22:00:00,0.0,0.0
2024-05-04 23:00:00,0.0,0.0
2024-05-05 00:00:00,0.0,0.0
2024-05-05 01:00:00,0.0,0.0
2024-05-05 02:00:00,0.0,0.0
2024-05-05 03:00:00,0.0,0.0
2024-05-05 04:00:00,0.0,0.0
2024-05-05 05:00:00,0.0,0.0
2024-05-05 06:00:00,0.0,0.0
2024-05-05 07:00:00,0.0,0.0
2024-05-05 08:00:00,0.0,0.0
2024-05-05 09:00:00,0.0,0.0
2024-05-05 10:00:00,0.08928165124369007,0.08928165124369007
2024-05-05 11:00:00,0.34681012565244435,0.34681012565244435
2024-05-05 12:00:00,0.5701620224105599,0.5701620224105599
2024-05-05 13:00:00,1.048047836172987,1.048047836172987
2024-05-05 14:00:00,1.653923414735624,1.653923414735624
2024-05-05 15:00:00,1.8042906281153201,1.8042906281153201
2024-05-05 16:00:00,2.053486498337192,2.053486498337192
2024-05-05 17:00:00,2.7248271149610104,2.7248271149610104
2024-05-05 18:00:00,2.506921447455569,2.506921447455569
2024-05-05 19:00:00,2.3368018336986034,2.3368018336986034
2024-05-05 20:00:00,2.2041561784518593,2.2041561784518593
2024-05-05 21:00:00,2.5018176800235294,2.5018176800235294
2024-05-05 22:00:00,0.0,0.0
2024-05-05 23:00:00,0.0,0.0
2024-05-06 00:00:00,0.0,0.0
2024-05-06 01:00:00,0.0,0.0
2024-05-06 02:00:00,0.0,0.0
2024-05-06 03:00:00,0.0,0.0
2024-05-06 04:00:00,0.0,0.0
2024-05-06 05:00:00,0.0,0.0
2024-05-06 06:00:00,0.0,0.0
2024-05-06 07:00:00,0.0,0.0
2024-05-06 08:00:00,0.0,0.0
2024-05-06 09:00:00,0.0,0.0
2024-05-06 10:00:00,0.11703649322421264,0.11703649322421264
2024-05-06 11:00:00,0.5008470449876338,0.5008470449876338
2024-05-06 12:00:00,1.010983663484067,1.010983663484067
2024-05-06 13:00:00,1.46841986324998,1.46841986324998
2024-05-06 14:00:00,2.215047757815791,2.215047757815791
2024-05-06 15:00:00,2.8228611499775598,2.8228611499775598
2024-05-06 16:00:00,3.3056148658327045,3.3056148658327045
2024-05-06 17:00:00,3.6295246990629733,3.6295246990629733
2024-05-06 18:00:00,3.6628390089017753,3.6628390089017753
2024-05-06 19:00:00,4.1152986218336425,4.1152986218336425
2024-05-06 20:00:00,3.4993232607958964,3.4993232607958964
2024-05-06 21:00:00,3.949752468405179,3.949752468405179
2024-05-06 22:00:00,0.0,0.0
2024-05-06 23:00:00,0.0,0.0
2024-05-07 00:00:00,0.0,0.0
2024-05-07 01:00:00,0.0,0.0
2024-05-07 02:00:00,0.0,0.0
2024-05-07 03:00:00,0.0,0.0
2024-05-07 04:00:00,0.0,0.0
2024-05-07 05:00:00,0.0,0.0
2024-05-07 06:00:00,0.0,0.0
2024-05-07 07:00:00,0.0,0.0
2024-05-07 08:00:00,0.0,0.0
2024-05-07 09:00:00,0.0,0.0
2024-05-07 10:00:00,0.10385324273378259,0.10385324273378259
2024-05-07 11:00:00,0.4468999894909845,0.4468999894909845
2024-05-07 12:00:00,0.8898939886210986,0.8898939886210986
2024-05-07 13:00:00,1.3442827001342075,1.3442827001342075
2024-05-07 14:00:00,1.9239207038068902,1.9239207038068902
2024-05-07 15:00:00,2.3789047773078793,2.3789047773078793
2024-05-07 16:00:00,3.1814954167491294,3.1814954167491294
2024-05-07 17:00:00,3.6464726710199455,3.6464726710199455
2024-05-07 18:00:00,3.2176798202601025,3.2176798202601025
2024-05-07 19:00:00,3.823044402138256,3.823044402138256
2024-05-07 20:00:00,3.024233026962782,3.024233026962782
2024-05-07 21:00:00,3.696356446168998,3.696356446168998
2024-05-07 22:00:00,0.0,0.0
2024-05-07 23:00:00,0.0,0.0
2024-05-08 00:00:00,0.0,0.0
2024-05-08 01:00:00,0.0,0.0
2024-05-08 02:00:00,0.0,0.0
2024-05-08 03:00:00,0.0,0.0
2024-05-08 04:00:00,0.0,0.0
2024-05-08 05:00:00,0.0,0.0
2024-05-08 06:00:00,0.0,0.0
2024-05-08 07:00:00,0.0,0.0
2024-05-08 08:00:00,0.0,0.0
2024-05-08 09:00:00,0.0,0.0
2024-05-08 10:00:00,0.10370621982261939,0.10370621982261939
2024-05-08 11:00:00,0.4693731330952052,0.4693731330952052
2024-05-08 12:00:00,0.7670802164972722,0.7670802164972722
2024-05-08 13:00:00,1.0792052540421775,1.0792052540421775
2024-05-08 14:00:00,2.0343298088276924,2.0343298088276924
2024-05-08 15:00:00,2.6389948940468346,2.6389948940468346
2024-05-08 16:00:00,2.732154633227741,2.732154633227741
2024-05-08 17:00:00,3.548109788097881,3.548109788097881
2024-05-08 18:00:00,2.943806058204492,2.943806058204492
2024-05-08 19:00:00,3.079759352930907,3.079759352930907
2024-05-08 20:00:00,3.722848590321845,3.722848590321845
2024-05-08 21:00:00,2.9310821198719914,2.9310821198719914
2024-05-08 22:00:00,0.0,0.0
2024-05-08 23:00:00,0.0,0.0
2024-05-09 00:00:00,0.0,0.0
2024-05-09 01:00:00,0.0,0.0
2024-05-09 02:00:00,0.0,0.0
2024-05-09 03:00:00,0.0,0.0
2024-05-09 04:00:00,0.0,0.0
2024-05-09 05:00:00,0.0,0.0
2024-05-09 06:00:00,0.0,0.0
2024-05-09 07:00:00,0.0,0.0
2024-05-09 08:00:00,0.0,0.0
2024-05-09 09:00:00,0.0,0.0
2024-05-09 10:00:00,0.10586122363638645,0.10586122363638645
2024-05-09 11:00:00,0.5110584271446245,0.5110584271446245
2024-05-09 12:00:00,0.9050522263480921,0.9050522263480921
2024-05-09 13:00:00,1.4384811473710721,1.4384811473710721
2024-05-09 14:00:00,2.224279251377617,2.224279251377617
2024-05-09 15:00:00,2.5719719910061225,2.5719719910061225
2024-05-09 16:00:00,3.326134994012016,3.326134994012016
2024-05-09 17:00:00,3.363918114919956,3.363918114919956
2024-05-09 18:00:00,3.0170001244652465,3.0170001244652465
2024-05-09 19:00:00,3.28906218359674,3.28906218359674
2024-05-09 20:00:00,3.4865555231941836,3.4865555231941836
2024-05-09 21:00:00,3.3633266734842544,3.3633266734842544
2024-05-09 22:00:00,0.0,0.0
2024-05-09 23:00:00,0.0,0.0
2024-05-10 00:00:00,0.0,0.0
2024-05-10 01:00:00,0.0,0.0
2024-05-10 02:00:00,0.0,0.0
2024-05-10 03:00:00,0.0,0.0
2024-05-10 04:00:00,0.0,0.0
2024-05-10 05:00:00,0.0,0.0
2024-05-10 06:00:00,0.0,0.0
2024-05-10 07:00:00,0.0,0.0
2024-05-10 08:00:00,0.0,0.0
2024-05-10 09:00:00,0.0,0.0
2024-05-10 10:00:00,0.13708233393728095,0.13708233393728095
2024-05-10 11:00:00,0.4001022558776027,0.4001022558776027
2024-05-10 12:00:00,0.751951557034925,0.751951557034925
2024-05-10 13:00:00,1.3388824471995657,1.3388824471995657
2024-05-10 14:00:00,1.8776329508513407,1.8776329508513407
2024-05-10 15:00:00,2.633682860827877,2.633682860827877
2024-05-10 16:00:00,3.5978686766364585,3.5978686766364585
2024-05-10 17:00:00,3.655639283893655,3.655639283893655
2024-05-10 18:00:00,3.3628669749045157,3.3628669749045157
2024-05-10 19:00:00,3.6434779569947957,3.6434779569947957
2024-05-10 20:00:00,3.5212352345915146,3.5212352345915146
2024-05-10 21:00:00,4.218547372276137,4.218547372276137
2024-05-10 22:00:00,0.0,0.0
2024-05-10 23:00:00,0.0,0.0
2024-05-11 00:00:00,0.0,0.0
2024-05-11 01:00:00,0.0,0.0
2024-05-11 02:00:00,0.0,0.0
2024-05-11 03:00:00,0.0,0.0
2024-05-11 04:00:00,0.0,0.0
2024-05-11 05:00:00,0.0,0.0
2024-05-11 06:00:00,0.0,0.0
2024-05-11 07:00:00,0.0,0.0
2024-05-11 08:00:00,0.0,0.0
2024-05-11 09:00:00,0.0,0.0
2024-05-11 10:00:00,0.08600812683500599,0.08600812683500599
2024-05-11 11:00:00,0.38432271710165555,0.38432271710165555
2024-05-11 12:00:00,0.6378509913275806,0.6378509913275806
2024-05-11 13:00:00,1.07831573337831,1.07831573337831
2024-05-11 14:00:00,1.4488271378831648,1.4488271378831648
2024-05-11 15:00:00,1.7688563646243873,1.7688563646243873
2024-05-11 16:00:00,2.0138274034409105,2.0138274034409105
2024-05-11 17:00:00,2.897003784011485,2.897003784011485
2024-05-11 18:00:00,2.3019558883689477,2.3019558883689477
2024-05-11 19:00:00,2.2845014091889597,2.2845014091889597
2024-05-11 20:00:00,2.299877095507526,2.299877095507526
2024-05-11 21:00:00,2.551369148389361,2.551369148389361
2024-05-11 22:00:00,0.0,0.0
2024-05-11 23:00:00,0.0,0.0
2024-05-12 00:00:00,0.0,0.0
2024-05-12 01:00:00,0.0,0.0
2024-05-12 02:00:00,0.0,0.0
2024-05-12 03:00:00,0.0,0.0
2024-05-12 04:00:00,0.0,0.0
2024-05-12 05:00:00,0.0,0.0
2024-05-12 06:00:00,0.0,0.0
2024-05-12 07:00:00,0.0,0.0
2024-05-12 08:00:00,0.0,0.0
2024-05-12 09:00:00,0.0,0.0
2024-05-12 10:00:00,0.07267607592695317,0.07267607592695317
2024-05-12 11:00:00,0.3367057343592018,0.3367057343592018
2024-05-12 12:00:00,0.5571565797406592,0.5571565797406592
2024-05-12 13:00:00,0.9405157680510874,0.9405157680510874
2024-05-12 14:00:00,1.441851865824187,1.441851865824187
2024-05-12 15:00:00,1.521873243833679,1.521873243833679
2024-05-12 16:00:00,2.5094016946899966,2.5094016946899966
2024-05-12 17:00:00,2.7928945206411906,2.7928945206411906
2024-05-12 18:00:00,1.9949899437894565,1.9949899437894565
2024-05-12 19:00:00,2.652537953909293,2.652537953909293
2024-05-12 20:00:00,2.4121254511617907,2.4121254511617907
2024-05-12 21:00:00,2.352593495474,2.352593495474
2024-05-12 22:00:00,0.0,0.0
2024-05-12 23:00:00,0.0,0.0
2024-05-13 00:00:00,0.0,0.0
2024-05-13 01:00:00,0.0,0.0
2024-05-13 02:00:00,0.0,0.0
2024-05-13 03:00:00,0.0,0.0
2024-05-13 04:00:00,0.0,0.0
2024-05-13 05:00:00,0.0,0.0
2024-05-13 06:00:00,0.0,0.0
2024-05-13 07:00:00,0.0,0.0
2024-05-13 08:00:00,0.0,0.0
2024-05-13 09:00:00,0.0,0.0
2024-05-13 10:00:00,0.11530969962210143,0.11530969962210143
2024-05-13 11:00:00,0.4764456171426751,0.4764456171426751
2024-05-13 12:00:00,0.8732906677155878,0.8732906677155878
2024-05-13 13:00:00,1.240426728208567,1.240426728208567
2024-05-13 14:00:00,1.7990811192053549,1.7990811192053549
2024-05-13 15:00:00,2.646129601881111,2.646129601881111
2024-05-13 16:00:00,3.104357578874144,3.104357578874144
2024-05-13 17:00:00,3.289106944883328,3.289106944883328
2024-05-13 18:00:00,2.7193584045661594,2.7193584045661594
2024-05-13 19:00:00,3.4844943258955032,3.4844943258955032
2024-05-13 20:00:00,3.1372434491974395,3.1372434491974395
2024-05-13 21:00:00,3.6516753372397233,3.6516753372397233
2024-05-13 22:00:00,0.0,0.0
2024-05-13 23:00:00,0.0,0.0
2024-05-14 00:00:00,0.0,0.0
2024-05-14 01:00:00,0.0,0.0
2024-05-14 02:00:00,0.0,0.0
2024-05-14 03:00:00,0.0,0.0
2024-05-14 04:00:00,0.0,0.0
2024-05-14 05:00:00,0.0,0.0
2024-05-14 06:00:00,0.0,0.0
2024-05-14 07:00:00,0.0,0.0
2024-05-14 08:00:00,0.0,0.0
2024-05-14 09:00:00,0.0,0.0
2024-05-14 10:00:00,0.10049845857927948,0.10049845857927948
2024-05-14 11:00:00,0.40868223794646413,0.40868223794646413
2024-05-14 12:00:00,0.871059055903836,0.871059055903836
2024-05-14 13:00:00,1.2638599113231248,1.2638599113231248
2024-05-14 14:00:00,2.352629959911082,2.352629959911082
2024-05-14 15:00:00,2.6648163899020765,2.6648163899020765
2024-05-14 16:00:00,2.833725177278065,2.833725177278065
2024-05-14 17:00:00,3.8902214163291746,3.8902214163291746
2024-05-14 18:00:00,3.6313116148787556,3.6313116148787556
2024-05-14 19:00:00,3.812805456589278,3.812805456589278
2024-05-14 20:00:00,3.7556777754092705,3.7556777754092705
2024-05-14 21:00:00,3.248299080448703,3.248299080448703
2024-05-14 22:00:00,0.0,0.0
2024-05-14 23:00:00,0.0,0.0
2024-05-15 00:00:00,0.0,0.0
2024-05-15 01:00:00,0.0,0.0
2024-05-15 02:00:00,0.0,0.0
2024-05-15 03:00:00,0.0,0.0
2024-05-15 04:00:00,0.0,0.0
2024-05-15 05:00:00,0.0,0.0
2024-05-15 06:00:00,0.0,0.0
2024-05-15 07:00:00,0.0,0.0
2024-05-15 08:00:00,0.0,0.0
2024-05-15 09:00:00,0.0,0.0
2024-05-15 10:00:00,0.1009796458039542,0.1009796458039542
2024-05-15 11:00:00,0.4243301478948479,0.4243301478948479
2024-05-15 12:00:00,0.7526550037667726,0.7526550037667726
2024-05-15 13:00:00,1.3063739161402856,1.3063739161402856
2024-05-15 14:00:00,1.8538549337053527,1.8538549337053527
2024-05-15 15:00:00,2.595837159580115,2.595837159580115
2024-05-15 16:00:00,3.526544497539763,3.526544497539763
2024-05-15 17:00:00,3.134269667638618,3.134269667638618
2024-05-15 18:00:00,3.2694384595927337,3.2694384595927337
2024-05-15 19:00:00,3.7006576981799535,3.7006576981799535
2024-05-15 20:00:00,3.44638034665484,3.44638034665484
2024-05-15 21:00:00,3.768671870178765,3.768671870178765
2024-05-15 22:00:00,0.0,0.0
2024-05-15 23:00:00,0.0,0.0
2024-05-16 00:00:00,0.0,0.0
2024-05-16 01:00:00,0.0,0.0
2024-05-16 02:00:00,0.0,0.0
2024-05-16 03:00:00,0.0,0.0
2024-05-16 04:00:00,0.0,0.0
2024-05-16 05:00:00,0.0,0.0
2024-05-16 06:00:00,0.0,0.0
2024-05-16 07:00:00,0.0,0.0
2024-05-16 08:00:00,0.0,0.0
2024-05-16 09:00:00,0.0,0.0
2024-05-16 10:00:00,0.11157976566658075,0.11157976566658075
2024-05-16 11:00:00,0.4263373429922634,0.4263373429922634
2024-05-16 12:00:00,0.8871914216124418,0.8871914216124418
2024-05-16 13:00:00,1.6140246083970904,1.6140246083970904
2024-05-16 14:00:00,2.495091045870908,2.495091045870908
2024-05-16 15:00:00,2.266474336891019,2.266474336891019
2024-05-16 16:00:00,3.7908942504174448,3.7908942504174448
2024-05-16 17:00:00,3.442339492318683,3.442339492318683
2024-05-16 18:00:00,3.8739385960044594,3.8739385960044594
2024-05-16 19:00:00,3.8851629551576243,3.8851629551576243
2024-05-16 20:00:00,3.843876840628136,3.843876840628136
2024-05-16 21:00:00,3.6669438408004615,3.6669438408004615
2024-05-16 22:00:00,0.0,0.0
2024-05-16 23:00:00,0.0,0.0
2024-05-17 00:00:00,0.0,0.0
2024-05-17 01:00:00,0.0,0.0
2024-05-17 02:00:00,0.0,0.0
2024-05-17 03:00:00,0.0,0.0
2024-05-17 04:00:00,0.0,0.0
2024-05-17 05:00:00,0.0,0.0
2024-05-17 06:00:00,0.0,0.0
2024-05-17 07:00:00,0.0,0.0
2024-05-17 08:00:00,0.0,0.0
2024-05-17 09:00:00,0.0,0.0
2024-05-17 10:00:00,0.10796261327142917,0.10796261327142917
2024-05-17 11:00:00,0.5252719564690276,0.5252719564690276
2024-05-17 12:00:00,0.9459653102230705,0.9459653102230705
2024-05-17 13:00:00,1.2813461818747771,1.2813461818747771
2024-05-17 14:00:00,1.8694914251005674,1.8694914251005674
2024-05-17 15:00:00,2.870084810472807,2.870084810472807
2024-05-17 16:00:00,3.040447559059008,3.040447559059008
2024-05-17 17:00:00,3.338233133889976,3.338233133889976
2024-05-17 18:00:00,3.643328898047057,3.643328898047057
2024-05-17 19:00:00,3.828775144787418,3.828775144787418
2024-05-17 20:00:00,3.842788248287588,3.842788248287588
2024-05-17 21:00:00,3.520929041151319,3.520929041151319
2024-05-17 22:00:00,0.0,0.0
2024-05-17 23:00:00,0.0,0.0
2024-05-18 00:00:00,0.0,0.0
2024-05-18 01:00:00,0.0,0.0
2024-05-18 02:00:00,0.0,0.0
2024-05-18 03:00:00,0.0,0.0
2024-05-18 04:00:00,0.0,0.0
2024-05-18 05:00:00,0.0,0.0
2024-05-18 06:00:00,0.0,0.0
2024-05-18 07:00:00,0.0,0.0
2024-05-18 08:00:00,0.0,0.0
2024-05-18 09:00:00,0.0,0.0
2024-05-18 10:00:00,0.07788098619978304,0.07788098619978304
2024-05-18 11:00:00,0.2933690249935019,0.2933690249935019
2024-05-18 12:00:00,0.5596942382779193,0.5596942382779193
2024-05-18 13:00:00,0.8796098812593514,0.8796098812593514
2024-05-18 14:00:00,1.2665975784903907,1.2665975784903907
2024-05-18 15:00:00,1.9080132309328208,1.9080132309328208
2024-05-18 16:00:00,2.2401184111809727,2.2401184111809727
2024-05-18 17:00:00,2.204662100199872,2.204662100199872
2024-05-18 18:00:00,2.0041390581509404,2.0041390581509404
2024-05-18 19:00:00,2.6647284258268042,2.6647284258268042
2024-05-18 20:00:00,2.1705529283335108,2.1705529283335108
2024-05-18 21:00:00,2.5621264780939024,2.5621264780939024
2024-05-18 22:00:00,0.0,0.0
2024-05-18 23:00:00,0.0,0.0
2024-05-19 00:00:00,0.0,0.0
2024-05-19 01:00:00,0.0,0.0
2024-05-19 02:00:00,0.0,0.0
2024-05-19 03:00:00,0.0,0.0
2024-05-19 04:00:00,0.0,0.0
2024-05-19 05:00:00,0.0,0.0
2024-05-19 06:00:00,0.0,0.0
2024-05-19 07:00:00,0.0,0.0
2024-05-19 08:00:00,0.0,0.0
2024-05-19 09:00:00,0.0,0.0
2024-05-19 10:00:00,0.0861693832962722,0.0861693832962722
2024-05-19 11:00:00,0.2843822125105468,0.2843822125105468
2024-05-19 12:00:00,0.5206410214275651,0.5206410214275651
2024-05-19 13:00:00,0.9810610959319541,0.9810610959319541
2024-05-19 14:00:00,1.3733791886440898,1.3733791886440898
2024-05-19 15:00:00,1.682970470710385,1.682970470710385
2024-05-19 16:00:00,2.163772039894636,2.163772039894636
2024-05-19 17:00:00,2.7513332584913495,2.7513332584913495
2024-05-19 18:00:00,2.3987025122129895,2.3987025122129895
2024-05-19 19:00:00,2.2139688517656753,2.2139688517656753
2024-05-19 20:00:00,2.149845646410813,2.149845646410813
2024-05-19 21:00:00,2.1316749656312197,2.1316749656312197
2024-05-19 22:00:00,0.0,0.0
2024-05-19 23:00:00,0.0,0.0
2024-05-20 00:00:00,0.0,0.0
2024-05-20 01:00:00,0.0,0.0
2024-05-20 02:00:00,0.0,0.0
2024-05-20 03:00:00,0.0,0.0
2024-05-20 04:00:00,0.0,0.0
2024-05-20 05:00:00,0.0,0.0
2024-05-20 06:00:00,0.0,0.0
2024-05-20 07:00:00,0.0,0.0
2024-05-20 08:00:00,0.0,0.0
2024-05-20 09:00:00,0.0,0.0
2024-05-20 10:00:00,0.13322496960624886,0.13322496960624886
2024-05-20 11:00:00,0.42316920681882303,0.42316920681882303
2024-05-20 12:00:00,0.9324135209946646,0.9324135209946646
2024-05-20 13:00:00,1.3891427405278338,1.3891427405278338
2024-05-20 14:00:00,1.965557348163287,1.965557348163287
2024-05-20 15:00:00,2.894770340038931,2.894770340038931
2024-05-20 16:00:00,2.86045881659393,2.86045881659393
2024-05-20 17:00:00,3.569954229092262,3.569954229092262
2024-05-20 18:00:00,3.726974555013836,3.726974555013836
2024-05-20 19:00:00,4.1597258353238225,4.1597258353238225
2024-05-20 20:00:00,4.203892502097218,4.203892502097218
2024-05-20 21:00:00,3.590363848725555,3.590363848725555
2024-05-20 22:00:00,0.0,0.0
2024-05-20 23:00:00,0.0,0.0
2024-05-21 00:00:00,0.0,0.0
2024-05-21 01:00:00,0.0,0.0
2024-05-21 02:00:00,0.0,0.0
2024-05-21 03:00:00,0.0,0.0
2024-05-21 04:00:00,0.0,0.0
2024-05-21 05:00:00,0.0,0.0
2024-05-21 06:00:00,0.0,0.0
2024-05-21 07:00:00,0.0,0.0
2024-05-21 08:00:00,0.0,0.0
2024-05-21 09:00:00,0.0,0.0
2024-05-21 10:00:00,0.11466829510939314,0.11466829510939314
2024-05-21 11:00:00,0.4509571608481791,0.4509571608481791
2024-05-21 12:00:00,0.9378834661694476,0.9378834661694476
2024-05-21 13:00:00,1.6303903083488471,1.6303903083488471
2024-05-21 14:00:00,2.470073014398634,2.470073014398634
2024-05-21 15:00:00,2.8317229414291467,2.8317229414291467
2024-05-21 16:00:00,3.480360445122278,3.480360445122278
2024-05-21 17:00:00,3.3727935106091267,3.3727935106091267
2024-05-21 18:00:00,3.500430666408732,3.500430666408732
2024-05-21 19:00:00,4.037059489745352,4.037059489745352
2024-05-21 20:00:00,3.512669320210017,3.512669320210017
2024-05-21 21:00:00,3.584665404641474,3.584665404641474
2024-05-21 22:00:00,0.0,0.0
2024-05-21 23:00:00,0.0,0.0
2024-05-22 00:00:00,0.0,0.0
2024-05-22 01:00:00,0.0,0.0
2024-05-22 02:00:00,0.0,0.0
2024-05-22 03:00:00,0.0,0.0
2024-05-22 04:00:00,0.0,0.0
2024-05-22 05:00:00,0.0,0.0
2024-05-22 06:00:00,0.0,0.0
2024-05-22 07:00:00,0.0,0.0
2024-05-22 08:00:00,0.0,0.0
2024-05-22 09:00:00,0.0,0.0
2024-05-22 10:00:00,0.12680292750872474,0.12680292750872474
2024-05-22 11:00:00,0.46250515338529924,0.46250515338529924
2024-05-22 12:00:00,1.002054195132474,1.002054195132474
2024-05-22 13:00:00,1.2711794758782335,1.2711794758782335
2024-05-22 14:00:00,2.1270896480072117,2.1270896480072117
2024-05-22 15:00:00,2.4289510202293205,2.4289510202293205
2024-05-22 16:00:00,3.3292475899600387,3.3292475899600387
2024-05-22 17:00:00,4.390278961700681,4.390278961700681
2024-05-22 18:00:00,4.063411786946825,4.063411786946825
2024-05-22 19:00:00,3.9181390946605315,3.9181390946605315
2024-05-22 20:00:00,4.484945655222476,4.484945655222476
2024-05-22 21:00:00,3.7394124690165276,3.7394124690165276
2024-05-22 22:00:00,0.0,0.0
2024-05-22 23:00:00,0.0,0.0
2024-05-23 00:00:00,0.0,0.0
2024-05-23 01:00:00,0.0,0.0
2024-05-23 02:00:00,0.0,0.0
2024-05-23 03:00:00,0.0,0.0
2024-05-23 04:00:00,0.0,0.0
2024-05-23 05:00:00,0.0,0.0
2024-05-23 06:00:00,0.0,0.0
2024-05-23 07:00:00,0.0,0.0
2024-05-23 08:00:00,0.0,0.0
2024-05-23 09:00:00,0.0,0.0
2024-05-23 10:00:00,0.11247882117156317,0.11247882117156317
2024-05-23 11:00:00,0.3790024898190624,0.3790024898190624
2024-05-23 12:00:00,0.7685578871248924,0.7685578871248924
2024-05-23 13:00:00,1.1008655766171196,1.1008655766171196
2024-05-23 14:00:00,2.219383360469601,2.219383360469601
2024-05-23 15:00:00,2.551428059074531,2.551428059074531
2024-05-23 16:00:00,2.5706593962329687,2.5706593962329687
2024-05-23 17:00:00,3.4918041553266526,3.4918041553266526
2024-05-23 18:00:00,2.6552875333302564,2.6552875333302564
2024-05-23 19:00:00,3.7266180456641194,3.7266180456641194
2024-05-23 20:00:00,3.3740761966587547,3.3740761966587547
2024-05-23 21:00:00,3.2370559873108653,3.2370559873108653
2024-05-23 22:00:00,0.0,0.0
2024-05-23 23:00:00,0.0,0.0
2024-05-24 00:00:00,0.0,0.0
2024-05-24 01:00:00,0.0,0.0
2024-05-24 02:00:00,0.0,0.0
2024-05-24 03:00:00,0.0,0.0
2024-05-24 04:00:00,0.0,0.0
2024-05-24 05:00:00,0.0,0.0
2024-05-24 06:00:00,0.0,0.0
2024-05-24 07:00:00,0.0,0.0
2024-05-24 08:00:00,0.0,0.0
2024-05-24 09:00:00,0.0,0.0
2024-05-24 10:00:00,0.12390541629918529,0.12390541629918529
2024-05-24 11:00:00,0.4257380119424136,0.4257380119424136
2024-05-24 12:00:00,0.721142648560155,0.721142648560155
2024-05-24 13:00:00,1.431263373179415,1.431263373179415
2024-05-24 14:00:00,2.1761041625873396,2.1761041625873396
2024-05-24 15:00:00,2.7314344323898143,2.7314344323898143
2024-05-24 16:00:00,2.7782126700899306,2.7782126700899306
2024-05-24 17:00:00,3.923930114076334,3.923930114076334
2024-05-24 18:00:00,3.635400706306814,3.635400706306814
2024-05-24 19:00:00,3.2988669252898686,3.2988669252898686
2024-05-24 20:00:00,3.3244714567430607,3.3244714567430607
2024-05-24 21:00:00,3.6493996830586024,3.6493996830586024
2024-05-24 22:00:00,0.0,0.0
2024-05-24 23:00:00,0.0,0.0
2024-05-25 00:00:00,0.0,0.0
2024-05-25 01:00:00,0.0,0.0
2024-05-25 02:00:00,0.0,0.0
2024-05-25 03:00:00,0.0,0.0
2024-05-25 04:00:00,0.0,0.0
2024-05-25 05:00:00,0.0,0.0
2024-05-25 06:00:00,0.0,0.0
2024-05-25 07:00:00,0.0,0.0
2024-05-25 08:00:00,0.0,0.0
2024-05-25 09:00:00,0.0,0.0
2024-05-25 10:00:00,0.07858694960729122,0.07858694960729122
2024-05-25 11:00:00,0.3349778444009375,0.3349778444009375
2024-05-25 12:00:00,0.6093729554034634,0.6093729554034634
2024-05-25 13:00:00,0.8533725095808878,0.8533725095808878
2024-05-25 14:00:00,1.2919686364847174,1.2919686364847174
2024-05-25 15:00:00,1.727340425832601,1.727340425832601
2024-05-25 16:00:00,2.1887758184749933,2.1887758184749933
2024-05-25 17:00:00,2.735685369228649,2.735685369228649
2024-05-25 18:00:00,2.0551731733877774,2.0551731733877774
2024-05-25 19:00:00,2.6770326096326578,2.6770326096326578
2024-05-25 20:00:00,2.297770789525218,2.297770789525218
2024-05-25 21:00:00,2.10029950742356,2.10029950742356
2024-05-25 22:00:00,0.0,0.0
2024-05-25 23:00:00,0.0,0.0
2024-05-26 00:00:00,0.0,0.0
2024-05-26 01:00:00,0.0,0.0
2024-05-26 02:00:00,0.0,0.0
2024-05-26 03:00:00,0.0,0.0
2024-05-26 04:00:00,0.0,0.0
2024-05-26 05:00:00,0.0,0.0
2024-05-26 06:00:00,0.0,0.0
2024-05-26 07:00:00,0.0,0.0
2024-05-26 08:00:00,0.0,0.0
2024-05-26 09:00:00,0.0,0.0
2024-05-26 10:00:00,0.08253189356229594,0.08253189356229594
2024-05-26 11:00:00,0.28019223549696753,0.28019223549696753
2024-05-26 12:00:00,0.6291025829800613,0.6291025829800613
2024-05-26 13:00:00,0.8803760306001482,0.8803760306001482
2024-05-26 14:00:00,1.4320919590407317,1.4320919590407317
2024-05-26 15:00:00,1.825082631055063,1.825082631055063
2024-05-26 16:00:00,2.0406391830739126,2.0406391830739126
2024-05-26 17:00:00,2.7779536536174634,2.7779536536174634
2024-05-26 18:00:00,2.352196202689487,2.352196202689487
2024-05-26 19:00:00,2.657160863007055,2.657160863007055
2024-05-26 20:00:00,2.4411591752919164,2.4411591752919164
2024-05-26 21:00:00,2.4180913517635854,2.4180913517635854
2024-05-26 22:00:00,0.0,0.0
2024-05-26 23:00:00,0.0,0.0
2024-05-27 00:00:00,0.0,0.0
2024-05-27 01:00:00,0.0,0.0
2024-05-27 02:00:00,0.0,0.0
2024-05-27 03:00:00,0.0,0.0
2024-05-27 04:00:00,0.0,0.0
2024-05-27 05:00:00,0.0,0.0
2024-05-27 06:00:00,0.0,0.0
2024-05-27 07:00:00,0.0,0.0
2024-05-27 08:00:00,0.0,0.0
2024-05-27 09:00:00,0.0,0.0
2024-05-27 10:00:00,0.09431940997502201,0.09431940997502201
2024-05-27 11:00:00,0.3645913342178536,0.3645913342178536
2024-05-27 12:00:00,0.8594167630199776,0.8594167630199776
2024-05-27 13:00:00,1.2763459913264696,1.2763459913264696
2024-05-27 14:00:00,1.7809020182430855,1.7809020182430855
2024-05-27 15:00:00,2.2093505202993953,2.2093505202993953
2024-05-27 16:00:00,3.1686282947166244,3.1686282947166244
2024-05-27 17:00:00,2.92054217930443,2.92054217930443
2024-05-27 18:00:00,2.918836635609055,2.918836635609055
2024-05-27 19:00:00,2.9917786649631295,2.9917786649631295
2024-05-27 20:00:00,2.8507478127605266,2.8507478127605266
2024-05-27 21:00:00,3.277010803069506,3.277010803069506
2024-05-27 22:00:00,0.0,0.0
2024-05-27 23:00:00,0.0,0.0
2024-05-28 00:00:00,0.0,0.0
2024-05-28 01:00:00,0.0,0.0
2024-05-28 02:00:00,0.0,0.0
2024-05-28 03:00:00,0.0,0.0
2024-05-28 04:00:00,0.0,0.0
2024-05-28 05:00:00,0.0,0.0
2024-05-28 06:00:00,0.0,0.0
2024-05-28 07:00:00,0.0,0.0
2024-05-28 08:00:00,0.0,0.0
2024-05-28 09:00:00,0.0,0.0
2024-05-28 10:00:00,0.10713297653056525,0.10713297653056525
2024-05-28 11:00:00,0.40014407165358723,0.40014407165358723
2024-05-28 12:00:00,0.6665823699648588,0.6665823699648588
2024-05-28 13:00:00,1.3287068100516455,1.3287068100516455
2024-05-28 14:00:00,1.7745452093758654,1.7745452093758654
2024-05-28 15:00:00,2.2896007151606432,2.2896007151606432
2024-05-28 16:00:00,2.826115560307978,2.826115560307978
2024-05-28 17:00:00,3.036821424587361,3.036821424587361
2024-05-28 18:00:00,2.9620613145729284,2.9620613145729284
2024-05-28 19:00:00,3.577742090965334,3.577742090965334
2024-05-28 20:00:00,3.100637313456236,3.100637313456236
2024-05-28 21:00:00,3.6625113525649575,3.6625113525649575
2024-05-28 22:00:00,0.0,0.0
2024-05-28 23:00:00,0.0,0.0
2024-05-29 00:00:00,0.0,0.0
2024-05-29 01:00:00,0.0,0.0
2024-05-29 02:00:00,0.0,0.0
2024-05-29 03:00:00,0.0,0.0
2024-05-29 04:00:00,0.0,0.0
2024-05-29 05:00:00,0.0,0.0
2024-05-29 06:00:00,0.0,0.0
2024-05-29 07:00:00,0.0,0.0
2024-05-29 08:00:00,0.0,0.0
2024-05-29 09:00:00,0.0,0.0
2024-05-29 10:00:00,0.13875996045682576,0.13875996045682576
2024-05-29 11:00:00,0.4639764804533666,0.4639764804533666
2024-05-29 12:00:00,1.007508863611105,1.007508863611105
2024-05-29 13:00:00,1.5739484274891036,1.5739484274891036
2024-05-29 14:00:00,2.0393891869962757,2.0393891869962757
2024-05-29 15:00:00,2.854718979607562,2.854718979607562
2024-05-29 16:00:00,3.0748990628761557,3.0748990628761557
2024-05-29 17:00:00,3.4896867713442696,3.4896867713442696
2024-05-29 18:00:00,3.203481125576958,3.203481125576958
2024-05-29 19:00:00,4.228196676481343,4.228196676481343
2024-05-29 20:00:00,3.9080671304260814,3.9080671304260814
2024-05-29 21:00:00,4.301244712398219,4.301244712398219
2024-05-29 22:00:00,0.0,0.0
2024-05-29 23:00:00,0.0,0.0
2024-05-30 00:00:00,0.0,0.0
2024-05-30 01:00:00,0.0,0.0
2024-05-30 02:00:00,0.0,0.0
2024-05-30 03:00:00,0.0,0.0
2024-05-30 04:00:00,0.0,0.0
2024-05-30 05:00:00,0.0,0.0
2024-05-30 06:00:00,0.0,0.0
2024-05-30 07:00:00,0.0,0.0
2024-05-30 08:00:00,0.0,0.0
2024-05-30 09:00:00,0.0,0.0
2024-05-30 10:00:00,0.13279270919426114,0.13279270919426114
2024-05-30 11:00:00,0.43660182111278756,0.43660182111278756
2024-05-30 12:00:00,0.774669776741796,0.774669776741796
2024-05-30 13:00:00,1.2409003157535317,1.2409003157535317
2024-05-30 14:00:00,2.603921531123463,2.603921531123463
2024-05-30 15:00:00,2.300001807875663,2.300001807875663
2024-05-30 16:00:00,3.3634462656552997,3.3634462656552997
2024-05-30 17:00:00,4.213631320370339,4.213631320370339
2024-05-30 18:00:00,3.5495268928733164,3.5495268928733164
2024-05-30 19:00:00,3.367480704849881,3.367480704849881
2024-05-30 20:00:00,3.395495974292109,3.395495974292109
2024-05-30 21:00:00,3.541104824553805,3.541104824553805
2024-05-30 22:00:00,0.0,0.0
2024-05-30 23:00:00,0.0,0.0
2024-05-31 00:00:00,0.0,0.0
2024-05-31 01:00:00,0.0,0.0
2024-05-31 02:00:00,0.0,0.0
2024-05-31 03:00:00,0.0,0.0
2024-05-31 04:00:00,0.0,0.0
2024-05-31 05:00:00,0.0,0.0
2024-05-31 06:00:00,0.0,0.0
2024-05-31 07:00:00,0.0,0.0
2024-05-31 08:00:00,0.0,0.0
2024-05-31 09:00:00,0.0,0.0
2024-05-31 10:00:00,0.13261536094343546,0.13261536094343546
2024-05-31 11:00:00,0.44605529723664633,0.44605529723664633
2024-05-31 12:00:00,0.9304802211997627,0.9304802211997627
2024-05-31 13:00:00,1.5000529865598409,1.5000529865598409
2024-05-31 14:00:00,1.962177177355642,1.962177177355642
2024-05-31 15:00:00,2.6764429818944127,2.6764429818944127
2024-05-31 16:00:00,3.764620394084734,3.764620394084734
2024-05-31 17:00:00,3.5074955907713172,3.5074955907713172
2024-05-31 18:00:00,3.315977401259282,3.315977401259282
2024-05-31 19:00:00,3.443036345809889,3.443036345809889
2024-05-31 20:00:00,3.9066589458281054,3.9066589458281054
2024-05-31 21:00:00,3.2566434696837483,3.2566434696837483
2024-05-31 22:00:00,0.0,0.0
2024-05-31 23:00:00,0.0,0.0
2024-06-01 00:00:00,0.0,0.0
2024-06-01 01:00:00,0.0,0.0
2024-06-01 02:00:00,0.0,0.0
2024-06-01 03:00:00,0.0,0.0
2024-06-01 04:00:00,0.0,0.0
2024-06-01 05:00:00,0.0,0.0
2024-06-01 06:00:00,0.0,0.0
2024-06-01 07:00:00,0.0,0.0
2024-06-01 08:00:00,0.0,0.0
2024-06-01 09:00:00,0.0,0.0
2024-06-01 10:00:00,0.08302167688963713,0.08302167688963713
2024-06-01 11:00:00,0.3272846058497007,0.3272846058497007
2024-06-01 12:00:00,0.5626479989549616,0.5626479989549616
2024-06-01 13:00:00,0.9486744103203719,0.9486744103203719
2024-06-01 14:00:00,1.4037321007127461,1.4037321007127461
2024-06-01 15:00:00,1.7599978791974178,1.7599978791974178
2024-06-01 16:00:00,2.45394749597035,2.45394749597035
2024-06-01 17:00:00,2.2031733803612434,2.2031733803612434
2024-06-01 18:00:00,2.2728166871916335,2.2728166871916335
2024-06-01 19:00:00,2.198919085165886,2.198919085165886
2024-06-01 20:00:00,2.5451664700320324,2.5451664700320324
2024-06-01 21:00:00,2.383183646789202,2.383183646789202
2024-06-01 22:00:00,0.0,0.0
2024-06-01 23:00:00,0.0,0.0
2024-06-02 00:00:00,0.0,0.0
2024-06-02 01:00:00,0.0,0.0
2024-06-02 02:00:00,0.0,0.0
2024-06-02 03:00:00,0.0,0.0
2024-06-02 04:00:00,0.0,0.0
2024-06-02 05:00:00,0.0,0.0
2024-06-02 06:00:00,0.0,0.0
2024-06-02 07:00:00,0.0,0.0
2024-06-02 08:00:00,0.0,0.0
2024-06-02 09:00:00,0.0,0.0
2024-06-02 10:00:00,0.08169658233223502,0.08169658233223502
2024-06-02 11:00:00,0.3476756464318674,0.3476756464318674
2024-06-02 12:00:00,0.49976582575292544,0.49976582575292544
2024-06-02 13:00:00,0.9333529442376525,0.9333529442376525
2024-06-02 14:00:00,1.606456205121006,1.606456205121006
2024-06-02 15:00:00,1.5426826364988204,1.5426826364988204
2024-06-02 16:00:00,2.336930047069459,2.336930047069459
2024-06-02 17:00:00,2.8389881590357087,2.8389881590357087
2024-06-02 18:00:00,2.1235294805538762,2.1235294805538762
2024-06-02 19:00:00,2.1322814365596723,2.1322814365596723
2024-06-02 20:00:00,2.8296945539904588,2.8296945539904588
2024-06-02 21:00:00,2.303471758224853,2.303471758224853
2024-06-02 22:00:00,0.0,0.0
2024-06-02 23:00:00,0.0,0.0
2024-06-03 00:00:00,0.0,0.0
2024-06-03 01:00:00,0.0,0.0
2024-06-03 02:00:00,0.0,0.0
2024-06-03 03:00:00,0.0,0.0
2024-06-03 04:00:00,0.0,0.0
2024-06-03 05:00:00,0.0,0.0
2024-06-03 06:00:00,0.0,0.0
2024-06-03 07:00:00,0.0,0.0
2024-06-03 08:00:00,0.0,0.0
2024-06-03 09:00:00,0.0,0.0
2024-06-03 10:00:00,0.14103959837711894,0.14103959837711894
2024-06-03 11:00:00,0.4387663266930079,0.4387663266930079
2024-06-03 12:00:00,0.9695402462856122,0.9695402462856122
2024-06-03 13:00:00,1.4771475481132992,1.4771475481132992
2024-06-03 14:00:00,2.322070191464319,2.322070191464319
2024-06-03 15:00:00,2.3984155472360644,2.3984155472360644
2024-06-03 16:00:00,3.1152504444376077,3.1152504444376077
2024-06-03 17:00:00,3.625272065425008,3.625272065425008
2024-06-03 18:00:00,3.127026214994502,3.127026214994502
2024-06-03 19:00:00,3.747597451158437,3.747597451158437
2024-06-03 20:00:00,4.428965054660905,4.428965054660905
2024-06-03 21:00:00,4.577190226909925,4.577190226909925
2024-06-03 22:00:00,0.0,0.0
2024-06-03 23:00:00,0.0,0.0
2024-06-04 00:00:00,0.0,0.0
2024-06-04 01:00:00,0.0,0.0
2024-06-04 02:00:00,0.0,0.0
2024-06-04 03:00:00,0.0,0.0
2024-06-04 04:00:00,0.0,0.0
2024-06-04 05:00:00,0.0,0.0
2024-06-04 06:00:00,0.0,0.0
2024-06-04 07:00:00,0.0,0.0
2024-06-04 08:00:00,0.0,0.0
2024-06-04 09:00:00,0.0,0.0
2024-06-04 10:00:00,0.13502076185598455,0.13502076185598455
2024-06-04 11:00:00,0.506346233593273,0.506346233593273
2024-06-04 12:00:00,0.800235708974251,0.800235708974251
2024-06-04 13:00:00,1.2346361196991427,1.2346361196991427
2024-06-04 14:00:00,2.39041635176887,2.39041635176887
2024-06-04 15:00:00,2.619599344423596,2.619599344423596
2024-06-04 16:00:00,3.109258005317939,3.109258005317939
2024-06-04 17:00:00,4.0038605537747385,4.0038605537747385
2024-06-04 18:00:00,3.339486696517705,3.339486696517705
2024-06-04 19:00:00,4.09272698851774,4.09272698851774
2024-06-04 20:00:00,3.605965418520347,3.605965418520347
2024-06-04 21:00:00,4.313354601293051,4.313354601293051
2024-06-04 22:00:00,0.0,0.0
2024-06-04 23:00:00,0.0,0.0
2024-06-05 00:00:00,0.0,0.0
2024-06-05 01:00:00,0.0,0.0
2024-06-05 02:00:00,0.0,0.0
2024-06-05 03:00:00,0.0,0.0
2024-06-05 04:00:00,0.0,0.0
2024-06-05 05:00:00,0.0,0.0
2024-06-05 06:00:00,0.0,0.0
2024-06-05 07:00:00,0.0,0.0
2024-06-05 08:00:00,0.0,0.0
2024-06-05 09:00:00,0.0,0.0
2024-06-05 10:00:00,0.11735659738310882,0.11735659738310882
2024-06-05 11:00:00,0.4979266976095856,0.4979266976095856
2024-06-05 12:00:00,0.9675973239626803,0.9675973239626803
2024-06-05 13:00:00,1.3815216894102713,1.3815216894102713
2024-06-05 14:00:00,2.444728747467018,2.444728747467018
2024-06-05 15:00:00,2.317247205835153,2.317247205835153
2024-06-05 16:00:00,3.7168753239425705,3.7168753239425705
2024-06-05 17:00:00,3.410340807181253,3.410340807181253
2024-06-05 18:00:00,3.661401009163776,3.661401009163776
2024-06-05 19:00:00,3.75342171850984,3.75342171850984
2024-06-05 20:00:00,3.2403910969217287,3.2403910969217287
2024-06-05 21:00:00,4.114585403147388,4.114585403147388
2024-06-05 22:00:00,0.0,0.0
2024-06-05 23:00:00,0.0,0.0
2024-06-06 00:00:00,0.0,0.0
2024-06-06 01:00:00,0.0,0.0
2024-06-06 02:00:00,0.0,0.0
2024-06-06 03:00:00,0.0,0.0
2024-06-06 04:00:00,0.0,0.0
2024-06-06 05:00:00,0.0,0.0
2024-06-06 06:00:00,0.0,0.0
2024-06-06 07:00:00,0.0,0.0
2024-06-06 08:00:00,0.0,0.0
2024-06-06 09:00:00,0.0,0.0
2024-06-06 10:00:00,0.10065642405820338,0.10065642405820338
2024-06-06 11:00:00,0.4975956387957878,0.4975956387957878
2024-06-06 12:00:00,0.841266601307289,0.841266601307289
2024-06-06 13:00:00,1.453881976530199,1.453881976530199
2024-06-06 14:00:00,1.7772965186052483,1.7772965186052483
2024-06-06 15:00:00,2.2918007346263445,2.2918007346263445
2024-06-06 16:00:00,2.8887047751214596,2.8887047751214596
2024-06-06 17:00:00,3.973794786630502,3.973794786630502
2024-06-06 18:00:00,3.6178856237172194,3.6178856237172194
2024-06-06 19:00:00,3.7019907939432617,3.7019907939432617
2024-06-06 20:00:00,3.527792766947155,3.527792766947155
2024-06-06 21:00:00,3.1848779156189657,3.1848779156189657
2024-06-06 22:00:00,0.0,0.0
2024-06-06 23:00:00,0.0,0.0
2024-06-07 00:00:00,0.0,0.0
2024-06-07 01:00:00,0.0,0.0
2024-06-07 02:00:00,0.0,0.0
2024-06-07 03:00:00,0.0,0.0
2024-06-07 04:00:00,0.0,0.0
2024-06-07 05:00:00,0.0,0.0
2024-06-07 06:00:00,0.0,0.0
2024-06-07 07:00:00,0.0,0.0
2024-06-07 08:00:00,0.0,0.0
2024-06-07 09:00:00,0.0,0.0
2024-06-07 10:00:00,0.13729216642572184,0.13729216642572184
2024-06-07 11:00:00,0.4909645393513751,0.4909645393513751
2024-06-07 12:00:00,0.962082709776573,0.962082709776573
2024-06-07 13:00:00,1.6126538469300786,1.6126538469300786
2024-06-07 14:00:00,2.198418918786727,2.198418918786727
2024-06-07 15:00:00,2.976261324517258,2.976261324517258
2024-06-07 16:00:00,3.8268072610406483,3.8268072610406483
2024-06-07 17:00:00,3.6594609668361846,3.6594609668361846
2024-06-07 18:00:00,3.086043551671595,3.086043551671595
2024-06-07 19:00:00,4.375067892992165,4.375067892992165
2024-06-07 20:00:00,4.370424443788946,4.370424443788946
2024-06-07 21:00:00,3.5174094359754,3.5174094359754
2024-06-07 22:00:00,0.0,0.0
2024-06-07 23:00:00,0.0,0.0
2024-06-08 00:00:00,0.0,0.0
2024-06-08 01:00:00,0.0,0.0
2024-06-08 02:00:00,0.0,0.0
2024-06-08 03:00:00,0.0,0.0
2024-06-08 04:00:00,0.0,0.0
2024-06-08 05:00:00,0.0,0.0
2024-06-08 06:00:00,0.0,0.0
2024-06-08 07:00:00,0.0,0.0
2024-06-08 08:00:00,0.0,0.0
2024-06-08 09:00:00,0.0,0.0
2024-06-08 10:00:00,0.09891535419208786,0.09891535419208786
2024-06-08 11:00:00,0.30217055528047654,0.30217055528047654
2024-06-08 12:00:00,0.6116652104560566,0.6116652104560566
2024-06-08 13:00:00,1.020868938139762,1.020868938139762
2024-06-08 14:00:00,1.4321387734920694,1.4321387734920694
2024-06-08 15:00:00,1.946703786896571,1.946703786896571
2024-06-08 16:00:00,2.411144862694233,2.411144862694233
2024-06-08 17:00:00,3.1439209737896325,3.1439209737896325
2024-06-08 18:00:00,2.2629049789141837,2.2629049789141837
2024-06-08 19:00:00,3.051149264428177,3.051149264428177
2024-06-08 20:00:00,2.6093360031609527,2.6093360031609527
2024-06-08 21:00:00,3.1419185310985864,3.1419185310985864
2024-06-08 22:00:00,0.0,0.0
2024-06-08 23:00:00,0.0,0.0
2024-06-09 00:00:00,0.0,0.0
2024-06-09 01:00:00,0.0,0.0
2024-06-09 02:00:00,0.0,0.0
2024-06-09 03:00:00,0.0,0.0
2024-06-09 04:00:00,0.0,0.0
2024-06-09 05:00:00,0.0,0.0
2024-06-09 06:00:00,0.0,0.0
2024-06-09 07:00:00,0.0,0.0
2024-06-09 08:00:00,0.0,0.0
2024-06-09 09:00:00,0.0,0.0
2024-06-09 10:00:00,0.08365516559329499,0.08365516559329499
2024-06-09 11:00:00,0.30774733870942017,0.30774733870942017
2024-06-09 12:00:00,0.5057235402552027,0.5057235402552027
2024-06-09 13:00:00,1.0144915900149818,1.0144915900149818
2024-06-09 14:00:00,1.3426507015939133,1.3426507015939133
2024-06-09 15:00:00,1.7446690273889722,1.7446690273889722
2024-06-09 16:00:00,2.094238804737675,2.094238804737675
2024-06-09 17:00:00,2.7608637320013107,2.7608637320013107
2024-06-09 18:00:00,2.2435868710867632,2.2435868710867632
2024-06-09 19:00:00,2.2919786668154347,2.2919786668154347
2024-06-09 20:00:00,2.4151155300711604,2.4151155300711604
2024-06-09 21:00:00,2.7843683633003824,2.7843683633003824
2024-06-09 22:00:00,0.0,0.0
2024-06-09 23:00:00,0.0,0.0
2024-06-10 00:00:00,0.0,0.0
2024-06-10 01:00:00,0.0,0.0
2024-06-10 02:00:00,0.0,0.0
2024-06-10 03:00:00,0.0,0.0
2024-06-10 04:00:00,0.0,0.0
2024-06-10 05:00:00,0.0,0.0
2024-06-10 06:00:00,0.0,0.0
2024-06-10 07:00:00,0.0,0.0
2024-06-10 08:00:00,0.0,0.0
2024-06-10 09:00:00,0.0,0.0
2024-06-10 10:00:00,0.1245530951025457,0.1245530951025457
2024-06-10 11:00:00,0.45359351981858337,0.45359351981858337
2024-06-10 12:00:00,0.8436845463249055,0.8436845463249055
2024-06-10 13:00:00,1.3477943366953287,1.3477943366953287
2024-06-10 14:00:00,2.355462589281952,2.355462589281952
2024-06-10 15:00:00,2.498885377644898,2.498885377644898
2024-06-10 16:00:00,2.7859858818891703,2.7859858818891703
2024-06-10 17:00:00,3.9170357930924955,3.9170357930924955
2024-06-10 18:00:00,3.064770215972074,3.064770215972074
2024-06-10 19:00:00,3.0491158124816407,3.0491158124816407
2024-06-10 20:00:00,3.452492031476505,3.452492031476505
2024-06-10 21:00:00,3.978772607559004,3.978772607559004
2024-06-10 22:00:00,0.0,0.0
2024-06-10 23:00:00,0.0,0.0
2024-06-11 00:00:00,0.0,0.0
2024-06-11 01:00:00,0.0,0.0
2024-06-11 02:00:00,0.0,0.0
2024-06-11 03:00:00,0.0,0.0
2024-06-11 04:00:00,0.0,0.0
2024-06-11 05:00:00,0.0,0.0
2024-06-11 06:00:00,0.0,0.0
2024-06-11 07:00:00,0.0,0.0
2024-06-11 08:00:00,0.0,0.0
2024-06-11 09:00:00,0.0,0.0
2024-06-11 10:00:00,0.13002705408475887,0.13002705408475887
2024-06-11 11:00:00,0.4737363544722769,0.4737363544722769
2024-06-11 12:00:00,0.7995039539975463,0.7995039539975463
2024-06-11 13:00:00,1.4806210006633707,1.4806210006633707
2024-06-11 14:00:00,2.3609095967507545,2.3609095967507545
2024-06-11 15:00:00,3.0287664414115927,3.0287664414115927
2024-06-11 16:00:00,4.080100677812844,4.080100677812844
2024-06-11 17:00:00,4.505025882319767,4.505025882319767
2024-06-11 18:00:00,3.251582669216705,3.251582669216705
2024-06-11 19:00:00,4.367882700106083,4.367882700106083
2024-06-11 20:00:00,4.244838279540554,4.244838279540554
2024-06-11 21:00:00,4.459178963130297,4.459178963130297
2024-06-11 22:00:00,0.0,0.0
2024-06-11 23:00:00,0.0,0.0
2024-06-12 00:00:00,0.0,0.0
2024-06-12 01:00:00,0.0,0.0
2024-06-12 02:00:00,0.0,0.0
2024-06-12 03:00:00,0.0,0.0
2024-06-12 04:00:00,0.0,0.0
2024-06-12 05:00:00,0.0,0.0
2024-06-12 06:00:00,0.0,0.0
2024-06-12 07:00:00,0.0,0.0
2024-06-12 08:00:00,0.0,0.0
2024-06-12 09:00:00,0.0,0.0
2024-06-12 10:00:00,0.1338115433701328,0.1338115433701328
2024-06-12 11:00:00,0.4531301223622088,0.4531301223622088
2024-06-12 12:00:00,0.7889763396755569,0.7889763396755569
2024-06-12 13:00:00,1.5377860971353183,1.5377860971353183
2024-06-12 14:00:00,2.0080914877590286,2.0080914877590286
2024-06-12 15:00:00,2.537822046928859,2.537822046928859
2024-06-12 16:00:00,3.626661428374424,3.626661428374424
2024-06-12 17:00:00,4.370256301002137,4.370256301002137
2024-06-12 18:00:00,3.6368818240352327,3.6368818240352327
2024-06-12 19:00:00,3.962004470416724,3.962004470416724
2024-06-12 20:00:00,3.464874668551027,3.464874668551027
2024-06-12 21:00:00,4.075384755119657,4.075384755119657
2024-06-12 22:00:00,0.0,0.0
2024-06-12 23:00:00,0.0,0.0
2024-06-13 00:00:00,0.0,0.0
2024-06-13 01:00:00,0.0,0.0
2024-06-13 02:00:00,0.0,0.0
2024-06-13 03:00:00,0.0,0.0
2024-06-13 04:00:00,0.0,0.0
2024-06-13 05:00:00,0.0,0.0
2024-06-13 06:00:00,0.0,0.0
2024-06-13 07:00:00,0.0,0.0
2024-06-13 08:00:00,0.0,0.0
2024-06-13 09:00:00,0.0,0.0
2024-06-13 10:00:00,0.11893338361194483,0.11893338361194483
2024-06-13 11:00:00,0.508366570711434,0.508366570711434
2024-06-13 12:00:00,0.8299239726855934,0.8299239726855934
2024-06-13 13:00:00,1.4452796593922839,1.4452796593922839
2024-06-13 14:00:00,2.107455907191229,2.107455907191229
2024-06-13 15:00:00,2.460544319798864,2.460544319798864
2024-06-13 16:00:00,3.480151911549733,3.480151911549733
2024-06-13 17:00:00,3.3115065216800352,3.3115065216800352
2024-06-13 18:00:00,2.867628743625975,2.867628743625975
2024-06-13 19:00:00,3.0981388642886474,3.0981388642886474
2024-06-13 20:00:00,3.651573003700441,3.651573003700441
2024-06-13 21:00:00,3.320348298407624,3.320348298407624
2024-06-13 22:00:00,0.0,0.0
2024-06-13 23:00:00,0.0,0.0
2024-06-14 00:00:00,0.0,0.0
2024-06-14 01:00:00,0.0,0.0
2024-06-14 02:00:00,0.0,0.0
2024-06-14 03:00:00,0.0,0.0
2024-06-14 04:00:00,0.0,0.0
2024-06-14 05:00:00,0.0,0.0
2024-06-14 06:00:00,0.0,0.0
2024-06-14 07:00:00,0.0,0.0
2024-06-14 08:00:00,0.0,0.0
2024-06-14 09:00:00,0.0,0.0
2024-06-14 10:00:00,0.11808955777532087,0.11808955777532087
2024-06-14 11:00:00,0.42650232493914547,0.42650232493914547
2024-06-14 12:00:00,0.6936997500454768,0.6936997500454768
2024-06-14 13:00:00,1.3655307899947957,1.3655307899947957
2024-06-14 14:00:00,2.020225105523326,2.020225105523326
2024-06-14 15:00:00,2.0795421058193733,2.0795421058193733
2024-06-14 16:00:00,3.1726303135600267,3.1726303135600267
2024-06-14 17:00:00,2.97302761922811,2.97302761922811
2024-06-14 18:00:00,2.8665727701083896,2.8665727701083896
2024-06-14 19:00:00,3.290139959053246,3.290139959053246
2024-06-14 20:00:00,3.1944606886106786,3.1944606886106786
2024-06-14 21:00:00,3.783315633021986,3.783315633021986
2024-06-14 22:00:00,0.0,0.0
2024-06-14 23:00:00,0.0,0.0
2024-06-15 00:00:00,0.0,0.0
2024-06-15 01:00:00,0.0,0.0
2024-06-15 02:00:00,0.0,0.0
2024-06-15 03:00:00,0.0,0.0
2024-06-15 04:00:00,0.0,0.0
2024-06-15 05:00:00,0.0,0.0
2024-06-15 06:00:00,0.0,0.0
2024-06-15 07:00:00,0.0,0.0
2024-06-15 08:00:00,0.0,0.0
2024-06-15 09:00:00,0.0,0.0
2024-06-15 10:00:00,0.08635547499791575,0.08635547499791575
2024-06-15 11:00:00,0.3568236541774457,0.3568236541774457
2024-06-15 12:00:00,0.4986277812155534,0.4986277812155534
2024-06-15 13:00:00,0.9850770770569159,0.9850770770569159
2024-06-15 14:00:00,1.4822419291325053,1.4822419291325053
2024-06-15 15:00:00,1.4764030159425026,1.4764030159425026
2024-06-15 16:00:00,1.9579855632126966,1.9579855632126966
2024-06-15 17:00:00,2.698830715827304,2.698830715827304
2024-06-15 18:00:00,1.9510902298143566,1.9510902298143566
2024-06-15 19:00:00,2.5412409595682557,2.5412409595682557
2024-06-15 20:00:00,2.368845168902167,2.368845168902167
2024-06-15 21:00:00,2.838827335517951,2.838827335517951
2024-06-15 22:00:00,0.0,0.0
2024-06-15 23:00:00,0.0,0.0
2024-06-16 00:00:00,0.0,0.0
2024-06-16 01:00:00,0.0,0.0
2024-06-16 02:00:00,0.0,0.0
2024-06-16 03:00:00,0.0,0.0
2024-06-16 04:00:00,0.0,0.0
2024-06-16 05:00:00,0.0,0.0
2024-06-16 06:00:00,0.0,0.0
2024-06-16 07:00:00,0.0,0.0
2024-06-16 08:00:00,0.0,0.0
2024-06-16 09:00:00,0.0,0.0
2024-06-16 10:00:00,0.08295353618905567,0.08295353618905567
2024-06-16 11:00:00,0.3557241677734956,0.3557241677734956
2024-06-16 12:00:00,0.5605368934978442,0.5605368934978442
2024-06-16 13:00:00,0.9600824499056554,0.9600824499056554
2024-06-16 14:00:00,1.6236522914109883,1.6236522914109883
2024-06-16 15:00:00,1.6082195191494104,1.6082195191494104
2024-06-16 16:00:00,2.4202996705449844,2.4202996705449844
2024-06-16 17:00:00,2.635059901152065,2.635059901152065
2024-06-16 18:00:00,2.5095969038203103,2.5095969038203103
2024-06-16 19:00:00,2.696535881350886,2.696535881350886
2024-06-16 20:00:00,2.5468868058622225,2.5468868058622225
2024-06-16 21:00:00,2.7969270187096797,2.7969270187096797
2024-06-16 22:00:00,0.0,0.0
2024-06-16 23:00:00,0.0,0.0
2024-06-17 00:00:00,0.0,0.0
2024-06-17 01:00:00,0.0,0.0
2024-06-17 02:00:00,0.0,0.0
2024-06-17 03:00:00,0.0,0.0
2024-06-17 04:00:00,0.0,0.0
2024-06-17 05:00:00,0.0,0.0
2024-06-17 06:00:00,0.0,0.0
2024-06-17 07:00:00,0.0,0.0
2024-06-17 08:00:00,0.0,0.0
2024-06-17 09:00:00,0.0,0.0
2024-06-17 10:00:00,0.1149497947169026,0.1149497947169026
2024-06-17 11:00:00,0.4867169678033749,0.4867169678033749
2024-06-17 12:00:00,0.8016160929201973,0.8016160929201973
2024-06-17 13:00:00,1.3426660743883445,1.3426660743883445
2024-06-17 14:00:00,1.7663275284523545,1.7663275284523545
2024-06-17 15:00:00,2.3681119131083634,2.3681119131083634
2024-06-17 16:00:00,3.0744920174548023,3.0744920174548023
2024-06-17 17:00:00,3.131568341041231,3.131568341041231
2024-06-17 18:00:00,3.4957088399929286,3.4957088399929286
2024-06-17 19:00:00,3.0793933472808943,3.0793933472808943
2024-06-17 20:00:00,3.6404742410393847,3.6404742410393847
2024-06-17 21:00:00,3.7164427653522116,3.7164427653522116
2024-06-17 22:00:00,0.0,0.0
2024-06-17 23:00:00,0.0,0.0
2024-06-18 00:00:00,0.0,0.0
2024-06-18 01:00:00,0.0,0.0
2024-06-18 02:00:00,0.0,0.0
2024-06-18 03:00:00,0.0,0.0
2024-06-18 04:00:00,0.0,0.0
2024-06-18 05:00:00,0.0,0.0
2024-06-18 06:00:00,0.0,0.0
2024-06-18 07:00:00,0.0,0.0
2024-06-18 08:00:00,0.0,0.0
2024-06-18 09:00:00,0.0,0.0
2024-06-18 10:00:00,0.12266985619422337,0.12266985619422337
2024-06-18 11:00:00,0.4393581433735507,0.4393581433735507
2024-06-18 12:00:00,0.7492338526745662,0.7492338526745662
2024-06-18 13:00:00,1.537901289304492,1.537901289304492
2024-06-18 14:00:00,2.423399357967348,2.423399357967348
2024-06-18 15:00:00,2.2178962191023652,2.2178962191023652
2024-06-18 16:00:00,3.484708204458474,3.484708204458474
2024-06-18 17:00:00,3.7174027373337406,3.7174027373337406
2024-06-18 18:00:00,3.0627106271394653,3.0627106271394653
2024-06-18 19:00:00,3.8920175049728662,3.8920175049728662
2024-06-18 20:00:00,3.6987360019709685,3.6987360019709685
2024-06-18 21:00:00,3.216503082557512,3.216503082557512
2024-06-18 22:00:00,0.0,0.0
2024-06-18 23:00:00,0.0,0.0
2024-06-19 00:00:00,0.0,0.0
2024-06-19 01:00:00,0.0,0.0
2024-06-19 02:00:00,0.0,0.0
2024-06-19 03:00:00,0.0,0.0
2024-06-19 04:00:00,0.0,0.0
2024-06-19 05:00:00,0.0,0.0
2024-06-19 06:00:00,0.0,0.0
2024-06-19 07:00:00,0.0,0.0
2024-06-19 08:00:00,0.0,0.0
2024-06-19 09:00:00,0.0,0.0
2024-06-19 10:00:00,0.1346698016207476,0.1346698016207476
2024-06-19 11:00:00,0.5229571793534937,0.5229571793534937
2024-06-19 12:00:00,0.9535589605942912,0.9535589605942912
2024-06-19 13:00:00,1.2501261169551408,1.2501261169551408
2024-06-19 14:00:00,2.273767440634659,2.273767440634659
2024-06-19 15:00:00,2.9424157188014264,2.9424157188014264
2024-06-19 16:00:00,3.5632537768098733,3.5632537768098733
2024-06-19 17:00:00,3.567015233461921,3.567015233461921
2024-06-19 18:00:00,3.3677653468348914,3.3677653468348914
2024-06-19 19:00:00,3.5503348823022947,3.5503348823022947
2024-06-19 20:00:00,3.5984539069737003,3.5984539069737003
2024-06-19 21:00:00,3.825452534012617,3.825452534012617
2024-06-19 22:00:00,0.0,0.0
2024-06-19 23:00:00,0.0,0.0
2024-06-20 00:00:00,0.0,0.0
2024-06-20 01:00:00,0.0,0.0
2024-06-20 02:00:00,0.0,0.0
2024-06-20 03:00:00,0.0,0.0
2024-06-20 04:00:00,0.0,0.0
2024-06-20 05:00:00,0.0,0.0
2024-06-20 06:00:00,0.0,0.0
2024-06-20 07:00:00,0.0,0.0
2024-06-20 08:00:00,0.0,0.0
2024-06-20 09:00:00,0.0,0.0
2024-06-20 10:00:00,0.12707368084385423,0.12707368084385423
2024-06-20 11:00:00,0.4430612463471411,0.4430612463471411
2024-06-20 12:00:00,0.7197299843168342,0.7197299843168342
2024-06-20 13:00:00,1.2184971511628486,1.2184971511628486
2024-06-20 14:00:00,2.130383942515915,2.130383942515915
2024-06-20 15:00:00,2.5373573540320136,2.5373573540320136
2024-06-20 16:00:00,3.4135512074661016,3.4135512074661016
2024-06-20 17:00:00,3.469639989534468,3.469639989534468
2024-06-20 18:00:00,3.375162132494648,3.375162132494648
2024-06-20 19:00:00,3.2243527550858433,3.2243527550858433
2024-06-20 20:00:00,3.6418693714735655,3.6418693714735655
2024-06-20 21:00:00,3.498201912723636,3.498201912723636
2024-06-20 22:00:00,0.0,0.0
2024-06-20 23:00:00,0.0,0.0
2024-06-21 00:00:00,0.0,0.0
2024-06-21 01:00:00,0.0,0.0
2024-06-21 02:00:00,0.0,0.0
2024-06-21 03:00:00,0.0,0.0
2024-06-21 04:00:00,0.0,0.0
2024-06-21 05:00:00,0.0,0.0
2024-06-21 06:00:00,0.0,0.0
2024-06-21 07:00:00,0.0,0.0
2024-06-21 08:00:00,0.0,0.0
2024-06-21 09:00:00,0.0,0.0
2024-06-21 10:00:00,0.10837103705397451,0.10837103705397451
2024-06-21 11:00:00,0.5172567900308315,0.5172567900308315
2024-06-21 12:00:00,0.9445456449866051,0.9445456449866051
2024-06-21 13:00:00,1.5519316270117378,1.5519316270117378
2024-06-21 14:00:00,2.4372214130524528,2.4372214130524528
2024-06-21 15:00:00,2.741854879751673,2.741854879751673
2024-06-21 16:00:00,3.4190804967458637,3.4190804967458637
2024-06-21 17:00:00,3.427179914431695,3.427179914431695
2024-06-21 18:00:00,3.829322157981087,3.829322157981087
2024-06-21 19:00:00,4.0571761334028364,4.0571761334028364
2024-06-21 20:00:00,4.168051602411617,4.168051602411617
2024-06-21 21:00:00,4.49886704071681,4.49886704071681
2024-06-21 22:00:00,0.0,0.0
2024-06-21 23:00:00,0.0,0.0
2024-06-22 00:00:00,0.0,0.0
2024-06-22 01:00:00,0.0,0.0
2024-06-22 02:00:00,0.0,0.0
2024-06-22 03:00:00,0.0,0.0
2024-06-22 04:00:00,0.0,0.0
2024-06-22 05:00:00,0.0,0.0
2024-06-22 06:00:00,0.0,0.0
2024-06-22 07:00:00,0.0,0.0
2024-06-22 08:00:00,0.0,0.0
2024-06-22 09:00:00,0.0,0.0
2024-06-22 10:00:00,0.07853955684106843,0.07853955684106843
2024-06-22 11:00:00,0.3028289661577873,0.3028289661577873
2024-06-22 12:00:00,0.5879690381391366,0.5879690381391366
2024-06-22 13:00:00,1.133036292764135,1.133036292764135
2024-06-22 14:00:00,1.5498259153984664,1.5498259153984664
2024-06-22 15:00:00,1.9371370722466321,1.9371370722466321
2024-06-22 16:00:00,2.246203326225497,2.246203326225497
2024-06-22 17:00:00,2.351434171507763,2.351434171507763
2024-06-22 18:00:00,2.3884906032507063,2.3884906032507063
2024-06-22 19:00:00,2.6301788319057775,2.6301788319057775
2024-06-22 20:00:00,2.6137089840843912,2.6137089840843912
2024-06-22 21:00:00,2.523737326960156,2.523737326960156
2024-06-22 22:00:00,0.0,0.0
2024-06-22 23:00:00,0.0,0.0
2024-06-23 00:00:00,0.0,0.0
2024-06-23 01:00:00,0.0,0.0
2024-06-23 02:00:00,0.0,0.0
2024-06-23 03:00:00,0.0,0.0
2024-06-23 04:00:00,0.0,0.0
2024-06-23 05:00:00,0.0,0.0
2024-06-23 06:00:00,0.0,0.0
2024-06-23 07:00:00,0.0,0.0
2024-06-23 08:00:00,0.0,0.0
2024-06-23 09:00:00,0.0,0.0
2024-06-23 10:00:00,0.09789670213602875,0.09789670213602875
2024-06-23 11:00:00,0.3753731185022579,0.3753731185022579
2024-06-23 12:00:00,0.6090792703800059,0.6090792703800059
2024-06-23 13:00:00,1.112684622544248,1.112684622544248
2024-06-23 14:00:00,1.567683514843751,1.567683514843751
2024-06-23 15:00:00,1.7700927117590968,1.7700927117590968
2024-06-23 16:00:00,2.6302926567979146,2.6302926567979146
2024-06-23 17:00:00,2.8485601233294786,2.8485601233294786
2024-06-23 18:00:00,2.363732458147654,2.363732458147654
2024-06-23 19:00:00,2.5023074595746015,2.5023074595746015
2024-06-23 20:00:00,2.3541393588133332,2.3541393588133332
2024-06-23 21:00:00,2.5339140576020673,2.5339140576020673
2024-06-23 22:00:00,0.0,0.0
2024-06-23 23:00:00,0.0,0.0
2024-06-24 00:00:00,0.0,0.0
2024-06-24 01:00:00,0.0,0.0
2024-06-24 02:00:00,0.0,0.0
2024-06-24 03:00:00,0.0,0.0
2024-06-24 04:00:00,0.0,0.0
2024-06-24 05:00:00,0.0,0.0
2024-06-24 06:00:00,0.0,0.0
2024-06-24 07:00:00,0.0,0.0
2024-06-24 08:00:00,0.0,0.0
2024-06-24 09:00:00,0.0,0.0
2024-06-24 10:00:00,0.11432440560045884,0.11432440560045884
2024-06-24 11:00:00,0.44823683690465804,0.44823683690465804
2024-06-24 12:00:00,0.7040537272900829,0.7040537272900829
2024-06-24 13:00:00,1.2240137604731052,1.2240137604731052
2024-06-24 14:00:00,1.9623166574573885,1.9623166574573885
2024-06-24 15:00:00,2.4856638987948894,2.4856638987948894
2024-06-24 16:00:00,3.0934422912790254,3.0934422912790254
2024-06-24 17:00:00,3.5327394375156533,3.5327394375156533
2024-06-24 18:00:00,2.9385577365428186,2.9385577365428186
2024-06-24 19:00:00,3.348779517318691,3.348779517318691
2024-06-24 20:00:00,3.362442635656536,3.362442635656536
2024-06-24 21:00:00,3.5695713623748855,3.5695713623748855
2024-06-24 22:00:00,0.0,0.0
2024-06-24 23:00:00,0.0,0.0
2024-06-25 00:00:00,0.0,0.0
2024-06-25 01:00:00,0.0,0.0
2024-06-25 02:00:00,0.0,0.0
2024-06-25 03:00:00,0.0,0.0
2024-06-25 04:00:00,0.0,0.0
2024-06-25 05:00:00,0.0,0.0
2024-06-25 06:00:00,0.0,0.0
2024-06-25 07:00:00,0.0,0.0
2024-06-25 08:00:00,0.0,0.0
2024-06-25 09:00:00,0.0,0.0
2024-06-25 10:00:00,0.11978537663852218,0.11978537663852218
2024-06-25 11:00:00,0.5548422662502795,0.5548422662502795
2024-06-25 12:00:00,0.9594811905307357,0.9594811905307357
2024-06-25 13:00:00,1.6039144754946217,1.6039144754946217
2024-06-25 14:00:00,2.1866573464586847,2.1866573464586847
2024-06-25 15:00:00,2.8427420520173947,2.8427420520173947
2024-06-25 16:00:00,3.7173128868164627,3.7173128868164627
2024-06-25 17:00:00,4.295883353966749,4.295883353966749
2024-06-25 18:00:00,3.8006954115623595,3.8006954115623595
2024-06-25 19:00:00,3.674473927935333,3.674473927935333
2024-06-25 20:00:00,4.177725657776654,4.177725657776654
2024-06-25 21:00:00,4.5597050996465756,4.5597050996465756
2024-06-25 22:00:00,0.0,0.0
2024-06-25 23:00:00,0.0,0.0
2024-06-26 00:00:00,0.0,0.0
2024-06-26 01:00:00,0.0,0.0
2024-06-26 02:00:00,0.0,0.0
2024-06-26 03:00:00,0.0,0.0
2024-06-26 04:00:00,0.0,0.0
2024-06-26 05:00:00,0.0,0.0
2024-06-26 06:00:00,0.0,0.0
2024-06-26 07:00:00,0.0,0.0
2024-06-26 08:00:00,0.0,0.0
2024-06-26 09:00:00,0.0,0.0
2024-06-26 10:00:00,0.11416666685053992,0.11416666685053992
2024-06-26 11:00:00,0.5017194295458626,0.5017194295458626
2024-06-26 12:00:00,0.8933252918639762,0.8933252918639762
2024-06-26 13:00:00,1.32028287478681,1.32028287478681
2024-06-26 14:00:00,2.1873590868696606,2.1873590868696606
2024-06-26 15:00:00,2.7203759630312803,2.7203759630312803
2024-06-26 16:00:00,3.441458743153017,3.441458743153017
2024-06-26 17:00:00,3.868868460816021,3.868868460816021
2024-06-26 18:00:00,2.850397427161416,2.850397427161416
2024-06-26 19:00:00,3.808350482605979,3.808350482605979
2024-06-26 20:00:00,3.9875764496271313,3.9875764496271313
2024-06-26 21:00:00,3.1564303069977133,3.1564303069977133
2024-06-26 22:00:00,0.0,0.0
2024-06-26 23:00:00,0.0,0.0
2024-06-27 00:00:00,0.0,0.0
2024-06-27 01:00:00,0.0,0.0
2024-06-27 02:00:00,0.0,0.0
2024-06-27 03:00:00,0.0,0.0
2024-06-27 04:00:00,0.0,0.0
2024-06-27 05:00:00,0.0,0.0
2024-06-27 06:00:00,0.0,0.0
2024-06-27 07:00:00,0.0,0.0
2024-06-27 08:00:00,0.0,0.0
2024-06-27 09:00:00,0.0,0.0
2024-06-27 10:00:00,0.11896576628334223,0.11896576628334223
2024-06-27 11:00:00,0.416002773358858,0.416002773358858
2024-06-27 12:00:00,0.7797995982570548,0.7797995982570548
2024-06-27 13:00:00,1.469859957709958,1.469859957709958
2024-06-27 14:00:00,2.036725195109211,2.036725195109211
2024-06-27 15:00:00,2.6488867862376964,2.6488867862376964
2024-06-27 16:00:00,3.304239022334864,3.304239022334864
2024-06-27 17:00:00,3.368609633233828,3.368609633233828
2024-06-27 18:00:00,2.9215987765037927,2.9215987765037927
2024-06-27 19:00:00,3.7342565605250773,3.7342565605250773
2024-06-27 20:00:00,3.5668906123810027,3.5668906123810027
2024-06-27 21:00:00,3.9106607412886794,3.9106607412886794
2024-06-27 22:00:00,0.0,0.0
2024-06-27 23:00:00,0.0,0.0
2024-06-28 00:00:00,0.0,0.0
2024-06-28 01:00:00,0.0,0.0
2024-06-28 02:00:00,0.0,0.0
2024-06-28 03:00:00,0.0,0.0
2024-06-28 04:00:00,0.0,0.0
2024-06-28 05:00:00,0.0,0.0
2024-06-28 06:00:00,0.0,0.0
2024-06-28 07:00:00,0.0,0.0
2024-06-28 08:00:00,0.0,0.0
2024-06-28 09:00:00,0.0,0.0
2024-06-28 10:00:00,0.11837907312869969,0.11837907312869969
2024-06-28 11:00:00,0.5070411556581054,0.5070411556581054
2024-06-28 12:00:00,1.061671831809972,1.061671831809972
2024-06-28 13:00:00,1.413245866003085,1.413245866003085
2024-06-28 14:00:00,2.6891446435996866,2.6891446435996866
2024-06-28 15:00:00,2.7883595703392787,2.7883595703392787
2024-06-28 16:00:00,4.028640079395276,4.028640079395276
2024-06-28 17:00:00,4.603332721995777,4.603332721995777
2024-06-28 18:00:00,3.4764897420635132,3.4764897420635132
2024-06-28 19:00:00,4.251815894903606,4.251815894903606
2024-06-28 20:00:00,4.178937897228293,4.178937897228293
2024-06-28 21:00:00,4.18871263334005,4.18871263334005
2024-06-28 22:00:00,0.0,0.0
2024-06-28 23:00:00,0.0,0.0
2024-06-29 00:00:00,0.0,0.0
2024-06-29 01:00:00,0.0,0.0
2024-06-29 02:00:00,0.0,0.0
2024-06-29 03:00:00,0.0,0.0
2024-06-29 04:00:00,0.0,0.0
2024-06-29 05:00:00,0.0,0.0
2024-06-29 06:00:00,0.0,0.0
2024-06-29 07:00:00,0.0,0.0
2024-06-29 08:00:00,0.0,0.0
2024-06-29 09:00:00,0.0,0.0
2024-06-29 10:00:00,0.08529884279427663,0.08529884279427663
2024-06-29 11:00:00,0.27338302328445957,0.27338302328445957
2024-06-29 12:00:00,0.5618883391885402,0.5618883391885402
2024-06-29 13:00:00,0.8547709499755051,0.8547709499755051
2024-06-29 14:00:00,1.298287512937919,1.298287512937919
2024-06-29 15:00:00,1.6127232703801775,1.6127232703801775
2024-06-29 16:00:00,1.9248669634647104,1.9248669634647104
2024-06-29 17:00:00,2.6310789561969012,2.6310789561969012
2024-06-29 18:00:00,1.8620979402308422,1.8620979402308422
2024-06-29 19:00:00,2.577093797239509,2.577093797239509
2024-06-29 20:00:00,2.094233362068527,2.094233362068527
2024-06-29 21:00:00,2.4218671992347844,2.4218671992347844
2024-06-29 22:00:00,0.0,0.0
2024-06-29 23:00:00,0.0,0.0
2024-06-30 00:00:00,0.0,0.0
2024-06-30 01:00:00,0.0,0.0
2024-06-30 02:00:00,0.0,0.0
2024-06-30 03:00:00,0.0,0.0
2024-06-30 04:00:00,0.0,0.0
2024-06-30 05:00:00,0.0,0.0
2024-06-30 06:00:00,0.0,0.0
2024-06-30 07:00:00,0.0,0.0
2024-06-30 08:00:00,0.0,0.0
2024-06-30 09:00:00,0.0,0.0
2024-06-30 10:00:00,0.10023991832234036,0.10023991832234036
2024-06-30 11:00:00,0.358128810723537,0.358128810723537
2024-06-30 12:00:00,0.7122815463373294,0.7122815463373294
2024-06-30 13:00:00,1.084527119441155,1.084527119441155
2024-06-30 14:00:00,1.4606906645993543,1.4606906645993543
2024-06-30 15:00:00,2.0317808562636666,2.0317808562636666
2024-06-30 16:00:00,2.172411757617387,2.172411757617387
2024-06-30 17:00:00,2.7324143491446944,2.7324143491446944
2024-06-30 18:00:00,2.214363909474971,2.214363909474971
2024-06-30 19:00:00,2.8716365304685785,2.8716365304685785
2024-06-30 20:00:00,2.615828382766149,2.615828382766149
2024-06-30 21:00:00,3.198696027384362,3.198696027384362
2024-06-30 22:00:00,0.0,0.0
2024-06-30 23:00:00,0.0,0.0
2024-07-01 00:00:00,0.0,0.0
2024-07-01 01:00:00,0.0,0.0
2024-07-01 02:00:00,0.0,0.0
2024-07-01 03:00:00,0.0,0.0
2024-07-01 04:00:00,0.0,0.0
2024-07-01 05:00:00,0.0,0.0
2024-07-01 06:00:00,0.0,0.0
2024-07-01 07:00:00,0.0,0.0
2024-07-01 08:00:00,0.0,0.0
2024-07-01 09:00:00,0.0,0.0
2024-07-01 10:00:00,0.1432723974011447,0.1432723974011447
2024-07-01 11:00:00,0.4908273818235708,0.4908273818235708
2024-07-01 12:00:00,0.9567967116509626,0.9567967116509626
2024-07-01 13:00:00,1.3880319788101076,1.3880319788101076
2024-07-01 14:00:00,2.5144428017168914,2.5144428017168914
2024-07-01 15:00:00,2.7807617210738202,2.7807617210738202
2024-07-01 16:00:00,3.0596945675421776,3.0596945675421776
2024-07-01 17:00:00,4.38810312966467,4.38810312966467
2024-07-01 18:00:00,3.2551747355997076,3.2551747355997076
2024-07-01 19:00:00,3.6718723546790355,3.6718723546790355
2024-07-01 20:00:00,4.306529677548289,4.306529677548289
2024-07-01 21:00:00,3.754869210256652,3.754869210256652
2024-07-01 22:00:00,0.0,0.0
2024-07-01 23:00:00,0.0,0.0
2024-07-02 00:00:00,0.0,0.0
2024-07-02 01:00:00,0.0,0.0
2024-07-02 02:00:00,0.0,0.0
2024-07-02 03:00:00,0.0,0.0
2024-07-02 04:00:00,0.0,0.0
2024-07-02 05:00:00,0.0,0.0
2024-07-02 06:00:00,0.0,0.0
2024-07-02 07:00:00,0.0,0.0
2024-07-02 08:00:00,0.0,0.0
2024-07-02 09:00:00,0.0,0.0
2024-07-02 10:00:00,0.11675737835459897,0.11675737835459897
2024-07-02 11:00:00,0.41097696161849684,0.41097696161849684
2024-07-02 12:00:00,0.8741845137528672,0.8741845137528672
2024-07-02 13:00:00,1.3950184071267413,1.3950184071267413
2024-07-02 14:00:00,2.1611700474700632,2.1611700474700632
2024-07-02 15:00:00,2.1257429513113397,2.1257429513113397
2024-07-02 16:00:00,2.921254613396239,2.921254613396239
2024-07-02 17:00:00,2.9489630050361764,2.9489630050361764
2024-07-02 18:00:00,2.989729807047822,2.989729807047822
2024-07-02 19:00:00,3.2748565667238916,3.2748565667238916
2024-07-02 20:00:00,3.0640136777338554,3.0640136777338554
2024-07-02 21:00:00,3.5739131742117656,3.5739131742117656
2024-07-02 22:00:00,0.0,0.0
2024-07-02 23:00:00,0.0,0.0
2024-07-03 00:00:00,0.0,0.0
2024-07-03 01:00:00,0.0,0.0
2024-07-03 02:00:00,0.0,0.0
2024-07-03 03:00:00,0.0,0.0
2024-07-03 04:00:00,0.0,0.0
2024-07-03 05:00:00,0.0,0.0
2024-07-03 06:00:00,0.0,0.0
2024-07-03 07:00:00,0.0,0.0
2024-07-03 08:00:00,0.0,0.0
2024-07-03 09:00:00,0.0,0.0
2024-07-03 10:00:00,0.09798919760487482,0.09798919760487482
2024-07-03 11:00:00,0.39288495502351306,0.39288495502351306
2024-07-03 12:00:00,0.7203811687810004,0.7203811687810004
2024-07-03 13:00:00,1.3614810268227633,1.3614810268227633
2024-07-03 14:00:00,2.3001889761547836,2.3001889761547836
2024-07-03 15:00:00,2.2829439491815218,2.2829439491815218
2024-07-03 16:00:00,3.0379537466942836,3.0379537466942836
2024-07-03 17:00:00,3.1804581712838615,3.1804581712838615
2024-07-03 18:00:00,2.901726873297884,2.901726873297884
2024-07-03 19:00:00,3.4330988102818663,3.4330988102818663
2024-07-03 20:00:00,3.8727419359128468,3.8727419359128468
2024-07-03 21:00:00,3.9056664507914527,3.9056664507914527
2024-07-03 22:00:00,0.0,0.0
2024-07-03 23:00:00,0.0,0.0
2024-07-04 00:00:00,0.0,0.0
2024-07-04 01:00:00,0.0,0.0
2024-07-04 02:00:00,0.0,0.0
2024-07-04 03:00:00,0.0,0.0
2024-07-04 04:00:00,0.0,0.0
2024-07-04 05:00:00,0.0,0.0
2024-07-04 06:00:00,0.0,0.0
2024-07-04 07:00:00,0.0,0.0
2024-07-04 08:00:00,0.0,0.0
2024-07-04 09:00:00,0.0,0.0
2024-07-04 10:00:00,0.12423727403942114,0.12423727403942114
2024-07-04 11:00:00,0.44938252212153834,0.44938252212153834
2024-07-04 12:00:00,0.7969517766999018,0.7969517766999018
2024-07-04 13:00:00,1.543652320306362,1.543652320306362
2024-07-04 14:00:00,2.384309930770482,2.384309930770482
2024-07-04 15:00:00,2.7513769665844428,2.7513769665844428
2024-07-04 16:00:00,3.022473407532221,3.022473407532221
2024-07-04 17:00:00,4.035742767544739,4.035742767544739
2024-07-04 18:00:00,3.2338228069476673,3.2338228069476673
2024-07-04 19:00:00,3.8712784624909315,3.8712784624909315
2024-07-04 20:00:00,3.7724128966393686,3.7724128966393686
2024-07-04 21:00:00,3.594579452360762,3.594579452360762
2024-07-04 22:00:00,0.0,0.0
2024-07-04 23:00:00,0.0,0.0
2024-07-05 00:00:00,0.0,0.0
2024-07-05 01:00:00,0.0,0.0
2024-07-05 02:00:00,0.0,0.0
2024-07-05 03:00:00,0.0,0.0
2024-07-05 04:00:00,0.0,0.0
2024-07-05 05:00:00,0.0,0.0
2024-07-05 06:00:00,0.0,0.0
2024-07-05 07:00:00,0.0,0.0
2024-07-05 08:00:00,0.0,0.0
2024-07-05 09:00:00,0.0,0.0
2024-07-05 10:00:00,0.11068837243177447,0.11068837243177447
2024-07-05 11:00:00,0.47209430706660344,0.47209430706660344
2024-07-05 12:00:00,0.8894797516015054,0.8894797516015054
2024-07-05 13:00:00,1.4713112528238206,1.4713112528238206
2024-07-05 14:00:00,1.9039315167453117,1.9039315167453117
2024-07-05 15:00:00,2.2720059497332765,2.2720059497332765
2024-07-05 16:00:00,3.0389688992165156,3.0389688992165156
2024-07-05 17:00:00,3.725927887326594,3.725927887326594
2024-07-05 18:00:00,3.201786866987415,3.201786866987415
2024-07-05 19:00:00,4.1570800830202845,4.1570800830202845
2024-07-05 20:00:00,4.107870767329868,4.107870767329868
2024-07-05 21:00:00,3.322896572714068,3.322896572714068
2024-07-05 22:00:00,0.0,0.0
2024-07-05 23:00:00,0.0,0.0
2024-07-06 00:00:00,0.0,0.0
2024-07-06 01:00:00,0.0,0.0
2024-07-06 02:00:00,0.0,0.0
2024-07-06 03:00:00,0.0,0.0
2024-07-06 04:00:00,0.0,0.0
2024-07-06 05:00:00,0.0,0.0
2024-07-06 06:00:00,0.0,0.0
2024-07-06 07:00:00,0.0,0.0
2024-07-06 08:00:00,0.0,0.0
2024-07-06 09:00:00,0.0,0.0
2024-07-06 10:00:00,0.08207817295827914,0.08207817295827914
2024-07-06 11:00:00,0.3549057715215602,0.3549057715215602
2024-07-06 12:00:00,0.5668594582872994,0.5668594582872994
2024-07-06 13:00:00,0.876809612793398,0.876809612793398
2024-07-06 14:00:00,1.3985077802936698,1.3985077802936698
2024-07-06 15:00:00,1.6346540961646234,1.6346540961646234
2024-07-06 16:00:00,2.23210257824394,2.23210257824394
2024-07-06 17:00:00,2.7608319542040003,2.7608319542040003
2024-07-06 18:00:00,2.039762165964935,2.039762165964935
2024-07-06 19:00:00,2.8552636124844866,2.8552636124844866
2024-07-06 20:00:00,2.2698226277580598,2.2698226277580598
2024-07-06 21:00:00,3.0209213433751647,3.0209213433751647
2024-07-06 22:00:00,0.0,0.0
2024-07-06 23:00:00,0.0,0.0
2024-07-07 00:00:00,0.0,0.0
2024-07-07 01:00:00,0.0,0.0
2024-07-07 02:00:00,0.0,0.0
2024-07-07 03:00:00,0.0,0.0
2024-07-07 04:00:00,0.0,0.0
2024-07-07 05:00:00,0.0,0.0
2024-07-07 06:00:00,0.0,0.0
2024-07-07 07:00:00,0.0,0.0
2024-07-07 08:00:00,0.0,0.0
2024-07-07 09:00:00,0.0,0.0
2024-07-07 10:00:00,0.08590244314461369,0.08590244314461369
2024-07-07 11:00:00,0.308329598638654,0.308329598638654
2024-07-07 12:00:00,0.6281357708202323,0.6281357708202323
2024-07-07 13:00:00,1.0278558419086463,1.0278558419086463
2024-07-07 14:00:00,1.3722899140797782,1.3722899140797782
2024-07-07 15:00:00,1.906907015709155,1.906907015709155
2024-07-07 16:00:00,2.0940834622812283,2.0940834622812283
2024-07-07 17:00:00,2.567428231832682,2.567428231832682
2024-07-07 18:00:00,2.4926738136457876,2.4926738136457876
2024-07-07 19:00:00,2.8022215423057397,2.8022215423057397
2024-07-07 20:00:00,2.5678535443239228,2.5678535443239228
2024-07-07 21:00:00,2.2716397924879193,2.2716397924879193
2024-07-07 22:00:00,0.0,0.0
2024-07-07 23:00:00,0.0,0.0
2024-07-08 00:00:00,0.0,0.0
2024-07-08 01:00:00,0.0,0.0
2024-07-08 02:00:00,0.0,0.0
2024-07-08 03:00:00,0.0,0.0
2024-07-08 04:00:00,0.0,0.0
2024-07-08 05:00:00,0.0,0.0
2024-07-08 06:00:00,0.0,0.0
2024-07-08 07:00:00,0.0,0.0
2024-07-08 08:00:00,0.0,0.0
2024-07-08 09:00:00,0.0,0.0
2024-07-08 10:00:00,0.11967533918206832,0.11967533918206832
2024-07-08 11:00:00,0.4636013806256919,0.4636013806256919
2024-07-08 12:00:00,1.0000077183500535,1.0000077183500535
2024-07-08 13:00:00,1.348481058484547,1.348481058484547
2024-07-08 14:00:00,2.0206112172514126,2.0206112172514126
2024-07-08 15:00:00,2.432420600607266,2.432420600607266
2024-07-08 16:00:00,3.8052512648606536,3.8052512648606536
2024-07-08 17:00:00,4.070989403604615,4.070989403604615
2024-07-08 18:00:00,3.929676891455948,3.929676891455948
2024-07-08 19:00:00,4.4304035316971255,4.4304035316971255
2024-07-08 20:00:00,4.172246276554433,4.172246276554433
2024-07-08 21:00:00,3.8708640977252275,3.8708640977252275
2024-07-08 22:00:00,0.0,0.0
2024-07-08 23:00:00,0.0,0.0
2024-07-09 00:00:00,0.0,0.0
2024-07-09 01:00:00,0.0,0.0
2024-07-09 02:00:00,0.0,0.0
2024-07-09 03:00:00,0.0,0.0
2024-07-09 04:00:00,0.0,0.0
2024-07-09 05:00:00,0.0,0.0
2024-07-09 06:00:00,0.0,0.0
2024-07-09 07:00:00,0.0,0.0
2024-07-09 08:00:00,0.0,0.0
2024-07-09 09:00:00,0.0,0.0
2024-07-09 10:00:00,0.10960662241551972,0.10960662241551972
2024-07-09 11:00:00,0.43395063513602994,0.43395063513602994
2024-07-09 12:00:00,0.8534602538673729,0.8534602538673729
2024-07-09 13:00:00,1.5600989326741972,1.5600989326741972
2024-07-09 14:00:00,2.5724227938392215,2.5724227938392215
2024-07-09 15:00:00,2.7699283702047137,2.7699283702047137
2024-07-09 16:00:00,3.6081365511705448,3.6081365511705448
2024-07-09 17:00:00,3.6255210623620786,3.6255210623620786
2024-07-09 18:00:00,2.957276249556743,2.957276249556743
2024-07-09 19:00:00,3.6365704614672536,3.6365704614672536
2024-07-09 20:00:00,4.3082701654283415,4.3082701654283415
2024-07-09 21:00:00,3.6533836921930822,3.6533836921930822
2024-07-09 22:00:00,0.0,0.0
2024-07-09 23:00:00,0.0,0.0
2024-07-10 00:00:00,0.0,0.0
2024-07-10 01:00:00,0.0,0.0
2024-07-10 02:00:00,0.0,0.0
2024-07-10 03:00:00,0.0,0.0
2024-07-10 04:00:00,0.0,0.0
2024-07-10 05:00:00,0.0,0.0
2024-07-10 06:00:00,0.0,0.0
2024-07-10 07:00:00,0.0,0.0
2024-07-10 08:00:00,0.0,0.0
2024-07-10 09:00:00,0.0,0.0
2024-07-10 10:00:00,0.10761686384924402,0.10761686384924402
2024-07-10 11:00:00,0.439084193343901,0.439084193343901
2024-07-10 12:00:00,0.7048283366432476,0.7048283366432476
2024-07-10 13:00:00,1.0609111017629127,1.0609111017629127
2024-07-10 14:00:00,2.0568192518478248,2.0568192518478248
2024-07-10 15:00:00,2.383024378631495,2.383024378631495
2024-07-10 16:00:00,2.919266185415931,2.919266185415931
2024-07-10 17:00:00,3.775950189797489,3.775950189797489
2024-07-10 18:00:00,3.1526860884145975,3.1526860884145975
2024-07-10 19:00:00,2.9911767229740165,2.9911767229740165
2024-07-10 20:00:00,2.917787487014861,2.917787487014861
2024-07-10 21:00:00,3.3813456946572686,3.3813456946572686
2024-07-10 22:00:00,0.0,0.0
2024-07-10 23:00:00,0.0,0.0
2024-07-11 00:00:00,0.0,0.0
2024-07-11 01:00:00,0.0,0.0
2024-07-11 02:00:00,0.0,0.0
2024-07-11 03:00:00,0.0,0.0
2024-07-11 04:00:00,0.0,0.0
2024-07-11 05:00:00,0.0,0.0
2024-07-11 06:00:00,0.0,0.0
2024-07-11 07:00:00,0.0,0.0
2024-07-11 08:00:00,0.0,0.0
2024-07-11 09:00:00,0.0,0.0
2024-07-11 10:00:00,0.1137987613607097,0.1137987613607097
2024-07-11 11:00:00,0.42698562578188326,0.42698562578188326
2024-07-11 12:00:00,0.7408250272098964,0.7408250272098964
2024-07-11 13:00:00,1.1158910908859612,1.1158910908859612
2024-07-11 14:00:00,1.9633876264361922,1.9633876264361922
2024-07-11 15:00:00,2.297574895885561,2.297574895885561
2024-07-11 16:00:00,3.275439171309428,3.275439171309428
2024-07-11 17:00:00,3.3300142020698287,3.3300142020698287
2024-07-11 18:00:00,2.6664053689105076,2.6664053689105076
2024-07-11 19:00:00,3.4148584102672146,3.4148584102672146
2024-07-11 20:00:00,3.48811154715191,3.48811154715191
2024-07-11 21:00:00,3.5872354208884647,3.5872354208884647
2024-07-11 22:00:00,0.0,0.0
2024-07-11 23:00:00,0.0,0.0
2024-07-12 00:00:00,0.0,0.0
2024-07-12 01:00:00,0.0,0.0
2024-07-12 02:00:00,0.0,0.0
2024-07-12 03:00:00,0.0,0.0
2024-07-12 04:00:00,0.0,0.0
2024-07-12 05:00:00,0.0,0.0
2024-07-12 06:00:00,0.0,0.0
2024-07-12 07:00:00,0.0,0.0
2024-07-12 08:00:00,0.0,0.0
2024-07-12 09:00:00,0.0,0.0
2024-07-12 10:00:00,0.12295735548681822,0.12295735548681822
2024-07-12 11:00:00,0.3575979257781406,0.3575979257781406
2024-07-12 12:00:00,0.6758111964422763,0.6758111964422763
2024-07-12 13:00:00,1.0934593864273965,1.0934593864273965
2024-07-12 14:00:00,2.003687193188715,2.003687193188715
2024-07-12 15:00:00,2.0337655175269145,2.0337655175269145
2024-07-12 16:00:00,3.2472711280667403,3.2472711280667403
2024-07-12 17:00:00,3.244899280527631,3.244899280527631
2024-07-12 18:00:00,3.0037631993764666,3.0037631993764666
2024-07-12 19:00:00,3.0034965008510732,3.0034965008510732
2024-07-12 20:00:00,3.7556329434919586,3.7556329434919586
2024-07-12 21:00:00,3.7545396332690055,3.7545396332690055
2024-07-12 22:00:00,0.0,0.0
2024-07-12 23:00:00,0.0,0.0
2024-07-13 00:00:00,0.0,0.0
2024-07-13 01:00:00,0.0,0.0
2024-07-13 02:00:00,0.0,0.0
2024-07-13 03:00:00,0.0,0.0
2024-07-13 04:00:00,0.0,0.0
2024-07-13 05:00:00,0.0,0.0
2024-07-13 06:00:00,0.0,0.0
2024-07-13 07:00:00,0.0,0.0
2024-07-13 08:00:00,0.0,0.0
2024-07-13 09:00:00,0.0,0.0
2024-07-13 10:00:00,0.08157318308461194,0.08157318308461194
2024-07-13 11:00:00,0.2775950919822064,0.2775950919822064
2024-07-13 12:00:00,0.5298173702000895,0.5298173702000895
2024-07-13 13:00:00,0.9071410837572736,0.9071410837572736
2024-07-13 14:00:00,1.4344388890275097,1.4344388890275097
2024-07-13 15:00:00,1.6618862116494484,1.6618862116494484
2024-07-13 16:00:00,2.3573124061273893,2.3573124061273893
2024-07-13 17:00:00,2.4265013453873783,2.4265013453873783
2024-07-13 18:00:00,2.180320203586985,2.180320203586985
2024-07-13 19:00:00,2.498457648639979,2.498457648639979
2024-07-13 20:00:00,2.4421027275768594,2.4421027275768594
2024-07-13 21:00:00,2.7521892214170856,2.7521892214170856
2024-07-13 22:00:00,0.0,0.0
2024-07-13 23:00:00,0.0,0.0
2024-07-14 00:00:00,0.0,0.0
2024-07-14 01:00:00,0.0,0.0
2024-07-14 02:00:00,0.0,0.0
2024-07-14 03:00:00,0.0,0.0
2024-07-14 04:00:00,0.0,0.0
2024-07-14 05:00:00,0.0,0.0
2024-07-14 06:00:00,0.0,0.0
2024-07-14 07:00:00,0.0,0.0
2024-07-14 08:00:00,0.0,0.0
2024-07-14 09:00:00,0.0,0.0
2024-07-14 10:00:00,0.08497315423113525,0.08497315423113525
2024-07-14 11:00:00,0.3818597003281303,0.3818597003281303
2024-07-14 12:00:00,0.605462385259914,0.605462385259914
2024-07-14 13:00:00,0.9901932063438057,0.9901932063438057
2024-07-14 14:00:00,1.664615001409716,1.664615001409716
2024-07-14 15:00:00,2.1035219191366807,2.1035219191366807
2024-07-14 16:00:00,2.730473155911882,2.730473155911882
2024-07-14 17:00:00,2.543096073836709,2.543096073836709
2024-07-14 18:00:00,2.1460625423482873,2.1460625423482873
2024-07-14 19:00:00,2.9000984913019896,2.9000984913019896
2024-07-14 20:00:00,2.581433847824598,2.581433847824598
2024-07-14 21:00:00,2.438583030010872,2.438583030010872
2024-07-14 22:00:00,0.0,0.0
2024-07-14 23:00:00,0.0,0.0
2024-07-15 00:00:00,0.0,0.0
2024-07-15 01:00:00,0.0,0.0
2024-07-15 02:00:00,0.0,0.0
2024-07-15 03:00:00,0.0,0.0
2024-07-15 04:00:00,0.0,0.0
2024-07-15 05:00:00,0.0,0.0
2024-07-15 06:00:00,0.0,0.0
2024-07-15 07:00:00,0.0,0.0
2024-07-15 08:00:00,0.0,0.0
2024-07-15 09:00:00,0.0,0.0
2024-07-15 10:00:00,0.11690078478248733,0.11690078478248733
2024-07-15 11:00:00,0.45816100369505985,0.45816100369505985
2024-07-15 12:00:00,0.6640113526009711,0.6640113526009711
2024-07-15 13:00:00,1.2202433642386374,1.2202433642386374
2024-07-15 14:00:00,1.9091748596234437,1.9091748596234437
2024-07-15 15:00:00,2.5191808043316573,2.5191808043316573
2024-07-15 16:00:00,3.3924737300822643,3.3924737300822643
2024-07-15 17:00:00,3.309971920229502,3.309971920229502
2024-07-15 18:00:00,2.5855599797103697,2.5855599797103697
2024-07-15 19:00:00,3.202626747599625,3.202626747599625
2024-07-15 20:00:00,3.4666968784048056,3.4666968784048056
2024-07-15 21:00:00,3.5175307523801957,3.5175307523801957
2024-07-15 22:00:00,0.0,0.0
2024-07-15 23:00:00,0.0,0.0
2024-07-16 00:00:00,0.0,0.0
2024-07-16 01:00:00,0.0,0.0
2024-07-16 02:00:00,0.0,0.0
2024-07-16 03:00:00,0.0,0.0
2024-07-16 04:00:00,0.0,0.0
2024-07-16 05:00:00,0.0,0.0
2024-07-16 06:00:00,0.0,0.0
2024-07-16 07:00:00,0.0,0.0
2024-07-16 08:00:00,0.0,0.0
2024-07-16 09:00:00,0.0,0.0
2024-07-16 10:00:00,0.13185801998332664,0.13185801998332664
2024-07-16 11:00:00,0.4511845159692147,0.4511845159692147
2024-07-16 12:00:00,0.7948378880092356,0.7948378880092356
2024-07-16 13:00:00,1.4908213067194702,1.4908213067194702
2024-07-16 14:00:00,1.8484674451764325,1.8484674451764325
2024-07-16 15:00:00,2.6232224875411996,2.6232224875411996
2024-07-16 16:00:00,3.5729989963168665,3.5729989963168665
2024-07-16 17:00:00,4.203989880151793,4.203989880151793
2024-07-16 18:00:00,3.466310727489134,3.466310727489134
2024-07-16 19:00:00,3.325851808193715,3.325851808193715
2024-07-16 20:00:00,4.035757187586717,4.035757187586717
2024-07-16 21:00:00,3.778220113547041,3.778220113547041
2024-07-16 22:00:00,0.0,0.0
2024-07-16 23:00:00,0.0,0.0
2024-07-17 00:00:00,0.0,0.0
2024-07-17 01:00:00,0.0,0.0
2024-07-17 02:00:00,0.0,0.0
2024-07-17 03:00:00,0.0,0.0
2024-07-17 04:00:00,0.0,0.0
2024-07-17 05:00:00,0.0,0.0
2024-07-17 06:00:00,0.0,0.0
2024-07-17 07:00:00,0.0,0.0
2024-07-17 08:00:00,0.0,0.0
2024-07-17 09:00:00,0.0,0.0
2024-07-17 10:00:00,0.11684601287538678,0.11684601287538678
2024-07-17 11:00:00,0.45603110744785813,0.45603110744785813
2024-07-17 12:00:00,0.9028351069930036,0.9028351069930036
2024-07-17 13:00:00,1.5062593143059009,1.5062593143059009
2024-07-17 14:00:00,2.5098154213475854,2.5098154213475854
2024-07-17 15:00:00,2.912877309359218,2.912877309359218
2024-07-17 16:00:00,3.7588730641643995,3.7588730641643995
2024-07-17 17:00:00,4.24829935232357,4.24829935232357
2024-07-17 18:00:00,3.2595135620589035,3.2595135620589035
2024-07-17 19:00:00,3.6713791234886504,3.6713791234886504
2024-07-17 20:00:00,3.383600556781923,3.383600556781923
2024-07-17 21:00:00,3.9269233747434966,3.9269233747434966
2024-07-17 22:00:00,0.0,0.0
2024-07-17 23:00:00,0.0,0.0
2024-07-18 00:00:00,0.0,0.0
2024-07-18 01:00:00,0.0,0.0
2024-07-18 02:00:00,0.0,0.0
2024-07-18 03:00:00,0.0,0.0
2024-07-18 04:00:00,0.0,0.0
2024-07-18 05:00:00,0.0,0.0
2024-07-18 06:00:00,0.0,0.0
2024-07-18 07:00:00,0.0,0.0
2024-07-18 08:00:00,0.0,0.0
2024-07-18 09:00:00,0.0,0.0
2024-07-18 10:00:00,0.09317525306890646,0.09317525306890646
2024-07-18 11:00:00,0.43849398342993057,0.43849398342993057
2024-07-18 12:00:00,0.85357337567242,0.85357337567242
2024-07-18 13:00:00,1.1861090116783841,1.1861090116783841
2024-07-18 14:00:00,1.9762908779054997,1.9762908779054997
2024-07-18 15:00:00,2.6383847917716188,2.6383847917716188
2024-07-18 16:00:00,3.260814462046184,3.260814462046184
2024-07-18 17:00:00,3.7237421151636214,3.7237421151636214
2024-07-18 18:00:00,2.719953226368554,2.719953226368554
2024-07-18 19:00:00,3.454677665922259,3.454677665922259
2024-07-18 20:00:00,3.2496442539469497,3.2496442539469497
2024-07-18 21:00:00,2.9329469424989525,2.9329469424989525
2024-07-18 22:00:00,0.0,0.0
2024-07-18 23:00:00,0.0,0.0
2024-07-19 00:00:00,0.0,0.0
2024-07-19 01:00:00,0.0,0.0
2024-07-19 02:00:00,0.0,0.0
2024-07-19 03:00:00,0.0,0.0
2024-07-19 04:00:00,0.0,0.0
2024-07-19 05:00:00,0.0,0.0
2024-07-19 06:00:00,0.0,0.0
2024-07-19 07:00:00,0.0,0.0
2024-07-19 08:00:00,0.0,0.0
2024-07-19 09:00:00,0.0,0.0
2024-07-19 10:00:00,0.11148244861426475,0.11148244861426475
2024-07-19 11:00:00,0.4389790156583018,0.4389790156583018
2024-07-19 12:00:00,0.9172614833650539,0.9172614833650539
2024-07-19 13:00:00,1.30048381069509,1.30048381069509
2024-07-19 14:00:00,2.360977107028735,2.360977107028735
2024-07-19 15:00:00,2.6446989407151063,2.6446989407151063
2024-07-19 16:00:00,2.8889897209718645,2.8889897209718645
2024-07-19 17:00:00,3.2828204953390827,3.2828204953390827
2024-07-19 18:00:00,2.907445635377067,2.907445635377067
2024-07-19 19:00:00,3.5825459961394372,3.5825459961394372
2024-07-19 20:00:00,3.6764062462251923,3.6764062462251923
2024-07-19 21:00:00,4.130982116577241,4.130982116577241
2024-07-19 22:00:00,0.0,0.0
2024-07-19 23:00:00,0.0,0.0
2024-07-20 00:00:00,0.0,0.0
2024-07-20 01:00:00,0.0,0.0
2024-07-20 02:00:00,0.0,0.0
2024-07-20 03:00:00,0.0,0.0
2024-07-20 04:00:00,0.0,0.0
2024-07-20 05:00:00,0.0,0.0
2024-07-20 06:00:00,0.0,0.0
2024-07-20 07:00:00,0.0,0.0
2024-07-20 08:00:00,0.0,0.0
2024-07-20 09:00:00,0.0,0.0
2024-07-20 10:00:00,0.07520400136545267,0.07520400136545267
2024-07-20 11:00:00,0.31833003222053013,0.31833003222053013
2024-07-20 12:00:00,0.640193687196876,0.640193687196876
2024-07-20 13:00:00,1.0323844033940976,1.0323844033940976
2024-07-20 14:00:00,1.461476179502235,1.461476179502235
2024-07-20 15:00:00,1.9086195121238316,1.9086195121238316
2024-07-20 16:00:00,2.4222420656161843,2.4222420656161843
2024-07-20 17:00:00,2.8735206883676465,2.8735206883676465
2024-07-20 18:00:00,2.401459946924111,2.401459946924111
2024-07-20 19:00:00,2.480532824252247,2.480532824252247
2024-07-20 20:00:00,2.35310778584559,2.35310778584559
2024-07-20 21:00:00,2.9217369032021954,2.9217369032021954
2024-07-20 22:00:00,0.0,0.0
2024-07-20 23:00:00,0.0,0.0
2024-07-21 00:00:00,0.0,0.0
2024-07-21 01:00:00,0.0,0.0
2024-07-21 02:00:00,0.0,0.0
2024-07-21 03:00:00,0.0,0.0
2024-07-21 04:00:00,0.0,0.0
2024-07-21 05:00:00,0.0,0.0
2024-07-21 06:00:00,0.0,0.0
2024-07-21 07:00:00,0.0,0.0
2024-07-21 08:00:00,0.0,0.0
2024-07-21 09:00:00,0.0,0.0
2024-07-21 10:00:00,0.08438605903425288,0.08438605903425288
2024-07-21 11:00:00,0.3158174304163601,0.3158174304163601
2024-07-21 12:00:00,0.5622528644700258,0.5622528644700258
2024-07-21 13:00:00,0.9686000881198491,0.9686000881198491
2024-07-21 14:00:00,1.6522284020480955,1.6522284020480955
2024-07-21 15:00:00,1.7883392877149376,1.7883392877149376
2024-07-21 16:00:00,1.937745674884129,1.937745674884129
2024-07-21 17:00:00,2.1324221373640504,2.1324221373640504
2024-07-21 18:00:00,1.9374463724164905,1.9374463724164905
2024-07-21 19:00:00,2.0611563806968642,2.0611563806968642
2024-07-21 20:00:00,2.614294878965921,2.614294878965921
2024-07-21 21:00:00,2.418580392934532,2.418580392934532
2024-07-21 22:00:00,0.0,0.0
2024-07-21 23:00:00,0.0,0.0
2024-07-22 00:00:00,0.0,0.0
2024-07-22 01:00:00,0.0,0.0
2024-07-22 02:00:00,0.0,0.0
2024-07-22 03:00:00,0.0,0.0
2024-07-22 04:00:00,0.0,0.0
2024-07-22 05:00:00,0.0,0.0
2024-07-22 06:00:00,0.0,0.0
2024-07-22 07:00:00,0.0,0.0
2024-07-22 08:00:00,0.0,0.0
2024-07-22 09:00:00,0.0,0.0
2024-07-22 10:00:00,0.14004543719397994,0.14004543719397994
2024-07-22 11:00:00,0.5121334479341207,0.5121334479341207
2024-07-22 12:00:00,0.7842657141652138,0.7842657141652138
2024-07-22 13:00:00,1.3066670751855136,1.3066670751855136
2024-07-22 14:00:00,2.254794079358708,2.254794079358708
2024-07-22 15:00:00,2.9068203636377037,2.9068203636377037
2024-07-22 16:00:00,3.920292961891392,3.920292961891392
2024-07-22 17:00:00,3.4602616441937593,3.4602616441937593
2024-07-22 18:00:00,3.7414472446769924,3.7414472446769924
2024-07-22 19:00:00,3.784903680568618,3.784903680568618
2024-07-22 20:00:00,4.384622924999196,4.384622924999196
2024-07-22 21:00:00,4.104762257260693,4.104762257260693
2024-07-22 22:00:00,0.0,0.0
2024-07-22 23:00:00,0.0,0.0
2024-07-23 00:00:00,0.0,0.0
2024-07-23 01:00:00,0.0,0.0
2024-07-23 02:00:00,0.0,0.0
2024-07-23 03:00:00,0.0,0.0
2024-07-23 04:00:00,0.0,0.0
2024-07-23 05:00:00,0.0,0.0
2024-07-23 06:00:00,0.0,0.0
2024-07-23 07:00:00,0.0,0.0
2024-07-23 08:00:00,0.0,0.0
2024-07-23 09:00:00,0.0,0.0
2024-07-23 10:00:00,0.10519529388959031,0.10519529388959031
2024-07-23 11:00:00,0.42708118323805205,0.42708118323805205
2024-07-23 12:00:00,0.7664171734422154,0.7664171734422154
2024-07-23 13:00:00,1.2898030410824974,1.2898030410824974
2024-07-23 14:00:00,1.8151987772175122,1.8151987772175122
2024-07-23 15:00:00,2.3474301152768002,2.3474301152768002
2024-07-23 16:00:00,2.689897320004081,2.689897320004081
2024-07-23 17:00:00,3.7643947086362983,3.7643947086362983
2024-07-23 18:00:00,2.9909070546557275,2.9909070546557275
2024-07-23 19:00:00,3.3352102739196083,3.3352102739196083
2024-07-23 20:00:00,3.2318573002223308,3.2318573002223308
2024-07-23 21:00:00,3.2533054550080247,3.2533054550080247
2024-07-23 22:00:00,0.0,0.0
2024-07-23 23:00:00,0.0,0.0
2024-07-24 00:00:00,0.0,0.0
2024-07-24 01:00:00,0.0,0.0
2024-07-24 02:00:00,0.0,0.0
2024-07-24 03:00:00,0.0,0.0
2024-07-24 04:00:00,0.0,0.0
2024-07-24 05:00:00,0.0,0.0
2024-07-24 06:00:00,0.0,0.0
2024-07-24 07:00:00,0.0,0.0
2024-07-24 08:00:00,0.0,0.0
2024-07-24 09:00:00,0.0,0.0
2024-07-24 10:00:00,0.10753930081647112,0.10753930081647112
2024-07-24 11:00:00,0.5152425541759925,0.5152425541759925
2024-07-24 12:00:00,0.8083830030758761,0.8083830030758761
2024-07-24 13:00:00,1.4007079899393917,1.4007079899393917
2024-07-24 14:00:00,2.3093647937165764,2.3093647937165764
2024-07-24 15:00:00,2.620052982977379,2.620052982977379
2024-07-24 16:00:00,3.1986898058927102,3.1986898058927102
2024-07-24 17:00:00,3.3287227507659938,3.3287227507659938
2024-07-24 18:00:00,2.974434444580889,2.974434444580889
2024-07-24 19:00:00,4.022105653391632,4.022105653391632
2024-07-24 20:00:00,3.3847395238636677,3.3847395238636677
2024-07-24 21:00:00,4.320289604026055,4.320289604026055
2024-07-24 22:00:00,0.0,0.0
2024-07-24 23:00:00,0.0,0.0
2024-07-25 00:00:00,0.0,0.0
2024-07-25 01:00:00,0.0,0.0
2024-07-25 02:00:00,0.0,0.0
2024-07-25 03:00:00,0.0,0.0
2024-07-25 04:00:00,0.0,0.0
2024-07-25 05:00:00,0.0,0.0
2024-07-25 06:00:00,0.0,0.0
2024-07-25 07:00:00,0.0,0.0
2024-07-25 08:00:00,0.0,0.0
2024-07-25 09:00:00,0.0,0.0
2024-07-25 10:00:00,0.1190494093611404,0.1190494093611404
2024-07-25 11:00:00,0.44776422419049483,0.44776422419049483
2024-07-25 12:00:00,0.8889178373727595,0.8889178373727595
2024-07-25 13:00:00,1.2290557771944195,1.2290557771944195
2024-07-25 14:00:00,2.2741840007524843,2.2741840007524843
2024-07-25 15:00:00,2.7049498677646975,2.7049498677646975
2024-07-25 16:00:00,3.277167432440244,3.277167432440244
2024-07-25 17:00:00,3.9705966875364087,3.9705966875364087
2024-07-25 18:00:00,3.1034569946865216,3.1034569946865216
2024-07-25 19:00:00,3.9876765222629644,3.9876765222629644
2024-07-25 20:00:00,3.305590642602864,3.305590642602864
2024-07-25 21:00:00,3.8281199316316243,3.8281199316316243
2024-07-25 22:00:00,0.0,0.0
2024-07-25 23:00:00,0.0,0.0
2024-07-26 00:00:00,0.0,0.0
2024-07-26 01:00:00,0.0,0.0
2024-07-26 02:00:00,0.0,0.0
2024-07-26 03:00:00,0.0,0.0
2024-07-26 04:00:00,0.0,0.0
2024-07-26 05:00:00,0.0,0.0
2024-07-26 06:00:00,0.0,0.0
2024-07-26 07:00:00,0.0,0.0
2024-07-26 08:00:00,0.0,0.0
2024-07-26 09:00:00,0.0,0.0
2024-07-26 10:00:00,0.11405915568978893,0.11405915568978893
2024-07-26 11:00:00,0.3617530382593593,0.3617530382593593
2024-07-26 12:00:00,0.8333431881410881,0.8333431881410881
2024-07-26 13:00:00,1.3917694172487944,1.3917694172487944
2024-07-26 14:00:00,1.9902887674273408,1.9902887674273408
2024-07-26 15:00:00,2.3671805918206976,2.3671805918206976
2024-07-26 16:00:00,3.1425649357146024,3.1425649357146024
2024-07-26 17:00:00,3.180796218268674,3.180796218268674
2024-07-26 18:00:00,2.7926279124461386,2.7926279124461386
2024-07-26 19:00:00,2.9614151591639946,2.9614151591639946
2024-07-26 20:00:00,2.7949330769745515,2.7949330769745515
2024-07-26 21:00:00,3.0927861364547753,3.0927861364547753
2024-07-26 22:00:00,0.0,0.0
2024-07-26 23:00:00,0.0,0.0
2024-07-27 00:00:00,0.0,0.0
2024-07-27 01:00:00,0.0,0.0
2024-07-27 02:00:00,0.0,0.0
2024-07-27 03:00:00,0.0,0.0
2024-07-27 04:00:00,0.0,0.0
2024-07-27 05:00:00,0.0,0.0
2024-07-27 06:00:00,0.0,0.0
2024-07-27 07:00:00,0.0,0.0
2024-07-27 08:00:00,0.0,0.0
2024-07-27 09:00:00,0.0,0.0
2024-07-27 10:00:00,0.09777071913701108,0.09777071913701108
2024-07-27 11:00:00,0.3599542246945288,0.3599542246945288
2024-07-27 12:00:00,0.575026197995468,0.575026197995468
2024-07-27 13:00:00,0.9673992051128062,0.9673992051128062
2024-07-27 14:00:00,1.6481688187049834,1.6481688187049834
2024-07-27 15:00:00,2.096527326338749,2.096527326338749
2024-07-27 16:00:00,2.1190902311878994,2.1190902311878994
2024-07-27 17:00:00,2.9702401144987114,2.9702401144987114
2024-07-27 18:00:00,2.2755572614809476,2.2755572614809476
2024-07-27 19:00:00,2.755679359517479,2.755679359517479
2024-07-27 20:00:00,2.5304884927869455,2.5304884927869455
2024-07-27 21:00:00,2.4293043821656375,2.4293043821656375
2024-07-27 22:00:00,0.0,0.0
2024-07-27 23:00:00,0.0,0.0
2024-07-28 00:00:00,0.0,0.0
2024-07-28 01:00:00,0.0,0.0
2024-07-28 02:00:00,0.0,0.0
2024-07-28 03:00:00,0.0,0.0
2024-07-28 04:00:00,0.0,0.0
2024-07-28 05:00:00,0.0,0.0
2024-07-28 06:00:00,0.0,0.0
2024-07-28 07:00:00,0.0,0.0
2024-07-28 08:00:00,0.0,0.0
2024-07-28 09:00:00,0.0,0.0
2024-07-28 10:00:00,0.07570034792924127,0.07570034792924127
2024-07-28 11:00:00,0.38702469529782774,0.38702469529782774
2024-07-28 12:00:00,0.6816425211814257,0.6816425211814257
2024-07-28 13:00:00,1.086093774179439,1.086093774179439
2024-07-28 14:00:00,1.6056899752770535,1.6056899752770535
2024-07-28 15:00:00,1.622511103465327,1.622511103465327
2024-07-28 16:00:00,2.5851030917537643,2.5851030917537643
2024-07-28 17:00:00,2.3694138066697534,2.3694138066697534
2024-07-28 18:00:00,2.5146339275939518,2.5146339275939518
2024-07-28 19:00:00,2.775028191815768,2.775028191815768
2024-07-28 20:00:00,2.566829077505502,2.566829077505502
2024-07-28 21:00:00,2.5091957119013166,2.5091957119013166
2024-07-28 22:00:00,0.0,0.0
2024-07-28 23:00:00,0.0,0.0
2024-07-29 00:00:00,0.0,0.0
2024-07-29 01:00:00,0.0,0.0
2024-07-29 02:00:00,0.0,0.0
2024-07-29 03:00:00,0.0,0.0
2024-07-29 04:00:00,0.0,0.0
2024-07-29 05:00:00,0.0,0.0
2024-07-29 06:00:00,0.0,0.0
2024-07-29 07:00:00,0.0,0.0
2024-07-29 08:00:00,0.0,0.0
2024-07-29 09:00:00,0.0,0.0
2024-07-29 10:00:00,0.11031986652004372,0.11031986652004372
2024-07-29 11:00:00,0.49807481003455656,0.49807481003455656
2024-07-29 12:00:00,0.7254208896355067,0.7254208896355067
2024-07-29 13:00:00,1.475421735808652,1.475421735808652
2024-07-29 14:00:00,1.9718914256204356,1.9718914256204356
2024-07-29 15:00:00,2.2858301142333906,2.2858301142333906
2024-07-29 16:00:00,2.7139704397432727,2.7139704397432727
2024-07-29 17:00:00,3.0186500991907392,3.0186500991907392
2024-07-29 18:00:00,2.708364243419951,2.708364243419951
2024-07-29 19:00:00,3.7108016503163688,3.7108016503163688
2024-07-29 20:00:00,3.8407027656329378,3.8407027656329378
2024-07-29 21:00:00,3.766606625073224,3.766606625073224
2024-07-29 22:00:00,0.0,0.0
2024-07-29 23:00:00,0.0,0.0
2024-07-30 00:00:00,0.0,0.0
2024-07-30 01:00:00,0.0,0.0
2024-07-30 02:00:00,0.0,0.0
2024-07-30 03:00:00,0.0,0.0
2024-07-30 04:00:00,0.0,0.0
2024-07-30 05:00:00,0.0,0.0
2024-07-30 06:00:00,0.0,0.0
2024-07-30 07:00:00,0.0,0.0
2024-07-30 08:00:00,0.0,0.0
2024-07-30 09:00:00,0.0,0.0
2024-07-30 10:00:00,0.12224802206184494,0.12224802206184494
2024-07-30 11:00:00,0.47080328121341086,0.47080328121341086
2024-07-30 12:00:00,0.8301434877994123,0.8301434877994123
2024-07-30 13:00:00,1.2692265967533796,1.2692265967533796
2024-07-30 14:00:00,1.7737313402318766,1.7737313402318766
2024-07-30 15:00:00,2.740674905975623,2.740674905975623
2024-07-30 16:00:00,3.1489108067483187,3.1489108067483187
2024-07-30 17:00:00,3.0930098211090984,3.0930098211090984
2024-07-30 18:00:00,2.7749266264383876,2.7749266264383876
2024-07-30 19:00:00,3.6573680774461557,3.6573680774461557
2024-07-30 20:00:00,3.013153351952677,3.013153351952677
2024-07-30 21:00:00,3.0763779150163306,3.0763779150163306
2024-07-30 22:00:00,0.0,0.0
2024-07-30 23:00:00,0.0,0.0
2024-07-31 00:00:00,0.0,0.0
2024-07-31 01:00:00,0.0,0.0
2024-07-31 02:00:00,0.0,0.0
2024-07-31 03:00:00,0.0,0.0
2024-07-31 04:00:00,0.0,0.0
2024-07-31 05:00:00,0.0,0.0
2024-07-31 06:00:00,0.0,0.0
2024-07-31 07:00:00,0.0,0.0
2024-07-31 08:00:00,0.0,0.0
2024-07-31 09:00:00,0.0,0.0
2024-07-31 10:00:00,0.11958315040031907,0.11958315040031907
2024-07-31 11:00:00,0.46929649205798724,0.46929649205798724
2024-07-31 12:00:00,0.8578182087572072,0.8578182087572072
2024-07-31 13:00:00,1.568346300275239,1.568346300275239
2024-07-31 14:00:00,2.0657819814812464,2.0657819814812464
2024-07-31 15:00:00,2.222584262705461,2.222584262705461
2024-07-31 16:00:00,2.919403712597307,2.919403712597307
2024-07-31 17:00:00,3.34296223473738,3.34296223473738
2024-07-31 18:00:00,2.8451144670456614,2.8451144670456614
2024-07-31 19:00:00,3.1365290487385526,3.1365290487385526
2024-07-31 20:00:00,3.2210164679149873,3.2210164679149873
2024-07-31 21:00:00,4.1449450619109145,4.1449450619109145
2024-07-31 22:00:00,0.0,0.0
2024-07-31 23:00:00,0.0,0.0
2024-08-01 00:00:00,0.0,0.0
2024-08-01 01:00:00,0.0,0.0
2024-08-01 02:00:00,0.0,0.0
2024-08-01 03:00:00,0.0,0.0
2024-08-01 04:00:00,0.0,0.0
2024-08-01 05:00:00,0.0,0.0
2024-08-01 06:00:00,0.0,0.0
2024-08-01 07:00:00,0.0,0.0
2024-08-01 08:00:00,0.0,0.0
2024-08-01 09:00:00,0.0,0.0
2024-08-01 10:00:00,0.10381172090691267,0.10381172090691267
2024-08-01 11:00:00,0.4764650045821171,0.4764650045821171
2024-08-01 12:00:00,0.8597860950647535,0.8597860950647535
2024-08-01 13:00:00,1.3182587855524377,1.3182587855524377
2024-08-01 14:00:00,1.9160510678363152,1.9160510678363152
2024-08-01 15:00:00,2.0444258624898595,2.0444258624898595
2024-08-01 16:00:00,3.3105869347330876,3.3105869347330876
2024-08-01 17:00:00,3.0204433020082972,3.0204433020082972
2024-08-01 18:00:00,3.0247433819704512,3.0247433819704512
2024-08-01 19:00:00,3.858036454426163,3.858036454426163
2024-08-01 20:00:00,3.49871931375424,3.49871931375424
2024-08-01 21:00:00,2.9888396196923552,2.9888396196923552
2024-08-01 22:00:00,0.0,0.0
2024-08-01 23:00:00,0.0,0.0
2024-08-02 00:00:00,0.0,0.0
2024-08-02 01:00:00,0.0,0.0
2024-08-02 02:00:00,0.0,0.0
2024-08-02 03:00:00,0.0,0.0
2024-08-02 04:00:00,0.0,0.0
2024-08-02 05:00:00,0.0,0.0
2024-08-02 06:00:00,0.0,0.0
2024-08-02 07:00:00,0.0,0.0
2024-08-02 08:00:00,0.0,0.0
2024-08-02 09:00:00,0.0,0.0
2024-08-02 10:00:00,0.11877145537904886,0.11877145537904886
2024-08-02 11:00:00,0.48446508244095293,0.48446508244095293
2024-08-02 12:00:00,0.9023062243206438,0.9023062243206438
2024-08-02 13:00:00,1.480549160026354,1.480549160026354
2024-08-02 14:00:00,2.282324476864947,2.282324476864947
2024-08-02 15:00:00,2.70579635339427,2.70579635339427
2024-08-02 16:00:00,3.0725877156496915,3.0725877156496915
2024-08-02 17:00:00,3.4631719869541127,3.4631719869541127
2024-08-02 18:00:00,3.254303850828551,3.254303850828551
2024-08-02 19:00:00,3.9222941453042957,3.9222941453042957
2024-08-02 20:00:00,3.5365308234056667,3.5365308234056667
2024-08-02 21:00:00,3.7409451412611774,3.7409451412611774
2024-08-02 22:00:00,0.0,0.0
2024-08-02 23:00:00,0.0,0.0
2024-08-03 00:00:00,0.0,0.0
2024-08-03 01:00:00,0.0,0.0
2024-08-03 02:00:00,0.0,0.0
2024-08-03 03:00:00,0.0,0.0
2024-08-03 04:00:00,0.0,0.0
2024-08-03 05:00:00,0.0,0.0
2024-08-03 06:00:00,0.0,0.0
2024-08-03 07:00:00,0.0,0.0
2024-08-03 08:00:00,0.0,0.0
2024-08-03 09:00:00,0.0,0.0
2024-08-03 10:00:00,0.09591153651367566,0.09591153651367566
2024-08-03 11:00:00,0.35459728035280463,0.35459728035280463
2024-08-03 12:00:00,0.6344109994253712,0.6344109994253712
2024-08-03 13:00:00,0.9497152314532165,0.9497152314532165
2024-08-03 14:00:00,1.3684769236249676,1.3684769236249676
2024-08-03 15:00:00,1.8714000483868216,1.8714000483868216
2024-08-03 16:00:00,2.517374374763696,2.517374374763696
2024-08-03 17:00:00,2.5711556373458175,2.5711556373458175
2024-08-03 18:00:00,2.461636408382383,2.461636408382383
2024-08-03 19:00:00,2.8567169360082185,2.8567169360082185
2024-08-03 20:00:00,2.4600076591502864,2.4600076591502864
2024-08-03 21:00:00,2.606211486044264,2.606211486044264
2024-08-03 22:00:00,0.0,0.0
2024-08-03 23:00:00,0.0,0.0
2024-08-04 00:00:00,0.0,0.0
2024-08-04 01:00:00,0.0,0.0
2024-08-04 02:00:00,0.0,0.0
2024-08-04 03:00:00,0.0,0.0
2024-08-04 04:00:00,0.0,0.0
2024-08-04 05:00:00,0.0,0.0
2024-08-04 06:00:00,0.0,0.0
2024-08-04 07:00:00,0.0,0.0
2024-08-04 08:00:00,0.0,0.0
2024-08-04 09:00:00,0.0,0.0
2024-08-04 10:00:00,0.07527153421922074,0.07527153421922074
2024-08-04 11:00:00,0.30674469255397596,0.30674469255397596
2024-08-04 12:00:00,0.5650907697526023,0.5650907697526023
2024-08-04 13:00:00,0.9587889170722376,0.9587889170722376
2024-08-04 14:00:00,1.5018646469615575,1.5018646469615575
2024-08-04 15:00:00,1.729194941455847,1.729194941455847
2024-08-04 16:00:00,2.657649706504473,2.657649706504473
2024-08-04 17:00:00,2.857214394236749,2.857214394236749
2024-08-04 18:00:00,2.2293548630030924,2.2293548630030924
2024-08-04 19:00:00,2.4713673135667134,2.4713673135667134
2024-08-04 20:00:00,2.872799696636156,2.872799696636156
2024-08-04 21:00:00,2.305223306298684,2.305223306298684
2024-08-04 22:00:00,0.0,0.0
2024-08-04 23:00:00,0.0,0.0
2024-08-05 00:00:00,0.0,0.0
2024-08-05 01:00:00,0.0,0.0
2024-08-05 02:00:00,0.0,0.0
2024-08-05 03:00:00,0.0,0.0
2024-08-05 04:00:00,0.0,0.0
2024-08-05 05:00:00,0.0,0.0
2024-08-05 06:00:00,0.0,0.0
2024-08-05 07:00:00,0.0,0.0
2024-08-05 08:00:00,0.0,0.0
2024-08-05 09:00:00,0.0,0.0
2024-08-05 10:00:00,0.11882970330784154,0.11882970330784154
2024-08-05 11:00:00,0.5451100431439896,0.5451100431439896
2024-08-05 12:00:00,0.9707321962106695,0.9707321962106695
2024-08-05 13:00:00,1.4286131307272432,1.4286131307272432
2024-08-05 14:00:00,2.0928894682598425,2.0928894682598425
2024-08-05 15:00:00,2.589878976305989,2.589878976305989
2024-08-05 16:00:00,3.5612560138857114,3.5612560138857114
2024-08-05 17:00:00,3.917343367234494,3.917343367234494
2024-08-05 18:00:00,3.6391805704996423,3.6391805704996423
2024-08-05 19:00:00,4.401114678869917,4.401114678869917
2024-08-05 20:00:00,4.40525390079018,4.40525390079018
2024-08-05 21:00:00,4.093846259018136,4.093846259018136
2024-08-05 22:00:00,0.0,0.0
2024-08-05 23:00:00,0.0,0.0
2024-08-06 00:00:00,0.0,0.0
2024-08-06 01:00:00,0.0,0.0
2024-08-06 02:00:00,0.0,0.0
2024-08-06 03:00:00,0.0,0.0
2024-08-06 04:00:00,0.0,0.0
2024-08-06 05:00:00,0.0,0.0
2024-08-06 06:00:00,0.0,0.0
2024-08-06 07:00:00,0.0,0.0
2024-08-06 08:00:00,0.0,0.0
2024-08-06 09:00:00,0.0,0.0
2024-08-06 10:00:00,0.11960521523352485,0.11960521523352485
2024-08-06 11:00:00,0.3576272873633815,0.3576272873633815
2024-08-06 12:00:00,0.7135666520442338,0.7135666520442338
2024-08-06 13:00:00,1.288988955918937,1.288988955918937
2024-08-06 14:00:00,1.9556264716082912,1.9556264716082912
2024-08-06 15:00:00,2.6294922432995715,2.6294922432995715
2024-08-06 16:00:00,2.8511843470226306,2.8511843470226306
2024-08-06 17:00:00,3.4745144530935126,3.4745144530935126
2024-08-06 18:00:00,2.9386963189329873,2.9386963189329873
2024-08-06 19:00:00,3.341781084677626,3.341781084677626
2024-08-06 20:00:00,2.9271278506447005,2.9271278506447005
2024-08-06 21:00:00,3.3913545200719866,3.3913545200719866
2024-08-06 22:00:00,0.0,0.0
2024-08-06 23:00:00,0.0,0.0
2024-08-07 00:00:00,0.0,0.0
2024-08-07 01:00:00,0.0,0.0
2024-08-07 02:00:00,0.0,0.0
2024-08-07 03:00:00,0.0,0.0
2024-08-07 04:00:00,0.0,0.0
2024-08-07 05:00:00,0.0,0.0
2024-08-07 06:00:00,0.0,0.0
2024-08-07 07:00:00,0.0,0.0
2024-08-07 08:00:00,0.0,0.0
2024-08-07 09:00:00,0.0,0.0
2024-08-07 10:00:00,0.13366379783682683,0.13366379783682683
2024-08-07 11:00:00,0.5154104811004648,0.5154104811004648
2024-08-07 12:00:00,0.74592446353132,0.74592446353132
2024-08-07 13:00:00,1.4243815364496737,1.4243815364496737
2024-08-07 14:00:00,2.4251456627488026,2.4251456627488026
2024-08-07 15:00:00,2.1800493200083464,2.1800493200083464
2024-08-07 16:00:00,3.4919849147994797,3.4919849147994797
2024-08-07 17:00:00,3.636819879985916,3.636819879985916
2024-08-07 18:00:00,3.095064548061886,3.095064548061886
2024-08-07 19:00:00,3.408671319996785,3.408671319996785
2024-08-07 20:00:00,3.431439127122981,3.431439127122981
2024-08-07 21:00:00,3.3360483807703027,3.3360483807703027
2024-08-07 22:00:00,0.0,0.0
2024-08-07 23:00:00,0.0,0.0
2024-08-08 00:00:00,0.0,0.0
2024-08-08 01:00:00,0.0,0.0
2024-08-08 02:00:00,0.0,0.0
2024-08-08 03:00:00,0.0,0.0
2024-08-08 04:00:00,0.0,0.0
2024-08-08 05:00:00,0.0,0.0
2024-08-08 06:00:00,0.0,0.0
2024-08-08 07:00:00,0.0,0.0
2024-08-08 08:00:00,0.0,0.0
2024-08-08 09:00:00,0.0,0.0
2024-08-08 10:00:00,0.10545144221855317,0.10545144221855317
2024-08-08 11:00:00,0.43300558587469684,0.43300558587469684
2024-08-08 12:00:00,0.9490203884679977,0.9490203884679977
2024-08-08 13:00:00,1.4418018738638112,1.4418018738638112
2024-08-08 14:00:00,2.2822737816929353,2.2822737816929353
2024-08-08 15:00:00,2.733519886143278,2.733519886143278
2024-08-08 16:00:00,3.541664422767549,3.541664422767549
2024-08-08 17:00:00,4.229637732691537,4.229637732691537
2024-08-08 18:00:00,2.8879634915507753,2.8879634915507753
2024-08-08 19:00:00,3.1902962351527777,3.1902962351527777
2024-08-08 20:00:00,4.1420656524506265,4.1420656524506265
2024-08-08 21:00:00,3.6971261683913035,3.6971261683913035
2024-08-08 22:00:00,0.0,0.0
2024-08-08 23:00:00,0.0,0.0
2024-08-09 00:00:00,0.0,0.0
2024-08-09 01:00:00,0.0,0.0
2024-08-09 02:00:00,0.0,0.0
2024-08-09 03:00:00,0.0,0.0
2024-08-09 04:00:00,0.0,0.0
2024-08-09 05:00:00,0.0,0.0
2024-08-09 06:00:00,0.0,0.0
2024-08-09 07:00:00,0.0,0.0
2024-08-09 08:00:00,0.0,0.0
2024-08-09 09:00:00,0.0,0.0
2024-08-09 10:00:00,0.11174022010587342,0.11174022010587342
2024-08-09 11:00:00,0.43704632934693405,0.43704632934693405
2024-08-09 12:00:00,0.9557582593562693,0.9557582593562693
2024-08-09 13:00:00,1.3617829204495857,1.3617829204495857
2024-08-09 14:00:00,2.200674870021473,2.200674870021473
2024-08-09 15:00:00,2.513076439233801,2.513076439233801
2024-08-09 16:00:00,3.265361273741006,3.265361273741006
2024-08-09 17:00:00,3.717778951718427,3.717778951718427
2024-08-09 18:00:00,3.7022362847872303,3.7022362847872303
2024-08-09 19:00:00,3.83387246915623,3.83387246915623
2024-08-09 20:00:00,4.0978922165137615,4.0978922165137615
2024-08-09 21:00:00,3.960420833011413,3.960420833011413
2024-08-09 22:00:00,0.0,0.0
2024-08-09 23:00:00,0.0,0.0
2024-08-10 00:00:00,0.0,0.0
2024-08-10 01:00:00,0.0,0.0
2024-08-10 02:00:00,0.0,0.0
2024-08-10 03:00:00,0.0,0.0
2024-08-10 04:00:00,0.0,0.0
2024-08-10 05:00:00,0.0,0.0
2024-08-10 06:00:00,0.0,0.0
2024-08-10 07:00:00,0.0,0.0
2024-08-10 08:00:00,0.0,0.0
2024-08-10 09:00:00,0.0,0.0
2024-08-10 10:00:00,0.07970477367040488,0.07970477367040488
2024-08-10 11:00:00,0.3416722985966676,0.3416722985966676
2024-08-10 12:00:00,0.5452616647323796,0.5452616647323796
2024-08-10 13:00:00,1.0232905301934447,1.0232905301934447
2024-08-10 14:00:00,1.3652831062875146,1.3652831062875146
2024-08-10 15:00:00,1.9343326703088237,1.9343326703088237
2024-08-10 16:00:00,2.3484302408557802,2.3484302408557802
2024-08-10 17:00:00,2.688577783688384,2.688577783688384
2024-08-10 18:00:00,2.5254217335393476,2.5254217335393476
2024-08-10 19:00:00,2.5884535988851893,2.5884535988851893
2024-08-10 20:00:00,2.205774178376209,2.205774178376209
2024-08-10 21:00:00,2.7931355867853487,2.7931355867853487
2024-08-10 22:00:00,0.0,0.0
2024-08-10 23:00:00,0.0,0.0
2024-08-11 00:00:00,0.0,0.0
2024-08-11 01:00:00,0.0,0.0
2024-08-11 02:00:00,0.0,0.0
2024-08-11 03:00:00,0.0,0.0
2024-08-11 04:00:00,0.0,0.0
2024-08-11 05:00:00,0.0,0.0
2024-08-11 06:00:00,0.0,0.0
2024-08-11 07:00:00,0.0,0.0
2024-08-11 08:00:00,0.0,0.0
2024-08-11 09:00:00,0.0,0.0
2024-08-11 10:00:00,0.08899623214403309,0.08899623214403309
2024-08-11 11:00:00,0.2905574178932016,0.2905574178932016
2024-08-11 12:00:00,0.646060646601786,0.646060646601786
2024-08-11 13:00:00,1.0115255244288301,1.0115255244288301
2024-08-11 14:00:00,1.2588691561968988,1.2588691561968988
2024-08-11 15:00:00,1.514754151770354,1.514754151770354
2024-08-11 16:00:00,2.39613319365967,2.39613319365967
2024-08-11 17:00:00,2.7713839494732153,2.7713839494732153
2024-08-11 18:00:00,2.499321011286847,2.499321011286847
2024-08-11 19:00:00,2.580449709479757,2.580449709479757
2024-08-11 20:00:00,2.5218902278556525,2.5218902278556525
2024-08-11 21:00:00,2.6088614964819814,2.6088614964819814
2024-08-11 22:00:00,0.0,0.0
2024-08-11 23:00:00,0.0,0.0
2024-08-12 00:00:00,0.0,0.0
2024-08-12 01:00:00,0.0,0.0
2024-08-12 02:00:00,0.0,0.0
2024-08-12 03:00:00,0.0,0.0
2024-08-12 04:00:00,0.0,0.0
2024-08-12 05:00:00,0.0,0.0
2024-08-12 06:00:00,0.0,0.0
2024-08-12 07:00:00,0.0,0.0
2024-08-12 08:00:00,0.0,0.0
2024-08-12 09:00:00,0.0,0.0
2024-08-12 10:00:00,0.13543796624720872,0.13543796624720872
2024-08-12 11:00:00,0.4848824193708611,0.4848824193708611
2024-08-12 12:00:00,0.9960225221318302,0.9960225221318302
2024-08-12 13:00:00,1.4946284912860544,1.4946284912860544
2024-08-12 14:00:00,2.1821519139155305,2.1821519139155305
2024-08-12 15:00:00,2.6208016801935705,2.6208016801935705
2024-08-12 16:00:00,3.5939014952810124,3.5939014952810124
2024-08-12 17:00:00,4.208791802200755,4.208791802200755
2024-08-12 18:00:00,3.2427210772930493,3.2427210772930493
2024-08-12 19:00:00,3.4271411314183093,3.4271411314183093
2024-08-12 20:00:00,3.527342768854071,3.527342768854071
2024-08-12 21:00:00,3.79643037311197,3.79643037311197
2024-08-12 22:00:00,0.0,0.0
2024-08-12 23:00:00,0.0,0.0
2024-08-13 00:00:00,0.0,0.0
2024-08-13 01:00:00,0.0,0.0
2024-08-13 02:00:00,0.0,0.0
2024-08-13 03:00:00,0.0,0.0
2024-08-13 04:00:00,0.0,0.0
2024-08-13 05:00:00,0.0,0.0
2024-08-13 06:00:00,0.0,0.0
2024-08-13 07:00:00,0.0,0.0
2024-08-13 08:00:00,0.0,0.0
2024-08-13 09:00:00,0.0,0.0
2024-08-13 10:00:00,0.11990346888146149,0.11990346888146149
2024-08-13 11:00:00,0.5042649119218815,0.5042649119218815
2024-08-13 12:00:00,0.6961082083239473,0.6961082083239473
2024-08-13 13:00:00,1.4036786912611918,1.4036786912611918
2024-08-13 14:00:00,1.9637629527648925,1.9637629527648925
2024-08-13 15:00:00,2.7433028619033615,2.7433028619033615
2024-08-13 16:00:00,3.5331486226224373,3.5331486226224373
2024-08-13 17:00:00,3.0441591392297784,3.0441591392297784
2024-08-13 18:00:00,3.648335224193583,3.648335224193583
2024-08-13 19:00:00,2.9857588819073584,2.9857588819073584
2024-08-13 20:00:00,3.479449320533193,3.479449320533193
2024-08-13 21:00:00,3.245211865427251,3.245211865427251
2024-08-13 22:00:00,0.0,0.0
2024-08-13 23:00:00,0.0,0.0
2024-08-14 00:00:00,0.0,0.0
2024-08-14 01:00:00,0.0,0.0
2024-08-14 02:00:00,0.0,0.0
2024-08-14 03:00:00,0.0,0.0
2024-08-14 04:00:00,0.0,0.0
2024-08-14 05:00:00,0.0,0.0
2024-08-14 06:00:00,0.0,0.0
2024-08-14 07:00:00,0.0,0.0
2024-08-14 08:00:00,0.0,0.0
2024-08-14 09:00:00,0.0,0.0
2024-08-14 10:00:00,0.1230709938383848,0.1230709938383848
2024-08-14 11:00:00,0.3994143189027746,0.3994143189027746
2024-08-14 12:00:00,0.8115330365983715,0.8115330365983715
2024-08-14 13:00:00,1.3164551210319775,1.3164551210319775
2024-08-14 14:00:00,1.8830342129750375,1.8830342129750375
2024-08-14 15:00:00,2.124771243876419,2.124771243876419
2024-08-14 16:00:00,3.347569135757937,3.347569135757937
2024-08-14 17:00:00,3.4557507396328484,3.4557507396328484
2024-08-14 18:00:00,3.1072137779718676,3.1072137779718676
2024-08-14 19:00:00,4.012500585887939,4.012500585887939
2024-08-14 20:00:00,3.1955020248767427,3.1955020248767427
2024-08-14 21:00:00,3.97213400425216,3.97213400425216
2024-08-14 22:00:00,0.0,0.0
2024-08-14 23:00:00,0.0,0.0
2024-08-15 00:00:00,0.0,0.0
2024-08-15 01:00:00,0.0,0.0
2024-08-15 02:00:00,0.0,0.0
2024-08-15 03:00:00,0.0,0.0
2024-08-15 04:00:00,0.0,0.0
2024-08-15 05:00:00,0.0,0.0
2024-08-15 06:00:00,0.0,0.0
2024-08-15 07:00:00,0.0,0.0
2024-08-15 08:00:00,0.0,0.0
2024-08-15 09:00:00,0.0,0.0
2024-08-15 10:00:00,0.13231623557531427,0.13231623557531427
2024-08-15 11:00:00,0.46271876456785205,0.46271876456785205
2024-08-15 12:00:00,0.6960952043169792,0.6960952043169792
2024-08-15 13:00:00,1.2304605338684647,1.2304605338684647
2024-08-15 14:00:00,2.1842434045090697,2.1842434045090697
2024-08-15 15:00:00,2.7251577316087072,2.7251577316087072
2024-08-15 16:00:00,3.5421936729334136,3.5421936729334136
2024-08-15 17:00:00,3.7138347582653424,3.7138347582653424
2024-08-15 18:00:00,2.757387237869671,2.757387237869671
2024-08-15 19:00:00,3.073410839595649,3.073410839595649
2024-08-15 20:00:00,3.165866025872369,3.165866025872369
2024-08-15 21:00:00,3.425866751959705,3.425866751959705
2024-08-15 22:00:00,0.0,0.0
2024-08-15 23:00:00,0.0,0.0
2024-08-16 00:00:00,0.0,0.0
2024-08-16 01:00:00,0.0,0.0
2024-08-16 02:00:00,0.0,0.0
2024-08-16 03:00:00,0.0,0.0
2024-08-16 04:00:00,0.0,0.0
2024-08-16 05:00:00,0.0,0.0
2024-08-16 06:00:00,0.0,0.0
2024-08-16 07:00:00,0.0,0.0
2024-08-16 08:00:00,0.0,0.0
2024-08-16 09:00:00,0.0,0.0
2024-08-16 10:00:00,0.11111212976312075,0.11111212976312075
2024-08-16 11:00:00,0.43185996891827205,0.43185996891827205
2024-08-16 12:00:00,0.8763010191610455,0.8763010191610455
2024-08-16 13:00:00,1.2045760361461493,1.2045760361461493
2024-08-16 14:00:00,1.8043095888332243,1.8043095888332243
2024-08-16 15:00:00,2.199008652546574,2.199008652546574
2024-08-16 16:00:00,3.3859315430902845,3.3859315430902845
2024-08-16 17:00:00,3.81288812405771,3.81288812405771
2024-08-16 18:00:00,2.8574520272865556,2.8574520272865556
2024-08-16 19:00:00,3.164352409030342,3.164352409030342
2024-08-16 20:00:00,3.9399694020439315,3.9399694020439315
2024-08-16 21:00:00,3.9137704888429017,3.9137704888429017
2024-08-16 22:00:00,0.0,0.0
2024-08-16 23:00:00,0.0,0.0
2024-08-17 00:00:00,0.0,0.0
2024-08-17 01:00:00,0.0,0.0
2024-08-17 02:00:00,0.0,0.0
2024-08-17 03:00:00,0.0,0.0
2024-08-17 04:00:00,0.0,0.0
2024-08-17 05:00:00,0.0,0.0
2024-08-17 06:00:00,0.0,0.0
2024-08-17 07:00:00,0.0,0.0
2024-08-17 08:00:00,0.0,0.0
2024-08-17 09:00:00,0.0,0.0
2024-08-17 10:00:00,0.08868678927834724,0.08868678927834724
2024-08-17 11:00:00,0.37154341468391633,0.37154341468391633
2024-08-17 12:00:00,0.6740531885758096,0.6740531885758096
2024-08-17 13:00:00,1.116835661457448,1.116835661457448
2024-08-17 14:00:00,1.4120880137526794,1.4120880137526794
2024-08-17 15:00:00,2.1220785473470607,2.1220785473470607
2024-08-17 16:00:00,2.366193002828042,2.366193002828042
2024-08-17 17:00:00,2.4760917421655084,2.4760917421655084
2024-08-17 18:00:00,2.414361738219727,2.414361738219727
2024-08-17 19:00:00,2.9203481549450454,2.9203481549450454
2024-08-17 20:00:00,2.7482321485164167,2.7482321485164167
2024-08-17 21:00:00,2.866815299377802,2.866815299377802
2024-08-17 22:00:00,0.0,0.0
2024-08-17 23:00:00,0.0,0.0
2024-08-18 00:00:00,0.0,0.0
2024-08-18 01:00:00,0.0,0.0
2024-08-18 02:00:00,0.0,0.0
2024-08-18 03:00:00,0.0,0.0
2024-08-18 04:00:00,0.0,0.0
2024-08-18 05:00:00,0.0,0.0
2024-08-18 06:00:00,0.0,0.0
2024-08-18 07:00:00,0.0,0.0
2024-08-18 08:00:00,0.0,0.0
2024-08-18 09:00:00,0.0,0.0
2024-08-18 10:00:00,0.07637827547669292,0.07637827547669292
2024-08-18 11:00:00,0.33078607724452314,0.33078607724452314
2024-08-18 12:00:00,0.6611303134364165,0.6611303134364165
2024-08-18 13:00:00,1.1111735913120053,1.1111735913120053
2024-08-18 14:00:00,1.6560688801238428,1.6560688801238428
2024-08-18 15:00:00,1.6335698033580468,1.6335698033580468
2024-08-18 16:00:00,2.4314100003600756,2.4314100003600756
2024-08-18 17:00:00,2.372944102657674,2.372944102657674
2024-08-18 18:00:00,2.097975063100415,2.097975063100415
2024-08-18 19:00:00,2.307408723566756,2.307408723566756
2024-08-18 20:00:00,2.308723130843281,2.308723130843281
2024-08-18 21:00:00,2.2968942003841053,2.2968942003841053
2024-08-18 22:00:00,0.0,0.0
2024-08-18 23:00:00,0.0,0.0
2024-08-19 00:00:00,0.0,0.0
2024-08-19 01:00:00,0.0,0.0
2024-08-19 02:00:00,0.0,0.0
2024-08-19 03:00:00,0.0,0.0
2024-08-19 04:00:00,0.0,0.0
2024-08-19 05:00:00,0.0,0.0
2024-08-19 06:00:00,0.0,0.0
2024-08-19 07:00:00,0.0,0.0
2024-08-19 08:00:00,0.0,0.0
2024-08-19 09:00:00,0.0,0.0
2024-08-19 10:00:00,0.1461275334402873,0.1461275334402873
2024-08-19 11:00:00,0.5521976431275685,0.5521976431275685
2024-08-19 12:00:00,0.8820754557035279,0.8820754557035279
2024-08-19 13:00:00,1.4872129693576188,1.4872129693576188
2024-08-19 14:00:00,2.2505057228572474,2.2505057228572474
2024-08-19 15:00:00,2.796193607248526,2.796193607248526
2024-08-19 16:00:00,3.9491072890827397,3.9491072890827397
2024-08-19 17:00:00,4.060700389507947,4.060700389507947
2024-08-19 18:00:00,4.052789836650762,4.052789836650762
2024-08-19 19:00:00,4.319416673773999,4.319416673773999
2024-08-19 20:00:00,3.6974177452306844,3.6974177452306844
2024-08-19 21:00:00,4.03608532144578,4.03608532144578
2024-08-19 22:00:00,0.0,0.0
2024-08-19 23:00:00,0.0,0.0
2024-08-20 00:00:00,0.0,0.0
2024-08-20 01:00:00,0.0,0.0
2024-08-20 02:00:00,0.0,0.0
2024-08-20 03:00:00,0.0,0.0
2024-08-20 04:00:00,0.0,0.0
2024-08-20 05:00:00,0.0,0.0
2024-08-20 06:00:00,0.0,0.0
2024-08-20 07:00:00,0.0,0.0
2024-08-20 08:00:00,0.0,0.0
2024-08-20 09:00:00,0.0,0.0
2024-08-20 10:00:00,0.09800706337172173,0.09800706337172173
2024-08-20 11:00:00,0.49175659703899155,0.49175659703899155
2024-08-20 12:00:00,0.9200975113635363,0.9200975113635363
2024-08-20 13:00:00,1.3645134064520374,1.3645134064520374
2024-08-20 14:00:00,2.0791909170350547,2.0791909170350547
2024-08-20 15:00:00,2.505722529011648,2.505722529011648
2024-08-20 16:00:00,3.366715154730737,3.366715154730737
2024-08-20 17:00:00,3.8470483797052415,3.8470483797052415
2024-08-20 18:00:00,2.9425139656935273,2.9425139656935273
2024-08-20 19:00:00,3.2037340740267704,3.2037340740267704
2024-08-20 20:00:00,3.37208495908088,3.37208495908088
2024-08-20 21:00:00,3.5307824503691583,3.5307824503691583
2024-08-20 22:00:00,0.0,0.0
2024-08-20 23:00:00,0.0,0.0
2024-08-21 00:00:00,0.0,0.0
2024-08-21 01:00:00,0.0,0.0
2024-08-21 02:00:00,0.0,0.0
2024-08-21 03:00:00,0.0,0.0
2024-08-21 04:00:00,0.0,0.0
2024-08-21 05:00:00,0.0,0.0
2024-08-21 06:00:00,0.0,0.0
2024-08-21 07:00:00,0.0,0.0
2024-08-21 08:00:00,0.0,0.0
2024-08-21 09:00:00,0.0,0.0
2024-08-21 10:00:00,0.11723751174724363,0.11723751174724363
2024-08-21 11:00:00,0.4311434936627495,0.4311434936627495
2024-08-21 12:00:00,0.9414739630382524,0.9414739630382524
2024-08-21 13:00:00,1.358912713235939,1.358912713235939
2024-08-21 14:00:00,2.2001717057544243,2.2001717057544243
2024-08-21 15:00:00,2.760705374599278,2.760705374599278
2024-08-21 16:00:00,3.254342699790499,3.254342699790499
2024-08-21 17:00:00,3.5759284027074094,3.5759284027074094
2024-08-21 18:00:00,3.128258662210859,3.128258662210859
2024-08-21 19:00:00,3.947491826713539,3.947491826713539
2024-08-21 20:00:00,4.486153931846805,4.486153931846805
2024-08-21 21:00:00,4.369832201402738,4.369832201402738
2024-08-21 22:00:00,0.0,0.0
2024-08-21 23:00:00,0.0,0.0
2024-08-22 00:00:00,0.0,0.0
2024-08-22 01:00:00,0.0,0.0
2024-08-22 02:00:00,0.0,0.0
2024-08-22 03:00:00,0.0,0.0
2024-08-22 04:00:00,0.0,0.0
2024-08-22 05:00:00,0.0,0.0
2024-08-22 06:00:00,0.0,0.0
2024-08-22 07:00:00,0.0,0.0
2024-08-22 08:00:00,0.0,0.0
2024-08-22 09:00:00,0.0,0.0
2024-08-22 10:00:00,0.12472155788055492,0.12472155788055492
2024-08-22 11:00:00,0.5396749358988084,0.5396749358988084
2024-08-22 12:00:00,0.7776571266946539,0.7776571266946539
2024-08-22 13:00:00,1.4437875257718928,1.4437875257718928
2024-08-22 14:00:00,1.9439287460100743,1.9439287460100743
2024-08-22 15:00:00,2.820304968868396,2.820304968868396
2024-08-22 16:00:00,3.349299713826731,3.349299713826731
2024-08-22 17:00:00,3.3747710592456412,3.3747710592456412
2024-08-22 18:00:00,3.1750058811459665,3.1750058811459665
2024-08-22 19:00:00,4.037808908190659,4.037808908190659
2024-08-22 20:00:00,3.631198877269961,3.631198877269961
2024-08-22 21:00:00,4.334875774864948,4.334875774864948
2024-08-22 22:00:00,0.0,0.0
2024-08-22 23:00:00,0.0,0.0
2024-08-23 00:00:00,0.0,0.0
2024-08-23 01:00:00,0.0,0.0
2024-08-23 02:00:00,0.0,0.0
2024-08-23 03:00:00,0.0,0.0
2024-08-23 04:00:00,0.0,0.0
2024-08-23 05:00:00,0.0,0.0
2024-08-23 06:00:00,0.0,0.0
2024-08-23 07:00:00,0.0,0.0
2024-08-23 08:00:00,0.0,0.0
2024-08-23 09:00:00,0.0,0.0
2024-08-23 10:00:00,0.11521726481644583,0.11521726481644583
2024-08-23 11:00:00,0.4376296985872748,0.4376296985872748
2024-08-23 12:00:00,0.8190203708800593,0.8190203708800593
2024-08-23 13:00:00,1.293780861500698,1.293780861500698
2024-08-23 14:00:00,1.8441931719360118,1.8441931719360118
2024-08-23 15:00:00,2.412116743791997,2.412116743791997
2024-08-23 16:00:00,3.259105824142464,3.259105824142464
2024-08-23 17:00:00,3.534711190642774,3.534711190642774
2024-08-23 18:00:00,3.062537380582993,3.062537380582993
2024-08-23 19:00:00,3.571797586082583,3.571797586082583
2024-08-23 20:00:00,3.759733140026152,3.759733140026152
2024-08-23 21:00:00,2.9697410513742915,2.9697410513742915
2024-08-23 22:00:00,0.0,0.0
2024-08-23 23:00:00,0.0,0.0
2024-08-24 00:00:00,0.0,0.0
2024-08-24 01:00:00,0.0,0.0
2024-08-24 02:00:00,0.0,0.0
2024-08-24 03:00:00,0.0,0.0
2024-08-24 04:00:00,0.0,0.0
2024-08-24 05:00:00,0.0,0.0
2024-08-24 06:00:00,0.0,0.0
2024-08-24 07:00:00,0.0,0.0
2024-08-24 08:00:00,0.0,0.0
2024-08-24 09:00:00,0.0,0.0
2024-08-24 10:00:00,0.07238555299839432,0.07238555299839432
2024-08-24 11:00:00,0.32786831525090115,0.32786831525090115
2024-08-24 12:00:00,0.5295683556977742,0.5295683556977742
2024-08-24 13:00:00,0.8559569524111883,0.8559569524111883
2024-08-24 14:00:00,1.4853229631541371,1.4853229631541371
2024-08-24 15:00:00,1.6905202274828295,1.6905202274828295
2024-08-24 16:00:00,2.0924509439377146,2.0924509439377146
2024-08-24 17:00:00,2.7038658468523518,2.7038658468523518
2024-08-24 18:00:00,2.2371242647263223,2.2371242647263223
2024-08-24 19:00:00,2.51675037034677,2.51675037034677
2024-08-24 20:00:00,2.2349831564431883,2.2349831564431883
2024-08-24 21:00:00,2.87447376538439,2.87447376538439
2024-08-24 22:00:00,0.0,0.0
2024-08-24 23:00:00,0.0,0.0
2024-08-25 00:00:00,0.0,0.0
2024-08-25 01:00:00,0.0,0.0
2024-08-25 02:00:00,0.0,0.0
2024-08-25 03:00:00,0.0,0.0
2024-08-25 04:00:00,0.0,0.0
2024-08-25 05:00:00,0.0,0.0
2024-08-25 06:00:00,0.0,0.0
2024-08-25 07:00:00,0.0,0.0
2024-08-25 08:00:00,0.0,0.0
2024-08-25 09:00:00,0.0,0.0
2024-08-25 10:00:00,0.06876223785495895,0.06876223785495895
2024-08-25 11:00:00,0.264417304215908,0.264417304215908
2024-08-25 12:00:00,0.5712842087184612,0.5712842087184612
2024-08-25 13:00:00,1.0421368818923993,1.0421368818923993
2024-08-25 14:00:00,1.2733655711452447,1.2733655711452447
2024-08-25 15:00:00,1.5486573543534365,1.5486573543534365
2024-08-25 16:00:00,2.4665432794867006,2.4665432794867006
2024-08-25 17:00:00,2.785828586947021,2.785828586947021
2024-08-25 18:00:00,2.210616311005188,2.210616311005188
2024-08-25 19:00:00,2.4490548911497014,2.4490548911497014
2024-08-25 20:00:00,2.4972962760984454,2.4972962760984454
2024-08-25 21:00:00,2.195556436931093,2.195556436931093
2024-08-25 22:00:00,0.0,0.0
2024-08-25 23:00:00,0.0,0.0
2024-08-26 00:00:00,0.0,0.0
2024-08-26 01:00:00,0.0,0.0
2024-08-26 02:00:00,0.0,0.0
2024-08-26 03:00:00,0.0,0.0
2024-08-26 04:00:00,0.0,0.0
2024-08-26 05:00:00,0.0,0.0
2024-08-26 06:00:00,0.0,0.0
2024-08-26 07:00:00,0.0,0.0
2024-08-26 08:00:00,0.0,0.0
2024-08-26 09:00:00,0.0,0.0
2024-08-26 10:00:00,0.12136266060308713,0.12136266060308713
2024-08-26 11:00:00,0.43601034122390264,0.43601034122390264
2024-08-26 12:00:00,0.6909672782954955,0.6909672782954955
2024-08-26 13:00:00,1.325795297561528,1.325795297561528
2024-08-26 14:00:00,1.792317667703111,1.792317667703111
2024-08-26 15:00:00,2.1484215897886436,2.1484215897886436
2024-08-26 16:00:00,3.331495541393034,3.331495541393034
2024-08-26 17:00:00,3.7550946108788867,3.7550946108788867
2024-08-26 18:00:00,3.056659613469193,3.056659613469193
2024-08-26 19:00:00,3.1823262775984635,3.1823262775984635
2024-08-26 20:00:00,2.9863405393733564,2.9863405393733564
2024-08-26 21:00:00,3.8283570848211395,3.8283570848211395
2024-08-26 22:00:00,0.0,0.0
2024-08-26 23:00:00,0.0,0.0
2024-08-27 00:00:00,0.0,0.0
2024-08-27 01:00:00,0.0,0.0
2024-08-27 02:00:00,0.0,0.0
2024-08-27 03:00:00,0.0,0.0
2024-08-27 04:00:00,0.0,0.0
2024-08-27 05:00:00,0.0,0.0
2024-08-27 06:00:00,0.0,0.0
2024-08-27 07:00:00,0.0,0.0
2024-08-27 08:00:00,0.0,0.0
2024-08-27 09:00:00,0.0,0.0
2024-08-27 10:00:00,0.10872287192771157,0.10872287192771157
2024-08-27 11:00:00,0.45603244483019145,0.45603244483019145
2024-08-27 12:00:00,0.7518475073478114,0.7518475073478114
2024-08-27 13:00:00,1.1191275511108008,1.1191275511108008
2024-08-27 14:00:00,1.8920637182895674,1.8920637182895674
2024-08-27 15:00:00,2.473919835436694,2.473919835436694
2024-08-27 16:00:00,2.6365613549109663,2.6365613549109663
2024-08-27 17:00:00,3.3264746419849014,3.3264746419849014
2024-08-27 18:00:00,2.639594900353736,2.639594900353736
2024-08-27 19:00:00,3.7089066531352404,3.7089066531352404
2024-08-27 20:00:00,3.747645917115822,3.747645917115822
2024-08-27 21:00:00,3.3630434415804364,3.3630434415804364
2024-08-27 22:00:00,0.0,0.0
2024-08-27 23:00:00,0.0,0.0
2024-08-28 00:00:00,0.0,0.0
2024-08-28 01:00:00,0.0,0.0
2024-08-28 02:00:00,0.0,0.0
2024-08-28 03:00:00,0.0,0.0
2024-08-28 04:00:00,0.0,0.0
2024-08-28 05:00:00,0.0,0.0
2024-08-28 06:00:00,0.0,0.0
2024-08-28 07:00:00,0.0,0.0
2024-08-28 08:00:00,0.0,0.0
2024-08-28 09:00:00,0.0,0.0
2024-08-28 10:00:00,0.12604908356203398,0.12604908356203398
2024-08-28 11:00:00,0.4255821976347022,0.4255821976347022
2024-08-28 12:00:00,0.946951166221309,0.946951166221309
2024-08-28 13:00:00,1.292182393230897,1.292182393230897
2024-08-28 14:00:00,2.1663783286008593,2.1663783286008593
2024-08-28 15:00:00,2.5835592967761856,2.5835592967761856
2024-08-28 16:00:00,3.913539114936345,3.913539114936345
2024-08-28 17:00:00,4.175437971823292,4.175437971823292
2024-08-28 18:00:00,4.04118022335754,4.04118022335754
2024-08-28 19:00:00,3.333904599381951,3.333904599381951
2024-08-28 20:00:00,4.303944549728308,4.303944549728308
2024-08-28 21:00:00,3.6194159386695497,3.6194159386695497
2024-08-28 22:00:00,0.0,0.0
2024-08-28 23:00:00,0.0,0.0
2024-08-29 00:00:00,0.0,0.0
2024-08-29 01:00:00,0.0,0.0
2024-08-29 02:00:00,0.0,0.0
2024-08-29 03:00:00,0.0,0.0
2024-08-29 04:00:00,0.0,0.0
2024-08-29 05:00:00,0.0,0.0
2024-08-29 06:00:00,0.0,0.0
2024-08-29 07:00:00,0.0,0.0
2024-08-29 08:00:00,0.0,0.0
2024-08-29 09:00:00,0.0,0.0
2024-08-29 10:00:00,0.11366866977607751,0.11366866977607751
2024-08-29 11:00:00,0.41383201044048046,0.41383201044048046
2024-08-29 12:00:00,0.840350807522269,0.840350807522269
2024-08-29 13:00:00,1.3435014147784456,1.3435014147784456
2024-08-29 14:00:00,2.0072185689796185,2.0072185689796185
2024-08-29 15:00:00,2.3043427314502103,2.3043427314502103
2024-08-29 16:00:00,2.902999490534779,2.902999490534779
2024-08-29 17:00:00,3.716711893538477,3.716711893538477
2024-08-29 18:00:00,3.39464287939899,3.39464287939899
2024-08-29 19:00:00,3.4730134323475546,3.4730134323475546
2024-08-29 20:00:00,3.784930779915201,3.784930779915201
2024-08-29 21:00:00,3.869444909705015,3.869444909705015
2024-08-29 22:00:00,0.0,0.0
2024-08-29 23:00:00,0.0,0.0
2024-08-30 00:00:00,0.0,0.0
2024-08-30 01:00:00,0.0,0.0
2024-08-30 02:00:00,0.0,0.0
2024-08-30 03:00:00,0.0,0.0
2024-08-30 04:00:00,0.0,0.0
2024-08-30 05:00:00,0.0,0.0
2024-08-30 06:00:00,0.0,0.0
2024-08-30 07:00:00,0.0,0.0
2024-08-30 08:00:00,0.0,0.0
2024-08-30 09:00:00,0.0,0.0
2024-08-30 10:00:00,0.131999515338468,0.131999515338468
2024-08-30 11:00:00,0.45846874936163223,0.45846874936163223
2024-08-30 12:00:00,0.7895035979456958,0.7895035979456958
2024-08-30 13:00:00,1.2574029958656754,1.2574029958656754
2024-08-30 14:00:00,2.0783531932265853,2.0783531932265853
2024-08-30 15:00:00,2.8623555328612147,2.8623555328612147
2024-08-30 16:00:00,3.32131773286828,3.32131773286828
2024-08-30 17:00:00,3.95277388318096,3.95277388318096
2024-08-30 18:00:00,3.2423133960092447,3.2423133960092447
2024-08-30 19:00:00,3.851453824356452,3.851453824356452
2024-08-30 20:00:00,4.1611889426095825,4.1611889426095825
2024-08-30 21:00:00,3.8350396223114323,3.8350396223114323
2024-08-30 22:00:00,0.0,0.0
2024-08-30 23:00:00,0.0,0.0
2024-08-31 00:00:00,0.0,0.0
2024-08-31 01:00:00,0.0,0.0
2024-08-31 02:00:00,0.0,0.0
2024-08-31 03:00:00,0.0,0.0
2024-08-31 04:00:00,0.0,0.0
2024-08-31 05:00:00,0.0,0.0
2024-08-31 06:00:00,0.0,0.0
2024-08-31 07:00:00,0.0,0.0
2024-08-31 08:00:00,0.0,0.0
2024-08-31 09:00:00,0.0,0.0
2024-08-31 10:00:00,0.07448946792773625,0.07448946792773625
2024-08-31 11:00:00,0.28683580012277854,0.28683580012277854
2024-08-31 12:00:00,0.5322196388300923,0.5322196388300923
2024-08-31 13:00:00,1.0162048590533916,1.0162048590533916
2024-08-31 14:00:00,1.2762737142735447,1.2762737142735447
2024-08-31 15:00:00,1.6710934440718883,1.6710934440718883
2024-08-31 16:00:00,2.3861344819757204,2.3861344819757204
2024-08-31 17:00:00,2.1369055280851383,2.1369055280851383
2024-08-31 18:00:00,2.2397121487882985,2.2397121487882985
2024-08-31 19:00:00,2.0868042286617525,2.0868042286617525
2024-08-31 20:00:00,2.462614806712929,2.462614806712929
2024-08-31 21:00:00,2.7224683953867825,2.7224683953867825
2024-08-31 22:00:00,0.0,0.0
2024-08-31 23:00:00,0.0,0.0
2024-09-01 00:00:00,0.0,0.0
2024-09-01 01:00:00,0.0,0.0
2024-09-01 02:00:00,0.0,0.0
2024-09-01 03:00:00,0.0,0.0
2024-09-01 04:00:00,0.0,0.0
2024-09-01 05:00:00,0.0,0.0
2024-09-01 06:00:00,0.0,0.0
2024-09-01 07:00:00,0.0,0.0
2024-09-01 08:00:00,0.0,0.0
2024-09-01 09:00:00,0.0,0.0
2024-09-01 10:00:00,0.07393113331273009,0.07393113331273009
2024-09-01 11:00:00,0.3530906885058664,0.3530906885058664
2024-09-01 12:00:00,0.5305332765314345,0.5305332765314345
2024-09-01 13:00:00,0.8441941577439281,0.8441941577439281
2024-09-01 14:00:00,1.4621814984330783,1.4621814984330783
2024-09-01 15:00:00,1.4443448010906514,1.4443448010906514
2024-09-01 16:00:00,1.9473363945528375,1.9473363945528375
2024-09-01 17:00:00,2.6917634313614256,2.6917634313614256
2024-09-01 18:00:00,2.0256900998908445,2.0256900998908445
2024-09-01 19:00:00,2.164737026216094,2.164737026216094
2024-09-01 20:00:00,2.1251279714728506,2.1251279714728506
2024-09-01 21:00:00,2.455996902372938,2.455996902372938
2024-09-01 22:00:00,0.0,0.0
2024-09-01 23:00:00,0.0,0.0
2024-09-02 00:00:00,0.0,0.0
2024-09-02 01:00:00,0.0,0.0
2024-09-02 02:00:00,0.0,0.0
2024-09-02 03:00:00,0.0,0.0
2024-09-02 04:00:00,0.0,0.0
2024-09-02 05:00:00,0.0,0.0
2024-09-02 06:00:00,0.0,0.0
2024-09-02 07:00:00,0.0,0.0
2024-09-02 08:00:00,0.0,0.0
2024-09-02 09:00:00,0.0,0.0
2024-09-02 10:00:00,0.1174507703340594,0.1174507703340594
2024-09-02 11:00:00,0.4058071492473918,0.4058071492473918
2024-09-02 12:00:00,0.7529937069436082,0.7529937069436082
2024-09-02 13:00:00,1.3241587509596413,1.3241587509596413
2024-09-02 14:00:00,2.3392647583444046,2.3392647583444046
2024-09-02 15:00:00,2.1712594017578373,2.1712594017578373
2024-09-02 16:00:00,2.9398653320878227,2.9398653320878227
2024-09-02 17:00:00,3.286102082741996,3.286102082741996
2024-09-02 18:00:00,3.2793435544942247,3.2793435544942247
2024-09-02 19:00:00,3.5527479494982632,3.5527479494982632
2024-09-02 20:00:00,3.788914893228752,3.788914893228752
2024-09-02 21:00:00,3.5616641466287575,3.5616641466287575
2024-09-02 22:00:00,0.0,0.0
2024-09-02 23:00:00,0.0,0.0
2024-09-03 00:00:00,0.0,0.0
2024-09-03 01:00:00,0.0,0.0
2024-09-03 02:00:00,0.0,0.0
2024-09-03 03:00:00,0.0,0.0
2024-09-03 04:00:00,0.0,0.0
2024-09-03 05:00:00,0.0,0.0
2024-09-03 06:00:00,0.0,0.0
2024-09-03 07:00:00,0.0,0.0
2024-09-03 08:00:00,0.0,0.0
2024-09-03 09:00:00,0.0,0.0
2024-09-03 10:00:00,0.13609651348270718,0.13609651348270718
2024-09-03 11:00:00,0.5239146568107659,0.5239146568107659
2024-09-03 12:00:00,0.9210254293551403,0.9210254293551403
2024-09-03 13:00:00,1.3293520626556965,1.3293520626556965
2024-09-03 14:00:00,2.1023515523888032,2.1023515523888032
2024-09-03 15:00:00,2.7801580851829804,2.7801580851829804
2024-09-03 16:00:00,2.8922625139656293,2.8922625139656293
2024-09-03 17:00:00,4.385677685019654,4.385677685019654
2024-09-03 18:00:00,2.9564153506955675,2.9564153506955675
2024-09-03 19:00:00,3.718795166284129,3.718795166284129
2024-09-03 20:00:00,4.1419594056696,4.1419594056696
2024-09-03 21:00:00,3.9707181777455864,3.9707181777455864
2024-09-03 22:00:00,0.0,0.0
2024-09-03 23:00:00,0.0,0.0
2024-09-04 00:00:00,0.0,0.0
2024-09-04 01:00:00,0.0,0.0
2024-09-04 02:00:00,0.0,0.0
2024-09-04 03:00:00,0.0,0.0
2024-09-04 04:00:00,0.0,0.0
2024-09-04 05:00:00,0.0,0.0
2024-09-04 06:00:00,0.0,0.0
2024-09-04 07:00:00,0.0,0.0
2024-09-04 08:00:00,0.0,0.0
2024-09-04 09:00:00,0.0,0.0
2024-09-04 10:00:00,0.12763296250000766,0.12763296250000766
2024-09-04 11:00:00,0.38599392172742325,0.38599392172742325
2024-09-04 12:00:00,0.834041005511476,0.834041005511476
2024-09-04 13:00:00,1.126394332861062,1.126394332861062
2024-09-04 14:00:00,2.151144495971439,2.151144495971439
2024-09-04 15:00:00,2.0436558039798203,2.0436558039798203
2024-09-04 16:00:00,2.689119580433234,2.689119580433234
2024-09-04 17:00:00,3.22298303447067,3.22298303447067
2024-09-04 18:00:00,3.167447944053486,3.167447944053486
2024-09-04 19:00:00,3.4178289138357725,3.4178289138357725
2024-09-04 20:00:00,3.5616766260590196,3.5616766260590196
2024-09-04 21:00:00,3.844922615968432,3.844922615968432
2024-09-04 22:00:00,0.0,0.0
2024-09-04 23:00:00,0.0,0.0
2024-09-05 00:00:00,0.0,0.0
2024-09-05 01:00:00,0.0,0.0
2024-09-05 02:00:00,0.0,0.0
2024-09-05 03:00:00,0.0,0.0
2024-09-05 04:00:00,0.0,0.0
2024-09-05 05:00:00,0.0,0.0
2024-09-05 06:00:00,0.0,0.0
2024-09-05 07:00:00,0.0,0.0
2024-09-05 08:00:00,0.0,0.0
2024-09-05 09:00:00,0.0,0.0
2024-09-05 10:00:00,0.1078579110115805,0.1078579110115805
2024-09-05 11:00:00,0.46774231812286554,0.46774231812286554
2024-09-05 12:00:00,0.7028279180893489,0.7028279180893489
2024-09-05 13:00:00,1.4906147236918361,1.4906147236918361
2024-09-05 14:00:00,1.8556907338735211,1.8556907338735211
2024-09-05 15:00:00,2.1748264229605327,2.1748264229605327
2024-09-05 16:00:00,2.6521063890774887,2.6521063890774887
2024-09-05 17:00:00,3.295565631015791,3.295565631015791
2024-09-05 18:00:00,2.7372025810508207,2.7372025810508207
2024-09-05 19:00:00,3.8945380247274226,3.8945380247274226
2024-09-05 20:00:00,3.313003718397254,3.313003718397254
2024-09-05 21:00:00,3.5907941329195334,3.5907941329195334
2024-09-05 22:00:00,0.0,0.0
2024-09-05 23:00:00,0.0,0.0
2024-09-06 00:00:00,0.0,0.0
2024-09-06 01:00:00,0.0,0.0
2024-09-06 02:00:00,0.0,0.0
2024-09-06 03:00:00,0.0,0.0
2024-09-06 04:00:00,0.0,0.0
2024-09-06 05:00:00,0.0,0.0
2024-09-06 06:00:00,0.0,0.0
2024-09-06 07:00:00,0.0,0.0
2024-09-06 08:00:00,0.0,0.0
2024-09-06 09:00:00,0.0,0.0
2024-09-06 10:00:00,0.09677578111424666,0.09677578111424666
2024-09-06 11:00:00,0.4477713638493952,0.4477713638493952
2024-09-06 12:00:00,0.6669740704148823,0.6669740704148823
2024-09-06 13:00:00,1.147342181687562,1.147342181687562
2024-09-06 14:00:00,2.2286229499008687,2.2286229499008687
2024-09-06 15:00:00,2.491956281884731,2.491956281884731
2024-09-06 16:00:00,3.2304426382870393,3.2304426382870393
2024-09-06 17:00:00,3.7613621209585126,3.7613621209585126
2024-09-06 18:00:00,2.8614231346888275,2.8614231346888275
2024-09-06 19:00:00,3.416162655325602,3.416162655325602
2024-09-06 20:00:00,3.4871919532388995,3.4871919532388995
2024-09-06 21:00:00,3.5622490208250643,3.5622490208250643
2024-09-06 22:00:00,0.0,0.0
2024-09-06 23:00:00,0.0,0.0
2024-09-07 00:00:00,0.0,0.0
2024-09-07 01:00:00,0.0,0.0
2024-09-07 02:00:00,0.0,0.0
2024-09-07 03:00:00,0.0,0.0
2024-09-07 04:00:00,0.0,0.0
2024-09-07 05:00:00,0.0,0.0
2024-09-07 06:00:00,0.0,0.0
2024-09-07 07:00:00,0.0,0.0
2024-09-07 08:00:00,0.0,0.0
2024-09-07 09:00:00,0.0,0.0
2024-09-07 10:00:00,0.08203145753715066,0.08203145753715066
2024-09-07 11:00:00,0.331452790962499,0.331452790962499
2024-09-07 12:00:00,0.6239828755067424,0.6239828755067424
2024-09-07 13:00:00,0.9031802583950351,0.9031802583950351
2024-09-07 14:00:00,1.628125537798174,1.628125537798174
2024-09-07 15:00:00,1.6036925562367181,1.6036925562367181
2024-09-07 16:00:00,1.9540426410926082,1.9540426410926082
2024-09-07 17:00:00,2.5614266301910074,2.5614266301910074
2024-09-07 18:00:00,2.330889492336505,2.330889492336505
2024-09-07 19:00:00,2.3411047277301122,2.3411047277301122
2024-09-07 20:00:00,2.3313706387036897,2.3313706387036897
2024-09-07 21:00:00,2.538176091652798,2.538176091652798
2024-09-07 22:00:00,0.0,0.0
2024-09-07 23:00:00,0.0,0.0
2024-09-08 00:00:00,0.0,0.0
2024-09-08 01:00:00,0.0,0.0
2024-09-08 02:00:00,0.0,0.0
2024-09-08 03:00:00,0.0,0.0
2024-09-08 04:00:00,0.0,0.0
2024-09-08 05:00:00,0.0,0.0
2024-09-08 06:00:00,0.0,0.0
2024-09-08 07:00:00,0.0,0.0
2024-09-08 08:00:00,0.0,0.0
2024-09-08 09:00:00,0.0,0.0
2024-09-08 10:00:00,0.08526997314989408,0.08526997314989408
2024-09-08 11:00:00,0.32113800774971046,0.32113800774971046
2024-09-08 12:00:00,0.6532289273764539,0.6532289273764539
2024-09-08 13:00:00,1.0578859663315165,1.0578859663315165
2024-09-08 14:00:00,1.4992543886145937,1.4992543886145937
2024-09-08 15:00:00,2.000423801297267,2.000423801297267
2024-09-08 16:00:00,2.2314406099828727,2.2314406099828727
2024-09-08 17:00:00,2.689569332508955,2.689569332508955
2024-09-08 18:00:00,2.081090189289724,2.081090189289724
2024-09-08 19:00:00,2.84513057277567,2.84513057277567
2024-09-08 20:00:00,2.3361098300874867,2.3361098300874867
2024-09-08 21:00:00,2.764182090640068,2.764182090640068
2024-09-08 22:00:00,0.0,0.0
2024-09-08 23:00:00,0.0,0.0
2024-09-09 00:00:00,0.0,0.0
2024-09-09 01:00:00,0.0,0.0
2024-09-09 02:00:00,0.0,0.0
2024-09-09 03:00:00,0.0,0.0
2024-09-09 04:00:00,0.0,0.0
2024-09-09 05:00:00,0.0,0.0
2024-09-09 06:00:00,0.0,0.0
2024-09-09 07:00:00,0.0,0.0
2024-09-09 08:00:00,0.0,0.0
2024-09-09 09:00:00,0.0,0.0
2024-09-09 10:00:00,0.12101021929886722,0.12101021929886722
2024-09-09 11:00:00,0.41523305661437,0.41523305661437
2024-09-09 12:00:00,0.8213366744611181,0.8213366744611181
2024-09-09 13:00:00,1.3922935706436153,1.3922935706436153
2024-09-09 14:00:00,2.091664533588129,2.091664533588129
2024-09-09 15:00:00,2.1501146847511596,2.1501146847511596
2024-09-09 16:00:00,2.726460136730356,2.726460136730356
2024-09-09 17:00:00,3.413506679218558,3.413506679218558
2024-09-09 18:00:00,3.047429075228973,3.047429075228973
2024-09-09 19:00:00,3.236418101333886,3.236418101333886
2024-09-09 20:00:00,2.967276197509879,2.967276197509879
2024-09-09 21:00:00,3.1820794150943534,3.1820794150943534
2024-09-09 22:00:00,0.0,0.0
2024-09-09 23:00:00,0.0,0.0
2024-09-10 00:00:00,0.0,0.0
2024-09-10 01:00:00,0.0,0.0
2024-09-10 02:00:00,0.0,0.0
2024-09-10 03:00:00,0.0,0.0
2024-09-10 04:00:00,0.0,0.0
2024-09-10 05:00:00,0.0,0.0
2024-09-10 06:00:00,0.0,0.0
2024-09-10 07:00:00,0.0,0.0
2024-09-10 08:00:00,0.0,0.0
2024-09-10 09:00:00,0.0,0.0
2024-09-10 10:00:00,0.11564028492978891,0.11564028492978891
2024-09-10 11:00:00,0.41376984836675734,0.41376984836675734
2024-09-10 12:00:00,0.6823412020365156,0.6823412020365156
2024-09-10 13:00:00,1.2659401115257525,1.2659401115257525
2024-09-10 14:00:00,2.320925581492633,2.320925581492633
2024-09-10 15:00:00,2.610899470258924,2.610899470258924
2024-09-10 16:00:00,2.62604638238513,2.62604638238513
2024-09-10 17:00:00,3.33069367238466,3.33069367238466
2024-09-10 18:00:00,3.294742428588612,3.294742428588612
2024-09-10 19:00:00,3.6028796462645825,3.6028796462645825
2024-09-10 20:00:00,3.1677611900844056,3.1677611900844056
2024-09-10 21:00:00,3.4247842305804492,3.4247842305804492
2024-09-10 22:00:00,0.0,0.0
2024-09-10 23:00:00,0.0,0.0
2024-09-11 00:00:00,0.0,0.0
2024-09-11 01:00:00,0.0,0.0
2024-09-11 02:00:00,0.0,0.0
2024-09-11 03:00:00,0.0,0.0
2024-09-11 04:00:00,0.0,0.0
2024-09-11 05:00:00,0.0,0.0
2024-09-11 06:00:00,0.0,0.0
2024-09-11 07:00:00,0.0,0.0
2024-09-11 08:00:00,0.0,0.0
2024-09-11 09:00:00,0.0,0.0
2024-09-11 10:00:00,0.11161134112554257,0.11161134112554257
2024-09-11 11:00:00,0.4330364054245675,0.4330364054245675
2024-09-11 12:00:00,0.8063387535836213,0.8063387535836213
2024-09-11 13:00:00,1.4914119771085275,1.4914119771085275
2024-09-11 14:00:00,2.0050135252217514,2.0050135252217514
2024-09-11 15:00:00,2.5445131116224733,2.5445131116224733
2024-09-11 16:00:00,3.120755239605368,3.120755239605368
2024-09-11 17:00:00,3.7171457919944886,3.7171457919944886
2024-09-11 18:00:00,3.6380100758486975,3.6380100758486975
2024-09-11 19:00:00,3.9214784157554674,3.9214784157554674
2024-09-11 20:00:00,3.944433093386379,3.944433093386379
2024-09-11 21:00:00,3.9252832343263706,3.9252832343263706
2024-09-11 22:00:00,0.0,0.0
2024-09-11 23:00:00,0.0,0.0
2024-09-12 00:00:00,0.0,0.0
2024-09-12 01:00:00,0.0,0.0
2024-09-12 02:00:00,0.0,0.0
2024-09-12 03:00:00,0.0,0.0
2024-09-12 04:00:00,0.0,0.0
2024-09-12 05:00:00,0.0,0.0
2024-09-12 06:00:00,0.0,0.0
2024-09-12 07:00:00,0.0,0.0
2024-09-12 08:00:00,0.0,0.0
2024-09-12 09:00:00,0.0,0.0
2024-09-12 10:00:00,0.12166077365537656,0.12166077365537656
2024-09-12 11:00:00,0.4290070854320059,0.4290070854320059
2024-09-12 12:00:00,0.9643700775437325,0.9643700775437325
2024-09-12 13:00:00,1.3449875531033626,1.3449875531033626
2024-09-12 14:00:00,2.4004581071882467,2.4004581071882467
2024-09-12 15:00:00,2.5051422898809874,2.5051422898809874
2024-09-12 16:00:00,3.7425587266760307,3.7425587266760307
2024-09-12 17:00:00,3.2202766936078056,3.2202766936078056
2024-09-12 18:00:00,3.757947823067653,3.757947823067653
2024-09-12 19:00:00,4.162401233748154,4.162401233748154
2024-09-12 20:00:00,4.079141623620782,4.079141623620782
2024-09-12 21:00:00,3.880417020675181,3.880417020675181
2024-09-12 22:00:00,0.0,0.0
2024-09-12 23:00:00,0.0,0.0
2024-09-13 00:00:00,0.0,0.0
2024-09-13 01:00:00,0.0,0.0
2024-09-13 02:00:00,0.0,0.0
2024-09-13 03:00:00,0.0,0.0
2024-09-13 04:00:00,0.0,0.0
2024-09-13 05:00:00,0.0,0.0
2024-09-13 06:00:00,0.0,0.0
2024-09-13 07:00:00,0.0,0.0
2024-09-13 08:00:00,0.0,0.0
2024-09-13 09:00:00,0.0,0.0
2024-09-13 10:00:00,0.10657051064092421,0.10657051064092421
2024-09-13 11:00:00,0.4691692435932337,0.4691692435932337
2024-09-13 12:00:00,0.9233758896787736,0.9233758896787736
2024-09-13 13:00:00,1.454476404454113,1.454476404454113
2024-09-13 14:00:00,2.2499163027874682,2.2499163027874682
2024-09-13 15:00:00,2.341388027397794,2.341388027397794
2024-09-13 16:00:00,3.3718938579908384,3.3718938579908384
2024-09-13 17:00:00,3.4518661646257667,3.4518661646257667
2024-09-13 18:00:00,3.4525169799090034,3.4525169799090034
2024-09-13 19:00:00,3.546749666886429,3.546749666886429
2024-09-13 20:00:00,3.7357290673137347,3.7357290673137347
2024-09-13 21:00:00,3.494651673455553,3.494651673455553
2024-09-13 22:00:00,0.0,0.0
2024-09-13 23:00:00,0.0,0.0
2024-09-14 00:00:00,0.0,0.0
2024-09-14 01:00:00,0.0,0.0
2024-09-14 02:00:00,0.0,0.0
2024-09-14 03:00:00,0.0,0.0
2024-09-14 04:00:00,0.0,0.0
2024-09-14 05:00:00,0.0,0.0
2024-09-14 06:00:00,0.0,0.0
2024-09-14 07:00:00,0.0,0.0
2024-09-14 08:00:00,0.0,0.0
2024-09-14 09:00:00,0.0,0.0
2024-09-14 10:00:00,0.0783292061860466,0.0783292061860466
2024-09-14 11:00:00,0.3294474915943656,0.3294474915943656
2024-09-14 12:00:00,0.5105861448524099,0.5105861448524099
2024-09-14 13:00:00,0.972604074356176,0.972604074356176
2024-09-14 14:00:00,1.4860128991093489,1.4860128991093489
2024-09-14 15:00:00,1.5449781666192195,1.5449781666192195
2024-09-14 16:00:00,2.0796785162098614,2.0796785162098614
2024-09-14 17:00:00,2.253019393055843,2.253019393055843
2024-09-14 18:00:00,1.991314343809149,1.991314343809149
2024-09-14 19:00:00,2.358093509311037,2.358093509311037
2024-09-14 20:00:00,2.750922853103885,2.750922853103885
2024-09-14 21:00:00,2.281889935244319,2.281889935244319
2024-09-14 22:00:00,0.0,0.0
2024-09-14 23:00:00,0.0,0.0
2024-09-15 00:00:00,0.0,0.0
2024-09-15 01:00:00,0.0,0.0
2024-09-15 02:00:00,0.0,0.0
2024-09-15 03:00:00,0.0,0.0
2024-09-15 04:00:00,0.0,0.0
2024-09-15 05:00:00,0.0,0.0
2024-09-15 06:00:00,0.0,0.0
2024-09-15 07:00:00,0.0,0.0
2024-09-15 08:00:00,0.0,0.0
2024-09-15 09:00:00,0.0,0.0
2024-09-15 10:00:00,0.09096270735687625,0.09096270735687625
2024-09-15 11:00:00,0.33139351465477423,0.33139351465477423
2024-09-15 12:00:00,0.5154875828340937,0.5154875828340937
2024-09-15 13:00:00,1.064940526406798,1.064940526406798
2024-09-15 14:00:00,1.5839058876719008,1.5839058876719008
2024-09-15 15:00:00,1.6601208549882942,1.6601208549882942
2024-09-15 16:00:00,2.3593437489447138,2.3593437489447138
2024-09-15 17:00:00,2.535978111452628,2.535978111452628
2024-09-15 18:00:00,2.39856277569482,2.39856277569482
2024-09-15 19:00:00,2.574324261705986,2.574324261705986
2024-09-15 20:00:00,2.3100831453519097,2.3100831453519097
2024-09-15 21:00:00,2.5654426292687567,2.5654426292687567
2024-09-15 22:00:00,0.0,0.0
2024-09-15 23:00:00,0.0,0.0
2024-09-16 00:00:00,0.0,0.0
2024-09-16 01:00:00,0.0,0.0
2024-09-16 02:00:00,0.0,0.0
2024-09-16 03:00:00,0.0,0.0
2024-09-16 04:00:00,0.0,0.0
2024-09-16 05:00:00,0.0,0.0
2024-09-16 06:00:00,0.0,0.0
2024-09-16 07:00:00,0.0,0.0
2024-09-16 08:00:00,0.0,0.0
2024-09-16 09:00:00,0.0,0.0
2024-09-16 10:00:00,0.11502983758678531,0.11502983758678531
2024-09-16 11:00:00,0.4430595434975541,0.4430595434975541
2024-09-16 12:00:00,0.7654486604734071,0.7654486604734071
2024-09-16 13:00:00,1.3159217344977416,1.3159217344977416
2024-09-16 14:00:00,2.352633194582107,2.352633194582107
2024-09-16 15:00:00,2.605237289157022,2.605237289157022
2024-09-16 16:00:00,3.2656001791050184,3.2656001791050184
2024-09-16 17:00:00,4.084925498547924,4.084925498547924
2024-09-16 18:00:00,3.4944196668315737,3.4944196668315737
2024-09-16 19:00:00,3.5652643576709577,3.5652643576709577
2024-09-16 20:00:00,3.2895976256462434,3.2895976256462434
2024-09-16 21:00:00,4.283587724587357,4.283587724587357
2024-09-16 22:00:00,0.0,0.0
2024-09-16 23:00:00,0.0,0.0
2024-09-17 00:00:00,0.0,0.0
2024-09-17 01:00:00,0.0,0.0
2024-09-17 02:00:00,0.0,0.0
2024-09-17 03:00:00,0.0,0.0
2024-09-17 04:00:00,0.0,0.0
2024-09-17 05:00:00,0.0,0.0
2024-09-17 06:00:00,0.0,0.0
2024-09-17 07:00:00,0.0,0.0
2024-09-17 08:00:00,0.0,0.0
2024-09-17 09:00:00,0.0,0.0
2024-09-17 10:00:00,0.09789788303975837,0.09789788303975837
2024-09-17 11:00:00,0.4154888186680359,0.4154888186680359
2024-09-17 12:00:00,0.8529570524497552,0.8529570524497552
2024-09-17 13:00:00,1.3188003167847853,1.3188003167847853
2024-09-17 14:00:00,1.7991553061203183,1.7991553061203183
2024-09-17 15:00:00,2.226348602233292,2.226348602233292
2024-09-17 16:00:00,2.602114770952958,2.602114770952958
2024-09-17 17:00:00,2.903944900045421,2.903944900045421
2024-09-17 18:00:00,3.170549439204984,3.170549439204984
2024-09-17 19:00:00,2.887928827017903,2.887928827017903
2024-09-17 20:00:00,3.43536763593509,3.43536763593509
2024-09-17 21:00:00,3.756054494895203,3.756054494895203
2024-09-17 22:00:00,0.0,0.0
2024-09-17 23:00:00,0.0,0.0
2024-09-18 00:00:00,0.0,0.0
2024-09-18 01:00:00,0.0,0.0
2024-09-18 02:00:00,0.0,0.0
2024-09-18 03:00:00,0.0,0.0
2024-09-18 04:00:00,0.0,0.0
2024-09-18 05:00:00,0.0,0.0
2024-09-18 06:00:00,0.0,0.0
2024-09-18 07:00:00,0.0,0.0
2024-09-18 08:00:00,0.0,0.0
2024-09-18 09:00:00,0.0,0.0
2024-09-18 10:00:00,0.09424320399606509,0.09424320399606509
2024-09-18 11:00:00,0.391396695618833,0.391396695618833
2024-09-18 12:00:00,0.8360972342566944,0.8360972342566944
2024-09-18 13:00:00,1.353374271398016,1.353374271398016
2024-09-18 14:00:00,1.829618409650784,1.829618409650784
2024-09-18 15:00:00,2.2952108506174618,2.2952108506174618
2024-09-18 16:00:00,3.0622143165716933,3.0622143165716933
2024-09-18 17:00:00,3.420181199899961,3.420181199899961
2024-09-18 18:00:00,3.345725401077341,3.345725401077341
2024-09-18 19:00:00,3.3186793190544432,3.3186793190544432
2024-09-18 20:00:00,3.4140515683687758,3.4140515683687758
2024-09-18 21:00:00,3.563354885547076,3.563354885547076
2024-09-18 22:00:00,0.0,0.0
2024-09-18 23:00:00,0.0,0.0
2024-09-19 00:00:00,0.0,0.0
2024-09-19 01:00:00,0.0,0.0
2024-09-19 02:00:00,0.0,0.0
2024-09-19 03:00:00,0.0,0.0
2024-09-19 04:00:00,0.0,0.0
2024-09-19 05:00:00,0.0,0.0
2024-09-19 06:00:00,0.0,0.0
2024-09-19 07:00:00,0.0,0.0
2024-09-19 08:00:00,0.0,0.0
2024-09-19 09:00:00,0.0,0.0
2024-09-19 10:00:00,0.10604377732000374,0.10604377732000374
2024-09-19 11:00:00,0.38455588562135234,0.38455588562135234
2024-09-19 12:00:00,0.900165130901619,0.900165130901619
2024-09-19 13:00:00,1.4363471017794005,1.4363471017794005
2024-09-19 14:00:00,2.172447215106112,2.172447215106112
2024-09-19 15:00:00,2.5289654421821792,2.5289654421821792
2024-09-19 16:00:00,2.6617578262695774,2.6617578262695774
2024-09-19 17:00:00,3.317558149503683,3.317558149503683
2024-09-19 18:00:00,2.8873102153385357,2.8873102153385357
2024-09-19 19:00:00,2.9561980514698263,2.9561980514698263
2024-09-19 20:00:00,3.7342926917192587,3.7342926917192587
2024-09-19 21:00:00,3.930982929463311,3.930982929463311
2024-09-19 22:00:00,0.0,0.0
2024-09-19 23:00:00,0.0,0.0
2024-09-20 00:00:00,0.0,0.0
2024-09-20 01:00:00,0.0,0.0
2024-09-20 02:00:00,0.0,0.0
2024-09-20 03:00:00,0.0,0.0
2024-09-20 04:00:00,0.0,0.0
2024-09-20 05:00:00,0.0,0.0
2024-09-20 06:00:00,0.0,0.0
2024-09-20 07:00:00,0.0,0.0
2024-09-20 08:00:00,0.0,0.0
2024-09-20 09:00:00,0.0,0.0
2024-09-20 10:00:00,0.1395706286531302,0.1395706286531302
2024-09-20 11:00:00,0.5090162505909195,0.5090162505909195
2024-09-20 12:00:00,0.7698967365493743,0.7698967365493743
2024-09-20 13:00:00,1.682937969348206,1.682937969348206
2024-09-20 14:00:00,2.5940488689386507,2.5940488689386507
2024-09-20 15:00:00,2.700918132303632,2.700918132303632
2024-09-20 16:00:00,3.8868123552394156,3.8868123552394156
2024-09-20 17:00:00,3.773650803841919,3.773650803841919
2024-09-20 18:00:00,3.2138055142677735,3.2138055142677735
2024-09-20 19:00:00,3.7023324590734576,3.7023324590734576
2024-09-20 20:00:00,4.24268906006969,4.24268906006969
2024-09-20 21:00:00,3.4557985894591896,3.4557985894591896
2024-09-20 22:00:00,0.0,0.0
2024-09-20 23:00:00,0.0,0.0
2024-09-21 00:00:00,0.0,0.0
2024-09-21 01:00:00,0.0,0.0
2024-09-21 02:00:00,0.0,0.0
2024-09-21 03:00:00,0.0,0.0
2024-09-21 04:00:00,0.0,0.0
2024-09-21 05:00:00,0.0,0.0
2024-09-21 06:00:00,0.0,0.0
2024-09-21 07:00:00,0.0,0.0
2024-09-21 08:00:00,0.0,0.0
2024-09-21 09:00:00,0.0,0.0
2024-09-21 10:00:00,0.0820743295324962,0.0820743295324962
2024-09-21 11:00:00,0.2706336307864729,0.2706336307864729
2024-09-21 12:00:00,0.4925828655075952,0.4925828655075952
2024-09-21 13:00:00,0.9676650489052593,0.9676650489052593
2024-09-21 14:00:00,1.6199510435177935,1.6199510435177935
2024-09-21 15:00:00,1.665554673981725,1.665554673981725
2024-09-21 16:00:00,2.3529858137477344,2.3529858137477344
2024-09-21 17:00:00,2.1470358085660304,2.1470358085660304
2024-09-21 18:00:00,1.995934770916926,1.995934770916926
2024-09-21 19:00:00,2.69762166125514,2.69762166125514
2024-09-21 20:00:00,2.653793762742357,2.653793762742357
2024-09-21 21:00:00,2.427357684381078,2.427357684381078
2024-09-21 22:00:00,0.0,0.0
2024-09-21 23:00:00,0.0,0.0
2024-09-22 00:00:00,0.0,0.0
2024-09-22 01:00:00,0.0,0.0
2024-09-22 02:00:00,0.0,0.0
2024-09-22 03:00:00,0.0,0.0
2024-09-22 04:00:00,0.0,0.0
2024-09-22 05:00:00,0.0,0.0
2024-09-22 06:00:00,0.0,0.0
2024-09-22 07:00:00,0.0,0.0
2024-09-22 08:00:00,0.0,0.0
2024-09-22 09:00:00,0.0,0.0
2024-09-22 10:00:00,0.08719562193267741,0.08719562193267741
2024-09-22 11:00:00,0.35086008734407576,0.35086008734407576
2024-09-22 12:00:00,0.597230409925715,0.597230409925715
2024-09-22 13:00:00,0.9518775063834306,0.9518775063834306
2024-09-22 14:00:00,1.377615703601874,1.377615703601874
2024-09-22 15:00:00,2.0338282196904616,2.0338282196904616
2024-09-22 16:00:00,2.4252050542083694,2.4252050542083694
2024-09-22 17:00:00,2.7099704291242315,2.7099704291242315
2024-09-22 18:00:00,2.1895785120115376,2.1895785120115376
2024-09-22 19:00:00,2.295240761405656,2.295240761405656
2024-09-22 20:00:00,2.6822024515187586,2.6822024515187586
2024-09-22 21:00:00,2.5486578568320377,2.5486578568320377
2024-09-22 22:00:00,0.0,0.0
2024-09-22 23:00:00,0.0,0.0
2024-09-23 00:00:00,0.0,0.0
2024-09-23 01:00:00,0.0,0.0
2024-09-23 02:00:00,0.0,0.0
2024-09-23 03:00:00,0.0,0.0
2024-09-23 04:00:00,0.0,0.0
2024-09-23 05:00:00,0.0,0.0
2024-09-23 06:00:00,0.0,0.0
2024-09-23 07:00:00,0.0,0.0
2024-09-23 08:00:00,0.0,0.0
2024-09-23 09:00:00,0.0,0.0
2024-09-23 10:00:00,0.1293879910117314,0.1293879910117314
2024-09-23 11:00:00,0.5307452457151103,0.5307452457151103
2024-09-23 12:00:00,1.0013999566737017,1.0013999566737017
2024-09-23 13:00:00,1.3180524260112774,1.3180524260112774
2024-09-23 14:00:00,2.3501955045816203,2.3501955045816203
2024-09-23 15:00:00,2.7330875605161924,2.7330875605161924
2024-09-23 16:00:00,3.590271155086229,3.590271155086229
2024-09-23 17:00:00,3.5607972987713175,3.5607972987713175
2024-09-23 18:00:00,3.203806910428477,3.203806910428477
2024-09-23 19:00:00,3.656782098956343,3.656782098956343
2024-09-23 20:00:00,3.8595816228764424,3.8595816228764424
2024-09-23 21:00:00,3.775058802154491,3.775058802154491
2024-09-23 22:00:00,0.0,0.0
2024-09-23 23:00:00,0.0,0.0
2024-09-24 00:00:00,0.0,0.0
2024-09-24 01:00:00,0.0,0.0
2024-09-24 02:00:00,0.0,0.0
2024-09-24 03:00:00,0.0,0.0
2024-09-24 04:00:00,0.0,0.0
2024-09-24 05:00:00,0.0,0.0
2024-09-24 06:00:00,0.0,0.0
2024-09-24 07:00:00,0.0,0.0
2024-09-24 08:00:00,0.0,0.0
2024-09-24 09:00:00,0.0,0.0
2024-09-24 10:00:00,0.13311385450160884,0.13311385450160884
2024-09-24 11:00:00,0.4860280500259569,0.4860280500259569
2024-09-24 12:00:00,0.7385066249542679,0.7385066249542679
2024-09-24 13:00:00,1.3378311518465615,1.3378311518465615
2024-09-24 14:00:00,1.9611041595238154,1.9611041595238154
2024-09-24 15:00:00,2.439640760300808,2.439640760300808
2024-09-24 16:00:00,3.3963010297653407,3.3963010297653407
2024-09-24 17:00:00,3.3332348669450433,3.3332348669450433
2024-09-24 18:00:00,3.2319488710241164,3.2319488710241164
2024-09-24 19:00:00,3.8202835505824826,3.8202835505824826
2024-09-24 20:00:00,3.6138339964178616,3.6138339964178616
2024-09-24 21:00:00,3.9361155876953253,3.9361155876953253
2024-09-24 22:00:00,0.0,0.0
2024-09-24 23:00:00,0.0,0.0
2024-09-25 00:00:00,0.0,0.0
2024-09-25 01:00:00,0.0,0.0
2024-09-25 02:00:00,0.0,0.0
2024-09-25 03:00:00,0.0,0.0
2024-09-25 04:00:00,0.0,0.0
2024-09-25 05:00:00,0.0,0.0
2024-09-25 06:00:00,0.0,0.0
2024-09-25 07:00:00,0.0,0.0
2024-09-25 08:00:00,0.0,0.0
2024-09-25 09:00:00,0.0,0.0
2024-09-25 10:00:00,0.10908224943272356,0.10908224943272356
2024-09-25 11:00:00,0.5407835536849629,0.5407835536849629
2024-09-25 12:00:00,0.975010348301585,0.975010348301585
2024-09-25 13:00:00,1.4694703843770058,1.4694703843770058
2024-09-25 14:00:00,2.5709199394830953,2.5709199394830953
2024-09-25 15:00:00,2.345448239203552,2.345448239203552
2024-09-25 16:00:00,3.4677708651964734,3.4677708651964734
2024-09-25 17:00:00,3.368766480838527,3.368766480838527
2024-09-25 18:00:00,3.2613309005475855,3.2613309005475855
2024-09-25 19:00:00,4.196570808961949,4.196570808961949
2024-09-25 20:00:00,3.7578263949446042,3.7578263949446042
2024-09-25 21:00:00,3.857927140312494,3.857927140312494
2024-09-25 22:00:00,0.0,0.0
2024-09-25 23:00:00,0.0,0.0
2024-09-26 00:00:00,0.0,0.0
2024-09-26 01:00:00,0.0,0.0
2024-09-26 02:00:00,0.0,0.0
2024-09-26 03:00:00,0.0,0.0
2024-09-26 04:00:00,0.0,0.0
2024-09-26 05:00:00,0.0,0.0
2024-09-26 06:00:00,0.0,0.0
2024-09-26 07:00:00,0.0,0.0
2024-09-26 08:00:00,0.0,0.0
2024-09-26 09:00:00,0.0,0.0
2024-09-26 10:00:00,0.13040636249777904,0.13040636249777904
2024-09-26 11:00:00,0.521222457283197,0.521222457283197
2024-09-26 12:00:00,0.863048940126629,0.863048940126629
2024-09-26 13:00:00,1.533045851391772,1.533045851391772
2024-09-26 14:00:00,2.490999285636766,2.490999285636766
2024-09-26 15:00:00,2.8263587339601615,2.8263587339601615
2024-09-26 16:00:00,3.011927811390097,3.011927811390097
2024-09-26 17:00:00,3.464161206650106,3.464161206650106
2024-09-26 18:00:00,3.4041319554983542,3.4041319554983542
2024-09-26 19:00:00,3.6939612305894793,3.6939612305894793
2024-09-26 20:00:00,3.926206244695835,3.926206244695835
2024-09-26 21:00:00,3.58338928645883,3.58338928645883
2024-09-26 22:00:00,0.0,0.0
2024-09-26 23:00:00,0.0,0.0
2024-09-27 00:00:00,0.0,0.0
2024-09-27 01:00:00,0.0,0.0
2024-09-27 02:00:00,0.0,0.0
2024-09-27 03:00:00,0.0,0.0
2024-09-27 04:00:00,0.0,0.0
2024-09-27 05:00:00,0.0,0.0
2024-09-27 06:00:00,0.0,0.0
2024-09-27 07:00:00,0.0,0.0
2024-09-27 08:00:00,0.0,0.0
2024-09-27 09:00:00,0.0,0.0
2024-09-27 10:00:00,0.11914996687425426,0.11914996687425426
2024-09-27 11:00:00,0.4291827223603494,0.4291827223603494
2024-09-27 12:00:00,0.9036184595520165,0.9036184595520165
2024-09-27 13:00:00,1.2841307264163158,1.2841307264163158
2024-09-27 14:00:00,2.023943803137303,2.023943803137303
2024-09-27 15:00:00,2.486344538159138,2.486344538159138
2024-09-27 16:00:00,3.2926550885616948,3.2926550885616948
2024-09-27 17:00:00,4.432066031677233,4.432066031677233
2024-09-27 18:00:00,3.0512299809375274,3.0512299809375274
2024-09-27 19:00:00,3.2587626192210224,3.2587626192210224
2024-09-27 20:00:00,4.06712450274055,4.06712450274055
2024-09-27 21:00:00,4.14328690915094,4.14328690915094
2024-09-27 22:00:00,0.0,0.0
2024-09-27 23:00:00,0.0,0.0
2024-09-28 00:00:00,0.0,0.0
2024-09-28 01:00:00,0.0,0.0
2024-09-28 02:00:00,0.0,0.0
2024-09-28 03:00:00,0.0,0.0
2024-09-28 04:00:00,0.0,0.0
2024-09-28 05:00:00,0.0,0.0
2024-09-28 06:00:00,0.0,0.0
2024-09-28 07:00:00,0.0,0.0
2024-09-28 08:00:00,0.0,0.0
2024-09-28 09:00:00,0.0,0.0
2024-09-28 10:00:00,0.08309544366031225,0.08309544366031225
2024-09-28 11:00:00,0.3680515714577725,0.3680515714577725
2024-09-28 12:00:00,0.5560099707636922,0.5560099707636922
2024-09-28 13:00:00,1.0699761130788266,1.0699761130788266
2024-09-28 14:00:00,1.6841461837199423,1.6841461837199423
2024-09-28 15:00:00,1.6731237346312386,1.6731237346312386
2024-09-28 16:00:00,2.3264737551942964,2.3264737551942964
2024-09-28 17:00:00,2.956814206700915,2.956814206700915
2024-09-28 18:00:00,2.6432802068581496,2.6432802068581496
2024-09-28 19:00:00,2.9970705985584964,2.9970705985584964
2024-09-28 20:00:00,3.023842162793374,3.023842162793374
2024-09-28 21:00:00,3.088959275329958,3.088959275329958
2024-09-28 22:00:00,0.0,0.0
2024-09-28 23:00:00,0.0,0.0
2024-09-29 00:00:00,0.0,0.0
2024-09-29 01:00:00,0.0,0.0
2024-09-29 02:00:00,0.0,0.0
2024-09-29 03:00:00,0.0,0.0
2024-09-29 04:00:00,0.0,0.0
2024-09-29 05:00:00,0.0,0.0
2024-09-29 06:00:00,0.0,0.0
2024-09-29 07:00:00,0.0,0.0
2024-09-29 08:00:00,0.0,0.0
2024-09-29 09:00:00,0.0,0.0
2024-09-29 10:00:00,0.08225188802008553,0.08225188802008553
2024-09-29 11:00:00,0.295297161584069,0.295297161584069
2024-09-29 12:00:00,0.46752475554970785,0.46752475554970785
2024-09-29 13:00:00,0.8129118750805933,0.8129118750805933
2024-09-29 14:00:00,1.4359316464689547,1.4359316464689547
2024-09-29 15:00:00,1.7585740663280096,1.7585740663280096
2024-09-29 16:00:00,2.1378587418365713,2.1378587418365713
2024-09-29 17:00:00,2.1094858730714,2.1094858730714
2024-09-29 18:00:00,2.2475322346558144,2.2475322346558144
2024-09-29 19:00:00,2.2849602302253467,2.2849602302253467
2024-09-29 20:00:00,2.1678287093691453,2.1678287093691453
2024-09-29 21:00:00,2.3344764921971146,2.3344764921971146
2024-09-29 22:00:00,0.0,0.0
2024-09-29 23:00:00,0.0,0.0
2024-09-30 00:00:00,0.0,0.0
2024-09-30 01:00:00,0.0,0.0
2024-09-30 02:00:00,0.0,0.0
2024-09-30 03:00:00,0.0,0.0
2024-09-30 04:00:00,0.0,0.0
2024-09-30 05:00:00,0.0,0.0
2024-09-30 06:00:00,0.0,0.0
2024-09-30 07:00:00,0.0,0.0
2024-09-30 08:00:00,0.0,0.0
2024-09-30 09:00:00,0.0,0.0
2024-09-30 10:00:00,0.12787000860567085,0.12787000860567085
2024-09-30 11:00:00,0.44429936199136805,0.44429936199136805
2024-09-30 12:00:00,0.9096986151165872,0.9096986151165872
2024-09-30 13:00:00,1.1995536814433034,1.1995536814433034
2024-09-30 14:00:00,2.1438633705027854,2.1438633705027854
2024-09-30 15:00:00,2.151972803767431,2.151972803767431
2024-09-30 16:00:00,3.492473167084618,3.492473167084618
2024-09-30 17:00:00,3.1034360717692357,3.1034360717692357
2024-09-30 18:00:00,3.2386077408260547,3.2386077408260547
2024-09-30 19:00:00,3.5321584765651455,3.5321584765651455
2024-09-30 20:00:00,3.1371749935173434,3.1371749935173434
2024-09-30 21:00:00,3.6314205484680655,3.6314205484680655
2024-09-30 22:00:00,0.0,0.0
2024-09-30 23:00:00,0.0,0.0
2024-10-01 00:00:00,0.0,0.0
2024-10-01 01:00:00,0.0,0.0
2024-10-01 02:00:00,0.0,0.0
2024-10-01 03:00:00,0.0,0.0
2024-10-01 04:00:00,0.0,0.0
2024-10-01 05:00:00,0.0,0.0
2024-10-01 06:00:00,0.0,0.0
2024-10-01 07:00:00,0.0,0.0
2024-10-01 08:00:00,0.0,0.0
2024-10-01 09:00:00,0.0,0.0
2024-10-01 10:00:00,0.11336605633785518,0.11336605633785518
2024-10-01 11:00:00,0.47616100152757285,0.47616100152757285
2024-10-01 12:00:00,0.7835901561398027,0.7835901561398027
2024-10-01 13:00:00,1.4065213646680688,1.4065213646680688
2024-10-01 14:00:00,1.9963529145653487,1.9963529145653487
2024-10-01 15:00:00,3.0453241590885876,3.0453241590885876
2024-10-01 16:00:00,3.0427318394123715,3.0427318394123715
2024-10-01 17:00:00,3.454121149744677,3.454121149744677
2024-10-01 18:00:00,3.1015338589955257,3.1015338589955257
2024-10-01 19:00:00,3.6294653624729274,3.6294653624729274
2024-10-01 20:00:00,3.4272717712580634,3.4272717712580634
2024-10-01 21:00:00,3.846245022047873,3.846245022047873
2024-10-01 22:00:00,0.0,0.0
2024-10-01 23:00:00,0.0,0.0
2024-10-02 00:00:00,0.0,0.0
2024-10-02 01:00:00,0.0,0.0
2024-10-02 02:00:00,0.0,0.0
2024-10-02 03:00:00,0.0,0.0
2024-10-02 04:00:00,0.0,0.0
2024-10-02 05:00:00,0.0,0.0
2024-10-02 06:00:00,0.0,0.0
2024-10-02 07:00:00,0.0,0.0
2024-10-02 08:00:00,0.0,0.0
2024-10-02 09:00:00,0.0,0.0
2024-10-02 10:00:00,0.12093283810744648,0.12093283810744648
2024-10-02 11:00:00,0.48036958612494346,0.48036958612494346
2024-10-02 12:00:00,0.9546774824517352,0.9546774824517352
2024-10-02 13:00:00,1.569842955816239,1.569842955816239
2024-10-02 14:00:00,1.910277311876764,1.910277311876764
2024-10-02 15:00:00,2.2952244817030625,2.2952244817030625
2024-10-02 16:00:00,3.607369699259918,3.607369699259918
2024-10-02 17:00:00,3.715944702625467,3.715944702625467
2024-10-02 18:00:00,3.573521842493881,3.573521842493881
2024-10-02 19:00:00,3.6088987499170364,3.6088987499170364
2024-10-02 20:00:00,4.251474702624544,4.251474702624544
2024-10-02 21:00:00,3.9522054366060284,3.9522054366060284
2024-10-02 22:00:00,0.0,0.0
2024-10-02 23:00:00,0.0,0.0
2024-10-03 00:00:00,0.0,0.0
2024-10-03 01:00:00,0.0,0.0
2024-10-03 02:00:00,0.0,0.0
2024-10-03 03:00:00,0.0,0.0
2024-10-03 04:00:00,0.0,0.0
2024-10-03 05:00:00,0.0,0.0
2024-10-03 06:00:00,0.0,0.0
2024-10-03 07:00:00,0.0,0.0
2024-10-03 08:00:00,0.0,0.0
2024-10-03 09:00:00,0.0,0.0
2024-10-03 10:00:00,0.1080824146216086,0.1080824146216086
2024-10-03 11:00:00,0.4036863658002218,0.4036863658002218
2024-10-03 12:00:00,0.8699398599944498,0.8699398599944498
2024-10-03 13:00:00,1.2985399769986958,1.2985399769986958
2024-10-03 14:00:00,2.089817622029476,2.089817622029476
2024-10-03 15:00:00,2.1431814359769925,2.1431814359769925
2024-10-03 16:00:00,2.9784986764016543,2.9784986764016543
2024-10-03 17:00:00,3.1193520501942484,3.1193520501942484
2024-10-03 18:00:00,3.0653550411265793,3.0653550411265793
2024-10-03 19:00:00,2.9200531813310344,2.9200531813310344
2024-10-03 20:00:00,3.761755484101342,3.761755484101342
2024-10-03 21:00:00,3.041837671737958,3.041837671737958
2024-10-03 22:00:00,0.0,0.0
2024-10-03 23:00:00,0.0,0.0
2024-10-04 00:00:00,0.0,0.0
2024-10-04 01:00:00,0.0,0.0
2024-10-04 02:00:00,0.0,0.0
2024-10-04 03:00:00,0.0,0.0
2024-10-04 04:00:00,0.0,0.0
2024-10-04 05:00:00,0.0,0.0
2024-10-04 06:00:00,0.0,0.0
2024-10-04 07:00:00,0.0,0.0
2024-10-04 08:00:00,0.0,0.0
2024-10-04 09:00:00,0.0,0.0
2024-10-04 10:00:00,0.130355444706519,0.130355444706519
2024-10-04 11:00:00,0.45469412413556487,0.45469412413556487
2024-10-04 12:00:00,0.7085465580199898,0.7085465580199898
2024-10-04 13:00:00,1.1256622684925706,1.1256622684925706
2024-10-04 14:00:00,2.0969630286587653,2.0969630286587653
2024-10-04 15:00:00,2.4848536451262917,2.4848536451262917
2024-10-04 16:00:00,3.494042997687004,3.494042997687004
2024-10-04 17:00:00,3.771958519184067,3.771958519184067
2024-10-04 18:00:00,3.069257909216343,3.069257909216343
2024-10-04 19:00:00,3.723254221270574,3.723254221270574
2024-10-04 20:00:00,3.724780401822739,3.724780401822739
2024-10-04 21:00:00,3.4450700461972192,3.4450700461972192
2024-10-04 22:00:00,0.0,0.0
2024-10-04 23:00:00,0.0,0.0
2024-10-05 00:00:00,0.0,0.0
2024-10-05 01:00:00,0.0,0.0
2024-10-05 02:00:00,0.0,0.0
2024-10-05 03:00:00,0.0,0.0
2024-10-05 04:00:00,0.0,0.0
2024-10-05 05:00:00,0.0,0.0
2024-10-05 06:00:00,0.0,0.0
2024-10-05 07:00:00,0.0,0.0
2024-10-05 08:00:00,0.0,0.0
2024-10-05 09:00:00,0.0,0.0
2024-10-05 10:00:00,0.07810911793388547,0.07810911793388547
2024-10-05 11:00:00,0.2883427683942919,0.2883427683942919
2024-10-05 12:00:00,0.6482666073462621,0.6482666073462621
2024-10-05 13:00:00,0.8775263952154259,0.8775263952154259
2024-10-05 14:00:00,1.3067684807423456,1.3067684807423456
2024-10-05 15:00:00,1.8147336264369358,1.8147336264369358
2024-10-05 16:00:00,2.1209588828036834,2.1209588828036834
2024-10-05 17:00:00,2.6949762055423796,2.6949762055423796
2024-10-05 18:00:00,1.9080264748393387,1.9080264748393387
2024-10-05 19:00:00,2.350701807256868,2.350701807256868
2024-10-05 20:00:00,2.0945225890854817,2.0945225890854817
2024-10-05 21:00:00,2.168805918971036,2.168805918971036
2024-10-05 22:00:00,0.0,0.0
2024-10-05 23:00:00,0.0,0.0
2024-10-06 00:00:00,0.0,0.0
2024-10-06 01:00:00,0.0,0.0
2024-10-06 02:00:00,0.0,0.0
2024-10-06 03:00:00,0.0,0.0
2024-10-06 04:00:00,0.0,0.0
2024-10-06 05:00:00,0.0,0.0
2024-10-06 06:00:00,0.0,0.0
2024-10-06 07:00:00,0.0,0.0
2024-10-06 08:00:00,0.0,0.0
2024-10-06 09:00:00,0.0,0.0
2024-10-06 10:00:00,0.0951645835043515,0.0951645835043515
2024-10-06 11:00:00,0.3277620631457773,0.3277620631457773
2024-10-06 12:00:00,0.5660756001484571,0.5660756001484571
2024-10-06 13:00:00,0.819326021845001,0.819326021845001
2024-10-06 14:00:00,1.4643707510046091,1.4643707510046091
2024-10-06 15:00:00,1.6776974414990515,1.6776974414990515
2024-10-06 16:00:00,2.2356810104338174,2.2356810104338174
2024-10-06 17:00:00,2.581088031579053,2.581088031579053
2024-10-06 18:00:00,2.418741232731683,2.418741232731683
2024-10-06 19:00:00,2.864744832055907,2.864744832055907
2024-10-06 20:00:00,2.605982775019149,2.605982775019149
2024-10-06 21:00:00,2.928026518874082,2.928026518874082
2024-10-06 22:00:00,0.0,0.0
2024-10-06 23:00:00,0.0,0.0
2024-10-07 00:00:00,0.0,0.0
2024-10-07 01:00:00,0.0,0.0
2024-10-07 02:00:00,0.0,0.0
2024-10-07 03:00:00,0.0,0.0
2024-10-07 04:00:00,0.0,0.0
2024-10-07 05:00:00,0.0,0.0
2024-10-07 06:00:00,0.0,0.0
2024-10-07 07:00:00,0.0,0.0
2024-10-07 08:00:00,0.0,0.0
2024-10-07 09:00:00,0.0,0.0
2024-10-07 10:00:00,0.09951275684966386,0.09951275684966386
2024-10-07 11:00:00,0.3851026510750836,0.3851026510750836
2024-10-07 12:00:00,0.8124480506948469,0.8124480506948469
2024-10-07 13:00:00,1.259945709349084,1.259945709349084
2024-10-07 14:00:00,2.057806032962035,2.057806032962035
2024-10-07 15:00:00,2.072796631112766,2.072796631112766
2024-10-07 16:00:00,2.8417681170393085,2.8417681170393085
2024-10-07 17:00:00,3.187899678192578,3.187899678192578
2024-10-07 18:00:00,3.432311926720787,3.432311926720787
2024-10-07 19:00:00,3.5598573500631963,3.5598573500631963
2024-10-07 20:00:00,3.760894168549459,3.760894168549459
2024-10-07 21:00:00,3.4952647250129485,3.4952647250129485
2024-10-07 22:00:00,0.0,0.0
2024-10-07 23:00:00,0.0,0.0
2024-10-08 00:00:00,0.0,0.0
2024-10-08 01:00:00,0.0,0.0
2024-10-08 02:00:00,0.0,0.0
2024-10-08 03:00:00,0.0,0.0
2024-10-08 04:00:00,0.0,0.0
2024-10-08 05:00:00,0.0,0.0
2024-10-08 06:00:00,0.0,0.0
2024-10-08 07:00:00,0.0,0.0
2024-10-08 08:00:00,0.0,0.0
2024-10-08 09:00:00,0.0,0.0
2024-10-08 10:00:00,0.10824036815819545,0.10824036815819545
2024-10-08 11:00:00,0.4124464005466659,0.4124464005466659
2024-10-08 12:00:00,0.7869428339273337,0.7869428339273337
2024-10-08 13:00:00,1.2316463559298805,1.2316463559298805
2024-10-08 14:00:00,2.1498098277189808,2.1498098277189808
2024-10-08 15:00:00,2.272085773288651,2.272085773288651
2024-10-08 16:00:00,3.4406229788524603,3.4406229788524603
2024-10-08 17:00:00,3.379745487034387,3.379745487034387
2024-10-08 18:00:00,2.8340111854743975,2.8340111854743975
2024-10-08 19:00:00,3.6389429363339345,3.6389429363339345
2024-10-08 20:00:00,3.1917835421828498,3.1917835421828498
2024-10-08 21:00:00,3.405233944555897,3.405233944555897
2024-10-08 22:00:00,0.0,0.0
2024-10-08 23:00:00,0.0,0.0
2024-10-09 00:00:00,0.0,0.0
2024-10-09 01:00:00,0.0,0.0
2024-10-09 02:00:00,0.0,0.0
2024-10-09 03:00:00,0.0,0.0
2024-10-09 04:00:00,0.0,0.0
2024-10-09 05:00:00,0.0,0.0
2024-10-09 06:00:00,0.0,0.0
2024-10-09 07:00:00,0.0,0.0
2024-10-09 08:00:00,0.0,0.0
2024-10-09 09:00:00,0.0,0.0
2024-10-09 10:00:00,0.11144578821337979,0.11144578821337979
2024-10-09 11:00:00,0.5318006577566385,0.5318006577566385
2024-10-09 12:00:00,0.864491102531833,0.864491102531833
2024-10-09 13:00:00,1.5451957647989332,1.5451957647989332
2024-10-09 14:00:00,2.234338262057671,2.234338262057671
2024-10-09 15:00:00,2.4241192274023913,2.4241192274023913
2024-10-09 16:00:00,3.6990725024482005,3.6990725024482005
2024-10-09 17:00:00,3.7047803808853907,3.7047803808853907
2024-10-09 18:00:00,2.8474272258466726,2.8474272258466726
2024-10-09 19:00:00,3.5356098658849415,3.5356098658849415
2024-10-09 20:00:00,4.175008339826935,4.175008339826935
2024-10-09 21:00:00,3.2474584931410138,3.2474584931410138
2024-10-09 22:00:00,0.0,0.0
2024-10-09 23:00:00,0.0,0.0
2024-10-10 00:00:00,0.0,0.0
2024-10-10 01:00:00,0.0,0.0
2024-10-10 02:00:00,0.0,0.0
2024-10-10 03:00:00,0.0,0.0
2024-10-10 04:00:00,0.0,0.0
2024-10-10 05:00:00,0.0,0.0
2024-10-10 06:00:00,0.0,0.0
2024-10-10 07:00:00,0.0,0.0
2024-10-10 08:00:00,0.0,0.0
2024-10-10 09:00:00,0.0,0.0
2024-10-10 10:00:00,0.13363092316774236,0.13363092316774236
2024-10-10 11:00:00,0.47009033646295595,0.47009033646295595
2024-10-10 12:00:00,0.8962677903779706,0.8962677903779706
2024-10-10 13:00:00,1.4474354486880998,1.4474354486880998
2024-10-10 14:00:00,2.457502720110653,2.457502720110653
2024-10-10 15:00:00,2.5126369780619373,2.5126369780619373
2024-10-10 16:00:00,3.679702340527782,3.679702340527782
2024-10-10 17:00:00,4.090380255231105,4.090380255231105
2024-10-10 18:00:00,3.017341409286266,3.017341409286266
2024-10-10 19:00:00,3.6762109967848247,3.6762109967848247
2024-10-10 20:00:00,4.082107539028264,4.082107539028264
2024-10-10 21:00:00,4.353484647998486,4.353484647998486
2024-10-10 22:00:00,0.0,0.0
2024-10-10 23:00:00,0.0,0.0
2024-10-11 00:00:00,0.0,0.0
2024-10-11 01:00:00,0.0,0.0
2024-10-11 02:00:00,0.0,0.0
2024-10-11 03:00:00,0.0,0.0
2024-10-11 04:00:00,0.0,0.0
2024-10-11 05:00:00,0.0,0.0
2024-10-11 06:00:00,0.0,0.0
2024-10-11 07:00:00,0.0,0.0
2024-10-11 08:00:00,0.0,0.0
2024-10-11 09:00:00,0.0,0.0
2024-10-11 10:00:00,0.11034238335161362,0.11034238335161362
2024-10-11 11:00:00,0.529314010544683,0.529314010544683
2024-10-11 12:00:00,0.875860011731042,0.875860011731042
2024-10-11 13:00:00,1.5274290093432983,1.5274290093432983
2024-10-11 14:00:00,2.1879925589940235,2.1879925589940235
2024-10-11 15:00:00,2.4421818024865516,2.4421818024865516
2024-10-11 16:00:00,3.0681343371839223,3.0681343371839223
2024-10-11 17:00:00,3.36748777999139,3.36748777999139
2024-10-11 18:00:00,3.498698872354216,3.498698872354216
2024-10-11 19:00:00,3.429199641821925,3.429199641821925
2024-10-11 20:00:00,4.43258337472064,4.43258337472064
2024-10-11 21:00:00,3.8601092272218613,3.8601092272218613
2024-10-11 22:00:00,0.0,0.0
2024-10-11 23:00:00,0.0,0.0
2024-10-12 00:00:00,0.0,0.0
2024-10-12 01:00:00,0.0,0.0
2024-10-12 02:00:00,0.0,0.0
2024-10-12 03:00:00,0.0,0.0
2024-10-12 04:00:00,0.0,0.0
2024-10-12 05:00:00,0.0,0.0
2024-10-12 06:00:00,0.0,0.0
2024-10-12 07:00:00,0.0,0.0
2024-10-12 08:00:00,0.0,0.0
2024-10-12 09:00:00,0.0,0.0
2024-10-12 10:00:00,0.07245445554179673,0.07245445554179673
2024-10-12 11:00:00,0.2930310447734235,0.2930310447734235
2024-10-12 12:00:00,0.5021692578000209,0.5021692578000209
2024-10-12 13:00:00,0.9075784156393036,0.9075784156393036
2024-10-12 14:00:00,1.5595674573705975,1.5595674573705975
2024-10-12 15:00:00,1.5422059357307132,1.5422059357307132
2024-10-12 16:00:00,2.42479561457539,2.42479561457539
2024-10-12 17:00:00,2.159105633739069,2.159105633739069
2024-10-12 18:00:00,2.486581694545898,2.486581694545898
2024-10-12 19:00:00,2.723959621460276,2.723959621460276
2024-10-12 20:00:00,2.4450549671376414,2.4450549671376414
2024-10-12 21:00:00,2.6017444081635808,2.6017444081635808
2024-10-12 22:00:00,0.0,0.0
2024-10-12 23:00:00,0.0,0.0
2024-10-13 00:00:00,0.0,0.0
2024-10-13 01:00:00,0.0,0.0
2024-10-13 02:00:00,0.0,0.0
2024-10-13 03:00:00,0.0,0.0
2024-10-13 04:00:00,0.0,0.0
2024-10-13 05:00:00,0.0,0.0
2024-10-13 06:00:00,0.0,0.0
2024-10-13 07:00:00,0.0,0.0
2024-10-13 08:00:00,0.0,0.0
2024-10-13 09:00:00,0.0,0.0
2024-10-13 10:00:00,0.0768571755413992,0.0768571755413992
2024-10-13 11:00:00,0.3225858411632602,0.3225858411632602
2024-10-13 12:00:00,0.564730966713744,0.564730966713744
2024-10-13 13:00:00,0.9558583600661503,0.9558583600661503
2024-10-13 14:00:00,1.5955646636373646,1.5955646636373646
2024-10-13 15:00:00,1.6854929103356044,1.6854929103356044
2024-10-13 16:00:00,2.2256771909332587,2.2256771909332587
2024-10-13 17:00:00,2.3712168520750296,2.3712168520750296
2024-10-13 18:00:00,1.9771147119313843,1.9771147119313843
2024-10-13 19:00:00,2.27868340586712,2.27868340586712
2024-10-13 20:00:00,2.2812180279967045,2.2812180279967045
2024-10-13 21:00:00,2.5412983639371927,2.5412983639371927
2024-10-13 22:00:00,0.0,0.0
2024-10-13 23:00:00,0.0,0.0
2024-10-14 00:00:00,0.0,0.0
2024-10-14 01:00:00,0.0,0.0
2024-10-14 02:00:00,0.0,0.0
2024-10-14 03:00:00,0.0,0.0
2024-10-14 04:00:00,0.0,0.0
2024-10-14 05:00:00,0.0,0.0
2024-10-14 06:00:00,0.0,0.0
2024-10-14 07:00:00,0.0,0.0
2024-10-14 08:00:00,0.0,0.0
2024-10-14 09:00:00,0.0,0.0
2024-10-14 10:00:00,0.13575669906592405,0.13575669906592405
2024-10-14 11:00:00,0.5011693548914001,0.5011693548914001
2024-10-14 12:00:00,0.7754714735844797,0.7754714735844797
2024-10-14 13:00:00,1.2395779129616362,1.2395779129616362
2024-10-14 14:00:00,2.3614399710862966,2.3614399710862966
2024-10-14 15:00:00,2.6399993840441187,2.6399993840441187
2024-10-14 16:00:00,3.4304873306467534,3.4304873306467534
2024-10-14 17:00:00,3.3558528663641947,3.3558528663641947
2024-10-14 18:00:00,3.0281154561240435,3.0281154561240435
2024-10-14 19:00:00,3.5841431396123027,3.5841431396123027
2024-10-14 20:00:00,3.4111718542377947,3.4111718542377947
2024-10-14 21:00:00,3.553694596887302,3.553694596887302
2024-10-14 22:00:00,0.0,0.0
2024-10-14 23:00:00,0.0,0.0
2024-10-15 00:00:00,0.0,0.0
2024-10-15 01:00:00,0.0,0.0
2024-10-15 02:00:00,0.0,0.0
2024-10-15 03:00:00,0.0,0.0
2024-10-15 04:00:00,0.0,0.0
2024-10-15 05:00:00,0.0,0.0
2024-10-15 06:00:00,0.0,0.0
2024-10-15 07:00:00,0.0,0.0
2024-10-15 08:00:00,0.0,0.0
2024-10-15 09:00:00,0.0,0.0
2024-10-15 10:00:00,0.1391825441447293,0.1391825441447293
2024-10-15 11:00:00,0.4357139752031228,0.4357139752031228
2024-10-15 12:00:00,0.9727058274344647,0.9727058274344647
2024-10-15 13:00:00,1.5252851916189791,1.5252851916189791
2024-10-15 14:00:00,2.4768863689515204,2.4768863689515204
2024-10-15 15:00:00,2.3384177640163912,2.3384177640163912
2024-10-15 16:00:00,3.5852438246629514,3.5852438246629514
2024-10-15 17:00:00,3.484386259003804,3.484386259003804
2024-10-15 18:00:00,3.74335046235642,3.74335046235642
2024-10-15 19:00:00,3.3765408676393975,3.3765408676393975
2024-10-15 20:00:00,3.437854494598561,3.437854494598561
2024-10-15 21:00:00,3.5909775260190693,3.5909775260190693
2024-10-15 22:00:00,0.0,0.0
2024-10-15 23:00:00,0.0,0.0
2024-10-16 00:00:00,0.0,0.0
2024-10-16 01:00:00,0.0,0.0
2024-10-16 02:00:00,0.0,0.0
2024-10-16 03:00:00,0.0,0.0
2024-10-16 04:00:00,0.0,0.0
2024-10-16 05:00:00,0.0,0.0
2024-10-16 06:00:00,0.0,0.0
2024-10-16 07:00:00,0.0,0.0
2024-10-16 08:00:00,0.0,0.0
2024-10-16 09:00:00,0.0,0.0
2024-10-16 10:00:00,0.13438439146995335,0.13438439146995335
2024-10-16 11:00:00,0.406517009433327,0.406517009433327
2024-10-16 12:00:00,0.8079356730207805,0.8079356730207805
2024-10-16 13:00:00,1.468485553920656,1.468485553920656
2024-10-16 14:00:00,1.9331192129950012,1.9331192129950012
2024-10-16 15:00:00,2.917397774864372,2.917397774864372
2024-10-16 16:00:00,3.3337516031913585,3.3337516031913585
2024-10-16 17:00:00,3.676896960753108,3.676896960753108
2024-10-16 18:00:00,3.436738156138307,3.436738156138307
2024-10-16 19:00:00,4.120312513248122,4.120312513248122
2024-10-16 20:00:00,3.434013424530254,3.434013424530254
2024-10-16 21:00:00,3.756017836066384,3.756017836066384
2024-10-16 22:00:00,0.0,0.0
2024-10-16 23:00:00,0.0,0.0
2024-10-17 00:00:00,0.0,0.0
2024-10-17 01:00:00,0.0,0.0
2024-10-17 02:00:00,0.0,0.0
2024-10-17 03:00:00,0.0,0.0
2024-10-17 04:00:00,0.0,0.0
2024-10-17 05:00:00,0.0,0.0
2024-10-17 06:00:00,0.0,0.0
2024-10-17 07:00:00,0.0,0.0
2024-10-17 08:00:00,0.0,0.0
2024-10-17 09:00:00,0.0,0.0
2024-10-17 10:00:00,0.13539585507485805,0.13539585507485805
2024-10-17 11:00:00,0.5726805804810571,0.5726805804810571
2024-10-17 12:00:00,0.954739373257784,0.954739373257784
2024-10-17 13:00:00,1.4122149103465877,1.4122149103465877
2024-10-17 14:00:00,2.5066822234799973,2.5066822234799973
2024-10-17 15:00:00,3.003625664188902,3.003625664188902
2024-10-17 16:00:00,3.9827847348627206,3.9827847348627206
2024-10-17 17:00:00,4.181315905681015,4.181315905681015
2024-10-17 18:00:00,3.415841496400604,3.415841496400604
2024-10-17 19:00:00,4.086384151727205,4.086384151727205
2024-10-17 20:00:00,3.793411909625092,3.793411909625092
2024-10-17 21:00:00,4.096971478479298,4.096971478479298
2024-10-17 22:00:00,0.0,0.0
2024-10-17 23:00:00,0.0,0.0
2024-10-18 00:00:00,0.0,0.0
2024-10-18 01:00:00,0.0,0.0
2024-10-18 02:00:00,0.0,0.0
2024-10-18 03:00:00,0.0,0.0
2024-10-18 04:00:00,0.0,0.0
2024-10-18 05:00:00,0.0,0.0
2024-10-18 06:00:00,0.0,0.0
2024-10-18 07:00:00,0.0,0.0
2024-10-18 08:00:00,0.0,0.0
2024-10-18 09:00:00,0.0,0.0
2024-10-18 10:00:00,0.11815076546290083,0.11815076546290083
2024-10-18 11:00:00,0.5478644324351628,0.5478644324351628
2024-10-18 12:00:00,0.861994018299432,0.861994018299432
2024-10-18 13:00:00,1.4735908428253224,1.4735908428253224
2024-10-18 14:00:00,2.123003917074504,2.123003917074504
2024-10-18 15:00:00,2.6912723196312416,2.6912723196312416
2024-10-18 16:00:00,2.983877441875799,2.983877441875799
2024-10-18 17:00:00,3.459564933595607,3.459564933595607
2024-10-18 18:00:00,3.3910346001539815,3.3910346001539815
2024-10-18 19:00:00,3.9911586569035826,3.9911586569035826
2024-10-18 20:00:00,4.309145513060311,4.309145513060311
2024-10-18 21:00:00,4.2835199480178305,4.2835199480178305
2024-10-18 22:00:00,0.0,0.0
2024-10-18 23:00:00,0.0,0.0
2024-10-19 00:00:00,0.0,0.0
2024-10-19 01:00:00,0.0,0.0
2024-10-19 02:00:00,0.0,0.0
2024-10-19 03:00:00,0.0,0.0
2024-10-19 04:00:00,0.0,0.0
2024-10-19 05:00:00,0.0,0.0
2024-10-19 06:00:00,0.0,0.0
2024-10-19 07:00:00,0.0,0.0
2024-10-19 08:00:00,0.0,0.0
2024-10-19 09:00:00,0.0,0.0
2024-10-19 10:00:00,0.09072359014207858,0.09072359014207858
2024-10-19 11:00:00,0.2759147911217814,0.2759147911217814
2024-10-19 12:00:00,0.6179013062749055,0.6179013062749055
2024-10-19 13:00:00,0.8273885096848956,0.8273885096848956
2024-10-19 14:00:00,1.7133696607847846,1.7133696607847846
2024-10-19 15:00:00,1.753201850098561,1.753201850098561
2024-10-19 16:00:00,2.299497937761804,2.299497937761804
2024-10-19 17:00:00,2.649349460214182,2.649349460214182
2024-10-19 18:00:00,2.573523925921964,2.573523925921964
2024-10-19 19:00:00,2.253301919846359,2.253301919846359
2024-10-19 20:00:00,2.5123139397607948,2.5123139397607948
2024-10-19 21:00:00,2.522330701941722,2.522330701941722
2024-10-19 22:00:00,0.0,0.0
2024-10-19 23:00:00,0.0,0.0
2024-10-20 00:00:00,0.0,0.0
2024-10-20 01:00:00,0.0,0.0
2024-10-20 02:00:00,0.0,0.0
2024-10-20 03:00:00,0.0,0.0
2024-10-20 04:00:00,0.0,0.0
2024-10-20 05:00:00,0.0,0.0
2024-10-20 06:00:00,0.0,0.0
2024-10-20 07:00:00,0.0,0.0
2024-10-20 08:00:00,0.0,0.0
2024-10-20 09:00:00,0.0,0.0
2024-10-20 10:00:00,0.0808443661348026,0.0808443661348026
2024-10-20 11:00:00,0.3457492621207026,0.3457492621207026
2024-10-20 12:00:00,0.5732436902495356,0.5732436902495356
2024-10-20 13:00:00,1.0665306475247007,1.0665306475247007
2024-10-20 14:00:00,1.5673882326853765,1.5673882326853765
2024-10-20 15:00:00,1.534970260912169,1.534970260912169
2024-10-20 16:00:00,2.318599660608994,2.318599660608994
2024-10-20 17:00:00,2.304241374984021,2.304241374984021
2024-10-20 18:00:00,2.2865332998723122,2.2865332998723122
2024-10-20 19:00:00,2.384642928983216,2.384642928983216
2024-10-20 20:00:00,2.9242908015881075,2.9242908015881075
2024-10-20 21:00:00,2.937001727286909,2.937001727286909
2024-10-20 22:00:00,0.0,0.0
2024-10-20 23:00:00,0.0,0.0
2024-10-21 00:00:00,0.0,0.0
2024-10-21 01:00:00,0.0,0.0
2024-10-21 02:00:00,0.0,0.0
2024-10-21 03:00:00,0.0,0.0
2024-10-21 04:00:00,0.0,0.0
2024-10-21 05:00:00,0.0,0.0
2024-10-21 06:00:00,0.0,0.0
2024-10-21 07:00:00,0.0,0.0
2024-10-21 08:00:00,0.0,0.0
2024-10-21 09:00:00,0.0,0.0
2024-10-21 10:00:00,0.11863718626573914,0.11863718626573914
2024-10-21 11:00:00,0.40338737375791917,0.40338737375791917
2024-10-21 12:00:00,0.8192880028346738,0.8192880028346738
2024-10-21 13:00:00,1.1943588080295073,1.1943588080295073
2024-10-21 14:00:00,1.8271247563578799,1.8271247563578799
2024-10-21 15:00:00,2.077089720827854,2.077089720827854
2024-10-21 16:00:00,3.425428345413139,3.425428345413139
2024-10-21 17:00:00,3.6341286414678855,3.6341286414678855
2024-10-21 18:00:00,2.6919997344823114,2.6919997344823114
2024-10-21 19:00:00,2.9502249949059784,2.9502249949059784
2024-10-21 20:00:00,3.020780091678557,3.020780091678557
2024-10-21 21:00:00,3.458645263571524,3.458645263571524
2024-10-21 22:00:00,0.0,0.0
2024-10-21 23:00:00,0.0,0.0
2024-10-22 00:00:00,0.0,0.0
2024-10-22 01:00:00,0.0,0.0
2024-10-22 02:00:00,0.0,0.0
2024-10-22 03:00:00,0.0,0.0
2024-10-22 04:00:00,0.0,0.0
2024-10-22 05:00:00,0.0,0.0
2024-10-22 06:00:00,0.0,0.0
2024-10-22 07:00:00,0.0,0.0
2024-10-22 08:00:00,0.0,0.0
2024-10-22 09:00:00,0.0,0.0
2024-10-22 10:00:00,0.13767033178675875,0.13767033178675875
2024-10-22 11:00:00,0.4560194787366181,0.4560194787366181
2024-10-22 12:00:00,0.8209392457828817,0.8209392457828817
2024-10-22 13:00:00,1.1947263343875731,1.1947263343875731
2024-10-22 14:00:00,2.045363015765723,2.045363015765723
2024-10-22 15:00:00,2.764969062716155,2.764969062716155
2024-10-22 16:00:00,3.2016383367724623,3.2016383367724623
2024-10-22 17:00:00,4.347010546790513,4.347010546790513
2024-10-22 18:00:00,3.857367098966474,3.857367098966474
2024-10-22 19:00:00,3.958124576044323,3.958124576044323
2024-10-22 20:00:00,3.7377905543683294,3.7377905543683294
2024-10-22 21:00:00,3.7545154272422776,3.7545154272422776
2024-10-22 22:00:00,0.0,0.0
2024-10-22 23:00:00,0.0,0.0
2024-10-23 00:00:00,0.0,0.0
2024-10-23 01:00:00,0.0,0.0
2024-10-23 02:00:00,0.0,0.0
2024-10-23 03:00:00,0.0,0.0
2024-10-23 04:00:00,0.0,0.0
2024-10-23 05:00:00,0.0,0.0
2024-10-23 06:00:00,0.0,0.0
2024-10-23 07:00:00,0.0,0.0
2024-10-23 08:00:00,0.0,0.0
2024-10-23 09:00:00,0.0,0.0
2024-10-23 10:00:00,0.11714941117170882,0.11714941117170882
2024-10-23 11:00:00,0.42171262810881593,0.42171262810881593
2024-10-23 12:00:00,0.7307996579519938,0.7307996579519938
2024-10-23 13:00:00,1.4202999420198512,1.4202999420198512
2024-10-23 14:00:00,1.7941024287178038,1.7941024287178038
2024-10-23 15:00:00,2.4033104955818714,2.4033104955818714
2024-10-23 16:00:00,2.7869748726945494,2.7869748726945494
2024-10-23 17:00:00,3.297600632832085,3.297600632832085
2024-10-23 18:00:00,2.767836896509323,2.767836896509323
2024-10-23 19:00:00,3.6198089803322593,3.6198089803322593
2024-10-23 20:00:00,3.828856123986155,3.828856123986155
2024-10-23 21:00:00,3.38967503493689,3.38967503493689
2024-10-23 22:00:00,0.0,0.0
2024-10-23 23:00:00,0.0,0.0
2024-10-24 00:00:00,0.0,0.0
2024-10-24 01:00:00,0.0,0.0
2024-10-24 02:00:00,0.0,0.0
2024-10-24 03:00:00,0.0,0.0
2024-10-24 04:00:00,0.0,0.0
2024-10-24 05:00:00,0.0,0.0
2024-10-24 06:00:00,0.0,0.0
2024-10-24 07:00:00,0.0,0.0
2024-10-24 08:00:00,0.0,0.0
2024-10-24 09:00:00,0.0,0.0
2024-10-24 10:00:00,0.11725568605603727,0.11725568605603727
2024-10-24 11:00:00,0.45602629859774657,0.45602629859774657
2024-10-24 12:00:00,0.997821079848225,0.997821079848225
2024-10-24 13:00:00,1.4430393202358973,1.4430393202358973
2024-10-24 14:00:00,2.287403724670047,2.287403724670047
2024-10-24 15:00:00,2.584559865240052,2.584559865240052
2024-10-24 16:00:00,2.9716049967224025,2.9716049967224025
2024-10-24 17:00:00,3.2713293575339555,3.2713293575339555
2024-10-24 18:00:00,3.4835598084143893,3.4835598084143893
2024-10-24 19:00:00,3.579086009034457,3.579086009034457
2024-10-24 20:00:00,3.8046497737670846,3.8046497737670846
2024-10-24 21:00:00,4.356727706978952,4.356727706978952
2024-10-24 22:00:00,0.0,0.0
2024-10-24 23:00:00,0.0,0.0
2024-10-25 00:00:00,0.0,0.0
2024-10-25 01:00:00,0.0,0.0
2024-10-25 02:00:00,0.0,0.0
2024-10-25 03:00:00,0.0,0.0
2024-10-25 04:00:00,0.0,0.0
2024-10-25 05:00:00,0.0,0.0
2024-10-25 06:00:00,0.0,0.0
2024-10-25 07:00:00,0.0,0.0
2024-10-25 08:00:00,0.0,0.0
2024-10-25 09:00:00,0.0,0.0
2024-10-25 10:00:00,0.132054058161578,0.132054058161578
2024-10-25 11:00:00,0.45188593505765595,0.45188593505765595
2024-10-25 12:00:00,0.9938087492266403,0.9938087492266403
2024-10-25 13:00:00,1.5218067420437944,1.5218067420437944
2024-10-25 14:00:00,2.1429061690255318,2.1429061690255318
2024-10-25 15:00:00,2.438544754119071,2.438544754119071
2024-10-25 16:00:00,4.055495068116686,4.055495068116686
2024-10-25 17:00:00,4.090089824468261,4.090089824468261
2024-10-25 18:00:00,3.68576481183738,3.68576481183738
2024-10-25 19:00:00,3.708692394156417,3.708692394156417
2024-10-25 20:00:00,3.6583785314767407,3.6583785314767407
2024-10-25 21:00:00,3.860867717357014,3.860867717357014
2024-10-25 22:00:00,0.0,0.0
2024-10-25 23:00:00,0.0,0.0
2024-10-26 00:00:00,0.0,0.0
2024-10-26 01:00:00,0.0,0.0
2024-10-26 02:00:00,0.0,0.0
2024-10-26 03:00:00,0.0,0.0
2024-10-26 04:00:00,0.0,0.0
2024-10-26 05:00:00,0.0,0.0
2024-10-26 06:00:00,0.0,0.0
2024-10-26 07:00:00,0.0,0.0
2024-10-26 08:00:00,0.0,0.0
2024-10-26 09:00:00,0.0,0.0
2024-10-26 10:00:00,0.07653313778894204,0.07653313778894204
2024-10-26 11:00:00,0.30620375392279947,0.30620375392279947
2024-10-26 12:00:00,0.6355547746339981,0.6355547746339981
2024-10-26 13:00:00,0.8673083288885203,0.8673083288885203
2024-10-26 14:00:00,1.6241374406995612,1.6241374406995612
2024-10-26 15:00:00,2.02672862715118,2.02672862715118
2024-10-26 16:00:00,2.0519930743146864,2.0519930743146864
2024-10-26 17:00:00,2.5376274453290653,2.5376274453290653
2024-10-26 18:00:00,2.3062152435550995,2.3062152435550995
2024-10-26 19:00:00,2.41878993030535,2.41878993030535
2024-10-26 20:00:00,2.79830697910244,2.79830697910244
2024-10-26 21:00:00,2.806292286194888,2.806292286194888
2024-10-26 22:00:00,0.0,0.0
2024-10-26 23:00:00,0.0,0.0
2024-10-27 00:00:00,0.0,0.0
2024-10-27 01:00:00,0.0,0.0
2024-10-27 02:00:00,0.0,0.0
2024-10-27 03:00:00,0.0,0.0
2024-10-27 04:00:00,0.0,0.0
2024-10-27 05:00:00,0.0,0.0
2024-10-27 06:00:00,0.0,0.0
2024-10-27 07:00:00,0.0,0.0
2024-10-27 08:00:00,0.0,0.0
2024-10-27 09:00:00,0.0,0.0
2024-10-27 10:00:00,0.09106048530121527,0.09106048530121527
2024-10-27 11:00:00,0.3441415619703555,0.3441415619703555
2024-10-27 12:00:00,0.6270538995986668,0.6270538995986668
2024-10-27 13:00:00,0.9736235405409059,0.9736235405409059
2024-10-27 14:00:00,1.4552436962905262,1.4552436962905262
2024-10-27 15:00:00,1.6459719732980553,1.6459719732980553
2024-10-27 16:00:00,2.2913581386815673,2.2913581386815673
2024-10-27 17:00:00,2.7633897585115044,2.7633897585115044
2024-10-27 18:00:00,2.332048134161675,2.332048134161675
2024-10-27 19:00:00,2.147868050476421,2.147868050476421
2024-10-27 20:00:00,2.630957467410437,2.630957467410437
2024-10-27 21:00:00,2.534006843543121,2.534006843543121
2024-10-27 22:00:00,0.0,0.0
2024-10-27 23:00:00,0.0,0.0
2024-10-28 00:00:00,0.0,0.0
2024-10-28 01:00:00,0.0,0.0
2024-10-28 02:00:00,0.0,0.0
2024-10-28 03:00:00,0.0,0.0
2024-10-28 04:00:00,0.0,0.0
2024-10-28 05:00:00,0.0,0.0
2024-10-28 06:00:00,0.0,0.0
2024-10-28 07:00:00,0.0,0.0
2024-10-28 08:00:00,0.0,0.0
2024-10-28 09:00:00,0.0,0.0
2024-10-28 10:00:00,0.13685780232134248,0.13685780232134248
2024-10-28 11:00:00,0.5207132754987631,0.5207132754987631
2024-10-28 12:00:00,0.8385091215976551,0.8385091215976551
2024-10-28 13:00:00,1.341567352807452,1.341567352807452
2024-10-28 14:00:00,2.0900662455652994,2.0900662455652994
2024-10-28 15:00:00,2.5901105416915624,2.5901105416915624
2024-10-28 16:00:00,3.0139927790035443,3.0139927790035443
2024-10-28 17:00:00,3.9881473391802906,3.9881473391802906
2024-10-28 18:00:00,3.2227549988154878,3.2227549988154878
2024-10-28 19:00:00,3.877320055697007,3.877320055697007
2024-10-28 20:00:00,3.293764257152472,3.293764257152472
2024-10-28 21:00:00,3.6760288212897394,3.6760288212897394
2024-10-28 22:00:00,0.0,0.0
2024-10-28 23:00:00,0.0,0.0
2024-10-29 00:00:00,0.0,0.0
2024-10-29 01:00:00,0.0,0.0
2024-10-29 02:00:00,0.0,0.0
2024-10-29 03:00:00,0.0,0.0
2024-10-29 04:00:00,0.0,0.0
2024-10-29 05:00:00,0.0,0.0
2024-10-29 06:00:00,0.0,0.0
2024-10-29 07:00:00,0.0,0.0
2024-10-29 08:00:00,0.0,0.0
2024-10-29 09:00:00,0.0,0.0
2024-10-29 10:00:00,0.11785403286432611,0.11785403286432611
2024-10-29 11:00:00,0.48055138305106415,0.48055138305106415
2024-10-29 12:00:00,0.7993620468883879,0.7993620468883879
2024-10-29 13:00:00,1.5153057761643582,1.5153057761643582
2024-10-29 14:00:00,2.0266932376210685,2.0266932376210685
2024-10-29 15:00:00,2.7020548627938585,2.7020548627938585
2024-10-29 16:00:00,2.8453569898798863,2.8453569898798863
2024-10-29 17:00:00,3.159440630554177,3.159440630554177
2024-10-29 18:00:00,3.4767401602872092,3.4767401602872092
2024-10-29 19:00:00,3.500858951790644,3.500858951790644
2024-10-29 20:00:00,3.0799125463533468,3.0799125463533468
2024-10-29 21:00:00,3.1765150468157377,3.1765150468157377
2024-10-29 22:00:00,0.0,0.0
2024-10-29 23:00:00,0.0,0.0
2024-10-30 00:00:00,0.0,0.0
2024-10-30 01:00:00,0.0,0.0
2024-10-30 02:00:00,0.0,0.0
2024-10-30 03:00:00,0.0,0.0
2024-10-30 04:00:00,0.0,0.0
2024-10-30 05:00:00,0.0,0.0
2024-10-30 06:00:00,0.0,0.0
2024-10-30 07:00:00,0.0,0.0
2024-10-30 08:00:00,0.0,0.0
2024-10-30 09:00:00,0.0,0.0
2024-10-30 10:00:00,0.10822852083657174,0.10822852083657174
2024-10-30 11:00:00,0.4706861714973873,0.4706861714973873
2024-10-30 12:00:00,0.717390546548588,0.717390546548588
2024-10-30 13:00:00,1.1584715922871773,1.1584715922871773
2024-10-30 14:00:00,1.6971037409671312,1.6971037409671312
2024-10-30 15:00:00,2.344043375359904,2.344043375359904
2024-10-30 16:00:00,2.9480820087176225,2.9480820087176225
2024-10-30 17:00:00,3.6989564178720666,3.6989564178720666
2024-10-30 18:00:00,2.9543375626599238,2.9543375626599238
2024-10-30 19:00:00,3.3560744419671154,3.3560744419671154
2024-10-30 20:00:00,3.452614634755693,3.452614634755693
2024-10-30 21:00:00,3.567749010155078,3.567749010155078
2024-10-30 22:00:00,0.0,0.0
2024-10-30 23:00:00,0.0,0.0
2024-10-31 00:00:00,0.0,0.0
2024-10-31 01:00:00,0.0,0.0
2024-10-31 02:00:00,0.0,0.0
2024-10-31 03:00:00,0.0,0.0
2024-10-31 04:00:00,0.0,0.0
2024-10-31 05:00:00,0.0,0.0
2024-10-31 06:00:00,0.0,0.0
2024-10-31 07:00:00,0.0,0.0
2024-10-31 08:00:00,0.0,0.0
2024-10-31 09:00:00,0.0,0.0
2024-10-31 10:00:00,0.10397247889004144,0.10397247889004144
2024-10-31 11:00:00,0.45117372721974036,0.45117372721974036
2024-10-31 12:00:00,0.7248895342069221,0.7248895342069221
2024-10-31 13:00:00,1.4441373749282898,1.4441373749282898
2024-10-31 14:00:00,1.8377576710775057,1.8377576710775057
2024-10-31 15:00:00,2.6614147932737384,2.6614147932737384
2024-10-31 16:00:00,2.7277727489945796,2.7277727489945796
2024-10-31 17:00:00,3.9869893318543133,3.9869893318543133
2024-10-31 18:00:00,3.4976583088612188,3.4976583088612188
2024-10-31 19:00:00,3.6811923050304034,3.6811923050304034
2024-10-31 20:00:00,3.6655865606340012,3.6655865606340012
2024-10-31 21:00:00,3.4695556212585044,3.4695556212585044
2024-10-31 22:00:00,0.0,0.0
2024-10-31 23:00:00,0.0,0.0
2024-11-01 00:00:00,0.0,0.0
2024-11-01 01:00:00,0.0,0.0
2024-11-01 02:00:00,0.0,0.0
2024-11-01 03:00:00,0.0,0.0
2024-11-01 04:00:00,0.0,0.0
2024-11-01 05:00:00,0.0,0.0
2024-11-01 06:00:00,0.0,0.0
2024-11-01 07:00:00,0.0,0.0
2024-11-01 08:00:00,0.0,0.0
2024-11-01 09:00:00,0.0,0.0
2024-11-01 10:00:00,0.11421279461551677,0.11421279461551677
2024-11-01 11:00:00,0.4800680490858747,0.4800680490858747
2024-11-01 12:00:00,0.6701658253191509,0.6701658253191509
2024-11-01 13:00:00,1.1600372311797185,1.1600372311797185
2024-11-01 14:00:00,2.0058951571571524,2.0058951571571524
2024-11-01 15:00:00,2.2011242077051834,2.2011242077051834
2024-11-01 16:00:00,2.782646260157492,2.782646260157492
2024-11-01 17:00:00,3.156876123225085,3.156876123225085
2024-11-01 18:00:00,2.7451679402034825,2.7451679402034825
2024-11-01 19:00:00,3.405605749224813,3.405605749224813
2024-11-01 20:00:00,3.4350983424700567,3.4350983424700567
2024-11-01 21:00:00,3.605253706709424,3.605253706709424
2024-11-01 22:00:00,0.0,0.0
2024-11-01 23:00:00,0.0,0.0
2024-11-02 00:00:00,0.0,0.0
2024-11-02 01:00:00,0.0,0.0
2024-11-02 02:00:00,0.0,0.0
2024-11-02 03:00:00,0.0,0.0
2024-11-02 04:00:00,0.0,0.0
2024-11-02 05:00:00,0.0,0.0
2024-11-02 06:00:00,0.0,0.0
2024-11-02 07:00:00,0.0,0.0
2024-11-02 08:00:00,0.0,0.0
2024-11-02 09:00:00,0.0,0.0
2024-11-02 10:00:00,0.0809196111428586,0.0809196111428586
2024-11-02 11:00:00,0.30164029717415713,0.30164029717415713
2024-11-02 12:00:00,0.5742047607530787,0.5742047607530787
2024-11-02 13:00:00,1.1106813546930416,1.1106813546930416
2024-11-02 14:00:00,1.4730837776287158,1.4730837776287158
2024-11-02 15:00:00,2.1588949684005945,2.1588949684005945
2024-11-02 16:00:00,2.287582509968271,2.287582509968271
2024-11-02 17:00:00,2.554500324029773,2.554500324029773
2024-11-02 18:00:00,2.7137900184877686,2.7137900184877686
2024-11-02 19:00:00,2.7944820858035704,2.7944820858035704
2024-11-02 20:00:00,2.686875338631326,2.686875338631326
2024-11-02 21:00:00,2.524592725269695,2.524592725269695
2024-11-02 22:00:00,0.0,0.0
2024-11-02 23:00:00,0.0,0.0
2024-11-03 00:00:00,0.0,0.0
2024-11-03 01:00:00,0.0,0.0
2024-11-03 02:00:00,0.0,0.0
2024-11-03 03:00:00,0.0,0.0
2024-11-03 04:00:00,0.0,0.0
2024-11-03 05:00:00,0.0,0.0
2024-11-03 06:00:00,0.0,0.0
2024-11-03 07:00:00,0.0,0.0
2024-11-03 08:00:00,0.0,0.0
2024-11-03 09:00:00,0.0,0.0
2024-11-03 10:00:00,0.08019713632547276,0.08019713632547276
2024-11-03 11:00:00,0.3536044545544611,0.3536044545544611
2024-11-03 12:00:00,0.5893732989638955,0.5893732989638955
2024-11-03 13:00:00,1.146816190724568,1.146816190724568
2024-11-03 14:00:00,1.8011300430793498,1.8011300430793498
2024-11-03 15:00:00,2.093475370638959,2.093475370638959
2024-11-03 16:00:00,2.504779721304711,2.504779721304711
2024-11-03 17:00:00,2.6417632572427596,2.6417632572427596
2024-11-03 18:00:00,2.570319313367975,2.570319313367975
2024-11-03 19:00:00,2.359122501096795,2.359122501096795
2024-11-03 20:00:00,2.3071786540409183,2.3071786540409183
2024-11-03 21:00:00,2.7680303478816373,2.7680303478816373
2024-11-03 22:00:00,0.0,0.0
2024-11-03 23:00:00,0.0,0.0
2024-11-04 00:00:00,0.0,0.0
2024-11-04 01:00:00,0.0,0.0
2024-11-04 02:00:00,0.0,0.0
2024-11-04 03:00:00,0.0,0.0
2024-11-04 04:00:00,0.0,0.0
2024-11-04 05:00:00,0.0,0.0
2024-11-04 06:00:00,0.0,0.0
2024-11-04 07:00:00,0.0,0.0
2024-11-04 08:00:00,0.0,0.0
2024-11-04 09:00:00,0.0,0.0
2024-11-04 10:00:00,0.11076496238687088,0.11076496238687088
2024-11-04 11:00:00,0.5023381548631503,0.5023381548631503
2024-11-04 12:00:00,0.8461406528493296,0.8461406528493296
2024-11-04 13:00:00,1.532278499042406,1.532278499042406
2024-11-04 14:00:00,2.214362206622344,2.214362206622344
2024-11-04 15:00:00,2.862623919599405,2.862623919599405
2024-11-04 16:00:00,3.519654882960821,3.519654882960821
2024-11-04 17:00:00,4.121958561473622,4.121958561473622
2024-11-04 18:00:00,3.8558035453811756,3.8558035453811756
2024-11-04 19:00:00,3.8690003919272775,3.8690003919272775
2024-11-04 20:00:00,3.58233554263817,3.58233554263817
2024-11-04 21:00:00,4.06202754779586,4.06202754779586
2024-11-04 22:00:00,0.0,0.0
2024-11-04 23:00:00,0.0,0.0
2024-11-05 00:00:00,0.0,0.0
2024-11-05 01:00:00,0.0,0.0
2024-11-05 02:00:00,0.0,0.0
2024-11-05 03:00:00,0.0,0.0
2024-11-05 04:00:00,0.0,0.0
2024-11-05 05:00:00,0.0,0.0
2024-11-05 06:00:00,0.0,0.0
2024-11-05 07:00:00,0.0,0.0
2024-11-05 08:00:00,0.0,0.0
2024-11-05 09:00:00,0.0,0.0
2024-11-05 10:00:00,0.1304675113140165,0.1304675113140165
2024-11-05 11:00:00,0.43326467657589446,0.43326467657589446
2024-11-05 12:00:00,0.7264304095509448,0.7264304095509448
2024-11-05 13:00:00,1.1472479739834114,1.1472479739834114
2024-11-05 14:00:00,2.2932928896511644,2.2932928896511644
2024-11-05 15:00:00,2.7000896670598293,2.7000896670598293
2024-11-05 16:00:00,3.2586023654660106,3.2586023654660106
2024-11-05 17:00:00,3.9084167090149577,3.9084167090149577
2024-11-05 18:00:00,3.5531014000991785,3.5531014000991785
2024-11-05 19:00:00,3.618916600169279,3.618916600169279
2024-11-05 20:00:00,2.9360521322751714,2.9360521322751714
2024-11-05 21:00:00,3.352562903933478,3.352562903933478
2024-11-05 22:00:00,0.0,0.0
2024-11-05 23:00:00,0.0,0.0
2024-11-06 00:00:00,0.0,0.0
2024-11-06 01:00:00,0.0,0.0
2024-11-06 02:00:00,0.0,0.0
2024-11-06 03:00:00,0.0,0.0
2024-11-06 04:00:00,0.0,0.0
2024-11-06 05:00:00,0.0,0.0
2024-11-06 06:00:00,0.0,0.0
2024-11-06 07:00:00,0.0,0.0
2024-11-06 08:00:00,0.0,0.0
2024-11-06 09:00:00,0.0,0.0
2024-11-06 10:00:00,0.1314193117925715,0.1314193117925715
2024-11-06 11:00:00,0.502118463801181,0.502118463801181
2024-11-06 12:00:00,0.7930675597164574,0.7930675597164574
2024-11-06 13:00:00,1.252433980447749,1.252433980447749
2024-11-06 14:00:00,2.230623760901522,2.230623760901522
2024-11-06 15:00:00,2.804176709820884,2.804176709820884
2024-11-06 16:00:00,3.8346150462872517,3.8346150462872517
2024-11-06 17:00:00,3.204483222853173,3.204483222853173
2024-11-06 18:00:00,3.167708060585914,3.167708060585914
2024-11-06 19:00:00,4.06673340800575,4.06673340800575
2024-11-06 20:00:00,3.7370350028671746,3.7370350028671746
2024-11-06 21:00:00,3.364702492533961,3.364702492533961
2024-11-06 22:00:00,0.0,0.0
2024-11-06 23:00:00,0.0,0.0
2024-11-07 00:00:00,0.0,0.0
2024-11-07 01:00:00,0.0,0.0
2024-11-07 02:00:00,0.0,0.0
2024-11-07 03:00:00,0.0,0.0
2024-11-07 04:00:00,0.0,0.0
2024-11-07 05:00:00,0.0,0.0
2024-11-07 06:00:00,0.0,0.0
2024-11-07 07:00:00,0.0,0.0
2024-11-07 08:00:00,0.0,0.0
2024-11-07 09:00:00,0.0,0.0
2024-11-07 10:00:00,0.1368445625834409,0.1368445625834409
2024-11-07 11:00:00,0.512997494552895,0.512997494552895
2024-11-07 12:00:00,0.9293206374480534,0.9293206374480534
2024-11-07 13:00:00,1.311787948098282,1.311787948098282
2024-11-07 14:00:00,2.708700787183656,2.708700787183656
2024-11-07 15:00:00,3.092127835450551,3.092127835450551
2024-11-07 16:00:00,3.2121734794623427,3.2121734794623427
2024-11-07 17:00:00,4.635009958445501,4.635009958445501
2024-11-07 18:00:00,3.266722454263008,3.266722454263008
2024-11-07 19:00:00,3.466488119907174,3.466488119907174
2024-11-07 20:00:00,3.95712621224314,3.95712621224314
2024-11-07 21:00:00,3.763663339075828,3.763663339075828
2024-11-07 22:00:00,0.0,0.0
2024-11-07 23:00:00,0.0,0.0
2024-11-08 00:00:00,0.0,0.0
2024-11-08 01:00:00,0.0,0.0
2024-11-08 02:00:00,0.0,0.0
2024-11-08 03:00:00,0.0,0.0
2024-11-08 04:00:00,0.0,0.0
2024-11-08 05:00:00,0.0,0.0
2024-11-08 06:00:00,0.0,0.0
2024-11-08 07:00:00,0.0,0.0
2024-11-08 08:00:00,0.0,0.0
2024-11-08 09:00:00,0.0,0.0
2024-11-08 10:00:00,0.13234547097895263,0.13234547097895263
2024-11-08 11:00:00,0.4676718546673039,0.4676718546673039
2024-11-08 12:00:00,0.7033979939734557,0.7033979939734557
2024-11-08 13:00:00,1.417865892757917,1.417865892757917
2024-11-08 14:00:00,2.405383448075504,2.405383448075504
2024-11-08 15:00:00,2.5534982639254293,2.5534982639254293
2024-11-08 16:00:00,3.321034345746116,3.321034345746116
2024-11-08 17:00:00,3.279660301818392,3.279660301818392
2024-11-08 18:00:00,3.5403392004459433,3.5403392004459433
2024-11-08 19:00:00,2.9991531349580636,2.9991531349580636
2024-11-08 20:00:00,3.8111711195853935,3.8111711195853935
2024-11-08 21:00:00,3.385499378684019,3.385499378684019
2024-11-08 22:00:00,0.0,0.0
2024-11-08 23:00:00,0.0,0.0
2024-11-09 00:00:00,0.0,0.0
2024-11-09 01:00:00,0.0,0.0
2024-11-09 02:00:00,0.0,0.0
2024-11-09 03:00:00,0.0,0.0
2024-11-09 04:00:00,0.0,0.0
2024-11-09 05:00:00,0.0,0.0
2024-11-09 06:00:00,0.0,0.0
2024-11-09 07:00:00,0.0,0.0
2024-11-09 08:00:00,0.0,0.0
2024-11-09 09:00:00,0.0,0.0
2024-11-09 10:00:00,0.07227281231327892,0.07227281231327892
2024-11-09 11:00:00,0.3543214393313073,0.3543214393313073
2024-11-09 12:00:00,0.5351190185712617,0.5351190185712617
2024-11-09 13:00:00,0.8342991454439818,0.8342991454439818
2024-11-09 14:00:00,1.6874926414403637,1.6874926414403637
2024-11-09 15:00:00,1.4831197783388321,1.4831197783388321
2024-11-09 16:00:00,2.356033456042746,2.356033456042746
2024-11-09 17:00:00,2.4345551419925187,2.4345551419925187
2024-11-09 18:00:00,2.4706900899549558,2.4706900899549558
2024-11-09 19:00:00,2.150712685271489,2.150712685271489
2024-11-09 20:00:00,2.345267041784625,2.345267041784625
2024-11-09 21:00:00,2.352936314552734,2.352936314552734
2024-11-09 22:00:00,0.0,0.0
2024-11-09 23:00:00,0.0,0.0
2024-11-10 00:00:00,0.0,0.0
2024-11-10 01:00:00,0.0,0.0
2024-11-10 02:00:00,0.0,0.0
2024-11-10 03:00:00,0.0,0.0
2024-11-10 04:00:00,0.0,0.0
2024-11-10 05:00:00,0.0,0.0
2024-11-10 06:00:00,0.0,0.0
2024-11-10 07:00:00,0.0,0.0
2024-11-10 08:00:00,0.0,0.0
2024-11-10 09:00:00,0.0,0.0
2024-11-10 10:00:00,0.08292732730990636,0.08292732730990636
2024-11-10 11:00:00,0.3048105469529755,0.3048105469529755
2024-11-10 12:00:00,0.6375270026381565,0.6375270026381565
2024-11-10 13:00:00,0.9027024234735121,0.9027024234735121
2024-11-10 14:00:00,1.5489272375040468,1.5489272375040468
2024-11-10 15:00:00,1.9791466630898387,1.9791466630898387
2024-11-10 16:00:00,1.8903313135700586,1.8903313135700586
2024-11-10 17:00:00,2.2018698507704895,2.2018698507704895
2024-11-10 18:00:00,2.2980569773665,2.2980569773665
2024-11-10 19:00:00,2.2799900196773715,2.2799900196773715
2024-11-10 20:00:00,2.1085195841816664,2.1085195841816664
2024-11-10 21:00:00,2.883378029641258,2.883378029641258
2024-11-10 22:00:00,0.0,0.0
2024-11-10 23:00:00,0.0,0.0
2024-11-11 00:00:00,0.0,0.0
2024-11-11 01:00:00,0.0,0.0
2024-11-11 02:00:00,0.0,0.0
2024-11-11 03:00:00,0.0,0.0
2024-11-11 04:00:00,0.0,0.0
2024-11-11 05:00:00,0.0,0.0
2024-11-11 06:00:00,0.0,0.0
2024-11-11 07:00:00,0.0,0.0
2024-11-11 08:00:00,0.0,0.0
2024-11-11 09:00:00,0.0,0.0
2024-11-11 10:00:00,0.12467904395885415,0.12467904395885415
2024-11-11 11:00:00,0.3719928509277966,0.3719928509277966
2024-11-11 12:00:00,0.6812982474402515,0.6812982474402515
2024-11-11 13:00:00,1.4768321574084298,1.4768321574084298
2024-11-11 14:00:00,1.7990282144402625,1.7990282144402625
2024-11-11 15:00:00,2.2149177535553455,2.2149177535553455
2024-11-11 16:00:00,2.8681980413118975,2.8681980413118975
2024-11-11 17:00:00,3.37770132747632,3.37770132747632
2024-11-11 18:00:00,3.335188385610282,3.335188385610282
2024-11-11 19:00:00,3.8552817730814106,3.8552817730814106
2024-11-11 20:00:00,3.4659439325354406,3.4659439325354406
2024-11-11 21:00:00,3.59307849870889,3.59307849870889
2024-11-11 22:00:00,0.0,0.0
2024-11-11 23:00:00,0.0,0.0
2024-11-12 00:00:00,0.0,0.0
2024-11-12 01:00:00,0.0,0.0
2024-11-12 02:00:00,0.0,0.0
2024-11-12 03:00:00,0.0,0.0
2024-11-12 04:00:00,0.0,0.0
2024-11-12 05:00:00,0.0,0.0
2024-11-12 06:00:00,0.0,0.0
2024-11-12 07:00:00,0.0,0.0
2024-11-12 08:00:00,0.0,0.0
2024-11-12 09:00:00,0.0,0.0
2024-11-12 10:00:00,0.10339218161846946,0.10339218161846946
2024-11-12 11:00:00,0.3914793411907935,0.3914793411907935
2024-11-12 12:00:00,0.8515432674409984,0.8515432674409984
2024-11-12 13:00:00,1.3575411158503234,1.3575411158503234
2024-11-12 14:00:00,2.080536793382603,2.080536793382603
2024-11-12 15:00:00,2.111408028510916,2.111408028510916
2024-11-12 16:00:00,2.9834064882349147,2.9834064882349147
2024-11-12 17:00:00,3.6535914987028946,3.6535914987028946
2024-11-12 18:00:00,3.0726336877599385,3.0726336877599385
2024-11-12 19:00:00,3.036273600017934,3.036273600017934
2024-11-12 20:00:00,3.0349225322254996,3.0349225322254996
2024-11-12 21:00:00,3.5951501892232844,3.5951501892232844
2024-11-12 22:00:00,0.0,0.0
2024-11-12 23:00:00,0.0,0.0
2024-11-13 00:00:00,0.0,0.0
2024-11-13 01:00:00,0.0,0.0
2024-11-13 02:00:00,0.0,0.0
2024-11-13 03:00:00,0.0,0.0
2024-11-13 04:00:00,0.0,0.0
2024-11-13 05:00:00,0.0,0.0
2024-11-13 06:00:00,0.0,0.0
2024-11-13 07:00:00,0.0,0.0
2024-11-13 08:00:00,0.0,0.0
2024-11-13 09:00:00,0.0,0.0
2024-11-13 10:00:00,0.12170719510672642,0.12170719510672642
2024-11-13 11:00:00,0.4734426989320957,0.4734426989320957
2024-11-13 12:00:00,0.8075109159253501,0.8075109159253501
2024-11-13 13:00:00,1.3531244729432992,1.3531244729432992
2024-11-13 14:00:00,1.707926178602406,1.707926178602406
2024-11-13 15:00:00,2.103046090987834,2.103046090987834
2024-11-13 16:00:00,2.636338969424946,2.636338969424946
2024-11-13 17:00:00,3.2091986087575894,3.2091986087575894
2024-11-13 18:00:00,2.817442177062601,2.817442177062601
2024-11-13 19:00:00,3.7714153908534316,3.7714153908534316
2024-11-13 20:00:00,3.1509086214321527,3.1509086214321527
2024-11-13 21:00:00,3.053190513009563,3.053190513009563
2024-11-13 22:00:00,0.0,0.0
2024-11-13 23:00:00,0.0,0.0
2024-11-14 00:00:00,0.0,0.0
2024-11-14 01:00:00,0.0,0.0
2024-11-14 02:00:00,0.0,0.0
2024-11-14 03:00:00,0.0,0.0
2024-11-14 04:00:00,0.0,0.0
2024-11-14 05:00:00,0.0,0.0
2024-11-14 06:00:00,0.0,0.0
2024-11-14 07:00:00,0.0,0.0
2024-11-14 08:00:00,0.0,0.0
2024-11-14 09:00:00,0.0,0.0
2024-11-14 10:00:00,0.12269048361456676,0.12269048361456676
2024-11-14 11:00:00,0.4860079279760383,0.4860079279760383
2024-11-14 12:00:00,0.8173574310529699,0.8173574310529699
2024-11-14 13:00:00,1.5841249355388707,1.5841249355388707
2024-11-14 14:00:00,2.392685673118814,2.392685673118814
2024-11-14 15:00:00,2.757517210837428,2.757517210837428
2024-11-14 16:00:00,3.1546805182816833,3.1546805182816833
2024-11-14 17:00:00,3.4019651444316454,3.4019651444316454
2024-11-14 18:00:00,3.5003262979755423,3.5003262979755423
2024-11-14 19:00:00,3.8720092228233884,3.8720092228233884
2024-11-14 20:00:00,3.953731744026311,3.953731744026311
2024-11-14 21:00:00,3.522876178231109,3.522876178231109
2024-11-14 22:00:00,0.0,0.0
2024-11-14 23:00:00,0.0,0.0
2024-11-15 00:00:00,0.0,0.0
2024-11-15 01:00:00,0.0,0.0
2024-11-15 02:00:00,0.0,0.0
2024-11-15 03:00:00,0.0,0.0
2024-11-15 04:00:00,0.0,0.0
2024-11-15 05:00:00,0.0,0.0
2024-11-15 06:00:00,0.0,0.0
2024-11-15 07:00:00,0.0,0.0
2024-11-15 08:00:00,0.0,0.0
2024-11-15 09:00:00,0.0,0.0
2024-11-15 10:00:00,0.14204103879386162,0.14204103879386162
2024-11-15 11:00:00,0.4834431838208244,0.4834431838208244
2024-11-15 12:00:00,0.9636391114683026,0.9636391114683026
2024-11-15 13:00:00,1.4750123274607037,1.4750123274607037
2024-11-15 14:00:00,2.2595034699159617,2.2595034699159617
2024-11-15 15:00:00,2.400331285523085,2.400331285523085
2024-11-15 16:00:00,3.2609170666547596,3.2609170666547596
2024-11-15 17:00:00,4.190175981602469,4.190175981602469
2024-11-15 18:00:00,3.551366153938963,3.551366153938963
2024-11-15 19:00:00,4.378786288283408,4.378786288283408
2024-11-15 20:00:00,4.2208555072312155,4.2208555072312155
2024-11-15 21:00:00,3.453403194716048,3.453403194716048
2024-11-15 22:00:00,0.0,0.0
2024-11-15 23:00:00,0.0,0.0
2024-11-16 00:00:00,0.0,0.0
2024-11-16 01:00:00,0.0,0.0
2024-11-16 02:00:00,0.0,0.0
2024-11-16 03:00:00,0.0,0.0
2024-11-16 04:00:00,0.0,0.0
2024-11-16 05:00:00,0.0,0.0
2024-11-16 06:00:00,0.0,0.0
2024-11-16 07:00:00,0.0,0.0
2024-11-16 08:00:00,0.0,0.0
2024-11-16 09:00:00,0.0,0.0
2024-11-16 10:00:00,0.08572730767316485,0.08572730767316485
2024-11-16 11:00:00,0.292238468755735,0.292238468755735
2024-11-16 12:00:00,0.6006516932842333,0.6006516932842333
2024-11-16 13:00:00,1.151215252183628,1.151215252183628
2024-11-16 14:00:00,1.6567149891764474,1.6567149891764474
2024-11-16 15:00:00,1.9440621161433735,1.9440621161433735
2024-11-16 16:00:00,2.6632700030172347,2.6632700030172347
2024-11-16 17:00:00,2.8415565868300363,2.8415565868300363
2024-11-16 18:00:00,2.4795811513248913,2.4795811513248913
2024-11-16 19:00:00,3.0123706764937084,3.0123706764937084
2024-11-16 20:00:00,2.3284743644859205,2.3284743644859205
2024-11-16 21:00:00,3.007927109654318,3.007927109654318
2024-11-16 22:00:00,0.0,0.0
2024-11-16 23:00:00,0.0,0.0
2024-11-17 00:00:00,0.0,0.0
2024-11-17 01:00:00,0.0,0.0
2024-11-17 02:00:00,0.0,0.0
2024-11-17 03:00:00,0.0,0.0
2024-11-17 04:00:00,0.0,0.0
2024-11-17 05:00:00,0.0,0.0
2024-11-17 06:00:00,0.0,0.0
2024-11-17 07:00:00,0.0,0.0
2024-11-17 08:00:00,0.0,0.0
2024-11-17 09:00:00,0.0,0.0
2024-11-17 10:00:00,0.07519059439682589,0.07519059439682589
2024-11-17 11:00:00,0.3617674726814659,0.3617674726814659
2024-11-17 12:00:00,0.6993970754284913,0.6993970754284913
2024-11-17 13:00:00,0.9302391454455359,0.9302391454455359
2024-11-17 14:00:00,1.5449099295764779,1.5449099295764779
2024-11-17 15:00:00,1.7063377218950346,1.7063377218950346
2024-11-17 16:00:00,2.1835769728315753,2.1835769728315753
2024-11-17 17:00:00,3.061563471169297,3.061563471169297
2024-11-17 18:00:00,2.189556269045638,2.189556269045638
2024-11-17 19:00:00,2.7404793434447345,2.7404793434447345
2024-11-17 20:00:00,2.3375168903170453,2.3375168903170453
2024-11-17 21:00:00,2.7249868150379717,2.7249868150379717
2024-11-17 22:00:00,0.0,0.0
2024-11-17 23:00:00,0.0,0.0
2024-11-18 00:00:00,0.0,0.0
2024-11-18 01:00:00,0.0,0.0
2024-11-18 02:00:00,0.0,0.0
2024-11-18 03:00:00,0.0,0.0
2024-11-18 04:00:00,0.0,0.0
2024-11-18 05:00:00,0.0,0.0
2024-11-18 06:00:00,0.0,0.0
2024-11-18 07:00:00,0.0,0.0
2024-11-18 08:00:00,0.0,0.0
2024-11-18 09:00:00,0.0,0.0
2024-11-18 10:00:00,0.09843367171774497,0.09843367171774497
2024-11-18 11:00:00,0.4497968204931398,0.4497968204931398
2024-11-18 12:00:00,0.7642263297681282,0.7642263297681282
2024-11-18 13:00:00,1.4500799220767613,1.4500799220767613
2024-11-18 14:00:00,2.092865549761569,2.092865549761569
2024-11-18 15:00:00,2.427713170717653,2.427713170717653
2024-11-18 16:00:00,3.511143357049487,3.511143357049487
2024-11-18 17:00:00,3.339090744451982,3.339090744451982
2024-11-18 18:00:00,3.228855564947826,3.228855564947826
2024-11-18 19:00:00,3.482339447123437,3.482339447123437
2024-11-18 20:00:00,3.059000407179971,3.059000407179971
2024-11-18 21:00:00,3.442542570981479,3.442542570981479
2024-11-18 22:00:00,0.0,0.0
2024-11-18 23:00:00,0.0,0.0
2024-11-19 00:00:00,0.0,0.0
2024-11-19 01:00:00,0.0,0.0
2024-11-19 02:00:00,0.0,0.0
2024-11-19 03:00:00,0.0,0.0
2024-11-19 04:00:00,0.0,0.0
2024-11-19 05:00:00,0.0,0.0
2024-11-19 06:00:00,0.0,0.0
2024-11-19 07:00:00,0.0,0.0
2024-11-19 08:00:00,0.0,0.0
2024-11-19 09:00:00,0.0,0.0
2024-11-19 10:00:00,0.1293563253329134,0.1293563253329134
2024-11-19 11:00:00,0.5303823186035371,0.5303823186035371
2024-11-19 12:00:00,0.8283316907984352,0.8283316907984352
2024-11-19 13:00:00,1.4250278041685573,1.4250278041685573
2024-11-19 14:00:00,2.4282007896949938,2.4282007896949938
2024-11-19 15:00:00,2.658038315316657,2.658038315316657
2024-11-19 16:00:00,3.054883938104615,3.054883938104615
2024-11-19 17:00:00,3.9673771038011045,3.9673771038011045
2024-11-19 18:00:00,3.0519207833844346,3.0519207833844346
2024-11-19 19:00:00,3.378457438290679,3.378457438290679
2024-11-19 20:00:00,3.311425473732235,3.311425473732235
2024-11-19 21:00:00,3.370899495177336,3.370899495177336
2024-11-19 22:00:00,0.0,0.0
2024-11-19 23:00:00,0.0,0.0
2024-11-20 00:00:00,0.0,0.0
2024-11-20 01:00:00,0.0,0.0
2024-11-20 02:00:00,0.0,0.0
2024-11-20 03:00:00,0.0,0.0
2024-11-20 04:00:00,0.0,0.0
2024-11-20 05:00:00,0.0,0.0
2024-11-20 06:00:00,0.0,0.0
2024-11-20 07:00:00,0.0,0.0
2024-11-20 08:00:00,0.0,0.0
2024-11-20 09:00:00,0.0,0.0
2024-11-20 10:00:00,0.12331257646417827,0.12331257646417827
2024-11-20 11:00:00,0.4472533079214727,0.4472533079214727
2024-11-20 12:00:00,0.814015608772487,0.814015608772487
2024-11-20 13:00:00,1.6036020530705954,1.6036020530705954
2024-11-20 14:00:00,2.3292371375740295,2.3292371375740295
2024-11-20 15:00:00,2.3661321118822065,2.3661321118822065
2024-11-20 16:00:00,3.0078819443011855,3.0078819443011855
2024-11-20 17:00:00,3.7176854931751375,3.7176854931751375
2024-11-20 18:00:00,3.2926978833367953,3.2926978833367953
2024-11-20 19:00:00,4.292517354170715,4.292517354170715
2024-11-20 20:00:00,4.152451716684514,4.152451716684514
2024-11-20 21:00:00,4.468655697582783,4.468655697582783
2024-11-20 22:00:00,0.0,0.0
2024-11-20 23:00:00,0.0,0.0
2024-11-21 00:00:00,0.0,0.0
2024-11-21 01:00:00,0.0,0.0
2024-11-21 02:00:00,0.0,0.0
2024-11-21 03:00:00,0.0,0.0
2024-11-21 04:00:00,0.0,0.0
2024-11-21 05:00:00,0.0,0.0
2024-11-21 06:00:00,0.0,0.0
2024-11-21 07:00:00,0.0,0.0
2024-11-21 08:00:00,0.0,0.0
2024-11-21 09:00:00,0.0,0.0
2024-11-21 10:00:00,0.10639030952940791,0.10639030952940791
2024-11-21 11:00:00,0.4680707632286829,0.4680707632286829
2024-11-21 12:00:00,0.7620070691722701,0.7620070691722701
2024-11-21 13:00:00,1.362261429826941,1.362261429826941
2024-11-21 14:00:00,1.8718317000792914,1.8718317000792914
2024-11-21 15:00:00,2.6432145989663605,2.6432145989663605
2024-11-21 16:00:00,3.3743201166561554,3.3743201166561554
2024-11-21 17:00:00,3.265645155843288,3.265645155843288
2024-11-21 18:00:00,3.332432306844054,3.332432306844054
2024-11-21 19:00:00,3.4988362448501835,3.4988362448501835
2024-11-21 20:00:00,4.074541060267402,4.074541060267402
2024-11-21 21:00:00,3.701876937304191,3.701876937304191
2024-11-21 22:00:00,0.0,0.0
2024-11-21 23:00:00,0.0,0.0
2024-11-22 00:00:00,0.0,0.0
2024-11-22 01:00:00,0.0,0.0
2024-11-22 02:00:00,0.0,0.0
2024-11-22 03:00:00,0.0,0.0
2024-11-22 04:00:00,0.0,0.0
2024-11-22 05:00:00,0.0,0.0
2024-11-22 06:00:00,0.0,0.0
2024-11-22 07:00:00,0.0,0.0
2024-11-22 08:00:00,0.0,0.0
2024-11-22 09:00:00,0.0,0.0
2024-11-22 10:00:00,0.11147022730194672,0.11147022730194672
2024-11-22 11:00:00,0.5485230421385195,0.5485230421385195
2024-11-22 12:00:00,1.0027829521219898,1.0027829521219898
2024-11-22 13:00:00,1.5875111161704882,1.5875111161704882
2024-11-22 14:00:00,2.234430005194131,2.234430005194131
2024-11-22 15:00:00,2.707700489646331,2.707700489646331
2024-11-22 16:00:00,3.2999823570389597,3.2999823570389597
2024-11-22 17:00:00,3.638897972760381,3.638897972760381
2024-11-22 18:00:00,3.6329653884186963,3.6329653884186963
2024-11-22 19:00:00,3.680887837363864,3.680887837363864
2024-11-22 20:00:00,3.418557547045784,3.418557547045784
2024-11-22 21:00:00,3.4053428247790216,3.4053428247790216
2024-11-22 22:00:00,0.0,0.0
2024-11-22 23:00:00,0.0,0.0
2024-11-23 00:00:00,0.0,0.0
2024-11-23 01:00:00,0.0,0.0
2024-11-23 02:00:00,0.0,0.0
2024-11-23 03:00:00,0.0,0.0
2024-11-23 04:00:00,0.0,0.0
2024-11-23 05:00:00,0.0,0.0
2024-11-23 06:00:00,0.0,0.0
2024-11-23 07:00:00,0.0,0.0
2024-11-23 08:00:00,0.0,0.0
2024-11-23 09:00:00,0.0,0.0
2024-11-23 10:00:00,0.08719506811747327,0.08719506811747327
2024-11-23 11:00:00,0.2632266561991021,0.2632266561991021
2024-11-23 12:00:00,0.5972974753428607,0.5972974753428607
2024-11-23 13:00:00,0.9724027000458502,0.9724027000458502
2024-11-23 14:00:00,1.5734298008843335,1.5734298008843335
2024-11-23 15:00:00,1.8359971240275073,1.8359971240275073
2024-11-23 16:00:00,1.9175394340637388,1.9175394340637388
2024-11-23 17:00:00,2.179542066367872,2.179542066367872
2024-11-23 18:00:00,2.0246106355669826,2.0246106355669826
2024-11-23 19:00:00,2.5134705884416593,2.5134705884416593
2024-11-23 20:00:00,2.613507239248241,2.613507239248241
2024-11-23 21:00:00,2.5197783487066707,2.5197783487066707
2024-11-23 22:00:00,0.0,0.0
2024-11-23 23:00:00,0.0,0.0
2024-11-24 00:00:00,0.0,0.0
2024-11-24 01:00:00,0.0,0.0
2024-11-24 02:00:00,0.0,0.0
2024-11-24 03:00:00,0.0,0.0
2024-11-24 04:00:00,0.0,0.0
2024-11-24 05:00:00,0.0,0.0
2024-11-24 06:00:00,0.0,0.0
2024-11-24 07:00:00,0.0,0.0
2024-11-24 08:00:00,0.0,0.0
2024-11-24 09:00:00,0.0,0.0
2024-11-24 10:00:00,0.07940063464281297,0.07940063464281297
2024-11-24 11:00:00,0.3894332891491057,0.3894332891491057
2024-11-24 12:00:00,0.687828165678394,0.687828165678394
2024-11-24 13:00:00,1.039752827501764,1.039752827501764
2024-11-24 14:00:00,1.3846410663067255,1.3846410663067255
2024-11-24 15:00:00,2.119899567246635,2.119899567246635
2024-11-24 16:00:00,2.5916712748005275,2.5916712748005275
2024-11-24 17:00:00,2.3930540121997326,2.3930540121997326
2024-11-24 18:00:00,2.5154018786559296,2.5154018786559296
2024-11-24 19:00:00,2.3974835781618387,2.3974835781618387
2024-11-24 20:00:00,2.389875851342795,2.389875851342795
2024-11-24 21:00:00,2.7868587246108976,2.7868587246108976
2024-11-24 22:00:00,0.0,0.0
2024-11-24 23:00:00,0.0,0.0
2024-11-25 00:00:00,0.0,0.0
2024-11-25 01:00:00,0.0,0.0
2024-11-25 02:00:00,0.0,0.0
2024-11-25 03:00:00,0.0,0.0
2024-11-25 04:00:00,0.0,0.0
2024-11-25 05:00:00,0.0,0.0
2024-11-25 06:00:00,0.0,0.0
2024-11-25 07:00:00,0.0,0.0
2024-11-25 08:00:00,0.0,0.0
2024-11-25 09:00:00,0.0,0.0
2024-11-25 10:00:00,0.10631023171480967,0.10631023171480967
2024-11-25 11:00:00,0.386224380560285,0.386224380560285
2024-11-25 12:00:00,0.8606471906577309,0.8606471906577309
2024-11-25 13:00:00,1.4321450211299978,1.4321450211299978
2024-11-25 14:00:00,1.7520673809890606,1.7520673809890606
2024-11-25 15:00:00,2.499915108286173,2.499915108286173
2024-11-25 16:00:00,3.0737856845507774,3.0737856845507774
2024-11-25 17:00:00,3.672595208008869,3.672595208008869
2024-11-25 18:00:00,2.9006051518337403,2.9006051518337403
2024-11-25 19:00:00,3.8296189461026793,3.8296189461026793
2024-11-25 20:00:00,3.35985186878612,3.35985186878612
2024-11-25 21:00:00,3.050860859288949,3.050860859288949
2024-11-25 22:00:00,0.0,0.0
2024-11-25 23:00:00,0.0,0.0
2024-11-26 00:00:00,0.0,0.0
2024-11-26 01:00:00,0.0,0.0
2024-11-26 02:00:00,0.0,0.0
2024-11-26 03:00:00,0.0,0.0
2024-11-26 04:00:00,0.0,0.0
2024-11-26 05:00:00,0.0,0.0
2024-11-26 06:00:00,0.0,0.0
2024-11-26 07:00:00,0.0,0.0
2024-11-26 08:00:00,0.0,0.0
2024-11-26 09:00:00,0.0,0.0
2024-11-26 10:00:00,0.1069931666476141,0.1069931666476141
2024-11-26 11:00:00,0.48426049905459456,0.48426049905459456
2024-11-26 12:00:00,0.7854587048298228,0.7854587048298228
2024-11-26 13:00:00,1.5191565705758723,1.5191565705758723
2024-11-26 14:00:00,1.9886002158008027,1.9886002158008027
2024-11-26 15:00:00,2.2753168427930692,2.2753168427930692
2024-11-26 16:00:00,3.5840865544294274,3.5840865544294274
2024-11-26 17:00:00,3.352610558920769,3.352610558920769
2024-11-26 18:00:00,3.2060193597839874,3.2060193597839874
2024-11-26 19:00:00,3.889168805486997,3.889168805486997
2024-11-26 20:00:00,3.6580898313660453,3.6580898313660453
2024-11-26 21:00:00,3.653551359876193,3.653551359876193
2024-11-26 22:00:00,0.0,0.0
2024-11-26 23:00:00,0.0,0.0
2024-11-27 00:00:00,0.0,0.0
2024-11-27 01:00:00,0.0,0.0
2024-11-27 02:00:00,0.0,0.0
2024-11-27 03:00:00,0.0,0.0
2024-11-27 04:00:00,0.0,0.0
2024-11-27 05:00:00,0.0,0.0
2024-11-27 06:00:00,0.0,0.0
2024-11-27 07:00:00,0.0,0.0
2024-11-27 08:00:00,0.0,0.0
2024-11-27 09:00:00,0.0,0.0
2024-11-27 10:00:00,0.13604820963055753,0.13604820963055753
2024-11-27 11:00:00,0.47382020520637264,0.47382020520637264
2024-11-27 12:00:00,0.9376599044827099,0.9376599044827099
2024-11-27 13:00:00,1.2861833320508953,1.2861833320508953
2024-11-27 14:00:00,2.2592761904384426,2.2592761904384426
2024-11-27 15:00:00,2.563122266643369,2.563122266643369
2024-11-27 16:00:00,3.6607378205962164,3.6607378205962164
2024-11-27 17:00:00,4.217661313553297,4.217661313553297
2024-11-27 18:00:00,3.6447096457095274,3.6447096457095274
2024-11-27 19:00:00,3.4456249060448574,3.4456249060448574
2024-11-27 20:00:00,3.176498328878853,3.176498328878853
2024-11-27 21:00:00,4.332237019794071,4.332237019794071
2024-11-27 22:00:00,0.0,0.0
2024-11-27 23:00:00,0.0,0.0
2024-11-28 00:00:00,0.0,0.0
2024-11-28 01:00:00,0.0,0.0
2024-11-28 02:00:00,0.0,0.0
2024-11-28 03:00:00,0.0,0.0
2024-11-28 04:00:00,0.0,0.0
2024-11-28 05:00:00,0.0,0.0
2024-11-28 06:00:00,0.0,0.0
2024-11-28 07:00:00,0.0,0.0
2024-11-28 08:00:00,0.0,0.0
2024-11-28 09:00:00,0.0,0.0
2024-11-28 10:00:00,0.11498020059501929,0.11498020059501929
2024-11-28 11:00:00,0.46097267210111287,0.46097267210111287
2024-11-28 12:00:00,0.8708051974609211,0.8708051974609211
2024-11-28 13:00:00,1.5708012002063438,1.5708012002063438
2024-11-28 14:00:00,1.9528413667054334,1.9528413667054334
2024-11-28 15:00:00,2.990262644479842,2.990262644479842
2024-11-28 16:00:00,3.721679997618321,3.721679997618321
2024-11-28 17:00:00,3.4798374950976547,3.4798374950976547
2024-11-28 18:00:00,3.5903664896007155,3.5903664896007155
2024-11-28 19:00:00,4.3852886473932795,4.3852886473932795
2024-11-28 20:00:00,4.383441625248874,4.383441625248874
2024-11-28 21:00:00,4.218310056790163,4.218310056790163
2024-11-28 22:00:00,0.0,0.0
2024-11-28 23:00:00,0.0,0.0
2024-11-29 00:00:00,0.0,0.0
2024-11-29 01:00:00,0.0,0.0
2024-11-29 02:00:00,0.0,0.0
2024-11-29 03:00:00,0.0,0.0
2024-11-29 04:00:00,0.0,0.0
2024-11-29 05:00:00,0.0,0.0
2024-11-29 06:00:00,0.0,0.0
2024-11-29 07:00:00,0.0,0.0
2024-11-29 08:00:00,0.0,0.0
2024-11-29 09:00:00,0.0,0.0
2024-11-29 10:00:00,0.11011259884431508,0.11011259884431508
2024-11-29 11:00:00,0.46064184902480226,0.46064184902480226
2024-11-29 12:00:00,0.8054593620301932,0.8054593620301932
2024-11-29 13:00:00,1.3775173212925038,1.3775173212925038
2024-11-29 14:00:00,2.5042355649540013,2.5042355649540013
2024-11-29 15:00:00,2.604218561351799,2.604218561351799
2024-11-29 16:00:00,3.12034949179435,3.12034949179435
2024-11-29 17:00:00,3.9169044174148286,3.9169044174148286
2024-11-29 18:00:00,3.6083108730077385,3.6083108730077385
2024-11-29 19:00:00,4.2541630360936225,4.2541630360936225
2024-11-29 20:00:00,3.3462891091977522,3.3462891091977522
2024-11-29 21:00:00,3.672850397916836,3.672850397916836
2024-11-29 22:00:00,0.0,0.0
2024-11-29 23:00:00,0.0,0.0
2024-11-30 00:00:00,0.0,0.0
2024-11-30 01:00:00,0.0,0.0
2024-11-30 02:00:00,0.0,0.0
2024-11-30 03:00:00,0.0,0.0
2024-11-30 04:00:00,0.0,0.0
2024-11-30 05:00:00,0.0,0.0
2024-11-30 06:00:00,0.0,0.0
2024-11-30 07:00:00,0.0,0.0
2024-11-30 08:00:00,0.0,0.0
2024-11-30 09:00:00,0.0,0.0
2024-11-30 10:00:00,0.07484358720778302,0.07484358720778302
2024-11-30 11:00:00,0.29470878247238874,0.29470878247238874
2024-11-30 12:00:00,0.6965358301771745,0.6965358301771745
2024-11-30 13:00:00,0.9823240028500908,0.9823240028500908
2024-11-30 14:00:00,1.5218714385275498,1.5218714385275498
2024-11-30 15:00:00,1.667947803407653,1.667947803407653
2024-11-30 16:00:00,2.124140816250999,2.124140816250999
2024-11-30 17:00:00,2.2632001377222535,2.2632001377222535
2024-11-30 18:00:00,2.2247427932409334,2.2247427932409334
2024-11-30 19:00:00,2.7412101997340863,2.7412101997340863
2024-11-30 20:00:00,2.740169947570838,2.740169947570838
2024-11-30 21:00:00,2.868199766607785,2.868199766607785
2024-11-30 22:00:00,0.0,0.0
2024-11-30 23:00:00,0.0,0.0
2024-12-01 00:00:00,0.0,0.0
2024-12-01 01:00:00,0.0,0.0
2024-12-01 02:00:00,0.0,0.0
2024-12-01 03:00:00,0.0,0.0
2024-12-01 04:00:00,0.0,0.0
2024-12-01 05:00:00,0.0,0.0
2024-12-01 06:00:00,0.0,0.0
2024-12-01 07:00:00,0.0,0.0
2024-12-01 08:00:00,0.0,0.0
2024-12-01 09:00:00,0.0,0.0
2024-12-01 10:00:00,0.09650384899383484,0.09650384899383484
2024-12-01 11:00:00,0.31631696645050583,0.31631696645050583
2024-12-01 12:00:00,0.594447822367184,0.594447822367184
2024-12-01 13:00:00,0.8764968358325639,0.8764968358325639
2024-12-01 14:00:00,1.5822197862016134,1.5822197862016134
2024-12-01 15:00:00,2.11197442370406,2.11197442370406
2024-12-01 16:00:00,2.192313234544969,2.192313234544969
2024-12-01 17:00:00,3.0044721137961026,3.0044721137961026
2024-12-01 18:00:00,2.330810837167156,2.330810837167156
2024-12-01 19:00:00,2.3689437906754023,2.3689437906754023
2024-12-01 20:00:00,3.04007140563279,3.04007140563279
2024-12-01 21:00:00,3.0663345087732607,3.0663345087732607
2024-12-01 22:00:00,0.0,0.0
2024-12-01 23:00:00,0.0,0.0
2024-12-02 00:00:00,0.0,0.0
2024-12-02 01:00:00,0.0,0.0
2024-12-02 02:00:00,0.0,0.0
2024-12-02 03:00:00,0.0,0.0
2024-12-02 04:00:00,0.0,0.0
2024-12-02 05:00:00,0.0,0.0
2024-12-02 06:00:00,0.0,0.0
2024-12-02 07:00:00,0.0,0.0
2024-12-02 08:00:00,0.0,0.0
2024-12-02 09:00:00,0.0,0.0
2024-12-02 10:00:00,0.0960153709857912,0.0960153709857912
2024-12-02 11:00:00,0.49083694930632393,0.49083694930632393
2024-12-02 12:00:00,0.7327760391538313,0.7327760391538313
2024-12-02 13:00:00,1.4516123651421229,1.4516123651421229
2024-12-02 14:00:00,1.9525460387716933,1.9525460387716933
2024-12-02 15:00:00,2.1780535117228035,2.1780535117228035
2024-12-02 16:00:00,2.759862952527677,2.759862952527677
2024-12-02 17:00:00,3.9391582920006694,3.9391582920006694
2024-12-02 18:00:00,3.2971062612702005,3.2971062612702005
2024-12-02 19:00:00,3.6308178923034617,3.6308178923034617
2024-12-02 20:00:00,3.1259692936266252,3.1259692936266252
2024-12-02 21:00:00,3.662377802131209,3.662377802131209
2024-12-02 22:00:00,0.0,0.0
2024-12-02 23:00:00,0.0,0.0
2024-12-03 00:00:00,0.0,0.0
2024-12-03 01:00:00,0.0,0.0
2024-12-03 02:00:00,0.0,0.0
2024-12-03 03:00:00,0.0,0.0
2024-12-03 04:00:00,0.0,0.0
2024-12-03 05:00:00,0.0,0.0
2024-12-03 06:00:00,0.0,0.0
2024-12-03 07:00:00,0.0,0.0
2024-12-03 08:00:00,0.0,0.0
2024-12-03 09:00:00,0.0,0.0
2024-12-03 10:00:00,0.11804013748032922,0.11804013748032922
2024-12-03 11:00:00,0.4067206026840479,0.4067206026840479
2024-12-03 12:00:00,0.7936407425559378,0.7936407425559378
2024-12-03 13:00:00,1.0752350100440593,1.0752350100440593
2024-12-03 14:00:00,1.8241799459997248,1.8241799459997248
2024-12-03 15:00:00,2.125192943633452,2.125192943633452
2024-12-03 16:00:00,2.5567918012143136,2.5567918012143136
2024-12-03 17:00:00,3.6040204927438984,3.6040204927438984
2024-12-03 18:00:00,2.998969628991802,2.998969628991802
2024-12-03 19:00:00,3.2180924053737154,3.2180924053737154
2024-12-03 20:00:00,2.870656228989263,2.870656228989263
2024-12-03 21:00:00,3.47972660553767,3.47972660553767
2024-12-03 22:00:00,0.0,0.0
2024-12-03 23:00:00,0.0,0.0
2024-12-04 00:00:00,0.0,0.0
2024-12-04 01:00:00,0.0,0.0
2024-12-04 02:00:00,0.0,0.0
2024-12-04 03:00:00,0.0,0.0
2024-12-04 04:00:00,0.0,0.0
2024-12-04 05:00:00,0.0,0.0
2024-12-04 06:00:00,0.0,0.0
2024-12-04 07:00:00,0.0,0.0
2024-12-04 08:00:00,0.0,0.0
2024-12-04 09:00:00,0.0,0.0
2024-12-04 10:00:00,0.10502670488838163,0.10502670488838163
2024-12-04 11:00:00,0.5020605854058261,0.5020605854058261
2024-12-04 12:00:00,0.8027066875541407,0.8027066875541407
2024-12-04 13:00:00,1.1747780968830381,1.1747780968830381
2024-12-04 14:00:00,1.8594759875158848,1.8594759875158848
2024-12-04 15:00:00,2.352999187184018,2.352999187184018
2024-12-04 16:00:00,2.8980889021395435,2.8980889021395435
2024-12-04 17:00:00,3.5897153249160914,3.5897153249160914
2024-12-04 18:00:00,3.2859766489611606,3.2859766489611606
2024-12-04 19:00:00,3.9085706253454098,3.9085706253454098
2024-12-04 20:00:00,3.3625314188949758,3.3625314188949758
2024-12-04 21:00:00,3.5431804724721805,3.5431804724721805
2024-12-04 22:00:00,0.0,0.0
2024-12-04 23:00:00,0.0,0.0
2024-12-05 00:00:00,0.0,0.0
2024-12-05 01:00:00,0.0,0.0
2024-12-05 02:00:00,0.0,0.0
2024-12-05 03:00:00,0.0,0.0
2024-12-05 04:00:00,0.0,0.0
2024-12-05 05:00:00,0.0,0.0
2024-12-05 06:00:00,0.0,0.0
2024-12-05 07:00:00,0.0,0.0
2024-12-05 08:00:00,0.0,0.0
2024-12-05 09:00:00,0.0,0.0
2024-12-05 10:00:00,0.12513687544274713,0.12513687544274713
2024-12-05 11:00:00,0.4945809941186009,0.4945809941186009
2024-12-05 12:00:00,1.0042748717472294,1.0042748717472294
2024-12-05 13:00:00,1.446718161724324,1.446718161724324
2024-12-05 14:00:00,1.9869545365349264,1.9869545365349264
2024-12-05 15:00:00,2.6289866144914904,2.6289866144914904
2024-12-05 16:00:00,3.3728503507776804,3.3728503507776804
2024-12-05 17:00:00,4.180310882030572,4.180310882030572
2024-12-05 18:00:00,3.293186998424081,3.293186998424081
2024-12-05 19:00:00,3.503272503525704,3.503272503525704
2024-12-05 20:00:00,3.820557696768239,3.820557696768239
2024-12-05 21:00:00,4.161626337286519,4.161626337286519
2024-12-05 22:00:00,0.0,0.0
2024-12-05 23:00:00,0.0,0.0
2024-12-06 00:00:00,0.0,0.0
2024-12-06 01:00:00,0.0,0.0
2024-12-06 02:00:00,0.0,0.0
2024-12-06 03:00:00,0.0,0.0
2024-12-06 04:00:00,0.0,0.0
2024-12-06 05:00:00,0.0,0.0
2024-12-06 06:00:00,0.0,0.0
2024-12-06 07:00:00,0.0,0.0
2024-12-06 08:00:00,0.0,0.0
2024-12-06 09:00:00,0.0,0.0
2024-12-06 10:00:00,0.10706884125635598,0.10706884125635598
2024-12-06 11:00:00,0.5316269251595424,0.5316269251595424
2024-12-06 12:00:00,0.7717399876432951,0.7717399876432951
2024-12-06 13:00:00,1.6079539118477746,1.6079539118477746
2024-12-06 14:00:00,2.359091686103407,2.359091686103407
2024-12-06 15:00:00,2.71320544279669,2.71320544279669
2024-12-06 16:00:00,3.5131468673644224,3.5131468673644224
2024-12-06 17:00:00,4.186151857373802,4.186151857373802
2024-12-06 18:00:00,3.3343804337807885,3.3343804337807885
2024-12-06 19:00:00,3.2269647089061935,3.2269647089061935
2024-12-06 20:00:00,4.090081298725353,4.090081298725353
2024-12-06 21:00:00,3.3139052158514084,3.3139052158514084
2024-12-06 22:00:00,0.0,0.0
2024-12-06 23:00:00,0.0,0.0
2024-12-07 00:00:00,0.0,0.0
2024-12-07 01:00:00,0.0,0.0
2024-12-07 02:00:00,0.0,0.0
2024-12-07 03:00:00,0.0,0.0
2024-12-07 04:00:00,0.0,0.0
2024-12-07 05:00:00,0.0,0.0
2024-12-07 06:00:00,0.0,0.0
2024-12-07 07:00:00,0.0,0.0
2024-12-07 08:00:00,0.0,0.0
2024-12-07 09:00:00,0.0,0.0
2024-12-07 10:00:00,0.0877789131789511,0.0877789131789511
2024-12-07 11:00:00,0.37440511003968385,0.37440511003968385
2024-12-07 12:00:00,0.5978627871178452,0.5978627871178452
2024-12-07 13:00:00,0.9957168794156644,0.9957168794156644
2024-12-07 14:00:00,1.4758185960381212,1.4758185960381212
2024-12-07 15:00:00,1.7684872892822427,1.7684872892822427
2024-12-07 16:00:00,2.6424863845651942,2.6424863845651942
2024-12-07 17:00:00,2.8602992764956405,2.8602992764956405
2024-12-07 18:00:00,2.764450480284512,2.764450480284512
2024-12-07 19:00:00,2.2976841195562043,2.2976841195562043
2024-12-07 20:00:00,2.8866952202348424,2.8866952202348424
2024-12-07 21:00:00,3.107474210362907,3.107474210362907
2024-12-07 22:00:00,0.0,0.0
2024-12-07 23:00:00,0.0,0.0
2024-12-08 00:00:00,0.0,0.0
2024-12-08 01:00:00,0.0,0.0
2024-12-08 02:00:00,0.0,0.0
2024-12-08 03:00:00,0.0,0.0
2024-12-08 04:00:00,0.0,0.0
2024-12-08 05:00:00,0.0,0.0
2024-12-08 06:00:00,0.0,0.0
2024-12-08 07:00:00,0.0,0.0
2024-12-08 08:00:00,0.0,0.0
2024-12-08 09:00:00,0.0,0.0
2024-12-08 10:00:00,0.07294770953269764,0.07294770953269764
2024-12-08 11:00:00,0.34247219770208054,0.34247219770208054
2024-12-08 12:00:00,0.6638888936741615,0.6638888936741615
2024-12-08 13:00:00,1.0947654326834828,1.0947654326834828
2024-12-08 14:00:00,1.7051088651644213,1.7051088651644213
2024-12-08 15:00:00,2.000363164908203,2.000363164908203
2024-12-08 16:00:00,2.5292657287305143,2.5292657287305143
2024-12-08 17:00:00,2.4527556766224103,2.4527556766224103
2024-12-08 18:00:00,2.4443107571594873,2.4443107571594873
2024-12-08 19:00:00,2.9193142062246547,2.9193142062246547
2024-12-08 20:00:00,2.479310426863892,2.479310426863892
2024-12-08 21:00:00,2.3791943546239716,2.3791943546239716
2024-12-08 22:00:00,0.0,0.0
2024-12-08 23:00:00,0.0,0.0
2024-12-09 00:00:00,0.0,0.0
2024-12-09 01:00:00,0.0,0.0
2024-12-09 02:00:00,0.0,0.0
2024-12-09 03:00:00,0.0,0.0
2024-12-09 04:00:00,0.0,0.0
2024-12-09 05:00:00,0.0,0.0
2024-12-09 06:00:00,0.0,0.0
2024-12-09 07:00:00,0.0,0.0
2024-12-09 08:00:00,0.0,0.0
2024-12-09 09:00:00,0.0,0.0
2024-12-09 10:00:00,0.09959759194123967,0.09959759194123967
2024-12-09 11:00:00,0.394696542091433,0.394696542091433
2024-12-09 12:00:00,0.8245523776907704,0.8245523776907704
2024-12-09 13:00:00,1.2287241540471794,1.2287241540471794
2024-12-09 14:00:00,2.092443399975922,2.092443399975922
2024-12-09 15:00:00,2.5637814067203695,2.5637814067203695
2024-12-09 16:00:00,3.1068346843395522,3.1068346843395522
2024-12-09 17:00:00,2.9103463651285937,2.9103463651285937
2024-12-09 18:00:00,3.0982038727100636,3.0982038727100636
2024-12-09 19:00:00,3.3712560923660413,3.3712560923660413
2024-12-09 20:00:00,2.925833903062364,2.925833903062364
2024-12-09 21:00:00,3.3299713227982473,3.3299713227982473
2024-12-09 22:00:00,0.0,0.0
2024-12-09 23:00:00,0.0,0.0
2024-12-10 00:00:00,0.0,0.0
2024-12-10 01:00:00,0.0,0.0
2024-12-10 02:00:00,0.0,0.0
2024-12-10 03:00:00,0.0,0.0
2024-12-10 04:00:00,0.0,0.0
2024-12-10 05:00:00,0.0,0.0
2024-12-10 06:00:00,0.0,0.0
2024-12-10 07:00:00,0.0,0.0
2024-12-10 08:00:00,0.0,0.0
2024-12-10 09:00:00,0.0,0.0
2024-12-10 10:00:00,0.11066838417215875,0.11066838417215875
2024-12-10 11:00:00,0.4804583270084269,0.4804583270084269
2024-12-10 12:00:00,0.8688666966555766,0.8688666966555766
2024-12-10 13:00:00,1.0727271666532663,1.0727271666532663
2024-12-10 14:00:00,1.8899012624336553,1.8899012624336553
2024-12-10 15:00:00,2.405318712386358,2.405318712386358
2024-12-10 16:00:00,3.275833287657594,3.275833287657594
2024-12-10 17:00:00,3.801193695199194,3.801193695199194
2024-12-10 18:00:00,2.609601384725108,2.609601384725108
2024-12-10 19:00:00,3.789374033277306,3.789374033277306
2024-12-10 20:00:00,3.4095787418843373,3.4095787418843373
2024-12-10 21:00:00,3.1401265399837985,3.1401265399837985
2024-12-10 22:00:00,0.0,0.0
2024-12-10 23:00:00,0.0,0.0
2024-12-11 00:00:00,0.0,0.0
2024-12-11 01:00:00,0.0,0.0
2024-12-11 02:00:00,0.0,0.0
2024-12-11 03:00:00,0.0,0.0
2024-12-11 04:00:00,0.0,0.0
2024-12-11 05:00:00,0.0,0.0
2024-12-11 06:00:00,0.0,0.0
2024-12-11 07:00:00,0.0,0.0
2024-12-11 08:00:00,0.0,0.0
2024-12-11 09:00:00,0.0,0.0
2024-12-11 10:00:00,0.11781000397857298,0.11781000397857298
2024-12-11 11:00:00,0.5217026746299953,0.5217026746299953
2024-12-11 12:00:00,0.7645669539229119,0.7645669539229119
2024-12-11 13:00:00,1.3514611946683002,1.3514611946683002
2024-12-11 14:00:00,2.517206539966431,2.517206539966431
2024-12-11 15:00:00,2.358357447851949,2.358357447851949
2024-12-11 16:00:00,3.810910422091581,3.810910422091581
2024-12-11 17:00:00,4.278603482706436,4.278603482706436
2024-12-11 18:00:00,3.144387504627424,3.144387504627424
2024-12-11 19:00:00,3.6036354333850733,3.6036354333850733
2024-12-11 20:00:00,3.4856251113718453,3.4856251113718453
2024-12-11 21:00:00,4.36540761203401,4.36540761203401
2024-12-11 22:00:00,0.0,0.0
2024-12-11 23:00:00,0.0,0.0
2024-12-12 00:00:00,0.0,0.0
2024-12-12 01:00:00,0.0,0.0
2024-12-12 02:00:00,0.0,0.0
2024-12-12 03:00:00,0.0,0.0
2024-12-12 04:00:00,0.0,0.0
2024-12-12 05:00:00,0.0,0.0
2024-12-12 06:00:00,0.0,0.0
2024-12-12 07:00:00,0.0,0.0
2024-12-12 08:00:00,0.0,0.0
2024-12-12 09:00:00,0.0,0.0
2024-12-12 10:00:00,0.11631565128340074,0.11631565128340074
2024-12-12 11:00:00,0.42029671547507524,0.42029671547507524
2024-12-12 12:00:00,0.8281785818140747,0.8281785818140747
2024-12-12 13:00:00,1.5767858894423137,1.5767858894423137
2024-12-12 14:00:00,2.3148482756654847,2.3148482756654847
2024-12-12 15:00:00,3.0266054024838294,3.0266054024838294
2024-12-12 16:00:00,3.58353638354983,3.58353638354983
2024-12-12 17:00:00,4.29008245206465,4.29008245206465
2024-12-12 18:00:00,3.7638206772100364,3.7638206772100364
2024-12-12 19:00:00,3.3638196338590203,3.3638196338590203
2024-12-12 20:00:00,3.761316534789786,3.761316534789786
2024-12-12 21:00:00,3.976534225451282,3.976534225451282
2024-12-12 22:00:00,0.0,0.0
2024-12-12 23:00:00,0.0,0.0
2024-12-13 00:00:00,0.0,0.0
2024-12-13 01:00:00,0.0,0.0
2024-12-13 02:00:00,0.0,0.0
2024-12-13 03:00:00,0.0,0.0
2024-12-13 04:00:00,0.0,0.0
2024-12-13 05:00:00,0.0,0.0
2024-12-13 06:00:00,0.0,0.0
2024-12-13 07:00:00,0.0,0.0
2024-12-13 08:00:00,0.0,0.0
2024-12-13 09:00:00,0.0,0.0
2024-12-13 10:00:00,0.10488849649080534,0.10488849649080534
2024-12-13 11:00:00,0.45627495167856874,0.45627495167856874
2024-12-13 12:00:00,0.9154705929016017,0.9154705929016017
2024-12-13 13:00:00,1.180753115061373,1.180753115061373
2024-12-13 14:00:00,2.0833077951792203,2.0833077951792203
2024-12-13 15:00:00,2.4824021107010403,2.4824021107010403
2024-12-13 16:00:00,3.696520536732962,3.696520536732962
2024-12-13 17:00:00,3.228984657076331,3.228984657076331
2024-12-13 18:00:00,2.952001844871933,2.952001844871933
2024-12-13 19:00:00,3.5984048802155,3.5984048802155
2024-12-13 20:00:00,4.057841663201345,4.057841663201345
2024-12-13 21:00:00,3.6620710696364682,3.6620710696364682
2024-12-13 22:00:00,0.0,0.0
2024-12-13 23:00:00,0.0,0.0
2024-12-14 00:00:00,0.0,0.0
2024-12-14 01:00:00,0.0,0.0
2024-12-14 02:00:00,0.0,0.0
2024-12-14 03:00:00,0.0,0.0
2024-12-14 04:00:00,0.0,0.0
2024-12-14 05:00:00,0.0,0.0
2024-12-14 06:00:00,0.0,0.0
2024-12-14 07:00:00,0.0,0.0
2024-12-14 08:00:00,0.0,0.0
2024-12-14 09:00:00,0.0,0.0
2024-12-14 10:00:00,0.08466466417706682,0.08466466417706682
2024-12-14 11:00:00,0.3086203661141695,0.3086203661141695
2024-12-14 12:00:00,0.549553514740897,0.549553514740897
2024-12-14 13:00:00,0.9100367908814022,0.9100367908814022
2024-12-14 14:00:00,1.5443151174126843,1.5443151174126843
2024-12-14 15:00:00,1.6070164297643659,1.6070164297643659
2024-12-14 16:00:00,2.4168189567631098,2.4168189567631098
2024-12-14 17:00:00,2.3683392033025346,2.3683392033025346
2024-12-14 18:00:00,2.4035316884551574,2.4035316884551574
2024-12-14 19:00:00,2.209075902079989,2.209075902079989
2024-12-14 20:00:00,2.1016435495615426,2.1016435495615426
2024-12-14 21:00:00,2.1556124138485884,2.1556124138485884
2024-12-14 22:00:00,0.0,0.0
2024-12-14 23:00:00,0.0,0.0
2024-12-15 00:00:00,0.0,0.0
2024-12-15 01:00:00,0.0,0.0
2024-12-15 02:00:00,0.0,0.0
2024-12-15 03:00:00,0.0,0.0
2024-12-15 04:00:00,0.0,0.0
2024-12-15 05:00:00,0.0,0.0
2024-12-15 06:00:00,0.0,0.0
2024-12-15 07:00:00,0.0,0.0
2024-12-15 08:00:00,0.0,0.0
2024-12-15 09:00:00,0.0,0.0
2024-12-15 10:00:00,0.09674027383033025,0.09674027383033025
2024-12-15 11:00:00,0.31576594941668695,0.31576594941668695
2024-12-15 12:00:00,0.5790954997183907,0.5790954997183907
2024-12-15 13:00:00,0.9273809432551784,0.9273809432551784
2024-12-15 14:00:00,1.5454474762545813,1.5454474762545813
2024-12-15 15:00:00,2.0140093041279767,2.0140093041279767
2024-12-15 16:00:00,2.2610080320216146,2.2610080320216146
2024-12-15 17:00:00,2.6918416133068157,2.6918416133068157
2024-12-15 18:00:00,2.4192128461957787,2.4192128461957787
2024-12-15 19:00:00,2.669553247161397,2.669553247161397
2024-12-15 20:00:00,2.6505255707900406,2.6505255707900406
2024-12-15 21:00:00,2.4065487892420605,2.4065487892420605
2024-12-15 22:00:00,0.0,0.0
2024-12-15 23:00:00,0.0,0.0
2024-12-16 00:00:00,0.0,0.0
2024-12-16 01:00:00,0.0,0.0
2024-12-16 02:00:00,0.0,0.0
2024-12-16 03:00:00,0.0,0.0
2024-12-16 04:00:00,0.0,0.0
2024-12-16 05:00:00,0.0,0.0
2024-12-16 06:00:00,0.0,0.0
2024-12-16 07:00:00,0.0,0.0
2024-12-16 08:00:00,0.0,0.0
2024-12-16 09:00:00,0.0,0.0
2024-12-16 10:00:00,0.12173941949203237,0.12173941949203237
2024-12-16 11:00:00,0.4919063874515473,0.4919063874515473
2024-12-16 12:00:00,0.7756325268760093,0.7756325268760093
2024-12-16 13:00:00,1.5517318274684044,1.5517318274684044
2024-12-16 14:00:00,2.354785088299244,2.354785088299244
2024-12-16 15:00:00,2.928804063714712,2.928804063714712
2024-12-16 16:00:00,2.9649696745420044,2.9649696745420044
2024-12-16 17:00:00,4.136600645034112,4.136600645034112
2024-12-16 18:00:00,3.7346637324309127,3.7346637324309127
2024-12-16 19:00:00,3.701965804668406,3.701965804668406
2024-12-16 20:00:00,4.129878470151721,4.129878470151721
2024-12-16 21:00:00,4.47449579450642,4.47449579450642
2024-12-16 22:00:00,0.0,0.0
2024-12-16 23:00:00,0.0,0.0
2024-12-17 00:00:00,0.0,0.0
2024-12-17 01:00:00,0.0,0.0
2024-12-17 02:00:00,0.0,0.0
2024-12-17 03:00:00,0.0,0.0
2024-12-17 04:00:00,0.0,0.0
2024-12-17 05:00:00,0.0,0.0
2024-12-17 06:00:00,0.0,0.0
2024-12-17 07:00:00,0.0,0.0
2024-12-17 08:00:00,0.0,0.0
2024-12-17 09:00:00,0.0,0.0
2024-12-17 10:00:00,0.1093563624535413,0.1093563624535413
2024-12-17 11:00:00,0.38838123125668983,0.38838123125668983
2024-12-17 12:00:00,0.8387023300370635,0.8387023300370635
2024-12-17 13:00:00,1.1680475610460241,1.1680475610460241
2024-12-17 14:00:00,1.6835371701352326,1.6835371701352326
2024-12-17 15:00:00,2.419410064934294,2.419410064934294
2024-12-17 16:00:00,3.331068421922933,3.331068421922933
2024-12-17 17:00:00,3.748555439473856,3.748555439473856
2024-12-17 18:00:00,2.6323683437924794,2.6323683437924794
2024-12-17 19:00:00,3.60402743474494,3.60402743474494
2024-12-17 20:00:00,3.119163788162673,3.119163788162673
2024-12-17 21:00:00,3.0723221505647587,3.0723221505647587
2024-12-17 22:00:00,0.0,0.0
2024-12-17 23:00:00,0.0,0.0
2024-12-18 00:00:00,0.0,0.0
2024-12-18 01:00:00,0.0,0.0
2024-12-18 02:00:00,0.0,0.0
2024-12-18 03:00:00,0.0,0.0
2024-12-18 04:00:00,0.0,0.0
2024-12-18 05:00:00,0.0,0.0
2024-12-18 06:00:00,0.0,0.0
2024-12-18 07:00:00,0.0,0.0
2024-12-18 08:00:00,0.0,0.0
2024-12-18 09:00:00,0.0,0.0
2024-12-18 10:00:00,0.11553381675689652,0.11553381675689652
2024-12-18 11:00:00,0.5012762196463533,0.5012762196463533
2024-12-18 12:00:00,0.8797213920204222,0.8797213920204222
2024-12-18 13:00:00,1.5275255058110127,1.5275255058110127
2024-12-18 14:00:00,2.362409814041878,2.362409814041878
2024-12-18 15:00:00,2.744890668988128,2.744890668988128
2024-12-18 16:00:00,3.4185385095375396,3.4185385095375396
2024-12-18 17:00:00,4.062596652835426,4.062596652835426
2024-12-18 18:00:00,3.6230876224816444,3.6230876224816444
2024-12-18 19:00:00,3.5711102453276244,3.5711102453276244
2024-12-18 20:00:00,3.5797853282538523,3.5797853282538523
2024-12-18 21:00:00,3.900978160872339,3.900978160872339
2024-12-18 22:00:00,0.0,0.0
2024-12-18 23:00:00,0.0,0.0
2024-12-19 00:00:00,0.0,0.0
2024-12-19 01:00:00,0.0,0.0
2024-12-19 02:00:00,0.0,0.0
2024-12-19 03:00:00,0.0,0.0
2024-12-19 04:00:00,0.0,0.0
2024-12-19 05:00:00,0.0,0.0
2024-12-19 06:00:00,0.0,0.0
2024-12-19 07:00:00,0.0,0.0
2024-12-19 08:00:00,0.0,0.0
2024-12-19 09:00:00,0.0,0.0
2024-12-19 10:00:00,0.13032043148480887,0.13032043148480887
2024-12-19 11:00:00,0.4284607577403247,0.4284607577403247
2024-12-19 12:00:00,0.9938170228694161,0.9938170228694161
2024-12-19 13:00:00,1.3096729790115846,1.3096729790115846
2024-12-19 14:00:00,2.277236940129699,2.277236940129699
2024-12-19 15:00:00,2.2620848405384235,2.2620848405384235
2024-12-19 16:00:00,3.694722294414806,3.694722294414806
2024-12-19 17:00:00,4.189416556066715,4.189416556066715
2024-12-19 18:00:00,3.3795987330897503,3.3795987330897503
2024-12-19 19:00:00,3.668169344994403,3.668169344994403
2024-12-19 20:00:00,4.081000985523343,4.081000985523343
2024-12-19 21:00:00,3.434424670947655,3.434424670947655
2024-12-19 22:00:00,0.0,0.0
2024-12-19 23:00:00,0.0,0.0
2024-12-20 00:00:00,0.0,0.0
2024-12-20 01:00:00,0.0,0.0
2024-12-20 02:00:00,0.0,0.0
2024-12-20 03:00:00,0.0,0.0
2024-12-20 04:00:00,0.0,0.0
2024-12-20 05:00:00,0.0,0.0
2024-12-20 06:00:00,0.0,0.0
2024-12-20 07:00:00,0.0,0.0
2024-12-20 08:00:00,0.0,0.0
2024-12-20 09:00:00,0.0,0.0
2024-12-20 10:00:00,0.13228276670921849,0.13228276670921849
2024-12-20 11:00:00,0.41380004648869934,0.41380004648869934
2024-12-20 12:00:00,0.9363399118478751,0.9363399118478751
2024-12-20 13:00:00,1.559756650357,1.559756650357
2024-12-20 14:00:00,1.9186124854712407,1.9186124854712407
2024-12-20 15:00:00,2.5914175159838586,2.5914175159838586
2024-12-20 16:00:00,3.691783275461047,3.691783275461047
2024-12-20 17:00:00,3.905773800631055,3.905773800631055
2024-12-20 18:00:00,3.0999412690630845,3.0999412690630845
2024-12-20 19:00:00,3.3709117220684606,3.3709117220684606
2024-12-20 20:00:00,3.4728123636138046,3.4728123636138046
2024-12-20 21:00:00,3.9264503235389356,3.9264503235389356
2024-12-20 22:00:00,0.0,0.0
2024-12-20 23:00:00,0.0,0.0
2024-12-21 00:00:00,0.0,0.0
2024-12-21 01:00:00,0.0,0.0
2024-12-21 02:00:00,0.0,0.0
2024-12-21 03:00:00,0.0,0.0
2024-12-21 04:00:00,0.0,0.0
2024-12-21 05:00:00,0.0,0.0
2024-12-21 06:00:00,0.0,0.0
2024-12-21 07:00:00,0.0,0.0
2024-12-21 08:00:00,0.0,0.0
2024-12-21 09:00:00,0.0,0.0
2024-12-21 10:00:00,0.0875430553644723,0.0875430553644723
2024-12-21 11:00:00,0.3124000439701518,0.3124000439701518
2024-12-21 12:00:00,0.6427210768878301,0.6427210768878301
2024-12-21 13:00:00,1.0930979568396297,1.0930979568396297
2024-12-21 14:00:00,1.6039807274640385,1.6039807274640385
2024-12-21 15:00:00,2.0308107410656246,2.0308107410656246
2024-12-21 16:00:00,2.243576305784784,2.243576305784784
2024-12-21 17:00:00,2.462675316734561,2.462675316734561
2024-12-21 18:00:00,2.105250327687018,2.105250327687018
2024-12-21 19:00:00,2.7073057973797034,2.7073057973797034
2024-12-21 20:00:00,2.896904598367958,2.896904598367958
2024-12-21 21:00:00,2.5118424232088734,2.5118424232088734
2024-12-21 22:00:00,0.0,0.0
2024-12-21 23:00:00,0.0,0.0
2024-12-22 00:00:00,0.0,0.0
2024-12-22 01:00:00,0.0,0.0
2024-12-22 02:00:00,0.0,0.0
2024-12-22 03:00:00,0.0,0.0
2024-12-22 04:00:00,0.0,0.0
2024-12-22 05:00:00,0.0,0.0
2024-12-22 06:00:00,0.0,0.0
2024-12-22 07:00:00,0.0,0.0
2024-12-22 08:00:00,0.0,0.0
2024-12-22 09:00:00,0.0,0.0
2024-12-22 10:00:00,0.09249432813334774,0.09249432813334774
2024-12-22 11:00:00,0.35126361975450565,0.35126361975450565
2024-12-22 12:00:00,0.6440702791192546,0.6440702791192546
2024-12-22 13:00:00,0.9982649634086335,0.9982649634086335
2024-12-22 14:00:00,1.7132159237685256,1.7132159237685256
2024-12-22 15:00:00,1.7436840237159572,1.7436840237159572
2024-12-22 16:00:00,2.2521644781885417,2.2521644781885417
2024-12-22 17:00:00,2.3330511132147658,2.3330511132147658
2024-12-22 18:00:00,2.711505945530151,2.711505945530151
2024-12-22 19:00:00,2.458583826483984,2.458583826483984
2024-12-22 20:00:00,3.066963696092415,3.066963696092415
2024-12-22 21:00:00,2.9888474550484707,2.9888474550484707
2024-12-22 22:00:00,0.0,0.0
2024-12-22 23:00:00,0.0,0.0
2024-12-23 00:00:00,0.0,0.0
2024-12-23 01:00:00,0.0,0.0
2024-12-23 02:00:00,0.0,0.0
2024-12-23 03:00:00,0.0,0.0
2024-12-23 04:00:00,0.0,0.0
2024-12-23 05:00:00,0.0,0.0
2024-12-23 06:00:00,0.0,0.0
2024-12-23 07:00:00,0.0,0.0
2024-12-23 08:00:00,0.0,0.0
2024-12-23 09:00:00,0.0,0.0
2024-12-23 10:00:00,0.13912636343438609,0.13912636343438609
2024-12-23 11:00:00,0.4589206522357821,0.4589206522357821
2024-12-23 12:00:00,0.8249420339960266,0.8249420339960266
2024-12-23 13:00:00,1.5304836835059505,1.5304836835059505
2024-12-23 14:00:00,2.176647579446881,2.176647579446881
2024-12-23 15:00:00,2.9346538163362754,2.9346538163362754
2024-12-23 16:00:00,2.8477620800199057,2.8477620800199057
2024-12-23 17:00:00,3.7977089917546687,3.7977089917546687
2024-12-23 18:00:00,2.9523288929920604,2.9523288929920604
2024-12-23 19:00:00,4.19387232296929,4.19387232296929
2024-12-23 20:00:00,3.6073508752953756,3.6073508752953756
2024-12-23 21:00:00,4.243730896998317,4.243730896998317
2024-12-23 22:00:00,0.0,0.0
2024-12-23 23:00:00,0.0,0.0
2024-12-24 00:00:00,0.0,0.0
2024-12-24 01:00:00,0.0,0.0
2024-12-24 02:00:00,0.0,0.0
2024-12-24 03:00:00,0.0,0.0
2024-12-24 04:00:00,0.0,0.0
2024-12-24 05:00:00,0.0,0.0
2024-12-24 06:00:00,0.0,0.0
2024-12-24 07:00:00,0.0,0.0
2024-12-24 08:00:00,0.0,0.0
2024-12-24 09:00:00,0.0,0.0
2024-12-24 10:00:00,0.1075035713779745,0.1075035713779745
2024-12-24 11:00:00,0.4410847570245822,0.4410847570245822
2024-12-24 12:00:00,0.8065405168820945,0.8065405168820945
2024-12-24 13:00:00,1.398312921067447,1.398312921067447
2024-12-24 14:00:00,2.209451308484829,2.209451308484829
2024-12-24 15:00:00,2.331862188288549,2.331862188288549
2024-12-24 16:00:00,3.288185816882109,3.288185816882109
2024-12-24 17:00:00,3.503675797418095,3.503675797418095
2024-12-24 18:00:00,3.433328157923448,3.433328157923448
2024-12-24 19:00:00,3.952334887219818,3.952334887219818
2024-12-24 20:00:00,3.1930634304923005,3.1930634304923005
2024-12-24 21:00:00,3.68359312218136,3.68359312218136
2024-12-24 22:00:00,0.0,0.0
2024-12-24 23:00:00,0.0,0.0
2024-12-25 00:00:00,0.0,0.0
2024-12-25 01:00:00,0.0,0.0
2024-12-25 02:00:00,0.0,0.0
2024-12-25 03:00:00,0.0,0.0
2024-12-25 04:00:00,0.0,0.0
2024-12-25 05:00:00,0.0,0.0
2024-12-25 06:00:00,0.0,0.0
2024-12-25 07:00:00,0.0,0.0
2024-12-25 08:00:00,0.0,0.0
2024-12-25 09:00:00,0.0,0.0
2024-12-25 10:00:00,0.09609208702123069,0.09609208702123069
2024-12-25 11:00:00,0.4660169811736298,0.4660169811736298
2024-12-25 12:00:00,0.7866746991858443,0.7866746991858443
2024-12-25 13:00:00,1.0815140321947556,1.0815140321947556
2024-12-25 14:00:00,2.044185234911408,2.044185234911408
2024-12-25 15:00:00,2.264172160480253,2.264172160480253
2024-12-25 16:00:00,2.72595340918309,2.72595340918309
2024-12-25 17:00:00,3.043144037513525,3.043144037513525
2024-12-25 18:00:00,2.549514554214025,2.549514554214025
2024-12-25 19:00:00,3.1318855641124004,3.1318855641124004
2024-12-25 20:00:00,3.6968800536377886,3.6968800536377886
2024-12-25 21:00:00,3.249120933505064,3.249120933505064
2024-12-25 22:00:00,0.0,0.0
2024-12-25 23:00:00,0.0,0.0
2024-12-26 00:00:00,0.0,0.0
2024-12-26 01:00:00,0.0,0.0
2024-12-26 02:00:00,0.0,0.0
2024-12-26 03:00:00,0.0,0.0
2024-12-26 04:00:00,0.0,0.0
2024-12-26 05:00:00,0.0,0.0
2024-12-26 06:00:00,0.0,0.0
2024-12-26 07:00:00,0.0,0.0
2024-12-26 08:00:00,0.0,0.0
2024-12-26 09:00:00,0.0,0.0
2024-12-26 10:00:00,0.1354947824457284,0.1354947824457284
2024-12-26 11:00:00,0.5030845282063567,0.5030845282063567
2024-12-26 12:00:00,0.7591700869351165,0.7591700869351165
2024-12-26 13:00:00,1.562989936009995,1.562989936009995
2024-12-26 14:00:00,2.3821975915933677,2.3821975915933677
2024-12-26 15:00:00,2.769017863047712,2.769017863047712
2024-12-26 16:00:00,3.1014883965456517,3.1014883965456517
2024-12-26 17:00:00,3.8941311653078188,3.8941311653078188
2024-12-26 18:00:00,3.398374029712,3.398374029712
2024-12-26 19:00:00,3.1675544934918873,3.1675544934918873
2024-12-26 20:00:00,3.9700436217770467,3.9700436217770467
2024-12-26 21:00:00,4.326011976029484,4.326011976029484
2024-12-26 22:00:00,0.0,0.0
2024-12-26 23:00:00,0.0,0.0
2024-12-27 00:00:00,0.0,0.0
2024-12-27 01:00:00,0.0,0.0
2024-12-27 02:00:00,0.0,0.0
2024-12-27 03:00:00,0.0,0.0
2024-12-27 04:00:00,0.0,0.0
2024-12-27 05:00:00,0.0,0.0
2024-12-27 06:00:00,0.0,0.0
2024-12-27 07:00:00,0.0,0.0
2024-12-27 08:00:00,0.0,0.0
2024-12-27 09:00:00,0.0,0.0
2024-12-27 10:00:00,0.13031957066569244,0.13031957066569244
2024-12-27 11:00:00,0.4686486840832648,0.4686486840832648
2024-12-27 12:00:00,0.8174427666818719,0.8174427666818719
2024-12-27 13:00:00,1.3460017128424902,1.3460017128424902
2024-12-27 14:00:00,2.2111993711311557,2.2111993711311557
2024-12-27 15:00:00,2.617872749744971,2.617872749744971
2024-12-27 16:00:00,3.2103691795580525,3.2103691795580525
2024-12-27 17:00:00,3.6277718398387133,3.6277718398387133
2024-12-27 18:00:00,3.5344051368049367,3.5344051368049367
2024-12-27 19:00:00,4.128320691671224,4.128320691671224
2024-12-27 20:00:00,3.586456444072495,3.586456444072495
2024-12-27 21:00:00,4.338960441140049,4.338960441140049
2024-12-27 22:00:00,0.0,0.0
2024-12-27 23:00:00,0.0,0.0
2024-12-28 00:00:00,0.0,0.0
2024-12-28 01:00:00,0.0,0.0
2024-12-28 02:00:00,0.0,0.0
2024-12-28 03:00:00,0.0,0.0
2024-12-28 04:00:00,0.0,0.0
2024-12-28 05:00:00,0.0,0.0
2024-12-28 06:00:00,0.0,0.0
2024-12-28 07:00:00,0.0,0.0
2024-12-28 08:00:00,0.0,0.0
2024-12-28 09:00:00,0.0,0.0
2024-12-28 10:00:00,0.08458866983556435,0.08458866983556435
2024-12-28 11:00:00,0.29172287555336773,0.29172287555336773
2024-12-28 12:00:00,0.6045453295517549,0.6045453295517549
2024-12-28 13:00:00,1.0440539577424095,1.0440539577424095
2024-12-28 14:00:00,1.4780718484335524,1.4780718484335524
2024-12-28 15:00:00,1.8910146689526968,1.8910146689526968
2024-12-28 16:00:00,2.1694179287357955,2.1694179287357955
2024-12-28 17:00:00,2.3598842706892422,2.3598842706892422
2024-12-28 18:00:00,2.668031310928706,2.668031310928706
2024-12-28 19:00:00,2.386722613365705,2.386722613365705
2024-12-28 20:00:00,2.72970733770339,2.72970733770339
2024-12-28 21:00:00,2.8187789439209983,2.8187789439209983
2024-12-28 22:00:00,0.0,0.0
2024-12-28 23:00:00,0.0,0.0
2024-12-29 00:00:00,0.0,0.0
2024-12-29 01:00:00,0.0,0.0
2024-12-29 02:00:00,0.0,0.0
2024-12-29 03:00:00,0.0,0.0
2024-12-29 04:00:00,0.0,0.0
2024-12-29 05:00:00,0.0,0.0
2024-12-29 06:00:00,0.0,0.0
2024-12-29 07:00:00,0.0,0.0
2024-12-29 08:00:00,0.0,0.0
2024-12-29 09:00:00,0.0,0.0
2024-12-29 10:00:00,0.08069132457041317,0.08069132457041317
2024-12-29 11:00:00,0.29171620420873723,0.29171620420873723
2024-12-29 12:00:00,0.6103909545014453,0.6103909545014453
2024-12-29 13:00:00,0.9075115489290121,0.9075115489290121
2024-12-29 14:00:00,1.2980032390175482,1.2980032390175482
2024-12-29 15:00:00,1.6904395762849176,1.6904395762849176
2024-12-29 16:00:00,2.4703286813727807,2.4703286813727807
2024-12-29 17:00:00,2.4886799352514437,2.4886799352514437
2024-12-29 18:00:00,2.4645375667308977,2.4645375667308977
2024-12-29 19:00:00,2.398606573272916,2.398606573272916
2024-12-29 20:00:00,2.1081270970794415,2.1081270970794415
2024-12-29 21:00:00,2.511729758246674,2.511729758246674
2024-12-29 22:00:00,0.0,0.0
2024-12-29 23:00:00,0.0,0.0
2024-12-30 00:00:00,0.0,0.0
2024-12-30 01:00:00,0.0,0.0
2024-12-30 02:00:00,0.0,0.0
2024-12-30 03:00:00,0.0,0.0
2024-12-30 04:00:00,0.0,0.0
2024-12-30 05:00:00,0.0,0.0
2024-12-30 06:00:00,0.0,0.0
2024-12-30 07:00:00,0.0,0.0
2024-12-30 08:00:00,0.0,0.0
2024-12-30 09:00:00,0.0,0.0
2024-12-30 10:00:00,0.09601603957663772,0.09601603957663772
2024-12-30 11:00:00,0.4517593687454281,0.4517593687454281
2024-12-30 12:00:00,0.9060234239065272,0.9060234239065272
2024-12-30 13:00:00,1.3151632618364921,1.3151632618364921
2024-12-30 14:00:00,2.0649772909029,2.0649772909029
2024-12-30 15:00:00,2.052158479315639,2.052158479315639
2024-12-30 16:00:00,3.2430474923006405,3.2430474923006405
2024-12-30 17:00:00,3.6797747652875707,3.6797747652875707
2024-12-30 18:00:00,3.011394751349507,3.011394751349507
2024-12-30 19:00:00,3.6763453019082615,3.6763453019082615
2024-12-30 20:00:00,3.4233612760933942,3.4233612760933942
2024-12-30 21:00:00,3.0076265799733903,3.0076265799733903
2024-12-30 22:00:00,0.0,0.0
2024-12-30 23:00:00,0.0,0.0
