timestamp,power_kw,energy_kwh
2024-01-01 00:00:00,0.0,0.0
2024-01-01 01:00:00,0.0,0.0
2024-01-01 02:00:00,0.0,0.0
2024-01-01 03:00:00,0.0,0.0
2024-01-01 04:00:00,0.0,0.0
2024-01-01 05:00:00,0.0,0.0
2024-01-01 06:00:00,0.0,0.0
2024-01-01 07:00:00,0.0,0.0
2024-01-01 08:00:00,0.0,0.0
2024-01-01 09:00:00,0.0,0.0
2024-01-01 10:00:00,0.13070564627747772,0.13070564627747772
2024-01-01 11:00:00,0.46763251204135114,0.46763251204135114
2024-01-01 12:00:00,0.8240370342468912,0.8240370342468912
2024-01-01 13:00:00,1.5974254997615593,1.5974254997615593
2024-01-01 14:00:00,2.2039382110285746,2.2039382110285746
2024-01-01 15:00:00,3.195259694203845,3.195259694203845
2024-01-01 16:00:00,3.3104546128574244,3.3104546128574244
2024-01-01 17:00:00,3.3682144564074235,3.3682144564074235
2024-01-01 18:00:00,3.553300943601395,3.553300943601395
2024-01-01 19:00:00,4.683057963889317,4.683057963889317
2024-01-01 20:00:00,4.1159114717765535,4.1159114717765535
2024-01-01 21:00:00,4.325308668756857,4.325308668756857
2024-01-01 22:00:00,0.0,0.0
2024-01-01 23:00:00,0.0,0.0
2024-01-02 00:00:00,0.0,0.0
2024-01-02 01:00:00,0.0,0.0
2024-01-02 02:00:00,0.0,0.0
2024-01-02 03:00:00,0.0,0.0
2024-01-02 04:00:00,0.0,0.0
2024-01-02 05:00:00,0.0,0.0
2024-01-02 06:00:00,0.0,0.0
2024-01-02 07:00:00,0.0,0.0
2024-01-02 08:00:00,0.0,0.0
2024-01-02 09:00:00,0.0,0.0
2024-01-02 10:00:00,0.1139904947345595,0.1139904947345595
2024-01-02 11:00:00,0.38802174474992196,0.38802174474992196
2024-01-02 12:00:00,1.0044643789709744,1.0044643789709744
2024-01-02 13:00:00,1.4886009106139948,1.4886009106139948
2024-01-02 14:00:00,1.9723104185007467,1.9723104185007467
2024-01-02 15:00:00,3.422204823292063,3.422204823292063
2024-01-02 16:00:00,3.3094362468452068,3.3094362468452068
2024-01-02 17:00:00,3.2886715864416987,3.2886715864416987
2024-01-02 18:00:00,3.3043830689724505,3.3043830689724505
2024-01-02 19:00:00,3.9028395866035317,3.9028395866035317
2024-01-02 20:00:00,3.6188251182894646,3.6188251182894646
2024-01-02 21:00:00,4.0935510564896695,4.0935510564896695
2024-01-02 22:00:00,0.0,0.0
2024-01-02 23:00:00,0.0,0.0
2024-01-03 00:00:00,0.0,0.0
2024-01-03 01:00:00,0.0,0.0
2024-01-03 02:00:00,0.0,0.0
2024-01-03 03:00:00,0.0,0.0
2024-01-03 04:00:00,0.0,0.0
2024-01-03 05:00:00,0.0,0.0
2024-01-03 06:00:00,0.0,0.0
2024-01-03 07:00:00,0.0,0.0
2024-01-03 08:00:00,0.0,0.0
2024-01-03 09:00:00,0.0,0.0
2024-01-03 10:00:00,0.1260743837790773,0.1260743837790773
2024-01-03 11:00:00,0.3955442585637881,0.3955442585637881
2024-01-03 12:00:00,0.7462756222384992,0.7462756222384992
2024-01-03 13:00:00,1.5142949262057048,1.5142949262057048
2024-01-03 14:00:00,1.830282992930537,1.830282992930537
2024-01-03 15:00:00,2.655274903491691,2.655274903491691
2024-01-03 16:00:00,2.540426900823832,2.540426900823832
2024-01-03 17:00:00,2.9736639091312083,2.9736639091312083
2024-01-03 18:00:00,3.607895557863659,3.607895557863659
2024-01-03 19:00:00,3.7462328573104453,3.7462328573104453
2024-01-03 20:00:00,2.9950632585597132,2.9950632585597132
2024-01-03 21:00:00,3.6716788558904803,3.6716788558904803
2024-01-03 22:00:00,0.0,0.0
2024-01-03 23:00:00,0.0,0.0
2024-01-04 00:00:00,0.0,0.0
2024-01-04 01:00:00,0.0,0.0
2024-01-04 02:00:00,0.0,0.0
2024-01-04 03:00:00,0.0,0.0
2024-01-04 04:00:00,0.0,0.0
2024-01-04 05:00:00,0.0,0.0
2024-01-04 06:00:00,0.0,0.0
2024-01-04 07:00:00,0.0,0.0
2024-01-04 08:00:00,0.0,0.0
2024-01-04 09:00:00,0.0,0.0
2024-01-04 10:00:00,0.12977617923441412,0.12977617923441412
2024-01-04 11:00:00,0.5028997391611469,0.5028997391611469
2024-01-04 12:00:00,0.8560976387671914,0.8560976387671914
2024-01-04 13:00:00,1.3129129467277447,1.3129129467277447
2024-01-04 14:00:00,2.514167757657784,2.514167757657784
2024-01-04 15:00:00,3.5922576178863985,3.5922576178863985
2024-01-04 16:00:00,3.3561362132589134,3.3561362132589134
2024-01-04 17:00:00,3.923803224945241,3.923803224945241
2024-01-04 18:00:00,3.0910273161454755,3.0910273161454755
2024-01-04 19:00:00,3.764177505551289,3.764177505551289
2024-01-04 20:00:00,3.9768105241860567,3.9768105241860567
2024-01-04 21:00:00,4.458626037578187,4.458626037578187
2024-01-04 22:00:00,0.0,0.0
2024-01-04 23:00:00,0.0,0.0
2024-01-05 00:00:00,0.0,0.0
2024-01-05 01:00:00,0.0,0.0
2024-01-05 02:00:00,0.0,0.0
2024-01-05 03:00:00,0.0,0.0
2024-01-05 04:00:00,0.0,0.0
2024-01-05 05:00:00,0.0,0.0
2024-01-05 06:00:00,0.0,0.0
2024-01-05 07:00:00,0.0,0.0
2024-01-05 08:00:00,0.0,0.0
2024-01-05 09:00:00,0.0,0.0
2024-01-05 10:00:00,0.10764632636900974,0.10764632636900974
2024-01-05 11:00:00,0.4444100748651093,0.4444100748651093
2024-01-05 12:00:00,0.6792829405568392,0.6792829405568392
2024-01-05 13:00:00,1.208081967626965,1.208081967626965
2024-01-05 14:00:00,1.7497130420379718,1.7497130420379718
2024-01-05 15:00:00,2.596340702793474,2.596340702793474
2024-01-05 16:00:00,2.943343662888679,2.943343662888679
2024-01-05 17:00:00,3.362989382923269,3.362989382923269
2024-01-05 18:00:00,2.9637216474745975,2.9637216474745975
2024-01-05 19:00:00,4.0151912218313255,4.0151912218313255
2024-01-05 20:00:00,3.5083683680668054,3.5083683680668054
2024-01-05 21:00:00,3.331859309970661,3.331859309970661
2024-01-05 22:00:00,0.0,0.0
2024-01-05 23:00:00,0.0,0.0
2024-01-06 00:00:00,0.0,0.0
2024-01-06 01:00:00,0.0,0.0
2024-01-06 02:00:00,0.0,0.0
2024-01-06 03:00:00,0.0,0.0
2024-01-06 04:00:00,0.0,0.0
2024-01-06 05:00:00,0.0,0.0
2024-01-06 06:00:00,0.0,0.0
2024-01-06 07:00:00,0.0,0.0
2024-01-06 08:00:00,0.0,0.0
2024-01-06 09:00:00,0.0,0.0
2024-01-06 10:00:00,0.08006957976905446,0.08006957976905446
2024-01-06 11:00:00,0.3303429844348144,0.3303429844348144
2024-01-06 12:00:00,0.5265502911246691,0.5265502911246691
2024-01-06 13:00:00,1.00640431252283,1.00640431252283
2024-01-06 14:00:00,1.5805055084354571,1.5805055084354571
2024-01-06 15:00:00,2.2499609595971632,2.2499609595971632
2024-01-06 16:00:00,2.174200120215789,2.174200120215789
2024-01-06 17:00:00,2.255282091792841,2.255282091792841
2024-01-06 18:00:00,2.5747880946730866,2.5747880946730866
2024-01-06 19:00:00,2.3381012109689454,2.3381012109689454
2024-01-06 20:00:00,2.389024495914161,2.389024495914161
2024-01-06 21:00:00,2.4680060266177413,2.4680060266177413
2024-01-06 22:00:00,0.0,0.0
2024-01-06 23:00:00,0.0,0.0
2024-01-07 00:00:00,0.0,0.0
2024-01-07 01:00:00,0.0,0.0
2024-01-07 02:00:00,0.0,0.0
2024-01-07 03:00:00,0.0,0.0
2024-01-07 04:00:00,0.0,0.0
2024-01-07 05:00:00,0.0,0.0
2024-01-07 06:00:00,0.0,0.0
2024-01-07 07:00:00,0.0,0.0
2024-01-07 08:00:00,0.0,0.0
2024-01-07 09:00:00,0.0,0.0
2024-01-07 10:00:00,0.09007015167441534,0.09007015167441534
2024-01-07 11:00:00,0.3562635980876381,0.3562635980876381
2024-01-07 12:00:00,0.6344008686996766,0.6344008686996766
2024-01-07 13:00:00,1.0675828068099025,1.0675828068099025
2024-01-07 14:00:00,1.438954706634419,1.438954706634419
2024-01-07 15:00:00,1.9439816763261786,1.9439816763261786
2024-01-07 16:00:00,2.3353268361862254,2.3353268361862254
2024-01-07 17:00:00,2.43578986556578,2.43578986556578
2024-01-07 18:00:00,2.58477116918598,2.58477116918598
2024-01-07 19:00:00,2.9737208988242796,2.9737208988242796
2024-01-07 20:00:00,2.411772675963647,2.411772675963647
2024-01-07 21:00:00,2.499611518160228,2.499611518160228
2024-01-07 22:00:00,0.0,0.0
2024-01-07 23:00:00,0.0,0.0
2024-01-08 00:00:00,0.0,0.0
2024-01-08 01:00:00,0.0,0.0
2024-01-08 02:00:00,0.0,0.0
2024-01-08 03:00:00,0.0,0.0
2024-01-08 04:00:00,0.0,0.0
2024-01-08 05:00:00,0.0,0.0
2024-01-08 06:00:00,0.0,0.0
2024-01-08 07:00:00,0.0,0.0
2024-01-08 08:00:00,0.0,0.0
2024-01-08 09:00:00,0.0,0.0
2024-01-08 10:00:00,0.12958803446134207,0.12958803446134207
2024-01-08 11:00:00,0.4010037641042857,0.4010037641042857
2024-01-08 12:00:00,0.8796151791319378,0.8796151791319378
2024-01-08 13:00:00,1.6135421171903144,1.6135421171903144
2024-01-08 14:00:00,2.5560278411543167,2.5560278411543167
2024-01-08 15:00:00,2.8727019774789597,2.8727019774789597
2024-01-08 16:00:00,3.284233259279091,3.284233259279091
2024-01-08 17:00:00,3.3034939947732798,3.3034939947732798
2024-01-08 18:00:00,3.6672885904425336,3.6672885904425336
2024-01-08 19:00:00,4.344877564157045,4.344877564157045
2024-01-08 20:00:00,3.323454400107743,3.323454400107743
2024-01-08 21:00:00,3.778252940463037,3.778252940463037
2024-01-08 22:00:00,0.0,0.0
2024-01-08 23:00:00,0.0,0.0
2024-01-09 00:00:00,0.0,0.0
2024-01-09 01:00:00,0.0,0.0
2024-01-09 02:00:00,0.0,0.0
2024-01-09 03:00:00,0.0,0.0
2024-01-09 04:00:00,0.0,0.0
2024-01-09 05:00:00,0.0,0.0
2024-01-09 06:00:00,0.0,0.0
2024-01-09 07:00:00,0.0,0.0
2024-01-09 08:00:00,0.0,0.0
2024-01-09 09:00:00,0.0,0.0
2024-01-09 10:00:00,0.09880333942740332,0.09880333942740332
2024-01-09 11:00:00,0.4745242564130353,0.4745242564130353
2024-01-09 12:00:00,0.8043802371189664,0.8043802371189664
2024-01-09 13:00:00,1.1534550120099636,1.1534550120099636
2024-01-09 14:00:00,2.306240860788686,2.306240860788686
2024-01-09 15:00:00,2.5355521020123506,2.5355521020123506
2024-01-09 16:00:00,2.912749767564073,2.912749767564073
2024-01-09 17:00:00,2.9500198885543805,2.9500198885543805
2024-01-09 18:00:00,3.34398671382384,3.34398671382384
2024-01-09 19:00:00,3.3012980826341933,3.3012980826341933
2024-01-09 20:00:00,3.70034371973931,3.70034371973931
2024-01-09 21:00:00,3.6416876660284405,3.6416876660284405
2024-01-09 22:00:00,0.0,0.0
2024-01-09 23:00:00,0.0,0.0
2024-01-10 00:00:00,0.0,0.0
2024-01-10 01:00:00,0.0,0.0
2024-01-10 02:00:00,0.0,0.0
2024-01-10 03:00:00,0.0,0.0
2024-01-10 04:00:00,0.0,0.0
2024-01-10 05:00:00,0.0,0.0
2024-01-10 06:00:00,0.0,0.0
2024-01-10 07:00:00,0.0,0.0
2024-01-10 08:00:00,0.0,0.0
2024-01-10 09:00:00,0.0,0.0
2024-01-10 10:00:00,0.10449934832750321,0.10449934832750321
2024-01-10 11:00:00,0.40715081436859607,0.40715081436859607
2024-01-10 12:00:00,0.7767348570888312,0.7767348570888312
2024-01-10 13:00:00,1.2082532302069147,1.2082532302069147
2024-01-10 14:00:00,2.0556463535296365,2.0556463535296365
2024-01-10 15:00:00,2.9759686868380832,2.9759686868380832
2024-01-10 16:00:00,2.551733884335221,2.551733884335221
2024-01-10 17:00:00,2.6922067526945352,2.6922067526945352
2024-01-10 18:00:00,3.1923135765311943,3.1923135765311943
2024-01-10 19:00:00,3.5205845512559475,3.5205845512559475
2024-01-10 20:00:00,3.6497204491235617,3.6497204491235617
2024-01-10 21:00:00,3.7461787978278136,3.7461787978278136
2024-01-10 22:00:00,0.0,0.0
2024-01-10 23:00:00,0.0,0.0
2024-01-11 00:00:00,0.0,0.0
2024-01-11 01:00:00,0.0,0.0
2024-01-11 02:00:00,0.0,0.0
2024-01-11 03:00:00,0.0,0.0
2024-01-11 04:00:00,0.0,0.0
2024-01-11 05:00:00,0.0,0.0
2024-01-11 06:00:00,0.0,0.0
2024-01-11 07:00:00,0.0,0.0
2024-01-11 08:00:00,0.0,0.0
2024-01-11 09:00:00,0.0,0.0
2024-01-11 10:00:00,0.10229386264720418,0.10229386264720418
2024-01-11 11:00:00,0.4490103717687747,0.4490103717687747
2024-01-11 12:00:00,0.8989019310748184,0.8989019310748184
2024-01-11 13:00:00,1.4732277001051515,1.4732277001051515
2024-01-11 14:00:00,2.0638620247444073,2.0638620247444073
2024-01-11 15:00:00,2.672440990111394,2.672440990111394
2024-01-11 16:00:00,3.4189497519664065,3.4189497519664065
2024-01-11 17:00:00,3.8620335307672313,3.8620335307672313
2024-01-11 18:00:00,3.2631650387960502,3.2631650387960502
2024-01-11 19:00:00,3.401481674091451,3.401481674091451
2024-01-11 20:00:00,3.5511291438597175,3.5511291438597175
2024-01-11 21:00:00,4.1615332449456535,4.1615332449456535
2024-01-11 22:00:00,0.0,0.0
2024-01-11 23:00:00,0.0,0.0
2024-01-12 00:00:00,0.0,0.0
2024-01-12 01:00:00,0.0,0.0
2024-01-12 02:00:00,0.0,0.0
2024-01-12 03:00:00,0.0,0.0
2024-01-12 04:00:00,0.0,0.0
2024-01-12 05:00:00,0.0,0.0
2024-01-12 06:00:00,0.0,0.0
2024-01-12 07:00:00,0.0,0.0
2024-01-12 08:00:00,0.0,0.0
2024-01-12 09:00:00,0.0,0.0
2024-01-12 10:00:00,0.09472315858662073,0.09472315858662073
2024-01-12 11:00:00,0.3682312383859504,0.3682312383859504
2024-01-12 12:00:00,0.775551576028983,0.775551576028983
2024-01-12 13:00:00,1.170361933339679,1.170361933339679
2024-01-12 14:00:00,1.7981448009353762,1.7981448009353762
2024-01-12 15:00:00,2.62353849151377,2.62353849151377
2024-01-12 16:00:00,2.3104998939888453,2.3104998939888453
2024-01-12 17:00:00,2.630810281660375,2.630810281660375
2024-01-12 18:00:00,3.1453414852692263,3.1453414852692263
2024-01-12 19:00:00,3.2458742081476326,3.2458742081476326
2024-01-12 20:00:00,2.6551414824160333,2.6551414824160333
2024-01-12 21:00:00,3.7663388498480836,3.7663388498480836
2024-01-12 22:00:00,0.0,0.0
2024-01-12 23:00:00,0.0,0.0
2024-01-13 00:00:00,0.0,0.0
2024-01-13 01:00:00,0.0,0.0
2024-01-13 02:00:00,0.0,0.0
2024-01-13 03:00:00,0.0,0.0
2024-01-13 04:00:00,0.0,0.0
2024-01-13 05:00:00,0.0,0.0
2024-01-13 06:00:00,0.0,0.0
2024-01-13 07:00:00,0.0,0.0
2024-01-13 08:00:00,0.0,0.0
2024-01-13 09:00:00,0.0,0.0
2024-01-13 10:00:00,0.07433139047077249,0.07433139047077249
2024-01-13 11:00:00,0.30355883340169804,0.30355883340169804
2024-01-13 12:00:00,0.6233027390734608,0.6233027390734608
2024-01-13 13:00:00,1.0168282512299671,1.0168282512299671
2024-01-13 14:00:00,1.2625472134861666,1.2625472134861666
2024-01-13 15:00:00,2.132233942504095,2.132233942504095
2024-01-13 16:00:00,1.7657296338207658,1.7657296338207658
2024-01-13 17:00:00,2.54485979149742,2.54485979149742
2024-01-13 18:00:00,2.2257477720032615,2.2257477720032615
2024-01-13 19:00:00,2.307318984569608,2.307318984569608
2024-01-13 20:00:00,1.9771720196759286,1.9771720196759286
2024-01-13 21:00:00,2.903123663771347,2.903123663771347
2024-01-13 22:00:00,0.0,0.0
2024-01-13 23:00:00,0.0,0.0
2024-01-14 00:00:00,0.0,0.0
2024-01-14 01:00:00,0.0,0.0
2024-01-14 02:00:00,0.0,0.0
2024-01-14 03:00:00,0.0,0.0
2024-01-14 04:00:00,0.0,0.0
2024-01-14 05:00:00,0.0,0.0
2024-01-14 06:00:00,0.0,0.0
2024-01-14 07:00:00,0.0,0.0
2024-01-14 08:00:00,0.0,0.0
2024-01-14 09:00:00,0.0,0.0
2024-01-14 10:00:00,0.07491040927212014,0.07491040927212014
2024-01-14 11:00:00,0.2527312372889113,0.2527312372889113
2024-01-14 12:00:00,0.6041961657557452,0.6041961657557452
2024-01-14 13:00:00,0.9902705711499028,0.9902705711499028
2024-01-14 14:00:00,1.4961091798908606,1.4961091798908606
2024-01-14 15:00:00,1.9250395556960909,1.9250395556960909
2024-01-14 16:00:00,2.158935249601056,2.158935249601056
2024-01-14 17:00:00,2.4766080572275095,2.4766080572275095
2024-01-14 18:00:00,2.0384659465599633,2.0384659465599633
2024-01-14 19:00:00,2.294668853072954,2.294668853072954
2024-01-14 20:00:00,2.4352369132290344,2.4352369132290344
2024-01-14 21:00:00,2.7480152107717366,2.7480152107717366
2024-01-14 22:00:00,0.0,0.0
2024-01-14 23:00:00,0.0,0.0
2024-01-15 00:00:00,0.0,0.0
2024-01-15 01:00:00,0.0,0.0
2024-01-15 02:00:00,0.0,0.0
2024-01-15 03:00:00,0.0,0.0
2024-01-15 04:00:00,0.0,0.0
2024-01-15 05:00:00,0.0,0.0
2024-01-15 06:00:00,0.0,0.0
2024-01-15 07:00:00,0.0,0.0
2024-01-15 08:00:00,0.0,0.0
2024-01-15 09:00:00,0.0,0.0
2024-01-15 10:00:00,0.12283267787713109,0.12283267787713109
2024-01-15 11:00:00,0.43255252102691016,0.43255252102691016
2024-01-15 12:00:00,0.8145942516601027,0.8145942516601027
2024-01-15 13:00:00,1.4464600477172822,1.4464600477172822
2024-01-15 14:00:00,2.3830153570312835,2.3830153570312835
2024-01-15 15:00:00,2.748828102273933,2.748828102273933
2024-01-15 16:00:00,2.8894196961992447,2.8894196961992447
2024-01-15 17:00:00,3.2907839292118317,3.2907839292118317
2024-01-15 18:00:00,3.0939234482739457,3.0939234482739457
2024-01-15 19:00:00,3.7402559254647807,3.7402559254647807
2024-01-15 20:00:00,2.895795132171386,2.895795132171386
2024-01-15 21:00:00,4.1494499356286,4.1494499356286
2024-01-15 22:00:00,0.0,0.0
2024-01-15 23:00:00,0.0,0.0
2024-01-16 00:00:00,0.0,0.0
2024-01-16 01:00:00,0.0,0.0
2024-01-16 02:00:00,0.0,0.0
2024-01-16 03:00:00,0.0,0.0
2024-01-16 04:00:00,0.0,0.0
2024-01-16 05:00:00,0.0,0.0
2024-01-16 06:00:00,0.0,0.0
2024-01-16 07:00:00,0.0,0.0
2024-01-16 08:00:00,0.0,0.0
2024-01-16 09:00:00,0.0,0.0
2024-01-16 10:00:00,0.12743917126031976,0.12743917126031976
2024-01-16 11:00:00,0.47070480483606786,0.47070480483606786
2024-01-16 12:00:00,0.8816178098529233,0.8816178098529233
2024-01-16 13:00:00,1.3838837770353474,1.3838837770353474
2024-01-16 14:00:00,2.245476132477462,2.245476132477462
2024-01-16 15:00:00,3.1115858817285154,3.1115858817285154
2024-01-16 16:00:00,3.2276688896754364,3.2276688896754364
2024-01-16 17:00:00,3.3629023814481833,3.3629023814481833
2024-01-16 18:00:00,2.883390179177171,2.883390179177171
2024-01-16 19:00:00,4.03718253740399,4.03718253740399
2024-01-16 20:00:00,2.999983702206961,2.999983702206961
2024-01-16 21:00:00,3.887530963936345,3.887530963936345
2024-01-16 22:00:00,0.0,0.0
2024-01-16 23:00:00,0.0,0.0
2024-01-17 00:00:00,0.0,0.0
2024-01-17 01:00:00,0.0,0.0
2024-01-17 02:00:00,0.0,0.0
2024-01-17 03:00:00,0.0,0.0
2024-01-17 04:00:00,0.0,0.0
2024-01-17 05:00:00,0.0,0.0
2024-01-17 06:00:00,0.0,0.0
2024-01-17 07:00:00,0.0,0.0
2024-01-17 08:00:00,0.0,0.0
2024-01-17 09:00:00,0.0,0.0
2024-01-17 10:00:00,0.09321161495896496,0.09321161495896496
2024-01-17 11:00:00,0.33709095553207685,0.33709095553207685
2024-01-17 12:00:00,0.797274312423201,0.797274312423201
2024-01-17 13:00:00,1.3533119791289876,1.3533119791289876
2024-01-17 14:00:00,2.077997786078186,2.077997786078186
2024-01-17 15:00:00,2.7694016133317616,2.7694016133317616
2024-01-17 16:00:00,2.8898705949114376,2.8898705949114376
2024-01-17 17:00:00,3.195254292494391,3.195254292494391
2024-01-17 18:00:00,2.8584634019597006,2.8584634019597006
2024-01-17 19:00:00,3.2746319232032812,3.2746319232032812
2024-01-17 20:00:00,2.71392939245346,2.71392939245346
2024-01-17 21:00:00,3.2580086297651363,3.2580086297651363
2024-01-17 22:00:00,0.0,0.0
2024-01-17 23:00:00,0.0,0.0
2024-01-18 00:00:00,0.0,0.0
2024-01-18 01:00:00,0.0,0.0
2024-01-18 02:00:00,0.0,0.0
2024-01-18 03:00:00,0.0,0.0
2024-01-18 04:00:00,0.0,0.0
2024-01-18 05:00:00,0.0,0.0
2024-01-18 06:00:00,0.0,0.0
2024-01-18 07:00:00,0.0,0.0
2024-01-18 08:00:00,0.0,0.0
2024-01-18 09:00:00,0.0,0.0
2024-01-18 10:00:00,0.13104290081941966,0.13104290081941966
2024-01-18 11:00:00,0.48550680097672894,0.48550680097672894
2024-01-18 12:00:00,0.9596258894748839,0.9596258894748839
2024-01-18 13:00:00,1.2279691972266984,1.2279691972266984
2024-01-18 14:00:00,2.0547921902483823,2.0547921902483823
2024-01-18 15:00:00,3.2221391175287524,3.2221391175287524
2024-01-18 16:00:00,2.8891698588589927,2.8891698588589927
2024-01-18 17:00:00,3.0309434881424724,3.0309434881424724
2024-01-18 18:00:00,3.6056782076446945,3.6056782076446945
2024-01-18 19:00:00,3.560992814429825,3.560992814429825
2024-01-18 20:00:00,3.798110762896231,3.798110762896231
2024-01-18 21:00:00,3.7296736074199286,3.7296736074199286
2024-01-18 22:00:00,0.0,0.0
2024-01-18 23:00:00,0.0,0.0
2024-01-19 00:00:00,0.0,0.0
2024-01-19 01:00:00,0.0,0.0
2024-01-19 02:00:00,0.0,0.0
2024-01-19 03:00:00,0.0,0.0
2024-01-19 04:00:00,0.0,0.0
2024-01-19 05:00:00,0.0,0.0
2024-01-19 06:00:00,0.0,0.0
2024-01-19 07:00:00,0.0,0.0
2024-01-19 08:00:00,0.0,0.0
2024-01-19 09:00:00,0.0,0.0
2024-01-19 10:00:00,0.10832334200643524,0.10832334200643524
2024-01-19 11:00:00,0.39795249580863323,0.39795249580863323
2024-01-19 12:00:00,0.8150137033767275,0.8150137033767275
2024-01-19 13:00:00,1.3412734480850352,1.3412734480850352
2024-01-19 14:00:00,1.9107651490713706,1.9107651490713706
2024-01-19 15:00:00,2.9215616370850808,2.9215616370850808
2024-01-19 16:00:00,2.6695198074355355,2.6695198074355355
2024-01-19 17:00:00,2.8276753820434224,2.8276753820434224
2024-01-19 18:00:00,3.082610070909037,3.082610070909037
2024-01-19 19:00:00,4.09474999938599,4.09474999938599
2024-01-19 20:00:00,3.266474572467194,3.266474572467194
2024-01-19 21:00:00,3.5947701440800994,3.5947701440800994
2024-01-19 22:00:00,0.0,0.0
2024-01-19 23:00:00,0.0,0.0
2024-01-20 00:00:00,0.0,0.0
2024-01-20 01:00:00,0.0,0.0
2024-01-20 02:00:00,0.0,0.0
2024-01-20 03:00:00,0.0,0.0
2024-01-20 04:00:00,0.0,0.0
2024-01-20 05:00:00,0.0,0.0
2024-01-20 06:00:00,0.0,0.0
2024-01-20 07:00:00,0.0,0.0
2024-01-20 08:00:00,0.0,0.0
2024-01-20 09:00:00,0.0,0.0
2024-01-20 10:00:00,0.07101521343658009,0.07101521343658009
2024-01-20 11:00:00,0.320894310597418,0.320894310597418
2024-01-20 12:00:00,0.5273733301239083,0.5273733301239083
2024-01-20 13:00:00,0.9538451169518245,0.9538451169518245
2024-01-20 14:00:00,1.5248224492134046,1.5248224492134046
2024-01-20 15:00:00,2.1488763156542916,2.1488763156542916
2024-01-20 16:00:00,1.8861748621563517,1.8861748621563517
2024-01-20 17:00:00,2.5928877456600254,2.5928877456600254
2024-01-20 18:00:00,2.2158292146649066,2.2158292146649066
2024-01-20 19:00:00,2.4502770767575237,2.4502770767575237
2024-01-20 20:00:00,2.37250931344656,2.37250931344656
2024-01-20 21:00:00,2.9523516368624034,2.9523516368624034
2024-01-20 22:00:00,0.0,0.0
2024-01-20 23:00:00,0.0,0.0
2024-01-21 00:00:00,0.0,0.0
2024-01-21 01:00:00,0.0,0.0
2024-01-21 02:00:00,0.0,0.0
2024-01-21 03:00:00,0.0,0.0
2024-01-21 04:00:00,0.0,0.0
2024-01-21 05:00:00,0.0,0.0
2024-01-21 06:00:00,0.0,0.0
2024-01-21 07:00:00,0.0,0.0
2024-01-21 08:00:00,0.0,0.0
2024-01-21 09:00:00,0.0,0.0
2024-01-21 10:00:00,0.07190873036109838,0.07190873036109838
2024-01-21 11:00:00,0.29623897736810556,0.29623897736810556
2024-01-21 12:00:00,0.6486215297348884,0.6486215297348884
2024-01-21 13:00:00,0.9703729316600213,0.9703729316600213
2024-01-21 14:00:00,1.5427233365955086,1.5427233365955086
2024-01-21 15:00:00,2.398856330604558,2.398856330604558
2024-01-21 16:00:00,2.2719198770585813,2.2719198770585813
2024-01-21 17:00:00,2.06741300266959,2.06741300266959
2024-01-21 18:00:00,2.476189178847432,2.476189178847432
2024-01-21 19:00:00,3.1810938163728504,3.1810938163728504
2024-01-21 20:00:00,2.7890134009854797,2.7890134009854797
2024-01-21 21:00:00,3.0637766864690454,3.0637766864690454
2024-01-21 22:00:00,0.0,0.0
2024-01-21 23:00:00,0.0,0.0
2024-01-22 00:00:00,0.0,0.0
2024-01-22 01:00:00,0.0,0.0
2024-01-22 02:00:00,0.0,0.0
2024-01-22 03:00:00,0.0,0.0
2024-01-22 04:00:00,0.0,0.0
2024-01-22 05:00:00,0.0,0.0
2024-01-22 06:00:00,0.0,0.0
2024-01-22 07:00:00,0.0,0.0
2024-01-22 08:00:00,0.0,0.0
2024-01-22 09:00:00,0.0,0.0
2024-01-22 10:00:00,0.08972052615298796,0.08972052615298796
2024-01-22 11:00:00,0.3390338374819631,0.3390338374819631
2024-01-22 12:00:00,0.7252141496644425,0.7252141496644425
2024-01-22 13:00:00,1.2573843301416097,1.2573843301416097
2024-01-22 14:00:00,2.263577084330242,2.263577084330242
2024-01-22 15:00:00,2.6182645038349355,2.6182645038349355
2024-01-22 16:00:00,2.6477309706679875,2.6477309706679875
2024-01-22 17:00:00,2.868153598414448,2.868153598414448
2024-01-22 18:00:00,2.9847080572167224,2.9847080572167224
2024-01-22 19:00:00,3.9958360303225704,3.9958360303225704
2024-01-22 20:00:00,2.866610660724773,2.866610660724773
2024-01-22 21:00:00,3.153435141640768,3.153435141640768
2024-01-22 22:00:00,0.0,0.0
2024-01-22 23:00:00,0.0,0.0
2024-01-23 00:00:00,0.0,0.0
2024-01-23 01:00:00,0.0,0.0
2024-01-23 02:00:00,0.0,0.0
2024-01-23 03:00:00,0.0,0.0
2024-01-23 04:00:00,0.0,0.0
2024-01-23 05:00:00,0.0,0.0
2024-01-23 06:00:00,0.0,0.0
2024-01-23 07:00:00,0.0,0.0
2024-01-23 08:00:00,0.0,0.0
2024-01-23 09:00:00,0.0,0.0
2024-01-23 10:00:00,0.10261232577947486,0.10261232577947486
2024-01-23 11:00:00,0.49800365353696013,0.49800365353696013
2024-01-23 12:00:00,0.7794034783356811,0.7794034783356811
2024-01-23 13:00:00,1.5895096276725755,1.5895096276725755
2024-01-23 14:00:00,2.4872393595426505,2.4872393595426505
2024-01-23 15:00:00,2.946916688899757,2.946916688899757
2024-01-23 16:00:00,3.0217852347572585,3.0217852347572585
2024-01-23 17:00:00,3.1874798735339125,3.1874798735339125
2024-01-23 18:00:00,3.53138101423082,3.53138101423082
2024-01-23 19:00:00,3.6105226026604136,3.6105226026604136
2024-01-23 20:00:00,3.7104499200309142,3.7104499200309142
2024-01-23 21:00:00,3.758780735513929,3.758780735513929
2024-01-23 22:00:00,0.0,0.0
2024-01-23 23:00:00,0.0,0.0
2024-01-24 00:00:00,0.0,0.0
2024-01-24 01:00:00,0.0,0.0
2024-01-24 02:00:00,0.0,0.0
2024-01-24 03:00:00,0.0,0.0
2024-01-24 04:00:00,0.0,0.0
2024-01-24 05:00:00,0.0,0.0
2024-01-24 06:00:00,0.0,0.0
2024-01-24 07:00:00,0.0,0.0
2024-01-24 08:00:00,0.0,0.0
2024-01-24 09:00:00,0.0,0.0
2024-01-24 10:00:00,0.10992382772281854,0.10992382772281854
2024-01-24 11:00:00,0.42275369927504197,0.42275369927504197
2024-01-24 12:00:00,0.8793137881039658,0.8793137881039658
2024-01-24 13:00:00,1.1639633640071378,1.1639633640071378
2024-01-24 14:00:00,1.8975239465198506,1.8975239465198506
2024-01-24 15:00:00,2.9682605449050485,2.9682605449050485
2024-01-24 16:00:00,3.361241450088498,3.361241450088498
2024-01-24 17:00:00,3.1983317273429623,3.1983317273429623
2024-01-24 18:00:00,2.76143671274829,2.76143671274829
2024-01-24 19:00:00,3.2520716479444,3.2520716479444
2024-01-24 20:00:00,2.9922750480607254,2.9922750480607254
2024-01-24 21:00:00,3.788770213282521,3.788770213282521
2024-01-24 22:00:00,0.0,0.0
2024-01-24 23:00:00,0.0,0.0
2024-01-25 00:00:00,0.0,0.0
2024-01-25 01:00:00,0.0,0.0
2024-01-25 02:00:00,0.0,0.0
2024-01-25 03:00:00,0.0,0.0
2024-01-25 04:00:00,0.0,0.0
2024-01-25 05:00:00,0.0,0.0
2024-01-25 06:00:00,0.0,0.0
2024-01-25 07:00:00,0.0,0.0
2024-01-25 08:00:00,0.0,0.0
2024-01-25 09:00:00,0.0,0.0
2024-01-25 10:00:00,0.12595055422027165,0.12595055422027165
2024-01-25 11:00:00,0.46016763659777105,0.46016763659777105
2024-01-25 12:00:00,0.7813522843389461,0.7813522843389461
2024-01-25 13:00:00,1.3683339287298955,1.3683339287298955
2024-01-25 14:00:00,2.5462813267413127,2.5462813267413127
2024-01-25 15:00:00,2.837204484402226,2.837204484402226
2024-01-25 16:00:00,2.9049711067938797,2.9049711067938797
2024-01-25 17:00:00,3.221007894250827,3.221007894250827
2024-01-25 18:00:00,3.4988427872185013,3.4988427872185013
2024-01-25 19:00:00,4.195196463711254,4.195196463711254
2024-01-25 20:00:00,3.5157019496395594,3.5157019496395594
2024-01-25 21:00:00,4.555284866635617,4.555284866635617
2024-01-25 22:00:00,0.0,0.0
2024-01-25 23:00:00,0.0,0.0
2024-01-26 00:00:00,0.0,0.0
2024-01-26 01:00:00,0.0,0.0
2024-01-26 02:00:00,0.0,0.0
2024-01-26 03:00:00,0.0,0.0
2024-01-26 04:00:00,0.0,0.0
2024-01-26 05:00:00,0.0,0.0
2024-01-26 06:00:00,0.0,0.0
2024-01-26 07:00:00,0.0,0.0
2024-01-26 08:00:00,0.0,0.0
2024-01-26 09:00:00,0.0,0.0
2024-01-26 10:00:00,0.09889913227777469,0.09889913227777469
2024-01-26 11:00:00,0.41725343780364577,0.41725343780364577
2024-01-26 12:00:00,0.8077215829197486,0.8077215829197486
2024-01-26 13:00:00,1.2133896911364819,1.2133896911364819
2024-01-26 14:00:00,2.153685741716044,2.153685741716044
2024-01-26 15:00:00,3.0647779236998236,3.0647779236998236
2024-01-26 16:00:00,2.8206793852616583,2.8206793852616583
2024-01-26 17:00:00,2.9216365350288336,2.9216365350288336
2024-01-26 18:00:00,3.416088627869606,3.416088627869606
2024-01-26 19:00:00,3.2239226287348344,3.2239226287348344
2024-01-26 20:00:00,3.419691056825533,3.419691056825533
2024-01-26 21:00:00,3.343305442134185,3.343305442134185
2024-01-26 22:00:00,0.0,0.0
2024-01-26 23:00:00,0.0,0.0
2024-01-27 00:00:00,0.0,0.0
2024-01-27 01:00:00,0.0,0.0
2024-01-27 02:00:00,0.0,0.0
2024-01-27 03:00:00,0.0,0.0
2024-01-27 04:00:00,0.0,0.0
2024-01-27 05:00:00,0.0,0.0
2024-01-27 06:00:00,0.0,0.0
2024-01-27 07:00:00,0.0,0.0
2024-01-27 08:00:00,0.0,0.0
2024-01-27 09:00:00,0.0,0.0
2024-01-27 10:00:00,0.09156757177564666,0.09156757177564666
2024-01-27 11:00:00,0.28781145267743535,0.28781145267743535
2024-01-27 12:00:00,0.6557405747222808,0.6557405747222808
2024-01-27 13:00:00,0.8965367393151086,0.8965367393151086
2024-01-27 14:00:00,1.850441143208647,1.850441143208647
2024-01-27 15:00:00,1.8687295829866355,1.8687295829866355
2024-01-27 16:00:00,2.2663962794374184,2.2663962794374184
2024-01-27 17:00:00,2.2860532871559713,2.2860532871559713
2024-01-27 18:00:00,2.774338485105702,2.774338485105702
2024-01-27 19:00:00,2.9346470305696553,2.9346470305696553
2024-01-27 20:00:00,2.649879401465134,2.649879401465134
2024-01-27 21:00:00,2.7263266873903835,2.7263266873903835
2024-01-27 22:00:00,0.0,0.0
2024-01-27 23:00:00,0.0,0.0
2024-01-28 00:00:00,0.0,0.0
2024-01-28 01:00:00,0.0,0.0
2024-01-28 02:00:00,0.0,0.0
2024-01-28 03:00:00,0.0,0.0
2024-01-28 04:00:00,0.0,0.0
2024-01-28 05:00:00,0.0,0.0
2024-01-28 06:00:00,0.0,0.0
2024-01-28 07:00:00,0.0,0.0
2024-01-28 08:00:00,0.0,0.0
2024-01-28 09:00:00,0.0,0.0
2024-01-28 10:00:00,0.09942006655025416,0.09942006655025416
2024-01-28 11:00:00,0.3178369279315919,0.3178369279315919
2024-01-28 12:00:00,0.5476937643000204,0.5476937643000204
2024-01-28 13:00:00,1.1477272659805784,1.1477272659805784
2024-01-28 14:00:00,1.4531945640129664,1.4531945640129664
2024-01-28 15:00:00,2.0331070613328146,2.0331070613328146
2024-01-28 16:00:00,2.2406250778280614,2.2406250778280614
2024-01-28 17:00:00,2.5069931970109045,2.5069931970109045
2024-01-28 18:00:00,2.643491102332827,2.643491102332827
2024-01-28 19:00:00,3.138471578764667,3.138471578764667
2024-01-28 20:00:00,2.219393323461644,2.219393323461644
2024-01-28 21:00:00,3.0235049052214817,3.0235049052214817
2024-01-28 22:00:00,0.0,0.0
2024-01-28 23:00:00,0.0,0.0
2024-01-29 00:00:00,0.0,0.0
2024-01-29 01:00:00,0.0,0.0
2024-01-29 02:00:00,0.0,0.0
2024-01-29 03:00:00,0.0,0.0
2024-01-29 04:00:00,0.0,0.0
2024-01-29 05:00:00,0.0,0.0
2024-01-29 06:00:00,0.0,0.0
2024-01-29 07:00:00,0.0,0.0
2024-01-29 08:00:00,0.0,0.0
2024-01-29 09:00:00,0.0,0.0
2024-01-29 10:00:00,0.10392673428124628,0.10392673428124628
2024-01-29 11:00:00,0.36501670598694236,0.36501670598694236
2024-01-29 12:00:00,0.8586830071399545,0.8586830071399545
2024-01-29 13:00:00,1.19476309212331,1.19476309212331
2024-01-29 14:00:00,2.043313341447994,2.043313341447994
2024-01-29 15:00:00,2.7742177938790973,2.7742177938790973
2024-01-29 16:00:00,2.748249044476067,2.748249044476067
2024-01-29 17:00:00,2.990472636336329,2.990472636336329
2024-01-29 18:00:00,3.072616381115832,3.072616381115832
2024-01-29 19:00:00,4.288333002723567,4.288333002723567
2024-01-29 20:00:00,3.888113901595325,3.888113901595325
2024-01-29 21:00:00,4.274458766488167,4.274458766488167
2024-01-29 22:00:00,0.0,0.0
2024-01-29 23:00:00,0.0,0.0
2024-01-30 00:00:00,0.0,0.0
2024-01-30 01:00:00,0.0,0.0
2024-01-30 02:00:00,0.0,0.0
2024-01-30 03:00:00,0.0,0.0
2024-01-30 04:00:00,0.0,0.0
2024-01-30 05:00:00,0.0,0.0
2024-01-30 06:00:00,0.0,0.0
2024-01-30 07:00:00,0.0,0.0
2024-01-30 08:00:00,0.0,0.0
2024-01-30 09:00:00,0.0,0.0
2024-01-30 10:00:00,0.1412255910248667,0.1412255910248667
2024-01-30 11:00:00,0.5047670575666704,0.5047670575666704
2024-01-30 12:00:00,0.7856719003510737,0.7856719003510737
2024-01-30 13:00:00,1.2682719038537387,1.2682719038537387
2024-01-30 14:00:00,2.1003944739429086,2.1003944739429086
2024-01-30 15:00:00,2.7138251819274113,2.7138251819274113
2024-01-30 16:00:00,2.9445259414464386,2.9445259414464386
2024-01-30 17:00:00,4.04787464042078,4.04787464042078
2024-01-30 18:00:00,3.7866094495740024,3.7866094495740024
2024-01-30 19:00:00,4.687851348051099,4.687851348051099
2024-01-30 20:00:00,4.054546471113244,4.054546471113244
2024-01-30 21:00:00,3.8994667822053564,3.8994667822053564
2024-01-30 22:00:00,0.0,0.0
2024-01-30 23:00:00,0.0,0.0
2024-01-31 00:00:00,0.0,0.0
2024-01-31 01:00:00,0.0,0.0
2024-01-31 02:00:00,0.0,0.0
2024-01-31 03:00:00,0.0,0.0
2024-01-31 04:00:00,0.0,0.0
2024-01-31 05:00:00,0.0,0.0
2024-01-31 06:00:00,0.0,0.0
2024-01-31 07:00:00,0.0,0.0
2024-01-31 08:00:00,0.0,0.0
2024-01-31 09:00:00,0.0,0.0
2024-01-31 10:00:00,0.10707826140122785,0.10707826140122785
2024-01-31 11:00:00,0.3839565212906273,0.3839565212906273
2024-01-31 12:00:00,0.7511875971160142,0.7511875971160142
2024-01-31 13:00:00,1.2250167413963553,1.2250167413963553
2024-01-31 14:00:00,1.8213464438533193,1.8213464438533193
2024-01-31 15:00:00,2.770400272735896,2.770400272735896
2024-01-31 16:00:00,2.5983131904456847,2.5983131904456847
2024-01-31 17:00:00,3.3070166694896774,3.3070166694896774
2024-01-31 18:00:00,3.535075376435868,3.535075376435868
2024-01-31 19:00:00,3.368654096128064,3.368654096128064
2024-01-31 20:00:00,3.316450356913138,3.316450356913138
2024-01-31 21:00:00,4.273832516514852,4.273832516514852
2024-01-31 22:00:00,0.0,0.0
2024-01-31 23:00:00,0.0,0.0
2024-02-01 00:00:00,0.0,0.0
2024-02-01 01:00:00,0.0,0.0
2024-02-01 02:00:00,0.0,0.0
2024-02-01 03:00:00,0.0,0.0
2024-02-01 04:00:00,0.0,0.0
2024-02-01 05:00:00,0.0,0.0
2024-02-01 06:00:00,0.0,0.0
2024-02-01 07:00:00,0.0,0.0
2024-02-01 08:00:00,0.0,0.0
2024-02-01 09:00:00,0.0,0.0
2024-02-01 10:00:00,0.10921773117984178,0.10921773117984178
2024-02-01 11:00:00,0.42138061364626817,0.42138061364626817
2024-02-01 12:00:00,0.9442444202767997,0.9442444202767997
2024-02-01 13:00:00,1.6894158737036367,1.6894158737036367
2024-02-01 14:00:00,2.1778063077039467,2.1778063077039467
2024-02-01 15:00:00,3.254838633610004,3.254838633610004
2024-02-01 16:00:00,2.9650204386337244,2.9650204386337244
2024-02-01 17:00:00,3.9654440045497057,3.9654440045497057
2024-02-01 18:00:00,3.602477818420841,3.602477818420841
2024-02-01 19:00:00,4.337897893872184,4.337897893872184
2024-02-01 20:00:00,3.460016304765509,3.460016304765509
2024-02-01 21:00:00,4.854438975718198,4.854438975718198
2024-02-01 22:00:00,0.0,0.0
2024-02-01 23:00:00,0.0,0.0
2024-02-02 00:00:00,0.0,0.0
2024-02-02 01:00:00,0.0,0.0
2024-02-02 02:00:00,0.0,0.0
2024-02-02 03:00:00,0.0,0.0
2024-02-02 04:00:00,0.0,0.0
2024-02-02 05:00:00,0.0,0.0
2024-02-02 06:00:00,0.0,0.0
2024-02-02 07:00:00,0.0,0.0
2024-02-02 08:00:00,0.0,0.0
2024-02-02 09:00:00,0.0,0.0
2024-02-02 10:00:00,0.09966426660794471,0.09966426660794471
2024-02-02 11:00:00,0.41350297678516784,0.41350297678516784
2024-02-02 12:00:00,0.7127763589674712,0.7127763589674712
2024-02-02 13:00:00,1.3881929001176974,1.3881929001176974
2024-02-02 14:00:00,1.8232548085369844,1.8232548085369844
2024-02-02 15:00:00,2.843632340843959,2.843632340843959
2024-02-02 16:00:00,2.5785060002192774,2.5785060002192774
2024-02-02 17:00:00,3.519269367097455,3.519269367097455
2024-02-02 18:00:00,2.9394906715815785,2.9394906715815785
2024-02-02 19:00:00,3.3403774358403067,3.3403774358403067
2024-02-02 20:00:00,3.2805564899765565,3.2805564899765565
2024-02-02 21:00:00,3.874350577149826,3.874350577149826
2024-02-02 22:00:00,0.0,0.0
2024-02-02 23:00:00,0.0,0.0
2024-02-03 00:00:00,0.0,0.0
2024-02-03 01:00:00,0.0,0.0
2024-02-03 02:00:00,0.0,0.0
2024-02-03 03:00:00,0.0,0.0
2024-02-03 04:00:00,0.0,0.0
2024-02-03 05:00:00,0.0,0.0
2024-02-03 06:00:00,0.0,0.0
2024-02-03 07:00:00,0.0,0.0
2024-02-03 08:00:00,0.0,0.0
2024-02-03 09:00:00,0.0,0.0
2024-02-03 10:00:00,0.0815639505540506,0.0815639505540506
2024-02-03 11:00:00,0.29979400464172423,0.29979400464172423
2024-02-03 12:00:00,0.6488295530054002,0.6488295530054002
2024-02-03 13:00:00,1.131074223593434,1.131074223593434
2024-02-03 14:00:00,1.7869794032651027,1.7869794032651027
2024-02-03 15:00:00,2.293561176874697,2.293561176874697
2024-02-03 16:00:00,2.300997362367666,2.300997362367666
2024-02-03 17:00:00,2.5200474560306554,2.5200474560306554
2024-02-03 18:00:00,2.2209545104918824,2.2209545104918824
2024-02-03 19:00:00,3.148840333562054,3.148840333562054
2024-02-03 20:00:00,2.2169398892864303,2.2169398892864303
2024-02-03 21:00:00,2.5961903316444706,2.5961903316444706
2024-02-03 22:00:00,0.0,0.0
2024-02-03 23:00:00,0.0,0.0
2024-02-04 00:00:00,0.0,0.0
2024-02-04 01:00:00,0.0,0.0
2024-02-04 02:00:00,0.0,0.0
2024-02-04 03:00:00,0.0,0.0
2024-02-04 04:00:00,0.0,0.0
2024-02-04 05:00:00,0.0,0.0
2024-02-04 06:00:00,0.0,0.0
2024-02-04 07:00:00,0.0,0.0
2024-02-04 08:00:00,0.0,0.0
2024-02-04 09:00:00,0.0,0.0
2024-02-04 10:00:00,0.08363607589104029,0.08363607589104029
2024-02-04 11:00:00,0.28653661597091906,0.28653661597091906
2024-02-04 12:00:00,0.5643664899069398,0.5643664899069398
2024-02-04 13:00:00,1.0095246270341995,1.0095246270341995
2024-02-04 14:00:00,1.398664593012819,1.398664593012819
2024-02-04 15:00:00,1.8301017743487396,1.8301017743487396
2024-02-04 16:00:00,2.3626381244509576,2.3626381244509576
2024-02-04 17:00:00,2.265992346870758,2.265992346870758
2024-02-04 18:00:00,2.0855676848081877,2.0855676848081877
2024-02-04 19:00:00,2.3639262041707387,2.3639262041707387
2024-02-04 20:00:00,2.469587748512254,2.469587748512254
2024-02-04 21:00:00,2.4363576270284804,2.4363576270284804
2024-02-04 22:00:00,0.0,0.0
2024-02-04 23:00:00,0.0,0.0
2024-02-05 00:00:00,0.0,0.0
2024-02-05 01:00:00,0.0,0.0
2024-02-05 02:00:00,0.0,0.0
2024-02-05 03:00:00,0.0,0.0
2024-02-05 04:00:00,0.0,0.0
2024-02-05 05:00:00,0.0,0.0
2024-02-05 06:00:00,0.0,0.0
2024-02-05 07:00:00,0.0,0.0
2024-02-05 08:00:00,0.0,0.0
2024-02-05 09:00:00,0.0,0.0
2024-02-05 10:00:00,0.10575000720769424,0.10575000720769424
2024-02-05 11:00:00,0.45283461951307025,0.45283461951307025
2024-02-05 12:00:00,0.9564881266731122,0.9564881266731122
2024-02-05 13:00:00,1.312495547284231,1.312495547284231
2024-02-05 14:00:00,2.418108271352378,2.418108271352378
2024-02-05 15:00:00,3.2375461244844863,3.2375461244844863
2024-02-05 16:00:00,3.3962239656665774,3.3962239656665774
2024-02-05 17:00:00,3.819353026039327,3.819353026039327
2024-02-05 18:00:00,3.2209929402092765,3.2209929402092765
2024-02-05 19:00:00,4.092479385488425,4.092479385488425
2024-02-05 20:00:00,3.889523192794387,3.889523192794387
2024-02-05 21:00:00,4.2460166910954475,4.2460166910954475
2024-02-05 22:00:00,0.0,0.0
2024-02-05 23:00:00,0.0,0.0
2024-02-06 00:00:00,0.0,0.0
2024-02-06 01:00:00,0.0,0.0
2024-02-06 02:00:00,0.0,0.0
2024-02-06 03:00:00,0.0,0.0
2024-02-06 04:00:00,0.0,0.0
2024-02-06 05:00:00,0.0,0.0
2024-02-06 06:00:00,0.0,0.0
2024-02-06 07:00:00,0.0,0.0
2024-02-06 08:00:00,0.0,0.0
2024-02-06 09:00:00,0.0,0.0
2024-02-06 10:00:00,0.09824525160645084,0.09824525160645084
2024-02-06 11:00:00,0.3868092398620886,0.3868092398620886
2024-02-06 12:00:00,0.7339994765918879,0.7339994765918879
2024-02-06 13:00:00,1.176383181203418,1.176383181203418
2024-02-06 14:00:00,2.191780153521328,2.191780153521328
2024-02-06 15:00:00,2.365376638664055,2.365376638664055
2024-02-06 16:00:00,2.346706803344523,2.346706803344523
2024-02-06 17:00:00,2.816609468457669,2.816609468457669
2024-02-06 18:00:00,2.845355540040625,2.845355540040625
2024-02-06 19:00:00,3.2761838627114717,3.2761838627114717
2024-02-06 20:00:00,3.2921565342775563,3.2921565342775563
2024-02-06 21:00:00,3.9961495966146408,3.9961495966146408
2024-02-06 22:00:00,0.0,0.0
2024-02-06 23:00:00,0.0,0.0
2024-02-07 00:00:00,0.0,0.0
2024-02-07 01:00:00,0.0,0.0
2024-02-07 02:00:00,0.0,0.0
2024-02-07 03:00:00,0.0,0.0
2024-02-07 04:00:00,0.0,0.0
2024-02-07 05:00:00,0.0,0.0
2024-02-07 06:00:00,0.0,0.0
2024-02-07 07:00:00,0.0,0.0
2024-02-07 08:00:00,0.0,0.0
2024-02-07 09:00:00,0.0,0.0
2024-02-07 10:00:00,0.13419345065031327,0.13419345065031327
2024-02-07 11:00:00,0.504082636212941,0.504082636212941
2024-02-07 12:00:00,0.9022553363207515,0.9022553363207515
2024-02-07 13:00:00,1.6502119458659126,1.6502119458659126
2024-02-07 14:00:00,2.0775203181963846,2.0775203181963846
2024-02-07 15:00:00,2.9693266566586236,2.9693266566586236
2024-02-07 16:00:00,2.952021472283972,2.952021472283972
2024-02-07 17:00:00,3.895299391939663,3.895299391939663
2024-02-07 18:00:00,3.0979692587312266,3.0979692587312266
2024-02-07 19:00:00,4.364221563799907,4.364221563799907
2024-02-07 20:00:00,4.214277490206098,4.214277490206098
2024-02-07 21:00:00,4.568871019768219,4.568871019768219
2024-02-07 22:00:00,0.0,0.0
2024-02-07 23:00:00,0.0,0.0
2024-02-08 00:00:00,0.0,0.0
2024-02-08 01:00:00,0.0,0.0
2024-02-08 02:00:00,0.0,0.0
2024-02-08 03:00:00,0.0,0.0
2024-02-08 04:00:00,0.0,0.0
2024-02-08 05:00:00,0.0,0.0
2024-02-08 06:00:00,0.0,0.0
2024-02-08 07:00:00,0.0,0.0
2024-02-08 08:00:00,0.0,0.0
2024-02-08 09:00:00,0.0,0.0
2024-02-08 10:00:00,0.11588622139030265,0.11588622139030265
2024-02-08 11:00:00,0.35060059819492323,0.35060059819492323
2024-02-08 12:00:00,0.8814153199061519,0.8814153199061519
2024-02-08 13:00:00,1.4153044276230247,1.4153044276230247
2024-02-08 14:00:00,2.2146891373860162,2.2146891373860162
2024-02-08 15:00:00,2.434063133099651,2.434063133099651
2024-02-08 16:00:00,2.377552183654593,2.377552183654593
2024-02-08 17:00:00,2.7979443093815464,2.7979443093815464
2024-02-08 18:00:00,2.7679565794366914,2.7679565794366914
2024-02-08 19:00:00,3.2567180175083976,3.2567180175083976
2024-02-08 20:00:00,3.155799533668347,3.155799533668347
2024-02-08 21:00:00,3.2120711386205523,3.2120711386205523
2024-02-08 22:00:00,0.0,0.0
2024-02-08 23:00:00,0.0,0.0
2024-02-09 00:00:00,0.0,0.0
2024-02-09 01:00:00,0.0,0.0
2024-02-09 02:00:00,0.0,0.0
2024-02-09 03:00:00,0.0,0.0
2024-02-09 04:00:00,0.0,0.0
2024-02-09 05:00:00,0.0,0.0
2024-02-09 06:00:00,0.0,0.0
2024-02-09 07:00:00,0.0,0.0
2024-02-09 08:00:00,0.0,0.0
2024-02-09 09:00:00,0.0,0.0
2024-02-09 10:00:00,0.1028159332828436,0.1028159332828436
2024-02-09 11:00:00,0.43651338308709586,0.43651338308709586
2024-02-09 12:00:00,0.7796766388491051,0.7796766388491051
2024-02-09 13:00:00,1.3002523629990472,1.3002523629990472
2024-02-09 14:00:00,1.9387418182941714,1.9387418182941714
2024-02-09 15:00:00,2.4909033088147887,2.4909033088147887
2024-02-09 16:00:00,2.8486225913955217,2.8486225913955217
2024-02-09 17:00:00,3.728302301240492,3.728302301240492
2024-02-09 18:00:00,3.302703955546495,3.302703955546495
2024-02-09 19:00:00,3.7870199546104173,3.7870199546104173
2024-02-09 20:00:00,3.2657335309344453,3.2657335309344453
2024-02-09 21:00:00,4.449910896158764,4.449910896158764
2024-02-09 22:00:00,0.0,0.0
2024-02-09 23:00:00,0.0,0.0
2024-02-10 00:00:00,0.0,0.0
2024-02-10 01:00:00,0.0,0.0
2024-02-10 02:00:00,0.0,0.0
2024-02-10 03:00:00,0.0,0.0
2024-02-10 04:00:00,0.0,0.0
2024-02-10 05:00:00,0.0,0.0
2024-02-10 06:00:00,0.0,0.0
2024-02-10 07:00:00,0.0,0.0
2024-02-10 08:00:00,0.0,0.0
2024-02-10 09:00:00,0.0,0.0
2024-02-10 10:00:00,0.08089315086785073,0.08089315086785073
2024-02-10 11:00:00,0.27289522060494686,0.27289522060494686
2024-02-10 12:00:00,0.6321062955829609,0.6321062955829609
2024-02-10 13:00:00,0.9001625977126971,0.9001625977126971
2024-02-10 14:00:00,1.427258975661647,1.427258975661647
2024-02-10 15:00:00,2.107750931462574,2.107750931462574
2024-02-10 16:00:00,2.4788722019920217,2.4788722019920217
2024-02-10 17:00:00,2.4154830627742827,2.4154830627742827
2024-02-10 18:00:00,2.480552709162097,2.480552709162097
2024-02-10 19:00:00,2.4475536654000836,2.4475536654000836
2024-02-10 20:00:00,2.74804611866181,2.74804611866181
2024-02-10 21:00:00,3.114000924307099,3.114000924307099
2024-02-10 22:00:00,0.0,0.0
2024-02-10 23:00:00,0.0,0.0
2024-02-11 00:00:00,0.0,0.0
2024-02-11 01:00:00,0.0,0.0
2024-02-11 02:00:00,0.0,0.0
2024-02-11 03:00:00,0.0,0.0
2024-02-11 04:00:00,0.0,0.0
2024-02-11 05:00:00,0.0,0.0
2024-02-11 06:00:00,0.0,0.0
2024-02-11 07:00:00,0.0,0.0
2024-02-11 08:00:00,0.0,0.0
2024-02-11 09:00:00,0.0,0.0
2024-02-11 10:00:00,0.09683116921352114,0.09683116921352114
2024-02-11 11:00:00,0.3492133861145364,0.3492133861145364
2024-02-11 12:00:00,0.5989417795375457,0.5989417795375457
2024-02-11 13:00:00,0.9886322567982282,0.9886322567982282
2024-02-11 14:00:00,1.5634798655679287,1.5634798655679287
2024-02-11 15:00:00,2.385469037168039,2.385469037168039
2024-02-11 16:00:00,1.927906762903651,1.927906762903651
2024-02-11 17:00:00,2.419026126185769,2.419026126185769
2024-02-11 18:00:00,2.3768787059051286,2.3768787059051286
2024-02-11 19:00:00,2.7936821414065687,2.7936821414065687
2024-02-11 20:00:00,2.3813548379727045,2.3813548379727045
2024-02-11 21:00:00,2.8921219935460725,2.8921219935460725
2024-02-11 22:00:00,0.0,0.0
2024-02-11 23:00:00,0.0,0.0
2024-02-12 00:00:00,0.0,0.0
2024-02-12 01:00:00,0.0,0.0
2024-02-12 02:00:00,0.0,0.0
2024-02-12 03:00:00,0.0,0.0
2024-02-12 04:00:00,0.0,0.0
2024-02-12 05:00:00,0.0,0.0
2024-02-12 06:00:00,0.0,0.0
2024-02-12 07:00:00,0.0,0.0
2024-02-12 08:00:00,0.0,0.0
2024-02-12 09:00:00,0.0,0.0
2024-02-12 10:00:00,0.11680600496897492,0.11680600496897492
2024-02-12 11:00:00,0.451092597184318,0.451092597184318
2024-02-12 12:00:00,0.7455430517233136,0.7455430517233136
2024-02-12 13:00:00,1.481892341707087,1.481892341707087
2024-02-12 14:00:00,2.331753286615078,2.331753286615078
2024-02-12 15:00:00,2.5114140492087578,2.5114140492087578
2024-02-12 16:00:00,3.076005990910143,3.076005990910143
2024-02-12 17:00:00,3.371463664507024,3.371463664507024
2024-02-12 18:00:00,3.337068276330986,3.337068276330986
2024-02-12 19:00:00,3.5458735807474793,3.5458735807474793
2024-02-12 20:00:00,3.7827082204894906,3.7827082204894906
2024-02-12 21:00:00,3.46445364705839,3.46445364705839
2024-02-12 22:00:00,0.0,0.0
2024-02-12 23:00:00,0.0,0.0
2024-02-13 00:00:00,0.0,0.0
2024-02-13 01:00:00,0.0,0.0
2024-02-13 02:00:00,0.0,0.0
2024-02-13 03:00:00,0.0,0.0
2024-02-13 04:00:00,0.0,0.0
2024-02-13 05:00:00,0.0,0.0
2024-02-13 06:00:00,0.0,0.0
2024-02-13 07:00:00,0.0,0.0
2024-02-13 08:00:00,0.0,0.0
2024-02-13 09:00:00,0.0,0.0
2024-02-13 10:00:00,0.13627271629583648,0.13627271629583648
2024-02-13 11:00:00,0.5261825459963988,0.5261825459963988
2024-02-13 12:00:00,0.9704549537197628,0.9704549537197628
2024-02-13 13:00:00,1.348629527289668,1.348629527289668
2024-02-13 14:00:00,2.1895601403412286,2.1895601403412286
2024-02-13 15:00:00,2.689864776607737,2.689864776607737
2024-02-13 16:00:00,2.8768978617483745,2.8768978617483745
2024-02-13 17:00:00,4.004021731382811,4.004021731382811
2024-02-13 18:00:00,3.4419178129398857,3.4419178129398857
2024-02-13 19:00:00,4.699042408333614,4.699042408333614
2024-02-13 20:00:00,3.9647012005098263,3.9647012005098263
2024-02-13 21:00:00,4.140058001361017,4.140058001361017
2024-02-13 22:00:00,0.0,0.0
2024-02-13 23:00:00,0.0,0.0
2024-02-14 00:00:00,0.0,0.0
2024-02-14 01:00:00,0.0,0.0
2024-02-14 02:00:00,0.0,0.0
2024-02-14 03:00:00,0.0,0.0
2024-02-14 04:00:00,0.0,0.0
2024-02-14 05:00:00,0.0,0.0
2024-02-14 06:00:00,0.0,0.0
2024-02-14 07:00:00,0.0,0.0
2024-02-14 08:00:00,0.0,0.0
2024-02-14 09:00:00,0.0,0.0
2024-02-14 10:00:00,0.09564095811827694,0.09564095811827694
2024-02-14 11:00:00,0.3894883705344795,0.3894883705344795
2024-02-14 12:00:00,0.7428993197981685,0.7428993197981685
2024-02-14 13:00:00,1.464501374641248,1.464501374641248
2024-02-14 14:00:00,1.7794349625990482,1.7794349625990482
2024-02-14 15:00:00,2.649220559602636,2.649220559602636
2024-02-14 16:00:00,2.474011561666136,2.474011561666136
2024-02-14 17:00:00,3.4591637462285,3.4591637462285
2024-02-14 18:00:00,3.4793923707741476,3.4793923707741476
2024-02-14 19:00:00,3.400913891434791,3.400913891434791
2024-02-14 20:00:00,3.36649140072805,3.36649140072805
2024-02-14 21:00:00,4.07109891923909,4.07109891923909
2024-02-14 22:00:00,0.0,0.0
2024-02-14 23:00:00,0.0,0.0
2024-02-15 00:00:00,0.0,0.0
2024-02-15 01:00:00,0.0,0.0
2024-02-15 02:00:00,0.0,0.0
2024-02-15 03:00:00,0.0,0.0
2024-02-15 04:00:00,0.0,0.0
2024-02-15 05:00:00,0.0,0.0
2024-02-15 06:00:00,0.0,0.0
2024-02-15 07:00:00,0.0,0.0
2024-02-15 08:00:00,0.0,0.0
2024-02-15 09:00:00,0.0,0.0
2024-02-15 10:00:00,0.1208758905411054,0.1208758905411054
2024-02-15 11:00:00,0.36506480325812246,0.36506480325812246
2024-02-15 12:00:00,0.7554082107092213,0.7554082107092213
2024-02-15 13:00:00,1.4432555375264604,1.4432555375264604
2024-02-15 14:00:00,2.2419410490083087,2.2419410490083087
2024-02-15 15:00:00,2.9352733864696896,2.9352733864696896
2024-02-15 16:00:00,3.1884928038440417,3.1884928038440417
2024-02-15 17:00:00,3.434970223010049,3.434970223010049
2024-02-15 18:00:00,3.513660397472372,3.513660397472372
2024-02-15 19:00:00,4.179299724144535,4.179299724144535
2024-02-15 20:00:00,3.228651323758302,3.228651323758302
2024-02-15 21:00:00,3.979696448178116,3.979696448178116
2024-02-15 22:00:00,0.0,0.0
2024-02-15 23:00:00,0.0,0.0
2024-02-16 00:00:00,0.0,0.0
2024-02-16 01:00:00,0.0,0.0
2024-02-16 02:00:00,0.0,0.0
2024-02-16 03:00:00,0.0,0.0
2024-02-16 04:00:00,0.0,0.0
2024-02-16 05:00:00,0.0,0.0
2024-02-16 06:00:00,0.0,0.0
2024-02-16 07:00:00,0.0,0.0
2024-02-16 08:00:00,0.0,0.0
2024-02-16 09:00:00,0.0,0.0
2024-02-16 10:00:00,0.13348914215736507,0.13348914215736507
2024-02-16 11:00:00,0.4233507302459367,0.4233507302459367
2024-02-16 12:00:00,0.8043376784991844,0.8043376784991844
2024-02-16 13:00:00,1.3241514035164565,1.3241514035164565
2024-02-16 14:00:00,2.3215511654982786,2.3215511654982786
2024-02-16 15:00:00,3.299675053543107,3.299675053543107
2024-02-16 16:00:00,3.172535195482055,3.172535195482055
2024-02-16 17:00:00,2.974880396705618,2.974880396705618
2024-02-16 18:00:00,2.8453865819469146,2.8453865819469146
2024-02-16 19:00:00,3.6676885567348854,3.6676885567348854
2024-02-16 20:00:00,3.8865663413456506,3.8865663413456506
2024-02-16 21:00:00,4.107297532035605,4.107297532035605
2024-02-16 22:00:00,0.0,0.0
2024-02-16 23:00:00,0.0,0.0
2024-02-17 00:00:00,0.0,0.0
2024-02-17 01:00:00,0.0,0.0
2024-02-17 02:00:00,0.0,0.0
2024-02-17 03:00:00,0.0,0.0
2024-02-17 04:00:00,0.0,0.0
2024-02-17 05:00:00,0.0,0.0
2024-02-17 06:00:00,0.0,0.0
2024-02-17 07:00:00,0.0,0.0
2024-02-17 08:00:00,0.0,0.0
2024-02-17 09:00:00,0.0,0.0
2024-02-17 10:00:00,0.07388280752376639,0.07388280752376639
2024-02-17 11:00:00,0.24228836274518722,0.24228836274518722
2024-02-17 12:00:00,0.5327583918373798,0.5327583918373798
2024-02-17 13:00:00,0.7755256403714842,0.7755256403714842
2024-02-17 14:00:00,1.4254196633232283,1.4254196633232283
2024-02-17 15:00:00,2.097590438713442,2.097590438713442
2024-02-17 16:00:00,2.11365849840973,2.11365849840973
2024-02-17 17:00:00,2.4027269306782166,2.4027269306782166
2024-02-17 18:00:00,2.016625028978828,2.016625028978828
2024-02-17 19:00:00,2.5019440974479314,2.5019440974479314
2024-02-17 20:00:00,2.136376453971788,2.136376453971788
2024-02-17 21:00:00,2.2527990429242153,2.2527990429242153
2024-02-17 22:00:00,0.0,0.0
2024-02-17 23:00:00,0.0,0.0
2024-02-18 00:00:00,0.0,0.0
2024-02-18 01:00:00,0.0,0.0
2024-02-18 02:00:00,0.0,0.0
2024-02-18 03:00:00,0.0,0.0
2024-02-18 04:00:00,0.0,0.0
2024-02-18 05:00:00,0.0,0.0
2024-02-18 06:00:00,0.0,0.0
2024-02-18 07:00:00,0.0,0.0
2024-02-18 08:00:00,0.0,0.0
2024-02-18 09:00:00,0.0,0.0
2024-02-18 10:00:00,0.09171940868858115,0.09171940868858115
2024-02-18 11:00:00,0.3335574637821877,0.3335574637821877
2024-02-18 12:00:00,0.659670594362854,0.659670594362854
2024-02-18 13:00:00,1.060304052863891,1.060304052863891
2024-02-18 14:00:00,1.6141122470864249,1.6141122470864249
2024-02-18 15:00:00,2.087502651533412,2.087502651533412
2024-02-18 16:00:00,2.096693022357064,2.096693022357064
2024-02-18 17:00:00,2.3632559494317005,2.3632559494317005
2024-02-18 18:00:00,2.6576289362653105,2.6576289362653105
2024-02-18 19:00:00,2.75130722061081,2.75130722061081
2024-02-18 20:00:00,2.5864539105355147,2.5864539105355147
2024-02-18 21:00:00,2.670116520068491,2.670116520068491
2024-02-18 22:00:00,0.0,0.0
2024-02-18 23:00:00,0.0,0.0
2024-02-19 00:00:00,0.0,0.0
2024-02-19 01:00:00,0.0,0.0
2024-02-19 02:00:00,0.0,0.0
2024-02-19 03:00:00,0.0,0.0
2024-02-19 04:00:00,0.0,0.0
2024-02-19 05:00:00,0.0,0.0
2024-02-19 06:00:00,0.0,0.0
2024-02-19 07:00:00,0.0,0.0
2024-02-19 08:00:00,0.0,0.0
2024-02-19 09:00:00,0.0,0.0
2024-02-19 10:00:00,0.1425239777578462,0.1425239777578462
2024-02-19 11:00:00,0.44372005659335856,0.44372005659335856
2024-02-19 12:00:00,0.9595933353512647,0.9595933353512647
2024-02-19 13:00:00,1.3025544076582456,1.3025544076582456
2024-02-19 14:00:00,2.6093472522589183,2.6093472522589183
2024-02-19 15:00:00,3.354772726035735,3.354772726035735
2024-02-19 16:00:00,3.3238432741185453,3.3238432741185453
2024-02-19 17:00:00,3.454033740953698,3.454033740953698
2024-02-19 18:00:00,3.8923471553685047,3.8923471553685047
2024-02-19 19:00:00,4.438270798790109,4.438270798790109
2024-02-19 20:00:00,3.272575203160616,3.272575203160616
2024-02-19 21:00:00,4.090518688554923,4.090518688554923
2024-02-19 22:00:00,0.0,0.0
2024-02-19 23:00:00,0.0,0.0
2024-02-20 00:00:00,0.0,0.0
2024-02-20 01:00:00,0.0,0.0
2024-02-20 02:00:00,0.0,0.0
2024-02-20 03:00:00,0.0,0.0
2024-02-20 04:00:00,0.0,0.0
2024-02-20 05:00:00,0.0,0.0
2024-02-20 06:00:00,0.0,0.0
2024-02-20 07:00:00,0.0,0.0
2024-02-20 08:00:00,0.0,0.0
2024-02-20 09:00:00,0.0,0.0
2024-02-20 10:00:00,0.108218050187435,0.108218050187435
2024-02-20 11:00:00,0.4197776375084436,0.4197776375084436
2024-02-20 12:00:00,0.8948186558561535,0.8948186558561535
2024-02-20 13:00:00,1.524214742760088,1.524214742760088
2024-02-20 14:00:00,2.518608258618888,2.518608258618888
2024-02-20 15:00:00,2.903675822492398,2.903675822492398
2024-02-20 16:00:00,3.5013976106737745,3.5013976106737745
2024-02-20 17:00:00,3.3949009829151997,3.3949009829151997
2024-02-20 18:00:00,3.441480026535698,3.441480026535698
2024-02-20 19:00:00,4.015203805308239,4.015203805308239
2024-02-20 20:00:00,3.5371196534528386,3.5371196534528386
2024-02-20 21:00:00,3.596964205821504,3.596964205821504
2024-02-20 22:00:00,0.0,0.0
2024-02-20 23:00:00,0.0,0.0
2024-02-21 00:00:00,0.0,0.0
2024-02-21 01:00:00,0.0,0.0
2024-02-21 02:00:00,0.0,0.0
2024-02-21 03:00:00,0.0,0.0
2024-02-21 04:00:00,0.0,0.0
2024-02-21 05:00:00,0.0,0.0
2024-02-21 06:00:00,0.0,0.0
2024-02-21 07:00:00,0.0,0.0
2024-02-21 08:00:00,0.0,0.0
2024-02-21 09:00:00,0.0,0.0
2024-02-21 10:00:00,0.09926166668440822,0.09926166668440822
2024-02-21 11:00:00,0.4363603563807239,0.4363603563807239
2024-02-21 12:00:00,0.7115716787210045,0.7115716787210045
2024-02-21 13:00:00,1.3380348237174648,1.3380348237174648
2024-02-21 14:00:00,2.097638625515242,2.097638625515242
2024-02-21 15:00:00,2.5101210640658618,2.5101210640658618
2024-02-21 16:00:00,3.0207677632535295,3.0207677632535295
2024-02-21 17:00:00,3.009209241572093,3.009209241572093
2024-02-21 18:00:00,2.9076275361369377,2.9076275361369377
2024-02-21 19:00:00,3.209518655880327,3.209518655880327
2024-02-21 20:00:00,3.311317870275586,3.311317870275586
2024-02-21 21:00:00,3.7648286279938405,3.7648286279938405
2024-02-21 22:00:00,0.0,0.0
2024-02-21 23:00:00,0.0,0.0
2024-02-22 00:00:00,0.0,0.0
2024-02-22 01:00:00,0.0,0.0
2024-02-22 02:00:00,0.0,0.0
2024-02-22 03:00:00,0.0,0.0
2024-02-22 04:00:00,0.0,0.0
2024-02-22 05:00:00,0.0,0.0
2024-02-22 06:00:00,0.0,0.0
2024-02-22 07:00:00,0.0,0.0
2024-02-22 08:00:00,0.0,0.0
2024-02-22 09:00:00,0.0,0.0
2024-02-22 10:00:00,0.11178387041308961,0.11178387041308961
2024-02-22 11:00:00,0.362632043869386,0.362632043869386
2024-02-22 12:00:00,0.8125928818785341,0.8125928818785341
2024-02-22 13:00:00,1.3637193002955776,1.3637193002955776
2024-02-22 14:00:00,1.7875400574798253,1.7875400574798253
2024-02-22 15:00:00,3.1145688173103316,3.1145688173103316
2024-02-22 16:00:00,2.7779108421313135,2.7779108421313135
2024-02-22 17:00:00,2.802582532843615,2.802582532843615
2024-02-22 18:00:00,2.8995466833403456,2.8995466833403456
2024-02-22 19:00:00,3.352083929830324,3.352083929830324
2024-02-22 20:00:00,3.381216292363291,3.381216292363291
2024-02-22 21:00:00,3.6041126539112076,3.6041126539112076
2024-02-22 22:00:00,0.0,0.0
2024-02-22 23:00:00,0.0,0.0
2024-02-23 00:00:00,0.0,0.0
2024-02-23 01:00:00,0.0,0.0
2024-02-23 02:00:00,0.0,0.0
2024-02-23 03:00:00,0.0,0.0
2024-02-23 04:00:00,0.0,0.0
2024-02-23 05:00:00,0.0,0.0
2024-02-23 06:00:00,0.0,0.0
2024-02-23 07:00:00,0.0,0.0
2024-02-23 08:00:00,0.0,0.0
2024-02-23 09:00:00,0.0,0.0
2024-02-23 10:00:00,0.13233025893329128,0.13233025893329128
2024-02-23 11:00:00,0.38625915607890265,0.38625915607890265
2024-02-23 12:00:00,0.8912769946996857,0.8912769946996857
2024-02-23 13:00:00,1.2048019821379876,1.2048019821379876
2024-02-23 14:00:00,2.2493252600624336,2.2493252600624336
2024-02-23 15:00:00,2.8919248177413808,2.8919248177413808
2024-02-23 16:00:00,2.6845902305416867,2.6845902305416867
2024-02-23 17:00:00,3.445640835896997,3.445640835896997
2024-02-23 18:00:00,3.13161641091421,3.13161641091421
2024-02-23 19:00:00,4.165595984700271,4.165595984700271
2024-02-23 20:00:00,2.9988918946017384,2.9988918946017384
2024-02-23 21:00:00,4.458079610328495,4.458079610328495
2024-02-23 22:00:00,0.0,0.0
2024-02-23 23:00:00,0.0,0.0
2024-02-24 00:00:00,0.0,0.0
2024-02-24 01:00:00,0.0,0.0
2024-02-24 02:00:00,0.0,0.0
2024-02-24 03:00:00,0.0,0.0
2024-02-24 04:00:00,0.0,0.0
2024-02-24 05:00:00,0.0,0.0
2024-02-24 06:00:00,0.0,0.0
2024-02-24 07:00:00,0.0,0.0
2024-02-24 08:00:00,0.0,0.0
2024-02-24 09:00:00,0.0,0.0
2024-02-24 10:00:00,0.08163080760069909,0.08163080760069909
2024-02-24 11:00:00,0.3142270457470446,0.3142270457470446
2024-02-24 12:00:00,0.5737539819662656,0.5737539819662656
2024-02-24 13:00:00,1.0039183426880989,1.0039183426880989
2024-02-24 14:00:00,1.6698267384036325,1.6698267384036325
2024-02-24 15:00:00,2.08822527595547,2.08822527595547
2024-02-24 16:00:00,2.5544377600565076,2.5544377600565076
2024-02-24 17:00:00,2.4325685213036157,2.4325685213036157
2024-02-24 18:00:00,2.293558780189749,2.293558780189749
2024-02-24 19:00:00,2.488001130157795,2.488001130157795
2024-02-24 20:00:00,2.7559053638274817,2.7559053638274817
2024-02-24 21:00:00,3.105383207919298,3.105383207919298
2024-02-24 22:00:00,0.0,0.0
2024-02-24 23:00:00,0.0,0.0
2024-02-25 00:00:00,0.0,0.0
2024-02-25 01:00:00,0.0,0.0
2024-02-25 02:00:00,0.0,0.0
2024-02-25 03:00:00,0.0,0.0
2024-02-25 04:00:00,0.0,0.0
2024-02-25 05:00:00,0.0,0.0
2024-02-25 06:00:00,0.0,0.0
2024-02-25 07:00:00,0.0,0.0
2024-02-25 08:00:00,0.0,0.0
2024-02-25 09:00:00,0.0,0.0
2024-02-25 10:00:00,0.0763130644661728,0.0763130644661728
2024-02-25 11:00:00,0.31788897730810545,0.31788897730810545
2024-02-25 12:00:00,0.6590942657769902,0.6590942657769902
2024-02-25 13:00:00,1.0776354470468603,1.0776354470468603
2024-02-25 14:00:00,1.5569463031471327,1.5569463031471327
2024-02-25 15:00:00,2.3464264716005117,2.3464264716005117
2024-02-25 16:00:00,2.306872349538347,2.306872349538347
2024-02-25 17:00:00,2.596751563188798,2.596751563188798
2024-02-25 18:00:00,2.1587070423480554,2.1587070423480554
2024-02-25 19:00:00,3.1072269891859436,3.1072269891859436
2024-02-25 20:00:00,2.4054047120206734,2.4054047120206734
2024-02-25 21:00:00,2.957184846097554,2.957184846097554
2024-02-25 22:00:00,0.0,0.0
2024-02-25 23:00:00,0.0,0.0
2024-02-26 00:00:00,0.0,0.0
2024-02-26 01:00:00,0.0,0.0
2024-02-26 02:00:00,0.0,0.0
2024-02-26 03:00:00,0.0,0.0
2024-02-26 04:00:00,0.0,0.0
2024-02-26 05:00:00,0.0,0.0
2024-02-26 06:00:00,0.0,0.0
2024-02-26 07:00:00,0.0,0.0
2024-02-26 08:00:00,0.0,0.0
2024-02-26 09:00:00,0.0,0.0
2024-02-26 10:00:00,0.13679313438749732,0.13679313438749732
2024-02-26 11:00:00,0.39556965410636485,0.39556965410636485
2024-02-26 12:00:00,0.7843496174840222,0.7843496174840222
2024-02-26 13:00:00,1.4685075919177273,1.4685075919177273
2024-02-26 14:00:00,2.601178234886381,2.601178234886381
2024-02-26 15:00:00,2.7647416755374326,2.7647416755374326
2024-02-26 16:00:00,3.640455225563508,3.640455225563508
2024-02-26 17:00:00,4.085671217529682,4.085671217529682
2024-02-26 18:00:00,3.226387797257897,3.226387797257897
2024-02-26 19:00:00,4.293015833571618,4.293015833571618
2024-02-26 20:00:00,3.599196124163471,3.599196124163471
2024-02-26 21:00:00,4.056835782689431,4.056835782689431
2024-02-26 22:00:00,0.0,0.0
2024-02-26 23:00:00,0.0,0.0
2024-02-27 00:00:00,0.0,0.0
2024-02-27 01:00:00,0.0,0.0
2024-02-27 02:00:00,0.0,0.0
2024-02-27 03:00:00,0.0,0.0
2024-02-27 04:00:00,0.0,0.0
2024-02-27 05:00:00,0.0,0.0
2024-02-27 06:00:00,0.0,0.0
2024-02-27 07:00:00,0.0,0.0
2024-02-27 08:00:00,0.0,0.0
2024-02-27 09:00:00,0.0,0.0
2024-02-27 10:00:00,0.09189972012681492,0.09189972012681492
2024-02-27 11:00:00,0.42172914450286486,0.42172914450286486
2024-02-27 12:00:00,0.8501522128829164,0.8501522128829164
2024-02-27 13:00:00,1.1839991693282341,1.1839991693282341
2024-02-27 14:00:00,1.7852380699645134,1.7852380699645134
2024-02-27 15:00:00,2.71853732816361,2.71853732816361
2024-02-27 16:00:00,2.6909957954594117,2.6909957954594117
2024-02-27 17:00:00,2.8682454678587876,2.8682454678587876
2024-02-27 18:00:00,3.384948478598835,3.384948478598835
2024-02-27 19:00:00,3.5856909352464745,3.5856909352464745
2024-02-27 20:00:00,2.642668088265526,2.642668088265526
2024-02-27 21:00:00,3.9492062614616237,3.9492062614616237
2024-02-27 22:00:00,0.0,0.0
2024-02-27 23:00:00,0.0,0.0
2024-02-28 00:00:00,0.0,0.0
2024-02-28 01:00:00,0.0,0.0
2024-02-28 02:00:00,0.0,0.0
2024-02-28 03:00:00,0.0,0.0
2024-02-28 04:00:00,0.0,0.0
2024-02-28 05:00:00,0.0,0.0
2024-02-28 06:00:00,0.0,0.0
2024-02-28 07:00:00,0.0,0.0
2024-02-28 08:00:00,0.0,0.0
2024-02-28 09:00:00,0.0,0.0
2024-02-28 10:00:00,0.11488707973127985,0.11488707973127985
2024-02-28 11:00:00,0.4174435574727106,0.4174435574727106
2024-02-28 12:00:00,0.954929226833011,0.954929226833011
2024-02-28 13:00:00,1.4298107557758848,1.4298107557758848
2024-02-28 14:00:00,2.4440709394601865,2.4440709394601865
2024-02-28 15:00:00,3.1759508266895873,3.1759508266895873
2024-02-28 16:00:00,3.320104087274074,3.320104087274074
2024-02-28 17:00:00,3.318830474471335,3.318830474471335
2024-02-28 18:00:00,3.026094723923294,3.026094723923294
2024-02-28 19:00:00,3.8626308755844128,3.8626308755844128
2024-02-28 20:00:00,3.440428029308035,3.440428029308035
2024-02-28 21:00:00,4.459570509314316,4.459570509314316
2024-02-28 22:00:00,0.0,0.0
2024-02-28 23:00:00,0.0,0.0
2024-02-29 00:00:00,0.0,0.0
2024-02-29 01:00:00,0.0,0.0
2024-02-29 02:00:00,0.0,0.0
2024-02-29 03:00:00,0.0,0.0
2024-02-29 04:00:00,0.0,0.0
2024-02-29 05:00:00,0.0,0.0
2024-02-29 06:00:00,0.0,0.0
2024-02-29 07:00:00,0.0,0.0
2024-02-29 08:00:00,0.0,0.0
2024-02-29 09:00:00,0.0,0.0
2024-02-29 10:00:00,0.10960724683356643,0.10960724683356643
2024-02-29 11:00:00,0.42224755936115177,0.42224755936115177
2024-02-29 12:00:00,0.6897777647220624,0.6897777647220624
2024-02-29 13:00:00,1.1623076211384475,1.1623076211384475
2024-02-29 14:00:00,1.7541129564945896,1.7541129564945896
2024-02-29 15:00:00,2.736906257806412,2.736906257806412
2024-02-29 16:00:00,2.376667210548561,2.376667210548561
2024-02-29 17:00:00,2.9074225906556657,2.9074225906556657
2024-02-29 18:00:00,2.5862331173244626,2.5862331173244626
2024-02-29 19:00:00,3.140711893541661,3.140711893541661
2024-02-29 20:00:00,3.317034058945151,3.317034058945151
2024-02-29 21:00:00,3.024898270498789,3.024898270498789
2024-02-29 22:00:00,0.0,0.0
2024-02-29 23:00:00,0.0,0.0
2024-03-01 00:00:00,0.0,0.0
2024-03-01 01:00:00,0.0,0.0
2024-03-01 02:00:00,0.0,0.0
2024-03-01 03:00:00,0.0,0.0
2024-03-01 04:00:00,0.0,0.0
2024-03-01 05:00:00,0.0,0.0
2024-03-01 06:00:00,0.0,0.0
2024-03-01 07:00:00,0.0,0.0
2024-03-01 08:00:00,0.0,0.0
2024-03-01 09:00:00,0.0,0.0
2024-03-01 10:00:00,0.10683123376618782,0.10683123376618782
2024-03-01 11:00:00,0.45639244479662094,0.45639244479662094
2024-03-01 12:00:00,0.9568815679434222,0.9568815679434222
2024-03-01 13:00:00,1.3745966179749527,1.3745966179749527
2024-03-01 14:00:00,2.159731979947103,2.159731979947103
2024-03-01 15:00:00,2.9295275871376054,2.9295275871376054
2024-03-01 16:00:00,3.319466563231025,3.319466563231025
2024-03-01 17:00:00,3.6880216027951547,3.6880216027951547
2024-03-01 18:00:00,3.2727905468157372,3.2727905468157372
2024-03-01 19:00:00,3.826771339729723,3.826771339729723
2024-03-01 20:00:00,3.85099066499763,3.85099066499763
2024-03-01 21:00:00,3.987578006674417,3.987578006674417
2024-03-01 22:00:00,0.0,0.0
2024-03-01 23:00:00,0.0,0.0
2024-03-02 00:00:00,0.0,0.0
2024-03-02 01:00:00,0.0,0.0
2024-03-02 02:00:00,0.0,0.0
2024-03-02 03:00:00,0.0,0.0
2024-03-02 04:00:00,0.0,0.0
2024-03-02 05:00:00,0.0,0.0
2024-03-02 06:00:00,0.0,0.0
2024-03-02 07:00:00,0.0,0.0
2024-03-02 08:00:00,0.0,0.0
2024-03-02 09:00:00,0.0,0.0
2024-03-02 10:00:00,0.08457968971803784,0.08457968971803784
2024-03-02 11:00:00,0.2726271246073738,0.2726271246073738
2024-03-02 12:00:00,0.5755599732119424,0.5755599732119424
2024-03-02 13:00:00,0.9110980678212452,0.9110980678212452
2024-03-02 14:00:00,1.4689208278973647,1.4689208278973647
2024-03-02 15:00:00,2.143454610501381,2.143454610501381
2024-03-02 16:00:00,2.151414489925113,2.151414489925113
2024-03-02 17:00:00,2.3205489678304416,2.3205489678304416
2024-03-02 18:00:00,2.0416045065186017,2.0416045065186017
2024-03-02 19:00:00,2.7586577388414955,2.7586577388414955
2024-03-02 20:00:00,2.3497639065254146,2.3497639065254146
2024-03-02 21:00:00,2.612127608644021,2.612127608644021
2024-03-02 22:00:00,0.0,0.0
2024-03-02 23:00:00,0.0,0.0
2024-03-03 00:00:00,0.0,0.0
2024-03-03 01:00:00,0.0,0.0
2024-03-03 02:00:00,0.0,0.0
2024-03-03 03:00:00,0.0,0.0
2024-03-03 04:00:00,0.0,0.0
2024-03-03 05:00:00,0.0,0.0
2024-03-03 06:00:00,0.0,0.0
2024-03-03 07:00:00,0.0,0.0
2024-03-03 08:00:00,0.0,0.0
2024-03-03 09:00:00,0.0,0.0
2024-03-03 10:00:00,0.07401505230798187,0.07401505230798187
2024-03-03 11:00:00,0.2979234483100071,0.2979234483100071
2024-03-03 12:00:00,0.5517732841665242,0.5517732841665242
2024-03-03 13:00:00,0.8635465800192078,0.8635465800192078
2024-03-03 14:00:00,1.306336845568456,1.306336845568456
2024-03-03 15:00:00,1.8927609168219097,1.8927609168219097
2024-03-03 16:00:00,2.106593470166322,2.106593470166322
2024-03-03 17:00:00,2.271648891896834,2.271648891896834
2024-03-03 18:00:00,2.1209348879423366,2.1209348879423366
2024-03-03 19:00:00,2.6635687834805437,2.6635687834805437
2024-03-03 20:00:00,2.073834016638373,2.073834016638373
2024-03-03 21:00:00,2.5528770854197176,2.5528770854197176
2024-03-03 22:00:00,0.0,0.0
2024-03-03 23:00:00,0.0,0.0
2024-03-04 00:00:00,0.0,0.0
2024-03-04 01:00:00,0.0,0.0
2024-03-04 02:00:00,0.0,0.0
2024-03-04 03:00:00,0.0,0.0
2024-03-04 04:00:00,0.0,0.0
2024-03-04 05:00:00,0.0,0.0
2024-03-04 06:00:00,0.0,0.0
2024-03-04 07:00:00,0.0,0.0
2024-03-04 08:00:00,0.0,0.0
2024-03-04 09:00:00,0.0,0.0
2024-03-04 10:00:00,0.11084054978913277,0.11084054978913277
2024-03-04 11:00:00,0.4845683289076562,0.4845683289076562
2024-03-04 12:00:00,0.8181327262635043,0.8181327262635043
2024-03-04 13:00:00,1.2869665306987506,1.2869665306987506
2024-03-04 14:00:00,1.9305249747080895,1.9305249747080895
2024-03-04 15:00:00,2.839509570835864,2.839509570835864
2024-03-04 16:00:00,3.150125997565253,3.150125997565253
2024-03-04 17:00:00,3.5986738773340643,3.5986738773340643
2024-03-04 18:00:00,3.631035966629444,3.631035966629444
2024-03-04 19:00:00,4.368125533925629,4.368125533925629
2024-03-04 20:00:00,3.6772822359729886,3.6772822359729886
2024-03-04 21:00:00,4.305501348483887,4.305501348483887
2024-03-04 22:00:00,0.0,0.0
2024-03-04 23:00:00,0.0,0.0
2024-03-05 00:00:00,0.0,0.0
2024-03-05 01:00:00,0.0,0.0
2024-03-05 02:00:00,0.0,0.0
2024-03-05 03:00:00,0.0,0.0
2024-03-05 04:00:00,0.0,0.0
2024-03-05 05:00:00,0.0,0.0
2024-03-05 06:00:00,0.0,0.0
2024-03-05 07:00:00,0.0,0.0
2024-03-05 08:00:00,0.0,0.0
2024-03-05 09:00:00,0.0,0.0
2024-03-05 10:00:00,0.10603505348958583,0.10603505348958583
2024-03-05 11:00:00,0.4454926172300379,0.4454926172300379
2024-03-05 12:00:00,0.8200803975269731,0.8200803975269731
2024-03-05 13:00:00,1.108488066238374,1.108488066238374
2024-03-05 14:00:00,1.852722802919085,1.852722802919085
2024-03-05 15:00:00,2.5420985798364892,2.5420985798364892
2024-03-05 16:00:00,2.8468203945300496,2.8468203945300496
2024-03-05 17:00:00,2.957303443310668,2.957303443310668
2024-03-05 18:00:00,2.743013428439751,2.743013428439751
2024-03-05 19:00:00,3.3729191491538546,3.3729191491538546
2024-03-05 20:00:00,3.5036915865115734,3.5036915865115734
2024-03-05 21:00:00,3.813030543411316,3.813030543411316
2024-03-05 22:00:00,0.0,0.0
2024-03-05 23:00:00,0.0,0.0
2024-03-06 00:00:00,0.0,0.0
2024-03-06 01:00:00,0.0,0.0
2024-03-06 02:00:00,0.0,0.0
2024-03-06 03:00:00,0.0,0.0
2024-03-06 04:00:00,0.0,0.0
2024-03-06 05:00:00,0.0,0.0
2024-03-06 06:00:00,0.0,0.0
2024-03-06 07:00:00,0.0,0.0
2024-03-06 08:00:00,0.0,0.0
2024-03-06 09:00:00,0.0,0.0
2024-03-06 10:00:00,0.12474416138457846,0.12474416138457846
2024-03-06 11:00:00,0.37991989691350697,0.37991989691350697
2024-03-06 12:00:00,0.8308931488196667,0.8308931488196667
2024-03-06 13:00:00,1.2071335964490402,1.2071335964490402
2024-03-06 14:00:00,1.924261719529288,1.924261719529288
2024-03-06 15:00:00,3.1191902156243967,3.1191902156243967
2024-03-06 16:00:00,2.7782129492354124,2.7782129492354124
2024-03-06 17:00:00,3.025791524144557,3.025791524144557
2024-03-06 18:00:00,2.9088681061390567,2.9088681061390567
2024-03-06 19:00:00,4.036887512402764,4.036887512402764
2024-03-06 20:00:00,3.344195404219031,3.344195404219031
2024-03-06 21:00:00,3.425097436833552,3.425097436833552
2024-03-06 22:00:00,0.0,0.0
2024-03-06 23:00:00,0.0,0.0
2024-03-07 00:00:00,0.0,0.0
2024-03-07 01:00:00,0.0,0.0
2024-03-07 02:00:00,0.0,0.0
2024-03-07 03:00:00,0.0,0.0
2024-03-07 04:00:00,0.0,0.0
2024-03-07 05:00:00,0.0,0.0
2024-03-07 06:00:00,0.0,0.0
2024-03-07 07:00:00,0.0,0.0
2024-03-07 08:00:00,0.0,0.0
2024-03-07 09:00:00,0.0,0.0
2024-03-07 10:00:00,0.1286783101181567,0.1286783101181567
2024-03-07 11:00:00,0.4007638133585974,0.4007638133585974
2024-03-07 12:00:00,0.715480592252418,0.715480592252418
2024-03-07 13:00:00,1.4110480715840097,1.4110480715840097
2024-03-07 14:00:00,2.1254651074318978,2.1254651074318978
2024-03-07 15:00:00,3.138509657673433,3.138509657673433
2024-03-07 16:00:00,3.2681275771935367,3.2681275771935367
2024-03-07 17:00:00,3.4920091902538437,3.4920091902538437
2024-03-07 18:00:00,3.5812218360611174,3.5812218360611174
2024-03-07 19:00:00,3.3891354730306404,3.3891354730306404
2024-03-07 20:00:00,3.232162295121997,3.232162295121997
2024-03-07 21:00:00,3.796420921194284,3.796420921194284
2024-03-07 22:00:00,0.0,0.0
2024-03-07 23:00:00,0.0,0.0
2024-03-08 00:00:00,0.0,0.0
2024-03-08 01:00:00,0.0,0.0
2024-03-08 02:00:00,0.0,0.0
2024-03-08 03:00:00,0.0,0.0
2024-03-08 04:00:00,0.0,0.0
2024-03-08 05:00:00,0.0,0.0
2024-03-08 06:00:00,0.0,0.0
2024-03-08 07:00:00,0.0,0.0
2024-03-08 08:00:00,0.0,0.0
2024-03-08 09:00:00,0.0,0.0
2024-03-08 10:00:00,0.1052276017154864,0.1052276017154864
2024-03-08 11:00:00,0.3704024118787883,0.3704024118787883
2024-03-08 12:00:00,0.9478503452604169,0.9478503452604169
2024-03-08 13:00:00,1.2285277435629152,1.2285277435629152
2024-03-08 14:00:00,1.9193168990258387,1.9193168990258387
2024-03-08 15:00:00,3.1287890907378255,3.1287890907378255
2024-03-08 16:00:00,2.842322310342081,2.842322310342081
2024-03-08 17:00:00,3.524117557864934,3.524117557864934
2024-03-08 18:00:00,3.1827234607515447,3.1827234607515447
2024-03-08 19:00:00,3.9175837474168715,3.9175837474168715
2024-03-08 20:00:00,3.16423614604971,3.16423614604971
2024-03-08 21:00:00,4.03250575007644,4.03250575007644
2024-03-08 22:00:00,0.0,0.0
2024-03-08 23:00:00,0.0,0.0
2024-03-09 00:00:00,0.0,0.0
2024-03-09 01:00:00,0.0,0.0
2024-03-09 02:00:00,0.0,0.0
2024-03-09 03:00:00,0.0,0.0
2024-03-09 04:00:00,0.0,0.0
2024-03-09 05:00:00,0.0,0.0
2024-03-09 06:00:00,0.0,0.0
2024-03-09 07:00:00,0.0,0.0
2024-03-09 08:00:00,0.0,0.0
2024-03-09 09:00:00,0.0,0.0
2024-03-09 10:00:00,0.07834585890602545,0.07834585890602545
2024-03-09 11:00:00,0.3044333878153044,0.3044333878153044
2024-03-09 12:00:00,0.5832595698469941,0.5832595698469941
2024-03-09 13:00:00,0.8961093478572062,0.8961093478572062
2024-03-09 14:00:00,1.4052063116631586,1.4052063116631586
2024-03-09 15:00:00,1.948825067412344,1.948825067412344
2024-03-09 16:00:00,2.4790985465863407,2.4790985465863407
2024-03-09 17:00:00,2.618095762971353,2.618095762971353
2024-03-09 18:00:00,2.2771689659831216,2.2771689659831216
2024-03-09 19:00:00,2.729834701405621,2.729834701405621
2024-03-09 20:00:00,2.7003111872973062,2.7003111872973062
2024-03-09 21:00:00,3.065806109104155,3.065806109104155
2024-03-09 22:00:00,0.0,0.0
2024-03-09 23:00:00,0.0,0.0
2024-03-10 00:00:00,0.0,0.0
2024-03-10 01:00:00,0.0,0.0
2024-03-10 02:00:00,0.0,0.0
2024-03-10 03:00:00,0.0,0.0
2024-03-10 04:00:00,0.0,0.0
2024-03-10 05:00:00,0.0,0.0
2024-03-10 06:00:00,0.0,0.0
2024-03-10 07:00:00,0.0,0.0
2024-03-10 08:00:00,0.0,0.0
2024-03-10 09:00:00,0.0,0.0
2024-03-10 10:00:00,0.08559551016766938,0.08559551016766938
2024-03-10 11:00:00,0.27074101321855226,0.27074101321855226
2024-03-10 12:00:00,0.484882102718182,0.484882102718182
2024-03-10 13:00:00,0.955338668060888,0.955338668060888
2024-03-10 14:00:00,1.5378430947471378,1.5378430947471378
2024-03-10 15:00:00,1.8981090781630863,1.8981090781630863
2024-03-10 16:00:00,2.0919662877410716,2.0919662877410716
2024-03-10 17:00:00,2.547191255165484,2.547191255165484
2024-03-10 18:00:00,2.3718593324481714,2.3718593324481714
2024-03-10 19:00:00,2.2410198650321322,2.2410198650321322
2024-03-10 20:00:00,2.1136494436020112,2.1136494436020112
2024-03-10 21:00:00,2.9316182822423897,2.9316182822423897
2024-03-10 22:00:00,0.0,0.0
2024-03-10 23:00:00,0.0,0.0
2024-03-11 00:00:00,0.0,0.0
2024-03-11 01:00:00,0.0,0.0
2024-03-11 02:00:00,0.0,0.0
2024-03-11 03:00:00,0.0,0.0
2024-03-11 04:00:00,0.0,0.0
2024-03-11 05:00:00,0.0,0.0
2024-03-11 06:00:00,0.0,0.0
2024-03-11 07:00:00,0.0,0.0
2024-03-11 08:00:00,0.0,0.0
2024-03-11 09:00:00,0.0,0.0
2024-03-11 10:00:00,0.12445780572637663,0.12445780572637663
2024-03-11 11:00:00,0.45194594654273085,0.45194594654273085
2024-03-11 12:00:00,0.9127765559731006,0.9127765559731006
2024-03-11 13:00:00,1.3402917164840438,1.3402917164840438
2024-03-11 14:00:00,2.2447900335670306,2.2447900335670306
2024-03-11 15:00:00,3.128805939029679,3.128805939029679
2024-03-11 16:00:00,2.80770476252206,2.80770476252206
2024-03-11 17:00:00,3.168999750265099,3.168999750265099
2024-03-11 18:00:00,3.3752103193246423,3.3752103193246423
2024-03-11 19:00:00,3.5029209046591254,3.5029209046591254
2024-03-11 20:00:00,3.890671064745424,3.890671064745424
2024-03-11 21:00:00,3.43845457350099,3.43845457350099
2024-03-11 22:00:00,0.0,0.0
2024-03-11 23:00:00,0.0,0.0
2024-03-12 00:00:00,0.0,0.0
2024-03-12 01:00:00,0.0,0.0
2024-03-12 02:00:00,0.0,0.0
2024-03-12 03:00:00,0.0,0.0
2024-03-12 04:00:00,0.0,0.0
2024-03-12 05:00:00,0.0,0.0
2024-03-12 06:00:00,0.0,0.0
2024-03-12 07:00:00,0.0,0.0
2024-03-12 08:00:00,0.0,0.0
2024-03-12 09:00:00,0.0,0.0
2024-03-12 10:00:00,0.10521791898989911,0.10521791898989911
2024-03-12 11:00:00,0.4706472391386058,0.4706472391386058
2024-03-12 12:00:00,0.9715616945122801,0.9715616945122801
2024-03-12 13:00:00,1.2739950999784557,1.2739950999784557
2024-03-12 14:00:00,2.0288661081357446,2.0288661081357446
2024-03-12 15:00:00,3.480130141256439,3.480130141256439
2024-03-12 16:00:00,3.0889824313595784,3.0889824313595784
2024-03-12 17:00:00,3.975647645782913,3.975647645782913
2024-03-12 18:00:00,3.5722091067314627,3.5722091067314627
2024-03-12 19:00:00,3.5960427816117027,3.5960427816117027
2024-03-12 20:00:00,4.1211031840507655,4.1211031840507655
2024-03-12 21:00:00,4.4340760134329305,4.4340760134329305
2024-03-12 22:00:00,0.0,0.0
2024-03-12 23:00:00,0.0,0.0
2024-03-13 00:00:00,0.0,0.0
2024-03-13 01:00:00,0.0,0.0
2024-03-13 02:00:00,0.0,0.0
2024-03-13 03:00:00,0.0,0.0
2024-03-13 04:00:00,0.0,0.0
2024-03-13 05:00:00,0.0,0.0
2024-03-13 06:00:00,0.0,0.0
2024-03-13 07:00:00,0.0,0.0
2024-03-13 08:00:00,0.0,0.0
2024-03-13 09:00:00,0.0,0.0
2024-03-13 10:00:00,0.10996127857389296,0.10996127857389296
2024-03-13 11:00:00,0.46842392887712037,0.46842392887712037
2024-03-13 12:00:00,0.7945490101906998,0.7945490101906998
2024-03-13 13:00:00,1.501239017543019,1.501239017543019
2024-03-13 14:00:00,2.0665016568601264,2.0665016568601264
2024-03-13 15:00:00,2.9899622137917747,2.9899622137917747
2024-03-13 16:00:00,3.4226043992111563,3.4226043992111563
2024-03-13 17:00:00,3.7495235709392594,3.7495235709392594
2024-03-13 18:00:00,3.851670138494962,3.851670138494962
2024-03-13 19:00:00,4.278890745957735,4.278890745957735
2024-03-13 20:00:00,3.5570092497499517,3.5570092497499517
2024-03-13 21:00:00,4.3665811618792505,4.3665811618792505
2024-03-13 22:00:00,0.0,0.0
2024-03-13 23:00:00,0.0,0.0
2024-03-14 00:00:00,0.0,0.0
2024-03-14 01:00:00,0.0,0.0
2024-03-14 02:00:00,0.0,0.0
2024-03-14 03:00:00,0.0,0.0
2024-03-14 04:00:00,0.0,0.0
2024-03-14 05:00:00,0.0,0.0
2024-03-14 06:00:00,0.0,0.0
2024-03-14 07:00:00,0.0,0.0
2024-03-14 08:00:00,0.0,0.0
2024-03-14 09:00:00,0.0,0.0
2024-03-14 10:00:00,0.10661224502208475,0.10661224502208475
2024-03-14 11:00:00,0.4055623829633745,0.4055623829633745
2024-03-14 12:00:00,0.7759578433965131,0.7759578433965131
2024-03-14 13:00:00,1.3789077675112873,1.3789077675112873
2024-03-14 14:00:00,1.7936873434853826,1.7936873434853826
2024-03-14 15:00:00,2.657913862114384,2.657913862114384
2024-03-14 16:00:00,2.4715869148440284,2.4715869148440284
2024-03-14 17:00:00,3.328533888774456,3.328533888774456
2024-03-14 18:00:00,3.5495818273837823,3.5495818273837823
2024-03-14 19:00:00,3.9739586805222307,3.9739586805222307
2024-03-14 20:00:00,3.207552104709363,3.207552104709363
2024-03-14 21:00:00,3.6853634624448075,3.6853634624448075
2024-03-14 22:00:00,0.0,0.0
2024-03-14 23:00:00,0.0,0.0
2024-03-15 00:00:00,0.0,0.0
2024-03-15 01:00:00,0.0,0.0
2024-03-15 02:00:00,0.0,0.0
2024-03-15 03:00:00,0.0,0.0
2024-03-15 04:00:00,0.0,0.0
2024-03-15 05:00:00,0.0,0.0
2024-03-15 06:00:00,0.0,0.0
2024-03-15 07:00:00,0.0,0.0
2024-03-15 08:00:00,0.0,0.0
2024-03-15 09:00:00,0.0,0.0
2024-03-15 10:00:00,0.12015243473626991,0.12015243473626991
2024-03-15 11:00:00,0.48203562321900195,0.48203562321900195
2024-03-15 12:00:00,0.973910369337983,0.973910369337983
2024-03-15 13:00:00,1.4111408563848449,1.4111408563848449
2024-03-15 14:00:00,2.469725002971383,2.469725002971383
2024-03-15 15:00:00,3.2509669160991295,3.2509669160991295
2024-03-15 16:00:00,3.0030177753472964,3.0030177753472964
2024-03-15 17:00:00,2.9530195796308925,2.9530195796308925
2024-03-15 18:00:00,3.706913134425655,3.706913134425655
2024-03-15 19:00:00,3.860046965933128,3.860046965933128
2024-03-15 20:00:00,3.741379060379149,3.741379060379149
2024-03-15 21:00:00,4.556305633492701,4.556305633492701
2024-03-15 22:00:00,0.0,0.0
2024-03-15 23:00:00,0.0,0.0
2024-03-16 00:00:00,0.0,0.0
2024-03-16 01:00:00,0.0,0.0
2024-03-16 02:00:00,0.0,0.0
2024-03-16 03:00:00,0.0,0.0
2024-03-16 04:00:00,0.0,0.0
2024-03-16 05:00:00,0.0,0.0
2024-03-16 06:00:00,0.0,0.0
2024-03-16 07:00:00,0.0,0.0
2024-03-16 08:00:00,0.0,0.0
2024-03-16 09:00:00,0.0,0.0
2024-03-16 10:00:00,0.07829718481257293,0.07829718481257293
2024-03-16 11:00:00,0.3417763613703823,0.3417763613703823
2024-03-16 12:00:00,0.5657140188394313,0.5657140188394313
2024-03-16 13:00:00,0.9874108440292999,0.9874108440292999
2024-03-16 14:00:00,1.8522530228479501,1.8522530228479501
2024-03-16 15:00:00,2.3429388704214587,2.3429388704214587
2024-03-16 16:00:00,2.0108113181403198,2.0108113181403198
2024-03-16 17:00:00,2.5152228213964496,2.5152228213964496
2024-03-16 18:00:00,2.1585628262124232,2.1585628262124232
2024-03-16 19:00:00,2.7131048798643254,2.7131048798643254
2024-03-16 20:00:00,2.2106367118209898,2.2106367118209898
2024-03-16 21:00:00,3.1936573177453993,3.1936573177453993
2024-03-16 22:00:00,0.0,0.0
2024-03-16 23:00:00,0.0,0.0
2024-03-17 00:00:00,0.0,0.0
2024-03-17 01:00:00,0.0,0.0
2024-03-17 02:00:00,0.0,0.0
2024-03-17 03:00:00,0.0,0.0
2024-03-17 04:00:00,0.0,0.0
2024-03-17 05:00:00,0.0,0.0
2024-03-17 06:00:00,0.0,0.0
2024-03-17 07:00:00,0.0,0.0
2024-03-17 08:00:00,0.0,0.0
2024-03-17 09:00:00,0.0,0.0
2024-03-17 10:00:00,0.0747674114039099,0.0747674114039099
2024-03-17 11:00:00,0.25663907232946526,0.25663907232946526
2024-03-17 12:00:00,0.544380580689068,0.544380580689068
2024-03-17 13:00:00,0.8260578328970731,0.8260578328970731
2024-03-17 14:00:00,1.4047749752601053,1.4047749752601053
2024-03-17 15:00:00,2.0221485829386032,2.0221485829386032
2024-03-17 16:00:00,1.8630196825310725,1.8630196825310725
2024-03-17 17:00:00,2.5668704356163214,2.5668704356163214
2024-03-17 18:00:00,2.3448260087815767,2.3448260087815767
2024-03-17 19:00:00,2.3320157241958084,2.3320157241958084
2024-03-17 20:00:00,2.1156528135142634,2.1156528135142634
2024-03-17 21:00:00,2.693807544762986,2.693807544762986
2024-03-17 22:00:00,0.0,0.0
2024-03-17 23:00:00,0.0,0.0
2024-03-18 00:00:00,0.0,0.0
2024-03-18 01:00:00,0.0,0.0
2024-03-18 02:00:00,0.0,0.0
2024-03-18 03:00:00,0.0,0.0
2024-03-18 04:00:00,0.0,0.0
2024-03-18 05:00:00,0.0,0.0
2024-03-18 06:00:00,0.0,0.0
2024-03-18 07:00:00,0.0,0.0
2024-03-18 08:00:00,0.0,0.0
2024-03-18 09:00:00,0.0,0.0
2024-03-18 10:00:00,0.10060454897575048,0.10060454897575048
2024-03-18 11:00:00,0.3986557255161852,0.3986557255161852
2024-03-18 12:00:00,0.8454188439600742,0.8454188439600742
2024-03-18 13:00:00,1.3579086824031668,1.3579086824031668
2024-03-18 14:00:00,2.372873672555791,2.372873672555791
2024-03-18 15:00:00,3.1650109320341713,3.1650109320341713
2024-03-18 16:00:00,3.045079139791627,3.045079139791627
2024-03-18 17:00:00,2.92701237673054,2.92701237673054
2024-03-18 18:00:00,2.8080768731708337,2.8080768731708337
2024-03-18 19:00:00,3.4992527799723163,3.4992527799723163
2024-03-18 20:00:00,2.928349628432486,2.928349628432486
2024-03-18 21:00:00,4.197358718783178,4.197358718783178
2024-03-18 22:00:00,0.0,0.0
2024-03-18 23:00:00,0.0,0.0
2024-03-19 00:00:00,0.0,0.0
2024-03-19 01:00:00,0.0,0.0
2024-03-19 02:00:00,0.0,0.0
2024-03-19 03:00:00,0.0,0.0
2024-03-19 04:00:00,0.0,0.0
2024-03-19 05:00:00,0.0,0.0
2024-03-19 06:00:00,0.0,0.0
2024-03-19 07:00:00,0.0,0.0
2024-03-19 08:00:00,0.0,0.0
2024-03-19 09:00:00,0.0,0.0
2024-03-19 10:00:00,0.10676666468856201,0.10676666468856201
2024-03-19 11:00:00,0.4538439979948579,0.4538439979948579
2024-03-19 12:00:00,0.6736805992291929,0.6736805992291929
2024-03-19 13:00:00,1.1261394999353103,1.1261394999353103
2024-03-19 14:00:00,2.0517736507180224,2.0517736507180224
2024-03-19 15:00:00,2.384827543048483,2.384827543048483
2024-03-19 16:00:00,2.7848478225404527,2.7848478225404527
2024-03-19 17:00:00,3.3470448376812327,3.3470448376812327
2024-03-19 18:00:00,3.3968923023285087,3.3968923023285087
2024-03-19 19:00:00,3.7083746652337104,3.7083746652337104
2024-03-19 20:00:00,3.103199804150849,3.103199804150849
2024-03-19 21:00:00,3.215181508355591,3.215181508355591
2024-03-19 22:00:00,0.0,0.0
2024-03-19 23:00:00,0.0,0.0
2024-03-20 00:00:00,0.0,0.0
2024-03-20 01:00:00,0.0,0.0
2024-03-20 02:00:00,0.0,0.0
2024-03-20 03:00:00,0.0,0.0
2024-03-20 04:00:00,0.0,0.0
2024-03-20 05:00:00,0.0,0.0
2024-03-20 06:00:00,0.0,0.0
2024-03-20 07:00:00,0.0,0.0
2024-03-20 08:00:00,0.0,0.0
2024-03-20 09:00:00,0.0,0.0
2024-03-20 10:00:00,0.13354102237407084,0.13354102237407084
2024-03-20 11:00:00,0.5029460662158705,0.5029460662158705
2024-03-20 12:00:00,0.9998600471899688,0.9998600471899688
2024-03-20 13:00:00,1.4712668622197052,1.4712668622197052
2024-03-20 14:00:00,2.480180163042847,2.480180163042847
2024-03-20 15:00:00,3.3383724290998504,3.3383724290998504
2024-03-20 16:00:00,3.2733808490822107,3.2733808490822107
2024-03-20 17:00:00,3.490715608214662,3.490715608214662
2024-03-20 18:00:00,3.469301215079221,3.469301215079221
2024-03-20 19:00:00,4.602016165646272,4.602016165646272
2024-03-20 20:00:00,3.6437057409338376,3.6437057409338376
2024-03-20 21:00:00,4.6045703326748795,4.6045703326748795
2024-03-20 22:00:00,0.0,0.0
2024-03-20 23:00:00,0.0,0.0
2024-03-21 00:00:00,0.0,0.0
2024-03-21 01:00:00,0.0,0.0
2024-03-21 02:00:00,0.0,0.0
2024-03-21 03:00:00,0.0,0.0
2024-03-21 04:00:00,0.0,0.0
2024-03-21 05:00:00,0.0,0.0
2024-03-21 06:00:00,0.0,0.0
2024-03-21 07:00:00,0.0,0.0
2024-03-21 08:00:00,0.0,0.0
2024-03-21 09:00:00,0.0,0.0
2024-03-21 10:00:00,0.10110708515682727,0.10110708515682727
2024-03-21 11:00:00,0.36452824960765906,0.36452824960765906
2024-03-21 12:00:00,0.8885613201285938,0.8885613201285938
2024-03-21 13:00:00,1.085199786606115,1.085199786606115
2024-03-21 14:00:00,2.0910262101375574,2.0910262101375574
2024-03-21 15:00:00,2.7938768892240247,2.7938768892240247
2024-03-21 16:00:00,2.6009670576653385,2.6009670576653385
2024-03-21 17:00:00,2.880079899577512,2.880079899577512
2024-03-21 18:00:00,2.940684675078259,2.940684675078259
2024-03-21 19:00:00,3.6536796489521044,3.6536796489521044
2024-03-21 20:00:00,2.7846548214672597,2.7846548214672597
2024-03-21 21:00:00,3.4399763955960836,3.4399763955960836
2024-03-21 22:00:00,0.0,0.0
2024-03-21 23:00:00,0.0,0.0
2024-03-22 00:00:00,0.0,0.0
2024-03-22 01:00:00,0.0,0.0
2024-03-22 02:00:00,0.0,0.0
2024-03-22 03:00:00,0.0,0.0
2024-03-22 04:00:00,0.0,0.0
2024-03-22 05:00:00,0.0,0.0
2024-03-22 06:00:00,0.0,0.0
2024-03-22 07:00:00,0.0,0.0
2024-03-22 08:00:00,0.0,0.0
2024-03-22 09:00:00,0.0,0.0
2024-03-22 10:00:00,0.1177480134087206,0.1177480134087206
2024-03-22 11:00:00,0.4171448701081985,0.4171448701081985
2024-03-22 12:00:00,0.8670118911837841,0.8670118911837841
2024-03-22 13:00:00,1.535625568423889,1.535625568423889
2024-03-22 14:00:00,2.2536694712209315,2.2536694712209315
2024-03-22 15:00:00,2.6481421985579385,2.6481421985579385
2024-03-22 16:00:00,3.2777056806286544,3.2777056806286544
2024-03-22 17:00:00,3.725708740228247,3.725708740228247
2024-03-22 18:00:00,2.872382639838136,2.872382639838136
2024-03-22 19:00:00,3.460014228136778,3.460014228136778
2024-03-22 20:00:00,3.4862170202113067,3.4862170202113067
2024-03-22 21:00:00,3.3319531081131433,3.3319531081131433
2024-03-22 22:00:00,0.0,0.0
2024-03-22 23:00:00,0.0,0.0
2024-03-23 00:00:00,0.0,0.0
2024-03-23 01:00:00,0.0,0.0
2024-03-23 02:00:00,0.0,0.0
2024-03-23 03:00:00,0.0,0.0
2024-03-23 04:00:00,0.0,0.0
2024-03-23 05:00:00,0.0,0.0
2024-03-23 06:00:00,0.0,0.0
2024-03-23 07:00:00,0.0,0.0
2024-03-23 08:00:00,0.0,0.0
2024-03-23 09:00:00,0.0,0.0
2024-03-23 10:00:00,0.06900693063259292,0.06900693063259292
2024-03-23 11:00:00,0.3106371830059924,0.3106371830059924
2024-03-23 12:00:00,0.572385456695169,0.572385456695169
2024-03-23 13:00:00,0.8980477005038513,0.8980477005038513
2024-03-23 14:00:00,1.2975200429179912,1.2975200429179912
2024-03-23 15:00:00,2.0080324366472166,2.0080324366472166
2024-03-23 16:00:00,1.8693230316296607,1.8693230316296607
2024-03-23 17:00:00,1.978647164268109,1.978647164268109
2024-03-23 18:00:00,2.4140278496280283,2.4140278496280283
2024-03-23 19:00:00,2.5946055411547997,2.5946055411547997
2024-03-23 20:00:00,1.981905061613765,1.981905061613765
2024-03-23 21:00:00,2.8365745636796027,2.8365745636796027
2024-03-23 22:00:00,0.0,0.0
2024-03-23 23:00:00,0.0,0.0
2024-03-24 00:00:00,0.0,0.0
2024-03-24 01:00:00,0.0,0.0
2024-03-24 02:00:00,0.0,0.0
2024-03-24 03:00:00,0.0,0.0
2024-03-24 04:00:00,0.0,0.0
2024-03-24 05:00:00,0.0,0.0
2024-03-24 06:00:00,0.0,0.0
2024-03-24 07:00:00,0.0,0.0
2024-03-24 08:00:00,0.0,0.0
2024-03-24 09:00:00,0.0,0.0
2024-03-24 10:00:00,0.0823859540020849,0.0823859540020849
2024-03-24 11:00:00,0.3148764321929248,0.3148764321929248
2024-03-24 12:00:00,0.5757835293392762,0.5757835293392762
2024-03-24 13:00:00,0.918103833431066,0.918103833431066
2024-03-24 14:00:00,1.2263704617983775,1.2263704617983775
2024-03-24 15:00:00,1.7838875266379914,1.7838875266379914
2024-03-24 16:00:00,1.8484426448773397,1.8484426448773397
2024-03-24 17:00:00,2.052577863414314,2.052577863414314
2024-03-24 18:00:00,2.2758181753073554,2.2758181753073554
2024-03-24 19:00:00,2.357448661426694,2.357448661426694
2024-03-24 20:00:00,2.2005032058510148,2.2005032058510148
2024-03-24 21:00:00,2.910610074883912,2.910610074883912
2024-03-24 22:00:00,0.0,0.0
2024-03-24 23:00:00,0.0,0.0
2024-03-25 00:00:00,0.0,0.0
2024-03-25 01:00:00,0.0,0.0
2024-03-25 02:00:00,0.0,0.0
2024-03-25 03:00:00,0.0,0.0
2024-03-25 04:00:00,0.0,0.0
2024-03-25 05:00:00,0.0,0.0
2024-03-25 06:00:00,0.0,0.0
2024-03-25 07:00:00,0.0,0.0
2024-03-25 08:00:00,0.0,0.0
2024-03-25 09:00:00,0.0,0.0
2024-03-25 10:00:00,0.12217496105357396,0.12217496105357396
2024-03-25 11:00:00,0.43978828432672673,0.43978828432672673
2024-03-25 12:00:00,0.7199748728681135,0.7199748728681135
2024-03-25 13:00:00,1.21483373617546,1.21483373617546
2024-03-25 14:00:00,1.9156077354813004,1.9156077354813004
2024-03-25 15:00:00,2.7401049305745064,2.7401049305745064
2024-03-25 16:00:00,3.277633846988939,3.277633846988939
2024-03-25 17:00:00,2.7988586272737948,2.7988586272737948
2024-03-25 18:00:00,3.080992173026196,3.080992173026196
2024-03-25 19:00:00,4.10111949988136,4.10111949988136
2024-03-25 20:00:00,3.553045096479745,3.553045096479745
2024-03-25 21:00:00,3.7086437864875865,3.7086437864875865
2024-03-25 22:00:00,0.0,0.0
2024-03-25 23:00:00,0.0,0.0
2024-03-26 00:00:00,0.0,0.0
2024-03-26 01:00:00,0.0,0.0
2024-03-26 02:00:00,0.0,0.0
2024-03-26 03:00:00,0.0,0.0
2024-03-26 04:00:00,0.0,0.0
2024-03-26 05:00:00,0.0,0.0
2024-03-26 06:00:00,0.0,0.0
2024-03-26 07:00:00,0.0,0.0
2024-03-26 08:00:00,0.0,0.0
2024-03-26 09:00:00,0.0,0.0
2024-03-26 10:00:00,0.1196733775046199,0.1196733775046199
2024-03-26 11:00:00,0.4260813482917901,0.4260813482917901
2024-03-26 12:00:00,0.7611155851350276,0.7611155851350276
2024-03-26 13:00:00,1.4970743781189153,1.4970743781189153
2024-03-26 14:00:00,2.0538504581653902,2.0538504581653902
2024-03-26 15:00:00,2.704002843619381,2.704002843619381
2024-03-26 16:00:00,3.3182637486461157,3.3182637486461157
2024-03-26 17:00:00,3.647705831372113,3.647705831372113
2024-03-26 18:00:00,3.464092316305216,3.464092316305216
2024-03-26 19:00:00,3.4428897301815744,3.4428897301815744
2024-03-26 20:00:00,3.0730223667062724,3.0730223667062724
2024-03-26 21:00:00,4.402207547129893,4.402207547129893
2024-03-26 22:00:00,0.0,0.0
2024-03-26 23:00:00,0.0,0.0
2024-03-27 00:00:00,0.0,0.0
2024-03-27 01:00:00,0.0,0.0
2024-03-27 02:00:00,0.0,0.0
2024-03-27 03:00:00,0.0,0.0
2024-03-27 04:00:00,0.0,0.0
2024-03-27 05:00:00,0.0,0.0
2024-03-27 06:00:00,0.0,0.0
2024-03-27 07:00:00,0.0,0.0
2024-03-27 08:00:00,0.0,0.0
2024-03-27 09:00:00,0.0,0.0
2024-03-27 10:00:00,0.12105297464782275,0.12105297464782275
2024-03-27 11:00:00,0.4531214657369165,0.4531214657369165
2024-03-27 12:00:00,0.9408017862843099,0.9408017862843099
2024-03-27 13:00:00,1.63478027427197,1.63478027427197
2024-03-27 14:00:00,2.467653396700262,2.467653396700262
2024-03-27 15:00:00,3.0631533051222473,3.0631533051222473
2024-03-27 16:00:00,2.7616367225697687,2.7616367225697687
2024-03-27 17:00:00,3.222104068343635,3.222104068343635
2024-03-27 18:00:00,3.3561801654764323,3.3561801654764323
2024-03-27 19:00:00,4.67471846706466,4.67471846706466
2024-03-27 20:00:00,4.119320439557843,4.119320439557843
2024-03-27 21:00:00,3.539951363836787,3.539951363836787
2024-03-27 22:00:00,0.0,0.0
2024-03-27 23:00:00,0.0,0.0
2024-03-28 00:00:00,0.0,0.0
2024-03-28 01:00:00,0.0,0.0
2024-03-28 02:00:00,0.0,0.0
2024-03-28 03:00:00,0.0,0.0
2024-03-28 04:00:00,0.0,0.0
2024-03-28 05:00:00,0.0,0.0
2024-03-28 06:00:00,0.0,0.0
2024-03-28 07:00:00,0.0,0.0
2024-03-28 08:00:00,0.0,0.0
2024-03-28 09:00:00,0.0,0.0
2024-03-28 10:00:00,0.11150769644177594,0.11150769644177594
2024-03-28 11:00:00,0.38100168864838047,0.38100168864838047
2024-03-28 12:00:00,0.7972224943136308,0.7972224943136308
2024-03-28 13:00:00,1.427089509917798,1.427089509917798
2024-03-28 14:00:00,1.7687109017971718,1.7687109017971718
2024-03-28 15:00:00,2.5404865207689973,2.5404865207689973
2024-03-28 16:00:00,2.4253932859759533,2.4253932859759533
2024-03-28 17:00:00,2.871746489614926,2.871746489614926
2024-03-28 18:00:00,2.8210230257327384,2.8210230257327384
2024-03-28 19:00:00,3.49603277841958,3.49603277841958
2024-03-28 20:00:00,2.8966139923161194,2.8966139923161194
2024-03-28 21:00:00,3.7096456581718757,3.7096456581718757
2024-03-28 22:00:00,0.0,0.0
2024-03-28 23:00:00,0.0,0.0
2024-03-29 00:00:00,0.0,0.0
2024-03-29 01:00:00,0.0,0.0
2024-03-29 02:00:00,0.0,0.0
2024-03-29 03:00:00,0.0,0.0
2024-03-29 04:00:00,0.0,0.0
2024-03-29 05:00:00,0.0,0.0
2024-03-29 06:00:00,0.0,0.0
2024-03-29 07:00:00,0.0,0.0
2024-03-29 08:00:00,0.0,0.0
2024-03-29 09:00:00,0.0,0.0
2024-03-29 10:00:00,0.13421133696954576,0.13421133696954576
2024-03-29 11:00:00,0.4465626168539145,0.4465626168539145
2024-03-29 12:00:00,0.9494576714508707,0.9494576714508707
2024-03-29 13:00:00,1.3520105063098908,1.3520105063098908
2024-03-29 14:00:00,2.4527652755212666,2.4527652755212666
2024-03-29 15:00:00,3.4779965688412195,3.4779965688412195
2024-03-29 16:00:00,2.9176949987756227,2.9176949987756227
2024-03-29 17:00:00,3.0241774844373537,3.0241774844373537
2024-03-29 18:00:00,3.919240785497806,3.919240785497806
2024-03-29 19:00:00,3.6998128434643447,3.6998128434643447
2024-03-29 20:00:00,3.836380556591641,3.836380556591641
2024-03-29 21:00:00,3.884707082775864,3.884707082775864
2024-03-29 22:00:00,0.0,0.0
2024-03-29 23:00:00,0.0,0.0
2024-03-30 00:00:00,0.0,0.0
2024-03-30 01:00:00,0.0,0.0
2024-03-30 02:00:00,0.0,0.0
2024-03-30 03:00:00,0.0,0.0
2024-03-30 04:00:00,0.0,0.0
2024-03-30 05:00:00,0.0,0.0
2024-03-30 06:00:00,0.0,0.0
2024-03-30 07:00:00,0.0,0.0
2024-03-30 08:00:00,0.0,0.0
2024-03-30 09:00:00,0.0,0.0
2024-03-30 10:00:00,0.07376558252918186,0.07376558252918186
2024-03-30 11:00:00,0.2569521872094457,0.2569521872094457
2024-03-30 12:00:00,0.6432254804124679,0.6432254804124679
2024-03-30 13:00:00,1.0383631581156312,1.0383631581156312
2024-03-30 14:00:00,1.6800164738579755,1.6800164738579755
2024-03-30 15:00:00,1.8508122382570453,1.8508122382570453
2024-03-30 16:00:00,1.9834960095446672,1.9834960095446672
2024-03-30 17:00:00,2.483795424859461,2.483795424859461
2024-03-30 18:00:00,2.518833455728093,2.518833455728093
2024-03-30 19:00:00,2.541296436923167,2.541296436923167
2024-03-30 20:00:00,2.274327220020723,2.274327220020723
2024-03-30 21:00:00,2.277140948063104,2.277140948063104
2024-03-30 22:00:00,0.0,0.0
2024-03-30 23:00:00,0.0,0.0
2024-03-31 00:00:00,0.0,0.0
2024-03-31 01:00:00,0.0,0.0
2024-03-31 02:00:00,0.0,0.0
2024-03-31 03:00:00,0.0,0.0
2024-03-31 04:00:00,0.0,0.0
2024-03-31 05:00:00,0.0,0.0
2024-03-31 06:00:00,0.0,0.0
2024-03-31 07:00:00,0.0,0.0
2024-03-31 08:00:00,0.0,0.0
2024-03-31 09:00:00,0.0,0.0
2024-03-31 10:00:00,0.07491752665894819,0.07491752665894819
2024-03-31 11:00:00,0.3272559070018936,0.3272559070018936
2024-03-31 12:00:00,0.6752204437352178,0.6752204437352178
2024-03-31 13:00:00,0.8275410134234058,0.8275410134234058
2024-03-31 14:00:00,1.6270339379089003,1.6270339379089003
2024-03-31 15:00:00,1.9063841917505018,1.9063841917505018
2024-03-31 16:00:00,1.8369162006865385,1.8369162006865385
2024-03-31 17:00:00,2.2463219888017623,2.2463219888017623
2024-03-31 18:00:00,1.9715962964028353,1.9715962964028353
2024-03-31 19:00:00,2.438887367946732,2.438887367946732
2024-03-31 20:00:00,2.274582448447096,2.274582448447096
2024-03-31 21:00:00,2.755550469898817,2.755550469898817
2024-03-31 22:00:00,0.0,0.0
2024-03-31 23:00:00,0.0,0.0
2024-04-01 00:00:00,0.0,0.0
2024-04-01 01:00:00,0.0,0.0
2024-04-01 02:00:00,0.0,0.0
2024-04-01 03:00:00,0.0,0.0
2024-04-01 04:00:00,0.0,0.0
2024-04-01 05:00:00,0.0,0.0
2024-04-01 06:00:00,0.0,0.0
2024-04-01 07:00:00,0.0,0.0
2024-04-01 08:00:00,0.0,0.0
2024-04-01 09:00:00,0.0,0.0
2024-04-01 10:00:00,0.10706493099402462,0.10706493099402462
2024-04-01 11:00:00,0.4786767670747754,0.4786767670747754
2024-04-01 12:00:00,0.9154497877401561,0.9154497877401561
2024-04-01 13:00:00,1.4716390946212161,1.4716390946212161
2024-04-01 14:00:00,1.953497078079807,1.953497078079807
2024-04-01 15:00:00,3.16261195007153,3.16261195007153
2024-04-01 16:00:00,2.7979041482293896,2.7979041482293896
2024-04-01 17:00:00,3.074448035963371,3.074448035963371
2024-04-01 18:00:00,3.5963523789864413,3.5963523789864413
2024-04-01 19:00:00,4.043989129628879,4.043989129628879
2024-04-01 20:00:00,3.9007316850150175,3.9007316850150175
2024-04-01 21:00:00,3.534437140304203,3.534437140304203
2024-04-01 22:00:00,0.0,0.0
2024-04-01 23:00:00,0.0,0.0
2024-04-02 00:00:00,0.0,0.0
2024-04-02 01:00:00,0.0,0.0
2024-04-02 02:00:00,0.0,0.0
2024-04-02 03:00:00,0.0,0.0
2024-04-02 04:00:00,0.0,0.0
2024-04-02 05:00:00,0.0,0.0
2024-04-02 06:00:00,0.0,0.0
2024-04-02 07:00:00,0.0,0.0
2024-04-02 08:00:00,0.0,0.0
2024-04-02 09:00:00,0.0,0.0
2024-04-02 10:00:00,0.12832523836208773,0.12832523836208773
2024-04-02 11:00:00,0.43712236331846605,0.43712236331846605
2024-04-02 12:00:00,1.002008560818069,1.002008560818069
2024-04-02 13:00:00,1.29682730403512,1.29682730403512
2024-04-02 14:00:00,2.3850474574661957,2.3850474574661957
2024-04-02 15:00:00,2.8617713992588896,2.8617713992588896
2024-04-02 16:00:00,3.1410272069005996,3.1410272069005996
2024-04-02 17:00:00,3.1342564983079506,3.1342564983079506
2024-04-02 18:00:00,3.0173891723850574,3.0173891723850574
2024-04-02 19:00:00,3.6896072581235173,3.6896072581235173
2024-04-02 20:00:00,3.211391870986937,3.211391870986937
2024-04-02 21:00:00,4.063571770657502,4.063571770657502
2024-04-02 22:00:00,0.0,0.0
2024-04-02 23:00:00,0.0,0.0
2024-04-03 00:00:00,0.0,0.0
2024-04-03 01:00:00,0.0,0.0
2024-04-03 02:00:00,0.0,0.0
2024-04-03 03:00:00,0.0,0.0
2024-04-03 04:00:00,0.0,0.0
2024-04-03 05:00:00,0.0,0.0
2024-04-03 06:00:00,0.0,0.0
2024-04-03 07:00:00,0.0,0.0
2024-04-03 08:00:00,0.0,0.0
2024-04-03 09:00:00,0.0,0.0
2024-04-03 10:00:00,0.10832319304882874,0.10832319304882874
2024-04-03 11:00:00,0.42916169316907665,0.42916169316907665
2024-04-03 12:00:00,0.8505190790959051,0.8505190790959051
2024-04-03 13:00:00,1.4675581622123517,1.4675581622123517
2024-04-03 14:00:00,2.115425924344967,2.115425924344967
2024-04-03 15:00:00,2.796919739904514,2.796919739904514
2024-04-03 16:00:00,3.375468868546004,3.375468868546004
2024-04-03 17:00:00,3.160969950788639,3.160969950788639
2024-04-03 18:00:00,3.751356095164436,3.751356095164436
2024-04-03 19:00:00,3.5580292407802583,3.5580292407802583
2024-04-03 20:00:00,3.9734009755106348,3.9734009755106348
2024-04-03 21:00:00,3.697150643006256,3.697150643006256
2024-04-03 22:00:00,0.0,0.0
2024-04-03 23:00:00,0.0,0.0
2024-04-04 00:00:00,0.0,0.0
2024-04-04 01:00:00,0.0,0.0
2024-04-04 02:00:00,0.0,0.0
2024-04-04 03:00:00,0.0,0.0
2024-04-04 04:00:00,0.0,0.0
2024-04-04 05:00:00,0.0,0.0
2024-04-04 06:00:00,0.0,0.0
2024-04-04 07:00:00,0.0,0.0
2024-04-04 08:00:00,0.0,0.0
2024-04-04 09:00:00,0.0,0.0
2024-04-04 10:00:00,0.12169369267383016,0.12169369267383016
2024-04-04 11:00:00,0.4977865163919736,0.4977865163919736
2024-04-04 12:00:00,0.9606685691576321,0.9606685691576321
2024-04-04 13:00:00,1.2541116886112251,1.2541116886112251
2024-04-04 14:00:00,1.9999203742055793,1.9999203742055793
2024-04-04 15:00:00,2.988754274456223,2.988754274456223
2024-04-04 16:00:00,3.0018029042428895,3.0018029042428895
2024-04-04 17:00:00,3.3670099641653577,3.3670099641653577
2024-04-04 18:00:00,3.2752538061568974,3.2752538061568974
2024-04-04 19:00:00,3.8715734027295445,3.8715734027295445
2024-04-04 20:00:00,3.4410655540565718,3.4410655540565718
2024-04-04 21:00:00,4.024452123273778,4.024452123273778
2024-04-04 22:00:00,0.0,0.0
2024-04-04 23:00:00,0.0,0.0
2024-04-05 00:00:00,0.0,0.0
2024-04-05 01:00:00,0.0,0.0
2024-04-05 02:00:00,0.0,0.0
2024-04-05 03:00:00,0.0,0.0
2024-04-05 04:00:00,0.0,0.0
2024-04-05 05:00:00,0.0,0.0
2024-04-05 06:00:00,0.0,0.0
2024-04-05 07:00:00,0.0,0.0
2024-04-05 08:00:00,0.0,0.0
2024-04-05 09:00:00,0.0,0.0
2024-04-05 10:00:00,0.12009361681002485,0.12009361681002485
2024-04-05 11:00:00,0.49985078197013955,0.49985078197013955
2024-04-05 12:00:00,1.0249835381041665,1.0249835381041665
2024-04-05 13:00:00,1.499902664122053,1.499902664122053
2024-04-05 14:00:00,2.2140732586410476,2.2140732586410476
2024-04-05 15:00:00,2.706625314062454,2.706625314062454
2024-04-05 16:00:00,3.4015033375038177,3.4015033375038177
2024-04-05 17:00:00,3.2329123745773685,3.2329123745773685
2024-04-05 18:00:00,3.9793121945537084,3.9793121945537084
2024-04-05 19:00:00,3.683273007692543,3.683273007692543
2024-04-05 20:00:00,3.916679559289184,3.916679559289184
2024-04-05 21:00:00,3.8413597235053576,3.8413597235053576
2024-04-05 22:00:00,0.0,0.0
2024-04-05 23:00:00,0.0,0.0
2024-04-06 00:00:00,0.0,0.0
2024-04-06 01:00:00,0.0,0.0
2024-04-06 02:00:00,0.0,0.0
2024-04-06 03:00:00,0.0,0.0
2024-04-06 04:00:00,0.0,0.0
2024-04-06 05:00:00,0.0,0.0
2024-04-06 06:00:00,0.0,0.0
2024-04-06 07:00:00,0.0,0.0
2024-04-06 08:00:00,0.0,0.0
2024-04-06 09:00:00,0.0,0.0
2024-04-06 10:00:00,0.07871523369109228,0.07871523369109228
2024-04-06 11:00:00,0.31363048415886563,0.31363048415886563
2024-04-06 12:00:00,0.5504259581375454,0.5504259581375454
2024-04-06 13:00:00,0.8924649175239875,0.8924649175239875
2024-04-06 14:00:00,1.6802549474841408,1.6802549474841408
2024-04-06 15:00:00,2.004540256305124,2.004540256305124
2024-04-06 16:00:00,2.0754829748283994,2.0754829748283994
2024-04-06 17:00:00,2.419253412253551,2.419253412253551
2024-04-06 18:00:00,2.4330020759488473,2.4330020759488473
2024-04-06 19:00:00,2.6825170569395023,2.6825170569395023
2024-04-06 20:00:00,2.302689770002131,2.302689770002131
2024-04-06 21:00:00,2.4541767242251384,2.4541767242251384
2024-04-06 22:00:00,0.0,0.0
2024-04-06 23:00:00,0.0,0.0
2024-04-07 00:00:00,0.0,0.0
2024-04-07 01:00:00,0.0,0.0
2024-04-07 02:00:00,0.0,0.0
2024-04-07 03:00:00,0.0,0.0
2024-04-07 04:00:00,0.0,0.0
2024-04-07 05:00:00,0.0,0.0
2024-04-07 06:00:00,0.0,0.0
2024-04-07 07:00:00,0.0,0.0
2024-04-07 08:00:00,0.0,0.0
2024-04-07 09:00:00,0.0,0.0
2024-04-07 10:00:00,0.08901040922260564,0.08901040922260564
2024-04-07 11:00:00,0.2554705401804184,0.2554705401804184
2024-04-07 12:00:00,0.5531728061781069,0.5531728061781069
2024-04-07 13:00:00,0.8082609904378943,0.8082609904378943
2024-04-07 14:00:00,1.3905557135817672,1.3905557135817672
2024-04-07 15:00:00,1.8947569347306938,1.8947569347306938
2024-04-07 16:00:00,2.136633801517413,2.136633801517413
2024-04-07 17:00:00,2.1436680331602673,2.1436680331602673
2024-04-07 18:00:00,2.076471625411998,2.076471625411998
2024-04-07 19:00:00,3.0702631926495076,3.0702631926495076
2024-04-07 20:00:00,2.700397851129542,2.700397851129542
2024-04-07 21:00:00,3.00885720436631,3.00885720436631
2024-04-07 22:00:00,0.0,0.0
2024-04-07 23:00:00,0.0,0.0
2024-04-08 00:00:00,0.0,0.0
2024-04-08 01:00:00,0.0,0.0
2024-04-08 02:00:00,0.0,0.0
2024-04-08 03:00:00,0.0,0.0
2024-04-08 04:00:00,0.0,0.0
2024-04-08 05:00:00,0.0,0.0
2024-04-08 06:00:00,0.0,0.0
2024-04-08 07:00:00,0.0,0.0
2024-04-08 08:00:00,0.0,0.0
2024-04-08 09:00:00,0.0,0.0
2024-04-08 10:00:00,0.12113206568795763,0.12113206568795763
2024-04-08 11:00:00,0.4911838693659133,0.4911838693659133
2024-04-08 12:00:00,0.8522000269105275,0.8522000269105275
2024-04-08 13:00:00,1.555584197693934,1.555584197693934
2024-04-08 14:00:00,2.275139551764292,2.275139551764292
2024-04-08 15:00:00,2.497343925395125,2.497343925395125
2024-04-08 16:00:00,3.0574380973658504,3.0574380973658504
2024-04-08 17:00:00,3.234516013602912,3.234516013602912
2024-04-08 18:00:00,3.327956377191108,3.327956377191108
2024-04-08 19:00:00,4.240285278409773,4.240285278409773
2024-04-08 20:00:00,3.4755353740489645,3.4755353740489645
2024-04-08 21:00:00,3.9209027900353512,3.9209027900353512
2024-04-08 22:00:00,0.0,0.0
2024-04-08 23:00:00,0.0,0.0
2024-04-09 00:00:00,0.0,0.0
2024-04-09 01:00:00,0.0,0.0
2024-04-09 02:00:00,0.0,0.0
2024-04-09 03:00:00,0.0,0.0
2024-04-09 04:00:00,0.0,0.0
2024-04-09 05:00:00,0.0,0.0
2024-04-09 06:00:00,0.0,0.0
2024-04-09 07:00:00,0.0,0.0
2024-04-09 08:00:00,0.0,0.0
2024-04-09 09:00:00,0.0,0.0
2024-04-09 10:00:00,0.12400790643678138,0.12400790643678138
2024-04-09 11:00:00,0.5097400902172556,0.5097400902172556
2024-04-09 12:00:00,0.9020463801661959,0.9020463801661959
2024-04-09 13:00:00,1.6523986655315892,1.6523986655315892
2024-04-09 14:00:00,2.2822274556855384,2.2822274556855384
2024-04-09 15:00:00,3.3093556324102216,3.3093556324102216
2024-04-09 16:00:00,2.8055070422695727,2.8055070422695727
2024-04-09 17:00:00,3.2327107365708243,3.2327107365708243
2024-04-09 18:00:00,3.1154905990066255,3.1154905990066255
2024-04-09 19:00:00,3.8322884116153206,3.8322884116153206
2024-04-09 20:00:00,4.061513466372304,4.061513466372304
2024-04-09 21:00:00,4.734535183728649,4.734535183728649
2024-04-09 22:00:00,0.0,0.0
2024-04-09 23:00:00,0.0,0.0
2024-04-10 00:00:00,0.0,0.0
2024-04-10 01:00:00,0.0,0.0
2024-04-10 02:00:00,0.0,0.0
2024-04-10 03:00:00,0.0,0.0
2024-04-10 04:00:00,0.0,0.0
2024-04-10 05:00:00,0.0,0.0
2024-04-10 06:00:00,0.0,0.0
2024-04-10 07:00:00,0.0,0.0
2024-04-10 08:00:00,0.0,0.0
2024-04-10 09:00:00,0.0,0.0
2024-04-10 10:00:00,0.12118860330867325,0.12118860330867325
2024-04-10 11:00:00,0.49788695615041256,0.49788695615041256
2024-04-10 12:00:00,1.0206062442521915,1.0206062442521915
2024-04-10 13:00:00,1.5698350284011298,1.5698350284011298
2024-04-10 14:00:00,2.5395660808186644,2.5395660808186644
2024-04-10 15:00:00,3.0782704525795923,3.0782704525795923
2024-04-10 16:00:00,3.248015334234988,3.248015334234988
2024-04-10 17:00:00,3.277725764839888,3.277725764839888
2024-04-10 18:00:00,3.7647322025475547,3.7647322025475547
2024-04-10 19:00:00,4.283373789141783,4.283373789141783
2024-04-10 20:00:00,3.5656056041986797,3.5656056041986797
2024-04-10 21:00:00,3.7204985967687754,3.7204985967687754
2024-04-10 22:00:00,0.0,0.0
2024-04-10 23:00:00,0.0,0.0
2024-04-11 00:00:00,0.0,0.0
2024-04-11 01:00:00,0.0,0.0
2024-04-11 02:00:00,0.0,0.0
2024-04-11 03:00:00,0.0,0.0
2024-04-11 04:00:00,0.0,0.0
2024-04-11 05:00:00,0.0,0.0
2024-04-11 06:00:00,0.0,0.0
2024-04-11 07:00:00,0.0,0.0
2024-04-11 08:00:00,0.0,0.0
2024-04-11 09:00:00,0.0,0.0
2024-04-11 10:00:00,0.11488286741143114,0.11488286741143114
2024-04-11 11:00:00,0.479696216129153,0.479696216129153
2024-04-11 12:00:00,0.9772266629631943,0.9772266629631943
2024-04-11 13:00:00,1.3405865659886247,1.3405865659886247
2024-04-11 14:00:00,2.0669049245099713,2.0669049245099713
2024-04-11 15:00:00,2.8018857536236594,2.8018857536236594
2024-04-11 16:00:00,3.0785465019880776,3.0785465019880776
2024-04-11 17:00:00,3.5299078565300523,3.5299078565300523
2024-04-11 18:00:00,3.483528585903563,3.483528585903563
2024-04-11 19:00:00,4.235079369808211,4.235079369808211
2024-04-11 20:00:00,3.4972663945543947,3.4972663945543947
2024-04-11 21:00:00,4.201524752889875,4.201524752889875
2024-04-11 22:00:00,0.0,0.0
2024-04-11 23:00:00,0.0,0.0
2024-04-12 00:00:00,0.0,0.0
2024-04-12 01:00:00,0.0,0.0
2024-04-12 02:00:00,0.0,0.0
2024-04-12 03:00:00,0.0,0.0
2024-04-12 04:00:00,0.0,0.0
2024-04-12 05:00:00,0.0,0.0
2024-04-12 06:00:00,0.0,0.0
2024-04-12 07:00:00,0.0,0.0
2024-04-12 08:00:00,0.0,0.0
2024-04-12 09:00:00,0.0,0.0
2024-04-12 10:00:00,0.12189444083468842,0.12189444083468842
2024-04-12 11:00:00,0.3494135559807291,0.3494135559807291
2024-04-12 12:00:00,0.6921866945467913,0.6921866945467913
2024-04-12 13:00:00,1.109199130104237,1.109199130104237
2024-04-12 14:00:00,1.8221367079833612,1.8221367079833612
2024-04-12 15:00:00,2.309747998597559,2.309747998597559
2024-04-12 16:00:00,3.133612470520505,3.133612470520505
2024-04-12 17:00:00,3.291036626292844,3.291036626292844
2024-04-12 18:00:00,2.942623286834472,2.942623286834472
2024-04-12 19:00:00,3.793558730549089,3.793558730549089
2024-04-12 20:00:00,3.220999960026633,3.220999960026633
2024-04-12 21:00:00,3.974334428840309,3.974334428840309
2024-04-12 22:00:00,0.0,0.0
2024-04-12 23:00:00,0.0,0.0
2024-04-13 00:00:00,0.0,0.0
2024-04-13 01:00:00,0.0,0.0
2024-04-13 02:00:00,0.0,0.0
2024-04-13 03:00:00,0.0,0.0
2024-04-13 04:00:00,0.0,0.0
2024-04-13 05:00:00,0.0,0.0
2024-04-13 06:00:00,0.0,0.0
2024-04-13 07:00:00,0.0,0.0
2024-04-13 08:00:00,0.0,0.0
2024-04-13 09:00:00,0.0,0.0
2024-04-13 10:00:00,0.07372031714501617,0.07372031714501617
2024-04-13 11:00:00,0.3364743522690124,0.3364743522690124
2024-04-13 12:00:00,0.6236642302972158,0.6236642302972158
2024-04-13 13:00:00,0.9445193333033083,0.9445193333033083
2024-04-13 14:00:00,1.7865668500894065,1.7865668500894065
2024-04-13 15:00:00,1.847013932399141,1.847013932399141
2024-04-13 16:00:00,2.5298649769618593,2.5298649769618593
2024-04-13 17:00:00,2.1353868422599107,2.1353868422599107
2024-04-13 18:00:00,2.2910850944638517,2.2910850944638517
2024-04-13 19:00:00,2.847501696745873,2.847501696745873
2024-04-13 20:00:00,2.4570491806488772,2.4570491806488772
2024-04-13 21:00:00,2.755994974381639,2.755994974381639
2024-04-13 22:00:00,0.0,0.0
2024-04-13 23:00:00,0.0,0.0
2024-04-14 00:00:00,0.0,0.0
2024-04-14 01:00:00,0.0,0.0
2024-04-14 02:00:00,0.0,0.0
2024-04-14 03:00:00,0.0,0.0
2024-04-14 04:00:00,0.0,0.0
2024-04-14 05:00:00,0.0,0.0
2024-04-14 06:00:00,0.0,0.0
2024-04-14 07:00:00,0.0,0.0
2024-04-14 08:00:00,0.0,0.0
2024-04-14 09:00:00,0.0,0.0
2024-04-14 10:00:00,0.09622184045030854,0.09622184045030854
2024-04-14 11:00:00,0.3360699526729611,0.3360699526729611
2024-04-14 12:00:00,0.558937453734332,0.558937453734332
2024-04-14 13:00:00,1.0652818400180055,1.0652818400180055
2024-04-14 14:00:00,1.5237539190675655,1.5237539190675655
2024-04-14 15:00:00,2.009613691100153,2.009613691100153
2024-04-14 16:00:00,2.123924541203528,2.123924541203528
2024-04-14 17:00:00,2.300448231979435,2.300448231979435
2024-04-14 18:00:00,2.1197452523318767,2.1197452523318767
2024-04-14 19:00:00,2.6289364310716574,2.6289364310716574
2024-04-14 20:00:00,2.1984070167577863,2.1984070167577863
2024-04-14 21:00:00,2.516128135373589,2.516128135373589
2024-04-14 22:00:00,0.0,0.0
2024-04-14 23:00:00,0.0,0.0
2024-04-15 00:00:00,0.0,0.0
2024-04-15 01:00:00,0.0,0.0
2024-04-15 02:00:00,0.0,0.0
2024-04-15 03:00:00,0.0,0.0
2024-04-15 04:00:00,0.0,0.0
2024-04-15 05:00:00,0.0,0.0
2024-04-15 06:00:00,0.0,0.0
2024-04-15 07:00:00,0.0,0.0
2024-04-15 08:00:00,0.0,0.0
2024-04-15 09:00:00,0.0,0.0
2024-04-15 10:00:00,0.12390051506702954,0.12390051506702954
2024-04-15 11:00:00,0.4078204535794995,0.4078204535794995
2024-04-15 12:00:00,0.851492763693719,0.851492763693719
2024-04-15 13:00:00,1.5215696471761646,1.5215696471761646
2024-04-15 14:00:00,2.046765595662157,2.046765595662157
2024-04-15 15:00:00,2.763925216395551,2.763925216395551
2024-04-15 16:00:00,3.4627795569550677,3.4627795569550677
2024-04-15 17:00:00,3.601906818152642,3.601906818152642
2024-04-15 18:00:00,3.758999975834255,3.758999975834255
2024-04-15 19:00:00,4.321335357998295,4.321335357998295
2024-04-15 20:00:00,4.005443566742985,4.005443566742985
2024-04-15 21:00:00,3.9511263182774017,3.9511263182774017
2024-04-15 22:00:00,0.0,0.0
2024-04-15 23:00:00,0.0,0.0
2024-04-16 00:00:00,0.0,0.0
2024-04-16 01:00:00,0.0,0.0
2024-04-16 02:00:00,0.0,0.0
2024-04-16 03:00:00,0.0,0.0
2024-04-16 04:00:00,0.0,0.0
2024-04-16 05:00:00,0.0,0.0
2024-04-16 06:00:00,0.0,0.0
2024-04-16 07:00:00,0.0,0.0
2024-04-16 08:00:00,0.0,0.0
2024-04-16 09:00:00,0.0,0.0
2024-04-16 10:00:00,0.10878164455204901,0.10878164455204901
2024-04-16 11:00:00,0.3404951702285876,0.3404951702285876
2024-04-16 12:00:00,0.8932446834357951,0.8932446834357951
2024-04-16 13:00:00,1.4011536194410905,1.4011536194410905
2024-04-16 14:00:00,2.1748435737721366,2.1748435737721366
2024-04-16 15:00:00,2.8641456302192414,2.8641456302192414
2024-04-16 16:00:00,3.0525595934381378,3.0525595934381378
2024-04-16 17:00:00,2.7706986213044984,2.7706986213044984
2024-04-16 18:00:00,3.1097168570390266,3.1097168570390266
2024-04-16 19:00:00,3.475890526181337,3.475890526181337
2024-04-16 20:00:00,3.261633692992042,3.261633692992042
2024-04-16 21:00:00,3.8423004256486566,3.8423004256486566
2024-04-16 22:00:00,0.0,0.0
2024-04-16 23:00:00,0.0,0.0
2024-04-17 00:00:00,0.0,0.0
2024-04-17 01:00:00,0.0,0.0
2024-04-17 02:00:00,0.0,0.0
2024-04-17 03:00:00,0.0,0.0
2024-04-17 04:00:00,0.0,0.0
2024-04-17 05:00:00,0.0,0.0
2024-04-17 06:00:00,0.0,0.0
2024-04-17 07:00:00,0.0,0.0
2024-04-17 08:00:00,0.0,0.0
2024-04-17 09:00:00,0.0,0.0
2024-04-17 10:00:00,0.10094142055930652,0.10094142055930652
2024-04-17 11:00:00,0.4011254087630249,0.4011254087630249
2024-04-17 12:00:00,0.9068381137171473,0.9068381137171473
2024-04-17 13:00:00,1.3639953891735848,1.3639953891735848
2024-04-17 14:00:00,2.2268520118414976,2.2268520118414976
2024-04-17 15:00:00,2.5166902698609213,2.5166902698609213
2024-04-17 16:00:00,2.8778713339359223,2.8778713339359223
2024-04-17 17:00:00,3.771849275752427,3.771849275752427
2024-04-17 18:00:00,3.5017548949313815,3.5017548949313815
2024-04-17 19:00:00,4.149498727310733,4.149498727310733
2024-04-17 20:00:00,3.2282518027779017,3.2282518027779017
2024-04-17 21:00:00,4.033801374002389,4.033801374002389
2024-04-17 22:00:00,0.0,0.0
2024-04-17 23:00:00,0.0,0.0
2024-04-18 00:00:00,0.0,0.0
2024-04-18 01:00:00,0.0,0.0
2024-04-18 02:00:00,0.0,0.0
2024-04-18 03:00:00,0.0,0.0
2024-04-18 04:00:00,0.0,0.0
2024-04-18 05:00:00,0.0,0.0
2024-04-18 06:00:00,0.0,0.0
2024-04-18 07:00:00,0.0,0.0
2024-04-18 08:00:00,0.0,0.0
2024-04-18 09:00:00,0.0,0.0
2024-04-18 10:00:00,0.11008369877850625,0.11008369877850625
2024-04-18 11:00:00,0.43173167427329057,0.43173167427329057
2024-04-18 12:00:00,0.7407321140809365,0.7407321140809365
2024-04-18 13:00:00,1.5317130745139222,1.5317130745139222
2024-04-18 14:00:00,2.271193384036536,2.271193384036536
2024-04-18 15:00:00,3.3725303265085147,3.3725303265085147
2024-04-18 16:00:00,2.9894639697896097,2.9894639697896097
2024-04-18 17:00:00,3.4133863790771284,3.4133863790771284
2024-04-18 18:00:00,3.770867967554574,3.770867967554574
2024-04-18 19:00:00,3.5899477581771584,3.5899477581771584
2024-04-18 20:00:00,3.807331880357575,3.807331880357575
2024-04-18 21:00:00,3.7877630123324395,3.7877630123324395
2024-04-18 22:00:00,0.0,0.0
2024-04-18 23:00:00,0.0,0.0
2024-04-19 00:00:00,0.0,0.0
2024-04-19 01:00:00,0.0,0.0
2024-04-19 02:00:00,0.0,0.0
2024-04-19 03:00:00,0.0,0.0
2024-04-19 04:00:00,0.0,0.0
2024-04-19 05:00:00,0.0,0.0
2024-04-19 06:00:00,0.0,0.0
2024-04-19 07:00:00,0.0,0.0
2024-04-19 08:00:00,0.0,0.0
2024-04-19 09:00:00,0.0,0.0
2024-04-19 10:00:00,0.10803941212223359,0.10803941212223359
2024-04-19 11:00:00,0.4368351784529892,0.4368351784529892
2024-04-19 12:00:00,0.8580111745437031,0.8580111745437031
2024-04-19 13:00:00,1.5010870011323052,1.5010870011323052
2024-04-19 14:00:00,1.9825626561009606,1.9825626561009606
2024-04-19 15:00:00,2.521109490737064,2.521109490737064
2024-04-19 16:00:00,2.8239900296691416,2.8239900296691416
2024-04-19 17:00:00,3.1682465592832707,3.1682465592832707
2024-04-19 18:00:00,3.2434509094966653,3.2434509094966653
2024-04-19 19:00:00,3.9593058953863647,3.9593058953863647
2024-04-19 20:00:00,3.0040982723648058,3.0040982723648058
2024-04-19 21:00:00,3.531135075579036,3.531135075579036
2024-04-19 22:00:00,0.0,0.0
2024-04-19 23:00:00,0.0,0.0
2024-04-20 00:00:00,0.0,0.0
2024-04-20 01:00:00,0.0,0.0
2024-04-20 02:00:00,0.0,0.0
2024-04-20 03:00:00,0.0,0.0
2024-04-20 04:00:00,0.0,0.0
2024-04-20 05:00:00,0.0,0.0
2024-04-20 06:00:00,0.0,0.0
2024-04-20 07:00:00,0.0,0.0
2024-04-20 08:00:00,0.0,0.0
2024-04-20 09:00:00,0.0,0.0
2024-04-20 10:00:00,0.07809628071047627,0.07809628071047627
2024-04-20 11:00:00,0.3190222628818442,0.3190222628818442
2024-04-20 12:00:00,0.5702722070083129,0.5702722070083129
2024-04-20 13:00:00,1.0200123090934394,1.0200123090934394
2024-04-20 14:00:00,1.572463685801855,1.572463685801855
2024-04-20 15:00:00,1.972288864577947,1.972288864577947
2024-04-20 16:00:00,2.068198062211157,2.068198062211157
2024-04-20 17:00:00,2.5229037213085386,2.5229037213085386
2024-04-20 18:00:00,2.441153678717115,2.441153678717115
2024-04-20 19:00:00,2.435170468662418,2.435170468662418
2024-04-20 20:00:00,2.2983157402218035,2.2983157402218035
2024-04-20 21:00:00,2.6159023647526283,2.6159023647526283
2024-04-20 22:00:00,0.0,0.0
2024-04-20 23:00:00,0.0,0.0
2024-04-21 00:00:00,0.0,0.0
2024-04-21 01:00:00,0.0,0.0
2024-04-21 02:00:00,0.0,0.0
2024-04-21 03:00:00,0.0,0.0
2024-04-21 04:00:00,0.0,0.0
2024-04-21 05:00:00,0.0,0.0
2024-04-21 06:00:00,0.0,0.0
2024-04-21 07:00:00,0.0,0.0
2024-04-21 08:00:00,0.0,0.0
2024-04-21 09:00:00,0.0,0.0
2024-04-21 10:00:00,0.06833754893750076,0.06833754893750076
2024-04-21 11:00:00,0.29475726630460386,0.29475726630460386
2024-04-21 12:00:00,0.5426417213644179,0.5426417213644179
2024-04-21 13:00:00,0.8471261054838968,0.8471261054838968
2024-04-21 14:00:00,1.7115901249387917,1.7115901249387917
2024-04-21 15:00:00,1.838758818329074,1.838758818329074
2024-04-21 16:00:00,2.0675782638941564,2.0675782638941564
2024-04-21 17:00:00,2.3757010450616813,2.3757010450616813
2024-04-21 18:00:00,2.3145398724128823,2.3145398724128823
2024-04-21 19:00:00,2.5247439421514573,2.5247439421514573
2024-04-21 20:00:00,2.060124081210764,2.060124081210764
2024-04-21 21:00:00,2.7984667178482137,2.7984667178482137
2024-04-21 22:00:00,0.0,0.0
2024-04-21 23:00:00,0.0,0.0
2024-04-22 00:00:00,0.0,0.0
2024-04-22 01:00:00,0.0,0.0
2024-04-22 02:00:00,0.0,0.0
2024-04-22 03:00:00,0.0,0.0
2024-04-22 04:00:00,0.0,0.0
2024-04-22 05:00:00,0.0,0.0
2024-04-22 06:00:00,0.0,0.0
2024-04-22 07:00:00,0.0,0.0
2024-04-22 08:00:00,0.0,0.0
2024-04-22 09:00:00,0.0,0.0
2024-04-22 10:00:00,0.11999544267284165,0.11999544267284165
2024-04-22 11:00:00,0.3681575079089373,0.3681575079089373
2024-04-22 12:00:00,0.7959960307880112,0.7959960307880112
2024-04-22 13:00:00,1.2233223581950425,1.2233223581950425
2024-04-22 14:00:00,1.8175743516873402,1.8175743516873402
2024-04-22 15:00:00,2.630825794558418,2.630825794558418
2024-04-22 16:00:00,2.809397052316164,2.809397052316164
2024-04-22 17:00:00,2.883749922541482,2.883749922541482
2024-04-22 18:00:00,2.9112987056273028,2.9112987056273028
2024-04-22 19:00:00,3.973813923317384,3.973813923317384
2024-04-22 20:00:00,3.2842641664264636,3.2842641664264636
2024-04-22 21:00:00,3.3694834957184896,3.3694834957184896
2024-04-22 22:00:00,0.0,0.0
2024-04-22 23:00:00,0.0,0.0
2024-04-23 00:00:00,0.0,0.0
2024-04-23 01:00:00,0.0,0.0
2024-04-23 02:00:00,0.0,0.0
2024-04-23 03:00:00,0.0,0.0
2024-04-23 04:00:00,0.0,0.0
2024-04-23 05:00:00,0.0,0.0
2024-04-23 06:00:00,0.0,0.0
2024-04-23 07:00:00,0.0,0.0
2024-04-23 08:00:00,0.0,0.0
2024-04-23 09:00:00,0.0,0.0
2024-04-23 10:00:00,0.10904741647201821,0.10904741647201821
2024-04-23 11:00:00,0.460907356575936,0.460907356575936
2024-04-23 12:00:00,0.8454347258938822,0.8454347258938822
2024-04-23 13:00:00,1.386092734289164,1.386092734289164
2024-04-23 14:00:00,2.063363593947721,2.063363593947721
2024-04-23 15:00:00,3.3774928416095764,3.3774928416095764
2024-04-23 16:00:00,2.832939261851332,2.832939261851332
2024-04-23 17:00:00,3.4100027359164007,3.4100027359164007
2024-04-23 18:00:00,3.394767284878744,3.394767284878744
2024-04-23 19:00:00,3.7486102448252714,3.7486102448252714
2024-04-23 20:00:00,3.3948037917896787,3.3948037917896787
2024-04-23 21:00:00,3.91220049327454,3.91220049327454
2024-04-23 22:00:00,0.0,0.0
2024-04-23 23:00:00,0.0,0.0
2024-04-24 00:00:00,0.0,0.0
2024-04-24 01:00:00,0.0,0.0
2024-04-24 02:00:00,0.0,0.0
2024-04-24 03:00:00,0.0,0.0
2024-04-24 04:00:00,0.0,0.0
2024-04-24 05:00:00,0.0,0.0
2024-04-24 06:00:00,0.0,0.0
2024-04-24 07:00:00,0.0,0.0
2024-04-24 08:00:00,0.0,0.0
2024-04-24 09:00:00,0.0,0.0
2024-04-24 10:00:00,0.11886156862738909,0.11886156862738909
2024-04-24 11:00:00,0.3931301414817155,0.3931301414817155
2024-04-24 12:00:00,0.8229557852804933,0.8229557852804933
2024-04-24 13:00:00,1.489257849232881,1.489257849232881
2024-04-24 14:00:00,2.2397895619981325,2.2397895619981325
2024-04-24 15:00:00,2.4864428624467454,2.4864428624467454
2024-04-24 16:00:00,3.2361257052890315,3.2361257052890315
2024-04-24 17:00:00,3.0477707542045636,3.0477707542045636
2024-04-24 18:00:00,2.9961323686104144,2.9961323686104144
2024-04-24 19:00:00,3.865998496271579,3.865998496271579
2024-04-24 20:00:00,3.60850501258962,3.60850501258962
2024-04-24 21:00:00,3.3136020041440006,3.3136020041440006
2024-04-24 22:00:00,0.0,0.0
2024-04-24 23:00:00,0.0,0.0
2024-04-25 00:00:00,0.0,0.0
2024-04-25 01:00:00,0.0,0.0
2024-04-25 02:00:00,0.0,0.0
2024-04-25 03:00:00,0.0,0.0
2024-04-25 04:00:00,0.0,0.0
2024-04-25 05:00:00,0.0,0.0
2024-04-25 06:00:00,0.0,0.0
2024-04-25 07:00:00,0.0,0.0
2024-04-25 08:00:00,0.0,0.0
2024-04-25 09:00:00,0.0,0.0
2024-04-25 10:00:00,0.11656211280414025,0.11656211280414025
2024-04-25 11:00:00,0.4376356320074896,0.4376356320074896
2024-04-25 12:00:00,0.8136160264797035,0.8136160264797035
2024-04-25 13:00:00,1.0867915356496887,1.0867915356496887
2024-04-25 14:00:00,1.9183652097325288,1.9183652097325288
2024-04-25 15:00:00,2.6618201188471713,2.6618201188471713
2024-04-25 16:00:00,2.8999242679599964,2.8999242679599964
2024-04-25 17:00:00,3.1238320366264887,3.1238320366264887
2024-04-25 18:00:00,2.7770409067083954,2.7770409067083954
2024-04-25 19:00:00,4.065563707908958,4.065563707908958
2024-04-25 20:00:00,2.9475442779366126,2.9475442779366126
2024-04-25 21:00:00,3.235384796484718,3.235384796484718
2024-04-25 22:00:00,0.0,0.0
2024-04-25 23:00:00,0.0,0.0
2024-04-26 00:00:00,0.0,0.0
2024-04-26 01:00:00,0.0,0.0
2024-04-26 02:00:00,0.0,0.0
2024-04-26 03:00:00,0.0,0.0
2024-04-26 04:00:00,0.0,0.0
2024-04-26 05:00:00,0.0,0.0
2024-04-26 06:00:00,0.0,0.0
2024-04-26 07:00:00,0.0,0.0
2024-04-26 08:00:00,0.0,0.0
2024-04-26 09:00:00,0.0,0.0
2024-04-26 10:00:00,0.12226655765319464,0.12226655765319464
2024-04-26 11:00:00,0.41896083401644907,0.41896083401644907
2024-04-26 12:00:00,0.8754186967701152,0.8754186967701152
2024-04-26 13:00:00,1.3622780238398493,1.3622780238398493
2024-04-26 14:00:00,2.144982786241248,2.144982786241248
2024-04-26 15:00:00,2.3932302249969695,2.3932302249969695
2024-04-26 16:00:00,2.5985383917020197,2.5985383917020197
2024-04-26 17:00:00,3.139231296784149,3.139231296784149
2024-04-26 18:00:00,3.1968661697235334,3.1968661697235334
2024-04-26 19:00:00,3.723332920300067,3.723332920300067
2024-04-26 20:00:00,3.2437828067374306,3.2437828067374306
2024-04-26 21:00:00,3.889462637465985,3.889462637465985
2024-04-26 22:00:00,0.0,0.0
2024-04-26 23:00:00,0.0,0.0
2024-04-27 00:00:00,0.0,0.0
2024-04-27 01:00:00,0.0,0.0
2024-04-27 02:00:00,0.0,0.0
2024-04-27 03:00:00,0.0,0.0
2024-04-27 04:00:00,0.0,0.0
2024-04-27 05:00:00,0.0,0.0
2024-04-27 06:00:00,0.0,0.0
2024-04-27 07:00:00,0.0,0.0
2024-04-27 08:00:00,0.0,0.0
2024-04-27 09:00:00,0.0,0.0
2024-04-27 10:00:00,0.07888547726582538,0.07888547726582538
2024-04-27 11:00:00,0.3142396433419761,0.3142396433419761
2024-04-27 12:00:00,0.5758548071700309,0.5758548071700309
2024-04-27 13:00:00,0.977303044760377,0.977303044760377
2024-04-27 14:00:00,1.3884454483620519,1.3884454483620519
2024-04-27 15:00:00,2.266418752113643,2.266418752113643
2024-04-27 16:00:00,1.9694875283893356,1.9694875283893356
2024-04-27 17:00:00,2.063746432345291,2.063746432345291
2024-04-27 18:00:00,2.343933959727031,2.343933959727031
2024-04-27 19:00:00,2.9968832726959076,2.9968832726959076
2024-04-27 20:00:00,2.2828649769225504,2.2828649769225504
2024-04-27 21:00:00,2.4316321550154365,2.4316321550154365
2024-04-27 22:00:00,0.0,0.0
2024-04-27 23:00:00,0.0,0.0
2024-04-28 00:00:00,0.0,0.0
2024-04-28 01:00:00,0.0,0.0
2024-04-28 02:00:00,0.0,0.0
2024-04-28 03:00:00,0.0,0.0
2024-04-28 04:00:00,0.0,0.0
2024-04-28 05:00:00,0.0,0.0
2024-04-28 06:00:00,0.0,0.0
2024-04-28 07:00:00,0.0,0.0
2024-04-28 08:00:00,0.0,0.0
2024-04-28 09:00:00,0.0,0.0
2024-04-28 10:00:00,0.09076410710985902,0.09076410710985902
2024-04-28 11:00:00,0.2739558034562065,0.2739558034562065
2024-04-28 12:00:00,0.5760939758315512,0.5760939758315512
2024-04-28 13:00:00,0.992797102507504,0.992797102507504
2024-04-28 14:00:00,1.7683721032778106,1.7683721032778106
2024-04-28 15:00:00,1.857552649435949,1.857552649435949
2024-04-28 16:00:00,1.8145551077825688,1.8145551077825688
2024-04-28 17:00:00,2.148656915932914,2.148656915932914
2024-04-28 18:00:00,2.244421916746668,2.244421916746668
2024-04-28 19:00:00,2.454664521609962,2.454664521609962
2024-04-28 20:00:00,2.1745797524186288,2.1745797524186288
2024-04-28 21:00:00,2.4516639477261832,2.4516639477261832
2024-04-28 22:00:00,0.0,0.0
2024-04-28 23:00:00,0.0,0.0
2024-04-29 00:00:00,0.0,0.0
2024-04-29 01:00:00,0.0,0.0
2024-04-29 02:00:00,0.0,0.0
2024-04-29 03:00:00,0.0,0.0
2024-04-29 04:00:00,0.0,0.0
2024-04-29 05:00:00,0.0,0.0
2024-04-29 06:00:00,0.0,0.0
2024-04-29 07:00:00,0.0,0.0
2024-04-29 08:00:00,0.0,0.0
2024-04-29 09:00:00,0.0,0.0
2024-04-29 10:00:00,0.10347889689124987,0.10347889689124987
2024-04-29 11:00:00,0.46582673792533225,0.46582673792533225
2024-04-29 12:00:00,0.7334214427138076,0.7334214427138076
2024-04-29 13:00:00,1.1861091944665523,1.1861091944665523
2024-04-29 14:00:00,2.136890080089944,2.136890080089944
2024-04-29 15:00:00,2.568883874509884,2.568883874509884
2024-04-29 16:00:00,2.7449903396006397,2.7449903396006397
2024-04-29 17:00:00,3.4268475916181917,3.4268475916181917
2024-04-29 18:00:00,2.9088919600189453,2.9088919600189453
2024-04-29 19:00:00,3.9493031017765166,3.9493031017765166
2024-04-29 20:00:00,3.6844551195381428,3.6844551195381428
2024-04-29 21:00:00,3.4671973184948377,3.4671973184948377
2024-04-29 22:00:00,0.0,0.0
2024-04-29 23:00:00,0.0,0.0
2024-04-30 00:00:00,0.0,0.0
2024-04-30 01:00:00,0.0,0.0
2024-04-30 02:00:00,0.0,0.0
2024-04-30 03:00:00,0.0,0.0
2024-04-30 04:00:00,0.0,0.0
2024-04-30 05:00:00,0.0,0.0
2024-04-30 06:00:00,0.0,0.0
2024-04-30 07:00:00,0.0,0.0
2024-04-30 08:00:00,0.0,0.0
2024-04-30 09:00:00,0.0,0.0
2024-04-30 10:00:00,0.1142988999463666,0.1142988999463666
2024-04-30 11:00:00,0.41740087241372936,0.41740087241372936
2024-04-30 12:00:00,0.9981655011960539,0.9981655011960539
2024-04-30 13:00:00,1.4386118029954147,1.4386118029954147
2024-04-30 14:00:00,2.2848975872096644,2.2848975872096644
2024-04-30 15:00:00,3.6068545528831693,3.6068545528831693
2024-04-30 16:00:00,3.343387563623606,3.343387563623606
2024-04-30 17:00:00,4.01499798481439,4.01499798481439
2024-04-30 18:00:00,4.107787807454645,4.107787807454645
2024-04-30 19:00:00,4.400218840576076,4.400218840576076
2024-04-30 20:00:00,4.174907114378758,4.174907114378758
2024-04-30 21:00:00,4.592044489871581,4.592044489871581
2024-04-30 22:00:00,0.0,0.0
2024-04-30 23:00:00,0.0,0.0
2024-05-01 00:00:00,0.0,0.0
2024-05-01 01:00:00,0.0,0.0
2024-05-01 02:00:00,0.0,0.0
2024-05-01 03:00:00,0.0,0.0
2024-05-01 04:00:00,0.0,0.0
2024-05-01 05:00:00,0.0,0.0
2024-05-01 06:00:00,0.0,0.0
2024-05-01 07:00:00,0.0,0.0
2024-05-01 08:00:00,0.0,0.0
2024-05-01 09:00:00,0.0,0.0
2024-05-01 10:00:00,0.10802519187894576,0.10802519187894576
2024-05-01 11:00:00,0.5055556610419311,0.5055556610419311
2024-05-01 12:00:00,0.9237505597117779,0.9237505597117779
2024-05-01 13:00:00,1.3829739905214633,1.3829739905214633
2024-05-01 14:00:00,2.3116012015707614,2.3116012015707614
2024-05-01 15:00:00,3.3681735156088464,3.3681735156088464
2024-05-01 16:00:00,3.2196231318834307,3.2196231318834307
2024-05-01 17:00:00,3.410934546735285,3.410934546735285
2024-05-01 18:00:00,3.729843174539255,3.729843174539255
2024-05-01 19:00:00,3.7072370119338647,3.7072370119338647
2024-05-01 20:00:00,3.203332438581279,3.203332438581279
2024-05-01 21:00:00,4.359654659071361,4.359654659071361
2024-05-01 22:00:00,0.0,0.0
2024-05-01 23:00:00,0.0,0.0
2024-05-02 00:00:00,0.0,0.0
2024-05-02 01:00:00,0.0,0.0
2024-05-02 02:00:00,0.0,0.0
2024-05-02 03:00:00,0.0,0.0
2024-05-02 04:00:00,0.0,0.0
2024-05-02 05:00:00,0.0,0.0
2024-05-02 06:00:00,0.0,0.0
2024-05-02 07:00:00,0.0,0.0
2024-05-02 08:00:00,0.0,0.0
2024-05-02 09:00:00,0.0,0.0
2024-05-02 10:00:00,0.13351410450812407,0.13351410450812407
2024-05-02 11:00:00,0.4022334897712592,0.4022334897712592
2024-05-02 12:00:00,0.936778282236749,0.936778282236749
2024-05-02 13:00:00,1.6858738710077057,1.6858738710077057
2024-05-02 14:00:00,2.1558443075983105,2.1558443075983105
2024-05-02 15:00:00,3.0674245421428754,3.0674245421428754
2024-05-02 16:00:00,2.8556610814427925,2.8556610814427925
2024-05-02 17:00:00,3.6891801818848515,3.6891801818848515
2024-05-02 18:00:00,4.080282866760835,4.080282866760835
2024-05-02 19:00:00,4.13945844667219,4.13945844667219
2024-05-02 20:00:00,3.3820239801947163,3.3820239801947163
2024-05-02 21:00:00,3.598724171608124,3.598724171608124
2024-05-02 22:00:00,0.0,0.0
2024-05-02 23:00:00,0.0,0.0
2024-05-03 00:00:00,0.0,0.0
2024-05-03 01:00:00,0.0,0.0
2024-05-03 02:00:00,0.0,0.0
2024-05-03 03:00:00,0.0,0.0
2024-05-03 04:00:00,0.0,0.0
2024-05-03 05:00:00,0.0,0.0
2024-05-03 06:00:00,0.0,0.0
2024-05-03 07:00:00,0.0,0.0
2024-05-03 08:00:00,0.0,0.0
2024-05-03 09:00:00,0.0,0.0
2024-05-03 10:00:00,0.11127899265101979,0.11127899265101979
2024-05-03 11:00:00,0.48786916568095035,0.48786916568095035
2024-05-03 12:00:00,0.9869584334060048,0.9869584334060048
2024-05-03 13:00:00,1.5113741344161433,1.5113741344161433
2024-05-03 14:00:00,2.145471921547823,2.145471921547823
2024-05-03 15:00:00,3.334325900449349,3.334325900449349
2024-05-03 16:00:00,3.3977351272302454,3.3977351272302454
2024-05-03 17:00:00,3.7352962680689905,3.7352962680689905
2024-05-03 18:00:00,3.5869843642946044,3.5869843642946044
2024-05-03 19:00:00,3.7910955107024957,3.7910955107024957
2024-05-03 20:00:00,3.7959980586464237,3.7959980586464237
2024-05-03 21:00:00,4.185863355628582,4.185863355628582
2024-05-03 22:00:00,0.0,0.0
2024-05-03 23:00:00,0.0,0.0
2024-05-04 00:00:00,0.0,0.0
2024-05-04 01:00:00,0.0,0.0
2024-05-04 02:00:00,0.0,0.0
2024-05-04 03:00:00,0.0,0.0
2024-05-04 04:00:00,0.0,0.0
2024-05-04 05:00:00,0.0,0.0
2024-05-04 06:00:00,0.0,0.0
2024-05-04 07:00:00,0.0,0.0
2024-05-04 08:00:00,0.0,0.0
2024-05-04 09:00:00,0.0,0.0
2024-05-04 10:00:00,0.08280754684848583,0.08280754684848583
2024-05-04 11:00:00,0.2583555580844906,0.2583555580844906
2024-05-04 12:00:00,0.5824947294688053,0.5824947294688053
2024-05-04 13:00:00,0.8795088054306697,0.8795088054306697
2024-05-04 14:00:00,1.641073897643363,1.641073897643363
2024-05-04 15:00:00,1.9430085186209898,1.9430085186209898
2024-05-04 16:00:00,2.1971759389178906,2.1971759389178906
2024-05-04 17:00:00,2.1747134821576632,2.1747134821576632
2024-05-04 18:00:00,2.3964681242717667,2.3964681242717667
2024-05-04 19:00:00,2.536955490882088,2.536955490882088
2024-05-04 20:00:00,2.645678716577563,2.645678716577563
2024-05-04 21:00:00,2.721336124519639,2.721336124519639
2024-05-04 22:00:00,0.0,0.0
2024-05-04 23:00:00,0.0,0.0
2024-05-05 00:00:00,0.0,0.0
2024-05-05 01:00:00,0.0,0.0
2024-05-05 02:00:00,0.0,0.0
2024-05-05 03:00:00,0.0,0.0
2024-05-05 04:00:00,0.0,0.0
2024-05-05 05:00:00,0.0,0.0
2024-05-05 06:00:00,0.0,0.0
2024-05-05 07:00:00,0.0,0.0
2024-05-05 08:00:00,0.0,0.0
2024-05-05 09:00:00,0.0,0.0
2024-05-05 10:00:00,0.07679858376435546,0.07679858376435546
2024-05-05 11:00:00,0.3367283497697587,0.3367283497697587
2024-05-05 12:00:00,0.5320065154026693,0.5320065154026693
2024-05-05 13:00:00,0.9889270897900493,0.9889270897900493
2024-05-05 14:00:00,1.548959526919414,1.548959526919414
2024-05-05 15:00:00,1.8916322985290002,1.8916322985290002
2024-05-05 16:00:00,1.766088908410267,1.766088908410267
2024-05-05 17:00:00,2.1426454455021178,2.1426454455021178
2024-05-05 18:00:00,2.0142115895494515,2.0142115895494515
2024-05-05 19:00:00,2.9844384069229553,2.9844384069229553
2024-05-05 20:00:00,2.1794155907203967,2.1794155907203967
2024-05-05 21:00:00,3.015299111015305,3.015299111015305
2024-05-05 22:00:00,0.0,0.0
2024-05-05 23:00:00,0.0,0.0
2024-05-06 00:00:00,0.0,0.0
2024-05-06 01:00:00,0.0,0.0
2024-05-06 02:00:00,0.0,0.0
2024-05-06 03:00:00,0.0,0.0
2024-05-06 04:00:00,0.0,0.0
2024-05-06 05:00:00,0.0,0.0
2024-05-06 06:00:00,0.0,0.0
2024-05-06 07:00:00,0.0,0.0
2024-05-06 08:00:00,0.0,0.0
2024-05-06 09:00:00,0.0,0.0
2024-05-06 10:00:00,0.11933134666866775,0.11933134666866775
2024-05-06 11:00:00,0.47861827358847164,0.47861827358847164
2024-05-06 12:00:00,0.8574056676048756,0.8574056676048756
2024-05-06 13:00:00,1.1568590466441877,1.1568590466441877
2024-05-06 14:00:00,2.148803195425866,2.148803195425866
2024-05-06 15:00:00,3.0879322740707864,3.0879322740707864
2024-05-06 16:00:00,2.951691552191628,2.951691552191628
2024-05-06 17:00:00,3.7029994328337796,3.7029994328337796
2024-05-06 18:00:00,2.8431316760563736,2.8431316760563736
2024-05-06 19:00:00,3.9559643739078436,3.9559643739078436
2024-05-06 20:00:00,3.8062934006209215,3.8062934006209215
2024-05-06 21:00:00,4.269208139765103,4.269208139765103
2024-05-06 22:00:00,0.0,0.0
2024-05-06 23:00:00,0.0,0.0
2024-05-07 00:00:00,0.0,0.0
2024-05-07 01:00:00,0.0,0.0
2024-05-07 02:00:00,0.0,0.0
2024-05-07 03:00:00,0.0,0.0
2024-05-07 04:00:00,0.0,0.0
2024-05-07 05:00:00,0.0,0.0
2024-05-07 06:00:00,0.0,0.0
2024-05-07 07:00:00,0.0,0.0
2024-05-07 08:00:00,0.0,0.0
2024-05-07 09:00:00,0.0,0.0
2024-05-07 10:00:00,0.1167446638439972,0.1167446638439972
2024-05-07 11:00:00,0.34612298201412056,0.34612298201412056
2024-05-07 12:00:00,0.8174687239204697,0.8174687239204697
2024-05-07 13:00:00,1.378695516198885,1.378695516198885
2024-05-07 14:00:00,2.141396098099994,2.141396098099994
2024-05-07 15:00:00,2.9702855464583546,2.9702855464583546
2024-05-07 16:00:00,2.670834689355592,2.670834689355592
2024-05-07 17:00:00,2.6810259917509276,2.6810259917509276
2024-05-07 18:00:00,3.291536004185987,3.291536004185987
2024-05-07 19:00:00,3.346214501877452,3.346214501877452
2024-05-07 20:00:00,3.450750048550671,3.450750048550671
2024-05-07 21:00:00,3.2029839105033697,3.2029839105033697
2024-05-07 22:00:00,0.0,0.0
2024-05-07 23:00:00,0.0,0.0
2024-05-08 00:00:00,0.0,0.0
2024-05-08 01:00:00,0.0,0.0
2024-05-08 02:00:00,0.0,0.0
2024-05-08 03:00:00,0.0,0.0
2024-05-08 04:00:00,0.0,0.0
2024-05-08 05:00:00,0.0,0.0
2024-05-08 06:00:00,0.0,0.0
2024-05-08 07:00:00,0.0,0.0
2024-05-08 08:00:00,0.0,0.0
2024-05-08 09:00:00,0.0,0.0
2024-05-08 10:00:00,0.10838504888246196,0.10838504888246196
2024-05-08 11:00:00,0.40066092025863637,0.40066092025863637
2024-05-08 12:00:00,1.0007708641954531,1.0007708641954531
2024-05-08 13:00:00,1.365238863585666,1.365238863585666
2024-05-08 14:00:00,2.6310019880523865,2.6310019880523865
2024-05-08 15:00:00,3.568442817783523,3.568442817783523
2024-05-08 16:00:00,3.1550272997488116,3.1550272997488116
2024-05-08 17:00:00,3.761233784667793,3.761233784667793
2024-05-08 18:00:00,3.912608152935159,3.912608152935159
2024-05-08 19:00:00,3.929927642350831,3.929927642350831
2024-05-08 20:00:00,3.7605269004414126,3.7605269004414126
2024-05-08 21:00:00,4.74595078582181,4.74595078582181
2024-05-08 22:00:00,0.0,0.0
2024-05-08 23:00:00,0.0,0.0
2024-05-09 00:00:00,0.0,0.0
2024-05-09 01:00:00,0.0,0.0
2024-05-09 02:00:00,0.0,0.0
2024-05-09 03:00:00,0.0,0.0
2024-05-09 04:00:00,0.0,0.0
2024-05-09 05:00:00,0.0,0.0
2024-05-09 06:00:00,0.0,0.0
2024-05-09 07:00:00,0.0,0.0
2024-05-09 08:00:00,0.0,0.0
2024-05-09 09:00:00,0.0,0.0
2024-05-09 10:00:00,0.12083973788745563,0.12083973788745563
2024-05-09 11:00:00,0.41898095092843307,0.41898095092843307
2024-05-09 12:00:00,0.8644131963636561,0.8644131963636561
2024-05-09 13:00:00,1.3177505605943312,1.3177505605943312
2024-05-09 14:00:00,2.09752418719909,2.09752418719909
2024-05-09 15:00:00,2.8275099337848446,2.8275099337848446
2024-05-09 16:00:00,2.68572352859125,2.68572352859125
2024-05-09 17:00:00,2.6331711615885016,2.6331711615885016
2024-05-09 18:00:00,2.8825755654381324,2.8825755654381324
2024-05-09 19:00:00,3.6974397558724683,3.6974397558724683
2024-05-09 20:00:00,2.996217518770476,2.996217518770476
2024-05-09 21:00:00,3.3491471767408623,3.3491471767408623
2024-05-09 22:00:00,0.0,0.0
2024-05-09 23:00:00,0.0,0.0
2024-05-10 00:00:00,0.0,0.0
2024-05-10 01:00:00,0.0,0.0
2024-05-10 02:00:00,0.0,0.0
2024-05-10 03:00:00,0.0,0.0
2024-05-10 04:00:00,0.0,0.0
2024-05-10 05:00:00,0.0,0.0
2024-05-10 06:00:00,0.0,0.0
2024-05-10 07:00:00,0.0,0.0
2024-05-10 08:00:00,0.0,0.0
2024-05-10 09:00:00,0.0,0.0
2024-05-10 10:00:00,0.13143954642704211,0.13143954642704211
2024-05-10 11:00:00,0.433055870926977,0.433055870926977
2024-05-10 12:00:00,0.9059682139577334,0.9059682139577334
2024-05-10 13:00:00,1.4554553834319723,1.4554553834319723
2024-05-10 14:00:00,2.5304388045525146,2.5304388045525146
2024-05-10 15:00:00,3.1427128805823523,3.1427128805823523
2024-05-10 16:00:00,3.0393766755556206,3.0393766755556206
2024-05-10 17:00:00,3.0314953912150187,3.0314953912150187
2024-05-10 18:00:00,3.292267285337756,3.292267285337756
2024-05-10 19:00:00,3.515953221980649,3.515953221980649
2024-05-10 20:00:00,3.5683198234714384,3.5683198234714384
2024-05-10 21:00:00,3.7410403997191994,3.7410403997191994
2024-05-10 22:00:00,0.0,0.0
2024-05-10 23:00:00,0.0,0.0
2024-05-11 00:00:00,0.0,0.0
2024-05-11 01:00:00,0.0,0.0
2024-05-11 02:00:00,0.0,0.0
2024-05-11 03:00:00,0.0,0.0
2024-05-11 04:00:00,0.0,0.0
2024-05-11 05:00:00,0.0,0.0
2024-05-11 06:00:00,0.0,0.0
2024-05-11 07:00:00,0.0,0.0
2024-05-11 08:00:00,0.0,0.0
2024-05-11 09:00:00,0.0,0.0
2024-05-11 10:00:00,0.07888348122975723,0.07888348122975723
2024-05-11 11:00:00,0.3369945218114797,0.3369945218114797
2024-05-11 12:00:00,0.577607400416378,0.577607400416378
2024-05-11 13:00:00,1.032974185334161,1.032974185334161
2024-05-11 14:00:00,1.6925220548183575,1.6925220548183575
2024-05-11 15:00:00,2.107833948154129,2.107833948154129
2024-05-11 16:00:00,2.079293251342662,2.079293251342662
2024-05-11 17:00:00,2.174857799500855,2.174857799500855
2024-05-11 18:00:00,2.590866534563595,2.590866534563595
2024-05-11 19:00:00,3.118537098417505,3.118537098417505
2024-05-11 20:00:00,2.4348510066689504,2.4348510066689504
2024-05-11 21:00:00,2.610700253526726,2.610700253526726
2024-05-11 22:00:00,0.0,0.0
2024-05-11 23:00:00,0.0,0.0
2024-05-12 00:00:00,0.0,0.0
2024-05-12 01:00:00,0.0,0.0
2024-05-12 02:00:00,0.0,0.0
2024-05-12 03:00:00,0.0,0.0
2024-05-12 04:00:00,0.0,0.0
2024-05-12 05:00:00,0.0,0.0
2024-05-12 06:00:00,0.0,0.0
2024-05-12 07:00:00,0.0,0.0
2024-05-12 08:00:00,0.0,0.0
2024-05-12 09:00:00,0.0,0.0
2024-05-12 10:00:00,0.08610466560147803,0.08610466560147803
2024-05-12 11:00:00,0.3240790604082046,0.3240790604082046
2024-05-12 12:00:00,0.6187979206833216,0.6187979206833216
2024-05-12 13:00:00,0.8437901949602561,0.8437901949602561
2024-05-12 14:00:00,1.4231719826710922,1.4231719826710922
2024-05-12 15:00:00,2.2826582371647137,2.2826582371647137
2024-05-12 16:00:00,2.3335712410397256,2.3335712410397256
2024-05-12 17:00:00,2.3752833752832148,2.3752833752832148
2024-05-12 18:00:00,2.4108212845404533,2.4108212845404533
2024-05-12 19:00:00,2.378534483526402,2.378534483526402
2024-05-12 20:00:00,2.248578715254453,2.248578715254453
2024-05-12 21:00:00,2.805402329970533,2.805402329970533
2024-05-12 22:00:00,0.0,0.0
2024-05-12 23:00:00,0.0,0.0
2024-05-13 00:00:00,0.0,0.0
2024-05-13 01:00:00,0.0,0.0
2024-05-13 02:00:00,0.0,0.0
2024-05-13 03:00:00,0.0,0.0
2024-05-13 04:00:00,0.0,0.0
2024-05-13 05:00:00,0.0,0.0
2024-05-13 06:00:00,0.0,0.0
2024-05-13 07:00:00,0.0,0.0
2024-05-13 08:00:00,0.0,0.0
2024-05-13 09:00:00,0.0,0.0
2024-05-13 10:00:00,0.11412839224022216,0.11412839224022216
2024-05-13 11:00:00,0.33721243241460924,0.33721243241460924
2024-05-13 12:00:00,0.8272664850139605,0.8272664850139605
2024-05-13 13:00:00,1.130952579037216,1.130952579037216
2024-05-13 14:00:00,1.9887048717230904,1.9887048717230904
2024-05-13 15:00:00,2.535659065307621,2.535659065307621
2024-05-13 16:00:00,2.8951898760771275,2.8951898760771275
2024-05-13 17:00:00,2.7359860368574798,2.7359860368574798
2024-05-13 18:00:00,3.4112462509909274,3.4112462509909274
2024-05-13 19:00:00,3.490817207998489,3.490817207998489
2024-05-13 20:00:00,3.500114991612897,3.500114991612897
2024-05-13 21:00:00,3.620510664346573,3.620510664346573
2024-05-13 22:00:00,0.0,0.0
2024-05-13 23:00:00,0.0,0.0
2024-05-14 00:00:00,0.0,0.0
2024-05-14 01:00:00,0.0,0.0
2024-05-14 02:00:00,0.0,0.0
2024-05-14 03:00:00,0.0,0.0
2024-05-14 04:00:00,0.0,0.0
2024-05-14 05:00:00,0.0,0.0
2024-05-14 06:00:00,0.0,0.0
2024-05-14 07:00:00,0.0,0.0
2024-05-14 08:00:00,0.0,0.0
2024-05-14 09:00:00,0.0,0.0
2024-05-14 10:00:00,0.12632012800916537,0.12632012800916537
2024-05-14 11:00:00,0.47501961907522283,0.47501961907522283
2024-05-14 12:00:00,0.8928253369090019,0.8928253369090019
2024-05-14 13:00:00,1.394563166232686,1.394563166232686
2024-05-14 14:00:00,2.1611941953026568,2.1611941953026568
2024-05-14 15:00:00,2.866689034326336,2.866689034326336
2024-05-14 16:00:00,2.870364831599949,2.870364831599949
2024-05-14 17:00:00,3.5967148930694566,3.5967148930694566
2024-05-14 18:00:00,3.199113393754437,3.199113393754437
2024-05-14 19:00:00,4.055911757303396,4.055911757303396
2024-05-14 20:00:00,3.1704771698138545,3.1704771698138545
2024-05-14 21:00:00,4.589737530416355,4.589737530416355
2024-05-14 22:00:00,0.0,0.0
2024-05-14 23:00:00,0.0,0.0
2024-05-15 00:00:00,0.0,0.0
2024-05-15 01:00:00,0.0,0.0
2024-05-15 02:00:00,0.0,0.0
2024-05-15 03:00:00,0.0,0.0
2024-05-15 04:00:00,0.0,0.0
2024-05-15 05:00:00,0.0,0.0
2024-05-15 06:00:00,0.0,0.0
2024-05-15 07:00:00,0.0,0.0
2024-05-15 08:00:00,0.0,0.0
2024-05-15 09:00:00,0.0,0.0
2024-05-15 10:00:00,0.10926049557916181,0.10926049557916181
2024-05-15 11:00:00,0.4674516682095442,0.4674516682095442
2024-05-15 12:00:00,0.7794932025660358,0.7794932025660358
2024-05-15 13:00:00,1.4934920298301109,1.4934920298301109
2024-05-15 14:00:00,2.2896549557768466,2.2896549557768466
2024-05-15 15:00:00,3.268084012758081,3.268084012758081
2024-05-15 16:00:00,3.1626350922697304,3.1626350922697304
2024-05-15 17:00:00,3.1232654874813117,3.1232654874813117
2024-05-15 18:00:00,3.4982570009676017,3.4982570009676017
2024-05-15 19:00:00,4.604442395564188,4.604442395564188
2024-05-15 20:00:00,3.2409627415369107,3.2409627415369107
2024-05-15 21:00:00,3.8539088285676995,3.8539088285676995
2024-05-15 22:00:00,0.0,0.0
2024-05-15 23:00:00,0.0,0.0
2024-05-16 00:00:00,0.0,0.0
2024-05-16 01:00:00,0.0,0.0
2024-05-16 02:00:00,0.0,0.0
2024-05-16 03:00:00,0.0,0.0
2024-05-16 04:00:00,0.0,0.0
2024-05-16 05:00:00,0.0,0.0
2024-05-16 06:00:00,0.0,0.0
2024-05-16 07:00:00,0.0,0.0
2024-05-16 08:00:00,0.0,0.0
2024-05-16 09:00:00,0.0,0.0
2024-05-16 10:00:00,0.10331239722980913,0.10331239722980913
2024-05-16 11:00:00,0.4678154053121469,0.4678154053121469
2024-05-16 12:00:00,0.8603701733234215,0.8603701733234215
2024-05-16 13:00:00,1.3397775916668062,1.3397775916668062
2024-05-16 14:00:00,2.3340208587939673,2.3340208587939673
2024-05-16 15:00:00,3.2129602646650435,3.2129602646650435
2024-05-16 16:00:00,3.1213663656166295,3.1213663656166295
2024-05-16 17:00:00,3.4308386407882137,3.4308386407882137
2024-05-16 18:00:00,2.8116145399169565,2.8116145399169565
2024-05-16 19:00:00,3.543531679354025,3.543531679354025
2024-05-16 20:00:00,3.4037758387091572,3.4037758387091572
2024-05-16 21:00:00,3.4543875821545593,3.4543875821545593
2024-05-16 22:00:00,0.0,0.0
2024-05-16 23:00:00,0.0,0.0
2024-05-17 00:00:00,0.0,0.0
2024-05-17 01:00:00,0.0,0.0
2024-05-17 02:00:00,0.0,0.0
2024-05-17 03:00:00,0.0,0.0
2024-05-17 04:00:00,0.0,0.0
2024-05-17 05:00:00,0.0,0.0
2024-05-17 06:00:00,0.0,0.0
2024-05-17 07:00:00,0.0,0.0
2024-05-17 08:00:00,0.0,0.0
2024-05-17 09:00:00,0.0,0.0
2024-05-17 10:00:00,0.10095833594448979,0.10095833594448979
2024-05-17 11:00:00,0.4407234316582699,0.4407234316582699
2024-05-17 12:00:00,0.6717875691499452,0.6717875691499452
2024-05-17 13:00:00,1.3741164977735865,1.3741164977735865
2024-05-17 14:00:00,1.9994625221779951,1.9994625221779951
2024-05-17 15:00:00,2.807153759264848,2.807153759264848
2024-05-17 16:00:00,3.053228860575975,3.053228860575975
2024-05-17 17:00:00,2.6807847053837865,2.6807847053837865
2024-05-17 18:00:00,2.7033083603921715,2.7033083603921715
2024-05-17 19:00:00,3.8915261866599256,3.8915261866599256
2024-05-17 20:00:00,3.4809587358155034,3.4809587358155034
2024-05-17 21:00:00,4.071543809158968,4.071543809158968
2024-05-17 22:00:00,0.0,0.0
2024-05-17 23:00:00,0.0,0.0
2024-05-18 00:00:00,0.0,0.0
2024-05-18 01:00:00,0.0,0.0
2024-05-18 02:00:00,0.0,0.0
2024-05-18 03:00:00,0.0,0.0
2024-05-18 04:00:00,0.0,0.0
2024-05-18 05:00:00,0.0,0.0
2024-05-18 06:00:00,0.0,0.0
2024-05-18 07:00:00,0.0,0.0
2024-05-18 08:00:00,0.0,0.0
2024-05-18 09:00:00,0.0,0.0
2024-05-18 10:00:00,0.08273323889817494,0.08273323889817494
2024-05-18 11:00:00,0.2575267679608081,0.2575267679608081
2024-05-18 12:00:00,0.5866327290192711,0.5866327290192711
2024-05-18 13:00:00,0.9862919110145935,0.9862919110145935
2024-05-18 14:00:00,1.5678455646918688,1.5678455646918688
2024-05-18 15:00:00,2.1375527962537246,2.1375527962537246
2024-05-18 16:00:00,1.975868148644505,1.975868148644505
2024-05-18 17:00:00,2.0827364645390887,2.0827364645390887
2024-05-18 18:00:00,2.402207094254649,2.402207094254649
2024-05-18 19:00:00,2.2901614996360187,2.2901614996360187
2024-05-18 20:00:00,2.5487868908161935,2.5487868908161935
2024-05-18 21:00:00,2.320587204287291,2.320587204287291
2024-05-18 22:00:00,0.0,0.0
2024-05-18 23:00:00,0.0,0.0
2024-05-19 00:00:00,0.0,0.0
2024-05-19 01:00:00,0.0,0.0
2024-05-19 02:00:00,0.0,0.0
2024-05-19 03:00:00,0.0,0.0
2024-05-19 04:00:00,0.0,0.0
2024-05-19 05:00:00,0.0,0.0
2024-05-19 06:00:00,0.0,0.0
2024-05-19 07:00:00,0.0,0.0
2024-05-19 08:00:00,0.0,0.0
2024-05-19 09:00:00,0.0,0.0
2024-05-19 10:00:00,0.0826627770901754,0.0826627770901754
2024-05-19 11:00:00,0.31882206755638054,0.31882206755638054
2024-05-19 12:00:00,0.5340826672730197,0.5340826672730197
2024-05-19 13:00:00,0.8771710815038329,0.8771710815038329
2024-05-19 14:00:00,1.5714111360810261,1.5714111360810261
2024-05-19 15:00:00,1.999718742895467,1.999718742895467
2024-05-19 16:00:00,2.3183748812189893,2.3183748812189893
2024-05-19 17:00:00,2.4746443984889193,2.4746443984889193
2024-05-19 18:00:00,2.617495779904215,2.617495779904215
2024-05-19 19:00:00,2.4101964421792923,2.4101964421792923
2024-05-19 20:00:00,2.765920426453967,2.765920426453967
2024-05-19 21:00:00,2.698691657195756,2.698691657195756
2024-05-19 22:00:00,0.0,0.0
2024-05-19 23:00:00,0.0,0.0
2024-05-20 00:00:00,0.0,0.0
2024-05-20 01:00:00,0.0,0.0
2024-05-20 02:00:00,0.0,0.0
2024-05-20 03:00:00,0.0,0.0
2024-05-20 04:00:00,0.0,0.0
2024-05-20 05:00:00,0.0,0.0
2024-05-20 06:00:00,0.0,0.0
2024-05-20 07:00:00,0.0,0.0
2024-05-20 08:00:00,0.0,0.0
2024-05-20 09:00:00,0.0,0.0
2024-05-20 10:00:00,0.13174497292303458,0.13174497292303458
2024-05-20 11:00:00,0.4376489737762269,0.4376489737762269
2024-05-20 12:00:00,0.7607649297043872,0.7607649297043872
2024-05-20 13:00:00,1.5315239288196925,1.5315239288196925
2024-05-20 14:00:00,2.4755019361600987,2.4755019361600987
2024-05-20 15:00:00,2.7768093262037827,2.7768093262037827
2024-05-20 16:00:00,2.879023314036324,2.879023314036324
2024-05-20 17:00:00,3.8493780264727584,3.8493780264727584
2024-05-20 18:00:00,3.026107778465099,3.026107778465099
2024-05-20 19:00:00,4.07868287232055,4.07868287232055
2024-05-20 20:00:00,3.089996098255734,3.089996098255734
2024-05-20 21:00:00,3.841398838524132,3.841398838524132
2024-05-20 22:00:00,0.0,0.0
2024-05-20 23:00:00,0.0,0.0
2024-05-21 00:00:00,0.0,0.0
2024-05-21 01:00:00,0.0,0.0
2024-05-21 02:00:00,0.0,0.0
2024-05-21 03:00:00,0.0,0.0
2024-05-21 04:00:00,0.0,0.0
2024-05-21 05:00:00,0.0,0.0
2024-05-21 06:00:00,0.0,0.0
2024-05-21 07:00:00,0.0,0.0
2024-05-21 08:00:00,0.0,0.0
2024-05-21 09:00:00,0.0,0.0
2024-05-21 10:00:00,0.10926461575542207,0.10926461575542207
2024-05-21 11:00:00,0.35599494323363146,0.35599494323363146
2024-05-21 12:00:00,0.7386537062254368,0.7386537062254368
2024-05-21 13:00:00,1.3917526020027056,1.3917526020027056
2024-05-21 14:00:00,2.0059525620392447,2.0059525620392447
2024-05-21 15:00:00,3.0363241005536974,3.0363241005536974
2024-05-21 16:00:00,3.1667730070744926,3.1667730070744926
2024-05-21 17:00:00,3.5516412530208883,3.5516412530208883
2024-05-21 18:00:00,3.192554909641757,3.192554909641757
2024-05-21 19:00:00,4.122360477299232,4.122360477299232
2024-05-21 20:00:00,3.303453597525445,3.303453597525445
2024-05-21 21:00:00,3.5444489466887643,3.5444489466887643
2024-05-21 22:00:00,0.0,0.0
2024-05-21 23:00:00,0.0,0.0
2024-05-22 00:00:00,0.0,0.0
2024-05-22 01:00:00,0.0,0.0
2024-05-22 02:00:00,0.0,0.0
2024-05-22 03:00:00,0.0,0.0
2024-05-22 04:00:00,0.0,0.0
2024-05-22 05:00:00,0.0,0.0
2024-05-22 06:00:00,0.0,0.0
2024-05-22 07:00:00,0.0,0.0
2024-05-22 08:00:00,0.0,0.0
2024-05-22 09:00:00,0.0,0.0
2024-05-22 10:00:00,0.12335482368623463,0.12335482368623463
2024-05-22 11:00:00,0.4325953837264534,0.4325953837264534
2024-05-22 12:00:00,0.9165199591901692,0.9165199591901692
2024-05-22 13:00:00,1.3738165915116622,1.3738165915116622
2024-05-22 14:00:00,2.136982796816783,2.136982796816783
2024-05-22 15:00:00,2.8638111660879395,2.8638111660879395
2024-05-22 16:00:00,3.0216679166493896,3.0216679166493896
2024-05-22 17:00:00,2.904505178437173,2.904505178437173
2024-05-22 18:00:00,3.293782695446656,3.293782695446656
2024-05-22 19:00:00,3.777787939313589,3.777787939313589
2024-05-22 20:00:00,3.139971484368057,3.139971484368057
2024-05-22 21:00:00,3.4105454413154033,3.4105454413154033
2024-05-22 22:00:00,0.0,0.0
2024-05-22 23:00:00,0.0,0.0
2024-05-23 00:00:00,0.0,0.0
2024-05-23 01:00:00,0.0,0.0
2024-05-23 02:00:00,0.0,0.0
2024-05-23 03:00:00,0.0,0.0
2024-05-23 04:00:00,0.0,0.0
2024-05-23 05:00:00,0.0,0.0
2024-05-23 06:00:00,0.0,0.0
2024-05-23 07:00:00,0.0,0.0
2024-05-23 08:00:00,0.0,0.0
2024-05-23 09:00:00,0.0,0.0
2024-05-23 10:00:00,0.11888907984452854,0.11888907984452854
2024-05-23 11:00:00,0.3432446680787086,0.3432446680787086
2024-05-23 12:00:00,0.7188893768326956,0.7188893768326956
2024-05-23 13:00:00,1.1311152625818157,1.1311152625818157
2024-05-23 14:00:00,1.958718248520146,1.958718248520146
2024-05-23 15:00:00,2.3799311640272176,2.3799311640272176
2024-05-23 16:00:00,2.5710550238174235,2.5710550238174235
2024-05-23 17:00:00,2.890039236204028,2.890039236204028
2024-05-23 18:00:00,3.1186705149227714,3.1186705149227714
2024-05-23 19:00:00,3.3070497279528195,3.3070497279528195
2024-05-23 20:00:00,3.642395976118094,3.642395976118094
2024-05-23 21:00:00,3.955722001324381,3.955722001324381
2024-05-23 22:00:00,0.0,0.0
2024-05-23 23:00:00,0.0,0.0
2024-05-24 00:00:00,0.0,0.0
2024-05-24 01:00:00,0.0,0.0
2024-05-24 02:00:00,0.0,0.0
2024-05-24 03:00:00,0.0,0.0
2024-05-24 04:00:00,0.0,0.0
2024-05-24 05:00:00,0.0,0.0
2024-05-24 06:00:00,0.0,0.0
2024-05-24 07:00:00,0.0,0.0
2024-05-24 08:00:00,0.0,0.0
2024-05-24 09:00:00,0.0,0.0
2024-05-24 10:00:00,0.13339080729042863,0.13339080729042863
2024-05-24 11:00:00,0.5242741138826119,0.5242741138826119
2024-05-24 12:00:00,0.8811288940017145,0.8811288940017145
2024-05-24 13:00:00,1.562536298830182,1.562536298830182
2024-05-24 14:00:00,2.113090509578402,2.113090509578402
2024-05-24 15:00:00,3.2974145326973407,3.2974145326973407
2024-05-24 16:00:00,3.1230257265644616,3.1230257265644616
2024-05-24 17:00:00,3.8905921332290503,3.8905921332290503
2024-05-24 18:00:00,3.526626934861597,3.526626934861597
2024-05-24 19:00:00,4.497766362838316,4.497766362838316
2024-05-24 20:00:00,3.4207328638790857,3.4207328638790857
2024-05-24 21:00:00,3.698515098284461,3.698515098284461
2024-05-24 22:00:00,0.0,0.0
2024-05-24 23:00:00,0.0,0.0
2024-05-25 00:00:00,0.0,0.0
2024-05-25 01:00:00,0.0,0.0
2024-05-25 02:00:00,0.0,0.0
2024-05-25 03:00:00,0.0,0.0
2024-05-25 04:00:00,0.0,0.0
2024-05-25 05:00:00,0.0,0.0
2024-05-25 06:00:00,0.0,0.0
2024-05-25 07:00:00,0.0,0.0
2024-05-25 08:00:00,0.0,0.0
2024-05-25 09:00:00,0.0,0.0
2024-05-25 10:00:00,0.07091688373262321,0.07091688373262321
2024-05-25 11:00:00,0.2578299949076987,0.2578299949076987
2024-05-25 12:00:00,0.6244830133845413,0.6244830133845413
2024-05-25 13:00:00,1.0299664641556476,1.0299664641556476
2024-05-25 14:00:00,1.2600386502262038,1.2600386502262038
2024-05-25 15:00:00,1.7895659489315836,1.7895659489315836
2024-05-25 16:00:00,2.005906007708198,2.005906007708198
2024-05-25 17:00:00,1.8930897321625937,1.8930897321625937
2024-05-25 18:00:00,2.34742556594135,2.34742556594135
2024-05-25 19:00:00,2.3287239035313085,2.3287239035313085
2024-05-25 20:00:00,2.125630971555957,2.125630971555957
2024-05-25 21:00:00,2.732459421346851,2.732459421346851
2024-05-25 22:00:00,0.0,0.0
2024-05-25 23:00:00,0.0,0.0
2024-05-26 00:00:00,0.0,0.0
2024-05-26 01:00:00,0.0,0.0
2024-05-26 02:00:00,0.0,0.0
2024-05-26 03:00:00,0.0,0.0
2024-05-26 04:00:00,0.0,0.0
2024-05-26 05:00:00,0.0,0.0
2024-05-26 06:00:00,0.0,0.0
2024-05-26 07:00:00,0.0,0.0
2024-05-26 08:00:00,0.0,0.0
2024-05-26 09:00:00,0.0,0.0
2024-05-26 10:00:00,0.08533284688398966,0.08533284688398966
2024-05-26 11:00:00,0.2827389941176839,0.2827389941176839
2024-05-26 12:00:00,0.5517800278910345,0.5517800278910345
2024-05-26 13:00:00,0.8263223054283192,0.8263223054283192
2024-05-26 14:00:00,1.3625741418318515,1.3625741418318515
2024-05-26 15:00:00,1.6677047336385702,1.6677047336385702
2024-05-26 16:00:00,2.0392170403536944,2.0392170403536944
2024-05-26 17:00:00,2.13032102417293,2.13032102417293
2024-05-26 18:00:00,1.8639572075202708,1.8639572075202708
2024-05-26 19:00:00,2.5780284171089267,2.5780284171089267
2024-05-26 20:00:00,2.383831078701193,2.383831078701193
2024-05-26 21:00:00,2.8236683399591604,2.8236683399591604
2024-05-26 22:00:00,0.0,0.0
2024-05-26 23:00:00,0.0,0.0
2024-05-27 00:00:00,0.0,0.0
2024-05-27 01:00:00,0.0,0.0
2024-05-27 02:00:00,0.0,0.0
2024-05-27 03:00:00,0.0,0.0
2024-05-27 04:00:00,0.0,0.0
2024-05-27 05:00:00,0.0,0.0
2024-05-27 06:00:00,0.0,0.0
2024-05-27 07:00:00,0.0,0.0
2024-05-27 08:00:00,0.0,0.0
2024-05-27 09:00:00,0.0,0.0
2024-05-27 10:00:00,0.1091041829831213,0.1091041829831213
2024-05-27 11:00:00,0.37885397142172356,0.37885397142172356
2024-05-27 12:00:00,0.7404571779407458,0.7404571779407458
2024-05-27 13:00:00,1.5515304399585033,1.5515304399585033
2024-05-27 14:00:00,2.443110011787463,2.443110011787463
2024-05-27 15:00:00,3.143908945166789,3.143908945166789
2024-05-27 16:00:00,3.108559316421955,3.108559316421955
2024-05-27 17:00:00,3.630775360657889,3.630775360657889
2024-05-27 18:00:00,3.53533933968921,3.53533933968921
2024-05-27 19:00:00,4.537289608556323,4.537289608556323
2024-05-27 20:00:00,3.7603018363596457,3.7603018363596457
2024-05-27 21:00:00,3.792951115461397,3.792951115461397
2024-05-27 22:00:00,0.0,0.0
2024-05-27 23:00:00,0.0,0.0
2024-05-28 00:00:00,0.0,0.0
2024-05-28 01:00:00,0.0,0.0
2024-05-28 02:00:00,0.0,0.0
2024-05-28 03:00:00,0.0,0.0
2024-05-28 04:00:00,0.0,0.0
2024-05-28 05:00:00,0.0,0.0
2024-05-28 06:00:00,0.0,0.0
2024-05-28 07:00:00,0.0,0.0
2024-05-28 08:00:00,0.0,0.0
2024-05-28 09:00:00,0.0,0.0
2024-05-28 10:00:00,0.13862718360122822,0.13862718360122822
2024-05-28 11:00:00,0.499338302130559,0.499338302130559
2024-05-28 12:00:00,0.8314299825654444,0.8314299825654444
2024-05-28 13:00:00,1.3002831138372632,1.3002831138372632
2024-05-28 14:00:00,2.5408832185447814,2.5408832185447814
2024-05-28 15:00:00,3.2146340547100505,3.2146340547100505
2024-05-28 16:00:00,2.7827263364442936,2.7827263364442936
2024-05-28 17:00:00,4.017848818054745,4.017848818054745
2024-05-28 18:00:00,3.539132616736526,3.539132616736526
2024-05-28 19:00:00,3.654320258740991,3.654320258740991
2024-05-28 20:00:00,4.095994451161073,4.095994451161073
2024-05-28 21:00:00,4.286912934782778,4.286912934782778
2024-05-28 22:00:00,0.0,0.0
2024-05-28 23:00:00,0.0,0.0
2024-05-29 00:00:00,0.0,0.0
2024-05-29 01:00:00,0.0,0.0
2024-05-29 02:00:00,0.0,0.0
2024-05-29 03:00:00,0.0,0.0
2024-05-29 04:00:00,0.0,0.0
2024-05-29 05:00:00,0.0,0.0
2024-05-29 06:00:00,0.0,0.0
2024-05-29 07:00:00,0.0,0.0
2024-05-29 08:00:00,0.0,0.0
2024-05-29 09:00:00,0.0,0.0
2024-05-29 10:00:00,0.1375753335531967,0.1375753335531967
2024-05-29 11:00:00,0.4024149625821389,0.4024149625821389
2024-05-29 12:00:00,0.865917324487106,0.865917324487106
2024-05-29 13:00:00,1.6449670661642941,1.6449670661642941
2024-05-29 14:00:00,2.2856279187385287,2.2856279187385287
2024-05-29 15:00:00,2.940073109289535,2.940073109289535
2024-05-29 16:00:00,2.861424769794833,2.861424769794833
2024-05-29 17:00:00,3.818630292960674,3.818630292960674
2024-05-29 18:00:00,3.8948686344214107,3.8948686344214107
2024-05-29 19:00:00,4.62516748416651,4.62516748416651
2024-05-29 20:00:00,3.453761594547348,3.453761594547348
2024-05-29 21:00:00,3.7659078135722153,3.7659078135722153
2024-05-29 22:00:00,0.0,0.0
2024-05-29 23:00:00,0.0,0.0
2024-05-30 00:00:00,0.0,0.0
2024-05-30 01:00:00,0.0,0.0
2024-05-30 02:00:00,0.0,0.0
2024-05-30 03:00:00,0.0,0.0
2024-05-30 04:00:00,0.0,0.0
2024-05-30 05:00:00,0.0,0.0
2024-05-30 06:00:00,0.0,0.0
2024-05-30 07:00:00,0.0,0.0
2024-05-30 08:00:00,0.0,0.0
2024-05-30 09:00:00,0.0,0.0
2024-05-30 10:00:00,0.11835015235437067,0.11835015235437067
2024-05-30 11:00:00,0.4672404001595378,0.4672404001595378
2024-05-30 12:00:00,0.7402531138418355,0.7402531138418355
2024-05-30 13:00:00,1.595472118276707,1.595472118276707
2024-05-30 14:00:00,1.8835045817900806,1.8835045817900806
2024-05-30 15:00:00,2.9502742168022196,2.9502742168022196
2024-05-30 16:00:00,3.084489921817881,3.084489921817881
2024-05-30 17:00:00,3.4367299765914625,3.4367299765914625
2024-05-30 18:00:00,3.6111498450891975,3.6111498450891975
2024-05-30 19:00:00,4.5116652902358325,4.5116652902358325
2024-05-30 20:00:00,3.3329195228521518,3.3329195228521518
2024-05-30 21:00:00,4.263432004141497,4.263432004141497
2024-05-30 22:00:00,0.0,0.0
2024-05-30 23:00:00,0.0,0.0
2024-05-31 00:00:00,0.0,0.0
2024-05-31 01:00:00,0.0,0.0
2024-05-31 02:00:00,0.0,0.0
2024-05-31 03:00:00,0.0,0.0
2024-05-31 04:00:00,0.0,0.0
2024-05-31 05:00:00,0.0,0.0
2024-05-31 06:00:00,0.0,0.0
2024-05-31 07:00:00,0.0,0.0
2024-05-31 08:00:00,0.0,0.0
2024-05-31 09:00:00,0.0,0.0
2024-05-31 10:00:00,0.10470075105524931,0.10470075105524931
2024-05-31 11:00:00,0.47565549516433686,0.47565549516433686
2024-05-31 12:00:00,0.9504464419215778,0.9504464419215778
2024-05-31 13:00:00,1.425675835762154,1.425675835762154
2024-05-31 14:00:00,2.0281778605735226,2.0281778605735226
2024-05-31 15:00:00,3.3953786644732293,3.3953786644732293
2024-05-31 16:00:00,3.051560789886654,3.051560789886654
2024-05-31 17:00:00,3.7987705439777133,3.7987705439777133
2024-05-31 18:00:00,2.9393730159822904,2.9393730159822904
2024-05-31 19:00:00,4.338373068072313,4.338373068072313
2024-05-31 20:00:00,3.363773351026403,3.363773351026403
2024-05-31 21:00:00,3.6970587306867495,3.6970587306867495
2024-05-31 22:00:00,0.0,0.0
2024-05-31 23:00:00,0.0,0.0
2024-06-01 00:00:00,0.0,0.0
2024-06-01 01:00:00,0.0,0.0
2024-06-01 02:00:00,0.0,0.0
2024-06-01 03:00:00,0.0,0.0
2024-06-01 04:00:00,0.0,0.0
2024-06-01 05:00:00,0.0,0.0
2024-06-01 06:00:00,0.0,0.0
2024-06-01 07:00:00,0.0,0.0
2024-06-01 08:00:00,0.0,0.0
2024-06-01 09:00:00,0.0,0.0
2024-06-01 10:00:00,0.08503889932450717,0.08503889932450717
2024-06-01 11:00:00,0.277835930021191,0.277835930021191
2024-06-01 12:00:00,0.5373993760919875,0.5373993760919875
2024-06-01 13:00:00,1.0502311379035412,1.0502311379035412
2024-06-01 14:00:00,1.3379773699021367,1.3379773699021367
2024-06-01 15:00:00,1.9368212145209511,1.9368212145209511
2024-06-01 16:00:00,2.099331874591512,2.099331874591512
2024-06-01 17:00:00,2.1046119212004717,2.1046119212004717
2024-06-01 18:00:00,2.2598516614161896,2.2598516614161896
2024-06-01 19:00:00,2.655356029049105,2.655356029049105
2024-06-01 20:00:00,2.4255932747601325,2.4255932747601325
2024-06-01 21:00:00,2.4785864877579153,2.4785864877579153
2024-06-01 22:00:00,0.0,0.0
2024-06-01 23:00:00,0.0,0.0
2024-06-02 00:00:00,0.0,0.0
2024-06-02 01:00:00,0.0,0.0
2024-06-02 02:00:00,0.0,0.0
2024-06-02 03:00:00,0.0,0.0
2024-06-02 04:00:00,0.0,0.0
2024-06-02 05:00:00,0.0,0.0
2024-06-02 06:00:00,0.0,0.0
2024-06-02 07:00:00,0.0,0.0
2024-06-02 08:00:00,0.0,0.0
2024-06-02 09:00:00,0.0,0.0
2024-06-02 10:00:00,0.07957125904693906,0.07957125904693906
2024-06-02 11:00:00,0.267942158372325,0.267942158372325
2024-06-02 12:00:00,0.6263076172573705,0.6263076172573705
2024-06-02 13:00:00,1.017471480227837,1.017471480227837
2024-06-02 14:00:00,1.7316526123223213,1.7316526123223213
2024-06-02 15:00:00,2.1917470648028106,2.1917470648028106
2024-06-02 16:00:00,1.7632151854661602,1.7632151854661602
2024-06-02 17:00:00,2.3912900340440513,2.3912900340440513
2024-06-02 18:00:00,2.314743422857516,2.314743422857516
2024-06-02 19:00:00,2.436629781355951,2.436629781355951
2024-06-02 20:00:00,2.055622811731253,2.055622811731253
2024-06-02 21:00:00,2.495064415564231,2.495064415564231
2024-06-02 22:00:00,0.0,0.0
2024-06-02 23:00:00,0.0,0.0
2024-06-03 00:00:00,0.0,0.0
2024-06-03 01:00:00,0.0,0.0
2024-06-03 02:00:00,0.0,0.0
2024-06-03 03:00:00,0.0,0.0
2024-06-03 04:00:00,0.0,0.0
2024-06-03 05:00:00,0.0,0.0
2024-06-03 06:00:00,0.0,0.0
2024-06-03 07:00:00,0.0,0.0
2024-06-03 08:00:00,0.0,0.0
2024-06-03 09:00:00,0.0,0.0
2024-06-03 10:00:00,0.10908090336706698,0.10908090336706698
2024-06-03 11:00:00,0.44352887429870325,0.44352887429870325
2024-06-03 12:00:00,0.7202725649759757,0.7202725649759757
2024-06-03 13:00:00,1.438590442890984,1.438590442890984
2024-06-03 14:00:00,2.027355859415092,2.027355859415092
2024-06-03 15:00:00,2.5273354127627896,2.5273354127627896
2024-06-03 16:00:00,2.690138900728092,2.690138900728092
2024-06-03 17:00:00,3.4232560845155215,3.4232560845155215
2024-06-03 18:00:00,3.6962221513050615,3.6962221513050615
2024-06-03 19:00:00,4.225012057243457,4.225012057243457
2024-06-03 20:00:00,3.3057208076638136,3.3057208076638136
2024-06-03 21:00:00,3.9165718934493055,3.9165718934493055
2024-06-03 22:00:00,0.0,0.0
2024-06-03 23:00:00,0.0,0.0
2024-06-04 00:00:00,0.0,0.0
2024-06-04 01:00:00,0.0,0.0
2024-06-04 02:00:00,0.0,0.0
2024-06-04 03:00:00,0.0,0.0
2024-06-04 04:00:00,0.0,0.0
2024-06-04 05:00:00,0.0,0.0
2024-06-04 06:00:00,0.0,0.0
2024-06-04 07:00:00,0.0,0.0
2024-06-04 08:00:00,0.0,0.0
2024-06-04 09:00:00,0.0,0.0
2024-06-04 10:00:00,0.13055329261989207,0.13055329261989207
2024-06-04 11:00:00,0.48084858286989485,0.48084858286989485
2024-06-04 12:00:00,0.835638439846427,0.835638439846427
2024-06-04 13:00:00,1.1542779562191778,1.1542779562191778
2024-06-04 14:00:00,2.283999921814011,2.283999921814011
2024-06-04 15:00:00,2.8735960113778507,2.8735960113778507
2024-06-04 16:00:00,2.559710635223229,2.559710635223229
2024-06-04 17:00:00,2.9469750429258514,2.9469750429258514
2024-06-04 18:00:00,2.805646075007628,2.805646075007628
2024-06-04 19:00:00,4.315409319818578,4.315409319818578
2024-06-04 20:00:00,3.3426757174581527,3.3426757174581527
2024-06-04 21:00:00,4.218763092960465,4.218763092960465
2024-06-04 22:00:00,0.0,0.0
2024-06-04 23:00:00,0.0,0.0
2024-06-05 00:00:00,0.0,0.0
2024-06-05 01:00:00,0.0,0.0
2024-06-05 02:00:00,0.0,0.0
2024-06-05 03:00:00,0.0,0.0
2024-06-05 04:00:00,0.0,0.0
2024-06-05 05:00:00,0.0,0.0
2024-06-05 06:00:00,0.0,0.0
2024-06-05 07:00:00,0.0,0.0
2024-06-05 08:00:00,0.0,0.0
2024-06-05 09:00:00,0.0,0.0
2024-06-05 10:00:00,0.13476734498496923,0.13476734498496923
2024-06-05 11:00:00,0.5203819907296735,0.5203819907296735
2024-06-05 12:00:00,0.8814384890525958,0.8814384890525958
2024-06-05 13:00:00,1.632006499372173,1.632006499372173
2024-06-05 14:00:00,2.7025262970500337,2.7025262970500337
2024-06-05 15:00:00,3.3122585265789293,3.3122585265789293
2024-06-05 16:00:00,2.829105617872116,2.829105617872116
2024-06-05 17:00:00,3.3417395391879667,3.3417395391879667
2024-06-05 18:00:00,3.9406274791333975,3.9406274791333975
2024-06-05 19:00:00,4.1992457956094285,4.1992457956094285
2024-06-05 20:00:00,3.6815363431530113,3.6815363431530113
2024-06-05 21:00:00,4.490036902392779,4.490036902392779
2024-06-05 22:00:00,0.0,0.0
2024-06-05 23:00:00,0.0,0.0
2024-06-06 00:00:00,0.0,0.0
2024-06-06 01:00:00,0.0,0.0
2024-06-06 02:00:00,0.0,0.0
2024-06-06 03:00:00,0.0,0.0
2024-06-06 04:00:00,0.0,0.0
2024-06-06 05:00:00,0.0,0.0
2024-06-06 06:00:00,0.0,0.0
2024-06-06 07:00:00,0.0,0.0
2024-06-06 08:00:00,0.0,0.0
2024-06-06 09:00:00,0.0,0.0
2024-06-06 10:00:00,0.14530259763286124,0.14530259763286124
2024-06-06 11:00:00,0.49524940761871517,0.49524940761871517
2024-06-06 12:00:00,0.9780845202005575,0.9780845202005575
2024-06-06 13:00:00,1.3319907727259805,1.3319907727259805
2024-06-06 14:00:00,2.2905036510317798,2.2905036510317798
2024-06-06 15:00:00,2.805021422485561,2.805021422485561
2024-06-06 16:00:00,2.9807602137230997,2.9807602137230997
2024-06-06 17:00:00,4.055140104290109,4.055140104290109
2024-06-06 18:00:00,4.081388834601817,4.081388834601817
2024-06-06 19:00:00,4.135870400935102,4.135870400935102
2024-06-06 20:00:00,4.1680280558921075,4.1680280558921075
2024-06-06 21:00:00,4.115774167510144,4.115774167510144
2024-06-06 22:00:00,0.0,0.0
2024-06-06 23:00:00,0.0,0.0
2024-06-07 00:00:00,0.0,0.0
2024-06-07 01:00:00,0.0,0.0
2024-06-07 02:00:00,0.0,0.0
2024-06-07 03:00:00,0.0,0.0
2024-06-07 04:00:00,0.0,0.0
2024-06-07 05:00:00,0.0,0.0
2024-06-07 06:00:00,0.0,0.0
2024-06-07 07:00:00,0.0,0.0
2024-06-07 08:00:00,0.0,0.0
2024-06-07 09:00:00,0.0,0.0
2024-06-07 10:00:00,0.1160979045254328,0.1160979045254328
2024-06-07 11:00:00,0.4997536854068818,0.4997536854068818
2024-06-07 12:00:00,1.0001350658424228,1.0001350658424228
2024-06-07 13:00:00,1.3363232375893994,1.3363232375893994
2024-06-07 14:00:00,2.4074600301558386,2.4074600301558386
2024-06-07 15:00:00,2.9391874673110427,2.9391874673110427
2024-06-07 16:00:00,3.314934983219598,3.314934983219598
2024-06-07 17:00:00,3.5257357704063055,3.5257357704063055
2024-06-07 18:00:00,3.219383840451027,3.219383840451027
2024-06-07 19:00:00,4.24595491987373,4.24595491987373
2024-06-07 20:00:00,4.016995137586776,4.016995137586776
2024-06-07 21:00:00,3.6814029484831106,3.6814029484831106
2024-06-07 22:00:00,0.0,0.0
2024-06-07 23:00:00,0.0,0.0
2024-06-08 00:00:00,0.0,0.0
2024-06-08 01:00:00,0.0,0.0
2024-06-08 02:00:00,0.0,0.0
2024-06-08 03:00:00,0.0,0.0
2024-06-08 04:00:00,0.0,0.0
2024-06-08 05:00:00,0.0,0.0
2024-06-08 06:00:00,0.0,0.0
2024-06-08 07:00:00,0.0,0.0
2024-06-08 08:00:00,0.0,0.0
2024-06-08 09:00:00,0.0,0.0
2024-06-08 10:00:00,0.06692985499590401,0.06692985499590401
2024-06-08 11:00:00,0.2402553588908119,0.2402553588908119
2024-06-08 12:00:00,0.5174782108501715,0.5174782108501715
2024-06-08 13:00:00,0.8145077031888287,0.8145077031888287
2024-06-08 14:00:00,1.4017333347505958,1.4017333347505958
2024-06-08 15:00:00,1.952340449247849,1.952340449247849
2024-06-08 16:00:00,2.158324886578819,2.158324886578819
2024-06-08 17:00:00,2.2758330124063897,2.2758330124063897
2024-06-08 18:00:00,2.1030119116791886,2.1030119116791886
2024-06-08 19:00:00,2.5879949978279804,2.5879949978279804
2024-06-08 20:00:00,2.2708965322500374,2.2708965322500374
2024-06-08 21:00:00,2.7222617900239814,2.7222617900239814
2024-06-08 22:00:00,0.0,0.0
2024-06-08 23:00:00,0.0,0.0
2024-06-09 00:00:00,0.0,0.0
2024-06-09 01:00:00,0.0,0.0
2024-06-09 02:00:00,0.0,0.0
2024-06-09 03:00:00,0.0,0.0
2024-06-09 04:00:00,0.0,0.0
2024-06-09 05:00:00,0.0,0.0
2024-06-09 06:00:00,0.0,0.0
2024-06-09 07:00:00,0.0,0.0
2024-06-09 08:00:00,0.0,0.0
2024-06-09 09:00:00,0.0,0.0
2024-06-09 10:00:00,0.07727937612514392,0.07727937612514392
2024-06-09 11:00:00,0.3194317550650899,0.3194317550650899
2024-06-09 12:00:00,0.5964109384767968,0.5964109384767968
2024-06-09 13:00:00,0.8938022144817618,0.8938022144817618
2024-06-09 14:00:00,1.4264602551473426,1.4264602551473426
2024-06-09 15:00:00,2.228760266550221,2.228760266550221
2024-06-09 16:00:00,1.9835318480789574,1.9835318480789574
2024-06-09 17:00:00,2.652803472914128,2.652803472914128
2024-06-09 18:00:00,2.4341725039488438,2.4341725039488438
2024-06-09 19:00:00,2.7795546845973576,2.7795546845973576
2024-06-09 20:00:00,2.35870757726691,2.35870757726691
2024-06-09 21:00:00,2.666485294261553,2.666485294261553
2024-06-09 22:00:00,0.0,0.0
2024-06-09 23:00:00,0.0,0.0
2024-06-10 00:00:00,0.0,0.0
2024-06-10 01:00:00,0.0,0.0
2024-06-10 02:00:00,0.0,0.0
2024-06-10 03:00:00,0.0,0.0
2024-06-10 04:00:00,0.0,0.0
2024-06-10 05:00:00,0.0,0.0
2024-06-10 06:00:00,0.0,0.0
2024-06-10 07:00:00,0.0,0.0
2024-06-10 08:00:00,0.0,0.0
2024-06-10 09:00:00,0.0,0.0
2024-06-10 10:00:00,0.10749885546167272,0.10749885546167272
2024-06-10 11:00:00,0.33851629644225967,0.33851629644225967
2024-06-10 12:00:00,0.6646075095934518,0.6646075095934518
2024-06-10 13:00:00,1.125002493530758,1.125002493530758
2024-06-10 14:00:00,2.134345377580724,2.134345377580724
2024-06-10 15:00:00,2.630932788215437,2.630932788215437
2024-06-10 16:00:00,2.6367872799356236,2.6367872799356236
2024-06-10 17:00:00,3.2898291798966506,3.2898291798966506
2024-06-10 18:00:00,2.7083385326879013,2.7083385326879013
2024-06-10 19:00:00,3.020046847025306,3.020046847025306
2024-06-10 20:00:00,3.1070805025447776,3.1070805025447776
2024-06-10 21:00:00,3.719822614451275,3.719822614451275
2024-06-10 22:00:00,0.0,0.0
2024-06-10 23:00:00,0.0,0.0
2024-06-11 00:00:00,0.0,0.0
2024-06-11 01:00:00,0.0,0.0
2024-06-11 02:00:00,0.0,0.0
2024-06-11 03:00:00,0.0,0.0
2024-06-11 04:00:00,0.0,0.0
2024-06-11 05:00:00,0.0,0.0
2024-06-11 06:00:00,0.0,0.0
2024-06-11 07:00:00,0.0,0.0
2024-06-11 08:00:00,0.0,0.0
2024-06-11 09:00:00,0.0,0.0
2024-06-11 10:00:00,0.1290817419746074,0.1290817419746074
2024-06-11 11:00:00,0.3878918340732503,0.3878918340732503
2024-06-11 12:00:00,0.8031463331200108,0.8031463331200108
2024-06-11 13:00:00,1.5362480904370117,1.5362480904370117
2024-06-11 14:00:00,2.4353209631338792,2.4353209631338792
2024-06-11 15:00:00,2.860222162647752,2.860222162647752
2024-06-11 16:00:00,3.324378888425103,3.324378888425103
2024-06-11 17:00:00,3.113862392472813,3.113862392472813
2024-06-11 18:00:00,3.5333308173121942,3.5333308173121942
2024-06-11 19:00:00,3.855719672879713,3.855719672879713
2024-06-11 20:00:00,3.495846971928446,3.495846971928446
2024-06-11 21:00:00,3.2836595575309353,3.2836595575309353
2024-06-11 22:00:00,0.0,0.0
2024-06-11 23:00:00,0.0,0.0
2024-06-12 00:00:00,0.0,0.0
2024-06-12 01:00:00,0.0,0.0
2024-06-12 02:00:00,0.0,0.0
2024-06-12 03:00:00,0.0,0.0
2024-06-12 04:00:00,0.0,0.0
2024-06-12 05:00:00,0.0,0.0
2024-06-12 06:00:00,0.0,0.0
2024-06-12 07:00:00,0.0,0.0
2024-06-12 08:00:00,0.0,0.0
2024-06-12 09:00:00,0.0,0.0
2024-06-12 10:00:00,0.1201148561445814,0.1201148561445814
2024-06-12 11:00:00,0.4815753678821579,0.4815753678821579
2024-06-12 12:00:00,0.8961012046978043,0.8961012046978043
2024-06-12 13:00:00,1.2836255879028728,1.2836255879028728
2024-06-12 14:00:00,2.4086699811228653,2.4086699811228653
2024-06-12 15:00:00,2.682178290287931,2.682178290287931
2024-06-12 16:00:00,2.694781470206371,2.694781470206371
2024-06-12 17:00:00,3.565468411369785,3.565468411369785
2024-06-12 18:00:00,3.5709405679389175,3.5709405679389175
2024-06-12 19:00:00,3.8647368206041395,3.8647368206041395
2024-06-12 20:00:00,3.4833324723026293,3.4833324723026293
2024-06-12 21:00:00,3.9332637601507514,3.9332637601507514
2024-06-12 22:00:00,0.0,0.0
2024-06-12 23:00:00,0.0,0.0
2024-06-13 00:00:00,0.0,0.0
2024-06-13 01:00:00,0.0,0.0
2024-06-13 02:00:00,0.0,0.0
2024-06-13 03:00:00,0.0,0.0
2024-06-13 04:00:00,0.0,0.0
2024-06-13 05:00:00,0.0,0.0
2024-06-13 06:00:00,0.0,0.0
2024-06-13 07:00:00,0.0,0.0
2024-06-13 08:00:00,0.0,0.0
2024-06-13 09:00:00,0.0,0.0
2024-06-13 10:00:00,0.11616688883856574,0.11616688883856574
2024-06-13 11:00:00,0.42641822095261206,0.42641822095261206
2024-06-13 12:00:00,0.9184616648556554,0.9184616648556554
2024-06-13 13:00:00,1.5857400190506077,1.5857400190506077
2024-06-13 14:00:00,2.1482327811271142,2.1482327811271142
2024-06-13 15:00:00,3.472939259828422,3.472939259828422
2024-06-13 16:00:00,2.856811300719576,2.856811300719576
2024-06-13 17:00:00,4.018469949953442,4.018469949953442
2024-06-13 18:00:00,3.0886257775457704,3.0886257775457704
2024-06-13 19:00:00,3.7981620847583075,3.7981620847583075
2024-06-13 20:00:00,3.768084516160507,3.768084516160507
2024-06-13 21:00:00,4.5319406557663795,4.5319406557663795
2024-06-13 22:00:00,0.0,0.0
2024-06-13 23:00:00,0.0,0.0
2024-06-14 00:00:00,0.0,0.0
2024-06-14 01:00:00,0.0,0.0
2024-06-14 02:00:00,0.0,0.0
2024-06-14 03:00:00,0.0,0.0
2024-06-14 04:00:00,0.0,0.0
2024-06-14 05:00:00,0.0,0.0
2024-06-14 06:00:00,0.0,0.0
2024-06-14 07:00:00,0.0,0.0
2024-06-14 08:00:00,0.0,0.0
2024-06-14 09:00:00,0.0,0.0
2024-06-14 10:00:00,0.10195834429371702,0.10195834429371702
2024-06-14 11:00:00,0.365900769190122,0.365900769190122
2024-06-14 12:00:00,0.7016968298796611,0.7016968298796611
2024-06-14 13:00:00,1.1313139330799489,1.1313139330799489
2024-06-14 14:00:00,2.1963989313292287,2.1963989313292287
2024-06-14 15:00:00,2.81301186728466,2.81301186728466
2024-06-14 16:00:00,3.0153943691296203,3.0153943691296203
2024-06-14 17:00:00,2.759823854876854,2.759823854876854
2024-06-14 18:00:00,3.1726449372496037,3.1726449372496037
2024-06-14 19:00:00,3.215338341327405,3.215338341327405
2024-06-14 20:00:00,2.9932194416946714,2.9932194416946714
2024-06-14 21:00:00,3.9128226494686986,3.9128226494686986
2024-06-14 22:00:00,0.0,0.0
2024-06-14 23:00:00,0.0,0.0
2024-06-15 00:00:00,0.0,0.0
2024-06-15 01:00:00,0.0,0.0
2024-06-15 02:00:00,0.0,0.0
2024-06-15 03:00:00,0.0,0.0
2024-06-15 04:00:00,0.0,0.0
2024-06-15 05:00:00,0.0,0.0
2024-06-15 06:00:00,0.0,0.0
2024-06-15 07:00:00,0.0,0.0
2024-06-15 08:00:00,0.0,0.0
2024-06-15 09:00:00,0.0,0.0
2024-06-15 10:00:00,0.0795737229808026,0.0795737229808026
2024-06-15 11:00:00,0.2904337137488993,0.2904337137488993
2024-06-15 12:00:00,0.626904237577446,0.626904237577446
2024-06-15 13:00:00,0.890762651545768,0.890762651545768
2024-06-15 14:00:00,1.2679749721067441,1.2679749721067441
2024-06-15 15:00:00,2.0602573024788056,2.0602573024788056
2024-06-15 16:00:00,2.1681018745671667,2.1681018745671667
2024-06-15 17:00:00,2.2022775839130646,2.2022775839130646
2024-06-15 18:00:00,2.0098153708727806,2.0098153708727806
2024-06-15 19:00:00,2.474763283308684,2.474763283308684
2024-06-15 20:00:00,2.006678644978557,2.006678644978557
2024-06-15 21:00:00,2.3506837118963504,2.3506837118963504
2024-06-15 22:00:00,0.0,0.0
2024-06-15 23:00:00,0.0,0.0
2024-06-16 00:00:00,0.0,0.0
2024-06-16 01:00:00,0.0,0.0
2024-06-16 02:00:00,0.0,0.0
2024-06-16 03:00:00,0.0,0.0
2024-06-16 04:00:00,0.0,0.0
2024-06-16 05:00:00,0.0,0.0
2024-06-16 06:00:00,0.0,0.0
2024-06-16 07:00:00,0.0,0.0
2024-06-16 08:00:00,0.0,0.0
2024-06-16 09:00:00,0.0,0.0
2024-06-16 10:00:00,0.08039033477219852,0.08039033477219852
2024-06-16 11:00:00,0.27064998528132705,0.27064998528132705
2024-06-16 12:00:00,0.5903002264513656,0.5903002264513656
2024-06-16 13:00:00,0.9221931514265376,0.9221931514265376
2024-06-16 14:00:00,1.4895919845364893,1.4895919845364893
2024-06-16 15:00:00,2.4315987426957535,2.4315987426957535
2024-06-16 16:00:00,2.121511836463547,2.121511836463547
2024-06-16 17:00:00,2.304938968263829,2.304938968263829
2024-06-16 18:00:00,2.1461578502602183,2.1461578502602183
2024-06-16 19:00:00,3.267778230546003,3.267778230546003
2024-06-16 20:00:00,2.854391765127805,2.854391765127805
2024-06-16 21:00:00,3.0655702799533535,3.0655702799533535
2024-06-16 22:00:00,0.0,0.0
2024-06-16 23:00:00,0.0,0.0
2024-06-17 00:00:00,0.0,0.0
2024-06-17 01:00:00,0.0,0.0
2024-06-17 02:00:00,0.0,0.0
2024-06-17 03:00:00,0.0,0.0
2024-06-17 04:00:00,0.0,0.0
2024-06-17 05:00:00,0.0,0.0
2024-06-17 06:00:00,0.0,0.0
2024-06-17 07:00:00,0.0,0.0
2024-06-17 08:00:00,0.0,0.0
2024-06-17 09:00:00,0.0,0.0
2024-06-17 10:00:00,0.09930906863677404,0.09930906863677404
2024-06-17 11:00:00,0.4206104934958179,0.4206104934958179
2024-06-17 12:00:00,0.8265359814583607,0.8265359814583607
2024-06-17 13:00:00,1.3011566093749047,1.3011566093749047
2024-06-17 14:00:00,2.0160275338006914,2.0160275338006914
2024-06-17 15:00:00,2.5233578846320768,2.5233578846320768
2024-06-17 16:00:00,2.543232292297007,2.543232292297007
2024-06-17 17:00:00,2.626637249152867,2.626637249152867
2024-06-17 18:00:00,2.9184359653047016,2.9184359653047016
2024-06-17 19:00:00,3.7430665450337024,3.7430665450337024
2024-06-17 20:00:00,2.739439429193252,2.739439429193252
2024-06-17 21:00:00,3.771465192545319,3.771465192545319
2024-06-17 22:00:00,0.0,0.0
2024-06-17 23:00:00,0.0,0.0
2024-06-18 00:00:00,0.0,0.0
2024-06-18 01:00:00,0.0,0.0
2024-06-18 02:00:00,0.0,0.0
2024-06-18 03:00:00,0.0,0.0
2024-06-18 04:00:00,0.0,0.0
2024-06-18 05:00:00,0.0,0.0
2024-06-18 06:00:00,0.0,0.0
2024-06-18 07:00:00,0.0,0.0
2024-06-18 08:00:00,0.0,0.0
2024-06-18 09:00:00,0.0,0.0
2024-06-18 10:00:00,0.11327215055966028,0.11327215055966028
2024-06-18 11:00:00,0.4378622721862984,0.4378622721862984
2024-06-18 12:00:00,0.9119293511835282,0.9119293511835282
2024-06-18 13:00:00,1.4864391759404174,1.4864391759404174
2024-06-18 14:00:00,2.031751097445221,2.031751097445221
2024-06-18 15:00:00,2.481240596650316,2.481240596650316
2024-06-18 16:00:00,3.3766087301259153,3.3766087301259153
2024-06-18 17:00:00,3.0583493588711708,3.0583493588711708
2024-06-18 18:00:00,2.9377555999918856,2.9377555999918856
2024-06-18 19:00:00,4.050793645351692,4.050793645351692
2024-06-18 20:00:00,3.326412293062548,3.326412293062548
2024-06-18 21:00:00,3.867631138051491,3.867631138051491
2024-06-18 22:00:00,0.0,0.0
2024-06-18 23:00:00,0.0,0.0
2024-06-19 00:00:00,0.0,0.0
2024-06-19 01:00:00,0.0,0.0
2024-06-19 02:00:00,0.0,0.0
2024-06-19 03:00:00,0.0,0.0
2024-06-19 04:00:00,0.0,0.0
2024-06-19 05:00:00,0.0,0.0
2024-06-19 06:00:00,0.0,0.0
2024-06-19 07:00:00,0.0,0.0
2024-06-19 08:00:00,0.0,0.0
2024-06-19 09:00:00,0.0,0.0
2024-06-19 10:00:00,0.12961434204374067,0.12961434204374067
2024-06-19 11:00:00,0.4494536451230782,0.4494536451230782
2024-06-19 12:00:00,0.8629330351132226,0.8629330351132226
2024-06-19 13:00:00,1.589152436599843,1.589152436599843
2024-06-19 14:00:00,2.370248606851213,2.370248606851213
2024-06-19 15:00:00,3.5317467011657815,3.5317467011657815
2024-06-19 16:00:00,3.6612844297622624,3.6612844297622624
2024-06-19 17:00:00,3.198968447619419,3.198968447619419
2024-06-19 18:00:00,3.9294204694006365,3.9294204694006365
2024-06-19 19:00:00,3.7934207775172846,3.7934207775172846
2024-06-19 20:00:00,3.7109050236326007,3.7109050236326007
2024-06-19 21:00:00,4.496597682447432,4.496597682447432
2024-06-19 22:00:00,0.0,0.0
2024-06-19 23:00:00,0.0,0.0
2024-06-20 00:00:00,0.0,0.0
2024-06-20 01:00:00,0.0,0.0
2024-06-20 02:00:00,0.0,0.0
2024-06-20 03:00:00,0.0,0.0
2024-06-20 04:00:00,0.0,0.0
2024-06-20 05:00:00,0.0,0.0
2024-06-20 06:00:00,0.0,0.0
2024-06-20 07:00:00,0.0,0.0
2024-06-20 08:00:00,0.0,0.0
2024-06-20 09:00:00,0.0,0.0
2024-06-20 10:00:00,0.12472491600909198,0.12472491600909198
2024-06-20 11:00:00,0.38568727792419827,0.38568727792419827
2024-06-20 12:00:00,0.7266132891713608,0.7266132891713608
2024-06-20 13:00:00,1.11030967415309,1.11030967415309
2024-06-20 14:00:00,1.8464076201387476,1.8464076201387476
2024-06-20 15:00:00,2.4203575829297637,2.4203575829297637
2024-06-20 16:00:00,2.7458962557167186,2.7458962557167186
2024-06-20 17:00:00,3.4755834838477626,3.4755834838477626
2024-06-20 18:00:00,3.4627672503675133,3.4627672503675133
2024-06-20 19:00:00,3.9404452076181813,3.9404452076181813
2024-06-20 20:00:00,3.067704387541519,3.067704387541519
2024-06-20 21:00:00,3.7341446830301575,3.7341446830301575
2024-06-20 22:00:00,0.0,0.0
2024-06-20 23:00:00,0.0,0.0
2024-06-21 00:00:00,0.0,0.0
2024-06-21 01:00:00,0.0,0.0
2024-06-21 02:00:00,0.0,0.0
2024-06-21 03:00:00,0.0,0.0
2024-06-21 04:00:00,0.0,0.0
2024-06-21 05:00:00,0.0,0.0
2024-06-21 06:00:00,0.0,0.0
2024-06-21 07:00:00,0.0,0.0
2024-06-21 08:00:00,0.0,0.0
2024-06-21 09:00:00,0.0,0.0
2024-06-21 10:00:00,0.10766577616021204,0.10766577616021204
2024-06-21 11:00:00,0.35093747103015077,0.35093747103015077
2024-06-21 12:00:00,0.7825166768223668,0.7825166768223668
2024-06-21 13:00:00,1.4158599762678856,1.4158599762678856
2024-06-21 14:00:00,1.8843700460265977,1.8843700460265977
2024-06-21 15:00:00,2.5325015191592914,2.5325015191592914
2024-06-21 16:00:00,2.57068939314274,2.57068939314274
2024-06-21 17:00:00,3.3718668323649554,3.3718668323649554
2024-06-21 18:00:00,3.3203370993873897,3.3203370993873897
2024-06-21 19:00:00,3.9434337180575008,3.9434337180575008
2024-06-21 20:00:00,3.0064008252364527,3.0064008252364527
2024-06-21 21:00:00,3.5608363879838634,3.5608363879838634
2024-06-21 22:00:00,0.0,0.0
2024-06-21 23:00:00,0.0,0.0
2024-06-22 00:00:00,0.0,0.0
2024-06-22 01:00:00,0.0,0.0
2024-06-22 02:00:00,0.0,0.0
2024-06-22 03:00:00,0.0,0.0
2024-06-22 04:00:00,0.0,0.0
2024-06-22 05:00:00,0.0,0.0
2024-06-22 06:00:00,0.0,0.0
2024-06-22 07:00:00,0.0,0.0
2024-06-22 08:00:00,0.0,0.0
2024-06-22 09:00:00,0.0,0.0
2024-06-22 10:00:00,0.0882093399217538,0.0882093399217538
2024-06-22 11:00:00,0.27518403662338004,0.27518403662338004
2024-06-22 12:00:00,0.609853940059138,0.609853940059138
2024-06-22 13:00:00,1.0262841954483235,1.0262841954483235
2024-06-22 14:00:00,1.7308427989059536,1.7308427989059536
2024-06-22 15:00:00,1.9834421701282243,1.9834421701282243
2024-06-22 16:00:00,1.9627302034467748,1.9627302034467748
2024-06-22 17:00:00,2.6508300342480746,2.6508300342480746
2024-06-22 18:00:00,2.333339169224759,2.333339169224759
2024-06-22 19:00:00,2.781245093088805,2.781245093088805
2024-06-22 20:00:00,2.7571579561822315,2.7571579561822315
2024-06-22 21:00:00,2.67054539039161,2.67054539039161
2024-06-22 22:00:00,0.0,0.0
2024-06-22 23:00:00,0.0,0.0
2024-06-23 00:00:00,0.0,0.0
2024-06-23 01:00:00,0.0,0.0
2024-06-23 02:00:00,0.0,0.0
2024-06-23 03:00:00,0.0,0.0
2024-06-23 04:00:00,0.0,0.0
2024-06-23 05:00:00,0.0,0.0
2024-06-23 06:00:00,0.0,0.0
2024-06-23 07:00:00,0.0,0.0
2024-06-23 08:00:00,0.0,0.0
2024-06-23 09:00:00,0.0,0.0
2024-06-23 10:00:00,0.08610836539171941,0.08610836539171941
2024-06-23 11:00:00,0.33833813279548014,0.33833813279548014
2024-06-23 12:00:00,0.6199082797801824,0.6199082797801824
2024-06-23 13:00:00,1.0944686260637482,1.0944686260637482
2024-06-23 14:00:00,1.3010943498688812,1.3010943498688812
2024-06-23 15:00:00,2.1935214502008895,2.1935214502008895
2024-06-23 16:00:00,2.034848770587424,2.034848770587424
2024-06-23 17:00:00,2.1347440675591383,2.1347440675591383
2024-06-23 18:00:00,2.4308961632395634,2.4308961632395634
2024-06-23 19:00:00,2.7859605566904566,2.7859605566904566
2024-06-23 20:00:00,2.203895682762711,2.203895682762711
2024-06-23 21:00:00,2.6333150568338874,2.6333150568338874
2024-06-23 22:00:00,0.0,0.0
2024-06-23 23:00:00,0.0,0.0
2024-06-24 00:00:00,0.0,0.0
2024-06-24 01:00:00,0.0,0.0
2024-06-24 02:00:00,0.0,0.0
2024-06-24 03:00:00,0.0,0.0
2024-06-24 04:00:00,0.0,0.0
2024-06-24 05:00:00,0.0,0.0
2024-06-24 06:00:00,0.0,0.0
2024-06-24 07:00:00,0.0,0.0
2024-06-24 08:00:00,0.0,0.0
2024-06-24 09:00:00,0.0,0.0
2024-06-24 10:00:00,0.1340334719762604,0.1340334719762604
2024-06-24 11:00:00,0.3906815314234969,0.3906815314234969
2024-06-24 12:00:00,0.8808238634679745,0.8808238634679745
2024-06-24 13:00:00,1.499258470031801,1.499258470031801
2024-06-24 14:00:00,1.9955754860424841,1.9955754860424841
2024-06-24 15:00:00,2.7138376973516847,2.7138376973516847
2024-06-24 16:00:00,3.4249232905835716,3.4249232905835716
2024-06-24 17:00:00,3.5574788178127865,3.5574788178127865
2024-06-24 18:00:00,3.2856915237477553,3.2856915237477553
2024-06-24 19:00:00,4.666950013838614,4.666950013838614
2024-06-24 20:00:00,3.312811410802843,3.312811410802843
2024-06-24 21:00:00,4.375852364293134,4.375852364293134
2024-06-24 22:00:00,0.0,0.0
2024-06-24 23:00:00,0.0,0.0
2024-06-25 00:00:00,0.0,0.0
2024-06-25 01:00:00,0.0,0.0
2024-06-25 02:00:00,0.0,0.0
2024-06-25 03:00:00,0.0,0.0
2024-06-25 04:00:00,0.0,0.0
2024-06-25 05:00:00,0.0,0.0
2024-06-25 06:00:00,0.0,0.0
2024-06-25 07:00:00,0.0,0.0
2024-06-25 08:00:00,0.0,0.0
2024-06-25 09:00:00,0.0,0.0
2024-06-25 10:00:00,0.10230336050723189,0.10230336050723189
2024-06-25 11:00:00,0.3783002487076141,0.3783002487076141
2024-06-25 12:00:00,0.7300978818748389,0.7300978818748389
2024-06-25 13:00:00,1.4313570508595554,1.4313570508595554
2024-06-25 14:00:00,2.0227443241222445,2.0227443241222445
2024-06-25 15:00:00,2.752398431143505,2.752398431143505
2024-06-25 16:00:00,2.5827650384067344,2.5827650384067344
2024-06-25 17:00:00,3.27887367632861,3.27887367632861
2024-06-25 18:00:00,3.0227532040986005,3.0227532040986005
2024-06-25 19:00:00,3.3716685247199996,3.3716685247199996
2024-06-25 20:00:00,3.7988205859366047,3.7988205859366047
2024-06-25 21:00:00,4.29083422221634,4.29083422221634
2024-06-25 22:00:00,0.0,0.0
2024-06-25 23:00:00,0.0,0.0
2024-06-26 00:00:00,0.0,0.0
2024-06-26 01:00:00,0.0,0.0
2024-06-26 02:00:00,0.0,0.0
2024-06-26 03:00:00,0.0,0.0
2024-06-26 04:00:00,0.0,0.0
2024-06-26 05:00:00,0.0,0.0
2024-06-26 06:00:00,0.0,0.0
2024-06-26 07:00:00,0.0,0.0
2024-06-26 08:00:00,0.0,0.0
2024-06-26 09:00:00,0.0,0.0
2024-06-26 10:00:00,0.10467775489145992,0.10467775489145992
2024-06-26 11:00:00,0.39131698858387753,0.39131698858387753
2024-06-26 12:00:00,0.8792112594114835,0.8792112594114835
2024-06-26 13:00:00,1.2593416502061663,1.2593416502061663
2024-06-26 14:00:00,2.3233468472023975,2.3233468472023975
2024-06-26 15:00:00,2.891462467147392,2.891462467147392
2024-06-26 16:00:00,2.800393483726761,2.800393483726761
2024-06-26 17:00:00,3.6979735382608516,3.6979735382608516
2024-06-26 18:00:00,3.4270330592554457,3.4270330592554457
2024-06-26 19:00:00,3.683532879503741,3.683532879503741
2024-06-26 20:00:00,3.469148420793339,3.469148420793339
2024-06-26 21:00:00,3.726340315407863,3.726340315407863
2024-06-26 22:00:00,0.0,0.0
2024-06-26 23:00:00,0.0,0.0
2024-06-27 00:00:00,0.0,0.0
2024-06-27 01:00:00,0.0,0.0
2024-06-27 02:00:00,0.0,0.0
2024-06-27 03:00:00,0.0,0.0
2024-06-27 04:00:00,0.0,0.0
2024-06-27 05:00:00,0.0,0.0
2024-06-27 06:00:00,0.0,0.0
2024-06-27 07:00:00,0.0,0.0
2024-06-27 08:00:00,0.0,0.0
2024-06-27 09:00:00,0.0,0.0
2024-06-27 10:00:00,0.1134367479569749,0.1134367479569749
2024-06-27 11:00:00,0.4391861252982168,0.4391861252982168
2024-06-27 12:00:00,1.030818087675241,1.030818087675241
2024-06-27 13:00:00,1.5527127388041062,1.5527127388041062
2024-06-27 14:00:00,2.3369091597484406,2.3369091597484406
2024-06-27 15:00:00,2.784754988776801,2.784754988776801
2024-06-27 16:00:00,2.933962616785474,2.933962616785474
2024-06-27 17:00:00,3.963192343318017,3.963192343318017
2024-06-27 18:00:00,3.5770617691797764,3.5770617691797764
2024-06-27 19:00:00,4.257830612507777,4.257830612507777
2024-06-27 20:00:00,4.092360495786485,4.092360495786485
2024-06-27 21:00:00,4.523877889582186,4.523877889582186
2024-06-27 22:00:00,0.0,0.0
2024-06-27 23:00:00,0.0,0.0
2024-06-28 00:00:00,0.0,0.0
2024-06-28 01:00:00,0.0,0.0
2024-06-28 02:00:00,0.0,0.0
2024-06-28 03:00:00,0.0,0.0
2024-06-28 04:00:00,0.0,0.0
2024-06-28 05:00:00,0.0,0.0
2024-06-28 06:00:00,0.0,0.0
2024-06-28 07:00:00,0.0,0.0
2024-06-28 08:00:00,0.0,0.0
2024-06-28 09:00:00,0.0,0.0
2024-06-28 10:00:00,0.10892214667162103,0.10892214667162103
2024-06-28 11:00:00,0.48420815332299344,0.48420815332299344
2024-06-28 12:00:00,0.796623043264544,0.796623043264544
2024-06-28 13:00:00,1.4941054982781,1.4941054982781
2024-06-28 14:00:00,2.33694819973548,2.33694819973548
2024-06-28 15:00:00,2.9893147025600033,2.9893147025600033
2024-06-28 16:00:00,2.841644103733327,2.841644103733327
2024-06-28 17:00:00,2.9355719186565525,2.9355719186565525
2024-06-28 18:00:00,3.644873746348092,3.644873746348092
2024-06-28 19:00:00,3.885152164373513,3.885152164373513
2024-06-28 20:00:00,3.993328077740224,3.993328077740224
2024-06-28 21:00:00,4.375675039141846,4.375675039141846
2024-06-28 22:00:00,0.0,0.0
2024-06-28 23:00:00,0.0,0.0
2024-06-29 00:00:00,0.0,0.0
2024-06-29 01:00:00,0.0,0.0
2024-06-29 02:00:00,0.0,0.0
2024-06-29 03:00:00,0.0,0.0
2024-06-29 04:00:00,0.0,0.0
2024-06-29 05:00:00,0.0,0.0
2024-06-29 06:00:00,0.0,0.0
2024-06-29 07:00:00,0.0,0.0
2024-06-29 08:00:00,0.0,0.0
2024-06-29 09:00:00,0.0,0.0
2024-06-29 10:00:00,0.07792704525526206,0.07792704525526206
2024-06-29 11:00:00,0.32271181515330527,0.32271181515330527
2024-06-29 12:00:00,0.6166903366588686,0.6166903366588686
2024-06-29 13:00:00,0.840957637805288,0.840957637805288
2024-06-29 14:00:00,1.668925819164766,1.668925819164766
2024-06-29 15:00:00,2.265775607759499,2.265775607759499
2024-06-29 16:00:00,2.207232300420697,2.207232300420697
2024-06-29 17:00:00,2.616053716450522,2.616053716450522
2024-06-29 18:00:00,2.500818690102903,2.500818690102903
2024-06-29 19:00:00,2.5604528185348747,2.5604528185348747
2024-06-29 20:00:00,2.2494080313204234,2.2494080313204234
2024-06-29 21:00:00,2.554567245617791,2.554567245617791
2024-06-29 22:00:00,0.0,0.0
2024-06-29 23:00:00,0.0,0.0
2024-06-30 00:00:00,0.0,0.0
2024-06-30 01:00:00,0.0,0.0
2024-06-30 02:00:00,0.0,0.0
2024-06-30 03:00:00,0.0,0.0
2024-06-30 04:00:00,0.0,0.0
2024-06-30 05:00:00,0.0,0.0
2024-06-30 06:00:00,0.0,0.0
2024-06-30 07:00:00,0.0,0.0
2024-06-30 08:00:00,0.0,0.0
2024-06-30 09:00:00,0.0,0.0
2024-06-30 10:00:00,0.08508485758077373,0.08508485758077373
2024-06-30 11:00:00,0.30666964558263926,0.30666964558263926
2024-06-30 12:00:00,0.5995558914263206,0.5995558914263206
2024-06-30 13:00:00,0.8858328725285012,0.8858328725285012
2024-06-30 14:00:00,1.5545504607533798,1.5545504607533798
2024-06-30 15:00:00,1.9335346584551136,1.9335346584551136
2024-06-30 16:00:00,2.178825961030836,2.178825961030836
2024-06-30 17:00:00,1.9726386303671068,1.9726386303671068
2024-06-30 18:00:00,2.243048584166488,2.243048584166488
2024-06-30 19:00:00,2.6128092143371817,2.6128092143371817
2024-06-30 20:00:00,2.46036158285325,2.46036158285325
2024-06-30 21:00:00,2.6821670722276587,2.6821670722276587
2024-06-30 22:00:00,0.0,0.0
2024-06-30 23:00:00,0.0,0.0
2024-07-01 00:00:00,0.0,0.0
2024-07-01 01:00:00,0.0,0.0
2024-07-01 02:00:00,0.0,0.0
2024-07-01 03:00:00,0.0,0.0
2024-07-01 04:00:00,0.0,0.0
2024-07-01 05:00:00,0.0,0.0
2024-07-01 06:00:00,0.0,0.0
2024-07-01 07:00:00,0.0,0.0
2024-07-01 08:00:00,0.0,0.0
2024-07-01 09:00:00,0.0,0.0
2024-07-01 10:00:00,0.11316024229092678,0.11316024229092678
2024-07-01 11:00:00,0.4002573048099012,0.4002573048099012
2024-07-01 12:00:00,0.9274965549137842,0.9274965549137842
2024-07-01 13:00:00,1.3275936186281567,1.3275936186281567
2024-07-01 14:00:00,2.5840948119394445,2.5840948119394445
2024-07-01 15:00:00,3.082053387264833,3.082053387264833
2024-07-01 16:00:00,2.8774083636277257,2.8774083636277257
2024-07-01 17:00:00,3.5766263381313896,3.5766263381313896
2024-07-01 18:00:00,3.8470581420765293,3.8470581420765293
2024-07-01 19:00:00,4.505089837275389,4.505089837275389
2024-07-01 20:00:00,3.7085890558601746,3.7085890558601746
2024-07-01 21:00:00,4.432010882923231,4.432010882923231
2024-07-01 22:00:00,0.0,0.0
2024-07-01 23:00:00,0.0,0.0
2024-07-02 00:00:00,0.0,0.0
2024-07-02 01:00:00,0.0,0.0
2024-07-02 02:00:00,0.0,0.0
2024-07-02 03:00:00,0.0,0.0
2024-07-02 04:00:00,0.0,0.0
2024-07-02 05:00:00,0.0,0.0
2024-07-02 06:00:00,0.0,0.0
2024-07-02 07:00:00,0.0,0.0
2024-07-02 08:00:00,0.0,0.0
2024-07-02 09:00:00,0.0,0.0
2024-07-02 10:00:00,0.09719054189937776,0.09719054189937776
2024-07-02 11:00:00,0.36745206376007683,0.36745206376007683
2024-07-02 12:00:00,0.8876150213419054,0.8876150213419054
2024-07-02 13:00:00,1.3968079355766356,1.3968079355766356
2024-07-02 14:00:00,2.0501262891211023,2.0501262891211023
2024-07-02 15:00:00,2.874705734950081,2.874705734950081
2024-07-02 16:00:00,3.1221254154190614,3.1221254154190614
2024-07-02 17:00:00,3.3764177323127775,3.3764177323127775
2024-07-02 18:00:00,3.26248500914713,3.26248500914713
2024-07-02 19:00:00,3.2025686542922136,3.2025686542922136
2024-07-02 20:00:00,3.6800996055854647,3.6800996055854647
2024-07-02 21:00:00,3.7404059338620144,3.7404059338620144
2024-07-02 22:00:00,0.0,0.0
2024-07-02 23:00:00,0.0,0.0
2024-07-03 00:00:00,0.0,0.0
2024-07-03 01:00:00,0.0,0.0
2024-07-03 02:00:00,0.0,0.0
2024-07-03 03:00:00,0.0,0.0
2024-07-03 04:00:00,0.0,0.0
2024-07-03 05:00:00,0.0,0.0
2024-07-03 06:00:00,0.0,0.0
2024-07-03 07:00:00,0.0,0.0
2024-07-03 08:00:00,0.0,0.0
2024-07-03 09:00:00,0.0,0.0
2024-07-03 10:00:00,0.11069091148397832,0.11069091148397832
2024-07-03 11:00:00,0.4481582537780456,0.4481582537780456
2024-07-03 12:00:00,0.736636862154762,0.736636862154762
2024-07-03 13:00:00,1.2404182319376895,1.2404182319376895
2024-07-03 14:00:00,2.0111485544908447,2.0111485544908447
2024-07-03 15:00:00,2.376660367899755,2.376660367899755
2024-07-03 16:00:00,2.440530138897897,2.440530138897897
2024-07-03 17:00:00,2.8295111126857764,2.8295111126857764
2024-07-03 18:00:00,3.533848993470656,3.533848993470656
2024-07-03 19:00:00,3.329757550711093,3.329757550711093
2024-07-03 20:00:00,3.7015674308886855,3.7015674308886855
2024-07-03 21:00:00,3.9648132561050926,3.9648132561050926
2024-07-03 22:00:00,0.0,0.0
2024-07-03 23:00:00,0.0,0.0
2024-07-04 00:00:00,0.0,0.0
2024-07-04 01:00:00,0.0,0.0
2024-07-04 02:00:00,0.0,0.0
2024-07-04 03:00:00,0.0,0.0
2024-07-04 04:00:00,0.0,0.0
2024-07-04 05:00:00,0.0,0.0
2024-07-04 06:00:00,0.0,0.0
2024-07-04 07:00:00,0.0,0.0
2024-07-04 08:00:00,0.0,0.0
2024-07-04 09:00:00,0.0,0.0
2024-07-04 10:00:00,0.10090215836226854,0.10090215836226854
2024-07-04 11:00:00,0.4691100153599614,0.4691100153599614
2024-07-04 12:00:00,0.8945299178332811,0.8945299178332811
2024-07-04 13:00:00,1.1955589688978496,1.1955589688978496
2024-07-04 14:00:00,2.1982369445815824,2.1982369445815824
2024-07-04 15:00:00,3.0685326519003686,3.0685326519003686
2024-07-04 16:00:00,2.584080354996284,2.584080354996284
2024-07-04 17:00:00,3.7745440494291387,3.7745440494291387
2024-07-04 18:00:00,3.326998755539965,3.326998755539965
2024-07-04 19:00:00,3.6557601711934553,3.6557601711934553
2024-07-04 20:00:00,3.764859566298964,3.764859566298964
2024-07-04 21:00:00,3.8782186965518792,3.8782186965518792
2024-07-04 22:00:00,0.0,0.0
2024-07-04 23:00:00,0.0,0.0
2024-07-05 00:00:00,0.0,0.0
2024-07-05 01:00:00,0.0,0.0
2024-07-05 02:00:00,0.0,0.0
2024-07-05 03:00:00,0.0,0.0
2024-07-05 04:00:00,0.0,0.0
2024-07-05 05:00:00,0.0,0.0
2024-07-05 06:00:00,0.0,0.0
2024-07-05 07:00:00,0.0,0.0
2024-07-05 08:00:00,0.0,0.0
2024-07-05 09:00:00,0.0,0.0
2024-07-05 10:00:00,0.1231001390111205,0.1231001390111205
2024-07-05 11:00:00,0.42543018217085643,0.42543018217085643
2024-07-05 12:00:00,0.8109470746778404,0.8109470746778404
2024-07-05 13:00:00,1.2497531754905962,1.2497531754905962
2024-07-05 14:00:00,1.8981623135664785,1.8981623135664785
2024-07-05 15:00:00,2.5446834235289826,2.5446834235289826
2024-07-05 16:00:00,2.9428054040892726,2.9428054040892726
2024-07-05 17:00:00,3.119690969152401,3.119690969152401
2024-07-05 18:00:00,3.0151192333111636,3.0151192333111636
2024-07-05 19:00:00,3.2552178985400193,3.2552178985400193
2024-07-05 20:00:00,2.718317814033161,2.718317814033161
2024-07-05 21:00:00,4.062165547797009,4.062165547797009
2024-07-05 22:00:00,0.0,0.0
2024-07-05 23:00:00,0.0,0.0
2024-07-06 00:00:00,0.0,0.0
2024-07-06 01:00:00,0.0,0.0
2024-07-06 02:00:00,0.0,0.0
2024-07-06 03:00:00,0.0,0.0
2024-07-06 04:00:00,0.0,0.0
2024-07-06 05:00:00,0.0,0.0
2024-07-06 06:00:00,0.0,0.0
2024-07-06 07:00:00,0.0,0.0
2024-07-06 08:00:00,0.0,0.0
2024-07-06 09:00:00,0.0,0.0
2024-07-06 10:00:00,0.07356110715378254,0.07356110715378254
2024-07-06 11:00:00,0.2998729126624357,0.2998729126624357
2024-07-06 12:00:00,0.5393829170189368,0.5393829170189368
2024-07-06 13:00:00,0.8586952813577334,0.8586952813577334
2024-07-06 14:00:00,1.658958394158364,1.658958394158364
2024-07-06 15:00:00,1.7813216455296454,1.7813216455296454
2024-07-06 16:00:00,2.1278166335309123,2.1278166335309123
2024-07-06 17:00:00,2.4406532927374704,2.4406532927374704
2024-07-06 18:00:00,2.4291852441515833,2.4291852441515833
2024-07-06 19:00:00,2.52744050680939,2.52744050680939
2024-07-06 20:00:00,1.9888017861175962,1.9888017861175962
2024-07-06 21:00:00,2.2045670771549633,2.2045670771549633
2024-07-06 22:00:00,0.0,0.0
2024-07-06 23:00:00,0.0,0.0
2024-07-07 00:00:00,0.0,0.0
2024-07-07 01:00:00,0.0,0.0
2024-07-07 02:00:00,0.0,0.0
2024-07-07 03:00:00,0.0,0.0
2024-07-07 04:00:00,0.0,0.0
2024-07-07 05:00:00,0.0,0.0
2024-07-07 06:00:00,0.0,0.0
2024-07-07 07:00:00,0.0,0.0
2024-07-07 08:00:00,0.0,0.0
2024-07-07 09:00:00,0.0,0.0
2024-07-07 10:00:00,0.07459587420032611,0.07459587420032611
2024-07-07 11:00:00,0.29959247718014625,0.29959247718014625
2024-07-07 12:00:00,0.5395575831199707,0.5395575831199707
2024-07-07 13:00:00,0.9323682730745421,0.9323682730745421
2024-07-07 14:00:00,1.431220538719135,1.431220538719135
2024-07-07 15:00:00,1.991224389858832,1.991224389858832
2024-07-07 16:00:00,1.9117378123192883,1.9117378123192883
2024-07-07 17:00:00,2.2365225690946113,2.2365225690946113
2024-07-07 18:00:00,2.262445301409762,2.262445301409762
2024-07-07 19:00:00,2.231823628307652,2.231823628307652
2024-07-07 20:00:00,2.5226642693691925,2.5226642693691925
2024-07-07 21:00:00,2.730901293439106,2.730901293439106
2024-07-07 22:00:00,0.0,0.0
2024-07-07 23:00:00,0.0,0.0
2024-07-08 00:00:00,0.0,0.0
2024-07-08 01:00:00,0.0,0.0
2024-07-08 02:00:00,0.0,0.0
2024-07-08 03:00:00,0.0,0.0
2024-07-08 04:00:00,0.0,0.0
2024-07-08 05:00:00,0.0,0.0
2024-07-08 06:00:00,0.0,0.0
2024-07-08 07:00:00,0.0,0.0
2024-07-08 08:00:00,0.0,0.0
2024-07-08 09:00:00,0.0,0.0
2024-07-08 10:00:00,0.10164474594354073,0.10164474594354073
2024-07-08 11:00:00,0.42505615149760445,0.42505615149760445
2024-07-08 12:00:00,0.707317714080117,0.707317714080117
2024-07-08 13:00:00,1.316375824101439,1.316375824101439
2024-07-08 14:00:00,2.4211039525239815,2.4211039525239815
2024-07-08 15:00:00,2.901867603464253,2.901867603464253
2024-07-08 16:00:00,3.1829482136422285,3.1829482136422285
2024-07-08 17:00:00,3.3337332645008377,3.3337332645008377
2024-07-08 18:00:00,3.121658078347868,3.121658078347868
2024-07-08 19:00:00,4.168571887123685,4.168571887123685
2024-07-08 20:00:00,3.407662452954135,3.407662452954135
2024-07-08 21:00:00,4.352471812071004,4.352471812071004
2024-07-08 22:00:00,0.0,0.0
2024-07-08 23:00:00,0.0,0.0
2024-07-09 00:00:00,0.0,0.0
2024-07-09 01:00:00,0.0,0.0
2024-07-09 02:00:00,0.0,0.0
2024-07-09 03:00:00,0.0,0.0
2024-07-09 04:00:00,0.0,0.0
2024-07-09 05:00:00,0.0,0.0
2024-07-09 06:00:00,0.0,0.0
2024-07-09 07:00:00,0.0,0.0
2024-07-09 08:00:00,0.0,0.0
2024-07-09 09:00:00,0.0,0.0
2024-07-09 10:00:00,0.1212636211268706,0.1212636211268706
2024-07-09 11:00:00,0.437970133104059,0.437970133104059
2024-07-09 12:00:00,0.989075905672313,0.989075905672313
2024-07-09 13:00:00,1.6364464245292922,1.6364464245292922
2024-07-09 14:00:00,2.247673374003514,2.247673374003514
2024-07-09 15:00:00,2.942400188299061,2.942400188299061
2024-07-09 16:00:00,2.79883778664829,2.79883778664829
2024-07-09 17:00:00,3.8944843256070776,3.8944843256070776
2024-07-09 18:00:00,3.675088042396971,3.675088042396971
2024-07-09 19:00:00,3.626839090598644,3.626839090598644
2024-07-09 20:00:00,3.9793254026173543,3.9793254026173543
2024-07-09 21:00:00,4.08103784439118,4.08103784439118
2024-07-09 22:00:00,0.0,0.0
2024-07-09 23:00:00,0.0,0.0
2024-07-10 00:00:00,0.0,0.0
2024-07-10 01:00:00,0.0,0.0
2024-07-10 02:00:00,0.0,0.0
2024-07-10 03:00:00,0.0,0.0
2024-07-10 04:00:00,0.0,0.0
2024-07-10 05:00:00,0.0,0.0
2024-07-10 06:00:00,0.0,0.0
2024-07-10 07:00:00,0.0,0.0
2024-07-10 08:00:00,0.0,0.0
2024-07-10 09:00:00,0.0,0.0
2024-07-10 10:00:00,0.11183745410435057,0.11183745410435057
2024-07-10 11:00:00,0.3996025505292884,0.3996025505292884
2024-07-10 12:00:00,0.8108108597448324,0.8108108597448324
2024-07-10 13:00:00,1.4969367429850462,1.4969367429850462
2024-07-10 14:00:00,2.5118112050691574,2.5118112050691574
2024-07-10 15:00:00,3.128556631462509,3.128556631462509
2024-07-10 16:00:00,3.3097433957482028,3.3097433957482028
2024-07-10 17:00:00,3.735360497907952,3.735360497907952
2024-07-10 18:00:00,3.334446658613027,3.334446658613027
2024-07-10 19:00:00,3.8402811225120157,3.8402811225120157
2024-07-10 20:00:00,3.8168335401466478,3.8168335401466478
2024-07-10 21:00:00,3.8907342316225355,3.8907342316225355
2024-07-10 22:00:00,0.0,0.0
2024-07-10 23:00:00,0.0,0.0
2024-07-11 00:00:00,0.0,0.0
2024-07-11 01:00:00,0.0,0.0
2024-07-11 02:00:00,0.0,0.0
2024-07-11 03:00:00,0.0,0.0
2024-07-11 04:00:00,0.0,0.0
2024-07-11 05:00:00,0.0,0.0
2024-07-11 06:00:00,0.0,0.0
2024-07-11 07:00:00,0.0,0.0
2024-07-11 08:00:00,0.0,0.0
2024-07-11 09:00:00,0.0,0.0
2024-07-11 10:00:00,0.11694228875832009,0.11694228875832009
2024-07-11 11:00:00,0.3791703746567021,0.3791703746567021
2024-07-11 12:00:00,0.7640513564746494,0.7640513564746494
2024-07-11 13:00:00,1.5705704668271852,1.5705704668271852
2024-07-11 14:00:00,2.144610346732548,2.144610346732548
2024-07-11 15:00:00,2.63151911176422,2.63151911176422
2024-07-11 16:00:00,2.899676198055682,2.899676198055682
2024-07-11 17:00:00,3.0052698187929634,3.0052698187929634
2024-07-11 18:00:00,2.897651931256642,2.897651931256642
2024-07-11 19:00:00,4.2574765053738926,4.2574765053738926
2024-07-11 20:00:00,2.979826824116365,2.979826824116365
2024-07-11 21:00:00,3.9596304918438427,3.9596304918438427
2024-07-11 22:00:00,0.0,0.0
2024-07-11 23:00:00,0.0,0.0
2024-07-12 00:00:00,0.0,0.0
2024-07-12 01:00:00,0.0,0.0
2024-07-12 02:00:00,0.0,0.0
2024-07-12 03:00:00,0.0,0.0
2024-07-12 04:00:00,0.0,0.0
2024-07-12 05:00:00,0.0,0.0
2024-07-12 06:00:00,0.0,0.0
2024-07-12 07:00:00,0.0,0.0
2024-07-12 08:00:00,0.0,0.0
2024-07-12 09:00:00,0.0,0.0
2024-07-12 10:00:00,0.1399972830643829,0.1399972830643829
2024-07-12 11:00:00,0.5347781286226299,0.5347781286226299
2024-07-12 12:00:00,1.0092401356346032,1.0092401356346032
2024-07-12 13:00:00,1.5810980158467964,1.5810980158467964
2024-07-12 14:00:00,2.4319843649694377,2.4319843649694377
2024-07-12 15:00:00,3.263207251167899,3.263207251167899
2024-07-12 16:00:00,2.970731549597439,2.970731549597439
2024-07-12 17:00:00,3.186144274575254,3.186144274575254
2024-07-12 18:00:00,3.9618132624048403,3.9618132624048403
2024-07-12 19:00:00,4.010077212704923,4.010077212704923
2024-07-12 20:00:00,4.263464112077678,4.263464112077678
2024-07-12 21:00:00,4.544453236287253,4.544453236287253
2024-07-12 22:00:00,0.0,0.0
2024-07-12 23:00:00,0.0,0.0
2024-07-13 00:00:00,0.0,0.0
2024-07-13 01:00:00,0.0,0.0
2024-07-13 02:00:00,0.0,0.0
2024-07-13 03:00:00,0.0,0.0
2024-07-13 04:00:00,0.0,0.0
2024-07-13 05:00:00,0.0,0.0
2024-07-13 06:00:00,0.0,0.0
2024-07-13 07:00:00,0.0,0.0
2024-07-13 08:00:00,0.0,0.0
2024-07-13 09:00:00,0.0,0.0
2024-07-13 10:00:00,0.08041122439529813,0.08041122439529813
2024-07-13 11:00:00,0.3058537037204484,0.3058537037204484
2024-07-13 12:00:00,0.533090320690452,0.533090320690452
2024-07-13 13:00:00,1.0291015976812823,1.0291015976812823
2024-07-13 14:00:00,1.3229769238949634,1.3229769238949634
2024-07-13 15:00:00,2.0430867537330943,2.0430867537330943
2024-07-13 16:00:00,1.880655806205282,1.880655806205282
2024-07-13 17:00:00,2.026370888510119,2.026370888510119
2024-07-13 18:00:00,2.0634532762661992,2.0634532762661992
2024-07-13 19:00:00,2.583283291923061,2.583283291923061
2024-07-13 20:00:00,2.4231258848895645,2.4231258848895645
2024-07-13 21:00:00,2.830107781539648,2.830107781539648
2024-07-13 22:00:00,0.0,0.0
2024-07-13 23:00:00,0.0,0.0
2024-07-14 00:00:00,0.0,0.0
2024-07-14 01:00:00,0.0,0.0
2024-07-14 02:00:00,0.0,0.0
2024-07-14 03:00:00,0.0,0.0
2024-07-14 04:00:00,0.0,0.0
2024-07-14 05:00:00,0.0,0.0
2024-07-14 06:00:00,0.0,0.0
2024-07-14 07:00:00,0.0,0.0
2024-07-14 08:00:00,0.0,0.0
2024-07-14 09:00:00,0.0,0.0
2024-07-14 10:00:00,0.07270396556038691,0.07270396556038691
2024-07-14 11:00:00,0.26621970553559604,0.26621970553559604
2024-07-14 12:00:00,0.6983394784630739,0.6983394784630739
2024-07-14 13:00:00,1.1474667520539736,1.1474667520539736
2024-07-14 14:00:00,1.4956624431679366,1.4956624431679366
2024-07-14 15:00:00,2.3706329746729735,2.3706329746729735
2024-07-14 16:00:00,2.389827588553297,2.389827588553297
2024-07-14 17:00:00,2.091435749441682,2.091435749441682
2024-07-14 18:00:00,2.1490202499385447,2.1490202499385447
2024-07-14 19:00:00,2.9011502526761874,2.9011502526761874
2024-07-14 20:00:00,2.5288843258720064,2.5288843258720064
2024-07-14 21:00:00,2.7083419016954924,2.7083419016954924
2024-07-14 22:00:00,0.0,0.0
2024-07-14 23:00:00,0.0,0.0
2024-07-15 00:00:00,0.0,0.0
2024-07-15 01:00:00,0.0,0.0
2024-07-15 02:00:00,0.0,0.0
2024-07-15 03:00:00,0.0,0.0
2024-07-15 04:00:00,0.0,0.0
2024-07-15 05:00:00,0.0,0.0
2024-07-15 06:00:00,0.0,0.0
2024-07-15 07:00:00,0.0,0.0
2024-07-15 08:00:00,0.0,0.0
2024-07-15 09:00:00,0.0,0.0
2024-07-15 10:00:00,0.12274397131285156,0.12274397131285156
2024-07-15 11:00:00,0.4680616779891346,0.4680616779891346
2024-07-15 12:00:00,0.8765238941894083,0.8765238941894083
2024-07-15 13:00:00,1.5305953638545895,1.5305953638545895
2024-07-15 14:00:00,2.1337038135575,2.1337038135575
2024-07-15 15:00:00,2.7406880115726344,2.7406880115726344
2024-07-15 16:00:00,3.2917723503563345,3.2917723503563345
2024-07-15 17:00:00,3.673557958224348,3.673557958224348
2024-07-15 18:00:00,3.6551913771007123,3.6551913771007123
2024-07-15 19:00:00,3.811643934640547,3.811643934640547
2024-07-15 20:00:00,3.5395371275312972,3.5395371275312972
2024-07-15 21:00:00,4.086290132784278,4.086290132784278
2024-07-15 22:00:00,0.0,0.0
2024-07-15 23:00:00,0.0,0.0
2024-07-16 00:00:00,0.0,0.0
2024-07-16 01:00:00,0.0,0.0
2024-07-16 02:00:00,0.0,0.0
2024-07-16 03:00:00,0.0,0.0
2024-07-16 04:00:00,0.0,0.0
2024-07-16 05:00:00,0.0,0.0
2024-07-16 06:00:00,0.0,0.0
2024-07-16 07:00:00,0.0,0.0
2024-07-16 08:00:00,0.0,0.0
2024-07-16 09:00:00,0.0,0.0
2024-07-16 10:00:00,0.13399910400865134,0.13399910400865134
2024-07-16 11:00:00,0.47169219222636777,0.47169219222636777
2024-07-16 12:00:00,0.9590341689635431,0.9590341689635431
2024-07-16 13:00:00,1.3613141411470118,1.3613141411470118
2024-07-16 14:00:00,2.6872526593345376,2.6872526593345376
2024-07-16 15:00:00,3.5583669405696767,3.5583669405696767
2024-07-16 16:00:00,3.0816592137871033,3.0816592137871033
2024-07-16 17:00:00,3.4560641968923496,3.4560641968923496
2024-07-16 18:00:00,3.8308456760723346,3.8308456760723346
2024-07-16 19:00:00,4.181235297532331,4.181235297532331
2024-07-16 20:00:00,3.7211698107177535,3.7211698107177535
2024-07-16 21:00:00,4.18393964087505,4.18393964087505
2024-07-16 22:00:00,0.0,0.0
2024-07-16 23:00:00,0.0,0.0
2024-07-17 00:00:00,0.0,0.0
2024-07-17 01:00:00,0.0,0.0
2024-07-17 02:00:00,0.0,0.0
2024-07-17 03:00:00,0.0,0.0
2024-07-17 04:00:00,0.0,0.0
2024-07-17 05:00:00,0.0,0.0
2024-07-17 06:00:00,0.0,0.0
2024-07-17 07:00:00,0.0,0.0
2024-07-17 08:00:00,0.0,0.0
2024-07-17 09:00:00,0.0,0.0
2024-07-17 10:00:00,0.10804766444236903,0.10804766444236903
2024-07-17 11:00:00,0.512623826625641,0.512623826625641
2024-07-17 12:00:00,0.7884255286890037,0.7884255286890037
2024-07-17 13:00:00,1.5206176571954266,1.5206176571954266
2024-07-17 14:00:00,2.541989290974392,2.541989290974392
2024-07-17 15:00:00,2.8619405577059105,2.8619405577059105
2024-07-17 16:00:00,2.809102431748719,2.809102431748719
2024-07-17 17:00:00,3.5693926028446485,3.5693926028446485
2024-07-17 18:00:00,3.065933373598382,3.065933373598382
2024-07-17 19:00:00,4.359529059061752,4.359529059061752
2024-07-17 20:00:00,3.7293288015216213,3.7293288015216213
2024-07-17 21:00:00,3.7182601377640783,3.7182601377640783
2024-07-17 22:00:00,0.0,0.0
2024-07-17 23:00:00,0.0,0.0
2024-07-18 00:00:00,0.0,0.0
2024-07-18 01:00:00,0.0,0.0
2024-07-18 02:00:00,0.0,0.0
2024-07-18 03:00:00,0.0,0.0
2024-07-18 04:00:00,0.0,0.0
2024-07-18 05:00:00,0.0,0.0
2024-07-18 06:00:00,0.0,0.0
2024-07-18 07:00:00,0.0,0.0
2024-07-18 08:00:00,0.0,0.0
2024-07-18 09:00:00,0.0,0.0
2024-07-18 10:00:00,0.10766823868758697,0.10766823868758697
2024-07-18 11:00:00,0.3549667907323414,0.3549667907323414
2024-07-18 12:00:00,0.8018254608511518,0.8018254608511518
2024-07-18 13:00:00,1.4458329451531127,1.4458329451531127
2024-07-18 14:00:00,1.9738025071452352,1.9738025071452352
2024-07-18 15:00:00,2.9447912773803644,2.9447912773803644
2024-07-18 16:00:00,2.6799392217432634,2.6799392217432634
2024-07-18 17:00:00,3.1322657628551536,3.1322657628551536
2024-07-18 18:00:00,3.2977741654747157,3.2977741654747157
2024-07-18 19:00:00,3.7116208760565743,3.7116208760565743
2024-07-18 20:00:00,3.326659737203227,3.326659737203227
2024-07-18 21:00:00,3.219251794787009,3.219251794787009
2024-07-18 22:00:00,0.0,0.0
2024-07-18 23:00:00,0.0,0.0
2024-07-19 00:00:00,0.0,0.0
2024-07-19 01:00:00,0.0,0.0
2024-07-19 02:00:00,0.0,0.0
2024-07-19 03:00:00,0.0,0.0
2024-07-19 04:00:00,0.0,0.0
2024-07-19 05:00:00,0.0,0.0
2024-07-19 06:00:00,0.0,0.0
2024-07-19 07:00:00,0.0,0.0
2024-07-19 08:00:00,0.0,0.0
2024-07-19 09:00:00,0.0,0.0
2024-07-19 10:00:00,0.11522903475462656,0.11522903475462656
2024-07-19 11:00:00,0.3874767777435673,0.3874767777435673
2024-07-19 12:00:00,0.8756999248297227,0.8756999248297227
2024-07-19 13:00:00,1.44275842085966,1.44275842085966
2024-07-19 14:00:00,2.0488392747559283,2.0488392747559283
2024-07-19 15:00:00,2.6974169556525873,2.6974169556525873
2024-07-19 16:00:00,2.8416184763695886,2.8416184763695886
2024-07-19 17:00:00,4.001919722279879,4.001919722279879
2024-07-19 18:00:00,3.0856646320570076,3.0856646320570076
2024-07-19 19:00:00,4.245717451447748,4.245717451447748
2024-07-19 20:00:00,4.057894365976695,4.057894365976695
2024-07-19 21:00:00,4.433834112064645,4.433834112064645
2024-07-19 22:00:00,0.0,0.0
2024-07-19 23:00:00,0.0,0.0
2024-07-20 00:00:00,0.0,0.0
2024-07-20 01:00:00,0.0,0.0
2024-07-20 02:00:00,0.0,0.0
2024-07-20 03:00:00,0.0,0.0
2024-07-20 04:00:00,0.0,0.0
2024-07-20 05:00:00,0.0,0.0
2024-07-20 06:00:00,0.0,0.0
2024-07-20 07:00:00,0.0,0.0
2024-07-20 08:00:00,0.0,0.0
2024-07-20 09:00:00,0.0,0.0
2024-07-20 10:00:00,0.07250377134927662,0.07250377134927662
2024-07-20 11:00:00,0.32089794764047574,0.32089794764047574
2024-07-20 12:00:00,0.5907216366808921,0.5907216366808921
2024-07-20 13:00:00,1.1036672393945612,1.1036672393945612
2024-07-20 14:00:00,1.3419938923396304,1.3419938923396304
2024-07-20 15:00:00,1.7738418883561755,1.7738418883561755
2024-07-20 16:00:00,2.121123815924424,2.121123815924424
2024-07-20 17:00:00,2.129539525882196,2.129539525882196
2024-07-20 18:00:00,2.154499006174723,2.154499006174723
2024-07-20 19:00:00,2.7688933391839243,2.7688933391839243
2024-07-20 20:00:00,2.4693670837716346,2.4693670837716346
2024-07-20 21:00:00,2.3332489962567267,2.3332489962567267
2024-07-20 22:00:00,0.0,0.0
2024-07-20 23:00:00,0.0,0.0
2024-07-21 00:00:00,0.0,0.0
2024-07-21 01:00:00,0.0,0.0
2024-07-21 02:00:00,0.0,0.0
2024-07-21 03:00:00,0.0,0.0
2024-07-21 04:00:00,0.0,0.0
2024-07-21 05:00:00,0.0,0.0
2024-07-21 06:00:00,0.0,0.0
2024-07-21 07:00:00,0.0,0.0
2024-07-21 08:00:00,0.0,0.0
2024-07-21 09:00:00,0.0,0.0
2024-07-21 10:00:00,0.08242601328586413,0.08242601328586413
2024-07-21 11:00:00,0.28004369969666304,0.28004369969666304
2024-07-21 12:00:00,0.5540473385780837,0.5540473385780837
2024-07-21 13:00:00,0.9269663066757113,0.9269663066757113
2024-07-21 14:00:00,1.4371241556882952,1.4371241556882952
2024-07-21 15:00:00,1.9091482834558886,1.9091482834558886
2024-07-21 16:00:00,2.1037767384584987,2.1037767384584987
2024-07-21 17:00:00,2.153602608670081,2.153602608670081
2024-07-21 18:00:00,2.1652367946810367,2.1652367946810367
2024-07-21 19:00:00,2.6364656877386414,2.6364656877386414
2024-07-21 20:00:00,2.2555353249346717,2.2555353249346717
2024-07-21 21:00:00,2.6130227926629246,2.6130227926629246
2024-07-21 22:00:00,0.0,0.0
2024-07-21 23:00:00,0.0,0.0
2024-07-22 00:00:00,0.0,0.0
2024-07-22 01:00:00,0.0,0.0
2024-07-22 02:00:00,0.0,0.0
2024-07-22 03:00:00,0.0,0.0
2024-07-22 04:00:00,0.0,0.0
2024-07-22 05:00:00,0.0,0.0
2024-07-22 06:00:00,0.0,0.0
2024-07-22 07:00:00,0.0,0.0
2024-07-22 08:00:00,0.0,0.0
2024-07-22 09:00:00,0.0,0.0
2024-07-22 10:00:00,0.09630933788968013,0.09630933788968013
2024-07-22 11:00:00,0.45664131607422526,0.45664131607422526
2024-07-22 12:00:00,0.8983435091611865,0.8983435091611865
2024-07-22 13:00:00,1.3641690270597302,1.3641690270597302
2024-07-22 14:00:00,1.7456733281369639,1.7456733281369639
2024-07-22 15:00:00,2.8313318542755654,2.8313318542755654
2024-07-22 16:00:00,3.1117163853801317,3.1117163853801317
2024-07-22 17:00:00,2.763919090414205,2.763919090414205
2024-07-22 18:00:00,3.358104202294027,3.358104202294027
2024-07-22 19:00:00,3.3359579374499826,3.3359579374499826
2024-07-22 20:00:00,3.049895009901766,3.049895009901766
2024-07-22 21:00:00,3.4776962858934817,3.4776962858934817
2024-07-22 22:00:00,0.0,0.0
2024-07-22 23:00:00,0.0,0.0
2024-07-23 00:00:00,0.0,0.0
2024-07-23 01:00:00,0.0,0.0
2024-07-23 02:00:00,0.0,0.0
2024-07-23 03:00:00,0.0,0.0
2024-07-23 04:00:00,0.0,0.0
2024-07-23 05:00:00,0.0,0.0
2024-07-23 06:00:00,0.0,0.0
2024-07-23 07:00:00,0.0,0.0
2024-07-23 08:00:00,0.0,0.0
2024-07-23 09:00:00,0.0,0.0
2024-07-23 10:00:00,0.11925417373775857,0.11925417373775857
2024-07-23 11:00:00,0.46950839281979256,0.46950839281979256
2024-07-23 12:00:00,1.019371031317316,1.019371031317316
2024-07-23 13:00:00,1.462418238113113,1.462418238113113
2024-07-23 14:00:00,2.62962453599443,2.62962453599443
2024-07-23 15:00:00,2.9497027155864264,2.9497027155864264
2024-07-23 16:00:00,3.0631026618841637,3.0631026618841637
2024-07-23 17:00:00,4.060314112970246,4.060314112970246
2024-07-23 18:00:00,3.86684412822048,3.86684412822048
2024-07-23 19:00:00,4.081026200883044,4.081026200883044
2024-07-23 20:00:00,4.077177018012813,4.077177018012813
2024-07-23 21:00:00,4.355669098229804,4.355669098229804
2024-07-23 22:00:00,0.0,0.0
2024-07-23 23:00:00,0.0,0.0
2024-07-24 00:00:00,0.0,0.0
2024-07-24 01:00:00,0.0,0.0
2024-07-24 02:00:00,0.0,0.0
2024-07-24 03:00:00,0.0,0.0
2024-07-24 04:00:00,0.0,0.0
2024-07-24 05:00:00,0.0,0.0
2024-07-24 06:00:00,0.0,0.0
2024-07-24 07:00:00,0.0,0.0
2024-07-24 08:00:00,0.0,0.0
2024-07-24 09:00:00,0.0,0.0
2024-07-24 10:00:00,0.13913107980465023,0.13913107980465023
2024-07-24 11:00:00,0.5175119201567241,0.5175119201567241
2024-07-24 12:00:00,0.9335131270549155,0.9335131270549155
2024-07-24 13:00:00,1.4804089399844422,1.4804089399844422
2024-07-24 14:00:00,2.0577918184668933,2.0577918184668933
2024-07-24 15:00:00,3.3258470473634727,3.3258470473634727
2024-07-24 16:00:00,3.0089460003156288,3.0089460003156288
2024-07-24 17:00:00,3.2390208544289734,3.2390208544289734
2024-07-24 18:00:00,3.6775991887022808,3.6775991887022808
2024-07-24 19:00:00,3.9500347056026337,3.9500347056026337
2024-07-24 20:00:00,3.596039079139696,3.596039079139696
2024-07-24 21:00:00,3.9115270703778444,3.9115270703778444
2024-07-24 22:00:00,0.0,0.0
2024-07-24 23:00:00,0.0,0.0
2024-07-25 00:00:00,0.0,0.0
2024-07-25 01:00:00,0.0,0.0
2024-07-25 02:00:00,0.0,0.0
2024-07-25 03:00:00,0.0,0.0
2024-07-25 04:00:00,0.0,0.0
2024-07-25 05:00:00,0.0,0.0
2024-07-25 06:00:00,0.0,0.0
2024-07-25 07:00:00,0.0,0.0
2024-07-25 08:00:00,0.0,0.0
2024-07-25 09:00:00,0.0,0.0
2024-07-25 10:00:00,0.109612488150316,0.109612488150316
2024-07-25 11:00:00,0.47354903357902606,0.47354903357902606
2024-07-25 12:00:00,0.9001536830920965,0.9001536830920965
2024-07-25 13:00:00,1.3211729177923635,1.3211729177923635
2024-07-25 14:00:00,2.3441079293014697,2.3441079293014697
2024-07-25 15:00:00,2.5945462546336726,2.5945462546336726
2024-07-25 16:00:00,2.5903412874351366,2.5903412874351366
2024-07-25 17:00:00,3.145184756578647,3.145184756578647
2024-07-25 18:00:00,2.9895192936967554,2.9895192936967554
2024-07-25 19:00:00,4.011805968682951,4.011805968682951
2024-07-25 20:00:00,3.4776266016179287,3.4776266016179287
2024-07-25 21:00:00,4.153339255093472,4.153339255093472
2024-07-25 22:00:00,0.0,0.0
2024-07-25 23:00:00,0.0,0.0
2024-07-26 00:00:00,0.0,0.0
2024-07-26 01:00:00,0.0,0.0
2024-07-26 02:00:00,0.0,0.0
2024-07-26 03:00:00,0.0,0.0
2024-07-26 04:00:00,0.0,0.0
2024-07-26 05:00:00,0.0,0.0
2024-07-26 06:00:00,0.0,0.0
2024-07-26 07:00:00,0.0,0.0
2024-07-26 08:00:00,0.0,0.0
2024-07-26 09:00:00,0.0,0.0
2024-07-26 10:00:00,0.10549577445020099,0.10549577445020099
2024-07-26 11:00:00,0.4794620607364372,0.4794620607364372
2024-07-26 12:00:00,0.7194382627635806,0.7194382627635806
2024-07-26 13:00:00,1.514871230892897,1.514871230892897
2024-07-26 14:00:00,2.4022655466373384,2.4022655466373384
2024-07-26 15:00:00,2.9646764894556807,2.9646764894556807
2024-07-26 16:00:00,3.2974619133332403,3.2974619133332403
2024-07-26 17:00:00,3.783107098803206,3.783107098803206
2024-07-26 18:00:00,3.4808295881494384,3.4808295881494384
2024-07-26 19:00:00,3.6204417155189885,3.6204417155189885
2024-07-26 20:00:00,3.5407224438030425,3.5407224438030425
2024-07-26 21:00:00,3.7408282092995226,3.7408282092995226
2024-07-26 22:00:00,0.0,0.0
2024-07-26 23:00:00,0.0,0.0
2024-07-27 00:00:00,0.0,0.0
2024-07-27 01:00:00,0.0,0.0
2024-07-27 02:00:00,0.0,0.0
2024-07-27 03:00:00,0.0,0.0
2024-07-27 04:00:00,0.0,0.0
2024-07-27 05:00:00,0.0,0.0
2024-07-27 06:00:00,0.0,0.0
2024-07-27 07:00:00,0.0,0.0
2024-07-27 08:00:00,0.0,0.0
2024-07-27 09:00:00,0.0,0.0
2024-07-27 10:00:00,0.06761677347578618,0.06761677347578618
2024-07-27 11:00:00,0.24982168784669237,0.24982168784669237
2024-07-27 12:00:00,0.634586453699888,0.634586453699888
2024-07-27 13:00:00,0.7948068086240535,0.7948068086240535
2024-07-27 14:00:00,1.4764976368935387,1.4764976368935387
2024-07-27 15:00:00,2.07591931263756,2.07591931263756
2024-07-27 16:00:00,2.0265639690396986,2.0265639690396986
2024-07-27 17:00:00,2.2645551663111476,2.2645551663111476
2024-07-27 18:00:00,2.291191068573328,2.291191068573328
2024-07-27 19:00:00,2.503018722346397,2.503018722346397
2024-07-27 20:00:00,2.6398633308816852,2.6398633308816852
2024-07-27 21:00:00,2.2126675321997418,2.2126675321997418
2024-07-27 22:00:00,0.0,0.0
2024-07-27 23:00:00,0.0,0.0
2024-07-28 00:00:00,0.0,0.0
2024-07-28 01:00:00,0.0,0.0
2024-07-28 02:00:00,0.0,0.0
2024-07-28 03:00:00,0.0,0.0
2024-07-28 04:00:00,0.0,0.0
2024-07-28 05:00:00,0.0,0.0
2024-07-28 06:00:00,0.0,0.0
2024-07-28 07:00:00,0.0,0.0
2024-07-28 08:00:00,0.0,0.0
2024-07-28 09:00:00,0.0,0.0
2024-07-28 10:00:00,0.07667292558358192,0.07667292558358192
2024-07-28 11:00:00,0.2753888551653322,0.2753888551653322
2024-07-28 12:00:00,0.5621283147597956,0.5621283147597956
2024-07-28 13:00:00,0.9974563893365566,0.9974563893365566
2024-07-28 14:00:00,1.6796073014035044,1.6796073014035044
2024-07-28 15:00:00,2.288662023906437,2.288662023906437
2024-07-28 16:00:00,2.338419048522303,2.338419048522303
2024-07-28 17:00:00,2.3194327498888088,2.3194327498888088
2024-07-28 18:00:00,2.261790074861114,2.261790074861114
2024-07-28 19:00:00,2.5016194752166916,2.5016194752166916
2024-07-28 20:00:00,2.329673177682539,2.329673177682539
2024-07-28 21:00:00,2.77143311053095,2.77143311053095
2024-07-28 22:00:00,0.0,0.0
2024-07-28 23:00:00,0.0,0.0
2024-07-29 00:00:00,0.0,0.0
2024-07-29 01:00:00,0.0,0.0
2024-07-29 02:00:00,0.0,0.0
2024-07-29 03:00:00,0.0,0.0
2024-07-29 04:00:00,0.0,0.0
2024-07-29 05:00:00,0.0,0.0
2024-07-29 06:00:00,0.0,0.0
2024-07-29 07:00:00,0.0,0.0
2024-07-29 08:00:00,0.0,0.0
2024-07-29 09:00:00,0.0,0.0
2024-07-29 10:00:00,0.13314639594935482,0.13314639594935482
2024-07-29 11:00:00,0.501102815759479,0.501102815759479
2024-07-29 12:00:00,0.8347669101793959,0.8347669101793959
2024-07-29 13:00:00,1.4790617074798016,1.4790617074798016
2024-07-29 14:00:00,2.0593802702476425,2.0593802702476425
2024-07-29 15:00:00,3.322672760648971,3.322672760648971
2024-07-29 16:00:00,2.8934819794777185,2.8934819794777185
2024-07-29 17:00:00,3.418772904811134,3.418772904811134
2024-07-29 18:00:00,3.6631897187142295,3.6631897187142295
2024-07-29 19:00:00,4.007410204428351,4.007410204428351
2024-07-29 20:00:00,3.380886257841705,3.380886257841705
2024-07-29 21:00:00,3.7164208945657817,3.7164208945657817
2024-07-29 22:00:00,0.0,0.0
2024-07-29 23:00:00,0.0,0.0
2024-07-30 00:00:00,0.0,0.0
2024-07-30 01:00:00,0.0,0.0
2024-07-30 02:00:00,0.0,0.0
2024-07-30 03:00:00,0.0,0.0
2024-07-30 04:00:00,0.0,0.0
2024-07-30 05:00:00,0.0,0.0
2024-07-30 06:00:00,0.0,0.0
2024-07-30 07:00:00,0.0,0.0
2024-07-30 08:00:00,0.0,0.0
2024-07-30 09:00:00,0.0,0.0
2024-07-30 10:00:00,0.10579798901568546,0.10579798901568546
2024-07-30 11:00:00,0.45420415366762545,0.45420415366762545
2024-07-30 12:00:00,0.7918320291088359,0.7918320291088359
2024-07-30 13:00:00,1.3601032925560839,1.3601032925560839
2024-07-30 14:00:00,2.295018742171735,2.295018742171735
2024-07-30 15:00:00,2.9107065767271156,2.9107065767271156
2024-07-30 16:00:00,2.925411695311386,2.925411695311386
2024-07-30 17:00:00,2.6962265102643794,2.6962265102643794
2024-07-30 18:00:00,2.8945675103112607,2.8945675103112607
2024-07-30 19:00:00,4.054771488210176,4.054771488210176
2024-07-30 20:00:00,3.4985953811223687,3.4985953811223687
2024-07-30 21:00:00,3.4379316112366207,3.4379316112366207
2024-07-30 22:00:00,0.0,0.0
2024-07-30 23:00:00,0.0,0.0
2024-07-31 00:00:00,0.0,0.0
2024-07-31 01:00:00,0.0,0.0
2024-07-31 02:00:00,0.0,0.0
2024-07-31 03:00:00,0.0,0.0
2024-07-31 04:00:00,0.0,0.0
2024-07-31 05:00:00,0.0,0.0
2024-07-31 06:00:00,0.0,0.0
2024-07-31 07:00:00,0.0,0.0
2024-07-31 08:00:00,0.0,0.0
2024-07-31 09:00:00,0.0,0.0
2024-07-31 10:00:00,0.09816338327570438,0.09816338327570438
2024-07-31 11:00:00,0.3780776810486884,0.3780776810486884
2024-07-31 12:00:00,0.8483033488095122,0.8483033488095122
2024-07-31 13:00:00,1.2979411892416335,1.2979411892416335
2024-07-31 14:00:00,2.2401022311210466,2.2401022311210466
2024-07-31 15:00:00,2.5170548658372165,2.5170548658372165
2024-07-31 16:00:00,2.7249396992139454,2.7249396992139454
2024-07-31 17:00:00,3.078708818958615,3.078708818958615
2024-07-31 18:00:00,2.8063650064159247,2.8063650064159247
2024-07-31 19:00:00,3.828003573942284,3.828003573942284
2024-07-31 20:00:00,3.174495252791603,3.174495252791603
2024-07-31 21:00:00,4.148393524287851,4.148393524287851
2024-07-31 22:00:00,0.0,0.0
2024-07-31 23:00:00,0.0,0.0
2024-08-01 00:00:00,0.0,0.0
2024-08-01 01:00:00,0.0,0.0
2024-08-01 02:00:00,0.0,0.0
2024-08-01 03:00:00,0.0,0.0
2024-08-01 04:00:00,0.0,0.0
2024-08-01 05:00:00,0.0,0.0
2024-08-01 06:00:00,0.0,0.0
2024-08-01 07:00:00,0.0,0.0
2024-08-01 08:00:00,0.0,0.0
2024-08-01 09:00:00,0.0,0.0
2024-08-01 10:00:00,0.12905783518328384,0.12905783518328384
2024-08-01 11:00:00,0.407173302932823,0.407173302932823
2024-08-01 12:00:00,0.8824311426557303,0.8824311426557303
2024-08-01 13:00:00,1.4318287310977011,1.4318287310977011
2024-08-01 14:00:00,2.445251891194329,2.445251891194329
2024-08-01 15:00:00,2.958461611930903,2.958461611930903
2024-08-01 16:00:00,3.4454322127725754,3.4454322127725754
2024-08-01 17:00:00,3.7603362938093134,3.7603362938093134
2024-08-01 18:00:00,3.304191429338856,3.304191429338856
2024-08-01 19:00:00,4.469345337390307,4.469345337390307
2024-08-01 20:00:00,3.1090866510662165,3.1090866510662165
2024-08-01 21:00:00,3.709802926467602,3.709802926467602
2024-08-01 22:00:00,0.0,0.0
2024-08-01 23:00:00,0.0,0.0
2024-08-02 00:00:00,0.0,0.0
2024-08-02 01:00:00,0.0,0.0
2024-08-02 02:00:00,0.0,0.0
2024-08-02 03:00:00,0.0,0.0
2024-08-02 04:00:00,0.0,0.0
2024-08-02 05:00:00,0.0,0.0
2024-08-02 06:00:00,0.0,0.0
2024-08-02 07:00:00,0.0,0.0
2024-08-02 08:00:00,0.0,0.0
2024-08-02 09:00:00,0.0,0.0
2024-08-02 10:00:00,0.13733321560115858,0.13733321560115858
2024-08-02 11:00:00,0.48293232193195634,0.48293232193195634
2024-08-02 12:00:00,1.017553263679538,1.017553263679538
2024-08-02 13:00:00,1.6827293938155756,1.6827293938155756
2024-08-02 14:00:00,2.633717160343143,2.633717160343143
2024-08-02 15:00:00,2.8040065441098516,2.8040065441098516
2024-08-02 16:00:00,3.393834719664136,3.393834719664136
2024-08-02 17:00:00,3.5682375878851964,3.5682375878851964
2024-08-02 18:00:00,3.2684026871050214,3.2684026871050214
2024-08-02 19:00:00,3.672115073124513,3.672115073124513
2024-08-02 20:00:00,3.6909530468526444,3.6909530468526444
2024-08-02 21:00:00,4.0682900933157935,4.0682900933157935
2024-08-02 22:00:00,0.0,0.0
2024-08-02 23:00:00,0.0,0.0
2024-08-03 00:00:00,0.0,0.0
2024-08-03 01:00:00,0.0,0.0
2024-08-03 02:00:00,0.0,0.0
2024-08-03 03:00:00,0.0,0.0
2024-08-03 04:00:00,0.0,0.0
2024-08-03 05:00:00,0.0,0.0
2024-08-03 06:00:00,0.0,0.0
2024-08-03 07:00:00,0.0,0.0
2024-08-03 08:00:00,0.0,0.0
2024-08-03 09:00:00,0.0,0.0
2024-08-03 10:00:00,0.0704638016505885,0.0704638016505885
2024-08-03 11:00:00,0.26531925457956074,0.26531925457956074
2024-08-03 12:00:00,0.6709323090249376,0.6709323090249376
2024-08-03 13:00:00,1.007848464703448,1.007848464703448
2024-08-03 14:00:00,1.3992921904006663,1.3992921904006663
2024-08-03 15:00:00,2.0837423136512014,2.0837423136512014
2024-08-03 16:00:00,2.33419578921601,2.33419578921601
2024-08-03 17:00:00,2.63912033930917,2.63912033930917
2024-08-03 18:00:00,2.2087522012834944,2.2087522012834944
2024-08-03 19:00:00,2.4810087456362955,2.4810087456362955
2024-08-03 20:00:00,2.413305145962634,2.413305145962634
2024-08-03 21:00:00,2.496659460926209,2.496659460926209
2024-08-03 22:00:00,0.0,0.0
2024-08-03 23:00:00,0.0,0.0
2024-08-04 00:00:00,0.0,0.0
2024-08-04 01:00:00,0.0,0.0
2024-08-04 02:00:00,0.0,0.0
2024-08-04 03:00:00,0.0,0.0
2024-08-04 04:00:00,0.0,0.0
2024-08-04 05:00:00,0.0,0.0
2024-08-04 06:00:00,0.0,0.0
2024-08-04 07:00:00,0.0,0.0
2024-08-04 08:00:00,0.0,0.0
2024-08-04 09:00:00,0.0,0.0
2024-08-04 10:00:00,0.09139672217258053,0.09139672217258053
2024-08-04 11:00:00,0.3149713656534024,0.3149713656534024
2024-08-04 12:00:00,0.6913197409511499,0.6913197409511499
2024-08-04 13:00:00,1.107102262227918,1.107102262227918
2024-08-04 14:00:00,1.867279256435399,1.867279256435399
2024-08-04 15:00:00,1.8938012779603188,1.8938012779603188
2024-08-04 16:00:00,1.991663197995803,1.991663197995803
2024-08-04 17:00:00,2.691070278341843,2.691070278341843
2024-08-04 18:00:00,2.4464965913476,2.4464965913476
2024-08-04 19:00:00,3.0903742085625807,3.0903742085625807
2024-08-04 20:00:00,2.610169288975486,2.610169288975486
2024-08-04 21:00:00,2.9639898214491485,2.9639898214491485
2024-08-04 22:00:00,0.0,0.0
2024-08-04 23:00:00,0.0,0.0
2024-08-05 00:00:00,0.0,0.0
2024-08-05 01:00:00,0.0,0.0
2024-08-05 02:00:00,0.0,0.0
2024-08-05 03:00:00,0.0,0.0
2024-08-05 04:00:00,0.0,0.0
2024-08-05 05:00:00,0.0,0.0
2024-08-05 06:00:00,0.0,0.0
2024-08-05 07:00:00,0.0,0.0
2024-08-05 08:00:00,0.0,0.0
2024-08-05 09:00:00,0.0,0.0
2024-08-05 10:00:00,0.12006774122291014,0.12006774122291014
2024-08-05 11:00:00,0.4891729139610329,0.4891729139610329
2024-08-05 12:00:00,0.8006775312405374,0.8006775312405374
2024-08-05 13:00:00,1.4561071748518006,1.4561071748518006
2024-08-05 14:00:00,2.5815897132535515,2.5815897132535515
2024-08-05 15:00:00,3.11822407179992,3.11822407179992
2024-08-05 16:00:00,2.954252457646593,2.954252457646593
2024-08-05 17:00:00,3.23361472264624,3.23361472264624
2024-08-05 18:00:00,3.025707509963399,3.025707509963399
2024-08-05 19:00:00,3.8452923115404776,3.8452923115404776
2024-08-05 20:00:00,4.03614408336996,4.03614408336996
2024-08-05 21:00:00,4.260160055311118,4.260160055311118
2024-08-05 22:00:00,0.0,0.0
2024-08-05 23:00:00,0.0,0.0
2024-08-06 00:00:00,0.0,0.0
2024-08-06 01:00:00,0.0,0.0
2024-08-06 02:00:00,0.0,0.0
2024-08-06 03:00:00,0.0,0.0
2024-08-06 04:00:00,0.0,0.0
2024-08-06 05:00:00,0.0,0.0
2024-08-06 06:00:00,0.0,0.0
2024-08-06 07:00:00,0.0,0.0
2024-08-06 08:00:00,0.0,0.0
2024-08-06 09:00:00,0.0,0.0
2024-08-06 10:00:00,0.11589349784738336,0.11589349784738336
2024-08-06 11:00:00,0.4404457802102989,0.4404457802102989
2024-08-06 12:00:00,0.7440676679604642,0.7440676679604642
2024-08-06 13:00:00,1.3862133175770168,1.3862133175770168
2024-08-06 14:00:00,1.868843449246587,1.868843449246587
2024-08-06 15:00:00,2.885540106178428,2.885540106178428
2024-08-06 16:00:00,2.3898296759467366,2.3898296759467366
2024-08-06 17:00:00,2.732056536799744,2.732056536799744
2024-08-06 18:00:00,3.401628571794132,3.401628571794132
2024-08-06 19:00:00,3.9581492961260887,3.9581492961260887
2024-08-06 20:00:00,2.6807407678194415,2.6807407678194415
2024-08-06 21:00:00,3.924629251026814,3.924629251026814
2024-08-06 22:00:00,0.0,0.0
2024-08-06 23:00:00,0.0,0.0
2024-08-07 00:00:00,0.0,0.0
2024-08-07 01:00:00,0.0,0.0
2024-08-07 02:00:00,0.0,0.0
2024-08-07 03:00:00,0.0,0.0
2024-08-07 04:00:00,0.0,0.0
2024-08-07 05:00:00,0.0,0.0
2024-08-07 06:00:00,0.0,0.0
2024-08-07 07:00:00,0.0,0.0
2024-08-07 08:00:00,0.0,0.0
2024-08-07 09:00:00,0.0,0.0
2024-08-07 10:00:00,0.1261606598267414,0.1261606598267414
2024-08-07 11:00:00,0.4514775618361081,0.4514775618361081
2024-08-07 12:00:00,0.8346793764149825,0.8346793764149825
2024-08-07 13:00:00,1.24811847849809,1.24811847849809
2024-08-07 14:00:00,2.3270652165228904,2.3270652165228904
2024-08-07 15:00:00,2.8888543124561203,2.8888543124561203
2024-08-07 16:00:00,2.6421749506917425,2.6421749506917425
2024-08-07 17:00:00,3.159974569597153,3.159974569597153
2024-08-07 18:00:00,3.3932621493783253,3.3932621493783253
2024-08-07 19:00:00,4.068961456174629,4.068961456174629
2024-08-07 20:00:00,3.1584062613488726,3.1584062613488726
2024-08-07 21:00:00,3.4094538041035105,3.4094538041035105
2024-08-07 22:00:00,0.0,0.0
2024-08-07 23:00:00,0.0,0.0
2024-08-08 00:00:00,0.0,0.0
2024-08-08 01:00:00,0.0,0.0
2024-08-08 02:00:00,0.0,0.0
2024-08-08 03:00:00,0.0,0.0
2024-08-08 04:00:00,0.0,0.0
2024-08-08 05:00:00,0.0,0.0
2024-08-08 06:00:00,0.0,0.0
2024-08-08 07:00:00,0.0,0.0
2024-08-08 08:00:00,0.0,0.0
2024-08-08 09:00:00,0.0,0.0
2024-08-08 10:00:00,0.12563602247837094,0.12563602247837094
2024-08-08 11:00:00,0.3994561977730084,0.3994561977730084
2024-08-08 12:00:00,0.8051579003170216,0.8051579003170216
2024-08-08 13:00:00,1.3148187250938284,1.3148187250938284
2024-08-08 14:00:00,2.3994238697337686,2.3994238697337686
2024-08-08 15:00:00,3.171824617683306,3.171824617683306
2024-08-08 16:00:00,2.641813449218849,2.641813449218849
2024-08-08 17:00:00,2.9646829661552423,2.9646829661552423
2024-08-08 18:00:00,3.4861417009532625,3.4861417009532625
2024-08-08 19:00:00,4.1366104048633,4.1366104048633
2024-08-08 20:00:00,3.42311621392697,3.42311621392697
2024-08-08 21:00:00,3.276222326251094,3.276222326251094
2024-08-08 22:00:00,0.0,0.0
2024-08-08 23:00:00,0.0,0.0
2024-08-09 00:00:00,0.0,0.0
2024-08-09 01:00:00,0.0,0.0
2024-08-09 02:00:00,0.0,0.0
2024-08-09 03:00:00,0.0,0.0
2024-08-09 04:00:00,0.0,0.0
2024-08-09 05:00:00,0.0,0.0
2024-08-09 06:00:00,0.0,0.0
2024-08-09 07:00:00,0.0,0.0
2024-08-09 08:00:00,0.0,0.0
2024-08-09 09:00:00,0.0,0.0
2024-08-09 10:00:00,0.09763275328853545,0.09763275328853545
2024-08-09 11:00:00,0.38471949138567,0.38471949138567
2024-08-09 12:00:00,0.7468581512329588,0.7468581512329588
2024-08-09 13:00:00,1.2213349633208994,1.2213349633208994
2024-08-09 14:00:00,2.243402476259706,2.243402476259706
2024-08-09 15:00:00,3.01530904180713,3.01530904180713
2024-08-09 16:00:00,3.0751506740009913,3.0751506740009913
2024-08-09 17:00:00,2.764643376286523,2.764643376286523
2024-08-09 18:00:00,2.926488650076333,2.926488650076333
2024-08-09 19:00:00,3.319430029205689,3.319430029205689
2024-08-09 20:00:00,3.4927313124123502,3.4927313124123502
2024-08-09 21:00:00,4.082137717636056,4.082137717636056
2024-08-09 22:00:00,0.0,0.0
2024-08-09 23:00:00,0.0,0.0
2024-08-10 00:00:00,0.0,0.0
2024-08-10 01:00:00,0.0,0.0
2024-08-10 02:00:00,0.0,0.0
2024-08-10 03:00:00,0.0,0.0
2024-08-10 04:00:00,0.0,0.0
2024-08-10 05:00:00,0.0,0.0
2024-08-10 06:00:00,0.0,0.0
2024-08-10 07:00:00,0.0,0.0
2024-08-10 08:00:00,0.0,0.0
2024-08-10 09:00:00,0.0,0.0
2024-08-10 10:00:00,0.0896261481342809,0.0896261481342809
2024-08-10 11:00:00,0.2679105611722457,0.2679105611722457
2024-08-10 12:00:00,0.5653998925763298,0.5653998925763298
2024-08-10 13:00:00,0.9726980984094473,0.9726980984094473
2024-08-10 14:00:00,1.6233510528957866,1.6233510528957866
2024-08-10 15:00:00,1.9859214481122365,1.9859214481122365
2024-08-10 16:00:00,1.9527022020138134,1.9527022020138134
2024-08-10 17:00:00,2.69883211714853,2.69883211714853
2024-08-10 18:00:00,2.2894013550486716,2.2894013550486716
2024-08-10 19:00:00,2.683007673331891,2.683007673331891
2024-08-10 20:00:00,2.2818759008480263,2.2818759008480263
2024-08-10 21:00:00,3.221787417129118,3.221787417129118
2024-08-10 22:00:00,0.0,0.0
2024-08-10 23:00:00,0.0,0.0
2024-08-11 00:00:00,0.0,0.0
2024-08-11 01:00:00,0.0,0.0
2024-08-11 02:00:00,0.0,0.0
2024-08-11 03:00:00,0.0,0.0
2024-08-11 04:00:00,0.0,0.0
2024-08-11 05:00:00,0.0,0.0
2024-08-11 06:00:00,0.0,0.0
2024-08-11 07:00:00,0.0,0.0
2024-08-11 08:00:00,0.0,0.0
2024-08-11 09:00:00,0.0,0.0
2024-08-11 10:00:00,0.0741208536788858,0.0741208536788858
2024-08-11 11:00:00,0.3102418810673304,0.3102418810673304
2024-08-11 12:00:00,0.6232026575466346,0.6232026575466346
2024-08-11 13:00:00,0.9942073218809024,0.9942073218809024
2024-08-11 14:00:00,1.6529470068022971,1.6529470068022971
2024-08-11 15:00:00,2.4155346556730386,2.4155346556730386
2024-08-11 16:00:00,1.8823157218087094,1.8823157218087094
2024-08-11 17:00:00,2.66319365683578,2.66319365683578
2024-08-11 18:00:00,2.273407474406435,2.273407474406435
2024-08-11 19:00:00,2.508774581355337,2.508774581355337
2024-08-11 20:00:00,2.2673127294536024,2.2673127294536024
2024-08-11 21:00:00,2.6456099840680607,2.6456099840680607
2024-08-11 22:00:00,0.0,0.0
2024-08-11 23:00:00,0.0,0.0
2024-08-12 00:00:00,0.0,0.0
2024-08-12 01:00:00,0.0,0.0
2024-08-12 02:00:00,0.0,0.0
2024-08-12 03:00:00,0.0,0.0
2024-08-12 04:00:00,0.0,0.0
2024-08-12 05:00:00,0.0,0.0
2024-08-12 06:00:00,0.0,0.0
2024-08-12 07:00:00,0.0,0.0
2024-08-12 08:00:00,0.0,0.0
2024-08-12 09:00:00,0.0,0.0
2024-08-12 10:00:00,0.11329260826152833,0.11329260826152833
2024-08-12 11:00:00,0.3723016941177908,0.3723016941177908
2024-08-12 12:00:00,0.7466065316695065,0.7466065316695065
2024-08-12 13:00:00,1.237745109450214,1.237745109450214
2024-08-12 14:00:00,2.0445831806344246,2.0445831806344246
2024-08-12 15:00:00,2.938479713427199,2.938479713427199
2024-08-12 16:00:00,2.79242427913746,2.79242427913746
2024-08-12 17:00:00,3.0509320223657377,3.0509320223657377
2024-08-12 18:00:00,3.1681630113226937,3.1681630113226937
2024-08-12 19:00:00,4.0395543663708295,4.0395543663708295
2024-08-12 20:00:00,3.5758742835410717,3.5758742835410717
2024-08-12 21:00:00,3.8752283936677534,3.8752283936677534
2024-08-12 22:00:00,0.0,0.0
2024-08-12 23:00:00,0.0,0.0
2024-08-13 00:00:00,0.0,0.0
2024-08-13 01:00:00,0.0,0.0
2024-08-13 02:00:00,0.0,0.0
2024-08-13 03:00:00,0.0,0.0
2024-08-13 04:00:00,0.0,0.0
2024-08-13 05:00:00,0.0,0.0
2024-08-13 06:00:00,0.0,0.0
2024-08-13 07:00:00,0.0,0.0
2024-08-13 08:00:00,0.0,0.0
2024-08-13 09:00:00,0.0,0.0
2024-08-13 10:00:00,0.10889847295746707,0.10889847295746707
2024-08-13 11:00:00,0.4631589424552113,0.4631589424552113
2024-08-13 12:00:00,0.9751419078252334,0.9751419078252334
2024-08-13 13:00:00,1.5697031316973298,1.5697031316973298
2024-08-13 14:00:00,2.6370715100974613,2.6370715100974613
2024-08-13 15:00:00,3.548938155974316,3.548938155974316
2024-08-13 16:00:00,3.35841443464304,3.35841443464304
2024-08-13 17:00:00,3.5428230862927284,3.5428230862927284
2024-08-13 18:00:00,3.7836665218286236,3.7836665218286236
2024-08-13 19:00:00,4.726133188965902,4.726133188965902
2024-08-13 20:00:00,4.277687151677881,4.277687151677881
2024-08-13 21:00:00,4.764397681833793,4.764397681833793
2024-08-13 22:00:00,0.0,0.0
2024-08-13 23:00:00,0.0,0.0
2024-08-14 00:00:00,0.0,0.0
2024-08-14 01:00:00,0.0,0.0
2024-08-14 02:00:00,0.0,0.0
2024-08-14 03:00:00,0.0,0.0
2024-08-14 04:00:00,0.0,0.0
2024-08-14 05:00:00,0.0,0.0
2024-08-14 06:00:00,0.0,0.0
2024-08-14 07:00:00,0.0,0.0
2024-08-14 08:00:00,0.0,0.0
2024-08-14 09:00:00,0.0,0.0
2024-08-14 10:00:00,0.1065772934598358,0.1065772934598358
2024-08-14 11:00:00,0.3787762225085799,0.3787762225085799
2024-08-14 12:00:00,0.7620962860575294,0.7620962860575294
2024-08-14 13:00:00,1.5192878517549586,1.5192878517549586
2024-08-14 14:00:00,2.4851947119922504,2.4851947119922504
2024-08-14 15:00:00,2.5436233270880373,2.5436233270880373
2024-08-14 16:00:00,3.17916798567798,3.17916798567798
2024-08-14 17:00:00,3.298552137967423,3.298552137967423
2024-08-14 18:00:00,3.5990474539741126,3.5990474539741126
2024-08-14 19:00:00,3.638969311455601,3.638969311455601
2024-08-14 20:00:00,2.988964867516537,2.988964867516537
2024-08-14 21:00:00,3.6478311841228903,3.6478311841228903
2024-08-14 22:00:00,0.0,0.0
2024-08-14 23:00:00,0.0,0.0
2024-08-15 00:00:00,0.0,0.0
2024-08-15 01:00:00,0.0,0.0
2024-08-15 02:00:00,0.0,0.0
2024-08-15 03:00:00,0.0,0.0
2024-08-15 04:00:00,0.0,0.0
2024-08-15 05:00:00,0.0,0.0
2024-08-15 06:00:00,0.0,0.0
2024-08-15 07:00:00,0.0,0.0
2024-08-15 08:00:00,0.0,0.0
2024-08-15 09:00:00,0.0,0.0
2024-08-15 10:00:00,0.11377024760330774,0.11377024760330774
2024-08-15 11:00:00,0.45604469539856163,0.45604469539856163
2024-08-15 12:00:00,0.9964313855466143,0.9964313855466143
2024-08-15 13:00:00,1.4855767365233956,1.4855767365233956
2024-08-15 14:00:00,2.1882846100527242,2.1882846100527242
2024-08-15 15:00:00,3.586480217540908,3.586480217540908
2024-08-15 16:00:00,2.9458100582764972,2.9458100582764972
2024-08-15 17:00:00,4.148269729288914,4.148269729288914
2024-08-15 18:00:00,3.9564077728859774,3.9564077728859774
2024-08-15 19:00:00,4.192934394199432,4.192934394199432
2024-08-15 20:00:00,3.2567071771102545,3.2567071771102545
2024-08-15 21:00:00,4.782474119526527,4.782474119526527
2024-08-15 22:00:00,0.0,0.0
2024-08-15 23:00:00,0.0,0.0
2024-08-16 00:00:00,0.0,0.0
2024-08-16 01:00:00,0.0,0.0
2024-08-16 02:00:00,0.0,0.0
2024-08-16 03:00:00,0.0,0.0
2024-08-16 04:00:00,0.0,0.0
2024-08-16 05:00:00,0.0,0.0
2024-08-16 06:00:00,0.0,0.0
2024-08-16 07:00:00,0.0,0.0
2024-08-16 08:00:00,0.0,0.0
2024-08-16 09:00:00,0.0,0.0
2024-08-16 10:00:00,0.13555689138262053,0.13555689138262053
2024-08-16 11:00:00,0.41556881741868107,0.41556881741868107
2024-08-16 12:00:00,0.9780246412029847,0.9780246412029847
2024-08-16 13:00:00,1.2542480095890594,1.2542480095890594
2024-08-16 14:00:00,2.3961318068258852,2.3961318068258852
2024-08-16 15:00:00,3.2742056582866077,3.2742056582866077
2024-08-16 16:00:00,2.7002364749833654,2.7002364749833654
2024-08-16 17:00:00,3.8453013323570024,3.8453013323570024
2024-08-16 18:00:00,3.576930570971807,3.576930570971807
2024-08-16 19:00:00,4.7107248983556405,4.7107248983556405
2024-08-16 20:00:00,3.2058147063384967,3.2058147063384967
2024-08-16 21:00:00,4.58325821601702,4.58325821601702
2024-08-16 22:00:00,0.0,0.0
2024-08-16 23:00:00,0.0,0.0
2024-08-17 00:00:00,0.0,0.0
2024-08-17 01:00:00,0.0,0.0
2024-08-17 02:00:00,0.0,0.0
2024-08-17 03:00:00,0.0,0.0
2024-08-17 04:00:00,0.0,0.0
2024-08-17 05:00:00,0.0,0.0
2024-08-17 06:00:00,0.0,0.0
2024-08-17 07:00:00,0.0,0.0
2024-08-17 08:00:00,0.0,0.0
2024-08-17 09:00:00,0.0,0.0
2024-08-17 10:00:00,0.0854373608922522,0.0854373608922522
2024-08-17 11:00:00,0.33386539193035014,0.33386539193035014
2024-08-17 12:00:00,0.6562526916888781,0.6562526916888781
2024-08-17 13:00:00,0.8485891623051443,0.8485891623051443
2024-08-17 14:00:00,1.5951874538742088,1.5951874538742088
2024-08-17 15:00:00,2.2435318917767852,2.2435318917767852
2024-08-17 16:00:00,2.161742855191724,2.161742855191724
2024-08-17 17:00:00,2.7185909536177393,2.7185909536177393
2024-08-17 18:00:00,2.0333105278683896,2.0333105278683896
2024-08-17 19:00:00,3.1076185450814,3.1076185450814
2024-08-17 20:00:00,2.3907319036176835,2.3907319036176835
2024-08-17 21:00:00,3.2052157390337315,3.2052157390337315
2024-08-17 22:00:00,0.0,0.0
2024-08-17 23:00:00,0.0,0.0
2024-08-18 00:00:00,0.0,0.0
2024-08-18 01:00:00,0.0,0.0
2024-08-18 02:00:00,0.0,0.0
2024-08-18 03:00:00,0.0,0.0
2024-08-18 04:00:00,0.0,0.0
2024-08-18 05:00:00,0.0,0.0
2024-08-18 06:00:00,0.0,0.0
2024-08-18 07:00:00,0.0,0.0
2024-08-18 08:00:00,0.0,0.0
2024-08-18 09:00:00,0.0,0.0
2024-08-18 10:00:00,0.08726691944660742,0.08726691944660742
2024-08-18 11:00:00,0.271020860527703,0.271020860527703
2024-08-18 12:00:00,0.5887148935500773,0.5887148935500773
2024-08-18 13:00:00,0.9483869280634278,0.9483869280634278
2024-08-18 14:00:00,1.414276577648107,1.414276577648107
2024-08-18 15:00:00,1.8590036117874782,1.8590036117874782
2024-08-18 16:00:00,2.0930545425945937,2.0930545425945937
2024-08-18 17:00:00,1.9755847828357875,1.9755847828357875
2024-08-18 18:00:00,1.935142376214878,1.935142376214878
2024-08-18 19:00:00,2.718631882557196,2.718631882557196
2024-08-18 20:00:00,2.469780429530416,2.469780429530416
2024-08-18 21:00:00,2.2380928273823684,2.2380928273823684
2024-08-18 22:00:00,0.0,0.0
2024-08-18 23:00:00,0.0,0.0
2024-08-19 00:00:00,0.0,0.0
2024-08-19 01:00:00,0.0,0.0
2024-08-19 02:00:00,0.0,0.0
2024-08-19 03:00:00,0.0,0.0
2024-08-19 04:00:00,0.0,0.0
2024-08-19 05:00:00,0.0,0.0
2024-08-19 06:00:00,0.0,0.0
2024-08-19 07:00:00,0.0,0.0
2024-08-19 08:00:00,0.0,0.0
2024-08-19 09:00:00,0.0,0.0
2024-08-19 10:00:00,0.10507880764206622,0.10507880764206622
2024-08-19 11:00:00,0.43040553160829065,0.43040553160829065
2024-08-19 12:00:00,0.916365697545785,0.916365697545785
2024-08-19 13:00:00,1.319820325098781,1.319820325098781
2024-08-19 14:00:00,1.9913920894120363,1.9913920894120363
2024-08-19 15:00:00,3.016286564574087,3.016286564574087
2024-08-19 16:00:00,3.5532712477777713,3.5532712477777713
2024-08-19 17:00:00,3.4495307314649764,3.4495307314649764
2024-08-19 18:00:00,3.9181696154764176,3.9181696154764176
2024-08-19 19:00:00,4.271805067553225,4.271805067553225
2024-08-19 20:00:00,3.3664626127768855,3.3664626127768855
2024-08-19 21:00:00,4.2691238457581475,4.2691238457581475
2024-08-19 22:00:00,0.0,0.0
2024-08-19 23:00:00,0.0,0.0
2024-08-20 00:00:00,0.0,0.0
2024-08-20 01:00:00,0.0,0.0
2024-08-20 02:00:00,0.0,0.0
2024-08-20 03:00:00,0.0,0.0
2024-08-20 04:00:00,0.0,0.0
2024-08-20 05:00:00,0.0,0.0
2024-08-20 06:00:00,0.0,0.0
2024-08-20 07:00:00,0.0,0.0
2024-08-20 08:00:00,0.0,0.0
2024-08-20 09:00:00,0.0,0.0
2024-08-20 10:00:00,0.12999863381717738,0.12999863381717738
2024-08-20 11:00:00,0.39268620800900994,0.39268620800900994
2024-08-20 12:00:00,0.863645068220264,0.863645068220264
2024-08-20 13:00:00,1.2924443268079817,1.2924443268079817
2024-08-20 14:00:00,1.9474007350449312,1.9474007350449312
2024-08-20 15:00:00,3.2887020030570584,3.2887020030570584
2024-08-20 16:00:00,3.306428115194998,3.306428115194998
2024-08-20 17:00:00,2.896297546659975,2.896297546659975
2024-08-20 18:00:00,2.9421464871198526,2.9421464871198526
2024-08-20 19:00:00,3.8417289768976333,3.8417289768976333
2024-08-20 20:00:00,3.9055220318919,3.9055220318919
2024-08-20 21:00:00,4.1783357776212,4.1783357776212
2024-08-20 22:00:00,0.0,0.0
2024-08-20 23:00:00,0.0,0.0
2024-08-21 00:00:00,0.0,0.0
2024-08-21 01:00:00,0.0,0.0
2024-08-21 02:00:00,0.0,0.0
2024-08-21 03:00:00,0.0,0.0
2024-08-21 04:00:00,0.0,0.0
2024-08-21 05:00:00,0.0,0.0
2024-08-21 06:00:00,0.0,0.0
2024-08-21 07:00:00,0.0,0.0
2024-08-21 08:00:00,0.0,0.0
2024-08-21 09:00:00,0.0,0.0
2024-08-21 10:00:00,0.1138353949537521,0.1138353949537521
2024-08-21 11:00:00,0.44220839302947634,0.44220839302947634
2024-08-21 12:00:00,0.7100645591560636,0.7100645591560636
2024-08-21 13:00:00,1.3815505163840378,1.3815505163840378
2024-08-21 14:00:00,2.239479290391237,2.239479290391237
2024-08-21 15:00:00,2.5113502629780204,2.5113502629780204
2024-08-21 16:00:00,2.610139340007969,2.610139340007969
2024-08-21 17:00:00,3.189839918337545,3.189839918337545
2024-08-21 18:00:00,3.2125405596547543,3.2125405596547543
2024-08-21 19:00:00,4.100495596063378,4.100495596063378
2024-08-21 20:00:00,3.4673261926341854,3.4673261926341854
2024-08-21 21:00:00,3.519998633189235,3.519998633189235
2024-08-21 22:00:00,0.0,0.0
2024-08-21 23:00:00,0.0,0.0
2024-08-22 00:00:00,0.0,0.0
2024-08-22 01:00:00,0.0,0.0
2024-08-22 02:00:00,0.0,0.0
2024-08-22 03:00:00,0.0,0.0
2024-08-22 04:00:00,0.0,0.0
2024-08-22 05:00:00,0.0,0.0
2024-08-22 06:00:00,0.0,0.0
2024-08-22 07:00:00,0.0,0.0
2024-08-22 08:00:00,0.0,0.0
2024-08-22 09:00:00,0.0,0.0
2024-08-22 10:00:00,0.09843604083715156,0.09843604083715156
2024-08-22 11:00:00,0.4746528497346887,0.4746528497346887
2024-08-22 12:00:00,0.919172115932589,0.919172115932589
2024-08-22 13:00:00,1.2372632157102013,1.2372632157102013
2024-08-22 14:00:00,1.9560282032757232,1.9560282032757232
2024-08-22 15:00:00,3.025094679202467,3.025094679202467
2024-08-22 16:00:00,2.578721888585998,2.578721888585998
2024-08-22 17:00:00,3.5999062795336534,3.5999062795336534
2024-08-22 18:00:00,3.7000922136464793,3.7000922136464793
2024-08-22 19:00:00,4.3405915077240556,4.3405915077240556
2024-08-22 20:00:00,3.5766906298241836,3.5766906298241836
2024-08-22 21:00:00,4.0425260961767995,4.0425260961767995
2024-08-22 22:00:00,0.0,0.0
2024-08-22 23:00:00,0.0,0.0
2024-08-23 00:00:00,0.0,0.0
2024-08-23 01:00:00,0.0,0.0
2024-08-23 02:00:00,0.0,0.0
2024-08-23 03:00:00,0.0,0.0
2024-08-23 04:00:00,0.0,0.0
2024-08-23 05:00:00,0.0,0.0
2024-08-23 06:00:00,0.0,0.0
2024-08-23 07:00:00,0.0,0.0
2024-08-23 08:00:00,0.0,0.0
2024-08-23 09:00:00,0.0,0.0
2024-08-23 10:00:00,0.13938177517154351,0.13938177517154351
2024-08-23 11:00:00,0.466874816344519,0.466874816344519
2024-08-23 12:00:00,1.0118588921169136,1.0118588921169136
2024-08-23 13:00:00,1.3753184369487008,1.3753184369487008
2024-08-23 14:00:00,2.5054828331277577,2.5054828331277577
2024-08-23 15:00:00,2.9263617454792645,2.9263617454792645
2024-08-23 16:00:00,2.79597803216639,2.79597803216639
2024-08-23 17:00:00,4.099594918869104,4.099594918869104
2024-08-23 18:00:00,3.5977137599933946,3.5977137599933946
2024-08-23 19:00:00,3.858602275185519,3.858602275185519
2024-08-23 20:00:00,3.7333003558568034,3.7333003558568034
2024-08-23 21:00:00,3.8596231259975404,3.8596231259975404
2024-08-23 22:00:00,0.0,0.0
2024-08-23 23:00:00,0.0,0.0
2024-08-24 00:00:00,0.0,0.0
2024-08-24 01:00:00,0.0,0.0
2024-08-24 02:00:00,0.0,0.0
2024-08-24 03:00:00,0.0,0.0
2024-08-24 04:00:00,0.0,0.0
2024-08-24 05:00:00,0.0,0.0
2024-08-24 06:00:00,0.0,0.0
2024-08-24 07:00:00,0.0,0.0
2024-08-24 08:00:00,0.0,0.0
2024-08-24 09:00:00,0.0,0.0
2024-08-24 10:00:00,0.08100891601211381,0.08100891601211381
2024-08-24 11:00:00,0.28617148165713274,0.28617148165713274
2024-08-24 12:00:00,0.5266055537972597,0.5266055537972597
2024-08-24 13:00:00,1.019098778810734,1.019098778810734
2024-08-24 14:00:00,1.5805430776936744,1.5805430776936744
2024-08-24 15:00:00,1.6934189063551952,1.6934189063551952
2024-08-24 16:00:00,1.8984083866431347,1.8984083866431347
2024-08-24 17:00:00,2.451649613729076,2.451649613729076
2024-08-24 18:00:00,2.2817164698714913,2.2817164698714913
2024-08-24 19:00:00,2.680628751499021,2.680628751499021
2024-08-24 20:00:00,2.590786826327998,2.590786826327998
2024-08-24 21:00:00,2.410022606570017,2.410022606570017
2024-08-24 22:00:00,0.0,0.0
2024-08-24 23:00:00,0.0,0.0
2024-08-25 00:00:00,0.0,0.0
2024-08-25 01:00:00,0.0,0.0
2024-08-25 02:00:00,0.0,0.0
2024-08-25 03:00:00,0.0,0.0
2024-08-25 04:00:00,0.0,0.0
2024-08-25 05:00:00,0.0,0.0
2024-08-25 06:00:00,0.0,0.0
2024-08-25 07:00:00,0.0,0.0
2024-08-25 08:00:00,0.0,0.0
2024-08-25 09:00:00,0.0,0.0
2024-08-25 10:00:00,0.08184470438699006,0.08184470438699006
2024-08-25 11:00:00,0.32074804121860184,0.32074804121860184
2024-08-25 12:00:00,0.6296142934402204,0.6296142934402204
2024-08-25 13:00:00,1.1153491657208556,1.1153491657208556
2024-08-25 14:00:00,1.3569977458569802,1.3569977458569802
2024-08-25 15:00:00,1.9628254984934932,1.9628254984934932
2024-08-25 16:00:00,2.303908970900739,2.303908970900739
2024-08-25 17:00:00,2.1158049865222512,2.1158049865222512
2024-08-25 18:00:00,2.41915245896858,2.41915245896858
2024-08-25 19:00:00,2.6254907472419156,2.6254907472419156
2024-08-25 20:00:00,2.2132756938117892,2.2132756938117892
2024-08-25 21:00:00,2.776320543697101,2.776320543697101
2024-08-25 22:00:00,0.0,0.0
2024-08-25 23:00:00,0.0,0.0
2024-08-26 00:00:00,0.0,0.0
2024-08-26 01:00:00,0.0,0.0
2024-08-26 02:00:00,0.0,0.0
2024-08-26 03:00:00,0.0,0.0
2024-08-26 04:00:00,0.0,0.0
2024-08-26 05:00:00,0.0,0.0
2024-08-26 06:00:00,0.0,0.0
2024-08-26 07:00:00,0.0,0.0
2024-08-26 08:00:00,0.0,0.0
2024-08-26 09:00:00,0.0,0.0
2024-08-26 10:00:00,0.1323198457708221,0.1323198457708221
2024-08-26 11:00:00,0.42271645298019506,0.42271645298019506
2024-08-26 12:00:00,0.8366648357948883,0.8366648357948883
2024-08-26 13:00:00,1.5310286973244032,1.5310286973244032
2024-08-26 14:00:00,2.529372120397163,2.529372120397163
2024-08-26 15:00:00,3.4746964057723355,3.4746964057723355
2024-08-26 16:00:00,3.011177111776105,3.011177111776105
2024-08-26 17:00:00,3.3983982294335666,3.3983982294335666
2024-08-26 18:00:00,3.1355264806725405,3.1355264806725405
2024-08-26 19:00:00,4.344203289347634,4.344203289347634
2024-08-26 20:00:00,4.015965028049287,4.015965028049287
2024-08-26 21:00:00,3.869194512582936,3.869194512582936
2024-08-26 22:00:00,0.0,0.0
2024-08-26 23:00:00,0.0,0.0
2024-08-27 00:00:00,0.0,0.0
2024-08-27 01:00:00,0.0,0.0
2024-08-27 02:00:00,0.0,0.0
2024-08-27 03:00:00,0.0,0.0
2024-08-27 04:00:00,0.0,0.0
2024-08-27 05:00:00,0.0,0.0
2024-08-27 06:00:00,0.0,0.0
2024-08-27 07:00:00,0.0,0.0
2024-08-27 08:00:00,0.0,0.0
2024-08-27 09:00:00,0.0,0.0
2024-08-27 10:00:00,0.1236099009160003,0.1236099009160003
2024-08-27 11:00:00,0.4578000513123349,0.4578000513123349
2024-08-27 12:00:00,0.8293331157877918,0.8293331157877918
2024-08-27 13:00:00,1.4806957036493362,1.4806957036493362
2024-08-27 14:00:00,2.2528721118815285,2.2528721118815285
2024-08-27 15:00:00,2.752522800696394,2.752522800696394
2024-08-27 16:00:00,2.457938231762658,2.457938231762658
2024-08-27 17:00:00,2.870760215070296,2.870760215070296
2024-08-27 18:00:00,3.513582895480412,3.513582895480412
2024-08-27 19:00:00,3.4443459556981604,3.4443459556981604
2024-08-27 20:00:00,3.370054103471358,3.370054103471358
2024-08-27 21:00:00,3.526474853587936,3.526474853587936
2024-08-27 22:00:00,0.0,0.0
2024-08-27 23:00:00,0.0,0.0
2024-08-28 00:00:00,0.0,0.0
2024-08-28 01:00:00,0.0,0.0
2024-08-28 02:00:00,0.0,0.0
2024-08-28 03:00:00,0.0,0.0
2024-08-28 04:00:00,0.0,0.0
2024-08-28 05:00:00,0.0,0.0
2024-08-28 06:00:00,0.0,0.0
2024-08-28 07:00:00,0.0,0.0
2024-08-28 08:00:00,0.0,0.0
2024-08-28 09:00:00,0.0,0.0
2024-08-28 10:00:00,0.11048022867687744,0.11048022867687744
2024-08-28 11:00:00,0.36882085229119443,0.36882085229119443
2024-08-28 12:00:00,0.869719141104814,0.869719141104814
2024-08-28 13:00:00,1.4908204266285554,1.4908204266285554
2024-08-28 14:00:00,1.9701085025700529,1.9701085025700529
2024-08-28 15:00:00,3.0228506582452903,3.0228506582452903
2024-08-28 16:00:00,2.8233394376704117,2.8233394376704117
2024-08-28 17:00:00,3.5764207545724918,3.5764207545724918
2024-08-28 18:00:00,3.27814686162324,3.27814686162324
2024-08-28 19:00:00,3.934487808182795,3.934487808182795
2024-08-28 20:00:00,3.7558702936123103,3.7558702936123103
2024-08-28 21:00:00,3.856970436264366,3.856970436264366
2024-08-28 22:00:00,0.0,0.0
2024-08-28 23:00:00,0.0,0.0
2024-08-29 00:00:00,0.0,0.0
2024-08-29 01:00:00,0.0,0.0
2024-08-29 02:00:00,0.0,0.0
2024-08-29 03:00:00,0.0,0.0
2024-08-29 04:00:00,0.0,0.0
2024-08-29 05:00:00,0.0,0.0
2024-08-29 06:00:00,0.0,0.0
2024-08-29 07:00:00,0.0,0.0
2024-08-29 08:00:00,0.0,0.0
2024-08-29 09:00:00,0.0,0.0
2024-08-29 10:00:00,0.12047905348426115,0.12047905348426115
2024-08-29 11:00:00,0.5073022895295975,0.5073022895295975
2024-08-29 12:00:00,0.7977710412324401,0.7977710412324401
2024-08-29 13:00:00,1.3792068345339004,1.3792068345339004
2024-08-29 14:00:00,2.469585771887219,2.469585771887219
2024-08-29 15:00:00,3.336703129459731,3.336703129459731
2024-08-29 16:00:00,3.1027570018680057,3.1027570018680057
2024-08-29 17:00:00,3.538713293000322,3.538713293000322
2024-08-29 18:00:00,3.100696081974687,3.100696081974687
2024-08-29 19:00:00,4.266019166903667,4.266019166903667
2024-08-29 20:00:00,3.6193797341969014,3.6193797341969014
2024-08-29 21:00:00,4.5851152457388,4.5851152457388
2024-08-29 22:00:00,0.0,0.0
2024-08-29 23:00:00,0.0,0.0
2024-08-30 00:00:00,0.0,0.0
2024-08-30 01:00:00,0.0,0.0
2024-08-30 02:00:00,0.0,0.0
2024-08-30 03:00:00,0.0,0.0
2024-08-30 04:00:00,0.0,0.0
2024-08-30 05:00:00,0.0,0.0
2024-08-30 06:00:00,0.0,0.0
2024-08-30 07:00:00,0.0,0.0
2024-08-30 08:00:00,0.0,0.0
2024-08-30 09:00:00,0.0,0.0
2024-08-30 10:00:00,0.10372606073162885,0.10372606073162885
2024-08-30 11:00:00,0.4239620582463562,0.4239620582463562
2024-08-30 12:00:00,0.8362693137882983,0.8362693137882983
2024-08-30 13:00:00,1.2426020260144484,1.2426020260144484
2024-08-30 14:00:00,2.1504815909113524,2.1504815909113524
2024-08-30 15:00:00,2.4592843997067524,2.4592843997067524
2024-08-30 16:00:00,2.508371178239955,2.508371178239955
2024-08-30 17:00:00,3.1295721590248875,3.1295721590248875
2024-08-30 18:00:00,3.155003643706316,3.155003643706316
2024-08-30 19:00:00,3.814471849900937,3.814471849900937
2024-08-30 20:00:00,3.0936922126818245,3.0936922126818245
2024-08-30 21:00:00,4.064819858369702,4.064819858369702
2024-08-30 22:00:00,0.0,0.0
2024-08-30 23:00:00,0.0,0.0
2024-08-31 00:00:00,0.0,0.0
2024-08-31 01:00:00,0.0,0.0
2024-08-31 02:00:00,0.0,0.0
2024-08-31 03:00:00,0.0,0.0
2024-08-31 04:00:00,0.0,0.0
2024-08-31 05:00:00,0.0,0.0
2024-08-31 06:00:00,0.0,0.0
2024-08-31 07:00:00,0.0,0.0
2024-08-31 08:00:00,0.0,0.0
2024-08-31 09:00:00,0.0,0.0
2024-08-31 10:00:00,0.08410987282095561,0.08410987282095561
2024-08-31 11:00:00,0.29644255051646945,0.29644255051646945
2024-08-31 12:00:00,0.7169788097989868,0.7169788097989868
2024-08-31 13:00:00,1.0339476646263719,1.0339476646263719
2024-08-31 14:00:00,1.3783308991625125,1.3783308991625125
2024-08-31 15:00:00,2.354244641127541,2.354244641127541
2024-08-31 16:00:00,2.2618721887278976,2.2618721887278976
2024-08-31 17:00:00,2.446289260265594,2.446289260265594
2024-08-31 18:00:00,2.509300561575882,2.509300561575882
2024-08-31 19:00:00,3.2209005226151524,3.2209005226151524
2024-08-31 20:00:00,2.3267253468683067,2.3267253468683067
2024-08-31 21:00:00,2.8438629818147287,2.8438629818147287
2024-08-31 22:00:00,0.0,0.0
2024-08-31 23:00:00,0.0,0.0
2024-09-01 00:00:00,0.0,0.0
2024-09-01 01:00:00,0.0,0.0
2024-09-01 02:00:00,0.0,0.0
2024-09-01 03:00:00,0.0,0.0
2024-09-01 04:00:00,0.0,0.0
2024-09-01 05:00:00,0.0,0.0
2024-09-01 06:00:00,0.0,0.0
2024-09-01 07:00:00,0.0,0.0
2024-09-01 08:00:00,0.0,0.0
2024-09-01 09:00:00,0.0,0.0
2024-09-01 10:00:00,0.0804197875678858,0.0804197875678858
2024-09-01 11:00:00,0.3264803048884417,0.3264803048884417
2024-09-01 12:00:00,0.6584592146907408,0.6584592146907408
2024-09-01 13:00:00,0.9434801185888534,0.9434801185888534
2024-09-01 14:00:00,1.5349557103677665,1.5349557103677665
2024-09-01 15:00:00,2.264231349351493,2.264231349351493
2024-09-01 16:00:00,2.232989152851346,2.232989152851346
2024-09-01 17:00:00,2.349533445544318,2.349533445544318
2024-09-01 18:00:00,2.4639700415967543,2.4639700415967543
2024-09-01 19:00:00,2.6941093375854677,2.6941093375854677
2024-09-01 20:00:00,2.208038845148925,2.208038845148925
2024-09-01 21:00:00,2.5290791697698984,2.5290791697698984
2024-09-01 22:00:00,0.0,0.0
2024-09-01 23:00:00,0.0,0.0
2024-09-02 00:00:00,0.0,0.0
2024-09-02 01:00:00,0.0,0.0
2024-09-02 02:00:00,0.0,0.0
2024-09-02 03:00:00,0.0,0.0
2024-09-02 04:00:00,0.0,0.0
2024-09-02 05:00:00,0.0,0.0
2024-09-02 06:00:00,0.0,0.0
2024-09-02 07:00:00,0.0,0.0
2024-09-02 08:00:00,0.0,0.0
2024-09-02 09:00:00,0.0,0.0
2024-09-02 10:00:00,0.10839699797716411,0.10839699797716411
2024-09-02 11:00:00,0.43447664654242635,0.43447664654242635
2024-09-02 12:00:00,0.6644006096255496,0.6644006096255496
2024-09-02 13:00:00,1.2794196738164643,1.2794196738164643
2024-09-02 14:00:00,2.005880490736793,2.005880490736793
2024-09-02 15:00:00,2.5316341835334777,2.5316341835334777
2024-09-02 16:00:00,2.5713746450021207,2.5713746450021207
2024-09-02 17:00:00,2.8546764602400265,2.8546764602400265
2024-09-02 18:00:00,3.4622091267424175,3.4622091267424175
2024-09-02 19:00:00,3.167674702241754,3.167674702241754
2024-09-02 20:00:00,3.354365748858122,3.354365748858122
2024-09-02 21:00:00,3.1609737938951543,3.1609737938951543
2024-09-02 22:00:00,0.0,0.0
2024-09-02 23:00:00,0.0,0.0
2024-09-03 00:00:00,0.0,0.0
2024-09-03 01:00:00,0.0,0.0
2024-09-03 02:00:00,0.0,0.0
2024-09-03 03:00:00,0.0,0.0
2024-09-03 04:00:00,0.0,0.0
2024-09-03 05:00:00,0.0,0.0
2024-09-03 06:00:00,0.0,0.0
2024-09-03 07:00:00,0.0,0.0
2024-09-03 08:00:00,0.0,0.0
2024-09-03 09:00:00,0.0,0.0
2024-09-03 10:00:00,0.10466428325023373,0.10466428325023373
2024-09-03 11:00:00,0.3749210157078648,0.3749210157078648
2024-09-03 12:00:00,0.7270158506250884,0.7270158506250884
2024-09-03 13:00:00,1.3514435790132941,1.3514435790132941
2024-09-03 14:00:00,1.880330931400478,1.880330931400478
2024-09-03 15:00:00,2.458640692338533,2.458640692338533
2024-09-03 16:00:00,2.7642356352125277,2.7642356352125277
2024-09-03 17:00:00,3.762254208004874,3.762254208004874
2024-09-03 18:00:00,3.684988296892116,3.684988296892116
2024-09-03 19:00:00,3.9885586141152145,3.9885586141152145
2024-09-03 20:00:00,2.895638794257845,2.895638794257845
2024-09-03 21:00:00,4.248314584460535,4.248314584460535
2024-09-03 22:00:00,0.0,0.0
2024-09-03 23:00:00,0.0,0.0
2024-09-04 00:00:00,0.0,0.0
2024-09-04 01:00:00,0.0,0.0
2024-09-04 02:00:00,0.0,0.0
2024-09-04 03:00:00,0.0,0.0
2024-09-04 04:00:00,0.0,0.0
2024-09-04 05:00:00,0.0,0.0
2024-09-04 06:00:00,0.0,0.0
2024-09-04 07:00:00,0.0,0.0
2024-09-04 08:00:00,0.0,0.0
2024-09-04 09:00:00,0.0,0.0
2024-09-04 10:00:00,0.12056845418762678,0.12056845418762678
2024-09-04 11:00:00,0.4274848204759984,0.4274848204759984
2024-09-04 12:00:00,0.8298469932921232,0.8298469932921232
2024-09-04 13:00:00,1.3656674026117668,1.3656674026117668
2024-09-04 14:00:00,2.0052717406677902,2.0052717406677902
2024-09-04 15:00:00,2.4169679116874554,2.4169679116874554
2024-09-04 16:00:00,2.640470071291063,2.640470071291063
2024-09-04 17:00:00,3.4980625874713414,3.4980625874713414
2024-09-04 18:00:00,3.5274338771152376,3.5274338771152376
2024-09-04 19:00:00,3.7065442880946673,3.7065442880946673
2024-09-04 20:00:00,2.9685756511523254,2.9685756511523254
2024-09-04 21:00:00,3.9536977841870646,3.9536977841870646
2024-09-04 22:00:00,0.0,0.0
2024-09-04 23:00:00,0.0,0.0
2024-09-05 00:00:00,0.0,0.0
2024-09-05 01:00:00,0.0,0.0
2024-09-05 02:00:00,0.0,0.0
2024-09-05 03:00:00,0.0,0.0
2024-09-05 04:00:00,0.0,0.0
2024-09-05 05:00:00,0.0,0.0
2024-09-05 06:00:00,0.0,0.0
2024-09-05 07:00:00,0.0,0.0
2024-09-05 08:00:00,0.0,0.0
2024-09-05 09:00:00,0.0,0.0
2024-09-05 10:00:00,0.13635274699926758,0.13635274699926758
2024-09-05 11:00:00,0.4046919897854488,0.4046919897854488
2024-09-05 12:00:00,0.9916277658516526,0.9916277658516526
2024-09-05 13:00:00,1.679133682095722,1.679133682095722
2024-09-05 14:00:00,2.526522841671989,2.526522841671989
2024-09-05 15:00:00,2.8243529228485658,2.8243529228485658
2024-09-05 16:00:00,3.525017763912482,3.525017763912482
2024-09-05 17:00:00,3.7501838990149077,3.7501838990149077
2024-09-05 18:00:00,3.845504713641777,3.845504713641777
2024-09-05 19:00:00,4.095916446018697,4.095916446018697
2024-09-05 20:00:00,4.057871839940169,4.057871839940169
2024-09-05 21:00:00,3.7648471105396153,3.7648471105396153
2024-09-05 22:00:00,0.0,0.0
2024-09-05 23:00:00,0.0,0.0
2024-09-06 00:00:00,0.0,0.0
2024-09-06 01:00:00,0.0,0.0
2024-09-06 02:00:00,0.0,0.0
2024-09-06 03:00:00,0.0,0.0
2024-09-06 04:00:00,0.0,0.0
2024-09-06 05:00:00,0.0,0.0
2024-09-06 06:00:00,0.0,0.0
2024-09-06 07:00:00,0.0,0.0
2024-09-06 08:00:00,0.0,0.0
2024-09-06 09:00:00,0.0,0.0
2024-09-06 10:00:00,0.11587247060131803,0.11587247060131803
2024-09-06 11:00:00,0.4411588250453768,0.4411588250453768
2024-09-06 12:00:00,0.8660599928621673,0.8660599928621673
2024-09-06 13:00:00,1.1502913772111714,1.1502913772111714
2024-09-06 14:00:00,2.2641734273695975,2.2641734273695975
2024-09-06 15:00:00,2.809647669529185,2.809647669529185
2024-09-06 16:00:00,2.922032036675737,2.922032036675737
2024-09-06 17:00:00,2.6661406469477966,2.6661406469477966
2024-09-06 18:00:00,3.2650760613495105,3.2650760613495105
2024-09-06 19:00:00,4.122786277421472,4.122786277421472
2024-09-06 20:00:00,3.253217063014829,3.253217063014829
2024-09-06 21:00:00,4.081338586527025,4.081338586527025
2024-09-06 22:00:00,0.0,0.0
2024-09-06 23:00:00,0.0,0.0
2024-09-07 00:00:00,0.0,0.0
2024-09-07 01:00:00,0.0,0.0
2024-09-07 02:00:00,0.0,0.0
2024-09-07 03:00:00,0.0,0.0
2024-09-07 04:00:00,0.0,0.0
2024-09-07 05:00:00,0.0,0.0
2024-09-07 06:00:00,0.0,0.0
2024-09-07 07:00:00,0.0,0.0
2024-09-07 08:00:00,0.0,0.0
2024-09-07 09:00:00,0.0,0.0
2024-09-07 10:00:00,0.07611378625128137,0.07611378625128137
2024-09-07 11:00:00,0.2512605023406882,0.2512605023406882
2024-09-07 12:00:00,0.5625185912384935,0.5625185912384935
2024-09-07 13:00:00,0.8221235860173023,0.8221235860173023
2024-09-07 14:00:00,1.291364478167435,1.291364478167435
2024-09-07 15:00:00,1.8973147351896802,1.8973147351896802
2024-09-07 16:00:00,2.3445854506533674,2.3445854506533674
2024-09-07 17:00:00,2.053895750916492,2.053895750916492
2024-09-07 18:00:00,2.1033704293420783,2.1033704293420783
2024-09-07 19:00:00,2.9472449844717485,2.9472449844717485
2024-09-07 20:00:00,2.132098709935555,2.132098709935555
2024-09-07 21:00:00,2.449429620018167,2.449429620018167
2024-09-07 22:00:00,0.0,0.0
2024-09-07 23:00:00,0.0,0.0
2024-09-08 00:00:00,0.0,0.0
2024-09-08 01:00:00,0.0,0.0
2024-09-08 02:00:00,0.0,0.0
2024-09-08 03:00:00,0.0,0.0
2024-09-08 04:00:00,0.0,0.0
2024-09-08 05:00:00,0.0,0.0
2024-09-08 06:00:00,0.0,0.0
2024-09-08 07:00:00,0.0,0.0
2024-09-08 08:00:00,0.0,0.0
2024-09-08 09:00:00,0.0,0.0
2024-09-08 10:00:00,0.07255266693011243,0.07255266693011243
2024-09-08 11:00:00,0.2688851696019741,0.2688851696019741
2024-09-08 12:00:00,0.6775327293319541,0.6775327293319541
2024-09-08 13:00:00,1.0382184407012784,1.0382184407012784
2024-09-08 14:00:00,1.7487989588204818,1.7487989588204818
2024-09-08 15:00:00,2.331004500923046,2.331004500923046
2024-09-08 16:00:00,2.2327450976825878,2.2327450976825878
2024-09-08 17:00:00,2.3368299407468,2.3368299407468
2024-09-08 18:00:00,2.499025561780272,2.499025561780272
2024-09-08 19:00:00,2.721968305535712,2.721968305535712
2024-09-08 20:00:00,2.5824676073265347,2.5824676073265347
2024-09-08 21:00:00,2.6762326513880708,2.6762326513880708
2024-09-08 22:00:00,0.0,0.0
2024-09-08 23:00:00,0.0,0.0
2024-09-09 00:00:00,0.0,0.0
2024-09-09 01:00:00,0.0,0.0
2024-09-09 02:00:00,0.0,0.0
2024-09-09 03:00:00,0.0,0.0
2024-09-09 04:00:00,0.0,0.0
2024-09-09 05:00:00,0.0,0.0
2024-09-09 06:00:00,0.0,0.0
2024-09-09 07:00:00,0.0,0.0
2024-09-09 08:00:00,0.0,0.0
2024-09-09 09:00:00,0.0,0.0
2024-09-09 10:00:00,0.1072740161447853,0.1072740161447853
2024-09-09 11:00:00,0.39400072879416637,0.39400072879416637
2024-09-09 12:00:00,0.7334978365349408,0.7334978365349408
2024-09-09 13:00:00,1.2789695049732486,1.2789695049732486
2024-09-09 14:00:00,1.8898492761078516,1.8898492761078516
2024-09-09 15:00:00,2.479502172654134,2.479502172654134
2024-09-09 16:00:00,2.4350920276726535,2.4350920276726535
2024-09-09 17:00:00,2.8396537044222536,2.8396537044222536
2024-09-09 18:00:00,3.147615978731669,3.147615978731669
2024-09-09 19:00:00,3.872768248401176,3.872768248401176
2024-09-09 20:00:00,2.851576548809593,2.851576548809593
2024-09-09 21:00:00,3.7769905446190233,3.7769905446190233
2024-09-09 22:00:00,0.0,0.0
2024-09-09 23:00:00,0.0,0.0
2024-09-10 00:00:00,0.0,0.0
2024-09-10 01:00:00,0.0,0.0
2024-09-10 02:00:00,0.0,0.0
2024-09-10 03:00:00,0.0,0.0
2024-09-10 04:00:00,0.0,0.0
2024-09-10 05:00:00,0.0,0.0
2024-09-10 06:00:00,0.0,0.0
2024-09-10 07:00:00,0.0,0.0
2024-09-10 08:00:00,0.0,0.0
2024-09-10 09:00:00,0.0,0.0
2024-09-10 10:00:00,0.11507119962609516,0.11507119962609516
2024-09-10 11:00:00,0.35940306228137214,0.35940306228137214
2024-09-10 12:00:00,0.8991341372664647,0.8991341372664647
2024-09-10 13:00:00,1.5227576568819565,1.5227576568819565
2024-09-10 14:00:00,1.941259608196853,1.941259608196853
2024-09-10 15:00:00,2.600643968553835,2.600643968553835
2024-09-10 16:00:00,2.5375473131292017,2.5375473131292017
2024-09-10 17:00:00,2.8652158030613704,2.8652158030613704
2024-09-10 18:00:00,2.8535352057951227,2.8535352057951227
2024-09-10 19:00:00,3.49892624127506,3.49892624127506
2024-09-10 20:00:00,3.1853602490124175,3.1853602490124175
2024-09-10 21:00:00,3.9446702276855494,3.9446702276855494
2024-09-10 22:00:00,0.0,0.0
2024-09-10 23:00:00,0.0,0.0
2024-09-11 00:00:00,0.0,0.0
2024-09-11 01:00:00,0.0,0.0
2024-09-11 02:00:00,0.0,0.0
2024-09-11 03:00:00,0.0,0.0
2024-09-11 04:00:00,0.0,0.0
2024-09-11 05:00:00,0.0,0.0
2024-09-11 06:00:00,0.0,0.0
2024-09-11 07:00:00,0.0,0.0
2024-09-11 08:00:00,0.0,0.0
2024-09-11 09:00:00,0.0,0.0
2024-09-11 10:00:00,0.10313198727802743,0.10313198727802743
2024-09-11 11:00:00,0.4328695572082316,0.4328695572082316
2024-09-11 12:00:00,0.9023225860403694,0.9023225860403694
2024-09-11 13:00:00,1.1988494232687017,1.1988494232687017
2024-09-11 14:00:00,2.360373469150618,2.360373469150618
2024-09-11 15:00:00,3.0347722826465184,3.0347722826465184
2024-09-11 16:00:00,2.8497210203703873,2.8497210203703873
2024-09-11 17:00:00,3.5047439914153764,3.5047439914153764
2024-09-11 18:00:00,3.50204903658624,3.50204903658624
2024-09-11 19:00:00,3.5843989484824386,3.5843989484824386
2024-09-11 20:00:00,3.2667569942205392,3.2667569942205392
2024-09-11 21:00:00,3.671329841190531,3.671329841190531
2024-09-11 22:00:00,0.0,0.0
2024-09-11 23:00:00,0.0,0.0
2024-09-12 00:00:00,0.0,0.0
2024-09-12 01:00:00,0.0,0.0
2024-09-12 02:00:00,0.0,0.0
2024-09-12 03:00:00,0.0,0.0
2024-09-12 04:00:00,0.0,0.0
2024-09-12 05:00:00,0.0,0.0
2024-09-12 06:00:00,0.0,0.0
2024-09-12 07:00:00,0.0,0.0
2024-09-12 08:00:00,0.0,0.0
2024-09-12 09:00:00,0.0,0.0
2024-09-12 10:00:00,0.12988495128800448,0.12988495128800448
2024-09-12 11:00:00,0.47315021582489913,0.47315021582489913
2024-09-12 12:00:00,0.7576337142989807,0.7576337142989807
2024-09-12 13:00:00,1.3791778023530432,1.3791778023530432
2024-09-12 14:00:00,2.2230510305625395,2.2230510305625395
2024-09-12 15:00:00,3.228960165854128,3.228960165854128
2024-09-12 16:00:00,3.0748194383435834,3.0748194383435834
2024-09-12 17:00:00,3.57884461706538,3.57884461706538
2024-09-12 18:00:00,3.206864854374706,3.206864854374706
2024-09-12 19:00:00,4.2121588392871265,4.2121588392871265
2024-09-12 20:00:00,3.426393275969391,3.426393275969391
2024-09-12 21:00:00,4.140295152714048,4.140295152714048
2024-09-12 22:00:00,0.0,0.0
2024-09-12 23:00:00,0.0,0.0
2024-09-13 00:00:00,0.0,0.0
2024-09-13 01:00:00,0.0,0.0
2024-09-13 02:00:00,0.0,0.0
2024-09-13 03:00:00,0.0,0.0
2024-09-13 04:00:00,0.0,0.0
2024-09-13 05:00:00,0.0,0.0
2024-09-13 06:00:00,0.0,0.0
2024-09-13 07:00:00,0.0,0.0
2024-09-13 08:00:00,0.0,0.0
2024-09-13 09:00:00,0.0,0.0
2024-09-13 10:00:00,0.10978095403868675,0.10978095403868675
2024-09-13 11:00:00,0.4250290121759176,0.4250290121759176
2024-09-13 12:00:00,0.9800663335240589,0.9800663335240589
2024-09-13 13:00:00,1.6147109214236068,1.6147109214236068
2024-09-13 14:00:00,2.0784895110090966,2.0784895110090966
2024-09-13 15:00:00,3.1052382531230243,3.1052382531230243
2024-09-13 16:00:00,2.723681446441316,2.723681446441316
2024-09-13 17:00:00,3.6728847541134346,3.6728847541134346
2024-09-13 18:00:00,2.9674681707435524,2.9674681707435524
2024-09-13 19:00:00,4.270299992651852,4.270299992651852
2024-09-13 20:00:00,3.3329919126563965,3.3329919126563965
2024-09-13 21:00:00,3.5343114061530705,3.5343114061530705
2024-09-13 22:00:00,0.0,0.0
2024-09-13 23:00:00,0.0,0.0
2024-09-14 00:00:00,0.0,0.0
2024-09-14 01:00:00,0.0,0.0
2024-09-14 02:00:00,0.0,0.0
2024-09-14 03:00:00,0.0,0.0
2024-09-14 04:00:00,0.0,0.0
2024-09-14 05:00:00,0.0,0.0
2024-09-14 06:00:00,0.0,0.0
2024-09-14 07:00:00,0.0,0.0
2024-09-14 08:00:00,0.0,0.0
2024-09-14 09:00:00,0.0,0.0
2024-09-14 10:00:00,0.09441740508573596,0.09441740508573596
2024-09-14 11:00:00,0.2619726422856382,0.2619726422856382
2024-09-14 12:00:00,0.6458856548644972,0.6458856548644972
2024-09-14 13:00:00,0.9345154368217329,0.9345154368217329
2024-09-14 14:00:00,1.4461351110161051,1.4461351110161051
2024-09-14 15:00:00,1.8827471731270846,1.8827471731270846
2024-09-14 16:00:00,2.0026887410043117,2.0026887410043117
2024-09-14 17:00:00,2.085952397387593,2.085952397387593
2024-09-14 18:00:00,2.1287428765429905,2.1287428765429905
2024-09-14 19:00:00,3.045253039705677,3.045253039705677
2024-09-14 20:00:00,2.2817694481870636,2.2817694481870636
2024-09-14 21:00:00,2.97405998500967,2.97405998500967
2024-09-14 22:00:00,0.0,0.0
2024-09-14 23:00:00,0.0,0.0
2024-09-15 00:00:00,0.0,0.0
2024-09-15 01:00:00,0.0,0.0
2024-09-15 02:00:00,0.0,0.0
2024-09-15 03:00:00,0.0,0.0
2024-09-15 04:00:00,0.0,0.0
2024-09-15 05:00:00,0.0,0.0
2024-09-15 06:00:00,0.0,0.0
2024-09-15 07:00:00,0.0,0.0
2024-09-15 08:00:00,0.0,0.0
2024-09-15 09:00:00,0.0,0.0
2024-09-15 10:00:00,0.08016508207205024,0.08016508207205024
2024-09-15 11:00:00,0.2960995640467778,0.2960995640467778
2024-09-15 12:00:00,0.6124280413894211,0.6124280413894211
2024-09-15 13:00:00,1.0619276687461006,1.0619276687461006
2024-09-15 14:00:00,1.640241427118872,1.640241427118872
2024-09-15 15:00:00,2.124776298606787,2.124776298606787
2024-09-15 16:00:00,2.1149938236886228,2.1149938236886228
2024-09-15 17:00:00,2.2474479173133415,2.2474479173133415
2024-09-15 18:00:00,2.3528882072975823,2.3528882072975823
2024-09-15 19:00:00,2.962367955355306,2.962367955355306
2024-09-15 20:00:00,2.7929268882431697,2.7929268882431697
2024-09-15 21:00:00,3.02057734780675,3.02057734780675
2024-09-15 22:00:00,0.0,0.0
2024-09-15 23:00:00,0.0,0.0
2024-09-16 00:00:00,0.0,0.0
2024-09-16 01:00:00,0.0,0.0
2024-09-16 02:00:00,0.0,0.0
2024-09-16 03:00:00,0.0,0.0
2024-09-16 04:00:00,0.0,0.0
2024-09-16 05:00:00,0.0,0.0
2024-09-16 06:00:00,0.0,0.0
2024-09-16 07:00:00,0.0,0.0
2024-09-16 08:00:00,0.0,0.0
2024-09-16 09:00:00,0.0,0.0
2024-09-16 10:00:00,0.11511530427769162,0.11511530427769162
2024-09-16 11:00:00,0.42189189162605467,0.42189189162605467
2024-09-16 12:00:00,0.8773954615863774,0.8773954615863774
2024-09-16 13:00:00,1.4197106460285562,1.4197106460285562
2024-09-16 14:00:00,2.170894492390466,2.170894492390466
2024-09-16 15:00:00,3.1890966455548004,3.1890966455548004
2024-09-16 16:00:00,3.0249368887435817,3.0249368887435817
2024-09-16 17:00:00,3.0157038179066387,3.0157038179066387
2024-09-16 18:00:00,2.9226137536157175,2.9226137536157175
2024-09-16 19:00:00,4.007364380818448,4.007364380818448
2024-09-16 20:00:00,3.2699072216179226,3.2699072216179226
2024-09-16 21:00:00,4.018384718321664,4.018384718321664
2024-09-16 22:00:00,0.0,0.0
2024-09-16 23:00:00,0.0,0.0
2024-09-17 00:00:00,0.0,0.0
2024-09-17 01:00:00,0.0,0.0
2024-09-17 02:00:00,0.0,0.0
2024-09-17 03:00:00,0.0,0.0
2024-09-17 04:00:00,0.0,0.0
2024-09-17 05:00:00,0.0,0.0
2024-09-17 06:00:00,0.0,0.0
2024-09-17 07:00:00,0.0,0.0
2024-09-17 08:00:00,0.0,0.0
2024-09-17 09:00:00,0.0,0.0
2024-09-17 10:00:00,0.12124407941811804,0.12124407941811804
2024-09-17 11:00:00,0.42969252210355,0.42969252210355
2024-09-17 12:00:00,0.9374403487345977,0.9374403487345977
2024-09-17 13:00:00,1.3253155598475577,1.3253155598475577
2024-09-17 14:00:00,2.5534742079948956,2.5534742079948956
2024-09-17 15:00:00,3.3744361642343774,3.3744361642343774
2024-09-17 16:00:00,3.412142207842972,3.412142207842972
2024-09-17 17:00:00,3.0858657135641967,3.0858657135641967
2024-09-17 18:00:00,2.9264787580759273,2.9264787580759273
2024-09-17 19:00:00,4.3546129247726,4.3546129247726
2024-09-17 20:00:00,3.3442005040963734,3.3442005040963734
2024-09-17 21:00:00,4.259474233784005,4.259474233784005
2024-09-17 22:00:00,0.0,0.0
2024-09-17 23:00:00,0.0,0.0
2024-09-18 00:00:00,0.0,0.0
2024-09-18 01:00:00,0.0,0.0
2024-09-18 02:00:00,0.0,0.0
2024-09-18 03:00:00,0.0,0.0
2024-09-18 04:00:00,0.0,0.0
2024-09-18 05:00:00,0.0,0.0
2024-09-18 06:00:00,0.0,0.0
2024-09-18 07:00:00,0.0,0.0
2024-09-18 08:00:00,0.0,0.0
2024-09-18 09:00:00,0.0,0.0
2024-09-18 10:00:00,0.11600700321540897,0.11600700321540897
2024-09-18 11:00:00,0.3971523109338123,0.3971523109338123
2024-09-18 12:00:00,0.8441676667737099,0.8441676667737099
2024-09-18 13:00:00,1.1854415169581218,1.1854415169581218
2024-09-18 14:00:00,2.1042334364682604,2.1042334364682604
2024-09-18 15:00:00,2.5209407285331173,2.5209407285331173
2024-09-18 16:00:00,2.7023496378726026,2.7023496378726026
2024-09-18 17:00:00,3.1344035981554845,3.1344035981554845
2024-09-18 18:00:00,2.741077188294488,2.741077188294488
2024-09-18 19:00:00,4.171075684669459,4.171075684669459
2024-09-18 20:00:00,2.9054720275698354,2.9054720275698354
2024-09-18 21:00:00,3.6304767751588427,3.6304767751588427
2024-09-18 22:00:00,0.0,0.0
2024-09-18 23:00:00,0.0,0.0
2024-09-19 00:00:00,0.0,0.0
2024-09-19 01:00:00,0.0,0.0
2024-09-19 02:00:00,0.0,0.0
2024-09-19 03:00:00,0.0,0.0
2024-09-19 04:00:00,0.0,0.0
2024-09-19 05:00:00,0.0,0.0
2024-09-19 06:00:00,0.0,0.0
2024-09-19 07:00:00,0.0,0.0
2024-09-19 08:00:00,0.0,0.0
2024-09-19 09:00:00,0.0,0.0
2024-09-19 10:00:00,0.10981527458490416,0.10981527458490416
2024-09-19 11:00:00,0.46281458451032553,0.46281458451032553
2024-09-19 12:00:00,0.9110837807068058,0.9110837807068058
2024-09-19 13:00:00,1.4628198863550754,1.4628198863550754
2024-09-19 14:00:00,2.41403413330149,2.41403413330149
2024-09-19 15:00:00,3.4602325333765624,3.4602325333765624
2024-09-19 16:00:00,3.1032965543251625,3.1032965543251625
2024-09-19 17:00:00,3.5362337706362332,3.5362337706362332
2024-09-19 18:00:00,3.4979135348448023,3.4979135348448023
2024-09-19 19:00:00,4.0428892845575755,4.0428892845575755
2024-09-19 20:00:00,3.198352405930198,3.198352405930198
2024-09-19 21:00:00,4.434411564594256,4.434411564594256
2024-09-19 22:00:00,0.0,0.0
2024-09-19 23:00:00,0.0,0.0
2024-09-20 00:00:00,0.0,0.0
2024-09-20 01:00:00,0.0,0.0
2024-09-20 02:00:00,0.0,0.0
2024-09-20 03:00:00,0.0,0.0
2024-09-20 04:00:00,0.0,0.0
2024-09-20 05:00:00,0.0,0.0
2024-09-20 06:00:00,0.0,0.0
2024-09-20 07:00:00,0.0,0.0
2024-09-20 08:00:00,0.0,0.0
2024-09-20 09:00:00,0.0,0.0
2024-09-20 10:00:00,0.13837309223811262,0.13837309223811262
2024-09-20 11:00:00,0.45274470692040686,0.45274470692040686
2024-09-20 12:00:00,0.8324151574333801,0.8324151574333801
2024-09-20 13:00:00,1.415646375144918,1.415646375144918
2024-09-20 14:00:00,1.9834299202314944,1.9834299202314944
2024-09-20 15:00:00,3.4758564600742354,3.4758564600742354
2024-09-20 16:00:00,3.284973883253034,3.284973883253034
2024-09-20 17:00:00,3.4111136295009006,3.4111136295009006
2024-09-20 18:00:00,3.1490567887353973,3.1490567887353973
2024-09-20 19:00:00,3.7234130334897535,3.7234130334897535
2024-09-20 20:00:00,4.084550694445055,4.084550694445055
2024-09-20 21:00:00,4.4946382953895245,4.4946382953895245
2024-09-20 22:00:00,0.0,0.0
2024-09-20 23:00:00,0.0,0.0
2024-09-21 00:00:00,0.0,0.0
2024-09-21 01:00:00,0.0,0.0
2024-09-21 02:00:00,0.0,0.0
2024-09-21 03:00:00,0.0,0.0
2024-09-21 04:00:00,0.0,0.0
2024-09-21 05:00:00,0.0,0.0
2024-09-21 06:00:00,0.0,0.0
2024-09-21 07:00:00,0.0,0.0
2024-09-21 08:00:00,0.0,0.0
2024-09-21 09:00:00,0.0,0.0
2024-09-21 10:00:00,0.09462834170256403,0.09462834170256403
2024-09-21 11:00:00,0.3040398430802002,0.3040398430802002
2024-09-21 12:00:00,0.6906337015903511,0.6906337015903511
2024-09-21 13:00:00,0.8914836668931881,0.8914836668931881
2024-09-21 14:00:00,1.7417669123472357,1.7417669123472357
2024-09-21 15:00:00,1.991510286726386,1.991510286726386
2024-09-21 16:00:00,2.3735029053410095,2.3735029053410095
2024-09-21 17:00:00,2.5605873217112225,2.5605873217112225
2024-09-21 18:00:00,2.6209617205971476,2.6209617205971476
2024-09-21 19:00:00,2.4881957981066445,2.4881957981066445
2024-09-21 20:00:00,2.558816117700452,2.558816117700452
2024-09-21 21:00:00,3.1289173331096567,3.1289173331096567
2024-09-21 22:00:00,0.0,0.0
2024-09-21 23:00:00,0.0,0.0
2024-09-22 00:00:00,0.0,0.0
2024-09-22 01:00:00,0.0,0.0
2024-09-22 02:00:00,0.0,0.0
2024-09-22 03:00:00,0.0,0.0
2024-09-22 04:00:00,0.0,0.0
2024-09-22 05:00:00,0.0,0.0
2024-09-22 06:00:00,0.0,0.0
2024-09-22 07:00:00,0.0,0.0
2024-09-22 08:00:00,0.0,0.0
2024-09-22 09:00:00,0.0,0.0
2024-09-22 10:00:00,0.09333625910704767,0.09333625910704767
2024-09-22 11:00:00,0.3022806221800363,0.3022806221800363
2024-09-22 12:00:00,0.6145224125480099,0.6145224125480099
2024-09-22 13:00:00,0.9630734465041062,0.9630734465041062
2024-09-22 14:00:00,1.4046452411667225,1.4046452411667225
2024-09-22 15:00:00,2.124549447529526,2.124549447529526
2024-09-22 16:00:00,2.4024942562899514,2.4024942562899514
2024-09-22 17:00:00,2.1797553202062883,2.1797553202062883
2024-09-22 18:00:00,2.555599153145405,2.555599153145405
2024-09-22 19:00:00,2.9818119462212285,2.9818119462212285
2024-09-22 20:00:00,2.4029058693803957,2.4029058693803957
2024-09-22 21:00:00,3.076539497381473,3.076539497381473
2024-09-22 22:00:00,0.0,0.0
2024-09-22 23:00:00,0.0,0.0
2024-09-23 00:00:00,0.0,0.0
2024-09-23 01:00:00,0.0,0.0
2024-09-23 02:00:00,0.0,0.0
2024-09-23 03:00:00,0.0,0.0
2024-09-23 04:00:00,0.0,0.0
2024-09-23 05:00:00,0.0,0.0
2024-09-23 06:00:00,0.0,0.0
2024-09-23 07:00:00,0.0,0.0
2024-09-23 08:00:00,0.0,0.0
2024-09-23 09:00:00,0.0,0.0
2024-09-23 10:00:00,0.09795131141179396,0.09795131141179396
2024-09-23 11:00:00,0.4617816477271022,0.4617816477271022
2024-09-23 12:00:00,0.8197673527361161,0.8197673527361161
2024-09-23 13:00:00,1.2700172244733037,1.2700172244733037
2024-09-23 14:00:00,1.8308979447582854,1.8308979447582854
2024-09-23 15:00:00,2.9564139446988507,2.9564139446988507
2024-09-23 16:00:00,2.6243123939743738,2.6243123939743738
2024-09-23 17:00:00,3.367952626810585,3.367952626810585
2024-09-23 18:00:00,3.3995951985682296,3.3995951985682296
2024-09-23 19:00:00,3.2528787912789197,3.2528787912789197
2024-09-23 20:00:00,3.4731990759489055,3.4731990759489055
2024-09-23 21:00:00,4.234698034235338,4.234698034235338
2024-09-23 22:00:00,0.0,0.0
2024-09-23 23:00:00,0.0,0.0
2024-09-24 00:00:00,0.0,0.0
2024-09-24 01:00:00,0.0,0.0
2024-09-24 02:00:00,0.0,0.0
2024-09-24 03:00:00,0.0,0.0
2024-09-24 04:00:00,0.0,0.0
2024-09-24 05:00:00,0.0,0.0
2024-09-24 06:00:00,0.0,0.0
2024-09-24 07:00:00,0.0,0.0
2024-09-24 08:00:00,0.0,0.0
2024-09-24 09:00:00,0.0,0.0
2024-09-24 10:00:00,0.11996434235448564,0.11996434235448564
2024-09-24 11:00:00,0.3769232129758145,0.3769232129758145
2024-09-24 12:00:00,0.7375832364907029,0.7375832364907029
2024-09-24 13:00:00,1.482406080980217,1.482406080980217
2024-09-24 14:00:00,1.9007187128890881,1.9007187128890881
2024-09-24 15:00:00,2.7733589261137888,2.7733589261137888
2024-09-24 16:00:00,3.2581861517518687,3.2581861517518687
2024-09-24 17:00:00,3.8104711614995495,3.8104711614995495
2024-09-24 18:00:00,3.5804591643428356,3.5804591643428356
2024-09-24 19:00:00,3.966649732228074,3.966649732228074
2024-09-24 20:00:00,3.3594374508688407,3.3594374508688407
2024-09-24 21:00:00,3.850057215881222,3.850057215881222
2024-09-24 22:00:00,0.0,0.0
2024-09-24 23:00:00,0.0,0.0
2024-09-25 00:00:00,0.0,0.0
2024-09-25 01:00:00,0.0,0.0
2024-09-25 02:00:00,0.0,0.0
2024-09-25 03:00:00,0.0,0.0
2024-09-25 04:00:00,0.0,0.0
2024-09-25 05:00:00,0.0,0.0
2024-09-25 06:00:00,0.0,0.0
2024-09-25 07:00:00,0.0,0.0
2024-09-25 08:00:00,0.0,0.0
2024-09-25 09:00:00,0.0,0.0
2024-09-25 10:00:00,0.10741932711815778,0.10741932711815778
2024-09-25 11:00:00,0.4312210223014274,0.4312210223014274
2024-09-25 12:00:00,0.8412566583949006,0.8412566583949006
2024-09-25 13:00:00,1.2819112896890776,1.2819112896890776
2024-09-25 14:00:00,2.079901605698003,2.079901605698003
2024-09-25 15:00:00,3.0114059493917673,3.0114059493917673
2024-09-25 16:00:00,2.5426915794780562,2.5426915794780562
2024-09-25 17:00:00,3.0409931710042124,3.0409931710042124
2024-09-25 18:00:00,2.779071630461091,2.779071630461091
2024-09-25 19:00:00,3.2339082934138816,3.2339082934138816
2024-09-25 20:00:00,3.0104675668223533,3.0104675668223533
2024-09-25 21:00:00,3.457029245668553,3.457029245668553
2024-09-25 22:00:00,0.0,0.0
2024-09-25 23:00:00,0.0,0.0
2024-09-26 00:00:00,0.0,0.0
2024-09-26 01:00:00,0.0,0.0
2024-09-26 02:00:00,0.0,0.0
2024-09-26 03:00:00,0.0,0.0
2024-09-26 04:00:00,0.0,0.0
2024-09-26 05:00:00,0.0,0.0
2024-09-26 06:00:00,0.0,0.0
2024-09-26 07:00:00,0.0,0.0
2024-09-26 08:00:00,0.0,0.0
2024-09-26 09:00:00,0.0,0.0
2024-09-26 10:00:00,0.12163593268344222,0.12163593268344222
2024-09-26 11:00:00,0.4040140726363,0.4040140726363
2024-09-26 12:00:00,0.9475306820029952,0.9475306820029952
2024-09-26 13:00:00,1.4224422050640484,1.4224422050640484
2024-09-26 14:00:00,2.154222893993124,2.154222893993124
2024-09-26 15:00:00,3.259290299323399,3.259290299323399
2024-09-26 16:00:00,2.9374054136132672,2.9374054136132672
2024-09-26 17:00:00,3.4352719090936428,3.4352719090936428
2024-09-26 18:00:00,3.526393629624566,3.526393629624566
2024-09-26 19:00:00,3.752705886792549,3.752705886792549
2024-09-26 20:00:00,3.5051777359562877,3.5051777359562877
2024-09-26 21:00:00,3.564056593969254,3.564056593969254
2024-09-26 22:00:00,0.0,0.0
2024-09-26 23:00:00,0.0,0.0
2024-09-27 00:00:00,0.0,0.0
2024-09-27 01:00:00,0.0,0.0
2024-09-27 02:00:00,0.0,0.0
2024-09-27 03:00:00,0.0,0.0
2024-09-27 04:00:00,0.0,0.0
2024-09-27 05:00:00,0.0,0.0
2024-09-27 06:00:00,0.0,0.0
2024-09-27 07:00:00,0.0,0.0
2024-09-27 08:00:00,0.0,0.0
2024-09-27 09:00:00,0.0,0.0
2024-09-27 10:00:00,0.14704894883336284,0.14704894883336284
2024-09-27 11:00:00,0.4437425363603301,0.4437425363603301
2024-09-27 12:00:00,0.921717173210719,0.921717173210719
2024-09-27 13:00:00,1.4218278160800017,1.4218278160800017
2024-09-27 14:00:00,2.4141231404795827,2.4141231404795827
2024-09-27 15:00:00,3.6054993853053734,3.6054993853053734
2024-09-27 16:00:00,3.6283030317497174,3.6283030317497174
2024-09-27 17:00:00,3.121836118611528,3.121836118611528
2024-09-27 18:00:00,3.3016601879464207,3.3016601879464207
2024-09-27 19:00:00,4.673962820121678,4.673962820121678
2024-09-27 20:00:00,3.9750614562301942,3.9750614562301942
2024-09-27 21:00:00,4.408332698111881,4.408332698111881
2024-09-27 22:00:00,0.0,0.0
2024-09-27 23:00:00,0.0,0.0
2024-09-28 00:00:00,0.0,0.0
2024-09-28 01:00:00,0.0,0.0
2024-09-28 02:00:00,0.0,0.0
2024-09-28 03:00:00,0.0,0.0
2024-09-28 04:00:00,0.0,0.0
2024-09-28 05:00:00,0.0,0.0
2024-09-28 06:00:00,0.0,0.0
2024-09-28 07:00:00,0.0,0.0
2024-09-28 08:00:00,0.0,0.0
2024-09-28 09:00:00,0.0,0.0
2024-09-28 10:00:00,0.07899782160629636,0.07899782160629636
2024-09-28 11:00:00,0.2612451780207164,0.2612451780207164
2024-09-28 12:00:00,0.6650921719345495,0.6650921719345495
2024-09-28 13:00:00,0.8328175104961206,0.8328175104961206
2024-09-28 14:00:00,1.6062395042157276,1.6062395042157276
2024-09-28 15:00:00,2.321181347531743,2.321181347531743
2024-09-28 16:00:00,2.1421142297225457,2.1421142297225457
2024-09-28 17:00:00,2.5953979860243312,2.5953979860243312
2024-09-28 18:00:00,2.3360519092593095,2.3360519092593095
2024-09-28 19:00:00,2.3159671792438767,2.3159671792438767
2024-09-28 20:00:00,2.504000094954994,2.504000094954994
2024-09-28 21:00:00,2.647531623973702,2.647531623973702
2024-09-28 22:00:00,0.0,0.0
2024-09-28 23:00:00,0.0,0.0
2024-09-29 00:00:00,0.0,0.0
2024-09-29 01:00:00,0.0,0.0
2024-09-29 02:00:00,0.0,0.0
2024-09-29 03:00:00,0.0,0.0
2024-09-29 04:00:00,0.0,0.0
2024-09-29 05:00:00,0.0,0.0
2024-09-29 06:00:00,0.0,0.0
2024-09-29 07:00:00,0.0,0.0
2024-09-29 08:00:00,0.0,0.0
2024-09-29 09:00:00,0.0,0.0
2024-09-29 10:00:00,0.09166947929201018,0.09166947929201018
2024-09-29 11:00:00,0.3531183762005327,0.3531183762005327
2024-09-29 12:00:00,0.6407685193189089,0.6407685193189089
2024-09-29 13:00:00,1.090279474916037,1.090279474916037
2024-09-29 14:00:00,1.785989503368149,1.785989503368149
2024-09-29 15:00:00,1.9794129171406927,1.9794129171406927
2024-09-29 16:00:00,2.1859690848260693,2.1859690848260693
2024-09-29 17:00:00,2.5171157393638195,2.5171157393638195
2024-09-29 18:00:00,2.2368448107724097,2.2368448107724097
2024-09-29 19:00:00,2.5930795542273106,2.5930795542273106
2024-09-29 20:00:00,2.6511854471259553,2.6511854471259553
2024-09-29 21:00:00,2.706705564902299,2.706705564902299
2024-09-29 22:00:00,0.0,0.0
2024-09-29 23:00:00,0.0,0.0
2024-09-30 00:00:00,0.0,0.0
2024-09-30 01:00:00,0.0,0.0
2024-09-30 02:00:00,0.0,0.0
2024-09-30 03:00:00,0.0,0.0
2024-09-30 04:00:00,0.0,0.0
2024-09-30 05:00:00,0.0,0.0
2024-09-30 06:00:00,0.0,0.0
2024-09-30 07:00:00,0.0,0.0
2024-09-30 08:00:00,0.0,0.0
2024-09-30 09:00:00,0.0,0.0
2024-09-30 10:00:00,0.14241685019423664,0.14241685019423664
2024-09-30 11:00:00,0.4238533824336769,0.4238533824336769
2024-09-30 12:00:00,0.8356907658390254,0.8356907658390254
2024-09-30 13:00:00,1.4613866595971452,1.4613866595971452
2024-09-30 14:00:00,2.2420061008467638,2.2420061008467638
2024-09-30 15:00:00,3.5447821092982665,3.5447821092982665
2024-09-30 16:00:00,2.9939342449098785,2.9939342449098785
2024-09-30 17:00:00,3.957961302891105,3.957961302891105
2024-09-30 18:00:00,3.125288050477369,3.125288050477369
2024-09-30 19:00:00,4.222737299239268,4.222737299239268
2024-09-30 20:00:00,3.560491741035921,3.560491741035921
2024-09-30 21:00:00,4.493736126657288,4.493736126657288
2024-09-30 22:00:00,0.0,0.0
2024-09-30 23:00:00,0.0,0.0
2024-10-01 00:00:00,0.0,0.0
2024-10-01 01:00:00,0.0,0.0
2024-10-01 02:00:00,0.0,0.0
2024-10-01 03:00:00,0.0,0.0
2024-10-01 04:00:00,0.0,0.0
2024-10-01 05:00:00,0.0,0.0
2024-10-01 06:00:00,0.0,0.0
2024-10-01 07:00:00,0.0,0.0
2024-10-01 08:00:00,0.0,0.0
2024-10-01 09:00:00,0.0,0.0
2024-10-01 10:00:00,0.13266008947862437,0.13266008947862437
2024-10-01 11:00:00,0.48446217887183035,0.48446217887183035
2024-10-01 12:00:00,0.9457798014648642,0.9457798014648642
2024-10-01 13:00:00,1.5951281776316735,1.5951281776316735
2024-10-01 14:00:00,2.348973480733682,2.348973480733682
2024-10-01 15:00:00,2.8775349726602766,2.8775349726602766
2024-10-01 16:00:00,3.6539019523997514,3.6539019523997514
2024-10-01 17:00:00,3.793575429784716,3.793575429784716
2024-10-01 18:00:00,3.082786867488528,3.082786867488528
2024-10-01 19:00:00,4.478483012860034,4.478483012860034
2024-10-01 20:00:00,4.224753759990953,4.224753759990953
2024-10-01 21:00:00,4.308095556543054,4.308095556543054
2024-10-01 22:00:00,0.0,0.0
2024-10-01 23:00:00,0.0,0.0
2024-10-02 00:00:00,0.0,0.0
2024-10-02 01:00:00,0.0,0.0
2024-10-02 02:00:00,0.0,0.0
2024-10-02 03:00:00,0.0,0.0
2024-10-02 04:00:00,0.0,0.0
2024-10-02 05:00:00,0.0,0.0
2024-10-02 06:00:00,0.0,0.0
2024-10-02 07:00:00,0.0,0.0
2024-10-02 08:00:00,0.0,0.0
2024-10-02 09:00:00,0.0,0.0
2024-10-02 10:00:00,0.1304794195791478,0.1304794195791478
2024-10-02 11:00:00,0.43007287120793447,0.43007287120793447
2024-10-02 12:00:00,0.941692256324121,0.941692256324121
2024-10-02 13:00:00,1.5934880711825585,1.5934880711825585
2024-10-02 14:00:00,2.4751000639687173,2.4751000639687173
2024-10-02 15:00:00,3.1610032085544293,3.1610032085544293
2024-10-02 16:00:00,3.3771422031616947,3.3771422031616947
2024-10-02 17:00:00,3.4033318443096103,3.4033318443096103
2024-10-02 18:00:00,3.1568005217769644,3.1568005217769644
2024-10-02 19:00:00,3.5595016928128236,3.5595016928128236
2024-10-02 20:00:00,3.037668505553875,3.037668505553875
2024-10-02 21:00:00,4.0882664600356,4.0882664600356
2024-10-02 22:00:00,0.0,0.0
2024-10-02 23:00:00,0.0,0.0
2024-10-03 00:00:00,0.0,0.0
2024-10-03 01:00:00,0.0,0.0
2024-10-03 02:00:00,0.0,0.0
2024-10-03 03:00:00,0.0,0.0
2024-10-03 04:00:00,0.0,0.0
2024-10-03 05:00:00,0.0,0.0
2024-10-03 06:00:00,0.0,0.0
2024-10-03 07:00:00,0.0,0.0
2024-10-03 08:00:00,0.0,0.0
2024-10-03 09:00:00,0.0,0.0
2024-10-03 10:00:00,0.11771679782438285,0.11771679782438285
2024-10-03 11:00:00,0.40410149863499273,0.40410149863499273
2024-10-03 12:00:00,0.7943026776898455,0.7943026776898455
2024-10-03 13:00:00,1.1779216189842137,1.1779216189842137
2024-10-03 14:00:00,1.8460255957369254,1.8460255957369254
2024-10-03 15:00:00,2.981031567201188,2.981031567201188
2024-10-03 16:00:00,2.8519254940955343,2.8519254940955343
2024-10-03 17:00:00,3.1482948631797125,3.1482948631797125
2024-10-03 18:00:00,3.3222454329986637,3.3222454329986637
2024-10-03 19:00:00,3.0737205633713676,3.0737205633713676
2024-10-03 20:00:00,3.290038152454365,3.290038152454365
2024-10-03 21:00:00,3.6876959063389485,3.6876959063389485
2024-10-03 22:00:00,0.0,0.0
2024-10-03 23:00:00,0.0,0.0
2024-10-04 00:00:00,0.0,0.0
2024-10-04 01:00:00,0.0,0.0
2024-10-04 02:00:00,0.0,0.0
2024-10-04 03:00:00,0.0,0.0
2024-10-04 04:00:00,0.0,0.0
2024-10-04 05:00:00,0.0,0.0
2024-10-04 06:00:00,0.0,0.0
2024-10-04 07:00:00,0.0,0.0
2024-10-04 08:00:00,0.0,0.0
2024-10-04 09:00:00,0.0,0.0
2024-10-04 10:00:00,0.13448589668885486,0.13448589668885486
2024-10-04 11:00:00,0.5098376170252545,0.5098376170252545
2024-10-04 12:00:00,0.8515813010804449,0.8515813010804449
2024-10-04 13:00:00,1.620031754901886,1.620031754901886
2024-10-04 14:00:00,2.450835130062259,2.450835130062259
2024-10-04 15:00:00,3.1622571369114474,3.1622571369114474
2024-10-04 16:00:00,3.115589879590563,3.115589879590563
2024-10-04 17:00:00,3.5961892455897,3.5961892455897
2024-10-04 18:00:00,3.52910270683758,3.52910270683758
2024-10-04 19:00:00,3.63006282887238,3.63006282887238
2024-10-04 20:00:00,3.831353930854992,3.831353930854992
2024-10-04 21:00:00,4.573663295466799,4.573663295466799
2024-10-04 22:00:00,0.0,0.0
2024-10-04 23:00:00,0.0,0.0
2024-10-05 00:00:00,0.0,0.0
2024-10-05 01:00:00,0.0,0.0
2024-10-05 02:00:00,0.0,0.0
2024-10-05 03:00:00,0.0,0.0
2024-10-05 04:00:00,0.0,0.0
2024-10-05 05:00:00,0.0,0.0
2024-10-05 06:00:00,0.0,0.0
2024-10-05 07:00:00,0.0,0.0
2024-10-05 08:00:00,0.0,0.0
2024-10-05 09:00:00,0.0,0.0
2024-10-05 10:00:00,0.09290055418916503,0.09290055418916503
2024-10-05 11:00:00,0.2913669723205205,0.2913669723205205
2024-10-05 12:00:00,0.5474780103597785,0.5474780103597785
2024-10-05 13:00:00,0.9028460736092769,0.9028460736092769
2024-10-05 14:00:00,1.7489987094464758,1.7489987094464758
2024-10-05 15:00:00,2.3298053033356734,2.3298053033356734
2024-10-05 16:00:00,2.3218780362001974,2.3218780362001974
2024-10-05 17:00:00,2.374440854058128,2.374440854058128
2024-10-05 18:00:00,2.525442230341588,2.525442230341588
2024-10-05 19:00:00,2.8766330011837233,2.8766330011837233
2024-10-05 20:00:00,2.6901652757939525,2.6901652757939525
2024-10-05 21:00:00,3.3077311681828108,3.3077311681828108
2024-10-05 22:00:00,0.0,0.0
2024-10-05 23:00:00,0.0,0.0
2024-10-06 00:00:00,0.0,0.0
2024-10-06 01:00:00,0.0,0.0
2024-10-06 02:00:00,0.0,0.0
2024-10-06 03:00:00,0.0,0.0
2024-10-06 04:00:00,0.0,0.0
2024-10-06 05:00:00,0.0,0.0
2024-10-06 06:00:00,0.0,0.0
2024-10-06 07:00:00,0.0,0.0
2024-10-06 08:00:00,0.0,0.0
2024-10-06 09:00:00,0.0,0.0
2024-10-06 10:00:00,0.09010854878572891,0.09010854878572891
2024-10-06 11:00:00,0.2604162410650545,0.2604162410650545
2024-10-06 12:00:00,0.6122015638886387,0.6122015638886387
2024-10-06 13:00:00,1.0510275890865894,1.0510275890865894
2024-10-06 14:00:00,1.4839942070333974,1.4839942070333974
2024-10-06 15:00:00,2.23805301204177,2.23805301204177
2024-10-06 16:00:00,2.068418871591926,2.068418871591926
2024-10-06 17:00:00,2.1918961459512665,2.1918961459512665
2024-10-06 18:00:00,2.439664917306256,2.439664917306256
2024-10-06 19:00:00,2.7143299496294673,2.7143299496294673
2024-10-06 20:00:00,2.1632797759797118,2.1632797759797118
2024-10-06 21:00:00,2.561697621361786,2.561697621361786
2024-10-06 22:00:00,0.0,0.0
2024-10-06 23:00:00,0.0,0.0
2024-10-07 00:00:00,0.0,0.0
2024-10-07 01:00:00,0.0,0.0
2024-10-07 02:00:00,0.0,0.0
2024-10-07 03:00:00,0.0,0.0
2024-10-07 04:00:00,0.0,0.0
2024-10-07 05:00:00,0.0,0.0
2024-10-07 06:00:00,0.0,0.0
2024-10-07 07:00:00,0.0,0.0
2024-10-07 08:00:00,0.0,0.0
2024-10-07 09:00:00,0.0,0.0
2024-10-07 10:00:00,0.13305338428216656,0.13305338428216656
2024-10-07 11:00:00,0.40198985306691176,0.40198985306691176
2024-10-07 12:00:00,0.7542610762930395,0.7542610762930395
2024-10-07 13:00:00,1.3031506709065057,1.3031506709065057
2024-10-07 14:00:00,2.449486587649715,2.449486587649715
2024-10-07 15:00:00,3.1665044043895296,3.1665044043895296
2024-10-07 16:00:00,2.6781092784342984,2.6781092784342984
2024-10-07 17:00:00,3.2542706662670304,3.2542706662670304
2024-10-07 18:00:00,3.527253188783051,3.527253188783051
2024-10-07 19:00:00,3.794879180997954,3.794879180997954
2024-10-07 20:00:00,2.9749838707801493,2.9749838707801493
2024-10-07 21:00:00,3.90277414186883,3.90277414186883
2024-10-07 22:00:00,0.0,0.0
2024-10-07 23:00:00,0.0,0.0
2024-10-08 00:00:00,0.0,0.0
2024-10-08 01:00:00,0.0,0.0
2024-10-08 02:00:00,0.0,0.0
2024-10-08 03:00:00,0.0,0.0
2024-10-08 04:00:00,0.0,0.0
2024-10-08 05:00:00,0.0,0.0
2024-10-08 06:00:00,0.0,0.0
2024-10-08 07:00:00,0.0,0.0
2024-10-08 08:00:00,0.0,0.0
2024-10-08 09:00:00,0.0,0.0
2024-10-08 10:00:00,0.09342307606046298,0.09342307606046298
2024-10-08 11:00:00,0.4455825427274572,0.4455825427274572
2024-10-08 12:00:00,0.870439215925507,0.870439215925507
2024-10-08 13:00:00,1.3359168167854627,1.3359168167854627
2024-10-08 14:00:00,2.0066219480157503,2.0066219480157503
2024-10-08 15:00:00,2.723687467815592,2.723687467815592
2024-10-08 16:00:00,2.9116133902953685,2.9116133902953685
2024-10-08 17:00:00,2.654108477913996,2.654108477913996
2024-10-08 18:00:00,3.3283023733580173,3.3283023733580173
2024-10-08 19:00:00,3.185847417345381,3.185847417345381
2024-10-08 20:00:00,3.3835697500467727,3.3835697500467727
2024-10-08 21:00:00,3.272686012346283,3.272686012346283
2024-10-08 22:00:00,0.0,0.0
2024-10-08 23:00:00,0.0,0.0
2024-10-09 00:00:00,0.0,0.0
2024-10-09 01:00:00,0.0,0.0
2024-10-09 02:00:00,0.0,0.0
2024-10-09 03:00:00,0.0,0.0
2024-10-09 04:00:00,0.0,0.0
2024-10-09 05:00:00,0.0,0.0
2024-10-09 06:00:00,0.0,0.0
2024-10-09 07:00:00,0.0,0.0
2024-10-09 08:00:00,0.0,0.0
2024-10-09 09:00:00,0.0,0.0
2024-10-09 10:00:00,0.1242699996206435,0.1242699996206435
2024-10-09 11:00:00,0.4753650871251607,0.4753650871251607
2024-10-09 12:00:00,0.9524594722830333,0.9524594722830333
2024-10-09 13:00:00,1.6357722952898215,1.6357722952898215
2024-10-09 14:00:00,2.3490661688314356,2.3490661688314356
2024-10-09 15:00:00,2.7979236865441393,2.7979236865441393
2024-10-09 16:00:00,2.862735555837553,2.862735555837553
2024-10-09 17:00:00,3.4458406915037223,3.4458406915037223
2024-10-09 18:00:00,4.022961966467136,4.022961966467136
2024-10-09 19:00:00,4.78871979460405,4.78871979460405
2024-10-09 20:00:00,3.3743119618202027,3.3743119618202027
2024-10-09 21:00:00,3.626484282645494,3.626484282645494
2024-10-09 22:00:00,0.0,0.0
2024-10-09 23:00:00,0.0,0.0
2024-10-10 00:00:00,0.0,0.0
2024-10-10 01:00:00,0.0,0.0
2024-10-10 02:00:00,0.0,0.0
2024-10-10 03:00:00,0.0,0.0
2024-10-10 04:00:00,0.0,0.0
2024-10-10 05:00:00,0.0,0.0
2024-10-10 06:00:00,0.0,0.0
2024-10-10 07:00:00,0.0,0.0
2024-10-10 08:00:00,0.0,0.0
2024-10-10 09:00:00,0.0,0.0
2024-10-10 10:00:00,0.1037043797102111,0.1037043797102111
2024-10-10 11:00:00,0.40545234203580466,0.40545234203580466
2024-10-10 12:00:00,0.8828966820320044,0.8828966820320044
2024-10-10 13:00:00,1.2699110562480425,1.2699110562480425
2024-10-10 14:00:00,2.1623079128018747,2.1623079128018747
2024-10-10 15:00:00,3.145733723325451,3.145733723325451
2024-10-10 16:00:00,3.1532153087574457,3.1532153087574457
2024-10-10 17:00:00,3.5150506035520617,3.5150506035520617
2024-10-10 18:00:00,2.8234330370849614,2.8234330370849614
2024-10-10 19:00:00,3.661833008195877,3.661833008195877
2024-10-10 20:00:00,2.982471718688011,2.982471718688011
2024-10-10 21:00:00,4.396262429788301,4.396262429788301
2024-10-10 22:00:00,0.0,0.0
2024-10-10 23:00:00,0.0,0.0
2024-10-11 00:00:00,0.0,0.0
2024-10-11 01:00:00,0.0,0.0
2024-10-11 02:00:00,0.0,0.0
2024-10-11 03:00:00,0.0,0.0
2024-10-11 04:00:00,0.0,0.0
2024-10-11 05:00:00,0.0,0.0
2024-10-11 06:00:00,0.0,0.0
2024-10-11 07:00:00,0.0,0.0
2024-10-11 08:00:00,0.0,0.0
2024-10-11 09:00:00,0.0,0.0
2024-10-11 10:00:00,0.11236255215005214,0.11236255215005214
2024-10-11 11:00:00,0.4020724144401184,0.4020724144401184
2024-10-11 12:00:00,0.8405720351524383,0.8405720351524383
2024-10-11 13:00:00,1.1639278802685533,1.1639278802685533
2024-10-11 14:00:00,1.9594357234168074,1.9594357234168074
2024-10-11 15:00:00,2.6294727194512584,2.6294727194512584
2024-10-11 16:00:00,2.9684422742202026,2.9684422742202026
2024-10-11 17:00:00,2.743119641299067,2.743119641299067
2024-10-11 18:00:00,3.0523863335788777,3.0523863335788777
2024-10-11 19:00:00,3.97486069827837,3.97486069827837
2024-10-11 20:00:00,3.0610128489622936,3.0610128489622936
2024-10-11 21:00:00,3.234406766403739,3.234406766403739
2024-10-11 22:00:00,0.0,0.0
2024-10-11 23:00:00,0.0,0.0
2024-10-12 00:00:00,0.0,0.0
2024-10-12 01:00:00,0.0,0.0
2024-10-12 02:00:00,0.0,0.0
2024-10-12 03:00:00,0.0,0.0
2024-10-12 04:00:00,0.0,0.0
2024-10-12 05:00:00,0.0,0.0
2024-10-12 06:00:00,0.0,0.0
2024-10-12 07:00:00,0.0,0.0
2024-10-12 08:00:00,0.0,0.0
2024-10-12 09:00:00,0.0,0.0
2024-10-12 10:00:00,0.08291484151852527,0.08291484151852527
2024-10-12 11:00:00,0.33096541718981004,0.33096541718981004
2024-10-12 12:00:00,0.556102603597132,0.556102603597132
2024-10-12 13:00:00,1.0259465211032828,1.0259465211032828
2024-10-12 14:00:00,1.4184992172597173,1.4184992172597173
2024-10-12 15:00:00,2.3184823719753194,2.3184823719753194
2024-10-12 16:00:00,2.195439970206484,2.195439970206484
2024-10-12 17:00:00,2.5876450681631225,2.5876450681631225
2024-10-12 18:00:00,2.089817484643537,2.089817484643537
2024-10-12 19:00:00,2.815738613527618,2.815738613527618
2024-10-12 20:00:00,2.3326890195267196,2.3326890195267196
2024-10-12 21:00:00,2.960906848053312,2.960906848053312
2024-10-12 22:00:00,0.0,0.0
2024-10-12 23:00:00,0.0,0.0
2024-10-13 00:00:00,0.0,0.0
2024-10-13 01:00:00,0.0,0.0
2024-10-13 02:00:00,0.0,0.0
2024-10-13 03:00:00,0.0,0.0
2024-10-13 04:00:00,0.0,0.0
2024-10-13 05:00:00,0.0,0.0
2024-10-13 06:00:00,0.0,0.0
2024-10-13 07:00:00,0.0,0.0
2024-10-13 08:00:00,0.0,0.0
2024-10-13 09:00:00,0.0,0.0
2024-10-13 10:00:00,0.08272211084038843,0.08272211084038843
2024-10-13 11:00:00,0.29124239317370876,0.29124239317370876
2024-10-13 12:00:00,0.6278657392251706,0.6278657392251706
2024-10-13 13:00:00,1.0589393155390248,1.0589393155390248
2024-10-13 14:00:00,1.6820325545622583,1.6820325545622583
2024-10-13 15:00:00,2.2941835663072907,2.2941835663072907
2024-10-13 16:00:00,2.4705333869657444,2.4705333869657444
2024-10-13 17:00:00,2.444127555472648,2.444127555472648
2024-10-13 18:00:00,2.405127014820981,2.405127014820981
2024-10-13 19:00:00,2.831863440556191,2.831863440556191
2024-10-13 20:00:00,2.5563313652681505,2.5563313652681505
2024-10-13 21:00:00,2.737902334541968,2.737902334541968
2024-10-13 22:00:00,0.0,0.0
2024-10-13 23:00:00,0.0,0.0
2024-10-14 00:00:00,0.0,0.0
2024-10-14 01:00:00,0.0,0.0
2024-10-14 02:00:00,0.0,0.0
2024-10-14 03:00:00,0.0,0.0
2024-10-14 04:00:00,0.0,0.0
2024-10-14 05:00:00,0.0,0.0
2024-10-14 06:00:00,0.0,0.0
2024-10-14 07:00:00,0.0,0.0
2024-10-14 08:00:00,0.0,0.0
2024-10-14 09:00:00,0.0,0.0
2024-10-14 10:00:00,0.11039770430482156,0.11039770430482156
2024-10-14 11:00:00,0.4785401217338284,0.4785401217338284
2024-10-14 12:00:00,0.9584937410178291,0.9584937410178291
2024-10-14 13:00:00,1.3890010317366197,1.3890010317366197
2024-10-14 14:00:00,2.430488401239461,2.430488401239461
2024-10-14 15:00:00,3.286495641097091,3.286495641097091
2024-10-14 16:00:00,2.7465702244223897,2.7465702244223897
2024-10-14 17:00:00,3.1747057623812256,3.1747057623812256
2024-10-14 18:00:00,3.745456297599532,3.745456297599532
2024-10-14 19:00:00,3.762618663578499,3.762618663578499
2024-10-14 20:00:00,3.295529020626644,3.295529020626644
2024-10-14 21:00:00,4.35036013018329,4.35036013018329
2024-10-14 22:00:00,0.0,0.0
2024-10-14 23:00:00,0.0,0.0
2024-10-15 00:00:00,0.0,0.0
2024-10-15 01:00:00,0.0,0.0
2024-10-15 02:00:00,0.0,0.0
2024-10-15 03:00:00,0.0,0.0
2024-10-15 04:00:00,0.0,0.0
2024-10-15 05:00:00,0.0,0.0
2024-10-15 06:00:00,0.0,0.0
2024-10-15 07:00:00,0.0,0.0
2024-10-15 08:00:00,0.0,0.0
2024-10-15 09:00:00,0.0,0.0
2024-10-15 10:00:00,0.1035300931868676,0.1035300931868676
2024-10-15 11:00:00,0.39244033382752,0.39244033382752
2024-10-15 12:00:00,0.8814640353124387,0.8814640353124387
2024-10-15 13:00:00,1.394959274144865,1.394959274144865
2024-10-15 14:00:00,2.268916349929003,2.268916349929003
2024-10-15 15:00:00,2.5127968496243813,2.5127968496243813
2024-10-15 16:00:00,3.0244636416629924,3.0244636416629924
2024-10-15 17:00:00,3.4171274476532862,3.4171274476532862
2024-10-15 18:00:00,2.8314551782515145,2.8314551782515145
2024-10-15 19:00:00,3.9160627230226326,3.9160627230226326
2024-10-15 20:00:00,3.5767800351305206,3.5767800351305206
2024-10-15 21:00:00,3.821200668880728,3.821200668880728
2024-10-15 22:00:00,0.0,0.0
2024-10-15 23:00:00,0.0,0.0
2024-10-16 00:00:00,0.0,0.0
2024-10-16 01:00:00,0.0,0.0
2024-10-16 02:00:00,0.0,0.0
2024-10-16 03:00:00,0.0,0.0
2024-10-16 04:00:00,0.0,0.0
2024-10-16 05:00:00,0.0,0.0
2024-10-16 06:00:00,0.0,0.0
2024-10-16 07:00:00,0.0,0.0
2024-10-16 08:00:00,0.0,0.0
2024-10-16 09:00:00,0.0,0.0
2024-10-16 10:00:00,0.12615825808726577,0.12615825808726577
2024-10-16 11:00:00,0.4251095894445549,0.4251095894445549
2024-10-16 12:00:00,0.9253546392384777,0.9253546392384777
2024-10-16 13:00:00,1.4080163075011782,1.4080163075011782
2024-10-16 14:00:00,2.1987219696474436,2.1987219696474436
2024-10-16 15:00:00,2.884884200807044,2.884884200807044
2024-10-16 16:00:00,2.933506659916122,2.933506659916122
2024-10-16 17:00:00,3.322060245023296,3.322060245023296
2024-10-16 18:00:00,3.355216479660467,3.355216479660467
2024-10-16 19:00:00,4.401218795195631,4.401218795195631
2024-10-16 20:00:00,3.9596590234705564,3.9596590234705564
2024-10-16 21:00:00,4.47164299403707,4.47164299403707
2024-10-16 22:00:00,0.0,0.0
2024-10-16 23:00:00,0.0,0.0
2024-10-17 00:00:00,0.0,0.0
2024-10-17 01:00:00,0.0,0.0
2024-10-17 02:00:00,0.0,0.0
2024-10-17 03:00:00,0.0,0.0
2024-10-17 04:00:00,0.0,0.0
2024-10-17 05:00:00,0.0,0.0
2024-10-17 06:00:00,0.0,0.0
2024-10-17 07:00:00,0.0,0.0
2024-10-17 08:00:00,0.0,0.0
2024-10-17 09:00:00,0.0,0.0
2024-10-17 10:00:00,0.11297191999595294,0.11297191999595294
2024-10-17 11:00:00,0.3725882719741376,0.3725882719741376
2024-10-17 12:00:00,0.6666057233211805,0.6666057233211805
2024-10-17 13:00:00,1.3951303806496522,1.3951303806496522
2024-10-17 14:00:00,2.063988476760949,2.063988476760949
2024-10-17 15:00:00,2.334652938575699,2.334652938575699
2024-10-17 16:00:00,3.1292478677019244,3.1292478677019244
2024-10-17 17:00:00,2.6794563325658074,2.6794563325658074
2024-10-17 18:00:00,3.0661360589775333,3.0661360589775333
2024-10-17 19:00:00,3.1481909900312575,3.1481909900312575
2024-10-17 20:00:00,3.094761252674199,3.094761252674199
2024-10-17 21:00:00,3.657962157043391,3.657962157043391
2024-10-17 22:00:00,0.0,0.0
2024-10-17 23:00:00,0.0,0.0
2024-10-18 00:00:00,0.0,0.0
2024-10-18 01:00:00,0.0,0.0
2024-10-18 02:00:00,0.0,0.0
2024-10-18 03:00:00,0.0,0.0
2024-10-18 04:00:00,0.0,0.0
2024-10-18 05:00:00,0.0,0.0
2024-10-18 06:00:00,0.0,0.0
2024-10-18 07:00:00,0.0,0.0
2024-10-18 08:00:00,0.0,0.0
2024-10-18 09:00:00,0.0,0.0
2024-10-18 10:00:00,0.11322181393031829,0.11322181393031829
2024-10-18 11:00:00,0.46474205022346193,0.46474205022346193
2024-10-18 12:00:00,0.7130956399941257,0.7130956399941257
2024-10-18 13:00:00,1.1612605927094253,1.1612605927094253
2024-10-18 14:00:00,2.136222948316335,2.136222948316335
2024-10-18 15:00:00,2.64726786135474,2.64726786135474
2024-10-18 16:00:00,2.831396355301089,2.831396355301089
2024-10-18 17:00:00,3.159606137014026,3.159606137014026
2024-10-18 18:00:00,3.090968828468997,3.090968828468997
2024-10-18 19:00:00,4.225341386619865,4.225341386619865
2024-10-18 20:00:00,3.5976621793699164,3.5976621793699164
2024-10-18 21:00:00,3.4017574846441767,3.4017574846441767
2024-10-18 22:00:00,0.0,0.0
2024-10-18 23:00:00,0.0,0.0
2024-10-19 00:00:00,0.0,0.0
2024-10-19 01:00:00,0.0,0.0
2024-10-19 02:00:00,0.0,0.0
2024-10-19 03:00:00,0.0,0.0
2024-10-19 04:00:00,0.0,0.0
2024-10-19 05:00:00,0.0,0.0
2024-10-19 06:00:00,0.0,0.0
2024-10-19 07:00:00,0.0,0.0
2024-10-19 08:00:00,0.0,0.0
2024-10-19 09:00:00,0.0,0.0
2024-10-19 10:00:00,0.08058401537484094,0.08058401537484094
2024-10-19 11:00:00,0.30204351222204984,0.30204351222204984
2024-10-19 12:00:00,0.5071789175827423,0.5071789175827423
2024-10-19 13:00:00,0.8874895499798093,0.8874895499798093
2024-10-19 14:00:00,1.4655071538492528,1.4655071538492528
2024-10-19 15:00:00,1.9980666149752708,1.9980666149752708
2024-10-19 16:00:00,1.7811891533984707,1.7811891533984707
2024-10-19 17:00:00,2.5521215256966117,2.5521215256966117
2024-10-19 18:00:00,2.0731977507729384,2.0731977507729384
2024-10-19 19:00:00,2.6569014117105314,2.6569014117105314
2024-10-19 20:00:00,2.2809453100694976,2.2809453100694976
2024-10-19 21:00:00,2.453231417253647,2.453231417253647
2024-10-19 22:00:00,0.0,0.0
2024-10-19 23:00:00,0.0,0.0
2024-10-20 00:00:00,0.0,0.0
2024-10-20 01:00:00,0.0,0.0
2024-10-20 02:00:00,0.0,0.0
2024-10-20 03:00:00,0.0,0.0
2024-10-20 04:00:00,0.0,0.0
2024-10-20 05:00:00,0.0,0.0
2024-10-20 06:00:00,0.0,0.0
2024-10-20 07:00:00,0.0,0.0
2024-10-20 08:00:00,0.0,0.0
2024-10-20 09:00:00,0.0,0.0
2024-10-20 10:00:00,0.07963290511680583,0.07963290511680583
2024-10-20 11:00:00,0.26959095589685333,0.26959095589685333
2024-10-20 12:00:00,0.6136373873500552,0.6136373873500552
2024-10-20 13:00:00,0.8995813829907743,0.8995813829907743
2024-10-20 14:00:00,1.7086363297647853,1.7086363297647853
2024-10-20 15:00:00,2.010224734823282,2.010224734823282
2024-10-20 16:00:00,2.0394307531875366,2.0394307531875366
2024-10-20 17:00:00,2.6031055204517943,2.6031055204517943
2024-10-20 18:00:00,2.142198333725932,2.142198333725932
2024-10-20 19:00:00,3.208721978314005,3.208721978314005
2024-10-20 20:00:00,2.683090051002707,2.683090051002707
2024-10-20 21:00:00,2.924279760596591,2.924279760596591
2024-10-20 22:00:00,0.0,0.0
2024-10-20 23:00:00,0.0,0.0
2024-10-21 00:00:00,0.0,0.0
2024-10-21 01:00:00,0.0,0.0
2024-10-21 02:00:00,0.0,0.0
2024-10-21 03:00:00,0.0,0.0
2024-10-21 04:00:00,0.0,0.0
2024-10-21 05:00:00,0.0,0.0
2024-10-21 06:00:00,0.0,0.0
2024-10-21 07:00:00,0.0,0.0
2024-10-21 08:00:00,0.0,0.0
2024-10-21 09:00:00,0.0,0.0
2024-10-21 10:00:00,0.10100275725997473,0.10100275725997473
2024-10-21 11:00:00,0.4499619649417444,0.4499619649417444
2024-10-21 12:00:00,0.8996517885981477,0.8996517885981477
2024-10-21 13:00:00,1.477070220812875,1.477070220812875
2024-10-21 14:00:00,2.2485621063022516,2.2485621063022516
2024-10-21 15:00:00,2.842924081202413,2.842924081202413
2024-10-21 16:00:00,3.0224437906853123,3.0224437906853123
2024-10-21 17:00:00,3.519616009765304,3.519616009765304
2024-10-21 18:00:00,3.030390723896446,3.030390723896446
2024-10-21 19:00:00,3.6991827560970294,3.6991827560970294
2024-10-21 20:00:00,3.097127892488145,3.097127892488145
2024-10-21 21:00:00,3.803682885897108,3.803682885897108
2024-10-21 22:00:00,0.0,0.0
2024-10-21 23:00:00,0.0,0.0
2024-10-22 00:00:00,0.0,0.0
2024-10-22 01:00:00,0.0,0.0
2024-10-22 02:00:00,0.0,0.0
2024-10-22 03:00:00,0.0,0.0
2024-10-22 04:00:00,0.0,0.0
2024-10-22 05:00:00,0.0,0.0
2024-10-22 06:00:00,0.0,0.0
2024-10-22 07:00:00,0.0,0.0
2024-10-22 08:00:00,0.0,0.0
2024-10-22 09:00:00,0.0,0.0
2024-10-22 10:00:00,0.11618080717483825,0.11618080717483825
2024-10-22 11:00:00,0.42105205554326264,0.42105205554326264
2024-10-22 12:00:00,0.9822501575047924,0.9822501575047924
2024-10-22 13:00:00,1.499233761271659,1.499233761271659
2024-10-22 14:00:00,2.5002319657436165,2.5002319657436165
2024-10-22 15:00:00,2.9175595686311624,2.9175595686311624
2024-10-22 16:00:00,3.278776737272178,3.278776737272178
2024-10-22 17:00:00,3.4250077869775146,3.4250077869775146
2024-10-22 18:00:00,3.7701940939467593,3.7701940939467593
2024-10-22 19:00:00,4.199160592763722,4.199160592763722
2024-10-22 20:00:00,3.5379948136581856,3.5379948136581856
2024-10-22 21:00:00,3.9451794193147856,3.9451794193147856
2024-10-22 22:00:00,0.0,0.0
2024-10-22 23:00:00,0.0,0.0
2024-10-23 00:00:00,0.0,0.0
2024-10-23 01:00:00,0.0,0.0
2024-10-23 02:00:00,0.0,0.0
2024-10-23 03:00:00,0.0,0.0
2024-10-23 04:00:00,0.0,0.0
2024-10-23 05:00:00,0.0,0.0
2024-10-23 06:00:00,0.0,0.0
2024-10-23 07:00:00,0.0,0.0
2024-10-23 08:00:00,0.0,0.0
2024-10-23 09:00:00,0.0,0.0
2024-10-23 10:00:00,0.11130919182290995,0.11130919182290995
2024-10-23 11:00:00,0.41577486557335863,0.41577486557335863
2024-10-23 12:00:00,0.8927587226970027,0.8927587226970027
2024-10-23 13:00:00,1.3833519823201585,1.3833519823201585
2024-10-23 14:00:00,2.3104269368285184,2.3104269368285184
2024-10-23 15:00:00,3.1062520370473226,3.1062520370473226
2024-10-23 16:00:00,2.9358970417142114,2.9358970417142114
2024-10-23 17:00:00,3.337100603122501,3.337100603122501
2024-10-23 18:00:00,3.2320704646969753,3.2320704646969753
2024-10-23 19:00:00,3.6682746873972247,3.6682746873972247
2024-10-23 20:00:00,3.717728701742194,3.717728701742194
2024-10-23 21:00:00,3.9645767450033,3.9645767450033
2024-10-23 22:00:00,0.0,0.0
2024-10-23 23:00:00,0.0,0.0
2024-10-24 00:00:00,0.0,0.0
2024-10-24 01:00:00,0.0,0.0
2024-10-24 02:00:00,0.0,0.0
2024-10-24 03:00:00,0.0,0.0
2024-10-24 04:00:00,0.0,0.0
2024-10-24 05:00:00,0.0,0.0
2024-10-24 06:00:00,0.0,0.0
2024-10-24 07:00:00,0.0,0.0
2024-10-24 08:00:00,0.0,0.0
2024-10-24 09:00:00,0.0,0.0
2024-10-24 10:00:00,0.10922638301673014,0.10922638301673014
2024-10-24 11:00:00,0.44307989142644455,0.44307989142644455
2024-10-24 12:00:00,0.7931737118144262,0.7931737118144262
2024-10-24 13:00:00,1.260819392978415,1.260819392978415
2024-10-24 14:00:00,1.7746112253689235,1.7746112253689235
2024-10-24 15:00:00,2.6785866618948067,2.6785866618948067
2024-10-24 16:00:00,2.719869993547758,2.719869993547758
2024-10-24 17:00:00,3.249775437341941,3.249775437341941
2024-10-24 18:00:00,2.8440786854805755,2.8440786854805755
2024-10-24 19:00:00,3.1175462055773484,3.1175462055773484
2024-10-24 20:00:00,3.426394896481113,3.426394896481113
2024-10-24 21:00:00,3.718574708784361,3.718574708784361
2024-10-24 22:00:00,0.0,0.0
2024-10-24 23:00:00,0.0,0.0
2024-10-25 00:00:00,0.0,0.0
2024-10-25 01:00:00,0.0,0.0
2024-10-25 02:00:00,0.0,0.0
2024-10-25 03:00:00,0.0,0.0
2024-10-25 04:00:00,0.0,0.0
2024-10-25 05:00:00,0.0,0.0
2024-10-25 06:00:00,0.0,0.0
2024-10-25 07:00:00,0.0,0.0
2024-10-25 08:00:00,0.0,0.0
2024-10-25 09:00:00,0.0,0.0
2024-10-25 10:00:00,0.1332785164338355,0.1332785164338355
2024-10-25 11:00:00,0.498195347737438,0.498195347737438
2024-10-25 12:00:00,0.7746691269727101,0.7746691269727101
2024-10-25 13:00:00,1.4417915980362603,1.4417915980362603
2024-10-25 14:00:00,2.3793819011453654,2.3793819011453654
2024-10-25 15:00:00,3.2473033262938364,3.2473033262938364
2024-10-25 16:00:00,2.9752887613607415,2.9752887613607415
2024-10-25 17:00:00,3.8676333629018167,3.8676333629018167
2024-10-25 18:00:00,3.2345328686132,3.2345328686132
2024-10-25 19:00:00,3.574537874616578,3.574537874616578
2024-10-25 20:00:00,4.074971456413052,4.074971456413052
2024-10-25 21:00:00,4.09248996449644,4.09248996449644
2024-10-25 22:00:00,0.0,0.0
2024-10-25 23:00:00,0.0,0.0
2024-10-26 00:00:00,0.0,0.0
2024-10-26 01:00:00,0.0,0.0
2024-10-26 02:00:00,0.0,0.0
2024-10-26 03:00:00,0.0,0.0
2024-10-26 04:00:00,0.0,0.0
2024-10-26 05:00:00,0.0,0.0
2024-10-26 06:00:00,0.0,0.0
2024-10-26 07:00:00,0.0,0.0
2024-10-26 08:00:00,0.0,0.0
2024-10-26 09:00:00,0.0,0.0
2024-10-26 10:00:00,0.07106434130053269,0.07106434130053269
2024-10-26 11:00:00,0.29897715878550024,0.29897715878550024
2024-10-26 12:00:00,0.6182738311624888,0.6182738311624888
2024-10-26 13:00:00,1.0176623595102414,1.0176623595102414
2024-10-26 14:00:00,1.518038256893772,1.518038256893772
2024-10-26 15:00:00,1.9663383089571922,1.9663383089571922
2024-10-26 16:00:00,2.1332794107284,2.1332794107284
2024-10-26 17:00:00,2.5385741624703377,2.5385741624703377
2024-10-26 18:00:00,2.0307457526517143,2.0307457526517143
2024-10-26 19:00:00,2.5394741990544873,2.5394741990544873
2024-10-26 20:00:00,2.3919966770579615,2.3919966770579615
2024-10-26 21:00:00,2.906862926715548,2.906862926715548
2024-10-26 22:00:00,0.0,0.0
2024-10-26 23:00:00,0.0,0.0
2024-10-27 00:00:00,0.0,0.0
2024-10-27 01:00:00,0.0,0.0
2024-10-27 02:00:00,0.0,0.0
2024-10-27 03:00:00,0.0,0.0
2024-10-27 04:00:00,0.0,0.0
2024-10-27 05:00:00,0.0,0.0
2024-10-27 06:00:00,0.0,0.0
2024-10-27 07:00:00,0.0,0.0
2024-10-27 08:00:00,0.0,0.0
2024-10-27 09:00:00,0.0,0.0
2024-10-27 10:00:00,0.07211379013085874,0.07211379013085874
2024-10-27 11:00:00,0.26619454835017303,0.26619454835017303
2024-10-27 12:00:00,0.527713879477523,0.527713879477523
2024-10-27 13:00:00,0.8052410980950279,0.8052410980950279
2024-10-27 14:00:00,1.5134964994404496,1.5134964994404496
2024-10-27 15:00:00,1.795611815734247,1.795611815734247
2024-10-27 16:00:00,2.2807244246117415,2.2807244246117415
2024-10-27 17:00:00,2.3812016048796267,2.3812016048796267
2024-10-27 18:00:00,1.88551270075588,1.88551270075588
2024-10-27 19:00:00,2.747093312126138,2.747093312126138
2024-10-27 20:00:00,2.2409175519915294,2.2409175519915294
2024-10-27 21:00:00,2.889961851539572,2.889961851539572
2024-10-27 22:00:00,0.0,0.0
2024-10-27 23:00:00,0.0,0.0
2024-10-28 00:00:00,0.0,0.0
2024-10-28 01:00:00,0.0,0.0
2024-10-28 02:00:00,0.0,0.0
2024-10-28 03:00:00,0.0,0.0
2024-10-28 04:00:00,0.0,0.0
2024-10-28 05:00:00,0.0,0.0
2024-10-28 06:00:00,0.0,0.0
2024-10-28 07:00:00,0.0,0.0
2024-10-28 08:00:00,0.0,0.0
2024-10-28 09:00:00,0.0,0.0
2024-10-28 10:00:00,0.11982084682512383,0.11982084682512383
2024-10-28 11:00:00,0.4288149391595469,0.4288149391595469
2024-10-28 12:00:00,0.7170662903161852,0.7170662903161852
2024-10-28 13:00:00,1.420710729553104,1.420710729553104
2024-10-28 14:00:00,1.9534224578014867,1.9534224578014867
2024-10-28 15:00:00,2.783962669149789,2.783962669149789
2024-10-28 16:00:00,3.0106684009791533,3.0106684009791533
2024-10-28 17:00:00,3.09774140975029,3.09774140975029
2024-10-28 18:00:00,3.185735348870835,3.185735348870835
2024-10-28 19:00:00,3.440604938669956,3.440604938669956
2024-10-28 20:00:00,3.4062719866442475,3.4062719866442475
2024-10-28 21:00:00,3.537919711749987,3.537919711749987
2024-10-28 22:00:00,0.0,0.0
2024-10-28 23:00:00,0.0,0.0
2024-10-29 00:00:00,0.0,0.0
2024-10-29 01:00:00,0.0,0.0
2024-10-29 02:00:00,0.0,0.0
2024-10-29 03:00:00,0.0,0.0
2024-10-29 04:00:00,0.0,0.0
2024-10-29 05:00:00,0.0,0.0
2024-10-29 06:00:00,0.0,0.0
2024-10-29 07:00:00,0.0,0.0
2024-10-29 08:00:00,0.0,0.0
2024-10-29 09:00:00,0.0,0.0
2024-10-29 10:00:00,0.13913416985344412,0.13913416985344412
2024-10-29 11:00:00,0.4336371603042673,0.4336371603042673
2024-10-29 12:00:00,0.890795540864707,0.890795540864707
2024-10-29 13:00:00,1.6126763196030527,1.6126763196030527
2024-10-29 14:00:00,2.537549871648579,2.537549871648579
2024-10-29 15:00:00,2.778304197231465,2.778304197231465
2024-10-29 16:00:00,3.0064817505234513,3.0064817505234513
2024-10-29 17:00:00,3.4490050007091466,3.4490050007091466
2024-10-29 18:00:00,3.85906070598194,3.85906070598194
2024-10-29 19:00:00,3.754958955200231,3.754958955200231
2024-10-29 20:00:00,3.35474203687774,3.35474203687774
2024-10-29 21:00:00,3.619278288670157,3.619278288670157
2024-10-29 22:00:00,0.0,0.0
2024-10-29 23:00:00,0.0,0.0
2024-10-30 00:00:00,0.0,0.0
2024-10-30 01:00:00,0.0,0.0
2024-10-30 02:00:00,0.0,0.0
2024-10-30 03:00:00,0.0,0.0
2024-10-30 04:00:00,0.0,0.0
2024-10-30 05:00:00,0.0,0.0
2024-10-30 06:00:00,0.0,0.0
2024-10-30 07:00:00,0.0,0.0
2024-10-30 08:00:00,0.0,0.0
2024-10-30 09:00:00,0.0,0.0
2024-10-30 10:00:00,0.1074150551765462,0.1074150551765462
2024-10-30 11:00:00,0.45280686977499746,0.45280686977499746
2024-10-30 12:00:00,0.7802661615589966,0.7802661615589966
2024-10-30 13:00:00,1.2265904430189825,1.2265904430189825
2024-10-30 14:00:00,2.1666737757536305,2.1666737757536305
2024-10-30 15:00:00,3.221945483842732,3.221945483842732
2024-10-30 16:00:00,3.054797870678236,3.054797870678236
2024-10-30 17:00:00,3.578830917990403,3.578830917990403
2024-10-30 18:00:00,3.7353331839387622,3.7353331839387622
2024-10-30 19:00:00,3.922439549097077,3.922439549097077
2024-10-30 20:00:00,2.922963032275404,2.922963032275404
2024-10-30 21:00:00,4.049081456449871,4.049081456449871
2024-10-30 22:00:00,0.0,0.0
2024-10-30 23:00:00,0.0,0.0
2024-10-31 00:00:00,0.0,0.0
2024-10-31 01:00:00,0.0,0.0
2024-10-31 02:00:00,0.0,0.0
2024-10-31 03:00:00,0.0,0.0
2024-10-31 04:00:00,0.0,0.0
2024-10-31 05:00:00,0.0,0.0
2024-10-31 06:00:00,0.0,0.0
2024-10-31 07:00:00,0.0,0.0
2024-10-31 08:00:00,0.0,0.0
2024-10-31 09:00:00,0.0,0.0
2024-10-31 10:00:00,0.1105108250914831,0.1105108250914831
2024-10-31 11:00:00,0.3897764906316886,0.3897764906316886
2024-10-31 12:00:00,0.7499344243598217,0.7499344243598217
2024-10-31 13:00:00,1.1485800085013695,1.1485800085013695
2024-10-31 14:00:00,1.8793754111901269,1.8793754111901269
2024-10-31 15:00:00,2.690938157091394,2.690938157091394
2024-10-31 16:00:00,3.1389080187025917,3.1389080187025917
2024-10-31 17:00:00,3.4497234451739165,3.4497234451739165
2024-10-31 18:00:00,3.201401843880808,3.201401843880808
2024-10-31 19:00:00,3.795677125015167,3.795677125015167
2024-10-31 20:00:00,3.077032606801953,3.077032606801953
2024-10-31 21:00:00,3.259863108050274,3.259863108050274
2024-10-31 22:00:00,0.0,0.0
2024-10-31 23:00:00,0.0,0.0
2024-11-01 00:00:00,0.0,0.0
2024-11-01 01:00:00,0.0,0.0
2024-11-01 02:00:00,0.0,0.0
2024-11-01 03:00:00,0.0,0.0
2024-11-01 04:00:00,0.0,0.0
2024-11-01 05:00:00,0.0,0.0
2024-11-01 06:00:00,0.0,0.0
2024-11-01 07:00:00,0.0,0.0
2024-11-01 08:00:00,0.0,0.0
2024-11-01 09:00:00,0.0,0.0
2024-11-01 10:00:00,0.1114960905926229,0.1114960905926229
2024-11-01 11:00:00,0.44595302156240346,0.44595302156240346
2024-11-01 12:00:00,0.8754087565571219,0.8754087565571219
2024-11-01 13:00:00,1.410287168959217,1.410287168959217
2024-11-01 14:00:00,2.5433597110891277,2.5433597110891277
2024-11-01 15:00:00,3.1965518355989295,3.1965518355989295
2024-11-01 16:00:00,2.762951791887078,2.762951791887078
2024-11-01 17:00:00,3.1315686379449468,3.1315686379449468
2024-11-01 18:00:00,3.724202915412332,3.724202915412332
2024-11-01 19:00:00,3.7441106981476184,3.7441106981476184
2024-11-01 20:00:00,3.7417239921363845,3.7417239921363845
2024-11-01 21:00:00,4.1428192846974365,4.1428192846974365
2024-11-01 22:00:00,0.0,0.0
2024-11-01 23:00:00,0.0,0.0
2024-11-02 00:00:00,0.0,0.0
2024-11-02 01:00:00,0.0,0.0
2024-11-02 02:00:00,0.0,0.0
2024-11-02 03:00:00,0.0,0.0
2024-11-02 04:00:00,0.0,0.0
2024-11-02 05:00:00,0.0,0.0
2024-11-02 06:00:00,0.0,0.0
2024-11-02 07:00:00,0.0,0.0
2024-11-02 08:00:00,0.0,0.0
2024-11-02 09:00:00,0.0,0.0
2024-11-02 10:00:00,0.07765533317767309,0.07765533317767309
2024-11-02 11:00:00,0.25834499205852934,0.25834499205852934
2024-11-02 12:00:00,0.4819645012793381,0.4819645012793381
2024-11-02 13:00:00,1.0187096220291025,1.0187096220291025
2024-11-02 14:00:00,1.3727109210267368,1.3727109210267368
2024-11-02 15:00:00,1.816824534178706,1.816824534178706
2024-11-02 16:00:00,2.100184168277187,2.100184168277187
2024-11-02 17:00:00,2.165109353041631,2.165109353041631
2024-11-02 18:00:00,2.137658731145563,2.137658731145563
2024-11-02 19:00:00,2.6410643076422455,2.6410643076422455
2024-11-02 20:00:00,2.236665499501615,2.236665499501615
2024-11-02 21:00:00,2.733353463099149,2.733353463099149
2024-11-02 22:00:00,0.0,0.0
2024-11-02 23:00:00,0.0,0.0
2024-11-03 00:00:00,0.0,0.0
2024-11-03 01:00:00,0.0,0.0
2024-11-03 02:00:00,0.0,0.0
2024-11-03 03:00:00,0.0,0.0
2024-11-03 04:00:00,0.0,0.0
2024-11-03 05:00:00,0.0,0.0
2024-11-03 06:00:00,0.0,0.0
2024-11-03 07:00:00,0.0,0.0
2024-11-03 08:00:00,0.0,0.0
2024-11-03 09:00:00,0.0,0.0
2024-11-03 10:00:00,0.07791476900303729,0.07791476900303729
2024-11-03 11:00:00,0.2679183610241384,0.2679183610241384
2024-11-03 12:00:00,0.6145112079325836,0.6145112079325836
2024-11-03 13:00:00,0.9733393326195018,0.9733393326195018
2024-11-03 14:00:00,1.4571364785186431,1.4571364785186431
2024-11-03 15:00:00,2.182669982601641,2.182669982601641
2024-11-03 16:00:00,1.9971590393821308,1.9971590393821308
2024-11-03 17:00:00,1.9731215144209564,1.9731215144209564
2024-11-03 18:00:00,1.8779280655033666,1.8779280655033666
2024-11-03 19:00:00,2.647673754246775,2.647673754246775
2024-11-03 20:00:00,2.2731641974966097,2.2731641974966097
2024-11-03 21:00:00,2.6274666456242817,2.6274666456242817
2024-11-03 22:00:00,0.0,0.0
2024-11-03 23:00:00,0.0,0.0
2024-11-04 00:00:00,0.0,0.0
2024-11-04 01:00:00,0.0,0.0
2024-11-04 02:00:00,0.0,0.0
2024-11-04 03:00:00,0.0,0.0
2024-11-04 04:00:00,0.0,0.0
2024-11-04 05:00:00,0.0,0.0
2024-11-04 06:00:00,0.0,0.0
2024-11-04 07:00:00,0.0,0.0
2024-11-04 08:00:00,0.0,0.0
2024-11-04 09:00:00,0.0,0.0
2024-11-04 10:00:00,0.1416376219367285,0.1416376219367285
2024-11-04 11:00:00,0.4212014138009393,0.4212014138009393
2024-11-04 12:00:00,0.8165571816447241,0.8165571816447241
2024-11-04 13:00:00,1.396578241705648,1.396578241705648
2024-11-04 14:00:00,2.340471307937242,2.340471307937242
2024-11-04 15:00:00,3.5832144634529333,3.5832144634529333
2024-11-04 16:00:00,2.954700857707211,2.954700857707211
2024-11-04 17:00:00,3.8952517264049917,3.8952517264049917
2024-11-04 18:00:00,3.989028272933871,3.989028272933871
2024-11-04 19:00:00,4.481005938143249,4.481005938143249
2024-11-04 20:00:00,3.8458252683453886,3.8458252683453886
2024-11-04 21:00:00,4.357442077323115,4.357442077323115
2024-11-04 22:00:00,0.0,0.0
2024-11-04 23:00:00,0.0,0.0
2024-11-05 00:00:00,0.0,0.0
2024-11-05 01:00:00,0.0,0.0
2024-11-05 02:00:00,0.0,0.0
2024-11-05 03:00:00,0.0,0.0
2024-11-05 04:00:00,0.0,0.0
2024-11-05 05:00:00,0.0,0.0
2024-11-05 06:00:00,0.0,0.0
2024-11-05 07:00:00,0.0,0.0
2024-11-05 08:00:00,0.0,0.0
2024-11-05 09:00:00,0.0,0.0
2024-11-05 10:00:00,0.10053581370749047,0.10053581370749047
2024-11-05 11:00:00,0.421303256317342,0.421303256317342
2024-11-05 12:00:00,0.8726884210181324,0.8726884210181324
2024-11-05 13:00:00,1.2485071665973717,1.2485071665973717
2024-11-05 14:00:00,2.465196170012165,2.465196170012165
2024-11-05 15:00:00,3.318923778219077,3.318923778219077
2024-11-05 16:00:00,3.4575004802897795,3.4575004802897795
2024-11-05 17:00:00,3.1514681042656334,3.1514681042656334
2024-11-05 18:00:00,3.517011446358813,3.517011446358813
2024-11-05 19:00:00,4.392592133656352,4.392592133656352
2024-11-05 20:00:00,3.480810096752097,3.480810096752097
2024-11-05 21:00:00,3.5082899575878455,3.5082899575878455
2024-11-05 22:00:00,0.0,0.0
2024-11-05 23:00:00,0.0,0.0
2024-11-06 00:00:00,0.0,0.0
2024-11-06 01:00:00,0.0,0.0
2024-11-06 02:00:00,0.0,0.0
2024-11-06 03:00:00,0.0,0.0
2024-11-06 04:00:00,0.0,0.0
2024-11-06 05:00:00,0.0,0.0
2024-11-06 06:00:00,0.0,0.0
2024-11-06 07:00:00,0.0,0.0
2024-11-06 08:00:00,0.0,0.0
2024-11-06 09:00:00,0.0,0.0
2024-11-06 10:00:00,0.10535896977604142,0.10535896977604142
2024-11-06 11:00:00,0.45887341878447113,0.45887341878447113
2024-11-06 12:00:00,0.8111854216128412,0.8111854216128412
2024-11-06 13:00:00,1.2577602251145592,1.2577602251145592
2024-11-06 14:00:00,2.3092694815485935,2.3092694815485935
2024-11-06 15:00:00,3.2181614435789374,3.2181614435789374
2024-11-06 16:00:00,3.322926988103647,3.322926988103647
2024-11-06 17:00:00,3.2398375704681843,3.2398375704681843
2024-11-06 18:00:00,3.1311040881501873,3.1311040881501873
2024-11-06 19:00:00,3.9390642044761814,3.9390642044761814
2024-11-06 20:00:00,3.7533306878837385,3.7533306878837385
2024-11-06 21:00:00,3.5082921711096815,3.5082921711096815
2024-11-06 22:00:00,0.0,0.0
2024-11-06 23:00:00,0.0,0.0
2024-11-07 00:00:00,0.0,0.0
2024-11-07 01:00:00,0.0,0.0
2024-11-07 02:00:00,0.0,0.0
2024-11-07 03:00:00,0.0,0.0
2024-11-07 04:00:00,0.0,0.0
2024-11-07 05:00:00,0.0,0.0
2024-11-07 06:00:00,0.0,0.0
2024-11-07 07:00:00,0.0,0.0
2024-11-07 08:00:00,0.0,0.0
2024-11-07 09:00:00,0.0,0.0
2024-11-07 10:00:00,0.12419766586985732,0.12419766586985732
2024-11-07 11:00:00,0.5020332686141082,0.5020332686141082
2024-11-07 12:00:00,0.8321784577112468,0.8321784577112468
2024-11-07 13:00:00,1.5060015824775523,1.5060015824775523
2024-11-07 14:00:00,1.9458081034809482,1.9458081034809482
2024-11-07 15:00:00,2.90071393824996,2.90071393824996
2024-11-07 16:00:00,3.0728060374112998,3.0728060374112998
2024-11-07 17:00:00,3.7626214808614025,3.7626214808614025
2024-11-07 18:00:00,3.8218429404971865,3.8218429404971865
2024-11-07 19:00:00,3.840530303577897,3.840530303577897
2024-11-07 20:00:00,3.640617669265651,3.640617669265651
2024-11-07 21:00:00,3.550623999363633,3.550623999363633
2024-11-07 22:00:00,0.0,0.0
2024-11-07 23:00:00,0.0,0.0
2024-11-08 00:00:00,0.0,0.0
2024-11-08 01:00:00,0.0,0.0
2024-11-08 02:00:00,0.0,0.0
2024-11-08 03:00:00,0.0,0.0
2024-11-08 04:00:00,0.0,0.0
2024-11-08 05:00:00,0.0,0.0
2024-11-08 06:00:00,0.0,0.0
2024-11-08 07:00:00,0.0,0.0
2024-11-08 08:00:00,0.0,0.0
2024-11-08 09:00:00,0.0,0.0
2024-11-08 10:00:00,0.12865906022753223,0.12865906022753223
2024-11-08 11:00:00,0.3616123647125807,0.3616123647125807
2024-11-08 12:00:00,0.9219668395292446,0.9219668395292446
2024-11-08 13:00:00,1.4575936606081965,1.4575936606081965
2024-11-08 14:00:00,1.941684156382423,1.941684156382423
2024-11-08 15:00:00,2.9208306469062877,2.9208306469062877
2024-11-08 16:00:00,3.218404528700956,3.218404528700956
2024-11-08 17:00:00,3.2304597081712427,3.2304597081712427
2024-11-08 18:00:00,3.266687075007936,3.266687075007936
2024-11-08 19:00:00,4.152587041139474,4.152587041139474
2024-11-08 20:00:00,3.635430507182133,3.635430507182133
2024-11-08 21:00:00,4.016524812337333,4.016524812337333
2024-11-08 22:00:00,0.0,0.0
2024-11-08 23:00:00,0.0,0.0
2024-11-09 00:00:00,0.0,0.0
2024-11-09 01:00:00,0.0,0.0
2024-11-09 02:00:00,0.0,0.0
2024-11-09 03:00:00,0.0,0.0
2024-11-09 04:00:00,0.0,0.0
2024-11-09 05:00:00,0.0,0.0
2024-11-09 06:00:00,0.0,0.0
2024-11-09 07:00:00,0.0,0.0
2024-11-09 08:00:00,0.0,0.0
2024-11-09 09:00:00,0.0,0.0
2024-11-09 10:00:00,0.0808097279353953,0.0808097279353953
2024-11-09 11:00:00,0.29730487474107825,0.29730487474107825
2024-11-09 12:00:00,0.5469717032781324,0.5469717032781324
2024-11-09 13:00:00,0.9677900427615344,0.9677900427615344
2024-11-09 14:00:00,1.4328015635879885,1.4328015635879885
2024-11-09 15:00:00,2.2456619254761203,2.2456619254761203
2024-11-09 16:00:00,1.822535970161165,1.822535970161165
2024-11-09 17:00:00,2.5803764543512644,2.5803764543512644
2024-11-09 18:00:00,2.518441686645118,2.518441686645118
2024-11-09 19:00:00,2.9893298168475964,2.9893298168475964
2024-11-09 20:00:00,2.046655807474722,2.046655807474722
2024-11-09 21:00:00,2.9685270115179034,2.9685270115179034
2024-11-09 22:00:00,0.0,0.0
2024-11-09 23:00:00,0.0,0.0
2024-11-10 00:00:00,0.0,0.0
2024-11-10 01:00:00,0.0,0.0
2024-11-10 02:00:00,0.0,0.0
2024-11-10 03:00:00,0.0,0.0
2024-11-10 04:00:00,0.0,0.0
2024-11-10 05:00:00,0.0,0.0
2024-11-10 06:00:00,0.0,0.0
2024-11-10 07:00:00,0.0,0.0
2024-11-10 08:00:00,0.0,0.0
2024-11-10 09:00:00,0.0,0.0
2024-11-10 10:00:00,0.08110625503773546,0.08110625503773546
2024-11-10 11:00:00,0.35812571090720813,0.35812571090720813
2024-11-10 12:00:00,0.5892041539152825,0.5892041539152825
2024-11-10 13:00:00,1.0592104496689352,1.0592104496689352
2024-11-10 14:00:00,1.432852883531175,1.432852883531175
2024-11-10 15:00:00,2.4379592810244235,2.4379592810244235
2024-11-10 16:00:00,1.9298138653388466,1.9298138653388466
2024-11-10 17:00:00,2.1378502276790745,2.1378502276790745
2024-11-10 18:00:00,2.0716953244697116,2.0716953244697116
2024-11-10 19:00:00,2.788014912755014,2.788014912755014
2024-11-10 20:00:00,2.6593322329931888,2.6593322329931888
2024-11-10 21:00:00,3.1707503869090443,3.1707503869090443
2024-11-10 22:00:00,0.0,0.0
2024-11-10 23:00:00,0.0,0.0
2024-11-11 00:00:00,0.0,0.0
2024-11-11 01:00:00,0.0,0.0
2024-11-11 02:00:00,0.0,0.0
2024-11-11 03:00:00,0.0,0.0
2024-11-11 04:00:00,0.0,0.0
2024-11-11 05:00:00,0.0,0.0
2024-11-11 06:00:00,0.0,0.0
2024-11-11 07:00:00,0.0,0.0
2024-11-11 08:00:00,0.0,0.0
2024-11-11 09:00:00,0.0,0.0
2024-11-11 10:00:00,0.11967372963351025,0.11967372963351025
2024-11-11 11:00:00,0.39330097427754157,0.39330097427754157
2024-11-11 12:00:00,0.7358185517568488,0.7358185517568488
2024-11-11 13:00:00,1.4209831958922339,1.4209831958922339
2024-11-11 14:00:00,2.0421553025310097,2.0421553025310097
2024-11-11 15:00:00,3.20674824242622,3.20674824242622
2024-11-11 16:00:00,2.5830872340371047,2.5830872340371047
2024-11-11 17:00:00,3.269295487753309,3.269295487753309
2024-11-11 18:00:00,3.0155335528537472,3.0155335528537472
2024-11-11 19:00:00,3.3293117028942367,3.3293117028942367
2024-11-11 20:00:00,3.4087466547210816,3.4087466547210816
2024-11-11 21:00:00,4.135524740826994,4.135524740826994
2024-11-11 22:00:00,0.0,0.0
2024-11-11 23:00:00,0.0,0.0
2024-11-12 00:00:00,0.0,0.0
2024-11-12 01:00:00,0.0,0.0
2024-11-12 02:00:00,0.0,0.0
2024-11-12 03:00:00,0.0,0.0
2024-11-12 04:00:00,0.0,0.0
2024-11-12 05:00:00,0.0,0.0
2024-11-12 06:00:00,0.0,0.0
2024-11-12 07:00:00,0.0,0.0
2024-11-12 08:00:00,0.0,0.0
2024-11-12 09:00:00,0.0,0.0
2024-11-12 10:00:00,0.13846287246547764,0.13846287246547764
2024-11-12 11:00:00,0.4449197398937654,0.4449197398937654
2024-11-12 12:00:00,0.8453446952183711,0.8453446952183711
2024-11-12 13:00:00,1.3411915045540008,1.3411915045540008
2024-11-12 14:00:00,2.650083460424687,2.650083460424687
2024-11-12 15:00:00,3.276563498059258,3.276563498059258
2024-11-12 16:00:00,2.8904879665675125,2.8904879665675125
2024-11-12 17:00:00,3.1129775922046665,3.1129775922046665
2024-11-12 18:00:00,3.3438183976931897,3.3438183976931897
2024-11-12 19:00:00,4.179441050292151,4.179441050292151
2024-11-12 20:00:00,3.3921982902955534,3.3921982902955534
2024-11-12 21:00:00,4.726012004707806,4.726012004707806
2024-11-12 22:00:00,0.0,0.0
2024-11-12 23:00:00,0.0,0.0
2024-11-13 00:00:00,0.0,0.0
2024-11-13 01:00:00,0.0,0.0
2024-11-13 02:00:00,0.0,0.0
2024-11-13 03:00:00,0.0,0.0
2024-11-13 04:00:00,0.0,0.0
2024-11-13 05:00:00,0.0,0.0
2024-11-13 06:00:00,0.0,0.0
2024-11-13 07:00:00,0.0,0.0
2024-11-13 08:00:00,0.0,0.0
2024-11-13 09:00:00,0.0,0.0
2024-11-13 10:00:00,0.11724347456478325,0.11724347456478325
2024-11-13 11:00:00,0.4304197714601718,0.4304197714601718
2024-11-13 12:00:00,0.8980058005520033,0.8980058005520033
2024-11-13 13:00:00,1.506894363192017,1.506894363192017
2024-11-13 14:00:00,2.4552077554163696,2.4552077554163696
2024-11-13 15:00:00,2.7369760785443966,2.7369760785443966
2024-11-13 16:00:00,2.6659282287612323,2.6659282287612323
2024-11-13 17:00:00,3.159518796594966,3.159518796594966
2024-11-13 18:00:00,3.531344791920883,3.531344791920883
2024-11-13 19:00:00,4.128842591662688,4.128842591662688
2024-11-13 20:00:00,3.3048091505633352,3.3048091505633352
2024-11-13 21:00:00,3.5144728908037104,3.5144728908037104
2024-11-13 22:00:00,0.0,0.0
2024-11-13 23:00:00,0.0,0.0
2024-11-14 00:00:00,0.0,0.0
2024-11-14 01:00:00,0.0,0.0
2024-11-14 02:00:00,0.0,0.0
2024-11-14 03:00:00,0.0,0.0
2024-11-14 04:00:00,0.0,0.0
2024-11-14 05:00:00,0.0,0.0
2024-11-14 06:00:00,0.0,0.0
2024-11-14 07:00:00,0.0,0.0
2024-11-14 08:00:00,0.0,0.0
2024-11-14 09:00:00,0.0,0.0
2024-11-14 10:00:00,0.10848267110477665,0.10848267110477665
2024-11-14 11:00:00,0.47633517325227065,0.47633517325227065
2024-11-14 12:00:00,0.9249528006433969,0.9249528006433969
2024-11-14 13:00:00,1.3369145032061949,1.3369145032061949
2024-11-14 14:00:00,2.122405880249147,2.122405880249147
2024-11-14 15:00:00,3.2650466405701195,3.2650466405701195
2024-11-14 16:00:00,2.550625385364296,2.550625385364296
2024-11-14 17:00:00,3.406210571823401,3.406210571823401
2024-11-14 18:00:00,3.4667787591300763,3.4667787591300763
2024-11-14 19:00:00,3.8506138968246018,3.8506138968246018
2024-11-14 20:00:00,2.9138658663434818,2.9138658663434818
2024-11-14 21:00:00,3.543020797292555,3.543020797292555
2024-11-14 22:00:00,0.0,0.0
2024-11-14 23:00:00,0.0,0.0
2024-11-15 00:00:00,0.0,0.0
2024-11-15 01:00:00,0.0,0.0
2024-11-15 02:00:00,0.0,0.0
2024-11-15 03:00:00,0.0,0.0
2024-11-15 04:00:00,0.0,0.0
2024-11-15 05:00:00,0.0,0.0
2024-11-15 06:00:00,0.0,0.0
2024-11-15 07:00:00,0.0,0.0
2024-11-15 08:00:00,0.0,0.0
2024-11-15 09:00:00,0.0,0.0
2024-11-15 10:00:00,0.10740067341053301,0.10740067341053301
2024-11-15 11:00:00,0.4265883618014028,0.4265883618014028
2024-11-15 12:00:00,1.0052192452963515,1.0052192452963515
2024-11-15 13:00:00,1.6292668663594552,1.6292668663594552
2024-11-15 14:00:00,2.400301798688718,2.400301798688718
2024-11-15 15:00:00,3.4583606518494365,3.4583606518494365
2024-11-15 16:00:00,3.4885261280332913,3.4885261280332913
2024-11-15 17:00:00,3.5130922889516816,3.5130922889516816
2024-11-15 18:00:00,3.025587702407323,3.025587702407323
2024-11-15 19:00:00,3.7527172110393674,3.7527172110393674
2024-11-15 20:00:00,3.5158753703698933,3.5158753703698933
2024-11-15 21:00:00,3.6823014939432754,3.6823014939432754
2024-11-15 22:00:00,0.0,0.0
2024-11-15 23:00:00,0.0,0.0
2024-11-16 00:00:00,0.0,0.0
2024-11-16 01:00:00,0.0,0.0
2024-11-16 02:00:00,0.0,0.0
2024-11-16 03:00:00,0.0,0.0
2024-11-16 04:00:00,0.0,0.0
2024-11-16 05:00:00,0.0,0.0
2024-11-16 06:00:00,0.0,0.0
2024-11-16 07:00:00,0.0,0.0
2024-11-16 08:00:00,0.0,0.0
2024-11-16 09:00:00,0.0,0.0
2024-11-16 10:00:00,0.08646496774666333,0.08646496774666333
2024-11-16 11:00:00,0.2796476234841631,0.2796476234841631
2024-11-16 12:00:00,0.5659280921855357,0.5659280921855357
2024-11-16 13:00:00,1.0602854503337693,1.0602854503337693
2024-11-16 14:00:00,1.6532965462229574,1.6532965462229574
2024-11-16 15:00:00,2.311410184041765,2.311410184041765
2024-11-16 16:00:00,2.3336228771948764,2.3336228771948764
2024-11-16 17:00:00,2.0357250504758753,2.0357250504758753
2024-11-16 18:00:00,2.6065215370904298,2.6065215370904298
2024-11-16 19:00:00,2.743368250655797,2.743368250655797
2024-11-16 20:00:00,2.1271210108016074,2.1271210108016074
2024-11-16 21:00:00,2.8747117096925865,2.8747117096925865
2024-11-16 22:00:00,0.0,0.0
2024-11-16 23:00:00,0.0,0.0
2024-11-17 00:00:00,0.0,0.0
2024-11-17 01:00:00,0.0,0.0
2024-11-17 02:00:00,0.0,0.0
2024-11-17 03:00:00,0.0,0.0
2024-11-17 04:00:00,0.0,0.0
2024-11-17 05:00:00,0.0,0.0
2024-11-17 06:00:00,0.0,0.0
2024-11-17 07:00:00,0.0,0.0
2024-11-17 08:00:00,0.0,0.0
2024-11-17 09:00:00,0.0,0.0
2024-11-17 10:00:00,0.08719167306690202,0.08719167306690202
2024-11-17 11:00:00,0.30549568073037076,0.30549568073037076
2024-11-17 12:00:00,0.5958860319522961,0.5958860319522961
2024-11-17 13:00:00,1.056512837194758,1.056512837194758
2024-11-17 14:00:00,1.3889856570233459,1.3889856570233459
2024-11-17 15:00:00,2.2358911720814265,2.2358911720814265
2024-11-17 16:00:00,1.9190286971549009,1.9190286971549009
2024-11-17 17:00:00,2.045389714488278,2.045389714488278
2024-11-17 18:00:00,1.8834362124840975,1.8834362124840975
2024-11-17 19:00:00,2.7459161904392726,2.7459161904392726
2024-11-17 20:00:00,2.6220561757887215,2.6220561757887215
2024-11-17 21:00:00,2.674159753300744,2.674159753300744
2024-11-17 22:00:00,0.0,0.0
2024-11-17 23:00:00,0.0,0.0
2024-11-18 00:00:00,0.0,0.0
2024-11-18 01:00:00,0.0,0.0
2024-11-18 02:00:00,0.0,0.0
2024-11-18 03:00:00,0.0,0.0
2024-11-18 04:00:00,0.0,0.0
2024-11-18 05:00:00,0.0,0.0
2024-11-18 06:00:00,0.0,0.0
2024-11-18 07:00:00,0.0,0.0
2024-11-18 08:00:00,0.0,0.0
2024-11-18 09:00:00,0.0,0.0
2024-11-18 10:00:00,0.12090552776867525,0.12090552776867525
2024-11-18 11:00:00,0.47104355448419183,0.47104355448419183
2024-11-18 12:00:00,0.7736828852348344,0.7736828852348344
2024-11-18 13:00:00,1.199961189531935,1.199961189531935
2024-11-18 14:00:00,1.981824535141668,1.981824535141668
2024-11-18 15:00:00,2.781772337507654,2.781772337507654
2024-11-18 16:00:00,3.1484538460600855,3.1484538460600855
2024-11-18 17:00:00,3.257021281904825,3.257021281904825
2024-11-18 18:00:00,3.1874520504653865,3.1874520504653865
2024-11-18 19:00:00,3.5040397315152068,3.5040397315152068
2024-11-18 20:00:00,3.9288027302777913,3.9288027302777913
2024-11-18 21:00:00,3.776325927793898,3.776325927793898
2024-11-18 22:00:00,0.0,0.0
2024-11-18 23:00:00,0.0,0.0
2024-11-19 00:00:00,0.0,0.0
2024-11-19 01:00:00,0.0,0.0
2024-11-19 02:00:00,0.0,0.0
2024-11-19 03:00:00,0.0,0.0
2024-11-19 04:00:00,0.0,0.0
2024-11-19 05:00:00,0.0,0.0
2024-11-19 06:00:00,0.0,0.0
2024-11-19 07:00:00,0.0,0.0
2024-11-19 08:00:00,0.0,0.0
2024-11-19 09:00:00,0.0,0.0
2024-11-19 10:00:00,0.11267215612434966,0.11267215612434966
2024-11-19 11:00:00,0.35540909182085484,0.35540909182085484
2024-11-19 12:00:00,0.7301531992524997,0.7301531992524997
2024-11-19 13:00:00,1.363300617182905,1.363300617182905
2024-11-19 14:00:00,2.085326932955824,2.085326932955824
2024-11-19 15:00:00,2.6090465542955887,2.6090465542955887
2024-11-19 16:00:00,2.8997163553051735,2.8997163553051735
2024-11-19 17:00:00,3.4422826320929776,3.4422826320929776
2024-11-19 18:00:00,2.6380608915336103,2.6380608915336103
2024-11-19 19:00:00,3.9184674487459406,3.9184674487459406
2024-11-19 20:00:00,2.8605397549311826,2.8605397549311826
2024-11-19 21:00:00,3.0462950006285503,3.0462950006285503
2024-11-19 22:00:00,0.0,0.0
2024-11-19 23:00:00,0.0,0.0
2024-11-20 00:00:00,0.0,0.0
2024-11-20 01:00:00,0.0,0.0
2024-11-20 02:00:00,0.0,0.0
2024-11-20 03:00:00,0.0,0.0
2024-11-20 04:00:00,0.0,0.0
2024-11-20 05:00:00,0.0,0.0
2024-11-20 06:00:00,0.0,0.0
2024-11-20 07:00:00,0.0,0.0
2024-11-20 08:00:00,0.0,0.0
2024-11-20 09:00:00,0.0,0.0
2024-11-20 10:00:00,0.12304769433262151,0.12304769433262151
2024-11-20 11:00:00,0.43189590405038036,0.43189590405038036
2024-11-20 12:00:00,0.842706813072379,0.842706813072379
2024-11-20 13:00:00,1.2515191821256348,1.2515191821256348
2024-11-20 14:00:00,1.8884408695710064,1.8884408695710064
2024-11-20 15:00:00,3.257462952314112,3.257462952314112
2024-11-20 16:00:00,2.53361051397785,2.53361051397785
2024-11-20 17:00:00,2.8796553496127246,2.8796553496127246
2024-11-20 18:00:00,3.240007623872405,3.240007623872405
2024-11-20 19:00:00,3.493420147141939,3.493420147141939
2024-11-20 20:00:00,3.183466203298393,3.183466203298393
2024-11-20 21:00:00,4.321951155928479,4.321951155928479
2024-11-20 22:00:00,0.0,0.0
2024-11-20 23:00:00,0.0,0.0
2024-11-21 00:00:00,0.0,0.0
2024-11-21 01:00:00,0.0,0.0
2024-11-21 02:00:00,0.0,0.0
2024-11-21 03:00:00,0.0,0.0
2024-11-21 04:00:00,0.0,0.0
2024-11-21 05:00:00,0.0,0.0
2024-11-21 06:00:00,0.0,0.0
2024-11-21 07:00:00,0.0,0.0
2024-11-21 08:00:00,0.0,0.0
2024-11-21 09:00:00,0.0,0.0
2024-11-21 10:00:00,0.10222140507549947,0.10222140507549947
2024-11-21 11:00:00,0.41301315966239327,0.41301315966239327
2024-11-21 12:00:00,0.6793956782496532,0.6793956782496532
2024-11-21 13:00:00,1.2058351086180576,1.2058351086180576
2024-11-21 14:00:00,1.9988690412724743,1.9988690412724743
2024-11-21 15:00:00,2.6789499978391405,2.6789499978391405
2024-11-21 16:00:00,2.7435730759044326,2.7435730759044326
2024-11-21 17:00:00,3.243190145061775,3.243190145061775
2024-11-21 18:00:00,2.966971553052307,2.966971553052307
2024-11-21 19:00:00,3.1639245111551806,3.1639245111551806
2024-11-21 20:00:00,2.738963615025154,2.738963615025154
2024-11-21 21:00:00,3.8561057210404956,3.8561057210404956
2024-11-21 22:00:00,0.0,0.0
2024-11-21 23:00:00,0.0,0.0
2024-11-22 00:00:00,0.0,0.0
2024-11-22 01:00:00,0.0,0.0
2024-11-22 02:00:00,0.0,0.0
2024-11-22 03:00:00,0.0,0.0
2024-11-22 04:00:00,0.0,0.0
2024-11-22 05:00:00,0.0,0.0
2024-11-22 06:00:00,0.0,0.0
2024-11-22 07:00:00,0.0,0.0
2024-11-22 08:00:00,0.0,0.0
2024-11-22 09:00:00,0.0,0.0
2024-11-22 10:00:00,0.12341478835290451,0.12341478835290451
2024-11-22 11:00:00,0.4047287425517738,0.4047287425517738
2024-11-22 12:00:00,0.8404370575269591,0.8404370575269591
2024-11-22 13:00:00,1.6164134107548274,1.6164134107548274
2024-11-22 14:00:00,2.4132577726580524,2.4132577726580524
2024-11-22 15:00:00,3.195858182762426,3.195858182762426
2024-11-22 16:00:00,3.5694400964970265,3.5694400964970265
2024-11-22 17:00:00,3.5538104234600945,3.5538104234600945
2024-11-22 18:00:00,3.020416131242478,3.020416131242478
2024-11-22 19:00:00,3.697401631428346,3.697401631428346
2024-11-22 20:00:00,3.7660313176094453,3.7660313176094453
2024-11-22 21:00:00,3.8617641893028947,3.8617641893028947
2024-11-22 22:00:00,0.0,0.0
2024-11-22 23:00:00,0.0,0.0
2024-11-23 00:00:00,0.0,0.0
2024-11-23 01:00:00,0.0,0.0
2024-11-23 02:00:00,0.0,0.0
2024-11-23 03:00:00,0.0,0.0
2024-11-23 04:00:00,0.0,0.0
2024-11-23 05:00:00,0.0,0.0
2024-11-23 06:00:00,0.0,0.0
2024-11-23 07:00:00,0.0,0.0
2024-11-23 08:00:00,0.0,0.0
2024-11-23 09:00:00,0.0,0.0
2024-11-23 10:00:00,0.08094758497988123,0.08094758497988123
2024-11-23 11:00:00,0.31292978503882046,0.31292978503882046
2024-11-23 12:00:00,0.5459025853228192,0.5459025853228192
2024-11-23 13:00:00,0.9526688970219315,0.9526688970219315
2024-11-23 14:00:00,1.7793669383439716,1.7793669383439716
2024-11-23 15:00:00,2.402543203566431,2.402543203566431
2024-11-23 16:00:00,2.077475781879368,2.077475781879368
2024-11-23 17:00:00,2.5130713271669385,2.5130713271669385
2024-11-23 18:00:00,2.3962149012807434,2.3962149012807434
2024-11-23 19:00:00,2.4374799541897096,2.4374799541897096
2024-11-23 20:00:00,2.757756777205655,2.757756777205655
2024-11-23 21:00:00,2.6730836501301214,2.6730836501301214
2024-11-23 22:00:00,0.0,0.0
2024-11-23 23:00:00,0.0,0.0
2024-11-24 00:00:00,0.0,0.0
2024-11-24 01:00:00,0.0,0.0
2024-11-24 02:00:00,0.0,0.0
2024-11-24 03:00:00,0.0,0.0
2024-11-24 04:00:00,0.0,0.0
2024-11-24 05:00:00,0.0,0.0
2024-11-24 06:00:00,0.0,0.0
2024-11-24 07:00:00,0.0,0.0
2024-11-24 08:00:00,0.0,0.0
2024-11-24 09:00:00,0.0,0.0
2024-11-24 10:00:00,0.06842090507159163,0.06842090507159163
2024-11-24 11:00:00,0.2667024341273014,0.2667024341273014
2024-11-24 12:00:00,0.6216194715573494,0.6216194715573494
2024-11-24 13:00:00,0.9550484841376011,0.9550484841376011
2024-11-24 14:00:00,1.6235187303822733,1.6235187303822733
2024-11-24 15:00:00,1.9323141820036793,1.9323141820036793
2024-11-24 16:00:00,2.175725418772142,2.175725418772142
2024-11-24 17:00:00,2.3688123053831247,2.3688123053831247
2024-11-24 18:00:00,2.1355853321006815,2.1355853321006815
2024-11-24 19:00:00,2.502796773214361,2.502796773214361
2024-11-24 20:00:00,2.2697558224050796,2.2697558224050796
2024-11-24 21:00:00,2.9219708045938315,2.9219708045938315
2024-11-24 22:00:00,0.0,0.0
2024-11-24 23:00:00,0.0,0.0
2024-11-25 00:00:00,0.0,0.0
2024-11-25 01:00:00,0.0,0.0
2024-11-25 02:00:00,0.0,0.0
2024-11-25 03:00:00,0.0,0.0
2024-11-25 04:00:00,0.0,0.0
2024-11-25 05:00:00,0.0,0.0
2024-11-25 06:00:00,0.0,0.0
2024-11-25 07:00:00,0.0,0.0
2024-11-25 08:00:00,0.0,0.0
2024-11-25 09:00:00,0.0,0.0
2024-11-25 10:00:00,0.10021575321724586,0.10021575321724586
2024-11-25 11:00:00,0.3989567631998356,0.3989567631998356
2024-11-25 12:00:00,0.9520461831130044,0.9520461831130044
2024-11-25 13:00:00,1.2591638414069506,1.2591638414069506
2024-11-25 14:00:00,1.9206925715411145,1.9206925715411145
2024-11-25 15:00:00,3.1590194909646128,3.1590194909646128
2024-11-25 16:00:00,2.69079778631278,2.69079778631278
2024-11-25 17:00:00,3.056593412109904,3.056593412109904
2024-11-25 18:00:00,3.4824982394453188,3.4824982394453188
2024-11-25 19:00:00,3.9986160525298624,3.9986160525298624
2024-11-25 20:00:00,3.6989959546792224,3.6989959546792224
2024-11-25 21:00:00,3.3599290516904263,3.3599290516904263
2024-11-25 22:00:00,0.0,0.0
2024-11-25 23:00:00,0.0,0.0
2024-11-26 00:00:00,0.0,0.0
2024-11-26 01:00:00,0.0,0.0
2024-11-26 02:00:00,0.0,0.0
2024-11-26 03:00:00,0.0,0.0
2024-11-26 04:00:00,0.0,0.0
2024-11-26 05:00:00,0.0,0.0
2024-11-26 06:00:00,0.0,0.0
2024-11-26 07:00:00,0.0,0.0
2024-11-26 08:00:00,0.0,0.0
2024-11-26 09:00:00,0.0,0.0
2024-11-26 10:00:00,0.11187509515275575,0.11187509515275575
2024-11-26 11:00:00,0.4243692412336993,0.4243692412336993
2024-11-26 12:00:00,0.8468549185979785,0.8468549185979785
2024-11-26 13:00:00,1.3341102154797564,1.3341102154797564
2024-11-26 14:00:00,2.053369498129963,2.053369498129963
2024-11-26 15:00:00,2.5110399012752986,2.5110399012752986
2024-11-26 16:00:00,2.792969285174793,2.792969285174793
2024-11-26 17:00:00,3.5427693287285225,3.5427693287285225
2024-11-26 18:00:00,3.0501835508600026,3.0501835508600026
2024-11-26 19:00:00,3.5092991054165332,3.5092991054165332
2024-11-26 20:00:00,3.361788767098855,3.361788767098855
2024-11-26 21:00:00,3.8696459956633773,3.8696459956633773
2024-11-26 22:00:00,0.0,0.0
2024-11-26 23:00:00,0.0,0.0
2024-11-27 00:00:00,0.0,0.0
2024-11-27 01:00:00,0.0,0.0
2024-11-27 02:00:00,0.0,0.0
2024-11-27 03:00:00,0.0,0.0
2024-11-27 04:00:00,0.0,0.0
2024-11-27 05:00:00,0.0,0.0
2024-11-27 06:00:00,0.0,0.0
2024-11-27 07:00:00,0.0,0.0
2024-11-27 08:00:00,0.0,0.0
2024-11-27 09:00:00,0.0,0.0
2024-11-27 10:00:00,0.09464792082506919,0.09464792082506919
2024-11-27 11:00:00,0.44813482544130734,0.44813482544130734
2024-11-27 12:00:00,0.7005491243598156,0.7005491243598156
2024-11-27 13:00:00,1.3350286898285488,1.3350286898285488
2024-11-27 14:00:00,2.2768263285001455,2.2768263285001455
2024-11-27 15:00:00,2.3468077928870588,2.3468077928870588
2024-11-27 16:00:00,2.6204672189390528,2.6204672189390528
2024-11-27 17:00:00,3.274017713494344,3.274017713494344
2024-11-27 18:00:00,2.6252034076385113,2.6252034076385113
2024-11-27 19:00:00,3.6752414677557423,3.6752414677557423
2024-11-27 20:00:00,2.8922672552971953,2.8922672552971953
2024-11-27 21:00:00,3.5881727365824863,3.5881727365824863
2024-11-27 22:00:00,0.0,0.0
2024-11-27 23:00:00,0.0,0.0
2024-11-28 00:00:00,0.0,0.0
2024-11-28 01:00:00,0.0,0.0
2024-11-28 02:00:00,0.0,0.0
2024-11-28 03:00:00,0.0,0.0
2024-11-28 04:00:00,0.0,0.0
2024-11-28 05:00:00,0.0,0.0
2024-11-28 06:00:00,0.0,0.0
2024-11-28 07:00:00,0.0,0.0
2024-11-28 08:00:00,0.0,0.0
2024-11-28 09:00:00,0.0,0.0
2024-11-28 10:00:00,0.11341724978749382,0.11341724978749382
2024-11-28 11:00:00,0.41929510783436763,0.41929510783436763
2024-11-28 12:00:00,0.7738090308490077,0.7738090308490077
2024-11-28 13:00:00,1.253422950328137,1.253422950328137
2024-11-28 14:00:00,2.2054208723744315,2.2054208723744315
2024-11-28 15:00:00,2.957495595244724,2.957495595244724
2024-11-28 16:00:00,2.9593094347398003,2.9593094347398003
2024-11-28 17:00:00,3.058365108338416,3.058365108338416
2024-11-28 18:00:00,3.679371300213102,3.679371300213102
2024-11-28 19:00:00,4.483661520607125,4.483661520607125
2024-11-28 20:00:00,3.4860101872902334,3.4860101872902334
2024-11-28 21:00:00,3.7798680027533287,3.7798680027533287
2024-11-28 22:00:00,0.0,0.0
2024-11-28 23:00:00,0.0,0.0
2024-11-29 00:00:00,0.0,0.0
2024-11-29 01:00:00,0.0,0.0
2024-11-29 02:00:00,0.0,0.0
2024-11-29 03:00:00,0.0,0.0
2024-11-29 04:00:00,0.0,0.0
2024-11-29 05:00:00,0.0,0.0
2024-11-29 06:00:00,0.0,0.0
2024-11-29 07:00:00,0.0,0.0
2024-11-29 08:00:00,0.0,0.0
2024-11-29 09:00:00,0.0,0.0
2024-11-29 10:00:00,0.10260673106631106,0.10260673106631106
2024-11-29 11:00:00,0.37898956562120883,0.37898956562120883
2024-11-29 12:00:00,0.8419665799838927,0.8419665799838927
2024-11-29 13:00:00,1.226494266577524,1.226494266577524
2024-11-29 14:00:00,1.7800728283662937,1.7800728283662937
2024-11-29 15:00:00,2.6350941842640174,2.6350941842640174
2024-11-29 16:00:00,2.575391908550227,2.575391908550227
2024-11-29 17:00:00,2.7900506935635017,2.7900506935635017
2024-11-29 18:00:00,3.3496841522147114,3.3496841522147114
2024-11-29 19:00:00,3.813801194725589,3.813801194725589
2024-11-29 20:00:00,3.206458443355403,3.206458443355403
2024-11-29 21:00:00,3.7833923408976284,3.7833923408976284
2024-11-29 22:00:00,0.0,0.0
2024-11-29 23:00:00,0.0,0.0
2024-11-30 00:00:00,0.0,0.0
2024-11-30 01:00:00,0.0,0.0
2024-11-30 02:00:00,0.0,0.0
2024-11-30 03:00:00,0.0,0.0
2024-11-30 04:00:00,0.0,0.0
2024-11-30 05:00:00,0.0,0.0
2024-11-30 06:00:00,0.0,0.0
2024-11-30 07:00:00,0.0,0.0
2024-11-30 08:00:00,0.0,0.0
2024-11-30 09:00:00,0.0,0.0
2024-11-30 10:00:00,0.07700208760534921,0.07700208760534921
2024-11-30 11:00:00,0.27885669206405583,0.27885669206405583
2024-11-30 12:00:00,0.6439412330790864,0.6439412330790864
2024-11-30 13:00:00,0.9738542570396861,0.9738542570396861
2024-11-30 14:00:00,1.407678807894399,1.407678807894399
2024-11-30 15:00:00,2.0778694300651943,2.0778694300651943
2024-11-30 16:00:00,1.912083526849429,1.912083526849429
2024-11-30 17:00:00,2.259352564301957,2.259352564301957
2024-11-30 18:00:00,2.3547404070294435,2.3547404070294435
2024-11-30 19:00:00,2.36762101273341,2.36762101273341
2024-11-30 20:00:00,2.527223968738838,2.527223968738838
2024-11-30 21:00:00,2.536996177551719,2.536996177551719
2024-11-30 22:00:00,0.0,0.0
2024-11-30 23:00:00,0.0,0.0
2024-12-01 00:00:00,0.0,0.0
2024-12-01 01:00:00,0.0,0.0
2024-12-01 02:00:00,0.0,0.0
2024-12-01 03:00:00,0.0,0.0
2024-12-01 04:00:00,0.0,0.0
2024-12-01 05:00:00,0.0,0.0
2024-12-01 06:00:00,0.0,0.0
2024-12-01 07:00:00,0.0,0.0
2024-12-01 08:00:00,0.0,0.0
2024-12-01 09:00:00,0.0,0.0
2024-12-01 10:00:00,0.08454209285793769,0.08454209285793769
2024-12-01 11:00:00,0.31910346141502943,0.31910346141502943
2024-12-01 12:00:00,0.652593806445462,0.652593806445462
2024-12-01 13:00:00,0.9347184307674116,0.9347184307674116
2024-12-01 14:00:00,1.4865599637254419,1.4865599637254419
2024-12-01 15:00:00,1.822855726337102,1.822855726337102
2024-12-01 16:00:00,1.8645924341219238,1.8645924341219238
2024-12-01 17:00:00,2.082226950621964,2.082226950621964
2024-12-01 18:00:00,2.5908933838505246,2.5908933838505246
2024-12-01 19:00:00,2.9368388490369393,2.9368388490369393
2024-12-01 20:00:00,2.430659495846304,2.430659495846304
2024-12-01 21:00:00,2.430152330485495,2.430152330485495
2024-12-01 22:00:00,0.0,0.0
2024-12-01 23:00:00,0.0,0.0
2024-12-02 00:00:00,0.0,0.0
2024-12-02 01:00:00,0.0,0.0
2024-12-02 02:00:00,0.0,0.0
2024-12-02 03:00:00,0.0,0.0
2024-12-02 04:00:00,0.0,0.0
2024-12-02 05:00:00,0.0,0.0
2024-12-02 06:00:00,0.0,0.0
2024-12-02 07:00:00,0.0,0.0
2024-12-02 08:00:00,0.0,0.0
2024-12-02 09:00:00,0.0,0.0
2024-12-02 10:00:00,0.11152975121722232,0.11152975121722232
2024-12-02 11:00:00,0.36650365317355776,0.36650365317355776
2024-12-02 12:00:00,0.7886810349884872,0.7886810349884872
2024-12-02 13:00:00,1.3672926923748288,1.3672926923748288
2024-12-02 14:00:00,2.4326290273987063,2.4326290273987063
2024-12-02 15:00:00,2.7868573920185593,2.7868573920185593
2024-12-02 16:00:00,3.171871458073427,3.171871458073427
2024-12-02 17:00:00,3.7100633327397907,3.7100633327397907
2024-12-02 18:00:00,3.0112285356682387,3.0112285356682387
2024-12-02 19:00:00,3.603418723841227,3.603418723841227
2024-12-02 20:00:00,3.048982391904447,3.048982391904447
2024-12-02 21:00:00,3.3213583666871016,3.3213583666871016
2024-12-02 22:00:00,0.0,0.0
2024-12-02 23:00:00,0.0,0.0
2024-12-03 00:00:00,0.0,0.0
2024-12-03 01:00:00,0.0,0.0
2024-12-03 02:00:00,0.0,0.0
2024-12-03 03:00:00,0.0,0.0
2024-12-03 04:00:00,0.0,0.0
2024-12-03 05:00:00,0.0,0.0
2024-12-03 06:00:00,0.0,0.0
2024-12-03 07:00:00,0.0,0.0
2024-12-03 08:00:00,0.0,0.0
2024-12-03 09:00:00,0.0,0.0
2024-12-03 10:00:00,0.12737200801226348,0.12737200801226348
2024-12-03 11:00:00,0.4838106456610337,0.4838106456610337
2024-12-03 12:00:00,0.7732592954589573,0.7732592954589573
2024-12-03 13:00:00,1.6009729491364244,1.6009729491364244
2024-12-03 14:00:00,2.347517933967369,2.347517933967369
2024-12-03 15:00:00,3.1906712179270302,3.1906712179270302
2024-12-03 16:00:00,3.632006065923018,3.632006065923018
2024-12-03 17:00:00,3.682203326887177,3.682203326887177
2024-12-03 18:00:00,3.0150447376408764,3.0150447376408764
2024-12-03 19:00:00,3.606600537564781,3.606600537564781
2024-12-03 20:00:00,4.0164626248285895,4.0164626248285895
2024-12-03 21:00:00,4.038597656769119,4.038597656769119
2024-12-03 22:00:00,0.0,0.0
2024-12-03 23:00:00,0.0,0.0
2024-12-04 00:00:00,0.0,0.0
2024-12-04 01:00:00,0.0,0.0
2024-12-04 02:00:00,0.0,0.0
2024-12-04 03:00:00,0.0,0.0
2024-12-04 04:00:00,0.0,0.0
2024-12-04 05:00:00,0.0,0.0
2024-12-04 06:00:00,0.0,0.0
2024-12-04 07:00:00,0.0,0.0
2024-12-04 08:00:00,0.0,0.0
2024-12-04 09:00:00,0.0,0.0
2024-12-04 10:00:00,0.10602620717450521,0.10602620717450521
2024-12-04 11:00:00,0.40640514884264894,0.40640514884264894
2024-12-04 12:00:00,0.8096361855270757,0.8096361855270757
2024-12-04 13:00:00,1.2853827682585226,1.2853827682585226
2024-12-04 14:00:00,2.096038514507591,2.096038514507591
2024-12-04 15:00:00,3.092635485489686,3.092635485489686
2024-12-04 16:00:00,2.749493958377673,2.749493958377673
2024-12-04 17:00:00,3.6556868439077985,3.6556868439077985
2024-12-04 18:00:00,3.666194329027758,3.666194329027758
2024-12-04 19:00:00,3.5037339828118146,3.5037339828118146
2024-12-04 20:00:00,3.5419921568975306,3.5419921568975306
2024-12-04 21:00:00,4.329027843376801,4.329027843376801
2024-12-04 22:00:00,0.0,0.0
2024-12-04 23:00:00,0.0,0.0
2024-12-05 00:00:00,0.0,0.0
2024-12-05 01:00:00,0.0,0.0
2024-12-05 02:00:00,0.0,0.0
2024-12-05 03:00:00,0.0,0.0
2024-12-05 04:00:00,0.0,0.0
2024-12-05 05:00:00,0.0,0.0
2024-12-05 06:00:00,0.0,0.0
2024-12-05 07:00:00,0.0,0.0
2024-12-05 08:00:00,0.0,0.0
2024-12-05 09:00:00,0.0,0.0
2024-12-05 10:00:00,0.13110350696920314,0.13110350696920314
2024-12-05 11:00:00,0.37059586323883814,0.37059586323883814
2024-12-05 12:00:00,0.7798850140875871,0.7798850140875871
2024-12-05 13:00:00,1.281781277735089,1.281781277735089
2024-12-05 14:00:00,2.1907619586982814,2.1907619586982814
2024-12-05 15:00:00,2.7501474648462523,2.7501474648462523
2024-12-05 16:00:00,2.698323698442342,2.698323698442342
2024-12-05 17:00:00,3.403495467005243,3.403495467005243
2024-12-05 18:00:00,2.922348631276214,2.922348631276214
2024-12-05 19:00:00,4.280828662022735,4.280828662022735
2024-12-05 20:00:00,3.632519033927606,3.632519033927606
2024-12-05 21:00:00,4.18739039871521,4.18739039871521
2024-12-05 22:00:00,0.0,0.0
2024-12-05 23:00:00,0.0,0.0
2024-12-06 00:00:00,0.0,0.0
2024-12-06 01:00:00,0.0,0.0
2024-12-06 02:00:00,0.0,0.0
2024-12-06 03:00:00,0.0,0.0
2024-12-06 04:00:00,0.0,0.0
2024-12-06 05:00:00,0.0,0.0
2024-12-06 06:00:00,0.0,0.0
2024-12-06 07:00:00,0.0,0.0
2024-12-06 08:00:00,0.0,0.0
2024-12-06 09:00:00,0.0,0.0
2024-12-06 10:00:00,0.10961738179549563,0.10961738179549563
2024-12-06 11:00:00,0.5048426763435878,0.5048426763435878
2024-12-06 12:00:00,0.8359172370454482,0.8359172370454482
2024-12-06 13:00:00,1.703470094162583,1.703470094162583
2024-12-06 14:00:00,2.1778920353252937,2.1778920353252937
2024-12-06 15:00:00,2.9752783361355237,2.9752783361355237
2024-12-06 16:00:00,3.153627064768323,3.153627064768323
2024-12-06 17:00:00,3.4740570481985533,3.4740570481985533
2024-12-06 18:00:00,4.010367814915764,4.010367814915764
2024-12-06 19:00:00,3.738948313757336,3.738948313757336
2024-12-06 20:00:00,3.9130699993435143,3.9130699993435143
2024-12-06 21:00:00,4.639101728554011,4.639101728554011
2024-12-06 22:00:00,0.0,0.0
2024-12-06 23:00:00,0.0,0.0
2024-12-07 00:00:00,0.0,0.0
2024-12-07 01:00:00,0.0,0.0
2024-12-07 02:00:00,0.0,0.0
2024-12-07 03:00:00,0.0,0.0
2024-12-07 04:00:00,0.0,0.0
2024-12-07 05:00:00,0.0,0.0
2024-12-07 06:00:00,0.0,0.0
2024-12-07 07:00:00,0.0,0.0
2024-12-07 08:00:00,0.0,0.0
2024-12-07 09:00:00,0.0,0.0
2024-12-07 10:00:00,0.07499433257536685,0.07499433257536685
2024-12-07 11:00:00,0.2748249123897827,0.2748249123897827
2024-12-07 12:00:00,0.624255327352668,0.624255327352668
2024-12-07 13:00:00,0.9427966919673292,0.9427966919673292
2024-12-07 14:00:00,1.7682616183459245,1.7682616183459245
2024-12-07 15:00:00,2.1983227925601923,2.1983227925601923
2024-12-07 16:00:00,2.4469243233591946,2.4469243233591946
2024-12-07 17:00:00,2.3983014915028424,2.3983014915028424
2024-12-07 18:00:00,2.185108600754804,2.185108600754804
2024-12-07 19:00:00,3.0654038216075308,3.0654038216075308
2024-12-07 20:00:00,2.4173062941916013,2.4173062941916013
2024-12-07 21:00:00,3.0076975408280116,3.0076975408280116
2024-12-07 22:00:00,0.0,0.0
2024-12-07 23:00:00,0.0,0.0
2024-12-08 00:00:00,0.0,0.0
2024-12-08 01:00:00,0.0,0.0
2024-12-08 02:00:00,0.0,0.0
2024-12-08 03:00:00,0.0,0.0
2024-12-08 04:00:00,0.0,0.0
2024-12-08 05:00:00,0.0,0.0
2024-12-08 06:00:00,0.0,0.0
2024-12-08 07:00:00,0.0,0.0
2024-12-08 08:00:00,0.0,0.0
2024-12-08 09:00:00,0.0,0.0
2024-12-08 10:00:00,0.09952201548468156,0.09952201548468156
2024-12-08 11:00:00,0.3318353152949283,0.3318353152949283
2024-12-08 12:00:00,0.5624794157235896,0.5624794157235896
2024-12-08 13:00:00,1.1776408276890615,1.1776408276890615
2024-12-08 14:00:00,1.4178996003971447,1.4178996003971447
2024-12-08 15:00:00,2.3247916777118323,2.3247916777118323
2024-12-08 16:00:00,2.1025124868473055,2.1025124868473055
2024-12-08 17:00:00,2.23626853085781,2.23626853085781
2024-12-08 18:00:00,2.7252203414181513,2.7252203414181513
2024-12-08 19:00:00,3.1554411170047563,3.1554411170047563
2024-12-08 20:00:00,2.7447016310507566,2.7447016310507566
2024-12-08 21:00:00,2.669183245456055,2.669183245456055
2024-12-08 22:00:00,0.0,0.0
2024-12-08 23:00:00,0.0,0.0
2024-12-09 00:00:00,0.0,0.0
2024-12-09 01:00:00,0.0,0.0
2024-12-09 02:00:00,0.0,0.0
2024-12-09 03:00:00,0.0,0.0
2024-12-09 04:00:00,0.0,0.0
2024-12-09 05:00:00,0.0,0.0
2024-12-09 06:00:00,0.0,0.0
2024-12-09 07:00:00,0.0,0.0
2024-12-09 08:00:00,0.0,0.0
2024-12-09 09:00:00,0.0,0.0
2024-12-09 10:00:00,0.12361404940690586,0.12361404940690586
2024-12-09 11:00:00,0.5158759675204667,0.5158759675204667
2024-12-09 12:00:00,1.0432238388568396,1.0432238388568396
2024-12-09 13:00:00,1.5824182347935325,1.5824182347935325
2024-12-09 14:00:00,2.6389180553390097,2.6389180553390097
2024-12-09 15:00:00,2.8810141637141204,2.8810141637141204
2024-12-09 16:00:00,2.8300206259886376,2.8300206259886376
2024-12-09 17:00:00,3.83120225634476,3.83120225634476
2024-12-09 18:00:00,4.09949223129614,4.09949223129614
2024-12-09 19:00:00,4.399436534980803,4.399436534980803
2024-12-09 20:00:00,3.631440641357935,3.631440641357935
2024-12-09 21:00:00,3.8365211976977243,3.8365211976977243
2024-12-09 22:00:00,0.0,0.0
2024-12-09 23:00:00,0.0,0.0
2024-12-10 00:00:00,0.0,0.0
2024-12-10 01:00:00,0.0,0.0
2024-12-10 02:00:00,0.0,0.0
2024-12-10 03:00:00,0.0,0.0
2024-12-10 04:00:00,0.0,0.0
2024-12-10 05:00:00,0.0,0.0
2024-12-10 06:00:00,0.0,0.0
2024-12-10 07:00:00,0.0,0.0
2024-12-10 08:00:00,0.0,0.0
2024-12-10 09:00:00,0.0,0.0
2024-12-10 10:00:00,0.1102164462609688,0.1102164462609688
2024-12-10 11:00:00,0.4039849107628921,0.4039849107628921
2024-12-10 12:00:00,0.870545792065074,0.870545792065074
2024-12-10 13:00:00,1.4124438077256685,1.4124438077256685
2024-12-10 14:00:00,2.4153767013486456,2.4153767013486456
2024-12-10 15:00:00,3.299071717843351,3.299071717843351
2024-12-10 16:00:00,3.5044064918553772,3.5044064918553772
2024-12-10 17:00:00,3.9977604743987274,3.9977604743987274
2024-12-10 18:00:00,3.7816972911989044,3.7816972911989044
2024-12-10 19:00:00,3.786263358258016,3.786263358258016
2024-12-10 20:00:00,3.527657424575234,3.527657424575234
2024-12-10 21:00:00,4.163403975439214,4.163403975439214
2024-12-10 22:00:00,0.0,0.0
2024-12-10 23:00:00,0.0,0.0
2024-12-11 00:00:00,0.0,0.0
2024-12-11 01:00:00,0.0,0.0
2024-12-11 02:00:00,0.0,0.0
2024-12-11 03:00:00,0.0,0.0
2024-12-11 04:00:00,0.0,0.0
2024-12-11 05:00:00,0.0,0.0
2024-12-11 06:00:00,0.0,0.0
2024-12-11 07:00:00,0.0,0.0
2024-12-11 08:00:00,0.0,0.0
2024-12-11 09:00:00,0.0,0.0
2024-12-11 10:00:00,0.11497705618183734,0.11497705618183734
2024-12-11 11:00:00,0.4455755212201724,0.4455755212201724
2024-12-11 12:00:00,0.827881379906836,0.827881379906836
2024-12-11 13:00:00,1.4693783974714472,1.4693783974714472
2024-12-11 14:00:00,2.306924330642699,2.306924330642699
2024-12-11 15:00:00,2.954625305905148,2.954625305905148
2024-12-11 16:00:00,3.0652183292147943,3.0652183292147943
2024-12-11 17:00:00,3.179507471461192,3.179507471461192
2024-12-11 18:00:00,3.4127184117454563,3.4127184117454563
2024-12-11 19:00:00,3.3211729494805593,3.3211729494805593
2024-12-11 20:00:00,3.81266953576254,3.81266953576254
2024-12-11 21:00:00,3.482460411721647,3.482460411721647
2024-12-11 22:00:00,0.0,0.0
2024-12-11 23:00:00,0.0,0.0
2024-12-12 00:00:00,0.0,0.0
2024-12-12 01:00:00,0.0,0.0
2024-12-12 02:00:00,0.0,0.0
2024-12-12 03:00:00,0.0,0.0
2024-12-12 04:00:00,0.0,0.0
2024-12-12 05:00:00,0.0,0.0
2024-12-12 06:00:00,0.0,0.0
2024-12-12 07:00:00,0.0,0.0
2024-12-12 08:00:00,0.0,0.0
2024-12-12 09:00:00,0.0,0.0
2024-12-12 10:00:00,0.11419466879513214,0.11419466879513214
2024-12-12 11:00:00,0.39302274632719947,0.39302274632719947
2024-12-12 12:00:00,0.8971237424069005,0.8971237424069005
2024-12-12 13:00:00,1.5695664149969184,1.5695664149969184
2024-12-12 14:00:00,2.4904568626663193,2.4904568626663193
2024-12-12 15:00:00,3.2128448623566386,3.2128448623566386
2024-12-12 16:00:00,2.93524505243406,2.93524505243406
2024-12-12 17:00:00,3.207579003383604,3.207579003383604
2024-12-12 18:00:00,3.4987790893684436,3.4987790893684436
2024-12-12 19:00:00,3.759503727819911,3.759503727819911
2024-12-12 20:00:00,3.9066989135652355,3.9066989135652355
2024-12-12 21:00:00,4.532075093940826,4.532075093940826
2024-12-12 22:00:00,0.0,0.0
2024-12-12 23:00:00,0.0,0.0
2024-12-13 00:00:00,0.0,0.0
2024-12-13 01:00:00,0.0,0.0
2024-12-13 02:00:00,0.0,0.0
2024-12-13 03:00:00,0.0,0.0
2024-12-13 04:00:00,0.0,0.0
2024-12-13 05:00:00,0.0,0.0
2024-12-13 06:00:00,0.0,0.0
2024-12-13 07:00:00,0.0,0.0
2024-12-13 08:00:00,0.0,0.0
2024-12-13 09:00:00,0.0,0.0
2024-12-13 10:00:00,0.11791774896050991,0.11791774896050991
2024-12-13 11:00:00,0.4306515773078164,0.4306515773078164
2024-12-13 12:00:00,0.9779599653852276,0.9779599653852276
2024-12-13 13:00:00,1.5021677180336008,1.5021677180336008
2024-12-13 14:00:00,2.053039800090609,2.053039800090609
2024-12-13 15:00:00,3.3003225547996804,3.3003225547996804
2024-12-13 16:00:00,3.228965973789874,3.228965973789874
2024-12-13 17:00:00,3.317806255799842,3.317806255799842
2024-12-13 18:00:00,3.0363575471719706,3.0363575471719706
2024-12-13 19:00:00,3.5673560266301756,3.5673560266301756
2024-12-13 20:00:00,3.2932017132515603,3.2932017132515603
2024-12-13 21:00:00,3.793356227410316,3.793356227410316
2024-12-13 22:00:00,0.0,0.0
2024-12-13 23:00:00,0.0,0.0
2024-12-14 00:00:00,0.0,0.0
2024-12-14 01:00:00,0.0,0.0
2024-12-14 02:00:00,0.0,0.0
2024-12-14 03:00:00,0.0,0.0
2024-12-14 04:00:00,0.0,0.0
2024-12-14 05:00:00,0.0,0.0
2024-12-14 06:00:00,0.0,0.0
2024-12-14 07:00:00,0.0,0.0
2024-12-14 08:00:00,0.0,0.0
2024-12-14 09:00:00,0.0,0.0
2024-12-14 10:00:00,0.07641267727059162,0.07641267727059162
2024-12-14 11:00:00,0.2738253289250141,0.2738253289250141
2024-12-14 12:00:00,0.6545939968614218,0.6545939968614218
2024-12-14 13:00:00,0.8915514268290953,0.8915514268290953
2024-12-14 14:00:00,1.7524267801227489,1.7524267801227489
2024-12-14 15:00:00,2.0536268465707503,2.0536268465707503
2024-12-14 16:00:00,2.4347266452036513,2.4347266452036513
2024-12-14 17:00:00,2.083996758364601,2.083996758364601
2024-12-14 18:00:00,2.1446061358091066,2.1446061358091066
2024-12-14 19:00:00,3.1020124123852386,3.1020124123852386
2024-12-14 20:00:00,2.170859945539272,2.170859945539272
2024-12-14 21:00:00,3.1663070661900616,3.1663070661900616
2024-12-14 22:00:00,0.0,0.0
2024-12-14 23:00:00,0.0,0.0
2024-12-15 00:00:00,0.0,0.0
2024-12-15 01:00:00,0.0,0.0
2024-12-15 02:00:00,0.0,0.0
2024-12-15 03:00:00,0.0,0.0
2024-12-15 04:00:00,0.0,0.0
2024-12-15 05:00:00,0.0,0.0
2024-12-15 06:00:00,0.0,0.0
2024-12-15 07:00:00,0.0,0.0
2024-12-15 08:00:00,0.0,0.0
2024-12-15 09:00:00,0.0,0.0
2024-12-15 10:00:00,0.0805398850259791,0.0805398850259791
2024-12-15 11:00:00,0.3245774432397897,0.3245774432397897
2024-12-15 12:00:00,0.4819519417155811,0.4819519417155811
2024-12-15 13:00:00,0.8567153362108665,0.8567153362108665
2024-12-15 14:00:00,1.4903450504085813,1.4903450504085813
2024-12-15 15:00:00,1.977284712825847,1.977284712825847
2024-12-15 16:00:00,2.063847313878819,2.063847313878819
2024-12-15 17:00:00,2.45987217012596,2.45987217012596
2024-12-15 18:00:00,2.0803816649475904,2.0803816649475904
2024-12-15 19:00:00,2.9163202411690974,2.9163202411690974
2024-12-15 20:00:00,2.098720147457705,2.098720147457705
2024-12-15 21:00:00,2.7191623928859983,2.7191623928859983
2024-12-15 22:00:00,0.0,0.0
2024-12-15 23:00:00,0.0,0.0
2024-12-16 00:00:00,0.0,0.0
2024-12-16 01:00:00,0.0,0.0
2024-12-16 02:00:00,0.0,0.0
2024-12-16 03:00:00,0.0,0.0
2024-12-16 04:00:00,0.0,0.0
2024-12-16 05:00:00,0.0,0.0
2024-12-16 06:00:00,0.0,0.0
2024-12-16 07:00:00,0.0,0.0
2024-12-16 08:00:00,0.0,0.0
2024-12-16 09:00:00,0.0,0.0
2024-12-16 10:00:00,0.11480773798246438,0.11480773798246438
2024-12-16 11:00:00,0.46129459707465187,0.46129459707465187
2024-12-16 12:00:00,0.7921283300238579,0.7921283300238579
2024-12-16 13:00:00,1.50796749511568,1.50796749511568
2024-12-16 14:00:00,2.4659796683177877,2.4659796683177877
2024-12-16 15:00:00,3.0140014544605487,3.0140014544605487
2024-12-16 16:00:00,2.662923654127375,2.662923654127375
2024-12-16 17:00:00,2.9818554222968947,2.9818554222968947
2024-12-16 18:00:00,3.7686959339849757,3.7686959339849757
2024-12-16 19:00:00,4.391648790497487,4.391648790497487
2024-12-16 20:00:00,3.7504297016360693,3.7504297016360693
2024-12-16 21:00:00,3.9005619835252663,3.9005619835252663
2024-12-16 22:00:00,0.0,0.0
2024-12-16 23:00:00,0.0,0.0
2024-12-17 00:00:00,0.0,0.0
2024-12-17 01:00:00,0.0,0.0
2024-12-17 02:00:00,0.0,0.0
2024-12-17 03:00:00,0.0,0.0
2024-12-17 04:00:00,0.0,0.0
2024-12-17 05:00:00,0.0,0.0
2024-12-17 06:00:00,0.0,0.0
2024-12-17 07:00:00,0.0,0.0
2024-12-17 08:00:00,0.0,0.0
2024-12-17 09:00:00,0.0,0.0
2024-12-17 10:00:00,0.12218645729217496,0.12218645729217496
2024-12-17 11:00:00,0.4453283162123081,0.4453283162123081
2024-12-17 12:00:00,0.9489876265466806,0.9489876265466806
2024-12-17 13:00:00,1.4005805706330692,1.4005805706330692
2024-12-17 14:00:00,2.0368652918004893,2.0368652918004893
2024-12-17 15:00:00,3.142628075336128,3.142628075336128
2024-12-17 16:00:00,3.042321211814303,3.042321211814303
2024-12-17 17:00:00,3.657312446630772,3.657312446630772
2024-12-17 18:00:00,3.6459876505104822,3.6459876505104822
2024-12-17 19:00:00,4.537298339413334,4.537298339413334
2024-12-17 20:00:00,3.993874214082497,3.993874214082497
2024-12-17 21:00:00,4.114920450745216,4.114920450745216
2024-12-17 22:00:00,0.0,0.0
2024-12-17 23:00:00,0.0,0.0
2024-12-18 00:00:00,0.0,0.0
2024-12-18 01:00:00,0.0,0.0
2024-12-18 02:00:00,0.0,0.0
2024-12-18 03:00:00,0.0,0.0
2024-12-18 04:00:00,0.0,0.0
2024-12-18 05:00:00,0.0,0.0
2024-12-18 06:00:00,0.0,0.0
2024-12-18 07:00:00,0.0,0.0
2024-12-18 08:00:00,0.0,0.0
2024-12-18 09:00:00,0.0,0.0
2024-12-18 10:00:00,0.11163729466409096,0.11163729466409096
2024-12-18 11:00:00,0.4407095416783106,0.4407095416783106
2024-12-18 12:00:00,0.7413270972932112,0.7413270972932112
2024-12-18 13:00:00,1.5315572665660557,1.5315572665660557
2024-12-18 14:00:00,2.090013183857185,2.090013183857185
2024-12-18 15:00:00,2.736287927726234,2.736287927726234
2024-12-18 16:00:00,2.7288534978170764,2.7288534978170764
2024-12-18 17:00:00,3.212823577190575,3.212823577190575
2024-12-18 18:00:00,2.8365720220807136,2.8365720220807136
2024-12-18 19:00:00,3.787773124010113,3.787773124010113
2024-12-18 20:00:00,3.3044390759696194,3.3044390759696194
2024-12-18 21:00:00,3.8713067890388926,3.8713067890388926
2024-12-18 22:00:00,0.0,0.0
2024-12-18 23:00:00,0.0,0.0
2024-12-19 00:00:00,0.0,0.0
2024-12-19 01:00:00,0.0,0.0
2024-12-19 02:00:00,0.0,0.0
2024-12-19 03:00:00,0.0,0.0
2024-12-19 04:00:00,0.0,0.0
2024-12-19 05:00:00,0.0,0.0
2024-12-19 06:00:00,0.0,0.0
2024-12-19 07:00:00,0.0,0.0
2024-12-19 08:00:00,0.0,0.0
2024-12-19 09:00:00,0.0,0.0
2024-12-19 10:00:00,0.10925087575799225,0.10925087575799225
2024-12-19 11:00:00,0.43290780135067225,0.43290780135067225
2024-12-19 12:00:00,0.8079261821438548,0.8079261821438548
2024-12-19 13:00:00,1.2834519650109624,1.2834519650109624
2024-12-19 14:00:00,2.111815703591212,2.111815703591212
2024-12-19 15:00:00,3.246715812421883,3.246715812421883
2024-12-19 16:00:00,3.2818758522282354,3.2818758522282354
2024-12-19 17:00:00,3.7743905518092,3.7743905518092
2024-12-19 18:00:00,3.0353613561783384,3.0353613561783384
2024-12-19 19:00:00,3.5151479825569516,3.5151479825569516
2024-12-19 20:00:00,3.0354237568105202,3.0354237568105202
2024-12-19 21:00:00,3.4572364487116247,3.4572364487116247
2024-12-19 22:00:00,0.0,0.0
2024-12-19 23:00:00,0.0,0.0
2024-12-20 00:00:00,0.0,0.0
2024-12-20 01:00:00,0.0,0.0
2024-12-20 02:00:00,0.0,0.0
2024-12-20 03:00:00,0.0,0.0
2024-12-20 04:00:00,0.0,0.0
2024-12-20 05:00:00,0.0,0.0
2024-12-20 06:00:00,0.0,0.0
2024-12-20 07:00:00,0.0,0.0
2024-12-20 08:00:00,0.0,0.0
2024-12-20 09:00:00,0.0,0.0
2024-12-20 10:00:00,0.10933545189706687,0.10933545189706687
2024-12-20 11:00:00,0.35501352256328816,0.35501352256328816
2024-12-20 12:00:00,0.7031585319955085,0.7031585319955085
2024-12-20 13:00:00,1.296863154002714,1.296863154002714
2024-12-20 14:00:00,1.9503375843125934,1.9503375843125934
2024-12-20 15:00:00,3.1649089395764958,3.1649089395764958
2024-12-20 16:00:00,3.235337931998371,3.235337931998371
2024-12-20 17:00:00,3.672368461746789,3.672368461746789
2024-12-20 18:00:00,3.0580908108389795,3.0580908108389795
2024-12-20 19:00:00,3.689070822013098,3.689070822013098
2024-12-20 20:00:00,3.4598313016243956,3.4598313016243956
2024-12-20 21:00:00,3.957628937372493,3.957628937372493
2024-12-20 22:00:00,0.0,0.0
2024-12-20 23:00:00,0.0,0.0
2024-12-21 00:00:00,0.0,0.0
2024-12-21 01:00:00,0.0,0.0
2024-12-21 02:00:00,0.0,0.0
2024-12-21 03:00:00,0.0,0.0
2024-12-21 04:00:00,0.0,0.0
2024-12-21 05:00:00,0.0,0.0
2024-12-21 06:00:00,0.0,0.0
2024-12-21 07:00:00,0.0,0.0
2024-12-21 08:00:00,0.0,0.0
2024-12-21 09:00:00,0.0,0.0
2024-12-21 10:00:00,0.07256254294146584,0.07256254294146584
2024-12-21 11:00:00,0.273048878609956,0.273048878609956
2024-12-21 12:00:00,0.6247053612759396,0.6247053612759396
2024-12-21 13:00:00,1.0251710455085457,1.0251710455085457
2024-12-21 14:00:00,1.421429402596401,1.421429402596401
2024-12-21 15:00:00,2.076135099892469,2.076135099892469
2024-12-21 16:00:00,2.0485731777266674,2.0485731777266674
2024-12-21 17:00:00,2.5577568289427983,2.5577568289427983
2024-12-21 18:00:00,2.341452906217668,2.341452906217668
2024-12-21 19:00:00,2.519073688424467,2.519073688424467
2024-12-21 20:00:00,2.3061668333201766,2.3061668333201766
2024-12-21 21:00:00,2.346242661806536,2.346242661806536
2024-12-21 22:00:00,0.0,0.0
2024-12-21 23:00:00,0.0,0.0
2024-12-22 00:00:00,0.0,0.0
2024-12-22 01:00:00,0.0,0.0
2024-12-22 02:00:00,0.0,0.0
2024-12-22 03:00:00,0.0,0.0
2024-12-22 04:00:00,0.0,0.0
2024-12-22 05:00:00,0.0,0.0
2024-12-22 06:00:00,0.0,0.0
2024-12-22 07:00:00,0.0,0.0
2024-12-22 08:00:00,0.0,0.0
2024-12-22 09:00:00,0.0,0.0
2024-12-22 10:00:00,0.07487255305056709,0.07487255305056709
2024-12-22 11:00:00,0.3220965757988302,0.3220965757988302
2024-12-22 12:00:00,0.6108902493173217,0.6108902493173217
2024-12-22 13:00:00,1.073233620846031,1.073233620846031
2024-12-22 14:00:00,1.4361047989892337,1.4361047989892337
2024-12-22 15:00:00,2.0933314743196796,2.0933314743196796
2024-12-22 16:00:00,2.352937751034162,2.352937751034162
2024-12-22 17:00:00,2.6187015639332887,2.6187015639332887
2024-12-22 18:00:00,1.9296271926951956,1.9296271926951956
2024-12-22 19:00:00,2.835837694780464,2.835837694780464
2024-12-22 20:00:00,2.3451215489969557,2.3451215489969557
2024-12-22 21:00:00,2.4982830481208937,2.4982830481208937
2024-12-22 22:00:00,0.0,0.0
2024-12-22 23:00:00,0.0,0.0
2024-12-23 00:00:00,0.0,0.0
2024-12-23 01:00:00,0.0,0.0
2024-12-23 02:00:00,0.0,0.0
2024-12-23 03:00:00,0.0,0.0
2024-12-23 04:00:00,0.0,0.0
2024-12-23 05:00:00,0.0,0.0
2024-12-23 06:00:00,0.0,0.0
2024-12-23 07:00:00,0.0,0.0
2024-12-23 08:00:00,0.0,0.0
2024-12-23 09:00:00,0.0,0.0
2024-12-23 10:00:00,0.10867043778861414,0.10867043778861414
2024-12-23 11:00:00,0.43853915901867474,0.43853915901867474
2024-12-23 12:00:00,0.8529387905822395,0.8529387905822395
2024-12-23 13:00:00,1.6057756424564102,1.6057756424564102
2024-12-23 14:00:00,2.1427273280326022,2.1427273280326022
2024-12-23 15:00:00,2.671422055448004,2.671422055448004
2024-12-23 16:00:00,3.55592296871654,3.55592296871654
2024-12-23 17:00:00,3.2770765311372148,3.2770765311372148
2024-12-23 18:00:00,3.4056014368304672,3.4056014368304672
2024-12-23 19:00:00,4.1276653862653765,4.1276653862653765
2024-12-23 20:00:00,3.3113712819174363,3.3113712819174363
2024-12-23 21:00:00,3.822369367296303,3.822369367296303
2024-12-23 22:00:00,0.0,0.0
2024-12-23 23:00:00,0.0,0.0
2024-12-24 00:00:00,0.0,0.0
2024-12-24 01:00:00,0.0,0.0
2024-12-24 02:00:00,0.0,0.0
2024-12-24 03:00:00,0.0,0.0
2024-12-24 04:00:00,0.0,0.0
2024-12-24 05:00:00,0.0,0.0
2024-12-24 06:00:00,0.0,0.0
2024-12-24 07:00:00,0.0,0.0
2024-12-24 08:00:00,0.0,0.0
2024-12-24 09:00:00,0.0,0.0
2024-12-24 10:00:00,0.11892638362017637,0.11892638362017637
2024-12-24 11:00:00,0.4455389795761194,0.4455389795761194
2024-12-24 12:00:00,0.8525108804883671,0.8525108804883671
2024-12-24 13:00:00,1.2120222694747131,1.2120222694747131
2024-12-24 14:00:00,2.2716862322594187,2.2716862322594187
2024-12-24 15:00:00,2.9747501335820563,2.9747501335820563
2024-12-24 16:00:00,2.6187785653429003,2.6187785653429003
2024-12-24 17:00:00,3.158622248471865,3.158622248471865
2024-12-24 18:00:00,3.094815672875087,3.094815672875087
2024-12-24 19:00:00,3.4873930117524785,3.4873930117524785
2024-12-24 20:00:00,3.7208273013006874,3.7208273013006874
2024-12-24 21:00:00,3.7721041581607837,3.7721041581607837
2024-12-24 22:00:00,0.0,0.0
2024-12-24 23:00:00,0.0,0.0
2024-12-25 00:00:00,0.0,0.0
2024-12-25 01:00:00,0.0,0.0
2024-12-25 02:00:00,0.0,0.0
2024-12-25 03:00:00,0.0,0.0
2024-12-25 04:00:00,0.0,0.0
2024-12-25 05:00:00,0.0,0.0
2024-12-25 06:00:00,0.0,0.0
2024-12-25 07:00:00,0.0,0.0
2024-12-25 08:00:00,0.0,0.0
2024-12-25 09:00:00,0.0,0.0
2024-12-25 10:00:00,0.12102850998016468,0.12102850998016468
2024-12-25 11:00:00,0.4098497429909048,0.4098497429909048
2024-12-25 12:00:00,0.7632529446966835,0.7632529446966835
2024-12-25 13:00:00,1.161405047244752,1.161405047244752
2024-12-25 14:00:00,2.2878557645420825,2.2878557645420825
2024-12-25 15:00:00,2.6078087430984476,2.6078087430984476
2024-12-25 16:00:00,2.6946908021117495,2.6946908021117495
2024-12-25 17:00:00,3.0968039146322104,3.0968039146322104
2024-12-25 18:00:00,2.817567067742091,2.817567067742091
2024-12-25 19:00:00,3.9661111594636327,3.9661111594636327
2024-12-25 20:00:00,3.659829829977775,3.659829829977775
2024-12-25 21:00:00,4.107425253153247,4.107425253153247
2024-12-25 22:00:00,0.0,0.0
2024-12-25 23:00:00,0.0,0.0
2024-12-26 00:00:00,0.0,0.0
2024-12-26 01:00:00,0.0,0.0
2024-12-26 02:00:00,0.0,0.0
2024-12-26 03:00:00,0.0,0.0
2024-12-26 04:00:00,0.0,0.0
2024-12-26 05:00:00,0.0,0.0
2024-12-26 06:00:00,0.0,0.0
2024-12-26 07:00:00,0.0,0.0
2024-12-26 08:00:00,0.0,0.0
2024-12-26 09:00:00,0.0,0.0
2024-12-26 10:00:00,0.13032313764656914,0.13032313764656914
2024-12-26 11:00:00,0.4507041628366795,0.4507041628366795
2024-12-26 12:00:00,0.924624653919301,0.924624653919301
2024-12-26 13:00:00,1.476893314656243,1.476893314656243
2024-12-26 14:00:00,1.963622597107953,1.963622597107953
2024-12-26 15:00:00,3.067652627004782,3.067652627004782
2024-12-26 16:00:00,2.808721985388338,2.808721985388338
2024-12-26 17:00:00,3.75666114648633,3.75666114648633
2024-12-26 18:00:00,2.8507251760597447,2.8507251760597447
2024-12-26 19:00:00,3.963237181253655,3.963237181253655
2024-12-26 20:00:00,3.6565200414398245,3.6565200414398245
2024-12-26 21:00:00,4.233522469567294,4.233522469567294
2024-12-26 22:00:00,0.0,0.0
2024-12-26 23:00:00,0.0,0.0
2024-12-27 00:00:00,0.0,0.0
2024-12-27 01:00:00,0.0,0.0
2024-12-27 02:00:00,0.0,0.0
2024-12-27 03:00:00,0.0,0.0
2024-12-27 04:00:00,0.0,0.0
2024-12-27 05:00:00,0.0,0.0
2024-12-27 06:00:00,0.0,0.0
2024-12-27 07:00:00,0.0,0.0
2024-12-27 08:00:00,0.0,0.0
2024-12-27 09:00:00,0.0,0.0
2024-12-27 10:00:00,0.11846482600683338,0.11846482600683338
2024-12-27 11:00:00,0.4486352413099279,0.4486352413099279
2024-12-27 12:00:00,0.8622367312618683,0.8622367312618683
2024-12-27 13:00:00,1.349333643021401,1.349333643021401
2024-12-27 14:00:00,2.5007660441806254,2.5007660441806254
2024-12-27 15:00:00,3.1293349732909497,3.1293349732909497
2024-12-27 16:00:00,2.579404069861916,2.579404069861916
2024-12-27 17:00:00,3.5810352847619273,3.5810352847619273
2024-12-27 18:00:00,3.400741405853196,3.400741405853196
2024-12-27 19:00:00,4.219590449824293,4.219590449824293
2024-12-27 20:00:00,3.81354774936797,3.81354774936797
2024-12-27 21:00:00,3.963261953780358,3.963261953780358
2024-12-27 22:00:00,0.0,0.0
2024-12-27 23:00:00,0.0,0.0
2024-12-28 00:00:00,0.0,0.0
2024-12-28 01:00:00,0.0,0.0
2024-12-28 02:00:00,0.0,0.0
2024-12-28 03:00:00,0.0,0.0
2024-12-28 04:00:00,0.0,0.0
2024-12-28 05:00:00,0.0,0.0
2024-12-28 06:00:00,0.0,0.0
2024-12-28 07:00:00,0.0,0.0
2024-12-28 08:00:00,0.0,0.0
2024-12-28 09:00:00,0.0,0.0
2024-12-28 10:00:00,0.08410754761411403,0.08410754761411403
2024-12-28 11:00:00,0.30890630466100083,0.30890630466100083
2024-12-28 12:00:00,0.6496269240080311,0.6496269240080311
2024-12-28 13:00:00,1.0776897467720326,1.0776897467720326
2024-12-28 14:00:00,1.518178773280057,1.518178773280057
2024-12-28 15:00:00,2.0197289108632237,2.0197289108632237
2024-12-28 16:00:00,2.3405015300101515,2.3405015300101515
2024-12-28 17:00:00,1.9465934500779734,1.9465934500779734
2024-12-28 18:00:00,2.287174152224532,2.287174152224532
2024-12-28 19:00:00,3.013089373547457,3.013089373547457
2024-12-28 20:00:00,2.279553582046342,2.279553582046342
2024-12-28 21:00:00,2.868380309188963,2.868380309188963
2024-12-28 22:00:00,0.0,0.0
2024-12-28 23:00:00,0.0,0.0
2024-12-29 00:00:00,0.0,0.0
2024-12-29 01:00:00,0.0,0.0
2024-12-29 02:00:00,0.0,0.0
2024-12-29 03:00:00,0.0,0.0
2024-12-29 04:00:00,0.0,0.0
2024-12-29 05:00:00,0.0,0.0
2024-12-29 06:00:00,0.0,0.0
2024-12-29 07:00:00,0.0,0.0
2024-12-29 08:00:00,0.0,0.0
2024-12-29 09:00:00,0.0,0.0
2024-12-29 10:00:00,0.07692853472328297,0.07692853472328297
2024-12-29 11:00:00,0.2838408378481974,0.2838408378481974
2024-12-29 12:00:00,0.6264633889042303,0.6264633889042303
2024-12-29 13:00:00,0.9955362923382733,0.9955362923382733
2024-12-29 14:00:00,1.578735267471458,1.578735267471458
2024-12-29 15:00:00,1.8600377021065482,1.8600377021065482
2024-12-29 16:00:00,2.4874260750703665,2.4874260750703665
2024-12-29 17:00:00,2.6011880573262394,2.6011880573262394
2024-12-29 18:00:00,2.7046152403982466,2.7046152403982466
2024-12-29 19:00:00,2.561108483870382,2.561108483870382
2024-12-29 20:00:00,2.789165221062157,2.789165221062157
2024-12-29 21:00:00,3.023226387099644,3.023226387099644
2024-12-29 22:00:00,0.0,0.0
2024-12-29 23:00:00,0.0,0.0
2024-12-30 00:00:00,0.0,0.0
2024-12-30 01:00:00,0.0,0.0
2024-12-30 02:00:00,0.0,0.0
2024-12-30 03:00:00,0.0,0.0
2024-12-30 04:00:00,0.0,0.0
2024-12-30 05:00:00,0.0,0.0
2024-12-30 06:00:00,0.0,0.0
2024-12-30 07:00:00,0.0,0.0
2024-12-30 08:00:00,0.0,0.0
2024-12-30 09:00:00,0.0,0.0
2024-12-30 10:00:00,0.09730145409329258,0.09730145409329258
2024-12-30 11:00:00,0.4507125710382057,0.4507125710382057
2024-12-30 12:00:00,0.7723985395259568,0.7723985395259568
2024-12-30 13:00:00,1.3065909479870228,1.3065909479870228
2024-12-30 14:00:00,1.8668812094205165,1.8668812094205165
2024-12-30 15:00:00,2.382079498300179,2.382079498300179
2024-12-30 16:00:00,2.8046361319055118,2.8046361319055118
2024-12-30 17:00:00,3.2011472620134733,3.2011472620134733
2024-12-30 18:00:00,2.86900856114733,2.86900856114733
2024-12-30 19:00:00,4.20600224211704,4.20600224211704
2024-12-30 20:00:00,2.8423823299838262,2.8423823299838262
2024-12-30 21:00:00,3.550404043525727,3.550404043525727
2024-12-30 22:00:00,0.0,0.0
2024-12-30 23:00:00,0.0,0.0
