agent,step,mean_reward,episode_co2_kg,episode_grid_kwh,episode_solar_kwh,episode_co2_indirect_kg,episode_co2_direct_kg,episode_co2_total_avoided_kg,episode_co2_net_kg
SAC,11259,3090.136527,739472.2627644204,1635638.7143650055,8030119.258962631,3630416.9169770842,939840.7000001402,4570257.616977224,-3830785.354212804
SAC,20018,3090.136527,739462.354237121,1635616.7976932526,8030119.258962631,3630416.9169770842,939840.7000001402,4570257.616977224,-3830795.2627401035
SAC,28777,3090.136527,739366.0569371209,1635403.7976932526,8030119.258962631,3630416.9169770842,939840.7000001402,4570257.616977224,-3830891.5600401037
