{
  "capacity_kwh": 2000.0,
  "nominal_power_kw": 400.0,
  "dod": 0.8,
  "c_rate": 0.36,
  "autonomy_hours": 4.0,
  "peak_load_kw": 169.75599999999986,
  "efficiency_roundtrip": 0.95,
  "surplus_kwh_day": 22016.005613350473,
  "deficit_kwh_day": 559.6244432882468,
  "night_deficit_kwh_day": 559.6244432882468,
  "pv_generation_kwh_day": 22719.21690389479,
  "total_demand_kwh_day": 35005.30008767123,
  "mall_demand_kwh_day": 33886.7205479452,
  "ev_demand_kwh_day": 1118.5795397260267,
  "bess_load_scope": "ev_only",
  "pv_available_kwh_day": 22719.21690389479,
  "bess_load_kwh_day": 1118.5795397260267,
  "sizing_mode": "ev_open_hours",
  "grid_import_kwh_day": 17630.395827121363,
  "grid_export_kwh_day": 5263.920914934961,
  "self_sufficiency": 0.49635067309905057,
  "cycles_per_day": 0.8199394117896972,
  "soc_min_percent": 20.0,
  "soc_max_percent": 100.0,
  "profile_path": "D:\\dise\u00f1opvbesscar\\data\\interim\\oe2\\bess\\bess_daily_balance_24h.csv",
  "results_path": "D:\\dise\u00f1opvbesscar\\data\\interim\\oe2\\bess\\bess_results.json",
  "osinergmin_tariff": {
    "energia_hp_soles_kwh": 0.45,
    "energia_hfp_soles_kwh": 0.28,
    "potencia_hp_soles_kw_mes": 48.5,
    "potencia_hfp_soles_kw_mes": 22.8,
    "horas_punta": [
      18,
      19,
      20,
      21,
      22
    ]
  },
  "cost_baseline_soles_year": 4208897.116880015,
  "cost_grid_import_soles_year": 2337385.0391382654,
  "savings_bess_soles_year": 220940.40094612204,
  "savings_total_soles_year": 1871512.0777417491,
  "roi_arbitrage_percent": 5.249365684421896,
  "co2_emissions_kg_year": 2909306.213006173,
  "co2_avoided_by_pv_kg_year": 2678349.729791507,
  "co2_avoided_by_bess_kg_year": 257341.10224002702,
  "co2_avoided_kg_year": 2935690.832031534,
  "co2_reduction_percent": 50.225702586520214,
  "factor_co2_kg_kwh": 0.4521,
  "grid_export_kwh_year": 1921331.1339512607,
  "bess_to_mall_kwh_year": 417603.3787855191,
  "mall_demand_peak_kw": 2763.0,
  "mall_demand_min_kw": 0.0,
  "mall_demand_mean_kw": 1411.946689497717,
  "mall_demand_annual_kwh": 12368653.0,
  "mall_peak_exceeds_1900kw": true,
  "mall_peak_threshold_validation": "umbral 1900 kW es REFERENCIA de picos altos, descarga BESS por deficit solar (PV < demanda_mall)",
  "mall_energy_sources": {
    "description": "C\u00f3mo se alimenta Mall durante picos (BESS descarga cuando PV < demanda_mall)",
    "pv_direct_kwh": 5667569.7055195775,
    "pv_direct_percent": 45.82204469249463,
    "bess_discharge_kwh": 417603.3787855191,
    "bess_discharge_percent": 3.3763044268888383,
    "grid_import_kwh": 6283479.915694904,
    "grid_import_percent": 50.801650880616535,
    "total_kwh": 12368653.0
  },
  "simulation_mode": "arbitrage_hp_hfp_v53",
  "bess_version": "v5.3 (arbitrage-legacy)",
  "operation_strategy": {
    "name": "Arbitraje HP/HFP (OSINERGMIN)",
    "description": "Carga en HFP barato (S/.0.28), descarga en HP caro (S/.0.45)",
    "tariff_dependent": true,
    "charge_hours": "6h-17h, 23h (HFP - barato)",
    "discharge_hours": "18h-22h (HP - caro)",
    "arbitrage_differential": "S/.0.17/kWh"
  }
}