{
  "timestamp": "2026-02-07T05:42:08.976521",
  "total_timesteps": 87600,
  "training_duration_seconds": 812.893997,
  "episodes_trained": 10,
  "validation_metrics": {
    "mean_reward": 3483.3166250728605,
    "std_reward": 0.0,
    "mean_co2_avoided_kg": 4402464.666028243,
    "mean_solar_kwh": 8292514.2078002505,
    "mean_cost_usd": 915178.5229751546,
    "mean_grid_import_kwh": 6801430.623861534
  },
  "reward_weights": {
    "co2": 0.35,
    "cost": 0.1,
    "solar": 0.2,
    "ev_satisfaction": 0.3,
    "ev_utilization": 0.0,
    "grid_stability": 0.05,
    "peak_import_penalty": 0.0,
    "operational_penalties": 0.0
  },
  "context": {
    "co2_grid_factor": 0.4521,
    "chargers": 32,
    "sockets": 128,
    "motos_daily": 2685,
    "mototaxis_daily": 388
  },
  "training_evolution": {
    "episode_rewards": [
      3487.438914597021,
      3487.6000805573617,
      3482.018915613033,
      3478.708601985608,
      3484.417696711023,
      3485.6810828008392,
      3482.0312416857732,
      3482.270498345223,
      3483.773241088446,
      3483.6063899634983
    ],
    "episode_co2_grid": [
      3079397.8774505435,
      3079086.997245159,
      3070888.108074064,
      3070579.4142603045,
      3080430.938943105,
      3082783.311503239,
      3076725.295604361,
      3079682.1268441663,
      3078978.1100439588,
      3079163.588674414
    ],
    "episode_co2_avoided_indirect": [
      3749045.67334623,
      3749045.67334623,
      3749045.67334623,
      3749045.67334623,
      3749045.67334623,
      3749045.67334623,
      3749045.67334623,
      3749045.67334623,
      3749045.67334623,
      3749045.67334623
    ],
    "episode_co2_avoided_direct": [
      673128.5900140095,
      669735.3442408936,
      630081.1456150719,
      616593.0326411967,
      669836.0484432699,
      667678.9334385154,
      641781.4368361664,
      650402.6380549894,
      659049.6610566557,
      650164.0896540966
    ],
    "episode_solar_kwh": [
      8292514.2078002505,
      8292514.2078002505,
      8292514.2078002505,
      8292514.2078002505,
      8292514.2078002505,
      8292514.2078002505,
      8292514.2078002505,
      8292514.2078002505,
      8292514.2078002505,
      8292514.2078002505
    ],
    "episode_ev_charging": [
      512998.1076018359,
      511428.4747276549,
      484790.9976673622,
      485204.1964175654,
      520988.3895708948,
      522028.0264057726,
      501408.8910303893,
      509972.59449825453,
      510432.42301108525,
      508194.2426053748
    ],
    "episode_grid_import": [
      6811320.2332460405,
      6810632.597312901,
      6792497.474173962,
      6791814.674320514,
      6813605.261984351,
      6818808.474902103,
      6805408.749401366,
      6811948.964486103,
      6810391.749710155,
      6810802.009896943
    ]
  }
}