{
  "timestamp": "2026-02-06T15:21:03.511442",
  "total_timesteps": 26280,
  "training_duration_seconds": 258.853265,
  "training_duration_hours": 0.07190368472222222,
  "episodes_trained": 3,
  "avg_minutes_per_episode": 1.4380736944444446,
  "validation_metrics": {
    "mean_reward": 803030.1172649002,
    "std_reward": 0.006164285824270737,
    "mean_co2_avoided_kg": 4578080.041676196,
    "mean_solar_kwh": 8292514.2078002505,
    "mean_cost_usd": 942741.1597913039,
    "mean_grid_import_kwh": 6896384.1642132765
  },
  "reward_weights": {
    "co2": 0.5,
    "cost": 0.15,
    "solar": 0.2,
    "ev_satisfaction": 0.08,
    "ev_utilization": 0.02,
    "grid_stability": 0.05,
    "peak_import_penalty": 0.0,
    "operational_penalties": 0.0
  },
  "context": {
    "co2_grid_factor": 0.4521,
    "chargers": 32,
    "sockets": 128,
    "motos_daily": 2685,
    "mototaxis_daily": 388
  }
}