{
  "timestamp": "2026-02-06T20:51:40.237835",
  "total_timesteps": 87600,
  "training_duration_seconds": 813.42658,
  "episodes_trained": 10,
  "validation_metrics": {
    "mean_reward": 2138.5962465956986,
    "std_reward": 0.0,
    "mean_co2_avoided_kg": 4497974.033613804,
    "mean_solar_kwh": 8292514.2078002505,
    "mean_cost_usd": 930841.5197570232,
    "mean_grid_import_kwh": 6856677.581426158
  },
  "reward_weights": {
    "co2": 0.5,
    "cost": 0.15,
    "solar": 0.2,
    "ev_satisfaction": 0.08,
    "ev_utilization": 0.02,
    "grid_stability": 0.05,
    "peak_import_penalty": 0.0,
    "operational_penalties": 0.0
  },
  "context": {
    "co2_grid_factor": 0.4521,
    "chargers": 32,
    "sockets": 128,
    "motos_daily": 2685,
    "mototaxis_daily": 388
  }
}