hour,pv_kwh
0,0.0
1,0.0
2,0.0
3,0.0
4,0.0
5,366.771551565653
6,623.5016577118206
7,976.8479550990164
8,1410.4695673896051
9,1876.9290574536346
10,2301.8625368000885
11,2601.7064936136962
12,2710.0955700104455
13,2601.7064936136962
14,2301.8625368000885
15,1876.9290574536346
16,1410.4695673896051
17,976.8479550990164
18,0.0
19,0.0
20,0.0
21,0.0
22,0.0
23,0.0
