{
  "A2C": {
    "agent": "A2C",
    "checkpoint": "a2c_final_model.zip",
    "checkpoint_steps": 0,
    "episodes": 10,
    "total_timesteps": 87600,
    "duration_seconds": 176.43810415267944,
    "speed_steps_per_sec": 496.4913923819765,
    "device": "cuda",
    "final_reward": 3036.8195132017136,
    "best_reward": 3036.8195132017136,
    "mean_reward": 2725.0944184080336,
    "std_reward": 324.5320449609278,
    "validation_mean_reward": 3062.615395592959,
    "validation_mean_co2_avoided": 4428720.0139274765,
    "validation_mean_solar": 8292514.130952835,
    "validation_grid_import": 4680326.5,
    "final_co2": 2115420.5,
    "best_co2": 2104618.5,
    "mean_co2": 2200222.475,
    "mean_solar": 8292514.130952835,
    "mean_grid_import": 4866683.15,
    "learning_rate": 0.0003,
    "gamma": 0.99,
    "lambda": 0.95,
    "n_steps": 16,
    "batch_size": 0,
    "convergence_pct": 59.76464249005412,
    "co2_reduction_pct": 50.94577079365731,
    "episode_rewards": [
      1900.8082551123698,
      2453.158807883039,
      2610.8051293343306,
      2752.9800418391824,
      2806.329538464546,
      2788.351083904505,
      2929.5832658335567,
      2976.428512722254,
      2995.6800357848406,
      3036.8195132017136
    ],
    "co2_list": [
      2895108.75,
      2177583.5,
      2104618.5,
      2105446.5,
      2105442.0,
      2106119.5,
      2141537.75,
      2138836.75,
      2112111.0,
      2115420.5
    ]
  },
  "PPO": {
    "agent": "PPO",
    "checkpoint": "ppo_final.zip",
    "checkpoint_steps": 0,
    "episodes": 10,
    "total_timesteps": 87600,
    "duration_seconds": 175.62231492996216,
    "speed_steps_per_sec": 498.7976615325604,
    "device": "cuda",
    "final_reward": 1014.4396344313809,
    "best_reward": 1014.4396344313809,
    "mean_reward": 818.5515865845384,
    "std_reward": 129.28352867156678,
    "validation_mean_reward": 659.3463998114108,
    "validation_mean_co2_avoided": 4409363.781132176,
    "validation_mean_solar": 8292514.130952835,
    "validation_grid_import": 5335239.364672089,
    "final_co2": 2738263.0,
    "best_co2": 2738263.0,
    "mean_co2": 3074700.85,
    "mean_solar": 8292514.130952835,
    "mean_grid_import": 6800927.134374904,
    "learning_rate": 0.0001,
    "gamma": 0.88,
    "lambda": 0.97,
    "n_steps": 4096,
    "batch_size": 256,
    "convergence_pct": 60.649386819341714,
    "co2_reduction_pct": 31.449168458822914,
    "episode_rewards": [
      631.4618776429998,
      672.3250027175054,
      701.7700319511614,
      731.6404266778845,
      775.5916639546958,
      834.5521582733672,
      894.6361894934907,
      946.2090522329017,
      982.8898284699972,
      1014.4396344313809
    ],
    "co2_list": [
      3366224.75,
      3337977.0,
      3300170.25,
      3232600.25,
      3142020.75,
      3057204.5,
      2939635.0,
      2839617.75,
      2793295.25,
      2738263.0
    ]
  },
  "SAC": {
    "agent": "SAC",
    "checkpoint": "sac_model_final_20260216_211845.zip",
    "checkpoint_steps": 0,
    "episodes": 0,
    "total_timesteps": 0,
    "duration_seconds": 0,
    "speed_steps_per_sec": 0,
    "device": "N/A",
    "final_reward": 0.67392373,
    "best_reward": 0.6754239,
    "mean_reward": 0.6687131290000001,
    "std_reward": 0.016475956194467394,
    "validation_mean_reward": 0,
    "validation_mean_co2_avoided": 0,
    "validation_mean_solar": 0,
    "validation_grid_import": 0,
    "final_co2": 2940169.316554878,
    "best_co2": 2586089.8501723753,
    "mean_co2": 2904377.644209026,
    "mean_solar": 8203690.092111206,
    "mean_grid_import": 6424192.975467846,
    "learning_rate": 0,
    "gamma": 0,
    "lambda": 0,
    "n_steps": 0,
    "batch_size": 0,
    "convergence_pct": -0.22210792363135384,
    "co2_reduction_pct": 35.246545165480505,
    "episode_rewards": [
      0.6754239,
      0.61931765,
      0.6739237,
      0.6744238,
      0.67442375,
      0.67442375,
      0.67292356,
      0.6739237,
      0.67442375,
      0.67392373
    ],
    "co2_list": [
      2939416.632115205,
      2586089.8501723753,
      2939786.747236742,
      2940099.209333055,
      2939475.5029153684,
      2939632.348095211,
      2940000.2090577018,
      2939814.848848993,
      2939291.7777607287,
      2940169.316554878
    ]
  }
}