motos_total,taxis_total,co2_motos_total_kg,co2_taxis_total_kg,co2_total_kg
252077055.0,67345202.0,384828049.52710116,224831974.59942162,609660024.1265228
