{
  "capacity_kwh": 1700.0,
  "nominal_power_kw": 400.0,
  "dod": 0.8,
  "c_rate": 0.36,
  "autonomy_hours": 4.0,
  "peak_load_kw": 155.99199999999988,
  "efficiency_roundtrip": 0.95,
  "surplus_kwh_day": 22149.057501169864,
  "deficit_kwh_day": 616.2746553351891,
  "night_deficit_kwh_day": 616.2746553351891,
  "pv_generation_kwh_day": 22719.216903894787,
  "total_demand_kwh_day": 34915.62263805833,
  "mall_demand_kwh_day": 33884.5796243597,
  "ev_demand_kwh_day": 1031.04301369863,
  "bess_load_scope": "ev_only",
  "pv_available_kwh_day": 22719.216903894787,
  "bess_load_kwh_day": 1031.04301369863,
  "sizing_mode": "ev_open_hours",
  "grid_import_kwh_day": 17798.558469147265,
  "grid_export_kwh_day": 5531.678842249747,
  "self_sufficiency": 0.49027209495460156,
  "cycles_per_day": 0.8199394117896972,
  "soc_min_percent": 20.0,
  "soc_max_percent": 100.0,
  "profile_path": "D:\\dise\u00f1opvbesscar\\data\\oe2\\bess\\bess_daily_balance_24h.csv",
  "results_path": "D:\\dise\u00f1opvbesscar\\data\\oe2\\bess\\bess_results.json",
  "osinergmin_tariff": {
    "energia_hp_soles_kwh": 0.45,
    "energia_hfp_soles_kwh": 0.28,
    "potencia_hp_soles_kw_mes": 48.5,
    "potencia_hfp_soles_kw_mes": 22.8,
    "horas_punta": [
      18,
      19,
      20,
      21,
      22
    ]
  },
  "cost_baseline_soles_year": 4203209.55680001,
  "cost_grid_import_soles_year": 2371375.5482298764,
  "savings_bess_soles_year": 82251.24811697389,
  "savings_total_soles_year": 1831834.0085701332,
  "roi_arbitrage_percent": 1.9568676509099265,
  "co2_emissions_kg_year": 2937055.823624039,
  "co2_avoided_kg_year": 218739.9369040229,
  "co2_reduction_percent": 6.931371783940193,
  "factor_co2_kg_kwh": 0.4521,
  "simulation_mode": "arbitrage_hp_hfp",
  "bess_version": "v5.3"
}