{
  "timestamp": "2026-02-13T17:44:07.031993",
  "bess_specs": {
    "capacity_kwh": 1700.0,
    "power_kw": 400.0,
    "efficiency_roundtrip": 0.95
  },
  "analysis": {
    "horas_carga": 2278,
    "horas_descarga": 1752,
    "horas_idle": 4730,
    "horas_full": 0,
    "carga_total_kwh": 790715.5703739091,
    "descarga_total_kwh": 677835.7315369502,
    "carga_por_hora_activa_kwh": 347.10955679276077,
    "descarga_por_hora_activa_kwh": 386.8925408315926,
    "carga_promedio_pct_nominal": 86.77738919819019,
    "descarga_promedio_pct_nominal": 96.72313520789815,
    "cycles_per_year": 465.12680610229944,
    "cycles_per_day": 1.2743200167186286,
    "lifetime_wear_percent_per_year": 15.504226870076648,
    "color_headroom_carga_descarga": 112879.83883695886,
    "eficiencia_realizada_roundtrip": 85.7243434850308,
    "bess_to_mall_kwh": 474882.2985243132,
    "bess_to_mall_pct_demanda": 3.839401901923461,
    "bess_to_ev_kwh": 143739.82056696466,
    "bess_to_ev_pct_demanda": 34.868300021822606,
    "horas_bess_atiende_mall": 1672,
    "energia_prom_mall_por_hora_kwh": 284.0205134714792,
    "horas_activas_mall_del_dia": [
      11,
      12,
      13,
      14,
      15,
      16,
      17,
      18,
      19,
      20,
      21
    ],
    "dia_tipico": {
      "soc_inicial_pct": 50.0,
      "soc_final_pct": 20.0,
      "soc_max_pct": 100.0,
      "soc_min_pct": 20.0,
      "carga_total_kwh": 967.2143549040596,
      "descarga_total_kwh": 1600.0
    }
  }
}