timestamp,power_kw,energy_kwh
2024-01-01 00:00:00,0.0,0.0
2024-01-01 01:00:00,0.0,0.0
2024-01-01 02:00:00,0.0,0.0
2024-01-01 03:00:00,0.0,0.0
2024-01-01 04:00:00,0.0,0.0
2024-01-01 05:00:00,0.0,0.0
2024-01-01 06:00:00,0.0,0.0
2024-01-01 07:00:00,0.0,0.0
2024-01-01 08:00:00,0.0,0.0
2024-01-01 09:00:00,0.0,0.0
2024-01-01 10:00:00,0.13255621161998762,0.13255621161998762
2024-01-01 11:00:00,0.4402515859450382,0.4402515859450382
2024-01-01 12:00:00,1.026966272207943,1.026966272207943
2024-01-01 13:00:00,1.2586209463667495,1.2586209463667495
2024-01-01 14:00:00,2.2955825479299583,2.2955825479299583
2024-01-01 15:00:00,2.2951315672637853,2.2951315672637853
2024-01-01 16:00:00,2.654106542061354,2.654106542061354
2024-01-01 17:00:00,3.940469010517481,3.940469010517481
2024-01-01 18:00:00,3.1974972138704576,3.1974972138704576
2024-01-01 19:00:00,2.632654480657724,2.632654480657724
2024-01-01 20:00:00,3.3432155267179122,3.3432155267179122
2024-01-01 21:00:00,2.9975792949209286,2.9975792949209286
2024-01-01 22:00:00,0.0,0.0
2024-01-01 23:00:00,0.0,0.0
2024-01-02 00:00:00,0.0,0.0
2024-01-02 01:00:00,0.0,0.0
2024-01-02 02:00:00,0.0,0.0
2024-01-02 03:00:00,0.0,0.0
2024-01-02 04:00:00,0.0,0.0
2024-01-02 05:00:00,0.0,0.0
2024-01-02 06:00:00,0.0,0.0
2024-01-02 07:00:00,0.0,0.0
2024-01-02 08:00:00,0.0,0.0
2024-01-02 09:00:00,0.0,0.0
2024-01-02 10:00:00,0.11549459699968001,0.11549459699968001
2024-01-02 11:00:00,0.5466068025109526,0.5466068025109526
2024-01-02 12:00:00,0.9359609587920771,0.9359609587920771
2024-01-02 13:00:00,1.7008082226487773,1.7008082226487773
2024-01-02 14:00:00,2.542173759897602,2.542173759897602
2024-01-02 15:00:00,2.613146530596014,2.613146530596014
2024-01-02 16:00:00,3.2096618061704967,3.2096618061704967
2024-01-02 17:00:00,3.3081406941596336,3.3081406941596336
2024-01-02 18:00:00,3.3336131446842496,3.3336131446842496
2024-01-02 19:00:00,2.995667184390043,2.995667184390043
2024-01-02 20:00:00,3.2337996944066654,3.2337996944066654
2024-01-02 21:00:00,3.1824076506691092,3.1824076506691092
2024-01-02 22:00:00,0.0,0.0
2024-01-02 23:00:00,0.0,0.0
2024-01-03 00:00:00,0.0,0.0
2024-01-03 01:00:00,0.0,0.0
2024-01-03 02:00:00,0.0,0.0
2024-01-03 03:00:00,0.0,0.0
2024-01-03 04:00:00,0.0,0.0
2024-01-03 05:00:00,0.0,0.0
2024-01-03 06:00:00,0.0,0.0
2024-01-03 07:00:00,0.0,0.0
2024-01-03 08:00:00,0.0,0.0
2024-01-03 09:00:00,0.0,0.0
2024-01-03 10:00:00,0.11402225933462296,0.11402225933462296
2024-01-03 11:00:00,0.46786856203542543,0.46786856203542543
2024-01-03 12:00:00,0.9677069620749172,0.9677069620749172
2024-01-03 13:00:00,1.3091439168415673,1.3091439168415673
2024-01-03 14:00:00,2.315304711169874,2.315304711169874
2024-01-03 15:00:00,2.6651544103624225,2.6651544103624225
2024-01-03 16:00:00,2.950395475768512,2.950395475768512
2024-01-03 17:00:00,4.218616854003444,4.218616854003444
2024-01-03 18:00:00,3.1890542940706017,3.1890542940706017
2024-01-03 19:00:00,3.602266648800885,3.602266648800885
2024-01-03 20:00:00,3.2177983104756596,3.2177983104756596
2024-01-03 21:00:00,2.9998444542055447,2.9998444542055447
2024-01-03 22:00:00,0.0,0.0
2024-01-03 23:00:00,0.0,0.0
2024-01-04 00:00:00,0.0,0.0
2024-01-04 01:00:00,0.0,0.0
2024-01-04 02:00:00,0.0,0.0
2024-01-04 03:00:00,0.0,0.0
2024-01-04 04:00:00,0.0,0.0
2024-01-04 05:00:00,0.0,0.0
2024-01-04 06:00:00,0.0,0.0
2024-01-04 07:00:00,0.0,0.0
2024-01-04 08:00:00,0.0,0.0
2024-01-04 09:00:00,0.0,0.0
2024-01-04 10:00:00,0.11724533385417746,0.11724533385417746
2024-01-04 11:00:00,0.45205014347759476,0.45205014347759476
2024-01-04 12:00:00,1.0931461976955066,1.0931461976955066
2024-01-04 13:00:00,1.8082576268297679,1.8082576268297679
2024-01-04 14:00:00,2.4129279527502097,2.4129279527502097
2024-01-04 15:00:00,2.40925879424406,2.40925879424406
2024-01-04 16:00:00,3.0526580280208644,3.0526580280208644
2024-01-04 17:00:00,3.877178004489778,3.877178004489778
2024-01-04 18:00:00,4.060002758910147,4.060002758910147
2024-01-04 19:00:00,3.0803517020824924,3.0803517020824924
2024-01-04 20:00:00,2.9599358280896704,2.9599358280896704
2024-01-04 21:00:00,3.731600357931642,3.731600357931642
2024-01-04 22:00:00,0.0,0.0
2024-01-04 23:00:00,0.0,0.0
2024-01-05 00:00:00,0.0,0.0
2024-01-05 01:00:00,0.0,0.0
2024-01-05 02:00:00,0.0,0.0
2024-01-05 03:00:00,0.0,0.0
2024-01-05 04:00:00,0.0,0.0
2024-01-05 05:00:00,0.0,0.0
2024-01-05 06:00:00,0.0,0.0
2024-01-05 07:00:00,0.0,0.0
2024-01-05 08:00:00,0.0,0.0
2024-01-05 09:00:00,0.0,0.0
2024-01-05 10:00:00,0.14218040730417092,0.14218040730417092
2024-01-05 11:00:00,0.5251964072796821,0.5251964072796821
2024-01-05 12:00:00,0.9133154000539259,0.9133154000539259
2024-01-05 13:00:00,1.7818144649933971,1.7818144649933971
2024-01-05 14:00:00,2.6196517813140874,2.6196517813140874
2024-01-05 15:00:00,2.554069097874538,2.554069097874538
2024-01-05 16:00:00,3.3932698692639565,3.3932698692639565
2024-01-05 17:00:00,3.8165763827999757,3.8165763827999757
2024-01-05 18:00:00,3.9630284239479487,3.9630284239479487
2024-01-05 19:00:00,3.294281642675539,3.294281642675539
2024-01-05 20:00:00,3.1305550106902635,3.1305550106902635
2024-01-05 21:00:00,3.6519866781351213,3.6519866781351213
2024-01-05 22:00:00,0.0,0.0
2024-01-05 23:00:00,0.0,0.0
2024-01-06 00:00:00,0.0,0.0
2024-01-06 01:00:00,0.0,0.0
2024-01-06 02:00:00,0.0,0.0
2024-01-06 03:00:00,0.0,0.0
2024-01-06 04:00:00,0.0,0.0
2024-01-06 05:00:00,0.0,0.0
2024-01-06 06:00:00,0.0,0.0
2024-01-06 07:00:00,0.0,0.0
2024-01-06 08:00:00,0.0,0.0
2024-01-06 09:00:00,0.0,0.0
2024-01-06 10:00:00,0.09256356490289042,0.09256356490289042
2024-01-06 11:00:00,0.3801809237914289,0.3801809237914289
2024-01-06 12:00:00,0.704469785138365,0.704469785138365
2024-01-06 13:00:00,1.0392525101576786,1.0392525101576786
2024-01-06 14:00:00,1.4250705228515839,1.4250705228515839
2024-01-06 15:00:00,1.792422356767326,1.792422356767326
2024-01-06 16:00:00,2.399870390300405,2.399870390300405
2024-01-06 17:00:00,2.9395623079028477,2.9395623079028477
2024-01-06 18:00:00,2.8319327497160014,2.8319327497160014
2024-01-06 19:00:00,2.2934465606179573,2.2934465606179573
2024-01-06 20:00:00,2.252741238587619,2.252741238587619
2024-01-06 21:00:00,1.9961047344095606,1.9961047344095606
2024-01-06 22:00:00,0.0,0.0
2024-01-06 23:00:00,0.0,0.0
2024-01-07 00:00:00,0.0,0.0
2024-01-07 01:00:00,0.0,0.0
2024-01-07 02:00:00,0.0,0.0
2024-01-07 03:00:00,0.0,0.0
2024-01-07 04:00:00,0.0,0.0
2024-01-07 05:00:00,0.0,0.0
2024-01-07 06:00:00,0.0,0.0
2024-01-07 07:00:00,0.0,0.0
2024-01-07 08:00:00,0.0,0.0
2024-01-07 09:00:00,0.0,0.0
2024-01-07 10:00:00,0.08365248882582775,0.08365248882582775
2024-01-07 11:00:00,0.36439914822876596,0.36439914822876596
2024-01-07 12:00:00,0.6912980792131601,0.6912980792131601
2024-01-07 13:00:00,0.9493395752903698,0.9493395752903698
2024-01-07 14:00:00,1.8191164704997158,1.8191164704997158
2024-01-07 15:00:00,1.7820286509874295,1.7820286509874295
2024-01-07 16:00:00,2.502221120697182,2.502221120697182
2024-01-07 17:00:00,2.786449276097151,2.786449276097151
2024-01-07 18:00:00,2.3154818989721337,2.3154818989721337
2024-01-07 19:00:00,2.7208489143705497,2.7208489143705497
2024-01-07 20:00:00,2.334524891985851,2.334524891985851
2024-01-07 21:00:00,2.192969193781569,2.192969193781569
2024-01-07 22:00:00,0.0,0.0
2024-01-07 23:00:00,0.0,0.0
2024-01-08 00:00:00,0.0,0.0
2024-01-08 01:00:00,0.0,0.0
2024-01-08 02:00:00,0.0,0.0
2024-01-08 03:00:00,0.0,0.0
2024-01-08 04:00:00,0.0,0.0
2024-01-08 05:00:00,0.0,0.0
2024-01-08 06:00:00,0.0,0.0
2024-01-08 07:00:00,0.0,0.0
2024-01-08 08:00:00,0.0,0.0
2024-01-08 09:00:00,0.0,0.0
2024-01-08 10:00:00,0.10699747748385313,0.10699747748385313
2024-01-08 11:00:00,0.45120272320277266,0.45120272320277266
2024-01-08 12:00:00,0.8931681865448038,0.8931681865448038
2024-01-08 13:00:00,1.3202522462731412,1.3202522462731412
2024-01-08 14:00:00,2.14493012377439,2.14493012377439
2024-01-08 15:00:00,2.4857681571288106,2.4857681571288106
2024-01-08 16:00:00,2.5665546065148166,2.5665546065148166
2024-01-08 17:00:00,3.1935623052363677,3.1935623052363677
2024-01-08 18:00:00,3.067400882417032,3.067400882417032
2024-01-08 19:00:00,3.2354892797574366,3.2354892797574366
2024-01-08 20:00:00,2.7511692717132434,2.7511692717132434
2024-01-08 21:00:00,2.8279984935669895,2.8279984935669895
2024-01-08 22:00:00,0.0,0.0
2024-01-08 23:00:00,0.0,0.0
2024-01-09 00:00:00,0.0,0.0
2024-01-09 01:00:00,0.0,0.0
2024-01-09 02:00:00,0.0,0.0
2024-01-09 03:00:00,0.0,0.0
2024-01-09 04:00:00,0.0,0.0
2024-01-09 05:00:00,0.0,0.0
2024-01-09 06:00:00,0.0,0.0
2024-01-09 07:00:00,0.0,0.0
2024-01-09 08:00:00,0.0,0.0
2024-01-09 09:00:00,0.0,0.0
2024-01-09 10:00:00,0.12081403161971492,0.12081403161971492
2024-01-09 11:00:00,0.5085350598457383,0.5085350598457383
2024-01-09 12:00:00,1.0532604225157751,1.0532604225157751
2024-01-09 13:00:00,1.4658131935920473,1.4658131935920473
2024-01-09 14:00:00,2.6028888630240647,2.6028888630240647
2024-01-09 15:00:00,2.9381257458297334,2.9381257458297334
2024-01-09 16:00:00,3.261681767640657,3.261681767640657
2024-01-09 17:00:00,4.539115894489784,4.539115894489784
2024-01-09 18:00:00,4.445752889666351,4.445752889666351
2024-01-09 19:00:00,3.228770721952978,3.228770721952978
2024-01-09 20:00:00,3.4184383219838104,3.4184383219838104
2024-01-09 21:00:00,3.946755582685251,3.946755582685251
2024-01-09 22:00:00,0.0,0.0
2024-01-09 23:00:00,0.0,0.0
2024-01-10 00:00:00,0.0,0.0
2024-01-10 01:00:00,0.0,0.0
2024-01-10 02:00:00,0.0,0.0
2024-01-10 03:00:00,0.0,0.0
2024-01-10 04:00:00,0.0,0.0
2024-01-10 05:00:00,0.0,0.0
2024-01-10 06:00:00,0.0,0.0
2024-01-10 07:00:00,0.0,0.0
2024-01-10 08:00:00,0.0,0.0
2024-01-10 09:00:00,0.0,0.0
2024-01-10 10:00:00,0.10882409427000345,0.10882409427000345
2024-01-10 11:00:00,0.4054054835600619,0.4054054835600619
2024-01-10 12:00:00,0.8214793639620848,0.8214793639620848
2024-01-10 13:00:00,1.556480803970662,1.556480803970662
2024-01-10 14:00:00,1.8917525622098699,1.8917525622098699
2024-01-10 15:00:00,2.655972640908801,2.655972640908801
2024-01-10 16:00:00,2.7174892336914147,2.7174892336914147
2024-01-10 17:00:00,3.01994955713685,3.01994955713685
2024-01-10 18:00:00,3.407788946012361,3.407788946012361
2024-01-10 19:00:00,2.9648556724590023,2.9648556724590023
2024-01-10 20:00:00,3.121456177482324,3.121456177482324
2024-01-10 21:00:00,3.312996203854568,3.312996203854568
2024-01-10 22:00:00,0.0,0.0
2024-01-10 23:00:00,0.0,0.0
2024-01-11 00:00:00,0.0,0.0
2024-01-11 01:00:00,0.0,0.0
2024-01-11 02:00:00,0.0,0.0
2024-01-11 03:00:00,0.0,0.0
2024-01-11 04:00:00,0.0,0.0
2024-01-11 05:00:00,0.0,0.0
2024-01-11 06:00:00,0.0,0.0
2024-01-11 07:00:00,0.0,0.0
2024-01-11 08:00:00,0.0,0.0
2024-01-11 09:00:00,0.0,0.0
2024-01-11 10:00:00,0.12268786654549864,0.12268786654549864
2024-01-11 11:00:00,0.4559463471702234,0.4559463471702234
2024-01-11 12:00:00,1.0467032849089455,1.0467032849089455
2024-01-11 13:00:00,1.8346906955880184,1.8346906955880184
2024-01-11 14:00:00,2.427220862990619,2.427220862990619
2024-01-11 15:00:00,3.070708680470128,3.070708680470128
2024-01-11 16:00:00,3.523008515186841,3.523008515186841
2024-01-11 17:00:00,4.382362386499804,4.382362386499804
2024-01-11 18:00:00,4.294962131584312,4.294962131584312
2024-01-11 19:00:00,3.6747724647422197,3.6747724647422197
2024-01-11 20:00:00,3.6071845962104447,3.6071845962104447
2024-01-11 21:00:00,3.5554665920742057,3.5554665920742057
2024-01-11 22:00:00,0.0,0.0
2024-01-11 23:00:00,0.0,0.0
2024-01-12 00:00:00,0.0,0.0
2024-01-12 01:00:00,0.0,0.0
2024-01-12 02:00:00,0.0,0.0
2024-01-12 03:00:00,0.0,0.0
2024-01-12 04:00:00,0.0,0.0
2024-01-12 05:00:00,0.0,0.0
2024-01-12 06:00:00,0.0,0.0
2024-01-12 07:00:00,0.0,0.0
2024-01-12 08:00:00,0.0,0.0
2024-01-12 09:00:00,0.0,0.0
2024-01-12 10:00:00,0.11562710026519606,0.11562710026519606
2024-01-12 11:00:00,0.5385195415308316,0.5385195415308316
2024-01-12 12:00:00,0.9018816875447941,0.9018816875447941
2024-01-12 13:00:00,1.3949271391220373,1.3949271391220373
2024-01-12 14:00:00,2.522347674302491,2.522347674302491
2024-01-12 15:00:00,2.6796227915520685,2.6796227915520685
2024-01-12 16:00:00,3.6483835450068898,3.6483835450068898
2024-01-12 17:00:00,3.7377011905384685,3.7377011905384685
2024-01-12 18:00:00,3.2973237628404415,3.2973237628404415
2024-01-12 19:00:00,3.0595307202676825,3.0595307202676825
2024-01-12 20:00:00,3.5099594073065092,3.5099594073065092
2024-01-12 21:00:00,3.203820170110251,3.203820170110251
2024-01-12 22:00:00,0.0,0.0
2024-01-12 23:00:00,0.0,0.0
2024-01-13 00:00:00,0.0,0.0
2024-01-13 01:00:00,0.0,0.0
2024-01-13 02:00:00,0.0,0.0
2024-01-13 03:00:00,0.0,0.0
2024-01-13 04:00:00,0.0,0.0
2024-01-13 05:00:00,0.0,0.0
2024-01-13 06:00:00,0.0,0.0
2024-01-13 07:00:00,0.0,0.0
2024-01-13 08:00:00,0.0,0.0
2024-01-13 09:00:00,0.0,0.0
2024-01-13 10:00:00,0.09492627894321917,0.09492627894321917
2024-01-13 11:00:00,0.3205502665359709,0.3205502665359709
2024-01-13 12:00:00,0.7529337773012741,0.7529337773012741
2024-01-13 13:00:00,1.0290230716784765,1.0290230716784765
2024-01-13 14:00:00,1.4673265737625774,1.4673265737625774
2024-01-13 15:00:00,2.045182297935892,2.045182297935892
2024-01-13 16:00:00,2.0628991909680128,2.0628991909680128
2024-01-13 17:00:00,2.9532753823393345,2.9532753823393345
2024-01-13 18:00:00,2.6317403655429237,2.6317403655429237
2024-01-13 19:00:00,2.537142651716746,2.537142651716746
2024-01-13 20:00:00,2.0422405825323184,2.0422405825323184
2024-01-13 21:00:00,2.2159811183498355,2.2159811183498355
2024-01-13 22:00:00,0.0,0.0
2024-01-13 23:00:00,0.0,0.0
2024-01-14 00:00:00,0.0,0.0
2024-01-14 01:00:00,0.0,0.0
2024-01-14 02:00:00,0.0,0.0
2024-01-14 03:00:00,0.0,0.0
2024-01-14 04:00:00,0.0,0.0
2024-01-14 05:00:00,0.0,0.0
2024-01-14 06:00:00,0.0,0.0
2024-01-14 07:00:00,0.0,0.0
2024-01-14 08:00:00,0.0,0.0
2024-01-14 09:00:00,0.0,0.0
2024-01-14 10:00:00,0.08938053236640658,0.08938053236640658
2024-01-14 11:00:00,0.39468726202417226,0.39468726202417226
2024-01-14 12:00:00,0.7963710482682096,0.7963710482682096
2024-01-14 13:00:00,1.031860807563772,1.031860807563772
2024-01-14 14:00:00,1.792692129358365,1.792692129358365
2024-01-14 15:00:00,2.207743661731031,2.207743661731031
2024-01-14 16:00:00,2.6372107234140887,2.6372107234140887
2024-01-14 17:00:00,2.359415455260945,2.359415455260945
2024-01-14 18:00:00,2.8046796049764,2.8046796049764
2024-01-14 19:00:00,2.611742256721588,2.611742256721588
2024-01-14 20:00:00,2.5001937804269123,2.5001937804269123
2024-01-14 21:00:00,2.1028261102677694,2.1028261102677694
2024-01-14 22:00:00,0.0,0.0
2024-01-14 23:00:00,0.0,0.0
2024-01-15 00:00:00,0.0,0.0
2024-01-15 01:00:00,0.0,0.0
2024-01-15 02:00:00,0.0,0.0
2024-01-15 03:00:00,0.0,0.0
2024-01-15 04:00:00,0.0,0.0
2024-01-15 05:00:00,0.0,0.0
2024-01-15 06:00:00,0.0,0.0
2024-01-15 07:00:00,0.0,0.0
2024-01-15 08:00:00,0.0,0.0
2024-01-15 09:00:00,0.0,0.0
2024-01-15 10:00:00,0.12985190168239774,0.12985190168239774
2024-01-15 11:00:00,0.4742307859551523,0.4742307859551523
2024-01-15 12:00:00,1.0917621273954163,1.0917621273954163
2024-01-15 13:00:00,1.6160550542959127,1.6160550542959127
2024-01-15 14:00:00,2.2282287735262005,2.2282287735262005
2024-01-15 15:00:00,2.637797312450424,2.637797312450424
2024-01-15 16:00:00,2.928211853955904,2.928211853955904
2024-01-15 17:00:00,4.063511027982363,4.063511027982363
2024-01-15 18:00:00,4.0573464140165605,4.0573464140165605
2024-01-15 19:00:00,3.1206436404382094,3.1206436404382094
2024-01-15 20:00:00,3.081035491903992,3.081035491903992
2024-01-15 21:00:00,3.067907110307677,3.067907110307677
2024-01-15 22:00:00,0.0,0.0
2024-01-15 23:00:00,0.0,0.0
2024-01-16 00:00:00,0.0,0.0
2024-01-16 01:00:00,0.0,0.0
2024-01-16 02:00:00,0.0,0.0
2024-01-16 03:00:00,0.0,0.0
2024-01-16 04:00:00,0.0,0.0
2024-01-16 05:00:00,0.0,0.0
2024-01-16 06:00:00,0.0,0.0
2024-01-16 07:00:00,0.0,0.0
2024-01-16 08:00:00,0.0,0.0
2024-01-16 09:00:00,0.0,0.0
2024-01-16 10:00:00,0.12623061979393743,0.12623061979393743
2024-01-16 11:00:00,0.5702233660541481,0.5702233660541481
2024-01-16 12:00:00,1.1198412349509448,1.1198412349509448
2024-01-16 13:00:00,1.6925363478423012,1.6925363478423012
2024-01-16 14:00:00,2.472569369946203,2.472569369946203
2024-01-16 15:00:00,2.5908670574234915,2.5908670574234915
2024-01-16 16:00:00,3.6001752738362365,3.6001752738362365
2024-01-16 17:00:00,3.3907665378986183,3.3907665378986183
2024-01-16 18:00:00,3.5334899907246,3.5334899907246
2024-01-16 19:00:00,3.4579589206748014,3.4579589206748014
2024-01-16 20:00:00,2.930418207009099,2.930418207009099
2024-01-16 21:00:00,3.2136002030982187,3.2136002030982187
2024-01-16 22:00:00,0.0,0.0
2024-01-16 23:00:00,0.0,0.0
2024-01-17 00:00:00,0.0,0.0
2024-01-17 01:00:00,0.0,0.0
2024-01-17 02:00:00,0.0,0.0
2024-01-17 03:00:00,0.0,0.0
2024-01-17 04:00:00,0.0,0.0
2024-01-17 05:00:00,0.0,0.0
2024-01-17 06:00:00,0.0,0.0
2024-01-17 07:00:00,0.0,0.0
2024-01-17 08:00:00,0.0,0.0
2024-01-17 09:00:00,0.0,0.0
2024-01-17 10:00:00,0.13629743601994646,0.13629743601994646
2024-01-17 11:00:00,0.4693241072709894,0.4693241072709894
2024-01-17 12:00:00,1.0131588203358328,1.0131588203358328
2024-01-17 13:00:00,1.6231203976767894,1.6231203976767894
2024-01-17 14:00:00,2.82016544137388,2.82016544137388
2024-01-17 15:00:00,2.81970120542486,2.81970120542486
2024-01-17 16:00:00,3.202254136081723,3.202254136081723
2024-01-17 17:00:00,4.059095880955707,4.059095880955707
2024-01-17 18:00:00,3.6214728812068566,3.6214728812068566
2024-01-17 19:00:00,3.9030701977921556,3.9030701977921556
2024-01-17 20:00:00,3.8620048306665518,3.8620048306665518
2024-01-17 21:00:00,3.163658457539231,3.163658457539231
2024-01-17 22:00:00,0.0,0.0
2024-01-17 23:00:00,0.0,0.0
2024-01-18 00:00:00,0.0,0.0
2024-01-18 01:00:00,0.0,0.0
2024-01-18 02:00:00,0.0,0.0
2024-01-18 03:00:00,0.0,0.0
2024-01-18 04:00:00,0.0,0.0
2024-01-18 05:00:00,0.0,0.0
2024-01-18 06:00:00,0.0,0.0
2024-01-18 07:00:00,0.0,0.0
2024-01-18 08:00:00,0.0,0.0
2024-01-18 09:00:00,0.0,0.0
2024-01-18 10:00:00,0.11162711362563499,0.11162711362563499
2024-01-18 11:00:00,0.46631313372398653,0.46631313372398653
2024-01-18 12:00:00,0.916707954869652,0.916707954869652
2024-01-18 13:00:00,1.348128641681942,1.348128641681942
2024-01-18 14:00:00,1.8910971741764389,1.8910971741764389
2024-01-18 15:00:00,2.5229545763761534,2.5229545763761534
2024-01-18 16:00:00,2.70506919973211,2.70506919973211
2024-01-18 17:00:00,3.4238187309825356,3.4238187309825356
2024-01-18 18:00:00,3.3696603459063876,3.3696603459063876
2024-01-18 19:00:00,3.232007419668028,3.232007419668028
2024-01-18 20:00:00,3.567950333630031,3.567950333630031
2024-01-18 21:00:00,3.496272211328701,3.496272211328701
2024-01-18 22:00:00,0.0,0.0
2024-01-18 23:00:00,0.0,0.0
2024-01-19 00:00:00,0.0,0.0
2024-01-19 01:00:00,0.0,0.0
2024-01-19 02:00:00,0.0,0.0
2024-01-19 03:00:00,0.0,0.0
2024-01-19 04:00:00,0.0,0.0
2024-01-19 05:00:00,0.0,0.0
2024-01-19 06:00:00,0.0,0.0
2024-01-19 07:00:00,0.0,0.0
2024-01-19 08:00:00,0.0,0.0
2024-01-19 09:00:00,0.0,0.0
2024-01-19 10:00:00,0.13158807281942703,0.13158807281942703
2024-01-19 11:00:00,0.4689159630906094,0.4689159630906094
2024-01-19 12:00:00,0.8520318349437288,0.8520318349437288
2024-01-19 13:00:00,1.225905073989736,1.225905073989736
2024-01-19 14:00:00,2.2835559498489295,2.2835559498489295
2024-01-19 15:00:00,2.640657142098418,2.640657142098418
2024-01-19 16:00:00,3.0923996236464566,3.0923996236464566
2024-01-19 17:00:00,3.919775888299669,3.919775888299669
2024-01-19 18:00:00,3.259709920808472,3.259709920808472
2024-01-19 19:00:00,3.387907409810124,3.387907409810124
2024-01-19 20:00:00,3.113558540169345,3.113558540169345
2024-01-19 21:00:00,3.2547784244622116,3.2547784244622116
2024-01-19 22:00:00,0.0,0.0
2024-01-19 23:00:00,0.0,0.0
2024-01-20 00:00:00,0.0,0.0
2024-01-20 01:00:00,0.0,0.0
2024-01-20 02:00:00,0.0,0.0
2024-01-20 03:00:00,0.0,0.0
2024-01-20 04:00:00,0.0,0.0
2024-01-20 05:00:00,0.0,0.0
2024-01-20 06:00:00,0.0,0.0
2024-01-20 07:00:00,0.0,0.0
2024-01-20 08:00:00,0.0,0.0
2024-01-20 09:00:00,0.0,0.0
2024-01-20 10:00:00,0.0789966609754697,0.0789966609754697
2024-01-20 11:00:00,0.3415995834045209,0.3415995834045209
2024-01-20 12:00:00,0.6694985964758842,0.6694985964758842
2024-01-20 13:00:00,0.9382148817035836,0.9382148817035836
2024-01-20 14:00:00,1.452722246521756,1.452722246521756
2024-01-20 15:00:00,1.734009135987362,1.734009135987362
2024-01-20 16:00:00,2.523960493863334,2.523960493863334
2024-01-20 17:00:00,2.8642617168662943,2.8642617168662943
2024-01-20 18:00:00,2.4192005094474283,2.4192005094474283
2024-01-20 19:00:00,1.9174814750552551,1.9174814750552551
2024-01-20 20:00:00,2.29090551310173,2.29090551310173
2024-01-20 21:00:00,2.199558234494194,2.199558234494194
2024-01-20 22:00:00,0.0,0.0
2024-01-20 23:00:00,0.0,0.0
2024-01-21 00:00:00,0.0,0.0
2024-01-21 01:00:00,0.0,0.0
2024-01-21 02:00:00,0.0,0.0
2024-01-21 03:00:00,0.0,0.0
2024-01-21 04:00:00,0.0,0.0
2024-01-21 05:00:00,0.0,0.0
2024-01-21 06:00:00,0.0,0.0
2024-01-21 07:00:00,0.0,0.0
2024-01-21 08:00:00,0.0,0.0
2024-01-21 09:00:00,0.0,0.0
2024-01-21 10:00:00,0.09140716878151534,0.09140716878151534
2024-01-21 11:00:00,0.30324544297660494,0.30324544297660494
2024-01-21 12:00:00,0.626608463865653,0.626608463865653
2024-01-21 13:00:00,1.0453702414529784,1.0453702414529784
2024-01-21 14:00:00,1.613346202948834,1.613346202948834
2024-01-21 15:00:00,1.8235029967285734,1.8235029967285734
2024-01-21 16:00:00,2.389638181092727,2.389638181092727
2024-01-21 17:00:00,2.8524964422667516,2.8524964422667516
2024-01-21 18:00:00,2.746706276617906,2.746706276617906
2024-01-21 19:00:00,2.4174461891285013,2.4174461891285013
2024-01-21 20:00:00,2.3840695823895053,2.3840695823895053
2024-01-21 21:00:00,2.163629247688769,2.163629247688769
2024-01-21 22:00:00,0.0,0.0
2024-01-21 23:00:00,0.0,0.0
2024-01-22 00:00:00,0.0,0.0
2024-01-22 01:00:00,0.0,0.0
2024-01-22 02:00:00,0.0,0.0
2024-01-22 03:00:00,0.0,0.0
2024-01-22 04:00:00,0.0,0.0
2024-01-22 05:00:00,0.0,0.0
2024-01-22 06:00:00,0.0,0.0
2024-01-22 07:00:00,0.0,0.0
2024-01-22 08:00:00,0.0,0.0
2024-01-22 09:00:00,0.0,0.0
2024-01-22 10:00:00,0.132661183624995,0.132661183624995
2024-01-22 11:00:00,0.5572959904409088,0.5572959904409088
2024-01-22 12:00:00,1.0825116680037234,1.0825116680037234
2024-01-22 13:00:00,1.5785594654127744,1.5785594654127744
2024-01-22 14:00:00,2.577303303071585,2.577303303071585
2024-01-22 15:00:00,3.04733572931781,3.04733572931781
2024-01-22 16:00:00,3.018167667285902,3.018167667285902
2024-01-22 17:00:00,3.992042297320886,3.992042297320886
2024-01-22 18:00:00,3.319019311521214,3.319019311521214
2024-01-22 19:00:00,3.2127173338937163,3.2127173338937163
2024-01-22 20:00:00,3.683774942033059,3.683774942033059
2024-01-22 21:00:00,3.7663356383469555,3.7663356383469555
2024-01-22 22:00:00,0.0,0.0
2024-01-22 23:00:00,0.0,0.0
2024-01-23 00:00:00,0.0,0.0
2024-01-23 01:00:00,0.0,0.0
2024-01-23 02:00:00,0.0,0.0
2024-01-23 03:00:00,0.0,0.0
2024-01-23 04:00:00,0.0,0.0
2024-01-23 05:00:00,0.0,0.0
2024-01-23 06:00:00,0.0,0.0
2024-01-23 07:00:00,0.0,0.0
2024-01-23 08:00:00,0.0,0.0
2024-01-23 09:00:00,0.0,0.0
2024-01-23 10:00:00,0.1043388807376775,0.1043388807376775
2024-01-23 11:00:00,0.435166799461232,0.435166799461232
2024-01-23 12:00:00,0.8253241785558608,0.8253241785558608
2024-01-23 13:00:00,1.3284321873829978,1.3284321873829978
2024-01-23 14:00:00,2.304339994719072,2.304339994719072
2024-01-23 15:00:00,2.305665821788787,2.305665821788787
2024-01-23 16:00:00,2.761248825795628,2.761248825795628
2024-01-23 17:00:00,3.14182595518519,3.14182595518519
2024-01-23 18:00:00,2.9096408113114727,2.9096408113114727
2024-01-23 19:00:00,3.3585177896831158,3.3585177896831158
2024-01-23 20:00:00,3.1804779664523304,3.1804779664523304
2024-01-23 21:00:00,3.0123982291625584,3.0123982291625584
2024-01-23 22:00:00,0.0,0.0
2024-01-23 23:00:00,0.0,0.0
2024-01-24 00:00:00,0.0,0.0
2024-01-24 01:00:00,0.0,0.0
2024-01-24 02:00:00,0.0,0.0
2024-01-24 03:00:00,0.0,0.0
2024-01-24 04:00:00,0.0,0.0
2024-01-24 05:00:00,0.0,0.0
2024-01-24 06:00:00,0.0,0.0
2024-01-24 07:00:00,0.0,0.0
2024-01-24 08:00:00,0.0,0.0
2024-01-24 09:00:00,0.0,0.0
2024-01-24 10:00:00,0.1389136464106497,0.1389136464106497
2024-01-24 11:00:00,0.45067439819395316,0.45067439819395316
2024-01-24 12:00:00,0.9137190079274495,0.9137190079274495
2024-01-24 13:00:00,1.301433524426186,1.301433524426186
2024-01-24 14:00:00,1.9540742676963363,1.9540742676963363
2024-01-24 15:00:00,2.3772182618546167,2.3772182618546167
2024-01-24 16:00:00,2.9141462588530525,2.9141462588530525
2024-01-24 17:00:00,3.4837872815468565,3.4837872815468565
2024-01-24 18:00:00,3.2771002347097693,3.2771002347097693
2024-01-24 19:00:00,2.8971319055642395,2.8971319055642395
2024-01-24 20:00:00,3.3545452767152497,3.3545452767152497
2024-01-24 21:00:00,3.6903400736699083,3.6903400736699083
2024-01-24 22:00:00,0.0,0.0
2024-01-24 23:00:00,0.0,0.0
2024-01-25 00:00:00,0.0,0.0
2024-01-25 01:00:00,0.0,0.0
2024-01-25 02:00:00,0.0,0.0
2024-01-25 03:00:00,0.0,0.0
2024-01-25 04:00:00,0.0,0.0
2024-01-25 05:00:00,0.0,0.0
2024-01-25 06:00:00,0.0,0.0
2024-01-25 07:00:00,0.0,0.0
2024-01-25 08:00:00,0.0,0.0
2024-01-25 09:00:00,0.0,0.0
2024-01-25 10:00:00,0.13659837277588627,0.13659837277588627
2024-01-25 11:00:00,0.52993622881209,0.52993622881209
2024-01-25 12:00:00,1.100917336609063,1.100917336609063
2024-01-25 13:00:00,1.6652926816201707,1.6652926816201707
2024-01-25 14:00:00,2.3796971350527367,2.3796971350527367
2024-01-25 15:00:00,2.9543438561091806,2.9543438561091806
2024-01-25 16:00:00,2.963909914768358,2.963909914768358
2024-01-25 17:00:00,4.343669120695327,4.343669120695327
2024-01-25 18:00:00,4.175372215721478,4.175372215721478
2024-01-25 19:00:00,3.5131604785591706,3.5131604785591706
2024-01-25 20:00:00,2.9424949939768186,2.9424949939768186
2024-01-25 21:00:00,3.2170712804482613,3.2170712804482613
2024-01-25 22:00:00,0.0,0.0
2024-01-25 23:00:00,0.0,0.0
2024-01-26 00:00:00,0.0,0.0
2024-01-26 01:00:00,0.0,0.0
2024-01-26 02:00:00,0.0,0.0
2024-01-26 03:00:00,0.0,0.0
2024-01-26 04:00:00,0.0,0.0
2024-01-26 05:00:00,0.0,0.0
2024-01-26 06:00:00,0.0,0.0
2024-01-26 07:00:00,0.0,0.0
2024-01-26 08:00:00,0.0,0.0
2024-01-26 09:00:00,0.0,0.0
2024-01-26 10:00:00,0.1354627351626891,0.1354627351626891
2024-01-26 11:00:00,0.5310947830242804,0.5310947830242804
2024-01-26 12:00:00,0.961945880933663,0.961945880933663
2024-01-26 13:00:00,1.7608994990824023,1.7608994990824023
2024-01-26 14:00:00,2.621396950892802,2.621396950892802
2024-01-26 15:00:00,2.805871167591215,2.805871167591215
2024-01-26 16:00:00,2.996699642371393,2.996699642371393
2024-01-26 17:00:00,3.295932389279736,3.295932389279736
2024-01-26 18:00:00,3.9760222078149656,3.9760222078149656
2024-01-26 19:00:00,3.7006783921717346,3.7006783921717346
2024-01-26 20:00:00,3.3885573383042358,3.3885573383042358
2024-01-26 21:00:00,2.945277666635773,2.945277666635773
2024-01-26 22:00:00,0.0,0.0
2024-01-26 23:00:00,0.0,0.0
2024-01-27 00:00:00,0.0,0.0
2024-01-27 01:00:00,0.0,0.0
2024-01-27 02:00:00,0.0,0.0
2024-01-27 03:00:00,0.0,0.0
2024-01-27 04:00:00,0.0,0.0
2024-01-27 05:00:00,0.0,0.0
2024-01-27 06:00:00,0.0,0.0
2024-01-27 07:00:00,0.0,0.0
2024-01-27 08:00:00,0.0,0.0
2024-01-27 09:00:00,0.0,0.0
2024-01-27 10:00:00,0.09193587615424009,0.09193587615424009
2024-01-27 11:00:00,0.3288453383620838,0.3288453383620838
2024-01-27 12:00:00,0.7766033477965726,0.7766033477965726
2024-01-27 13:00:00,1.1435314447760896,1.1435314447760896
2024-01-27 14:00:00,1.4599001679394439,1.4599001679394439
2024-01-27 15:00:00,2.0963267626904103,2.0963267626904103
2024-01-27 16:00:00,2.480264636655293,2.480264636655293
2024-01-27 17:00:00,2.650660103375402,2.650660103375402
2024-01-27 18:00:00,2.437327233466709,2.437327233466709
2024-01-27 19:00:00,2.4352506047111864,2.4352506047111864
2024-01-27 20:00:00,2.613764287812885,2.613764287812885
2024-01-27 21:00:00,2.0401143910876223,2.0401143910876223
2024-01-27 22:00:00,0.0,0.0
2024-01-27 23:00:00,0.0,0.0
2024-01-28 00:00:00,0.0,0.0
2024-01-28 01:00:00,0.0,0.0
2024-01-28 02:00:00,0.0,0.0
2024-01-28 03:00:00,0.0,0.0
2024-01-28 04:00:00,0.0,0.0
2024-01-28 05:00:00,0.0,0.0
2024-01-28 06:00:00,0.0,0.0
2024-01-28 07:00:00,0.0,0.0
2024-01-28 08:00:00,0.0,0.0
2024-01-28 09:00:00,0.0,0.0
2024-01-28 10:00:00,0.08865225419055506,0.08865225419055506
2024-01-28 11:00:00,0.28850004752665304,0.28850004752665304
2024-01-28 12:00:00,0.6148181418603906,0.6148181418603906
2024-01-28 13:00:00,1.1684390517415957,1.1684390517415957
2024-01-28 14:00:00,1.756412623675923,1.756412623675923
2024-01-28 15:00:00,1.7246974448422727,1.7246974448422727
2024-01-28 16:00:00,2.5505851026727804,2.5505851026727804
2024-01-28 17:00:00,2.666483485667589,2.666483485667589
2024-01-28 18:00:00,2.905902136555518,2.905902136555518
2024-01-28 19:00:00,2.565289471544684,2.565289471544684
2024-01-28 20:00:00,2.333556396454858,2.333556396454858
2024-01-28 21:00:00,2.2645732816259057,2.2645732816259057
2024-01-28 22:00:00,0.0,0.0
2024-01-28 23:00:00,0.0,0.0
2024-01-29 00:00:00,0.0,0.0
2024-01-29 01:00:00,0.0,0.0
2024-01-29 02:00:00,0.0,0.0
2024-01-29 03:00:00,0.0,0.0
2024-01-29 04:00:00,0.0,0.0
2024-01-29 05:00:00,0.0,0.0
2024-01-29 06:00:00,0.0,0.0
2024-01-29 07:00:00,0.0,0.0
2024-01-29 08:00:00,0.0,0.0
2024-01-29 09:00:00,0.0,0.0
2024-01-29 10:00:00,0.11534827135058721,0.11534827135058721
2024-01-29 11:00:00,0.4707188873068482,0.4707188873068482
2024-01-29 12:00:00,0.9506850242546525,0.9506850242546525
2024-01-29 13:00:00,1.3682418012167246,1.3682418012167246
2024-01-29 14:00:00,2.4373105572594254,2.4373105572594254
2024-01-29 15:00:00,2.6844752698442145,2.6844752698442145
2024-01-29 16:00:00,3.142241762260404,3.142241762260404
2024-01-29 17:00:00,3.564326758878325,3.564326758878325
2024-01-29 18:00:00,3.474780790923989,3.474780790923989
2024-01-29 19:00:00,3.15314598377093,3.15314598377093
2024-01-29 20:00:00,3.2358775495751284,3.2358775495751284
2024-01-29 21:00:00,3.089537930868602,3.089537930868602
2024-01-29 22:00:00,0.0,0.0
2024-01-29 23:00:00,0.0,0.0
2024-01-30 00:00:00,0.0,0.0
2024-01-30 01:00:00,0.0,0.0
2024-01-30 02:00:00,0.0,0.0
2024-01-30 03:00:00,0.0,0.0
2024-01-30 04:00:00,0.0,0.0
2024-01-30 05:00:00,0.0,0.0
2024-01-30 06:00:00,0.0,0.0
2024-01-30 07:00:00,0.0,0.0
2024-01-30 08:00:00,0.0,0.0
2024-01-30 09:00:00,0.0,0.0
2024-01-30 10:00:00,0.12287709473580166,0.12287709473580166
2024-01-30 11:00:00,0.41802677466867355,0.41802677466867355
2024-01-30 12:00:00,0.9893837147691287,0.9893837147691287
2024-01-30 13:00:00,1.410903574812492,1.410903574812492
2024-01-30 14:00:00,2.033555278839104,2.033555278839104
2024-01-30 15:00:00,2.3125000095339066,2.3125000095339066
2024-01-30 16:00:00,3.568166539691098,3.568166539691098
2024-01-30 17:00:00,3.4591889240626887,3.4591889240626887
2024-01-30 18:00:00,3.882270567641614,3.882270567641614
2024-01-30 19:00:00,3.5955294108646743,3.5955294108646743
2024-01-30 20:00:00,3.2903781794522935,3.2903781794522935
2024-01-30 21:00:00,2.969953419496054,2.969953419496054
2024-01-30 22:00:00,0.0,0.0
2024-01-30 23:00:00,0.0,0.0
2024-01-31 00:00:00,0.0,0.0
2024-01-31 01:00:00,0.0,0.0
2024-01-31 02:00:00,0.0,0.0
2024-01-31 03:00:00,0.0,0.0
2024-01-31 04:00:00,0.0,0.0
2024-01-31 05:00:00,0.0,0.0
2024-01-31 06:00:00,0.0,0.0
2024-01-31 07:00:00,0.0,0.0
2024-01-31 08:00:00,0.0,0.0
2024-01-31 09:00:00,0.0,0.0
2024-01-31 10:00:00,0.12542392152064247,0.12542392152064247
2024-01-31 11:00:00,0.4775203299789783,0.4775203299789783
2024-01-31 12:00:00,1.004018484230523,1.004018484230523
2024-01-31 13:00:00,1.7502247944415215,1.7502247944415215
2024-01-31 14:00:00,2.1660947385024323,2.1660947385024323
2024-01-31 15:00:00,2.6592745451455855,2.6592745451455855
2024-01-31 16:00:00,3.71834554188428,3.71834554188428
2024-01-31 17:00:00,3.407705433546086,3.407705433546086
2024-01-31 18:00:00,3.4002470358713155,3.4002470358713155
2024-01-31 19:00:00,3.750594445652975,3.750594445652975
2024-01-31 20:00:00,3.5065614168475516,3.5065614168475516
2024-01-31 21:00:00,3.5939662851816054,3.5939662851816054
2024-01-31 22:00:00,0.0,0.0
2024-01-31 23:00:00,0.0,0.0
2024-02-01 00:00:00,0.0,0.0
2024-02-01 01:00:00,0.0,0.0
2024-02-01 02:00:00,0.0,0.0
2024-02-01 03:00:00,0.0,0.0
2024-02-01 04:00:00,0.0,0.0
2024-02-01 05:00:00,0.0,0.0
2024-02-01 06:00:00,0.0,0.0
2024-02-01 07:00:00,0.0,0.0
2024-02-01 08:00:00,0.0,0.0
2024-02-01 09:00:00,0.0,0.0
2024-02-01 10:00:00,0.12096644486889521,0.12096644486889521
2024-02-01 11:00:00,0.5505547124357619,0.5505547124357619
2024-02-01 12:00:00,1.112190401690066,1.112190401690066
2024-02-01 13:00:00,1.5505309701439982,1.5505309701439982
2024-02-01 14:00:00,2.0465890125399233,2.0465890125399233
2024-02-01 15:00:00,2.635766218055965,2.635766218055965
2024-02-01 16:00:00,3.284228047881761,3.284228047881761
2024-02-01 17:00:00,3.4561290139583907,3.4561290139583907
2024-02-01 18:00:00,3.248698562155123,3.248698562155123
2024-02-01 19:00:00,3.1819400072617032,3.1819400072617032
2024-02-01 20:00:00,3.177885495869076,3.177885495869076
2024-02-01 21:00:00,3.557224046172296,3.557224046172296
2024-02-01 22:00:00,0.0,0.0
2024-02-01 23:00:00,0.0,0.0
2024-02-02 00:00:00,0.0,0.0
2024-02-02 01:00:00,0.0,0.0
2024-02-02 02:00:00,0.0,0.0
2024-02-02 03:00:00,0.0,0.0
2024-02-02 04:00:00,0.0,0.0
2024-02-02 05:00:00,0.0,0.0
2024-02-02 06:00:00,0.0,0.0
2024-02-02 07:00:00,0.0,0.0
2024-02-02 08:00:00,0.0,0.0
2024-02-02 09:00:00,0.0,0.0
2024-02-02 10:00:00,0.11513632387498107,0.11513632387498107
2024-02-02 11:00:00,0.3994000713918312,0.3994000713918312
2024-02-02 12:00:00,0.9575262167631564,0.9575262167631564
2024-02-02 13:00:00,1.4836742089267003,1.4836742089267003
2024-02-02 14:00:00,2.2577141729328414,2.2577141729328414
2024-02-02 15:00:00,2.47681924393023,2.47681924393023
2024-02-02 16:00:00,3.192526491066502,3.192526491066502
2024-02-02 17:00:00,3.1877627511450477,3.1877627511450477
2024-02-02 18:00:00,3.7138429345902004,3.7138429345902004
2024-02-02 19:00:00,2.6402993682422657,2.6402993682422657
2024-02-02 20:00:00,2.742933562712084,2.742933562712084
2024-02-02 21:00:00,3.447176854811626,3.447176854811626
2024-02-02 22:00:00,0.0,0.0
2024-02-02 23:00:00,0.0,0.0
2024-02-03 00:00:00,0.0,0.0
2024-02-03 01:00:00,0.0,0.0
2024-02-03 02:00:00,0.0,0.0
2024-02-03 03:00:00,0.0,0.0
2024-02-03 04:00:00,0.0,0.0
2024-02-03 05:00:00,0.0,0.0
2024-02-03 06:00:00,0.0,0.0
2024-02-03 07:00:00,0.0,0.0
2024-02-03 08:00:00,0.0,0.0
2024-02-03 09:00:00,0.0,0.0
2024-02-03 10:00:00,0.07643063904962828,0.07643063904962828
2024-02-03 11:00:00,0.33162261998937675,0.33162261998937675
2024-02-03 12:00:00,0.6402574737971636,0.6402574737971636
2024-02-03 13:00:00,1.1046608971867085,1.1046608971867085
2024-02-03 14:00:00,1.5412780399965722,1.5412780399965722
2024-02-03 15:00:00,2.069626098231218,2.069626098231218
2024-02-03 16:00:00,2.247519661211521,2.247519661211521
2024-02-03 17:00:00,2.5123503423283133,2.5123503423283133
2024-02-03 18:00:00,2.782614921394732,2.782614921394732
2024-02-03 19:00:00,2.350320990771113,2.350320990771113
2024-02-03 20:00:00,2.1242245640341633,2.1242245640341633
2024-02-03 21:00:00,2.448492046350163,2.448492046350163
2024-02-03 22:00:00,0.0,0.0
2024-02-03 23:00:00,0.0,0.0
2024-02-04 00:00:00,0.0,0.0
2024-02-04 01:00:00,0.0,0.0
2024-02-04 02:00:00,0.0,0.0
2024-02-04 03:00:00,0.0,0.0
2024-02-04 04:00:00,0.0,0.0
2024-02-04 05:00:00,0.0,0.0
2024-02-04 06:00:00,0.0,0.0
2024-02-04 07:00:00,0.0,0.0
2024-02-04 08:00:00,0.0,0.0
2024-02-04 09:00:00,0.0,0.0
2024-02-04 10:00:00,0.09530409449265752,0.09530409449265752
2024-02-04 11:00:00,0.3870924279866075,0.3870924279866075
2024-02-04 12:00:00,0.7710181851205901,0.7710181851205901
2024-02-04 13:00:00,1.0840477466125047,1.0840477466125047
2024-02-04 14:00:00,1.4292554473439816,1.4292554473439816
2024-02-04 15:00:00,1.633454584675957,1.633454584675957
2024-02-04 16:00:00,2.162508532807324,2.162508532807324
2024-02-04 17:00:00,2.6748345828643494,2.6748345828643494
2024-02-04 18:00:00,2.4824361345573225,2.4824361345573225
2024-02-04 19:00:00,2.4141175239171577,2.4141175239171577
2024-02-04 20:00:00,2.479118019619179,2.479118019619179
2024-02-04 21:00:00,2.092744775689403,2.092744775689403
2024-02-04 22:00:00,0.0,0.0
2024-02-04 23:00:00,0.0,0.0
2024-02-05 00:00:00,0.0,0.0
2024-02-05 01:00:00,0.0,0.0
2024-02-05 02:00:00,0.0,0.0
2024-02-05 03:00:00,0.0,0.0
2024-02-05 04:00:00,0.0,0.0
2024-02-05 05:00:00,0.0,0.0
2024-02-05 06:00:00,0.0,0.0
2024-02-05 07:00:00,0.0,0.0
2024-02-05 08:00:00,0.0,0.0
2024-02-05 09:00:00,0.0,0.0
2024-02-05 10:00:00,0.13750944695792164,0.13750944695792164
2024-02-05 11:00:00,0.4155648491237483,0.4155648491237483
2024-02-05 12:00:00,0.9968766924401831,0.9968766924401831
2024-02-05 13:00:00,1.2435942092777317,1.2435942092777317
2024-02-05 14:00:00,2.2117095784371306,2.2117095784371306
2024-02-05 15:00:00,2.1975537276259436,2.1975537276259436
2024-02-05 16:00:00,2.7622323532238973,2.7622323532238973
2024-02-05 17:00:00,3.263369300727407,3.263369300727407
2024-02-05 18:00:00,3.9643393330103573,3.9643393330103573
2024-02-05 19:00:00,3.2457750729418198,3.2457750729418198
2024-02-05 20:00:00,3.26324072777389,3.26324072777389
2024-02-05 21:00:00,2.9738151478694252,2.9738151478694252
2024-02-05 22:00:00,0.0,0.0
2024-02-05 23:00:00,0.0,0.0
2024-02-06 00:00:00,0.0,0.0
2024-02-06 01:00:00,0.0,0.0
2024-02-06 02:00:00,0.0,0.0
2024-02-06 03:00:00,0.0,0.0
2024-02-06 04:00:00,0.0,0.0
2024-02-06 05:00:00,0.0,0.0
2024-02-06 06:00:00,0.0,0.0
2024-02-06 07:00:00,0.0,0.0
2024-02-06 08:00:00,0.0,0.0
2024-02-06 09:00:00,0.0,0.0
2024-02-06 10:00:00,0.13182794665202713,0.13182794665202713
2024-02-06 11:00:00,0.48461376578891247,0.48461376578891247
2024-02-06 12:00:00,1.009924322527874,1.009924322527874
2024-02-06 13:00:00,1.708355616036429,1.708355616036429
2024-02-06 14:00:00,1.965653591688049,1.965653591688049
2024-02-06 15:00:00,2.2438171815826897,2.2438171815826897
2024-02-06 16:00:00,3.4761251808226996,3.4761251808226996
2024-02-06 17:00:00,3.7486553986963926,3.7486553986963926
2024-02-06 18:00:00,3.641698611941873,3.641698611941873
2024-02-06 19:00:00,3.588593847369978,3.588593847369978
2024-02-06 20:00:00,2.9177238217084662,2.9177238217084662
2024-02-06 21:00:00,3.3695460590084587,3.3695460590084587
2024-02-06 22:00:00,0.0,0.0
2024-02-06 23:00:00,0.0,0.0
2024-02-07 00:00:00,0.0,0.0
2024-02-07 01:00:00,0.0,0.0
2024-02-07 02:00:00,0.0,0.0
2024-02-07 03:00:00,0.0,0.0
2024-02-07 04:00:00,0.0,0.0
2024-02-07 05:00:00,0.0,0.0
2024-02-07 06:00:00,0.0,0.0
2024-02-07 07:00:00,0.0,0.0
2024-02-07 08:00:00,0.0,0.0
2024-02-07 09:00:00,0.0,0.0
2024-02-07 10:00:00,0.1367264604552217,0.1367264604552217
2024-02-07 11:00:00,0.45751157369436185,0.45751157369436185
2024-02-07 12:00:00,1.0667867139284537,1.0667867139284537
2024-02-07 13:00:00,1.7286782820387714,1.7286782820387714
2024-02-07 14:00:00,2.033610957150036,2.033610957150036
2024-02-07 15:00:00,2.724809204890523,2.724809204890523
2024-02-07 16:00:00,3.431703575938821,3.431703575938821
2024-02-07 17:00:00,3.542924343595486,3.542924343595486
2024-02-07 18:00:00,3.5698563007399096,3.5698563007399096
2024-02-07 19:00:00,3.497541824955335,3.497541824955335
2024-02-07 20:00:00,3.1207628908154064,3.1207628908154064
2024-02-07 21:00:00,2.900010706398642,2.900010706398642
2024-02-07 22:00:00,0.0,0.0
2024-02-07 23:00:00,0.0,0.0
2024-02-08 00:00:00,0.0,0.0
2024-02-08 01:00:00,0.0,0.0
2024-02-08 02:00:00,0.0,0.0
2024-02-08 03:00:00,0.0,0.0
2024-02-08 04:00:00,0.0,0.0
2024-02-08 05:00:00,0.0,0.0
2024-02-08 06:00:00,0.0,0.0
2024-02-08 07:00:00,0.0,0.0
2024-02-08 08:00:00,0.0,0.0
2024-02-08 09:00:00,0.0,0.0
2024-02-08 10:00:00,0.11597037628392766,0.11597037628392766
2024-02-08 11:00:00,0.4885361240945012,0.4885361240945012
2024-02-08 12:00:00,0.7892006293567383,0.7892006293567383
2024-02-08 13:00:00,1.443245541946704,1.443245541946704
2024-02-08 14:00:00,2.29303961783832,2.29303961783832
2024-02-08 15:00:00,2.706057325309099,2.706057325309099
2024-02-08 16:00:00,3.124175341552659,3.124175341552659
2024-02-08 17:00:00,3.8002794003833644,3.8002794003833644
2024-02-08 18:00:00,3.079852828270191,3.079852828270191
2024-02-08 19:00:00,2.857954754197383,2.857954754197383
2024-02-08 20:00:00,2.780193577892429,2.780193577892429
2024-02-08 21:00:00,3.004725287514895,3.004725287514895
2024-02-08 22:00:00,0.0,0.0
2024-02-08 23:00:00,0.0,0.0
2024-02-09 00:00:00,0.0,0.0
2024-02-09 01:00:00,0.0,0.0
2024-02-09 02:00:00,0.0,0.0
2024-02-09 03:00:00,0.0,0.0
2024-02-09 04:00:00,0.0,0.0
2024-02-09 05:00:00,0.0,0.0
2024-02-09 06:00:00,0.0,0.0
2024-02-09 07:00:00,0.0,0.0
2024-02-09 08:00:00,0.0,0.0
2024-02-09 09:00:00,0.0,0.0
2024-02-09 10:00:00,0.12188695150317526,0.12188695150317526
2024-02-09 11:00:00,0.4394170668337453,0.4394170668337453
2024-02-09 12:00:00,0.8636547208536156,0.8636547208536156
2024-02-09 13:00:00,1.670355990500658,1.670355990500658
2024-02-09 14:00:00,2.3242832208054045,2.3242832208054045
2024-02-09 15:00:00,2.7901907823486596,2.7901907823486596
2024-02-09 16:00:00,3.694185914431769,3.694185914431769
2024-02-09 17:00:00,3.798563202090067,3.798563202090067
2024-02-09 18:00:00,3.3122947389247273,3.3122947389247273
2024-02-09 19:00:00,3.4551877138634226,3.4551877138634226
2024-02-09 20:00:00,3.494907149916317,3.494907149916317
2024-02-09 21:00:00,3.2143077775231386,3.2143077775231386
2024-02-09 22:00:00,0.0,0.0
2024-02-09 23:00:00,0.0,0.0
2024-02-10 00:00:00,0.0,0.0
2024-02-10 01:00:00,0.0,0.0
2024-02-10 02:00:00,0.0,0.0
2024-02-10 03:00:00,0.0,0.0
2024-02-10 04:00:00,0.0,0.0
2024-02-10 05:00:00,0.0,0.0
2024-02-10 06:00:00,0.0,0.0
2024-02-10 07:00:00,0.0,0.0
2024-02-10 08:00:00,0.0,0.0
2024-02-10 09:00:00,0.0,0.0
2024-02-10 10:00:00,0.07613309904953018,0.07613309904953018
2024-02-10 11:00:00,0.32749296701983144,0.32749296701983144
2024-02-10 12:00:00,0.703423057259945,0.703423057259945
2024-02-10 13:00:00,0.9314578992903254,0.9314578992903254
2024-02-10 14:00:00,1.7540612295769398,1.7540612295769398
2024-02-10 15:00:00,1.7635759146006795,1.7635759146006795
2024-02-10 16:00:00,2.397433824469878,2.397433824469878
2024-02-10 17:00:00,2.522914687618322,2.522914687618322
2024-02-10 18:00:00,2.6962640482458764,2.6962640482458764
2024-02-10 19:00:00,2.29070498402403,2.29070498402403
2024-02-10 20:00:00,1.9847005591563116,1.9847005591563116
2024-02-10 21:00:00,2.5592914970541525,2.5592914970541525
2024-02-10 22:00:00,0.0,0.0
2024-02-10 23:00:00,0.0,0.0
2024-02-11 00:00:00,0.0,0.0
2024-02-11 01:00:00,0.0,0.0
2024-02-11 02:00:00,0.0,0.0
2024-02-11 03:00:00,0.0,0.0
2024-02-11 04:00:00,0.0,0.0
2024-02-11 05:00:00,0.0,0.0
2024-02-11 06:00:00,0.0,0.0
2024-02-11 07:00:00,0.0,0.0
2024-02-11 08:00:00,0.0,0.0
2024-02-11 09:00:00,0.0,0.0
2024-02-11 10:00:00,0.09128912681192364,0.09128912681192364
2024-02-11 11:00:00,0.30665655359861244,0.30665655359861244
2024-02-11 12:00:00,0.7115301021272886,0.7115301021272886
2024-02-11 13:00:00,1.1028243824444481,1.1028243824444481
2024-02-11 14:00:00,1.4292894928014883,1.4292894928014883
2024-02-11 15:00:00,2.008071066189303,2.008071066189303
2024-02-11 16:00:00,2.142787424989853,2.142787424989853
2024-02-11 17:00:00,2.751432582313187,2.751432582313187
2024-02-11 18:00:00,2.6256506601207117,2.6256506601207117
2024-02-11 19:00:00,2.610574268582475,2.610574268582475
2024-02-11 20:00:00,2.161844212228187,2.161844212228187
2024-02-11 21:00:00,2.149033311422555,2.149033311422555
2024-02-11 22:00:00,0.0,0.0
2024-02-11 23:00:00,0.0,0.0
2024-02-12 00:00:00,0.0,0.0
2024-02-12 01:00:00,0.0,0.0
2024-02-12 02:00:00,0.0,0.0
2024-02-12 03:00:00,0.0,0.0
2024-02-12 04:00:00,0.0,0.0
2024-02-12 05:00:00,0.0,0.0
2024-02-12 06:00:00,0.0,0.0
2024-02-12 07:00:00,0.0,0.0
2024-02-12 08:00:00,0.0,0.0
2024-02-12 09:00:00,0.0,0.0
2024-02-12 10:00:00,0.13511745069271072,0.13511745069271072
2024-02-12 11:00:00,0.39905449910508184,0.39905449910508184
2024-02-12 12:00:00,1.036718482510499,1.036718482510499
2024-02-12 13:00:00,1.3899663553288386,1.3899663553288386
2024-02-12 14:00:00,2.274816297327771,2.274816297327771
2024-02-12 15:00:00,2.4121129889930897,2.4121129889930897
2024-02-12 16:00:00,3.4295160806874607,3.4295160806874607
2024-02-12 17:00:00,3.899204304637532,3.899204304637532
2024-02-12 18:00:00,3.095118737327745,3.095118737327745
2024-02-12 19:00:00,3.274323463687732,3.274323463687732
2024-02-12 20:00:00,2.614537648841042,2.614537648841042
2024-02-12 21:00:00,2.889816715764088,2.889816715764088
2024-02-12 22:00:00,0.0,0.0
2024-02-12 23:00:00,0.0,0.0
2024-02-13 00:00:00,0.0,0.0
2024-02-13 01:00:00,0.0,0.0
2024-02-13 02:00:00,0.0,0.0
2024-02-13 03:00:00,0.0,0.0
2024-02-13 04:00:00,0.0,0.0
2024-02-13 05:00:00,0.0,0.0
2024-02-13 06:00:00,0.0,0.0
2024-02-13 07:00:00,0.0,0.0
2024-02-13 08:00:00,0.0,0.0
2024-02-13 09:00:00,0.0,0.0
2024-02-13 10:00:00,0.11076930347125798,0.11076930347125798
2024-02-13 11:00:00,0.40324625281075055,0.40324625281075055
2024-02-13 12:00:00,0.9834170462128121,0.9834170462128121
2024-02-13 13:00:00,1.396018292459962,1.396018292459962
2024-02-13 14:00:00,2.125392005922706,2.125392005922706
2024-02-13 15:00:00,2.5041263395518922,2.5041263395518922
2024-02-13 16:00:00,3.51793285959931,3.51793285959931
2024-02-13 17:00:00,3.5164548535923874,3.5164548535923874
2024-02-13 18:00:00,3.144128369070315,3.144128369070315
2024-02-13 19:00:00,2.9704363013581023,2.9704363013581023
2024-02-13 20:00:00,3.2599847621988802,3.2599847621988802
2024-02-13 21:00:00,3.711254671204732,3.711254671204732
2024-02-13 22:00:00,0.0,0.0
2024-02-13 23:00:00,0.0,0.0
2024-02-14 00:00:00,0.0,0.0
2024-02-14 01:00:00,0.0,0.0
2024-02-14 02:00:00,0.0,0.0
2024-02-14 03:00:00,0.0,0.0
2024-02-14 04:00:00,0.0,0.0
2024-02-14 05:00:00,0.0,0.0
2024-02-14 06:00:00,0.0,0.0
2024-02-14 07:00:00,0.0,0.0
2024-02-14 08:00:00,0.0,0.0
2024-02-14 09:00:00,0.0,0.0
2024-02-14 10:00:00,0.11938906702787362,0.11938906702787362
2024-02-14 11:00:00,0.5189397711514032,0.5189397711514032
2024-02-14 12:00:00,1.0178644409717694,1.0178644409717694
2024-02-14 13:00:00,1.6480242106770175,1.6480242106770175
2024-02-14 14:00:00,2.2915144643121366,2.2915144643121366
2024-02-14 15:00:00,2.5207548707106175,2.5207548707106175
2024-02-14 16:00:00,2.8961395909397787,2.8961395909397787
2024-02-14 17:00:00,4.043281169253494,4.043281169253494
2024-02-14 18:00:00,3.209046263890249,3.209046263890249
2024-02-14 19:00:00,3.066113943808339,3.066113943808339
2024-02-14 20:00:00,3.4314913900046182,3.4314913900046182
2024-02-14 21:00:00,3.5751490767050664,3.5751490767050664
2024-02-14 22:00:00,0.0,0.0
2024-02-14 23:00:00,0.0,0.0
2024-02-15 00:00:00,0.0,0.0
2024-02-15 01:00:00,0.0,0.0
2024-02-15 02:00:00,0.0,0.0
2024-02-15 03:00:00,0.0,0.0
2024-02-15 04:00:00,0.0,0.0
2024-02-15 05:00:00,0.0,0.0
2024-02-15 06:00:00,0.0,0.0
2024-02-15 07:00:00,0.0,0.0
2024-02-15 08:00:00,0.0,0.0
2024-02-15 09:00:00,0.0,0.0
2024-02-15 10:00:00,0.10548501150975309,0.10548501150975309
2024-02-15 11:00:00,0.4508063569648857,0.4508063569648857
2024-02-15 12:00:00,0.9089496141423906,0.9089496141423906
2024-02-15 13:00:00,1.3802649096802118,1.3802649096802118
2024-02-15 14:00:00,2.2134575816414372,2.2134575816414372
2024-02-15 15:00:00,2.8038329785967573,2.8038329785967573
2024-02-15 16:00:00,3.378476835367767,3.378476835367767
2024-02-15 17:00:00,3.9308339963648984,3.9308339963648984
2024-02-15 18:00:00,3.102465767297578,3.102465767297578
2024-02-15 19:00:00,3.481134738772417,3.481134738772417
2024-02-15 20:00:00,2.860189806244178,2.860189806244178
2024-02-15 21:00:00,2.650510000998879,2.650510000998879
2024-02-15 22:00:00,0.0,0.0
2024-02-15 23:00:00,0.0,0.0
2024-02-16 00:00:00,0.0,0.0
2024-02-16 01:00:00,0.0,0.0
2024-02-16 02:00:00,0.0,0.0
2024-02-16 03:00:00,0.0,0.0
2024-02-16 04:00:00,0.0,0.0
2024-02-16 05:00:00,0.0,0.0
2024-02-16 06:00:00,0.0,0.0
2024-02-16 07:00:00,0.0,0.0
2024-02-16 08:00:00,0.0,0.0
2024-02-16 09:00:00,0.0,0.0
2024-02-16 10:00:00,0.12038566892310876,0.12038566892310876
2024-02-16 11:00:00,0.58566468522589,0.58566468522589
2024-02-16 12:00:00,0.9816625132018557,0.9816625132018557
2024-02-16 13:00:00,1.4469147961613178,1.4469147961613178
2024-02-16 14:00:00,2.1239024748797832,2.1239024748797832
2024-02-16 15:00:00,2.471147930705047,2.471147930705047
2024-02-16 16:00:00,3.979039711026104,3.979039711026104
2024-02-16 17:00:00,4.446666112302368,4.446666112302368
2024-02-16 18:00:00,3.8915385201420274,3.8915385201420274
2024-02-16 19:00:00,3.6394816822644263,3.6394816822644263
2024-02-16 20:00:00,3.791170297638107,3.791170297638107
2024-02-16 21:00:00,3.556620147765201,3.556620147765201
2024-02-16 22:00:00,0.0,0.0
2024-02-16 23:00:00,0.0,0.0
2024-02-17 00:00:00,0.0,0.0
2024-02-17 01:00:00,0.0,0.0
2024-02-17 02:00:00,0.0,0.0
2024-02-17 03:00:00,0.0,0.0
2024-02-17 04:00:00,0.0,0.0
2024-02-17 05:00:00,0.0,0.0
2024-02-17 06:00:00,0.0,0.0
2024-02-17 07:00:00,0.0,0.0
2024-02-17 08:00:00,0.0,0.0
2024-02-17 09:00:00,0.0,0.0
2024-02-17 10:00:00,0.08859604539471161,0.08859604539471161
2024-02-17 11:00:00,0.33728232876971176,0.33728232876971176
2024-02-17 12:00:00,0.5703538758740452,0.5703538758740452
2024-02-17 13:00:00,0.9838072027825402,0.9838072027825402
2024-02-17 14:00:00,1.500922047168375,1.500922047168375
2024-02-17 15:00:00,1.976562108195983,1.976562108195983
2024-02-17 16:00:00,2.484187100275006,2.484187100275006
2024-02-17 17:00:00,2.156189860373786,2.156189860373786
2024-02-17 18:00:00,2.7163230980821744,2.7163230980821744
2024-02-17 19:00:00,2.2548313221612735,2.2548313221612735
2024-02-17 20:00:00,1.868364736639263,1.868364736639263
2024-02-17 21:00:00,2.138041125327555,2.138041125327555
2024-02-17 22:00:00,0.0,0.0
2024-02-17 23:00:00,0.0,0.0
2024-02-18 00:00:00,0.0,0.0
2024-02-18 01:00:00,0.0,0.0
2024-02-18 02:00:00,0.0,0.0
2024-02-18 03:00:00,0.0,0.0
2024-02-18 04:00:00,0.0,0.0
2024-02-18 05:00:00,0.0,0.0
2024-02-18 06:00:00,0.0,0.0
2024-02-18 07:00:00,0.0,0.0
2024-02-18 08:00:00,0.0,0.0
2024-02-18 09:00:00,0.0,0.0
2024-02-18 10:00:00,0.09706265755342353,0.09706265755342353
2024-02-18 11:00:00,0.3206359478742691,0.3206359478742691
2024-02-18 12:00:00,0.7163178114578996,0.7163178114578996
2024-02-18 13:00:00,1.2005519731921124,1.2005519731921124
2024-02-18 14:00:00,1.658370724149483,1.658370724149483
2024-02-18 15:00:00,1.9773664102900754,1.9773664102900754
2024-02-18 16:00:00,2.5234433321434198,2.5234433321434198
2024-02-18 17:00:00,2.866135312186134,2.866135312186134
2024-02-18 18:00:00,2.52842765628286,2.52842765628286
2024-02-18 19:00:00,2.4357911523534814,2.4357911523534814
2024-02-18 20:00:00,2.291496811998793,2.291496811998793
2024-02-18 21:00:00,2.3061624977217483,2.3061624977217483
2024-02-18 22:00:00,0.0,0.0
2024-02-18 23:00:00,0.0,0.0
2024-02-19 00:00:00,0.0,0.0
2024-02-19 01:00:00,0.0,0.0
2024-02-19 02:00:00,0.0,0.0
2024-02-19 03:00:00,0.0,0.0
2024-02-19 04:00:00,0.0,0.0
2024-02-19 05:00:00,0.0,0.0
2024-02-19 06:00:00,0.0,0.0
2024-02-19 07:00:00,0.0,0.0
2024-02-19 08:00:00,0.0,0.0
2024-02-19 09:00:00,0.0,0.0
2024-02-19 10:00:00,0.11834332188603827,0.11834332188603827
2024-02-19 11:00:00,0.42176240791991104,0.42176240791991104
2024-02-19 12:00:00,0.8305243422660589,0.8305243422660589
2024-02-19 13:00:00,1.546752173435676,1.546752173435676
2024-02-19 14:00:00,2.2998030561819145,2.2998030561819145
2024-02-19 15:00:00,2.168420386238283,2.168420386238283
2024-02-19 16:00:00,2.619737534052085,2.619737534052085
2024-02-19 17:00:00,3.74416823035629,3.74416823035629
2024-02-19 18:00:00,3.0078297658193693,3.0078297658193693
2024-02-19 19:00:00,3.3399081822684304,3.3399081822684304
2024-02-19 20:00:00,2.7667922561331544,2.7667922561331544
2024-02-19 21:00:00,2.9274601750523797,2.9274601750523797
2024-02-19 22:00:00,0.0,0.0
2024-02-19 23:00:00,0.0,0.0
2024-02-20 00:00:00,0.0,0.0
2024-02-20 01:00:00,0.0,0.0
2024-02-20 02:00:00,0.0,0.0
2024-02-20 03:00:00,0.0,0.0
2024-02-20 04:00:00,0.0,0.0
2024-02-20 05:00:00,0.0,0.0
2024-02-20 06:00:00,0.0,0.0
2024-02-20 07:00:00,0.0,0.0
2024-02-20 08:00:00,0.0,0.0
2024-02-20 09:00:00,0.0,0.0
2024-02-20 10:00:00,0.13346614895478837,0.13346614895478837
2024-02-20 11:00:00,0.4191823720960005,0.4191823720960005
2024-02-20 12:00:00,0.8116806733268414,0.8116806733268414
2024-02-20 13:00:00,1.222649256525811,1.222649256525811
2024-02-20 14:00:00,2.290119663664473,2.290119663664473
2024-02-20 15:00:00,2.248817932081966,2.248817932081966
2024-02-20 16:00:00,3.411325621788324,3.411325621788324
2024-02-20 17:00:00,3.981169866802791,3.981169866802791
2024-02-20 18:00:00,3.0939307943598995,3.0939307943598995
2024-02-20 19:00:00,2.8668678505665626,2.8668678505665626
2024-02-20 20:00:00,3.093724426346581,3.093724426346581
2024-02-20 21:00:00,3.050467247325395,3.050467247325395
2024-02-20 22:00:00,0.0,0.0
2024-02-20 23:00:00,0.0,0.0
2024-02-21 00:00:00,0.0,0.0
2024-02-21 01:00:00,0.0,0.0
2024-02-21 02:00:00,0.0,0.0
2024-02-21 03:00:00,0.0,0.0
2024-02-21 04:00:00,0.0,0.0
2024-02-21 05:00:00,0.0,0.0
2024-02-21 06:00:00,0.0,0.0
2024-02-21 07:00:00,0.0,0.0
2024-02-21 08:00:00,0.0,0.0
2024-02-21 09:00:00,0.0,0.0
2024-02-21 10:00:00,0.14625933481369044,0.14625933481369044
2024-02-21 11:00:00,0.5343516964071526,0.5343516964071526
2024-02-21 12:00:00,0.9468207461872349,0.9468207461872349
2024-02-21 13:00:00,1.7364796098924107,1.7364796098924107
2024-02-21 14:00:00,2.5374064897925357,2.5374064897925357
2024-02-21 15:00:00,2.8139433112171055,2.8139433112171055
2024-02-21 16:00:00,3.66027700934931,3.66027700934931
2024-02-21 17:00:00,3.6933646772049986,3.6933646772049986
2024-02-21 18:00:00,3.862065966868047,3.862065966868047
2024-02-21 19:00:00,3.1269195390906557,3.1269195390906557
2024-02-21 20:00:00,3.434861779707391,3.434861779707391
2024-02-21 21:00:00,3.5452796247366893,3.5452796247366893
2024-02-21 22:00:00,0.0,0.0
2024-02-21 23:00:00,0.0,0.0
2024-02-22 00:00:00,0.0,0.0
2024-02-22 01:00:00,0.0,0.0
2024-02-22 02:00:00,0.0,0.0
2024-02-22 03:00:00,0.0,0.0
2024-02-22 04:00:00,0.0,0.0
2024-02-22 05:00:00,0.0,0.0
2024-02-22 06:00:00,0.0,0.0
2024-02-22 07:00:00,0.0,0.0
2024-02-22 08:00:00,0.0,0.0
2024-02-22 09:00:00,0.0,0.0
2024-02-22 10:00:00,0.13182519829333622,0.13182519829333622
2024-02-22 11:00:00,0.5826973194503227,0.5826973194503227
2024-02-22 12:00:00,0.9048021163847668,0.9048021163847668
2024-02-22 13:00:00,1.7274218933425887,1.7274218933425887
2024-02-22 14:00:00,2.608494460034617,2.608494460034617
2024-02-22 15:00:00,2.709174115841039,2.709174115841039
2024-02-22 16:00:00,3.190720704163359,3.190720704163359
2024-02-22 17:00:00,3.5498234497389634,3.5498234497389634
2024-02-22 18:00:00,4.552312914311067,4.552312914311067
2024-02-22 19:00:00,3.724828844410343,3.724828844410343
2024-02-22 20:00:00,3.411481980184904,3.411481980184904
2024-02-22 21:00:00,3.9534754372466887,3.9534754372466887
2024-02-22 22:00:00,0.0,0.0
2024-02-22 23:00:00,0.0,0.0
2024-02-23 00:00:00,0.0,0.0
2024-02-23 01:00:00,0.0,0.0
2024-02-23 02:00:00,0.0,0.0
2024-02-23 03:00:00,0.0,0.0
2024-02-23 04:00:00,0.0,0.0
2024-02-23 05:00:00,0.0,0.0
2024-02-23 06:00:00,0.0,0.0
2024-02-23 07:00:00,0.0,0.0
2024-02-23 08:00:00,0.0,0.0
2024-02-23 09:00:00,0.0,0.0
2024-02-23 10:00:00,0.10626412138742013,0.10626412138742013
2024-02-23 11:00:00,0.4711247501543676,0.4711247501543676
2024-02-23 12:00:00,0.9185998863938538,0.9185998863938538
2024-02-23 13:00:00,1.537342477587632,1.537342477587632
2024-02-23 14:00:00,2.0180627738256076,2.0180627738256076
2024-02-23 15:00:00,2.2817050077271195,2.2817050077271195
2024-02-23 16:00:00,3.2675835380459093,3.2675835380459093
2024-02-23 17:00:00,3.7116768371023277,3.7116768371023277
2024-02-23 18:00:00,3.3756996346178916,3.3756996346178916
2024-02-23 19:00:00,3.018823420561118,3.018823420561118
2024-02-23 20:00:00,2.7297890045973756,2.7297890045973756
2024-02-23 21:00:00,3.0926067470846124,3.0926067470846124
2024-02-23 22:00:00,0.0,0.0
2024-02-23 23:00:00,0.0,0.0
2024-02-24 00:00:00,0.0,0.0
2024-02-24 01:00:00,0.0,0.0
2024-02-24 02:00:00,0.0,0.0
2024-02-24 03:00:00,0.0,0.0
2024-02-24 04:00:00,0.0,0.0
2024-02-24 05:00:00,0.0,0.0
2024-02-24 06:00:00,0.0,0.0
2024-02-24 07:00:00,0.0,0.0
2024-02-24 08:00:00,0.0,0.0
2024-02-24 09:00:00,0.0,0.0
2024-02-24 10:00:00,0.08812283097376301,0.08812283097376301
2024-02-24 11:00:00,0.34256354331947125,0.34256354331947125
2024-02-24 12:00:00,0.7613565474785408,0.7613565474785408
2024-02-24 13:00:00,0.9448714345214058,0.9448714345214058
2024-02-24 14:00:00,1.6435608877081507,1.6435608877081507
2024-02-24 15:00:00,1.6073683559294443,1.6073683559294443
2024-02-24 16:00:00,2.0710025910548353,2.0710025910548353
2024-02-24 17:00:00,2.412816272276515,2.412816272276515
2024-02-24 18:00:00,2.779169595415586,2.779169595415586
2024-02-24 19:00:00,1.9928749266707186,1.9928749266707186
2024-02-24 20:00:00,2.624193206898253,2.624193206898253
2024-02-24 21:00:00,2.2971618506685827,2.2971618506685827
2024-02-24 22:00:00,0.0,0.0
2024-02-24 23:00:00,0.0,0.0
2024-02-25 00:00:00,0.0,0.0
2024-02-25 01:00:00,0.0,0.0
2024-02-25 02:00:00,0.0,0.0
2024-02-25 03:00:00,0.0,0.0
2024-02-25 04:00:00,0.0,0.0
2024-02-25 05:00:00,0.0,0.0
2024-02-25 06:00:00,0.0,0.0
2024-02-25 07:00:00,0.0,0.0
2024-02-25 08:00:00,0.0,0.0
2024-02-25 09:00:00,0.0,0.0
2024-02-25 10:00:00,0.0887658884809171,0.0887658884809171
2024-02-25 11:00:00,0.35362706916626996,0.35362706916626996
2024-02-25 12:00:00,0.7347181823444539,0.7347181823444539
2024-02-25 13:00:00,0.9475431276906768,0.9475431276906768
2024-02-25 14:00:00,1.3805316820292242,1.3805316820292242
2024-02-25 15:00:00,1.5784736880188417,1.5784736880188417
2024-02-25 16:00:00,2.0481240912955605,2.0481240912955605
2024-02-25 17:00:00,2.6668973638058278,2.6668973638058278
2024-02-25 18:00:00,2.4592200740771823,2.4592200740771823
2024-02-25 19:00:00,2.1348209484377625,2.1348209484377625
2024-02-25 20:00:00,2.5151443096032953,2.5151443096032953
2024-02-25 21:00:00,2.544370612415486,2.544370612415486
2024-02-25 22:00:00,0.0,0.0
2024-02-25 23:00:00,0.0,0.0
2024-02-26 00:00:00,0.0,0.0
2024-02-26 01:00:00,0.0,0.0
2024-02-26 02:00:00,0.0,0.0
2024-02-26 03:00:00,0.0,0.0
2024-02-26 04:00:00,0.0,0.0
2024-02-26 05:00:00,0.0,0.0
2024-02-26 06:00:00,0.0,0.0
2024-02-26 07:00:00,0.0,0.0
2024-02-26 08:00:00,0.0,0.0
2024-02-26 09:00:00,0.0,0.0
2024-02-26 10:00:00,0.10468607587772366,0.10468607587772366
2024-02-26 11:00:00,0.46279051278339617,0.46279051278339617
2024-02-26 12:00:00,0.8945292207753934,0.8945292207753934
2024-02-26 13:00:00,1.240420476045531,1.240420476045531
2024-02-26 14:00:00,2.390379760609245,2.390379760609245
2024-02-26 15:00:00,2.7587475868646423,2.7587475868646423
2024-02-26 16:00:00,3.1745194907881578,3.1745194907881578
2024-02-26 17:00:00,3.916259554453685,3.916259554453685
2024-02-26 18:00:00,3.499490828712176,3.499490828712176
2024-02-26 19:00:00,2.8097342146021598,2.8097342146021598
2024-02-26 20:00:00,3.14157238652456,3.14157238652456
2024-02-26 21:00:00,2.991434667539542,2.991434667539542
2024-02-26 22:00:00,0.0,0.0
2024-02-26 23:00:00,0.0,0.0
2024-02-27 00:00:00,0.0,0.0
2024-02-27 01:00:00,0.0,0.0
2024-02-27 02:00:00,0.0,0.0
2024-02-27 03:00:00,0.0,0.0
2024-02-27 04:00:00,0.0,0.0
2024-02-27 05:00:00,0.0,0.0
2024-02-27 06:00:00,0.0,0.0
2024-02-27 07:00:00,0.0,0.0
2024-02-27 08:00:00,0.0,0.0
2024-02-27 09:00:00,0.0,0.0
2024-02-27 10:00:00,0.10932997552914991,0.10932997552914991
2024-02-27 11:00:00,0.4093772006115364,0.4093772006115364
2024-02-27 12:00:00,0.8479468953033579,0.8479468953033579
2024-02-27 13:00:00,1.5033751012059997,1.5033751012059997
2024-02-27 14:00:00,2.271030172108668,2.271030172108668
2024-02-27 15:00:00,2.4014378628621165,2.4014378628621165
2024-02-27 16:00:00,3.4157314830851884,3.4157314830851884
2024-02-27 17:00:00,3.910921441947015,3.910921441947015
2024-02-27 18:00:00,4.09836713411534,4.09836713411534
2024-02-27 19:00:00,3.117871695071698,3.117871695071698
2024-02-27 20:00:00,3.06114280225555,3.06114280225555
2024-02-27 21:00:00,3.684169085688431,3.684169085688431
2024-02-27 22:00:00,0.0,0.0
2024-02-27 23:00:00,0.0,0.0
2024-02-28 00:00:00,0.0,0.0
2024-02-28 01:00:00,0.0,0.0
2024-02-28 02:00:00,0.0,0.0
2024-02-28 03:00:00,0.0,0.0
2024-02-28 04:00:00,0.0,0.0
2024-02-28 05:00:00,0.0,0.0
2024-02-28 06:00:00,0.0,0.0
2024-02-28 07:00:00,0.0,0.0
2024-02-28 08:00:00,0.0,0.0
2024-02-28 09:00:00,0.0,0.0
2024-02-28 10:00:00,0.13681025155979348,0.13681025155979348
2024-02-28 11:00:00,0.4383927612998343,0.4383927612998343
2024-02-28 12:00:00,0.8967983589505284,0.8967983589505284
2024-02-28 13:00:00,1.6552374004425936,1.6552374004425936
2024-02-28 14:00:00,2.6770993858407617,2.6770993858407617
2024-02-28 15:00:00,2.706088171318517,2.706088171318517
2024-02-28 16:00:00,2.9422968726687286,2.9422968726687286
2024-02-28 17:00:00,3.5035328661829825,3.5035328661829825
2024-02-28 18:00:00,3.4443075611774017,3.4443075611774017
2024-02-28 19:00:00,3.7771155048329876,3.7771155048329876
2024-02-28 20:00:00,3.265545842547917,3.265545842547917
2024-02-28 21:00:00,3.850358231274892,3.850358231274892
2024-02-28 22:00:00,0.0,0.0
2024-02-28 23:00:00,0.0,0.0
2024-02-29 00:00:00,0.0,0.0
2024-02-29 01:00:00,0.0,0.0
2024-02-29 02:00:00,0.0,0.0
2024-02-29 03:00:00,0.0,0.0
2024-02-29 04:00:00,0.0,0.0
2024-02-29 05:00:00,0.0,0.0
2024-02-29 06:00:00,0.0,0.0
2024-02-29 07:00:00,0.0,0.0
2024-02-29 08:00:00,0.0,0.0
2024-02-29 09:00:00,0.0,0.0
2024-02-29 10:00:00,0.11537536254227941,0.11537536254227941
2024-02-29 11:00:00,0.4260628225206864,0.4260628225206864
2024-02-29 12:00:00,0.9926438861066913,0.9926438861066913
2024-02-29 13:00:00,1.525418528954483,1.525418528954483
2024-02-29 14:00:00,2.146013517129369,2.146013517129369
2024-02-29 15:00:00,2.7296024686596847,2.7296024686596847
2024-02-29 16:00:00,2.9069936360585285,2.9069936360585285
2024-02-29 17:00:00,2.9550476887937127,2.9550476887937127
2024-02-29 18:00:00,2.8853313245643295,2.8853313245643295
2024-02-29 19:00:00,3.25500551583001,3.25500551583001
2024-02-29 20:00:00,2.860588980889314,2.860588980889314
2024-02-29 21:00:00,3.331439379429103,3.331439379429103
2024-02-29 22:00:00,0.0,0.0
2024-02-29 23:00:00,0.0,0.0
2024-03-01 00:00:00,0.0,0.0
2024-03-01 01:00:00,0.0,0.0
2024-03-01 02:00:00,0.0,0.0
2024-03-01 03:00:00,0.0,0.0
2024-03-01 04:00:00,0.0,0.0
2024-03-01 05:00:00,0.0,0.0
2024-03-01 06:00:00,0.0,0.0
2024-03-01 07:00:00,0.0,0.0
2024-03-01 08:00:00,0.0,0.0
2024-03-01 09:00:00,0.0,0.0
2024-03-01 10:00:00,0.12393243125160475,0.12393243125160475
2024-03-01 11:00:00,0.4290831659671277,0.4290831659671277
2024-03-01 12:00:00,1.0176652741763952,1.0176652741763952
2024-03-01 13:00:00,1.4635051264747378,1.4635051264747378
2024-03-01 14:00:00,2.3966386979544594,2.3966386979544594
2024-03-01 15:00:00,2.693749704959228,2.693749704959228
2024-03-01 16:00:00,2.8948133242083225,2.8948133242083225
2024-03-01 17:00:00,3.415593935234602,3.415593935234602
2024-03-01 18:00:00,3.9331189649875355,3.9331189649875355
2024-03-01 19:00:00,3.25654635931286,3.25654635931286
2024-03-01 20:00:00,3.2610861160841966,3.2610861160841966
2024-03-01 21:00:00,2.8424478853555124,2.8424478853555124
2024-03-01 22:00:00,0.0,0.0
2024-03-01 23:00:00,0.0,0.0
2024-03-02 00:00:00,0.0,0.0
2024-03-02 01:00:00,0.0,0.0
2024-03-02 02:00:00,0.0,0.0
2024-03-02 03:00:00,0.0,0.0
2024-03-02 04:00:00,0.0,0.0
2024-03-02 05:00:00,0.0,0.0
2024-03-02 06:00:00,0.0,0.0
2024-03-02 07:00:00,0.0,0.0
2024-03-02 08:00:00,0.0,0.0
2024-03-02 09:00:00,0.0,0.0
2024-03-02 10:00:00,0.08069968209205865,0.08069968209205865
2024-03-02 11:00:00,0.3343804415852319,0.3343804415852319
2024-03-02 12:00:00,0.6389985255872032,0.6389985255872032
2024-03-02 13:00:00,0.9753878075141929,0.9753878075141929
2024-03-02 14:00:00,1.513249403150315,1.513249403150315
2024-03-02 15:00:00,1.684263870117916,1.684263870117916
2024-03-02 16:00:00,2.3495308128080583,2.3495308128080583
2024-03-02 17:00:00,3.0188669862743476,3.0188669862743476
2024-03-02 18:00:00,2.7689581812487116,2.7689581812487116
2024-03-02 19:00:00,2.1001128237661595,2.1001128237661595
2024-03-02 20:00:00,2.3287856573476327,2.3287856573476327
2024-03-02 21:00:00,2.402441957585289,2.402441957585289
2024-03-02 22:00:00,0.0,0.0
2024-03-02 23:00:00,0.0,0.0
2024-03-03 00:00:00,0.0,0.0
2024-03-03 01:00:00,0.0,0.0
2024-03-03 02:00:00,0.0,0.0
2024-03-03 03:00:00,0.0,0.0
2024-03-03 04:00:00,0.0,0.0
2024-03-03 05:00:00,0.0,0.0
2024-03-03 06:00:00,0.0,0.0
2024-03-03 07:00:00,0.0,0.0
2024-03-03 08:00:00,0.0,0.0
2024-03-03 09:00:00,0.0,0.0
2024-03-03 10:00:00,0.07539357224670164,0.07539357224670164
2024-03-03 11:00:00,0.35263283954262825,0.35263283954262825
2024-03-03 12:00:00,0.5984130723686658,0.5984130723686658
2024-03-03 13:00:00,1.0824407604800956,1.0824407604800956
2024-03-03 14:00:00,1.5194564506057917,1.5194564506057917
2024-03-03 15:00:00,1.55339489566789,1.55339489566789
2024-03-03 16:00:00,1.9773757489571524,1.9773757489571524
2024-03-03 17:00:00,2.4652593937771967,2.4652593937771967
2024-03-03 18:00:00,2.5935500426752056,2.5935500426752056
2024-03-03 19:00:00,2.0147222132585205,2.0147222132585205
2024-03-03 20:00:00,1.9751617308472171,1.9751617308472171
2024-03-03 21:00:00,2.1869663246171416,2.1869663246171416
2024-03-03 22:00:00,0.0,0.0
2024-03-03 23:00:00,0.0,0.0
2024-03-04 00:00:00,0.0,0.0
2024-03-04 01:00:00,0.0,0.0
2024-03-04 02:00:00,0.0,0.0
2024-03-04 03:00:00,0.0,0.0
2024-03-04 04:00:00,0.0,0.0
2024-03-04 05:00:00,0.0,0.0
2024-03-04 06:00:00,0.0,0.0
2024-03-04 07:00:00,0.0,0.0
2024-03-04 08:00:00,0.0,0.0
2024-03-04 09:00:00,0.0,0.0
2024-03-04 10:00:00,0.1282471857290571,0.1282471857290571
2024-03-04 11:00:00,0.5284581658914451,0.5284581658914451
2024-03-04 12:00:00,1.103675911145145,1.103675911145145
2024-03-04 13:00:00,1.657659082915473,1.657659082915473
2024-03-04 14:00:00,2.657451959456174,2.657451959456174
2024-03-04 15:00:00,2.525820371141055,2.525820371141055
2024-03-04 16:00:00,3.627698438412551,3.627698438412551
2024-03-04 17:00:00,4.314908764508366,4.314908764508366
2024-03-04 18:00:00,3.6050335453379017,3.6050335453379017
2024-03-04 19:00:00,3.694692631132641,3.694692631132641
2024-03-04 20:00:00,3.844587337006381,3.844587337006381
2024-03-04 21:00:00,3.5932194698636986,3.5932194698636986
2024-03-04 22:00:00,0.0,0.0
2024-03-04 23:00:00,0.0,0.0
2024-03-05 00:00:00,0.0,0.0
2024-03-05 01:00:00,0.0,0.0
2024-03-05 02:00:00,0.0,0.0
2024-03-05 03:00:00,0.0,0.0
2024-03-05 04:00:00,0.0,0.0
2024-03-05 05:00:00,0.0,0.0
2024-03-05 06:00:00,0.0,0.0
2024-03-05 07:00:00,0.0,0.0
2024-03-05 08:00:00,0.0,0.0
2024-03-05 09:00:00,0.0,0.0
2024-03-05 10:00:00,0.1383975096591544,0.1383975096591544
2024-03-05 11:00:00,0.44287770806400834,0.44287770806400834
2024-03-05 12:00:00,0.8645759903528915,0.8645759903528915
2024-03-05 13:00:00,1.7155306126734253,1.7155306126734253
2024-03-05 14:00:00,2.358157317307697,2.358157317307697
2024-03-05 15:00:00,2.5762157777820827,2.5762157777820827
2024-03-05 16:00:00,3.4100002407928223,3.4100002407928223
2024-03-05 17:00:00,4.033826402425541,4.033826402425541
2024-03-05 18:00:00,3.387976267811098,3.387976267811098
2024-03-05 19:00:00,3.4114122291725084,3.4114122291725084
2024-03-05 20:00:00,2.997057289903632,2.997057289903632
2024-03-05 21:00:00,3.813045901314743,3.813045901314743
2024-03-05 22:00:00,0.0,0.0
2024-03-05 23:00:00,0.0,0.0
2024-03-06 00:00:00,0.0,0.0
2024-03-06 01:00:00,0.0,0.0
2024-03-06 02:00:00,0.0,0.0
2024-03-06 03:00:00,0.0,0.0
2024-03-06 04:00:00,0.0,0.0
2024-03-06 05:00:00,0.0,0.0
2024-03-06 06:00:00,0.0,0.0
2024-03-06 07:00:00,0.0,0.0
2024-03-06 08:00:00,0.0,0.0
2024-03-06 09:00:00,0.0,0.0
2024-03-06 10:00:00,0.11659347449754867,0.11659347449754867
2024-03-06 11:00:00,0.549012058888595,0.549012058888595
2024-03-06 12:00:00,1.1122814871231446,1.1122814871231446
2024-03-06 13:00:00,1.6112023414237209,1.6112023414237209
2024-03-06 14:00:00,2.311541582231329,2.311541582231329
2024-03-06 15:00:00,2.8932368509064954,2.8932368509064954
2024-03-06 16:00:00,3.9186515534240147,3.9186515534240147
2024-03-06 17:00:00,3.4913744280583203,3.4913744280583203
2024-03-06 18:00:00,3.6336774026129266,3.6336774026129266
2024-03-06 19:00:00,3.58982726346989,3.58982726346989
2024-03-06 20:00:00,3.7621388768597686,3.7621388768597686
2024-03-06 21:00:00,3.627297159706922,3.627297159706922
2024-03-06 22:00:00,0.0,0.0
2024-03-06 23:00:00,0.0,0.0
2024-03-07 00:00:00,0.0,0.0
2024-03-07 01:00:00,0.0,0.0
2024-03-07 02:00:00,0.0,0.0
2024-03-07 03:00:00,0.0,0.0
2024-03-07 04:00:00,0.0,0.0
2024-03-07 05:00:00,0.0,0.0
2024-03-07 06:00:00,0.0,0.0
2024-03-07 07:00:00,0.0,0.0
2024-03-07 08:00:00,0.0,0.0
2024-03-07 09:00:00,0.0,0.0
2024-03-07 10:00:00,0.1387641254507059,0.1387641254507059
2024-03-07 11:00:00,0.43211038170098703,0.43211038170098703
2024-03-07 12:00:00,0.852333717802601,0.852333717802601
2024-03-07 13:00:00,1.4468911103890638,1.4468911103890638
2024-03-07 14:00:00,2.5819666191654296,2.5819666191654296
2024-03-07 15:00:00,2.7681709230873253,2.7681709230873253
2024-03-07 16:00:00,3.407890151112431,3.407890151112431
2024-03-07 17:00:00,3.555552863921978,3.555552863921978
2024-03-07 18:00:00,3.4163138634914922,3.4163138634914922
2024-03-07 19:00:00,3.6683025543105234,3.6683025543105234
2024-03-07 20:00:00,3.1611747683544174,3.1611747683544174
2024-03-07 21:00:00,3.4857419262049407,3.4857419262049407
2024-03-07 22:00:00,0.0,0.0
2024-03-07 23:00:00,0.0,0.0
2024-03-08 00:00:00,0.0,0.0
2024-03-08 01:00:00,0.0,0.0
2024-03-08 02:00:00,0.0,0.0
2024-03-08 03:00:00,0.0,0.0
2024-03-08 04:00:00,0.0,0.0
2024-03-08 05:00:00,0.0,0.0
2024-03-08 06:00:00,0.0,0.0
2024-03-08 07:00:00,0.0,0.0
2024-03-08 08:00:00,0.0,0.0
2024-03-08 09:00:00,0.0,0.0
2024-03-08 10:00:00,0.10749478950000842,0.10749478950000842
2024-03-08 11:00:00,0.3992735055119946,0.3992735055119946
2024-03-08 12:00:00,0.8349156965041136,0.8349156965041136
2024-03-08 13:00:00,1.3910538366355436,1.3910538366355436
2024-03-08 14:00:00,2.1658908341274223,2.1658908341274223
2024-03-08 15:00:00,2.306703557572335,2.306703557572335
2024-03-08 16:00:00,3.4485030300743,3.4485030300743
2024-03-08 17:00:00,4.013157225480852,4.013157225480852
2024-03-08 18:00:00,3.2725354879854827,3.2725354879854827
2024-03-08 19:00:00,3.4951064316727094,3.4951064316727094
2024-03-08 20:00:00,3.395980999492259,3.395980999492259
2024-03-08 21:00:00,3.5086808468153694,3.5086808468153694
2024-03-08 22:00:00,0.0,0.0
2024-03-08 23:00:00,0.0,0.0
2024-03-09 00:00:00,0.0,0.0
2024-03-09 01:00:00,0.0,0.0
2024-03-09 02:00:00,0.0,0.0
2024-03-09 03:00:00,0.0,0.0
2024-03-09 04:00:00,0.0,0.0
2024-03-09 05:00:00,0.0,0.0
2024-03-09 06:00:00,0.0,0.0
2024-03-09 07:00:00,0.0,0.0
2024-03-09 08:00:00,0.0,0.0
2024-03-09 09:00:00,0.0,0.0
2024-03-09 10:00:00,0.09465739446469319,0.09465739446469319
2024-03-09 11:00:00,0.2990564517581721,0.2990564517581721
2024-03-09 12:00:00,0.698887574487447,0.698887574487447
2024-03-09 13:00:00,1.216642458203096,1.216642458203096
2024-03-09 14:00:00,1.8290740781167394,1.8290740781167394
2024-03-09 15:00:00,1.6764409923565908,1.6764409923565908
2024-03-09 16:00:00,2.132909553693585,2.132909553693585
2024-03-09 17:00:00,2.3658091002118335,2.3658091002118335
2024-03-09 18:00:00,2.814821828731576,2.814821828731576
2024-03-09 19:00:00,2.0810998132782452,2.0810998132782452
2024-03-09 20:00:00,2.017786403023664,2.017786403023664
2024-03-09 21:00:00,2.276630722843849,2.276630722843849
2024-03-09 22:00:00,0.0,0.0
2024-03-09 23:00:00,0.0,0.0
2024-03-10 00:00:00,0.0,0.0
2024-03-10 01:00:00,0.0,0.0
2024-03-10 02:00:00,0.0,0.0
2024-03-10 03:00:00,0.0,0.0
2024-03-10 04:00:00,0.0,0.0
2024-03-10 05:00:00,0.0,0.0
2024-03-10 06:00:00,0.0,0.0
2024-03-10 07:00:00,0.0,0.0
2024-03-10 08:00:00,0.0,0.0
2024-03-10 09:00:00,0.0,0.0
2024-03-10 10:00:00,0.09013562706361877,0.09013562706361877
2024-03-10 11:00:00,0.3887086477204304,0.3887086477204304
2024-03-10 12:00:00,0.6030843606853624,0.6030843606853624
2024-03-10 13:00:00,1.2136886545184349,1.2136886545184349
2024-03-10 14:00:00,1.8481878518636579,1.8481878518636579
2024-03-10 15:00:00,2.000063808648314,2.000063808648314
2024-03-10 16:00:00,2.133364113072266,2.133364113072266
2024-03-10 17:00:00,2.995313781571746,2.995313781571746
2024-03-10 18:00:00,2.984642465288592,2.984642465288592
2024-03-10 19:00:00,2.1502739681476974,2.1502739681476974
2024-03-10 20:00:00,2.6787300985541473,2.6787300985541473
2024-03-10 21:00:00,2.674383762947153,2.674383762947153
2024-03-10 22:00:00,0.0,0.0
2024-03-10 23:00:00,0.0,0.0
2024-03-11 00:00:00,0.0,0.0
2024-03-11 01:00:00,0.0,0.0
2024-03-11 02:00:00,0.0,0.0
2024-03-11 03:00:00,0.0,0.0
2024-03-11 04:00:00,0.0,0.0
2024-03-11 05:00:00,0.0,0.0
2024-03-11 06:00:00,0.0,0.0
2024-03-11 07:00:00,0.0,0.0
2024-03-11 08:00:00,0.0,0.0
2024-03-11 09:00:00,0.0,0.0
2024-03-11 10:00:00,0.1167456282780187,0.1167456282780187
2024-03-11 11:00:00,0.5234104995211983,0.5234104995211983
2024-03-11 12:00:00,0.8929101376077879,0.8929101376077879
2024-03-11 13:00:00,1.434345671058118,1.434345671058118
2024-03-11 14:00:00,2.530259040003507,2.530259040003507
2024-03-11 15:00:00,2.8346863840824064,2.8346863840824064
2024-03-11 16:00:00,3.4209491535548917,3.4209491535548917
2024-03-11 17:00:00,3.3922957151244577,3.3922957151244577
2024-03-11 18:00:00,3.706245724928307,3.706245724928307
2024-03-11 19:00:00,3.2976771452734734,3.2976771452734734
2024-03-11 20:00:00,3.0844019922734622,3.0844019922734622
2024-03-11 21:00:00,2.7664463370182033,2.7664463370182033
2024-03-11 22:00:00,0.0,0.0
2024-03-11 23:00:00,0.0,0.0
2024-03-12 00:00:00,0.0,0.0
2024-03-12 01:00:00,0.0,0.0
2024-03-12 02:00:00,0.0,0.0
2024-03-12 03:00:00,0.0,0.0
2024-03-12 04:00:00,0.0,0.0
2024-03-12 05:00:00,0.0,0.0
2024-03-12 06:00:00,0.0,0.0
2024-03-12 07:00:00,0.0,0.0
2024-03-12 08:00:00,0.0,0.0
2024-03-12 09:00:00,0.0,0.0
2024-03-12 10:00:00,0.15161600911721373,0.15161600911721373
2024-03-12 11:00:00,0.5612988539207027,0.5612988539207027
2024-03-12 12:00:00,1.0653946973846795,1.0653946973846795
2024-03-12 13:00:00,1.4353074815709688,1.4353074815709688
2024-03-12 14:00:00,2.248140023277866,2.248140023277866
2024-03-12 15:00:00,2.658440041763704,2.658440041763704
2024-03-12 16:00:00,4.069779527949051,4.069779527949051
2024-03-12 17:00:00,4.262823780666862,4.262823780666862
2024-03-12 18:00:00,4.603700964378536,4.603700964378536
2024-03-12 19:00:00,3.635119266088811,3.635119266088811
2024-03-12 20:00:00,3.1255165114446304,3.1255165114446304
2024-03-12 21:00:00,3.5971267072603177,3.5971267072603177
2024-03-12 22:00:00,0.0,0.0
2024-03-12 23:00:00,0.0,0.0
2024-03-13 00:00:00,0.0,0.0
2024-03-13 01:00:00,0.0,0.0
2024-03-13 02:00:00,0.0,0.0
2024-03-13 03:00:00,0.0,0.0
2024-03-13 04:00:00,0.0,0.0
2024-03-13 05:00:00,0.0,0.0
2024-03-13 06:00:00,0.0,0.0
2024-03-13 07:00:00,0.0,0.0
2024-03-13 08:00:00,0.0,0.0
2024-03-13 09:00:00,0.0,0.0
2024-03-13 10:00:00,0.11890720633317985,0.11890720633317985
2024-03-13 11:00:00,0.39453449895966913,0.39453449895966913
2024-03-13 12:00:00,0.8704034541371706,0.8704034541371706
2024-03-13 13:00:00,1.4928534779873133,1.4928534779873133
2024-03-13 14:00:00,2.0474588008711043,2.0474588008711043
2024-03-13 15:00:00,2.1861634237157967,2.1861634237157967
2024-03-13 16:00:00,3.356121032528069,3.356121032528069
2024-03-13 17:00:00,3.819731253269316,3.819731253269316
2024-03-13 18:00:00,3.9093502744316524,3.9093502744316524
2024-03-13 19:00:00,3.4768841077129014,3.4768841077129014
2024-03-13 20:00:00,3.126851400006284,3.126851400006284
2024-03-13 21:00:00,3.0867360896246208,3.0867360896246208
2024-03-13 22:00:00,0.0,0.0
2024-03-13 23:00:00,0.0,0.0
2024-03-14 00:00:00,0.0,0.0
2024-03-14 01:00:00,0.0,0.0
2024-03-14 02:00:00,0.0,0.0
2024-03-14 03:00:00,0.0,0.0
2024-03-14 04:00:00,0.0,0.0
2024-03-14 05:00:00,0.0,0.0
2024-03-14 06:00:00,0.0,0.0
2024-03-14 07:00:00,0.0,0.0
2024-03-14 08:00:00,0.0,0.0
2024-03-14 09:00:00,0.0,0.0
2024-03-14 10:00:00,0.13418894965341102,0.13418894965341102
2024-03-14 11:00:00,0.455006242066782,0.455006242066782
2024-03-14 12:00:00,0.934617368806359,0.934617368806359
2024-03-14 13:00:00,1.3189954060805444,1.3189954060805444
2024-03-14 14:00:00,2.4914590485131543,2.4914590485131543
2024-03-14 15:00:00,2.9183118987941854,2.9183118987941854
2024-03-14 16:00:00,2.9564448975491935,2.9564448975491935
2024-03-14 17:00:00,4.055224637987405,4.055224637987405
2024-03-14 18:00:00,4.108994219926145,4.108994219926145
2024-03-14 19:00:00,2.8605175148807787,2.8605175148807787
2024-03-14 20:00:00,3.7456757817587225,3.7456757817587225
2024-03-14 21:00:00,2.814444810160534,2.814444810160534
2024-03-14 22:00:00,0.0,0.0
2024-03-14 23:00:00,0.0,0.0
2024-03-15 00:00:00,0.0,0.0
2024-03-15 01:00:00,0.0,0.0
2024-03-15 02:00:00,0.0,0.0
2024-03-15 03:00:00,0.0,0.0
2024-03-15 04:00:00,0.0,0.0
2024-03-15 05:00:00,0.0,0.0
2024-03-15 06:00:00,0.0,0.0
2024-03-15 07:00:00,0.0,0.0
2024-03-15 08:00:00,0.0,0.0
2024-03-15 09:00:00,0.0,0.0
2024-03-15 10:00:00,0.12462959235341498,0.12462959235341498
2024-03-15 11:00:00,0.5833564631025522,0.5833564631025522
2024-03-15 12:00:00,1.029402835168904,1.029402835168904
2024-03-15 13:00:00,1.6407779713589528,1.6407779713589528
2024-03-15 14:00:00,2.192239187203366,2.192239187203366
2024-03-15 15:00:00,3.209947994301245,3.209947994301245
2024-03-15 16:00:00,3.1073258628428997,3.1073258628428997
2024-03-15 17:00:00,3.558282508183508,3.558282508183508
2024-03-15 18:00:00,4.403279434395674,4.403279434395674
2024-03-15 19:00:00,3.1732655460691426,3.1732655460691426
2024-03-15 20:00:00,3.889646224355653,3.889646224355653
2024-03-15 21:00:00,3.463312408320347,3.463312408320347
2024-03-15 22:00:00,0.0,0.0
2024-03-15 23:00:00,0.0,0.0
2024-03-16 00:00:00,0.0,0.0
2024-03-16 01:00:00,0.0,0.0
2024-03-16 02:00:00,0.0,0.0
2024-03-16 03:00:00,0.0,0.0
2024-03-16 04:00:00,0.0,0.0
2024-03-16 05:00:00,0.0,0.0
2024-03-16 06:00:00,0.0,0.0
2024-03-16 07:00:00,0.0,0.0
2024-03-16 08:00:00,0.0,0.0
2024-03-16 09:00:00,0.0,0.0
2024-03-16 10:00:00,0.09396810367617468,0.09396810367617468
2024-03-16 11:00:00,0.3693607131880626,0.3693607131880626
2024-03-16 12:00:00,0.6959457961042244,0.6959457961042244
2024-03-16 13:00:00,1.019701597147798,1.019701597147798
2024-03-16 14:00:00,1.6936392452592788,1.6936392452592788
2024-03-16 15:00:00,1.7018906761511148,1.7018906761511148
2024-03-16 16:00:00,2.6199310337949924,2.6199310337949924
2024-03-16 17:00:00,2.815096170761365,2.815096170761365
2024-03-16 18:00:00,2.8167808275496298,2.8167808275496298
2024-03-16 19:00:00,2.4750528451181433,2.4750528451181433
2024-03-16 20:00:00,2.5318318506623347,2.5318318506623347
2024-03-16 21:00:00,1.9758542338078737,1.9758542338078737
2024-03-16 22:00:00,0.0,0.0
2024-03-16 23:00:00,0.0,0.0
2024-03-17 00:00:00,0.0,0.0
2024-03-17 01:00:00,0.0,0.0
2024-03-17 02:00:00,0.0,0.0
2024-03-17 03:00:00,0.0,0.0
2024-03-17 04:00:00,0.0,0.0
2024-03-17 05:00:00,0.0,0.0
2024-03-17 06:00:00,0.0,0.0
2024-03-17 07:00:00,0.0,0.0
2024-03-17 08:00:00,0.0,0.0
2024-03-17 09:00:00,0.0,0.0
2024-03-17 10:00:00,0.09412051851675146,0.09412051851675146
2024-03-17 11:00:00,0.34906439416730295,0.34906439416730295
2024-03-17 12:00:00,0.616202760372643,0.616202760372643
2024-03-17 13:00:00,1.0350735981489032,1.0350735981489032
2024-03-17 14:00:00,1.5554868007596365,1.5554868007596365
2024-03-17 15:00:00,1.5834458184764768,1.5834458184764768
2024-03-17 16:00:00,2.5599904877264876,2.5599904877264876
2024-03-17 17:00:00,2.242414694816209,2.242414694816209
2024-03-17 18:00:00,2.891949050526273,2.891949050526273
2024-03-17 19:00:00,1.9277037047646726,1.9277037047646726
2024-03-17 20:00:00,2.4014971832107963,2.4014971832107963
2024-03-17 21:00:00,2.1335300634832506,2.1335300634832506
2024-03-17 22:00:00,0.0,0.0
2024-03-17 23:00:00,0.0,0.0
2024-03-18 00:00:00,0.0,0.0
2024-03-18 01:00:00,0.0,0.0
2024-03-18 02:00:00,0.0,0.0
2024-03-18 03:00:00,0.0,0.0
2024-03-18 04:00:00,0.0,0.0
2024-03-18 05:00:00,0.0,0.0
2024-03-18 06:00:00,0.0,0.0
2024-03-18 07:00:00,0.0,0.0
2024-03-18 08:00:00,0.0,0.0
2024-03-18 09:00:00,0.0,0.0
2024-03-18 10:00:00,0.09825448986373923,0.09825448986373923
2024-03-18 11:00:00,0.42159899589966,0.42159899589966
2024-03-18 12:00:00,0.812170110250953,0.812170110250953
2024-03-18 13:00:00,1.5617031154445753,1.5617031154445753
2024-03-18 14:00:00,1.8107184351144885,1.8107184351144885
2024-03-18 15:00:00,2.553295932532111,2.553295932532111
2024-03-18 16:00:00,3.0003259575908143,3.0003259575908143
2024-03-18 17:00:00,3.692105540146213,3.692105540146213
2024-03-18 18:00:00,3.0522766271060573,3.0522766271060573
2024-03-18 19:00:00,3.2745108641788363,3.2745108641788363
2024-03-18 20:00:00,3.3648011834450275,3.3648011834450275
2024-03-18 21:00:00,2.7478210540518346,2.7478210540518346
2024-03-18 22:00:00,0.0,0.0
2024-03-18 23:00:00,0.0,0.0
2024-03-19 00:00:00,0.0,0.0
2024-03-19 01:00:00,0.0,0.0
2024-03-19 02:00:00,0.0,0.0
2024-03-19 03:00:00,0.0,0.0
2024-03-19 04:00:00,0.0,0.0
2024-03-19 05:00:00,0.0,0.0
2024-03-19 06:00:00,0.0,0.0
2024-03-19 07:00:00,0.0,0.0
2024-03-19 08:00:00,0.0,0.0
2024-03-19 09:00:00,0.0,0.0
2024-03-19 10:00:00,0.10995505653620408,0.10995505653620408
2024-03-19 11:00:00,0.46949834241950295,0.46949834241950295
2024-03-19 12:00:00,0.821598418430352,0.821598418430352
2024-03-19 13:00:00,1.3189130157446511,1.3189130157446511
2024-03-19 14:00:00,2.146272748195217,2.146272748195217
2024-03-19 15:00:00,2.9264574930545635,2.9264574930545635
2024-03-19 16:00:00,3.1748950209588904,3.1748950209588904
2024-03-19 17:00:00,3.426938548415781,3.426938548415781
2024-03-19 18:00:00,3.826828606174555,3.826828606174555
2024-03-19 19:00:00,3.4236021076574157,3.4236021076574157
2024-03-19 20:00:00,3.214197922464567,3.214197922464567
2024-03-19 21:00:00,3.070426766566681,3.070426766566681
2024-03-19 22:00:00,0.0,0.0
2024-03-19 23:00:00,0.0,0.0
2024-03-20 00:00:00,0.0,0.0
2024-03-20 01:00:00,0.0,0.0
2024-03-20 02:00:00,0.0,0.0
2024-03-20 03:00:00,0.0,0.0
2024-03-20 04:00:00,0.0,0.0
2024-03-20 05:00:00,0.0,0.0
2024-03-20 06:00:00,0.0,0.0
2024-03-20 07:00:00,0.0,0.0
2024-03-20 08:00:00,0.0,0.0
2024-03-20 09:00:00,0.0,0.0
2024-03-20 10:00:00,0.13191697063999705,0.13191697063999705
2024-03-20 11:00:00,0.45531808775689564,0.45531808775689564
2024-03-20 12:00:00,1.0717125195094956,1.0717125195094956
2024-03-20 13:00:00,1.55634529949754,1.55634529949754
2024-03-20 14:00:00,1.9415144125947272,1.9415144125947272
2024-03-20 15:00:00,2.6475074754847387,2.6475074754847387
2024-03-20 16:00:00,2.8508833018318334,2.8508833018318334
2024-03-20 17:00:00,3.647550574444695,3.647550574444695
2024-03-20 18:00:00,3.144637684267339,3.144637684267339
2024-03-20 19:00:00,3.3012444292452536,3.3012444292452536
2024-03-20 20:00:00,3.1437412595782988,3.1437412595782988
2024-03-20 21:00:00,3.2823396255466566,3.2823396255466566
2024-03-20 22:00:00,0.0,0.0
2024-03-20 23:00:00,0.0,0.0
2024-03-21 00:00:00,0.0,0.0
2024-03-21 01:00:00,0.0,0.0
2024-03-21 02:00:00,0.0,0.0
2024-03-21 03:00:00,0.0,0.0
2024-03-21 04:00:00,0.0,0.0
2024-03-21 05:00:00,0.0,0.0
2024-03-21 06:00:00,0.0,0.0
2024-03-21 07:00:00,0.0,0.0
2024-03-21 08:00:00,0.0,0.0
2024-03-21 09:00:00,0.0,0.0
2024-03-21 10:00:00,0.11960459823150454,0.11960459823150454
2024-03-21 11:00:00,0.43238016823713565,0.43238016823713565
2024-03-21 12:00:00,0.9453105842560764,0.9453105842560764
2024-03-21 13:00:00,1.316707615059874,1.316707615059874
2024-03-21 14:00:00,2.2623794283884893,2.2623794283884893
2024-03-21 15:00:00,2.9273571818832735,2.9273571818832735
2024-03-21 16:00:00,3.6696807519229395,3.6696807519229395
2024-03-21 17:00:00,3.714022646419689,3.714022646419689
2024-03-21 18:00:00,3.9678118245050302,3.9678118245050302
2024-03-21 19:00:00,3.4496773650816013,3.4496773650816013
2024-03-21 20:00:00,3.5840849658751552,3.5840849658751552
2024-03-21 21:00:00,3.5607025509848604,3.5607025509848604
2024-03-21 22:00:00,0.0,0.0
2024-03-21 23:00:00,0.0,0.0
2024-03-22 00:00:00,0.0,0.0
2024-03-22 01:00:00,0.0,0.0
2024-03-22 02:00:00,0.0,0.0
2024-03-22 03:00:00,0.0,0.0
2024-03-22 04:00:00,0.0,0.0
2024-03-22 05:00:00,0.0,0.0
2024-03-22 06:00:00,0.0,0.0
2024-03-22 07:00:00,0.0,0.0
2024-03-22 08:00:00,0.0,0.0
2024-03-22 09:00:00,0.0,0.0
2024-03-22 10:00:00,0.12820006376299792,0.12820006376299792
2024-03-22 11:00:00,0.4728048754989158,0.4728048754989158
2024-03-22 12:00:00,0.8175386076726294,0.8175386076726294
2024-03-22 13:00:00,1.4621232037987992,1.4621232037987992
2024-03-22 14:00:00,2.1977222001673904,2.1977222001673904
2024-03-22 15:00:00,2.678729438995606,2.678729438995606
2024-03-22 16:00:00,3.423777114237927,3.423777114237927
2024-03-22 17:00:00,3.214294967331504,3.214294967331504
2024-03-22 18:00:00,3.76082389397787,3.76082389397787
2024-03-22 19:00:00,2.7555751191801425,2.7555751191801425
2024-03-22 20:00:00,2.9545864539194575,2.9545864539194575
2024-03-22 21:00:00,3.088139653118078,3.088139653118078
2024-03-22 22:00:00,0.0,0.0
2024-03-22 23:00:00,0.0,0.0
2024-03-23 00:00:00,0.0,0.0
2024-03-23 01:00:00,0.0,0.0
2024-03-23 02:00:00,0.0,0.0
2024-03-23 03:00:00,0.0,0.0
2024-03-23 04:00:00,0.0,0.0
2024-03-23 05:00:00,0.0,0.0
2024-03-23 06:00:00,0.0,0.0
2024-03-23 07:00:00,0.0,0.0
2024-03-23 08:00:00,0.0,0.0
2024-03-23 09:00:00,0.0,0.0
2024-03-23 10:00:00,0.08132144995580681,0.08132144995580681
2024-03-23 11:00:00,0.3279900437024797,0.3279900437024797
2024-03-23 12:00:00,0.7291315545821621,0.7291315545821621
2024-03-23 13:00:00,0.9437068806353169,0.9437068806353169
2024-03-23 14:00:00,1.391211444926194,1.391211444926194
2024-03-23 15:00:00,1.612496915449276,1.612496915449276
2024-03-23 16:00:00,2.2513195213009554,2.2513195213009554
2024-03-23 17:00:00,2.182538951665265,2.182538951665265
2024-03-23 18:00:00,2.1621807780751743,2.1621807780751743
2024-03-23 19:00:00,1.9776047505451453,1.9776047505451453
2024-03-23 20:00:00,2.160900869733298,2.160900869733298
2024-03-23 21:00:00,2.388702084881263,2.388702084881263
2024-03-23 22:00:00,0.0,0.0
2024-03-23 23:00:00,0.0,0.0
2024-03-24 00:00:00,0.0,0.0
2024-03-24 01:00:00,0.0,0.0
2024-03-24 02:00:00,0.0,0.0
2024-03-24 03:00:00,0.0,0.0
2024-03-24 04:00:00,0.0,0.0
2024-03-24 05:00:00,0.0,0.0
2024-03-24 06:00:00,0.0,0.0
2024-03-24 07:00:00,0.0,0.0
2024-03-24 08:00:00,0.0,0.0
2024-03-24 09:00:00,0.0,0.0
2024-03-24 10:00:00,0.10817720963138595,0.10817720963138595
2024-03-24 11:00:00,0.3917750619977011,0.3917750619977011
2024-03-24 12:00:00,0.6475475602629398,0.6475475602629398
2024-03-24 13:00:00,1.141761048075868,1.141761048075868
2024-03-24 14:00:00,1.6597258827981272,1.6597258827981272
2024-03-24 15:00:00,2.052817085807652,2.052817085807652
2024-03-24 16:00:00,2.614677978738637,2.614677978738637
2024-03-24 17:00:00,3.0345979058628547,3.0345979058628547
2024-03-24 18:00:00,2.5365178934010526,2.5365178934010526
2024-03-24 19:00:00,2.778336232361659,2.778336232361659
2024-03-24 20:00:00,2.2336121828294595,2.2336121828294595
2024-03-24 21:00:00,2.1981500174762796,2.1981500174762796
2024-03-24 22:00:00,0.0,0.0
2024-03-24 23:00:00,0.0,0.0
2024-03-25 00:00:00,0.0,0.0
2024-03-25 01:00:00,0.0,0.0
2024-03-25 02:00:00,0.0,0.0
2024-03-25 03:00:00,0.0,0.0
2024-03-25 04:00:00,0.0,0.0
2024-03-25 05:00:00,0.0,0.0
2024-03-25 06:00:00,0.0,0.0
2024-03-25 07:00:00,0.0,0.0
2024-03-25 08:00:00,0.0,0.0
2024-03-25 09:00:00,0.0,0.0
2024-03-25 10:00:00,0.12491990536991551,0.12491990536991551
2024-03-25 11:00:00,0.5441836845259596,0.5441836845259596
2024-03-25 12:00:00,0.9506397373170241,0.9506397373170241
2024-03-25 13:00:00,1.3226264871376068,1.3226264871376068
2024-03-25 14:00:00,2.3523886942368124,2.3523886942368124
2024-03-25 15:00:00,2.3289718615942365,2.3289718615942365
2024-03-25 16:00:00,3.486014316513091,3.486014316513091
2024-03-25 17:00:00,4.273655645371171,4.273655645371171
2024-03-25 18:00:00,3.875222368189249,3.875222368189249
2024-03-25 19:00:00,2.9799623883093798,2.9799623883093798
2024-03-25 20:00:00,2.9138986573453742,2.9138986573453742
2024-03-25 21:00:00,3.172847132312011,3.172847132312011
2024-03-25 22:00:00,0.0,0.0
2024-03-25 23:00:00,0.0,0.0
2024-03-26 00:00:00,0.0,0.0
2024-03-26 01:00:00,0.0,0.0
2024-03-26 02:00:00,0.0,0.0
2024-03-26 03:00:00,0.0,0.0
2024-03-26 04:00:00,0.0,0.0
2024-03-26 05:00:00,0.0,0.0
2024-03-26 06:00:00,0.0,0.0
2024-03-26 07:00:00,0.0,0.0
2024-03-26 08:00:00,0.0,0.0
2024-03-26 09:00:00,0.0,0.0
2024-03-26 10:00:00,0.13294589537278614,0.13294589537278614
2024-03-26 11:00:00,0.47967492785611415,0.47967492785611415
2024-03-26 12:00:00,1.1012009104374023,1.1012009104374023
2024-03-26 13:00:00,1.3769438692716163,1.3769438692716163
2024-03-26 14:00:00,2.676625631756135,2.676625631756135
2024-03-26 15:00:00,2.76414622689464,2.76414622689464
2024-03-26 16:00:00,3.0141554740492946,3.0141554740492946
2024-03-26 17:00:00,3.5038408207907645,3.5038408207907645
2024-03-26 18:00:00,4.418644357786381,4.418644357786381
2024-03-26 19:00:00,3.4932069217383557,3.4932069217383557
2024-03-26 20:00:00,3.7397347421634386,3.7397347421634386
2024-03-26 21:00:00,3.9133923673723814,3.9133923673723814
2024-03-26 22:00:00,0.0,0.0
2024-03-26 23:00:00,0.0,0.0
2024-03-27 00:00:00,0.0,0.0
2024-03-27 01:00:00,0.0,0.0
2024-03-27 02:00:00,0.0,0.0
2024-03-27 03:00:00,0.0,0.0
2024-03-27 04:00:00,0.0,0.0
2024-03-27 05:00:00,0.0,0.0
2024-03-27 06:00:00,0.0,0.0
2024-03-27 07:00:00,0.0,0.0
2024-03-27 08:00:00,0.0,0.0
2024-03-27 09:00:00,0.0,0.0
2024-03-27 10:00:00,0.13857103870853724,0.13857103870853724
2024-03-27 11:00:00,0.43372767792067074,0.43372767792067074
2024-03-27 12:00:00,0.913212848791725,0.913212848791725
2024-03-27 13:00:00,1.4694633917511963,1.4694633917511963
2024-03-27 14:00:00,2.559118441687754,2.559118441687754
2024-03-27 15:00:00,2.5227746687399644,2.5227746687399644
2024-03-27 16:00:00,3.764398284315792,3.764398284315792
2024-03-27 17:00:00,4.170219728650861,4.170219728650861
2024-03-27 18:00:00,4.360902377604608,4.360902377604608
2024-03-27 19:00:00,3.5470081016606017,3.5470081016606017
2024-03-27 20:00:00,3.5130434306748444,3.5130434306748444
2024-03-27 21:00:00,3.52631271694198,3.52631271694198
2024-03-27 22:00:00,0.0,0.0
2024-03-27 23:00:00,0.0,0.0
2024-03-28 00:00:00,0.0,0.0
2024-03-28 01:00:00,0.0,0.0
2024-03-28 02:00:00,0.0,0.0
2024-03-28 03:00:00,0.0,0.0
2024-03-28 04:00:00,0.0,0.0
2024-03-28 05:00:00,0.0,0.0
2024-03-28 06:00:00,0.0,0.0
2024-03-28 07:00:00,0.0,0.0
2024-03-28 08:00:00,0.0,0.0
2024-03-28 09:00:00,0.0,0.0
2024-03-28 10:00:00,0.13937513200133628,0.13937513200133628
2024-03-28 11:00:00,0.5864496805523889,0.5864496805523889
2024-03-28 12:00:00,0.9687508245338732,0.9687508245338732
2024-03-28 13:00:00,1.4164937035090894,1.4164937035090894
2024-03-28 14:00:00,2.788638653456225,2.788638653456225
2024-03-28 15:00:00,2.883619671899077,2.883619671899077
2024-03-28 16:00:00,4.07104178555999,4.07104178555999
2024-03-28 17:00:00,4.426573330872289,4.426573330872289
2024-03-28 18:00:00,4.060311124438842,4.060311124438842
2024-03-28 19:00:00,3.469482165428655,3.469482165428655
2024-03-28 20:00:00,3.484938226591355,3.484938226591355
2024-03-28 21:00:00,3.199464744169422,3.199464744169422
2024-03-28 22:00:00,0.0,0.0
2024-03-28 23:00:00,0.0,0.0
2024-03-29 00:00:00,0.0,0.0
2024-03-29 01:00:00,0.0,0.0
2024-03-29 02:00:00,0.0,0.0
2024-03-29 03:00:00,0.0,0.0
2024-03-29 04:00:00,0.0,0.0
2024-03-29 05:00:00,0.0,0.0
2024-03-29 06:00:00,0.0,0.0
2024-03-29 07:00:00,0.0,0.0
2024-03-29 08:00:00,0.0,0.0
2024-03-29 09:00:00,0.0,0.0
2024-03-29 10:00:00,0.13885726379182517,0.13885726379182517
2024-03-29 11:00:00,0.49719512874109584,0.49719512874109584
2024-03-29 12:00:00,1.0864560115063027,1.0864560115063027
2024-03-29 13:00:00,1.5578550680128802,1.5578550680128802
2024-03-29 14:00:00,2.747557763769679,2.747557763769679
2024-03-29 15:00:00,2.874442840967274,2.874442840967274
2024-03-29 16:00:00,3.883759670918567,3.883759670918567
2024-03-29 17:00:00,4.547415106238506,4.547415106238506
2024-03-29 18:00:00,3.806253778332595,3.806253778332595
2024-03-29 19:00:00,3.72082992625547,3.72082992625547
2024-03-29 20:00:00,3.96868449645891,3.96868449645891
2024-03-29 21:00:00,4.1401038398802585,4.1401038398802585
2024-03-29 22:00:00,0.0,0.0
2024-03-29 23:00:00,0.0,0.0
2024-03-30 00:00:00,0.0,0.0
2024-03-30 01:00:00,0.0,0.0
2024-03-30 02:00:00,0.0,0.0
2024-03-30 03:00:00,0.0,0.0
2024-03-30 04:00:00,0.0,0.0
2024-03-30 05:00:00,0.0,0.0
2024-03-30 06:00:00,0.0,0.0
2024-03-30 07:00:00,0.0,0.0
2024-03-30 08:00:00,0.0,0.0
2024-03-30 09:00:00,0.0,0.0
2024-03-30 10:00:00,0.08073161597821481,0.08073161597821481
2024-03-30 11:00:00,0.32018876592889783,0.32018876592889783
2024-03-30 12:00:00,0.6724985366206804,0.6724985366206804
2024-03-30 13:00:00,1.1439207803070086,1.1439207803070086
2024-03-30 14:00:00,1.6602570907442429,1.6602570907442429
2024-03-30 15:00:00,1.640620537097944,1.640620537097944
2024-03-30 16:00:00,2.0948314362166736,2.0948314362166736
2024-03-30 17:00:00,2.853036765383729,2.853036765383729
2024-03-30 18:00:00,2.3663541262338392,2.3663541262338392
2024-03-30 19:00:00,2.076246606370243,2.076246606370243
2024-03-30 20:00:00,1.93329329489835,1.93329329489835
2024-03-30 21:00:00,2.4934555441192807,2.4934555441192807
2024-03-30 22:00:00,0.0,0.0
2024-03-30 23:00:00,0.0,0.0
2024-03-31 00:00:00,0.0,0.0
2024-03-31 01:00:00,0.0,0.0
2024-03-31 02:00:00,0.0,0.0
2024-03-31 03:00:00,0.0,0.0
2024-03-31 04:00:00,0.0,0.0
2024-03-31 05:00:00,0.0,0.0
2024-03-31 06:00:00,0.0,0.0
2024-03-31 07:00:00,0.0,0.0
2024-03-31 08:00:00,0.0,0.0
2024-03-31 09:00:00,0.0,0.0
2024-03-31 10:00:00,0.08029632497458691,0.08029632497458691
2024-03-31 11:00:00,0.31403684355083206,0.31403684355083206
2024-03-31 12:00:00,0.6046337733692178,0.6046337733692178
2024-03-31 13:00:00,0.9096399244991045,0.9096399244991045
2024-03-31 14:00:00,1.4083813031290866,1.4083813031290866
2024-03-31 15:00:00,1.7108160923299698,1.7108160923299698
2024-03-31 16:00:00,2.0948797768707172,2.0948797768707172
2024-03-31 17:00:00,2.486779226140942,2.486779226140942
2024-03-31 18:00:00,2.4949316048129653,2.4949316048129653
2024-03-31 19:00:00,2.4444051451003443,2.4444051451003443
2024-03-31 20:00:00,2.2050854510839177,2.2050854510839177
2024-03-31 21:00:00,2.3140282653723214,2.3140282653723214
2024-03-31 22:00:00,0.0,0.0
2024-03-31 23:00:00,0.0,0.0
2024-04-01 00:00:00,0.0,0.0
2024-04-01 01:00:00,0.0,0.0
2024-04-01 02:00:00,0.0,0.0
2024-04-01 03:00:00,0.0,0.0
2024-04-01 04:00:00,0.0,0.0
2024-04-01 05:00:00,0.0,0.0
2024-04-01 06:00:00,0.0,0.0
2024-04-01 07:00:00,0.0,0.0
2024-04-01 08:00:00,0.0,0.0
2024-04-01 09:00:00,0.0,0.0
2024-04-01 10:00:00,0.12821517046802303,0.12821517046802303
2024-04-01 11:00:00,0.4234144692897056,0.4234144692897056
2024-04-01 12:00:00,0.9038823215379357,0.9038823215379357
2024-04-01 13:00:00,1.6128287394506051,1.6128287394506051
2024-04-01 14:00:00,2.4701681463482217,2.4701681463482217
2024-04-01 15:00:00,2.960888852422709,2.960888852422709
2024-04-01 16:00:00,3.5592855833399804,3.5592855833399804
2024-04-01 17:00:00,3.928210160841102,3.928210160841102
2024-04-01 18:00:00,4.188956615344446,4.188956615344446
2024-04-01 19:00:00,3.3123040108325457,3.3123040108325457
2024-04-01 20:00:00,3.4327675943514318,3.4327675943514318
2024-04-01 21:00:00,3.6955944156036233,3.6955944156036233
2024-04-01 22:00:00,0.0,0.0
2024-04-01 23:00:00,0.0,0.0
2024-04-02 00:00:00,0.0,0.0
2024-04-02 01:00:00,0.0,0.0
2024-04-02 02:00:00,0.0,0.0
2024-04-02 03:00:00,0.0,0.0
2024-04-02 04:00:00,0.0,0.0
2024-04-02 05:00:00,0.0,0.0
2024-04-02 06:00:00,0.0,0.0
2024-04-02 07:00:00,0.0,0.0
2024-04-02 08:00:00,0.0,0.0
2024-04-02 09:00:00,0.0,0.0
2024-04-02 10:00:00,0.113858294538485,0.113858294538485
2024-04-02 11:00:00,0.5384493139310151,0.5384493139310151
2024-04-02 12:00:00,0.9935646757839844,0.9935646757839844
2024-04-02 13:00:00,1.6469706083508502,1.6469706083508502
2024-04-02 14:00:00,1.9694113879028614,1.9694113879028614
2024-04-02 15:00:00,2.494712039363291,2.494712039363291
2024-04-02 16:00:00,2.8753617421336504,2.8753617421336504
2024-04-02 17:00:00,3.194105976549343,3.194105976549343
2024-04-02 18:00:00,3.1943167610817786,3.1943167610817786
2024-04-02 19:00:00,3.3150255393599886,3.3150255393599886
2024-04-02 20:00:00,2.894505362528063,2.894505362528063
2024-04-02 21:00:00,3.646177460141388,3.646177460141388
2024-04-02 22:00:00,0.0,0.0
2024-04-02 23:00:00,0.0,0.0
2024-04-03 00:00:00,0.0,0.0
2024-04-03 01:00:00,0.0,0.0
2024-04-03 02:00:00,0.0,0.0
2024-04-03 03:00:00,0.0,0.0
2024-04-03 04:00:00,0.0,0.0
2024-04-03 05:00:00,0.0,0.0
2024-04-03 06:00:00,0.0,0.0
2024-04-03 07:00:00,0.0,0.0
2024-04-03 08:00:00,0.0,0.0
2024-04-03 09:00:00,0.0,0.0
2024-04-03 10:00:00,0.1538972015505608,0.1538972015505608
2024-04-03 11:00:00,0.5627990198533155,0.5627990198533155
2024-04-03 12:00:00,1.0439707635608895,1.0439707635608895
2024-04-03 13:00:00,1.6752986831789576,1.6752986831789576
2024-04-03 14:00:00,2.376959041435938,2.376959041435938
2024-04-03 15:00:00,2.510304908251212,2.510304908251212
2024-04-03 16:00:00,3.464007183466783,3.464007183466783
2024-04-03 17:00:00,3.71747031965882,3.71747031965882
2024-04-03 18:00:00,4.149190877040465,4.149190877040465
2024-04-03 19:00:00,3.668393009785964,3.668393009785964
2024-04-03 20:00:00,3.9561902601296293,3.9561902601296293
2024-04-03 21:00:00,3.0996837495714415,3.0996837495714415
2024-04-03 22:00:00,0.0,0.0
2024-04-03 23:00:00,0.0,0.0
2024-04-04 00:00:00,0.0,0.0
2024-04-04 01:00:00,0.0,0.0
2024-04-04 02:00:00,0.0,0.0
2024-04-04 03:00:00,0.0,0.0
2024-04-04 04:00:00,0.0,0.0
2024-04-04 05:00:00,0.0,0.0
2024-04-04 06:00:00,0.0,0.0
2024-04-04 07:00:00,0.0,0.0
2024-04-04 08:00:00,0.0,0.0
2024-04-04 09:00:00,0.0,0.0
2024-04-04 10:00:00,0.14376080312924508,0.14376080312924508
2024-04-04 11:00:00,0.435683857250314,0.435683857250314
2024-04-04 12:00:00,0.9491729082509428,0.9491729082509428
2024-04-04 13:00:00,1.4954703197891628,1.4954703197891628
2024-04-04 14:00:00,2.4087650555985354,2.4087650555985354
2024-04-04 15:00:00,2.7504803605457315,2.7504803605457315
2024-04-04 16:00:00,3.483189590777718,3.483189590777718
2024-04-04 17:00:00,4.241327904405886,4.241327904405886
2024-04-04 18:00:00,3.5898515385800582,3.5898515385800582
2024-04-04 19:00:00,3.2776161765832192,3.2776161765832192
2024-04-04 20:00:00,3.751850629031807,3.751850629031807
2024-04-04 21:00:00,2.967785313799711,2.967785313799711
2024-04-04 22:00:00,0.0,0.0
2024-04-04 23:00:00,0.0,0.0
2024-04-05 00:00:00,0.0,0.0
2024-04-05 01:00:00,0.0,0.0
2024-04-05 02:00:00,0.0,0.0
2024-04-05 03:00:00,0.0,0.0
2024-04-05 04:00:00,0.0,0.0
2024-04-05 05:00:00,0.0,0.0
2024-04-05 06:00:00,0.0,0.0
2024-04-05 07:00:00,0.0,0.0
2024-04-05 08:00:00,0.0,0.0
2024-04-05 09:00:00,0.0,0.0
2024-04-05 10:00:00,0.12224772641031537,0.12224772641031537
2024-04-05 11:00:00,0.5426244721942077,0.5426244721942077
2024-04-05 12:00:00,0.9304643278766559,0.9304643278766559
2024-04-05 13:00:00,1.7095758913236108,1.7095758913236108
2024-04-05 14:00:00,2.6629874898379757,2.6629874898379757
2024-04-05 15:00:00,2.8128300276491043,2.8128300276491043
2024-04-05 16:00:00,3.919753764530309,3.919753764530309
2024-04-05 17:00:00,3.5927794598619167,3.5927794598619167
2024-04-05 18:00:00,3.783560715600195,3.783560715600195
2024-04-05 19:00:00,3.895404698159705,3.895404698159705
2024-04-05 20:00:00,3.131332431269365,3.131332431269365
2024-04-05 21:00:00,3.3898761671266584,3.3898761671266584
2024-04-05 22:00:00,0.0,0.0
2024-04-05 23:00:00,0.0,0.0
2024-04-06 00:00:00,0.0,0.0
2024-04-06 01:00:00,0.0,0.0
2024-04-06 02:00:00,0.0,0.0
2024-04-06 03:00:00,0.0,0.0
2024-04-06 04:00:00,0.0,0.0
2024-04-06 05:00:00,0.0,0.0
2024-04-06 06:00:00,0.0,0.0
2024-04-06 07:00:00,0.0,0.0
2024-04-06 08:00:00,0.0,0.0
2024-04-06 09:00:00,0.0,0.0
2024-04-06 10:00:00,0.09558197861901596,0.09558197861901596
2024-04-06 11:00:00,0.36209577073866106,0.36209577073866106
2024-04-06 12:00:00,0.6264313812815839,0.6264313812815839
2024-04-06 13:00:00,1.0264711535812334,1.0264711535812334
2024-04-06 14:00:00,1.5444084237973812,1.5444084237973812
2024-04-06 15:00:00,1.7041012324028433,1.7041012324028433
2024-04-06 16:00:00,2.32389733455447,2.32389733455447
2024-04-06 17:00:00,2.75514120633917,2.75514120633917
2024-04-06 18:00:00,2.55874843298946,2.55874843298946
2024-04-06 19:00:00,2.6074482432179615,2.6074482432179615
2024-04-06 20:00:00,2.429756534191799,2.429756534191799
2024-04-06 21:00:00,2.279314174454637,2.279314174454637
2024-04-06 22:00:00,0.0,0.0
2024-04-06 23:00:00,0.0,0.0
2024-04-07 00:00:00,0.0,0.0
2024-04-07 01:00:00,0.0,0.0
2024-04-07 02:00:00,0.0,0.0
2024-04-07 03:00:00,0.0,0.0
2024-04-07 04:00:00,0.0,0.0
2024-04-07 05:00:00,0.0,0.0
2024-04-07 06:00:00,0.0,0.0
2024-04-07 07:00:00,0.0,0.0
2024-04-07 08:00:00,0.0,0.0
2024-04-07 09:00:00,0.0,0.0
2024-04-07 10:00:00,0.0820476477342602,0.0820476477342602
2024-04-07 11:00:00,0.38549392171530833,0.38549392171530833
2024-04-07 12:00:00,0.7046367639907928,0.7046367639907928
2024-04-07 13:00:00,0.9332394436995527,0.9332394436995527
2024-04-07 14:00:00,1.74475458987916,1.74475458987916
2024-04-07 15:00:00,1.9742791682324814,1.9742791682324814
2024-04-07 16:00:00,2.31333484574275,2.31333484574275
2024-04-07 17:00:00,2.3761914583151147,2.3761914583151147
2024-04-07 18:00:00,2.795545504890758,2.795545504890758
2024-04-07 19:00:00,2.011185088977372,2.011185088977372
2024-04-07 20:00:00,2.2146392659047733,2.2146392659047733
2024-04-07 21:00:00,2.5220909343741766,2.5220909343741766
2024-04-07 22:00:00,0.0,0.0
2024-04-07 23:00:00,0.0,0.0
2024-04-08 00:00:00,0.0,0.0
2024-04-08 01:00:00,0.0,0.0
2024-04-08 02:00:00,0.0,0.0
2024-04-08 03:00:00,0.0,0.0
2024-04-08 04:00:00,0.0,0.0
2024-04-08 05:00:00,0.0,0.0
2024-04-08 06:00:00,0.0,0.0
2024-04-08 07:00:00,0.0,0.0
2024-04-08 08:00:00,0.0,0.0
2024-04-08 09:00:00,0.0,0.0
2024-04-08 10:00:00,0.11889151846948856,0.11889151846948856
2024-04-08 11:00:00,0.4437729078172349,0.4437729078172349
2024-04-08 12:00:00,0.9745136205699698,0.9745136205699698
2024-04-08 13:00:00,1.2193433865194139,1.2193433865194139
2024-04-08 14:00:00,1.816000874077503,1.816000874077503
2024-04-08 15:00:00,2.4808902214899873,2.4808902214899873
2024-04-08 16:00:00,3.319786103578961,3.319786103578961
2024-04-08 17:00:00,3.785450721056584,3.785450721056584
2024-04-08 18:00:00,3.225885989283549,3.225885989283549
2024-04-08 19:00:00,3.155505441008128,3.155505441008128
2024-04-08 20:00:00,2.856230597529853,2.856230597529853
2024-04-08 21:00:00,2.832370746980631,2.832370746980631
2024-04-08 22:00:00,0.0,0.0
2024-04-08 23:00:00,0.0,0.0
2024-04-09 00:00:00,0.0,0.0
2024-04-09 01:00:00,0.0,0.0
2024-04-09 02:00:00,0.0,0.0
2024-04-09 03:00:00,0.0,0.0
2024-04-09 04:00:00,0.0,0.0
2024-04-09 05:00:00,0.0,0.0
2024-04-09 06:00:00,0.0,0.0
2024-04-09 07:00:00,0.0,0.0
2024-04-09 08:00:00,0.0,0.0
2024-04-09 09:00:00,0.0,0.0
2024-04-09 10:00:00,0.1255344719184109,0.1255344719184109
2024-04-09 11:00:00,0.46710328937738776,0.46710328937738776
2024-04-09 12:00:00,0.8991761750951226,0.8991761750951226
2024-04-09 13:00:00,1.577073425415843,1.577073425415843
2024-04-09 14:00:00,2.285481563095219,2.285481563095219
2024-04-09 15:00:00,2.4169351487244572,2.4169351487244572
2024-04-09 16:00:00,2.6994707974234196,2.6994707974234196
2024-04-09 17:00:00,3.872767709483933,3.872767709483933
2024-04-09 18:00:00,3.9465313521926024,3.9465313521926024
2024-04-09 19:00:00,3.1772811483565473,3.1772811483565473
2024-04-09 20:00:00,3.305547700051395,3.305547700051395
2024-04-09 21:00:00,3.1086510089225623,3.1086510089225623
2024-04-09 22:00:00,0.0,0.0
2024-04-09 23:00:00,0.0,0.0
2024-04-10 00:00:00,0.0,0.0
2024-04-10 01:00:00,0.0,0.0
2024-04-10 02:00:00,0.0,0.0
2024-04-10 03:00:00,0.0,0.0
2024-04-10 04:00:00,0.0,0.0
2024-04-10 05:00:00,0.0,0.0
2024-04-10 06:00:00,0.0,0.0
2024-04-10 07:00:00,0.0,0.0
2024-04-10 08:00:00,0.0,0.0
2024-04-10 09:00:00,0.0,0.0
2024-04-10 10:00:00,0.11466630490753188,0.11466630490753188
2024-04-10 11:00:00,0.481364780413353,0.481364780413353
2024-04-10 12:00:00,1.0893571597342218,1.0893571597342218
2024-04-10 13:00:00,1.73534516748914,1.73534516748914
2024-04-10 14:00:00,2.545393021122699,2.545393021122699
2024-04-10 15:00:00,3.1297216473773743,3.1297216473773743
2024-04-10 16:00:00,3.6665202183961627,3.6665202183961627
2024-04-10 17:00:00,4.150195851147465,4.150195851147465
2024-04-10 18:00:00,3.7383784675251315,3.7383784675251315
2024-04-10 19:00:00,3.1914078686316807,3.1914078686316807
2024-04-10 20:00:00,3.359968878092908,3.359968878092908
2024-04-10 21:00:00,3.724420366498685,3.724420366498685
2024-04-10 22:00:00,0.0,0.0
2024-04-10 23:00:00,0.0,0.0
2024-04-11 00:00:00,0.0,0.0
2024-04-11 01:00:00,0.0,0.0
2024-04-11 02:00:00,0.0,0.0
2024-04-11 03:00:00,0.0,0.0
2024-04-11 04:00:00,0.0,0.0
2024-04-11 05:00:00,0.0,0.0
2024-04-11 06:00:00,0.0,0.0
2024-04-11 07:00:00,0.0,0.0
2024-04-11 08:00:00,0.0,0.0
2024-04-11 09:00:00,0.0,0.0
2024-04-11 10:00:00,0.1320832883175004,0.1320832883175004
2024-04-11 11:00:00,0.4595607734958688,0.4595607734958688
2024-04-11 12:00:00,0.8987226416091905,0.8987226416091905
2024-04-11 13:00:00,1.6555892680295443,1.6555892680295443
2024-04-11 14:00:00,2.270500683723806,2.270500683723806
2024-04-11 15:00:00,2.7748697295400735,2.7748697295400735
2024-04-11 16:00:00,3.1309626007666953,3.1309626007666953
2024-04-11 17:00:00,3.8810591950518067,3.8810591950518067
2024-04-11 18:00:00,3.693645699460564,3.693645699460564
2024-04-11 19:00:00,2.9017108862084613,2.9017108862084613
2024-04-11 20:00:00,3.5874766673209018,3.5874766673209018
2024-04-11 21:00:00,3.460487164551118,3.460487164551118
2024-04-11 22:00:00,0.0,0.0
2024-04-11 23:00:00,0.0,0.0
2024-04-12 00:00:00,0.0,0.0
2024-04-12 01:00:00,0.0,0.0
2024-04-12 02:00:00,0.0,0.0
2024-04-12 03:00:00,0.0,0.0
2024-04-12 04:00:00,0.0,0.0
2024-04-12 05:00:00,0.0,0.0
2024-04-12 06:00:00,0.0,0.0
2024-04-12 07:00:00,0.0,0.0
2024-04-12 08:00:00,0.0,0.0
2024-04-12 09:00:00,0.0,0.0
2024-04-12 10:00:00,0.1292500545267283,0.1292500545267283
2024-04-12 11:00:00,0.5047730083825824,0.5047730083825824
2024-04-12 12:00:00,1.1032062404511764,1.1032062404511764
2024-04-12 13:00:00,1.4146147429348914,1.4146147429348914
2024-04-12 14:00:00,1.9839772406068517,1.9839772406068517
2024-04-12 15:00:00,2.4496679912478614,2.4496679912478614
2024-04-12 16:00:00,3.8062637353628457,3.8062637353628457
2024-04-12 17:00:00,3.4517476090193533,3.4517476090193533
2024-04-12 18:00:00,3.9372548779532828,3.9372548779532828
2024-04-12 19:00:00,3.604427776407535,3.604427776407535
2024-04-12 20:00:00,3.6341951784609003,3.6341951784609003
2024-04-12 21:00:00,2.874580097894219,2.874580097894219
2024-04-12 22:00:00,0.0,0.0
2024-04-12 23:00:00,0.0,0.0
2024-04-13 00:00:00,0.0,0.0
2024-04-13 01:00:00,0.0,0.0
2024-04-13 02:00:00,0.0,0.0
2024-04-13 03:00:00,0.0,0.0
2024-04-13 04:00:00,0.0,0.0
2024-04-13 05:00:00,0.0,0.0
2024-04-13 06:00:00,0.0,0.0
2024-04-13 07:00:00,0.0,0.0
2024-04-13 08:00:00,0.0,0.0
2024-04-13 09:00:00,0.0,0.0
2024-04-13 10:00:00,0.08062016669816795,0.08062016669816795
2024-04-13 11:00:00,0.3212327880306935,0.3212327880306935
2024-04-13 12:00:00,0.5948676945568145,0.5948676945568145
2024-04-13 13:00:00,1.0246769843555004,1.0246769843555004
2024-04-13 14:00:00,1.713494022389384,1.713494022389384
2024-04-13 15:00:00,1.8589617389007707,1.8589617389007707
2024-04-13 16:00:00,2.4634255528853495,2.4634255528853495
2024-04-13 17:00:00,2.393516600999013,2.393516600999013
2024-04-13 18:00:00,2.5129440428630385,2.5129440428630385
2024-04-13 19:00:00,2.311201351734431,2.311201351734431
2024-04-13 20:00:00,2.3519072935387015,2.3519072935387015
2024-04-13 21:00:00,2.115000564359663,2.115000564359663
2024-04-13 22:00:00,0.0,0.0
2024-04-13 23:00:00,0.0,0.0
2024-04-14 00:00:00,0.0,0.0
2024-04-14 01:00:00,0.0,0.0
2024-04-14 02:00:00,0.0,0.0
2024-04-14 03:00:00,0.0,0.0
2024-04-14 04:00:00,0.0,0.0
2024-04-14 05:00:00,0.0,0.0
2024-04-14 06:00:00,0.0,0.0
2024-04-14 07:00:00,0.0,0.0
2024-04-14 08:00:00,0.0,0.0
2024-04-14 09:00:00,0.0,0.0
2024-04-14 10:00:00,0.0766704685300367,0.0766704685300367
2024-04-14 11:00:00,0.3068144230110679,0.3068144230110679
2024-04-14 12:00:00,0.7371304178341456,0.7371304178341456
2024-04-14 13:00:00,1.0752523856398966,1.0752523856398966
2024-04-14 14:00:00,1.437644505688203,1.437644505688203
2024-04-14 15:00:00,1.9902309628157253,1.9902309628157253
2024-04-14 16:00:00,2.1722526734864727,2.1722526734864727
2024-04-14 17:00:00,2.37019736299812,2.37019736299812
2024-04-14 18:00:00,2.758473634013498,2.758473634013498
2024-04-14 19:00:00,2.310317008291182,2.310317008291182
2024-04-14 20:00:00,2.192260816944788,2.192260816944788
2024-04-14 21:00:00,2.2582985679026604,2.2582985679026604
2024-04-14 22:00:00,0.0,0.0
2024-04-14 23:00:00,0.0,0.0
2024-04-15 00:00:00,0.0,0.0
2024-04-15 01:00:00,0.0,0.0
2024-04-15 02:00:00,0.0,0.0
2024-04-15 03:00:00,0.0,0.0
2024-04-15 04:00:00,0.0,0.0
2024-04-15 05:00:00,0.0,0.0
2024-04-15 06:00:00,0.0,0.0
2024-04-15 07:00:00,0.0,0.0
2024-04-15 08:00:00,0.0,0.0
2024-04-15 09:00:00,0.0,0.0
2024-04-15 10:00:00,0.1215076224364296,0.1215076224364296
2024-04-15 11:00:00,0.5184257259461424,0.5184257259461424
2024-04-15 12:00:00,0.8311191919688661,0.8311191919688661
2024-04-15 13:00:00,1.4975365557731521,1.4975365557731521
2024-04-15 14:00:00,2.2907186164936078,2.2907186164936078
2024-04-15 15:00:00,2.3702986395015486,2.3702986395015486
2024-04-15 16:00:00,2.7981070379261155,2.7981070379261155
2024-04-15 17:00:00,3.6501240613626167,3.6501240613626167
2024-04-15 18:00:00,3.5907962963767077,3.5907962963767077
2024-04-15 19:00:00,3.3158224286682376,3.3158224286682376
2024-04-15 20:00:00,2.9018472109281084,2.9018472109281084
2024-04-15 21:00:00,2.9110931342626643,2.9110931342626643
2024-04-15 22:00:00,0.0,0.0
2024-04-15 23:00:00,0.0,0.0
2024-04-16 00:00:00,0.0,0.0
2024-04-16 01:00:00,0.0,0.0
2024-04-16 02:00:00,0.0,0.0
2024-04-16 03:00:00,0.0,0.0
2024-04-16 04:00:00,0.0,0.0
2024-04-16 05:00:00,0.0,0.0
2024-04-16 06:00:00,0.0,0.0
2024-04-16 07:00:00,0.0,0.0
2024-04-16 08:00:00,0.0,0.0
2024-04-16 09:00:00,0.0,0.0
2024-04-16 10:00:00,0.11886452952936784,0.11886452952936784
2024-04-16 11:00:00,0.532289973772895,0.532289973772895
2024-04-16 12:00:00,1.0285510288936945,1.0285510288936945
2024-04-16 13:00:00,1.7961126231236286,1.7961126231236286
2024-04-16 14:00:00,2.6977337259319776,2.6977337259319776
2024-04-16 15:00:00,3.022906907892796,3.022906907892796
2024-04-16 16:00:00,3.202310011923379,3.202310011923379
2024-04-16 17:00:00,3.774529874326019,3.774529874326019
2024-04-16 18:00:00,3.563371613910708,3.563371613910708
2024-04-16 19:00:00,4.113069565102694,4.113069565102694
2024-04-16 20:00:00,3.2003277576433207,3.2003277576433207
2024-04-16 21:00:00,4.166158296846819,4.166158296846819
2024-04-16 22:00:00,0.0,0.0
2024-04-16 23:00:00,0.0,0.0
2024-04-17 00:00:00,0.0,0.0
2024-04-17 01:00:00,0.0,0.0
2024-04-17 02:00:00,0.0,0.0
2024-04-17 03:00:00,0.0,0.0
2024-04-17 04:00:00,0.0,0.0
2024-04-17 05:00:00,0.0,0.0
2024-04-17 06:00:00,0.0,0.0
2024-04-17 07:00:00,0.0,0.0
2024-04-17 08:00:00,0.0,0.0
2024-04-17 09:00:00,0.0,0.0
2024-04-17 10:00:00,0.14303513531700704,0.14303513531700704
2024-04-17 11:00:00,0.5356424632642165,0.5356424632642165
2024-04-17 12:00:00,0.9298035098951953,0.9298035098951953
2024-04-17 13:00:00,1.6171345980694707,1.6171345980694707
2024-04-17 14:00:00,1.977327766070494,1.977327766070494
2024-04-17 15:00:00,2.551355156311629,2.551355156311629
2024-04-17 16:00:00,3.7321503231930118,3.7321503231930118
2024-04-17 17:00:00,3.385818343987299,3.385818343987299
2024-04-17 18:00:00,3.5793067716925715,3.5793067716925715
2024-04-17 19:00:00,2.8217845620065516,2.8217845620065516
2024-04-17 20:00:00,2.84876406290579,2.84876406290579
2024-04-17 21:00:00,3.0137160210204295,3.0137160210204295
2024-04-17 22:00:00,0.0,0.0
2024-04-17 23:00:00,0.0,0.0
2024-04-18 00:00:00,0.0,0.0
2024-04-18 01:00:00,0.0,0.0
2024-04-18 02:00:00,0.0,0.0
2024-04-18 03:00:00,0.0,0.0
2024-04-18 04:00:00,0.0,0.0
2024-04-18 05:00:00,0.0,0.0
2024-04-18 06:00:00,0.0,0.0
2024-04-18 07:00:00,0.0,0.0
2024-04-18 08:00:00,0.0,0.0
2024-04-18 09:00:00,0.0,0.0
2024-04-18 10:00:00,0.12299184636707855,0.12299184636707855
2024-04-18 11:00:00,0.5437841343700045,0.5437841343700045
2024-04-18 12:00:00,0.9226229324262389,0.9226229324262389
2024-04-18 13:00:00,1.6465417460777798,1.6465417460777798
2024-04-18 14:00:00,2.5577916002453183,2.5577916002453183
2024-04-18 15:00:00,3.0194648884343884,3.0194648884343884
2024-04-18 16:00:00,3.1991579958055354,3.1991579958055354
2024-04-18 17:00:00,3.9753343502619467,3.9753343502619467
2024-04-18 18:00:00,3.940278619198262,3.940278619198262
2024-04-18 19:00:00,3.8864962454167684,3.8864962454167684
2024-04-18 20:00:00,3.504296279708613,3.504296279708613
2024-04-18 21:00:00,3.487646747108597,3.487646747108597
2024-04-18 22:00:00,0.0,0.0
2024-04-18 23:00:00,0.0,0.0
2024-04-19 00:00:00,0.0,0.0
2024-04-19 01:00:00,0.0,0.0
2024-04-19 02:00:00,0.0,0.0
2024-04-19 03:00:00,0.0,0.0
2024-04-19 04:00:00,0.0,0.0
2024-04-19 05:00:00,0.0,0.0
2024-04-19 06:00:00,0.0,0.0
2024-04-19 07:00:00,0.0,0.0
2024-04-19 08:00:00,0.0,0.0
2024-04-19 09:00:00,0.0,0.0
2024-04-19 10:00:00,0.14743163372920837,0.14743163372920837
2024-04-19 11:00:00,0.4400660090805786,0.4400660090805786
2024-04-19 12:00:00,1.0243395800306212,1.0243395800306212
2024-04-19 13:00:00,1.542694561469408,1.542694561469408
2024-04-19 14:00:00,1.9956193726652978,1.9956193726652978
2024-04-19 15:00:00,2.460443825490106,2.460443825490106
2024-04-19 16:00:00,3.0619725522168038,3.0619725522168038
2024-04-19 17:00:00,3.312490800938351,3.312490800938351
2024-04-19 18:00:00,4.285126380895585,4.285126380895585
2024-04-19 19:00:00,3.8154788780601794,3.8154788780601794
2024-04-19 20:00:00,3.748099508619103,3.748099508619103
2024-04-19 21:00:00,3.9007057572672323,3.9007057572672323
2024-04-19 22:00:00,0.0,0.0
2024-04-19 23:00:00,0.0,0.0
2024-04-20 00:00:00,0.0,0.0
2024-04-20 01:00:00,0.0,0.0
2024-04-20 02:00:00,0.0,0.0
2024-04-20 03:00:00,0.0,0.0
2024-04-20 04:00:00,0.0,0.0
2024-04-20 05:00:00,0.0,0.0
2024-04-20 06:00:00,0.0,0.0
2024-04-20 07:00:00,0.0,0.0
2024-04-20 08:00:00,0.0,0.0
2024-04-20 09:00:00,0.0,0.0
2024-04-20 10:00:00,0.08766335420721436,0.08766335420721436
2024-04-20 11:00:00,0.3167853530379065,0.3167853530379065
2024-04-20 12:00:00,0.6474507367473622,0.6474507367473622
2024-04-20 13:00:00,1.0639636232557526,1.0639636232557526
2024-04-20 14:00:00,1.514890412452261,1.514890412452261
2024-04-20 15:00:00,2.0119544458425276,2.0119544458425276
2024-04-20 16:00:00,2.225249433805364,2.225249433805364
2024-04-20 17:00:00,2.8412112618238625,2.8412112618238625
2024-04-20 18:00:00,2.728406208191384,2.728406208191384
2024-04-20 19:00:00,2.446770282589408,2.446770282589408
2024-04-20 20:00:00,2.3670500009611013,2.3670500009611013
2024-04-20 21:00:00,2.294855540951367,2.294855540951367
2024-04-20 22:00:00,0.0,0.0
2024-04-20 23:00:00,0.0,0.0
2024-04-21 00:00:00,0.0,0.0
2024-04-21 01:00:00,0.0,0.0
2024-04-21 02:00:00,0.0,0.0
2024-04-21 03:00:00,0.0,0.0
2024-04-21 04:00:00,0.0,0.0
2024-04-21 05:00:00,0.0,0.0
2024-04-21 06:00:00,0.0,0.0
2024-04-21 07:00:00,0.0,0.0
2024-04-21 08:00:00,0.0,0.0
2024-04-21 09:00:00,0.0,0.0
2024-04-21 10:00:00,0.09539544520572696,0.09539544520572696
2024-04-21 11:00:00,0.2770559061267325,0.2770559061267325
2024-04-21 12:00:00,0.6459923074840355,0.6459923074840355
2024-04-21 13:00:00,0.903533513561658,0.903533513561658
2024-04-21 14:00:00,1.4502743378006024,1.4502743378006024
2024-04-21 15:00:00,1.5202616764340138,1.5202616764340138
2024-04-21 16:00:00,1.9247023318700105,1.9247023318700105
2024-04-21 17:00:00,2.6563082944288414,2.6563082944288414
2024-04-21 18:00:00,2.5867190074633966,2.5867190074633966
2024-04-21 19:00:00,1.9994608640639577,1.9994608640639577
2024-04-21 20:00:00,2.4591924469033035,2.4591924469033035
2024-04-21 21:00:00,2.3519032481919506,2.3519032481919506
2024-04-21 22:00:00,0.0,0.0
2024-04-21 23:00:00,0.0,0.0
2024-04-22 00:00:00,0.0,0.0
2024-04-22 01:00:00,0.0,0.0
2024-04-22 02:00:00,0.0,0.0
2024-04-22 03:00:00,0.0,0.0
2024-04-22 04:00:00,0.0,0.0
2024-04-22 05:00:00,0.0,0.0
2024-04-22 06:00:00,0.0,0.0
2024-04-22 07:00:00,0.0,0.0
2024-04-22 08:00:00,0.0,0.0
2024-04-22 09:00:00,0.0,0.0
2024-04-22 10:00:00,0.10389187716232658,0.10389187716232658
2024-04-22 11:00:00,0.44675434928430885,0.44675434928430885
2024-04-22 12:00:00,0.9825938268947019,0.9825938268947019
2024-04-22 13:00:00,1.6463159204722162,1.6463159204722162
2024-04-22 14:00:00,2.3538915707168413,2.3538915707168413
2024-04-22 15:00:00,2.2461773921001984,2.2461773921001984
2024-04-22 16:00:00,3.573105572524901,3.573105572524901
2024-04-22 17:00:00,3.9341776993380537,3.9341776993380537
2024-04-22 18:00:00,3.2059903497681534,3.2059903497681534
2024-04-22 19:00:00,3.542441154541324,3.542441154541324
2024-04-22 20:00:00,3.3412142100306266,3.3412142100306266
2024-04-22 21:00:00,3.454536302897215,3.454536302897215
2024-04-22 22:00:00,0.0,0.0
2024-04-22 23:00:00,0.0,0.0
2024-04-23 00:00:00,0.0,0.0
2024-04-23 01:00:00,0.0,0.0
2024-04-23 02:00:00,0.0,0.0
2024-04-23 03:00:00,0.0,0.0
2024-04-23 04:00:00,0.0,0.0
2024-04-23 05:00:00,0.0,0.0
2024-04-23 06:00:00,0.0,0.0
2024-04-23 07:00:00,0.0,0.0
2024-04-23 08:00:00,0.0,0.0
2024-04-23 09:00:00,0.0,0.0
2024-04-23 10:00:00,0.12673883926209928,0.12673883926209928
2024-04-23 11:00:00,0.5319105886174508,0.5319105886174508
2024-04-23 12:00:00,1.046243151695677,1.046243151695677
2024-04-23 13:00:00,1.7410136469677377,1.7410136469677377
2024-04-23 14:00:00,2.5395173958818833,2.5395173958818833
2024-04-23 15:00:00,2.8023321192575783,2.8023321192575783
2024-04-23 16:00:00,3.026217271344052,3.026217271344052
2024-04-23 17:00:00,3.5542343410733217,3.5542343410733217
2024-04-23 18:00:00,3.7179310906540888,3.7179310906540888
2024-04-23 19:00:00,3.5707114711197336,3.5707114711197336
2024-04-23 20:00:00,3.7758651661148592,3.7758651661148592
2024-04-23 21:00:00,4.006769528537276,4.006769528537276
2024-04-23 22:00:00,0.0,0.0
2024-04-23 23:00:00,0.0,0.0
2024-04-24 00:00:00,0.0,0.0
2024-04-24 01:00:00,0.0,0.0
2024-04-24 02:00:00,0.0,0.0
2024-04-24 03:00:00,0.0,0.0
2024-04-24 04:00:00,0.0,0.0
2024-04-24 05:00:00,0.0,0.0
2024-04-24 06:00:00,0.0,0.0
2024-04-24 07:00:00,0.0,0.0
2024-04-24 08:00:00,0.0,0.0
2024-04-24 09:00:00,0.0,0.0
2024-04-24 10:00:00,0.14782671956749968,0.14782671956749968
2024-04-24 11:00:00,0.5690099630104423,0.5690099630104423
2024-04-24 12:00:00,1.0157957552312384,1.0157957552312384
2024-04-24 13:00:00,1.4670553282862704,1.4670553282862704
2024-04-24 14:00:00,2.0004794153772787,2.0004794153772787
2024-04-24 15:00:00,2.3169631220135383,2.3169631220135383
2024-04-24 16:00:00,3.303565857151317,3.303565857151317
2024-04-24 17:00:00,4.140491673554451,4.140491673554451
2024-04-24 18:00:00,4.279961936650333,4.279961936650333
2024-04-24 19:00:00,3.0022780032129357,3.0022780032129357
2024-04-24 20:00:00,3.3426839920164952,3.3426839920164952
2024-04-24 21:00:00,3.4046445208354124,3.4046445208354124
2024-04-24 22:00:00,0.0,0.0
2024-04-24 23:00:00,0.0,0.0
2024-04-25 00:00:00,0.0,0.0
2024-04-25 01:00:00,0.0,0.0
2024-04-25 02:00:00,0.0,0.0
2024-04-25 03:00:00,0.0,0.0
2024-04-25 04:00:00,0.0,0.0
2024-04-25 05:00:00,0.0,0.0
2024-04-25 06:00:00,0.0,0.0
2024-04-25 07:00:00,0.0,0.0
2024-04-25 08:00:00,0.0,0.0
2024-04-25 09:00:00,0.0,0.0
2024-04-25 10:00:00,0.13632214715765914,0.13632214715765914
2024-04-25 11:00:00,0.5999877482032003,0.5999877482032003
2024-04-25 12:00:00,0.9713242258290885,0.9713242258290885
2024-04-25 13:00:00,1.64918501667788,1.64918501667788
2024-04-25 14:00:00,2.1983463964974717,2.1983463964974717
2024-04-25 15:00:00,2.7015022263789183,2.7015022263789183
2024-04-25 16:00:00,4.002132115526197,4.002132115526197
2024-04-25 17:00:00,4.305125855048339,4.305125855048339
2024-04-25 18:00:00,4.136973056550086,4.136973056550086
2024-04-25 19:00:00,3.1367236010267976,3.1367236010267976
2024-04-25 20:00:00,3.9277869126673175,3.9277869126673175
2024-04-25 21:00:00,3.3862736196849172,3.3862736196849172
2024-04-25 22:00:00,0.0,0.0
2024-04-25 23:00:00,0.0,0.0
2024-04-26 00:00:00,0.0,0.0
2024-04-26 01:00:00,0.0,0.0
2024-04-26 02:00:00,0.0,0.0
2024-04-26 03:00:00,0.0,0.0
2024-04-26 04:00:00,0.0,0.0
2024-04-26 05:00:00,0.0,0.0
2024-04-26 06:00:00,0.0,0.0
2024-04-26 07:00:00,0.0,0.0
2024-04-26 08:00:00,0.0,0.0
2024-04-26 09:00:00,0.0,0.0
2024-04-26 10:00:00,0.11244271867334493,0.11244271867334493
2024-04-26 11:00:00,0.49041155287118077,0.49041155287118077
2024-04-26 12:00:00,0.8900269952746669,0.8900269952746669
2024-04-26 13:00:00,1.294472309439807,1.294472309439807
2024-04-26 14:00:00,2.150212475568871,2.150212475568871
2024-04-26 15:00:00,2.665033673967391,2.665033673967391
2024-04-26 16:00:00,3.5665056854217063,3.5665056854217063
2024-04-26 17:00:00,3.672208170155092,3.672208170155092
2024-04-26 18:00:00,4.218407579020962,4.218407579020962
2024-04-26 19:00:00,2.987246734521362,2.987246734521362
2024-04-26 20:00:00,3.302915444741777,3.302915444741777
2024-04-26 21:00:00,3.0889592755239685,3.0889592755239685
2024-04-26 22:00:00,0.0,0.0
2024-04-26 23:00:00,0.0,0.0
2024-04-27 00:00:00,0.0,0.0
2024-04-27 01:00:00,0.0,0.0
2024-04-27 02:00:00,0.0,0.0
2024-04-27 03:00:00,0.0,0.0
2024-04-27 04:00:00,0.0,0.0
2024-04-27 05:00:00,0.0,0.0
2024-04-27 06:00:00,0.0,0.0
2024-04-27 07:00:00,0.0,0.0
2024-04-27 08:00:00,0.0,0.0
2024-04-27 09:00:00,0.0,0.0
2024-04-27 10:00:00,0.10179808481852853,0.10179808481852853
2024-04-27 11:00:00,0.36194833266932164,0.36194833266932164
2024-04-27 12:00:00,0.7603578670541852,0.7603578670541852
2024-04-27 13:00:00,0.9585676921431219,0.9585676921431219
2024-04-27 14:00:00,1.9265057800291125,1.9265057800291125
2024-04-27 15:00:00,1.7768075622291364,1.7768075622291364
2024-04-27 16:00:00,2.354847642376423,2.354847642376423
2024-04-27 17:00:00,3.153058816747821,3.153058816747821
2024-04-27 18:00:00,2.944831472895639,2.944831472895639
2024-04-27 19:00:00,2.447835027887681,2.447835027887681
2024-04-27 20:00:00,2.7101061932102812,2.7101061932102812
2024-04-27 21:00:00,2.1526132066266537,2.1526132066266537
2024-04-27 22:00:00,0.0,0.0
2024-04-27 23:00:00,0.0,0.0
2024-04-28 00:00:00,0.0,0.0
2024-04-28 01:00:00,0.0,0.0
2024-04-28 02:00:00,0.0,0.0
2024-04-28 03:00:00,0.0,0.0
2024-04-28 04:00:00,0.0,0.0
2024-04-28 05:00:00,0.0,0.0
2024-04-28 06:00:00,0.0,0.0
2024-04-28 07:00:00,0.0,0.0
2024-04-28 08:00:00,0.0,0.0
2024-04-28 09:00:00,0.0,0.0
2024-04-28 10:00:00,0.0946747028341289,0.0946747028341289
2024-04-28 11:00:00,0.35644005578322724,0.35644005578322724
2024-04-28 12:00:00,0.7128436653418688,0.7128436653418688
2024-04-28 13:00:00,1.0449767419607026,1.0449767419607026
2024-04-28 14:00:00,1.7360549513601786,1.7360549513601786
2024-04-28 15:00:00,1.8386639218071652,1.8386639218071652
2024-04-28 16:00:00,2.171192855052888,2.171192855052888
2024-04-28 17:00:00,2.2904764872758756,2.2904764872758756
2024-04-28 18:00:00,2.7297783484732916,2.7297783484732916
2024-04-28 19:00:00,2.1263191756538933,2.1263191756538933
2024-04-28 20:00:00,2.4090722236420086,2.4090722236420086
2024-04-28 21:00:00,2.572959515967183,2.572959515967183
2024-04-28 22:00:00,0.0,0.0
2024-04-28 23:00:00,0.0,0.0
2024-04-29 00:00:00,0.0,0.0
2024-04-29 01:00:00,0.0,0.0
2024-04-29 02:00:00,0.0,0.0
2024-04-29 03:00:00,0.0,0.0
2024-04-29 04:00:00,0.0,0.0
2024-04-29 05:00:00,0.0,0.0
2024-04-29 06:00:00,0.0,0.0
2024-04-29 07:00:00,0.0,0.0
2024-04-29 08:00:00,0.0,0.0
2024-04-29 09:00:00,0.0,0.0
2024-04-29 10:00:00,0.1008782324965319,0.1008782324965319
2024-04-29 11:00:00,0.44245367832057214,0.44245367832057214
2024-04-29 12:00:00,0.9595036927772477,0.9595036927772477
2024-04-29 13:00:00,1.5152325826084097,1.5152325826084097
2024-04-29 14:00:00,2.0843060764153445,2.0843060764153445
2024-04-29 15:00:00,2.5253768949680815,2.5253768949680815
2024-04-29 16:00:00,3.3466495258748803,3.3466495258748803
2024-04-29 17:00:00,3.8864366634838663,3.8864366634838663
2024-04-29 18:00:00,3.5901188080736377,3.5901188080736377
2024-04-29 19:00:00,3.228847024356975,3.228847024356975
2024-04-29 20:00:00,2.6910002920737757,2.6910002920737757
2024-04-29 21:00:00,3.0289370205378856,3.0289370205378856
2024-04-29 22:00:00,0.0,0.0
2024-04-29 23:00:00,0.0,0.0
2024-04-30 00:00:00,0.0,0.0
2024-04-30 01:00:00,0.0,0.0
2024-04-30 02:00:00,0.0,0.0
2024-04-30 03:00:00,0.0,0.0
2024-04-30 04:00:00,0.0,0.0
2024-04-30 05:00:00,0.0,0.0
2024-04-30 06:00:00,0.0,0.0
2024-04-30 07:00:00,0.0,0.0
2024-04-30 08:00:00,0.0,0.0
2024-04-30 09:00:00,0.0,0.0
2024-04-30 10:00:00,0.13715732816824586,0.13715732816824586
2024-04-30 11:00:00,0.468037871377045,0.468037871377045
2024-04-30 12:00:00,0.926740417165402,0.926740417165402
2024-04-30 13:00:00,1.278932485267486,1.278932485267486
2024-04-30 14:00:00,2.015960324007575,2.015960324007575
2024-04-30 15:00:00,2.662504702499364,2.662504702499364
2024-04-30 16:00:00,2.8515068639735217,2.8515068639735217
2024-04-30 17:00:00,4.059972902626824,4.059972902626824
2024-04-30 18:00:00,3.2581128237310093,3.2581128237310093
2024-04-30 19:00:00,2.7566025985300837,2.7566025985300837
2024-04-30 20:00:00,2.900692467808451,2.900692467808451
2024-04-30 21:00:00,2.76342931738679,2.76342931738679
2024-04-30 22:00:00,0.0,0.0
2024-04-30 23:00:00,0.0,0.0
2024-05-01 00:00:00,0.0,0.0
2024-05-01 01:00:00,0.0,0.0
2024-05-01 02:00:00,0.0,0.0
2024-05-01 03:00:00,0.0,0.0
2024-05-01 04:00:00,0.0,0.0
2024-05-01 05:00:00,0.0,0.0
2024-05-01 06:00:00,0.0,0.0
2024-05-01 07:00:00,0.0,0.0
2024-05-01 08:00:00,0.0,0.0
2024-05-01 09:00:00,0.0,0.0
2024-05-01 10:00:00,0.11491914133136434,0.11491914133136434
2024-05-01 11:00:00,0.4024614340059883,0.4024614340059883
2024-05-01 12:00:00,0.8569882817851635,0.8569882817851635
2024-05-01 13:00:00,1.5553369777760362,1.5553369777760362
2024-05-01 14:00:00,2.1221963494156966,2.1221963494156966
2024-05-01 15:00:00,2.569233302255145,2.569233302255145
2024-05-01 16:00:00,2.848001103882339,2.848001103882339
2024-05-01 17:00:00,3.1326776307745368,3.1326776307745368
2024-05-01 18:00:00,3.2569650042646643,3.2569650042646643
2024-05-01 19:00:00,3.106042920654086,3.106042920654086
2024-05-01 20:00:00,3.4639274559419473,3.4639274559419473
2024-05-01 21:00:00,3.433546641835735,3.433546641835735
2024-05-01 22:00:00,0.0,0.0
2024-05-01 23:00:00,0.0,0.0
2024-05-02 00:00:00,0.0,0.0
2024-05-02 01:00:00,0.0,0.0
2024-05-02 02:00:00,0.0,0.0
2024-05-02 03:00:00,0.0,0.0
2024-05-02 04:00:00,0.0,0.0
2024-05-02 05:00:00,0.0,0.0
2024-05-02 06:00:00,0.0,0.0
2024-05-02 07:00:00,0.0,0.0
2024-05-02 08:00:00,0.0,0.0
2024-05-02 09:00:00,0.0,0.0
2024-05-02 10:00:00,0.13652641641777008,0.13652641641777008
2024-05-02 11:00:00,0.4267033336748785,0.4267033336748785
2024-05-02 12:00:00,0.9825859960421495,0.9825859960421495
2024-05-02 13:00:00,1.615445368241741,1.615445368241741
2024-05-02 14:00:00,2.207992564466165,2.207992564466165
2024-05-02 15:00:00,2.493415900383426,2.493415900383426
2024-05-02 16:00:00,2.795286828637252,2.795286828637252
2024-05-02 17:00:00,3.7889086516150288,3.7889086516150288
2024-05-02 18:00:00,3.9167817985361255,3.9167817985361255
2024-05-02 19:00:00,3.5358442661796086,3.5358442661796086
2024-05-02 20:00:00,2.818570353540883,2.818570353540883
2024-05-02 21:00:00,3.5354776185855634,3.5354776185855634
2024-05-02 22:00:00,0.0,0.0
2024-05-02 23:00:00,0.0,0.0
2024-05-03 00:00:00,0.0,0.0
2024-05-03 01:00:00,0.0,0.0
2024-05-03 02:00:00,0.0,0.0
2024-05-03 03:00:00,0.0,0.0
2024-05-03 04:00:00,0.0,0.0
2024-05-03 05:00:00,0.0,0.0
2024-05-03 06:00:00,0.0,0.0
2024-05-03 07:00:00,0.0,0.0
2024-05-03 08:00:00,0.0,0.0
2024-05-03 09:00:00,0.0,0.0
2024-05-03 10:00:00,0.13116433216949117,0.13116433216949117
2024-05-03 11:00:00,0.39459484617898943,0.39459484617898943
2024-05-03 12:00:00,0.8953023775959723,0.8953023775959723
2024-05-03 13:00:00,1.4222347120769463,1.4222347120769463
2024-05-03 14:00:00,2.238792903530653,2.238792903530653
2024-05-03 15:00:00,2.613417930346767,2.613417930346767
2024-05-03 16:00:00,3.4654743654287152,3.4654743654287152
2024-05-03 17:00:00,3.280672934800088,3.280672934800088
2024-05-03 18:00:00,3.0792934036769584,3.0792934036769584
2024-05-03 19:00:00,2.7984705175631905,2.7984705175631905
2024-05-03 20:00:00,3.499957904683967,3.499957904683967
2024-05-03 21:00:00,3.182530114494099,3.182530114494099
2024-05-03 22:00:00,0.0,0.0
2024-05-03 23:00:00,0.0,0.0
2024-05-04 00:00:00,0.0,0.0
2024-05-04 01:00:00,0.0,0.0
2024-05-04 02:00:00,0.0,0.0
2024-05-04 03:00:00,0.0,0.0
2024-05-04 04:00:00,0.0,0.0
2024-05-04 05:00:00,0.0,0.0
2024-05-04 06:00:00,0.0,0.0
2024-05-04 07:00:00,0.0,0.0
2024-05-04 08:00:00,0.0,0.0
2024-05-04 09:00:00,0.0,0.0
2024-05-04 10:00:00,0.08629632009680492,0.08629632009680492
2024-05-04 11:00:00,0.39292912513959205,0.39292912513959205
2024-05-04 12:00:00,0.6819899450324316,0.6819899450324316
2024-05-04 13:00:00,1.0294575746227543,1.0294575746227543
2024-05-04 14:00:00,1.6088332089566173,1.6088332089566173
2024-05-04 15:00:00,1.9990819820003898,1.9990819820003898
2024-05-04 16:00:00,2.63736666916751,2.63736666916751
2024-05-04 17:00:00,3.029345242538503,3.029345242538503
2024-05-04 18:00:00,2.6034042419646424,2.6034042419646424
2024-05-04 19:00:00,2.2895458023779804,2.2895458023779804
2024-05-04 20:00:00,2.2031478346062587,2.2031478346062587
2024-05-04 21:00:00,2.551572478428624,2.551572478428624
2024-05-04 22:00:00,0.0,0.0
2024-05-04 23:00:00,0.0,0.0
2024-05-05 00:00:00,0.0,0.0
2024-05-05 01:00:00,0.0,0.0
2024-05-05 02:00:00,0.0,0.0
2024-05-05 03:00:00,0.0,0.0
2024-05-05 04:00:00,0.0,0.0
2024-05-05 05:00:00,0.0,0.0
2024-05-05 06:00:00,0.0,0.0
2024-05-05 07:00:00,0.0,0.0
2024-05-05 08:00:00,0.0,0.0
2024-05-05 09:00:00,0.0,0.0
2024-05-05 10:00:00,0.08574052526679865,0.08574052526679865
2024-05-05 11:00:00,0.379869109846358,0.379869109846358
2024-05-05 12:00:00,0.7623502473583196,0.7623502473583196
2024-05-05 13:00:00,1.0911036293744398,1.0911036293744398
2024-05-05 14:00:00,1.6839316152300872,1.6839316152300872
2024-05-05 15:00:00,2.022817948843806,2.022817948843806
2024-05-05 16:00:00,2.4988150617001477,2.4988150617001477
2024-05-05 17:00:00,2.399221606549173,2.399221606549173
2024-05-05 18:00:00,2.591688010348218,2.591688010348218
2024-05-05 19:00:00,2.055204363415878,2.055204363415878
2024-05-05 20:00:00,2.5122624163017253,2.5122624163017253
2024-05-05 21:00:00,2.4391230803611603,2.4391230803611603
2024-05-05 22:00:00,0.0,0.0
2024-05-05 23:00:00,0.0,0.0
2024-05-06 00:00:00,0.0,0.0
2024-05-06 01:00:00,0.0,0.0
2024-05-06 02:00:00,0.0,0.0
2024-05-06 03:00:00,0.0,0.0
2024-05-06 04:00:00,0.0,0.0
2024-05-06 05:00:00,0.0,0.0
2024-05-06 06:00:00,0.0,0.0
2024-05-06 07:00:00,0.0,0.0
2024-05-06 08:00:00,0.0,0.0
2024-05-06 09:00:00,0.0,0.0
2024-05-06 10:00:00,0.11740868967518842,0.11740868967518842
2024-05-06 11:00:00,0.42616611145471306,0.42616611145471306
2024-05-06 12:00:00,0.9775738606128258,0.9775738606128258
2024-05-06 13:00:00,1.721818651456339,1.721818651456339
2024-05-06 14:00:00,2.398086659485793,2.398086659485793
2024-05-06 15:00:00,2.6212619786458764,2.6212619786458764
2024-05-06 16:00:00,3.637816817457011,3.637816817457011
2024-05-06 17:00:00,3.789842111875836,3.789842111875836
2024-05-06 18:00:00,3.6494326204274707,3.6494326204274707
2024-05-06 19:00:00,3.4034741920477565,3.4034741920477565
2024-05-06 20:00:00,3.293722953282515,3.293722953282515
2024-05-06 21:00:00,3.4702936286955435,3.4702936286955435
2024-05-06 22:00:00,0.0,0.0
2024-05-06 23:00:00,0.0,0.0
2024-05-07 00:00:00,0.0,0.0
2024-05-07 01:00:00,0.0,0.0
2024-05-07 02:00:00,0.0,0.0
2024-05-07 03:00:00,0.0,0.0
2024-05-07 04:00:00,0.0,0.0
2024-05-07 05:00:00,0.0,0.0
2024-05-07 06:00:00,0.0,0.0
2024-05-07 07:00:00,0.0,0.0
2024-05-07 08:00:00,0.0,0.0
2024-05-07 09:00:00,0.0,0.0
2024-05-07 10:00:00,0.13221923593396687,0.13221923593396687
2024-05-07 11:00:00,0.49458962357220093,0.49458962357220093
2024-05-07 12:00:00,0.9680008613603466,0.9680008613603466
2024-05-07 13:00:00,1.4803414939359958,1.4803414939359958
2024-05-07 14:00:00,2.1769204787430456,2.1769204787430456
2024-05-07 15:00:00,2.9034605695806928,2.9034605695806928
2024-05-07 16:00:00,3.706154047229277,3.706154047229277
2024-05-07 17:00:00,3.9531344042268497,3.9531344042268497
2024-05-07 18:00:00,3.395832329157667,3.395832329157667
2024-05-07 19:00:00,3.6132155245374467,3.6132155245374467
2024-05-07 20:00:00,3.52805153417223,3.52805153417223
2024-05-07 21:00:00,2.8973811260465845,2.8973811260465845
2024-05-07 22:00:00,0.0,0.0
2024-05-07 23:00:00,0.0,0.0
2024-05-08 00:00:00,0.0,0.0
2024-05-08 01:00:00,0.0,0.0
2024-05-08 02:00:00,0.0,0.0
2024-05-08 03:00:00,0.0,0.0
2024-05-08 04:00:00,0.0,0.0
2024-05-08 05:00:00,0.0,0.0
2024-05-08 06:00:00,0.0,0.0
2024-05-08 07:00:00,0.0,0.0
2024-05-08 08:00:00,0.0,0.0
2024-05-08 09:00:00,0.0,0.0
2024-05-08 10:00:00,0.13339193811255567,0.13339193811255567
2024-05-08 11:00:00,0.4880086246469755,0.4880086246469755
2024-05-08 12:00:00,0.932719012600567,0.932719012600567
2024-05-08 13:00:00,1.7551597084065467,1.7551597084065467
2024-05-08 14:00:00,2.7251722887324092,2.7251722887324092
2024-05-08 15:00:00,2.644073502154402,2.644073502154402
2024-05-08 16:00:00,3.330888866977286,3.330888866977286
2024-05-08 17:00:00,3.4200169552364033,3.4200169552364033
2024-05-08 18:00:00,3.9949456145942435,3.9949456145942435
2024-05-08 19:00:00,2.9343713866860046,2.9343713866860046
2024-05-08 20:00:00,3.4222624809703777,3.4222624809703777
2024-05-08 21:00:00,3.1130991146054114,3.1130991146054114
2024-05-08 22:00:00,0.0,0.0
2024-05-08 23:00:00,0.0,0.0
2024-05-09 00:00:00,0.0,0.0
2024-05-09 01:00:00,0.0,0.0
2024-05-09 02:00:00,0.0,0.0
2024-05-09 03:00:00,0.0,0.0
2024-05-09 04:00:00,0.0,0.0
2024-05-09 05:00:00,0.0,0.0
2024-05-09 06:00:00,0.0,0.0
2024-05-09 07:00:00,0.0,0.0
2024-05-09 08:00:00,0.0,0.0
2024-05-09 09:00:00,0.0,0.0
2024-05-09 10:00:00,0.1245197812550804,0.1245197812550804
2024-05-09 11:00:00,0.5006244658269683,0.5006244658269683
2024-05-09 12:00:00,0.875123122266457,0.875123122266457
2024-05-09 13:00:00,1.285910359956399,1.285910359956399
2024-05-09 14:00:00,1.8697800891147116,1.8697800891147116
2024-05-09 15:00:00,2.746394337120865,2.746394337120865
2024-05-09 16:00:00,2.815580585080471,2.815580585080471
2024-05-09 17:00:00,3.8411644903422535,3.8411644903422535
2024-05-09 18:00:00,3.064327204946305,3.064327204946305
2024-05-09 19:00:00,2.5670101967413155,2.5670101967413155
2024-05-09 20:00:00,2.7573671359940524,2.7573671359940524
2024-05-09 21:00:00,3.042368704880026,3.042368704880026
2024-05-09 22:00:00,0.0,0.0
2024-05-09 23:00:00,0.0,0.0
2024-05-10 00:00:00,0.0,0.0
2024-05-10 01:00:00,0.0,0.0
2024-05-10 02:00:00,0.0,0.0
2024-05-10 03:00:00,0.0,0.0
2024-05-10 04:00:00,0.0,0.0
2024-05-10 05:00:00,0.0,0.0
2024-05-10 06:00:00,0.0,0.0
2024-05-10 07:00:00,0.0,0.0
2024-05-10 08:00:00,0.0,0.0
2024-05-10 09:00:00,0.0,0.0
2024-05-10 10:00:00,0.12569421659007304,0.12569421659007304
2024-05-10 11:00:00,0.42005183680962105,0.42005183680962105
2024-05-10 12:00:00,0.908257208556692,0.908257208556692
2024-05-10 13:00:00,1.7443388139999343,1.7443388139999343
2024-05-10 14:00:00,2.608162575029338,2.608162575029338
2024-05-10 15:00:00,2.3086847191492255,2.3086847191492255
2024-05-10 16:00:00,3.8518354971983317,3.8518354971983317
2024-05-10 17:00:00,4.0887781666422205,4.0887781666422205
2024-05-10 18:00:00,3.1669152565648404,3.1669152565648404
2024-05-10 19:00:00,3.7084334746629817,3.7084334746629817
2024-05-10 20:00:00,3.7614452287364166,3.7614452287364166
2024-05-10 21:00:00,3.4816333701731055,3.4816333701731055
2024-05-10 22:00:00,0.0,0.0
2024-05-10 23:00:00,0.0,0.0
2024-05-11 00:00:00,0.0,0.0
2024-05-11 01:00:00,0.0,0.0
2024-05-11 02:00:00,0.0,0.0
2024-05-11 03:00:00,0.0,0.0
2024-05-11 04:00:00,0.0,0.0
2024-05-11 05:00:00,0.0,0.0
2024-05-11 06:00:00,0.0,0.0
2024-05-11 07:00:00,0.0,0.0
2024-05-11 08:00:00,0.0,0.0
2024-05-11 09:00:00,0.0,0.0
2024-05-11 10:00:00,0.08251024771068691,0.08251024771068691
2024-05-11 11:00:00,0.3869895623448001,0.3869895623448001
2024-05-11 12:00:00,0.7132594101047186,0.7132594101047186
2024-05-11 13:00:00,1.0347610493310169,1.0347610493310169
2024-05-11 14:00:00,1.7325646183025598,1.7325646183025598
2024-05-11 15:00:00,1.707529666060679,1.707529666060679
2024-05-11 16:00:00,2.0709291051219405,2.0709291051219405
2024-05-11 17:00:00,2.3088929283435804,2.3088929283435804
2024-05-11 18:00:00,2.6737260082593663,2.6737260082593663
2024-05-11 19:00:00,2.5822233423592773,2.5822233423592773
2024-05-11 20:00:00,2.123837795939594,2.123837795939594
2024-05-11 21:00:00,2.532861275312708,2.532861275312708
2024-05-11 22:00:00,0.0,0.0
2024-05-11 23:00:00,0.0,0.0
2024-05-12 00:00:00,0.0,0.0
2024-05-12 01:00:00,0.0,0.0
2024-05-12 02:00:00,0.0,0.0
2024-05-12 03:00:00,0.0,0.0
2024-05-12 04:00:00,0.0,0.0
2024-05-12 05:00:00,0.0,0.0
2024-05-12 06:00:00,0.0,0.0
2024-05-12 07:00:00,0.0,0.0
2024-05-12 08:00:00,0.0,0.0
2024-05-12 09:00:00,0.0,0.0
2024-05-12 10:00:00,0.0799726061390267,0.0799726061390267
2024-05-12 11:00:00,0.3728524917532363,0.3728524917532363
2024-05-12 12:00:00,0.6784342850260198,0.6784342850260198
2024-05-12 13:00:00,1.2201247219251063,1.2201247219251063
2024-05-12 14:00:00,1.6162924006005444,1.6162924006005444
2024-05-12 15:00:00,2.0742310103067965,2.0742310103067965
2024-05-12 16:00:00,2.1225567444681883,2.1225567444681883
2024-05-12 17:00:00,2.386262767929199,2.386262767929199
2024-05-12 18:00:00,2.4593982553567084,2.4593982553567084
2024-05-12 19:00:00,2.122398724606658,2.122398724606658
2024-05-12 20:00:00,2.678293381750523,2.678293381750523
2024-05-12 21:00:00,2.596301583524641,2.596301583524641
2024-05-12 22:00:00,0.0,0.0
2024-05-12 23:00:00,0.0,0.0
2024-05-13 00:00:00,0.0,0.0
2024-05-13 01:00:00,0.0,0.0
2024-05-13 02:00:00,0.0,0.0
2024-05-13 03:00:00,0.0,0.0
2024-05-13 04:00:00,0.0,0.0
2024-05-13 05:00:00,0.0,0.0
2024-05-13 06:00:00,0.0,0.0
2024-05-13 07:00:00,0.0,0.0
2024-05-13 08:00:00,0.0,0.0
2024-05-13 09:00:00,0.0,0.0
2024-05-13 10:00:00,0.12103380668041891,0.12103380668041891
2024-05-13 11:00:00,0.5128682785530158,0.5128682785530158
2024-05-13 12:00:00,0.9803860224609893,0.9803860224609893
2024-05-13 13:00:00,1.3245252641474425,1.3245252641474425
2024-05-13 14:00:00,2.008617786104448,2.008617786104448
2024-05-13 15:00:00,2.8238276502370288,2.8238276502370288
2024-05-13 16:00:00,3.5978582213855432,3.5978582213855432
2024-05-13 17:00:00,3.3112944609401134,3.3112944609401134
2024-05-13 18:00:00,4.041766286084203,4.041766286084203
2024-05-13 19:00:00,3.1389620787259624,3.1389620787259624
2024-05-13 20:00:00,2.8701215401801754,2.8701215401801754
2024-05-13 21:00:00,3.1775992345415602,3.1775992345415602
2024-05-13 22:00:00,0.0,0.0
2024-05-13 23:00:00,0.0,0.0
2024-05-14 00:00:00,0.0,0.0
2024-05-14 01:00:00,0.0,0.0
2024-05-14 02:00:00,0.0,0.0
2024-05-14 03:00:00,0.0,0.0
2024-05-14 04:00:00,0.0,0.0
2024-05-14 05:00:00,0.0,0.0
2024-05-14 06:00:00,0.0,0.0
2024-05-14 07:00:00,0.0,0.0
2024-05-14 08:00:00,0.0,0.0
2024-05-14 09:00:00,0.0,0.0
2024-05-14 10:00:00,0.12306160710607753,0.12306160710607753
2024-05-14 11:00:00,0.5077282715797413,0.5077282715797413
2024-05-14 12:00:00,0.8503077374274275,0.8503077374274275
2024-05-14 13:00:00,1.4325812846848291,1.4325812846848291
2024-05-14 14:00:00,2.063375042778002,2.063375042778002
2024-05-14 15:00:00,2.3142224461674608,2.3142224461674608
2024-05-14 16:00:00,3.597654979113012,3.597654979113012
2024-05-14 17:00:00,3.3010947949791127,3.3010947949791127
2024-05-14 18:00:00,3.3168109269095725,3.3168109269095725
2024-05-14 19:00:00,3.127407955875343,3.127407955875343
2024-05-14 20:00:00,3.0604334492708647,3.0604334492708647
2024-05-14 21:00:00,3.7267461973710256,3.7267461973710256
2024-05-14 22:00:00,0.0,0.0
2024-05-14 23:00:00,0.0,0.0
2024-05-15 00:00:00,0.0,0.0
2024-05-15 01:00:00,0.0,0.0
2024-05-15 02:00:00,0.0,0.0
2024-05-15 03:00:00,0.0,0.0
2024-05-15 04:00:00,0.0,0.0
2024-05-15 05:00:00,0.0,0.0
2024-05-15 06:00:00,0.0,0.0
2024-05-15 07:00:00,0.0,0.0
2024-05-15 08:00:00,0.0,0.0
2024-05-15 09:00:00,0.0,0.0
2024-05-15 10:00:00,0.12856198342724956,0.12856198342724956
2024-05-15 11:00:00,0.4182275569562605,0.4182275569562605
2024-05-15 12:00:00,0.7873498269900974,0.7873498269900974
2024-05-15 13:00:00,1.4816810942676195,1.4816810942676195
2024-05-15 14:00:00,1.9694074396889212,1.9694074396889212
2024-05-15 15:00:00,2.8018123606989174,2.8018123606989174
2024-05-15 16:00:00,3.545782322897783,3.545782322897783
2024-05-15 17:00:00,3.088098295808715,3.088098295808715
2024-05-15 18:00:00,3.1507611742216373,3.1507611742216373
2024-05-15 19:00:00,2.8071986324971103,2.8071986324971103
2024-05-15 20:00:00,3.459800730988059,3.459800730988059
2024-05-15 21:00:00,2.7281877645529677,2.7281877645529677
2024-05-15 22:00:00,0.0,0.0
2024-05-15 23:00:00,0.0,0.0
2024-05-16 00:00:00,0.0,0.0
2024-05-16 01:00:00,0.0,0.0
2024-05-16 02:00:00,0.0,0.0
2024-05-16 03:00:00,0.0,0.0
2024-05-16 04:00:00,0.0,0.0
2024-05-16 05:00:00,0.0,0.0
2024-05-16 06:00:00,0.0,0.0
2024-05-16 07:00:00,0.0,0.0
2024-05-16 08:00:00,0.0,0.0
2024-05-16 09:00:00,0.0,0.0
2024-05-16 10:00:00,0.11672836477222992,0.11672836477222992
2024-05-16 11:00:00,0.5454750908309809,0.5454750908309809
2024-05-16 12:00:00,1.1101070216392563,1.1101070216392563
2024-05-16 13:00:00,1.59120121591449,1.59120121591449
2024-05-16 14:00:00,2.655070474419757,2.655070474419757
2024-05-16 15:00:00,2.6181898770562584,2.6181898770562584
2024-05-16 16:00:00,3.5950963798160447,3.5950963798160447
2024-05-16 17:00:00,3.2307037778201626,3.2307037778201626
2024-05-16 18:00:00,3.496263684305089,3.496263684305089
2024-05-16 19:00:00,3.3898039677226457,3.3898039677226457
2024-05-16 20:00:00,3.7049548412459417,3.7049548412459417
2024-05-16 21:00:00,3.8358196565861165,3.8358196565861165
2024-05-16 22:00:00,0.0,0.0
2024-05-16 23:00:00,0.0,0.0
2024-05-17 00:00:00,0.0,0.0
2024-05-17 01:00:00,0.0,0.0
2024-05-17 02:00:00,0.0,0.0
2024-05-17 03:00:00,0.0,0.0
2024-05-17 04:00:00,0.0,0.0
2024-05-17 05:00:00,0.0,0.0
2024-05-17 06:00:00,0.0,0.0
2024-05-17 07:00:00,0.0,0.0
2024-05-17 08:00:00,0.0,0.0
2024-05-17 09:00:00,0.0,0.0
2024-05-17 10:00:00,0.13644950276304002,0.13644950276304002
2024-05-17 11:00:00,0.5329932185051258,0.5329932185051258
2024-05-17 12:00:00,1.0248273930165221,1.0248273930165221
2024-05-17 13:00:00,1.8187051847700169,1.8187051847700169
2024-05-17 14:00:00,2.659113538888785,2.659113538888785
2024-05-17 15:00:00,3.0171335164739554,3.0171335164739554
2024-05-17 16:00:00,3.3561623792003488,3.3561623792003488
2024-05-17 17:00:00,3.931605500209118,3.931605500209118
2024-05-17 18:00:00,4.335336852272945,4.335336852272945
2024-05-17 19:00:00,3.919074861661742,3.919074861661742
2024-05-17 20:00:00,3.9896510333240807,3.9896510333240807
2024-05-17 21:00:00,3.768642813256942,3.768642813256942
2024-05-17 22:00:00,0.0,0.0
2024-05-17 23:00:00,0.0,0.0
2024-05-18 00:00:00,0.0,0.0
2024-05-18 01:00:00,0.0,0.0
2024-05-18 02:00:00,0.0,0.0
2024-05-18 03:00:00,0.0,0.0
2024-05-18 04:00:00,0.0,0.0
2024-05-18 05:00:00,0.0,0.0
2024-05-18 06:00:00,0.0,0.0
2024-05-18 07:00:00,0.0,0.0
2024-05-18 08:00:00,0.0,0.0
2024-05-18 09:00:00,0.0,0.0
2024-05-18 10:00:00,0.09316202903935716,0.09316202903935716
2024-05-18 11:00:00,0.3073504219157313,0.3073504219157313
2024-05-18 12:00:00,0.7831697489537046,0.7831697489537046
2024-05-18 13:00:00,1.252181519418508,1.252181519418508
2024-05-18 14:00:00,1.7996639980135585,1.7996639980135585
2024-05-18 15:00:00,1.6513913530913085,1.6513913530913085
2024-05-18 16:00:00,2.6056722351688006,2.6056722351688006
2024-05-18 17:00:00,2.5151340546972887,2.5151340546972887
2024-05-18 18:00:00,3.0458684094460327,3.0458684094460327
2024-05-18 19:00:00,2.060567461835116,2.060567461835116
2024-05-18 20:00:00,2.0846686560166443,2.0846686560166443
2024-05-18 21:00:00,2.178818209651725,2.178818209651725
2024-05-18 22:00:00,0.0,0.0
2024-05-18 23:00:00,0.0,0.0
2024-05-19 00:00:00,0.0,0.0
2024-05-19 01:00:00,0.0,0.0
2024-05-19 02:00:00,0.0,0.0
2024-05-19 03:00:00,0.0,0.0
2024-05-19 04:00:00,0.0,0.0
2024-05-19 05:00:00,0.0,0.0
2024-05-19 06:00:00,0.0,0.0
2024-05-19 07:00:00,0.0,0.0
2024-05-19 08:00:00,0.0,0.0
2024-05-19 09:00:00,0.0,0.0
2024-05-19 10:00:00,0.0911445306172152,0.0911445306172152
2024-05-19 11:00:00,0.3425934401921791,0.3425934401921791
2024-05-19 12:00:00,0.755960041332457,0.755960041332457
2024-05-19 13:00:00,1.0133673382546056,1.0133673382546056
2024-05-19 14:00:00,1.5232988317144422,1.5232988317144422
2024-05-19 15:00:00,1.809456670326932,1.809456670326932
2024-05-19 16:00:00,2.397843902717492,2.397843902717492
2024-05-19 17:00:00,2.4584249685718333,2.4584249685718333
2024-05-19 18:00:00,2.8133956892500978,2.8133956892500978
2024-05-19 19:00:00,2.2437284189978155,2.2437284189978155
2024-05-19 20:00:00,2.3115201564834797,2.3115201564834797
2024-05-19 21:00:00,2.44251229390982,2.44251229390982
2024-05-19 22:00:00,0.0,0.0
2024-05-19 23:00:00,0.0,0.0
2024-05-20 00:00:00,0.0,0.0
2024-05-20 01:00:00,0.0,0.0
2024-05-20 02:00:00,0.0,0.0
2024-05-20 03:00:00,0.0,0.0
2024-05-20 04:00:00,0.0,0.0
2024-05-20 05:00:00,0.0,0.0
2024-05-20 06:00:00,0.0,0.0
2024-05-20 07:00:00,0.0,0.0
2024-05-20 08:00:00,0.0,0.0
2024-05-20 09:00:00,0.0,0.0
2024-05-20 10:00:00,0.14667824195738013,0.14667824195738013
2024-05-20 11:00:00,0.4291491327686798,0.4291491327686798
2024-05-20 12:00:00,1.1184488763535807,1.1184488763535807
2024-05-20 13:00:00,1.66039122343911,1.66039122343911
2024-05-20 14:00:00,2.5575309304448712,2.5575309304448712
2024-05-20 15:00:00,2.6300503735117022,2.6300503735117022
2024-05-20 16:00:00,3.242592122251173,3.242592122251173
2024-05-20 17:00:00,3.282524199031768,3.282524199031768
2024-05-20 18:00:00,4.132148842271039,4.132148842271039
2024-05-20 19:00:00,3.0295046209554735,3.0295046209554735
2024-05-20 20:00:00,3.1002556100410583,3.1002556100410583
2024-05-20 21:00:00,3.1963263199201073,3.1963263199201073
2024-05-20 22:00:00,0.0,0.0
2024-05-20 23:00:00,0.0,0.0
2024-05-21 00:00:00,0.0,0.0
2024-05-21 01:00:00,0.0,0.0
2024-05-21 02:00:00,0.0,0.0
2024-05-21 03:00:00,0.0,0.0
2024-05-21 04:00:00,0.0,0.0
2024-05-21 05:00:00,0.0,0.0
2024-05-21 06:00:00,0.0,0.0
2024-05-21 07:00:00,0.0,0.0
2024-05-21 08:00:00,0.0,0.0
2024-05-21 09:00:00,0.0,0.0
2024-05-21 10:00:00,0.12128030405550023,0.12128030405550023
2024-05-21 11:00:00,0.5097965742773173,0.5097965742773173
2024-05-21 12:00:00,0.8306032213209993,0.8306032213209993
2024-05-21 13:00:00,1.7061611403392396,1.7061611403392396
2024-05-21 14:00:00,2.4889204988783744,2.4889204988783744
2024-05-21 15:00:00,2.478288723883918,2.478288723883918
2024-05-21 16:00:00,3.1858803530084936,3.1858803530084936
2024-05-21 17:00:00,4.181136099416515,4.181136099416515
2024-05-21 18:00:00,4.109206077331712,4.109206077331712
2024-05-21 19:00:00,3.1178913079083372,3.1178913079083372
2024-05-21 20:00:00,2.8004659560352234,2.8004659560352234
2024-05-21 21:00:00,3.7519206507322433,3.7519206507322433
2024-05-21 22:00:00,0.0,0.0
2024-05-21 23:00:00,0.0,0.0
2024-05-22 00:00:00,0.0,0.0
2024-05-22 01:00:00,0.0,0.0
2024-05-22 02:00:00,0.0,0.0
2024-05-22 03:00:00,0.0,0.0
2024-05-22 04:00:00,0.0,0.0
2024-05-22 05:00:00,0.0,0.0
2024-05-22 06:00:00,0.0,0.0
2024-05-22 07:00:00,0.0,0.0
2024-05-22 08:00:00,0.0,0.0
2024-05-22 09:00:00,0.0,0.0
2024-05-22 10:00:00,0.11426230121093275,0.11426230121093275
2024-05-22 11:00:00,0.4332636796161194,0.4332636796161194
2024-05-22 12:00:00,0.9395535892819664,0.9395535892819664
2024-05-22 13:00:00,1.2757302220280833,1.2757302220280833
2024-05-22 14:00:00,2.2452630816645054,2.2452630816645054
2024-05-22 15:00:00,2.444191741482699,2.444191741482699
2024-05-22 16:00:00,3.0453226899112575,3.0453226899112575
2024-05-22 17:00:00,3.229691060031015,3.229691060031015
2024-05-22 18:00:00,3.5177646151519237,3.5177646151519237
2024-05-22 19:00:00,2.689221443694473,2.689221443694473
2024-05-22 20:00:00,3.2283702611015332,3.2283702611015332
2024-05-22 21:00:00,2.968326356776516,2.968326356776516
2024-05-22 22:00:00,0.0,0.0
2024-05-22 23:00:00,0.0,0.0
2024-05-23 00:00:00,0.0,0.0
2024-05-23 01:00:00,0.0,0.0
2024-05-23 02:00:00,0.0,0.0
2024-05-23 03:00:00,0.0,0.0
2024-05-23 04:00:00,0.0,0.0
2024-05-23 05:00:00,0.0,0.0
2024-05-23 06:00:00,0.0,0.0
2024-05-23 07:00:00,0.0,0.0
2024-05-23 08:00:00,0.0,0.0
2024-05-23 09:00:00,0.0,0.0
2024-05-23 10:00:00,0.12025457187556335,0.12025457187556335
2024-05-23 11:00:00,0.5329809455367177,0.5329809455367177
2024-05-23 12:00:00,1.0673137742463916,1.0673137742463916
2024-05-23 13:00:00,1.744378612217178,1.744378612217178
2024-05-23 14:00:00,2.5599092744932133,2.5599092744932133
2024-05-23 15:00:00,2.5501116186225197,2.5501116186225197
2024-05-23 16:00:00,3.0699563200857707,3.0699563200857707
2024-05-23 17:00:00,3.806344912944246,3.806344912944246
2024-05-23 18:00:00,3.745469516921162,3.745469516921162
2024-05-23 19:00:00,3.7302420098528013,3.7302420098528013
2024-05-23 20:00:00,3.637228174277761,3.637228174277761
2024-05-23 21:00:00,3.9004013630912207,3.9004013630912207
2024-05-23 22:00:00,0.0,0.0
2024-05-23 23:00:00,0.0,0.0
2024-05-24 00:00:00,0.0,0.0
2024-05-24 01:00:00,0.0,0.0
2024-05-24 02:00:00,0.0,0.0
2024-05-24 03:00:00,0.0,0.0
2024-05-24 04:00:00,0.0,0.0
2024-05-24 05:00:00,0.0,0.0
2024-05-24 06:00:00,0.0,0.0
2024-05-24 07:00:00,0.0,0.0
2024-05-24 08:00:00,0.0,0.0
2024-05-24 09:00:00,0.0,0.0
2024-05-24 10:00:00,0.12722514700162899,0.12722514700162899
2024-05-24 11:00:00,0.5028212683055052,0.5028212683055052
2024-05-24 12:00:00,0.9745003486155457,0.9745003486155457
2024-05-24 13:00:00,1.6213858554948766,1.6213858554948766
2024-05-24 14:00:00,2.2139571963056484,2.2139571963056484
2024-05-24 15:00:00,2.420857594659465,2.420857594659465
2024-05-24 16:00:00,3.32648464602599,3.32648464602599
2024-05-24 17:00:00,3.5525762292053416,3.5525762292053416
2024-05-24 18:00:00,3.3057957797533257,3.3057957797533257
2024-05-24 19:00:00,3.2441112824663842,3.2441112824663842
2024-05-24 20:00:00,2.984605483256699,2.984605483256699
2024-05-24 21:00:00,3.2953870889275176,3.2953870889275176
2024-05-24 22:00:00,0.0,0.0
2024-05-24 23:00:00,0.0,0.0
2024-05-25 00:00:00,0.0,0.0
2024-05-25 01:00:00,0.0,0.0
2024-05-25 02:00:00,0.0,0.0
2024-05-25 03:00:00,0.0,0.0
2024-05-25 04:00:00,0.0,0.0
2024-05-25 05:00:00,0.0,0.0
2024-05-25 06:00:00,0.0,0.0
2024-05-25 07:00:00,0.0,0.0
2024-05-25 08:00:00,0.0,0.0
2024-05-25 09:00:00,0.0,0.0
2024-05-25 10:00:00,0.09019742724421677,0.09019742724421677
2024-05-25 11:00:00,0.31040120185507475,0.31040120185507475
2024-05-25 12:00:00,0.6478772801128146,0.6478772801128146
2024-05-25 13:00:00,1.1282973304461004,1.1282973304461004
2024-05-25 14:00:00,1.439113540903286,1.439113540903286
2024-05-25 15:00:00,1.7461451392367309,1.7461451392367309
2024-05-25 16:00:00,2.361245778893737,2.361245778893737
2024-05-25 17:00:00,2.841879084000899,2.841879084000899
2024-05-25 18:00:00,2.4403572518539596,2.4403572518539596
2024-05-25 19:00:00,2.458278172177925,2.458278172177925
2024-05-25 20:00:00,2.5263778814534046,2.5263778814534046
2024-05-25 21:00:00,2.6360886031865105,2.6360886031865105
2024-05-25 22:00:00,0.0,0.0
2024-05-25 23:00:00,0.0,0.0
2024-05-26 00:00:00,0.0,0.0
2024-05-26 01:00:00,0.0,0.0
2024-05-26 02:00:00,0.0,0.0
2024-05-26 03:00:00,0.0,0.0
2024-05-26 04:00:00,0.0,0.0
2024-05-26 05:00:00,0.0,0.0
2024-05-26 06:00:00,0.0,0.0
2024-05-26 07:00:00,0.0,0.0
2024-05-26 08:00:00,0.0,0.0
2024-05-26 09:00:00,0.0,0.0
2024-05-26 10:00:00,0.08161739233882467,0.08161739233882467
2024-05-26 11:00:00,0.32534085916903016,0.32534085916903016
2024-05-26 12:00:00,0.6647408652385032,0.6647408652385032
2024-05-26 13:00:00,0.9818839189314792,0.9818839189314792
2024-05-26 14:00:00,1.6934500686626484,1.6934500686626484
2024-05-26 15:00:00,2.1533337815373943,2.1533337815373943
2024-05-26 16:00:00,2.129950594815069,2.129950594815069
2024-05-26 17:00:00,3.0478915646115508,3.0478915646115508
2024-05-26 18:00:00,3.118592547759302,3.118592547759302
2024-05-26 19:00:00,2.1954879724976624,2.1954879724976624
2024-05-26 20:00:00,2.103094329976092,2.103094329976092
2024-05-26 21:00:00,2.4753483697271026,2.4753483697271026
2024-05-26 22:00:00,0.0,0.0
2024-05-26 23:00:00,0.0,0.0
2024-05-27 00:00:00,0.0,0.0
2024-05-27 01:00:00,0.0,0.0
2024-05-27 02:00:00,0.0,0.0
2024-05-27 03:00:00,0.0,0.0
2024-05-27 04:00:00,0.0,0.0
2024-05-27 05:00:00,0.0,0.0
2024-05-27 06:00:00,0.0,0.0
2024-05-27 07:00:00,0.0,0.0
2024-05-27 08:00:00,0.0,0.0
2024-05-27 09:00:00,0.0,0.0
2024-05-27 10:00:00,0.10507823553066853,0.10507823553066853
2024-05-27 11:00:00,0.4673866148105319,0.4673866148105319
2024-05-27 12:00:00,0.7577229170881824,0.7577229170881824
2024-05-27 13:00:00,1.2595215854602886,1.2595215854602886
2024-05-27 14:00:00,1.9437934945250395,1.9437934945250395
2024-05-27 15:00:00,2.680680278820729,2.680680278820729
2024-05-27 16:00:00,3.4038767148423563,3.4038767148423563
2024-05-27 17:00:00,3.147011718412454,3.147011718412454
2024-05-27 18:00:00,3.320185576451546,3.320185576451546
2024-05-27 19:00:00,3.39390741073826,3.39390741073826
2024-05-27 20:00:00,3.118559362060172,3.118559362060172
2024-05-27 21:00:00,2.6240881278754133,2.6240881278754133
2024-05-27 22:00:00,0.0,0.0
2024-05-27 23:00:00,0.0,0.0
2024-05-28 00:00:00,0.0,0.0
2024-05-28 01:00:00,0.0,0.0
2024-05-28 02:00:00,0.0,0.0
2024-05-28 03:00:00,0.0,0.0
2024-05-28 04:00:00,0.0,0.0
2024-05-28 05:00:00,0.0,0.0
2024-05-28 06:00:00,0.0,0.0
2024-05-28 07:00:00,0.0,0.0
2024-05-28 08:00:00,0.0,0.0
2024-05-28 09:00:00,0.0,0.0
2024-05-28 10:00:00,0.11614711156816027,0.11614711156816027
2024-05-28 11:00:00,0.49353291549510336,0.49353291549510336
2024-05-28 12:00:00,0.9523024163185534,0.9523024163185534
2024-05-28 13:00:00,1.4000567925170173,1.4000567925170173
2024-05-28 14:00:00,2.2260005324612684,2.2260005324612684
2024-05-28 15:00:00,2.700243682521998,2.700243682521998
2024-05-28 16:00:00,3.3765912070891475,3.3765912070891475
2024-05-28 17:00:00,3.861723998071711,3.861723998071711
2024-05-28 18:00:00,3.91998106932535,3.91998106932535
2024-05-28 19:00:00,3.3688456794680506,3.3688456794680506
2024-05-28 20:00:00,2.8464912560922953,2.8464912560922953
2024-05-28 21:00:00,3.5256007793333897,3.5256007793333897
2024-05-28 22:00:00,0.0,0.0
2024-05-28 23:00:00,0.0,0.0
2024-05-29 00:00:00,0.0,0.0
2024-05-29 01:00:00,0.0,0.0
2024-05-29 02:00:00,0.0,0.0
2024-05-29 03:00:00,0.0,0.0
2024-05-29 04:00:00,0.0,0.0
2024-05-29 05:00:00,0.0,0.0
2024-05-29 06:00:00,0.0,0.0
2024-05-29 07:00:00,0.0,0.0
2024-05-29 08:00:00,0.0,0.0
2024-05-29 09:00:00,0.0,0.0
2024-05-29 10:00:00,0.12247303113715387,0.12247303113715387
2024-05-29 11:00:00,0.5997710348715161,0.5997710348715161
2024-05-29 12:00:00,1.1221537701385462,1.1221537701385462
2024-05-29 13:00:00,1.8596387936443937,1.8596387936443937
2024-05-29 14:00:00,2.446867703203795,2.446867703203795
2024-05-29 15:00:00,2.928984260032696,2.928984260032696
2024-05-29 16:00:00,3.1455372307664007,3.1455372307664007
2024-05-29 17:00:00,4.049911264757424,4.049911264757424
2024-05-29 18:00:00,4.1613920140907235,4.1613920140907235
2024-05-29 19:00:00,3.1605285453056133,3.1605285453056133
2024-05-29 20:00:00,4.116399308982574,4.116399308982574
2024-05-29 21:00:00,3.1059561646648475,3.1059561646648475
2024-05-29 22:00:00,0.0,0.0
2024-05-29 23:00:00,0.0,0.0
2024-05-30 00:00:00,0.0,0.0
2024-05-30 01:00:00,0.0,0.0
2024-05-30 02:00:00,0.0,0.0
2024-05-30 03:00:00,0.0,0.0
2024-05-30 04:00:00,0.0,0.0
2024-05-30 05:00:00,0.0,0.0
2024-05-30 06:00:00,0.0,0.0
2024-05-30 07:00:00,0.0,0.0
2024-05-30 08:00:00,0.0,0.0
2024-05-30 09:00:00,0.0,0.0
2024-05-30 10:00:00,0.10806376365890698,0.10806376365890698
2024-05-30 11:00:00,0.5484093673018617,0.5484093673018617
2024-05-30 12:00:00,0.8893641386139323,0.8893641386139323
2024-05-30 13:00:00,1.541086389189545,1.541086389189545
2024-05-30 14:00:00,1.9568546904844082,1.9568546904844082
2024-05-30 15:00:00,2.3257942243530656,2.3257942243530656
2024-05-30 16:00:00,3.0056272463022875,3.0056272463022875
2024-05-30 17:00:00,3.2910024050562785,3.2910024050562785
2024-05-30 18:00:00,3.721186936446172,3.721186936446172
2024-05-30 19:00:00,3.16724190966602,3.16724190966602
2024-05-30 20:00:00,3.5698227487832153,3.5698227487832153
2024-05-30 21:00:00,2.9382910337180483,2.9382910337180483
2024-05-30 22:00:00,0.0,0.0
2024-05-30 23:00:00,0.0,0.0
2024-05-31 00:00:00,0.0,0.0
2024-05-31 01:00:00,0.0,0.0
2024-05-31 02:00:00,0.0,0.0
2024-05-31 03:00:00,0.0,0.0
2024-05-31 04:00:00,0.0,0.0
2024-05-31 05:00:00,0.0,0.0
2024-05-31 06:00:00,0.0,0.0
2024-05-31 07:00:00,0.0,0.0
2024-05-31 08:00:00,0.0,0.0
2024-05-31 09:00:00,0.0,0.0
2024-05-31 10:00:00,0.1157747362280221,0.1157747362280221
2024-05-31 11:00:00,0.5258691980603358,0.5258691980603358
2024-05-31 12:00:00,0.7958456527177696,0.7958456527177696
2024-05-31 13:00:00,1.2359160754439433,1.2359160754439433
2024-05-31 14:00:00,2.3784051887735917,2.3784051887735917
2024-05-31 15:00:00,2.3284437242556257,2.3284437242556257
2024-05-31 16:00:00,2.858054308130857,2.858054308130857
2024-05-31 17:00:00,3.9213607497044616,3.9213607497044616
2024-05-31 18:00:00,3.524579289782834,3.524579289782834
2024-05-31 19:00:00,3.2011516374586493,3.2011516374586493
2024-05-31 20:00:00,2.6416474946451913,2.6416474946451913
2024-05-31 21:00:00,2.9177218264094305,2.9177218264094305
2024-05-31 22:00:00,0.0,0.0
2024-05-31 23:00:00,0.0,0.0
2024-06-01 00:00:00,0.0,0.0
2024-06-01 01:00:00,0.0,0.0
2024-06-01 02:00:00,0.0,0.0
2024-06-01 03:00:00,0.0,0.0
2024-06-01 04:00:00,0.0,0.0
2024-06-01 05:00:00,0.0,0.0
2024-06-01 06:00:00,0.0,0.0
2024-06-01 07:00:00,0.0,0.0
2024-06-01 08:00:00,0.0,0.0
2024-06-01 09:00:00,0.0,0.0
2024-06-01 10:00:00,0.07541907506771875,0.07541907506771875
2024-06-01 11:00:00,0.33817512989512816,0.33817512989512816
2024-06-01 12:00:00,0.6905020517646132,0.6905020517646132
2024-06-01 13:00:00,1.099606621721495,1.099606621721495
2024-06-01 14:00:00,1.6167315472473356,1.6167315472473356
2024-06-01 15:00:00,1.7729065828539625,1.7729065828539625
2024-06-01 16:00:00,2.289246451257019,2.289246451257019
2024-06-01 17:00:00,2.9251601083108834,2.9251601083108834
2024-06-01 18:00:00,2.4097952073245588,2.4097952073245588
2024-06-01 19:00:00,2.4435096949843143,2.4435096949843143
2024-06-01 20:00:00,2.328026275175986,2.328026275175986
2024-06-01 21:00:00,2.2489668776049676,2.2489668776049676
2024-06-01 22:00:00,0.0,0.0
2024-06-01 23:00:00,0.0,0.0
2024-06-02 00:00:00,0.0,0.0
2024-06-02 01:00:00,0.0,0.0
2024-06-02 02:00:00,0.0,0.0
2024-06-02 03:00:00,0.0,0.0
2024-06-02 04:00:00,0.0,0.0
2024-06-02 05:00:00,0.0,0.0
2024-06-02 06:00:00,0.0,0.0
2024-06-02 07:00:00,0.0,0.0
2024-06-02 08:00:00,0.0,0.0
2024-06-02 09:00:00,0.0,0.0
2024-06-02 10:00:00,0.09669184715487911,0.09669184715487911
2024-06-02 11:00:00,0.38779247253566984,0.38779247253566984
2024-06-02 12:00:00,0.7243749551517686,0.7243749551517686
2024-06-02 13:00:00,1.1403255896039735,1.1403255896039735
2024-06-02 14:00:00,1.8633048313442124,1.8633048313442124
2024-06-02 15:00:00,1.7940838906779497,1.7940838906779497
2024-06-02 16:00:00,2.5783024545612605,2.5783024545612605
2024-06-02 17:00:00,3.045646836474594,3.045646836474594
2024-06-02 18:00:00,3.0452866901780538,3.0452866901780538
2024-06-02 19:00:00,2.3467640204314546,2.3467640204314546
2024-06-02 20:00:00,2.6468861536551467,2.6468861536551467
2024-06-02 21:00:00,2.427939694676729,2.427939694676729
2024-06-02 22:00:00,0.0,0.0
2024-06-02 23:00:00,0.0,0.0
2024-06-03 00:00:00,0.0,0.0
2024-06-03 01:00:00,0.0,0.0
2024-06-03 02:00:00,0.0,0.0
2024-06-03 03:00:00,0.0,0.0
2024-06-03 04:00:00,0.0,0.0
2024-06-03 05:00:00,0.0,0.0
2024-06-03 06:00:00,0.0,0.0
2024-06-03 07:00:00,0.0,0.0
2024-06-03 08:00:00,0.0,0.0
2024-06-03 09:00:00,0.0,0.0
2024-06-03 10:00:00,0.12426508157549915,0.12426508157549915
2024-06-03 11:00:00,0.44454226583231543,0.44454226583231543
2024-06-03 12:00:00,0.9974181843685349,0.9974181843685349
2024-06-03 13:00:00,1.4706557860554181,1.4706557860554181
2024-06-03 14:00:00,2.5916645182028413,2.5916645182028413
2024-06-03 15:00:00,2.363247693833501,2.363247693833501
2024-06-03 16:00:00,2.8853666472601667,2.8853666472601667
2024-06-03 17:00:00,3.5251727031145563,3.5251727031145563
2024-06-03 18:00:00,3.341568738899575,3.341568738899575
2024-06-03 19:00:00,3.7160410661842733,3.7160410661842733
2024-06-03 20:00:00,3.300864517944897,3.300864517944897
2024-06-03 21:00:00,3.1516796994882292,3.1516796994882292
2024-06-03 22:00:00,0.0,0.0
2024-06-03 23:00:00,0.0,0.0
2024-06-04 00:00:00,0.0,0.0
2024-06-04 01:00:00,0.0,0.0
2024-06-04 02:00:00,0.0,0.0
2024-06-04 03:00:00,0.0,0.0
2024-06-04 04:00:00,0.0,0.0
2024-06-04 05:00:00,0.0,0.0
2024-06-04 06:00:00,0.0,0.0
2024-06-04 07:00:00,0.0,0.0
2024-06-04 08:00:00,0.0,0.0
2024-06-04 09:00:00,0.0,0.0
2024-06-04 10:00:00,0.11454316120523696,0.11454316120523696
2024-06-04 11:00:00,0.44903525104556086,0.44903525104556086
2024-06-04 12:00:00,0.8609555086879859,0.8609555086879859
2024-06-04 13:00:00,1.4152815039488427,1.4152815039488427
2024-06-04 14:00:00,2.320569159318117,2.320569159318117
2024-06-04 15:00:00,2.413545964004445,2.413545964004445
2024-06-04 16:00:00,3.5629145112954923,3.5629145112954923
2024-06-04 17:00:00,3.2120642837818743,3.2120642837818743
2024-06-04 18:00:00,3.4214600465163567,3.4214600465163567
2024-06-04 19:00:00,3.173244367660229,3.173244367660229
2024-06-04 20:00:00,3.1247473405221307,3.1247473405221307
2024-06-04 21:00:00,3.548231184005907,3.548231184005907
2024-06-04 22:00:00,0.0,0.0
2024-06-04 23:00:00,0.0,0.0
2024-06-05 00:00:00,0.0,0.0
2024-06-05 01:00:00,0.0,0.0
2024-06-05 02:00:00,0.0,0.0
2024-06-05 03:00:00,0.0,0.0
2024-06-05 04:00:00,0.0,0.0
2024-06-05 05:00:00,0.0,0.0
2024-06-05 06:00:00,0.0,0.0
2024-06-05 07:00:00,0.0,0.0
2024-06-05 08:00:00,0.0,0.0
2024-06-05 09:00:00,0.0,0.0
2024-06-05 10:00:00,0.11948373741716592,0.11948373741716592
2024-06-05 11:00:00,0.46503480081806486,0.46503480081806486
2024-06-05 12:00:00,1.055277203292833,1.055277203292833
2024-06-05 13:00:00,1.729507999212244,1.729507999212244
2024-06-05 14:00:00,2.3279283602847296,2.3279283602847296
2024-06-05 15:00:00,3.0042199834914456,3.0042199834914456
2024-06-05 16:00:00,3.280847146008837,3.280847146008837
2024-06-05 17:00:00,3.6777764461504825,3.6777764461504825
2024-06-05 18:00:00,3.9692172937997543,3.9692172937997543
2024-06-05 19:00:00,2.882969232157728,2.882969232157728
2024-06-05 20:00:00,2.976537700761458,2.976537700761458
2024-06-05 21:00:00,3.6177853580484705,3.6177853580484705
2024-06-05 22:00:00,0.0,0.0
2024-06-05 23:00:00,0.0,0.0
2024-06-06 00:00:00,0.0,0.0
2024-06-06 01:00:00,0.0,0.0
2024-06-06 02:00:00,0.0,0.0
2024-06-06 03:00:00,0.0,0.0
2024-06-06 04:00:00,0.0,0.0
2024-06-06 05:00:00,0.0,0.0
2024-06-06 06:00:00,0.0,0.0
2024-06-06 07:00:00,0.0,0.0
2024-06-06 08:00:00,0.0,0.0
2024-06-06 09:00:00,0.0,0.0
2024-06-06 10:00:00,0.12683559598539218,0.12683559598539218
2024-06-06 11:00:00,0.42577064409166526,0.42577064409166526
2024-06-06 12:00:00,0.9146240891264279,0.9146240891264279
2024-06-06 13:00:00,1.3850453166406476,1.3850453166406476
2024-06-06 14:00:00,1.9166378690705166,1.9166378690705166
2024-06-06 15:00:00,2.665864569242332,2.665864569242332
2024-06-06 16:00:00,2.9102188094600834,2.9102188094600834
2024-06-06 17:00:00,3.3857016957448063,3.3857016957448063
2024-06-06 18:00:00,3.012946607990012,3.012946607990012
2024-06-06 19:00:00,3.1255459170939712,3.1255459170939712
2024-06-06 20:00:00,3.268815635859749,3.268815635859749
2024-06-06 21:00:00,2.967171788043275,2.967171788043275
2024-06-06 22:00:00,0.0,0.0
2024-06-06 23:00:00,0.0,0.0
2024-06-07 00:00:00,0.0,0.0
2024-06-07 01:00:00,0.0,0.0
2024-06-07 02:00:00,0.0,0.0
2024-06-07 03:00:00,0.0,0.0
2024-06-07 04:00:00,0.0,0.0
2024-06-07 05:00:00,0.0,0.0
2024-06-07 06:00:00,0.0,0.0
2024-06-07 07:00:00,0.0,0.0
2024-06-07 08:00:00,0.0,0.0
2024-06-07 09:00:00,0.0,0.0
2024-06-07 10:00:00,0.12440179731422751,0.12440179731422751
2024-06-07 11:00:00,0.45047313777743353,0.45047313777743353
2024-06-07 12:00:00,1.094905247021126,1.094905247021126
2024-06-07 13:00:00,1.7028716137387758,1.7028716137387758
2024-06-07 14:00:00,2.5836874205425215,2.5836874205425215
2024-06-07 15:00:00,2.897457071030653,2.897457071030653
2024-06-07 16:00:00,3.4167228188431715,3.4167228188431715
2024-06-07 17:00:00,3.6940551190864173,3.6940551190864173
2024-06-07 18:00:00,3.4476782730425732,3.4476782730425732
2024-06-07 19:00:00,3.142657521079517,3.142657521079517
2024-06-07 20:00:00,3.655335179508379,3.655335179508379
2024-06-07 21:00:00,3.8571927629631126,3.8571927629631126
2024-06-07 22:00:00,0.0,0.0
2024-06-07 23:00:00,0.0,0.0
2024-06-08 00:00:00,0.0,0.0
2024-06-08 01:00:00,0.0,0.0
2024-06-08 02:00:00,0.0,0.0
2024-06-08 03:00:00,0.0,0.0
2024-06-08 04:00:00,0.0,0.0
2024-06-08 05:00:00,0.0,0.0
2024-06-08 06:00:00,0.0,0.0
2024-06-08 07:00:00,0.0,0.0
2024-06-08 08:00:00,0.0,0.0
2024-06-08 09:00:00,0.0,0.0
2024-06-08 10:00:00,0.0986935437861644,0.0986935437861644
2024-06-08 11:00:00,0.31680590281939175,0.31680590281939175
2024-06-08 12:00:00,0.7500346540437134,0.7500346540437134
2024-06-08 13:00:00,1.2253160209013996,1.2253160209013996
2024-06-08 14:00:00,1.8496482094153006,1.8496482094153006
2024-06-08 15:00:00,1.819067297107016,1.819067297107016
2024-06-08 16:00:00,2.1658515855538734,2.1658515855538734
2024-06-08 17:00:00,2.6785872308026244,2.6785872308026244
2024-06-08 18:00:00,2.440107205828836,2.440107205828836
2024-06-08 19:00:00,2.3007311419278142,2.3007311419278142
2024-06-08 20:00:00,2.445139224645038,2.445139224645038
2024-06-08 21:00:00,2.5350833225928566,2.5350833225928566
2024-06-08 22:00:00,0.0,0.0
2024-06-08 23:00:00,0.0,0.0
2024-06-09 00:00:00,0.0,0.0
2024-06-09 01:00:00,0.0,0.0
2024-06-09 02:00:00,0.0,0.0
2024-06-09 03:00:00,0.0,0.0
2024-06-09 04:00:00,0.0,0.0
2024-06-09 05:00:00,0.0,0.0
2024-06-09 06:00:00,0.0,0.0
2024-06-09 07:00:00,0.0,0.0
2024-06-09 08:00:00,0.0,0.0
2024-06-09 09:00:00,0.0,0.0
2024-06-09 10:00:00,0.10022216621943898,0.10022216621943898
2024-06-09 11:00:00,0.38278425709831176,0.38278425709831176
2024-06-09 12:00:00,0.7020764589986761,0.7020764589986761
2024-06-09 13:00:00,1.1465132729920078,1.1465132729920078
2024-06-09 14:00:00,1.7369366583247456,1.7369366583247456
2024-06-09 15:00:00,2.0784190225874695,2.0784190225874695
2024-06-09 16:00:00,2.457483430117507,2.457483430117507
2024-06-09 17:00:00,2.750492336422578,2.750492336422578
2024-06-09 18:00:00,2.867564562016876,2.867564562016876
2024-06-09 19:00:00,2.170136493562819,2.170136493562819
2024-06-09 20:00:00,2.523056178823105,2.523056178823105
2024-06-09 21:00:00,2.1888703769412508,2.1888703769412508
2024-06-09 22:00:00,0.0,0.0
2024-06-09 23:00:00,0.0,0.0
2024-06-10 00:00:00,0.0,0.0
2024-06-10 01:00:00,0.0,0.0
2024-06-10 02:00:00,0.0,0.0
2024-06-10 03:00:00,0.0,0.0
2024-06-10 04:00:00,0.0,0.0
2024-06-10 05:00:00,0.0,0.0
2024-06-10 06:00:00,0.0,0.0
2024-06-10 07:00:00,0.0,0.0
2024-06-10 08:00:00,0.0,0.0
2024-06-10 09:00:00,0.0,0.0
2024-06-10 10:00:00,0.12167250152898373,0.12167250152898373
2024-06-10 11:00:00,0.4944952215914851,0.4944952215914851
2024-06-10 12:00:00,0.9195775588334856,0.9195775588334856
2024-06-10 13:00:00,1.6350590010678812,1.6350590010678812
2024-06-10 14:00:00,2.0818846917215685,2.0818846917215685
2024-06-10 15:00:00,3.24457156735029,3.24457156735029
2024-06-10 16:00:00,3.4744103005142075,3.4744103005142075
2024-06-10 17:00:00,4.133471366199713,4.133471366199713
2024-06-10 18:00:00,3.6874596311697285,3.6874596311697285
2024-06-10 19:00:00,3.233307134511673,3.233307134511673
2024-06-10 20:00:00,3.8611386479776755,3.8611386479776755
2024-06-10 21:00:00,3.8226207783241777,3.8226207783241777
2024-06-10 22:00:00,0.0,0.0
2024-06-10 23:00:00,0.0,0.0
2024-06-11 00:00:00,0.0,0.0
2024-06-11 01:00:00,0.0,0.0
2024-06-11 02:00:00,0.0,0.0
2024-06-11 03:00:00,0.0,0.0
2024-06-11 04:00:00,0.0,0.0
2024-06-11 05:00:00,0.0,0.0
2024-06-11 06:00:00,0.0,0.0
2024-06-11 07:00:00,0.0,0.0
2024-06-11 08:00:00,0.0,0.0
2024-06-11 09:00:00,0.0,0.0
2024-06-11 10:00:00,0.11255712131159856,0.11255712131159856
2024-06-11 11:00:00,0.4283976880043298,0.4283976880043298
2024-06-11 12:00:00,0.9786687654589635,0.9786687654589635
2024-06-11 13:00:00,1.586270622016908,1.586270622016908
2024-06-11 14:00:00,2.1661435306516914,2.1661435306516914
2024-06-11 15:00:00,2.8076235761446653,2.8076235761446653
2024-06-11 16:00:00,2.7472845788847624,2.7472845788847624
2024-06-11 17:00:00,3.1991074825488965,3.1991074825488965
2024-06-11 18:00:00,3.0227236292033304,3.0227236292033304
2024-06-11 19:00:00,2.9982644279592345,2.9982644279592345
2024-06-11 20:00:00,3.1791853750687515,3.1791853750687515
2024-06-11 21:00:00,2.8273167739393728,2.8273167739393728
2024-06-11 22:00:00,0.0,0.0
2024-06-11 23:00:00,0.0,0.0
2024-06-12 00:00:00,0.0,0.0
2024-06-12 01:00:00,0.0,0.0
2024-06-12 02:00:00,0.0,0.0
2024-06-12 03:00:00,0.0,0.0
2024-06-12 04:00:00,0.0,0.0
2024-06-12 05:00:00,0.0,0.0
2024-06-12 06:00:00,0.0,0.0
2024-06-12 07:00:00,0.0,0.0
2024-06-12 08:00:00,0.0,0.0
2024-06-12 09:00:00,0.0,0.0
2024-06-12 10:00:00,0.11426356497742672,0.11426356497742672
2024-06-12 11:00:00,0.5077364005356594,0.5077364005356594
2024-06-12 12:00:00,0.9148894415421925,0.9148894415421925
2024-06-12 13:00:00,1.5881595648990459,1.5881595648990459
2024-06-12 14:00:00,2.578821578457384,2.578821578457384
2024-06-12 15:00:00,2.6339101222989187,2.6339101222989187
2024-06-12 16:00:00,3.8932919562773893,3.8932919562773893
2024-06-12 17:00:00,4.136004856349639,4.136004856349639
2024-06-12 18:00:00,4.137957483290152,4.137957483290152
2024-06-12 19:00:00,2.970018162664304,2.970018162664304
2024-06-12 20:00:00,3.813146701720614,3.813146701720614
2024-06-12 21:00:00,2.9380161954771276,2.9380161954771276
2024-06-12 22:00:00,0.0,0.0
2024-06-12 23:00:00,0.0,0.0
2024-06-13 00:00:00,0.0,0.0
2024-06-13 01:00:00,0.0,0.0
2024-06-13 02:00:00,0.0,0.0
2024-06-13 03:00:00,0.0,0.0
2024-06-13 04:00:00,0.0,0.0
2024-06-13 05:00:00,0.0,0.0
2024-06-13 06:00:00,0.0,0.0
2024-06-13 07:00:00,0.0,0.0
2024-06-13 08:00:00,0.0,0.0
2024-06-13 09:00:00,0.0,0.0
2024-06-13 10:00:00,0.1132158077261175,0.1132158077261175
2024-06-13 11:00:00,0.43063872237657197,0.43063872237657197
2024-06-13 12:00:00,0.9571202199196658,0.9571202199196658
2024-06-13 13:00:00,1.5920949063533776,1.5920949063533776
2024-06-13 14:00:00,2.2465163769073633,2.2465163769073633
2024-06-13 15:00:00,2.732686754801198,2.732686754801198
2024-06-13 16:00:00,3.5472913048407118,3.5472913048407118
2024-06-13 17:00:00,3.2971814410653586,3.2971814410653586
2024-06-13 18:00:00,3.4796001027196635,3.4796001027196635
2024-06-13 19:00:00,3.1487874006417544,3.1487874006417544
2024-06-13 20:00:00,2.7951836534809367,2.7951836534809367
2024-06-13 21:00:00,3.3744507378181545,3.3744507378181545
2024-06-13 22:00:00,0.0,0.0
2024-06-13 23:00:00,0.0,0.0
2024-06-14 00:00:00,0.0,0.0
2024-06-14 01:00:00,0.0,0.0
2024-06-14 02:00:00,0.0,0.0
2024-06-14 03:00:00,0.0,0.0
2024-06-14 04:00:00,0.0,0.0
2024-06-14 05:00:00,0.0,0.0
2024-06-14 06:00:00,0.0,0.0
2024-06-14 07:00:00,0.0,0.0
2024-06-14 08:00:00,0.0,0.0
2024-06-14 09:00:00,0.0,0.0
2024-06-14 10:00:00,0.11810831733841648,0.11810831733841648
2024-06-14 11:00:00,0.4966191567371751,0.4966191567371751
2024-06-14 12:00:00,0.9173109430861399,0.9173109430861399
2024-06-14 13:00:00,1.4418706057312782,1.4418706057312782
2024-06-14 14:00:00,2.1185177393252625,2.1185177393252625
2024-06-14 15:00:00,2.616478117196009,2.616478117196009
2024-06-14 16:00:00,3.319049253104475,3.319049253104475
2024-06-14 17:00:00,3.772766308786073,3.772766308786073
2024-06-14 18:00:00,3.8097375833226432,3.8097375833226432
2024-06-14 19:00:00,3.3719385942203006,3.3719385942203006
2024-06-14 20:00:00,3.1599982820321557,3.1599982820321557
2024-06-14 21:00:00,3.7392650859517915,3.7392650859517915
2024-06-14 22:00:00,0.0,0.0
2024-06-14 23:00:00,0.0,0.0
2024-06-15 00:00:00,0.0,0.0
2024-06-15 01:00:00,0.0,0.0
2024-06-15 02:00:00,0.0,0.0
2024-06-15 03:00:00,0.0,0.0
2024-06-15 04:00:00,0.0,0.0
2024-06-15 05:00:00,0.0,0.0
2024-06-15 06:00:00,0.0,0.0
2024-06-15 07:00:00,0.0,0.0
2024-06-15 08:00:00,0.0,0.0
2024-06-15 09:00:00,0.0,0.0
2024-06-15 10:00:00,0.10059981942912927,0.10059981942912927
2024-06-15 11:00:00,0.32726126902077673,0.32726126902077673
2024-06-15 12:00:00,0.61708276030034,0.61708276030034
2024-06-15 13:00:00,0.9360735787699194,0.9360735787699194
2024-06-15 14:00:00,1.674390457573064,1.674390457573064
2024-06-15 15:00:00,1.9004658817579902,1.9004658817579902
2024-06-15 16:00:00,2.4596258644129287,2.4596258644129287
2024-06-15 17:00:00,2.99083362036571,2.99083362036571
2024-06-15 18:00:00,2.2598473011621,2.2598473011621
2024-06-15 19:00:00,2.09827245727549,2.09827245727549
2024-06-15 20:00:00,2.127024746278191,2.127024746278191
2024-06-15 21:00:00,2.2933130028604767,2.2933130028604767
2024-06-15 22:00:00,0.0,0.0
2024-06-15 23:00:00,0.0,0.0
2024-06-16 00:00:00,0.0,0.0
2024-06-16 01:00:00,0.0,0.0
2024-06-16 02:00:00,0.0,0.0
2024-06-16 03:00:00,0.0,0.0
2024-06-16 04:00:00,0.0,0.0
2024-06-16 05:00:00,0.0,0.0
2024-06-16 06:00:00,0.0,0.0
2024-06-16 07:00:00,0.0,0.0
2024-06-16 08:00:00,0.0,0.0
2024-06-16 09:00:00,0.0,0.0
2024-06-16 10:00:00,0.10166934193423949,0.10166934193423949
2024-06-16 11:00:00,0.3636250447379618,0.3636250447379618
2024-06-16 12:00:00,0.6873561246730522,0.6873561246730522
2024-06-16 13:00:00,1.157476692560472,1.157476692560472
2024-06-16 14:00:00,1.9156865894945605,1.9156865894945605
2024-06-16 15:00:00,1.6851338039131205,1.6851338039131205
2024-06-16 16:00:00,2.3173545061724674,2.3173545061724674
2024-06-16 17:00:00,2.4445753217542796,2.4445753217542796
2024-06-16 18:00:00,3.0688530484557606,3.0688530484557606
2024-06-16 19:00:00,2.4251330432090037,2.4251330432090037
2024-06-16 20:00:00,2.1301504789217547,2.1301504789217547
2024-06-16 21:00:00,2.5123723306744012,2.5123723306744012
2024-06-16 22:00:00,0.0,0.0
2024-06-16 23:00:00,0.0,0.0
2024-06-17 00:00:00,0.0,0.0
2024-06-17 01:00:00,0.0,0.0
2024-06-17 02:00:00,0.0,0.0
2024-06-17 03:00:00,0.0,0.0
2024-06-17 04:00:00,0.0,0.0
2024-06-17 05:00:00,0.0,0.0
2024-06-17 06:00:00,0.0,0.0
2024-06-17 07:00:00,0.0,0.0
2024-06-17 08:00:00,0.0,0.0
2024-06-17 09:00:00,0.0,0.0
2024-06-17 10:00:00,0.15541907303564978,0.15541907303564978
2024-06-17 11:00:00,0.49385963692086554,0.49385963692086554
2024-06-17 12:00:00,1.0182438050512084,1.0182438050512084
2024-06-17 13:00:00,1.5181427751734569,1.5181427751734569
2024-06-17 14:00:00,2.706182711302562,2.706182711302562
2024-06-17 15:00:00,2.5813626256453226,2.5813626256453226
2024-06-17 16:00:00,3.1806051162384286,3.1806051162384286
2024-06-17 17:00:00,4.4549976604423245,4.4549976604423245
2024-06-17 18:00:00,3.5818798475228864,3.5818798475228864
2024-06-17 19:00:00,3.8847967492901128,3.8847967492901128
2024-06-17 20:00:00,3.596667090519156,3.596667090519156
2024-06-17 21:00:00,3.910177141953273,3.910177141953273
2024-06-17 22:00:00,0.0,0.0
2024-06-17 23:00:00,0.0,0.0
2024-06-18 00:00:00,0.0,0.0
2024-06-18 01:00:00,0.0,0.0
2024-06-18 02:00:00,0.0,0.0
2024-06-18 03:00:00,0.0,0.0
2024-06-18 04:00:00,0.0,0.0
2024-06-18 05:00:00,0.0,0.0
2024-06-18 06:00:00,0.0,0.0
2024-06-18 07:00:00,0.0,0.0
2024-06-18 08:00:00,0.0,0.0
2024-06-18 09:00:00,0.0,0.0
2024-06-18 10:00:00,0.12970907533344198,0.12970907533344198
2024-06-18 11:00:00,0.44469633847951395,0.44469633847951395
2024-06-18 12:00:00,0.9081509086478322,0.9081509086478322
2024-06-18 13:00:00,1.348826170286425,1.348826170286425
2024-06-18 14:00:00,2.093228806282723,2.093228806282723
2024-06-18 15:00:00,2.198511455421127,2.198511455421127
2024-06-18 16:00:00,3.2806244114462872,3.2806244114462872
2024-06-18 17:00:00,3.225578241762118,3.225578241762118
2024-06-18 18:00:00,3.7709527038703117,3.7709527038703117
2024-06-18 19:00:00,2.707690870293279,2.707690870293279
2024-06-18 20:00:00,2.7291199982370804,2.7291199982370804
2024-06-18 21:00:00,2.983150158534132,2.983150158534132
2024-06-18 22:00:00,0.0,0.0
2024-06-18 23:00:00,0.0,0.0
2024-06-19 00:00:00,0.0,0.0
2024-06-19 01:00:00,0.0,0.0
2024-06-19 02:00:00,0.0,0.0
2024-06-19 03:00:00,0.0,0.0
2024-06-19 04:00:00,0.0,0.0
2024-06-19 05:00:00,0.0,0.0
2024-06-19 06:00:00,0.0,0.0
2024-06-19 07:00:00,0.0,0.0
2024-06-19 08:00:00,0.0,0.0
2024-06-19 09:00:00,0.0,0.0
2024-06-19 10:00:00,0.12024462784583186,0.12024462784583186
2024-06-19 11:00:00,0.572596903993034,0.572596903993034
2024-06-19 12:00:00,1.015087241089164,1.015087241089164
2024-06-19 13:00:00,1.6838329619391836,1.6838329619391836
2024-06-19 14:00:00,2.111713476891526,2.111713476891526
2024-06-19 15:00:00,2.844859140252501,2.844859140252501
2024-06-19 16:00:00,3.845204468486557,3.845204468486557
2024-06-19 17:00:00,3.3154320894219453,3.3154320894219453
2024-06-19 18:00:00,3.8766532074070286,3.8766532074070286
2024-06-19 19:00:00,3.1374443004640646,3.1374443004640646
2024-06-19 20:00:00,3.37930142534514,3.37930142534514
2024-06-19 21:00:00,3.776930945663712,3.776930945663712
2024-06-19 22:00:00,0.0,0.0
2024-06-19 23:00:00,0.0,0.0
2024-06-20 00:00:00,0.0,0.0
2024-06-20 01:00:00,0.0,0.0
2024-06-20 02:00:00,0.0,0.0
2024-06-20 03:00:00,0.0,0.0
2024-06-20 04:00:00,0.0,0.0
2024-06-20 05:00:00,0.0,0.0
2024-06-20 06:00:00,0.0,0.0
2024-06-20 07:00:00,0.0,0.0
2024-06-20 08:00:00,0.0,0.0
2024-06-20 09:00:00,0.0,0.0
2024-06-20 10:00:00,0.13274965126306382,0.13274965126306382
2024-06-20 11:00:00,0.394298224622233,0.394298224622233
2024-06-20 12:00:00,0.8827500755433706,0.8827500755433706
2024-06-20 13:00:00,1.3004597761253125,1.3004597761253125
2024-06-20 14:00:00,2.0560880889838127,2.0560880889838127
2024-06-20 15:00:00,2.337415418958805,2.337415418958805
2024-06-20 16:00:00,3.5107661483483827,3.5107661483483827
2024-06-20 17:00:00,3.7940853408029285,3.7940853408029285
2024-06-20 18:00:00,3.8777141176928023,3.8777141176928023
2024-06-20 19:00:00,3.2845743904207327,3.2845743904207327
2024-06-20 20:00:00,2.929488589837924,2.929488589837924
2024-06-20 21:00:00,2.8355734332709694,2.8355734332709694
2024-06-20 22:00:00,0.0,0.0
2024-06-20 23:00:00,0.0,0.0
2024-06-21 00:00:00,0.0,0.0
2024-06-21 01:00:00,0.0,0.0
2024-06-21 02:00:00,0.0,0.0
2024-06-21 03:00:00,0.0,0.0
2024-06-21 04:00:00,0.0,0.0
2024-06-21 05:00:00,0.0,0.0
2024-06-21 06:00:00,0.0,0.0
2024-06-21 07:00:00,0.0,0.0
2024-06-21 08:00:00,0.0,0.0
2024-06-21 09:00:00,0.0,0.0
2024-06-21 10:00:00,0.14881363878524012,0.14881363878524012
2024-06-21 11:00:00,0.5538397964844333,0.5538397964844333
2024-06-21 12:00:00,1.0665148149555908,1.0665148149555908
2024-06-21 13:00:00,1.6539665595439486,1.6539665595439486
2024-06-21 14:00:00,2.203571643421771,2.203571643421771
2024-06-21 15:00:00,3.0721950270170812,3.0721950270170812
2024-06-21 16:00:00,3.4737234870504397,3.4737234870504397
2024-06-21 17:00:00,3.4447260055855766,3.4447260055855766
2024-06-21 18:00:00,4.307350140426855,4.307350140426855
2024-06-21 19:00:00,3.3700896716420807,3.3700896716420807
2024-06-21 20:00:00,3.021188879435316,3.021188879435316
2024-06-21 21:00:00,3.658652280069844,3.658652280069844
2024-06-21 22:00:00,0.0,0.0
2024-06-21 23:00:00,0.0,0.0
2024-06-22 00:00:00,0.0,0.0
2024-06-22 01:00:00,0.0,0.0
2024-06-22 02:00:00,0.0,0.0
2024-06-22 03:00:00,0.0,0.0
2024-06-22 04:00:00,0.0,0.0
2024-06-22 05:00:00,0.0,0.0
2024-06-22 06:00:00,0.0,0.0
2024-06-22 07:00:00,0.0,0.0
2024-06-22 08:00:00,0.0,0.0
2024-06-22 09:00:00,0.0,0.0
2024-06-22 10:00:00,0.08518251963154343,0.08518251963154343
2024-06-22 11:00:00,0.35967541858647056,0.35967541858647056
2024-06-22 12:00:00,0.6034982013562424,0.6034982013562424
2024-06-22 13:00:00,0.915947770838045,0.915947770838045
2024-06-22 14:00:00,1.31819931196095,1.31819931196095
2024-06-22 15:00:00,1.8484217347207015,1.8484217347207015
2024-06-22 16:00:00,2.1403871180692158,2.1403871180692158
2024-06-22 17:00:00,2.6502540472577327,2.6502540472577327
2024-06-22 18:00:00,2.63891176930483,2.63891176930483
2024-06-22 19:00:00,1.9105674939465436,1.9105674939465436
2024-06-22 20:00:00,2.1624378812808334,2.1624378812808334
2024-06-22 21:00:00,2.563977333820563,2.563977333820563
2024-06-22 22:00:00,0.0,0.0
2024-06-22 23:00:00,0.0,0.0
2024-06-23 00:00:00,0.0,0.0
2024-06-23 01:00:00,0.0,0.0
2024-06-23 02:00:00,0.0,0.0
2024-06-23 03:00:00,0.0,0.0
2024-06-23 04:00:00,0.0,0.0
2024-06-23 05:00:00,0.0,0.0
2024-06-23 06:00:00,0.0,0.0
2024-06-23 07:00:00,0.0,0.0
2024-06-23 08:00:00,0.0,0.0
2024-06-23 09:00:00,0.0,0.0
2024-06-23 10:00:00,0.08663108041698098,0.08663108041698098
2024-06-23 11:00:00,0.33436069568603377,0.33436069568603377
2024-06-23 12:00:00,0.7815991940780048,0.7815991940780048
2024-06-23 13:00:00,1.1193847021721324,1.1193847021721324
2024-06-23 14:00:00,1.465335179586959,1.465335179586959
2024-06-23 15:00:00,2.140630403721338,2.140630403721338
2024-06-23 16:00:00,2.177258760767876,2.177258760767876
2024-06-23 17:00:00,2.7684667708267403,2.7684667708267403
2024-06-23 18:00:00,2.7366107554809083,2.7366107554809083
2024-06-23 19:00:00,2.5426012493828747,2.5426012493828747
2024-06-23 20:00:00,2.235265077588824,2.235265077588824
2024-06-23 21:00:00,2.4755524896504095,2.4755524896504095
2024-06-23 22:00:00,0.0,0.0
2024-06-23 23:00:00,0.0,0.0
2024-06-24 00:00:00,0.0,0.0
2024-06-24 01:00:00,0.0,0.0
2024-06-24 02:00:00,0.0,0.0
2024-06-24 03:00:00,0.0,0.0
2024-06-24 04:00:00,0.0,0.0
2024-06-24 05:00:00,0.0,0.0
2024-06-24 06:00:00,0.0,0.0
2024-06-24 07:00:00,0.0,0.0
2024-06-24 08:00:00,0.0,0.0
2024-06-24 09:00:00,0.0,0.0
2024-06-24 10:00:00,0.12029253270239607,0.12029253270239607
2024-06-24 11:00:00,0.4994351660000376,0.4994351660000376
2024-06-24 12:00:00,1.134139537140575,1.134139537140575
2024-06-24 13:00:00,1.8333583373316547,1.8333583373316547
2024-06-24 14:00:00,2.5809042490059695,2.5809042490059695
2024-06-24 15:00:00,2.94960390217403,2.94960390217403
2024-06-24 16:00:00,3.4839168200155854,3.4839168200155854
2024-06-24 17:00:00,4.009290876781992,4.009290876781992
2024-06-24 18:00:00,3.9145556648614113,3.9145556648614113
2024-06-24 19:00:00,3.06909959745841,3.06909959745841
2024-06-24 20:00:00,3.0390139723806158,3.0390139723806158
2024-06-24 21:00:00,3.7253166075421476,3.7253166075421476
2024-06-24 22:00:00,0.0,0.0
2024-06-24 23:00:00,0.0,0.0
2024-06-25 00:00:00,0.0,0.0
2024-06-25 01:00:00,0.0,0.0
2024-06-25 02:00:00,0.0,0.0
2024-06-25 03:00:00,0.0,0.0
2024-06-25 04:00:00,0.0,0.0
2024-06-25 05:00:00,0.0,0.0
2024-06-25 06:00:00,0.0,0.0
2024-06-25 07:00:00,0.0,0.0
2024-06-25 08:00:00,0.0,0.0
2024-06-25 09:00:00,0.0,0.0
2024-06-25 10:00:00,0.1433701055267971,0.1433701055267971
2024-06-25 11:00:00,0.4693013485152375,0.4693013485152375
2024-06-25 12:00:00,1.0708619068502807,1.0708619068502807
2024-06-25 13:00:00,1.4513807723576921,1.4513807723576921
2024-06-25 14:00:00,2.5894604306060938,2.5894604306060938
2024-06-25 15:00:00,2.7491393114084763,2.7491393114084763
2024-06-25 16:00:00,3.305528852032736,3.305528852032736
2024-06-25 17:00:00,3.8506880534747774,3.8506880534747774
2024-06-25 18:00:00,4.219087876397928,4.219087876397928
2024-06-25 19:00:00,3.958243818037918,3.958243818037918
2024-06-25 20:00:00,3.0147879284105232,3.0147879284105232
2024-06-25 21:00:00,3.22610619661886,3.22610619661886
2024-06-25 22:00:00,0.0,0.0
2024-06-25 23:00:00,0.0,0.0
2024-06-26 00:00:00,0.0,0.0
2024-06-26 01:00:00,0.0,0.0
2024-06-26 02:00:00,0.0,0.0
2024-06-26 03:00:00,0.0,0.0
2024-06-26 04:00:00,0.0,0.0
2024-06-26 05:00:00,0.0,0.0
2024-06-26 06:00:00,0.0,0.0
2024-06-26 07:00:00,0.0,0.0
2024-06-26 08:00:00,0.0,0.0
2024-06-26 09:00:00,0.0,0.0
2024-06-26 10:00:00,0.1307946740351295,0.1307946740351295
2024-06-26 11:00:00,0.5048612274658542,0.5048612274658542
2024-06-26 12:00:00,1.031924017844263,1.031924017844263
2024-06-26 13:00:00,1.5342528978262293,1.5342528978262293
2024-06-26 14:00:00,2.002935647783927,2.002935647783927
2024-06-26 15:00:00,2.2382522962559266,2.2382522962559266
2024-06-26 16:00:00,2.9081334174665496,2.9081334174665496
2024-06-26 17:00:00,3.9771942992903675,3.9771942992903675
2024-06-26 18:00:00,3.4509704797733103,3.4509704797733103
2024-06-26 19:00:00,3.1951238199389906,3.1951238199389906
2024-06-26 20:00:00,2.707484518145191,2.707484518145191
2024-06-26 21:00:00,3.1938170282487306,3.1938170282487306
2024-06-26 22:00:00,0.0,0.0
2024-06-26 23:00:00,0.0,0.0
2024-06-27 00:00:00,0.0,0.0
2024-06-27 01:00:00,0.0,0.0
2024-06-27 02:00:00,0.0,0.0
2024-06-27 03:00:00,0.0,0.0
2024-06-27 04:00:00,0.0,0.0
2024-06-27 05:00:00,0.0,0.0
2024-06-27 06:00:00,0.0,0.0
2024-06-27 07:00:00,0.0,0.0
2024-06-27 08:00:00,0.0,0.0
2024-06-27 09:00:00,0.0,0.0
2024-06-27 10:00:00,0.1163212130452521,0.1163212130452521
2024-06-27 11:00:00,0.5270160326876249,0.5270160326876249
2024-06-27 12:00:00,0.9336799428853215,0.9336799428853215
2024-06-27 13:00:00,1.339946551465103,1.339946551465103
2024-06-27 14:00:00,2.4533852535123764,2.4533852535123764
2024-06-27 15:00:00,2.2611838093099057,2.2611838093099057
2024-06-27 16:00:00,3.3902283932575656,3.3902283932575656
2024-06-27 17:00:00,3.851071104121729,3.851071104121729
2024-06-27 18:00:00,3.38514295965243,3.38514295965243
2024-06-27 19:00:00,2.8695493834148333,2.8695493834148333
2024-06-27 20:00:00,3.1442067239281646,3.1442067239281646
2024-06-27 21:00:00,3.487158866761943,3.487158866761943
2024-06-27 22:00:00,0.0,0.0
2024-06-27 23:00:00,0.0,0.0
2024-06-28 00:00:00,0.0,0.0
2024-06-28 01:00:00,0.0,0.0
2024-06-28 02:00:00,0.0,0.0
2024-06-28 03:00:00,0.0,0.0
2024-06-28 04:00:00,0.0,0.0
2024-06-28 05:00:00,0.0,0.0
2024-06-28 06:00:00,0.0,0.0
2024-06-28 07:00:00,0.0,0.0
2024-06-28 08:00:00,0.0,0.0
2024-06-28 09:00:00,0.0,0.0
2024-06-28 10:00:00,0.11678552729196773,0.11678552729196773
2024-06-28 11:00:00,0.42968146297499743,0.42968146297499743
2024-06-28 12:00:00,0.8705184113558234,0.8705184113558234
2024-06-28 13:00:00,1.2101404857142413,1.2101404857142413
2024-06-28 14:00:00,1.9777166829609616,1.9777166829609616
2024-06-28 15:00:00,2.2588217837043385,2.2588217837043385
2024-06-28 16:00:00,3.278134566980937,3.278134566980937
2024-06-28 17:00:00,3.581112630161524,3.581112630161524
2024-06-28 18:00:00,3.5398992880222675,3.5398992880222675
2024-06-28 19:00:00,3.031789991771241,3.031789991771241
2024-06-28 20:00:00,2.876607180742738,2.876607180742738
2024-06-28 21:00:00,2.8273386381397345,2.8273386381397345
2024-06-28 22:00:00,0.0,0.0
2024-06-28 23:00:00,0.0,0.0
2024-06-29 00:00:00,0.0,0.0
2024-06-29 01:00:00,0.0,0.0
2024-06-29 02:00:00,0.0,0.0
2024-06-29 03:00:00,0.0,0.0
2024-06-29 04:00:00,0.0,0.0
2024-06-29 05:00:00,0.0,0.0
2024-06-29 06:00:00,0.0,0.0
2024-06-29 07:00:00,0.0,0.0
2024-06-29 08:00:00,0.0,0.0
2024-06-29 09:00:00,0.0,0.0
2024-06-29 10:00:00,0.07819660656262706,0.07819660656262706
2024-06-29 11:00:00,0.32699306106638254,0.32699306106638254
2024-06-29 12:00:00,0.7112831190657024,0.7112831190657024
2024-06-29 13:00:00,1.138411712559891,1.138411712559891
2024-06-29 14:00:00,1.4856941053665318,1.4856941053665318
2024-06-29 15:00:00,1.769882953337679,1.769882953337679
2024-06-29 16:00:00,2.114696766092048,2.114696766092048
2024-06-29 17:00:00,2.411057062646391,2.411057062646391
2024-06-29 18:00:00,2.276409837952553,2.276409837952553
2024-06-29 19:00:00,1.887348205005784,1.887348205005784
2024-06-29 20:00:00,2.145819140319456,2.145819140319456
2024-06-29 21:00:00,2.2127693578021987,2.2127693578021987
2024-06-29 22:00:00,0.0,0.0
2024-06-29 23:00:00,0.0,0.0
2024-06-30 00:00:00,0.0,0.0
2024-06-30 01:00:00,0.0,0.0
2024-06-30 02:00:00,0.0,0.0
2024-06-30 03:00:00,0.0,0.0
2024-06-30 04:00:00,0.0,0.0
2024-06-30 05:00:00,0.0,0.0
2024-06-30 06:00:00,0.0,0.0
2024-06-30 07:00:00,0.0,0.0
2024-06-30 08:00:00,0.0,0.0
2024-06-30 09:00:00,0.0,0.0
2024-06-30 10:00:00,0.08665453580689716,0.08665453580689716
2024-06-30 11:00:00,0.3543528917748415,0.3543528917748415
2024-06-30 12:00:00,0.7019830988955821,0.7019830988955821
2024-06-30 13:00:00,1.139297844130524,1.139297844130524
2024-06-30 14:00:00,1.4636101830573196,1.4636101830573196
2024-06-30 15:00:00,1.7062982330107532,1.7062982330107532
2024-06-30 16:00:00,2.5963453400771166,2.5963453400771166
2024-06-30 17:00:00,2.5103326766839817,2.5103326766839817
2024-06-30 18:00:00,2.7709087530523613,2.7709087530523613
2024-06-30 19:00:00,2.306704306251477,2.306704306251477
2024-06-30 20:00:00,2.0218846419311887,2.0218846419311887
2024-06-30 21:00:00,2.5790824750811687,2.5790824750811687
2024-06-30 22:00:00,0.0,0.0
2024-06-30 23:00:00,0.0,0.0
2024-07-01 00:00:00,0.0,0.0
2024-07-01 01:00:00,0.0,0.0
2024-07-01 02:00:00,0.0,0.0
2024-07-01 03:00:00,0.0,0.0
2024-07-01 04:00:00,0.0,0.0
2024-07-01 05:00:00,0.0,0.0
2024-07-01 06:00:00,0.0,0.0
2024-07-01 07:00:00,0.0,0.0
2024-07-01 08:00:00,0.0,0.0
2024-07-01 09:00:00,0.0,0.0
2024-07-01 10:00:00,0.12739963129281381,0.12739963129281381
2024-07-01 11:00:00,0.4973265571981995,0.4973265571981995
2024-07-01 12:00:00,1.055578161482473,1.055578161482473
2024-07-01 13:00:00,1.5906297118213681,1.5906297118213681
2024-07-01 14:00:00,2.0631108431131966,2.0631108431131966
2024-07-01 15:00:00,2.688365769360219,2.688365769360219
2024-07-01 16:00:00,2.7697253287233745,2.7697253287233745
2024-07-01 17:00:00,3.1562989921360254,3.1562989921360254
2024-07-01 18:00:00,3.4652959447881373,3.4652959447881373
2024-07-01 19:00:00,3.071527092872058,3.071527092872058
2024-07-01 20:00:00,3.1200147004236234,3.1200147004236234
2024-07-01 21:00:00,3.1355769868157934,3.1355769868157934
2024-07-01 22:00:00,0.0,0.0
2024-07-01 23:00:00,0.0,0.0
2024-07-02 00:00:00,0.0,0.0
2024-07-02 01:00:00,0.0,0.0
2024-07-02 02:00:00,0.0,0.0
2024-07-02 03:00:00,0.0,0.0
2024-07-02 04:00:00,0.0,0.0
2024-07-02 05:00:00,0.0,0.0
2024-07-02 06:00:00,0.0,0.0
2024-07-02 07:00:00,0.0,0.0
2024-07-02 08:00:00,0.0,0.0
2024-07-02 09:00:00,0.0,0.0
2024-07-02 10:00:00,0.12539940823591933,0.12539940823591933
2024-07-02 11:00:00,0.4401061503687158,0.4401061503687158
2024-07-02 12:00:00,0.9601642405347688,0.9601642405347688
2024-07-02 13:00:00,1.566747132127277,1.566747132127277
2024-07-02 14:00:00,1.9667196604854007,1.9667196604854007
2024-07-02 15:00:00,2.6344290909252264,2.6344290909252264
2024-07-02 16:00:00,3.225419147017103,3.225419147017103
2024-07-02 17:00:00,3.7262445192389126,3.7262445192389126
2024-07-02 18:00:00,3.017353760386691,3.017353760386691
2024-07-02 19:00:00,3.269215916880431,3.269215916880431
2024-07-02 20:00:00,3.325534815134094,3.325534815134094
2024-07-02 21:00:00,3.2791054643367907,3.2791054643367907
2024-07-02 22:00:00,0.0,0.0
2024-07-02 23:00:00,0.0,0.0
2024-07-03 00:00:00,0.0,0.0
2024-07-03 01:00:00,0.0,0.0
2024-07-03 02:00:00,0.0,0.0
2024-07-03 03:00:00,0.0,0.0
2024-07-03 04:00:00,0.0,0.0
2024-07-03 05:00:00,0.0,0.0
2024-07-03 06:00:00,0.0,0.0
2024-07-03 07:00:00,0.0,0.0
2024-07-03 08:00:00,0.0,0.0
2024-07-03 09:00:00,0.0,0.0
2024-07-03 10:00:00,0.11761572858205122,0.11761572858205122
2024-07-03 11:00:00,0.4758117247590769,0.4758117247590769
2024-07-03 12:00:00,1.0677194289364231,1.0677194289364231
2024-07-03 13:00:00,1.465472410815103,1.465472410815103
2024-07-03 14:00:00,2.6759955281870154,2.6759955281870154
2024-07-03 15:00:00,2.564737713855067,2.564737713855067
2024-07-03 16:00:00,3.689842109902603,3.689842109902603
2024-07-03 17:00:00,3.935815258693741,3.935815258693741
2024-07-03 18:00:00,3.530339027384045,3.530339027384045
2024-07-03 19:00:00,3.483358268484535,3.483358268484535
2024-07-03 20:00:00,3.899755032925933,3.899755032925933
2024-07-03 21:00:00,3.944377838091012,3.944377838091012
2024-07-03 22:00:00,0.0,0.0
2024-07-03 23:00:00,0.0,0.0
2024-07-04 00:00:00,0.0,0.0
2024-07-04 01:00:00,0.0,0.0
2024-07-04 02:00:00,0.0,0.0
2024-07-04 03:00:00,0.0,0.0
2024-07-04 04:00:00,0.0,0.0
2024-07-04 05:00:00,0.0,0.0
2024-07-04 06:00:00,0.0,0.0
2024-07-04 07:00:00,0.0,0.0
2024-07-04 08:00:00,0.0,0.0
2024-07-04 09:00:00,0.0,0.0
2024-07-04 10:00:00,0.1140983223889694,0.1140983223889694
2024-07-04 11:00:00,0.40971235129189365,0.40971235129189365
2024-07-04 12:00:00,0.8456015082723355,0.8456015082723355
2024-07-04 13:00:00,1.262741203091286,1.262741203091286
2024-07-04 14:00:00,2.3246719682111414,2.3246719682111414
2024-07-04 15:00:00,2.294227965666715,2.294227965666715
2024-07-04 16:00:00,3.0762563374437164,3.0762563374437164
2024-07-04 17:00:00,3.9522253255457565,3.9522253255457565
2024-07-04 18:00:00,3.940413903222463,3.940413903222463
2024-07-04 19:00:00,3.3071587255607287,3.3071587255607287
2024-07-04 20:00:00,3.3199451766077175,3.3199451766077175
2024-07-04 21:00:00,3.5026087044012053,3.5026087044012053
2024-07-04 22:00:00,0.0,0.0
2024-07-04 23:00:00,0.0,0.0
2024-07-05 00:00:00,0.0,0.0
2024-07-05 01:00:00,0.0,0.0
2024-07-05 02:00:00,0.0,0.0
2024-07-05 03:00:00,0.0,0.0
2024-07-05 04:00:00,0.0,0.0
2024-07-05 05:00:00,0.0,0.0
2024-07-05 06:00:00,0.0,0.0
2024-07-05 07:00:00,0.0,0.0
2024-07-05 08:00:00,0.0,0.0
2024-07-05 09:00:00,0.0,0.0
2024-07-05 10:00:00,0.11450654522878266,0.11450654522878266
2024-07-05 11:00:00,0.4083772168215083,0.4083772168215083
2024-07-05 12:00:00,0.9364266726571387,0.9364266726571387
2024-07-05 13:00:00,1.5215965783973393,1.5215965783973393
2024-07-05 14:00:00,1.8270997863240457,1.8270997863240457
2024-07-05 15:00:00,2.645605473949857,2.645605473949857
2024-07-05 16:00:00,3.3649445046746758,3.3649445046746758
2024-07-05 17:00:00,3.8722368975780115,3.8722368975780115
2024-07-05 18:00:00,3.6954211725577624,3.6954211725577624
2024-07-05 19:00:00,3.029060299773354,3.029060299773354
2024-07-05 20:00:00,2.6022701158119315,2.6022701158119315
2024-07-05 21:00:00,2.6432142908055574,2.6432142908055574
2024-07-05 22:00:00,0.0,0.0
2024-07-05 23:00:00,0.0,0.0
2024-07-06 00:00:00,0.0,0.0
2024-07-06 01:00:00,0.0,0.0
2024-07-06 02:00:00,0.0,0.0
2024-07-06 03:00:00,0.0,0.0
2024-07-06 04:00:00,0.0,0.0
2024-07-06 05:00:00,0.0,0.0
2024-07-06 06:00:00,0.0,0.0
2024-07-06 07:00:00,0.0,0.0
2024-07-06 08:00:00,0.0,0.0
2024-07-06 09:00:00,0.0,0.0
2024-07-06 10:00:00,0.08429080230560763,0.08429080230560763
2024-07-06 11:00:00,0.381450232742464,0.381450232742464
2024-07-06 12:00:00,0.6639853430959151,0.6639853430959151
2024-07-06 13:00:00,1.1081442297024018,1.1081442297024018
2024-07-06 14:00:00,1.4687426781130408,1.4687426781130408
2024-07-06 15:00:00,2.1495711658462757,2.1495711658462757
2024-07-06 16:00:00,2.582955230846961,2.582955230846961
2024-07-06 17:00:00,2.5351301439532294,2.5351301439532294
2024-07-06 18:00:00,2.8341979700122284,2.8341979700122284
2024-07-06 19:00:00,2.3916529566460527,2.3916529566460527
2024-07-06 20:00:00,2.6810198342164915,2.6810198342164915
2024-07-06 21:00:00,2.836270240115611,2.836270240115611
2024-07-06 22:00:00,0.0,0.0
2024-07-06 23:00:00,0.0,0.0
2024-07-07 00:00:00,0.0,0.0
2024-07-07 01:00:00,0.0,0.0
2024-07-07 02:00:00,0.0,0.0
2024-07-07 03:00:00,0.0,0.0
2024-07-07 04:00:00,0.0,0.0
2024-07-07 05:00:00,0.0,0.0
2024-07-07 06:00:00,0.0,0.0
2024-07-07 07:00:00,0.0,0.0
2024-07-07 08:00:00,0.0,0.0
2024-07-07 09:00:00,0.0,0.0
2024-07-07 10:00:00,0.07598414357249839,0.07598414357249839
2024-07-07 11:00:00,0.32951467991881295,0.32951467991881295
2024-07-07 12:00:00,0.6918634467659546,0.6918634467659546
2024-07-07 13:00:00,0.9057064998987017,0.9057064998987017
2024-07-07 14:00:00,1.7492473951332923,1.7492473951332923
2024-07-07 15:00:00,1.9296240877305735,1.9296240877305735
2024-07-07 16:00:00,2.5609066585706928,2.5609066585706928
2024-07-07 17:00:00,2.3663230320619504,2.3663230320619504
2024-07-07 18:00:00,2.443187640727663,2.443187640727663
2024-07-07 19:00:00,2.0374017177985557,2.0374017177985557
2024-07-07 20:00:00,2.063337484133791,2.063337484133791
2024-07-07 21:00:00,2.0062305534038516,2.0062305534038516
2024-07-07 22:00:00,0.0,0.0
2024-07-07 23:00:00,0.0,0.0
2024-07-08 00:00:00,0.0,0.0
2024-07-08 01:00:00,0.0,0.0
2024-07-08 02:00:00,0.0,0.0
2024-07-08 03:00:00,0.0,0.0
2024-07-08 04:00:00,0.0,0.0
2024-07-08 05:00:00,0.0,0.0
2024-07-08 06:00:00,0.0,0.0
2024-07-08 07:00:00,0.0,0.0
2024-07-08 08:00:00,0.0,0.0
2024-07-08 09:00:00,0.0,0.0
2024-07-08 10:00:00,0.13281044678925133,0.13281044678925133
2024-07-08 11:00:00,0.39665738631105896,0.39665738631105896
2024-07-08 12:00:00,0.8465052016067149,0.8465052016067149
2024-07-08 13:00:00,1.2914427196153184,1.2914427196153184
2024-07-08 14:00:00,2.3844431574760825,2.3844431574760825
2024-07-08 15:00:00,2.4665733018105582,2.4665733018105582
2024-07-08 16:00:00,3.534047804882773,3.534047804882773
2024-07-08 17:00:00,3.811964735045195,3.811964735045195
2024-07-08 18:00:00,3.6985166918034977,3.6985166918034977
2024-07-08 19:00:00,2.7500818557480553,2.7500818557480553
2024-07-08 20:00:00,2.9082725212225764,2.9082725212225764
2024-07-08 21:00:00,3.391551832613258,3.391551832613258
2024-07-08 22:00:00,0.0,0.0
2024-07-08 23:00:00,0.0,0.0
2024-07-09 00:00:00,0.0,0.0
2024-07-09 01:00:00,0.0,0.0
2024-07-09 02:00:00,0.0,0.0
2024-07-09 03:00:00,0.0,0.0
2024-07-09 04:00:00,0.0,0.0
2024-07-09 05:00:00,0.0,0.0
2024-07-09 06:00:00,0.0,0.0
2024-07-09 07:00:00,0.0,0.0
2024-07-09 08:00:00,0.0,0.0
2024-07-09 09:00:00,0.0,0.0
2024-07-09 10:00:00,0.14248774355245758,0.14248774355245758
2024-07-09 11:00:00,0.5375036093747342,0.5375036093747342
2024-07-09 12:00:00,1.1405757982666442,1.1405757982666442
2024-07-09 13:00:00,1.6052117690650392,1.6052117690650392
2024-07-09 14:00:00,2.452797410558621,2.452797410558621
2024-07-09 15:00:00,2.899673433052156,2.899673433052156
2024-07-09 16:00:00,3.1637255419355164,3.1637255419355164
2024-07-09 17:00:00,4.159551899464962,4.159551899464962
2024-07-09 18:00:00,4.321510976589049,4.321510976589049
2024-07-09 19:00:00,3.310317480849877,3.310317480849877
2024-07-09 20:00:00,3.949128068283015,3.949128068283015
2024-07-09 21:00:00,3.3662364911079585,3.3662364911079585
2024-07-09 22:00:00,0.0,0.0
2024-07-09 23:00:00,0.0,0.0
2024-07-10 00:00:00,0.0,0.0
2024-07-10 01:00:00,0.0,0.0
2024-07-10 02:00:00,0.0,0.0
2024-07-10 03:00:00,0.0,0.0
2024-07-10 04:00:00,0.0,0.0
2024-07-10 05:00:00,0.0,0.0
2024-07-10 06:00:00,0.0,0.0
2024-07-10 07:00:00,0.0,0.0
2024-07-10 08:00:00,0.0,0.0
2024-07-10 09:00:00,0.0,0.0
2024-07-10 10:00:00,0.12356089256245228,0.12356089256245228
2024-07-10 11:00:00,0.4918798092320003,0.4918798092320003
2024-07-10 12:00:00,1.0373406717353004,1.0373406717353004
2024-07-10 13:00:00,1.6395576333064161,1.6395576333064161
2024-07-10 14:00:00,2.3982152218503554,2.3982152218503554
2024-07-10 15:00:00,2.6466968360593173,2.6466968360593173
2024-07-10 16:00:00,3.4948303305542887,3.4948303305542887
2024-07-10 17:00:00,4.138356397470681,4.138356397470681
2024-07-10 18:00:00,3.7445827938522585,3.7445827938522585
2024-07-10 19:00:00,3.4719395922714167,3.4719395922714167
2024-07-10 20:00:00,3.307068544979943,3.307068544979943
2024-07-10 21:00:00,3.3028368632265415,3.3028368632265415
2024-07-10 22:00:00,0.0,0.0
2024-07-10 23:00:00,0.0,0.0
2024-07-11 00:00:00,0.0,0.0
2024-07-11 01:00:00,0.0,0.0
2024-07-11 02:00:00,0.0,0.0
2024-07-11 03:00:00,0.0,0.0
2024-07-11 04:00:00,0.0,0.0
2024-07-11 05:00:00,0.0,0.0
2024-07-11 06:00:00,0.0,0.0
2024-07-11 07:00:00,0.0,0.0
2024-07-11 08:00:00,0.0,0.0
2024-07-11 09:00:00,0.0,0.0
2024-07-11 10:00:00,0.13562772260647066,0.13562772260647066
2024-07-11 11:00:00,0.5354236062207537,0.5354236062207537
2024-07-11 12:00:00,0.9377886261576868,0.9377886261576868
2024-07-11 13:00:00,1.4731757388288969,1.4731757388288969
2024-07-11 14:00:00,2.6933053186720266,2.6933053186720266
2024-07-11 15:00:00,3.133615796559015,3.133615796559015
2024-07-11 16:00:00,3.834689766663395,3.834689766663395
2024-07-11 17:00:00,3.4757460296956655,3.4757460296956655
2024-07-11 18:00:00,4.252198974905954,4.252198974905954
2024-07-11 19:00:00,2.94405665269932,2.94405665269932
2024-07-11 20:00:00,3.546110363569814,3.546110363569814
2024-07-11 21:00:00,3.6792450080548633,3.6792450080548633
2024-07-11 22:00:00,0.0,0.0
2024-07-11 23:00:00,0.0,0.0
2024-07-12 00:00:00,0.0,0.0
2024-07-12 01:00:00,0.0,0.0
2024-07-12 02:00:00,0.0,0.0
2024-07-12 03:00:00,0.0,0.0
2024-07-12 04:00:00,0.0,0.0
2024-07-12 05:00:00,0.0,0.0
2024-07-12 06:00:00,0.0,0.0
2024-07-12 07:00:00,0.0,0.0
2024-07-12 08:00:00,0.0,0.0
2024-07-12 09:00:00,0.0,0.0
2024-07-12 10:00:00,0.14561057150177809,0.14561057150177809
2024-07-12 11:00:00,0.5146673832076435,0.5146673832076435
2024-07-12 12:00:00,0.892780704216701,0.892780704216701
2024-07-12 13:00:00,1.6630446213147456,1.6630446213147456
2024-07-12 14:00:00,2.3663190925071325,2.3663190925071325
2024-07-12 15:00:00,3.0064536690402344,3.0064536690402344
2024-07-12 16:00:00,3.4923480955008905,3.4923480955008905
2024-07-12 17:00:00,4.103312474853435,4.103312474853435
2024-07-12 18:00:00,3.5193398572154515,3.5193398572154515
2024-07-12 19:00:00,3.7705429438454985,3.7705429438454985
2024-07-12 20:00:00,3.7217427143370636,3.7217427143370636
2024-07-12 21:00:00,3.351248745386184,3.351248745386184
2024-07-12 22:00:00,0.0,0.0
2024-07-12 23:00:00,0.0,0.0
2024-07-13 00:00:00,0.0,0.0
2024-07-13 01:00:00,0.0,0.0
2024-07-13 02:00:00,0.0,0.0
2024-07-13 03:00:00,0.0,0.0
2024-07-13 04:00:00,0.0,0.0
2024-07-13 05:00:00,0.0,0.0
2024-07-13 06:00:00,0.0,0.0
2024-07-13 07:00:00,0.0,0.0
2024-07-13 08:00:00,0.0,0.0
2024-07-13 09:00:00,0.0,0.0
2024-07-13 10:00:00,0.08806733510562163,0.08806733510562163
2024-07-13 11:00:00,0.3582540668063997,0.3582540668063997
2024-07-13 12:00:00,0.5554873677275766,0.5554873677275766
2024-07-13 13:00:00,0.8461486498588319,0.8461486498588319
2024-07-13 14:00:00,1.3318611772204774,1.3318611772204774
2024-07-13 15:00:00,1.6414423814901966,1.6414423814901966
2024-07-13 16:00:00,2.1924581212855814,2.1924581212855814
2024-07-13 17:00:00,2.068022452200949,2.068022452200949
2024-07-13 18:00:00,2.5439797844967185,2.5439797844967185
2024-07-13 19:00:00,2.4240652727949,2.4240652727949
2024-07-13 20:00:00,1.9752898742363936,1.9752898742363936
2024-07-13 21:00:00,1.8468794303627403,1.8468794303627403
2024-07-13 22:00:00,0.0,0.0
2024-07-13 23:00:00,0.0,0.0
2024-07-14 00:00:00,0.0,0.0
2024-07-14 01:00:00,0.0,0.0
2024-07-14 02:00:00,0.0,0.0
2024-07-14 03:00:00,0.0,0.0
2024-07-14 04:00:00,0.0,0.0
2024-07-14 05:00:00,0.0,0.0
2024-07-14 06:00:00,0.0,0.0
2024-07-14 07:00:00,0.0,0.0
2024-07-14 08:00:00,0.0,0.0
2024-07-14 09:00:00,0.0,0.0
2024-07-14 10:00:00,0.09018181558610126,0.09018181558610126
2024-07-14 11:00:00,0.3391840090955519,0.3391840090955519
2024-07-14 12:00:00,0.6689986298583701,0.6689986298583701
2024-07-14 13:00:00,0.8955627791645853,0.8955627791645853
2024-07-14 14:00:00,1.3983666847913918,1.3983666847913918
2024-07-14 15:00:00,1.7665743011416546,1.7665743011416546
2024-07-14 16:00:00,1.8993836431037883,1.8993836431037883
2024-07-14 17:00:00,2.105289971108385,2.105289971108385
2024-07-14 18:00:00,2.0878412343594817,2.0878412343594817
2024-07-14 19:00:00,2.409966742613795,2.409966742613795
2024-07-14 20:00:00,2.2647445821315935,2.2647445821315935
2024-07-14 21:00:00,2.393503608657052,2.393503608657052
2024-07-14 22:00:00,0.0,0.0
2024-07-14 23:00:00,0.0,0.0
2024-07-15 00:00:00,0.0,0.0
2024-07-15 01:00:00,0.0,0.0
2024-07-15 02:00:00,0.0,0.0
2024-07-15 03:00:00,0.0,0.0
2024-07-15 04:00:00,0.0,0.0
2024-07-15 05:00:00,0.0,0.0
2024-07-15 06:00:00,0.0,0.0
2024-07-15 07:00:00,0.0,0.0
2024-07-15 08:00:00,0.0,0.0
2024-07-15 09:00:00,0.0,0.0
2024-07-15 10:00:00,0.11546387136045788,0.11546387136045788
2024-07-15 11:00:00,0.5196485302665975,0.5196485302665975
2024-07-15 12:00:00,0.8807365747630483,0.8807365747630483
2024-07-15 13:00:00,1.6947556546296358,1.6947556546296358
2024-07-15 14:00:00,2.0072446571048785,2.0072446571048785
2024-07-15 15:00:00,2.297324989604084,2.297324989604084
2024-07-15 16:00:00,3.32849571374447,3.32849571374447
2024-07-15 17:00:00,3.426370887895123,3.426370887895123
2024-07-15 18:00:00,3.259467101116462,3.259467101116462
2024-07-15 19:00:00,2.8466842772926375,2.8466842772926375
2024-07-15 20:00:00,3.312397582580175,3.312397582580175
2024-07-15 21:00:00,3.0919062470085232,3.0919062470085232
2024-07-15 22:00:00,0.0,0.0
2024-07-15 23:00:00,0.0,0.0
2024-07-16 00:00:00,0.0,0.0
2024-07-16 01:00:00,0.0,0.0
2024-07-16 02:00:00,0.0,0.0
2024-07-16 03:00:00,0.0,0.0
2024-07-16 04:00:00,0.0,0.0
2024-07-16 05:00:00,0.0,0.0
2024-07-16 06:00:00,0.0,0.0
2024-07-16 07:00:00,0.0,0.0
2024-07-16 08:00:00,0.0,0.0
2024-07-16 09:00:00,0.0,0.0
2024-07-16 10:00:00,0.12714617446636045,0.12714617446636045
2024-07-16 11:00:00,0.3893075880634694,0.3893075880634694
2024-07-16 12:00:00,0.8920382666652137,0.8920382666652137
2024-07-16 13:00:00,1.3578943211690941,1.3578943211690941
2024-07-16 14:00:00,2.1748183116550437,2.1748183116550437
2024-07-16 15:00:00,2.206722906415315,2.206722906415315
2024-07-16 16:00:00,2.6822177128601075,2.6822177128601075
2024-07-16 17:00:00,3.8503785282405874,3.8503785282405874
2024-07-16 18:00:00,3.30367273051249,3.30367273051249
2024-07-16 19:00:00,2.7208573699830496,2.7208573699830496
2024-07-16 20:00:00,2.633721358022557,2.633721358022557
2024-07-16 21:00:00,3.0906142518135074,3.0906142518135074
2024-07-16 22:00:00,0.0,0.0
2024-07-16 23:00:00,0.0,0.0
2024-07-17 00:00:00,0.0,0.0
2024-07-17 01:00:00,0.0,0.0
2024-07-17 02:00:00,0.0,0.0
2024-07-17 03:00:00,0.0,0.0
2024-07-17 04:00:00,0.0,0.0
2024-07-17 05:00:00,0.0,0.0
2024-07-17 06:00:00,0.0,0.0
2024-07-17 07:00:00,0.0,0.0
2024-07-17 08:00:00,0.0,0.0
2024-07-17 09:00:00,0.0,0.0
2024-07-17 10:00:00,0.14297332771857194,0.14297332771857194
2024-07-17 11:00:00,0.5407826684290843,0.5407826684290843
2024-07-17 12:00:00,1.1628247602425228,1.1628247602425228
2024-07-17 13:00:00,1.4051997078507874,1.4051997078507874
2024-07-17 14:00:00,2.5058372342065276,2.5058372342065276
2024-07-17 15:00:00,2.564613094248631,2.564613094248631
2024-07-17 16:00:00,3.335076910785695,3.335076910785695
2024-07-17 17:00:00,4.6101003024241605,4.6101003024241605
2024-07-17 18:00:00,3.423603537757162,3.423603537757162
2024-07-17 19:00:00,3.3589813717450947,3.3589813717450947
2024-07-17 20:00:00,3.201306049833386,3.201306049833386
2024-07-17 21:00:00,3.6991485001394104,3.6991485001394104
2024-07-17 22:00:00,0.0,0.0
2024-07-17 23:00:00,0.0,0.0
2024-07-18 00:00:00,0.0,0.0
2024-07-18 01:00:00,0.0,0.0
2024-07-18 02:00:00,0.0,0.0
2024-07-18 03:00:00,0.0,0.0
2024-07-18 04:00:00,0.0,0.0
2024-07-18 05:00:00,0.0,0.0
2024-07-18 06:00:00,0.0,0.0
2024-07-18 07:00:00,0.0,0.0
2024-07-18 08:00:00,0.0,0.0
2024-07-18 09:00:00,0.0,0.0
2024-07-18 10:00:00,0.1457106867216018,0.1457106867216018
2024-07-18 11:00:00,0.5256943587438494,0.5256943587438494
2024-07-18 12:00:00,1.175474365261883,1.175474365261883
2024-07-18 13:00:00,1.542023101699796,1.542023101699796
2024-07-18 14:00:00,2.205473635366023,2.205473635366023
2024-07-18 15:00:00,3.104013948050018,3.104013948050018
2024-07-18 16:00:00,3.0409862476883602,3.0409862476883602
2024-07-18 17:00:00,4.340593587058794,4.340593587058794
2024-07-18 18:00:00,3.3728484416678444,3.3728484416678444
2024-07-18 19:00:00,3.2644530291994394,3.2644530291994394
2024-07-18 20:00:00,3.3447763344411543,3.3447763344411543
2024-07-18 21:00:00,3.3531703155337333,3.3531703155337333
2024-07-18 22:00:00,0.0,0.0
2024-07-18 23:00:00,0.0,0.0
2024-07-19 00:00:00,0.0,0.0
2024-07-19 01:00:00,0.0,0.0
2024-07-19 02:00:00,0.0,0.0
2024-07-19 03:00:00,0.0,0.0
2024-07-19 04:00:00,0.0,0.0
2024-07-19 05:00:00,0.0,0.0
2024-07-19 06:00:00,0.0,0.0
2024-07-19 07:00:00,0.0,0.0
2024-07-19 08:00:00,0.0,0.0
2024-07-19 09:00:00,0.0,0.0
2024-07-19 10:00:00,0.11187737066197577,0.11187737066197577
2024-07-19 11:00:00,0.4638357985613404,0.4638357985613404
2024-07-19 12:00:00,0.8272417749303319,0.8272417749303319
2024-07-19 13:00:00,1.1881088121729932,1.1881088121729932
2024-07-19 14:00:00,1.9866894297383895,1.9866894297383895
2024-07-19 15:00:00,2.4215409586111836,2.4215409586111836
2024-07-19 16:00:00,3.31382231114546,3.31382231114546
2024-07-19 17:00:00,3.2227218981828516,3.2227218981828516
2024-07-19 18:00:00,3.7106056333542057,3.7106056333542057
2024-07-19 19:00:00,2.985533329589097,2.985533329589097
2024-07-19 20:00:00,3.1424688714546143,3.1424688714546143
2024-07-19 21:00:00,2.5703510868862756,2.5703510868862756
2024-07-19 22:00:00,0.0,0.0
2024-07-19 23:00:00,0.0,0.0
2024-07-20 00:00:00,0.0,0.0
2024-07-20 01:00:00,0.0,0.0
2024-07-20 02:00:00,0.0,0.0
2024-07-20 03:00:00,0.0,0.0
2024-07-20 04:00:00,0.0,0.0
2024-07-20 05:00:00,0.0,0.0
2024-07-20 06:00:00,0.0,0.0
2024-07-20 07:00:00,0.0,0.0
2024-07-20 08:00:00,0.0,0.0
2024-07-20 09:00:00,0.0,0.0
2024-07-20 10:00:00,0.07515014369023626,0.07515014369023626
2024-07-20 11:00:00,0.3563500612279999,0.3563500612279999
2024-07-20 12:00:00,0.6849925056284055,0.6849925056284055
2024-07-20 13:00:00,1.1740545283379382,1.1740545283379382
2024-07-20 14:00:00,1.5910104165550558,1.5910104165550558
2024-07-20 15:00:00,1.6876718348242972,1.6876718348242972
2024-07-20 16:00:00,2.4692692407462693,2.4692692407462693
2024-07-20 17:00:00,2.913774290826442,2.913774290826442
2024-07-20 18:00:00,2.8257930835999154,2.8257930835999154
2024-07-20 19:00:00,2.0944338260905195,2.0944338260905195
2024-07-20 20:00:00,2.132724994564941,2.132724994564941
2024-07-20 21:00:00,2.4410406647790506,2.4410406647790506
2024-07-20 22:00:00,0.0,0.0
2024-07-20 23:00:00,0.0,0.0
2024-07-21 00:00:00,0.0,0.0
2024-07-21 01:00:00,0.0,0.0
2024-07-21 02:00:00,0.0,0.0
2024-07-21 03:00:00,0.0,0.0
2024-07-21 04:00:00,0.0,0.0
2024-07-21 05:00:00,0.0,0.0
2024-07-21 06:00:00,0.0,0.0
2024-07-21 07:00:00,0.0,0.0
2024-07-21 08:00:00,0.0,0.0
2024-07-21 09:00:00,0.0,0.0
2024-07-21 10:00:00,0.07302993491332603,0.07302993491332603
2024-07-21 11:00:00,0.368222689924465,0.368222689924465
2024-07-21 12:00:00,0.5610998793325651,0.5610998793325651
2024-07-21 13:00:00,1.071470216817742,1.071470216817742
2024-07-21 14:00:00,1.7054676873139671,1.7054676873139671
2024-07-21 15:00:00,1.890664519514063,1.890664519514063
2024-07-21 16:00:00,1.9843522139327714,1.9843522139327714
2024-07-21 17:00:00,2.2579039356960595,2.2579039356960595
2024-07-21 18:00:00,2.112873338246714,2.112873338246714
2024-07-21 19:00:00,1.931342500253992,1.931342500253992
2024-07-21 20:00:00,1.889008297994214,1.889008297994214
2024-07-21 21:00:00,1.9110782971614086,1.9110782971614086
2024-07-21 22:00:00,0.0,0.0
2024-07-21 23:00:00,0.0,0.0
2024-07-22 00:00:00,0.0,0.0
2024-07-22 01:00:00,0.0,0.0
2024-07-22 02:00:00,0.0,0.0
2024-07-22 03:00:00,0.0,0.0
2024-07-22 04:00:00,0.0,0.0
2024-07-22 05:00:00,0.0,0.0
2024-07-22 06:00:00,0.0,0.0
2024-07-22 07:00:00,0.0,0.0
2024-07-22 08:00:00,0.0,0.0
2024-07-22 09:00:00,0.0,0.0
2024-07-22 10:00:00,0.13716509834679919,0.13716509834679919
2024-07-22 11:00:00,0.45851435328472223,0.45851435328472223
2024-07-22 12:00:00,0.9350454525227949,0.9350454525227949
2024-07-22 13:00:00,1.6195055263763152,1.6195055263763152
2024-07-22 14:00:00,2.2867564978097956,2.2867564978097956
2024-07-22 15:00:00,2.753160717964847,2.753160717964847
2024-07-22 16:00:00,2.8682977866771697,2.8682977866771697
2024-07-22 17:00:00,3.2245529514905047,3.2245529514905047
2024-07-22 18:00:00,3.6682893093175886,3.6682893093175886
2024-07-22 19:00:00,3.529157393407536,3.529157393407536
2024-07-22 20:00:00,3.048793888025897,3.048793888025897
2024-07-22 21:00:00,3.7246127385395233,3.7246127385395233
2024-07-22 22:00:00,0.0,0.0
2024-07-22 23:00:00,0.0,0.0
2024-07-23 00:00:00,0.0,0.0
2024-07-23 01:00:00,0.0,0.0
2024-07-23 02:00:00,0.0,0.0
2024-07-23 03:00:00,0.0,0.0
2024-07-23 04:00:00,0.0,0.0
2024-07-23 05:00:00,0.0,0.0
2024-07-23 06:00:00,0.0,0.0
2024-07-23 07:00:00,0.0,0.0
2024-07-23 08:00:00,0.0,0.0
2024-07-23 09:00:00,0.0,0.0
2024-07-23 10:00:00,0.1447100752994869,0.1447100752994869
2024-07-23 11:00:00,0.589806637724121,0.589806637724121
2024-07-23 12:00:00,0.9457271384747262,0.9457271384747262
2024-07-23 13:00:00,1.486583205778319,1.486583205778319
2024-07-23 14:00:00,2.7031904766474053,2.7031904766474053
2024-07-23 15:00:00,2.4823529049117488,2.4823529049117488
2024-07-23 16:00:00,3.865560537132195,3.865560537132195
2024-07-23 17:00:00,3.5375961807299023,3.5375961807299023
2024-07-23 18:00:00,3.893409355502344,3.893409355502344
2024-07-23 19:00:00,3.5846877987480803,3.5846877987480803
2024-07-23 20:00:00,3.7750903349882052,3.7750903349882052
2024-07-23 21:00:00,3.134289711577022,3.134289711577022
2024-07-23 22:00:00,0.0,0.0
2024-07-23 23:00:00,0.0,0.0
2024-07-24 00:00:00,0.0,0.0
2024-07-24 01:00:00,0.0,0.0
2024-07-24 02:00:00,0.0,0.0
2024-07-24 03:00:00,0.0,0.0
2024-07-24 04:00:00,0.0,0.0
2024-07-24 05:00:00,0.0,0.0
2024-07-24 06:00:00,0.0,0.0
2024-07-24 07:00:00,0.0,0.0
2024-07-24 08:00:00,0.0,0.0
2024-07-24 09:00:00,0.0,0.0
2024-07-24 10:00:00,0.15352650249860264,0.15352650249860264
2024-07-24 11:00:00,0.4684794305000634,0.4684794305000634
2024-07-24 12:00:00,1.1765580216300024,1.1765580216300024
2024-07-24 13:00:00,1.4856156642442904,1.4856156642442904
2024-07-24 14:00:00,2.3617413370361464,2.3617413370361464
2024-07-24 15:00:00,3.145184983058425,3.145184983058425
2024-07-24 16:00:00,4.0226645411312765,4.0226645411312765
2024-07-24 17:00:00,4.023844524234196,4.023844524234196
2024-07-24 18:00:00,4.432791583256703,4.432791583256703
2024-07-24 19:00:00,3.817253646898785,3.817253646898785
2024-07-24 20:00:00,3.8488925612940714,3.8488925612940714
2024-07-24 21:00:00,3.90576649078796,3.90576649078796
2024-07-24 22:00:00,0.0,0.0
2024-07-24 23:00:00,0.0,0.0
2024-07-25 00:00:00,0.0,0.0
2024-07-25 01:00:00,0.0,0.0
2024-07-25 02:00:00,0.0,0.0
2024-07-25 03:00:00,0.0,0.0
2024-07-25 04:00:00,0.0,0.0
2024-07-25 05:00:00,0.0,0.0
2024-07-25 06:00:00,0.0,0.0
2024-07-25 07:00:00,0.0,0.0
2024-07-25 08:00:00,0.0,0.0
2024-07-25 09:00:00,0.0,0.0
2024-07-25 10:00:00,0.13187572154106073,0.13187572154106073
2024-07-25 11:00:00,0.4814141261634204,0.4814141261634204
2024-07-25 12:00:00,0.9588610379591973,0.9588610379591973
2024-07-25 13:00:00,1.6108025587253991,1.6108025587253991
2024-07-25 14:00:00,2.285355759026739,2.285355759026739
2024-07-25 15:00:00,2.1337160315983525,2.1337160315983525
2024-07-25 16:00:00,2.850271647267066,2.850271647267066
2024-07-25 17:00:00,3.6193529935715127,3.6193529935715127
2024-07-25 18:00:00,3.58505378817091,3.58505378817091
2024-07-25 19:00:00,3.3547915733297624,3.3547915733297624
2024-07-25 20:00:00,2.7430156527382206,2.7430156527382206
2024-07-25 21:00:00,3.546816073099787,3.546816073099787
2024-07-25 22:00:00,0.0,0.0
2024-07-25 23:00:00,0.0,0.0
2024-07-26 00:00:00,0.0,0.0
2024-07-26 01:00:00,0.0,0.0
2024-07-26 02:00:00,0.0,0.0
2024-07-26 03:00:00,0.0,0.0
2024-07-26 04:00:00,0.0,0.0
2024-07-26 05:00:00,0.0,0.0
2024-07-26 06:00:00,0.0,0.0
2024-07-26 07:00:00,0.0,0.0
2024-07-26 08:00:00,0.0,0.0
2024-07-26 09:00:00,0.0,0.0
2024-07-26 10:00:00,0.11005623632813288,0.11005623632813288
2024-07-26 11:00:00,0.5418838932056591,0.5418838932056591
2024-07-26 12:00:00,0.9030403325059002,0.9030403325059002
2024-07-26 13:00:00,1.7155061071739082,1.7155061071739082
2024-07-26 14:00:00,1.9911245982494785,1.9911245982494785
2024-07-26 15:00:00,2.7827225738380688,2.7827225738380688
2024-07-26 16:00:00,3.5232608853334413,3.5232608853334413
2024-07-26 17:00:00,3.361029666474492,3.361029666474492
2024-07-26 18:00:00,3.89449095321394,3.89449095321394
2024-07-26 19:00:00,3.178044354207853,3.178044354207853
2024-07-26 20:00:00,3.1778183691327437,3.1778183691327437
2024-07-26 21:00:00,3.720115068433141,3.720115068433141
2024-07-26 22:00:00,0.0,0.0
2024-07-26 23:00:00,0.0,0.0
2024-07-27 00:00:00,0.0,0.0
2024-07-27 01:00:00,0.0,0.0
2024-07-27 02:00:00,0.0,0.0
2024-07-27 03:00:00,0.0,0.0
2024-07-27 04:00:00,0.0,0.0
2024-07-27 05:00:00,0.0,0.0
2024-07-27 06:00:00,0.0,0.0
2024-07-27 07:00:00,0.0,0.0
2024-07-27 08:00:00,0.0,0.0
2024-07-27 09:00:00,0.0,0.0
2024-07-27 10:00:00,0.09345944462757588,0.09345944462757588
2024-07-27 11:00:00,0.33074539571935324,0.33074539571935324
2024-07-27 12:00:00,0.5949401358481582,0.5949401358481582
2024-07-27 13:00:00,0.9288008580685139,0.9288008580685139
2024-07-27 14:00:00,1.6003021225517646,1.6003021225517646
2024-07-27 15:00:00,1.9149001727488384,1.9149001727488384
2024-07-27 16:00:00,2.5078015977944426,2.5078015977944426
2024-07-27 17:00:00,2.888030552369585,2.888030552369585
2024-07-27 18:00:00,3.0228347372985853,3.0228347372985853
2024-07-27 19:00:00,2.587797999036468,2.587797999036468
2024-07-27 20:00:00,2.251423116071647,2.251423116071647
2024-07-27 21:00:00,2.411537192443927,2.411537192443927
2024-07-27 22:00:00,0.0,0.0
2024-07-27 23:00:00,0.0,0.0
2024-07-28 00:00:00,0.0,0.0
2024-07-28 01:00:00,0.0,0.0
2024-07-28 02:00:00,0.0,0.0
2024-07-28 03:00:00,0.0,0.0
2024-07-28 04:00:00,0.0,0.0
2024-07-28 05:00:00,0.0,0.0
2024-07-28 06:00:00,0.0,0.0
2024-07-28 07:00:00,0.0,0.0
2024-07-28 08:00:00,0.0,0.0
2024-07-28 09:00:00,0.0,0.0
2024-07-28 10:00:00,0.09335134159710644,0.09335134159710644
2024-07-28 11:00:00,0.2993024724617096,0.2993024724617096
2024-07-28 12:00:00,0.6357678512039835,0.6357678512039835
2024-07-28 13:00:00,1.0001956197856086,1.0001956197856086
2024-07-28 14:00:00,1.4887238317449976,1.4887238317449976
2024-07-28 15:00:00,1.7966566913432906,1.7966566913432906
2024-07-28 16:00:00,2.231488258756054,2.231488258756054
2024-07-28 17:00:00,2.8033271394621746,2.8033271394621746
2024-07-28 18:00:00,2.6723421802726754,2.6723421802726754
2024-07-28 19:00:00,2.2515289880299454,2.2515289880299454
2024-07-28 20:00:00,2.097032584966139,2.097032584966139
2024-07-28 21:00:00,2.2816626252016756,2.2816626252016756
2024-07-28 22:00:00,0.0,0.0
2024-07-28 23:00:00,0.0,0.0
2024-07-29 00:00:00,0.0,0.0
2024-07-29 01:00:00,0.0,0.0
2024-07-29 02:00:00,0.0,0.0
2024-07-29 03:00:00,0.0,0.0
2024-07-29 04:00:00,0.0,0.0
2024-07-29 05:00:00,0.0,0.0
2024-07-29 06:00:00,0.0,0.0
2024-07-29 07:00:00,0.0,0.0
2024-07-29 08:00:00,0.0,0.0
2024-07-29 09:00:00,0.0,0.0
2024-07-29 10:00:00,0.13089030199568505,0.13089030199568505
2024-07-29 11:00:00,0.46394684482354154,0.46394684482354154
2024-07-29 12:00:00,0.8450421389684157,0.8450421389684157
2024-07-29 13:00:00,1.5755368031860515,1.5755368031860515
2024-07-29 14:00:00,1.829878353763196,1.829878353763196
2024-07-29 15:00:00,2.7582441345002695,2.7582441345002695
2024-07-29 16:00:00,3.3623387299574583,3.3623387299574583
2024-07-29 17:00:00,3.1133235673346427,3.1133235673346427
2024-07-29 18:00:00,2.9960655880162754,2.9960655880162754
2024-07-29 19:00:00,3.4701317420344084,3.4701317420344084
2024-07-29 20:00:00,2.664057370142293,2.664057370142293
2024-07-29 21:00:00,3.5468061105725877,3.5468061105725877
2024-07-29 22:00:00,0.0,0.0
2024-07-29 23:00:00,0.0,0.0
2024-07-30 00:00:00,0.0,0.0
2024-07-30 01:00:00,0.0,0.0
2024-07-30 02:00:00,0.0,0.0
2024-07-30 03:00:00,0.0,0.0
2024-07-30 04:00:00,0.0,0.0
2024-07-30 05:00:00,0.0,0.0
2024-07-30 06:00:00,0.0,0.0
2024-07-30 07:00:00,0.0,0.0
2024-07-30 08:00:00,0.0,0.0
2024-07-30 09:00:00,0.0,0.0
2024-07-30 10:00:00,0.11926008888196793,0.11926008888196793
2024-07-30 11:00:00,0.5642541625888143,0.5642541625888143
2024-07-30 12:00:00,0.9874633941018494,0.9874633941018494
2024-07-30 13:00:00,1.749097159074859,1.749097159074859
2024-07-30 14:00:00,2.5767069208786513,2.5767069208786513
2024-07-30 15:00:00,2.906136558641132,2.906136558641132
2024-07-30 16:00:00,3.396287308982968,3.396287308982968
2024-07-30 17:00:00,3.288124786841932,3.288124786841932
2024-07-30 18:00:00,3.588974386929886,3.588974386929886
2024-07-30 19:00:00,3.534405249677996,3.534405249677996
2024-07-30 20:00:00,3.2023485716565383,3.2023485716565383
2024-07-30 21:00:00,3.0103653537426482,3.0103653537426482
2024-07-30 22:00:00,0.0,0.0
2024-07-30 23:00:00,0.0,0.0
2024-07-31 00:00:00,0.0,0.0
2024-07-31 01:00:00,0.0,0.0
2024-07-31 02:00:00,0.0,0.0
2024-07-31 03:00:00,0.0,0.0
2024-07-31 04:00:00,0.0,0.0
2024-07-31 05:00:00,0.0,0.0
2024-07-31 06:00:00,0.0,0.0
2024-07-31 07:00:00,0.0,0.0
2024-07-31 08:00:00,0.0,0.0
2024-07-31 09:00:00,0.0,0.0
2024-07-31 10:00:00,0.10833651310022747,0.10833651310022747
2024-07-31 11:00:00,0.5141068609104157,0.5141068609104157
2024-07-31 12:00:00,1.0043346973589828,1.0043346973589828
2024-07-31 13:00:00,1.528225693895279,1.528225693895279
2024-07-31 14:00:00,1.8813328671933374,1.8813328671933374
2024-07-31 15:00:00,2.800905712818958,2.800905712818958
2024-07-31 16:00:00,2.871914573603403,2.871914573603403
2024-07-31 17:00:00,3.6174833584482076,3.6174833584482076
2024-07-31 18:00:00,3.840252109574096,3.840252109574096
2024-07-31 19:00:00,3.2671517601746816,3.2671517601746816
2024-07-31 20:00:00,3.449848766015744,3.449848766015744
2024-07-31 21:00:00,3.393525017335609,3.393525017335609
2024-07-31 22:00:00,0.0,0.0
2024-07-31 23:00:00,0.0,0.0
2024-08-01 00:00:00,0.0,0.0
2024-08-01 01:00:00,0.0,0.0
2024-08-01 02:00:00,0.0,0.0
2024-08-01 03:00:00,0.0,0.0
2024-08-01 04:00:00,0.0,0.0
2024-08-01 05:00:00,0.0,0.0
2024-08-01 06:00:00,0.0,0.0
2024-08-01 07:00:00,0.0,0.0
2024-08-01 08:00:00,0.0,0.0
2024-08-01 09:00:00,0.0,0.0
2024-08-01 10:00:00,0.1324519972516296,0.1324519972516296
2024-08-01 11:00:00,0.42955192755819777,0.42955192755819777
2024-08-01 12:00:00,0.9383330051171799,0.9383330051171799
2024-08-01 13:00:00,1.5651333781963779,1.5651333781963779
2024-08-01 14:00:00,2.2251707192219037,2.2251707192219037
2024-08-01 15:00:00,2.8938223284625577,2.8938223284625577
2024-08-01 16:00:00,3.626016864568381,3.626016864568381
2024-08-01 17:00:00,3.6390320808730134,3.6390320808730134
2024-08-01 18:00:00,4.097395846295009,4.097395846295009
2024-08-01 19:00:00,2.9913487620212664,2.9913487620212664
2024-08-01 20:00:00,2.941094149813823,2.941094149813823
2024-08-01 21:00:00,3.4074392647725227,3.4074392647725227
2024-08-01 22:00:00,0.0,0.0
2024-08-01 23:00:00,0.0,0.0
2024-08-02 00:00:00,0.0,0.0
2024-08-02 01:00:00,0.0,0.0
2024-08-02 02:00:00,0.0,0.0
2024-08-02 03:00:00,0.0,0.0
2024-08-02 04:00:00,0.0,0.0
2024-08-02 05:00:00,0.0,0.0
2024-08-02 06:00:00,0.0,0.0
2024-08-02 07:00:00,0.0,0.0
2024-08-02 08:00:00,0.0,0.0
2024-08-02 09:00:00,0.0,0.0
2024-08-02 10:00:00,0.13348399683843423,0.13348399683843423
2024-08-02 11:00:00,0.45173176403457166,0.45173176403457166
2024-08-02 12:00:00,1.0682494283112833,1.0682494283112833
2024-08-02 13:00:00,1.619152077853643,1.619152077853643
2024-08-02 14:00:00,1.951980854639439,1.951980854639439
2024-08-02 15:00:00,2.8902043533186665,2.8902043533186665
2024-08-02 16:00:00,2.9809078992291633,2.9809078992291633
2024-08-02 17:00:00,4.0908484431331535,4.0908484431331535
2024-08-02 18:00:00,3.734726723068606,3.734726723068606
2024-08-02 19:00:00,3.1012757386411907,3.1012757386411907
2024-08-02 20:00:00,3.1301993117949087,3.1301993117949087
2024-08-02 21:00:00,3.297533345773015,3.297533345773015
2024-08-02 22:00:00,0.0,0.0
2024-08-02 23:00:00,0.0,0.0
2024-08-03 00:00:00,0.0,0.0
2024-08-03 01:00:00,0.0,0.0
2024-08-03 02:00:00,0.0,0.0
2024-08-03 03:00:00,0.0,0.0
2024-08-03 04:00:00,0.0,0.0
2024-08-03 05:00:00,0.0,0.0
2024-08-03 06:00:00,0.0,0.0
2024-08-03 07:00:00,0.0,0.0
2024-08-03 08:00:00,0.0,0.0
2024-08-03 09:00:00,0.0,0.0
2024-08-03 10:00:00,0.08461571522665709,0.08461571522665709
2024-08-03 11:00:00,0.32307705064299397,0.32307705064299397
2024-08-03 12:00:00,0.5878266351954753,0.5878266351954753
2024-08-03 13:00:00,0.9909092668572023,0.9909092668572023
2024-08-03 14:00:00,1.7084133949879055,1.7084133949879055
2024-08-03 15:00:00,1.6947510595189108,1.6947510595189108
2024-08-03 16:00:00,2.522936489678043,2.522936489678043
2024-08-03 17:00:00,2.9283029247191603,2.9283029247191603
2024-08-03 18:00:00,2.339613625717998,2.339613625717998
2024-08-03 19:00:00,2.199707284655971,2.199707284655971
2024-08-03 20:00:00,2.0144434965937648,2.0144434965937648
2024-08-03 21:00:00,2.429685727478902,2.429685727478902
2024-08-03 22:00:00,0.0,0.0
2024-08-03 23:00:00,0.0,0.0
2024-08-04 00:00:00,0.0,0.0
2024-08-04 01:00:00,0.0,0.0
2024-08-04 02:00:00,0.0,0.0
2024-08-04 03:00:00,0.0,0.0
2024-08-04 04:00:00,0.0,0.0
2024-08-04 05:00:00,0.0,0.0
2024-08-04 06:00:00,0.0,0.0
2024-08-04 07:00:00,0.0,0.0
2024-08-04 08:00:00,0.0,0.0
2024-08-04 09:00:00,0.0,0.0
2024-08-04 10:00:00,0.08806232884553117,0.08806232884553117
2024-08-04 11:00:00,0.3529635818847523,0.3529635818847523
2024-08-04 12:00:00,0.7723224875062037,0.7723224875062037
2024-08-04 13:00:00,1.2214885530388409,1.2214885530388409
2024-08-04 14:00:00,1.4748728310825752,1.4748728310825752
2024-08-04 15:00:00,1.6474283314910865,1.6474283314910865
2024-08-04 16:00:00,2.3369773790844484,2.3369773790844484
2024-08-04 17:00:00,2.6232211858531573,2.6232211858531573
2024-08-04 18:00:00,2.90521664344295,2.90521664344295
2024-08-04 19:00:00,2.0290781912775344,2.0290781912775344
2024-08-04 20:00:00,2.5729273143907223,2.5729273143907223
2024-08-04 21:00:00,2.44447469605772,2.44447469605772
2024-08-04 22:00:00,0.0,0.0
2024-08-04 23:00:00,0.0,0.0
2024-08-05 00:00:00,0.0,0.0
2024-08-05 01:00:00,0.0,0.0
2024-08-05 02:00:00,0.0,0.0
2024-08-05 03:00:00,0.0,0.0
2024-08-05 04:00:00,0.0,0.0
2024-08-05 05:00:00,0.0,0.0
2024-08-05 06:00:00,0.0,0.0
2024-08-05 07:00:00,0.0,0.0
2024-08-05 08:00:00,0.0,0.0
2024-08-05 09:00:00,0.0,0.0
2024-08-05 10:00:00,0.13104089316103612,0.13104089316103612
2024-08-05 11:00:00,0.4693277116330894,0.4693277116330894
2024-08-05 12:00:00,0.9110398515963776,0.9110398515963776
2024-08-05 13:00:00,1.5474425468135833,1.5474425468135833
2024-08-05 14:00:00,2.4639645336227534,2.4639645336227534
2024-08-05 15:00:00,2.6343585297558847,2.6343585297558847
2024-08-05 16:00:00,3.081073499959696,3.081073499959696
2024-08-05 17:00:00,3.64642443367536,3.64642443367536
2024-08-05 18:00:00,3.6055623235614442,3.6055623235614442
2024-08-05 19:00:00,3.554034836235189,3.554034836235189
2024-08-05 20:00:00,3.2393915500257826,3.2393915500257826
2024-08-05 21:00:00,3.550981812679554,3.550981812679554
2024-08-05 22:00:00,0.0,0.0
2024-08-05 23:00:00,0.0,0.0
2024-08-06 00:00:00,0.0,0.0
2024-08-06 01:00:00,0.0,0.0
2024-08-06 02:00:00,0.0,0.0
2024-08-06 03:00:00,0.0,0.0
2024-08-06 04:00:00,0.0,0.0
2024-08-06 05:00:00,0.0,0.0
2024-08-06 06:00:00,0.0,0.0
2024-08-06 07:00:00,0.0,0.0
2024-08-06 08:00:00,0.0,0.0
2024-08-06 09:00:00,0.0,0.0
2024-08-06 10:00:00,0.1231916818953154,0.1231916818953154
2024-08-06 11:00:00,0.5016611003738379,0.5016611003738379
2024-08-06 12:00:00,1.0190124538004424,1.0190124538004424
2024-08-06 13:00:00,1.6892675984129355,1.6892675984129355
2024-08-06 14:00:00,2.560653178990256,2.560653178990256
2024-08-06 15:00:00,2.9736987813237885,2.9736987813237885
2024-08-06 16:00:00,3.7427348493315358,3.7427348493315358
2024-08-06 17:00:00,3.870217933009071,3.870217933009071
2024-08-06 18:00:00,3.4673100008432836,3.4673100008432836
2024-08-06 19:00:00,3.808362047104387,3.808362047104387
2024-08-06 20:00:00,3.2530459630464637,3.2530459630464637
2024-08-06 21:00:00,3.0753503521200827,3.0753503521200827
2024-08-06 22:00:00,0.0,0.0
2024-08-06 23:00:00,0.0,0.0
2024-08-07 00:00:00,0.0,0.0
2024-08-07 01:00:00,0.0,0.0
2024-08-07 02:00:00,0.0,0.0
2024-08-07 03:00:00,0.0,0.0
2024-08-07 04:00:00,0.0,0.0
2024-08-07 05:00:00,0.0,0.0
2024-08-07 06:00:00,0.0,0.0
2024-08-07 07:00:00,0.0,0.0
2024-08-07 08:00:00,0.0,0.0
2024-08-07 09:00:00,0.0,0.0
2024-08-07 10:00:00,0.12279069607860767,0.12279069607860767
2024-08-07 11:00:00,0.5023058627301016,0.5023058627301016
2024-08-07 12:00:00,0.8939069872738798,0.8939069872738798
2024-08-07 13:00:00,1.556423298038587,1.556423298038587
2024-08-07 14:00:00,2.459062929965524,2.459062929965524
2024-08-07 15:00:00,2.5946493524332817,2.5946493524332817
2024-08-07 16:00:00,2.8225445136359935,2.8225445136359935
2024-08-07 17:00:00,3.5785876571199227,3.5785876571199227
2024-08-07 18:00:00,3.879558015746584,3.879558015746584
2024-08-07 19:00:00,3.418192553849213,3.418192553849213
2024-08-07 20:00:00,3.213676629207054,3.213676629207054
2024-08-07 21:00:00,3.749895214354669,3.749895214354669
2024-08-07 22:00:00,0.0,0.0
2024-08-07 23:00:00,0.0,0.0
2024-08-08 00:00:00,0.0,0.0
2024-08-08 01:00:00,0.0,0.0
2024-08-08 02:00:00,0.0,0.0
2024-08-08 03:00:00,0.0,0.0
2024-08-08 04:00:00,0.0,0.0
2024-08-08 05:00:00,0.0,0.0
2024-08-08 06:00:00,0.0,0.0
2024-08-08 07:00:00,0.0,0.0
2024-08-08 08:00:00,0.0,0.0
2024-08-08 09:00:00,0.0,0.0
2024-08-08 10:00:00,0.11659486754323163,0.11659486754323163
2024-08-08 11:00:00,0.45741090298153725,0.45741090298153725
2024-08-08 12:00:00,0.8121731911415462,0.8121731911415462
2024-08-08 13:00:00,1.6480920232308287,1.6480920232308287
2024-08-08 14:00:00,1.8777088767782564,1.8777088767782564
2024-08-08 15:00:00,2.8357929901027776,2.8357929901027776
2024-08-08 16:00:00,2.7759796821595093,2.7759796821595093
2024-08-08 17:00:00,3.928012604478907,3.928012604478907
2024-08-08 18:00:00,3.561416784534901,3.561416784534901
2024-08-08 19:00:00,2.8282075589561084,2.8282075589561084
2024-08-08 20:00:00,2.8658923714012148,2.8658923714012148
2024-08-08 21:00:00,3.020868828783124,3.020868828783124
2024-08-08 22:00:00,0.0,0.0
2024-08-08 23:00:00,0.0,0.0
2024-08-09 00:00:00,0.0,0.0
2024-08-09 01:00:00,0.0,0.0
2024-08-09 02:00:00,0.0,0.0
2024-08-09 03:00:00,0.0,0.0
2024-08-09 04:00:00,0.0,0.0
2024-08-09 05:00:00,0.0,0.0
2024-08-09 06:00:00,0.0,0.0
2024-08-09 07:00:00,0.0,0.0
2024-08-09 08:00:00,0.0,0.0
2024-08-09 09:00:00,0.0,0.0
2024-08-09 10:00:00,0.12249393945001943,0.12249393945001943
2024-08-09 11:00:00,0.5060745269672302,0.5060745269672302
2024-08-09 12:00:00,1.0604267201594721,1.0604267201594721
2024-08-09 13:00:00,1.5501220700825806,1.5501220700825806
2024-08-09 14:00:00,2.233821966964837,2.233821966964837
2024-08-09 15:00:00,2.7840347520540867,2.7840347520540867
2024-08-09 16:00:00,2.8625058952106013,2.8625058952106013
2024-08-09 17:00:00,3.8139391905239535,3.8139391905239535
2024-08-09 18:00:00,3.687559583481782,3.687559583481782
2024-08-09 19:00:00,3.1599997654614174,3.1599997654614174
2024-08-09 20:00:00,3.448402798830271,3.448402798830271
2024-08-09 21:00:00,3.349105232877297,3.349105232877297
2024-08-09 22:00:00,0.0,0.0
2024-08-09 23:00:00,0.0,0.0
2024-08-10 00:00:00,0.0,0.0
2024-08-10 01:00:00,0.0,0.0
2024-08-10 02:00:00,0.0,0.0
2024-08-10 03:00:00,0.0,0.0
2024-08-10 04:00:00,0.0,0.0
2024-08-10 05:00:00,0.0,0.0
2024-08-10 06:00:00,0.0,0.0
2024-08-10 07:00:00,0.0,0.0
2024-08-10 08:00:00,0.0,0.0
2024-08-10 09:00:00,0.0,0.0
2024-08-10 10:00:00,0.08280611866833412,0.08280611866833412
2024-08-10 11:00:00,0.34487389612712643,0.34487389612712643
2024-08-10 12:00:00,0.7307156577158935,0.7307156577158935
2024-08-10 13:00:00,1.1713634726068713,1.1713634726068713
2024-08-10 14:00:00,1.8529871901618862,1.8529871901618862
2024-08-10 15:00:00,2.129149668235148,2.129149668235148
2024-08-10 16:00:00,2.2124353615535495,2.2124353615535495
2024-08-10 17:00:00,2.6200404497163396,2.6200404497163396
2024-08-10 18:00:00,2.8297313333348804,2.8297313333348804
2024-08-10 19:00:00,2.0943461845113305,2.0943461845113305
2024-08-10 20:00:00,2.683109396418441,2.683109396418441
2024-08-10 21:00:00,2.568980652195713,2.568980652195713
2024-08-10 22:00:00,0.0,0.0
2024-08-10 23:00:00,0.0,0.0
2024-08-11 00:00:00,0.0,0.0
2024-08-11 01:00:00,0.0,0.0
2024-08-11 02:00:00,0.0,0.0
2024-08-11 03:00:00,0.0,0.0
2024-08-11 04:00:00,0.0,0.0
2024-08-11 05:00:00,0.0,0.0
2024-08-11 06:00:00,0.0,0.0
2024-08-11 07:00:00,0.0,0.0
2024-08-11 08:00:00,0.0,0.0
2024-08-11 09:00:00,0.0,0.0
2024-08-11 10:00:00,0.0744189581433553,0.0744189581433553
2024-08-11 11:00:00,0.3148066424158816,0.3148066424158816
2024-08-11 12:00:00,0.7214618152665315,0.7214618152665315
2024-08-11 13:00:00,0.9050306850988868,0.9050306850988868
2024-08-11 14:00:00,1.3369622508782701,1.3369622508782701
2024-08-11 15:00:00,1.724436832455134,1.724436832455134
2024-08-11 16:00:00,2.3170633560718725,2.3170633560718725
2024-08-11 17:00:00,2.230387313220136,2.230387313220136
2024-08-11 18:00:00,2.6885377609481242,2.6885377609481242
2024-08-11 19:00:00,2.410096264340083,2.410096264340083
2024-08-11 20:00:00,2.202161180982165,2.202161180982165
2024-08-11 21:00:00,1.9060382551256876,1.9060382551256876
2024-08-11 22:00:00,0.0,0.0
2024-08-11 23:00:00,0.0,0.0
2024-08-12 00:00:00,0.0,0.0
2024-08-12 01:00:00,0.0,0.0
2024-08-12 02:00:00,0.0,0.0
2024-08-12 03:00:00,0.0,0.0
2024-08-12 04:00:00,0.0,0.0
2024-08-12 05:00:00,0.0,0.0
2024-08-12 06:00:00,0.0,0.0
2024-08-12 07:00:00,0.0,0.0
2024-08-12 08:00:00,0.0,0.0
2024-08-12 09:00:00,0.0,0.0
2024-08-12 10:00:00,0.14119910866513363,0.14119910866513363
2024-08-12 11:00:00,0.49038158375545476,0.49038158375545476
2024-08-12 12:00:00,1.0579170392965045,1.0579170392965045
2024-08-12 13:00:00,1.4844404653410441,1.4844404653410441
2024-08-12 14:00:00,1.9922230779226404,1.9922230779226404
2024-08-12 15:00:00,2.37229052788888,2.37229052788888
2024-08-12 16:00:00,3.5568909657615997,3.5568909657615997
2024-08-12 17:00:00,4.0883353689200295,4.0883353689200295
2024-08-12 18:00:00,3.613609127100741,3.613609127100741
2024-08-12 19:00:00,3.2271514075501404,3.2271514075501404
2024-08-12 20:00:00,3.191661299302951,3.191661299302951
2024-08-12 21:00:00,2.811525259934461,2.811525259934461
2024-08-12 22:00:00,0.0,0.0
2024-08-12 23:00:00,0.0,0.0
2024-08-13 00:00:00,0.0,0.0
2024-08-13 01:00:00,0.0,0.0
2024-08-13 02:00:00,0.0,0.0
2024-08-13 03:00:00,0.0,0.0
2024-08-13 04:00:00,0.0,0.0
2024-08-13 05:00:00,0.0,0.0
2024-08-13 06:00:00,0.0,0.0
2024-08-13 07:00:00,0.0,0.0
2024-08-13 08:00:00,0.0,0.0
2024-08-13 09:00:00,0.0,0.0
2024-08-13 10:00:00,0.11190434498000541,0.11190434498000541
2024-08-13 11:00:00,0.4129686277613172,0.4129686277613172
2024-08-13 12:00:00,0.8586572668755585,0.8586572668755585
2024-08-13 13:00:00,1.2032232173959423,1.2032232173959423
2024-08-13 14:00:00,2.292042572775056,2.292042572775056
2024-08-13 15:00:00,2.7037758470689934,2.7037758470689934
2024-08-13 16:00:00,3.1914453968487586,3.1914453968487586
2024-08-13 17:00:00,3.3284376280882926,3.3284376280882926
2024-08-13 18:00:00,3.4657733365515266,3.4657733365515266
2024-08-13 19:00:00,3.0164399068477405,3.0164399068477405
2024-08-13 20:00:00,2.5751378383887027,2.5751378383887027
2024-08-13 21:00:00,2.9223014705515444,2.9223014705515444
2024-08-13 22:00:00,0.0,0.0
2024-08-13 23:00:00,0.0,0.0
2024-08-14 00:00:00,0.0,0.0
2024-08-14 01:00:00,0.0,0.0
2024-08-14 02:00:00,0.0,0.0
2024-08-14 03:00:00,0.0,0.0
2024-08-14 04:00:00,0.0,0.0
2024-08-14 05:00:00,0.0,0.0
2024-08-14 06:00:00,0.0,0.0
2024-08-14 07:00:00,0.0,0.0
2024-08-14 08:00:00,0.0,0.0
2024-08-14 09:00:00,0.0,0.0
2024-08-14 10:00:00,0.1375694523344651,0.1375694523344651
2024-08-14 11:00:00,0.43238959410446065,0.43238959410446065
2024-08-14 12:00:00,0.9031555846423951,0.9031555846423951
2024-08-14 13:00:00,1.4193093390601803,1.4193093390601803
2024-08-14 14:00:00,2.155675461499379,2.155675461499379
2024-08-14 15:00:00,2.619681265095352,2.619681265095352
2024-08-14 16:00:00,2.8158287208368358,2.8158287208368358
2024-08-14 17:00:00,3.924079227055369,3.924079227055369
2024-08-14 18:00:00,3.179283635816946,3.179283635816946
2024-08-14 19:00:00,3.4761649661807272,3.4761649661807272
2024-08-14 20:00:00,2.7219336259168783,2.7219336259168783
2024-08-14 21:00:00,3.506486946262875,3.506486946262875
2024-08-14 22:00:00,0.0,0.0
2024-08-14 23:00:00,0.0,0.0
2024-08-15 00:00:00,0.0,0.0
2024-08-15 01:00:00,0.0,0.0
2024-08-15 02:00:00,0.0,0.0
2024-08-15 03:00:00,0.0,0.0
2024-08-15 04:00:00,0.0,0.0
2024-08-15 05:00:00,0.0,0.0
2024-08-15 06:00:00,0.0,0.0
2024-08-15 07:00:00,0.0,0.0
2024-08-15 08:00:00,0.0,0.0
2024-08-15 09:00:00,0.0,0.0
2024-08-15 10:00:00,0.130188683568638,0.130188683568638
2024-08-15 11:00:00,0.43029712587857266,0.43029712587857266
2024-08-15 12:00:00,0.9300847884174325,0.9300847884174325
2024-08-15 13:00:00,1.5534537142908187,1.5534537142908187
2024-08-15 14:00:00,1.8544297982567324,1.8544297982567324
2024-08-15 15:00:00,2.6106861329023783,2.6106861329023783
2024-08-15 16:00:00,2.7938727468675295,2.7938727468675295
2024-08-15 17:00:00,3.7131875891440624,3.7131875891440624
2024-08-15 18:00:00,3.100813678424945,3.100813678424945
2024-08-15 19:00:00,2.6210732160724683,2.6210732160724683
2024-08-15 20:00:00,2.74843035585417,2.74843035585417
2024-08-15 21:00:00,3.2262986671162426,3.2262986671162426
2024-08-15 22:00:00,0.0,0.0
2024-08-15 23:00:00,0.0,0.0
2024-08-16 00:00:00,0.0,0.0
2024-08-16 01:00:00,0.0,0.0
2024-08-16 02:00:00,0.0,0.0
2024-08-16 03:00:00,0.0,0.0
2024-08-16 04:00:00,0.0,0.0
2024-08-16 05:00:00,0.0,0.0
2024-08-16 06:00:00,0.0,0.0
2024-08-16 07:00:00,0.0,0.0
2024-08-16 08:00:00,0.0,0.0
2024-08-16 09:00:00,0.0,0.0
2024-08-16 10:00:00,0.11718685541088301,0.11718685541088301
2024-08-16 11:00:00,0.5808600610454763,0.5808600610454763
2024-08-16 12:00:00,1.1599012529837511,1.1599012529837511
2024-08-16 13:00:00,1.633817599347453,1.633817599347453
2024-08-16 14:00:00,2.55621926329584,2.55621926329584
2024-08-16 15:00:00,2.3912049107905493,2.3912049107905493
2024-08-16 16:00:00,3.435168326336892,3.435168326336892
2024-08-16 17:00:00,4.360024336808805,4.360024336808805
2024-08-16 18:00:00,3.3030289703660816,3.3030289703660816
2024-08-16 19:00:00,3.2149124263246645,3.2149124263246645
2024-08-16 20:00:00,3.285727293889112,3.285727293889112
2024-08-16 21:00:00,3.66850824258809,3.66850824258809
2024-08-16 22:00:00,0.0,0.0
2024-08-16 23:00:00,0.0,0.0
2024-08-17 00:00:00,0.0,0.0
2024-08-17 01:00:00,0.0,0.0
2024-08-17 02:00:00,0.0,0.0
2024-08-17 03:00:00,0.0,0.0
2024-08-17 04:00:00,0.0,0.0
2024-08-17 05:00:00,0.0,0.0
2024-08-17 06:00:00,0.0,0.0
2024-08-17 07:00:00,0.0,0.0
2024-08-17 08:00:00,0.0,0.0
2024-08-17 09:00:00,0.0,0.0
2024-08-17 10:00:00,0.09435152109625945,0.09435152109625945
2024-08-17 11:00:00,0.3399324319519414,0.3399324319519414
2024-08-17 12:00:00,0.6423178374928213,0.6423178374928213
2024-08-17 13:00:00,0.9082950922481072,0.9082950922481072
2024-08-17 14:00:00,1.5635546759862,1.5635546759862
2024-08-17 15:00:00,1.6388361015562536,1.6388361015562536
2024-08-17 16:00:00,2.334637238388166,2.334637238388166
2024-08-17 17:00:00,2.2367635280966076,2.2367635280966076
2024-08-17 18:00:00,2.639440232394037,2.639440232394037
2024-08-17 19:00:00,2.079746365566636,2.079746365566636
2024-08-17 20:00:00,2.2016006689549545,2.2016006689549545
2024-08-17 21:00:00,2.005278083140121,2.005278083140121
2024-08-17 22:00:00,0.0,0.0
2024-08-17 23:00:00,0.0,0.0
2024-08-18 00:00:00,0.0,0.0
2024-08-18 01:00:00,0.0,0.0
2024-08-18 02:00:00,0.0,0.0
2024-08-18 03:00:00,0.0,0.0
2024-08-18 04:00:00,0.0,0.0
2024-08-18 05:00:00,0.0,0.0
2024-08-18 06:00:00,0.0,0.0
2024-08-18 07:00:00,0.0,0.0
2024-08-18 08:00:00,0.0,0.0
2024-08-18 09:00:00,0.0,0.0
2024-08-18 10:00:00,0.08548329292698853,0.08548329292698853
2024-08-18 11:00:00,0.3364426513781982,0.3364426513781982
2024-08-18 12:00:00,0.6821373349376527,0.6821373349376527
2024-08-18 13:00:00,1.0169521113951203,1.0169521113951203
2024-08-18 14:00:00,1.6343895483473336,1.6343895483473336
2024-08-18 15:00:00,1.9613827592450654,1.9613827592450654
2024-08-18 16:00:00,2.326439001018384,2.326439001018384
2024-08-18 17:00:00,2.672218863097756,2.672218863097756
2024-08-18 18:00:00,2.8437152660694816,2.8437152660694816
2024-08-18 19:00:00,2.273596391986031,2.273596391986031
2024-08-18 20:00:00,2.2218923711574665,2.2218923711574665
2024-08-18 21:00:00,2.136709001992946,2.136709001992946
2024-08-18 22:00:00,0.0,0.0
2024-08-18 23:00:00,0.0,0.0
2024-08-19 00:00:00,0.0,0.0
2024-08-19 01:00:00,0.0,0.0
2024-08-19 02:00:00,0.0,0.0
2024-08-19 03:00:00,0.0,0.0
2024-08-19 04:00:00,0.0,0.0
2024-08-19 05:00:00,0.0,0.0
2024-08-19 06:00:00,0.0,0.0
2024-08-19 07:00:00,0.0,0.0
2024-08-19 08:00:00,0.0,0.0
2024-08-19 09:00:00,0.0,0.0
2024-08-19 10:00:00,0.12079821838650184,0.12079821838650184
2024-08-19 11:00:00,0.46352753472340125,0.46352753472340125
2024-08-19 12:00:00,0.900627278152159,0.900627278152159
2024-08-19 13:00:00,1.4226167732856863,1.4226167732856863
2024-08-19 14:00:00,2.0346924250114915,2.0346924250114915
2024-08-19 15:00:00,2.4183061330922238,2.4183061330922238
2024-08-19 16:00:00,3.316164469445498,3.316164469445498
2024-08-19 17:00:00,3.680426278959734,3.680426278959734
2024-08-19 18:00:00,4.060478614137199,4.060478614137199
2024-08-19 19:00:00,3.528428887376844,3.528428887376844
2024-08-19 20:00:00,2.7387340760567307,2.7387340760567307
2024-08-19 21:00:00,2.9955659159174544,2.9955659159174544
2024-08-19 22:00:00,0.0,0.0
2024-08-19 23:00:00,0.0,0.0
2024-08-20 00:00:00,0.0,0.0
2024-08-20 01:00:00,0.0,0.0
2024-08-20 02:00:00,0.0,0.0
2024-08-20 03:00:00,0.0,0.0
2024-08-20 04:00:00,0.0,0.0
2024-08-20 05:00:00,0.0,0.0
2024-08-20 06:00:00,0.0,0.0
2024-08-20 07:00:00,0.0,0.0
2024-08-20 08:00:00,0.0,0.0
2024-08-20 09:00:00,0.0,0.0
2024-08-20 10:00:00,0.11010866464354103,0.11010866464354103
2024-08-20 11:00:00,0.5476440342117856,0.5476440342117856
2024-08-20 12:00:00,0.8692007069137528,0.8692007069137528
2024-08-20 13:00:00,1.3904804915582019,1.3904804915582019
2024-08-20 14:00:00,2.3313320476706174,2.3313320476706174
2024-08-20 15:00:00,2.3875827387183874,2.3875827387183874
2024-08-20 16:00:00,3.020909588896982,3.020909588896982
2024-08-20 17:00:00,3.233669734106441,3.233669734106441
2024-08-20 18:00:00,4.202202117124095,4.202202117124095
2024-08-20 19:00:00,3.3587041816671652,3.3587041816671652
2024-08-20 20:00:00,3.2899483342226925,3.2899483342226925
2024-08-20 21:00:00,3.6930237626763858,3.6930237626763858
2024-08-20 22:00:00,0.0,0.0
2024-08-20 23:00:00,0.0,0.0
2024-08-21 00:00:00,0.0,0.0
2024-08-21 01:00:00,0.0,0.0
2024-08-21 02:00:00,0.0,0.0
2024-08-21 03:00:00,0.0,0.0
2024-08-21 04:00:00,0.0,0.0
2024-08-21 05:00:00,0.0,0.0
2024-08-21 06:00:00,0.0,0.0
2024-08-21 07:00:00,0.0,0.0
2024-08-21 08:00:00,0.0,0.0
2024-08-21 09:00:00,0.0,0.0
2024-08-21 10:00:00,0.12981597092233674,0.12981597092233674
2024-08-21 11:00:00,0.5225743429186374,0.5225743429186374
2024-08-21 12:00:00,0.9417503084624376,0.9417503084624376
2024-08-21 13:00:00,1.4909504990910063,1.4909504990910063
2024-08-21 14:00:00,2.4150979275314723,2.4150979275314723
2024-08-21 15:00:00,2.4218541222907106,2.4218541222907106
2024-08-21 16:00:00,3.415987691772637,3.415987691772637
2024-08-21 17:00:00,3.8507839059289903,3.8507839059289903
2024-08-21 18:00:00,4.003714281198974,4.003714281198974
2024-08-21 19:00:00,3.633059189799736,3.633059189799736
2024-08-21 20:00:00,3.6881118154222516,3.6881118154222516
2024-08-21 21:00:00,2.933401634260564,2.933401634260564
2024-08-21 22:00:00,0.0,0.0
2024-08-21 23:00:00,0.0,0.0
2024-08-22 00:00:00,0.0,0.0
2024-08-22 01:00:00,0.0,0.0
2024-08-22 02:00:00,0.0,0.0
2024-08-22 03:00:00,0.0,0.0
2024-08-22 04:00:00,0.0,0.0
2024-08-22 05:00:00,0.0,0.0
2024-08-22 06:00:00,0.0,0.0
2024-08-22 07:00:00,0.0,0.0
2024-08-22 08:00:00,0.0,0.0
2024-08-22 09:00:00,0.0,0.0
2024-08-22 10:00:00,0.10751654404618982,0.10751654404618982
2024-08-22 11:00:00,0.4855908833746229,0.4855908833746229
2024-08-22 12:00:00,1.0821936404862456,1.0821936404862456
2024-08-22 13:00:00,1.3795981264660249,1.3795981264660249
2024-08-22 14:00:00,2.393997149274458,2.393997149274458
2024-08-22 15:00:00,2.597550367469296,2.597550367469296
2024-08-22 16:00:00,3.0435501256926454,3.0435501256926454
2024-08-22 17:00:00,3.534271507626171,3.534271507626171
2024-08-22 18:00:00,3.648606118956369,3.648606118956369
2024-08-22 19:00:00,3.4351485134771824,3.4351485134771824
2024-08-22 20:00:00,3.2298213543699705,3.2298213543699705
2024-08-22 21:00:00,3.6490638358971523,3.6490638358971523
2024-08-22 22:00:00,0.0,0.0
2024-08-22 23:00:00,0.0,0.0
2024-08-23 00:00:00,0.0,0.0
2024-08-23 01:00:00,0.0,0.0
2024-08-23 02:00:00,0.0,0.0
2024-08-23 03:00:00,0.0,0.0
2024-08-23 04:00:00,0.0,0.0
2024-08-23 05:00:00,0.0,0.0
2024-08-23 06:00:00,0.0,0.0
2024-08-23 07:00:00,0.0,0.0
2024-08-23 08:00:00,0.0,0.0
2024-08-23 09:00:00,0.0,0.0
2024-08-23 10:00:00,0.1383205241460202,0.1383205241460202
2024-08-23 11:00:00,0.4478427449713728,0.4478427449713728
2024-08-23 12:00:00,0.8511534770135429,0.8511534770135429
2024-08-23 13:00:00,1.3553471607247585,1.3553471607247585
2024-08-23 14:00:00,2.316206346469022,2.316206346469022
2024-08-23 15:00:00,2.344588739092409,2.344588739092409
2024-08-23 16:00:00,3.1179992179879235,3.1179992179879235
2024-08-23 17:00:00,4.126477893083172,4.126477893083172
2024-08-23 18:00:00,3.616675789675184,3.616675789675184
2024-08-23 19:00:00,3.794452106620908,3.794452106620908
2024-08-23 20:00:00,3.5627234905781933,3.5627234905781933
2024-08-23 21:00:00,3.1191778900226685,3.1191778900226685
2024-08-23 22:00:00,0.0,0.0
2024-08-23 23:00:00,0.0,0.0
2024-08-24 00:00:00,0.0,0.0
2024-08-24 01:00:00,0.0,0.0
2024-08-24 02:00:00,0.0,0.0
2024-08-24 03:00:00,0.0,0.0
2024-08-24 04:00:00,0.0,0.0
2024-08-24 05:00:00,0.0,0.0
2024-08-24 06:00:00,0.0,0.0
2024-08-24 07:00:00,0.0,0.0
2024-08-24 08:00:00,0.0,0.0
2024-08-24 09:00:00,0.0,0.0
2024-08-24 10:00:00,0.08301953621296038,0.08301953621296038
2024-08-24 11:00:00,0.3784504020995186,0.3784504020995186
2024-08-24 12:00:00,0.7246270415423903,0.7246270415423903
2024-08-24 13:00:00,0.9879429693915655,0.9879429693915655
2024-08-24 14:00:00,1.666873470186927,1.666873470186927
2024-08-24 15:00:00,2.0184842632917332,2.0184842632917332
2024-08-24 16:00:00,2.367584661736217,2.367584661736217
2024-08-24 17:00:00,2.5256598116780213,2.5256598116780213
2024-08-24 18:00:00,2.8094280110243997,2.8094280110243997
2024-08-24 19:00:00,2.4884795536983058,2.4884795536983058
2024-08-24 20:00:00,2.0182023340180577,2.0182023340180577
2024-08-24 21:00:00,2.2029789695568636,2.2029789695568636
2024-08-24 22:00:00,0.0,0.0
2024-08-24 23:00:00,0.0,0.0
2024-08-25 00:00:00,0.0,0.0
2024-08-25 01:00:00,0.0,0.0
2024-08-25 02:00:00,0.0,0.0
2024-08-25 03:00:00,0.0,0.0
2024-08-25 04:00:00,0.0,0.0
2024-08-25 05:00:00,0.0,0.0
2024-08-25 06:00:00,0.0,0.0
2024-08-25 07:00:00,0.0,0.0
2024-08-25 08:00:00,0.0,0.0
2024-08-25 09:00:00,0.0,0.0
2024-08-25 10:00:00,0.10343969095766303,0.10343969095766303
2024-08-25 11:00:00,0.39709108088050604,0.39709108088050604
2024-08-25 12:00:00,0.6891746657984108,0.6891746657984108
2024-08-25 13:00:00,1.2343940653764152,1.2343940653764152
2024-08-25 14:00:00,1.5363490181190418,1.5363490181190418
2024-08-25 15:00:00,2.2589134374225046,2.2589134374225046
2024-08-25 16:00:00,2.762575730616319,2.762575730616319
2024-08-25 17:00:00,2.7893482640641434,2.7893482640641434
2024-08-25 18:00:00,2.6581977617284966,2.6581977617284966
2024-08-25 19:00:00,2.766524682737753,2.766524682737753
2024-08-25 20:00:00,2.1298631298645723,2.1298631298645723
2024-08-25 21:00:00,2.478039928114903,2.478039928114903
2024-08-25 22:00:00,0.0,0.0
2024-08-25 23:00:00,0.0,0.0
2024-08-26 00:00:00,0.0,0.0
2024-08-26 01:00:00,0.0,0.0
2024-08-26 02:00:00,0.0,0.0
2024-08-26 03:00:00,0.0,0.0
2024-08-26 04:00:00,0.0,0.0
2024-08-26 05:00:00,0.0,0.0
2024-08-26 06:00:00,0.0,0.0
2024-08-26 07:00:00,0.0,0.0
2024-08-26 08:00:00,0.0,0.0
2024-08-26 09:00:00,0.0,0.0
2024-08-26 10:00:00,0.13242998490411964,0.13242998490411964
2024-08-26 11:00:00,0.5025500954986776,0.5025500954986776
2024-08-26 12:00:00,0.8767560102680121,0.8767560102680121
2024-08-26 13:00:00,1.5902479524801283,1.5902479524801283
2024-08-26 14:00:00,2.355755159394929,2.355755159394929
2024-08-26 15:00:00,2.1047728080820214,2.1047728080820214
2024-08-26 16:00:00,2.6558043840237704,2.6558043840237704
2024-08-26 17:00:00,3.6509854446346623,3.6509854446346623
2024-08-26 18:00:00,3.6927251439179694,3.6927251439179694
2024-08-26 19:00:00,2.788982399726171,2.788982399726171
2024-08-26 20:00:00,3.0205464722464077,3.0205464722464077
2024-08-26 21:00:00,3.100894154433753,3.100894154433753
2024-08-26 22:00:00,0.0,0.0
2024-08-26 23:00:00,0.0,0.0
2024-08-27 00:00:00,0.0,0.0
2024-08-27 01:00:00,0.0,0.0
2024-08-27 02:00:00,0.0,0.0
2024-08-27 03:00:00,0.0,0.0
2024-08-27 04:00:00,0.0,0.0
2024-08-27 05:00:00,0.0,0.0
2024-08-27 06:00:00,0.0,0.0
2024-08-27 07:00:00,0.0,0.0
2024-08-27 08:00:00,0.0,0.0
2024-08-27 09:00:00,0.0,0.0
2024-08-27 10:00:00,0.11846103593923939,0.11846103593923939
2024-08-27 11:00:00,0.3941368180511478,0.3941368180511478
2024-08-27 12:00:00,0.7915600930081115,0.7915600930081115
2024-08-27 13:00:00,1.3481514430827146,1.3481514430827146
2024-08-27 14:00:00,2.088865325470328,2.088865325470328
2024-08-27 15:00:00,2.5585014151922696,2.5585014151922696
2024-08-27 16:00:00,3.558647768419748,3.558647768419748
2024-08-27 17:00:00,3.401628075756426,3.401628075756426
2024-08-27 18:00:00,3.009518505551698,3.009518505551698
2024-08-27 19:00:00,3.122965476998674,3.122965476998674
2024-08-27 20:00:00,2.9595827671772583,2.9595827671772583
2024-08-27 21:00:00,3.512704422978494,3.512704422978494
2024-08-27 22:00:00,0.0,0.0
2024-08-27 23:00:00,0.0,0.0
2024-08-28 00:00:00,0.0,0.0
2024-08-28 01:00:00,0.0,0.0
2024-08-28 02:00:00,0.0,0.0
2024-08-28 03:00:00,0.0,0.0
2024-08-28 04:00:00,0.0,0.0
2024-08-28 05:00:00,0.0,0.0
2024-08-28 06:00:00,0.0,0.0
2024-08-28 07:00:00,0.0,0.0
2024-08-28 08:00:00,0.0,0.0
2024-08-28 09:00:00,0.0,0.0
2024-08-28 10:00:00,0.12480866292680162,0.12480866292680162
2024-08-28 11:00:00,0.5765499699574683,0.5765499699574683
2024-08-28 12:00:00,1.058950670383808,1.058950670383808
2024-08-28 13:00:00,1.7771505059199386,1.7771505059199386
2024-08-28 14:00:00,2.2501168910804092,2.2501168910804092
2024-08-28 15:00:00,2.8082030669260654,2.8082030669260654
2024-08-28 16:00:00,3.396238895422797,3.396238895422797
2024-08-28 17:00:00,3.791463484225263,3.791463484225263
2024-08-28 18:00:00,3.331202942535931,3.331202942535931
2024-08-28 19:00:00,3.1287985692380973,3.1287985692380973
2024-08-28 20:00:00,3.801280531400046,3.801280531400046
2024-08-28 21:00:00,3.8352461319554125,3.8352461319554125
2024-08-28 22:00:00,0.0,0.0
2024-08-28 23:00:00,0.0,0.0
2024-08-29 00:00:00,0.0,0.0
2024-08-29 01:00:00,0.0,0.0
2024-08-29 02:00:00,0.0,0.0
2024-08-29 03:00:00,0.0,0.0
2024-08-29 04:00:00,0.0,0.0
2024-08-29 05:00:00,0.0,0.0
2024-08-29 06:00:00,0.0,0.0
2024-08-29 07:00:00,0.0,0.0
2024-08-29 08:00:00,0.0,0.0
2024-08-29 09:00:00,0.0,0.0
2024-08-29 10:00:00,0.10886007599873432,0.10886007599873432
2024-08-29 11:00:00,0.4544552326020228,0.4544552326020228
2024-08-29 12:00:00,0.8455101704410387,0.8455101704410387
2024-08-29 13:00:00,1.5684423191688397,1.5684423191688397
2024-08-29 14:00:00,2.1359949143960306,2.1359949143960306
2024-08-29 15:00:00,2.654363603336059,2.654363603336059
2024-08-29 16:00:00,3.172988455433627,3.172988455433627
2024-08-29 17:00:00,3.211666128862016,3.211666128862016
2024-08-29 18:00:00,3.3954397398880354,3.3954397398880354
2024-08-29 19:00:00,3.352463468850609,3.352463468850609
2024-08-29 20:00:00,2.9088266879555107,2.9088266879555107
2024-08-29 21:00:00,2.9122250032273436,2.9122250032273436
2024-08-29 22:00:00,0.0,0.0
2024-08-29 23:00:00,0.0,0.0
2024-08-30 00:00:00,0.0,0.0
2024-08-30 01:00:00,0.0,0.0
2024-08-30 02:00:00,0.0,0.0
2024-08-30 03:00:00,0.0,0.0
2024-08-30 04:00:00,0.0,0.0
2024-08-30 05:00:00,0.0,0.0
2024-08-30 06:00:00,0.0,0.0
2024-08-30 07:00:00,0.0,0.0
2024-08-30 08:00:00,0.0,0.0
2024-08-30 09:00:00,0.0,0.0
2024-08-30 10:00:00,0.15394051723809357,0.15394051723809357
2024-08-30 11:00:00,0.460535195164826,0.460535195164826
2024-08-30 12:00:00,1.0892804176179325,1.0892804176179325
2024-08-30 13:00:00,1.8165030342342305,1.8165030342342305
2024-08-30 14:00:00,2.485695837673491,2.485695837673491
2024-08-30 15:00:00,3.2320904965400277,3.2320904965400277
2024-08-30 16:00:00,3.6822746502714483,3.6822746502714483
2024-08-30 17:00:00,4.200596022805713,4.200596022805713
2024-08-30 18:00:00,4.299673680624092,4.299673680624092
2024-08-30 19:00:00,3.189090298338721,3.189090298338721
2024-08-30 20:00:00,3.574361618965221,3.574361618965221
2024-08-30 21:00:00,3.6831286776597683,3.6831286776597683
2024-08-30 22:00:00,0.0,0.0
2024-08-30 23:00:00,0.0,0.0
2024-08-31 00:00:00,0.0,0.0
2024-08-31 01:00:00,0.0,0.0
2024-08-31 02:00:00,0.0,0.0
2024-08-31 03:00:00,0.0,0.0
2024-08-31 04:00:00,0.0,0.0
2024-08-31 05:00:00,0.0,0.0
2024-08-31 06:00:00,0.0,0.0
2024-08-31 07:00:00,0.0,0.0
2024-08-31 08:00:00,0.0,0.0
2024-08-31 09:00:00,0.0,0.0
2024-08-31 10:00:00,0.08398253544555,0.08398253544555
2024-08-31 11:00:00,0.30645549587899074,0.30645549587899074
2024-08-31 12:00:00,0.6551660044658529,0.6551660044658529
2024-08-31 13:00:00,0.9413422073827701,0.9413422073827701
2024-08-31 14:00:00,1.782819434595496,1.782819434595496
2024-08-31 15:00:00,1.9670039307515677,1.9670039307515677
2024-08-31 16:00:00,2.4583317050906452,2.4583317050906452
2024-08-31 17:00:00,2.9950293814032456,2.9950293814032456
2024-08-31 18:00:00,2.93096969112899,2.93096969112899
2024-08-31 19:00:00,2.3123237005582444,2.3123237005582444
2024-08-31 20:00:00,2.4603081755279868,2.4603081755279868
2024-08-31 21:00:00,2.373291262244426,2.373291262244426
2024-08-31 22:00:00,0.0,0.0
2024-08-31 23:00:00,0.0,0.0
2024-09-01 00:00:00,0.0,0.0
2024-09-01 01:00:00,0.0,0.0
2024-09-01 02:00:00,0.0,0.0
2024-09-01 03:00:00,0.0,0.0
2024-09-01 04:00:00,0.0,0.0
2024-09-01 05:00:00,0.0,0.0
2024-09-01 06:00:00,0.0,0.0
2024-09-01 07:00:00,0.0,0.0
2024-09-01 08:00:00,0.0,0.0
2024-09-01 09:00:00,0.0,0.0
2024-09-01 10:00:00,0.07731997281535286,0.07731997281535286
2024-09-01 11:00:00,0.3036350636997475,0.3036350636997475
2024-09-01 12:00:00,0.594177580739524,0.594177580739524
2024-09-01 13:00:00,1.0639074866181495,1.0639074866181495
2024-09-01 14:00:00,1.4177999432887693,1.4177999432887693
2024-09-01 15:00:00,1.575787776128919,1.575787776128919
2024-09-01 16:00:00,2.110345335110002,2.110345335110002
2024-09-01 17:00:00,2.6692437090144034,2.6692437090144034
2024-09-01 18:00:00,2.4547809060638186,2.4547809060638186
2024-09-01 19:00:00,1.994083070352096,1.994083070352096
2024-09-01 20:00:00,1.9356333637811212,1.9356333637811212
2024-09-01 21:00:00,2.4145594490708975,2.4145594490708975
2024-09-01 22:00:00,0.0,0.0
2024-09-01 23:00:00,0.0,0.0
2024-09-02 00:00:00,0.0,0.0
2024-09-02 01:00:00,0.0,0.0
2024-09-02 02:00:00,0.0,0.0
2024-09-02 03:00:00,0.0,0.0
2024-09-02 04:00:00,0.0,0.0
2024-09-02 05:00:00,0.0,0.0
2024-09-02 06:00:00,0.0,0.0
2024-09-02 07:00:00,0.0,0.0
2024-09-02 08:00:00,0.0,0.0
2024-09-02 09:00:00,0.0,0.0
2024-09-02 10:00:00,0.11436612629108034,0.11436612629108034
2024-09-02 11:00:00,0.4613061744212675,0.4613061744212675
2024-09-02 12:00:00,0.9103237275488003,0.9103237275488003
2024-09-02 13:00:00,1.492365978755977,1.492365978755977
2024-09-02 14:00:00,2.2791836234552467,2.2791836234552467
2024-09-02 15:00:00,2.7949898087105733,2.7949898087105733
2024-09-02 16:00:00,3.42586455285614,3.42586455285614
2024-09-02 17:00:00,3.8363570193350953,3.8363570193350953
2024-09-02 18:00:00,3.857371421370736,3.857371421370736
2024-09-02 19:00:00,3.063854365602063,3.063854365602063
2024-09-02 20:00:00,3.0230274212883885,3.0230274212883885
2024-09-02 21:00:00,3.0551952521136863,3.0551952521136863
2024-09-02 22:00:00,0.0,0.0
2024-09-02 23:00:00,0.0,0.0
2024-09-03 00:00:00,0.0,0.0
2024-09-03 01:00:00,0.0,0.0
2024-09-03 02:00:00,0.0,0.0
2024-09-03 03:00:00,0.0,0.0
2024-09-03 04:00:00,0.0,0.0
2024-09-03 05:00:00,0.0,0.0
2024-09-03 06:00:00,0.0,0.0
2024-09-03 07:00:00,0.0,0.0
2024-09-03 08:00:00,0.0,0.0
2024-09-03 09:00:00,0.0,0.0
2024-09-03 10:00:00,0.1212154832752127,0.1212154832752127
2024-09-03 11:00:00,0.4577080424069599,0.4577080424069599
2024-09-03 12:00:00,1.0628606666510654,1.0628606666510654
2024-09-03 13:00:00,1.2491784426301766,1.2491784426301766
2024-09-03 14:00:00,2.5043229700835576,2.5043229700835576
2024-09-03 15:00:00,2.346213323119914,2.346213323119914
2024-09-03 16:00:00,2.8722026554579596,2.8722026554579596
2024-09-03 17:00:00,3.849219005908543,3.849219005908543
2024-09-03 18:00:00,3.5772939186164394,3.5772939186164394
2024-09-03 19:00:00,3.5232776791398233,3.5232776791398233
2024-09-03 20:00:00,3.195335681118543,3.195335681118543
2024-09-03 21:00:00,3.2052464752016228,3.2052464752016228
2024-09-03 22:00:00,0.0,0.0
2024-09-03 23:00:00,0.0,0.0
2024-09-04 00:00:00,0.0,0.0
2024-09-04 01:00:00,0.0,0.0
2024-09-04 02:00:00,0.0,0.0
2024-09-04 03:00:00,0.0,0.0
2024-09-04 04:00:00,0.0,0.0
2024-09-04 05:00:00,0.0,0.0
2024-09-04 06:00:00,0.0,0.0
2024-09-04 07:00:00,0.0,0.0
2024-09-04 08:00:00,0.0,0.0
2024-09-04 09:00:00,0.0,0.0
2024-09-04 10:00:00,0.11116192300012351,0.11116192300012351
2024-09-04 11:00:00,0.531986795839603,0.531986795839603
2024-09-04 12:00:00,1.0086632013811097,1.0086632013811097
2024-09-04 13:00:00,1.7163264436854644,1.7163264436854644
2024-09-04 14:00:00,2.5858700386164597,2.5858700386164597
2024-09-04 15:00:00,2.4636776705607577,2.4636776705607577
2024-09-04 16:00:00,2.9524993856254875,2.9524993856254875
2024-09-04 17:00:00,3.4978712730141326,3.4978712730141326
2024-09-04 18:00:00,4.085894775156555,4.085894775156555
2024-09-04 19:00:00,3.753536189937455,3.753536189937455
2024-09-04 20:00:00,3.586787394338916,3.586787394338916
2024-09-04 21:00:00,3.7615139899967924,3.7615139899967924
2024-09-04 22:00:00,0.0,0.0
2024-09-04 23:00:00,0.0,0.0
2024-09-05 00:00:00,0.0,0.0
2024-09-05 01:00:00,0.0,0.0
2024-09-05 02:00:00,0.0,0.0
2024-09-05 03:00:00,0.0,0.0
2024-09-05 04:00:00,0.0,0.0
2024-09-05 05:00:00,0.0,0.0
2024-09-05 06:00:00,0.0,0.0
2024-09-05 07:00:00,0.0,0.0
2024-09-05 08:00:00,0.0,0.0
2024-09-05 09:00:00,0.0,0.0
2024-09-05 10:00:00,0.15481653629696446,0.15481653629696446
2024-09-05 11:00:00,0.5337732494453857,0.5337732494453857
2024-09-05 12:00:00,1.1613505391800591,1.1613505391800591
2024-09-05 13:00:00,1.6428803926911995,1.6428803926911995
2024-09-05 14:00:00,2.1621468153551087,2.1621468153551087
2024-09-05 15:00:00,3.064714367213197,3.064714367213197
2024-09-05 16:00:00,3.1559154959575872,3.1559154959575872
2024-09-05 17:00:00,3.9480503648954186,3.9480503648954186
2024-09-05 18:00:00,4.092770670226532,4.092770670226532
2024-09-05 19:00:00,3.8776223781809023,3.8776223781809023
2024-09-05 20:00:00,4.0121124197686715,4.0121124197686715
2024-09-05 21:00:00,3.312844813378156,3.312844813378156
2024-09-05 22:00:00,0.0,0.0
2024-09-05 23:00:00,0.0,0.0
2024-09-06 00:00:00,0.0,0.0
2024-09-06 01:00:00,0.0,0.0
2024-09-06 02:00:00,0.0,0.0
2024-09-06 03:00:00,0.0,0.0
2024-09-06 04:00:00,0.0,0.0
2024-09-06 05:00:00,0.0,0.0
2024-09-06 06:00:00,0.0,0.0
2024-09-06 07:00:00,0.0,0.0
2024-09-06 08:00:00,0.0,0.0
2024-09-06 09:00:00,0.0,0.0
2024-09-06 10:00:00,0.12707970114446163,0.12707970114446163
2024-09-06 11:00:00,0.5363766617770499,0.5363766617770499
2024-09-06 12:00:00,1.1622443536112428,1.1622443536112428
2024-09-06 13:00:00,1.6621220013506517,1.6621220013506517
2024-09-06 14:00:00,2.590642998807646,2.590642998807646
2024-09-06 15:00:00,2.5022868789338233,2.5022868789338233
2024-09-06 16:00:00,3.16830170015425,3.16830170015425
2024-09-06 17:00:00,4.011714249791104,4.011714249791104
2024-09-06 18:00:00,3.805372374859054,3.805372374859054
2024-09-06 19:00:00,3.042824567352058,3.042824567352058
2024-09-06 20:00:00,3.687078409698549,3.687078409698549
2024-09-06 21:00:00,3.7088412902066654,3.7088412902066654
2024-09-06 22:00:00,0.0,0.0
2024-09-06 23:00:00,0.0,0.0
2024-09-07 00:00:00,0.0,0.0
2024-09-07 01:00:00,0.0,0.0
2024-09-07 02:00:00,0.0,0.0
2024-09-07 03:00:00,0.0,0.0
2024-09-07 04:00:00,0.0,0.0
2024-09-07 05:00:00,0.0,0.0
2024-09-07 06:00:00,0.0,0.0
2024-09-07 07:00:00,0.0,0.0
2024-09-07 08:00:00,0.0,0.0
2024-09-07 09:00:00,0.0,0.0
2024-09-07 10:00:00,0.07393734630148462,0.07393734630148462
2024-09-07 11:00:00,0.32063696162981237,0.32063696162981237
2024-09-07 12:00:00,0.6057196482506125,0.6057196482506125
2024-09-07 13:00:00,0.9700098776751436,0.9700098776751436
2024-09-07 14:00:00,1.5279756594063172,1.5279756594063172
2024-09-07 15:00:00,1.8432328255772377,1.8432328255772377
2024-09-07 16:00:00,2.501137336879295,2.501137336879295
2024-09-07 17:00:00,2.2449856217130146,2.2449856217130146
2024-09-07 18:00:00,2.4926974776391755,2.4926974776391755
2024-09-07 19:00:00,2.4858282585281373,2.4858282585281373
2024-09-07 20:00:00,2.207283095503395,2.207283095503395
2024-09-07 21:00:00,2.298502630405421,2.298502630405421
2024-09-07 22:00:00,0.0,0.0
2024-09-07 23:00:00,0.0,0.0
2024-09-08 00:00:00,0.0,0.0
2024-09-08 01:00:00,0.0,0.0
2024-09-08 02:00:00,0.0,0.0
2024-09-08 03:00:00,0.0,0.0
2024-09-08 04:00:00,0.0,0.0
2024-09-08 05:00:00,0.0,0.0
2024-09-08 06:00:00,0.0,0.0
2024-09-08 07:00:00,0.0,0.0
2024-09-08 08:00:00,0.0,0.0
2024-09-08 09:00:00,0.0,0.0
2024-09-08 10:00:00,0.08200178162890409,0.08200178162890409
2024-09-08 11:00:00,0.3522984314004979,0.3522984314004979
2024-09-08 12:00:00,0.6240576381050631,0.6240576381050631
2024-09-08 13:00:00,0.903180802909708,0.903180802909708
2024-09-08 14:00:00,1.6968012774914876,1.6968012774914876
2024-09-08 15:00:00,1.6580442515338516,1.6580442515338516
2024-09-08 16:00:00,2.475445224555489,2.475445224555489
2024-09-08 17:00:00,2.761258192171354,2.761258192171354
2024-09-08 18:00:00,2.716368278538382,2.716368278538382
2024-09-08 19:00:00,2.3553069632728634,2.3553069632728634
2024-09-08 20:00:00,2.561239200615348,2.561239200615348
2024-09-08 21:00:00,2.0323719359163603,2.0323719359163603
2024-09-08 22:00:00,0.0,0.0
2024-09-08 23:00:00,0.0,0.0
2024-09-09 00:00:00,0.0,0.0
2024-09-09 01:00:00,0.0,0.0
2024-09-09 02:00:00,0.0,0.0
2024-09-09 03:00:00,0.0,0.0
2024-09-09 04:00:00,0.0,0.0
2024-09-09 05:00:00,0.0,0.0
2024-09-09 06:00:00,0.0,0.0
2024-09-09 07:00:00,0.0,0.0
2024-09-09 08:00:00,0.0,0.0
2024-09-09 09:00:00,0.0,0.0
2024-09-09 10:00:00,0.13579172927827696,0.13579172927827696
2024-09-09 11:00:00,0.5184899978410872,0.5184899978410872
2024-09-09 12:00:00,1.0393161367273493,1.0393161367273493
2024-09-09 13:00:00,1.6422397349149191,1.6422397349149191
2024-09-09 14:00:00,2.2676957160543445,2.2676957160543445
2024-09-09 15:00:00,2.5233297556760754,2.5233297556760754
2024-09-09 16:00:00,3.6051750789614143,3.6051750789614143
2024-09-09 17:00:00,3.908307499637808,3.908307499637808
2024-09-09 18:00:00,3.3537763869780246,3.3537763869780246
2024-09-09 19:00:00,3.2032497547670227,3.2032497547670227
2024-09-09 20:00:00,2.9603756206146588,2.9603756206146588
2024-09-09 21:00:00,3.5967965583121067,3.5967965583121067
2024-09-09 22:00:00,0.0,0.0
2024-09-09 23:00:00,0.0,0.0
2024-09-10 00:00:00,0.0,0.0
2024-09-10 01:00:00,0.0,0.0
2024-09-10 02:00:00,0.0,0.0
2024-09-10 03:00:00,0.0,0.0
2024-09-10 04:00:00,0.0,0.0
2024-09-10 05:00:00,0.0,0.0
2024-09-10 06:00:00,0.0,0.0
2024-09-10 07:00:00,0.0,0.0
2024-09-10 08:00:00,0.0,0.0
2024-09-10 09:00:00,0.0,0.0
2024-09-10 10:00:00,0.14572104430527053,0.14572104430527053
2024-09-10 11:00:00,0.48641055888311957,0.48641055888311957
2024-09-10 12:00:00,0.9228698047105998,0.9228698047105998
2024-09-10 13:00:00,1.627302590065779,1.627302590065779
2024-09-10 14:00:00,2.65585261383097,2.65585261383097
2024-09-10 15:00:00,3.132905167160436,3.132905167160436
2024-09-10 16:00:00,3.907697474322766,3.907697474322766
2024-09-10 17:00:00,4.348442619262964,4.348442619262964
2024-09-10 18:00:00,3.6864879070379946,3.6864879070379946
2024-09-10 19:00:00,3.4292060202043553,3.4292060202043553
2024-09-10 20:00:00,3.2972335971761604,3.2972335971761604
2024-09-10 21:00:00,3.9192410541368776,3.9192410541368776
2024-09-10 22:00:00,0.0,0.0
2024-09-10 23:00:00,0.0,0.0
2024-09-11 00:00:00,0.0,0.0
2024-09-11 01:00:00,0.0,0.0
2024-09-11 02:00:00,0.0,0.0
2024-09-11 03:00:00,0.0,0.0
2024-09-11 04:00:00,0.0,0.0
2024-09-11 05:00:00,0.0,0.0
2024-09-11 06:00:00,0.0,0.0
2024-09-11 07:00:00,0.0,0.0
2024-09-11 08:00:00,0.0,0.0
2024-09-11 09:00:00,0.0,0.0
2024-09-11 10:00:00,0.11439850208770096,0.11439850208770096
2024-09-11 11:00:00,0.4933017046337125,0.4933017046337125
2024-09-11 12:00:00,1.0019216683686345,1.0019216683686345
2024-09-11 13:00:00,1.3866965545095722,1.3866965545095722
2024-09-11 14:00:00,1.85164425627273,1.85164425627273
2024-09-11 15:00:00,2.1856472262616857,2.1856472262616857
2024-09-11 16:00:00,2.9533468852346996,2.9533468852346996
2024-09-11 17:00:00,4.018946703236347,4.018946703236347
2024-09-11 18:00:00,3.390613005451803,3.390613005451803
2024-09-11 19:00:00,3.331658484892853,3.331658484892853
2024-09-11 20:00:00,3.516471896160434,3.516471896160434
2024-09-11 21:00:00,3.004222268691415,3.004222268691415
2024-09-11 22:00:00,0.0,0.0
2024-09-11 23:00:00,0.0,0.0
2024-09-12 00:00:00,0.0,0.0
2024-09-12 01:00:00,0.0,0.0
2024-09-12 02:00:00,0.0,0.0
2024-09-12 03:00:00,0.0,0.0
2024-09-12 04:00:00,0.0,0.0
2024-09-12 05:00:00,0.0,0.0
2024-09-12 06:00:00,0.0,0.0
2024-09-12 07:00:00,0.0,0.0
2024-09-12 08:00:00,0.0,0.0
2024-09-12 09:00:00,0.0,0.0
2024-09-12 10:00:00,0.14205123228898223,0.14205123228898223
2024-09-12 11:00:00,0.4748333980509851,0.4748333980509851
2024-09-12 12:00:00,1.0482856865486054,1.0482856865486054
2024-09-12 13:00:00,1.6839035523142254,1.6839035523142254
2024-09-12 14:00:00,2.5532170944269503,2.5532170944269503
2024-09-12 15:00:00,2.4322512174849766,2.4322512174849766
2024-09-12 16:00:00,3.5274882167392456,3.5274882167392456
2024-09-12 17:00:00,3.4850680773881266,3.4850680773881266
2024-09-12 18:00:00,3.3344772021213815,3.3344772021213815
2024-09-12 19:00:00,3.3583999295991833,3.3583999295991833
2024-09-12 20:00:00,3.840720130845052,3.840720130845052
2024-09-12 21:00:00,3.8895447578047384,3.8895447578047384
2024-09-12 22:00:00,0.0,0.0
2024-09-12 23:00:00,0.0,0.0
2024-09-13 00:00:00,0.0,0.0
2024-09-13 01:00:00,0.0,0.0
2024-09-13 02:00:00,0.0,0.0
2024-09-13 03:00:00,0.0,0.0
2024-09-13 04:00:00,0.0,0.0
2024-09-13 05:00:00,0.0,0.0
2024-09-13 06:00:00,0.0,0.0
2024-09-13 07:00:00,0.0,0.0
2024-09-13 08:00:00,0.0,0.0
2024-09-13 09:00:00,0.0,0.0
2024-09-13 10:00:00,0.12295953332511936,0.12295953332511936
2024-09-13 11:00:00,0.3913813702697762,0.3913813702697762
2024-09-13 12:00:00,0.8847171439656517,0.8847171439656517
2024-09-13 13:00:00,1.5302557419754232,1.5302557419754232
2024-09-13 14:00:00,2.036374974954286,2.036374974954286
2024-09-13 15:00:00,2.56737138807192,2.56737138807192
2024-09-13 16:00:00,3.6240060707270363,3.6240060707270363
2024-09-13 17:00:00,3.133921210536039,3.133921210536039
2024-09-13 18:00:00,3.260587055027424,3.260587055027424
2024-09-13 19:00:00,3.2774453021206003,3.2774453021206003
2024-09-13 20:00:00,3.203301884107937,3.203301884107937
2024-09-13 21:00:00,3.6084238865409377,3.6084238865409377
2024-09-13 22:00:00,0.0,0.0
2024-09-13 23:00:00,0.0,0.0
2024-09-14 00:00:00,0.0,0.0
2024-09-14 01:00:00,0.0,0.0
2024-09-14 02:00:00,0.0,0.0
2024-09-14 03:00:00,0.0,0.0
2024-09-14 04:00:00,0.0,0.0
2024-09-14 05:00:00,0.0,0.0
2024-09-14 06:00:00,0.0,0.0
2024-09-14 07:00:00,0.0,0.0
2024-09-14 08:00:00,0.0,0.0
2024-09-14 09:00:00,0.0,0.0
2024-09-14 10:00:00,0.09386364464363565,0.09386364464363565
2024-09-14 11:00:00,0.38727735665958424,0.38727735665958424
2024-09-14 12:00:00,0.5810143252567922,0.5810143252567922
2024-09-14 13:00:00,1.2032697917566952,1.2032697917566952
2024-09-14 14:00:00,1.6902269086275403,1.6902269086275403
2024-09-14 15:00:00,2.0721793097035643,2.0721793097035643
2024-09-14 16:00:00,2.357689516996403,2.357689516996403
2024-09-14 17:00:00,2.5749129190064814,2.5749129190064814
2024-09-14 18:00:00,2.7985557310028977,2.7985557310028977
2024-09-14 19:00:00,2.320096388862064,2.320096388862064
2024-09-14 20:00:00,2.5619460546405435,2.5619460546405435
2024-09-14 21:00:00,2.595505230577055,2.595505230577055
2024-09-14 22:00:00,0.0,0.0
2024-09-14 23:00:00,0.0,0.0
2024-09-15 00:00:00,0.0,0.0
2024-09-15 01:00:00,0.0,0.0
2024-09-15 02:00:00,0.0,0.0
2024-09-15 03:00:00,0.0,0.0
2024-09-15 04:00:00,0.0,0.0
2024-09-15 05:00:00,0.0,0.0
2024-09-15 06:00:00,0.0,0.0
2024-09-15 07:00:00,0.0,0.0
2024-09-15 08:00:00,0.0,0.0
2024-09-15 09:00:00,0.0,0.0
2024-09-15 10:00:00,0.07586305210079328,0.07586305210079328
2024-09-15 11:00:00,0.3028214943707127,0.3028214943707127
2024-09-15 12:00:00,0.576963956950894,0.576963956950894
2024-09-15 13:00:00,0.9466760165232003,0.9466760165232003
2024-09-15 14:00:00,1.8302359163941184,1.8302359163941184
2024-09-15 15:00:00,1.8640273027300047,1.8640273027300047
2024-09-15 16:00:00,2.020036342863056,2.020036342863056
2024-09-15 17:00:00,2.641717284089553,2.641717284089553
2024-09-15 18:00:00,2.6437005982212387,2.6437005982212387
2024-09-15 19:00:00,2.3070742149779386,2.3070742149779386
2024-09-15 20:00:00,2.16638709052971,2.16638709052971
2024-09-15 21:00:00,2.4200244558484862,2.4200244558484862
2024-09-15 22:00:00,0.0,0.0
2024-09-15 23:00:00,0.0,0.0
2024-09-16 00:00:00,0.0,0.0
2024-09-16 01:00:00,0.0,0.0
2024-09-16 02:00:00,0.0,0.0
2024-09-16 03:00:00,0.0,0.0
2024-09-16 04:00:00,0.0,0.0
2024-09-16 05:00:00,0.0,0.0
2024-09-16 06:00:00,0.0,0.0
2024-09-16 07:00:00,0.0,0.0
2024-09-16 08:00:00,0.0,0.0
2024-09-16 09:00:00,0.0,0.0
2024-09-16 10:00:00,0.1371479052506874,0.1371479052506874
2024-09-16 11:00:00,0.4578976495538329,0.4578976495538329
2024-09-16 12:00:00,1.2213649713282995,1.2213649713282995
2024-09-16 13:00:00,1.7094339067264575,1.7094339067264575
2024-09-16 14:00:00,2.1964584090705164,2.1964584090705164
2024-09-16 15:00:00,2.638729719015482,2.638729719015482
2024-09-16 16:00:00,3.9276218996848367,3.9276218996848367
2024-09-16 17:00:00,4.37913569093685,4.37913569093685
2024-09-16 18:00:00,3.889703812433417,3.889703812433417
2024-09-16 19:00:00,3.214265422779817,3.214265422779817
2024-09-16 20:00:00,3.6383396281084033,3.6383396281084033
2024-09-16 21:00:00,3.4059984556673215,3.4059984556673215
2024-09-16 22:00:00,0.0,0.0
2024-09-16 23:00:00,0.0,0.0
2024-09-17 00:00:00,0.0,0.0
2024-09-17 01:00:00,0.0,0.0
2024-09-17 02:00:00,0.0,0.0
2024-09-17 03:00:00,0.0,0.0
2024-09-17 04:00:00,0.0,0.0
2024-09-17 05:00:00,0.0,0.0
2024-09-17 06:00:00,0.0,0.0
2024-09-17 07:00:00,0.0,0.0
2024-09-17 08:00:00,0.0,0.0
2024-09-17 09:00:00,0.0,0.0
2024-09-17 10:00:00,0.14722839769093274,0.14722839769093274
2024-09-17 11:00:00,0.4910676656786474,0.4910676656786474
2024-09-17 12:00:00,1.069958876099626,1.069958876099626
2024-09-17 13:00:00,1.3559263434354945,1.3559263434354945
2024-09-17 14:00:00,2.0599798413201507,2.0599798413201507
2024-09-17 15:00:00,2.6283026513498515,2.6283026513498515
2024-09-17 16:00:00,3.772679279301828,3.772679279301828
2024-09-17 17:00:00,4.412390988776695,4.412390988776695
2024-09-17 18:00:00,4.086764031788898,4.086764031788898
2024-09-17 19:00:00,3.646483098216571,3.646483098216571
2024-09-17 20:00:00,2.957053406480116,2.957053406480116
2024-09-17 21:00:00,3.939219652626995,3.939219652626995
2024-09-17 22:00:00,0.0,0.0
2024-09-17 23:00:00,0.0,0.0
2024-09-18 00:00:00,0.0,0.0
2024-09-18 01:00:00,0.0,0.0
2024-09-18 02:00:00,0.0,0.0
2024-09-18 03:00:00,0.0,0.0
2024-09-18 04:00:00,0.0,0.0
2024-09-18 05:00:00,0.0,0.0
2024-09-18 06:00:00,0.0,0.0
2024-09-18 07:00:00,0.0,0.0
2024-09-18 08:00:00,0.0,0.0
2024-09-18 09:00:00,0.0,0.0
2024-09-18 10:00:00,0.11527551958249133,0.11527551958249133
2024-09-18 11:00:00,0.46838027139682065,0.46838027139682065
2024-09-18 12:00:00,1.0087957890599826,1.0087957890599826
2024-09-18 13:00:00,1.3659315421823455,1.3659315421823455
2024-09-18 14:00:00,2.2537360196863787,2.2537360196863787
2024-09-18 15:00:00,2.4582975744141753,2.4582975744141753
2024-09-18 16:00:00,3.290595568187169,3.290595568187169
2024-09-18 17:00:00,3.758780262668029,3.758780262668029
2024-09-18 18:00:00,3.455956113542277,3.455956113542277
2024-09-18 19:00:00,2.6357459500399756,2.6357459500399756
2024-09-18 20:00:00,3.3831928490459355,3.3831928490459355
2024-09-18 21:00:00,3.177571855416595,3.177571855416595
2024-09-18 22:00:00,0.0,0.0
2024-09-18 23:00:00,0.0,0.0
2024-09-19 00:00:00,0.0,0.0
2024-09-19 01:00:00,0.0,0.0
2024-09-19 02:00:00,0.0,0.0
2024-09-19 03:00:00,0.0,0.0
2024-09-19 04:00:00,0.0,0.0
2024-09-19 05:00:00,0.0,0.0
2024-09-19 06:00:00,0.0,0.0
2024-09-19 07:00:00,0.0,0.0
2024-09-19 08:00:00,0.0,0.0
2024-09-19 09:00:00,0.0,0.0
2024-09-19 10:00:00,0.12648362648463243,0.12648362648463243
2024-09-19 11:00:00,0.4640242092148061,0.4640242092148061
2024-09-19 12:00:00,0.8971837254298889,0.8971837254298889
2024-09-19 13:00:00,1.609716932555182,1.609716932555182
2024-09-19 14:00:00,2.0295813933897406,2.0295813933897406
2024-09-19 15:00:00,2.416903385118478,2.416903385118478
2024-09-19 16:00:00,3.341962066504243,3.341962066504243
2024-09-19 17:00:00,3.509127214419462,3.509127214419462
2024-09-19 18:00:00,3.61236488697531,3.61236488697531
2024-09-19 19:00:00,3.4932431136208217,3.4932431136208217
2024-09-19 20:00:00,3.2416189246336238,3.2416189246336238
2024-09-19 21:00:00,2.780142353118887,2.780142353118887
2024-09-19 22:00:00,0.0,0.0
2024-09-19 23:00:00,0.0,0.0
2024-09-20 00:00:00,0.0,0.0
2024-09-20 01:00:00,0.0,0.0
2024-09-20 02:00:00,0.0,0.0
2024-09-20 03:00:00,0.0,0.0
2024-09-20 04:00:00,0.0,0.0
2024-09-20 05:00:00,0.0,0.0
2024-09-20 06:00:00,0.0,0.0
2024-09-20 07:00:00,0.0,0.0
2024-09-20 08:00:00,0.0,0.0
2024-09-20 09:00:00,0.0,0.0
2024-09-20 10:00:00,0.10637775684077222,0.10637775684077222
2024-09-20 11:00:00,0.4292712981213496,0.4292712981213496
2024-09-20 12:00:00,0.9454291034422284,0.9454291034422284
2024-09-20 13:00:00,1.3799895572993834,1.3799895572993834
2024-09-20 14:00:00,2.303992035631915,2.303992035631915
2024-09-20 15:00:00,2.0711346601565968,2.0711346601565968
2024-09-20 16:00:00,2.874271873267649,2.874271873267649
2024-09-20 17:00:00,3.488282034530142,3.488282034530142
2024-09-20 18:00:00,3.5152221240424257,3.5152221240424257
2024-09-20 19:00:00,2.976270523061186,2.976270523061186
2024-09-20 20:00:00,2.8889320504807534,2.8889320504807534
2024-09-20 21:00:00,2.6334412129611167,2.6334412129611167
2024-09-20 22:00:00,0.0,0.0
2024-09-20 23:00:00,0.0,0.0
2024-09-21 00:00:00,0.0,0.0
2024-09-21 01:00:00,0.0,0.0
2024-09-21 02:00:00,0.0,0.0
2024-09-21 03:00:00,0.0,0.0
2024-09-21 04:00:00,0.0,0.0
2024-09-21 05:00:00,0.0,0.0
2024-09-21 06:00:00,0.0,0.0
2024-09-21 07:00:00,0.0,0.0
2024-09-21 08:00:00,0.0,0.0
2024-09-21 09:00:00,0.0,0.0
2024-09-21 10:00:00,0.10067804836688483,0.10067804836688483
2024-09-21 11:00:00,0.3256766290264857,0.3256766290264857
2024-09-21 12:00:00,0.6529375094867275,0.6529375094867275
2024-09-21 13:00:00,1.1140447550203818,1.1140447550203818
2024-09-21 14:00:00,1.71008078694701,1.71008078694701
2024-09-21 15:00:00,1.8481650244193917,1.8481650244193917
2024-09-21 16:00:00,2.5150917828706234,2.5150917828706234
2024-09-21 17:00:00,2.8940376297904304,2.8940376297904304
2024-09-21 18:00:00,2.437509751636138,2.437509751636138
2024-09-21 19:00:00,2.2382365200230003,2.2382365200230003
2024-09-21 20:00:00,2.5375001199086364,2.5375001199086364
2024-09-21 21:00:00,2.7393641025952857,2.7393641025952857
2024-09-21 22:00:00,0.0,0.0
2024-09-21 23:00:00,0.0,0.0
2024-09-22 00:00:00,0.0,0.0
2024-09-22 01:00:00,0.0,0.0
2024-09-22 02:00:00,0.0,0.0
2024-09-22 03:00:00,0.0,0.0
2024-09-22 04:00:00,0.0,0.0
2024-09-22 05:00:00,0.0,0.0
2024-09-22 06:00:00,0.0,0.0
2024-09-22 07:00:00,0.0,0.0
2024-09-22 08:00:00,0.0,0.0
2024-09-22 09:00:00,0.0,0.0
2024-09-22 10:00:00,0.08769498652615759,0.08769498652615759
2024-09-22 11:00:00,0.3468792203315513,0.3468792203315513
2024-09-22 12:00:00,0.5907909221886952,0.5907909221886952
2024-09-22 13:00:00,1.0024913212289985,1.0024913212289985
2024-09-22 14:00:00,1.4626885228369213,1.4626885228369213
2024-09-22 15:00:00,2.1362050674067006,2.1362050674067006
2024-09-22 16:00:00,2.0976208395870968,2.0976208395870968
2024-09-22 17:00:00,2.7347980953806323,2.7347980953806323
2024-09-22 18:00:00,2.531169897767046,2.531169897767046
2024-09-22 19:00:00,2.164120982194868,2.164120982194868
2024-09-22 20:00:00,2.5616327779472665,2.5616327779472665
2024-09-22 21:00:00,2.46431638855937,2.46431638855937
2024-09-22 22:00:00,0.0,0.0
2024-09-22 23:00:00,0.0,0.0
2024-09-23 00:00:00,0.0,0.0
2024-09-23 01:00:00,0.0,0.0
2024-09-23 02:00:00,0.0,0.0
2024-09-23 03:00:00,0.0,0.0
2024-09-23 04:00:00,0.0,0.0
2024-09-23 05:00:00,0.0,0.0
2024-09-23 06:00:00,0.0,0.0
2024-09-23 07:00:00,0.0,0.0
2024-09-23 08:00:00,0.0,0.0
2024-09-23 09:00:00,0.0,0.0
2024-09-23 10:00:00,0.12237586488842891,0.12237586488842891
2024-09-23 11:00:00,0.4209735873091151,0.4209735873091151
2024-09-23 12:00:00,0.8711797390674821,0.8711797390674821
2024-09-23 13:00:00,1.4659946807458981,1.4659946807458981
2024-09-23 14:00:00,1.8658612738110383,1.8658612738110383
2024-09-23 15:00:00,2.8211027684395926,2.8211027684395926
2024-09-23 16:00:00,3.2508497170636588,3.2508497170636588
2024-09-23 17:00:00,3.538081404418128,3.538081404418128
2024-09-23 18:00:00,3.738847484631797,3.738847484631797
2024-09-23 19:00:00,2.832254770789787,2.832254770789787
2024-09-23 20:00:00,2.6701674433219527,2.6701674433219527
2024-09-23 21:00:00,3.271343467320181,3.271343467320181
2024-09-23 22:00:00,0.0,0.0
2024-09-23 23:00:00,0.0,0.0
2024-09-24 00:00:00,0.0,0.0
2024-09-24 01:00:00,0.0,0.0
2024-09-24 02:00:00,0.0,0.0
2024-09-24 03:00:00,0.0,0.0
2024-09-24 04:00:00,0.0,0.0
2024-09-24 05:00:00,0.0,0.0
2024-09-24 06:00:00,0.0,0.0
2024-09-24 07:00:00,0.0,0.0
2024-09-24 08:00:00,0.0,0.0
2024-09-24 09:00:00,0.0,0.0
2024-09-24 10:00:00,0.12261653961022695,0.12261653961022695
2024-09-24 11:00:00,0.5959012322893024,0.5959012322893024
2024-09-24 12:00:00,0.927914947410037,0.927914947410037
2024-09-24 13:00:00,1.4763240591831368,1.4763240591831368
2024-09-24 14:00:00,2.1570852687074265,2.1570852687074265
2024-09-24 15:00:00,2.7856410845795128,2.7856410845795128
2024-09-24 16:00:00,3.722326672608877,3.722326672608877
2024-09-24 17:00:00,4.19731977271703,4.19731977271703
2024-09-24 18:00:00,4.4001091399803185,4.4001091399803185
2024-09-24 19:00:00,3.5804344671643755,3.5804344671643755
2024-09-24 20:00:00,3.567223943139673,3.567223943139673
2024-09-24 21:00:00,3.419044500014463,3.419044500014463
2024-09-24 22:00:00,0.0,0.0
2024-09-24 23:00:00,0.0,0.0
2024-09-25 00:00:00,0.0,0.0
2024-09-25 01:00:00,0.0,0.0
2024-09-25 02:00:00,0.0,0.0
2024-09-25 03:00:00,0.0,0.0
2024-09-25 04:00:00,0.0,0.0
2024-09-25 05:00:00,0.0,0.0
2024-09-25 06:00:00,0.0,0.0
2024-09-25 07:00:00,0.0,0.0
2024-09-25 08:00:00,0.0,0.0
2024-09-25 09:00:00,0.0,0.0
2024-09-25 10:00:00,0.13227863986794403,0.13227863986794403
2024-09-25 11:00:00,0.5284928928060566,0.5284928928060566
2024-09-25 12:00:00,0.9271356346547368,0.9271356346547368
2024-09-25 13:00:00,1.3480705403960742,1.3480705403960742
2024-09-25 14:00:00,2.375009371919434,2.375009371919434
2024-09-25 15:00:00,2.7151892058228153,2.7151892058228153
2024-09-25 16:00:00,3.417283161585686,3.417283161585686
2024-09-25 17:00:00,3.5566648174519404,3.5566648174519404
2024-09-25 18:00:00,3.652326826548793,3.652326826548793
2024-09-25 19:00:00,2.757856051713131,2.757856051713131
2024-09-25 20:00:00,2.942126727011645,2.942126727011645
2024-09-25 21:00:00,3.6392523122245546,3.6392523122245546
2024-09-25 22:00:00,0.0,0.0
2024-09-25 23:00:00,0.0,0.0
2024-09-26 00:00:00,0.0,0.0
2024-09-26 01:00:00,0.0,0.0
2024-09-26 02:00:00,0.0,0.0
2024-09-26 03:00:00,0.0,0.0
2024-09-26 04:00:00,0.0,0.0
2024-09-26 05:00:00,0.0,0.0
2024-09-26 06:00:00,0.0,0.0
2024-09-26 07:00:00,0.0,0.0
2024-09-26 08:00:00,0.0,0.0
2024-09-26 09:00:00,0.0,0.0
2024-09-26 10:00:00,0.12280315362622674,0.12280315362622674
2024-09-26 11:00:00,0.41285862042966476,0.41285862042966476
2024-09-26 12:00:00,0.9590729414671014,0.9590729414671014
2024-09-26 13:00:00,1.6033408563438787,1.6033408563438787
2024-09-26 14:00:00,1.9897058982364901,1.9897058982364901
2024-09-26 15:00:00,2.2860594753925976,2.2860594753925976
2024-09-26 16:00:00,2.692376274155455,2.692376274155455
2024-09-26 17:00:00,3.0093694884228688,3.0093694884228688
2024-09-26 18:00:00,3.379087974772231,3.379087974772231
2024-09-26 19:00:00,3.080800103841117,3.080800103841117
2024-09-26 20:00:00,2.801741276046125,2.801741276046125
2024-09-26 21:00:00,2.9737892962917467,2.9737892962917467
2024-09-26 22:00:00,0.0,0.0
2024-09-26 23:00:00,0.0,0.0
2024-09-27 00:00:00,0.0,0.0
2024-09-27 01:00:00,0.0,0.0
2024-09-27 02:00:00,0.0,0.0
2024-09-27 03:00:00,0.0,0.0
2024-09-27 04:00:00,0.0,0.0
2024-09-27 05:00:00,0.0,0.0
2024-09-27 06:00:00,0.0,0.0
2024-09-27 07:00:00,0.0,0.0
2024-09-27 08:00:00,0.0,0.0
2024-09-27 09:00:00,0.0,0.0
2024-09-27 10:00:00,0.13125276881581702,0.13125276881581702
2024-09-27 11:00:00,0.4188497230823795,0.4188497230823795
2024-09-27 12:00:00,0.9499626593587109,0.9499626593587109
2024-09-27 13:00:00,1.291232445513871,1.291232445513871
2024-09-27 14:00:00,2.0628859128950827,2.0628859128950827
2024-09-27 15:00:00,2.3486014063751064,2.3486014063751064
2024-09-27 16:00:00,3.3625190446477733,3.3625190446477733
2024-09-27 17:00:00,3.762175496328356,3.762175496328356
2024-09-27 18:00:00,3.968280143878056,3.968280143878056
2024-09-27 19:00:00,3.2206706343206224,3.2206706343206224
2024-09-27 20:00:00,3.4406034045552603,3.4406034045552603
2024-09-27 21:00:00,3.6305318308439944,3.6305318308439944
2024-09-27 22:00:00,0.0,0.0
2024-09-27 23:00:00,0.0,0.0
2024-09-28 00:00:00,0.0,0.0
2024-09-28 01:00:00,0.0,0.0
2024-09-28 02:00:00,0.0,0.0
2024-09-28 03:00:00,0.0,0.0
2024-09-28 04:00:00,0.0,0.0
2024-09-28 05:00:00,0.0,0.0
2024-09-28 06:00:00,0.0,0.0
2024-09-28 07:00:00,0.0,0.0
2024-09-28 08:00:00,0.0,0.0
2024-09-28 09:00:00,0.0,0.0
2024-09-28 10:00:00,0.09542011596183053,0.09542011596183053
2024-09-28 11:00:00,0.3197538200139417,0.3197538200139417
2024-09-28 12:00:00,0.6623658028894466,0.6623658028894466
2024-09-28 13:00:00,1.1830465580039493,1.1830465580039493
2024-09-28 14:00:00,1.495727266806072,1.495727266806072
2024-09-28 15:00:00,1.9820557055872798,1.9820557055872798
2024-09-28 16:00:00,2.1263573074665367,2.1263573074665367
2024-09-28 17:00:00,2.1815549736237334,2.1815549736237334
2024-09-28 18:00:00,2.5893618169249883,2.5893618169249883
2024-09-28 19:00:00,2.218711025741082,2.218711025741082
2024-09-28 20:00:00,2.4287999951214156,2.4287999951214156
2024-09-28 21:00:00,1.9309420056123838,1.9309420056123838
2024-09-28 22:00:00,0.0,0.0
2024-09-28 23:00:00,0.0,0.0
2024-09-29 00:00:00,0.0,0.0
2024-09-29 01:00:00,0.0,0.0
2024-09-29 02:00:00,0.0,0.0
2024-09-29 03:00:00,0.0,0.0
2024-09-29 04:00:00,0.0,0.0
2024-09-29 05:00:00,0.0,0.0
2024-09-29 06:00:00,0.0,0.0
2024-09-29 07:00:00,0.0,0.0
2024-09-29 08:00:00,0.0,0.0
2024-09-29 09:00:00,0.0,0.0
2024-09-29 10:00:00,0.08667305161303974,0.08667305161303974
2024-09-29 11:00:00,0.3084731364572017,0.3084731364572017
2024-09-29 12:00:00,0.7169224901435058,0.7169224901435058
2024-09-29 13:00:00,1.1061802443724122,1.1061802443724122
2024-09-29 14:00:00,1.6218148034350346,1.6218148034350346
2024-09-29 15:00:00,2.0219239042049093,2.0219239042049093
2024-09-29 16:00:00,2.2960281916308314,2.2960281916308314
2024-09-29 17:00:00,2.88261116640497,2.88261116640497
2024-09-29 18:00:00,2.3565490744670683,2.3565490744670683
2024-09-29 19:00:00,2.5987630537664197,2.5987630537664197
2024-09-29 20:00:00,2.0842366829616927,2.0842366829616927
2024-09-29 21:00:00,2.082694440203585,2.082694440203585
2024-09-29 22:00:00,0.0,0.0
2024-09-29 23:00:00,0.0,0.0
2024-09-30 00:00:00,0.0,0.0
2024-09-30 01:00:00,0.0,0.0
2024-09-30 02:00:00,0.0,0.0
2024-09-30 03:00:00,0.0,0.0
2024-09-30 04:00:00,0.0,0.0
2024-09-30 05:00:00,0.0,0.0
2024-09-30 06:00:00,0.0,0.0
2024-09-30 07:00:00,0.0,0.0
2024-09-30 08:00:00,0.0,0.0
2024-09-30 09:00:00,0.0,0.0
2024-09-30 10:00:00,0.10087859619047031,0.10087859619047031
2024-09-30 11:00:00,0.4682605513192516,0.4682605513192516
2024-09-30 12:00:00,0.9020529558439476,0.9020529558439476
2024-09-30 13:00:00,1.3543972365834345,1.3543972365834345
2024-09-30 14:00:00,1.9534330362449428,1.9534330362449428
2024-09-30 15:00:00,2.7610711628310236,2.7610711628310236
2024-09-30 16:00:00,2.8706393616039003,2.8706393616039003
2024-09-30 17:00:00,3.9177001177063127,3.9177001177063127
2024-09-30 18:00:00,3.151800915361344,3.151800915361344
2024-09-30 19:00:00,3.484283887100614,3.484283887100614
2024-09-30 20:00:00,2.984392137282143,2.984392137282143
2024-09-30 21:00:00,3.1319957895955945,3.1319957895955945
2024-09-30 22:00:00,0.0,0.0
2024-09-30 23:00:00,0.0,0.0
2024-10-01 00:00:00,0.0,0.0
2024-10-01 01:00:00,0.0,0.0
2024-10-01 02:00:00,0.0,0.0
2024-10-01 03:00:00,0.0,0.0
2024-10-01 04:00:00,0.0,0.0
2024-10-01 05:00:00,0.0,0.0
2024-10-01 06:00:00,0.0,0.0
2024-10-01 07:00:00,0.0,0.0
2024-10-01 08:00:00,0.0,0.0
2024-10-01 09:00:00,0.0,0.0
2024-10-01 10:00:00,0.12932235373551862,0.12932235373551862
2024-10-01 11:00:00,0.4317141219054341,0.4317141219054341
2024-10-01 12:00:00,0.9685168528942137,0.9685168528942137
2024-10-01 13:00:00,1.2902953720312973,1.2902953720312973
2024-10-01 14:00:00,2.4739484657302104,2.4739484657302104
2024-10-01 15:00:00,2.6098388314470307,2.6098388314470307
2024-10-01 16:00:00,3.1617580556425477,3.1617580556425477
2024-10-01 17:00:00,3.8969468213114595,3.8969468213114595
2024-10-01 18:00:00,3.8430658393219748,3.8430658393219748
2024-10-01 19:00:00,2.7497183095908055,2.7497183095908055
2024-10-01 20:00:00,2.951677844305797,2.951677844305797
2024-10-01 21:00:00,3.1382353544053134,3.1382353544053134
2024-10-01 22:00:00,0.0,0.0
2024-10-01 23:00:00,0.0,0.0
2024-10-02 00:00:00,0.0,0.0
2024-10-02 01:00:00,0.0,0.0
2024-10-02 02:00:00,0.0,0.0
2024-10-02 03:00:00,0.0,0.0
2024-10-02 04:00:00,0.0,0.0
2024-10-02 05:00:00,0.0,0.0
2024-10-02 06:00:00,0.0,0.0
2024-10-02 07:00:00,0.0,0.0
2024-10-02 08:00:00,0.0,0.0
2024-10-02 09:00:00,0.0,0.0
2024-10-02 10:00:00,0.14050430260446772,0.14050430260446772
2024-10-02 11:00:00,0.48349102354817824,0.48349102354817824
2024-10-02 12:00:00,1.029101907535979,1.029101907535979
2024-10-02 13:00:00,1.3140173772003054,1.3140173772003054
2024-10-02 14:00:00,2.355291102847516,2.355291102847516
2024-10-02 15:00:00,2.6066607289099664,2.6066607289099664
2024-10-02 16:00:00,3.409991627163995,3.409991627163995
2024-10-02 17:00:00,3.186990498031614,3.186990498031614
2024-10-02 18:00:00,4.047906893656395,4.047906893656395
2024-10-02 19:00:00,3.0945160047733813,3.0945160047733813
2024-10-02 20:00:00,3.4416260662243525,3.4416260662243525
2024-10-02 21:00:00,3.6984995221020203,3.6984995221020203
2024-10-02 22:00:00,0.0,0.0
2024-10-02 23:00:00,0.0,0.0
2024-10-03 00:00:00,0.0,0.0
2024-10-03 01:00:00,0.0,0.0
2024-10-03 02:00:00,0.0,0.0
2024-10-03 03:00:00,0.0,0.0
2024-10-03 04:00:00,0.0,0.0
2024-10-03 05:00:00,0.0,0.0
2024-10-03 06:00:00,0.0,0.0
2024-10-03 07:00:00,0.0,0.0
2024-10-03 08:00:00,0.0,0.0
2024-10-03 09:00:00,0.0,0.0
2024-10-03 10:00:00,0.1329929472228718,0.1329929472228718
2024-10-03 11:00:00,0.46045371982393885,0.46045371982393885
2024-10-03 12:00:00,0.9930684835627668,0.9930684835627668
2024-10-03 13:00:00,1.6392402621129272,1.6392402621129272
2024-10-03 14:00:00,2.143044352515487,2.143044352515487
2024-10-03 15:00:00,2.216369570488463,2.216369570488463
2024-10-03 16:00:00,3.3958508267298235,3.3958508267298235
2024-10-03 17:00:00,3.133338401766681,3.133338401766681
2024-10-03 18:00:00,4.091246706904379,4.091246706904379
2024-10-03 19:00:00,2.886530145482701,2.886530145482701
2024-10-03 20:00:00,3.0901104432226223,3.0901104432226223
2024-10-03 21:00:00,3.6931343790406665,3.6931343790406665
2024-10-03 22:00:00,0.0,0.0
2024-10-03 23:00:00,0.0,0.0
2024-10-04 00:00:00,0.0,0.0
2024-10-04 01:00:00,0.0,0.0
2024-10-04 02:00:00,0.0,0.0
2024-10-04 03:00:00,0.0,0.0
2024-10-04 04:00:00,0.0,0.0
2024-10-04 05:00:00,0.0,0.0
2024-10-04 06:00:00,0.0,0.0
2024-10-04 07:00:00,0.0,0.0
2024-10-04 08:00:00,0.0,0.0
2024-10-04 09:00:00,0.0,0.0
2024-10-04 10:00:00,0.10748748157439439,0.10748748157439439
2024-10-04 11:00:00,0.4539163003618909,0.4539163003618909
2024-10-04 12:00:00,0.8151181885437215,0.8151181885437215
2024-10-04 13:00:00,1.270119940275494,1.270119940275494
2024-10-04 14:00:00,1.822368468481839,1.822368468481839
2024-10-04 15:00:00,2.7952572658243158,2.7952572658243158
2024-10-04 16:00:00,2.7160589735282272,2.7160589735282272
2024-10-04 17:00:00,3.3436975989162505,3.3436975989162505
2024-10-04 18:00:00,3.312477425039733,3.312477425039733
2024-10-04 19:00:00,2.8331648566435703,2.8331648566435703
2024-10-04 20:00:00,3.2817867012765563,3.2817867012765563
2024-10-04 21:00:00,2.9098914938742935,2.9098914938742935
2024-10-04 22:00:00,0.0,0.0
2024-10-04 23:00:00,0.0,0.0
2024-10-05 00:00:00,0.0,0.0
2024-10-05 01:00:00,0.0,0.0
2024-10-05 02:00:00,0.0,0.0
2024-10-05 03:00:00,0.0,0.0
2024-10-05 04:00:00,0.0,0.0
2024-10-05 05:00:00,0.0,0.0
2024-10-05 06:00:00,0.0,0.0
2024-10-05 07:00:00,0.0,0.0
2024-10-05 08:00:00,0.0,0.0
2024-10-05 09:00:00,0.0,0.0
2024-10-05 10:00:00,0.10472460628923913,0.10472460628923913
2024-10-05 11:00:00,0.31379015132555416,0.31379015132555416
2024-10-05 12:00:00,0.7289222584179614,0.7289222584179614
2024-10-05 13:00:00,0.9870122750371713,0.9870122750371713
2024-10-05 14:00:00,1.5611733392173717,1.5611733392173717
2024-10-05 15:00:00,1.8807546568794475,1.8807546568794475
2024-10-05 16:00:00,2.318349977133555,2.318349977133555
2024-10-05 17:00:00,2.921559888408756,2.921559888408756
2024-10-05 18:00:00,2.3734002333281206,2.3734002333281206
2024-10-05 19:00:00,2.490015956128019,2.490015956128019
2024-10-05 20:00:00,2.4709681400292034,2.4709681400292034
2024-10-05 21:00:00,2.657256643097502,2.657256643097502
2024-10-05 22:00:00,0.0,0.0
2024-10-05 23:00:00,0.0,0.0
2024-10-06 00:00:00,0.0,0.0
2024-10-06 01:00:00,0.0,0.0
2024-10-06 02:00:00,0.0,0.0
2024-10-06 03:00:00,0.0,0.0
2024-10-06 04:00:00,0.0,0.0
2024-10-06 05:00:00,0.0,0.0
2024-10-06 06:00:00,0.0,0.0
2024-10-06 07:00:00,0.0,0.0
2024-10-06 08:00:00,0.0,0.0
2024-10-06 09:00:00,0.0,0.0
2024-10-06 10:00:00,0.08424285335407294,0.08424285335407294
2024-10-06 11:00:00,0.3830496825659616,0.3830496825659616
2024-10-06 12:00:00,0.728011411234802,0.728011411234802
2024-10-06 13:00:00,1.079706230312187,1.079706230312187
2024-10-06 14:00:00,1.8603758777655288,1.8603758777655288
2024-10-06 15:00:00,2.081663026326162,2.081663026326162
2024-10-06 16:00:00,2.1352047297252486,2.1352047297252486
2024-10-06 17:00:00,2.846944283777849,2.846944283777849
2024-10-06 18:00:00,2.885531262061284,2.885531262061284
2024-10-06 19:00:00,2.382286828944343,2.382286828944343
2024-10-06 20:00:00,2.199011991599106,2.199011991599106
2024-10-06 21:00:00,2.200552577102367,2.200552577102367
2024-10-06 22:00:00,0.0,0.0
2024-10-06 23:00:00,0.0,0.0
2024-10-07 00:00:00,0.0,0.0
2024-10-07 01:00:00,0.0,0.0
2024-10-07 02:00:00,0.0,0.0
2024-10-07 03:00:00,0.0,0.0
2024-10-07 04:00:00,0.0,0.0
2024-10-07 05:00:00,0.0,0.0
2024-10-07 06:00:00,0.0,0.0
2024-10-07 07:00:00,0.0,0.0
2024-10-07 08:00:00,0.0,0.0
2024-10-07 09:00:00,0.0,0.0
2024-10-07 10:00:00,0.10975182855060216,0.10975182855060216
2024-10-07 11:00:00,0.44499686307981423,0.44499686307981423
2024-10-07 12:00:00,1.0413829432386301,1.0413829432386301
2024-10-07 13:00:00,1.5224645963091221,1.5224645963091221
2024-10-07 14:00:00,2.3645406668322084,2.3645406668322084
2024-10-07 15:00:00,2.2716937887108344,2.2716937887108344
2024-10-07 16:00:00,3.7184529527191894,3.7184529527191894
2024-10-07 17:00:00,3.8282752061279623,3.8282752061279623
2024-10-07 18:00:00,4.074229079439915,4.074229079439915
2024-10-07 19:00:00,3.7386386370682114,3.7386386370682114
2024-10-07 20:00:00,3.516777405258095,3.516777405258095
2024-10-07 21:00:00,2.8655188254510033,2.8655188254510033
2024-10-07 22:00:00,0.0,0.0
2024-10-07 23:00:00,0.0,0.0
2024-10-08 00:00:00,0.0,0.0
2024-10-08 01:00:00,0.0,0.0
2024-10-08 02:00:00,0.0,0.0
2024-10-08 03:00:00,0.0,0.0
2024-10-08 04:00:00,0.0,0.0
2024-10-08 05:00:00,0.0,0.0
2024-10-08 06:00:00,0.0,0.0
2024-10-08 07:00:00,0.0,0.0
2024-10-08 08:00:00,0.0,0.0
2024-10-08 09:00:00,0.0,0.0
2024-10-08 10:00:00,0.11962550524932701,0.11962550524932701
2024-10-08 11:00:00,0.4877087668918069,0.4877087668918069
2024-10-08 12:00:00,0.9870756184497959,0.9870756184497959
2024-10-08 13:00:00,1.5868810618694125,1.5868810618694125
2024-10-08 14:00:00,2.2750354311652217,2.2750354311652217
2024-10-08 15:00:00,2.241475327817077,2.241475327817077
2024-10-08 16:00:00,2.824363619678701,2.824363619678701
2024-10-08 17:00:00,3.374470429624529,3.374470429624529
2024-10-08 18:00:00,3.549401779358015,3.549401779358015
2024-10-08 19:00:00,3.022191224557835,3.022191224557835
2024-10-08 20:00:00,2.6244217524311533,2.6244217524311533
2024-10-08 21:00:00,3.042160725341885,3.042160725341885
2024-10-08 22:00:00,0.0,0.0
2024-10-08 23:00:00,0.0,0.0
2024-10-09 00:00:00,0.0,0.0
2024-10-09 01:00:00,0.0,0.0
2024-10-09 02:00:00,0.0,0.0
2024-10-09 03:00:00,0.0,0.0
2024-10-09 04:00:00,0.0,0.0
2024-10-09 05:00:00,0.0,0.0
2024-10-09 06:00:00,0.0,0.0
2024-10-09 07:00:00,0.0,0.0
2024-10-09 08:00:00,0.0,0.0
2024-10-09 09:00:00,0.0,0.0
2024-10-09 10:00:00,0.11360415088329784,0.11360415088329784
2024-10-09 11:00:00,0.48884314103553383,0.48884314103553383
2024-10-09 12:00:00,0.9492138304682003,0.9492138304682003
2024-10-09 13:00:00,1.4384268478723512,1.4384268478723512
2024-10-09 14:00:00,2.453911970686609,2.453911970686609
2024-10-09 15:00:00,3.0621017337814744,3.0621017337814744
2024-10-09 16:00:00,3.0639758553427288,3.0639758553427288
2024-10-09 17:00:00,4.103914714017229,4.103914714017229
2024-10-09 18:00:00,3.9268721875453454,3.9268721875453454
2024-10-09 19:00:00,3.5262939093632646,3.5262939093632646
2024-10-09 20:00:00,3.7122670879947033,3.7122670879947033
2024-10-09 21:00:00,3.284431345048773,3.284431345048773
2024-10-09 22:00:00,0.0,0.0
2024-10-09 23:00:00,0.0,0.0
2024-10-10 00:00:00,0.0,0.0
2024-10-10 01:00:00,0.0,0.0
2024-10-10 02:00:00,0.0,0.0
2024-10-10 03:00:00,0.0,0.0
2024-10-10 04:00:00,0.0,0.0
2024-10-10 05:00:00,0.0,0.0
2024-10-10 06:00:00,0.0,0.0
2024-10-10 07:00:00,0.0,0.0
2024-10-10 08:00:00,0.0,0.0
2024-10-10 09:00:00,0.0,0.0
2024-10-10 10:00:00,0.137142970020013,0.137142970020013
2024-10-10 11:00:00,0.5221710202211528,0.5221710202211528
2024-10-10 12:00:00,1.0364812358346203,1.0364812358346203
2024-10-10 13:00:00,1.5256552043307912,1.5256552043307912
2024-10-10 14:00:00,2.0383744003112296,2.0383744003112296
2024-10-10 15:00:00,2.28797400697168,2.28797400697168
2024-10-10 16:00:00,3.6237681512696294,3.6237681512696294
2024-10-10 17:00:00,4.0566875437149,4.0566875437149
2024-10-10 18:00:00,3.5344021096051947,3.5344021096051947
2024-10-10 19:00:00,3.1740472727187012,3.1740472727187012
2024-10-10 20:00:00,2.669032404141057,2.669032404141057
2024-10-10 21:00:00,2.843690185974765,2.843690185974765
2024-10-10 22:00:00,0.0,0.0
2024-10-10 23:00:00,0.0,0.0
2024-10-11 00:00:00,0.0,0.0
2024-10-11 01:00:00,0.0,0.0
2024-10-11 02:00:00,0.0,0.0
2024-10-11 03:00:00,0.0,0.0
2024-10-11 04:00:00,0.0,0.0
2024-10-11 05:00:00,0.0,0.0
2024-10-11 06:00:00,0.0,0.0
2024-10-11 07:00:00,0.0,0.0
2024-10-11 08:00:00,0.0,0.0
2024-10-11 09:00:00,0.0,0.0
2024-10-11 10:00:00,0.12167360724103732,0.12167360724103732
2024-10-11 11:00:00,0.48516731552648623,0.48516731552648623
2024-10-11 12:00:00,0.9370181839019012,0.9370181839019012
2024-10-11 13:00:00,1.4202849307530476,1.4202849307530476
2024-10-11 14:00:00,2.1148667522049247,2.1148667522049247
2024-10-11 15:00:00,2.57812612940517,2.57812612940517
2024-10-11 16:00:00,3.51168973726019,3.51168973726019
2024-10-11 17:00:00,3.3192333559827647,3.3192333559827647
2024-10-11 18:00:00,4.076023789228002,4.076023789228002
2024-10-11 19:00:00,3.3936509706712776,3.3936509706712776
2024-10-11 20:00:00,2.8773508573484405,2.8773508573484405
2024-10-11 21:00:00,2.835191938129538,2.835191938129538
2024-10-11 22:00:00,0.0,0.0
2024-10-11 23:00:00,0.0,0.0
2024-10-12 00:00:00,0.0,0.0
2024-10-12 01:00:00,0.0,0.0
2024-10-12 02:00:00,0.0,0.0
2024-10-12 03:00:00,0.0,0.0
2024-10-12 04:00:00,0.0,0.0
2024-10-12 05:00:00,0.0,0.0
2024-10-12 06:00:00,0.0,0.0
2024-10-12 07:00:00,0.0,0.0
2024-10-12 08:00:00,0.0,0.0
2024-10-12 09:00:00,0.0,0.0
2024-10-12 10:00:00,0.09421470947925947,0.09421470947925947
2024-10-12 11:00:00,0.32399518642341696,0.32399518642341696
2024-10-12 12:00:00,0.7890551744373245,0.7890551744373245
2024-10-12 13:00:00,1.0441719140511352,1.0441719140511352
2024-10-12 14:00:00,1.4600775208691088,1.4600775208691088
2024-10-12 15:00:00,2.1546255702973127,2.1546255702973127
2024-10-12 16:00:00,2.5026637243751146,2.5026637243751146
2024-10-12 17:00:00,2.863481511897618,2.863481511897618
2024-10-12 18:00:00,2.257706760156226,2.257706760156226
2024-10-12 19:00:00,2.1837830741737596,2.1837830741737596
2024-10-12 20:00:00,2.6525029201261305,2.6525029201261305
2024-10-12 21:00:00,2.1279670485355364,2.1279670485355364
2024-10-12 22:00:00,0.0,0.0
2024-10-12 23:00:00,0.0,0.0
2024-10-13 00:00:00,0.0,0.0
2024-10-13 01:00:00,0.0,0.0
2024-10-13 02:00:00,0.0,0.0
2024-10-13 03:00:00,0.0,0.0
2024-10-13 04:00:00,0.0,0.0
2024-10-13 05:00:00,0.0,0.0
2024-10-13 06:00:00,0.0,0.0
2024-10-13 07:00:00,0.0,0.0
2024-10-13 08:00:00,0.0,0.0
2024-10-13 09:00:00,0.0,0.0
2024-10-13 10:00:00,0.09187564937950637,0.09187564937950637
2024-10-13 11:00:00,0.37827429895295506,0.37827429895295506
2024-10-13 12:00:00,0.6916360522879802,0.6916360522879802
2024-10-13 13:00:00,0.8963893527162918,0.8963893527162918
2024-10-13 14:00:00,1.3463725094034924,1.3463725094034924
2024-10-13 15:00:00,1.8227910513203391,1.8227910513203391
2024-10-13 16:00:00,2.5985192852664842,2.5985192852664842
2024-10-13 17:00:00,2.39284655261951,2.39284655261951
2024-10-13 18:00:00,2.423488267985422,2.423488267985422
2024-10-13 19:00:00,2.4487976336805692,2.4487976336805692
2024-10-13 20:00:00,2.4569238191649987,2.4569238191649987
2024-10-13 21:00:00,2.589314029089724,2.589314029089724
2024-10-13 22:00:00,0.0,0.0
2024-10-13 23:00:00,0.0,0.0
2024-10-14 00:00:00,0.0,0.0
2024-10-14 01:00:00,0.0,0.0
2024-10-14 02:00:00,0.0,0.0
2024-10-14 03:00:00,0.0,0.0
2024-10-14 04:00:00,0.0,0.0
2024-10-14 05:00:00,0.0,0.0
2024-10-14 06:00:00,0.0,0.0
2024-10-14 07:00:00,0.0,0.0
2024-10-14 08:00:00,0.0,0.0
2024-10-14 09:00:00,0.0,0.0
2024-10-14 10:00:00,0.14817534964832407,0.14817534964832407
2024-10-14 11:00:00,0.5608129631875225,0.5608129631875225
2024-10-14 12:00:00,0.9168061985467738,0.9168061985467738
2024-10-14 13:00:00,1.5361798087566678,1.5361798087566678
2024-10-14 14:00:00,2.714829208171574,2.714829208171574
2024-10-14 15:00:00,3.2206060907804446,3.2206060907804446
2024-10-14 16:00:00,3.4668213638383523,3.4668213638383523
2024-10-14 17:00:00,3.7603378591351984,3.7603378591351984
2024-10-14 18:00:00,3.694691288257755,3.694691288257755
2024-10-14 19:00:00,3.607925397718162,3.607925397718162
2024-10-14 20:00:00,3.340008020356214,3.340008020356214
2024-10-14 21:00:00,3.0947919545240508,3.0947919545240508
2024-10-14 22:00:00,0.0,0.0
2024-10-14 23:00:00,0.0,0.0
2024-10-15 00:00:00,0.0,0.0
2024-10-15 01:00:00,0.0,0.0
2024-10-15 02:00:00,0.0,0.0
2024-10-15 03:00:00,0.0,0.0
2024-10-15 04:00:00,0.0,0.0
2024-10-15 05:00:00,0.0,0.0
2024-10-15 06:00:00,0.0,0.0
2024-10-15 07:00:00,0.0,0.0
2024-10-15 08:00:00,0.0,0.0
2024-10-15 09:00:00,0.0,0.0
2024-10-15 10:00:00,0.13759442617819154,0.13759442617819154
2024-10-15 11:00:00,0.4490198479273126,0.4490198479273126
2024-10-15 12:00:00,0.964104319858023,0.964104319858023
2024-10-15 13:00:00,1.375552195862521,1.375552195862521
2024-10-15 14:00:00,2.35973901393915,2.35973901393915
2024-10-15 15:00:00,3.0515945216028015,3.0515945216028015
2024-10-15 16:00:00,3.5258046043872016,3.5258046043872016
2024-10-15 17:00:00,4.057398718632204,4.057398718632204
2024-10-15 18:00:00,3.5414187261599075,3.5414187261599075
2024-10-15 19:00:00,3.3255031763916665,3.3255031763916665
2024-10-15 20:00:00,3.6063478267227236,3.6063478267227236
2024-10-15 21:00:00,3.034056716842614,3.034056716842614
2024-10-15 22:00:00,0.0,0.0
2024-10-15 23:00:00,0.0,0.0
2024-10-16 00:00:00,0.0,0.0
2024-10-16 01:00:00,0.0,0.0
2024-10-16 02:00:00,0.0,0.0
2024-10-16 03:00:00,0.0,0.0
2024-10-16 04:00:00,0.0,0.0
2024-10-16 05:00:00,0.0,0.0
2024-10-16 06:00:00,0.0,0.0
2024-10-16 07:00:00,0.0,0.0
2024-10-16 08:00:00,0.0,0.0
2024-10-16 09:00:00,0.0,0.0
2024-10-16 10:00:00,0.12051256268491509,0.12051256268491509
2024-10-16 11:00:00,0.49297666063565865,0.49297666063565865
2024-10-16 12:00:00,0.8332064875799333,0.8332064875799333
2024-10-16 13:00:00,1.3451869120871462,1.3451869120871462
2024-10-16 14:00:00,2.4841337397611487,2.4841337397611487
2024-10-16 15:00:00,2.1957275569937638,2.1957275569937638
2024-10-16 16:00:00,3.103423511259784,3.103423511259784
2024-10-16 17:00:00,3.313505129744804,3.313505129744804
2024-10-16 18:00:00,2.978207164862978,2.978207164862978
2024-10-16 19:00:00,3.146344733142045,3.146344733142045
2024-10-16 20:00:00,3.1495861545419386,3.1495861545419386
2024-10-16 21:00:00,2.977792221842711,2.977792221842711
2024-10-16 22:00:00,0.0,0.0
2024-10-16 23:00:00,0.0,0.0
2024-10-17 00:00:00,0.0,0.0
2024-10-17 01:00:00,0.0,0.0
2024-10-17 02:00:00,0.0,0.0
2024-10-17 03:00:00,0.0,0.0
2024-10-17 04:00:00,0.0,0.0
2024-10-17 05:00:00,0.0,0.0
2024-10-17 06:00:00,0.0,0.0
2024-10-17 07:00:00,0.0,0.0
2024-10-17 08:00:00,0.0,0.0
2024-10-17 09:00:00,0.0,0.0
2024-10-17 10:00:00,0.11391741706220407,0.11391741706220407
2024-10-17 11:00:00,0.4125676371569362,0.4125676371569362
2024-10-17 12:00:00,1.100767171143705,1.100767171143705
2024-10-17 13:00:00,1.614675096430071,1.614675096430071
2024-10-17 14:00:00,2.266828920416438,2.266828920416438
2024-10-17 15:00:00,2.898334549309055,2.898334549309055
2024-10-17 16:00:00,2.891737260281415,2.891737260281415
2024-10-17 17:00:00,3.965220569525936,3.965220569525936
2024-10-17 18:00:00,4.163891045122972,4.163891045122972
2024-10-17 19:00:00,3.5565866692822796,3.5565866692822796
2024-10-17 20:00:00,3.18535011360246,3.18535011360246
2024-10-17 21:00:00,3.1463307026833505,3.1463307026833505
2024-10-17 22:00:00,0.0,0.0
2024-10-17 23:00:00,0.0,0.0
2024-10-18 00:00:00,0.0,0.0
2024-10-18 01:00:00,0.0,0.0
2024-10-18 02:00:00,0.0,0.0
2024-10-18 03:00:00,0.0,0.0
2024-10-18 04:00:00,0.0,0.0
2024-10-18 05:00:00,0.0,0.0
2024-10-18 06:00:00,0.0,0.0
2024-10-18 07:00:00,0.0,0.0
2024-10-18 08:00:00,0.0,0.0
2024-10-18 09:00:00,0.0,0.0
2024-10-18 10:00:00,0.14359308659993536,0.14359308659993536
2024-10-18 11:00:00,0.5253774758425859,0.5253774758425859
2024-10-18 12:00:00,1.1788809418705097,1.1788809418705097
2024-10-18 13:00:00,1.592046330058829,1.592046330058829
2024-10-18 14:00:00,2.497430077599708,2.497430077599708
2024-10-18 15:00:00,2.558909031886146,2.558909031886146
2024-10-18 16:00:00,3.6186897295628166,3.6186897295628166
2024-10-18 17:00:00,3.5835602710700707,3.5835602710700707
2024-10-18 18:00:00,4.111699109612746,4.111699109612746
2024-10-18 19:00:00,3.478335561319601,3.478335561319601
2024-10-18 20:00:00,3.8648367534432833,3.8648367534432833
2024-10-18 21:00:00,3.524490955138167,3.524490955138167
2024-10-18 22:00:00,0.0,0.0
2024-10-18 23:00:00,0.0,0.0
2024-10-19 00:00:00,0.0,0.0
2024-10-19 01:00:00,0.0,0.0
2024-10-19 02:00:00,0.0,0.0
2024-10-19 03:00:00,0.0,0.0
2024-10-19 04:00:00,0.0,0.0
2024-10-19 05:00:00,0.0,0.0
2024-10-19 06:00:00,0.0,0.0
2024-10-19 07:00:00,0.0,0.0
2024-10-19 08:00:00,0.0,0.0
2024-10-19 09:00:00,0.0,0.0
2024-10-19 10:00:00,0.09112294270951153,0.09112294270951153
2024-10-19 11:00:00,0.32361268756349143,0.32361268756349143
2024-10-19 12:00:00,0.6518898095008862,0.6518898095008862
2024-10-19 13:00:00,1.1340711852479737,1.1340711852479737
2024-10-19 14:00:00,1.7746285027490647,1.7746285027490647
2024-10-19 15:00:00,2.121990408775404,2.121990408775404
2024-10-19 16:00:00,2.2461023247791974,2.2461023247791974
2024-10-19 17:00:00,2.3404643325508134,2.3404643325508134
2024-10-19 18:00:00,2.6136579385428256,2.6136579385428256
2024-10-19 19:00:00,2.4173011210261452,2.4173011210261452
2024-10-19 20:00:00,2.531348561335362,2.531348561335362
2024-10-19 21:00:00,2.5793181397616554,2.5793181397616554
2024-10-19 22:00:00,0.0,0.0
2024-10-19 23:00:00,0.0,0.0
2024-10-20 00:00:00,0.0,0.0
2024-10-20 01:00:00,0.0,0.0
2024-10-20 02:00:00,0.0,0.0
2024-10-20 03:00:00,0.0,0.0
2024-10-20 04:00:00,0.0,0.0
2024-10-20 05:00:00,0.0,0.0
2024-10-20 06:00:00,0.0,0.0
2024-10-20 07:00:00,0.0,0.0
2024-10-20 08:00:00,0.0,0.0
2024-10-20 09:00:00,0.0,0.0
2024-10-20 10:00:00,0.1072611010167392,0.1072611010167392
2024-10-20 11:00:00,0.3590567609942361,0.3590567609942361
2024-10-20 12:00:00,0.7938250913037785,0.7938250913037785
2024-10-20 13:00:00,0.9930577794617831,0.9930577794617831
2024-10-20 14:00:00,1.7231743223746632,1.7231743223746632
2024-10-20 15:00:00,2.2274603891025264,2.2274603891025264
2024-10-20 16:00:00,2.750400056283418,2.750400056283418
2024-10-20 17:00:00,2.9174679348650905,2.9174679348650905
2024-10-20 18:00:00,2.4692484120012015,2.4692484120012015
2024-10-20 19:00:00,2.2127811986450228,2.2127811986450228
2024-10-20 20:00:00,2.58169712523198,2.58169712523198
2024-10-20 21:00:00,2.3552751408002712,2.3552751408002712
2024-10-20 22:00:00,0.0,0.0
2024-10-20 23:00:00,0.0,0.0
2024-10-21 00:00:00,0.0,0.0
2024-10-21 01:00:00,0.0,0.0
2024-10-21 02:00:00,0.0,0.0
2024-10-21 03:00:00,0.0,0.0
2024-10-21 04:00:00,0.0,0.0
2024-10-21 05:00:00,0.0,0.0
2024-10-21 06:00:00,0.0,0.0
2024-10-21 07:00:00,0.0,0.0
2024-10-21 08:00:00,0.0,0.0
2024-10-21 09:00:00,0.0,0.0
2024-10-21 10:00:00,0.11908748329795554,0.11908748329795554
2024-10-21 11:00:00,0.457528437041981,0.457528437041981
2024-10-21 12:00:00,0.8850167015212973,0.8850167015212973
2024-10-21 13:00:00,1.2835884726358882,1.2835884726358882
2024-10-21 14:00:00,2.321507419001916,2.321507419001916
2024-10-21 15:00:00,2.348499867303681,2.348499867303681
2024-10-21 16:00:00,3.081583706389512,3.081583706389512
2024-10-21 17:00:00,3.428332692522294,3.428332692522294
2024-10-21 18:00:00,3.662934021089228,3.662934021089228
2024-10-21 19:00:00,2.986836038544178,2.986836038544178
2024-10-21 20:00:00,2.9230309290020244,2.9230309290020244
2024-10-21 21:00:00,2.967584667322379,2.967584667322379
2024-10-21 22:00:00,0.0,0.0
2024-10-21 23:00:00,0.0,0.0
2024-10-22 00:00:00,0.0,0.0
2024-10-22 01:00:00,0.0,0.0
2024-10-22 02:00:00,0.0,0.0
2024-10-22 03:00:00,0.0,0.0
2024-10-22 04:00:00,0.0,0.0
2024-10-22 05:00:00,0.0,0.0
2024-10-22 06:00:00,0.0,0.0
2024-10-22 07:00:00,0.0,0.0
2024-10-22 08:00:00,0.0,0.0
2024-10-22 09:00:00,0.0,0.0
2024-10-22 10:00:00,0.14404167490135308,0.14404167490135308
2024-10-22 11:00:00,0.4521190587212724,0.4521190587212724
2024-10-22 12:00:00,1.066101850999037,1.066101850999037
2024-10-22 13:00:00,1.5557756299456318,1.5557756299456318
2024-10-22 14:00:00,2.595854956155824,2.595854956155824
2024-10-22 15:00:00,2.7950511585095765,2.7950511585095765
2024-10-22 16:00:00,4.1504485909158415,4.1504485909158415
2024-10-22 17:00:00,4.449005726232155,4.449005726232155
2024-10-22 18:00:00,4.250766982176152,4.250766982176152
2024-10-22 19:00:00,3.570793585974416,3.570793585974416
2024-10-22 20:00:00,3.657640510143165,3.657640510143165
2024-10-22 21:00:00,3.5484377858453473,3.5484377858453473
2024-10-22 22:00:00,0.0,0.0
2024-10-22 23:00:00,0.0,0.0
2024-10-23 00:00:00,0.0,0.0
2024-10-23 01:00:00,0.0,0.0
2024-10-23 02:00:00,0.0,0.0
2024-10-23 03:00:00,0.0,0.0
2024-10-23 04:00:00,0.0,0.0
2024-10-23 05:00:00,0.0,0.0
2024-10-23 06:00:00,0.0,0.0
2024-10-23 07:00:00,0.0,0.0
2024-10-23 08:00:00,0.0,0.0
2024-10-23 09:00:00,0.0,0.0
2024-10-23 10:00:00,0.14484454519142884,0.14484454519142884
2024-10-23 11:00:00,0.5395410036118362,0.5395410036118362
2024-10-23 12:00:00,0.9592353291945612,0.9592353291945612
2024-10-23 13:00:00,1.6961500784057397,1.6961500784057397
2024-10-23 14:00:00,2.367146804633484,2.367146804633484
2024-10-23 15:00:00,3.0887012206569393,3.0887012206569393
2024-10-23 16:00:00,4.16022469662106,4.16022469662106
2024-10-23 17:00:00,4.377687658010788,4.377687658010788
2024-10-23 18:00:00,3.7644475955785985,3.7644475955785985
2024-10-23 19:00:00,3.5586092338163606,3.5586092338163606
2024-10-23 20:00:00,3.6725106317443115,3.6725106317443115
2024-10-23 21:00:00,3.9017065793018775,3.9017065793018775
2024-10-23 22:00:00,0.0,0.0
2024-10-23 23:00:00,0.0,0.0
2024-10-24 00:00:00,0.0,0.0
2024-10-24 01:00:00,0.0,0.0
2024-10-24 02:00:00,0.0,0.0
2024-10-24 03:00:00,0.0,0.0
2024-10-24 04:00:00,0.0,0.0
2024-10-24 05:00:00,0.0,0.0
2024-10-24 06:00:00,0.0,0.0
2024-10-24 07:00:00,0.0,0.0
2024-10-24 08:00:00,0.0,0.0
2024-10-24 09:00:00,0.0,0.0
2024-10-24 10:00:00,0.141226664588563,0.141226664588563
2024-10-24 11:00:00,0.48452177831286747,0.48452177831286747
2024-10-24 12:00:00,0.9836966672590244,0.9836966672590244
2024-10-24 13:00:00,1.7656291623135922,1.7656291623135922
2024-10-24 14:00:00,2.1693297078634504,2.1693297078634504
2024-10-24 15:00:00,2.653353883058461,2.653353883058461
2024-10-24 16:00:00,3.776242209131907,3.776242209131907
2024-10-24 17:00:00,3.431755032056851,3.431755032056851
2024-10-24 18:00:00,3.978091075637888,3.978091075637888
2024-10-24 19:00:00,3.0693133285187897,3.0693133285187897
2024-10-24 20:00:00,3.787010990217942,3.787010990217942
2024-10-24 21:00:00,3.7052750807751993,3.7052750807751993
2024-10-24 22:00:00,0.0,0.0
2024-10-24 23:00:00,0.0,0.0
2024-10-25 00:00:00,0.0,0.0
2024-10-25 01:00:00,0.0,0.0
2024-10-25 02:00:00,0.0,0.0
2024-10-25 03:00:00,0.0,0.0
2024-10-25 04:00:00,0.0,0.0
2024-10-25 05:00:00,0.0,0.0
2024-10-25 06:00:00,0.0,0.0
2024-10-25 07:00:00,0.0,0.0
2024-10-25 08:00:00,0.0,0.0
2024-10-25 09:00:00,0.0,0.0
2024-10-25 10:00:00,0.13697277460047463,0.13697277460047463
2024-10-25 11:00:00,0.4741658076836426,0.4741658076836426
2024-10-25 12:00:00,0.8820196336671219,0.8820196336671219
2024-10-25 13:00:00,1.7972278352648783,1.7972278352648783
2024-10-25 14:00:00,2.073409666386576,2.073409666386576
2024-10-25 15:00:00,3.0333449098263845,3.0333449098263845
2024-10-25 16:00:00,3.6599522372471456,3.6599522372471456
2024-10-25 17:00:00,3.785327079396103,3.785327079396103
2024-10-25 18:00:00,4.13985670918149,4.13985670918149
2024-10-25 19:00:00,3.68801123522141,3.68801123522141
2024-10-25 20:00:00,3.811082669605362,3.811082669605362
2024-10-25 21:00:00,3.518278485949417,3.518278485949417
2024-10-25 22:00:00,0.0,0.0
2024-10-25 23:00:00,0.0,0.0
2024-10-26 00:00:00,0.0,0.0
2024-10-26 01:00:00,0.0,0.0
2024-10-26 02:00:00,0.0,0.0
2024-10-26 03:00:00,0.0,0.0
2024-10-26 04:00:00,0.0,0.0
2024-10-26 05:00:00,0.0,0.0
2024-10-26 06:00:00,0.0,0.0
2024-10-26 07:00:00,0.0,0.0
2024-10-26 08:00:00,0.0,0.0
2024-10-26 09:00:00,0.0,0.0
2024-10-26 10:00:00,0.09347616765222272,0.09347616765222272
2024-10-26 11:00:00,0.2762126258458113,0.2762126258458113
2024-10-26 12:00:00,0.5940613090688517,0.5940613090688517
2024-10-26 13:00:00,0.9724264399644588,0.9724264399644588
2024-10-26 14:00:00,1.2942375016288445,1.2942375016288445
2024-10-26 15:00:00,1.9094033360126232,1.9094033360126232
2024-10-26 16:00:00,2.420407427161076,2.420407427161076
2024-10-26 17:00:00,2.3811432516337208,2.3811432516337208
2024-10-26 18:00:00,2.2166329974524372,2.2166329974524372
2024-10-26 19:00:00,2.411779717828923,2.411779717828923
2024-10-26 20:00:00,2.27736539805428,2.27736539805428
2024-10-26 21:00:00,2.208114128536751,2.208114128536751
2024-10-26 22:00:00,0.0,0.0
2024-10-26 23:00:00,0.0,0.0
2024-10-27 00:00:00,0.0,0.0
2024-10-27 01:00:00,0.0,0.0
2024-10-27 02:00:00,0.0,0.0
2024-10-27 03:00:00,0.0,0.0
2024-10-27 04:00:00,0.0,0.0
2024-10-27 05:00:00,0.0,0.0
2024-10-27 06:00:00,0.0,0.0
2024-10-27 07:00:00,0.0,0.0
2024-10-27 08:00:00,0.0,0.0
2024-10-27 09:00:00,0.0,0.0
2024-10-27 10:00:00,0.07495803265997712,0.07495803265997712
2024-10-27 11:00:00,0.3659512388839064,0.3659512388839064
2024-10-27 12:00:00,0.7444124248819199,0.7444124248819199
2024-10-27 13:00:00,1.0692511614007976,1.0692511614007976
2024-10-27 14:00:00,1.3657197992428844,1.3657197992428844
2024-10-27 15:00:00,1.8687724595154678,1.8687724595154678
2024-10-27 16:00:00,2.155230999463225,2.155230999463225
2024-10-27 17:00:00,2.3666639429003387,2.3666639429003387
2024-10-27 18:00:00,2.143820513032426,2.143820513032426
2024-10-27 19:00:00,2.355757710383569,2.355757710383569
2024-10-27 20:00:00,2.254997040901618,2.254997040901618
2024-10-27 21:00:00,2.2092165193710045,2.2092165193710045
2024-10-27 22:00:00,0.0,0.0
2024-10-27 23:00:00,0.0,0.0
2024-10-28 00:00:00,0.0,0.0
2024-10-28 01:00:00,0.0,0.0
2024-10-28 02:00:00,0.0,0.0
2024-10-28 03:00:00,0.0,0.0
2024-10-28 04:00:00,0.0,0.0
2024-10-28 05:00:00,0.0,0.0
2024-10-28 06:00:00,0.0,0.0
2024-10-28 07:00:00,0.0,0.0
2024-10-28 08:00:00,0.0,0.0
2024-10-28 09:00:00,0.0,0.0
2024-10-28 10:00:00,0.11526001592173055,0.11526001592173055
2024-10-28 11:00:00,0.4714197223346611,0.4714197223346611
2024-10-28 12:00:00,1.0484573436575118,1.0484573436575118
2024-10-28 13:00:00,1.3221123267472146,1.3221123267472146
2024-10-28 14:00:00,2.201219102842117,2.201219102842117
2024-10-28 15:00:00,2.3008065686026966,2.3008065686026966
2024-10-28 16:00:00,3.1983075838701573,3.1983075838701573
2024-10-28 17:00:00,3.782324628727207,3.782324628727207
2024-10-28 18:00:00,3.1817759134937957,3.1817759134937957
2024-10-28 19:00:00,2.8179468711877473,2.8179468711877473
2024-10-28 20:00:00,3.469111524620466,3.469111524620466
2024-10-28 21:00:00,3.1996987353650845,3.1996987353650845
2024-10-28 22:00:00,0.0,0.0
2024-10-28 23:00:00,0.0,0.0
2024-10-29 00:00:00,0.0,0.0
2024-10-29 01:00:00,0.0,0.0
2024-10-29 02:00:00,0.0,0.0
2024-10-29 03:00:00,0.0,0.0
2024-10-29 04:00:00,0.0,0.0
2024-10-29 05:00:00,0.0,0.0
2024-10-29 06:00:00,0.0,0.0
2024-10-29 07:00:00,0.0,0.0
2024-10-29 08:00:00,0.0,0.0
2024-10-29 09:00:00,0.0,0.0
2024-10-29 10:00:00,0.1327784028542943,0.1327784028542943
2024-10-29 11:00:00,0.4149097337283476,0.4149097337283476
2024-10-29 12:00:00,0.8785758606729245,0.8785758606729245
2024-10-29 13:00:00,1.4025779599067993,1.4025779599067993
2024-10-29 14:00:00,2.132647430299714,2.132647430299714
2024-10-29 15:00:00,2.17687400030155,2.17687400030155
2024-10-29 16:00:00,3.136539085845415,3.136539085845415
2024-10-29 17:00:00,3.6459730389705793,3.6459730389705793
2024-10-29 18:00:00,3.8331424289186082,3.8331424289186082
2024-10-29 19:00:00,3.2008980155222178,3.2008980155222178
2024-10-29 20:00:00,3.096520905797139,3.096520905797139
2024-10-29 21:00:00,2.8025145085402863,2.8025145085402863
2024-10-29 22:00:00,0.0,0.0
2024-10-29 23:00:00,0.0,0.0
2024-10-30 00:00:00,0.0,0.0
2024-10-30 01:00:00,0.0,0.0
2024-10-30 02:00:00,0.0,0.0
2024-10-30 03:00:00,0.0,0.0
2024-10-30 04:00:00,0.0,0.0
2024-10-30 05:00:00,0.0,0.0
2024-10-30 06:00:00,0.0,0.0
2024-10-30 07:00:00,0.0,0.0
2024-10-30 08:00:00,0.0,0.0
2024-10-30 09:00:00,0.0,0.0
2024-10-30 10:00:00,0.1477048403499645,0.1477048403499645
2024-10-30 11:00:00,0.5498692929027549,0.5498692929027549
2024-10-30 12:00:00,0.9035576123898859,0.9035576123898859
2024-10-30 13:00:00,1.6633262939552063,1.6633262939552063
2024-10-30 14:00:00,2.3341197033830454,2.3341197033830454
2024-10-30 15:00:00,3.0597835710291914,3.0597835710291914
2024-10-30 16:00:00,3.5318661799952324,3.5318661799952324
2024-10-30 17:00:00,3.4800342502489645,3.4800342502489645
2024-10-30 18:00:00,3.4363810520298674,3.4363810520298674
2024-10-30 19:00:00,3.8214407189708477,3.8214407189708477
2024-10-30 20:00:00,3.778766256990502,3.778766256990502
2024-10-30 21:00:00,3.387857659124332,3.387857659124332
2024-10-30 22:00:00,0.0,0.0
2024-10-30 23:00:00,0.0,0.0
2024-10-31 00:00:00,0.0,0.0
2024-10-31 01:00:00,0.0,0.0
2024-10-31 02:00:00,0.0,0.0
2024-10-31 03:00:00,0.0,0.0
2024-10-31 04:00:00,0.0,0.0
2024-10-31 05:00:00,0.0,0.0
2024-10-31 06:00:00,0.0,0.0
2024-10-31 07:00:00,0.0,0.0
2024-10-31 08:00:00,0.0,0.0
2024-10-31 09:00:00,0.0,0.0
2024-10-31 10:00:00,0.13658289711301394,0.13658289711301394
2024-10-31 11:00:00,0.45359067361376915,0.45359067361376915
2024-10-31 12:00:00,0.9979021371180276,0.9979021371180276
2024-10-31 13:00:00,1.8234637157767417,1.8234637157767417
2024-10-31 14:00:00,2.518748990669458,2.518748990669458
2024-10-31 15:00:00,2.862823386593343,2.862823386593343
2024-10-31 16:00:00,3.0236954603684425,3.0236954603684425
2024-10-31 17:00:00,3.711484004223867,3.711484004223867
2024-10-31 18:00:00,3.8695014700540185,3.8695014700540185
2024-10-31 19:00:00,3.5883038253062893,3.5883038253062893
2024-10-31 20:00:00,3.817464357370024,3.817464357370024
2024-10-31 21:00:00,3.453263399023721,3.453263399023721
2024-10-31 22:00:00,0.0,0.0
2024-10-31 23:00:00,0.0,0.0
2024-11-01 00:00:00,0.0,0.0
2024-11-01 01:00:00,0.0,0.0
2024-11-01 02:00:00,0.0,0.0
2024-11-01 03:00:00,0.0,0.0
2024-11-01 04:00:00,0.0,0.0
2024-11-01 05:00:00,0.0,0.0
2024-11-01 06:00:00,0.0,0.0
2024-11-01 07:00:00,0.0,0.0
2024-11-01 08:00:00,0.0,0.0
2024-11-01 09:00:00,0.0,0.0
2024-11-01 10:00:00,0.10939787694325905,0.10939787694325905
2024-11-01 11:00:00,0.3957904314504828,0.3957904314504828
2024-11-01 12:00:00,0.9475863231072087,0.9475863231072087
2024-11-01 13:00:00,1.4895295222375342,1.4895295222375342
2024-11-01 14:00:00,2.213554457518243,2.213554457518243
2024-11-01 15:00:00,2.510496930928047,2.510496930928047
2024-11-01 16:00:00,3.356697618199941,3.356697618199941
2024-11-01 17:00:00,3.738615302945734,3.738615302945734
2024-11-01 18:00:00,3.8017653908632485,3.8017653908632485
2024-11-01 19:00:00,3.208650457978407,3.208650457978407
2024-11-01 20:00:00,2.9068248113279305,2.9068248113279305
2024-11-01 21:00:00,3.1043565049615505,3.1043565049615505
2024-11-01 22:00:00,0.0,0.0
2024-11-01 23:00:00,0.0,0.0
2024-11-02 00:00:00,0.0,0.0
2024-11-02 01:00:00,0.0,0.0
2024-11-02 02:00:00,0.0,0.0
2024-11-02 03:00:00,0.0,0.0
2024-11-02 04:00:00,0.0,0.0
2024-11-02 05:00:00,0.0,0.0
2024-11-02 06:00:00,0.0,0.0
2024-11-02 07:00:00,0.0,0.0
2024-11-02 08:00:00,0.0,0.0
2024-11-02 09:00:00,0.0,0.0
2024-11-02 10:00:00,0.08868521735609189,0.08868521735609189
2024-11-02 11:00:00,0.38542240577571263,0.38542240577571263
2024-11-02 12:00:00,0.6607370796601558,0.6607370796601558
2024-11-02 13:00:00,1.1046652021783194,1.1046652021783194
2024-11-02 14:00:00,1.6464989348111623,1.6464989348111623
2024-11-02 15:00:00,1.9905438482079825,1.9905438482079825
2024-11-02 16:00:00,2.7975068298113914,2.7975068298113914
2024-11-02 17:00:00,2.400405815924678,2.400405815924678
2024-11-02 18:00:00,2.6848101311775108,2.6848101311775108
2024-11-02 19:00:00,2.719930549397609,2.719930549397609
2024-11-02 20:00:00,2.285632022457195,2.285632022457195
2024-11-02 21:00:00,2.604432544624007,2.604432544624007
2024-11-02 22:00:00,0.0,0.0
2024-11-02 23:00:00,0.0,0.0
2024-11-03 00:00:00,0.0,0.0
2024-11-03 01:00:00,0.0,0.0
2024-11-03 02:00:00,0.0,0.0
2024-11-03 03:00:00,0.0,0.0
2024-11-03 04:00:00,0.0,0.0
2024-11-03 05:00:00,0.0,0.0
2024-11-03 06:00:00,0.0,0.0
2024-11-03 07:00:00,0.0,0.0
2024-11-03 08:00:00,0.0,0.0
2024-11-03 09:00:00,0.0,0.0
2024-11-03 10:00:00,0.07866785597400515,0.07866785597400515
2024-11-03 11:00:00,0.2840444581344432,0.2840444581344432
2024-11-03 12:00:00,0.7284400556965037,0.7284400556965037
2024-11-03 13:00:00,1.0728044845794875,1.0728044845794875
2024-11-03 14:00:00,1.5765031794751512,1.5765031794751512
2024-11-03 15:00:00,1.8584399351696033,1.8584399351696033
2024-11-03 16:00:00,2.1472883311463375,2.1472883311463375
2024-11-03 17:00:00,2.3038004356886246,2.3038004356886246
2024-11-03 18:00:00,2.4278029928851907,2.4278029928851907
2024-11-03 19:00:00,2.3619069570874247,2.3619069570874247
2024-11-03 20:00:00,2.4556417897486393,2.4556417897486393
2024-11-03 21:00:00,2.255519370332541,2.255519370332541
2024-11-03 22:00:00,0.0,0.0
2024-11-03 23:00:00,0.0,0.0
2024-11-04 00:00:00,0.0,0.0
2024-11-04 01:00:00,0.0,0.0
2024-11-04 02:00:00,0.0,0.0
2024-11-04 03:00:00,0.0,0.0
2024-11-04 04:00:00,0.0,0.0
2024-11-04 05:00:00,0.0,0.0
2024-11-04 06:00:00,0.0,0.0
2024-11-04 07:00:00,0.0,0.0
2024-11-04 08:00:00,0.0,0.0
2024-11-04 09:00:00,0.0,0.0
2024-11-04 10:00:00,0.13495255603314008,0.13495255603314008
2024-11-04 11:00:00,0.5529038528517404,0.5529038528517404
2024-11-04 12:00:00,1.0667062677428156,1.0667062677428156
2024-11-04 13:00:00,1.7166763594532104,1.7166763594532104
2024-11-04 14:00:00,2.1345315889242458,2.1345315889242458
2024-11-04 15:00:00,2.845602996651634,2.845602996651634
2024-11-04 16:00:00,3.3307897456419777,3.3307897456419777
2024-11-04 17:00:00,4.159150371549385,4.159150371549385
2024-11-04 18:00:00,3.926426556156583,3.926426556156583
2024-11-04 19:00:00,2.944043948634182,2.944043948634182
2024-11-04 20:00:00,3.4388160653300783,3.4388160653300783
2024-11-04 21:00:00,3.7062031728358047,3.7062031728358047
2024-11-04 22:00:00,0.0,0.0
2024-11-04 23:00:00,0.0,0.0
2024-11-05 00:00:00,0.0,0.0
2024-11-05 01:00:00,0.0,0.0
2024-11-05 02:00:00,0.0,0.0
2024-11-05 03:00:00,0.0,0.0
2024-11-05 04:00:00,0.0,0.0
2024-11-05 05:00:00,0.0,0.0
2024-11-05 06:00:00,0.0,0.0
2024-11-05 07:00:00,0.0,0.0
2024-11-05 08:00:00,0.0,0.0
2024-11-05 09:00:00,0.0,0.0
2024-11-05 10:00:00,0.13311810903813479,0.13311810903813479
2024-11-05 11:00:00,0.4521674465264589,0.4521674465264589
2024-11-05 12:00:00,1.0688092155955793,1.0688092155955793
2024-11-05 13:00:00,1.444962108006547,1.444962108006547
2024-11-05 14:00:00,2.810899739264743,2.810899739264743
2024-11-05 15:00:00,2.46968856989929,2.46968856989929
2024-11-05 16:00:00,3.11107100405887,3.11107100405887
2024-11-05 17:00:00,4.323020209705145,4.323020209705145
2024-11-05 18:00:00,3.4689648081170663,3.4689648081170663
2024-11-05 19:00:00,3.393205918620082,3.393205918620082
2024-11-05 20:00:00,3.9475126793940136,3.9475126793940136
2024-11-05 21:00:00,3.855200895525006,3.855200895525006
2024-11-05 22:00:00,0.0,0.0
2024-11-05 23:00:00,0.0,0.0
2024-11-06 00:00:00,0.0,0.0
2024-11-06 01:00:00,0.0,0.0
2024-11-06 02:00:00,0.0,0.0
2024-11-06 03:00:00,0.0,0.0
2024-11-06 04:00:00,0.0,0.0
2024-11-06 05:00:00,0.0,0.0
2024-11-06 06:00:00,0.0,0.0
2024-11-06 07:00:00,0.0,0.0
2024-11-06 08:00:00,0.0,0.0
2024-11-06 09:00:00,0.0,0.0
2024-11-06 10:00:00,0.13297555293367794,0.13297555293367794
2024-11-06 11:00:00,0.43796952461665956,0.43796952461665956
2024-11-06 12:00:00,1.0980216152088926,1.0980216152088926
2024-11-06 13:00:00,1.6480509871333433,1.6480509871333433
2024-11-06 14:00:00,2.1838933869689554,2.1838933869689554
2024-11-06 15:00:00,2.7603781473388813,2.7603781473388813
2024-11-06 16:00:00,3.8089273977984868,3.8089273977984868
2024-11-06 17:00:00,3.7062116579515307,3.7062116579515307
2024-11-06 18:00:00,3.602959398016035,3.602959398016035
2024-11-06 19:00:00,3.6287137615342453,3.6287137615342453
2024-11-06 20:00:00,2.8367031269162104,2.8367031269162104
2024-11-06 21:00:00,3.572678763345417,3.572678763345417
2024-11-06 22:00:00,0.0,0.0
2024-11-06 23:00:00,0.0,0.0
2024-11-07 00:00:00,0.0,0.0
2024-11-07 01:00:00,0.0,0.0
2024-11-07 02:00:00,0.0,0.0
2024-11-07 03:00:00,0.0,0.0
2024-11-07 04:00:00,0.0,0.0
2024-11-07 05:00:00,0.0,0.0
2024-11-07 06:00:00,0.0,0.0
2024-11-07 07:00:00,0.0,0.0
2024-11-07 08:00:00,0.0,0.0
2024-11-07 09:00:00,0.0,0.0
2024-11-07 10:00:00,0.13847316786420602,0.13847316786420602
2024-11-07 11:00:00,0.4959748053476221,0.4959748053476221
2024-11-07 12:00:00,0.8400701779178448,0.8400701779178448
2024-11-07 13:00:00,1.5921003556934759,1.5921003556934759
2024-11-07 14:00:00,2.2225574027075776,2.2225574027075776
2024-11-07 15:00:00,2.844180261348088,2.844180261348088
2024-11-07 16:00:00,3.4300370024550215,3.4300370024550215
2024-11-07 17:00:00,3.1307567299194483,3.1307567299194483
2024-11-07 18:00:00,3.234665122658237,3.234665122658237
2024-11-07 19:00:00,3.086164659396046,3.086164659396046
2024-11-07 20:00:00,3.2171663035889497,3.2171663035889497
2024-11-07 21:00:00,3.7062657339687237,3.7062657339687237
2024-11-07 22:00:00,0.0,0.0
2024-11-07 23:00:00,0.0,0.0
2024-11-08 00:00:00,0.0,0.0
2024-11-08 01:00:00,0.0,0.0
2024-11-08 02:00:00,0.0,0.0
2024-11-08 03:00:00,0.0,0.0
2024-11-08 04:00:00,0.0,0.0
2024-11-08 05:00:00,0.0,0.0
2024-11-08 06:00:00,0.0,0.0
2024-11-08 07:00:00,0.0,0.0
2024-11-08 08:00:00,0.0,0.0
2024-11-08 09:00:00,0.0,0.0
2024-11-08 10:00:00,0.13141088844514143,0.13141088844514143
2024-11-08 11:00:00,0.43379317064940254,0.43379317064940254
2024-11-08 12:00:00,0.9287038547664995,0.9287038547664995
2024-11-08 13:00:00,1.429123580459884,1.429123580459884
2024-11-08 14:00:00,2.405853080429491,2.405853080429491
2024-11-08 15:00:00,2.737990870361902,2.737990870361902
2024-11-08 16:00:00,3.1388955602985864,3.1388955602985864
2024-11-08 17:00:00,3.5425742992025095,3.5425742992025095
2024-11-08 18:00:00,3.738680420541449,3.738680420541449
2024-11-08 19:00:00,3.637098085900541,3.637098085900541
2024-11-08 20:00:00,2.931189923590011,2.931189923590011
2024-11-08 21:00:00,3.575253164304572,3.575253164304572
2024-11-08 22:00:00,0.0,0.0
2024-11-08 23:00:00,0.0,0.0
2024-11-09 00:00:00,0.0,0.0
2024-11-09 01:00:00,0.0,0.0
2024-11-09 02:00:00,0.0,0.0
2024-11-09 03:00:00,0.0,0.0
2024-11-09 04:00:00,0.0,0.0
2024-11-09 05:00:00,0.0,0.0
2024-11-09 06:00:00,0.0,0.0
2024-11-09 07:00:00,0.0,0.0
2024-11-09 08:00:00,0.0,0.0
2024-11-09 09:00:00,0.0,0.0
2024-11-09 10:00:00,0.09214804290083362,0.09214804290083362
2024-11-09 11:00:00,0.3387860926226576,0.3387860926226576
2024-11-09 12:00:00,0.5867860340840013,0.5867860340840013
2024-11-09 13:00:00,0.9856980218214272,0.9856980218214272
2024-11-09 14:00:00,1.3645346310708004,1.3645346310708004
2024-11-09 15:00:00,2.063230530738729,2.063230530738729
2024-11-09 16:00:00,2.183592748679285,2.183592748679285
2024-11-09 17:00:00,2.2720791640399343,2.2720791640399343
2024-11-09 18:00:00,2.178515759336039,2.178515759336039
2024-11-09 19:00:00,2.345629890096297,2.345629890096297
2024-11-09 20:00:00,2.3561945668486355,2.3561945668486355
2024-11-09 21:00:00,2.6485313430026403,2.6485313430026403
2024-11-09 22:00:00,0.0,0.0
2024-11-09 23:00:00,0.0,0.0
2024-11-10 00:00:00,0.0,0.0
2024-11-10 01:00:00,0.0,0.0
2024-11-10 02:00:00,0.0,0.0
2024-11-10 03:00:00,0.0,0.0
2024-11-10 04:00:00,0.0,0.0
2024-11-10 05:00:00,0.0,0.0
2024-11-10 06:00:00,0.0,0.0
2024-11-10 07:00:00,0.0,0.0
2024-11-10 08:00:00,0.0,0.0
2024-11-10 09:00:00,0.0,0.0
2024-11-10 10:00:00,0.089498381430141,0.089498381430141
2024-11-10 11:00:00,0.38781180995734205,0.38781180995734205
2024-11-10 12:00:00,0.8100584974369798,0.8100584974369798
2024-11-10 13:00:00,1.1637595279178894,1.1637595279178894
2024-11-10 14:00:00,1.8806646312586293,1.8806646312586293
2024-11-10 15:00:00,1.8737801531451144,1.8737801531451144
2024-11-10 16:00:00,2.2855396970340447,2.2855396970340447
2024-11-10 17:00:00,2.4308805067064387,2.4308805067064387
2024-11-10 18:00:00,2.686008964698661,2.686008964698661
2024-11-10 19:00:00,2.256580387528526,2.256580387528526
2024-11-10 20:00:00,2.103601789492391,2.103601789492391
2024-11-10 21:00:00,2.7317077345170255,2.7317077345170255
2024-11-10 22:00:00,0.0,0.0
2024-11-10 23:00:00,0.0,0.0
2024-11-11 00:00:00,0.0,0.0
2024-11-11 01:00:00,0.0,0.0
2024-11-11 02:00:00,0.0,0.0
2024-11-11 03:00:00,0.0,0.0
2024-11-11 04:00:00,0.0,0.0
2024-11-11 05:00:00,0.0,0.0
2024-11-11 06:00:00,0.0,0.0
2024-11-11 07:00:00,0.0,0.0
2024-11-11 08:00:00,0.0,0.0
2024-11-11 09:00:00,0.0,0.0
2024-11-11 10:00:00,0.12878409756897644,0.12878409756897644
2024-11-11 11:00:00,0.3990961632982844,0.3990961632982844
2024-11-11 12:00:00,0.8813042216575759,0.8813042216575759
2024-11-11 13:00:00,1.4508908764981134,1.4508908764981134
2024-11-11 14:00:00,2.2829981948297324,2.2829981948297324
2024-11-11 15:00:00,2.114237681856883,2.114237681856883
2024-11-11 16:00:00,3.1329794382206857,3.1329794382206857
2024-11-11 17:00:00,3.5340300173031878,3.5340300173031878
2024-11-11 18:00:00,3.0642749689338373,3.0642749689338373
2024-11-11 19:00:00,2.566821774609084,2.566821774609084
2024-11-11 20:00:00,3.3016617314143355,3.3016617314143355
2024-11-11 21:00:00,2.98063499361358,2.98063499361358
2024-11-11 22:00:00,0.0,0.0
2024-11-11 23:00:00,0.0,0.0
2024-11-12 00:00:00,0.0,0.0
2024-11-12 01:00:00,0.0,0.0
2024-11-12 02:00:00,0.0,0.0
2024-11-12 03:00:00,0.0,0.0
2024-11-12 04:00:00,0.0,0.0
2024-11-12 05:00:00,0.0,0.0
2024-11-12 06:00:00,0.0,0.0
2024-11-12 07:00:00,0.0,0.0
2024-11-12 08:00:00,0.0,0.0
2024-11-12 09:00:00,0.0,0.0
2024-11-12 10:00:00,0.10865367249797626,0.10865367249797626
2024-11-12 11:00:00,0.5357450924534127,0.5357450924534127
2024-11-12 12:00:00,0.8614623014477116,0.8614623014477116
2024-11-12 13:00:00,1.3860018275760468,1.3860018275760468
2024-11-12 14:00:00,2.3600156055047505,2.3600156055047505
2024-11-12 15:00:00,2.8075815534773993,2.8075815534773993
2024-11-12 16:00:00,3.656486318801479,3.656486318801479
2024-11-12 17:00:00,3.5199055579794614,3.5199055579794614
2024-11-12 18:00:00,4.129494449570944,4.129494449570944
2024-11-12 19:00:00,2.8102434671842413,2.8102434671842413
2024-11-12 20:00:00,3.5077884550203984,3.5077884550203984
2024-11-12 21:00:00,3.018868118305044,3.018868118305044
2024-11-12 22:00:00,0.0,0.0
2024-11-12 23:00:00,0.0,0.0
2024-11-13 00:00:00,0.0,0.0
2024-11-13 01:00:00,0.0,0.0
2024-11-13 02:00:00,0.0,0.0
2024-11-13 03:00:00,0.0,0.0
2024-11-13 04:00:00,0.0,0.0
2024-11-13 05:00:00,0.0,0.0
2024-11-13 06:00:00,0.0,0.0
2024-11-13 07:00:00,0.0,0.0
2024-11-13 08:00:00,0.0,0.0
2024-11-13 09:00:00,0.0,0.0
2024-11-13 10:00:00,0.1344589935857684,0.1344589935857684
2024-11-13 11:00:00,0.4654565556081404,0.4654565556081404
2024-11-13 12:00:00,0.9740412840675208,0.9740412840675208
2024-11-13 13:00:00,1.592847196308714,1.592847196308714
2024-11-13 14:00:00,2.1897038392905745,2.1897038392905745
2024-11-13 15:00:00,2.944170264414081,2.944170264414081
2024-11-13 16:00:00,3.4588640001167663,3.4588640001167663
2024-11-13 17:00:00,4.490308054837474,4.490308054837474
2024-11-13 18:00:00,3.5871878975378437,3.5871878975378437
2024-11-13 19:00:00,3.333926046587008,3.333926046587008
2024-11-13 20:00:00,3.8864450562155732,3.8864450562155732
2024-11-13 21:00:00,3.9013421536935895,3.9013421536935895
2024-11-13 22:00:00,0.0,0.0
2024-11-13 23:00:00,0.0,0.0
2024-11-14 00:00:00,0.0,0.0
2024-11-14 01:00:00,0.0,0.0
2024-11-14 02:00:00,0.0,0.0
2024-11-14 03:00:00,0.0,0.0
2024-11-14 04:00:00,0.0,0.0
2024-11-14 05:00:00,0.0,0.0
2024-11-14 06:00:00,0.0,0.0
2024-11-14 07:00:00,0.0,0.0
2024-11-14 08:00:00,0.0,0.0
2024-11-14 09:00:00,0.0,0.0
2024-11-14 10:00:00,0.1335074213415703,0.1335074213415703
2024-11-14 11:00:00,0.4262366439909411,0.4262366439909411
2024-11-14 12:00:00,0.8780129532180025,0.8780129532180025
2024-11-14 13:00:00,1.3059816501831736,1.3059816501831736
2024-11-14 14:00:00,2.403484657802279,2.403484657802279
2024-11-14 15:00:00,2.3401425709139096,2.3401425709139096
2024-11-14 16:00:00,3.487296750783142,3.487296750783142
2024-11-14 17:00:00,4.052433233715319,4.052433233715319
2024-11-14 18:00:00,3.5256908839177883,3.5256908839177883
2024-11-14 19:00:00,3.36515116202054,3.36515116202054
2024-11-14 20:00:00,3.596948714157579,3.596948714157579
2024-11-14 21:00:00,3.5092605922523803,3.5092605922523803
2024-11-14 22:00:00,0.0,0.0
2024-11-14 23:00:00,0.0,0.0
2024-11-15 00:00:00,0.0,0.0
2024-11-15 01:00:00,0.0,0.0
2024-11-15 02:00:00,0.0,0.0
2024-11-15 03:00:00,0.0,0.0
2024-11-15 04:00:00,0.0,0.0
2024-11-15 05:00:00,0.0,0.0
2024-11-15 06:00:00,0.0,0.0
2024-11-15 07:00:00,0.0,0.0
2024-11-15 08:00:00,0.0,0.0
2024-11-15 09:00:00,0.0,0.0
2024-11-15 10:00:00,0.12588574130581612,0.12588574130581612
2024-11-15 11:00:00,0.47133407604174354,0.47133407604174354
2024-11-15 12:00:00,1.004056145650668,1.004056145650668
2024-11-15 13:00:00,1.5504501073411916,1.5504501073411916
2024-11-15 14:00:00,2.0083299071084038,2.0083299071084038
2024-11-15 15:00:00,2.5975463585908503,2.5975463585908503
2024-11-15 16:00:00,3.583878168305791,3.583878168305791
2024-11-15 17:00:00,3.6192599768299716,3.6192599768299716
2024-11-15 18:00:00,4.269875756436345,4.269875756436345
2024-11-15 19:00:00,3.031610479235787,3.031610479235787
2024-11-15 20:00:00,3.295203810290464,3.295203810290464
2024-11-15 21:00:00,3.5204551863814046,3.5204551863814046
2024-11-15 22:00:00,0.0,0.0
2024-11-15 23:00:00,0.0,0.0
2024-11-16 00:00:00,0.0,0.0
2024-11-16 01:00:00,0.0,0.0
2024-11-16 02:00:00,0.0,0.0
2024-11-16 03:00:00,0.0,0.0
2024-11-16 04:00:00,0.0,0.0
2024-11-16 05:00:00,0.0,0.0
2024-11-16 06:00:00,0.0,0.0
2024-11-16 07:00:00,0.0,0.0
2024-11-16 08:00:00,0.0,0.0
2024-11-16 09:00:00,0.0,0.0
2024-11-16 10:00:00,0.08748219034565859,0.08748219034565859
2024-11-16 11:00:00,0.3210409519613737,0.3210409519613737
2024-11-16 12:00:00,0.6070900660284217,0.6070900660284217
2024-11-16 13:00:00,1.076448465861664,1.076448465861664
2024-11-16 14:00:00,1.455386663591613,1.455386663591613
2024-11-16 15:00:00,1.6109566398762938,1.6109566398762938
2024-11-16 16:00:00,2.5860180297051722,2.5860180297051722
2024-11-16 17:00:00,2.8472497725542354,2.8472497725542354
2024-11-16 18:00:00,2.9181526352818214,2.9181526352818214
2024-11-16 19:00:00,2.1745311798950797,2.1745311798950797
2024-11-16 20:00:00,2.552791869131445,2.552791869131445
2024-11-16 21:00:00,2.2590906492399743,2.2590906492399743
2024-11-16 22:00:00,0.0,0.0
2024-11-16 23:00:00,0.0,0.0
2024-11-17 00:00:00,0.0,0.0
2024-11-17 01:00:00,0.0,0.0
2024-11-17 02:00:00,0.0,0.0
2024-11-17 03:00:00,0.0,0.0
2024-11-17 04:00:00,0.0,0.0
2024-11-17 05:00:00,0.0,0.0
2024-11-17 06:00:00,0.0,0.0
2024-11-17 07:00:00,0.0,0.0
2024-11-17 08:00:00,0.0,0.0
2024-11-17 09:00:00,0.0,0.0
2024-11-17 10:00:00,0.07620301235783256,0.07620301235783256
2024-11-17 11:00:00,0.3594029635905264,0.3594029635905264
2024-11-17 12:00:00,0.7192851060084781,0.7192851060084781
2024-11-17 13:00:00,0.9042090174956627,0.9042090174956627
2024-11-17 14:00:00,1.5717888143706502,1.5717888143706502
2024-11-17 15:00:00,1.6086291225160734,1.6086291225160734
2024-11-17 16:00:00,2.2078504712791145,2.2078504712791145
2024-11-17 17:00:00,3.011818059381409,3.011818059381409
2024-11-17 18:00:00,2.9457753218549834,2.9457753218549834
2024-11-17 19:00:00,2.4342983174634396,2.4342983174634396
2024-11-17 20:00:00,2.218147653843704,2.218147653843704
2024-11-17 21:00:00,2.27060718384439,2.27060718384439
2024-11-17 22:00:00,0.0,0.0
2024-11-17 23:00:00,0.0,0.0
2024-11-18 00:00:00,0.0,0.0
2024-11-18 01:00:00,0.0,0.0
2024-11-18 02:00:00,0.0,0.0
2024-11-18 03:00:00,0.0,0.0
2024-11-18 04:00:00,0.0,0.0
2024-11-18 05:00:00,0.0,0.0
2024-11-18 06:00:00,0.0,0.0
2024-11-18 07:00:00,0.0,0.0
2024-11-18 08:00:00,0.0,0.0
2024-11-18 09:00:00,0.0,0.0
2024-11-18 10:00:00,0.13759075814321703,0.13759075814321703
2024-11-18 11:00:00,0.4458822974874479,0.4458822974874479
2024-11-18 12:00:00,1.1743631078062622,1.1743631078062622
2024-11-18 13:00:00,1.6961707344109365,1.6961707344109365
2024-11-18 14:00:00,2.6989825510451446,2.6989825510451446
2024-11-18 15:00:00,2.5116587869472187,2.5116587869472187
2024-11-18 16:00:00,3.984304809828792,3.984304809828792
2024-11-18 17:00:00,4.199701041605657,4.199701041605657
2024-11-18 18:00:00,3.899562154345343,3.899562154345343
2024-11-18 19:00:00,2.9613200166939517,2.9613200166939517
2024-11-18 20:00:00,3.2054307460061007,3.2054307460061007
2024-11-18 21:00:00,3.8679601009267426,3.8679601009267426
2024-11-18 22:00:00,0.0,0.0
2024-11-18 23:00:00,0.0,0.0
2024-11-19 00:00:00,0.0,0.0
2024-11-19 01:00:00,0.0,0.0
2024-11-19 02:00:00,0.0,0.0
2024-11-19 03:00:00,0.0,0.0
2024-11-19 04:00:00,0.0,0.0
2024-11-19 05:00:00,0.0,0.0
2024-11-19 06:00:00,0.0,0.0
2024-11-19 07:00:00,0.0,0.0
2024-11-19 08:00:00,0.0,0.0
2024-11-19 09:00:00,0.0,0.0
2024-11-19 10:00:00,0.11786545855577774,0.11786545855577774
2024-11-19 11:00:00,0.4497970880826756,0.4497970880826756
2024-11-19 12:00:00,1.0761492589392414,1.0761492589392414
2024-11-19 13:00:00,1.4543874194213209,1.4543874194213209
2024-11-19 14:00:00,2.18699823095007,2.18699823095007
2024-11-19 15:00:00,2.976140848853532,2.976140848853532
2024-11-19 16:00:00,3.305559602131917,3.305559602131917
2024-11-19 17:00:00,3.3930753437455565,3.3930753437455565
2024-11-19 18:00:00,3.7721632919240875,3.7721632919240875
2024-11-19 19:00:00,3.491637110218274,3.491637110218274
2024-11-19 20:00:00,3.530976731959885,3.530976731959885
2024-11-19 21:00:00,3.0152107538057904,3.0152107538057904
2024-11-19 22:00:00,0.0,0.0
2024-11-19 23:00:00,0.0,0.0
2024-11-20 00:00:00,0.0,0.0
2024-11-20 01:00:00,0.0,0.0
2024-11-20 02:00:00,0.0,0.0
2024-11-20 03:00:00,0.0,0.0
2024-11-20 04:00:00,0.0,0.0
2024-11-20 05:00:00,0.0,0.0
2024-11-20 06:00:00,0.0,0.0
2024-11-20 07:00:00,0.0,0.0
2024-11-20 08:00:00,0.0,0.0
2024-11-20 09:00:00,0.0,0.0
2024-11-20 10:00:00,0.12095793582422194,0.12095793582422194
2024-11-20 11:00:00,0.5488374395999375,0.5488374395999375
2024-11-20 12:00:00,0.8563428276658824,0.8563428276658824
2024-11-20 13:00:00,1.5263389027726986,1.5263389027726986
2024-11-20 14:00:00,2.3347843097180316,2.3347843097180316
2024-11-20 15:00:00,2.3583942512357625,2.3583942512357625
2024-11-20 16:00:00,3.338113000061165,3.338113000061165
2024-11-20 17:00:00,4.149710062556096,4.149710062556096
2024-11-20 18:00:00,3.2302371522362052,3.2302371522362052
2024-11-20 19:00:00,2.93509886572373,2.93509886572373
2024-11-20 20:00:00,3.004327673382556,3.004327673382556
2024-11-20 21:00:00,3.5358490076334195,3.5358490076334195
2024-11-20 22:00:00,0.0,0.0
2024-11-20 23:00:00,0.0,0.0
2024-11-21 00:00:00,0.0,0.0
2024-11-21 01:00:00,0.0,0.0
2024-11-21 02:00:00,0.0,0.0
2024-11-21 03:00:00,0.0,0.0
2024-11-21 04:00:00,0.0,0.0
2024-11-21 05:00:00,0.0,0.0
2024-11-21 06:00:00,0.0,0.0
2024-11-21 07:00:00,0.0,0.0
2024-11-21 08:00:00,0.0,0.0
2024-11-21 09:00:00,0.0,0.0
2024-11-21 10:00:00,0.11509279222551619,0.11509279222551619
2024-11-21 11:00:00,0.44583915482725456,0.44583915482725456
2024-11-21 12:00:00,1.1664194218250092,1.1664194218250092
2024-11-21 13:00:00,1.7581712555289255,1.7581712555289255
2024-11-21 14:00:00,2.4169894630272357,2.4169894630272357
2024-11-21 15:00:00,2.54953737732973,2.54953737732973
2024-11-21 16:00:00,3.044948202340346,3.044948202340346
2024-11-21 17:00:00,4.5059097360217315,4.5059097360217315
2024-11-21 18:00:00,3.325376353821314,3.325376353821314
2024-11-21 19:00:00,3.1883364575057103,3.1883364575057103
2024-11-21 20:00:00,3.6580502653441167,3.6580502653441167
2024-11-21 21:00:00,3.9781794846891465,3.9781794846891465
2024-11-21 22:00:00,0.0,0.0
2024-11-21 23:00:00,0.0,0.0
2024-11-22 00:00:00,0.0,0.0
2024-11-22 01:00:00,0.0,0.0
2024-11-22 02:00:00,0.0,0.0
2024-11-22 03:00:00,0.0,0.0
2024-11-22 04:00:00,0.0,0.0
2024-11-22 05:00:00,0.0,0.0
2024-11-22 06:00:00,0.0,0.0
2024-11-22 07:00:00,0.0,0.0
2024-11-22 08:00:00,0.0,0.0
2024-11-22 09:00:00,0.0,0.0
2024-11-22 10:00:00,0.13370957971251599,0.13370957971251599
2024-11-22 11:00:00,0.455980351224284,0.455980351224284
2024-11-22 12:00:00,0.9694415672895946,0.9694415672895946
2024-11-22 13:00:00,1.5232177870771293,1.5232177870771293
2024-11-22 14:00:00,2.3961430075413856,2.3961430075413856
2024-11-22 15:00:00,2.615478423815833,2.615478423815833
2024-11-22 16:00:00,3.3409931516239038,3.3409931516239038
2024-11-22 17:00:00,3.62295705040036,3.62295705040036
2024-11-22 18:00:00,3.686656958314595,3.686656958314595
2024-11-22 19:00:00,3.10684037668028,3.10684037668028
2024-11-22 20:00:00,3.4277221162554037,3.4277221162554037
2024-11-22 21:00:00,3.5094698735410192,3.5094698735410192
2024-11-22 22:00:00,0.0,0.0
2024-11-22 23:00:00,0.0,0.0
2024-11-23 00:00:00,0.0,0.0
2024-11-23 01:00:00,0.0,0.0
2024-11-23 02:00:00,0.0,0.0
2024-11-23 03:00:00,0.0,0.0
2024-11-23 04:00:00,0.0,0.0
2024-11-23 05:00:00,0.0,0.0
2024-11-23 06:00:00,0.0,0.0
2024-11-23 07:00:00,0.0,0.0
2024-11-23 08:00:00,0.0,0.0
2024-11-23 09:00:00,0.0,0.0
2024-11-23 10:00:00,0.0837557029902998,0.0837557029902998
2024-11-23 11:00:00,0.36409889950938246,0.36409889950938246
2024-11-23 12:00:00,0.5908341030735408,0.5908341030735408
2024-11-23 13:00:00,0.9484635832874986,0.9484635832874986
2024-11-23 14:00:00,1.4390755718186363,1.4390755718186363
2024-11-23 15:00:00,1.8858455822893128,1.8858455822893128
2024-11-23 16:00:00,2.437608167940491,2.437608167940491
2024-11-23 17:00:00,2.8202415298364842,2.8202415298364842
2024-11-23 18:00:00,2.8397360203354647,2.8397360203354647
2024-11-23 19:00:00,2.500311030706375,2.500311030706375
2024-11-23 20:00:00,2.3743059146625423,2.3743059146625423
2024-11-23 21:00:00,2.567686522208343,2.567686522208343
2024-11-23 22:00:00,0.0,0.0
2024-11-23 23:00:00,0.0,0.0
2024-11-24 00:00:00,0.0,0.0
2024-11-24 01:00:00,0.0,0.0
2024-11-24 02:00:00,0.0,0.0
2024-11-24 03:00:00,0.0,0.0
2024-11-24 04:00:00,0.0,0.0
2024-11-24 05:00:00,0.0,0.0
2024-11-24 06:00:00,0.0,0.0
2024-11-24 07:00:00,0.0,0.0
2024-11-24 08:00:00,0.0,0.0
2024-11-24 09:00:00,0.0,0.0
2024-11-24 10:00:00,0.07155670414405998,0.07155670414405998
2024-11-24 11:00:00,0.33759421769224257,0.33759421769224257
2024-11-24 12:00:00,0.7270939388824953,0.7270939388824953
2024-11-24 13:00:00,1.0775486110602164,1.0775486110602164
2024-11-24 14:00:00,1.6545884000592777,1.6545884000592777
2024-11-24 15:00:00,1.6357825977057545,1.6357825977057545
2024-11-24 16:00:00,2.1631043963383454,2.1631043963383454
2024-11-24 17:00:00,2.182950807743861,2.182950807743861
2024-11-24 18:00:00,2.336119409417804,2.336119409417804
2024-11-24 19:00:00,1.8332702497911093,1.8332702497911093
2024-11-24 20:00:00,2.3343126324745134,2.3343126324745134
2024-11-24 21:00:00,2.4818310395187106,2.4818310395187106
2024-11-24 22:00:00,0.0,0.0
2024-11-24 23:00:00,0.0,0.0
2024-11-25 00:00:00,0.0,0.0
2024-11-25 01:00:00,0.0,0.0
2024-11-25 02:00:00,0.0,0.0
2024-11-25 03:00:00,0.0,0.0
2024-11-25 04:00:00,0.0,0.0
2024-11-25 05:00:00,0.0,0.0
2024-11-25 06:00:00,0.0,0.0
2024-11-25 07:00:00,0.0,0.0
2024-11-25 08:00:00,0.0,0.0
2024-11-25 09:00:00,0.0,0.0
2024-11-25 10:00:00,0.13209084421379516,0.13209084421379516
2024-11-25 11:00:00,0.46648053494906083,0.46648053494906083
2024-11-25 12:00:00,1.060875494259667,1.060875494259667
2024-11-25 13:00:00,1.6890117334676304,1.6890117334676304
2024-11-25 14:00:00,2.114770148505831,2.114770148505831
2024-11-25 15:00:00,2.8865742397847862,2.8865742397847862
2024-11-25 16:00:00,2.997725393389739,2.997725393389739
2024-11-25 17:00:00,3.333497043510871,3.333497043510871
2024-11-25 18:00:00,3.619448270521148,3.619448270521148
2024-11-25 19:00:00,3.105923839258097,3.105923839258097
2024-11-25 20:00:00,3.7642686080353798,3.7642686080353798
2024-11-25 21:00:00,3.6349216605079406,3.6349216605079406
2024-11-25 22:00:00,0.0,0.0
2024-11-25 23:00:00,0.0,0.0
2024-11-26 00:00:00,0.0,0.0
2024-11-26 01:00:00,0.0,0.0
2024-11-26 02:00:00,0.0,0.0
2024-11-26 03:00:00,0.0,0.0
2024-11-26 04:00:00,0.0,0.0
2024-11-26 05:00:00,0.0,0.0
2024-11-26 06:00:00,0.0,0.0
2024-11-26 07:00:00,0.0,0.0
2024-11-26 08:00:00,0.0,0.0
2024-11-26 09:00:00,0.0,0.0
2024-11-26 10:00:00,0.11935221152391783,0.11935221152391783
2024-11-26 11:00:00,0.4903253948752304,0.4903253948752304
2024-11-26 12:00:00,0.8907563060347924,0.8907563060347924
2024-11-26 13:00:00,1.3387223527221606,1.3387223527221606
2024-11-26 14:00:00,2.689767892761536,2.689767892761536
2024-11-26 15:00:00,3.151071259203882,3.151071259203882
2024-11-26 16:00:00,3.917827707706372,3.917827707706372
2024-11-26 17:00:00,3.598559444922222,3.598559444922222
2024-11-26 18:00:00,3.986533440979965,3.986533440979965
2024-11-26 19:00:00,3.4093298135006354,3.4093298135006354
2024-11-26 20:00:00,3.411569911977921,3.411569911977921
2024-11-26 21:00:00,3.3898734107409414,3.3898734107409414
2024-11-26 22:00:00,0.0,0.0
2024-11-26 23:00:00,0.0,0.0
2024-11-27 00:00:00,0.0,0.0
2024-11-27 01:00:00,0.0,0.0
2024-11-27 02:00:00,0.0,0.0
2024-11-27 03:00:00,0.0,0.0
2024-11-27 04:00:00,0.0,0.0
2024-11-27 05:00:00,0.0,0.0
2024-11-27 06:00:00,0.0,0.0
2024-11-27 07:00:00,0.0,0.0
2024-11-27 08:00:00,0.0,0.0
2024-11-27 09:00:00,0.0,0.0
2024-11-27 10:00:00,0.15104011495848702,0.15104011495848702
2024-11-27 11:00:00,0.5570796825054017,0.5570796825054017
2024-11-27 12:00:00,1.1136387137717463,1.1136387137717463
2024-11-27 13:00:00,1.46079516812636,1.46079516812636
2024-11-27 14:00:00,2.538855853062421,2.538855853062421
2024-11-27 15:00:00,2.7879374771204835,2.7879374771204835
2024-11-27 16:00:00,3.6876709776201815,3.6876709776201815
2024-11-27 17:00:00,4.074839402786043,4.074839402786043
2024-11-27 18:00:00,3.3842019014914713,3.3842019014914713
2024-11-27 19:00:00,3.3327838728204093,3.3327838728204093
2024-11-27 20:00:00,3.458345874035962,3.458345874035962
2024-11-27 21:00:00,3.552902031009336,3.552902031009336
2024-11-27 22:00:00,0.0,0.0
2024-11-27 23:00:00,0.0,0.0
2024-11-28 00:00:00,0.0,0.0
2024-11-28 01:00:00,0.0,0.0
2024-11-28 02:00:00,0.0,0.0
2024-11-28 03:00:00,0.0,0.0
2024-11-28 04:00:00,0.0,0.0
2024-11-28 05:00:00,0.0,0.0
2024-11-28 06:00:00,0.0,0.0
2024-11-28 07:00:00,0.0,0.0
2024-11-28 08:00:00,0.0,0.0
2024-11-28 09:00:00,0.0,0.0
2024-11-28 10:00:00,0.1101035341047937,0.1101035341047937
2024-11-28 11:00:00,0.49407788588927676,0.49407788588927676
2024-11-28 12:00:00,0.8184376855577362,0.8184376855577362
2024-11-28 13:00:00,1.6372785553580442,1.6372785553580442
2024-11-28 14:00:00,2.2587899725895055,2.2587899725895055
2024-11-28 15:00:00,2.628429061770098,2.628429061770098
2024-11-28 16:00:00,3.0194251122290563,3.0194251122290563
2024-11-28 17:00:00,3.6150135230619016,3.6150135230619016
2024-11-28 18:00:00,3.487767402016937,3.487767402016937
2024-11-28 19:00:00,3.588865523870073,3.588865523870073
2024-11-28 20:00:00,2.764296117854896,2.764296117854896
2024-11-28 21:00:00,3.1723419777861985,3.1723419777861985
2024-11-28 22:00:00,0.0,0.0
2024-11-28 23:00:00,0.0,0.0
2024-11-29 00:00:00,0.0,0.0
2024-11-29 01:00:00,0.0,0.0
2024-11-29 02:00:00,0.0,0.0
2024-11-29 03:00:00,0.0,0.0
2024-11-29 04:00:00,0.0,0.0
2024-11-29 05:00:00,0.0,0.0
2024-11-29 06:00:00,0.0,0.0
2024-11-29 07:00:00,0.0,0.0
2024-11-29 08:00:00,0.0,0.0
2024-11-29 09:00:00,0.0,0.0
2024-11-29 10:00:00,0.11030161607315131,0.11030161607315131
2024-11-29 11:00:00,0.4559892544634434,0.4559892544634434
2024-11-29 12:00:00,0.921271266006765,0.921271266006765
2024-11-29 13:00:00,1.3420375718104136,1.3420375718104136
2024-11-29 14:00:00,2.036943806510643,2.036943806510643
2024-11-29 15:00:00,3.0095712608846172,3.0095712608846172
2024-11-29 16:00:00,3.5788738077652997,3.5788738077652997
2024-11-29 17:00:00,3.56064242295537,3.56064242295537
2024-11-29 18:00:00,3.44365705991222,3.44365705991222
2024-11-29 19:00:00,2.858125604403517,2.858125604403517
2024-11-29 20:00:00,3.177608881585249,3.177608881585249
2024-11-29 21:00:00,3.1647399558659135,3.1647399558659135
2024-11-29 22:00:00,0.0,0.0
2024-11-29 23:00:00,0.0,0.0
2024-11-30 00:00:00,0.0,0.0
2024-11-30 01:00:00,0.0,0.0
2024-11-30 02:00:00,0.0,0.0
2024-11-30 03:00:00,0.0,0.0
2024-11-30 04:00:00,0.0,0.0
2024-11-30 05:00:00,0.0,0.0
2024-11-30 06:00:00,0.0,0.0
2024-11-30 07:00:00,0.0,0.0
2024-11-30 08:00:00,0.0,0.0
2024-11-30 09:00:00,0.0,0.0
2024-11-30 10:00:00,0.07607669918477368,0.07607669918477368
2024-11-30 11:00:00,0.31997294185430425,0.31997294185430425
2024-11-30 12:00:00,0.7523329140296299,0.7523329140296299
2024-11-30 13:00:00,1.0942823406130937,1.0942823406130937
2024-11-30 14:00:00,1.5978708348057662,1.5978708348057662
2024-11-30 15:00:00,1.8298536713812252,1.8298536713812252
2024-11-30 16:00:00,2.3793836694256814,2.3793836694256814
2024-11-30 17:00:00,2.690897234576031,2.690897234576031
2024-11-30 18:00:00,2.217763493714464,2.217763493714464
2024-11-30 19:00:00,2.14545270894073,2.14545270894073
2024-11-30 20:00:00,2.2798345978395558,2.2798345978395558
2024-11-30 21:00:00,2.4525455403186447,2.4525455403186447
2024-11-30 22:00:00,0.0,0.0
2024-11-30 23:00:00,0.0,0.0
2024-12-01 00:00:00,0.0,0.0
2024-12-01 01:00:00,0.0,0.0
2024-12-01 02:00:00,0.0,0.0
2024-12-01 03:00:00,0.0,0.0
2024-12-01 04:00:00,0.0,0.0
2024-12-01 05:00:00,0.0,0.0
2024-12-01 06:00:00,0.0,0.0
2024-12-01 07:00:00,0.0,0.0
2024-12-01 08:00:00,0.0,0.0
2024-12-01 09:00:00,0.0,0.0
2024-12-01 10:00:00,0.09897531489471936,0.09897531489471936
2024-12-01 11:00:00,0.32540203742860646,0.32540203742860646
2024-12-01 12:00:00,0.6200766449726727,0.6200766449726727
2024-12-01 13:00:00,0.9963406141566202,0.9963406141566202
2024-12-01 14:00:00,1.4495267107809733,1.4495267107809733
2024-12-01 15:00:00,1.8220313023380985,1.8220313023380985
2024-12-01 16:00:00,2.0930945441716897,2.0930945441716897
2024-12-01 17:00:00,2.313683805604378,2.313683805604378
2024-12-01 18:00:00,2.5757320776759722,2.5757320776759722
2024-12-01 19:00:00,2.387401458150022,2.387401458150022
2024-12-01 20:00:00,2.396116214714549,2.396116214714549
2024-12-01 21:00:00,2.066318657906557,2.066318657906557
2024-12-01 22:00:00,0.0,0.0
2024-12-01 23:00:00,0.0,0.0
2024-12-02 00:00:00,0.0,0.0
2024-12-02 01:00:00,0.0,0.0
2024-12-02 02:00:00,0.0,0.0
2024-12-02 03:00:00,0.0,0.0
2024-12-02 04:00:00,0.0,0.0
2024-12-02 05:00:00,0.0,0.0
2024-12-02 06:00:00,0.0,0.0
2024-12-02 07:00:00,0.0,0.0
2024-12-02 08:00:00,0.0,0.0
2024-12-02 09:00:00,0.0,0.0
2024-12-02 10:00:00,0.13979785065691475,0.13979785065691475
2024-12-02 11:00:00,0.5665820916677007,0.5665820916677007
2024-12-02 12:00:00,0.9912029088208492,0.9912029088208492
2024-12-02 13:00:00,1.4138069583700543,1.4138069583700543
2024-12-02 14:00:00,2.4748104146760124,2.4748104146760124
2024-12-02 15:00:00,2.857341948387284,2.857341948387284
2024-12-02 16:00:00,3.435402197529902,3.435402197529902
2024-12-02 17:00:00,3.569315292002722,3.569315292002722
2024-12-02 18:00:00,3.9493214669734003,3.9493214669734003
2024-12-02 19:00:00,3.0514772893777287,3.0514772893777287
2024-12-02 20:00:00,3.637462943749895,3.637462943749895
2024-12-02 21:00:00,3.8472752177972627,3.8472752177972627
2024-12-02 22:00:00,0.0,0.0
2024-12-02 23:00:00,0.0,0.0
2024-12-03 00:00:00,0.0,0.0
2024-12-03 01:00:00,0.0,0.0
2024-12-03 02:00:00,0.0,0.0
2024-12-03 03:00:00,0.0,0.0
2024-12-03 04:00:00,0.0,0.0
2024-12-03 05:00:00,0.0,0.0
2024-12-03 06:00:00,0.0,0.0
2024-12-03 07:00:00,0.0,0.0
2024-12-03 08:00:00,0.0,0.0
2024-12-03 09:00:00,0.0,0.0
2024-12-03 10:00:00,0.13052833690079743,0.13052833690079743
2024-12-03 11:00:00,0.45797158971163027,0.45797158971163027
2024-12-03 12:00:00,0.8861008540960529,0.8861008540960529
2024-12-03 13:00:00,1.4944936370681312,1.4944936370681312
2024-12-03 14:00:00,2.039414847335469,2.039414847335469
2024-12-03 15:00:00,2.441248811300278,2.441248811300278
2024-12-03 16:00:00,3.6005108957356358,3.6005108957356358
2024-12-03 17:00:00,3.789308955984168,3.789308955984168
2024-12-03 18:00:00,3.522577889297074,3.522577889297074
2024-12-03 19:00:00,3.0971910832576057,3.0971910832576057
2024-12-03 20:00:00,3.395820898761098,3.395820898761098
2024-12-03 21:00:00,3.216313174605646,3.216313174605646
2024-12-03 22:00:00,0.0,0.0
2024-12-03 23:00:00,0.0,0.0
2024-12-04 00:00:00,0.0,0.0
2024-12-04 01:00:00,0.0,0.0
2024-12-04 02:00:00,0.0,0.0
2024-12-04 03:00:00,0.0,0.0
2024-12-04 04:00:00,0.0,0.0
2024-12-04 05:00:00,0.0,0.0
2024-12-04 06:00:00,0.0,0.0
2024-12-04 07:00:00,0.0,0.0
2024-12-04 08:00:00,0.0,0.0
2024-12-04 09:00:00,0.0,0.0
2024-12-04 10:00:00,0.12786802130778108,0.12786802130778108
2024-12-04 11:00:00,0.4303586859113404,0.4303586859113404
2024-12-04 12:00:00,1.033818311744677,1.033818311744677
2024-12-04 13:00:00,1.2054241844936358,1.2054241844936358
2024-12-04 14:00:00,2.190845725974908,2.190845725974908
2024-12-04 15:00:00,2.486525143408352,2.486525143408352
2024-12-04 16:00:00,3.4800727942405594,3.4800727942405594
2024-12-04 17:00:00,3.1929514484099926,3.1929514484099926
2024-12-04 18:00:00,3.0275057828036367,3.0275057828036367
2024-12-04 19:00:00,3.380984705634701,3.380984705634701
2024-12-04 20:00:00,2.9300790038689515,2.9300790038689515
2024-12-04 21:00:00,2.948378401863843,2.948378401863843
2024-12-04 22:00:00,0.0,0.0
2024-12-04 23:00:00,0.0,0.0
2024-12-05 00:00:00,0.0,0.0
2024-12-05 01:00:00,0.0,0.0
2024-12-05 02:00:00,0.0,0.0
2024-12-05 03:00:00,0.0,0.0
2024-12-05 04:00:00,0.0,0.0
2024-12-05 05:00:00,0.0,0.0
2024-12-05 06:00:00,0.0,0.0
2024-12-05 07:00:00,0.0,0.0
2024-12-05 08:00:00,0.0,0.0
2024-12-05 09:00:00,0.0,0.0
2024-12-05 10:00:00,0.1270362050353659,0.1270362050353659
2024-12-05 11:00:00,0.49956491293257943,0.49956491293257943
2024-12-05 12:00:00,1.1234579376384664,1.1234579376384664
2024-12-05 13:00:00,1.3951365726041636,1.3951365726041636
2024-12-05 14:00:00,2.258992929815566,2.258992929815566
2024-12-05 15:00:00,2.7181923316661813,2.7181923316661813
2024-12-05 16:00:00,3.931585572699603,3.931585572699603
2024-12-05 17:00:00,3.7558440040678804,3.7558440040678804
2024-12-05 18:00:00,3.6717337399537318,3.6717337399537318
2024-12-05 19:00:00,3.794739710636909,3.794739710636909
2024-12-05 20:00:00,3.5254661036236614,3.5254661036236614
2024-12-05 21:00:00,3.0663174464807437,3.0663174464807437
2024-12-05 22:00:00,0.0,0.0
2024-12-05 23:00:00,0.0,0.0
2024-12-06 00:00:00,0.0,0.0
2024-12-06 01:00:00,0.0,0.0
2024-12-06 02:00:00,0.0,0.0
2024-12-06 03:00:00,0.0,0.0
2024-12-06 04:00:00,0.0,0.0
2024-12-06 05:00:00,0.0,0.0
2024-12-06 06:00:00,0.0,0.0
2024-12-06 07:00:00,0.0,0.0
2024-12-06 08:00:00,0.0,0.0
2024-12-06 09:00:00,0.0,0.0
2024-12-06 10:00:00,0.13458265009219314,0.13458265009219314
2024-12-06 11:00:00,0.42240951323545417,0.42240951323545417
2024-12-06 12:00:00,0.9299861802540973,0.9299861802540973
2024-12-06 13:00:00,1.3764000283364723,1.3764000283364723
2024-12-06 14:00:00,2.5459733576525756,2.5459733576525756
2024-12-06 15:00:00,2.8147592183017123,2.8147592183017123
2024-12-06 16:00:00,3.3127917267794427,3.3127917267794427
2024-12-06 17:00:00,3.598972768906924,3.598972768906924
2024-12-06 18:00:00,4.058829333517414,4.058829333517414
2024-12-06 19:00:00,2.9513891378877912,2.9513891378877912
2024-12-06 20:00:00,2.8387737157325974,2.8387737157325974
2024-12-06 21:00:00,3.6485880145709437,3.6485880145709437
2024-12-06 22:00:00,0.0,0.0
2024-12-06 23:00:00,0.0,0.0
2024-12-07 00:00:00,0.0,0.0
2024-12-07 01:00:00,0.0,0.0
2024-12-07 02:00:00,0.0,0.0
2024-12-07 03:00:00,0.0,0.0
2024-12-07 04:00:00,0.0,0.0
2024-12-07 05:00:00,0.0,0.0
2024-12-07 06:00:00,0.0,0.0
2024-12-07 07:00:00,0.0,0.0
2024-12-07 08:00:00,0.0,0.0
2024-12-07 09:00:00,0.0,0.0
2024-12-07 10:00:00,0.09724988506777982,0.09724988506777982
2024-12-07 11:00:00,0.31954375195393037,0.31954375195393037
2024-12-07 12:00:00,0.5770295556516122,0.5770295556516122
2024-12-07 13:00:00,0.913551077266528,0.913551077266528
2024-12-07 14:00:00,1.46373783405424,1.46373783405424
2024-12-07 15:00:00,1.5972139754304506,1.5972139754304506
2024-12-07 16:00:00,2.420939795924637,2.420939795924637
2024-12-07 17:00:00,2.1309638318846584,2.1309638318846584
2024-12-07 18:00:00,2.400095028946225,2.400095028946225
2024-12-07 19:00:00,2.4375587189209176,2.4375587189209176
2024-12-07 20:00:00,1.9415185050665889,1.9415185050665889
2024-12-07 21:00:00,2.275072305201418,2.275072305201418
2024-12-07 22:00:00,0.0,0.0
2024-12-07 23:00:00,0.0,0.0
2024-12-08 00:00:00,0.0,0.0
2024-12-08 01:00:00,0.0,0.0
2024-12-08 02:00:00,0.0,0.0
2024-12-08 03:00:00,0.0,0.0
2024-12-08 04:00:00,0.0,0.0
2024-12-08 05:00:00,0.0,0.0
2024-12-08 06:00:00,0.0,0.0
2024-12-08 07:00:00,0.0,0.0
2024-12-08 08:00:00,0.0,0.0
2024-12-08 09:00:00,0.0,0.0
2024-12-08 10:00:00,0.09111466357479431,0.09111466357479431
2024-12-08 11:00:00,0.3457026793537627,0.3457026793537627
2024-12-08 12:00:00,0.5919631249025363,0.5919631249025363
2024-12-08 13:00:00,1.1303123384576508,1.1303123384576508
2024-12-08 14:00:00,1.6326986000636978,1.6326986000636978
2024-12-08 15:00:00,1.9605785527854491,1.9605785527854491
2024-12-08 16:00:00,2.543852040299387,2.543852040299387
2024-12-08 17:00:00,2.584623635631711,2.584623635631711
2024-12-08 18:00:00,2.8731406746650414,2.8731406746650414
2024-12-08 19:00:00,1.9770910831748703,1.9770910831748703
2024-12-08 20:00:00,1.909775690347775,1.909775690347775
2024-12-08 21:00:00,2.159516219564576,2.159516219564576
2024-12-08 22:00:00,0.0,0.0
2024-12-08 23:00:00,0.0,0.0
2024-12-09 00:00:00,0.0,0.0
2024-12-09 01:00:00,0.0,0.0
2024-12-09 02:00:00,0.0,0.0
2024-12-09 03:00:00,0.0,0.0
2024-12-09 04:00:00,0.0,0.0
2024-12-09 05:00:00,0.0,0.0
2024-12-09 06:00:00,0.0,0.0
2024-12-09 07:00:00,0.0,0.0
2024-12-09 08:00:00,0.0,0.0
2024-12-09 09:00:00,0.0,0.0
2024-12-09 10:00:00,0.11129146736738078,0.11129146736738078
2024-12-09 11:00:00,0.39611231949933473,0.39611231949933473
2024-12-09 12:00:00,0.9885050123445517,0.9885050123445517
2024-12-09 13:00:00,1.2345989428638464,1.2345989428638464
2024-12-09 14:00:00,2.1566691090663404,2.1566691090663404
2024-12-09 15:00:00,2.6434290325053396,2.6434290325053396
2024-12-09 16:00:00,3.0039689442838364,3.0039689442838364
2024-12-09 17:00:00,3.420350816297974,3.420350816297974
2024-12-09 18:00:00,3.9163458454488573,3.9163458454488573
2024-12-09 19:00:00,3.5024967651818066,3.5024967651818066
2024-12-09 20:00:00,3.4685133555278918,3.4685133555278918
2024-12-09 21:00:00,3.4143659168302785,3.4143659168302785
2024-12-09 22:00:00,0.0,0.0
2024-12-09 23:00:00,0.0,0.0
2024-12-10 00:00:00,0.0,0.0
2024-12-10 01:00:00,0.0,0.0
2024-12-10 02:00:00,0.0,0.0
2024-12-10 03:00:00,0.0,0.0
2024-12-10 04:00:00,0.0,0.0
2024-12-10 05:00:00,0.0,0.0
2024-12-10 06:00:00,0.0,0.0
2024-12-10 07:00:00,0.0,0.0
2024-12-10 08:00:00,0.0,0.0
2024-12-10 09:00:00,0.0,0.0
2024-12-10 10:00:00,0.124044756064346,0.124044756064346
2024-12-10 11:00:00,0.4217749493522365,0.4217749493522365
2024-12-10 12:00:00,0.933194480675971,0.933194480675971
2024-12-10 13:00:00,1.360089971986248,1.360089971986248
2024-12-10 14:00:00,1.9652189881242135,1.9652189881242135
2024-12-10 15:00:00,2.447244764076302,2.447244764076302
2024-12-10 16:00:00,3.3203588310381287,3.3203588310381287
2024-12-10 17:00:00,3.435720186495634,3.435720186495634
2024-12-10 18:00:00,3.2489376924371136,3.2489376924371136
2024-12-10 19:00:00,3.214894449781315,3.214894449781315
2024-12-10 20:00:00,2.9227946004849645,2.9227946004849645
2024-12-10 21:00:00,2.9029912545268477,2.9029912545268477
2024-12-10 22:00:00,0.0,0.0
2024-12-10 23:00:00,0.0,0.0
2024-12-11 00:00:00,0.0,0.0
2024-12-11 01:00:00,0.0,0.0
2024-12-11 02:00:00,0.0,0.0
2024-12-11 03:00:00,0.0,0.0
2024-12-11 04:00:00,0.0,0.0
2024-12-11 05:00:00,0.0,0.0
2024-12-11 06:00:00,0.0,0.0
2024-12-11 07:00:00,0.0,0.0
2024-12-11 08:00:00,0.0,0.0
2024-12-11 09:00:00,0.0,0.0
2024-12-11 10:00:00,0.13290532649000414,0.13290532649000414
2024-12-11 11:00:00,0.5101256359475744,0.5101256359475744
2024-12-11 12:00:00,1.0307579269704075,1.0307579269704075
2024-12-11 13:00:00,1.522135012109029,1.522135012109029
2024-12-11 14:00:00,2.4430517011224953,2.4430517011224953
2024-12-11 15:00:00,2.4340515416038393,2.4340515416038393
2024-12-11 16:00:00,3.613572143149933,3.613572143149933
2024-12-11 17:00:00,3.946691241645256,3.946691241645256
2024-12-11 18:00:00,3.8187361270218654,3.8187361270218654
2024-12-11 19:00:00,3.284339129597768,3.284339129597768
2024-12-11 20:00:00,3.6004094470210344,3.6004094470210344
2024-12-11 21:00:00,3.507190676600834,3.507190676600834
2024-12-11 22:00:00,0.0,0.0
2024-12-11 23:00:00,0.0,0.0
2024-12-12 00:00:00,0.0,0.0
2024-12-12 01:00:00,0.0,0.0
2024-12-12 02:00:00,0.0,0.0
2024-12-12 03:00:00,0.0,0.0
2024-12-12 04:00:00,0.0,0.0
2024-12-12 05:00:00,0.0,0.0
2024-12-12 06:00:00,0.0,0.0
2024-12-12 07:00:00,0.0,0.0
2024-12-12 08:00:00,0.0,0.0
2024-12-12 09:00:00,0.0,0.0
2024-12-12 10:00:00,0.10473560992547237,0.10473560992547237
2024-12-12 11:00:00,0.49991771887896885,0.49991771887896885
2024-12-12 12:00:00,0.9105072222325336,0.9105072222325336
2024-12-12 13:00:00,1.344886134696747,1.344886134696747
2024-12-12 14:00:00,2.230809334698074,2.230809334698074
2024-12-12 15:00:00,2.280353975946067,2.280353975946067
2024-12-12 16:00:00,3.4529010079305027,3.4529010079305027
2024-12-12 17:00:00,3.0719982986705663,3.0719982986705663
2024-12-12 18:00:00,3.7138850941902057,3.7138850941902057
2024-12-12 19:00:00,3.4117154332841118,3.4117154332841118
2024-12-12 20:00:00,2.9906015982543583,2.9906015982543583
2024-12-12 21:00:00,3.384411493154026,3.384411493154026
2024-12-12 22:00:00,0.0,0.0
2024-12-12 23:00:00,0.0,0.0
2024-12-13 00:00:00,0.0,0.0
2024-12-13 01:00:00,0.0,0.0
2024-12-13 02:00:00,0.0,0.0
2024-12-13 03:00:00,0.0,0.0
2024-12-13 04:00:00,0.0,0.0
2024-12-13 05:00:00,0.0,0.0
2024-12-13 06:00:00,0.0,0.0
2024-12-13 07:00:00,0.0,0.0
2024-12-13 08:00:00,0.0,0.0
2024-12-13 09:00:00,0.0,0.0
2024-12-13 10:00:00,0.14044062443971014,0.14044062443971014
2024-12-13 11:00:00,0.5397050544594555,0.5397050544594555
2024-12-13 12:00:00,0.9510618507604862,0.9510618507604862
2024-12-13 13:00:00,1.3537445139047166,1.3537445139047166
2024-12-13 14:00:00,2.2805808436781208,2.2805808436781208
2024-12-13 15:00:00,2.56171799451295,2.56171799451295
2024-12-13 16:00:00,2.7964266909905975,2.7964266909905975
2024-12-13 17:00:00,4.149745356778129,4.149745356778129
2024-12-13 18:00:00,3.39707241434706,3.39707241434706
2024-12-13 19:00:00,3.0797473345817816,3.0797473345817816
2024-12-13 20:00:00,3.194217642425447,3.194217642425447
2024-12-13 21:00:00,3.594866357053797,3.594866357053797
2024-12-13 22:00:00,0.0,0.0
2024-12-13 23:00:00,0.0,0.0
2024-12-14 00:00:00,0.0,0.0
2024-12-14 01:00:00,0.0,0.0
2024-12-14 02:00:00,0.0,0.0
2024-12-14 03:00:00,0.0,0.0
2024-12-14 04:00:00,0.0,0.0
2024-12-14 05:00:00,0.0,0.0
2024-12-14 06:00:00,0.0,0.0
2024-12-14 07:00:00,0.0,0.0
2024-12-14 08:00:00,0.0,0.0
2024-12-14 09:00:00,0.0,0.0
2024-12-14 10:00:00,0.0851578657875906,0.0851578657875906
2024-12-14 11:00:00,0.3551939037018825,0.3551939037018825
2024-12-14 12:00:00,0.6414499786570474,0.6414499786570474
2024-12-14 13:00:00,1.034004277599519,1.034004277599519
2024-12-14 14:00:00,1.6109679333393694,1.6109679333393694
2024-12-14 15:00:00,1.6312986318824814,1.6312986318824814
2024-12-14 16:00:00,2.415851603140153,2.415851603140153
2024-12-14 17:00:00,3.0878640051551485,3.0878640051551485
2024-12-14 18:00:00,2.588823349552325,2.588823349552325
2024-12-14 19:00:00,2.1998082649380755,2.1998082649380755
2024-12-14 20:00:00,2.1885606463362004,2.1885606463362004
2024-12-14 21:00:00,2.4083564471343046,2.4083564471343046
2024-12-14 22:00:00,0.0,0.0
2024-12-14 23:00:00,0.0,0.0
2024-12-15 00:00:00,0.0,0.0
2024-12-15 01:00:00,0.0,0.0
2024-12-15 02:00:00,0.0,0.0
2024-12-15 03:00:00,0.0,0.0
2024-12-15 04:00:00,0.0,0.0
2024-12-15 05:00:00,0.0,0.0
2024-12-15 06:00:00,0.0,0.0
2024-12-15 07:00:00,0.0,0.0
2024-12-15 08:00:00,0.0,0.0
2024-12-15 09:00:00,0.0,0.0
2024-12-15 10:00:00,0.1012346404004793,0.1012346404004793
2024-12-15 11:00:00,0.3496435881749793,0.3496435881749793
2024-12-15 12:00:00,0.742658295918698,0.742658295918698
2024-12-15 13:00:00,1.112722268902657,1.112722268902657
2024-12-15 14:00:00,1.7968319614176398,1.7968319614176398
2024-12-15 15:00:00,1.9820361848957313,1.9820361848957313
2024-12-15 16:00:00,2.0330883056170648,2.0330883056170648
2024-12-15 17:00:00,2.57245171376144,2.57245171376144
2024-12-15 18:00:00,2.979947290750052,2.979947290750052
2024-12-15 19:00:00,2.300335810378781,2.300335810378781
2024-12-15 20:00:00,2.5687993508056115,2.5687993508056115
2024-12-15 21:00:00,2.634323716441818,2.634323716441818
2024-12-15 22:00:00,0.0,0.0
2024-12-15 23:00:00,0.0,0.0
2024-12-16 00:00:00,0.0,0.0
2024-12-16 01:00:00,0.0,0.0
2024-12-16 02:00:00,0.0,0.0
2024-12-16 03:00:00,0.0,0.0
2024-12-16 04:00:00,0.0,0.0
2024-12-16 05:00:00,0.0,0.0
2024-12-16 06:00:00,0.0,0.0
2024-12-16 07:00:00,0.0,0.0
2024-12-16 08:00:00,0.0,0.0
2024-12-16 09:00:00,0.0,0.0
2024-12-16 10:00:00,0.12516451139165893,0.12516451139165893
2024-12-16 11:00:00,0.42925797747978944,0.42925797747978944
2024-12-16 12:00:00,1.0487642304680946,1.0487642304680946
2024-12-16 13:00:00,1.2955995171908803,1.2955995171908803
2024-12-16 14:00:00,2.2255480803207575,2.2255480803207575
2024-12-16 15:00:00,2.860244442420507,2.860244442420507
2024-12-16 16:00:00,3.2841916504219224,3.2841916504219224
2024-12-16 17:00:00,3.919100325026504,3.919100325026504
2024-12-16 18:00:00,3.317346993681866,3.317346993681866
2024-12-16 19:00:00,3.137432400774952,3.137432400774952
2024-12-16 20:00:00,3.3993933665716796,3.3993933665716796
2024-12-16 21:00:00,3.618300780232925,3.618300780232925
2024-12-16 22:00:00,0.0,0.0
2024-12-16 23:00:00,0.0,0.0
2024-12-17 00:00:00,0.0,0.0
2024-12-17 01:00:00,0.0,0.0
2024-12-17 02:00:00,0.0,0.0
2024-12-17 03:00:00,0.0,0.0
2024-12-17 04:00:00,0.0,0.0
2024-12-17 05:00:00,0.0,0.0
2024-12-17 06:00:00,0.0,0.0
2024-12-17 07:00:00,0.0,0.0
2024-12-17 08:00:00,0.0,0.0
2024-12-17 09:00:00,0.0,0.0
2024-12-17 10:00:00,0.13508823812193052,0.13508823812193052
2024-12-17 11:00:00,0.5022446465495936,0.5022446465495936
2024-12-17 12:00:00,0.9722952670682159,0.9722952670682159
2024-12-17 13:00:00,1.5956543353816026,1.5956543353816026
2024-12-17 14:00:00,1.9354198137349223,1.9354198137349223
2024-12-17 15:00:00,2.738166225365611,2.738166225365611
2024-12-17 16:00:00,2.9697617823363505,2.9697617823363505
2024-12-17 17:00:00,2.9764626243347108,2.9764626243347108
2024-12-17 18:00:00,2.9470564551099554,2.9470564551099554
2024-12-17 19:00:00,2.753869148173366,2.753869148173366
2024-12-17 20:00:00,3.298953398842273,3.298953398842273
2024-12-17 21:00:00,3.4545546563736487,3.4545546563736487
2024-12-17 22:00:00,0.0,0.0
2024-12-17 23:00:00,0.0,0.0
2024-12-18 00:00:00,0.0,0.0
2024-12-18 01:00:00,0.0,0.0
2024-12-18 02:00:00,0.0,0.0
2024-12-18 03:00:00,0.0,0.0
2024-12-18 04:00:00,0.0,0.0
2024-12-18 05:00:00,0.0,0.0
2024-12-18 06:00:00,0.0,0.0
2024-12-18 07:00:00,0.0,0.0
2024-12-18 08:00:00,0.0,0.0
2024-12-18 09:00:00,0.0,0.0
2024-12-18 10:00:00,0.1494706070048276,0.1494706070048276
2024-12-18 11:00:00,0.5046224781293057,0.5046224781293057
2024-12-18 12:00:00,1.1284305775012227,1.1284305775012227
2024-12-18 13:00:00,1.6407794457677978,1.6407794457677978
2024-12-18 14:00:00,2.1939900162551527,2.1939900162551527
2024-12-18 15:00:00,2.8483746759180804,2.8483746759180804
2024-12-18 16:00:00,3.311857063911395,3.311857063911395
2024-12-18 17:00:00,4.1555306771831395,4.1555306771831395
2024-12-18 18:00:00,3.6267682011765707,3.6267682011765707
2024-12-18 19:00:00,3.1922691836304975,3.1922691836304975
2024-12-18 20:00:00,3.902804563534278,3.902804563534278
2024-12-18 21:00:00,3.9200843822042444,3.9200843822042444
2024-12-18 22:00:00,0.0,0.0
2024-12-18 23:00:00,0.0,0.0
2024-12-19 00:00:00,0.0,0.0
2024-12-19 01:00:00,0.0,0.0
2024-12-19 02:00:00,0.0,0.0
2024-12-19 03:00:00,0.0,0.0
2024-12-19 04:00:00,0.0,0.0
2024-12-19 05:00:00,0.0,0.0
2024-12-19 06:00:00,0.0,0.0
2024-12-19 07:00:00,0.0,0.0
2024-12-19 08:00:00,0.0,0.0
2024-12-19 09:00:00,0.0,0.0
2024-12-19 10:00:00,0.15644662995715652,0.15644662995715652
2024-12-19 11:00:00,0.48628907499775437,0.48628907499775437
2024-12-19 12:00:00,1.068105115622583,1.068105115622583
2024-12-19 13:00:00,1.7698302796718626,1.7698302796718626
2024-12-19 14:00:00,2.227886765454515,2.227886765454515
2024-12-19 15:00:00,2.996566620728397,2.996566620728397
2024-12-19 16:00:00,3.6761101214395575,3.6761101214395575
2024-12-19 17:00:00,4.190318327749352,4.190318327749352
2024-12-19 18:00:00,4.241735340459899,4.241735340459899
2024-12-19 19:00:00,3.4995988950653114,3.4995988950653114
2024-12-19 20:00:00,3.3744498047928326,3.3744498047928326
2024-12-19 21:00:00,3.297025067185033,3.297025067185033
2024-12-19 22:00:00,0.0,0.0
2024-12-19 23:00:00,0.0,0.0
2024-12-20 00:00:00,0.0,0.0
2024-12-20 01:00:00,0.0,0.0
2024-12-20 02:00:00,0.0,0.0
2024-12-20 03:00:00,0.0,0.0
2024-12-20 04:00:00,0.0,0.0
2024-12-20 05:00:00,0.0,0.0
2024-12-20 06:00:00,0.0,0.0
2024-12-20 07:00:00,0.0,0.0
2024-12-20 08:00:00,0.0,0.0
2024-12-20 09:00:00,0.0,0.0
2024-12-20 10:00:00,0.11648601576708031,0.11648601576708031
2024-12-20 11:00:00,0.4791112095097946,0.4791112095097946
2024-12-20 12:00:00,0.8551291401113794,0.8551291401113794
2024-12-20 13:00:00,1.4267981838578119,1.4267981838578119
2024-12-20 14:00:00,2.2389873562783893,2.2389873562783893
2024-12-20 15:00:00,2.707199857192599,2.707199857192599
2024-12-20 16:00:00,2.8006008143580106,2.8006008143580106
2024-12-20 17:00:00,3.9559701172801542,3.9559701172801542
2024-12-20 18:00:00,3.481746136295838,3.481746136295838
2024-12-20 19:00:00,3.204174562152552,3.204174562152552
2024-12-20 20:00:00,3.5466194585836677,3.5466194585836677
2024-12-20 21:00:00,2.8609954171479837,2.8609954171479837
2024-12-20 22:00:00,0.0,0.0
2024-12-20 23:00:00,0.0,0.0
2024-12-21 00:00:00,0.0,0.0
2024-12-21 01:00:00,0.0,0.0
2024-12-21 02:00:00,0.0,0.0
2024-12-21 03:00:00,0.0,0.0
2024-12-21 04:00:00,0.0,0.0
2024-12-21 05:00:00,0.0,0.0
2024-12-21 06:00:00,0.0,0.0
2024-12-21 07:00:00,0.0,0.0
2024-12-21 08:00:00,0.0,0.0
2024-12-21 09:00:00,0.0,0.0
2024-12-21 10:00:00,0.08826568256963746,0.08826568256963746
2024-12-21 11:00:00,0.36655635577848517,0.36655635577848517
2024-12-21 12:00:00,0.6548615747958128,0.6548615747958128
2024-12-21 13:00:00,1.1168772710561334,1.1168772710561334
2024-12-21 14:00:00,1.5151074420598631,1.5151074420598631
2024-12-21 15:00:00,2.145960259892412,2.145960259892412
2024-12-21 16:00:00,2.399772817315506,2.399772817315506
2024-12-21 17:00:00,2.6404200100098247,2.6404200100098247
2024-12-21 18:00:00,3.173998432606342,3.173998432606342
2024-12-21 19:00:00,2.692702312034586,2.692702312034586
2024-12-21 20:00:00,2.4943457252052235,2.4943457252052235
2024-12-21 21:00:00,2.8214415425507373,2.8214415425507373
2024-12-21 22:00:00,0.0,0.0
2024-12-21 23:00:00,0.0,0.0
2024-12-22 00:00:00,0.0,0.0
2024-12-22 01:00:00,0.0,0.0
2024-12-22 02:00:00,0.0,0.0
2024-12-22 03:00:00,0.0,0.0
2024-12-22 04:00:00,0.0,0.0
2024-12-22 05:00:00,0.0,0.0
2024-12-22 06:00:00,0.0,0.0
2024-12-22 07:00:00,0.0,0.0
2024-12-22 08:00:00,0.0,0.0
2024-12-22 09:00:00,0.0,0.0
2024-12-22 10:00:00,0.09308312115999619,0.09308312115999619
2024-12-22 11:00:00,0.38602892583050674,0.38602892583050674
2024-12-22 12:00:00,0.7385131183308022,0.7385131183308022
2024-12-22 13:00:00,1.1921340665424407,1.1921340665424407
2024-12-22 14:00:00,1.4719917959241589,1.4719917959241589
2024-12-22 15:00:00,1.8575501185481222,1.8575501185481222
2024-12-22 16:00:00,2.826180320463264,2.826180320463264
2024-12-22 17:00:00,2.708010137375266,2.708010137375266
2024-12-22 18:00:00,2.512358649350621,2.512358649350621
2024-12-22 19:00:00,2.7876912635871225,2.7876912635871225
2024-12-22 20:00:00,2.3686166602277017,2.3686166602277017
2024-12-22 21:00:00,2.4523655530902233,2.4523655530902233
2024-12-22 22:00:00,0.0,0.0
2024-12-22 23:00:00,0.0,0.0
2024-12-23 00:00:00,0.0,0.0
2024-12-23 01:00:00,0.0,0.0
2024-12-23 02:00:00,0.0,0.0
2024-12-23 03:00:00,0.0,0.0
2024-12-23 04:00:00,0.0,0.0
2024-12-23 05:00:00,0.0,0.0
2024-12-23 06:00:00,0.0,0.0
2024-12-23 07:00:00,0.0,0.0
2024-12-23 08:00:00,0.0,0.0
2024-12-23 09:00:00,0.0,0.0
2024-12-23 10:00:00,0.131024333001944,0.131024333001944
2024-12-23 11:00:00,0.5122238662986665,0.5122238662986665
2024-12-23 12:00:00,0.9715933042378115,0.9715933042378115
2024-12-23 13:00:00,1.2696209108177996,1.2696209108177996
2024-12-23 14:00:00,2.3302031159858543,2.3302031159858543
2024-12-23 15:00:00,2.760122666103354,2.760122666103354
2024-12-23 16:00:00,3.001704427354148,3.001704427354148
2024-12-23 17:00:00,3.501582088714158,3.501582088714158
2024-12-23 18:00:00,3.1253236887217457,3.1253236887217457
2024-12-23 19:00:00,2.897743168711273,2.897743168711273
2024-12-23 20:00:00,3.42576640603022,3.42576640603022
2024-12-23 21:00:00,2.7418806010613768,2.7418806010613768
2024-12-23 22:00:00,0.0,0.0
2024-12-23 23:00:00,0.0,0.0
2024-12-24 00:00:00,0.0,0.0
2024-12-24 01:00:00,0.0,0.0
2024-12-24 02:00:00,0.0,0.0
2024-12-24 03:00:00,0.0,0.0
2024-12-24 04:00:00,0.0,0.0
2024-12-24 05:00:00,0.0,0.0
2024-12-24 06:00:00,0.0,0.0
2024-12-24 07:00:00,0.0,0.0
2024-12-24 08:00:00,0.0,0.0
2024-12-24 09:00:00,0.0,0.0
2024-12-24 10:00:00,0.10842618255379664,0.10842618255379664
2024-12-24 11:00:00,0.5173666492725365,0.5173666492725365
2024-12-24 12:00:00,0.85866190812588,0.85866190812588
2024-12-24 13:00:00,1.491185610198901,1.491185610198901
2024-12-24 14:00:00,2.0336535337902206,2.0336535337902206
2024-12-24 15:00:00,2.698642500009801,2.698642500009801
2024-12-24 16:00:00,3.3415965838722013,3.3415965838722013
2024-12-24 17:00:00,3.581189465753477,3.581189465753477
2024-12-24 18:00:00,3.5942791245152153,3.5942791245152153
2024-12-24 19:00:00,2.877651639574086,2.877651639574086
2024-12-24 20:00:00,2.6893153576506923,2.6893153576506923
2024-12-24 21:00:00,3.4716750600887005,3.4716750600887005
2024-12-24 22:00:00,0.0,0.0
2024-12-24 23:00:00,0.0,0.0
2024-12-25 00:00:00,0.0,0.0
2024-12-25 01:00:00,0.0,0.0
2024-12-25 02:00:00,0.0,0.0
2024-12-25 03:00:00,0.0,0.0
2024-12-25 04:00:00,0.0,0.0
2024-12-25 05:00:00,0.0,0.0
2024-12-25 06:00:00,0.0,0.0
2024-12-25 07:00:00,0.0,0.0
2024-12-25 08:00:00,0.0,0.0
2024-12-25 09:00:00,0.0,0.0
2024-12-25 10:00:00,0.15034846294380477,0.15034846294380477
2024-12-25 11:00:00,0.5688879406274259,0.5688879406274259
2024-12-25 12:00:00,1.1142118217614887,1.1142118217614887
2024-12-25 13:00:00,1.7371323020690168,1.7371323020690168
2024-12-25 14:00:00,2.310054057105161,2.310054057105161
2024-12-25 15:00:00,2.948309739329034,2.948309739329034
2024-12-25 16:00:00,3.650211791200753,3.650211791200753
2024-12-25 17:00:00,4.44305194871805,4.44305194871805
2024-12-25 18:00:00,3.9286495725054014,3.9286495725054014
2024-12-25 19:00:00,3.3339333725612033,3.3339333725612033
2024-12-25 20:00:00,3.756858286086642,3.756858286086642
2024-12-25 21:00:00,3.7194290468971327,3.7194290468971327
2024-12-25 22:00:00,0.0,0.0
2024-12-25 23:00:00,0.0,0.0
2024-12-26 00:00:00,0.0,0.0
2024-12-26 01:00:00,0.0,0.0
2024-12-26 02:00:00,0.0,0.0
2024-12-26 03:00:00,0.0,0.0
2024-12-26 04:00:00,0.0,0.0
2024-12-26 05:00:00,0.0,0.0
2024-12-26 06:00:00,0.0,0.0
2024-12-26 07:00:00,0.0,0.0
2024-12-26 08:00:00,0.0,0.0
2024-12-26 09:00:00,0.0,0.0
2024-12-26 10:00:00,0.12654868934431915,0.12654868934431915
2024-12-26 11:00:00,0.4879223871095973,0.4879223871095973
2024-12-26 12:00:00,1.139747567886969,1.139747567886969
2024-12-26 13:00:00,1.3706578269999476,1.3706578269999476
2024-12-26 14:00:00,2.126896911647214,2.126896911647214
2024-12-26 15:00:00,2.796893138124336,2.796893138124336
2024-12-26 16:00:00,3.604243543626889,3.604243543626889
2024-12-26 17:00:00,3.67513054935,3.67513054935
2024-12-26 18:00:00,3.2296772679856605,3.2296772679856605
2024-12-26 19:00:00,3.352074495472875,3.352074495472875
2024-12-26 20:00:00,2.9800088706437253,2.9800088706437253
2024-12-26 21:00:00,2.9328883151018914,2.9328883151018914
2024-12-26 22:00:00,0.0,0.0
2024-12-26 23:00:00,0.0,0.0
2024-12-27 00:00:00,0.0,0.0
2024-12-27 01:00:00,0.0,0.0
2024-12-27 02:00:00,0.0,0.0
2024-12-27 03:00:00,0.0,0.0
2024-12-27 04:00:00,0.0,0.0
2024-12-27 05:00:00,0.0,0.0
2024-12-27 06:00:00,0.0,0.0
2024-12-27 07:00:00,0.0,0.0
2024-12-27 08:00:00,0.0,0.0
2024-12-27 09:00:00,0.0,0.0
2024-12-27 10:00:00,0.14084042591923682,0.14084042591923682
2024-12-27 11:00:00,0.46441337974933083,0.46441337974933083
2024-12-27 12:00:00,0.8928910676982611,0.8928910676982611
2024-12-27 13:00:00,1.4380602002511462,1.4380602002511462
2024-12-27 14:00:00,2.3385176148025435,2.3385176148025435
2024-12-27 15:00:00,2.789801097399696,2.789801097399696
2024-12-27 16:00:00,3.4565870105673753,3.4565870105673753
2024-12-27 17:00:00,4.145544831598861,4.145544831598861
2024-12-27 18:00:00,4.142577505694141,4.142577505694141
2024-12-27 19:00:00,2.936297514826891,2.936297514826891
2024-12-27 20:00:00,3.6359268861371663,3.6359268861371663
2024-12-27 21:00:00,2.8944389920969162,2.8944389920969162
2024-12-27 22:00:00,0.0,0.0
2024-12-27 23:00:00,0.0,0.0
2024-12-28 00:00:00,0.0,0.0
2024-12-28 01:00:00,0.0,0.0
2024-12-28 02:00:00,0.0,0.0
2024-12-28 03:00:00,0.0,0.0
2024-12-28 04:00:00,0.0,0.0
2024-12-28 05:00:00,0.0,0.0
2024-12-28 06:00:00,0.0,0.0
2024-12-28 07:00:00,0.0,0.0
2024-12-28 08:00:00,0.0,0.0
2024-12-28 09:00:00,0.0,0.0
2024-12-28 10:00:00,0.08092649539807598,0.08092649539807598
2024-12-28 11:00:00,0.2909992556156743,0.2909992556156743
2024-12-28 12:00:00,0.5966109917545203,0.5966109917545203
2024-12-28 13:00:00,0.9334018669865117,0.9334018669865117
2024-12-28 14:00:00,1.6088491263524323,1.6088491263524323
2024-12-28 15:00:00,1.6682870575314224,1.6682870575314224
2024-12-28 16:00:00,2.3691395993108624,2.3691395993108624
2024-12-28 17:00:00,2.7009091051333822,2.7009091051333822
2024-12-28 18:00:00,2.4223965414874944,2.4223965414874944
2024-12-28 19:00:00,2.236333238095178,2.236333238095178
2024-12-28 20:00:00,1.9715077973373263,1.9715077973373263
2024-12-28 21:00:00,2.4180846933326183,2.4180846933326183
2024-12-28 22:00:00,0.0,0.0
2024-12-28 23:00:00,0.0,0.0
2024-12-29 00:00:00,0.0,0.0
2024-12-29 01:00:00,0.0,0.0
2024-12-29 02:00:00,0.0,0.0
2024-12-29 03:00:00,0.0,0.0
2024-12-29 04:00:00,0.0,0.0
2024-12-29 05:00:00,0.0,0.0
2024-12-29 06:00:00,0.0,0.0
2024-12-29 07:00:00,0.0,0.0
2024-12-29 08:00:00,0.0,0.0
2024-12-29 09:00:00,0.0,0.0
2024-12-29 10:00:00,0.08202339572159283,0.08202339572159283
2024-12-29 11:00:00,0.2997241216470064,0.2997241216470064
2024-12-29 12:00:00,0.6990841025939455,0.6990841025939455
2024-12-29 13:00:00,0.9210651449412874,0.9210651449412874
2024-12-29 14:00:00,1.479000671631056,1.479000671631056
2024-12-29 15:00:00,1.8638640698468756,1.8638640698468756
2024-12-29 16:00:00,2.4248980838763425,2.4248980838763425
2024-12-29 17:00:00,2.3778165032855254,2.3778165032855254
2024-12-29 18:00:00,2.9283953116280994,2.9283953116280994
2024-12-29 19:00:00,2.077741129666432,2.077741129666432
2024-12-29 20:00:00,2.062283548391932,2.062283548391932
2024-12-29 21:00:00,2.0977770785969567,2.0977770785969567
2024-12-29 22:00:00,0.0,0.0
2024-12-29 23:00:00,0.0,0.0
2024-12-30 00:00:00,0.0,0.0
2024-12-30 01:00:00,0.0,0.0
2024-12-30 02:00:00,0.0,0.0
2024-12-30 03:00:00,0.0,0.0
2024-12-30 04:00:00,0.0,0.0
2024-12-30 05:00:00,0.0,0.0
2024-12-30 06:00:00,0.0,0.0
2024-12-30 07:00:00,0.0,0.0
2024-12-30 08:00:00,0.0,0.0
2024-12-30 09:00:00,0.0,0.0
2024-12-30 10:00:00,0.10553056170144999,0.10553056170144999
2024-12-30 11:00:00,0.45999153845600615,0.45999153845600615
2024-12-30 12:00:00,0.9303736651779779,0.9303736651779779
2024-12-30 13:00:00,1.5584889392786372,1.5584889392786372
2024-12-30 14:00:00,2.066668602682888,2.066668602682888
2024-12-30 15:00:00,2.2108721801191353,2.2108721801191353
2024-12-30 16:00:00,2.8987754500807372,2.8987754500807372
2024-12-30 17:00:00,3.5194126699039794,3.5194126699039794
2024-12-30 18:00:00,3.3167928083915834,3.3167928083915834
2024-12-30 19:00:00,2.5903196603507506,2.5903196603507506
2024-12-30 20:00:00,3.2433774464714356,3.2433774464714356
2024-12-30 21:00:00,3.3410723025253315,3.3410723025253315
2024-12-30 22:00:00,0.0,0.0
2024-12-30 23:00:00,0.0,0.0
