{
  "timestamp": "2026-02-07T10:34:42.725031",
  "agent": "PPO",
  "project": "pvbesscar",
  "location": "Iquitos, Peru",
  "co2_factor_kg_per_kwh": 0.4521,
  "training": {
    "total_timesteps": 87600,
    "episodes": 10,
    "duration_seconds": 131.79030394554138,
    "speed_steps_per_second": 664.6922981238303,
    "device": "cuda",
    "hyperparameters": {
      "learning_rate": 0.0003,
      "n_steps": 2048,
      "batch_size": 256,
      "n_epochs": 20,
      "gamma": 0.99,
      "gae_lambda": 0.95,
      "clip_range": 0.2,
      "ent_coef": 0.01,
      "vf_coef": 0.5
    }
  },
  "validation": {
    "num_episodes": 10,
    "mean_reward": 2957.9469013269995,
    "std_reward": 0.0025981523845773295,
    "mean_co2_avoided_kg": 2971695.054882,
    "mean_solar_kwh": 8292514.127086639,
    "mean_grid_import_kwh": 9948697.37482977
  },
  "training_evolution": {
    "episode_rewards": [
      0.0,
      0.0,
      0.0,
      0.0,
      0.0,
      0.0,
      0.0,
      0.0,
      0.0,
      0.0
    ],
    "episode_co2_grid": [
      2427175.1021834863,
      2431780.9754342423,
      1813367.0849889424,
      1801738.4303228776,
      1804022.967374208,
      1806236.2444678948,
      2056710.8242715849,
      3331602.621464527,
      4487050.62528824,
      4491182.367633489
    ],
    "episode_co2_avoided_indirect": [
      2734440.849820154,
      2737840.3982143295,
      2733428.550369226,
      2736707.13536193,
      2735998.571648764,
      2738798.7351193572,
      2736727.2767675417,
      2735523.8865802535,
      2730857.68077745,
      2732960.2257038523
    ],
    "episode_co2_avoided_direct": [
      696120.4608080151,
      710721.1499498608,
      634138.0020994098,
      862513.078820318,
      862727.9619340217,
      861304.3500710556,
      433243.72473397834,
      249178.8899707982,
      237919.3102411055,
      237292.36440997114
    ],
    "episode_solar_kwh": [
      8292514.127086639,
      8292514.127086639,
      8292514.127086639,
      8292514.127086639,
      8292514.127086639,
      8292514.127086639,
      8292514.127086639,
      8292514.127086639,
      8292514.127086639,
      8292514.127086639
    ],
    "episode_ev_charging": [
      434640.50472927094,
      480109.4213171005,
      466196.8756799698,
      462174.592089653,
      466097.1431388855,
      480197.7991924286,
      483229.0830221176,
      465565.8919324875,
      420608.169049263,
      431809.5751905441
    ],
    "episode_grid_import": [
      5368668.662206339,
      5378856.393351555,
      4010986.6953969,
      3985265.2738838196,
      3990318.441438198,
      3995213.989090681,
      4549238.717698708,
      7369171.912109107,
      9924907.377324104,
      9934046.378309011
    ],
    "episode_grid_stability": [
      0.23080281047504114,
      0.25224060412362886,
      0.32136000804677883,
      0.2888603135635859,
      0.28888462639447693,
      0.28871957375669355,
      0.3544304139334672,
      0.25195534003071235,
      0.12150183901019888,
      0.1211789687135267
    ],
    "episode_cost_usd": [
      805300.2993309501,
      806828.4590027345,
      601648.0043095353,
      597789.7910825732,
      598547.7662157301,
      599282.0983636007,
      682385.8076548058,
      1105375.7868163628,
      1488736.106598622,
      1490106.956746353
    ],
    "episode_motos_charged": [
      48,
      50,
      47,
      46,
      47,
      47,
      49,
      46,
      45,
      45
    ],
    "episode_mototaxis_charged": [
      21,
      19,
      21,
      16,
      20,
      18,
      18,
      17,
      18,
      14
    ],
    "episode_bess_discharge_kwh": [
      3192164.050936699,
      3350091.9893980026,
      3852037.155508995,
      4373824.554800987,
      4373662.661552429,
      4374958.889722824,
      3150436.8525743484,
      1325118.5725927353,
      858.173131942749,
      1358.2534193992615
    ],
    "episode_bess_charge_kwh": [
      970555.6101829279,
      1028611.8339300156,
      515388.3805721998,
      5190.967440605164,
      5209.090769290924,
      3597.9847609996796,
      1223724.0056935698,
      3050268.13538,
      4376511.053323746,
      4377722.211450338
    ],
    "episode_avg_socket_setpoint": [
      -3.722443868330314,
      -7.58809770598442,
      -21.37346449915158,
      -59.98459780236077,
      -29.080894377877826,
      -28.84198442866439,
      -19.780563733139665,
      -25.101939477060483,
      -70.48808057182043,
      -132.461138769243
    ],
    "episode_socket_utilization": [
      0.43175478025114156,
      0.4675968535958904,
      0.45375998858447486,
      0.44857395119863014,
      0.4541720176940639,
      0.4676583904109589,
      0.47432487871004564,
      0.45728899115296806,
      0.4127256349885845,
      0.4243578767123288
    ],
    "episode_bess_action_avg": [
      13.599422313336397,
      21.26566645408466,
      43.60312257588598,
      190.41218662587204,
      78.32567049852874,
      186.3852342098373,
      15.63835289055741,
      -61.89802077524577,
      -268.8939419600245,
      -677.8389932268831
    ]
  },
  "summary_metrics": {
    "total_co2_avoided_indirect_kg": 27353283.31036286,
    "total_co2_avoided_direct_kg": 5785159.293038533,
    "total_co2_avoided_kg": 33138442.603401393,
    "total_cost_usd": 8776001.076121269,
    "avg_grid_stability": 0.25199344980481103,
    "max_motos_charged": 50,
    "max_mototaxis_charged": 21,
    "total_bess_discharge_kwh": 27994511.153638363,
    "total_bess_charge_kwh": 15556779.273503693
  },
  "control_progress": {
    "avg_socket_setpoint_evolution": [
      -3.722443868330314,
      -7.58809770598442,
      -21.37346449915158,
      -59.98459780236077,
      -29.080894377877826,
      -28.84198442866439,
      -19.780563733139665,
      -25.101939477060483,
      -70.48808057182043,
      -132.461138769243
    ],
    "socket_utilization_evolution": [
      0.43175478025114156,
      0.4675968535958904,
      0.45375998858447486,
      0.44857395119863014,
      0.4541720176940639,
      0.4676583904109589,
      0.47432487871004564,
      0.45728899115296806,
      0.4127256349885845,
      0.4243578767123288
    ],
    "bess_action_evolution": [
      13.599422313336397,
      21.26566645408466,
      43.60312257588598,
      190.41218662587204,
      78.32567049852874,
      186.3852342098373,
      15.63835289055741,
      -61.89802077524577,
      -268.8939419600245,
      -677.8389932268831
    ],
    "description": "Evolución del aprendizaje de control por episodio"
  },
  "reward_components_avg": {
    "r_solar": 0.0,
    "r_cost": 0.0,
    "r_ev": 0.0,
    "r_grid": 0.0,
    "r_co2": 0.0,
    "episode_r_solar": [
      0.0,
      0.0,
      0.0,
      0.0,
      0.0,
      0.0,
      0.0,
      0.0,
      0.0,
      0.0
    ],
    "episode_r_cost": [
      0.0,
      0.0,
      0.0,
      0.0,
      0.0,
      0.0,
      0.0,
      0.0,
      0.0,
      0.0
    ],
    "episode_r_ev": [
      0.0,
      0.0,
      0.0,
      0.0,
      0.0,
      0.0,
      0.0,
      0.0,
      0.0,
      0.0
    ],
    "episode_r_grid": [
      0.0,
      0.0,
      0.0,
      0.0,
      0.0,
      0.0,
      0.0,
      0.0,
      0.0,
      0.0
    ],
    "episode_r_co2": [
      0.0,
      0.0,
      0.0,
      0.0,
      0.0,
      0.0,
      0.0,
      0.0,
      0.0,
      0.0
    ],
    "description": "Componentes de reward promedio por episodio"
  },
  "vehicle_charging": {
    "motos_total": 112,
    "mototaxis_total": 16,
    "motos_charged_per_episode": [
      48,
      50,
      47,
      46,
      47,
      47,
      49,
      46,
      45,
      45
    ],
    "mototaxis_charged_per_episode": [
      21,
      19,
      21,
      16,
      20,
      18,
      18,
      17,
      18,
      14
    ],
    "description": "Conteo real de vehículos cargados (setpoint > 50%)"
  },
  "model_path": "checkpoints\\PPO\\ppo_final.zip"
}