{
  "timestamp": "2026-02-19T06:48:36.793410",
  "agent": "PPO",
  "project": "pvbesscar",
  "location": "Iquitos, Peru",
  "co2_factor_kg_per_kwh": 0.4521,
  "training": {
    "total_timesteps": 87600,
    "episodes": 10,
    "duration_seconds": 208.4386281967163,
    "speed_steps_per_second": 420.2675903111707,
    "device": "cuda",
    "hyperparameters": {
      "learning_rate": 0.0001,
      "n_steps": 4096,
      "batch_size": 256,
      "n_epochs": 3,
      "gamma": 0.88,
      "gae_lambda": 0.97,
      "clip_range": 0.2,
      "ent_coef": 0.02,
      "vf_coef": 0.7
    }
  },
  "validation": {
    "num_episodes": 10,
    "mean_reward": 1181.1368452607653,
    "std_reward": 16.715286853033877,
    "mean_co2_avoided_kg": 4171336.6156762033,
    "mean_solar_kwh": 8292514.130952835,
    "mean_grid_import_kwh": 2696959.566699219
  },
  "training_evolution": {
    "episode_rewards": [
      637.2605212635062,
      654.0954451745711,
      694.1394394916024,
      747.2636854660377,
      821.0976110831543,
      914.2975363092555,
      994.3578725019179,
      1069.5774830902228,
      1152.746773712308,
      1182.1264207208878
    ],
    "episode_co2_grid": [
      1560344.75,
      1549701.625,
      1546322.375,
      1529939.5,
      1462447.875,
      1396195.625,
      1348284.0,
      1295295.375,
      1272840.0,
      1274864.5
    ],
    "episode_co2_avoided_indirect": [
      3841306.956436059,
      3841306.956436059,
      3841306.956436059,
      3841306.956436059,
      3841306.956436059,
      3841306.956436059,
      3841306.956436059,
      3841306.956436059,
      3841306.956436059,
      3841306.956436059
    ],
    "episode_co2_avoided_direct": [
      330029.65923999884,
      330029.65923999884,
      330029.65923999884,
      330029.65923999884,
      330029.65923999884,
      330029.65923999884,
      330029.65923999884,
      330029.65923999884,
      330029.65923999884,
      330029.65923999884
    ],
    "episode_solar_kwh": [
      8292514.130952835,
      8292514.130952835,
      8292514.130952835,
      8292514.130952835,
      8292514.130952835,
      8292514.130952835,
      8292514.130952835,
      8292514.130952835,
      8292514.130952835,
      8292514.130952835
    ],
    "episode_ev_charging": [
      254951.65333642438,
      254550.62904894352,
      259253.50447905064,
      267198.7880052328,
      277208.93727213144,
      293266.4370687008,
      306074.5737466812,
      317718.7223446369,
      334808.9513812065,
      342078.15106868744
    ],
    "episode_grid_import": [
      3451325.3549804688,
      3427786.0554885864,
      3420306.41431427,
      3384070.3653068542,
      3234790.5277938843,
      3088245.942993164,
      2982267.5339813232,
      2865065.09790802,
      2815391.7905578613,
      2819874.5137290955
    ],
    "episode_ev_charging_peak": [
      164890.85303497314,
      163870.12082207203,
      167376.63667345047,
      170176.93436825275,
      174286.2382144928,
      183373.61057043076,
      189205.33215904236,
      194714.33621382713,
      204199.4885635376,
      207233.6972465515
    ],
    "episode_ev_charging_offpeak": [
      90060.80030145124,
      90680.50822687149,
      91876.86780560017,
      97021.85363698006,
      102922.69905763865,
      109892.82649827003,
      116869.24158763885,
      123004.38613080978,
      130609.46281766891,
      134844.45382213593
    ],
    "episode_grid_stability": [
      0.11919146031141281,
      0.11610040813684464,
      0.11060409247875214,
      0.1032908484339714,
      0.10301632434129715,
      0.1047738641500473,
      0.10241773724555969,
      0.10585355758666992,
      0.10466396808624268,
      0.10261271148920059
    ],
    "episode_cost_usd": [
      517698.8032470706,
      514167.90832328965,
      513045.96214714024,
      507610.5547960288,
      485218.5791690827,
      463236.89144897455,
      447340.13009719923,
      429759.76468620246,
      422308.76858367975,
      422981.1770593634
    ],
    "episode_motos_charged": [
      121180,
      121180,
      121180,
      121180,
      121180,
      121180,
      121180,
      121180,
      121180,
      121180
    ],
    "episode_mototaxis_charged": [
      21614,
      21594,
      22226,
      22545,
      22923,
      23778,
      24439,
      24925,
      26238,
      26767
    ],
    "episode_bess_discharge_kwh": [
      209374.24630715643,
      209374.24630715643,
      209374.24630715643,
      209374.24630715643,
      209374.24630715643,
      209374.24630715643,
      209374.24630715643,
      209374.24630715643,
      209374.24630715643,
      209374.24630715643
    ],
    "episode_bess_charge_kwh": [
      580199.6792075719,
      580199.6792075719,
      580199.6792075719,
      580199.6792075719,
      580199.6792075719,
      580199.6792075719,
      580199.6792075719,
      580199.6792075719,
      580199.6792075719,
      580199.6792075719
    ],
    "episode_avg_socket_setpoint": [
      0.0005821016221667694,
      0.0035406750567589158,
      0.006294020965202896,
      0.016916702004851836,
      0.02796384783353078,
      0.05121045837415158,
      0.07079994591696963,
      0.08708312351069714,
      0.11112294109788762,
      0.12296586815109342
    ],
    "episode_socket_utilization": [
      0.46190218697428503,
      0.46114515741408313,
      0.46283645758231196,
      0.46656452775775054,
      0.4708783946166787,
      0.4806596971881759,
      0.48801670271569336,
      0.4952265080509493,
      0.5039834174477289,
      0.5084565008411439
    ],
    "episode_bess_action_avg": [
      -0.005998621144827421,
      0.009794570220560983,
      0.01761870337830916,
      0.03891717624179721,
      0.10358012770004911,
      0.20085774520114405,
      0.24825746547696542,
      0.30580402833237375,
      0.3731502032963682,
      0.3694613651916827
    ]
  },
  "summary_metrics": {
    "total_co2_avoided_indirect_kg": 38413069.564360596,
    "total_co2_avoided_direct_kg": 3300296.592399989,
    "total_co2_avoided_kg": 41713366.15676059,
    "total_cost_usd": 4723368.539558032,
    "avg_grid_stability": 0.10725250095129013,
    "max_motos_charged": 121180,
    "max_mototaxis_charged": 26767,
    "total_bess_discharge_kwh": 2093742.4630715647,
    "total_bess_charge_kwh": 5801996.792075719,
    "total_ev_charging_peak_kwh": 1819327.2478666306,
    "total_ev_charging_offpeak_kwh": 1087783.099885065,
    "pct_ev_charging_peak": 62.58198108213071,
    "energy_validation": {
      "total_energy_charged_kwh": 2907110.3477516957,
      "benchmark_energy_target_kwh": 408281.5,
      "benchmark_energy_theoretical_kwh": 387841.0,
      "pct_vs_benchmark_real": 712.0357762356844,
      "pct_vs_benchmark_theoretical": 749.5624103051755,
      "description": "Validacion contra baseline 2024: energia teorica min (387.8 kWh) vs real cargada durante entrenamiento (408.3 kWh benchmark)"
    }
  },
  "control_progress": {
    "avg_socket_setpoint_evolution": [
      0.0005821016221667694,
      0.0035406750567589158,
      0.006294020965202896,
      0.016916702004851836,
      0.02796384783353078,
      0.05121045837415158,
      0.07079994591696963,
      0.08708312351069714,
      0.11112294109788762,
      0.12296586815109342
    ],
    "socket_utilization_evolution": [
      0.46190218697428503,
      0.46114515741408313,
      0.46283645758231196,
      0.46656452775775054,
      0.4708783946166787,
      0.4806596971881759,
      0.48801670271569336,
      0.4952265080509493,
      0.5039834174477289,
      0.5084565008411439
    ],
    "bess_action_evolution": [
      -0.005998621144827421,
      0.009794570220560983,
      0.01761870337830916,
      0.03891717624179721,
      0.10358012770004911,
      0.20085774520114405,
      0.24825746547696542,
      0.30580402833237375,
      0.3731502032963682,
      0.3694613651916827
    ],
    "description": "Evolucion del aprendizaje de control por episodio"
  },