{
  "timestamp": "2026-02-15T00:30:54.143492",
  "agent": "PPO",
  "project": "pvbesscar",
  "location": "Iquitos, Peru",
  "co2_factor_kg_per_kwh": 0.4521,
  "training": {
    "total_timesteps": 87600,
    "episodes": 10,
    "duration_seconds": 159.3949155807495,
    "speed_steps_per_second": 549.5783832303096,
    "device": "cuda",
    "hyperparameters": {
      "learning_rate": 0.0001,
      "n_steps": 2048,
      "batch_size": 256,
      "n_epochs": 3,
      "gamma": 0.88,
      "gae_lambda": 0.97,
      "clip_range": 0.2,
      "ent_coef": 0.02,
      "vf_coef": 0.7
    }
  },
  "validation": {
    "num_episodes": 10,
    "mean_reward": 2162.0011686508187,
    "std_reward": 48.220483186688355,
    "mean_co2_avoided_kg": 4309536.150172131,
    "mean_solar_kwh": 8292514.130952835,
    "mean_grid_import_kwh": 1288357.1937332153
  },
  "training_evolution": {
    "episode_rewards": [
      1458.5729703600373,
      1732.1570137531307,
      2143.267236390413,
      2469.479983902398,
      2657.2048257713104,
      2784.499454134406,
      2870.020462838911,
      2964.1925613193,
      3001.327789029827,
      3060.5850402277283
    ],
    "episode_co2_grid": [
      1466278.375,
      1352209.5,
      1112428.125,
      891722.75,
      766796.125,
      714654.375,
      692647.375,
      662756.75,
      651381.375,
      643834.0
    ],
    "episode_co2_avoided_indirect": [
      3952802.4498520293,
      3952802.4498520293,
      3952802.4498520293,
      3952802.4498520293,
      3952802.4498520293,
      3952802.4498520293,
      3952802.4498520293,
      3952802.4498520293,
      3952802.4498520293,
      3952802.4498520293
    ],
    "episode_co2_avoided_direct": [
      356733.7003199984,
      356733.7003199984,
      356733.7003199984,
      356733.7003199984,
      356733.7003199984,
      356733.7003199984,
      356733.7003199984,
      356733.7003199984,
      356733.7003199984,
      356733.7003199984
    ],
    "episode_solar_kwh": [
      8292514.130952835,
      8292514.130952835,
      8292514.130952835,
      8292514.130952835,
      8292514.130952835,
      8292514.130952835,
      8292514.130952835,
      8292514.130952835,
      8292514.130952835,
      8292514.130952835
    ],
    "episode_ev_charging": [
      285692.5439348221,
      288787.8870306015,
      291370.9679851532,
      294364.5416584015,
      296348.28681373596,
      300222.80592155457,
      303479.62310028076,
      307575.77686691284,
      306612.36203575134,
      309023.0017375946
    ],
    "episode_grid_import": [
      3243265.5,
      2990953.25,
      2460579.25,
      1972401.25,
      1696073.75,
      1580745.375,
      1532068.25,
      1465952.375,
      1440789.0,
      1424095.25
    ],
    "episode_grid_stability": [
      0.13786934316158295,
      0.1797819584608078,
      0.2234581857919693,
      0.2525123357772827,
      0.27055680751800537,
      0.2748944163322449,
      0.2777404189109802,
      0.2809484004974365,
      0.2812408208847046,
      0.2828710079193115
    ],
    "episode_cost_usd": [
      486489.34375,
      448643.25,
      369087.3125,
      295860.09375,
      254410.953125,
      237111.90625,
      229810.28125,
      219892.59375,
      216118.5625,
      213613.9375
    ],
    "episode_motos_charged": [
      28,
      28,
      28,
      28,
      28,
      28,
      28,
      28,
      28,
      28
    ],
    "episode_mototaxis_charged": [
      7,
      7,
      8,
      8,
      7,
      8,
      8,
      8,
      8,
      8
    ],
    "episode_bess_discharge_kwh": [
      677835.7315369509,
      677835.7315369509,
      677835.7315369509,
      677835.7315369509,
      677835.7315369509,
      677835.7315369509,
      677835.7315369509,
      677835.7315369509,
      677835.7315369509,
      677835.7315369509
    ],
    "episode_bess_charge_kwh": [
      790715.5703739082,
      790715.5703739082,
      790715.5703739082,
      790715.5703739082,
      790715.5703739082,
      790715.5703739082,
      790715.5703739082,
      790715.5703739082,
      790715.5703739082,
      790715.5703739082
    ],
    "episode_avg_socket_setpoint": [
      0.00329400673744604,
      0.010085597296365014,
      0.016168353600534587,
      0.023921142815940072,
      0.028600464038460966,
      0.037640424856534405,
      0.04591108872940811,
      0.055001816974316824,
      0.053827489504077446,
      0.06098753705622619
    ],
    "episode_socket_utilization": [
      0.46126231675078105,
      0.4643144676760394,
      0.4671983898101418,
      0.47149723624128814,
      0.47255167027156936,
      0.476288752703677,
      0.479337899543379,
      0.48448389810141795,
      0.48211968276856526,
      0.4846581350636866
    ],
    "episode_bess_action_avg": [
      0.02557011994055619,
      -0.012827986741085541,
      0.06856006098906914,
      0.19387652443798437,
      0.3016140106857061,
      0.34842955766364797,
      0.3615302606353953,
      0.4449008086432605,
      0.4630773178442088,
      0.49459146011076427
    ]
  },
  "summary_metrics": {
    "total_co2_avoided_indirect_kg": 39528024.49852029,
    "total_co2_avoided_direct_kg": 3567337.003199984,
    "total_co2_avoided_kg": 43095361.50172028,
    "total_cost_usd": 2971038.25,
    "avg_grid_stability": 0.24618737399578094,
    "max_motos_charged": 28,
    "max_mototaxis_charged": 8,
    "total_bess_discharge_kwh": 6778357.315369509,
    "total_bess_charge_kwh": 7907155.703739081
  },
  "control_progress": {
    "avg_socket_setpoint_evolution": [
      0.00329400673744604,
      0.010085597296365014,
      0.016168353600534587,
      0.023921142815940072,
      0.028600464038460966,
      0.037640424856534405,
      0.04591108872940811,
      0.055001816974316824,
      0.053827489504077446,
      0.06098753705622619
    ],
    "socket_utilization_evolution": [
      0.46126231675078105,
      0.4643144676760394,
      0.4671983898101418,
      0.47149723624128814,
      0.47255167027156936,
      0.476288752703677,
      0.479337899543379,
      0.48448389810141795,
      0.48211968276856526,
      0.4846581350636866
    ],
    "bess_action_evolution": [
      0.02557011994055619,
      -0.012827986741085541,
      0.06856006098906914,
      0.19387652443798437,
      0.3016140106857061,
      0.34842955766364797,
      0.3615302606353953,
      0.4449008086432605,
      0.4630773178442088,
      0.49459146011076427
    ],
    "description": "Evolucion del aprendizaje de control por episodio"
  },
  "reward_components_avg": {
    "r_co2": 0.21784831194028462,
    "r_solar": -0.04781871193432109,
    "r_vehicles": 0.29962603749557987,
    "r_grid_stable": 0.12005453112781687,
    "r_bess": 0.25525628953290147,
    "r_priority": 0.1324748858447417,
    "episode_r_co2": [
      0.0944984426407237,
      0.12751169027122733,
      0.18063289161822568,
      0.22148010018685638,
      0.24327093376756803,
      0.25440171925376537,
      0.25902167059923414,
      0.2646551145368243,
      0.2657992864478396,
      0.26721127008058165
    ],
    "episode_r_solar": [
      -0.048302399894714555,
      -0.048164734854813145,
      -0.04801408509363844,
      -0.04790221494545054,
      -0.047800638454243274,
      -0.0477721576143655,
      -0.047672031088663185,
      -0.04754545150191392,
      -0.04755485803893767,
      -0.04745854785647071
    ],
    "episode_r_vehicles": [
      0.2793978561915421,
      0.28449605365157393,
      0.2885532618149126,
      0.2931673794993405,
      0.2963189024168619,
      0.30248928386427165,
      0.3079921322177172,
      0.31424445449346206,
      0.31285529910773335,
      0.3167457516983831
    ],
    "episode_r_grid_stable": [
      0.04077860460536112,
      0.04314740578163693,
      0.06962805055524099,
      0.10549033104930289,
      0.13520145841553946,
      0.1494438122314799,
      0.15552451101916884,
      0.16310385629703117,
      0.16823099968026095,
      0.16999628164314642
    ],