{
  "timestamp": "2026-02-15T22:04:55.225323",
  "agent": "PPO",
  "project": "pvbesscar",
  "location": "Iquitos, Peru",
  "co2_factor_kg_per_kwh": 0.4521,
  "training": {
    "total_timesteps": 87600,
    "episodes": 10,
    "duration_seconds": 176.2569398880005,
    "speed_steps_per_second": 497.0017070287499,
    "device": "cuda",
    "hyperparameters": {
      "learning_rate": 0.0001,
      "n_steps": 2048,
      "batch_size": 256,
      "n_epochs": 3,
      "gamma": 0.88,
      "gae_lambda": 0.97,
      "clip_range": 0.2,
      "ent_coef": 0.02,
      "vf_coef": 0.7
    }
  },
  "validation": {
    "num_episodes": 10,
    "mean_reward": 2053.2109103685143,
    "std_reward": 26.807294282071652,
    "mean_co2_avoided_kg": 4309536.150172131,
    "mean_solar_kwh": 8292514.130952835,
    "mean_grid_import_kwh": 1287314.864945984
  },
  "training_evolution": {
    "episode_rewards": [
      1469.9360841175585,
      1868.4553797525878,
      2306.187189679389,
      2598.607585573285,
      2774.9762594269487,
      2882.461491393522,
      2983.673913860068,
      3059.7198273728136,
      3102.7424114307214,
      3139.731232749181
    ],
    "episode_co2_grid": [
      1457507.875,
      1248989.75,
      989639.0625,
      817835.8125,
      715764.6875,
      689955.6875,
      646245.4375,
      634270.0,
      637785.125,
      634830.5
    ],
    "episode_co2_avoided_indirect": [
      3952802.4498520293,
      3952802.4498520293,
      3952802.4498520293,
      3952802.4498520293,
      3952802.4498520293,
      3952802.4498520293,
      3952802.4498520293,
      3952802.4498520293,
      3952802.4498520293,
      3952802.4498520293
    ],
    "episode_co2_avoided_direct": [
      356733.7003199984,
      356733.7003199984,
      356733.7003199984,
      356733.7003199984,
      356733.7003199984,
      356733.7003199984,
      356733.7003199984,
      356733.7003199984,
      356733.7003199984,
      356733.7003199984
    ],
    "episode_solar_kwh": [
      8292514.130952835,
      8292514.130952835,
      8292514.130952835,
      8292514.130952835,
      8292514.130952835,
      8292514.130952835,
      8292514.130952835,
      8292514.130952835,
      8292514.130952835,
      8292514.130952835
    ],
    "episode_ev_charging": [
      286057.48223876953,
      286776.82100868225,
      289770.86039829254,
      292389.6838684082,
      294409.4556236267,
      296688.492770195,
      298713.1201438904,
      299410.4274845123,
      301092.5517244339,
      300508.81051158905
    ],
    "episode_grid_import": [
      3223856.271499634,
      2762641.5167274475,
      2188982.0900611877,
      1808968.1064682007,
      1583197.1860198975,
      1526113.3333511353,
      1429427.8695755005,
      1402941.6142807007,
      1410715.2176208496,
      1404182.4515228271
    ],
    "episode_grid_stability": [
      0.14276869595050812,
      0.19618141651153564,
      0.23846811056137085,
      0.26358094811439514,
      0.2755284905433655,
      0.27859389781951904,
      0.28332483768463135,
      0.28499066829681396,
      0.2850942015647888,
      0.28357642889022827
    ],
    "episode_cost_usd": [
      483578.4407249444,
      414396.2275091157,
      328347.3135091778,
      271345.21597023046,
      237479.57790298463,
      228917.0000026701,
      214414.18043632453,
      210441.24214210483,
      211607.28264312734,
      210627.36772842417
    ],
    "episode_motos_charged": [
      28,
      28,
      28,
      28,
      28,
      28,
      28,
      28,
      28,
      28
    ],
    "episode_mototaxis_charged": [
      8,
      8,
      8,
      7,
      8,
      8,
      8,
      8,
      8,
      8
    ],
    "episode_bess_discharge_kwh": [
      677835.7315369509,
      677835.7315369509,
      677835.7315369509,
      677835.7315369509,
      677835.7315369509,
      677835.7315369509,
      677835.7315369509,
      677835.7315369509,
      677835.7315369509,
      677835.7315369509
    ],
    "episode_bess_charge_kwh": [
      790715.5703739082,
      790715.5703739082,
      790715.5703739082,
      790715.5703739082,
      790715.5703739082,
      790715.5703739082,
      790715.5703739082,
      790715.5703739082,
      790715.5703739082,
      790715.5703739082
    ],
    "episode_avg_socket_setpoint": [
      0.004107445441373165,
      0.0043643112801101495,
      0.010748312209134839,
      0.018270625995107478,
      0.021856798039054732,
      0.027883670716522473,
      0.032054018591213235,
      0.03297675540496495,
      0.03752214642375866,
      0.03630071447037132
    ],
    "episode_socket_utilization": [
      0.461169190098534,
      0.462668228791156,
      0.4648702235039654,
      0.4677781783225186,
      0.4698570055275174,
      0.47133201153568854,
      0.47434811343427064,
      0.47461247296323,
      0.47599435231915405,
      0.4747716894977169
    ],
    "episode_bess_action_avg": [
      0.0013597237130150742,
      0.05373693046236589,
      0.14766459669917822,
      0.2666470271297071,
      0.3828895703921324,
      0.41500265062765374,
      0.5125979919097127,
      0.5394745580673422,
      0.5279082937999607,
      0.5419619401534126
    ]
  },
  "summary_metrics": {
    "total_co2_avoided_indirect_kg": 39528024.49852029,
    "total_co2_avoided_direct_kg": 3567337.003199984,
    "total_co2_avoided_kg": 43095361.50172028,
    "total_cost_usd": 2811153.848569104,
    "avg_grid_stability": 0.25321078300476074,
    "max_motos_charged": 28,
    "max_mototaxis_charged": 8,
    "total_bess_discharge_kwh": 6778357.315369509,
    "total_bess_charge_kwh": 7907155.703739081
  },
  "control_progress": {
    "avg_socket_setpoint_evolution": [
      0.004107445441373165,
      0.0043643112801101495,
      0.010748312209134839,
      0.018270625995107478,
      0.021856798039054732,
      0.027883670716522473,
      0.032054018591213235,
      0.03297675540496495,
      0.03752214642375866,
      0.03630071447037132
    ],
    "socket_utilization_evolution": [
      0.461169190098534,
      0.462668228791156,
      0.4648702235039654,
      0.4677781783225186,
      0.4698570055275174,
      0.47133201153568854,
      0.47434811343427064,
      0.47461247296323,
      0.47599435231915405,
      0.4747716894977169
    ],
    "bess_action_evolution": [
      0.0013597237130150742,
      0.05373693046236589,
      0.14766459669917822,
      0.2666470271297071,
      0.3828895703921324,
      0.41500265062765374,
      0.5125979919097127,
      0.5394745580673422,
      0.5279082937999607,
      0.5419619401534126
    ],
    "description": "Evolucion del aprendizaje de control por episodio"
  },
  "reward_components_avg": {
    "r_co2": 0.2270564237036253,
    "r_solar": -0.04802740321205811,
    "r_vehicles": 0.29381380985396877,
    "r_grid_stable": 0.12763610358307204,
    "r_bess": 0.26468038144654954,
    "r_priority": 0.13826027397259383,
    "episode_r_co2": [
      0.09651142962991374,
      0.1476603923459031,
      0.20161005020753978,
      0.23543074916214704,
      0.25300964787602426,
      0.2599683711994184,
      0.2661318326717642,
      0.27057080080043777,
      0.2698411252672814,
      0.26982983787582343
    ],
    "episode_r_solar": [
      -0.04827185075684925,
      -0.048209413710944456,
      -0.04813772247237745,
      -0.04813935260991691,
      -0.04809871834385833,
      -0.048026858902116526,
      -0.04787797759555752,
      -0.047826005924746014,
      -0.04784630808161095,
      -0.04783982372260369
    ],
    "episode_r_vehicles": [
      0.2802322280203547,
      0.2809582731889101,
      0.28590710973680933,
      0.2901907589446456,
      0.2934970302247734,
      0.2973523013273326,
      0.3003698992680496,
      0.3017794792572206,
      0.3042686916279326,
      0.30358232694365905
    ],