{
  "timestamp": "2026-02-06T22:27:55.162872",
  "total_timesteps": 43800,
  "training_duration_seconds": 61.60908484458923,
  "validation_metrics": {
    "mean_reward": 661449.3492986975,
    "mean_co2_avoided_kg": 16421700429.764925,
    "mean_solar_kwh": 36005275867.10466,
    "mean_cost_usd": 819209.4205908194,
    "mean_grid_import_kwh": 27974221894.09929
  }
}