{
  "timestamp": "2026-02-16T23:22:18.410730",
  "agent": "PPO",
  "project": "pvbesscar",
  "location": "Iquitos, Peru",
  "co2_factor_kg_per_kwh": 0.4521,
  "training": {
    "total_timesteps": 87600,
    "episodes": 10,
    "duration_seconds": 175.62231492996216,
    "speed_steps_per_second": 498.7976615325604,
    "device": "cuda",
    "hyperparameters": {
      "learning_rate": 0.0001,
      "n_steps": 4096,
      "batch_size": 256,
      "n_epochs": 3,
      "gamma": 0.88,
      "gae_lambda": 0.97,
      "clip_range": 0.2,
      "ent_coef": 0.02,
      "vf_coef": 0.7
    }
  },
  "validation": {
    "num_episodes": 10,
    "mean_reward": 659.3463998114108,
    "std_reward": 15.867107196163316,
    "mean_co2_avoided_kg": 4409363.781132176,
    "mean_solar_kwh": 8292514.130952835,
    "mean_grid_import_kwh": 5335239.364672089
  },
  "training_evolution": {
    "episode_rewards": [
      631.4618776429998,
      672.3250027175054,
      701.7700319511614,
      731.6404266778845,
      775.5916639546958,
      834.5521582733672,
      894.6361894934907,
      946.2090522329017,
      982.8898284699972,
      1014.4396344313809
    ],
    "episode_co2_grid": [
      3366224.75,
      3337977.0,
      3300170.25,
      3232600.25,
      3142020.75,
      3057204.5,
      2939635.0,
      2839617.75,
      2793295.25,
      2738263.0
    ],
    "episode_co2_avoided_indirect": [
      3952802.4498520293,
      3952802.4498520293,
      3952802.4498520293,
      3952802.4498520293,
      3952802.4498520293,
      3952802.4498520293,
      3952802.4498520293,
      3952802.4498520293,
      3952802.4498520293,
      3952802.4498520293
    ],
    "episode_co2_avoided_direct": [
      456561.3312799941,
      456561.3312799941,
      456561.3312799941,
      456561.3312799941,
      456561.3312799941,
      456561.3312799941,
      456561.3312799941,
      456561.3312799941,
      456561.3312799941,
      456561.3312799941
    ],
    "episode_solar_kwh": [
      8292514.130952835,
      8292514.130952835,
      8292514.130952835,
      8292514.130952835,
      8292514.130952835,
      8292514.130952835,
      8292514.130952835,
      8292514.130952835,
      8292514.130952835,
      8292514.130952835
    ],
    "episode_ev_charging": [
      211883.67667220533,
      212467.22202311456,
      216438.5100172367,
      217514.37577521056,
      220790.4070167942,
      223814.03026332706,
      225309.35408020765,
      225756.7651482504,
      227814.46758268028,
      229169.27237055823
    ],
    "episode_grid_import": [
      7445753.085952759,
      7383265.149765015,
      7299642.730461121,
      7150192.941358566,
      6949837.571739197,
      6762213.271118164,
      6502177.397529602,
      6280946.20911026,
      6178478.780475616,
      6056764.206238747
    ],
    "episode_grid_stability": [
      0.1208447590470314,
      0.12994106113910675,
      0.1328001767396927,
      0.14574269950389862,
      0.1617291122674942,
      0.1800566464662552,
      0.2000017613172531,
      0.22028093039989471,
      0.22867150604724884,
      0.24330060184001923
    ],
    "episode_cost_usd": [
      1116862.9628929151,
      1107489.7724647543,
      1094946.4095691699,
      1072528.941203785,
      1042475.6357608825,
      1014331.9906677268,
      975326.6096294412,
      942141.9313665411,
      926771.8170713419,
      908514.6309358138
    ],
    "episode_motos_charged": [
      28,
      28,
      28,
      28,
      28,
      28,
      28,
      28,
      28,
      28
    ],
    "episode_mototaxis_charged": [
      7,
      8,
      7,
      7,
      8,
      8,
      8,
      8,
      7,
      8
    ],
    "episode_bess_discharge_kwh": [
      677835.7315369509,
      677835.7315369509,
      677835.7315369509,
      677835.7315369509,
      677835.7315369509,
      677835.7315369509,
      677835.7315369509,
      677835.7315369509,
      677835.7315369509,
      677835.7315369509
    ],
    "episode_bess_charge_kwh": [
      790715.5703739082,
      790715.5703739082,
      790715.5703739082,
      790715.5703739082,
      790715.5703739082,
      790715.5703739082,
      790715.5703739082,
      790715.5703739082,
      790715.5703739082,
      790715.5703739082
    ],
    "episode_avg_socket_setpoint": [
      -0.0015164440836357975,
      0.0018530347969282737,
      0.005165508485049797,
      -0.0010369415358850041,
      0.003533305385918252,
      0.006835232404934009,
      0.006594893039053694,
      0.010693932232059365,
      0.011315222634059633,
      0.012888192754409111
    ],
    "episode_socket_utilization": [
      0.4602409276616198,
      0.46138548425859166,
      0.46366258111031,
      0.45962809420812306,
      0.4628574861812064,
      0.46357245854361934,
      0.46381278538812787,
      0.4649122807017544,
      0.46521569334294643,
      0.4658495553953377
    ],
    "episode_bess_action_avg": [
      -0.002513082240014199,
      0.0030122262827459866,
      0.019713136024207524,
      0.05426090384076549,
      0.10090558931027373,
      0.12463523732481278,
      0.18991192666820111,
      0.23692963323066837,
      0.2681297181573905,
      0.2940825865586973
    ]
  },
  "summary_metrics": {
    "total_co2_avoided_indirect_kg": 39528024.49852029,
    "total_co2_avoided_direct_kg": 4565613.312799941,
    "total_co2_avoided_kg": 44093637.81132023,
    "total_cost_usd": 10201390.701562371,
    "avg_grid_stability": 0.17633691430091858,
    "max_motos_charged": 28,
    "max_mototaxis_charged": 8,
    "total_bess_discharge_kwh": 6778357.315369509,
    "total_bess_charge_kwh": 7907155.703739081
  },
  "control_progress": {
    "avg_socket_setpoint_evolution": [
      -0.0015164440836357975,
      0.0018530347969282737,
      0.005165508485049797,
      -0.0010369415358850041,
      0.003533305385918252,
      0.006835232404934009,
      0.006594893039053694,
      0.010693932232059365,
      0.011315222634059633,
      0.012888192754409111
    ],
    "socket_utilization_evolution": [
      0.4602409276616198,
      0.46138548425859166,
      0.46366258111031,
      0.45962809420812306,
      0.4628574861812064,
      0.46357245854361934,
      0.46381278538812787,
      0.4649122807017544,
      0.46521569334294643,
      0.4658495553953377
    ],
    "bess_action_evolution": [
      -0.002513082240014199,
      0.0030122262827459866,
      0.019713136024207524,
      0.05426090384076549,
      0.10090558931027373,
      0.12463523732481278,
      0.18991192666820111,
      0.23692963323066837,
      0.2681297181573905,
      0.2940825865586973
    ],
    "description": "Evolucion del aprendizaje de control por episodio"
  },
  "reward_components_avg": {
    "r_co2": 0.011024328592024981,
    "r_solar": 0.10422888866825217,
    "r_vehicles": 0.1864819180088924,
    "r_grid_stable": -0.029893102643423253,
    "r_bess": 0.1825603075849752,
    "r_priority": 0.1279315068493084,
    "episode_r_co2": [
      -0.008750969426680917,
      -0.004459722493201086,
      -0.0028589279242030017,
      0.0005101401307811476,
      0.004752695648909704,
      0.011952314920485292,
      0.019870381451905048,
      0.026230738767886272,
      0.03010785195245046,
      0.0328887828919169
    ],
    "episode_r_solar": [
      0.10420773944761004,
      0.10422116434050628,
      0.1042539549461788,
      0.10423484187448728,
      0.104240543003696,
      0.10423317796557241,
      0.10422237879828114,
      0.10423611312146333,
      0.104223827294602,
      0.10421514589012454
    ],
    "episode_r_vehicles": [
      0.17336704514274143,
      0.17466061773409175,
      0.1802734895158233,
      0.1815163690970871,
      0.18620585882420435,
      0.1901705703330972,
      0.19215601442125613,
      0.1929146135593777,
      0.19572906659099662,
      0.19782553487024881
    ],