{
  "timestamp": "2026-02-07T09:41:41.656667",
  "agent": "PPO",
  "project": "pvbesscar",
  "location": "Iquitos, Peru",
  "co2_factor_kg_per_kwh": 0.4521,
  "training": {
    "total_timesteps": 87600,
    "episodes": 10,
    "duration_seconds": 132.80756759643555,
    "speed_steps_per_second": 659.6009669132071,
    "device": "cuda",
    "hyperparameters": {
      "learning_rate": 0.0003,
      "n_steps": 2048,
      "batch_size": 256,
      "n_epochs": 20,
      "gamma": 0.99,
      "gae_lambda": 0.95,
      "clip_range": 0.2,
      "ent_coef": 0.01,
      "vf_coef": 0.5
    }
  },
  "validation": {
    "num_episodes": 10,
    "mean_reward": 3039.6513892538155,
    "std_reward": 0.005129984016604128,
    "mean_co2_avoided_kg": 2979051.653909773,
    "mean_solar_kwh": 8292514.127086639,
    "mean_grid_import_kwh": 10007311.577985574
  },
  "training_evolution": {
    "episode_rewards": [
      0.0,
      0.0,
      0.0,
      0.0,
      0.0,
      0.0,
      0.0,
      0.0,
      0.0,
      0.0
    ],
    "episode_co2_grid": [
      4010643.442575977,
      4519660.139095859,
      4523012.659060983,
      4518282.795516542,
      4512278.857306669,
      4497918.129707687,
      4510692.293403888,
      4521288.687993105,
      4517957.999740413,
      4526884.442926124
    ],
    "episode_co2_avoided_indirect": [
      2739298.2511462206,
      2748062.9031203715,
      2748832.640814557,
      2746314.370308473,
      2743539.185720739,
      2737205.0481285853,
      2745607.6030815956,
      2744297.6992146154,
      2743207.9746598355,
      2746286.2195339296
    ],
    "episode_co2_avoided_direct": [
      407680.13833635126,
      237018.47820428718,
      231297.31913164185,
      232300.83984974556,
      233414.84310993727,
      235882.323211558,
      232648.42902331043,
      233538.70745369222,
      233681.51532460278,
      232555.36179660814
    ],
    "episode_solar_kwh": [
      8292514.127086639,
      8292514.127086639,
      8292514.127086639,
      8292514.127086639,
      8292514.127086639,
      8292514.127086639,
      8292514.127086639,
      8292514.127086639,
      8292514.127086639,
      8292514.127086639
    ],
    "episode_ev_charging": [
      465085.0263519287,
      519815.58742523193,
      525292.5864229202,
      511737.36671066284,
      494151.8424396515,
      454885.8772096634,
      494330.4755115509,
      515855.55587387085,
      505838.44937229156,
      529914.9589862823
    ],
    "episode_grid_import": [
      8871142.319345236,
      9997036.36163652,
      10004451.80062151,
      9993989.815342903,
      9980709.704283714,
      9948945.210589886,
      9977200.383552074,
      10000638.548978329,
      9993271.399558544,
      10013015.799438477
    ],
    "episode_grid_stability": [
      0.12699545565500045,
      0.12208280476094617,
      0.12223065162624319,
      0.12205034973535499,
      0.12197546248457769,
      0.12172906055201266,
      0.12213133137048277,
      0.12172243422774827,
      0.12162110744146803,
      0.12179204517618046
    ],
    "episode_cost_usd": [
      1330671.347901789,
      1499555.4542454774,
      1500667.7700932296,
      1499098.4723014405,
      1497106.4556425596,
      1492341.7815884808,
      1496580.0575328134,
      1500095.7823467471,
      1498990.709933781,
      1501952.369915774
    ],
    "episode_motos_charged": [
      55,
      56,
      55,
      54,
      50,
      48,
      52,
      52,
      52,
      54
    ],
    "episode_mototaxis_charged": [
      23,
      20,
      20,
      21,
      21,
      19,
      19,
      20,
      17,
      19
    ],
    "episode_bess_discharge_kwh": [
      870651.8011689186,
      12703.108251094818,
      0.0,
      191.68341159820557,
      481.57721757888794,
      1974.9034643173218,
      607.5553297996521,
      1926.5944957733154,
      786.0636711120605,
      500.0
    ],
    "episode_bess_charge_kwh": [
      3397074.807241559,
      4365262.655183673,
      4379807.250678539,
      4378652.7935266495,
      4378319.972872734,
      4376399.132072926,
      4378148.459851742,
      4377442.170321941,
      4378319.843113422,
      4378683.547735214
    ],
    "episode_avg_socket_setpoint": [
      -1.4903779207021806,
      5.305735979691258,
      9.785420464811056,
      2.9033169678897175,
      0.5081538997135512,
      -2.5299535333899756,
      3.148227597356,
      7.165546431041378,
      17.123850765834526,
      45.32930049657626
    ],
    "episode_socket_utilization": [
      0.4604585830479452,
      0.5054535887557078,
      0.5140161244292237,
      0.49851865724885847,
      0.4801833618721461,
      0.4448050442351598,
      0.48402004851598174,
      0.5054651826484018,
      0.49811554651826484,
      0.5219971817922374
    ],
    "episode_bess_action_avg": [
      -14.363899344334286,
      -123.66389769230327,
      -635.1262814653859,
      -593.7020188175992,
      -263.4103661686284,
      -250.89636511828868,
      -193.17912251138253,
      -371.60417678315343,
      -875.678771193033,
      -988.4615916345388
    ]
  },
  "summary_metrics": {
    "total_co2_avoided_indirect_kg": 27442651.895728923,
    "total_co2_avoided_direct_kg": 2510017.9554417348,
    "total_co2_avoided_kg": 29952669.85117066,
    "total_cost_usd": 14817060.201502094,
    "avg_grid_stability": 0.12243307030300146,
    "max_motos_charged": 56,
    "max_mototaxis_charged": 23,
    "total_bess_discharge_kwh": 889823.2870101929,
    "total_bess_charge_kwh": 42788110.6325984
  },
  "control_progress": {
    "avg_socket_setpoint_evolution": [
      -1.4903779207021806,
      5.305735979691258,
      9.785420464811056,
      2.9033169678897175,
      0.5081538997135512,
      -2.5299535333899756,
      3.148227597356,
      7.165546431041378,
      17.123850765834526,
      45.32930049657626
    ],
    "socket_utilization_evolution": [
      0.4604585830479452,
      0.5054535887557078,
      0.5140161244292237,
      0.49851865724885847,
      0.4801833618721461,
      0.4448050442351598,
      0.48402004851598174,
      0.5054651826484018,
      0.49811554651826484,
      0.5219971817922374
    ],
    "bess_action_evolution": [
      -14.363899344334286,
      -123.66389769230327,
      -635.1262814653859,
      -593.7020188175992,
      -263.4103661686284,
      -250.89636511828868,
      -193.17912251138253,
      -371.60417678315343,
      -875.678771193033,
      -988.4615916345388
    ],
    "description": "Evolución del aprendizaje de control por episodio"
  },
  "reward_components_avg": {
    "r_solar": 0.0,
    "r_cost": 0.0,
    "r_ev": 0.0,
    "r_grid": 0.0,
    "r_co2": 0.0,
    "episode_r_solar": [
      0.0,
      0.0,
      0.0,
      0.0,
      0.0,
      0.0,
      0.0,
      0.0,
      0.0,
      0.0
    ],
    "episode_r_cost": [
      0.0,
      0.0,
      0.0,
      0.0,
      0.0,
      0.0,
      0.0,
      0.0,
      0.0,
      0.0
    ],
    "episode_r_ev": [
      0.0,
      0.0,
      0.0,
      0.0,
      0.0,
      0.0,
      0.0,
      0.0,
      0.0,
      0.0
    ],
    "episode_r_grid": [
      0.0,
      0.0,
      0.0,
      0.0,
      0.0,
      0.0,
      0.0,
      0.0,
      0.0,
      0.0
    ],
    "episode_r_co2": [
      0.0,
      0.0,
      0.0,
      0.0,
      0.0,
      0.0,
      0.0,
      0.0,
      0.0,
      0.0
    ],
    "description": "Componentes de reward promedio por episodio"
  },
  "vehicle_charging": {
    "motos_total": 112,
    "mototaxis_total": 16,
    "motos_charged_per_episode": [
      55,
      56,
      55,
      54,
      50,
      48,
      52,
      52,
      52,
      54
    ],
    "mototaxis_charged_per_episode": [
      23,
      20,
      20,
      21,
      21,
      19,
      19,
      20,
      17,
      19
    ],
    "description": "Conteo real de vehículos cargados (setpoint > 50%)"
  },
  "model_path": "checkpoints\\PPO\\ppo_final.zip"
}