{
  "timestamp": "2026-02-08T14:27:10.023839",
  "agent": "PPO",
  "project": "pvbesscar",
  "location": "Iquitos, Peru",
  "co2_factor_kg_per_kwh": 0.4521,
  "training": {
    "total_timesteps": 87600,
    "episodes": 10,
    "duration_seconds": 138.6811830997467,
    "speed_steps_per_second": 631.6646429025164,
    "device": "cuda",
    "hyperparameters": {
      "learning_rate": 0.0003,
      "n_steps": 2048,
      "batch_size": 256,
      "n_epochs": 20,
      "gamma": 0.99,
      "gae_lambda": 0.95,
      "clip_range": 0.2,
      "ent_coef": 0.01,
      "vf_coef": 0.5
    }
  },
  "validation": {
    "num_episodes": 10,
    "mean_reward": 2735.358408940515,
    "std_reward": 0.0005427936211571018,
    "mean_co2_avoided_kg": 2979328.4993072236,
    "mean_solar_kwh": 8292514.127086639,
    "mean_grid_import_kwh": 10012208.933857728
  },
  "training_evolution": {
    "episode_rewards": [
      3062.3308765366673,
      2969.919711973518,
      2751.335340388119,
      3430.6394529957324,
      3265.532512076199,
      2744.7166729569435,
      2987.019169715466,
      3927.497057843022,
      3520.6196900522336,
      2739.6219601109624
    ],
    "episode_co2_grid": [
      3643876.313130162,
      3874423.7857691497,
      4524360.561425373,
      3004620.4195122053,
      3317911.646144252,
      4531322.132728828,
      3909353.3137022974,
      1816301.1740882904,
      2774722.58626182,
      4526138.548295144
    ],
    "episode_co2_avoided_indirect": [
      2735467.745213003,
      2737846.86920731,
      2748039.5672968966,
      2746956.7919135666,
      2750728.293285314,
      2749363.6341211176,
      2743965.082951118,
      2745311.560422222,
      2747257.6736333943,
      2747149.1977111497
    ],
    "episode_co2_avoided_direct": [
      469080.03114304016,
      497372.2092897377,
      405370.29692417866,
      840527.6392085498,
      518156.5791496103,
      231540.41533122378,
      363753.9559829529,
      856780.8345887536,
      641430.5380026822,
      232376.2676387598
    ],
    "episode_solar_kwh": [
      8292514.127086639,
      8292514.127086639,
      8292514.127086639,
      8292514.127086639,
      8292514.127086639,
      8292514.127086639,
      8292514.127086639,
      8292514.127086639,
      8292514.127086639,
      8292514.127086639
    ],
    "episode_ev_charging": [
      458649.11367225647,
      471233.85826683044,
      547624.0199422836,
      529710.2050790787,
      558496.9953298569,
      545000.1187067032,
      513194.8837299347,
      516085.6035041809,
      532512.4987258911,
      532439.2314291
    ],
    "episode_grid_import": [
      8059890.097611479,
      8569838.057441175,
      10007433.225891113,
      6645919.972378254,
      7338888.843495369,
      10022831.525611162,
      8647098.681049109,
      4017476.6071406603,
      6137408.949926615,
      10011365.955087662
    ],
    "episode_grid_stability": [
      0.16008772754409054,
      0.14144122821115301,
      0.09000334641396363,
      0.15543604665205307,
      0.20039239249466534,
      0.12210255075450603,
      0.1579973576379754,
      0.2884030327353913,
      0.23192547125818766,
      0.12228804824813129
    ],
    "episode_cost_usd": [
      1208983.5146417257,
      1285475.7086161778,
      1501114.983883672,
      996887.9958567383,
      1100833.3265243063,
      1503424.7288416754,
      1297064.8021573676,
      602621.4910710995,
      920611.3424889928,
      1501704.8932631556
    ],
    "episode_motos_charged": [
      49,
      48,
      50,
      50,
      54,
      54,
      49,
      45,
      49,
      49
    ],
    "episode_mototaxis_charged": [
      22,
      22,
      25,
      22,
      20,
      20,
      22,
      23,
      22,
      20
    ],
    "episode_bess_discharge_kwh": [
      1374347.8550314903,
      1274312.1700882912,
      393007.076382637,
      3026902.2842645645,
      1982544.0133810043,
      737.6466989517212,
      965187.1848106384,
      4371617.218017578,
      2843703.291594982,
      1475.5534529685974
    ],
    "episode_bess_charge_kwh": [
      2824333.703535609,
      3096502.2948905826,
      3983400.2719521523,
      1348646.9711363316,
      2394575.890868902,
      4378141.681104898,
      3413777.342647314,
      6642.254784703255,
      1534900.4274904728,
      4376277.261137962
    ],
    "episode_avg_socket_setpoint": [
      -3.9313347403243926,
      -8.308295829239254,
      26.70161483996403,
      33.105852377871436,
      57.69487691128958,
      52.77147970899395,
      10.057524275978746,
      7.098539111099299,
      54.02948646492295,
      38.404597497914736
    ],
    "episode_socket_utilization": [
      0.4524650399543379,
      0.45818796375570775,
      0.5312731877853881,
      0.5151104095319635,
      0.5459305436643835,
      0.5339495933219178,
      0.5022786458333334,
      0.5040462685502283,
      0.5202036957762557,
      0.5202616652397261
    ],
    "episode_bess_action_avg": [
      -3.110500266538831,
      -4.283964976551836,
      -195.60840581518738,
      101.9014148766379,
      40.60281221186019,
      -554.7771273264177,
      -190.12643204017556,
      215.75117780876997,
      80.98857190467622,
      -447.54452676112385
    ]
  },
  "summary_metrics": {
    "total_co2_avoided_indirect_kg": 27452086.415755093,
    "total_co2_avoided_direct_kg": 5056388.767259489,
    "total_co2_avoided_kg": 32508475.183014583,
    "total_cost_usd": 11918722.78734491,
    "avg_grid_stability": 0.16700772019501173,
    "max_motos_charged": 54,
    "max_mototaxis_charged": 25,
    "total_bess_discharge_kwh": 16233834.293723106,
    "total_bess_charge_kwh": 27357198.09954893
  },
  "control_progress": {
    "avg_socket_setpoint_evolution": [
      -3.9313347403243926,
      -8.308295829239254,
      26.70161483996403,
      33.105852377871436,
      57.69487691128958,
      52.77147970899395,
      10.057524275978746,
      7.098539111099299,
      54.02948646492295,
      38.404597497914736
    ],
    "socket_utilization_evolution": [
      0.4524650399543379,
      0.45818796375570775,
      0.5312731877853881,
      0.5151104095319635,
      0.5459305436643835,
      0.5339495933219178,
      0.5022786458333334,
      0.5040462685502283,
      0.5202036957762557,
      0.5202616652397261
    ],
    "bess_action_evolution": [
      -3.110500266538831,
      -4.283964976551836,
      -195.60840581518738,
      101.9014148766379,
      40.60281221186019,
      -554.7771273264177,
      -190.12643204017556,
      215.75117780876997,
      80.98857190467622,
      -447.54452676112385
    ],
    "description": "Evolución del aprendizaje de control por episodio"
  },
  "reward_components_avg": {
    "r_solar": 0.0,
    "r_cost": 0.0,
    "r_ev": 0.0,
    "r_grid": 0.0,
    "r_co2": 0.0,
    "episode_r_solar": [
      0.0,
      0.0,
      0.0,
      0.0,
      0.0,
      0.0,
      0.0,
      0.0,
      0.0,
      0.0
    ],
    "episode_r_cost": [
      0.0,
      0.0,
      0.0,
      0.0,
      0.0,
      0.0,
      0.0,
      0.0,
      0.0,
      0.0
    ],
    "episode_r_ev": [
      0.0,
      0.0,
      0.0,
      0.0,
      0.0,
      0.0,
      0.0,
      0.0,
      0.0,
      0.0
    ],
    "episode_r_grid": [
      0.0,
      0.0,
      0.0,
      0.0,
      0.0,
      0.0,
      0.0,
      0.0,
      0.0,
      0.0
    ],
    "episode_r_co2": [
      0.0,
      0.0,
      0.0,
      0.0,
      0.0,
      0.0,
      0.0,
      0.0,
      0.0,
      0.0
    ],
    "description": "Componentes de reward promedio por episodio"
  },
  "vehicle_charging": {
    "motos_total": 112,
    "mototaxis_total": 16,
    "motos_charged_per_episode": [
      49,
      48,
      50,
      50,
      54,
      54,
      49,
      45,
      49,
      49
    ],
    "mototaxis_charged_per_episode": [
      22,
      22,
      25,
      22,
      20,
      20,
      22,
      23,
      22,
      20
    ],