,model_class,policy_type,num_timesteps,learning_rate,total_episodes,final_reward,best_reward,avg_reward,total_co2_grid,avg_co2_grid,avg_co2_grid_per_step,total_grid_import_kwh,avg_grid_import_kw,solar_self_consumption_pct,max_grid_import_kw,peak_avg_grid_kw,mean_reward,mean_co2_avoided_kg,mean_grid_import_kwh,mean_solar_kwh,total_bess_discharge_kwh,total_vehicles_charged,avg_vehicles_per_hour
A2C,A2C,ActorCriticPolicy,87600,0.0003,10,3353.8762713372707,3353.8762713372707,3018.8860426389874,6295283.279176565,629528.31875,71.8639643741617,104921.38798627608,71.8639643741617,65.0,1734.9019775390625,1680.9835052490234,3467.6177504294587,4079075.476078272,1276586.25,8292514.130952835,45000.0,3000.0,8.219178082191782
PPO,PPO,ActorCriticPolicy,90112,0.0,10,1182.1264207208878,1182.1264207208878,886.6962788813464,14588970.516441409,1423623.5625,161.89819909048083,243149.5086073568,161.89819909048083,65.0,1775.07080078125,1744.1958465576172,1181.1368452607653,4171336.6156762033,2696959.566699219,8292514.130952835,45000.0,2500.0,6.8493150684931505
SAC,SAC,SACPolicy,87600,3e-05,10,2.8479774,2.862077,2.81708846,10288003.96726574,1016917.1124253884,117.44296766285092,171466.73278776233,117.44296766285092,65.0,1380.166309993267,1362.5721609313289,2.8170883655548096,7903082.887574611,2249318.9834669027,8203690.092111206,50000.0,3500.0,9.58904109589041
