,total_episodes,final_reward,best_reward,avg_reward,mean_reward,mean_co2_avoided_kg,mean_grid_import_kwh,mean_solar_kwh,total_co2_grid,avg_co2_grid,solar_self_consumption_pct,max_grid_import_kw,peak_avg_grid_kw
A2C,10.0,3036.8195132017136,3036.8195132017136,2725.0944184080336,3062.615395592959,4428720.0139274765,4680326.5,8292514.130952835,2115420.5,2200222.475,65.0,2981.219482421875,2814.7947998046875
PPO,10.0,1014.4396344313809,1014.4396344313809,818.5515865845384,659.3463998114108,4409363.781132176,5335239.364672089,8292514.130952835,2738263.0,3074700.85,65.0,,
SAC,10.0,0.67392373,0.6754239,0.6687131290000001,,,,,2940169.316554878,2904377.644209026,,2797.760009765625,2778.5293782552085
