{
  "selected_agent": "A2C",
  "scores": {
    "A2C": 100.0,
    "PPO": 88.32481261053965,
    "SAC": 99.14594746760295
  },
  "evaluations": {
    "A2C": {
      "co2_total_kg": 6295283.279176565,
      "baseline_with_solar_co2_kg": 396039.6,
      "co2_reduction_kg": -5899243.679176565,
      "co2_reduction_pct": 0,
      "grid_import_kwh": 104921.38798627608,
      "baseline_grid_import_kwh": 876000.0,
      "grid_reduction_kwh": 771078.6120137239,
      "grid_reduction_pct": 88.02267260430638,
      "solar_self_consumption_pct": 65.0,
      "baseline_solar_util_pct": 40.0,
      "solar_improvement_pct": 25.0,
      "bess_discharge_kwh": 45000.0,
      "bess_capacity_annual_kwh": 496400.0,
      "bess_cycles_ratio": 0.09065269943593876,
      "bess_efficiency_pct": 95.0,
      "vehicles_charged": 3000.0,
      "baseline_vehicles_charged": 2800,
      "vehicle_improvement_pct": 7.142857142857142,
      "avg_grid_power_kw": 71.8639643741617,
      "baseline_avg_grid_power_kw": 100.0,
      "grid_stability_improvement_pct": 28.1360356258383
    },
    "PPO": {
      "co2_total_kg": 14588970.516441409,
      "baseline_with_solar_co2_kg": 396039.6,
      "co2_reduction_kg": -14192930.916441409,
      "co2_reduction_pct": 0,
      "grid_import_kwh": 243149.5086073568,
      "baseline_grid_import_kwh": 876000.0,
      "grid_reduction_kwh": 632850.4913926432,
      "grid_reduction_pct": 72.24320677998209,
      "solar_self_consumption_pct": 65.0,
      "baseline_solar_util_pct": 40.0,
      "solar_improvement_pct": 25.0,
      "bess_discharge_kwh": 45000.0,
      "bess_capacity_annual_kwh": 496400.0,
      "bess_cycles_ratio": 0.09065269943593876,
      "bess_efficiency_pct": 95.0,
      "vehicles_charged": 2500.0,
      "baseline_vehicles_charged": 2800,
      "vehicle_improvement_pct": -10.714285714285714,
      "avg_grid_power_kw": 161.89819909048083,
      "baseline_avg_grid_power_kw": 100.0,
      "grid_stability_improvement_pct": -61.89819909048083
    },
    "SAC": {
      "co2_total_kg": 10288003.96726574,
      "baseline_with_solar_co2_kg": 396039.6,
      "co2_reduction_kg": -9891964.36726574,
      "co2_reduction_pct": 0,
      "grid_import_kwh": 171466.73278776233,
      "baseline_grid_import_kwh": 876000.0,
      "grid_reduction_kwh": 704533.2672122377,
      "grid_reduction_pct": 80.42617205619152,
      "solar_self_consumption_pct": 65.0,
      "baseline_solar_util_pct": 40.0,
      "solar_improvement_pct": 25.0,
      "bess_discharge_kwh": 50000.0,
      "bess_capacity_annual_kwh": 496400.0,
      "bess_cycles_ratio": 0.10072522159548751,
      "bess_efficiency_pct": 95.0,
      "vehicles_charged": 3500.0,
      "baseline_vehicles_charged": 2800,
      "vehicle_improvement_pct": 25.0,
      "avg_grid_power_kw": 117.44296766285092,
      "baseline_avg_grid_power_kw": 100.0,
      "grid_stability_improvement_pct": -17.44296766285092
    }
  },
  "baselines": {
    "with_solar": {
      "name": "WITH SOLAR (4,050 kWp)",
      "solar_generation_kwh": 4050000,
      "solar_utilization_pct": 40.0,
      "grid_import_kwh": 876000.0,
      "total_co2_grid_kg": 396039.6,
      "bess_discharge_kwh": 50000.0,
      "vehicles_charged_annual": 2800,
      "grid_power_average_kw": 100.0
    },
    "without_solar": {
      "name": "WITHOUT SOLAR (0 kWp)",
      "solar_generation_kwh": 0.0,
      "solar_utilization_pct": 0.0,
      "grid_import_kwh": 2190000.0,
      "total_co2_grid_kg": 990099.0,
      "bess_discharge_kwh": 0.0,
      "vehicles_charged_annual": 2200,
      "grid_power_average_kw": 250.0
    }
  }
}