name,paco_kw,pdco_kw,efficiency,n_inverters,oversize_ratio,score
Power_Electronics__FS3000CU15__690V_,3201.17,3264.88475,0.9804848394725112,1,0.0003656250000000227,0.9801264807279951
INGETEAM_POWER_TECHNOLOGY_S_A___Ingecon_Sun_1600TL_U_B615_Indoor__450V_,1600.0,1641.550625,0.9746881854466108,2,0.0,0.9555766523986381
INGETEAM_POWER_TECHNOLOGY_S_A___Ingecon_Sun_1600TL_U_B615_Outdoor__450V_,1600.0,1641.550625,0.9746881854466108,2,0.0,0.9555766523986381
Power_Electronics__FS1475CU15__600V_,1610.37,1650.035375,0.9759608941717386,2,0.0064812499999999315,0.9507829725791276
Power_Electronics__FS1440CU__400V_,1600.0,1656.005875,0.9661801471567847,2,0.0,0.9472354383890046
