{
  "timesteps": [
    100,
    200,
    300,
    400,
    500,
    600,
    700,
    800,
    900,
    1000,
    1100,
    1200,
    1300,
    1400,
    1500,
    1600,
    1700,
    1800,
    1900,
    2000,
    2100,
    2200,
    2300,
    2400,
    2500,
    2600,
    2700,
    2800,
    2900,
    3000,
    3100,
    3200,
    3300,
    3400,
    3500,
    3600,
    3700,
    3800,
    3900,
    4000,
    4100,
    4200,
    4300,
    4400,
    4500,
    4600,
    4700,
    4800,
    4900,
    5000,
    5100,
    5200,
    5300,
    5400,
    5500,
    5600,
    5700,
    5800,
    5900,
    6000,
    6100,
    6200,
    6300,
    6400,
    6500,
    6600,
    6700,
    6800,
    6900,
    7000,
    7100,
    7200,
    7300,
    7400,
    7500,
    7600,
    7700,
    7800,
    7900,
    8000,
    8100,
    8200,
    8300,
    8400,
    8500,
    8600,
    8700,
    8800,
    8900,
    9000,
    9100,
    9200,
    9300,
    9400,
    9500,
    9600,
    9700,
    9800,
    9900,
    10000
  ],
  "episode_rewards": [],
  "mean_reward_window": [
    90.74287915974855,
    90.57553590275347,
    90.41626611972849,
    90.27561977272853,
    90.26521205399186,
    90.3216737342688,
    90.3286596700283,
    90.19455962616485,
    90.19680290803727,
    90.205698763486,
    90.05163856372238,
    90.02099278811366,
    90.05920468494296,
    90.02913405215368,
    89.98082132600248,
    89.95920926239341,
    89.96873089820147,
    90.01517707146704,
    90.02994815409184,
    90.04405262004585,
    90.18889448745176,
    90.14790779920295,
    90.12395208729431,
    90.20011764094234,
    90.26237901877612,
    90.25018924158067,
    90.22064891885967,
    90.305261307396,
    90.28273656014353,
    90.23098194021732,
    90.16960947224871,
    90.25371982892975,
    90.21084073362871,
    90.1739175808616,
    90.11181241692975,
    90.11581344073639,
    90.10717344274744,
    90.01541074505076,
    89.9835483266972,
    89.94277257574723,
    90.00716934148222,
    89.98528578393162,
    90.00191559903324,
    89.99382137991488,
    90.007930694893,
    89.95731683131308,
    90.02548313327134,
    90.08075411897153,
    90.108878108114,
    90.16620651129634,
    90.12483391687275,
    90.12326035629958,
    90.15457680691034,
    90.22190844491124,
    90.22794726733119,
    90.27629220224917,
    90.29010978713632,
    90.30031157638878,
    90.28132700175047,
    90.26778628993779,
    90.22444756217301,
    90.18375867400319,
    90.13970016892999,
    90.13024273831397,
    90.10596731584519,
    90.11592677393928,
    90.03038477068768,
    89.93029208919033,
    89.94073919290676,
    89.9482674443163,
    89.98564383098855,
    90.08604891197756,
    90.10865285964682,
    90.07540416913108,
    90.12904468858615,
    90.13975421730429,
    90.13930041920393,
    90.17947425600141,
    90.20847245380283,
    90.19267824031412,
    90.18483614157886,
    90.09951570238918,
    90.08807049300522,
    90.07926390413195,
    90.05234358385205,
    90.02246648594738,
    90.04728011656553,
    90.13744931425899,
    90.1176291950047,
    90.13496441282332,
    90.08419158179314,
    90.13420038372278,
    90.11417738366872,
    90.18796503338963,
    90.2365214176476,
    90.18820872455835,
    90.13408256229013,
    90.07981111574918,
    90.01835297141224,
    90.10010708495975
  ],
  "actions_mean": [
    0.5476018786430359,
    0.3244451880455017,
    0.6096336245536804,
    0.49818962812423706,
    0.6531192064285278,
    0.6991705894470215,
    0.5144666433334351,
    0.5796214938163757,
    0.4081065058708191,
    0.6225662231445312,
    0.37355226278305054,
    0.6804965138435364,
    0.37364891171455383,
    0.633819580078125,
    0.3172348439693451,
    0.46742182970046997,
    0.5597692728042603,
    0.7951823472976685,
    0.5058962106704712,
    0.5783782601356506,
    0.4886108338832855,
    0.6446477174758911,
    0.6024087071418762,
    0.5936590433120728,
    0.4606655240058899,
    0.6778037548065186,
    0.7301054000854492,
    0.7444959282875061,
    0.29938772320747375,
    0.5222655534744263,
    0.5950242280960083,
    0.41180118918418884,
    0.47700637578964233,
    0.6891473531723022,
    0.33374929428100586,
    0.23509356379508972,
    0.6612504124641418,
    0.48682913184165955,
    0.7342203855514526,
    0.46596890687942505,
    0.6191465854644775,
    0.454348087310791,
    0.685888946056366,
    0.5488132238388062,
    0.564694344997406,
    0.6954258680343628,
    0.6313477754592896,
    0.7974693179130554,
    0.3261604905128479,
    0.2139296978712082,
    0.728685736656189,
    0.34727826714515686,
    0.6224158406257629,
    0.4774641990661621,
    0.4938318133354187,
    0.4774892330169678,
    0.5585106611251831,
    0.27631479501724243,
    0.4200357496738434,
    0.4317924976348877,
    0.4484890103340149,
    0.3787599503993988,
    0.7546146512031555,
    0.5135319828987122,
    0.49850064516067505,
    0.6765937805175781,
    0.7094850540161133,
    0.47640877962112427,
    0.5407647490501404,
    0.4690915048122406,
    0.4420047402381897,
    0.5187260508537292,
    0.42399755120277405,
    0.42457056045532227,
    0.5336817502975464,
    0.24583303928375244,
    0.6960504055023193,
    0.36354750394821167,
    0.6651358604431152,
    0.4426767826080322,
    0.4646523594856262,
    0.45709508657455444,
    0.3674648702144623,
    0.5517656803131104,
    0.5918875932693481,
    0.3998205065727234,
    0.5553113222122192,
    0.4729468822479248,
    0.5867012143135071,
    0.4091818332672119,
    0.4746760427951813,
    0.5549808740615845,
    0.7748405933380127,
    0.5493825674057007,
    0.6175525784492493,
    0.31572088599205017,
    0.6356948018074036,
    0.3142015337944031,
    0.47802677750587463,
    0.45782703161239624
  ],