timestamp,power_kw,energy_kwh
2024-01-01 00:00:00,0.0,0.0
2024-01-01 01:00:00,0.0,0.0
2024-01-01 02:00:00,0.0,0.0
2024-01-01 03:00:00,0.0,0.0
2024-01-01 04:00:00,0.0,0.0
2024-01-01 05:00:00,0.0,0.0
2024-01-01 06:00:00,0.0,0.0
2024-01-01 07:00:00,0.0,0.0
2024-01-01 08:00:00,0.0,0.0
2024-01-01 09:00:00,0.0,0.0
2024-01-01 10:00:00,0.08042970495072303,0.08042970495072303
2024-01-01 11:00:00,0.3496033520491967,0.3496033520491967
2024-01-01 12:00:00,0.56363015711361,0.56363015711361
2024-01-01 13:00:00,0.8682718924259109,0.8682718924259109
2024-01-01 14:00:00,1.474876624943762,1.474876624943762
2024-01-01 15:00:00,1.9717755373524257,1.9717755373524257
2024-01-01 16:00:00,2.7077121827398534,2.7077121827398534
2024-01-01 17:00:00,2.266581332676684,2.266581332676684
2024-01-01 18:00:00,2.3629702574504745,2.3629702574504745
2024-01-01 19:00:00,2.72510400641293,2.72510400641293
2024-01-01 20:00:00,2.9779574985922834,2.9779574985922834
2024-01-01 21:00:00,2.84444229935281,2.84444229935281
2024-01-01 22:00:00,0.0,0.0
2024-01-01 23:00:00,0.0,0.0
2024-01-02 00:00:00,0.0,0.0
2024-01-02 01:00:00,0.0,0.0
2024-01-02 02:00:00,0.0,0.0
2024-01-02 03:00:00,0.0,0.0
2024-01-02 04:00:00,0.0,0.0
2024-01-02 05:00:00,0.0,0.0
2024-01-02 06:00:00,0.0,0.0
2024-01-02 07:00:00,0.0,0.0
2024-01-02 08:00:00,0.0,0.0
2024-01-02 09:00:00,0.0,0.0
2024-01-02 10:00:00,0.07981945713923291,0.07981945713923291
2024-01-02 11:00:00,0.32776884144901575,0.32776884144901575
2024-01-02 12:00:00,0.5297293151868386,0.5297293151868386
2024-01-02 13:00:00,0.8400718510891049,0.8400718510891049
2024-01-02 14:00:00,1.5367192744330456,1.5367192744330456
2024-01-02 15:00:00,1.4522516998033652,1.4522516998033652
2024-01-02 16:00:00,1.931778388980352,1.931778388980352
2024-01-02 17:00:00,1.8167219437634596,1.8167219437634596
2024-01-02 18:00:00,2.033671874430165,2.033671874430165
2024-01-02 19:00:00,2.495167947864105,2.495167947864105
2024-01-02 20:00:00,2.2142608995308204,2.2142608995308204
2024-01-02 21:00:00,2.5812016350087856,2.5812016350087856
2024-01-02 22:00:00,0.0,0.0
2024-01-02 23:00:00,0.0,0.0
2024-01-03 00:00:00,0.0,0.0
2024-01-03 01:00:00,0.0,0.0
2024-01-03 02:00:00,0.0,0.0
2024-01-03 03:00:00,0.0,0.0
2024-01-03 04:00:00,0.0,0.0
2024-01-03 05:00:00,0.0,0.0
2024-01-03 06:00:00,0.0,0.0
2024-01-03 07:00:00,0.0,0.0
2024-01-03 08:00:00,0.0,0.0
2024-01-03 09:00:00,0.0,0.0
2024-01-03 10:00:00,0.08030535742418665,0.08030535742418665
2024-01-03 11:00:00,0.3200842952100119,0.3200842952100119
2024-01-03 12:00:00,0.6846617288053558,0.6846617288053558
2024-01-03 13:00:00,1.0225324856101412,1.0225324856101412
2024-01-03 14:00:00,1.5172094436410113,1.5172094436410113
2024-01-03 15:00:00,1.7135250735932304,1.7135250735932304
2024-01-03 16:00:00,2.0480552522197186,2.0480552522197186
2024-01-03 17:00:00,2.4805486827627887,2.4805486827627887
2024-01-03 18:00:00,2.3027855559405217,2.3027855559405217
2024-01-03 19:00:00,2.6485335291876653,2.6485335291876653
2024-01-03 20:00:00,2.900869612467778,2.900869612467778
2024-01-03 21:00:00,2.3470359948138593,2.3470359948138593
2024-01-03 22:00:00,0.0,0.0
2024-01-03 23:00:00,0.0,0.0
2024-01-04 00:00:00,0.0,0.0
2024-01-04 01:00:00,0.0,0.0
2024-01-04 02:00:00,0.0,0.0
2024-01-04 03:00:00,0.0,0.0
2024-01-04 04:00:00,0.0,0.0
2024-01-04 05:00:00,0.0,0.0
2024-01-04 06:00:00,0.0,0.0
2024-01-04 07:00:00,0.0,0.0
2024-01-04 08:00:00,0.0,0.0
2024-01-04 09:00:00,0.0,0.0
2024-01-04 10:00:00,0.08031674133650668,0.08031674133650668
2024-01-04 11:00:00,0.30694388756298946,0.30694388756298946
2024-01-04 12:00:00,0.4992665815269408,0.4992665815269408
2024-01-04 13:00:00,0.9495181128958224,0.9495181128958224
2024-01-04 14:00:00,1.269615336669037,1.269615336669037
2024-01-04 15:00:00,1.6220556137858897,1.6220556137858897
2024-01-04 16:00:00,1.8057448703253742,1.8057448703253742
2024-01-04 17:00:00,2.1321379882188825,2.1321379882188825
2024-01-04 18:00:00,2.1855435606853066,2.1855435606853066
2024-01-04 19:00:00,2.469347386091956,2.469347386091956
2024-01-04 20:00:00,2.3849475915459886,2.3849475915459886
2024-01-04 21:00:00,2.5085326601220794,2.5085326601220794
2024-01-04 22:00:00,0.0,0.0
2024-01-04 23:00:00,0.0,0.0
2024-01-05 00:00:00,0.0,0.0
2024-01-05 01:00:00,0.0,0.0
2024-01-05 02:00:00,0.0,0.0
2024-01-05 03:00:00,0.0,0.0
2024-01-05 04:00:00,0.0,0.0
2024-01-05 05:00:00,0.0,0.0
2024-01-05 06:00:00,0.0,0.0
2024-01-05 07:00:00,0.0,0.0
2024-01-05 08:00:00,0.0,0.0
2024-01-05 09:00:00,0.0,0.0
2024-01-05 10:00:00,0.0838733580597263,0.0838733580597263
2024-01-05 11:00:00,0.33323841454662834,0.33323841454662834
2024-01-05 12:00:00,0.601706695665513,0.601706695665513
2024-01-05 13:00:00,1.0239072193786145,1.0239072193786145
2024-01-05 14:00:00,1.7734594720191243,1.7734594720191243
2024-01-05 15:00:00,2.02912339855748,2.02912339855748
2024-01-05 16:00:00,2.660736043727784,2.660736043727784
2024-01-05 17:00:00,2.2757686909415344,2.2757686909415344
2024-01-05 18:00:00,2.4571870489077012,2.4571870489077012
2024-01-05 19:00:00,2.7043590831506106,2.7043590831506106
2024-01-05 20:00:00,3.100727314572019,3.100727314572019
2024-01-05 21:00:00,2.6699022210222614,2.6699022210222614
2024-01-05 22:00:00,0.0,0.0
2024-01-05 23:00:00,0.0,0.0
2024-01-06 00:00:00,0.0,0.0
2024-01-06 01:00:00,0.0,0.0
2024-01-06 02:00:00,0.0,0.0
2024-01-06 03:00:00,0.0,0.0
2024-01-06 04:00:00,0.0,0.0
2024-01-06 05:00:00,0.0,0.0
2024-01-06 06:00:00,0.0,0.0
2024-01-06 07:00:00,0.0,0.0
2024-01-06 08:00:00,0.0,0.0
2024-01-06 09:00:00,0.0,0.0
2024-01-06 10:00:00,0.05625316149953444,0.05625316149953444
2024-01-06 11:00:00,0.23755983163117228,0.23755983163117228
2024-01-06 12:00:00,0.3980892527910149,0.3980892527910149
2024-01-06 13:00:00,0.7286600189800843,0.7286600189800843
2024-01-06 14:00:00,0.9477013596012291,0.9477013596012291
2024-01-06 15:00:00,1.132620662820554,1.132620662820554
2024-01-06 16:00:00,1.8219319074647382,1.8219319074647382
2024-01-06 17:00:00,1.7761820011407758,1.7761820011407758
2024-01-06 18:00:00,1.7701028487493886,1.7701028487493886
2024-01-06 19:00:00,1.854194136946761,1.854194136946761
2024-01-06 20:00:00,1.922199286378401,1.922199286378401
2024-01-06 21:00:00,1.6393604413207172,1.6393604413207172
2024-01-06 22:00:00,0.0,0.0
2024-01-06 23:00:00,0.0,0.0
2024-01-07 00:00:00,0.0,0.0
2024-01-07 01:00:00,0.0,0.0
2024-01-07 02:00:00,0.0,0.0
2024-01-07 03:00:00,0.0,0.0
2024-01-07 04:00:00,0.0,0.0
2024-01-07 05:00:00,0.0,0.0
2024-01-07 06:00:00,0.0,0.0
2024-01-07 07:00:00,0.0,0.0
2024-01-07 08:00:00,0.0,0.0
2024-01-07 09:00:00,0.0,0.0
2024-01-07 10:00:00,0.04441672389126652,0.04441672389126652
2024-01-07 11:00:00,0.17879855971727843,0.17879855971727843
2024-01-07 12:00:00,0.4282231338631213,0.4282231338631213
2024-01-07 13:00:00,0.5503648377760061,0.5503648377760061
2024-01-07 14:00:00,1.0479055805800408,1.0479055805800408
2024-01-07 15:00:00,1.0160904459620468,1.0160904459620468
2024-01-07 16:00:00,1.352883195729512,1.352883195729512
2024-01-07 17:00:00,1.3599332340690113,1.3599332340690113
2024-01-07 18:00:00,1.8000929706643891,1.8000929706643891
2024-01-07 19:00:00,1.5773379323431642,1.5773379323431642
2024-01-07 20:00:00,1.542543512142044,1.542543512142044
2024-01-07 21:00:00,1.5244441255897696,1.5244441255897696
2024-01-07 22:00:00,0.0,0.0
2024-01-07 23:00:00,0.0,0.0
2024-01-08 00:00:00,0.0,0.0
2024-01-08 01:00:00,0.0,0.0
2024-01-08 02:00:00,0.0,0.0
2024-01-08 03:00:00,0.0,0.0
2024-01-08 04:00:00,0.0,0.0
2024-01-08 05:00:00,0.0,0.0
2024-01-08 06:00:00,0.0,0.0
2024-01-08 07:00:00,0.0,0.0
2024-01-08 08:00:00,0.0,0.0
2024-01-08 09:00:00,0.0,0.0
2024-01-08 10:00:00,0.06586233721913136,0.06586233721913136
2024-01-08 11:00:00,0.3099788553717344,0.3099788553717344
2024-01-08 12:00:00,0.5179595258986796,0.5179595258986796
2024-01-08 13:00:00,0.9094383709789327,0.9094383709789327
2024-01-08 14:00:00,1.6062179030980819,1.6062179030980819
2024-01-08 15:00:00,1.5958335795451926,1.5958335795451926
2024-01-08 16:00:00,2.4300792492302525,2.4300792492302525
2024-01-08 17:00:00,2.0507210304649,2.0507210304649
2024-01-08 18:00:00,2.417114209673572,2.417114209673572
2024-01-08 19:00:00,2.1438939836468225,2.1438939836468225
2024-01-08 20:00:00,2.243052030804022,2.243052030804022
2024-01-08 21:00:00,2.344444971656526,2.344444971656526
2024-01-08 22:00:00,0.0,0.0
2024-01-08 23:00:00,0.0,0.0
2024-01-09 00:00:00,0.0,0.0
2024-01-09 01:00:00,0.0,0.0
2024-01-09 02:00:00,0.0,0.0
2024-01-09 03:00:00,0.0,0.0
2024-01-09 04:00:00,0.0,0.0
2024-01-09 05:00:00,0.0,0.0
2024-01-09 06:00:00,0.0,0.0
2024-01-09 07:00:00,0.0,0.0
2024-01-09 08:00:00,0.0,0.0
2024-01-09 09:00:00,0.0,0.0
2024-01-09 10:00:00,0.06819744996318948,0.06819744996318948
2024-01-09 11:00:00,0.33388992098404496,0.33388992098404496
2024-01-09 12:00:00,0.5325560319686721,0.5325560319686721
2024-01-09 13:00:00,0.8256367634960461,0.8256367634960461
2024-01-09 14:00:00,1.4807466335834683,1.4807466335834683
2024-01-09 15:00:00,1.5826000605114974,1.5826000605114974
2024-01-09 16:00:00,1.973681283598782,1.973681283598782
2024-01-09 17:00:00,2.322583751469718,2.322583751469718
2024-01-09 18:00:00,2.531387788070951,2.531387788070951
2024-01-09 19:00:00,2.6870469066139018,2.6870469066139018
2024-01-09 20:00:00,2.2486162662574065,2.2486162662574065
2024-01-09 21:00:00,2.332279281642826,2.332279281642826
2024-01-09 22:00:00,0.0,0.0
2024-01-09 23:00:00,0.0,0.0
2024-01-10 00:00:00,0.0,0.0
2024-01-10 01:00:00,0.0,0.0
2024-01-10 02:00:00,0.0,0.0
2024-01-10 03:00:00,0.0,0.0
2024-01-10 04:00:00,0.0,0.0
2024-01-10 05:00:00,0.0,0.0
2024-01-10 06:00:00,0.0,0.0
2024-01-10 07:00:00,0.0,0.0
2024-01-10 08:00:00,0.0,0.0
2024-01-10 09:00:00,0.0,0.0
2024-01-10 10:00:00,0.07103695056295023,0.07103695056295023
2024-01-10 11:00:00,0.30951994687033657,0.30951994687033657
2024-01-10 12:00:00,0.5358737918524752,0.5358737918524752
2024-01-10 13:00:00,0.8424669868625223,0.8424669868625223
2024-01-10 14:00:00,1.371556730040739,1.371556730040739
2024-01-10 15:00:00,1.7648522289352504,1.7648522289352504
2024-01-10 16:00:00,2.217630155279953,2.217630155279953
2024-01-10 17:00:00,2.1721926117767825,2.1721926117767825
2024-01-10 18:00:00,2.819515257414011,2.819515257414011
2024-01-10 19:00:00,2.534716454335678,2.534716454335678
2024-01-10 20:00:00,2.5003503325207395,2.5003503325207395
2024-01-10 21:00:00,2.0599256483972983,2.0599256483972983
2024-01-10 22:00:00,0.0,0.0
2024-01-10 23:00:00,0.0,0.0
2024-01-11 00:00:00,0.0,0.0
2024-01-11 01:00:00,0.0,0.0
2024-01-11 02:00:00,0.0,0.0
2024-01-11 03:00:00,0.0,0.0
2024-01-11 04:00:00,0.0,0.0
2024-01-11 05:00:00,0.0,0.0
2024-01-11 06:00:00,0.0,0.0
2024-01-11 07:00:00,0.0,0.0
2024-01-11 08:00:00,0.0,0.0
2024-01-11 09:00:00,0.0,0.0
2024-01-11 10:00:00,0.06603846506950488,0.06603846506950488
2024-01-11 11:00:00,0.3339426385596312,0.3339426385596312
2024-01-11 12:00:00,0.620798035440312,0.620798035440312
2024-01-11 13:00:00,1.0372047378282863,1.0372047378282863
2024-01-11 14:00:00,1.5652342269584805,1.5652342269584805
2024-01-11 15:00:00,1.5733918297993865,1.5733918297993865
2024-01-11 16:00:00,2.382558239098597,2.382558239098597
2024-01-11 17:00:00,2.0510179021506856,2.0510179021506856
2024-01-11 18:00:00,2.657477400670388,2.657477400670388
2024-01-11 19:00:00,2.8844376733867345,2.8844376733867345
2024-01-11 20:00:00,2.6881884159222627,2.6881884159222627
2024-01-11 21:00:00,2.693877115067515,2.693877115067515
2024-01-11 22:00:00,0.0,0.0
2024-01-11 23:00:00,0.0,0.0
2024-01-12 00:00:00,0.0,0.0
2024-01-12 01:00:00,0.0,0.0
2024-01-12 02:00:00,0.0,0.0
2024-01-12 03:00:00,0.0,0.0
2024-01-12 04:00:00,0.0,0.0
2024-01-12 05:00:00,0.0,0.0
2024-01-12 06:00:00,0.0,0.0
2024-01-12 07:00:00,0.0,0.0
2024-01-12 08:00:00,0.0,0.0
2024-01-12 09:00:00,0.0,0.0
2024-01-12 10:00:00,0.07994617892282085,0.07994617892282085
2024-01-12 11:00:00,0.3149250157923908,0.3149250157923908
2024-01-12 12:00:00,0.6525573712778858,0.6525573712778858
2024-01-12 13:00:00,0.9939138570681314,0.9939138570681314
2024-01-12 14:00:00,1.5486707821552672,1.5486707821552672
2024-01-12 15:00:00,1.8614534058408165,1.8614534058408165
2024-01-12 16:00:00,2.512124473348063,2.512124473348063
2024-01-12 17:00:00,2.30237314185776,2.30237314185776
2024-01-12 18:00:00,2.857796021694101,2.857796021694101
2024-01-12 19:00:00,2.8487177971214095,2.8487177971214095
2024-01-12 20:00:00,2.66682324506624,2.66682324506624
2024-01-12 21:00:00,2.5364831283254508,2.5364831283254508
2024-01-12 22:00:00,0.0,0.0
2024-01-12 23:00:00,0.0,0.0
2024-01-13 00:00:00,0.0,0.0
2024-01-13 01:00:00,0.0,0.0
2024-01-13 02:00:00,0.0,0.0
2024-01-13 03:00:00,0.0,0.0
2024-01-13 04:00:00,0.0,0.0
2024-01-13 05:00:00,0.0,0.0
2024-01-13 06:00:00,0.0,0.0
2024-01-13 07:00:00,0.0,0.0
2024-01-13 08:00:00,0.0,0.0
2024-01-13 09:00:00,0.0,0.0
2024-01-13 10:00:00,0.06050501827330121,0.06050501827330121
2024-01-13 11:00:00,0.18487070036824307,0.18487070036824307
2024-01-13 12:00:00,0.3497886902319694,0.3497886902319694
2024-01-13 13:00:00,0.6488781900220094,0.6488781900220094
2024-01-13 14:00:00,1.0035368798947617,1.0035368798947617
2024-01-13 15:00:00,1.271352663798916,1.271352663798916
2024-01-13 16:00:00,1.3831362533078377,1.3831362533078377
2024-01-13 17:00:00,1.3031453045291743,1.3031453045291743
2024-01-13 18:00:00,1.5733405919529284,1.5733405919529284
2024-01-13 19:00:00,1.600770500191259,1.600770500191259
2024-01-13 20:00:00,1.6511960220067932,1.6511960220067932
2024-01-13 21:00:00,1.8404799178771936,1.8404799178771936
2024-01-13 22:00:00,0.0,0.0
2024-01-13 23:00:00,0.0,0.0
2024-01-14 00:00:00,0.0,0.0
2024-01-14 01:00:00,0.0,0.0
2024-01-14 02:00:00,0.0,0.0
2024-01-14 03:00:00,0.0,0.0
2024-01-14 04:00:00,0.0,0.0
2024-01-14 05:00:00,0.0,0.0
2024-01-14 06:00:00,0.0,0.0
2024-01-14 07:00:00,0.0,0.0
2024-01-14 08:00:00,0.0,0.0
2024-01-14 09:00:00,0.0,0.0
2024-01-14 10:00:00,0.05169119773490193,0.05169119773490193
2024-01-14 11:00:00,0.2308501598961663,0.2308501598961663
2024-01-14 12:00:00,0.4345523789781174,0.4345523789781174
2024-01-14 13:00:00,0.6501002961606666,0.6501002961606666
2024-01-14 14:00:00,1.0561659560978276,1.0561659560978276
2024-01-14 15:00:00,1.2019558994848032,1.2019558994848032
2024-01-14 16:00:00,1.406868313922948,1.406868313922948
2024-01-14 17:00:00,1.5382273158463722,1.5382273158463722
2024-01-14 18:00:00,1.8901096492674379,1.8901096492674379
2024-01-14 19:00:00,1.771508483130559,1.771508483130559
2024-01-14 20:00:00,1.9566381805863917,1.9566381805863917
2024-01-14 21:00:00,1.8104192956265053,1.8104192956265053
2024-01-14 22:00:00,0.0,0.0
2024-01-14 23:00:00,0.0,0.0
2024-01-15 00:00:00,0.0,0.0
2024-01-15 01:00:00,0.0,0.0
2024-01-15 02:00:00,0.0,0.0
2024-01-15 03:00:00,0.0,0.0
2024-01-15 04:00:00,0.0,0.0
2024-01-15 05:00:00,0.0,0.0
2024-01-15 06:00:00,0.0,0.0
2024-01-15 07:00:00,0.0,0.0
2024-01-15 08:00:00,0.0,0.0
2024-01-15 09:00:00,0.0,0.0
2024-01-15 10:00:00,0.07884063234433349,0.07884063234433349
2024-01-15 11:00:00,0.2663249665190474,0.2663249665190474
2024-01-15 12:00:00,0.47085382426334094,0.47085382426334094
2024-01-15 13:00:00,0.8068503175024232,0.8068503175024232
2024-01-15 14:00:00,1.3117355428745563,1.3117355428745563
2024-01-15 15:00:00,1.6013738111623717,1.6013738111623717
2024-01-15 16:00:00,2.1983765977496725,2.1983765977496725
2024-01-15 17:00:00,1.816798208693978,1.816798208693978
2024-01-15 18:00:00,1.9137339662644006,1.9137339662644006
2024-01-15 19:00:00,2.3375462388821346,2.3375462388821346
2024-01-15 20:00:00,2.0357006429168147,2.0357006429168147
2024-01-15 21:00:00,2.398857594222928,2.398857594222928
2024-01-15 22:00:00,0.0,0.0
2024-01-15 23:00:00,0.0,0.0
2024-01-16 00:00:00,0.0,0.0
2024-01-16 01:00:00,0.0,0.0
2024-01-16 02:00:00,0.0,0.0
2024-01-16 03:00:00,0.0,0.0
2024-01-16 04:00:00,0.0,0.0
2024-01-16 05:00:00,0.0,0.0
2024-01-16 06:00:00,0.0,0.0
2024-01-16 07:00:00,0.0,0.0
2024-01-16 08:00:00,0.0,0.0
2024-01-16 09:00:00,0.0,0.0
2024-01-16 10:00:00,0.08753326082239402,0.08753326082239402
2024-01-16 11:00:00,0.26975147384802617,0.26975147384802617
2024-01-16 12:00:00,0.6370583930119025,0.6370583930119025
2024-01-16 13:00:00,0.8897327532976091,0.8897327532976091
2024-01-16 14:00:00,1.7354395638035496,1.7354395638035496
2024-01-16 15:00:00,1.8696532678473219,1.8696532678473219
2024-01-16 16:00:00,2.343492805948038,2.343492805948038
2024-01-16 17:00:00,2.496383357160365,2.496383357160365
2024-01-16 18:00:00,2.734757586682868,2.734757586682868
2024-01-16 19:00:00,2.8938682356508876,2.8938682356508876
2024-01-16 20:00:00,2.5788501240994894,2.5788501240994894
2024-01-16 21:00:00,2.060032288230209,2.060032288230209
2024-01-16 22:00:00,0.0,0.0
2024-01-16 23:00:00,0.0,0.0
2024-01-17 00:00:00,0.0,0.0
2024-01-17 01:00:00,0.0,0.0
2024-01-17 02:00:00,0.0,0.0
2024-01-17 03:00:00,0.0,0.0
2024-01-17 04:00:00,0.0,0.0
2024-01-17 05:00:00,0.0,0.0
2024-01-17 06:00:00,0.0,0.0
2024-01-17 07:00:00,0.0,0.0
2024-01-17 08:00:00,0.0,0.0
2024-01-17 09:00:00,0.0,0.0
2024-01-17 10:00:00,0.07408197771978924,0.07408197771978924
2024-01-17 11:00:00,0.31131749602360986,0.31131749602360986
2024-01-17 12:00:00,0.5707841262221622,0.5707841262221622
2024-01-17 13:00:00,1.0005843469421511,1.0005843469421511
2024-01-17 14:00:00,1.6085216694712825,1.6085216694712825
2024-01-17 15:00:00,1.552958545066101,1.552958545066101
2024-01-17 16:00:00,2.0465427182207505,2.0465427182207505
2024-01-17 17:00:00,2.381810901813528,2.381810901813528
2024-01-17 18:00:00,2.2973801794409403,2.2973801794409403
2024-01-17 19:00:00,2.2617387303749843,2.2617387303749843
2024-01-17 20:00:00,2.3629293626722125,2.3629293626722125
2024-01-17 21:00:00,2.4168433449240148,2.4168433449240148
2024-01-17 22:00:00,0.0,0.0
2024-01-17 23:00:00,0.0,0.0
2024-01-18 00:00:00,0.0,0.0
2024-01-18 01:00:00,0.0,0.0
2024-01-18 02:00:00,0.0,0.0
2024-01-18 03:00:00,0.0,0.0
2024-01-18 04:00:00,0.0,0.0
2024-01-18 05:00:00,0.0,0.0
2024-01-18 06:00:00,0.0,0.0
2024-01-18 07:00:00,0.0,0.0
2024-01-18 08:00:00,0.0,0.0
2024-01-18 09:00:00,0.0,0.0
2024-01-18 10:00:00,0.0629573296189334,0.0629573296189334
2024-01-18 11:00:00,0.2993835979019833,0.2993835979019833
2024-01-18 12:00:00,0.5500825617196535,0.5500825617196535
2024-01-18 13:00:00,0.9721962493509331,0.9721962493509331
2024-01-18 14:00:00,1.5318043130955594,1.5318043130955594
2024-01-18 15:00:00,1.6872947415505952,1.6872947415505952
2024-01-18 16:00:00,1.7784766220309771,1.7784766220309771
2024-01-18 17:00:00,1.7037134026707772,1.7037134026707772
2024-01-18 18:00:00,2.5005488387777275,2.5005488387777275
2024-01-18 19:00:00,2.5159365541790004,2.5159365541790004
2024-01-18 20:00:00,2.0879313289959804,2.0879313289959804
2024-01-18 21:00:00,2.3132505892724224,2.3132505892724224
2024-01-18 22:00:00,0.0,0.0
2024-01-18 23:00:00,0.0,0.0
2024-01-19 00:00:00,0.0,0.0
2024-01-19 01:00:00,0.0,0.0
2024-01-19 02:00:00,0.0,0.0
2024-01-19 03:00:00,0.0,0.0
2024-01-19 04:00:00,0.0,0.0
2024-01-19 05:00:00,0.0,0.0
2024-01-19 06:00:00,0.0,0.0
2024-01-19 07:00:00,0.0,0.0
2024-01-19 08:00:00,0.0,0.0
2024-01-19 09:00:00,0.0,0.0
2024-01-19 10:00:00,0.08119084538939018,0.08119084538939018
2024-01-19 11:00:00,0.3236982538310431,0.3236982538310431
2024-01-19 12:00:00,0.5389964114600275,0.5389964114600275
2024-01-19 13:00:00,1.0020294068355413,1.0020294068355413
2024-01-19 14:00:00,1.789686546458176,1.789686546458176
2024-01-19 15:00:00,1.646458683591236,1.646458683591236
2024-01-19 16:00:00,2.4505273355672923,2.4505273355672923
2024-01-19 17:00:00,2.1301369877632026,2.1301369877632026
2024-01-19 18:00:00,2.6962362008294463,2.6962362008294463
2024-01-19 19:00:00,2.376558250214786,2.376558250214786
2024-01-19 20:00:00,2.659775033500339,2.659775033500339
2024-01-19 21:00:00,2.839533182163861,2.839533182163861
2024-01-19 22:00:00,0.0,0.0
2024-01-19 23:00:00,0.0,0.0
2024-01-20 00:00:00,0.0,0.0
2024-01-20 01:00:00,0.0,0.0
2024-01-20 02:00:00,0.0,0.0
2024-01-20 03:00:00,0.0,0.0
2024-01-20 04:00:00,0.0,0.0
2024-01-20 05:00:00,0.0,0.0
2024-01-20 06:00:00,0.0,0.0
2024-01-20 07:00:00,0.0,0.0
2024-01-20 08:00:00,0.0,0.0
2024-01-20 09:00:00,0.0,0.0
2024-01-20 10:00:00,0.04862463700185091,0.04862463700185091
2024-01-20 11:00:00,0.21802864088506096,0.21802864088506096
2024-01-20 12:00:00,0.3634190052336044,0.3634190052336044
2024-01-20 13:00:00,0.6098622653435809,0.6098622653435809
2024-01-20 14:00:00,0.8872492172331117,0.8872492172331117
2024-01-20 15:00:00,0.9649408515688855,0.9649408515688855
2024-01-20 16:00:00,1.6302644876727959,1.6302644876727959
2024-01-20 17:00:00,1.5975609380567128,1.5975609380567128
2024-01-20 18:00:00,1.6088154118003701,1.6088154118003701
2024-01-20 19:00:00,1.6599988230056504,1.6599988230056504
2024-01-20 20:00:00,1.6458211551514912,1.6458211551514912
2024-01-20 21:00:00,1.6200072598064914,1.6200072598064914
2024-01-20 22:00:00,0.0,0.0
2024-01-20 23:00:00,0.0,0.0
2024-01-21 00:00:00,0.0,0.0
2024-01-21 01:00:00,0.0,0.0
2024-01-21 02:00:00,0.0,0.0
2024-01-21 03:00:00,0.0,0.0
2024-01-21 04:00:00,0.0,0.0
2024-01-21 05:00:00,0.0,0.0
2024-01-21 06:00:00,0.0,0.0
2024-01-21 07:00:00,0.0,0.0
2024-01-21 08:00:00,0.0,0.0
2024-01-21 09:00:00,0.0,0.0
2024-01-21 10:00:00,0.06003974501678481,0.06003974501678481
2024-01-21 11:00:00,0.18933549527600516,0.18933549527600516
2024-01-21 12:00:00,0.3851093402540833,0.3851093402540833
2024-01-21 13:00:00,0.6685293725571926,0.6685293725571926
2024-01-21 14:00:00,1.1244428247596874,1.1244428247596874
2024-01-21 15:00:00,1.1024296517873557,1.1024296517873557
2024-01-21 16:00:00,1.381469751679944,1.381469751679944
2024-01-21 17:00:00,1.6070920911274276,1.6070920911274276
2024-01-21 18:00:00,1.8069036682113886,1.8069036682113886
2024-01-21 19:00:00,1.5235982331906737,1.5235982331906737
2024-01-21 20:00:00,1.6012413053968193,1.6012413053968193
2024-01-21 21:00:00,1.4294690154101992,1.4294690154101992
2024-01-21 22:00:00,0.0,0.0
2024-01-21 23:00:00,0.0,0.0
2024-01-22 00:00:00,0.0,0.0
2024-01-22 01:00:00,0.0,0.0
2024-01-22 02:00:00,0.0,0.0
2024-01-22 03:00:00,0.0,0.0
2024-01-22 04:00:00,0.0,0.0
2024-01-22 05:00:00,0.0,0.0
2024-01-22 06:00:00,0.0,0.0
2024-01-22 07:00:00,0.0,0.0
2024-01-22 08:00:00,0.0,0.0
2024-01-22 09:00:00,0.0,0.0
2024-01-22 10:00:00,0.07705595733196326,0.07705595733196326
2024-01-22 11:00:00,0.266995372175238,0.266995372175238
2024-01-22 12:00:00,0.49872464988893284,0.49872464988893284
2024-01-22 13:00:00,0.8113023808822633,0.8113023808822633
2024-01-22 14:00:00,1.2918268832741606,1.2918268832741606
2024-01-22 15:00:00,1.6693717645607458,1.6693717645607458
2024-01-22 16:00:00,2.232998103739541,2.232998103739541
2024-01-22 17:00:00,2.300404598553839,2.300404598553839
2024-01-22 18:00:00,2.4248829182643723,2.4248829182643723
2024-01-22 19:00:00,2.4847740022715534,2.4847740022715534
2024-01-22 20:00:00,2.7504371837258312,2.7504371837258312
2024-01-22 21:00:00,2.6244078522253265,2.6244078522253265
2024-01-22 22:00:00,0.0,0.0
2024-01-22 23:00:00,0.0,0.0
2024-01-23 00:00:00,0.0,0.0
2024-01-23 01:00:00,0.0,0.0
2024-01-23 02:00:00,0.0,0.0
2024-01-23 03:00:00,0.0,0.0
2024-01-23 04:00:00,0.0,0.0
2024-01-23 05:00:00,0.0,0.0
2024-01-23 06:00:00,0.0,0.0
2024-01-23 07:00:00,0.0,0.0
2024-01-23 08:00:00,0.0,0.0
2024-01-23 09:00:00,0.0,0.0
2024-01-23 10:00:00,0.06384932547953794,0.06384932547953794
2024-01-23 11:00:00,0.24602020971556895,0.24602020971556895
2024-01-23 12:00:00,0.4717183393764448,0.4717183393764448
2024-01-23 13:00:00,0.924722992029058,0.924722992029058
2024-01-23 14:00:00,1.4698492491946902,1.4698492491946902
2024-01-23 15:00:00,1.6712993679107484,1.6712993679107484
2024-01-23 16:00:00,1.7914539295632381,1.7914539295632381
2024-01-23 17:00:00,2.1733094546309846,2.1733094546309846
2024-01-23 18:00:00,2.524571654216884,2.524571654216884
2024-01-23 19:00:00,2.463195046906892,2.463195046906892
2024-01-23 20:00:00,2.279733835737255,2.279733835737255
2024-01-23 21:00:00,2.428264460660201,2.428264460660201
2024-01-23 22:00:00,0.0,0.0
2024-01-23 23:00:00,0.0,0.0
2024-01-24 00:00:00,0.0,0.0
2024-01-24 01:00:00,0.0,0.0
2024-01-24 02:00:00,0.0,0.0
2024-01-24 03:00:00,0.0,0.0
2024-01-24 04:00:00,0.0,0.0
2024-01-24 05:00:00,0.0,0.0
2024-01-24 06:00:00,0.0,0.0
2024-01-24 07:00:00,0.0,0.0
2024-01-24 08:00:00,0.0,0.0
2024-01-24 09:00:00,0.0,0.0
2024-01-24 10:00:00,0.07339561307576588,0.07339561307576588
2024-01-24 11:00:00,0.29345498468063025,0.29345498468063025
2024-01-24 12:00:00,0.5234002421140445,0.5234002421140445
2024-01-24 13:00:00,0.9550681594663658,0.9550681594663658
2024-01-24 14:00:00,1.4143413040671478,1.4143413040671478
2024-01-24 15:00:00,1.4995131039895802,1.4995131039895802
2024-01-24 16:00:00,2.038982052525577,2.038982052525577
2024-01-24 17:00:00,2.053472345929373,2.053472345929373
2024-01-24 18:00:00,2.51357567312771,2.51357567312771
2024-01-24 19:00:00,2.3422686263027237,2.3422686263027237
2024-01-24 20:00:00,2.42703708078045,2.42703708078045
2024-01-24 21:00:00,1.8532504067227382,1.8532504067227382
2024-01-24 22:00:00,0.0,0.0
2024-01-24 23:00:00,0.0,0.0
2024-01-25 00:00:00,0.0,0.0
2024-01-25 01:00:00,0.0,0.0
2024-01-25 02:00:00,0.0,0.0
2024-01-25 03:00:00,0.0,0.0
2024-01-25 04:00:00,0.0,0.0
2024-01-25 05:00:00,0.0,0.0
2024-01-25 06:00:00,0.0,0.0
2024-01-25 07:00:00,0.0,0.0
2024-01-25 08:00:00,0.0,0.0
2024-01-25 09:00:00,0.0,0.0
2024-01-25 10:00:00,0.07461872614728748,0.07461872614728748
2024-01-25 11:00:00,0.26350949953901864,0.26350949953901864
2024-01-25 12:00:00,0.5394909194923845,0.5394909194923845
2024-01-25 13:00:00,0.9591395972036815,0.9591395972036815
2024-01-25 14:00:00,1.5302489882165624,1.5302489882165624
2024-01-25 15:00:00,1.7813523948522783,1.7813523948522783
2024-01-25 16:00:00,2.2905644052684155,2.2905644052684155
2024-01-25 17:00:00,1.8773372273977778,1.8773372273977778
2024-01-25 18:00:00,2.509779745245912,2.509779745245912
2024-01-25 19:00:00,2.507144193413545,2.507144193413545
2024-01-25 20:00:00,2.8180116896264487,2.8180116896264487
2024-01-25 21:00:00,2.0656124381979213,2.0656124381979213
2024-01-25 22:00:00,0.0,0.0
2024-01-25 23:00:00,0.0,0.0
2024-01-26 00:00:00,0.0,0.0
2024-01-26 01:00:00,0.0,0.0
2024-01-26 02:00:00,0.0,0.0
2024-01-26 03:00:00,0.0,0.0
2024-01-26 04:00:00,0.0,0.0
2024-01-26 05:00:00,0.0,0.0
2024-01-26 06:00:00,0.0,0.0
2024-01-26 07:00:00,0.0,0.0
2024-01-26 08:00:00,0.0,0.0
2024-01-26 09:00:00,0.0,0.0
2024-01-26 10:00:00,0.07416416461221381,0.07416416461221381
2024-01-26 11:00:00,0.29006717105378227,0.29006717105378227
2024-01-26 12:00:00,0.6455730133206242,0.6455730133206242
2024-01-26 13:00:00,1.0029077722041266,1.0029077722041266
2024-01-26 14:00:00,1.5634224626678765,1.5634224626678765
2024-01-26 15:00:00,1.602288726640971,1.602288726640971
2024-01-26 16:00:00,2.2298846336692275,2.2298846336692275
2024-01-26 17:00:00,1.9667709238580469,1.9667709238580469
2024-01-26 18:00:00,2.3328102163312723,2.3328102163312723
2024-01-26 19:00:00,2.5712157153617325,2.5712157153617325
2024-01-26 20:00:00,2.7668737059060673,2.7668737059060673
2024-01-26 21:00:00,2.2398041337335792,2.2398041337335792
2024-01-26 22:00:00,0.0,0.0
2024-01-26 23:00:00,0.0,0.0
2024-01-27 00:00:00,0.0,0.0
2024-01-27 01:00:00,0.0,0.0
2024-01-27 02:00:00,0.0,0.0
2024-01-27 03:00:00,0.0,0.0
2024-01-27 04:00:00,0.0,0.0
2024-01-27 05:00:00,0.0,0.0
2024-01-27 06:00:00,0.0,0.0
2024-01-27 07:00:00,0.0,0.0
2024-01-27 08:00:00,0.0,0.0
2024-01-27 09:00:00,0.0,0.0
2024-01-27 10:00:00,0.05935105682712697,0.05935105682712697
2024-01-27 11:00:00,0.20949724161161898,0.20949724161161898
2024-01-27 12:00:00,0.3603943130999814,0.3603943130999814
2024-01-27 13:00:00,0.6783276799795003,0.6783276799795003
2024-01-27 14:00:00,1.1533642259573413,1.1533642259573413
2024-01-27 15:00:00,1.1499772832261625,1.1499772832261625
2024-01-27 16:00:00,1.6519146667088904,1.6519146667088904
2024-01-27 17:00:00,1.367526830020574,1.367526830020574
2024-01-27 18:00:00,1.8388100861004457,1.8388100861004457
2024-01-27 19:00:00,1.6041695053831664,1.6041695053831664
2024-01-27 20:00:00,1.9309301910397663,1.9309301910397663
2024-01-27 21:00:00,1.4130732810964561,1.4130732810964561
2024-01-27 22:00:00,0.0,0.0
2024-01-27 23:00:00,0.0,0.0
2024-01-28 00:00:00,0.0,0.0
2024-01-28 01:00:00,0.0,0.0
2024-01-28 02:00:00,0.0,0.0
2024-01-28 03:00:00,0.0,0.0
2024-01-28 04:00:00,0.0,0.0
2024-01-28 05:00:00,0.0,0.0
2024-01-28 06:00:00,0.0,0.0
2024-01-28 07:00:00,0.0,0.0
2024-01-28 08:00:00,0.0,0.0
2024-01-28 09:00:00,0.0,0.0
2024-01-28 10:00:00,0.06456023255777142,0.06456023255777142
2024-01-28 11:00:00,0.22385083925421678,0.22385083925421678
2024-01-28 12:00:00,0.39119186102848597,0.39119186102848597
2024-01-28 13:00:00,0.752842470533517,0.752842470533517
2024-01-28 14:00:00,1.2128841434098696,1.2128841434098696
2024-01-28 15:00:00,1.3841109833982126,1.3841109833982126
2024-01-28 16:00:00,1.8679428937687543,1.8679428937687543
2024-01-28 17:00:00,1.809964037822419,1.809964037822419
2024-01-28 18:00:00,1.8586499562710384,1.8586499562710384
2024-01-28 19:00:00,2.066997564391865,2.066997564391865
2024-01-28 20:00:00,1.672366027610022,1.672366027610022
2024-01-28 21:00:00,1.78445192333716,1.78445192333716
2024-01-28 22:00:00,0.0,0.0
2024-01-28 23:00:00,0.0,0.0
2024-01-29 00:00:00,0.0,0.0
2024-01-29 01:00:00,0.0,0.0
2024-01-29 02:00:00,0.0,0.0
2024-01-29 03:00:00,0.0,0.0
2024-01-29 04:00:00,0.0,0.0
2024-01-29 05:00:00,0.0,0.0
2024-01-29 06:00:00,0.0,0.0
2024-01-29 07:00:00,0.0,0.0
2024-01-29 08:00:00,0.0,0.0
2024-01-29 09:00:00,0.0,0.0
2024-01-29 10:00:00,0.0714157014818117,0.0714157014818117
2024-01-29 11:00:00,0.3285614370893351,0.3285614370893351
2024-01-29 12:00:00,0.5216242358111398,0.5216242358111398
2024-01-29 13:00:00,0.8852692533410048,0.8852692533410048
2024-01-29 14:00:00,1.2700132746854733,1.2700132746854733
2024-01-29 15:00:00,1.7355446616279773,1.7355446616279773
2024-01-29 16:00:00,2.0488651069159447,2.0488651069159447
2024-01-29 17:00:00,2.456884413999915,2.456884413999915
2024-01-29 18:00:00,2.1799261548823248,2.1799261548823248
2024-01-29 19:00:00,2.4661225134670053,2.4661225134670053
2024-01-29 20:00:00,2.175348795593704,2.175348795593704
2024-01-29 21:00:00,2.1291131962856955,2.1291131962856955
2024-01-29 22:00:00,0.0,0.0
2024-01-29 23:00:00,0.0,0.0
2024-01-30 00:00:00,0.0,0.0
2024-01-30 01:00:00,0.0,0.0
2024-01-30 02:00:00,0.0,0.0
2024-01-30 03:00:00,0.0,0.0
2024-01-30 04:00:00,0.0,0.0
2024-01-30 05:00:00,0.0,0.0
2024-01-30 06:00:00,0.0,0.0
2024-01-30 07:00:00,0.0,0.0
2024-01-30 08:00:00,0.0,0.0
2024-01-30 09:00:00,0.0,0.0
2024-01-30 10:00:00,0.06536103335287172,0.06536103335287172
2024-01-30 11:00:00,0.27467044306758365,0.27467044306758365
2024-01-30 12:00:00,0.5053285979939561,0.5053285979939561
2024-01-30 13:00:00,0.8418128061601506,0.8418128061601506
2024-01-30 14:00:00,1.6456229793441233,1.6456229793441233
2024-01-30 15:00:00,1.6054445306836478,1.6054445306836478
2024-01-30 16:00:00,2.355971227580232,2.355971227580232
2024-01-30 17:00:00,1.853957366818174,1.853957366818174
2024-01-30 18:00:00,2.1591142081843624,2.1591142081843624
2024-01-30 19:00:00,2.488426464982215,2.488426464982215
2024-01-30 20:00:00,2.610026182312312,2.610026182312312
2024-01-30 21:00:00,2.6297538651500005,2.6297538651500005
2024-01-30 22:00:00,0.0,0.0
2024-01-30 23:00:00,0.0,0.0
2024-01-31 00:00:00,0.0,0.0
2024-01-31 01:00:00,0.0,0.0
2024-01-31 02:00:00,0.0,0.0
2024-01-31 03:00:00,0.0,0.0
2024-01-31 04:00:00,0.0,0.0
2024-01-31 05:00:00,0.0,0.0
2024-01-31 06:00:00,0.0,0.0
2024-01-31 07:00:00,0.0,0.0
2024-01-31 08:00:00,0.0,0.0
2024-01-31 09:00:00,0.0,0.0
2024-01-31 10:00:00,0.08657164560357533,0.08657164560357533
2024-01-31 11:00:00,0.3248025725263932,0.3248025725263932
2024-01-31 12:00:00,0.5689235912545153,0.5689235912545153
2024-01-31 13:00:00,1.0952801599186877,1.0952801599186877
2024-01-31 14:00:00,1.6442123101525465,1.6442123101525465
2024-01-31 15:00:00,1.6111137344117177,1.6111137344117177
2024-01-31 16:00:00,2.6315370084205956,2.6315370084205956
2024-01-31 17:00:00,2.1048481921601785,2.1048481921601785
2024-01-31 18:00:00,2.304585599968758,2.304585599968758
2024-01-31 19:00:00,2.460469929902375,2.460469929902375
2024-01-31 20:00:00,2.8660607724358855,2.8660607724358855
2024-01-31 21:00:00,2.2510321766013224,2.2510321766013224
2024-01-31 22:00:00,0.0,0.0
2024-01-31 23:00:00,0.0,0.0
2024-02-01 00:00:00,0.0,0.0
2024-02-01 01:00:00,0.0,0.0
2024-02-01 02:00:00,0.0,0.0
2024-02-01 03:00:00,0.0,0.0
2024-02-01 04:00:00,0.0,0.0
2024-02-01 05:00:00,0.0,0.0
2024-02-01 06:00:00,0.0,0.0
2024-02-01 07:00:00,0.0,0.0
2024-02-01 08:00:00,0.0,0.0
2024-02-01 09:00:00,0.0,0.0
2024-02-01 10:00:00,0.07641702532446289,0.07641702532446289
2024-02-01 11:00:00,0.28206023447465295,0.28206023447465295
2024-02-01 12:00:00,0.6161473875328795,0.6161473875328795
2024-02-01 13:00:00,1.0171124040090285,1.0171124040090285
2024-02-01 14:00:00,1.5153503290017167,1.5153503290017167
2024-02-01 15:00:00,1.7544143837977189,1.7544143837977189
2024-02-01 16:00:00,2.4166607316052335,2.4166607316052335
2024-02-01 17:00:00,2.017700296583578,2.017700296583578
2024-02-01 18:00:00,2.1385693987368777,2.1385693987368777
2024-02-01 19:00:00,2.495614501217273,2.495614501217273
2024-02-01 20:00:00,2.867301215047366,2.867301215047366
2024-02-01 21:00:00,2.600941699790884,2.600941699790884
2024-02-01 22:00:00,0.0,0.0
2024-02-01 23:00:00,0.0,0.0
2024-02-02 00:00:00,0.0,0.0
2024-02-02 01:00:00,0.0,0.0
2024-02-02 02:00:00,0.0,0.0
2024-02-02 03:00:00,0.0,0.0
2024-02-02 04:00:00,0.0,0.0
2024-02-02 05:00:00,0.0,0.0
2024-02-02 06:00:00,0.0,0.0
2024-02-02 07:00:00,0.0,0.0
2024-02-02 08:00:00,0.0,0.0
2024-02-02 09:00:00,0.0,0.0
2024-02-02 10:00:00,0.07343373736614137,0.07343373736614137
2024-02-02 11:00:00,0.2935304107361127,0.2935304107361127
2024-02-02 12:00:00,0.571875680924902,0.571875680924902
2024-02-02 13:00:00,1.0591090646758674,1.0591090646758674
2024-02-02 14:00:00,1.4343346137961936,1.4343346137961936
2024-02-02 15:00:00,1.5639336580316625,1.5639336580316625
2024-02-02 16:00:00,2.431874483962012,2.431874483962012
2024-02-02 17:00:00,2.096547256382023,2.096547256382023
2024-02-02 18:00:00,2.471760193218371,2.471760193218371
2024-02-02 19:00:00,2.251640703684916,2.251640703684916
2024-02-02 20:00:00,2.2462938969359234,2.2462938969359234
2024-02-02 21:00:00,2.651882101053996,2.651882101053996
2024-02-02 22:00:00,0.0,0.0
2024-02-02 23:00:00,0.0,0.0
2024-02-03 00:00:00,0.0,0.0
2024-02-03 01:00:00,0.0,0.0
2024-02-03 02:00:00,0.0,0.0
2024-02-03 03:00:00,0.0,0.0
2024-02-03 04:00:00,0.0,0.0
2024-02-03 05:00:00,0.0,0.0
2024-02-03 06:00:00,0.0,0.0
2024-02-03 07:00:00,0.0,0.0
2024-02-03 08:00:00,0.0,0.0
2024-02-03 09:00:00,0.0,0.0
2024-02-03 10:00:00,0.04866732616127692,0.04866732616127692
2024-02-03 11:00:00,0.2004418311899467,0.2004418311899467
2024-02-03 12:00:00,0.3975191081985873,0.3975191081985873
2024-02-03 13:00:00,0.5264612482844825,0.5264612482844825
2024-02-03 14:00:00,0.8349441489181029,0.8349441489181029
2024-02-03 15:00:00,1.2493557489988731,1.2493557489988731
2024-02-03 16:00:00,1.426421619576808,1.426421619576808
2024-02-03 17:00:00,1.5007399226023725,1.5007399226023725
2024-02-03 18:00:00,1.729333691483561,1.729333691483561
2024-02-03 19:00:00,1.8155509437955857,1.8155509437955857
2024-02-03 20:00:00,1.7220867988111175,1.7220867988111175
2024-02-03 21:00:00,1.5024442854727482,1.5024442854727482
2024-02-03 22:00:00,0.0,0.0
2024-02-03 23:00:00,0.0,0.0
2024-02-04 00:00:00,0.0,0.0
2024-02-04 01:00:00,0.0,0.0
2024-02-04 02:00:00,0.0,0.0
2024-02-04 03:00:00,0.0,0.0
2024-02-04 04:00:00,0.0,0.0
2024-02-04 05:00:00,0.0,0.0
2024-02-04 06:00:00,0.0,0.0
2024-02-04 07:00:00,0.0,0.0
2024-02-04 08:00:00,0.0,0.0
2024-02-04 09:00:00,0.0,0.0
2024-02-04 10:00:00,0.0505062075746257,0.0505062075746257
2024-02-04 11:00:00,0.1826312699766998,0.1826312699766998
2024-02-04 12:00:00,0.40973409533086846,0.40973409533086846
2024-02-04 13:00:00,0.6364505782573395,0.6364505782573395
2024-02-04 14:00:00,0.947169144911149,0.947169144911149
2024-02-04 15:00:00,1.150602146629502,1.150602146629502
2024-02-04 16:00:00,1.3349108144217154,1.3349108144217154
2024-02-04 17:00:00,1.593348543362945,1.593348543362945
2024-02-04 18:00:00,1.7325899169566885,1.7325899169566885
2024-02-04 19:00:00,1.7355148535221567,1.7355148535221567
2024-02-04 20:00:00,1.5828188146551643,1.5828188146551643
2024-02-04 21:00:00,1.8560375387216315,1.8560375387216315
2024-02-04 22:00:00,0.0,0.0
2024-02-04 23:00:00,0.0,0.0
2024-02-05 00:00:00,0.0,0.0
2024-02-05 01:00:00,0.0,0.0
2024-02-05 02:00:00,0.0,0.0
2024-02-05 03:00:00,0.0,0.0
2024-02-05 04:00:00,0.0,0.0
2024-02-05 05:00:00,0.0,0.0
2024-02-05 06:00:00,0.0,0.0
2024-02-05 07:00:00,0.0,0.0
2024-02-05 08:00:00,0.0,0.0
2024-02-05 09:00:00,0.0,0.0
2024-02-05 10:00:00,0.08794572457086525,0.08794572457086525
2024-02-05 11:00:00,0.37230242403334124,0.37230242403334124
2024-02-05 12:00:00,0.5443847166313911,0.5443847166313911
2024-02-05 13:00:00,1.1011529370543696,1.1011529370543696
2024-02-05 14:00:00,1.47807948242475,1.47807948242475
2024-02-05 15:00:00,1.924227000581574,1.924227000581574
2024-02-05 16:00:00,2.2457906963935077,2.2457906963935077
2024-02-05 17:00:00,2.4742932345644784,2.4742932345644784
2024-02-05 18:00:00,2.5944540604301074,2.5944540604301074
2024-02-05 19:00:00,2.7463789498749307,2.7463789498749307
2024-02-05 20:00:00,3.03993296143002,3.03993296143002
2024-02-05 21:00:00,2.642758649300463,2.642758649300463
2024-02-05 22:00:00,0.0,0.0
2024-02-05 23:00:00,0.0,0.0
2024-02-06 00:00:00,0.0,0.0
2024-02-06 01:00:00,0.0,0.0
2024-02-06 02:00:00,0.0,0.0
2024-02-06 03:00:00,0.0,0.0
2024-02-06 04:00:00,0.0,0.0
2024-02-06 05:00:00,0.0,0.0
2024-02-06 06:00:00,0.0,0.0
2024-02-06 07:00:00,0.0,0.0
2024-02-06 08:00:00,0.0,0.0
2024-02-06 09:00:00,0.0,0.0
2024-02-06 10:00:00,0.06795887048495297,0.06795887048495297
2024-02-06 11:00:00,0.29876289971414155,0.29876289971414155
2024-02-06 12:00:00,0.5154847920806436,0.5154847920806436
2024-02-06 13:00:00,0.7924510884152794,0.7924510884152794
2024-02-06 14:00:00,1.1677794129536438,1.1677794129536438
2024-02-06 15:00:00,1.5193944518666196,1.5193944518666196
2024-02-06 16:00:00,2.1057104658120793,2.1057104658120793
2024-02-06 17:00:00,2.0746636031918664,2.0746636031918664
2024-02-06 18:00:00,1.9526618833244371,1.9526618833244371
2024-02-06 19:00:00,2.11577189824697,2.11577189824697
2024-02-06 20:00:00,2.154486918922752,2.154486918922752
2024-02-06 21:00:00,1.9313243617961324,1.9313243617961324
2024-02-06 22:00:00,0.0,0.0
2024-02-06 23:00:00,0.0,0.0
2024-02-07 00:00:00,0.0,0.0
2024-02-07 01:00:00,0.0,0.0
2024-02-07 02:00:00,0.0,0.0
2024-02-07 03:00:00,0.0,0.0
2024-02-07 04:00:00,0.0,0.0
2024-02-07 05:00:00,0.0,0.0
2024-02-07 06:00:00,0.0,0.0
2024-02-07 07:00:00,0.0,0.0
2024-02-07 08:00:00,0.0,0.0
2024-02-07 09:00:00,0.0,0.0
2024-02-07 10:00:00,0.08390034317431491,0.08390034317431491
2024-02-07 11:00:00,0.2795370505573927,0.2795370505573927
2024-02-07 12:00:00,0.684091051614879,0.684091051614879
2024-02-07 13:00:00,0.8833319824183121,0.8833319824183121
2024-02-07 14:00:00,1.3693512783646078,1.3693512783646078
2024-02-07 15:00:00,2.000059235495824,2.000059235495824
2024-02-07 16:00:00,2.3201437241160554,2.3201437241160554
2024-02-07 17:00:00,2.279289551382083,2.279289551382083
2024-02-07 18:00:00,2.3578394067661534,2.3578394067661534
2024-02-07 19:00:00,2.391248917379731,2.391248917379731
2024-02-07 20:00:00,3.0501973925025294,3.0501973925025294
2024-02-07 21:00:00,2.5193416035787886,2.5193416035787886
2024-02-07 22:00:00,0.0,0.0
2024-02-07 23:00:00,0.0,0.0
2024-02-08 00:00:00,0.0,0.0
2024-02-08 01:00:00,0.0,0.0
2024-02-08 02:00:00,0.0,0.0
2024-02-08 03:00:00,0.0,0.0
2024-02-08 04:00:00,0.0,0.0
2024-02-08 05:00:00,0.0,0.0
2024-02-08 06:00:00,0.0,0.0
2024-02-08 07:00:00,0.0,0.0
2024-02-08 08:00:00,0.0,0.0
2024-02-08 09:00:00,0.0,0.0
2024-02-08 10:00:00,0.07920509117689441,0.07920509117689441
2024-02-08 11:00:00,0.2936827575420862,0.2936827575420862
2024-02-08 12:00:00,0.47175749667750444,0.47175749667750444
2024-02-08 13:00:00,0.8564600695067824,0.8564600695067824
2024-02-08 14:00:00,1.3027668633335896,1.3027668633335896
2024-02-08 15:00:00,1.7658561487862485,1.7658561487862485
2024-02-08 16:00:00,1.9080309562053632,1.9080309562053632
2024-02-08 17:00:00,2.2774035383543847,2.2774035383543847
2024-02-08 18:00:00,2.4056755029561026,2.4056755029561026
2024-02-08 19:00:00,2.2397168454363707,2.2397168454363707
2024-02-08 20:00:00,2.717213376365196,2.717213376365196
2024-02-08 21:00:00,2.3293690759081853,2.3293690759081853
2024-02-08 22:00:00,0.0,0.0
2024-02-08 23:00:00,0.0,0.0
2024-02-09 00:00:00,0.0,0.0
2024-02-09 01:00:00,0.0,0.0
2024-02-09 02:00:00,0.0,0.0
2024-02-09 03:00:00,0.0,0.0
2024-02-09 04:00:00,0.0,0.0
2024-02-09 05:00:00,0.0,0.0
2024-02-09 06:00:00,0.0,0.0
2024-02-09 07:00:00,0.0,0.0
2024-02-09 08:00:00,0.0,0.0
2024-02-09 09:00:00,0.0,0.0
2024-02-09 10:00:00,0.07641846137082918,0.07641846137082918
2024-02-09 11:00:00,0.3047726646728964,0.3047726646728964
2024-02-09 12:00:00,0.5330296327843109,0.5330296327843109
2024-02-09 13:00:00,0.900143978223391,0.900143978223391
2024-02-09 14:00:00,1.2772462639977924,1.2772462639977924
2024-02-09 15:00:00,1.481183210787732,1.481183210787732
2024-02-09 16:00:00,2.0222943588952975,2.0222943588952975
2024-02-09 17:00:00,2.15814692787868,2.15814692787868
2024-02-09 18:00:00,2.199423693895416,2.199423693895416
2024-02-09 19:00:00,2.221838797511814,2.221838797511814
2024-02-09 20:00:00,2.4802821478770873,2.4802821478770873
2024-02-09 21:00:00,2.098433025515481,2.098433025515481
2024-02-09 22:00:00,0.0,0.0
2024-02-09 23:00:00,0.0,0.0
2024-02-10 00:00:00,0.0,0.0
2024-02-10 01:00:00,0.0,0.0
2024-02-10 02:00:00,0.0,0.0
2024-02-10 03:00:00,0.0,0.0
2024-02-10 04:00:00,0.0,0.0
2024-02-10 05:00:00,0.0,0.0
2024-02-10 06:00:00,0.0,0.0
2024-02-10 07:00:00,0.0,0.0
2024-02-10 08:00:00,0.0,0.0
2024-02-10 09:00:00,0.0,0.0
2024-02-10 10:00:00,0.05484341171158733,0.05484341171158733
2024-02-10 11:00:00,0.1973211186943567,0.1973211186943567
2024-02-10 12:00:00,0.3542590160921939,0.3542590160921939
2024-02-10 13:00:00,0.6793192852029222,0.6793192852029222
2024-02-10 14:00:00,0.9075117997385802,0.9075117997385802
2024-02-10 15:00:00,1.3338685600858298,1.3338685600858298
2024-02-10 16:00:00,1.6124052673810194,1.6124052673810194
2024-02-10 17:00:00,1.6518288209136782,1.6518288209136782
2024-02-10 18:00:00,1.7935854745304038,1.7935854745304038
2024-02-10 19:00:00,1.9621970827745991,1.9621970827745991
2024-02-10 20:00:00,1.8247524538965785,1.8247524538965785
2024-02-10 21:00:00,1.4542468444660062,1.4542468444660062
2024-02-10 22:00:00,0.0,0.0
2024-02-10 23:00:00,0.0,0.0
2024-02-11 00:00:00,0.0,0.0
2024-02-11 01:00:00,0.0,0.0
2024-02-11 02:00:00,0.0,0.0
2024-02-11 03:00:00,0.0,0.0
2024-02-11 04:00:00,0.0,0.0
2024-02-11 05:00:00,0.0,0.0
2024-02-11 06:00:00,0.0,0.0
2024-02-11 07:00:00,0.0,0.0
2024-02-11 08:00:00,0.0,0.0
2024-02-11 09:00:00,0.0,0.0
2024-02-11 10:00:00,0.048686848884373544,0.048686848884373544
2024-02-11 11:00:00,0.24013735406823808,0.24013735406823808
2024-02-11 12:00:00,0.39869608011401575,0.39869608011401575
2024-02-11 13:00:00,0.7214126591854059,0.7214126591854059
2024-02-11 14:00:00,1.0916445306405083,1.0916445306405083
2024-02-11 15:00:00,1.3198076629239959,1.3198076629239959
2024-02-11 16:00:00,1.610697537733194,1.610697537733194
2024-02-11 17:00:00,1.7137299398248436,1.7137299398248436
2024-02-11 18:00:00,1.6717364605124456,1.6717364605124456
2024-02-11 19:00:00,2.017963555132201,2.017963555132201
2024-02-11 20:00:00,1.8154866317884846,1.8154866317884846
2024-02-11 21:00:00,1.6824921292680608,1.6824921292680608
2024-02-11 22:00:00,0.0,0.0
2024-02-11 23:00:00,0.0,0.0
2024-02-12 00:00:00,0.0,0.0
2024-02-12 01:00:00,0.0,0.0
2024-02-12 02:00:00,0.0,0.0
2024-02-12 03:00:00,0.0,0.0
2024-02-12 04:00:00,0.0,0.0
2024-02-12 05:00:00,0.0,0.0
2024-02-12 06:00:00,0.0,0.0
2024-02-12 07:00:00,0.0,0.0
2024-02-12 08:00:00,0.0,0.0
2024-02-12 09:00:00,0.0,0.0
2024-02-12 10:00:00,0.07955178591315423,0.07955178591315423
2024-02-12 11:00:00,0.24804615939291877,0.24804615939291877
2024-02-12 12:00:00,0.47854440915007546,0.47854440915007546
2024-02-12 13:00:00,0.7614077236351765,0.7614077236351765
2024-02-12 14:00:00,1.3925084052265009,1.3925084052265009
2024-02-12 15:00:00,1.4526879443546177,1.4526879443546177
2024-02-12 16:00:00,2.07283805206966,2.07283805206966
2024-02-12 17:00:00,1.9368728358664573,1.9368728358664573
2024-02-12 18:00:00,2.3849266181737363,2.3849266181737363
2024-02-12 19:00:00,2.1254472235052186,2.1254472235052186
2024-02-12 20:00:00,2.133496431686671,2.133496431686671
2024-02-12 21:00:00,2.0802468580100206,2.0802468580100206
2024-02-12 22:00:00,0.0,0.0
2024-02-12 23:00:00,0.0,0.0
2024-02-13 00:00:00,0.0,0.0
2024-02-13 01:00:00,0.0,0.0
2024-02-13 02:00:00,0.0,0.0
2024-02-13 03:00:00,0.0,0.0
2024-02-13 04:00:00,0.0,0.0
2024-02-13 05:00:00,0.0,0.0
2024-02-13 06:00:00,0.0,0.0
2024-02-13 07:00:00,0.0,0.0
2024-02-13 08:00:00,0.0,0.0
2024-02-13 09:00:00,0.0,0.0
2024-02-13 10:00:00,0.07171041356666127,0.07171041356666127
2024-02-13 11:00:00,0.33969442851034837,0.33969442851034837
2024-02-13 12:00:00,0.5890407527893758,0.5890407527893758
2024-02-13 13:00:00,0.9995808595001352,0.9995808595001352
2024-02-13 14:00:00,1.5621696042997977,1.5621696042997977
2024-02-13 15:00:00,1.4393520057679188,1.4393520057679188
2024-02-13 16:00:00,2.3490292575594003,2.3490292575594003
2024-02-13 17:00:00,2.1043165569977362,2.1043165569977362
2024-02-13 18:00:00,2.5208030519293785,2.5208030519293785
2024-02-13 19:00:00,2.570689487886982,2.570689487886982
2024-02-13 20:00:00,2.187285251035845,2.187285251035845
2024-02-13 21:00:00,2.3201694928270475,2.3201694928270475
2024-02-13 22:00:00,0.0,0.0
2024-02-13 23:00:00,0.0,0.0
2024-02-14 00:00:00,0.0,0.0
2024-02-14 01:00:00,0.0,0.0
2024-02-14 02:00:00,0.0,0.0
2024-02-14 03:00:00,0.0,0.0
2024-02-14 04:00:00,0.0,0.0
2024-02-14 05:00:00,0.0,0.0
2024-02-14 06:00:00,0.0,0.0
2024-02-14 07:00:00,0.0,0.0
2024-02-14 08:00:00,0.0,0.0
2024-02-14 09:00:00,0.0,0.0
2024-02-14 10:00:00,0.06530173758324863,0.06530173758324863
2024-02-14 11:00:00,0.3074574049909504,0.3074574049909504
2024-02-14 12:00:00,0.5281484534428033,0.5281484534428033
2024-02-14 13:00:00,1.0060302269952714,1.0060302269952714
2024-02-14 14:00:00,1.4482744073082672,1.4482744073082672
2024-02-14 15:00:00,1.515176681891829,1.515176681891829
2024-02-14 16:00:00,2.222480766193432,2.222480766193432
2024-02-14 17:00:00,2.2409316713336374,2.2409316713336374
2024-02-14 18:00:00,2.067128793273262,2.067128793273262
2024-02-14 19:00:00,2.2358784723675367,2.2358784723675367
2024-02-14 20:00:00,2.4526964509997917,2.4526964509997917
2024-02-14 21:00:00,2.407740414428905,2.407740414428905
2024-02-14 22:00:00,0.0,0.0
2024-02-14 23:00:00,0.0,0.0
2024-02-15 00:00:00,0.0,0.0
2024-02-15 01:00:00,0.0,0.0
2024-02-15 02:00:00,0.0,0.0
2024-02-15 03:00:00,0.0,0.0
2024-02-15 04:00:00,0.0,0.0
2024-02-15 05:00:00,0.0,0.0
2024-02-15 06:00:00,0.0,0.0
2024-02-15 07:00:00,0.0,0.0
2024-02-15 08:00:00,0.0,0.0
2024-02-15 09:00:00,0.0,0.0
2024-02-15 10:00:00,0.08068768072576052,0.08068768072576052
2024-02-15 11:00:00,0.28952880821610383,0.28952880821610383
2024-02-15 12:00:00,0.6046031067732552,0.6046031067732552
2024-02-15 13:00:00,0.9499711961851155,0.9499711961851155
2024-02-15 14:00:00,1.339990082582184,1.339990082582184
2024-02-15 15:00:00,1.6919441203880312,1.6919441203880312
2024-02-15 16:00:00,1.7570073235219672,1.7570073235219672
2024-02-15 17:00:00,2.0917960651037446,2.0917960651037446
2024-02-15 18:00:00,2.5981320161221997,2.5981320161221997
2024-02-15 19:00:00,2.4493602868799904,2.4493602868799904
2024-02-15 20:00:00,2.5828988254112932,2.5828988254112932
2024-02-15 21:00:00,2.479148124969355,2.479148124969355
2024-02-15 22:00:00,0.0,0.0
2024-02-15 23:00:00,0.0,0.0
2024-02-16 00:00:00,0.0,0.0
2024-02-16 01:00:00,0.0,0.0
2024-02-16 02:00:00,0.0,0.0
2024-02-16 03:00:00,0.0,0.0
2024-02-16 04:00:00,0.0,0.0
2024-02-16 05:00:00,0.0,0.0
2024-02-16 06:00:00,0.0,0.0
2024-02-16 07:00:00,0.0,0.0
2024-02-16 08:00:00,0.0,0.0
2024-02-16 09:00:00,0.0,0.0
2024-02-16 10:00:00,0.06244423017318258,0.06244423017318258
2024-02-16 11:00:00,0.25256352590492864,0.25256352590492864
2024-02-16 12:00:00,0.4539295359073921,0.4539295359073921
2024-02-16 13:00:00,0.755340868336901,0.755340868336901
2024-02-16 14:00:00,1.4631623714753461,1.4631623714753461
2024-02-16 15:00:00,1.4270257372018265,1.4270257372018265
2024-02-16 16:00:00,1.8726563809858925,1.8726563809858925
2024-02-16 17:00:00,2.0663389180147864,2.0663389180147864
2024-02-16 18:00:00,2.1080699187657888,2.1080699187657888
2024-02-16 19:00:00,2.1036023616038704,2.1036023616038704
2024-02-16 20:00:00,2.5852056816974773,2.5852056816974773
2024-02-16 21:00:00,1.932876158965219,1.932876158965219
2024-02-16 22:00:00,0.0,0.0
2024-02-16 23:00:00,0.0,0.0
2024-02-17 00:00:00,0.0,0.0
2024-02-17 01:00:00,0.0,0.0
2024-02-17 02:00:00,0.0,0.0
2024-02-17 03:00:00,0.0,0.0
2024-02-17 04:00:00,0.0,0.0
2024-02-17 05:00:00,0.0,0.0
2024-02-17 06:00:00,0.0,0.0
2024-02-17 07:00:00,0.0,0.0
2024-02-17 08:00:00,0.0,0.0
2024-02-17 09:00:00,0.0,0.0
2024-02-17 10:00:00,0.04643758447455374,0.04643758447455374
2024-02-17 11:00:00,0.19706370790851563,0.19706370790851563
2024-02-17 12:00:00,0.4005125250339295,0.4005125250339295
2024-02-17 13:00:00,0.6818398432409767,0.6818398432409767
2024-02-17 14:00:00,0.9017766787950002,0.9017766787950002
2024-02-17 15:00:00,0.9541728545220365,0.9541728545220365
2024-02-17 16:00:00,1.6904240704297475,1.6904240704297475
2024-02-17 17:00:00,1.6008538879862997,1.6008538879862997
2024-02-17 18:00:00,1.70327656062296,1.70327656062296
2024-02-17 19:00:00,1.9740596714796483,1.9740596714796483
2024-02-17 20:00:00,1.6149024418458606,1.6149024418458606
2024-02-17 21:00:00,1.614839684660262,1.614839684660262
2024-02-17 22:00:00,0.0,0.0
2024-02-17 23:00:00,0.0,0.0
2024-02-18 00:00:00,0.0,0.0
2024-02-18 01:00:00,0.0,0.0
2024-02-18 02:00:00,0.0,0.0
2024-02-18 03:00:00,0.0,0.0
2024-02-18 04:00:00,0.0,0.0
2024-02-18 05:00:00,0.0,0.0
2024-02-18 06:00:00,0.0,0.0
2024-02-18 07:00:00,0.0,0.0
2024-02-18 08:00:00,0.0,0.0
2024-02-18 09:00:00,0.0,0.0
2024-02-18 10:00:00,0.045908587733037486,0.045908587733037486
2024-02-18 11:00:00,0.21534434998286103,0.21534434998286103
2024-02-18 12:00:00,0.39060605780979674,0.39060605780979674
2024-02-18 13:00:00,0.6665785456041807,0.6665785456041807
2024-02-18 14:00:00,0.93356149215359,0.93356149215359
2024-02-18 15:00:00,1.12375723437367,1.12375723437367
2024-02-18 16:00:00,1.780502579988837,1.780502579988837
2024-02-18 17:00:00,1.536400965560687,1.536400965560687
2024-02-18 18:00:00,1.843990279425577,1.843990279425577
2024-02-18 19:00:00,1.5422481180449392,1.5422481180449392
2024-02-18 20:00:00,1.7641865855210193,1.7641865855210193
2024-02-18 21:00:00,1.7843344566208181,1.7843344566208181
2024-02-18 22:00:00,0.0,0.0
2024-02-18 23:00:00,0.0,0.0
2024-02-19 00:00:00,0.0,0.0
2024-02-19 01:00:00,0.0,0.0
2024-02-19 02:00:00,0.0,0.0
2024-02-19 03:00:00,0.0,0.0
2024-02-19 04:00:00,0.0,0.0
2024-02-19 05:00:00,0.0,0.0
2024-02-19 06:00:00,0.0,0.0
2024-02-19 07:00:00,0.0,0.0
2024-02-19 08:00:00,0.0,0.0
2024-02-19 09:00:00,0.0,0.0
2024-02-19 10:00:00,0.07342371450118325,0.07342371450118325
2024-02-19 11:00:00,0.3201568296535983,0.3201568296535983
2024-02-19 12:00:00,0.5302456607312733,0.5302456607312733
2024-02-19 13:00:00,1.0662818426017695,1.0662818426017695
2024-02-19 14:00:00,1.7380431629335966,1.7380431629335966
2024-02-19 15:00:00,1.8148498092240257,1.8148498092240257
2024-02-19 16:00:00,2.207807222924376,2.207807222924376
2024-02-19 17:00:00,2.3161199046183625,2.3161199046183625
2024-02-19 18:00:00,2.6016166676165864,2.6016166676165864
2024-02-19 19:00:00,2.435267099227503,2.435267099227503
2024-02-19 20:00:00,2.486999404176604,2.486999404176604
2024-02-19 21:00:00,2.601514614117661,2.601514614117661
2024-02-19 22:00:00,0.0,0.0
2024-02-19 23:00:00,0.0,0.0
2024-02-20 00:00:00,0.0,0.0
2024-02-20 01:00:00,0.0,0.0
2024-02-20 02:00:00,0.0,0.0
2024-02-20 03:00:00,0.0,0.0
2024-02-20 04:00:00,0.0,0.0
2024-02-20 05:00:00,0.0,0.0
2024-02-20 06:00:00,0.0,0.0
2024-02-20 07:00:00,0.0,0.0
2024-02-20 08:00:00,0.0,0.0
2024-02-20 09:00:00,0.0,0.0
2024-02-20 10:00:00,0.07315079319602821,0.07315079319602821
2024-02-20 11:00:00,0.3067080549227948,0.3067080549227948
2024-02-20 12:00:00,0.6548578814505848,0.6548578814505848
2024-02-20 13:00:00,0.8481310987257138,0.8481310987257138
2024-02-20 14:00:00,1.4156835787100308,1.4156835787100308
2024-02-20 15:00:00,1.738463930199265,1.738463930199265
2024-02-20 16:00:00,2.1223523088374043,2.1223523088374043
2024-02-20 17:00:00,1.9814582178137912,1.9814582178137912
2024-02-20 18:00:00,2.343168971118389,2.343168971118389
2024-02-20 19:00:00,2.6640389374013638,2.6640389374013638
2024-02-20 20:00:00,2.2085034331148896,2.2085034331148896
2024-02-20 21:00:00,2.1675128721334347,2.1675128721334347
2024-02-20 22:00:00,0.0,0.0
2024-02-20 23:00:00,0.0,0.0
2024-02-21 00:00:00,0.0,0.0
2024-02-21 01:00:00,0.0,0.0
2024-02-21 02:00:00,0.0,0.0
2024-02-21 03:00:00,0.0,0.0
2024-02-21 04:00:00,0.0,0.0
2024-02-21 05:00:00,0.0,0.0
2024-02-21 06:00:00,0.0,0.0
2024-02-21 07:00:00,0.0,0.0
2024-02-21 08:00:00,0.0,0.0
2024-02-21 09:00:00,0.0,0.0
2024-02-21 10:00:00,0.07165293137099144,0.07165293137099144
2024-02-21 11:00:00,0.35913687946985623,0.35913687946985623
2024-02-21 12:00:00,0.6603679580546988,0.6603679580546988
2024-02-21 13:00:00,0.8615550473740966,0.8615550473740966
2024-02-21 14:00:00,1.7885506980181551,1.7885506980181551
2024-02-21 15:00:00,1.5647899949244841,1.5647899949244841
2024-02-21 16:00:00,2.6920912108362454,2.6920912108362454
2024-02-21 17:00:00,2.0220645253247196,2.0220645253247196
2024-02-21 18:00:00,3.0690357245870685,3.0690357245870685
2024-02-21 19:00:00,3.1628770016566077,3.1628770016566077
2024-02-21 20:00:00,2.5296364509068336,2.5296364509068336
2024-02-21 21:00:00,2.7426397967402685,2.7426397967402685
2024-02-21 22:00:00,0.0,0.0
2024-02-21 23:00:00,0.0,0.0
2024-02-22 00:00:00,0.0,0.0
2024-02-22 01:00:00,0.0,0.0
2024-02-22 02:00:00,0.0,0.0
2024-02-22 03:00:00,0.0,0.0
2024-02-22 04:00:00,0.0,0.0
2024-02-22 05:00:00,0.0,0.0
2024-02-22 06:00:00,0.0,0.0
2024-02-22 07:00:00,0.0,0.0
2024-02-22 08:00:00,0.0,0.0
2024-02-22 09:00:00,0.0,0.0
2024-02-22 10:00:00,0.07809115777417773,0.07809115777417773
2024-02-22 11:00:00,0.28002840559285486,0.28002840559285486
2024-02-22 12:00:00,0.5348842278604149,0.5348842278604149
2024-02-22 13:00:00,0.9409157036399993,0.9409157036399993
2024-02-22 14:00:00,1.5049853510498874,1.5049853510498874
2024-02-22 15:00:00,1.5297297463454003,1.5297297463454003
2024-02-22 16:00:00,2.645954259805878,2.645954259805878
2024-02-22 17:00:00,2.2334137633264954,2.2334137633264954
2024-02-22 18:00:00,2.949577581197218,2.949577581197218
2024-02-22 19:00:00,2.5116705291643657,2.5116705291643657
2024-02-22 20:00:00,2.4077576268769163,2.4077576268769163
2024-02-22 21:00:00,2.4899729803274586,2.4899729803274586
2024-02-22 22:00:00,0.0,0.0
2024-02-22 23:00:00,0.0,0.0
2024-02-23 00:00:00,0.0,0.0
2024-02-23 01:00:00,0.0,0.0
2024-02-23 02:00:00,0.0,0.0
2024-02-23 03:00:00,0.0,0.0
2024-02-23 04:00:00,0.0,0.0
2024-02-23 05:00:00,0.0,0.0
2024-02-23 06:00:00,0.0,0.0
2024-02-23 07:00:00,0.0,0.0
2024-02-23 08:00:00,0.0,0.0
2024-02-23 09:00:00,0.0,0.0
2024-02-23 10:00:00,0.08088182844557897,0.08088182844557897
2024-02-23 11:00:00,0.33236647941480174,0.33236647941480174
2024-02-23 12:00:00,0.5987321501918249,0.5987321501918249
2024-02-23 13:00:00,1.074378517729621,1.074378517729621
2024-02-23 14:00:00,1.601234118554041,1.601234118554041
2024-02-23 15:00:00,1.709673287926261,1.709673287926261
2024-02-23 16:00:00,2.2999896257960244,2.2999896257960244
2024-02-23 17:00:00,2.2081862812979405,2.2081862812979405
2024-02-23 18:00:00,2.3033200795532247,2.3033200795532247
2024-02-23 19:00:00,3.1794370725906265,3.1794370725906265
2024-02-23 20:00:00,2.69232466751134,2.69232466751134
2024-02-23 21:00:00,2.329100778640905,2.329100778640905
2024-02-23 22:00:00,0.0,0.0
2024-02-23 23:00:00,0.0,0.0
2024-02-24 00:00:00,0.0,0.0
2024-02-24 01:00:00,0.0,0.0
2024-02-24 02:00:00,0.0,0.0
2024-02-24 03:00:00,0.0,0.0
2024-02-24 04:00:00,0.0,0.0
2024-02-24 05:00:00,0.0,0.0
2024-02-24 06:00:00,0.0,0.0
2024-02-24 07:00:00,0.0,0.0
2024-02-24 08:00:00,0.0,0.0
2024-02-24 09:00:00,0.0,0.0
2024-02-24 10:00:00,0.05354324109400073,0.05354324109400073
2024-02-24 11:00:00,0.2132891698124266,0.2132891698124266
2024-02-24 12:00:00,0.3403099302801327,0.3403099302801327
2024-02-24 13:00:00,0.6680566058135696,0.6680566058135696
2024-02-24 14:00:00,1.0552686132320073,1.0552686132320073
2024-02-24 15:00:00,1.096326658388772,1.096326658388772
2024-02-24 16:00:00,1.5069407478084909,1.5069407478084909
2024-02-24 17:00:00,1.4909200645068734,1.4909200645068734
2024-02-24 18:00:00,1.4602295109931154,1.4602295109931154
2024-02-24 19:00:00,1.4302958531374435,1.4302958531374435
2024-02-24 20:00:00,1.6656743790265889,1.6656743790265889
2024-02-24 21:00:00,1.6864697375428326,1.6864697375428326
2024-02-24 22:00:00,0.0,0.0
2024-02-24 23:00:00,0.0,0.0
2024-02-25 00:00:00,0.0,0.0
2024-02-25 01:00:00,0.0,0.0
2024-02-25 02:00:00,0.0,0.0
2024-02-25 03:00:00,0.0,0.0
2024-02-25 04:00:00,0.0,0.0
2024-02-25 05:00:00,0.0,0.0
2024-02-25 06:00:00,0.0,0.0
2024-02-25 07:00:00,0.0,0.0
2024-02-25 08:00:00,0.0,0.0
2024-02-25 09:00:00,0.0,0.0
2024-02-25 10:00:00,0.04801522477518653,0.04801522477518653
2024-02-25 11:00:00,0.22475452396465007,0.22475452396465007
2024-02-25 12:00:00,0.45257185254523596,0.45257185254523596
2024-02-25 13:00:00,0.6653165485078987,0.6653165485078987
2024-02-25 14:00:00,0.937315509221821,0.937315509221821
2024-02-25 15:00:00,1.2080006634056968,1.2080006634056968
2024-02-25 16:00:00,1.3265520285590169,1.3265520285590169
2024-02-25 17:00:00,1.4276034761943848,1.4276034761943848
2024-02-25 18:00:00,1.7764493444664344,1.7764493444664344
2024-02-25 19:00:00,1.6149621929821412,1.6149621929821412
2024-02-25 20:00:00,1.8821342023466554,1.8821342023466554
2024-02-25 21:00:00,1.4761770503491958,1.4761770503491958
2024-02-25 22:00:00,0.0,0.0
2024-02-25 23:00:00,0.0,0.0
2024-02-26 00:00:00,0.0,0.0
2024-02-26 01:00:00,0.0,0.0
2024-02-26 02:00:00,0.0,0.0
2024-02-26 03:00:00,0.0,0.0
2024-02-26 04:00:00,0.0,0.0
2024-02-26 05:00:00,0.0,0.0
2024-02-26 06:00:00,0.0,0.0
2024-02-26 07:00:00,0.0,0.0
2024-02-26 08:00:00,0.0,0.0
2024-02-26 09:00:00,0.0,0.0
2024-02-26 10:00:00,0.06766002281171417,0.06766002281171417
2024-02-26 11:00:00,0.26799945064656433,0.26799945064656433
2024-02-26 12:00:00,0.4826117117635388,0.4826117117635388
2024-02-26 13:00:00,0.7038776588659638,0.7038776588659638
2024-02-26 14:00:00,1.1566426736792168,1.1566426736792168
2024-02-26 15:00:00,1.544814806143378,1.544814806143378
2024-02-26 16:00:00,2.041202252436109,2.041202252436109
2024-02-26 17:00:00,1.9815337679900051,1.9815337679900051
2024-02-26 18:00:00,2.0842606750795265,2.0842606750795265
2024-02-26 19:00:00,2.145713697776807,2.145713697776807
2024-02-26 20:00:00,2.008472939870767,2.008472939870767
2024-02-26 21:00:00,2.2683957920116593,2.2683957920116593
2024-02-26 22:00:00,0.0,0.0
2024-02-26 23:00:00,0.0,0.0
2024-02-27 00:00:00,0.0,0.0
2024-02-27 01:00:00,0.0,0.0
2024-02-27 02:00:00,0.0,0.0
2024-02-27 03:00:00,0.0,0.0
2024-02-27 04:00:00,0.0,0.0
2024-02-27 05:00:00,0.0,0.0
2024-02-27 06:00:00,0.0,0.0
2024-02-27 07:00:00,0.0,0.0
2024-02-27 08:00:00,0.0,0.0
2024-02-27 09:00:00,0.0,0.0
2024-02-27 10:00:00,0.06403092911363059,0.06403092911363059
2024-02-27 11:00:00,0.32773024212369667,0.32773024212369667
2024-02-27 12:00:00,0.6130211466883903,0.6130211466883903
2024-02-27 13:00:00,0.854985559390483,0.854985559390483
2024-02-27 14:00:00,1.6055532504147427,1.6055532504147427
2024-02-27 15:00:00,1.4877153636245715,1.4877153636245715
2024-02-27 16:00:00,1.839460327593858,1.839460327593858
2024-02-27 17:00:00,1.8230336216263472,1.8230336216263472
2024-02-27 18:00:00,2.5505151034644498,2.5505151034644498
2024-02-27 19:00:00,2.344383588692231,2.344383588692231
2024-02-27 20:00:00,2.3429600513295834,2.3429600513295834
2024-02-27 21:00:00,2.5162553820078557,2.5162553820078557
2024-02-27 22:00:00,0.0,0.0
2024-02-27 23:00:00,0.0,0.0
2024-02-28 00:00:00,0.0,0.0
2024-02-28 01:00:00,0.0,0.0
2024-02-28 02:00:00,0.0,0.0
2024-02-28 03:00:00,0.0,0.0
2024-02-28 04:00:00,0.0,0.0
2024-02-28 05:00:00,0.0,0.0
2024-02-28 06:00:00,0.0,0.0
2024-02-28 07:00:00,0.0,0.0
2024-02-28 08:00:00,0.0,0.0
2024-02-28 09:00:00,0.0,0.0
2024-02-28 10:00:00,0.07684566568380208,0.07684566568380208
2024-02-28 11:00:00,0.2746133177950593,0.2746133177950593
2024-02-28 12:00:00,0.67422612341688,0.67422612341688
2024-02-28 13:00:00,1.0359729945730765,1.0359729945730765
2024-02-28 14:00:00,1.4870143464563603,1.4870143464563603
2024-02-28 15:00:00,1.7621619758605296,1.7621619758605296
2024-02-28 16:00:00,2.2504958183547368,2.2504958183547368
2024-02-28 17:00:00,2.097647944566411,2.097647944566411
2024-02-28 18:00:00,2.1618595329323327,2.1618595329323327
2024-02-28 19:00:00,2.8470668300883424,2.8470668300883424
2024-02-28 20:00:00,2.7707416148940753,2.7707416148940753
2024-02-28 21:00:00,2.4125299701642913,2.4125299701642913
2024-02-28 22:00:00,0.0,0.0
2024-02-28 23:00:00,0.0,0.0
2024-02-29 00:00:00,0.0,0.0
2024-02-29 01:00:00,0.0,0.0
2024-02-29 02:00:00,0.0,0.0
2024-02-29 03:00:00,0.0,0.0
2024-02-29 04:00:00,0.0,0.0
2024-02-29 05:00:00,0.0,0.0
2024-02-29 06:00:00,0.0,0.0
2024-02-29 07:00:00,0.0,0.0
2024-02-29 08:00:00,0.0,0.0
2024-02-29 09:00:00,0.0,0.0
2024-02-29 10:00:00,0.0750310057070847,0.0750310057070847
2024-02-29 11:00:00,0.31207289415246275,0.31207289415246275
2024-02-29 12:00:00,0.5249059831776626,0.5249059831776626
2024-02-29 13:00:00,0.9687681899979244,0.9687681899979244
2024-02-29 14:00:00,1.5855730788988023,1.5855730788988023
2024-02-29 15:00:00,1.4807962319658736,1.4807962319658736
2024-02-29 16:00:00,2.3801882508351495,2.3801882508351495
2024-02-29 17:00:00,2.1812749874665607,2.1812749874665607
2024-02-29 18:00:00,2.2451320610570944,2.2451320610570944
2024-02-29 19:00:00,2.5592428406575025,2.5592428406575025
2024-02-29 20:00:00,2.247153567582792,2.247153567582792
2024-02-29 21:00:00,2.4593195336598086,2.4593195336598086
2024-02-29 22:00:00,0.0,0.0
2024-02-29 23:00:00,0.0,0.0
2024-03-01 00:00:00,0.0,0.0
2024-03-01 01:00:00,0.0,0.0
2024-03-01 02:00:00,0.0,0.0
2024-03-01 03:00:00,0.0,0.0
2024-03-01 04:00:00,0.0,0.0
2024-03-01 05:00:00,0.0,0.0
2024-03-01 06:00:00,0.0,0.0
2024-03-01 07:00:00,0.0,0.0
2024-03-01 08:00:00,0.0,0.0
2024-03-01 09:00:00,0.0,0.0
2024-03-01 10:00:00,0.08312057768768834,0.08312057768768834
2024-03-01 11:00:00,0.2549650161140058,0.2549650161140058
2024-03-01 12:00:00,0.6410543843848797,0.6410543843848797
2024-03-01 13:00:00,0.8355041139426185,0.8355041139426185
2024-03-01 14:00:00,1.6156196651952859,1.6156196651952859
2024-03-01 15:00:00,1.664572764448944,1.664572764448944
2024-03-01 16:00:00,2.404527334597366,2.404527334597366
2024-03-01 17:00:00,2.2371009237487636,2.2371009237487636
2024-03-01 18:00:00,2.6850314049269506,2.6850314049269506
2024-03-01 19:00:00,2.172854873787203,2.172854873787203
2024-03-01 20:00:00,2.636708808104045,2.636708808104045
2024-03-01 21:00:00,2.522736972666799,2.522736972666799
2024-03-01 22:00:00,0.0,0.0
2024-03-01 23:00:00,0.0,0.0
2024-03-02 00:00:00,0.0,0.0
2024-03-02 01:00:00,0.0,0.0
2024-03-02 02:00:00,0.0,0.0
2024-03-02 03:00:00,0.0,0.0
2024-03-02 04:00:00,0.0,0.0
2024-03-02 05:00:00,0.0,0.0
2024-03-02 06:00:00,0.0,0.0
2024-03-02 07:00:00,0.0,0.0
2024-03-02 08:00:00,0.0,0.0
2024-03-02 09:00:00,0.0,0.0
2024-03-02 10:00:00,0.047518752684593046,0.047518752684593046
2024-03-02 11:00:00,0.19770674084456097,0.19770674084456097
2024-03-02 12:00:00,0.3913021972234275,0.3913021972234275
2024-03-02 13:00:00,0.502177442201745,0.502177442201745
2024-03-02 14:00:00,0.9760785898951396,0.9760785898951396
2024-03-02 15:00:00,1.122439808247777,1.122439808247777
2024-03-02 16:00:00,1.3009080283901708,1.3009080283901708
2024-03-02 17:00:00,1.5584267998993215,1.5584267998993215
2024-03-02 18:00:00,1.763792521303257,1.763792521303257
2024-03-02 19:00:00,1.6556489184400762,1.6556489184400762
2024-03-02 20:00:00,1.434543986848995,1.434543986848995
2024-03-02 21:00:00,1.3570914342630485,1.3570914342630485
2024-03-02 22:00:00,0.0,0.0
2024-03-02 23:00:00,0.0,0.0
2024-03-03 00:00:00,0.0,0.0
2024-03-03 01:00:00,0.0,0.0
2024-03-03 02:00:00,0.0,0.0
2024-03-03 03:00:00,0.0,0.0
2024-03-03 04:00:00,0.0,0.0
2024-03-03 05:00:00,0.0,0.0
2024-03-03 06:00:00,0.0,0.0
2024-03-03 07:00:00,0.0,0.0
2024-03-03 08:00:00,0.0,0.0
2024-03-03 09:00:00,0.0,0.0
2024-03-03 10:00:00,0.047112310638129054,0.047112310638129054
2024-03-03 11:00:00,0.1963766019625127,0.1963766019625127
2024-03-03 12:00:00,0.3766153211417038,0.3766153211417038
2024-03-03 13:00:00,0.6574739130637227,0.6574739130637227
2024-03-03 14:00:00,1.153045899592475,1.153045899592475
2024-03-03 15:00:00,1.250433088501895,1.250433088501895
2024-03-03 16:00:00,1.629772011004165,1.629772011004165
2024-03-03 17:00:00,1.5616054462572075,1.5616054462572075
2024-03-03 18:00:00,1.5977598116166192,1.5977598116166192
2024-03-03 19:00:00,1.6977299318472356,1.6977299318472356
2024-03-03 20:00:00,1.942479774048601,1.942479774048601
2024-03-03 21:00:00,1.5845179935121807,1.5845179935121807
2024-03-03 22:00:00,0.0,0.0
2024-03-03 23:00:00,0.0,0.0
2024-03-04 00:00:00,0.0,0.0
2024-03-04 01:00:00,0.0,0.0
2024-03-04 02:00:00,0.0,0.0
2024-03-04 03:00:00,0.0,0.0
2024-03-04 04:00:00,0.0,0.0
2024-03-04 05:00:00,0.0,0.0
2024-03-04 06:00:00,0.0,0.0
2024-03-04 07:00:00,0.0,0.0
2024-03-04 08:00:00,0.0,0.0
2024-03-04 09:00:00,0.0,0.0
2024-03-04 10:00:00,0.07093211976244768,0.07093211976244768
2024-03-04 11:00:00,0.3463250796927063,0.3463250796927063
2024-03-04 12:00:00,0.5147750264027935,0.5147750264027935
2024-03-04 13:00:00,0.9751762445534882,0.9751762445534882
2024-03-04 14:00:00,1.2687754155552793,1.2687754155552793
2024-03-04 15:00:00,1.769251628504187,1.769251628504187
2024-03-04 16:00:00,2.0605475987672404,2.0605475987672404
2024-03-04 17:00:00,2.4200744721284377,2.4200744721284377
2024-03-04 18:00:00,2.2695905383079475,2.2695905383079475
2024-03-04 19:00:00,2.9018096935531528,2.9018096935531528
2024-03-04 20:00:00,2.174787476089258,2.174787476089258
2024-03-04 21:00:00,2.3569078479281518,2.3569078479281518
2024-03-04 22:00:00,0.0,0.0
2024-03-04 23:00:00,0.0,0.0
2024-03-05 00:00:00,0.0,0.0
2024-03-05 01:00:00,0.0,0.0
2024-03-05 02:00:00,0.0,0.0
2024-03-05 03:00:00,0.0,0.0
2024-03-05 04:00:00,0.0,0.0
2024-03-05 05:00:00,0.0,0.0
2024-03-05 06:00:00,0.0,0.0
2024-03-05 07:00:00,0.0,0.0
2024-03-05 08:00:00,0.0,0.0
2024-03-05 09:00:00,0.0,0.0
2024-03-05 10:00:00,0.07961471331452172,0.07961471331452172
2024-03-05 11:00:00,0.2776445330498553,0.2776445330498553
2024-03-05 12:00:00,0.6431146989279203,0.6431146989279203
2024-03-05 13:00:00,1.0879659274827957,1.0879659274827957
2024-03-05 14:00:00,1.6454215138537116,1.6454215138537116
2024-03-05 15:00:00,1.5237731315483938,1.5237731315483938
2024-03-05 16:00:00,2.2276819774204406,2.2276819774204406
2024-03-05 17:00:00,2.4547367674379,2.4547367674379
2024-03-05 18:00:00,2.665717109015178,2.665717109015178
2024-03-05 19:00:00,3.0909985246392098,3.0909985246392098
2024-03-05 20:00:00,2.518889728946311,2.518889728946311
2024-03-05 21:00:00,2.837470847092458,2.837470847092458
2024-03-05 22:00:00,0.0,0.0
2024-03-05 23:00:00,0.0,0.0
2024-03-06 00:00:00,0.0,0.0
2024-03-06 01:00:00,0.0,0.0
2024-03-06 02:00:00,0.0,0.0
2024-03-06 03:00:00,0.0,0.0
2024-03-06 04:00:00,0.0,0.0
2024-03-06 05:00:00,0.0,0.0
2024-03-06 06:00:00,0.0,0.0
2024-03-06 07:00:00,0.0,0.0
2024-03-06 08:00:00,0.0,0.0
2024-03-06 09:00:00,0.0,0.0
2024-03-06 10:00:00,0.07568188316977566,0.07568188316977566
2024-03-06 11:00:00,0.324846530980937,0.324846530980937
2024-03-06 12:00:00,0.5794147632317693,0.5794147632317693
2024-03-06 13:00:00,1.039692429012901,1.039692429012901
2024-03-06 14:00:00,1.4647269417810773,1.4647269417810773
2024-03-06 15:00:00,1.7760691992988002,1.7760691992988002
2024-03-06 16:00:00,2.2740950077091946,2.2740950077091946
2024-03-06 17:00:00,1.9332375211761108,1.9332375211761108
2024-03-06 18:00:00,2.7576366948745026,2.7576366948745026
2024-03-06 19:00:00,2.597812394631437,2.597812394631437
2024-03-06 20:00:00,2.8258669682523347,2.8258669682523347
2024-03-06 21:00:00,2.7249339794441156,2.7249339794441156
2024-03-06 22:00:00,0.0,0.0
2024-03-06 23:00:00,0.0,0.0
2024-03-07 00:00:00,0.0,0.0
2024-03-07 01:00:00,0.0,0.0
2024-03-07 02:00:00,0.0,0.0
2024-03-07 03:00:00,0.0,0.0
2024-03-07 04:00:00,0.0,0.0
2024-03-07 05:00:00,0.0,0.0
2024-03-07 06:00:00,0.0,0.0
2024-03-07 07:00:00,0.0,0.0
2024-03-07 08:00:00,0.0,0.0
2024-03-07 09:00:00,0.0,0.0
2024-03-07 10:00:00,0.07355707499922198,0.07355707499922198
2024-03-07 11:00:00,0.32230360191430146,0.32230360191430146
2024-03-07 12:00:00,0.6146795877548996,0.6146795877548996
2024-03-07 13:00:00,1.019627210895629,1.019627210895629
2024-03-07 14:00:00,1.7801661233788602,1.7801661233788602
2024-03-07 15:00:00,1.6421609654575802,1.6421609654575802
2024-03-07 16:00:00,2.513059760655266,2.513059760655266
2024-03-07 17:00:00,2.210493579527973,2.210493579527973
2024-03-07 18:00:00,2.2871075921479362,2.2871075921479362
2024-03-07 19:00:00,2.737295243639757,2.737295243639757
2024-03-07 20:00:00,3.00593699304597,3.00593699304597
2024-03-07 21:00:00,2.78339251865537,2.78339251865537
2024-03-07 22:00:00,0.0,0.0
2024-03-07 23:00:00,0.0,0.0
2024-03-08 00:00:00,0.0,0.0
2024-03-08 01:00:00,0.0,0.0
2024-03-08 02:00:00,0.0,0.0
2024-03-08 03:00:00,0.0,0.0
2024-03-08 04:00:00,0.0,0.0
2024-03-08 05:00:00,0.0,0.0
2024-03-08 06:00:00,0.0,0.0
2024-03-08 07:00:00,0.0,0.0
2024-03-08 08:00:00,0.0,0.0
2024-03-08 09:00:00,0.0,0.0
2024-03-08 10:00:00,0.07313397716312363,0.07313397716312363
2024-03-08 11:00:00,0.29696371808472727,0.29696371808472727
2024-03-08 12:00:00,0.5618649037143127,0.5618649037143127
2024-03-08 13:00:00,1.021662345634419,1.021662345634419
2024-03-08 14:00:00,1.5473199136021494,1.5473199136021494
2024-03-08 15:00:00,1.7067451304114087,1.7067451304114087
2024-03-08 16:00:00,2.121114116378162,2.121114116378162
2024-03-08 17:00:00,2.3037045278022332,2.3037045278022332
2024-03-08 18:00:00,2.223425782251952,2.223425782251952
2024-03-08 19:00:00,2.5961123131562496,2.5961123131562496
2024-03-08 20:00:00,2.254544627663281,2.254544627663281
2024-03-08 21:00:00,2.0592153724641387,2.0592153724641387
2024-03-08 22:00:00,0.0,0.0
2024-03-08 23:00:00,0.0,0.0
2024-03-09 00:00:00,0.0,0.0
2024-03-09 01:00:00,0.0,0.0
2024-03-09 02:00:00,0.0,0.0
2024-03-09 03:00:00,0.0,0.0
2024-03-09 04:00:00,0.0,0.0
2024-03-09 05:00:00,0.0,0.0
2024-03-09 06:00:00,0.0,0.0
2024-03-09 07:00:00,0.0,0.0
2024-03-09 08:00:00,0.0,0.0
2024-03-09 09:00:00,0.0,0.0
2024-03-09 10:00:00,0.05427668345604041,0.05427668345604041
2024-03-09 11:00:00,0.228532512521508,0.228532512521508
2024-03-09 12:00:00,0.36086789863906915,0.36086789863906915
2024-03-09 13:00:00,0.7147913170115915,0.7147913170115915
2024-03-09 14:00:00,0.8956430788288681,0.8956430788288681
2024-03-09 15:00:00,1.3057523122833774,1.3057523122833774
2024-03-09 16:00:00,1.5286062641143536,1.5286062641143536
2024-03-09 17:00:00,1.4228027242936403,1.4228027242936403
2024-03-09 18:00:00,1.9260319966181947,1.9260319966181947
2024-03-09 19:00:00,1.5689811499560784,1.5689811499560784
2024-03-09 20:00:00,1.6715870109657467,1.6715870109657467
2024-03-09 21:00:00,1.8650747159851542,1.8650747159851542
2024-03-09 22:00:00,0.0,0.0
2024-03-09 23:00:00,0.0,0.0
2024-03-10 00:00:00,0.0,0.0
2024-03-10 01:00:00,0.0,0.0
2024-03-10 02:00:00,0.0,0.0
2024-03-10 03:00:00,0.0,0.0
2024-03-10 04:00:00,0.0,0.0
2024-03-10 05:00:00,0.0,0.0
2024-03-10 06:00:00,0.0,0.0
2024-03-10 07:00:00,0.0,0.0
2024-03-10 08:00:00,0.0,0.0
2024-03-10 09:00:00,0.0,0.0
2024-03-10 10:00:00,0.052036447312778095,0.052036447312778095
2024-03-10 11:00:00,0.21036667070436488,0.21036667070436488
2024-03-10 12:00:00,0.3734580714954674,0.3734580714954674
2024-03-10 13:00:00,0.5889412378913492,0.5889412378913492
2024-03-10 14:00:00,0.9976697870479792,0.9976697870479792
2024-03-10 15:00:00,1.099784194130216,1.099784194130216
2024-03-10 16:00:00,1.339151220811245,1.339151220811245
2024-03-10 17:00:00,1.2106534603500434,1.2106534603500434
2024-03-10 18:00:00,1.814857713913131,1.814857713913131
2024-03-10 19:00:00,1.6972653681000196,1.6972653681000196
2024-03-10 20:00:00,1.5444316914853642,1.5444316914853642
2024-03-10 21:00:00,1.7124373330785627,1.7124373330785627
2024-03-10 22:00:00,0.0,0.0
2024-03-10 23:00:00,0.0,0.0
2024-03-11 00:00:00,0.0,0.0
2024-03-11 01:00:00,0.0,0.0
2024-03-11 02:00:00,0.0,0.0
2024-03-11 03:00:00,0.0,0.0
2024-03-11 04:00:00,0.0,0.0
2024-03-11 05:00:00,0.0,0.0
2024-03-11 06:00:00,0.0,0.0
2024-03-11 07:00:00,0.0,0.0
2024-03-11 08:00:00,0.0,0.0
2024-03-11 09:00:00,0.0,0.0
2024-03-11 10:00:00,0.06294015640221322,0.06294015640221322
2024-03-11 11:00:00,0.2828793165099443,0.2828793165099443
2024-03-11 12:00:00,0.6050595192728737,0.6050595192728737
2024-03-11 13:00:00,0.7887722583724268,0.7887722583724268
2024-03-11 14:00:00,1.3761040204129524,1.3761040204129524
2024-03-11 15:00:00,1.7219265076408388,1.7219265076408388
2024-03-11 16:00:00,2.1054411992318776,2.1054411992318776
2024-03-11 17:00:00,1.9711784627419764,1.9711784627419764
2024-03-11 18:00:00,2.14424576758073,2.14424576758073
2024-03-11 19:00:00,2.2527264996781913,2.2527264996781913
2024-03-11 20:00:00,2.0090456903452707,2.0090456903452707
2024-03-11 21:00:00,1.9243741915224934,1.9243741915224934
2024-03-11 22:00:00,0.0,0.0
2024-03-11 23:00:00,0.0,0.0
2024-03-12 00:00:00,0.0,0.0
2024-03-12 01:00:00,0.0,0.0
2024-03-12 02:00:00,0.0,0.0
2024-03-12 03:00:00,0.0,0.0
2024-03-12 04:00:00,0.0,0.0
2024-03-12 05:00:00,0.0,0.0
2024-03-12 06:00:00,0.0,0.0
2024-03-12 07:00:00,0.0,0.0
2024-03-12 08:00:00,0.0,0.0
2024-03-12 09:00:00,0.0,0.0
2024-03-12 10:00:00,0.07077827853218226,0.07077827853218226
2024-03-12 11:00:00,0.35690667690162187,0.35690667690162187
2024-03-12 12:00:00,0.6126762309729664,0.6126762309729664
2024-03-12 13:00:00,0.9497906185545253,0.9497906185545253
2024-03-12 14:00:00,1.7002901445361678,1.7002901445361678
2024-03-12 15:00:00,1.6523594803615833,1.6523594803615833
2024-03-12 16:00:00,2.5662946704235736,2.5662946704235736
2024-03-12 17:00:00,2.068486943511947,2.068486943511947
2024-03-12 18:00:00,2.572339392467512,2.572339392467512
2024-03-12 19:00:00,3.0292380341673035,3.0292380341673035
2024-03-12 20:00:00,2.9696552761084707,2.9696552761084707
2024-03-12 21:00:00,2.339419515686394,2.339419515686394
2024-03-12 22:00:00,0.0,0.0
2024-03-12 23:00:00,0.0,0.0
2024-03-13 00:00:00,0.0,0.0
2024-03-13 01:00:00,0.0,0.0
2024-03-13 02:00:00,0.0,0.0
2024-03-13 03:00:00,0.0,0.0
2024-03-13 04:00:00,0.0,0.0
2024-03-13 05:00:00,0.0,0.0
2024-03-13 06:00:00,0.0,0.0
2024-03-13 07:00:00,0.0,0.0
2024-03-13 08:00:00,0.0,0.0
2024-03-13 09:00:00,0.0,0.0
2024-03-13 10:00:00,0.06073797427359537,0.06073797427359537
2024-03-13 11:00:00,0.24156301853849327,0.24156301853849327
2024-03-13 12:00:00,0.5878863025084751,0.5878863025084751
2024-03-13 13:00:00,0.7593699540124308,0.7593699540124308
2024-03-13 14:00:00,1.2634717828296425,1.2634717828296425
2024-03-13 15:00:00,1.577148847446696,1.577148847446696
2024-03-13 16:00:00,1.8328615139728006,1.8328615139728006
2024-03-13 17:00:00,2.104531148751724,2.104531148751724
2024-03-13 18:00:00,2.4629280054217015,2.4629280054217015
2024-03-13 19:00:00,2.662331093900148,2.662331093900148
2024-03-13 20:00:00,1.9963416249051744,1.9963416249051744
2024-03-13 21:00:00,2.065609553409134,2.065609553409134
2024-03-13 22:00:00,0.0,0.0
2024-03-13 23:00:00,0.0,0.0
2024-03-14 00:00:00,0.0,0.0
2024-03-14 01:00:00,0.0,0.0
2024-03-14 02:00:00,0.0,0.0
2024-03-14 03:00:00,0.0,0.0
2024-03-14 04:00:00,0.0,0.0
2024-03-14 05:00:00,0.0,0.0
2024-03-14 06:00:00,0.0,0.0
2024-03-14 07:00:00,0.0,0.0
2024-03-14 08:00:00,0.0,0.0
2024-03-14 09:00:00,0.0,0.0
2024-03-14 10:00:00,0.07251489704007674,0.07251489704007674
2024-03-14 11:00:00,0.2913924437005747,0.2913924437005747
2024-03-14 12:00:00,0.566809001623367,0.566809001623367
2024-03-14 13:00:00,0.9543420279682441,0.9543420279682441
2024-03-14 14:00:00,1.4494187388097317,1.4494187388097317
2024-03-14 15:00:00,1.5312828998151442,1.5312828998151442
2024-03-14 16:00:00,2.06874836291427,2.06874836291427
2024-03-14 17:00:00,2.0285919167813593,2.0285919167813593
2024-03-14 18:00:00,2.7336206098065574,2.7336206098065574
2024-03-14 19:00:00,2.7272442384172173,2.7272442384172173
2024-03-14 20:00:00,2.8098304312930993,2.8098304312930993
2024-03-14 21:00:00,2.485437583117118,2.485437583117118
2024-03-14 22:00:00,0.0,0.0
2024-03-14 23:00:00,0.0,0.0
2024-03-15 00:00:00,0.0,0.0
2024-03-15 01:00:00,0.0,0.0
2024-03-15 02:00:00,0.0,0.0
2024-03-15 03:00:00,0.0,0.0
2024-03-15 04:00:00,0.0,0.0
2024-03-15 05:00:00,0.0,0.0
2024-03-15 06:00:00,0.0,0.0
2024-03-15 07:00:00,0.0,0.0
2024-03-15 08:00:00,0.0,0.0
2024-03-15 09:00:00,0.0,0.0
2024-03-15 10:00:00,0.08970427471825283,0.08970427471825283
2024-03-15 11:00:00,0.30594539621076877,0.30594539621076877
2024-03-15 12:00:00,0.6678058958829678,0.6678058958829678
2024-03-15 13:00:00,0.7938700818658861,0.7938700818658861
2024-03-15 14:00:00,1.4637422230668848,1.4637422230668848
2024-03-15 15:00:00,1.7984968100874068,1.7984968100874068
2024-03-15 16:00:00,2.0854330803698393,2.0854330803698393
2024-03-15 17:00:00,2.2001970325165954,2.2001970325165954
2024-03-15 18:00:00,2.290687397389653,2.290687397389653
2024-03-15 19:00:00,2.700981652414224,2.700981652414224
2024-03-15 20:00:00,2.410265803769584,2.410265803769584
2024-03-15 21:00:00,2.2054484200736506,2.2054484200736506
2024-03-15 22:00:00,0.0,0.0
2024-03-15 23:00:00,0.0,0.0
2024-03-16 00:00:00,0.0,0.0
2024-03-16 01:00:00,0.0,0.0
2024-03-16 02:00:00,0.0,0.0
2024-03-16 03:00:00,0.0,0.0
2024-03-16 04:00:00,0.0,0.0
2024-03-16 05:00:00,0.0,0.0
2024-03-16 06:00:00,0.0,0.0
2024-03-16 07:00:00,0.0,0.0
2024-03-16 08:00:00,0.0,0.0
2024-03-16 09:00:00,0.0,0.0
2024-03-16 10:00:00,0.047615702326850466,0.047615702326850466
2024-03-16 11:00:00,0.2154136847521579,0.2154136847521579
2024-03-16 12:00:00,0.3563087044113693,0.3563087044113693
2024-03-16 13:00:00,0.5609901544490378,0.5609901544490378
2024-03-16 14:00:00,0.9930137158071578,0.9930137158071578
2024-03-16 15:00:00,1.083825196875989,1.083825196875989
2024-03-16 16:00:00,1.5367916678619165,1.5367916678619165
2024-03-16 17:00:00,1.569107152040607,1.569107152040607
2024-03-16 18:00:00,1.7355847299088525,1.7355847299088525
2024-03-16 19:00:00,1.8538051406297278,1.8538051406297278
2024-03-16 20:00:00,1.501423654026406,1.501423654026406
2024-03-16 21:00:00,1.409524788907121,1.409524788907121
2024-03-16 22:00:00,0.0,0.0
2024-03-16 23:00:00,0.0,0.0
2024-03-17 00:00:00,0.0,0.0
2024-03-17 01:00:00,0.0,0.0
2024-03-17 02:00:00,0.0,0.0
2024-03-17 03:00:00,0.0,0.0
2024-03-17 04:00:00,0.0,0.0
2024-03-17 05:00:00,0.0,0.0
2024-03-17 06:00:00,0.0,0.0
2024-03-17 07:00:00,0.0,0.0
2024-03-17 08:00:00,0.0,0.0
2024-03-17 09:00:00,0.0,0.0
2024-03-17 10:00:00,0.05514956217170644,0.05514956217170644
2024-03-17 11:00:00,0.19200276606150138,0.19200276606150138
2024-03-17 12:00:00,0.3464006239473947,0.3464006239473947
2024-03-17 13:00:00,0.6923129338435944,0.6923129338435944
2024-03-17 14:00:00,1.0854608394787801,1.0854608394787801
2024-03-17 15:00:00,0.9429741977207832,0.9429741977207832
2024-03-17 16:00:00,1.6950532401396892,1.6950532401396892
2024-03-17 17:00:00,1.1990259257602192,1.1990259257602192
2024-03-17 18:00:00,1.5818520883897327,1.5818520883897327
2024-03-17 19:00:00,1.4813544269508836,1.4813544269508836
2024-03-17 20:00:00,1.5621132513850953,1.5621132513850953
2024-03-17 21:00:00,1.6435052194082918,1.6435052194082918
2024-03-17 22:00:00,0.0,0.0
2024-03-17 23:00:00,0.0,0.0
2024-03-18 00:00:00,0.0,0.0
2024-03-18 01:00:00,0.0,0.0
2024-03-18 02:00:00,0.0,0.0
2024-03-18 03:00:00,0.0,0.0
2024-03-18 04:00:00,0.0,0.0
2024-03-18 05:00:00,0.0,0.0
2024-03-18 06:00:00,0.0,0.0
2024-03-18 07:00:00,0.0,0.0
2024-03-18 08:00:00,0.0,0.0
2024-03-18 09:00:00,0.0,0.0
2024-03-18 10:00:00,0.08893631746274556,0.08893631746274556
2024-03-18 11:00:00,0.3439830309835977,0.3439830309835977
2024-03-18 12:00:00,0.6940261508177805,0.6940261508177805
2024-03-18 13:00:00,0.8476509529827155,0.8476509529827155
2024-03-18 14:00:00,1.4209699919559162,1.4209699919559162
2024-03-18 15:00:00,1.8527032256085496,1.8527032256085496
2024-03-18 16:00:00,2.388455390537375,2.388455390537375
2024-03-18 17:00:00,2.353186936653341,2.353186936653341
2024-03-18 18:00:00,2.5692722785689956,2.5692722785689956
2024-03-18 19:00:00,2.7090458749249104,2.7090458749249104
2024-03-18 20:00:00,2.708960676340709,2.708960676340709
2024-03-18 21:00:00,2.621235027113803,2.621235027113803
2024-03-18 22:00:00,0.0,0.0
2024-03-18 23:00:00,0.0,0.0
2024-03-19 00:00:00,0.0,0.0
2024-03-19 01:00:00,0.0,0.0
2024-03-19 02:00:00,0.0,0.0
2024-03-19 03:00:00,0.0,0.0
2024-03-19 04:00:00,0.0,0.0
2024-03-19 05:00:00,0.0,0.0
2024-03-19 06:00:00,0.0,0.0
2024-03-19 07:00:00,0.0,0.0
2024-03-19 08:00:00,0.0,0.0
2024-03-19 09:00:00,0.0,0.0
2024-03-19 10:00:00,0.08529479793644118,0.08529479793644118
2024-03-19 11:00:00,0.28152326313252146,0.28152326313252146
2024-03-19 12:00:00,0.6546557431356451,0.6546557431356451
2024-03-19 13:00:00,1.0092454084230538,1.0092454084230538
2024-03-19 14:00:00,1.6831013234539076,1.6831013234539076
2024-03-19 15:00:00,1.521748628264288,1.521748628264288
2024-03-19 16:00:00,2.006384163752329,2.006384163752329
2024-03-19 17:00:00,2.0167224858338426,2.0167224858338426
2024-03-19 18:00:00,2.7078548370414515,2.7078548370414515
2024-03-19 19:00:00,2.274985488428207,2.274985488428207
2024-03-19 20:00:00,2.6582773071571038,2.6582773071571038
2024-03-19 21:00:00,2.3074519696380227,2.3074519696380227
2024-03-19 22:00:00,0.0,0.0
2024-03-19 23:00:00,0.0,0.0
2024-03-20 00:00:00,0.0,0.0
2024-03-20 01:00:00,0.0,0.0
2024-03-20 02:00:00,0.0,0.0
2024-03-20 03:00:00,0.0,0.0
2024-03-20 04:00:00,0.0,0.0
2024-03-20 05:00:00,0.0,0.0
2024-03-20 06:00:00,0.0,0.0
2024-03-20 07:00:00,0.0,0.0
2024-03-20 08:00:00,0.0,0.0
2024-03-20 09:00:00,0.0,0.0
2024-03-20 10:00:00,0.07594278868939186,0.07594278868939186
2024-03-20 11:00:00,0.26881116028775653,0.26881116028775653
2024-03-20 12:00:00,0.5852958175720829,0.5852958175720829
2024-03-20 13:00:00,0.9999022978689823,0.9999022978689823
2024-03-20 14:00:00,1.6345889406849403,1.6345889406849403
2024-03-20 15:00:00,1.825163046118068,1.825163046118068
2024-03-20 16:00:00,2.002078962731602,2.002078962731602
2024-03-20 17:00:00,1.7992417449288767,1.7992417449288767
2024-03-20 18:00:00,2.5185801082322308,2.5185801082322308
2024-03-20 19:00:00,2.1852774054313686,2.1852774054313686
2024-03-20 20:00:00,2.097619522132129,2.097619522132129
2024-03-20 21:00:00,2.317935050545521,2.317935050545521
2024-03-20 22:00:00,0.0,0.0
2024-03-20 23:00:00,0.0,0.0
2024-03-21 00:00:00,0.0,0.0
2024-03-21 01:00:00,0.0,0.0
2024-03-21 02:00:00,0.0,0.0
2024-03-21 03:00:00,0.0,0.0
2024-03-21 04:00:00,0.0,0.0
2024-03-21 05:00:00,0.0,0.0
2024-03-21 06:00:00,0.0,0.0
2024-03-21 07:00:00,0.0,0.0
2024-03-21 08:00:00,0.0,0.0
2024-03-21 09:00:00,0.0,0.0
2024-03-21 10:00:00,0.07620158812306264,0.07620158812306264
2024-03-21 11:00:00,0.29660605503213433,0.29660605503213433
2024-03-21 12:00:00,0.6478905250632203,0.6478905250632203
2024-03-21 13:00:00,0.9883972481475004,0.9883972481475004
2024-03-21 14:00:00,1.4758383611034889,1.4758383611034889
2024-03-21 15:00:00,1.7243644955221524,1.7243644955221524
2024-03-21 16:00:00,2.1935481701649877,2.1935481701649877
2024-03-21 17:00:00,2.045753773116981,2.045753773116981
2024-03-21 18:00:00,2.6144183952820437,2.6144183952820437
2024-03-21 19:00:00,2.287806478814181,2.287806478814181
2024-03-21 20:00:00,2.5192327401848598,2.5192327401848598
2024-03-21 21:00:00,2.240512120704995,2.240512120704995
2024-03-21 22:00:00,0.0,0.0
2024-03-21 23:00:00,0.0,0.0
2024-03-22 00:00:00,0.0,0.0
2024-03-22 01:00:00,0.0,0.0
2024-03-22 02:00:00,0.0,0.0
2024-03-22 03:00:00,0.0,0.0
2024-03-22 04:00:00,0.0,0.0
2024-03-22 05:00:00,0.0,0.0
2024-03-22 06:00:00,0.0,0.0
2024-03-22 07:00:00,0.0,0.0
2024-03-22 08:00:00,0.0,0.0
2024-03-22 09:00:00,0.0,0.0
2024-03-22 10:00:00,0.0639431167924906,0.0639431167924906
2024-03-22 11:00:00,0.30472917532051835,0.30472917532051835
2024-03-22 12:00:00,0.4594361299256011,0.4594361299256011
2024-03-22 13:00:00,0.8813382256140626,0.8813382256140626
2024-03-22 14:00:00,1.2675522065822142,1.2675522065822142
2024-03-22 15:00:00,1.6741378833618445,1.6741378833618445
2024-03-22 16:00:00,2.132989002974085,2.132989002974085
2024-03-22 17:00:00,1.9726141440431975,1.9726141440431975
2024-03-22 18:00:00,2.17592100259897,2.17592100259897
2024-03-22 19:00:00,2.368629062765532,2.368629062765532
2024-03-22 20:00:00,2.0644561213610815,2.0644561213610815
2024-03-22 21:00:00,2.2987071942244954,2.2987071942244954
2024-03-22 22:00:00,0.0,0.0
2024-03-22 23:00:00,0.0,0.0
2024-03-23 00:00:00,0.0,0.0
2024-03-23 01:00:00,0.0,0.0
2024-03-23 02:00:00,0.0,0.0
2024-03-23 03:00:00,0.0,0.0
2024-03-23 04:00:00,0.0,0.0
2024-03-23 05:00:00,0.0,0.0
2024-03-23 06:00:00,0.0,0.0
2024-03-23 07:00:00,0.0,0.0
2024-03-23 08:00:00,0.0,0.0
2024-03-23 09:00:00,0.0,0.0
2024-03-23 10:00:00,0.05293308012188267,0.05293308012188267
2024-03-23 11:00:00,0.20025328690827315,0.20025328690827315
2024-03-23 12:00:00,0.42854299706149696,0.42854299706149696
2024-03-23 13:00:00,0.6818260170083256,0.6818260170083256
2024-03-23 14:00:00,0.9886010145968611,0.9886010145968611
2024-03-23 15:00:00,1.0510810991386614,1.0510810991386614
2024-03-23 16:00:00,1.5630220769272416,1.5630220769272416
2024-03-23 17:00:00,1.277698861418462,1.277698861418462
2024-03-23 18:00:00,1.4717745196922007,1.4717745196922007
2024-03-23 19:00:00,1.7559859262921504,1.7559859262921504
2024-03-23 20:00:00,1.5231810891953812,1.5231810891953812
2024-03-23 21:00:00,1.6333313993801668,1.6333313993801668
2024-03-23 22:00:00,0.0,0.0
2024-03-23 23:00:00,0.0,0.0
2024-03-24 00:00:00,0.0,0.0
2024-03-24 01:00:00,0.0,0.0
2024-03-24 02:00:00,0.0,0.0
2024-03-24 03:00:00,0.0,0.0
2024-03-24 04:00:00,0.0,0.0
2024-03-24 05:00:00,0.0,0.0
2024-03-24 06:00:00,0.0,0.0
2024-03-24 07:00:00,0.0,0.0
2024-03-24 08:00:00,0.0,0.0
2024-03-24 09:00:00,0.0,0.0
2024-03-24 10:00:00,0.04853839048179556,0.04853839048179556
2024-03-24 11:00:00,0.2353277996214431,0.2353277996214431
2024-03-24 12:00:00,0.42317632701369257,0.42317632701369257
2024-03-24 13:00:00,0.7212202516426494,0.7212202516426494
2024-03-24 14:00:00,1.0877765174072918,1.0877765174072918
2024-03-24 15:00:00,1.2394940935725012,1.2394940935725012
2024-03-24 16:00:00,1.4879991676315525,1.4879991676315525
2024-03-24 17:00:00,1.552011732724319,1.552011732724319
2024-03-24 18:00:00,1.941218269893973,1.941218269893973
2024-03-24 19:00:00,1.7091409068229948,1.7091409068229948
2024-03-24 20:00:00,1.6021346226722866,1.6021346226722866
2024-03-24 21:00:00,1.8351952418491568,1.8351952418491568
2024-03-24 22:00:00,0.0,0.0
2024-03-24 23:00:00,0.0,0.0
2024-03-25 00:00:00,0.0,0.0
2024-03-25 01:00:00,0.0,0.0
2024-03-25 02:00:00,0.0,0.0
2024-03-25 03:00:00,0.0,0.0
2024-03-25 04:00:00,0.0,0.0
2024-03-25 05:00:00,0.0,0.0
2024-03-25 06:00:00,0.0,0.0
2024-03-25 07:00:00,0.0,0.0
2024-03-25 08:00:00,0.0,0.0
2024-03-25 09:00:00,0.0,0.0
2024-03-25 10:00:00,0.08239348852912072,0.08239348852912072
2024-03-25 11:00:00,0.2830464623914546,0.2830464623914546
2024-03-25 12:00:00,0.5479831093337112,0.5479831093337112
2024-03-25 13:00:00,0.9355412149194993,0.9355412149194993
2024-03-25 14:00:00,1.3357533177228234,1.3357533177228234
2024-03-25 15:00:00,1.8518934586864084,1.8518934586864084
2024-03-25 16:00:00,2.0152086282321746,2.0152086282321746
2024-03-25 17:00:00,2.1010479198055907,2.1010479198055907
2024-03-25 18:00:00,2.0957304721396475,2.0957304721396475
2024-03-25 19:00:00,2.63404485920405,2.63404485920405
2024-03-25 20:00:00,2.761603130247967,2.761603130247967
2024-03-25 21:00:00,2.1222077103287025,2.1222077103287025
2024-03-25 22:00:00,0.0,0.0
2024-03-25 23:00:00,0.0,0.0
2024-03-26 00:00:00,0.0,0.0
2024-03-26 01:00:00,0.0,0.0
2024-03-26 02:00:00,0.0,0.0
2024-03-26 03:00:00,0.0,0.0
2024-03-26 04:00:00,0.0,0.0
2024-03-26 05:00:00,0.0,0.0
2024-03-26 06:00:00,0.0,0.0
2024-03-26 07:00:00,0.0,0.0
2024-03-26 08:00:00,0.0,0.0
2024-03-26 09:00:00,0.0,0.0
2024-03-26 10:00:00,0.07329736695130261,0.07329736695130261
2024-03-26 11:00:00,0.2808081150774954,0.2808081150774954
2024-03-26 12:00:00,0.5122819535469579,0.5122819535469579
2024-03-26 13:00:00,0.8622727990716552,0.8622727990716552
2024-03-26 14:00:00,1.580215495097432,1.580215495097432
2024-03-26 15:00:00,1.4588805143814865,1.4588805143814865
2024-03-26 16:00:00,2.1163656579599563,2.1163656579599563
2024-03-26 17:00:00,1.8395255690025867,1.8395255690025867
2024-03-26 18:00:00,2.4435767524616874,2.4435767524616874
2024-03-26 19:00:00,2.5581355001399797,2.5581355001399797
2024-03-26 20:00:00,2.1009329343591823,2.1009329343591823
2024-03-26 21:00:00,2.5247279611322835,2.5247279611322835
2024-03-26 22:00:00,0.0,0.0
2024-03-26 23:00:00,0.0,0.0
2024-03-27 00:00:00,0.0,0.0
2024-03-27 01:00:00,0.0,0.0
2024-03-27 02:00:00,0.0,0.0
2024-03-27 03:00:00,0.0,0.0
2024-03-27 04:00:00,0.0,0.0
2024-03-27 05:00:00,0.0,0.0
2024-03-27 06:00:00,0.0,0.0
2024-03-27 07:00:00,0.0,0.0
2024-03-27 08:00:00,0.0,0.0
2024-03-27 09:00:00,0.0,0.0
2024-03-27 10:00:00,0.08721910368885064,0.08721910368885064
2024-03-27 11:00:00,0.3016937226900653,0.3016937226900653
2024-03-27 12:00:00,0.6004205887373706,0.6004205887373706
2024-03-27 13:00:00,0.9903624928354953,0.9903624928354953
2024-03-27 14:00:00,1.527541352974336,1.527541352974336
2024-03-27 15:00:00,1.4337742334427592,1.4337742334427592
2024-03-27 16:00:00,2.1056748085578088,2.1056748085578088
2024-03-27 17:00:00,2.375702019614202,2.375702019614202
2024-03-27 18:00:00,2.410425898315636,2.410425898315636
2024-03-27 19:00:00,2.338591992109328,2.338591992109328
2024-03-27 20:00:00,2.6718468174863452,2.6718468174863452
2024-03-27 21:00:00,2.6595633808318566,2.6595633808318566
2024-03-27 22:00:00,0.0,0.0
2024-03-27 23:00:00,0.0,0.0
2024-03-28 00:00:00,0.0,0.0
2024-03-28 01:00:00,0.0,0.0
2024-03-28 02:00:00,0.0,0.0
2024-03-28 03:00:00,0.0,0.0
2024-03-28 04:00:00,0.0,0.0
2024-03-28 05:00:00,0.0,0.0
2024-03-28 06:00:00,0.0,0.0
2024-03-28 07:00:00,0.0,0.0
2024-03-28 08:00:00,0.0,0.0
2024-03-28 09:00:00,0.0,0.0
2024-03-28 10:00:00,0.08031971110210956,0.08031971110210956
2024-03-28 11:00:00,0.3247736353464541,0.3247736353464541
2024-03-28 12:00:00,0.5770895423187005,0.5770895423187005
2024-03-28 13:00:00,0.9187058334099074,0.9187058334099074
2024-03-28 14:00:00,1.7268382749591407,1.7268382749591407
2024-03-28 15:00:00,1.8783647496381457,1.8783647496381457
2024-03-28 16:00:00,2.2810075094819138,2.2810075094819138
2024-03-28 17:00:00,2.1107580133277883,2.1107580133277883
2024-03-28 18:00:00,2.629799398797198,2.629799398797198
2024-03-28 19:00:00,2.986154187602784,2.986154187602784
2024-03-28 20:00:00,2.9767403284072733,2.9767403284072733
2024-03-28 21:00:00,2.5669645455888483,2.5669645455888483
2024-03-28 22:00:00,0.0,0.0
2024-03-28 23:00:00,0.0,0.0
2024-03-29 00:00:00,0.0,0.0
2024-03-29 01:00:00,0.0,0.0
2024-03-29 02:00:00,0.0,0.0
2024-03-29 03:00:00,0.0,0.0
2024-03-29 04:00:00,0.0,0.0
2024-03-29 05:00:00,0.0,0.0
2024-03-29 06:00:00,0.0,0.0
2024-03-29 07:00:00,0.0,0.0
2024-03-29 08:00:00,0.0,0.0
2024-03-29 09:00:00,0.0,0.0
2024-03-29 10:00:00,0.07010843841539156,0.07010843841539156
2024-03-29 11:00:00,0.29075574846246094,0.29075574846246094
2024-03-29 12:00:00,0.6323047691678394,0.6323047691678394
2024-03-29 13:00:00,0.9961830207685365,0.9961830207685365
2024-03-29 14:00:00,1.629387959167289,1.629387959167289
2024-03-29 15:00:00,1.58701794682897,1.58701794682897
2024-03-29 16:00:00,2.004762656565053,2.004762656565053
2024-03-29 17:00:00,2.22997609251087,2.22997609251087
2024-03-29 18:00:00,2.5251731762773484,2.5251731762773484
2024-03-29 19:00:00,2.307066488825948,2.307066488825948
2024-03-29 20:00:00,2.5402832134810263,2.5402832134810263
2024-03-29 21:00:00,2.451120567550927,2.451120567550927
2024-03-29 22:00:00,0.0,0.0
2024-03-29 23:00:00,0.0,0.0
2024-03-30 00:00:00,0.0,0.0
2024-03-30 01:00:00,0.0,0.0
2024-03-30 02:00:00,0.0,0.0
2024-03-30 03:00:00,0.0,0.0
2024-03-30 04:00:00,0.0,0.0
2024-03-30 05:00:00,0.0,0.0
2024-03-30 06:00:00,0.0,0.0
2024-03-30 07:00:00,0.0,0.0
2024-03-30 08:00:00,0.0,0.0
2024-03-30 09:00:00,0.0,0.0
2024-03-30 10:00:00,0.05320683639459485,0.05320683639459485
2024-03-30 11:00:00,0.2015408303415428,0.2015408303415428
2024-03-30 12:00:00,0.4234560888918423,0.4234560888918423
2024-03-30 13:00:00,0.5255794522479986,0.5255794522479986
2024-03-30 14:00:00,0.9051745498281418,0.9051745498281418
2024-03-30 15:00:00,1.1867466979630903,1.1867466979630903
2024-03-30 16:00:00,1.5599819297954263,1.5599819297954263
2024-03-30 17:00:00,1.2320867525013723,1.2320867525013723
2024-03-30 18:00:00,1.6049157479723082,1.6049157479723082
2024-03-30 19:00:00,1.4785185250652848,1.4785185250652848
2024-03-30 20:00:00,1.7944548356729753,1.7944548356729753
2024-03-30 21:00:00,1.5594620943413116,1.5594620943413116
2024-03-30 22:00:00,0.0,0.0
2024-03-30 23:00:00,0.0,0.0
2024-03-31 00:00:00,0.0,0.0
2024-03-31 01:00:00,0.0,0.0
2024-03-31 02:00:00,0.0,0.0
2024-03-31 03:00:00,0.0,0.0
2024-03-31 04:00:00,0.0,0.0
2024-03-31 05:00:00,0.0,0.0
2024-03-31 06:00:00,0.0,0.0
2024-03-31 07:00:00,0.0,0.0
2024-03-31 08:00:00,0.0,0.0
2024-03-31 09:00:00,0.0,0.0
2024-03-31 10:00:00,0.048211290423969544,0.048211290423969544
2024-03-31 11:00:00,0.21877655641963317,0.21877655641963317
2024-03-31 12:00:00,0.45072198891531967,0.45072198891531967
2024-03-31 13:00:00,0.619412108099161,0.619412108099161
2024-03-31 14:00:00,1.1345581773012974,1.1345581773012974
2024-03-31 15:00:00,1.0103887690391795,1.0103887690391795
2024-03-31 16:00:00,1.7062997803923985,1.7062997803923985
2024-03-31 17:00:00,1.3303849392169151,1.3303849392169151
2024-03-31 18:00:00,1.693938005009619,1.693938005009619
2024-03-31 19:00:00,1.6107451340798518,1.6107451340798518
2024-03-31 20:00:00,1.8038586791288527,1.8038586791288527
2024-03-31 21:00:00,1.6209841919674208,1.6209841919674208
2024-03-31 22:00:00,0.0,0.0
2024-03-31 23:00:00,0.0,0.0
2024-04-01 00:00:00,0.0,0.0
2024-04-01 01:00:00,0.0,0.0
2024-04-01 02:00:00,0.0,0.0
2024-04-01 03:00:00,0.0,0.0
2024-04-01 04:00:00,0.0,0.0
2024-04-01 05:00:00,0.0,0.0
2024-04-01 06:00:00,0.0,0.0
2024-04-01 07:00:00,0.0,0.0
2024-04-01 08:00:00,0.0,0.0
2024-04-01 09:00:00,0.0,0.0
2024-04-01 10:00:00,0.07948343896606784,0.07948343896606784
2024-04-01 11:00:00,0.32706945360392264,0.32706945360392264
2024-04-01 12:00:00,0.5050490698987382,0.5050490698987382
2024-04-01 13:00:00,0.960933456244714,0.960933456244714
2024-04-01 14:00:00,1.6135361738654705,1.6135361738654705
2024-04-01 15:00:00,1.6767533295985217,1.6767533295985217
2024-04-01 16:00:00,1.9142423239500237,1.9142423239500237
2024-04-01 17:00:00,2.1621364547493096,2.1621364547493096
2024-04-01 18:00:00,2.236318991516849,2.236318991516849
2024-04-01 19:00:00,2.824151104580321,2.824151104580321
2024-04-01 20:00:00,2.7812113163317473,2.7812113163317473
2024-04-01 21:00:00,1.9842321594358268,1.9842321594358268
2024-04-01 22:00:00,0.0,0.0
2024-04-01 23:00:00,0.0,0.0
2024-04-02 00:00:00,0.0,0.0
2024-04-02 01:00:00,0.0,0.0
2024-04-02 02:00:00,0.0,0.0
2024-04-02 03:00:00,0.0,0.0
2024-04-02 04:00:00,0.0,0.0
2024-04-02 05:00:00,0.0,0.0
2024-04-02 06:00:00,0.0,0.0
2024-04-02 07:00:00,0.0,0.0
2024-04-02 08:00:00,0.0,0.0
2024-04-02 09:00:00,0.0,0.0
2024-04-02 10:00:00,0.08262918042083403,0.08262918042083403
2024-04-02 11:00:00,0.3081333866053178,0.3081333866053178
2024-04-02 12:00:00,0.5195587733477603,0.5195587733477603
2024-04-02 13:00:00,0.8269039248134691,0.8269039248134691
2024-04-02 14:00:00,1.2653650239068184,1.2653650239068184
2024-04-02 15:00:00,1.6867900339355058,1.6867900339355058
2024-04-02 16:00:00,1.9952133273613826,1.9952133273613826
2024-04-02 17:00:00,1.9975357289780415,1.9975357289780415
2024-04-02 18:00:00,2.4181475075600813,2.4181475075600813
2024-04-02 19:00:00,2.292652667791291,2.292652667791291
2024-04-02 20:00:00,2.2545680790149527,2.2545680790149527
2024-04-02 21:00:00,2.6517987824608578,2.6517987824608578
2024-04-02 22:00:00,0.0,0.0
2024-04-02 23:00:00,0.0,0.0
2024-04-03 00:00:00,0.0,0.0
2024-04-03 01:00:00,0.0,0.0
2024-04-03 02:00:00,0.0,0.0
2024-04-03 03:00:00,0.0,0.0
2024-04-03 04:00:00,0.0,0.0
2024-04-03 05:00:00,0.0,0.0
2024-04-03 06:00:00,0.0,0.0
2024-04-03 07:00:00,0.0,0.0
2024-04-03 08:00:00,0.0,0.0
2024-04-03 09:00:00,0.0,0.0
2024-04-03 10:00:00,0.07404163195041939,0.07404163195041939
2024-04-03 11:00:00,0.29787284668366154,0.29787284668366154
2024-04-03 12:00:00,0.5879239797311823,0.5879239797311823
2024-04-03 13:00:00,0.746537839794135,0.746537839794135
2024-04-03 14:00:00,1.1376790809218928,1.1376790809218928
2024-04-03 15:00:00,1.3110939266821011,1.3110939266821011
2024-04-03 16:00:00,1.742564026719948,1.742564026719948
2024-04-03 17:00:00,1.9301991783288095,1.9301991783288095
2024-04-03 18:00:00,2.4525372785920916,2.4525372785920916
2024-04-03 19:00:00,2.6154968429657806,2.6154968429657806
2024-04-03 20:00:00,2.2043151933637035,2.2043151933637035
2024-04-03 21:00:00,1.8348713182103715,1.8348713182103715
2024-04-03 22:00:00,0.0,0.0
2024-04-03 23:00:00,0.0,0.0
2024-04-04 00:00:00,0.0,0.0
2024-04-04 01:00:00,0.0,0.0
2024-04-04 02:00:00,0.0,0.0
2024-04-04 03:00:00,0.0,0.0
2024-04-04 04:00:00,0.0,0.0
2024-04-04 05:00:00,0.0,0.0
2024-04-04 06:00:00,0.0,0.0
2024-04-04 07:00:00,0.0,0.0
2024-04-04 08:00:00,0.0,0.0
2024-04-04 09:00:00,0.0,0.0
2024-04-04 10:00:00,0.07308960560641775,0.07308960560641775
2024-04-04 11:00:00,0.2605260365167808,0.2605260365167808
2024-04-04 12:00:00,0.649666304355757,0.649666304355757
2024-04-04 13:00:00,0.8459793129763981,0.8459793129763981
2024-04-04 14:00:00,1.5403359119356053,1.5403359119356053
2024-04-04 15:00:00,1.6130935842548735,1.6130935842548735
2024-04-04 16:00:00,2.303110872782595,2.303110872782595
2024-04-04 17:00:00,1.9762646007592766,1.9762646007592766
2024-04-04 18:00:00,2.483531744781268,2.483531744781268
2024-04-04 19:00:00,2.6651488385459863,2.6651488385459863
2024-04-04 20:00:00,2.5392093048508797,2.5392093048508797
2024-04-04 21:00:00,2.62890506567402,2.62890506567402
2024-04-04 22:00:00,0.0,0.0
2024-04-04 23:00:00,0.0,0.0
2024-04-05 00:00:00,0.0,0.0
2024-04-05 01:00:00,0.0,0.0
2024-04-05 02:00:00,0.0,0.0
2024-04-05 03:00:00,0.0,0.0
2024-04-05 04:00:00,0.0,0.0
2024-04-05 05:00:00,0.0,0.0
2024-04-05 06:00:00,0.0,0.0
2024-04-05 07:00:00,0.0,0.0
2024-04-05 08:00:00,0.0,0.0
2024-04-05 09:00:00,0.0,0.0
2024-04-05 10:00:00,0.0763637854051738,0.0763637854051738
2024-04-05 11:00:00,0.2652551622637192,0.2652551622637192
2024-04-05 12:00:00,0.5173814992533976,0.5173814992533976
2024-04-05 13:00:00,0.8046189090071909,0.8046189090071909
2024-04-05 14:00:00,1.3899787886285193,1.3899787886285193
2024-04-05 15:00:00,1.4993842376064241,1.4993842376064241
2024-04-05 16:00:00,2.014669135786787,2.014669135786787
2024-04-05 17:00:00,2.2214729990224287,2.2214729990224287
2024-04-05 18:00:00,2.352719980049387,2.352719980049387
2024-04-05 19:00:00,2.6681167333151845,2.6681167333151845
2024-04-05 20:00:00,2.644612163166904,2.644612163166904
2024-04-05 21:00:00,2.3023866730797766,2.3023866730797766
2024-04-05 22:00:00,0.0,0.0
2024-04-05 23:00:00,0.0,0.0
2024-04-06 00:00:00,0.0,0.0
2024-04-06 01:00:00,0.0,0.0
2024-04-06 02:00:00,0.0,0.0
2024-04-06 03:00:00,0.0,0.0
2024-04-06 04:00:00,0.0,0.0
2024-04-06 05:00:00,0.0,0.0
2024-04-06 06:00:00,0.0,0.0
2024-04-06 07:00:00,0.0,0.0
2024-04-06 08:00:00,0.0,0.0
2024-04-06 09:00:00,0.0,0.0
2024-04-06 10:00:00,0.04677044950301784,0.04677044950301784
2024-04-06 11:00:00,0.2103195636297579,0.2103195636297579
2024-04-06 12:00:00,0.35411794595620183,0.35411794595620183
2024-04-06 13:00:00,0.5957291599495749,0.5957291599495749
2024-04-06 14:00:00,1.029528580794448,1.029528580794448
2024-04-06 15:00:00,1.2413481139214269,1.2413481139214269
2024-04-06 16:00:00,1.5331711022983239,1.5331711022983239
2024-04-06 17:00:00,1.3979997022567892,1.3979997022567892
2024-04-06 18:00:00,1.960777807768273,1.960777807768273
2024-04-06 19:00:00,1.8781830870191525,1.8781830870191525
2024-04-06 20:00:00,1.6516234689191618,1.6516234689191618
2024-04-06 21:00:00,1.4983857316163267,1.4983857316163267
2024-04-06 22:00:00,0.0,0.0
2024-04-06 23:00:00,0.0,0.0
2024-04-07 00:00:00,0.0,0.0
2024-04-07 01:00:00,0.0,0.0
2024-04-07 02:00:00,0.0,0.0
2024-04-07 03:00:00,0.0,0.0
2024-04-07 04:00:00,0.0,0.0
2024-04-07 05:00:00,0.0,0.0
2024-04-07 06:00:00,0.0,0.0
2024-04-07 07:00:00,0.0,0.0
2024-04-07 08:00:00,0.0,0.0
2024-04-07 09:00:00,0.0,0.0
2024-04-07 10:00:00,0.04559954959563743,0.04559954959563743
2024-04-07 11:00:00,0.21185110613090963,0.21185110613090963
2024-04-07 12:00:00,0.35001537280795536,0.35001537280795536
2024-04-07 13:00:00,0.5868838589939612,0.5868838589939612
2024-04-07 14:00:00,1.0186452415486957,1.0186452415486957
2024-04-07 15:00:00,1.1123729881551045,1.1123729881551045
2024-04-07 16:00:00,1.3108996297076012,1.3108996297076012
2024-04-07 17:00:00,1.6825639429210348,1.6825639429210348
2024-04-07 18:00:00,1.844935953274375,1.844935953274375
2024-04-07 19:00:00,1.8191263495012049,1.8191263495012049
2024-04-07 20:00:00,1.703512734509386,1.703512734509386
2024-04-07 21:00:00,1.6742986965343931,1.6742986965343931
2024-04-07 22:00:00,0.0,0.0
2024-04-07 23:00:00,0.0,0.0
2024-04-08 00:00:00,0.0,0.0
2024-04-08 01:00:00,0.0,0.0
2024-04-08 02:00:00,0.0,0.0
2024-04-08 03:00:00,0.0,0.0
2024-04-08 04:00:00,0.0,0.0
2024-04-08 05:00:00,0.0,0.0
2024-04-08 06:00:00,0.0,0.0
2024-04-08 07:00:00,0.0,0.0
2024-04-08 08:00:00,0.0,0.0
2024-04-08 09:00:00,0.0,0.0
2024-04-08 10:00:00,0.08098529051523434,0.08098529051523434
2024-04-08 11:00:00,0.315310780994317,0.315310780994317
2024-04-08 12:00:00,0.5994314901517538,0.5994314901517538
2024-04-08 13:00:00,0.8837424438554854,0.8837424438554854
2024-04-08 14:00:00,1.4401471801801264,1.4401471801801264
2024-04-08 15:00:00,1.4403163831194015,1.4403163831194015
2024-04-08 16:00:00,1.9206391204916167,1.9206391204916167
2024-04-08 17:00:00,1.770104084696505,1.770104084696505
2024-04-08 18:00:00,2.601214119728351,2.601214119728351
2024-04-08 19:00:00,2.4199045429304054,2.4199045429304054
2024-04-08 20:00:00,2.420286963790761,2.420286963790761
2024-04-08 21:00:00,2.0064660608952773,2.0064660608952773
2024-04-08 22:00:00,0.0,0.0
2024-04-08 23:00:00,0.0,0.0
2024-04-09 00:00:00,0.0,0.0
2024-04-09 01:00:00,0.0,0.0
2024-04-09 02:00:00,0.0,0.0
2024-04-09 03:00:00,0.0,0.0
2024-04-09 04:00:00,0.0,0.0
2024-04-09 05:00:00,0.0,0.0
2024-04-09 06:00:00,0.0,0.0
2024-04-09 07:00:00,0.0,0.0
2024-04-09 08:00:00,0.0,0.0
2024-04-09 09:00:00,0.0,0.0
2024-04-09 10:00:00,0.07505612394819405,0.07505612394819405
2024-04-09 11:00:00,0.2514995724118132,0.2514995724118132
2024-04-09 12:00:00,0.618837016818641,0.618837016818641
2024-04-09 13:00:00,0.8777909683631933,0.8777909683631933
2024-04-09 14:00:00,1.3244844766546562,1.3244844766546562
2024-04-09 15:00:00,1.6460112735723695,1.6460112735723695
2024-04-09 16:00:00,2.371947584719371,2.371947584719371
2024-04-09 17:00:00,2.0434936897157843,2.0434936897157843
2024-04-09 18:00:00,2.0639467160662512,2.0639467160662512
2024-04-09 19:00:00,2.326200179466766,2.326200179466766
2024-04-09 20:00:00,2.367735675570919,2.367735675570919
2024-04-09 21:00:00,2.356988425246594,2.356988425246594
2024-04-09 22:00:00,0.0,0.0
2024-04-09 23:00:00,0.0,0.0
2024-04-10 00:00:00,0.0,0.0
2024-04-10 01:00:00,0.0,0.0
2024-04-10 02:00:00,0.0,0.0
2024-04-10 03:00:00,0.0,0.0
2024-04-10 04:00:00,0.0,0.0
2024-04-10 05:00:00,0.0,0.0
2024-04-10 06:00:00,0.0,0.0
2024-04-10 07:00:00,0.0,0.0
2024-04-10 08:00:00,0.0,0.0
2024-04-10 09:00:00,0.0,0.0
2024-04-10 10:00:00,0.0693988227664616,0.0693988227664616
2024-04-10 11:00:00,0.25400395533713516,0.25400395533713516
2024-04-10 12:00:00,0.47151351694463806,0.47151351694463806
2024-04-10 13:00:00,0.738998322473991,0.738998322473991
2024-04-10 14:00:00,1.3757019590303587,1.3757019590303587
2024-04-10 15:00:00,1.3414420685134079,1.3414420685134079
2024-04-10 16:00:00,1.885145990305224,1.885145990305224
2024-04-10 17:00:00,2.2144841572467624,2.2144841572467624
2024-04-10 18:00:00,1.9947626713029702,1.9947626713029702
2024-04-10 19:00:00,2.6947615898483774,2.6947615898483774
2024-04-10 20:00:00,2.5075626030039877,2.5075626030039877
2024-04-10 21:00:00,2.0850506882085953,2.0850506882085953
2024-04-10 22:00:00,0.0,0.0
2024-04-10 23:00:00,0.0,0.0
2024-04-11 00:00:00,0.0,0.0
2024-04-11 01:00:00,0.0,0.0
2024-04-11 02:00:00,0.0,0.0
2024-04-11 03:00:00,0.0,0.0
2024-04-11 04:00:00,0.0,0.0
2024-04-11 05:00:00,0.0,0.0
2024-04-11 06:00:00,0.0,0.0
2024-04-11 07:00:00,0.0,0.0
2024-04-11 08:00:00,0.0,0.0
2024-04-11 09:00:00,0.0,0.0
2024-04-11 10:00:00,0.08107389691501067,0.08107389691501067
2024-04-11 11:00:00,0.297835853206972,0.297835853206972
2024-04-11 12:00:00,0.4768157509181121,0.4768157509181121
2024-04-11 13:00:00,0.9201490111686967,0.9201490111686967
2024-04-11 14:00:00,1.432808910839918,1.432808910839918
2024-04-11 15:00:00,1.5273635371890952,1.5273635371890952
2024-04-11 16:00:00,1.7751957471129398,1.7751957471129398
2024-04-11 17:00:00,2.208063388833103,2.208063388833103
2024-04-11 18:00:00,2.285349251735443,2.285349251735443
2024-04-11 19:00:00,2.602120155042978,2.602120155042978
2024-04-11 20:00:00,2.4502855992684496,2.4502855992684496
2024-04-11 21:00:00,2.100605344620392,2.100605344620392
2024-04-11 22:00:00,0.0,0.0
2024-04-11 23:00:00,0.0,0.0
2024-04-12 00:00:00,0.0,0.0
2024-04-12 01:00:00,0.0,0.0
2024-04-12 02:00:00,0.0,0.0
2024-04-12 03:00:00,0.0,0.0
2024-04-12 04:00:00,0.0,0.0
2024-04-12 05:00:00,0.0,0.0
2024-04-12 06:00:00,0.0,0.0
2024-04-12 07:00:00,0.0,0.0
2024-04-12 08:00:00,0.0,0.0
2024-04-12 09:00:00,0.0,0.0
2024-04-12 10:00:00,0.0779613719940538,0.0779613719940538
2024-04-12 11:00:00,0.23624762920886458,0.23624762920886458
2024-04-12 12:00:00,0.5957620866374385,0.5957620866374385
2024-04-12 13:00:00,0.8054150387852398,0.8054150387852398
2024-04-12 14:00:00,1.378793783480886,1.378793783480886
2024-04-12 15:00:00,1.2858441064644954,1.2858441064644954
2024-04-12 16:00:00,2.3030671807052157,2.3030671807052157
2024-04-12 17:00:00,2.219650140280177,2.219650140280177
2024-04-12 18:00:00,2.1602454582822963,2.1602454582822963
2024-04-12 19:00:00,2.4188495253261975,2.4188495253261975
2024-04-12 20:00:00,2.068913141597528,2.068913141597528
2024-04-12 21:00:00,2.360615516530282,2.360615516530282
2024-04-12 22:00:00,0.0,0.0
2024-04-12 23:00:00,0.0,0.0
2024-04-13 00:00:00,0.0,0.0
2024-04-13 01:00:00,0.0,0.0
2024-04-13 02:00:00,0.0,0.0
2024-04-13 03:00:00,0.0,0.0
2024-04-13 04:00:00,0.0,0.0
2024-04-13 05:00:00,0.0,0.0
2024-04-13 06:00:00,0.0,0.0
2024-04-13 07:00:00,0.0,0.0
2024-04-13 08:00:00,0.0,0.0
2024-04-13 09:00:00,0.0,0.0
2024-04-13 10:00:00,0.056995735929764695,0.056995735929764695
2024-04-13 11:00:00,0.21738135209114373,0.21738135209114373
2024-04-13 12:00:00,0.3559406743293134,0.3559406743293134
2024-04-13 13:00:00,0.5772082735505962,0.5772082735505962
2024-04-13 14:00:00,1.0462937540733976,1.0462937540733976
2024-04-13 15:00:00,1.081607508816268,1.081607508816268
2024-04-13 16:00:00,1.6933020154744138,1.6933020154744138
2024-04-13 17:00:00,1.6470114540941783,1.6470114540941783
2024-04-13 18:00:00,1.6949380963702332,1.6949380963702332
2024-04-13 19:00:00,1.7723744143170053,1.7723744143170053
2024-04-13 20:00:00,1.9322193662917961,1.9322193662917961
2024-04-13 21:00:00,1.8456453067042984,1.8456453067042984
2024-04-13 22:00:00,0.0,0.0
2024-04-13 23:00:00,0.0,0.0
2024-04-14 00:00:00,0.0,0.0
2024-04-14 01:00:00,0.0,0.0
2024-04-14 02:00:00,0.0,0.0
2024-04-14 03:00:00,0.0,0.0
2024-04-14 04:00:00,0.0,0.0
2024-04-14 05:00:00,0.0,0.0
2024-04-14 06:00:00,0.0,0.0
2024-04-14 07:00:00,0.0,0.0
2024-04-14 08:00:00,0.0,0.0
2024-04-14 09:00:00,0.0,0.0
2024-04-14 10:00:00,0.05167944086487968,0.05167944086487968
2024-04-14 11:00:00,0.22031526342231827,0.22031526342231827
2024-04-14 12:00:00,0.36815546191798404,0.36815546191798404
2024-04-14 13:00:00,0.6360513191046915,0.6360513191046915
2024-04-14 14:00:00,1.0742390522753256,1.0742390522753256
2024-04-14 15:00:00,1.2029793491871104,1.2029793491871104
2024-04-14 16:00:00,1.7763962391168662,1.7763962391168662
2024-04-14 17:00:00,1.8010500755467316,1.8010500755467316
2024-04-14 18:00:00,1.757988526855754,1.757988526855754
2024-04-14 19:00:00,1.645109747353271,1.645109747353271
2024-04-14 20:00:00,1.849590581601558,1.849590581601558
2024-04-14 21:00:00,1.6092283278899893,1.6092283278899893
2024-04-14 22:00:00,0.0,0.0
2024-04-14 23:00:00,0.0,0.0
2024-04-15 00:00:00,0.0,0.0
2024-04-15 01:00:00,0.0,0.0
2024-04-15 02:00:00,0.0,0.0
2024-04-15 03:00:00,0.0,0.0
2024-04-15 04:00:00,0.0,0.0
2024-04-15 05:00:00,0.0,0.0
2024-04-15 06:00:00,0.0,0.0
2024-04-15 07:00:00,0.0,0.0
2024-04-15 08:00:00,0.0,0.0
2024-04-15 09:00:00,0.0,0.0
2024-04-15 10:00:00,0.07882763360758943,0.07882763360758943
2024-04-15 11:00:00,0.3076391581739452,0.3076391581739452
2024-04-15 12:00:00,0.6875401150452266,0.6875401150452266
2024-04-15 13:00:00,0.9383321965203699,0.9383321965203699
2024-04-15 14:00:00,1.5383601651996797,1.5383601651996797
2024-04-15 15:00:00,1.9001143831014629,1.9001143831014629
2024-04-15 16:00:00,2.1551694646761086,2.1551694646761086
2024-04-15 17:00:00,2.449452061818286,2.449452061818286
2024-04-15 18:00:00,2.3303036891405475,2.3303036891405475
2024-04-15 19:00:00,2.907068571680368,2.907068571680368
2024-04-15 20:00:00,2.3747673098083637,2.3747673098083637
2024-04-15 21:00:00,2.5078187083518486,2.5078187083518486
2024-04-15 22:00:00,0.0,0.0
2024-04-15 23:00:00,0.0,0.0
2024-04-16 00:00:00,0.0,0.0
2024-04-16 01:00:00,0.0,0.0
2024-04-16 02:00:00,0.0,0.0
2024-04-16 03:00:00,0.0,0.0
2024-04-16 04:00:00,0.0,0.0
2024-04-16 05:00:00,0.0,0.0
2024-04-16 06:00:00,0.0,0.0
2024-04-16 07:00:00,0.0,0.0
2024-04-16 08:00:00,0.0,0.0
2024-04-16 09:00:00,0.0,0.0
2024-04-16 10:00:00,0.08923119443393288,0.08923119443393288
2024-04-16 11:00:00,0.3736349166312196,0.3736349166312196
2024-04-16 12:00:00,0.5435826186719733,0.5435826186719733
2024-04-16 13:00:00,0.9668026116461675,0.9668026116461675
2024-04-16 14:00:00,1.4216409243404478,1.4216409243404478
2024-04-16 15:00:00,1.883717152151694,1.883717152151694
2024-04-16 16:00:00,2.453533918053825,2.453533918053825
2024-04-16 17:00:00,2.525297487153752,2.525297487153752
2024-04-16 18:00:00,2.365207908154968,2.365207908154968
2024-04-16 19:00:00,3.129738485106367,3.129738485106367
2024-04-16 20:00:00,2.7414299457350007,2.7414299457350007
2024-04-16 21:00:00,2.3146873819618037,2.3146873819618037
2024-04-16 22:00:00,0.0,0.0
2024-04-16 23:00:00,0.0,0.0
2024-04-17 00:00:00,0.0,0.0
2024-04-17 01:00:00,0.0,0.0
2024-04-17 02:00:00,0.0,0.0
2024-04-17 03:00:00,0.0,0.0
2024-04-17 04:00:00,0.0,0.0
2024-04-17 05:00:00,0.0,0.0
2024-04-17 06:00:00,0.0,0.0
2024-04-17 07:00:00,0.0,0.0
2024-04-17 08:00:00,0.0,0.0
2024-04-17 09:00:00,0.0,0.0
2024-04-17 10:00:00,0.07963085290444855,0.07963085290444855
2024-04-17 11:00:00,0.30779481162833777,0.30779481162833777
2024-04-17 12:00:00,0.501794177737877,0.501794177737877
2024-04-17 13:00:00,0.9591840346913787,0.9591840346913787
2024-04-17 14:00:00,1.40122260905716,1.40122260905716
2024-04-17 15:00:00,1.7253270835486152,1.7253270835486152
2024-04-17 16:00:00,1.8119661696795373,1.8119661696795373
2024-04-17 17:00:00,2.039425418106713,2.039425418106713
2024-04-17 18:00:00,2.2752084661330687,2.2752084661330687
2024-04-17 19:00:00,2.1303882198276285,2.1303882198276285
2024-04-17 20:00:00,2.690239398526531,2.690239398526531
2024-04-17 21:00:00,2.492239610656843,2.492239610656843
2024-04-17 22:00:00,0.0,0.0
2024-04-17 23:00:00,0.0,0.0
2024-04-18 00:00:00,0.0,0.0
2024-04-18 01:00:00,0.0,0.0
2024-04-18 02:00:00,0.0,0.0
2024-04-18 03:00:00,0.0,0.0
2024-04-18 04:00:00,0.0,0.0
2024-04-18 05:00:00,0.0,0.0
2024-04-18 06:00:00,0.0,0.0
2024-04-18 07:00:00,0.0,0.0
2024-04-18 08:00:00,0.0,0.0
2024-04-18 09:00:00,0.0,0.0
2024-04-18 10:00:00,0.08042609349237384,0.08042609349237384
2024-04-18 11:00:00,0.3139010350849077,0.3139010350849077
2024-04-18 12:00:00,0.5321460610817952,0.5321460610817952
2024-04-18 13:00:00,1.0425479906976987,1.0425479906976987
2024-04-18 14:00:00,1.6751699685789871,1.6751699685789871
2024-04-18 15:00:00,1.5784141432683787,1.5784141432683787
2024-04-18 16:00:00,2.011402745851332,2.011402745851332
2024-04-18 17:00:00,1.9716611330031684,1.9716611330031684
2024-04-18 18:00:00,2.5181060180502883,2.5181060180502883
2024-04-18 19:00:00,2.314620863549551,2.314620863549551
2024-04-18 20:00:00,2.393191163819496,2.393191163819496
2024-04-18 21:00:00,2.5624674260202007,2.5624674260202007
2024-04-18 22:00:00,0.0,0.0
2024-04-18 23:00:00,0.0,0.0
2024-04-19 00:00:00,0.0,0.0
2024-04-19 01:00:00,0.0,0.0
2024-04-19 02:00:00,0.0,0.0
2024-04-19 03:00:00,0.0,0.0
2024-04-19 04:00:00,0.0,0.0
2024-04-19 05:00:00,0.0,0.0
2024-04-19 06:00:00,0.0,0.0
2024-04-19 07:00:00,0.0,0.0
2024-04-19 08:00:00,0.0,0.0
2024-04-19 09:00:00,0.0,0.0
2024-04-19 10:00:00,0.07599444284538576,0.07599444284538576
2024-04-19 11:00:00,0.32629403042207394,0.32629403042207394
2024-04-19 12:00:00,0.48463783368807684,0.48463783368807684
2024-04-19 13:00:00,0.7611088851428509,0.7611088851428509
2024-04-19 14:00:00,1.4323530750151994,1.4323530750151994
2024-04-19 15:00:00,1.4998999172264142,1.4998999172264142
2024-04-19 16:00:00,2.0823574255995,2.0823574255995
2024-04-19 17:00:00,2.1361975353893405,2.1361975353893405
2024-04-19 18:00:00,2.263510084701428,2.263510084701428
2024-04-19 19:00:00,2.2756552881327656,2.2756552881327656
2024-04-19 20:00:00,2.6016785654376378,2.6016785654376378
2024-04-19 21:00:00,2.3248451750619394,2.3248451750619394
2024-04-19 22:00:00,0.0,0.0
2024-04-19 23:00:00,0.0,0.0
2024-04-20 00:00:00,0.0,0.0
2024-04-20 01:00:00,0.0,0.0
2024-04-20 02:00:00,0.0,0.0
2024-04-20 03:00:00,0.0,0.0
2024-04-20 04:00:00,0.0,0.0
2024-04-20 05:00:00,0.0,0.0
2024-04-20 06:00:00,0.0,0.0
2024-04-20 07:00:00,0.0,0.0
2024-04-20 08:00:00,0.0,0.0
2024-04-20 09:00:00,0.0,0.0
2024-04-20 10:00:00,0.05642103172473492,0.05642103172473492
2024-04-20 11:00:00,0.19235408131246123,0.19235408131246123
2024-04-20 12:00:00,0.3483872805081668,0.3483872805081668
2024-04-20 13:00:00,0.5770996348799312,0.5770996348799312
2024-04-20 14:00:00,0.9111975653127481,0.9111975653127481
2024-04-20 15:00:00,1.0131363552370372,1.0131363552370372
2024-04-20 16:00:00,1.7198548473116944,1.7198548473116944
2024-04-20 17:00:00,1.3844708362189986,1.3844708362189986
2024-04-20 18:00:00,1.8972040798705514,1.8972040798705514
2024-04-20 19:00:00,1.5465056890820044,1.5465056890820044
2024-04-20 20:00:00,1.5381437444004984,1.5381437444004984
2024-04-20 21:00:00,1.3808725175942689,1.3808725175942689
2024-04-20 22:00:00,0.0,0.0
2024-04-20 23:00:00,0.0,0.0
2024-04-21 00:00:00,0.0,0.0
2024-04-21 01:00:00,0.0,0.0
2024-04-21 02:00:00,0.0,0.0
2024-04-21 03:00:00,0.0,0.0
2024-04-21 04:00:00,0.0,0.0
2024-04-21 05:00:00,0.0,0.0
2024-04-21 06:00:00,0.0,0.0
2024-04-21 07:00:00,0.0,0.0
2024-04-21 08:00:00,0.0,0.0
2024-04-21 09:00:00,0.0,0.0
2024-04-21 10:00:00,0.05748376482949618,0.05748376482949618
2024-04-21 11:00:00,0.19041345311635066,0.19041345311635066
2024-04-21 12:00:00,0.457439531131534,0.457439531131534
2024-04-21 13:00:00,0.6682034277853053,0.6682034277853053
2024-04-21 14:00:00,1.0673404336068406,1.0673404336068406
2024-04-21 15:00:00,1.0586592804076116,1.0586592804076116
2024-04-21 16:00:00,1.674262428082932,1.674262428082932
2024-04-21 17:00:00,1.6630675128136045,1.6630675128136045
2024-04-21 18:00:00,1.6552184286581788,1.6552184286581788
2024-04-21 19:00:00,1.9056877329548705,1.9056877329548705
2024-04-21 20:00:00,1.9398512588966335,1.9398512588966335
2024-04-21 21:00:00,1.9065793500297072,1.9065793500297072
2024-04-21 22:00:00,0.0,0.0
2024-04-21 23:00:00,0.0,0.0
2024-04-22 00:00:00,0.0,0.0
2024-04-22 01:00:00,0.0,0.0
2024-04-22 02:00:00,0.0,0.0
2024-04-22 03:00:00,0.0,0.0
2024-04-22 04:00:00,0.0,0.0
2024-04-22 05:00:00,0.0,0.0
2024-04-22 06:00:00,0.0,0.0
2024-04-22 07:00:00,0.0,0.0
2024-04-22 08:00:00,0.0,0.0
2024-04-22 09:00:00,0.0,0.0
2024-04-22 10:00:00,0.07967780515884099,0.07967780515884099
2024-04-22 11:00:00,0.2715644667994976,0.2715644667994976
2024-04-22 12:00:00,0.4943812953560158,0.4943812953560158
2024-04-22 13:00:00,0.7649242085924173,0.7649242085924173
2024-04-22 14:00:00,1.504215887679325,1.504215887679325
2024-04-22 15:00:00,1.4710465198828668,1.4710465198828668
2024-04-22 16:00:00,1.9893056116281747,1.9893056116281747
2024-04-22 17:00:00,1.947461929264166,1.947461929264166
2024-04-22 18:00:00,2.1851472957602747,2.1851472957602747
2024-04-22 19:00:00,2.2602390969218416,2.2602390969218416
2024-04-22 20:00:00,2.43075834107607,2.43075834107607
2024-04-22 21:00:00,2.307042709166409,2.307042709166409
2024-04-22 22:00:00,0.0,0.0
2024-04-22 23:00:00,0.0,0.0
2024-04-23 00:00:00,0.0,0.0
2024-04-23 01:00:00,0.0,0.0
2024-04-23 02:00:00,0.0,0.0
2024-04-23 03:00:00,0.0,0.0
2024-04-23 04:00:00,0.0,0.0
2024-04-23 05:00:00,0.0,0.0
2024-04-23 06:00:00,0.0,0.0
2024-04-23 07:00:00,0.0,0.0
2024-04-23 08:00:00,0.0,0.0
2024-04-23 09:00:00,0.0,0.0
2024-04-23 10:00:00,0.09282952169066236,0.09282952169066236
2024-04-23 11:00:00,0.28861087144112163,0.28861087144112163
2024-04-23 12:00:00,0.7073827299098818,0.7073827299098818
2024-04-23 13:00:00,0.9337908548708751,0.9337908548708751
2024-04-23 14:00:00,1.7083557726959346,1.7083557726959346
2024-04-23 15:00:00,1.8674269941293926,1.8674269941293926
2024-04-23 16:00:00,2.4434930683976557,2.4434930683976557
2024-04-23 17:00:00,2.092399899041727,2.092399899041727
2024-04-23 18:00:00,3.029596885509252,3.029596885509252
2024-04-23 19:00:00,3.0452861527300064,3.0452861527300064
2024-04-23 20:00:00,2.8153440674172168,2.8153440674172168
2024-04-23 21:00:00,2.9064144190001704,2.9064144190001704
2024-04-23 22:00:00,0.0,0.0
2024-04-23 23:00:00,0.0,0.0
2024-04-24 00:00:00,0.0,0.0
2024-04-24 01:00:00,0.0,0.0
2024-04-24 02:00:00,0.0,0.0
2024-04-24 03:00:00,0.0,0.0
2024-04-24 04:00:00,0.0,0.0
2024-04-24 05:00:00,0.0,0.0
2024-04-24 06:00:00,0.0,0.0
2024-04-24 07:00:00,0.0,0.0
2024-04-24 08:00:00,0.0,0.0
2024-04-24 09:00:00,0.0,0.0
2024-04-24 10:00:00,0.0786409819090808,0.0786409819090808
2024-04-24 11:00:00,0.28266262913961576,0.28266262913961576
2024-04-24 12:00:00,0.6275442556198743,0.6275442556198743
2024-04-24 13:00:00,0.9608492908719877,0.9608492908719877
2024-04-24 14:00:00,1.3827921289595393,1.3827921289595393
2024-04-24 15:00:00,1.9814343318696546,1.9814343318696546
2024-04-24 16:00:00,2.070565820127796,2.070565820127796
2024-04-24 17:00:00,2.541408782727964,2.541408782727964
2024-04-24 18:00:00,2.9924421025759815,2.9924421025759815
2024-04-24 19:00:00,2.3906295395241464,2.3906295395241464
2024-04-24 20:00:00,2.6857439404318377,2.6857439404318377
2024-04-24 21:00:00,2.4656312853585334,2.4656312853585334
2024-04-24 22:00:00,0.0,0.0
2024-04-24 23:00:00,0.0,0.0
2024-04-25 00:00:00,0.0,0.0
2024-04-25 01:00:00,0.0,0.0
2024-04-25 02:00:00,0.0,0.0
2024-04-25 03:00:00,0.0,0.0
2024-04-25 04:00:00,0.0,0.0
2024-04-25 05:00:00,0.0,0.0
2024-04-25 06:00:00,0.0,0.0
2024-04-25 07:00:00,0.0,0.0
2024-04-25 08:00:00,0.0,0.0
2024-04-25 09:00:00,0.0,0.0
2024-04-25 10:00:00,0.07126576396256033,0.07126576396256033
2024-04-25 11:00:00,0.3040412079092988,0.3040412079092988
2024-04-25 12:00:00,0.6148073937653615,0.6148073937653615
2024-04-25 13:00:00,0.8514262535793048,0.8514262535793048
2024-04-25 14:00:00,1.3322514036075646,1.3322514036075646
2024-04-25 15:00:00,1.4764925049085216,1.4764925049085216
2024-04-25 16:00:00,2.1865704228866036,2.1865704228866036
2024-04-25 17:00:00,2.059844742923563,2.059844742923563
2024-04-25 18:00:00,2.3505696883456535,2.3505696883456535
2024-04-25 19:00:00,2.580312162865739,2.580312162865739
2024-04-25 20:00:00,2.3719257426025093,2.3719257426025093
2024-04-25 21:00:00,2.0059115150017464,2.0059115150017464
2024-04-25 22:00:00,0.0,0.0
2024-04-25 23:00:00,0.0,0.0
2024-04-26 00:00:00,0.0,0.0
2024-04-26 01:00:00,0.0,0.0
2024-04-26 02:00:00,0.0,0.0
2024-04-26 03:00:00,0.0,0.0
2024-04-26 04:00:00,0.0,0.0
2024-04-26 05:00:00,0.0,0.0
2024-04-26 06:00:00,0.0,0.0
2024-04-26 07:00:00,0.0,0.0
2024-04-26 08:00:00,0.0,0.0
2024-04-26 09:00:00,0.0,0.0
2024-04-26 10:00:00,0.07015590201108513,0.07015590201108513
2024-04-26 11:00:00,0.2982194527743206,0.2982194527743206
2024-04-26 12:00:00,0.6038428330296859,0.6038428330296859
2024-04-26 13:00:00,0.754561831628739,0.754561831628739
2024-04-26 14:00:00,1.1965463079675336,1.1965463079675336
2024-04-26 15:00:00,1.5123790662079892,1.5123790662079892
2024-04-26 16:00:00,1.8984364049633773,1.8984364049633773
2024-04-26 17:00:00,2.0538140745105546,2.0538140745105546
2024-04-26 18:00:00,2.495899734054452,2.495899734054452
2024-04-26 19:00:00,2.7277332183124456,2.7277332183124456
2024-04-26 20:00:00,2.41037123166427,2.41037123166427
2024-04-26 21:00:00,2.3093772223434104,2.3093772223434104
2024-04-26 22:00:00,0.0,0.0
2024-04-26 23:00:00,0.0,0.0
2024-04-27 00:00:00,0.0,0.0
2024-04-27 01:00:00,0.0,0.0
2024-04-27 02:00:00,0.0,0.0
2024-04-27 03:00:00,0.0,0.0
2024-04-27 04:00:00,0.0,0.0
2024-04-27 05:00:00,0.0,0.0
2024-04-27 06:00:00,0.0,0.0
2024-04-27 07:00:00,0.0,0.0
2024-04-27 08:00:00,0.0,0.0
2024-04-27 09:00:00,0.0,0.0
2024-04-27 10:00:00,0.05419268952826574,0.05419268952826574
2024-04-27 11:00:00,0.20657903456971627,0.20657903456971627
2024-04-27 12:00:00,0.395635706834652,0.395635706834652
2024-04-27 13:00:00,0.6350894571912926,0.6350894571912926
2024-04-27 14:00:00,0.9357650482903707,0.9357650482903707
2024-04-27 15:00:00,0.9858699708259977,0.9858699708259977
2024-04-27 16:00:00,1.4459665263022856,1.4459665263022856
2024-04-27 17:00:00,1.2181123277110835,1.2181123277110835
2024-04-27 18:00:00,1.5021138256839701,1.5021138256839701
2024-04-27 19:00:00,1.8678332535746458,1.8678332535746458
2024-04-27 20:00:00,1.6418619795377436,1.6418619795377436
2024-04-27 21:00:00,1.7239532606926844,1.7239532606926844
2024-04-27 22:00:00,0.0,0.0
2024-04-27 23:00:00,0.0,0.0
2024-04-28 00:00:00,0.0,0.0
2024-04-28 01:00:00,0.0,0.0
2024-04-28 02:00:00,0.0,0.0
2024-04-28 03:00:00,0.0,0.0
2024-04-28 04:00:00,0.0,0.0
2024-04-28 05:00:00,0.0,0.0
2024-04-28 06:00:00,0.0,0.0
2024-04-28 07:00:00,0.0,0.0
2024-04-28 08:00:00,0.0,0.0
2024-04-28 09:00:00,0.0,0.0
2024-04-28 10:00:00,0.05828072490343153,0.05828072490343153
2024-04-28 11:00:00,0.22702583491576314,0.22702583491576314
2024-04-28 12:00:00,0.42724829966122746,0.42724829966122746
2024-04-28 13:00:00,0.644564530360594,0.644564530360594
2024-04-28 14:00:00,0.9604209208744856,0.9604209208744856
2024-04-28 15:00:00,1.3589033839417866,1.3589033839417866
2024-04-28 16:00:00,1.5678176945699238,1.5678176945699238
2024-04-28 17:00:00,1.5391019058880429,1.5391019058880429
2024-04-28 18:00:00,1.9038946774659433,1.9038946774659433
2024-04-28 19:00:00,1.6370074628619262,1.6370074628619262
2024-04-28 20:00:00,1.681776288181485,1.681776288181485
2024-04-28 21:00:00,1.613869699819918,1.613869699819918
2024-04-28 22:00:00,0.0,0.0
2024-04-28 23:00:00,0.0,0.0
2024-04-29 00:00:00,0.0,0.0
2024-04-29 01:00:00,0.0,0.0
2024-04-29 02:00:00,0.0,0.0
2024-04-29 03:00:00,0.0,0.0
2024-04-29 04:00:00,0.0,0.0
2024-04-29 05:00:00,0.0,0.0
2024-04-29 06:00:00,0.0,0.0
2024-04-29 07:00:00,0.0,0.0
2024-04-29 08:00:00,0.0,0.0
2024-04-29 09:00:00,0.0,0.0
2024-04-29 10:00:00,0.07594214176180672,0.07594214176180672
2024-04-29 11:00:00,0.27957451717757936,0.27957451717757936
2024-04-29 12:00:00,0.583271637883627,0.583271637883627
2024-04-29 13:00:00,0.9258218831610245,0.9258218831610245
2024-04-29 14:00:00,1.3605703425540123,1.3605703425540123
2024-04-29 15:00:00,1.7912944275135119,1.7912944275135119
2024-04-29 16:00:00,2.169609337619943,2.169609337619943
2024-04-29 17:00:00,2.0694706973589367,2.0694706973589367
2024-04-29 18:00:00,2.815481142631615,2.815481142631615
2024-04-29 19:00:00,2.270720387595792,2.270720387595792
2024-04-29 20:00:00,2.4131718247113696,2.4131718247113696
2024-04-29 21:00:00,2.2661177750403905,2.2661177750403905
2024-04-29 22:00:00,0.0,0.0
2024-04-29 23:00:00,0.0,0.0
2024-04-30 00:00:00,0.0,0.0
2024-04-30 01:00:00,0.0,0.0
2024-04-30 02:00:00,0.0,0.0
2024-04-30 03:00:00,0.0,0.0
2024-04-30 04:00:00,0.0,0.0
2024-04-30 05:00:00,0.0,0.0
2024-04-30 06:00:00,0.0,0.0
2024-04-30 07:00:00,0.0,0.0
2024-04-30 08:00:00,0.0,0.0
2024-04-30 09:00:00,0.0,0.0
2024-04-30 10:00:00,0.07009814917880412,0.07009814917880412
2024-04-30 11:00:00,0.2691256341347139,0.2691256341347139
2024-04-30 12:00:00,0.5952231939409697,0.5952231939409697
2024-04-30 13:00:00,0.9375333289527538,0.9375333289527538
2024-04-30 14:00:00,1.6749939620225527,1.6749939620225527
2024-04-30 15:00:00,1.8848968318612789,1.8848968318612789
2024-04-30 16:00:00,2.488846034230764,2.488846034230764
2024-04-30 17:00:00,1.9918339042566175,1.9918339042566175
2024-04-30 18:00:00,2.2732120383803043,2.2732120383803043
2024-04-30 19:00:00,2.745808109532274,2.745808109532274
2024-04-30 20:00:00,2.4014547422497854,2.4014547422497854
2024-04-30 21:00:00,2.5557859881818095,2.5557859881818095
2024-04-30 22:00:00,0.0,0.0
2024-04-30 23:00:00,0.0,0.0
2024-05-01 00:00:00,0.0,0.0
2024-05-01 01:00:00,0.0,0.0
2024-05-01 02:00:00,0.0,0.0
2024-05-01 03:00:00,0.0,0.0
2024-05-01 04:00:00,0.0,0.0
2024-05-01 05:00:00,0.0,0.0
2024-05-01 06:00:00,0.0,0.0
2024-05-01 07:00:00,0.0,0.0
2024-05-01 08:00:00,0.0,0.0
2024-05-01 09:00:00,0.0,0.0
2024-05-01 10:00:00,0.06865286554686932,0.06865286554686932
2024-05-01 11:00:00,0.3554985962982715,0.3554985962982715
2024-05-01 12:00:00,0.6900468876949217,0.6900468876949217
2024-05-01 13:00:00,0.9632405266931271,0.9632405266931271
2024-05-01 14:00:00,1.5072356957980277,1.5072356957980277
2024-05-01 15:00:00,1.942744032781623,1.942744032781623
2024-05-01 16:00:00,2.67943397741719,2.67943397741719
2024-05-01 17:00:00,2.066053984823803,2.066053984823803
2024-05-01 18:00:00,2.2310749593421204,2.2310749593421204
2024-05-01 19:00:00,2.8315730983249603,2.8315730983249603
2024-05-01 20:00:00,2.4775059892763505,2.4775059892763505
2024-05-01 21:00:00,2.171860953245359,2.171860953245359
2024-05-01 22:00:00,0.0,0.0
2024-05-01 23:00:00,0.0,0.0
2024-05-02 00:00:00,0.0,0.0
2024-05-02 01:00:00,0.0,0.0
2024-05-02 02:00:00,0.0,0.0
2024-05-02 03:00:00,0.0,0.0
2024-05-02 04:00:00,0.0,0.0
2024-05-02 05:00:00,0.0,0.0
2024-05-02 06:00:00,0.0,0.0
2024-05-02 07:00:00,0.0,0.0
2024-05-02 08:00:00,0.0,0.0
2024-05-02 09:00:00,0.0,0.0
2024-05-02 10:00:00,0.08363373333084716,0.08363373333084716
2024-05-02 11:00:00,0.3128117246745946,0.3128117246745946
2024-05-02 12:00:00,0.5598251647966324,0.5598251647966324
2024-05-02 13:00:00,0.981420965892041,0.981420965892041
2024-05-02 14:00:00,1.6383638045580717,1.6383638045580717
2024-05-02 15:00:00,1.4434679236089227,1.4434679236089227
2024-05-02 16:00:00,2.264552188876252,2.264552188876252
2024-05-02 17:00:00,1.81562904784612,1.81562904784612
2024-05-02 18:00:00,2.3550505945139477,2.3550505945139477
2024-05-02 19:00:00,2.189281299766035,2.189281299766035
2024-05-02 20:00:00,2.4629485120164416,2.4629485120164416
2024-05-02 21:00:00,2.6033306591976437,2.6033306591976437
2024-05-02 22:00:00,0.0,0.0
2024-05-02 23:00:00,0.0,0.0
2024-05-03 00:00:00,0.0,0.0
2024-05-03 01:00:00,0.0,0.0
2024-05-03 02:00:00,0.0,0.0
2024-05-03 03:00:00,0.0,0.0
2024-05-03 04:00:00,0.0,0.0
2024-05-03 05:00:00,0.0,0.0
2024-05-03 06:00:00,0.0,0.0
2024-05-03 07:00:00,0.0,0.0
2024-05-03 08:00:00,0.0,0.0
2024-05-03 09:00:00,0.0,0.0
2024-05-03 10:00:00,0.08274426981912847,0.08274426981912847
2024-05-03 11:00:00,0.31274368290305105,0.31274368290305105
2024-05-03 12:00:00,0.6131250969561802,0.6131250969561802
2024-05-03 13:00:00,1.0189719825045465,1.0189719825045465
2024-05-03 14:00:00,1.6256201854609302,1.6256201854609302
2024-05-03 15:00:00,1.5683934446481071,1.5683934446481071
2024-05-03 16:00:00,1.9343883885228594,1.9343883885228594
2024-05-03 17:00:00,2.3239248206994905,2.3239248206994905
2024-05-03 18:00:00,2.5444731011729096,2.5444731011729096
2024-05-03 19:00:00,2.3752870841989875,2.3752870841989875
2024-05-03 20:00:00,2.832845759377749,2.832845759377749
2024-05-03 21:00:00,2.1287637601295306,2.1287637601295306
2024-05-03 22:00:00,0.0,0.0
2024-05-03 23:00:00,0.0,0.0
2024-05-04 00:00:00,0.0,0.0
2024-05-04 01:00:00,0.0,0.0
2024-05-04 02:00:00,0.0,0.0
2024-05-04 03:00:00,0.0,0.0
2024-05-04 04:00:00,0.0,0.0
2024-05-04 05:00:00,0.0,0.0
2024-05-04 06:00:00,0.0,0.0
2024-05-04 07:00:00,0.0,0.0
2024-05-04 08:00:00,0.0,0.0
2024-05-04 09:00:00,0.0,0.0
2024-05-04 10:00:00,0.06401691844159285,0.06401691844159285
2024-05-04 11:00:00,0.2522075066068476,0.2522075066068476
2024-05-04 12:00:00,0.4612971185547574,0.4612971185547574
2024-05-04 13:00:00,0.5986608251754917,0.5986608251754917
2024-05-04 14:00:00,1.1605535264196882,1.1605535264196882
2024-05-04 15:00:00,1.0873380232485461,1.0873380232485461
2024-05-04 16:00:00,1.5195476376382746,1.5195476376382746
2024-05-04 17:00:00,1.6867723585102485,1.6867723585102485
2024-05-04 18:00:00,1.8003114531781865,1.8003114531781865
2024-05-04 19:00:00,1.6339123180949509,1.6339123180949509
2024-05-04 20:00:00,2.1062807172329197,2.1062807172329197
2024-05-04 21:00:00,1.5503453146910182,1.5503453146910182
2024-05-04 22:00:00,0.0,0.0
2024-05-04 23:00:00,0.0,0.0
2024-05-05 00:00:00,0.0,0.0
2024-05-05 01:00:00,0.0,0.0
2024-05-05 02:00:00,0.0,0.0
2024-05-05 03:00:00,0.0,0.0
2024-05-05 04:00:00,0.0,0.0
2024-05-05 05:00:00,0.0,0.0
2024-05-05 06:00:00,0.0,0.0
2024-05-05 07:00:00,0.0,0.0
2024-05-05 08:00:00,0.0,0.0
2024-05-05 09:00:00,0.0,0.0
2024-05-05 10:00:00,0.051477482912000355,0.051477482912000355
2024-05-05 11:00:00,0.18173867636052474,0.18173867636052474
2024-05-05 12:00:00,0.3797432280643001,0.3797432280643001
2024-05-05 13:00:00,0.5887936229660271,0.5887936229660271
2024-05-05 14:00:00,1.0796527629046324,1.0796527629046324
2024-05-05 15:00:00,1.2671538622868441,1.2671538622868441
2024-05-05 16:00:00,1.492653146803693,1.492653146803693
2024-05-05 17:00:00,1.5277675011498035,1.5277675011498035
2024-05-05 18:00:00,1.8661839567781842,1.8661839567781842
2024-05-05 19:00:00,2.024549631847676,2.024549631847676
2024-05-05 20:00:00,1.5463072841305983,1.5463072841305983
2024-05-05 21:00:00,1.6000180282164487,1.6000180282164487
2024-05-05 22:00:00,0.0,0.0
2024-05-05 23:00:00,0.0,0.0
2024-05-06 00:00:00,0.0,0.0
2024-05-06 01:00:00,0.0,0.0
2024-05-06 02:00:00,0.0,0.0
2024-05-06 03:00:00,0.0,0.0
2024-05-06 04:00:00,0.0,0.0
2024-05-06 05:00:00,0.0,0.0
2024-05-06 06:00:00,0.0,0.0
2024-05-06 07:00:00,0.0,0.0
2024-05-06 08:00:00,0.0,0.0
2024-05-06 09:00:00,0.0,0.0
2024-05-06 10:00:00,0.08791189007493652,0.08791189007493652
2024-05-06 11:00:00,0.273470799327542,0.273470799327542
2024-05-06 12:00:00,0.6276118459636341,0.6276118459636341
2024-05-06 13:00:00,0.9722114966301337,0.9722114966301337
2024-05-06 14:00:00,1.3025867640734237,1.3025867640734237
2024-05-06 15:00:00,1.5430275661736312,1.5430275661736312
2024-05-06 16:00:00,1.9718186237915682,1.9718186237915682
2024-05-06 17:00:00,1.8989809572460112,1.8989809572460112
2024-05-06 18:00:00,2.5157109659462225,2.5157109659462225
2024-05-06 19:00:00,2.3393427234935475,2.3393427234935475
2024-05-06 20:00:00,2.6549475772569426,2.6549475772569426
2024-05-06 21:00:00,2.281740178608474,2.281740178608474
2024-05-06 22:00:00,0.0,0.0
2024-05-06 23:00:00,0.0,0.0
2024-05-07 00:00:00,0.0,0.0
2024-05-07 01:00:00,0.0,0.0
2024-05-07 02:00:00,0.0,0.0
2024-05-07 03:00:00,0.0,0.0
2024-05-07 04:00:00,0.0,0.0
2024-05-07 05:00:00,0.0,0.0
2024-05-07 06:00:00,0.0,0.0
2024-05-07 07:00:00,0.0,0.0
2024-05-07 08:00:00,0.0,0.0
2024-05-07 09:00:00,0.0,0.0
2024-05-07 10:00:00,0.06816039197541188,0.06816039197541188
2024-05-07 11:00:00,0.3171579598211922,0.3171579598211922
2024-05-07 12:00:00,0.6641068698949654,0.6641068698949654
2024-05-07 13:00:00,0.7734169581059708,0.7734169581059708
2024-05-07 14:00:00,1.509911206083629,1.509911206083629
2024-05-07 15:00:00,1.6952756408466614,1.6952756408466614
2024-05-07 16:00:00,2.2565532217747,2.2565532217747
2024-05-07 17:00:00,2.06578548238271,2.06578548238271
2024-05-07 18:00:00,2.1361911800060165,2.1361911800060165
2024-05-07 19:00:00,2.3953840229045578,2.3953840229045578
2024-05-07 20:00:00,2.4610264352630593,2.4610264352630593
2024-05-07 21:00:00,2.468112226559937,2.468112226559937
2024-05-07 22:00:00,0.0,0.0
2024-05-07 23:00:00,0.0,0.0
2024-05-08 00:00:00,0.0,0.0
2024-05-08 01:00:00,0.0,0.0
2024-05-08 02:00:00,0.0,0.0
2024-05-08 03:00:00,0.0,0.0
2024-05-08 04:00:00,0.0,0.0
2024-05-08 05:00:00,0.0,0.0
2024-05-08 06:00:00,0.0,0.0
2024-05-08 07:00:00,0.0,0.0
2024-05-08 08:00:00,0.0,0.0
2024-05-08 09:00:00,0.0,0.0
2024-05-08 10:00:00,0.08404172821644833,0.08404172821644833
2024-05-08 11:00:00,0.3060354625073157,0.3060354625073157
2024-05-08 12:00:00,0.5422094028554137,0.5422094028554137
2024-05-08 13:00:00,0.840832341806933,0.840832341806933
2024-05-08 14:00:00,1.3300925184291856,1.3300925184291856
2024-05-08 15:00:00,1.7173230109655702,1.7173230109655702
2024-05-08 16:00:00,2.6282591389818215,2.6282591389818215
2024-05-08 17:00:00,1.9635954289367454,1.9635954289367454
2024-05-08 18:00:00,2.9689122514860866,2.9689122514860866
2024-05-08 19:00:00,2.933303372547578,2.933303372547578
2024-05-08 20:00:00,2.8410485530563285,2.8410485530563285
2024-05-08 21:00:00,2.3958288572333823,2.3958288572333823
2024-05-08 22:00:00,0.0,0.0
2024-05-08 23:00:00,0.0,0.0
2024-05-09 00:00:00,0.0,0.0
2024-05-09 01:00:00,0.0,0.0
2024-05-09 02:00:00,0.0,0.0
2024-05-09 03:00:00,0.0,0.0
2024-05-09 04:00:00,0.0,0.0
2024-05-09 05:00:00,0.0,0.0
2024-05-09 06:00:00,0.0,0.0
2024-05-09 07:00:00,0.0,0.0
2024-05-09 08:00:00,0.0,0.0
2024-05-09 09:00:00,0.0,0.0
2024-05-09 10:00:00,0.06823768208690367,0.06823768208690367
2024-05-09 11:00:00,0.322780344029858,0.322780344029858
2024-05-09 12:00:00,0.6630515654900098,0.6630515654900098
2024-05-09 13:00:00,0.7915892110327074,0.7915892110327074
2024-05-09 14:00:00,1.3652990154856768,1.3652990154856768
2024-05-09 15:00:00,1.508978396601086,1.508978396601086
2024-05-09 16:00:00,2.345397278629043,2.345397278629043
2024-05-09 17:00:00,2.067162018210103,2.067162018210103
2024-05-09 18:00:00,2.6579427918907443,2.6579427918907443
2024-05-09 19:00:00,2.8533477877471345,2.8533477877471345
2024-05-09 20:00:00,2.4851436789992034,2.4851436789992034
2024-05-09 21:00:00,2.3881341894226007,2.3881341894226007
2024-05-09 22:00:00,0.0,0.0
2024-05-09 23:00:00,0.0,0.0
2024-05-10 00:00:00,0.0,0.0
2024-05-10 01:00:00,0.0,0.0
2024-05-10 02:00:00,0.0,0.0
2024-05-10 03:00:00,0.0,0.0
2024-05-10 04:00:00,0.0,0.0
2024-05-10 05:00:00,0.0,0.0
2024-05-10 06:00:00,0.0,0.0
2024-05-10 07:00:00,0.0,0.0
2024-05-10 08:00:00,0.0,0.0
2024-05-10 09:00:00,0.0,0.0
2024-05-10 10:00:00,0.07780916006443893,0.07780916006443893
2024-05-10 11:00:00,0.24635452094737675,0.24635452094737675
2024-05-10 12:00:00,0.44053306413770577,0.44053306413770577
2024-05-10 13:00:00,0.7047115081373252,0.7047115081373252
2024-05-10 14:00:00,1.378953284272323,1.378953284272323
2024-05-10 15:00:00,1.477801263968652,1.477801263968652
2024-05-10 16:00:00,1.9889758091126444,1.9889758091126444
2024-05-10 17:00:00,1.8968292167187348,1.8968292167187348
2024-05-10 18:00:00,2.4200625071130624,2.4200625071130624
2024-05-10 19:00:00,2.421925798757991,2.421925798757991
2024-05-10 20:00:00,2.4008094775080124,2.4008094775080124
2024-05-10 21:00:00,1.820812522181042,1.820812522181042
2024-05-10 22:00:00,0.0,0.0
2024-05-10 23:00:00,0.0,0.0
2024-05-11 00:00:00,0.0,0.0
2024-05-11 01:00:00,0.0,0.0
2024-05-11 02:00:00,0.0,0.0
2024-05-11 03:00:00,0.0,0.0
2024-05-11 04:00:00,0.0,0.0
2024-05-11 05:00:00,0.0,0.0
2024-05-11 06:00:00,0.0,0.0
2024-05-11 07:00:00,0.0,0.0
2024-05-11 08:00:00,0.0,0.0
2024-05-11 09:00:00,0.0,0.0
2024-05-11 10:00:00,0.05319223622379376,0.05319223622379376
2024-05-11 11:00:00,0.21683225290174035,0.21683225290174035
2024-05-11 12:00:00,0.4487455459389589,0.4487455459389589
2024-05-11 13:00:00,0.690004434508813,0.690004434508813
2024-05-11 14:00:00,0.9236598733518063,0.9236598733518063
2024-05-11 15:00:00,1.1417898552397239,1.1417898552397239
2024-05-11 16:00:00,1.8212237666562456,1.8212237666562456
2024-05-11 17:00:00,1.5423808359928297,1.5423808359928297
2024-05-11 18:00:00,2.0120576477582426,2.0120576477582426
2024-05-11 19:00:00,1.8677739224806302,1.8677739224806302
2024-05-11 20:00:00,1.9618016976765056,1.9618016976765056
2024-05-11 21:00:00,1.7880566586159894,1.7880566586159894
2024-05-11 22:00:00,0.0,0.0
2024-05-11 23:00:00,0.0,0.0
2024-05-12 00:00:00,0.0,0.0
2024-05-12 01:00:00,0.0,0.0
2024-05-12 02:00:00,0.0,0.0
2024-05-12 03:00:00,0.0,0.0
2024-05-12 04:00:00,0.0,0.0
2024-05-12 05:00:00,0.0,0.0
2024-05-12 06:00:00,0.0,0.0
2024-05-12 07:00:00,0.0,0.0
2024-05-12 08:00:00,0.0,0.0
2024-05-12 09:00:00,0.0,0.0
2024-05-12 10:00:00,0.05092029344979923,0.05092029344979923
2024-05-12 11:00:00,0.19266043494244947,0.19266043494244947
2024-05-12 12:00:00,0.385482276872305,0.385482276872305
2024-05-12 13:00:00,0.6195976280905735,0.6195976280905735
2024-05-12 14:00:00,1.0576409826907993,1.0576409826907993
2024-05-12 15:00:00,0.9661145537339234,0.9661145537339234
2024-05-12 16:00:00,1.6172882887085738,1.6172882887085738
2024-05-12 17:00:00,1.2519595610007581,1.2519595610007581
2024-05-12 18:00:00,1.6461602207661032,1.6461602207661032
2024-05-12 19:00:00,1.8634315357735518,1.8634315357735518
2024-05-12 20:00:00,1.840260266001124,1.840260266001124
2024-05-12 21:00:00,1.7582624987467133,1.7582624987467133
2024-05-12 22:00:00,0.0,0.0
2024-05-12 23:00:00,0.0,0.0
2024-05-13 00:00:00,0.0,0.0
2024-05-13 01:00:00,0.0,0.0
2024-05-13 02:00:00,0.0,0.0
2024-05-13 03:00:00,0.0,0.0
2024-05-13 04:00:00,0.0,0.0
2024-05-13 05:00:00,0.0,0.0
2024-05-13 06:00:00,0.0,0.0
2024-05-13 07:00:00,0.0,0.0
2024-05-13 08:00:00,0.0,0.0
2024-05-13 09:00:00,0.0,0.0
2024-05-13 10:00:00,0.08326821162098452,0.08326821162098452
2024-05-13 11:00:00,0.2913678649213505,0.2913678649213505
2024-05-13 12:00:00,0.5613012491179783,0.5613012491179783
2024-05-13 13:00:00,0.9171896862113885,0.9171896862113885
2024-05-13 14:00:00,1.6339943651821862,1.6339943651821862
2024-05-13 15:00:00,1.7659006419010692,1.7659006419010692
2024-05-13 16:00:00,2.7073516867999596,2.7073516867999596
2024-05-13 17:00:00,2.351460935044423,2.351460935044423
2024-05-13 18:00:00,3.00177051413526,3.00177051413526
2024-05-13 19:00:00,3.009031492343949,3.009031492343949
2024-05-13 20:00:00,2.550613742692608,2.550613742692608
2024-05-13 21:00:00,2.369653118798068,2.369653118798068
2024-05-13 22:00:00,0.0,0.0
2024-05-13 23:00:00,0.0,0.0
2024-05-14 00:00:00,0.0,0.0
2024-05-14 01:00:00,0.0,0.0
2024-05-14 02:00:00,0.0,0.0
2024-05-14 03:00:00,0.0,0.0
2024-05-14 04:00:00,0.0,0.0
2024-05-14 05:00:00,0.0,0.0
2024-05-14 06:00:00,0.0,0.0
2024-05-14 07:00:00,0.0,0.0
2024-05-14 08:00:00,0.0,0.0
2024-05-14 09:00:00,0.0,0.0
2024-05-14 10:00:00,0.06235780414946554,0.06235780414946554
2024-05-14 11:00:00,0.2835032686582654,0.2835032686582654
2024-05-14 12:00:00,0.4685135893522146,0.4685135893522146
2024-05-14 13:00:00,0.8739630476295862,0.8739630476295862
2024-05-14 14:00:00,1.1355113092485298,1.1355113092485298
2024-05-14 15:00:00,1.6271939859870566,1.6271939859870566
2024-05-14 16:00:00,2.1355449894396528,2.1355449894396528
2024-05-14 17:00:00,1.7045184962765945,1.7045184962765945
2024-05-14 18:00:00,2.057907623698348,2.057907623698348
2024-05-14 19:00:00,2.0586994832593457,2.0586994832593457
2024-05-14 20:00:00,2.255538636743107,2.255538636743107
2024-05-14 21:00:00,1.8586395605827921,1.8586395605827921
2024-05-14 22:00:00,0.0,0.0
2024-05-14 23:00:00,0.0,0.0
2024-05-15 00:00:00,0.0,0.0
2024-05-15 01:00:00,0.0,0.0
2024-05-15 02:00:00,0.0,0.0
2024-05-15 03:00:00,0.0,0.0
2024-05-15 04:00:00,0.0,0.0
2024-05-15 05:00:00,0.0,0.0
2024-05-15 06:00:00,0.0,0.0
2024-05-15 07:00:00,0.0,0.0
2024-05-15 08:00:00,0.0,0.0
2024-05-15 09:00:00,0.0,0.0
2024-05-15 10:00:00,0.07970062538606748,0.07970062538606748
2024-05-15 11:00:00,0.2948032110882733,0.2948032110882733
2024-05-15 12:00:00,0.5136708205555661,0.5136708205555661
2024-05-15 13:00:00,0.799193969261028,0.799193969261028
2024-05-15 14:00:00,1.4833210527537992,1.4833210527537992
2024-05-15 15:00:00,1.583844500366639,1.583844500366639
2024-05-15 16:00:00,2.225599950271981,2.225599950271981
2024-05-15 17:00:00,1.8109410620994877,1.8109410620994877
2024-05-15 18:00:00,2.2022726723953543,2.2022726723953543
2024-05-15 19:00:00,2.5041799208421427,2.5041799208421427
2024-05-15 20:00:00,2.29863930664786,2.29863930664786
2024-05-15 21:00:00,2.518955376332192,2.518955376332192
2024-05-15 22:00:00,0.0,0.0
2024-05-15 23:00:00,0.0,0.0
2024-05-16 00:00:00,0.0,0.0
2024-05-16 01:00:00,0.0,0.0
2024-05-16 02:00:00,0.0,0.0
2024-05-16 03:00:00,0.0,0.0
2024-05-16 04:00:00,0.0,0.0
2024-05-16 05:00:00,0.0,0.0
2024-05-16 06:00:00,0.0,0.0
2024-05-16 07:00:00,0.0,0.0
2024-05-16 08:00:00,0.0,0.0
2024-05-16 09:00:00,0.0,0.0
2024-05-16 10:00:00,0.0785453912752143,0.0785453912752143
2024-05-16 11:00:00,0.34601391272733634,0.34601391272733634
2024-05-16 12:00:00,0.5575037573666889,0.5575037573666889
2024-05-16 13:00:00,1.0619402723867004,1.0619402723867004
2024-05-16 14:00:00,1.3458294200439518,1.3458294200439518
2024-05-16 15:00:00,1.5774878377881891,1.5774878377881891
2024-05-16 16:00:00,2.447214277979244,2.447214277979244
2024-05-16 17:00:00,2.0499000906429163,2.0499000906429163
2024-05-16 18:00:00,2.538585667875639,2.538585667875639
2024-05-16 19:00:00,3.1461725471708473,3.1461725471708473
2024-05-16 20:00:00,2.701144122397036,2.701144122397036
2024-05-16 21:00:00,2.6696999236111423,2.6696999236111423
2024-05-16 22:00:00,0.0,0.0
2024-05-16 23:00:00,0.0,0.0
2024-05-17 00:00:00,0.0,0.0
2024-05-17 01:00:00,0.0,0.0
2024-05-17 02:00:00,0.0,0.0
2024-05-17 03:00:00,0.0,0.0
2024-05-17 04:00:00,0.0,0.0
2024-05-17 05:00:00,0.0,0.0
2024-05-17 06:00:00,0.0,0.0
2024-05-17 07:00:00,0.0,0.0
2024-05-17 08:00:00,0.0,0.0
2024-05-17 09:00:00,0.0,0.0
2024-05-17 10:00:00,0.06235630680679358,0.06235630680679358
2024-05-17 11:00:00,0.24382973355458978,0.24382973355458978
2024-05-17 12:00:00,0.4800928916353163,0.4800928916353163
2024-05-17 13:00:00,0.7842990020972225,0.7842990020972225
2024-05-17 14:00:00,1.4421721040579754,1.4421721040579754
2024-05-17 15:00:00,1.7500360621012327,1.7500360621012327
2024-05-17 16:00:00,2.337622492103827,2.337622492103827
2024-05-17 17:00:00,1.8215103339560572,1.8215103339560572
2024-05-17 18:00:00,2.1018160154531,2.1018160154531
2024-05-17 19:00:00,2.5598326567283807,2.5598326567283807
2024-05-17 20:00:00,2.2691150525461055,2.2691150525461055
2024-05-17 21:00:00,2.50029358530874,2.50029358530874
2024-05-17 22:00:00,0.0,0.0
2024-05-17 23:00:00,0.0,0.0
2024-05-18 00:00:00,0.0,0.0
2024-05-18 01:00:00,0.0,0.0
2024-05-18 02:00:00,0.0,0.0
2024-05-18 03:00:00,0.0,0.0
2024-05-18 04:00:00,0.0,0.0
2024-05-18 05:00:00,0.0,0.0
2024-05-18 06:00:00,0.0,0.0
2024-05-18 07:00:00,0.0,0.0
2024-05-18 08:00:00,0.0,0.0
2024-05-18 09:00:00,0.0,0.0
2024-05-18 10:00:00,0.05119031780392123,0.05119031780392123
2024-05-18 11:00:00,0.18344001248038455,0.18344001248038455
2024-05-18 12:00:00,0.36721405826817577,0.36721405826817577
2024-05-18 13:00:00,0.5702628110619757,0.5702628110619757
2024-05-18 14:00:00,1.135919311282598,1.135919311282598
2024-05-18 15:00:00,1.1903417433919858,1.1903417433919858
2024-05-18 16:00:00,1.4599188075712084,1.4599188075712084
2024-05-18 17:00:00,1.5230430572349416,1.5230430572349416
2024-05-18 18:00:00,1.5113095178447067,1.5113095178447067
2024-05-18 19:00:00,1.9056877655978945,1.9056877655978945
2024-05-18 20:00:00,1.590951768700661,1.590951768700661
2024-05-18 21:00:00,1.6182273631603055,1.6182273631603055
2024-05-18 22:00:00,0.0,0.0
2024-05-18 23:00:00,0.0,0.0
2024-05-19 00:00:00,0.0,0.0
2024-05-19 01:00:00,0.0,0.0
2024-05-19 02:00:00,0.0,0.0
2024-05-19 03:00:00,0.0,0.0
2024-05-19 04:00:00,0.0,0.0
2024-05-19 05:00:00,0.0,0.0
2024-05-19 06:00:00,0.0,0.0
2024-05-19 07:00:00,0.0,0.0
2024-05-19 08:00:00,0.0,0.0
2024-05-19 09:00:00,0.0,0.0
2024-05-19 10:00:00,0.04991004426420561,0.04991004426420561
2024-05-19 11:00:00,0.251899840821632,0.251899840821632
2024-05-19 12:00:00,0.37536301329747623,0.37536301329747623
2024-05-19 13:00:00,0.6766080967052177,0.6766080967052177
2024-05-19 14:00:00,1.08516087338178,1.08516087338178
2024-05-19 15:00:00,1.0719405445380101,1.0719405445380101
2024-05-19 16:00:00,1.8310664137191974,1.8310664137191974
2024-05-19 17:00:00,1.7870920013004974,1.7870920013004974
2024-05-19 18:00:00,1.6037588604989574,1.6037588604989574
2024-05-19 19:00:00,1.9090898931202647,1.9090898931202647
2024-05-19 20:00:00,1.9576276980531686,1.9576276980531686
2024-05-19 21:00:00,1.8605894358238009,1.8605894358238009
2024-05-19 22:00:00,0.0,0.0
2024-05-19 23:00:00,0.0,0.0
2024-05-20 00:00:00,0.0,0.0
2024-05-20 01:00:00,0.0,0.0
2024-05-20 02:00:00,0.0,0.0
2024-05-20 03:00:00,0.0,0.0
2024-05-20 04:00:00,0.0,0.0
2024-05-20 05:00:00,0.0,0.0
2024-05-20 06:00:00,0.0,0.0
2024-05-20 07:00:00,0.0,0.0
2024-05-20 08:00:00,0.0,0.0
2024-05-20 09:00:00,0.0,0.0
2024-05-20 10:00:00,0.06230702883488757,0.06230702883488757
2024-05-20 11:00:00,0.23924896542400434,0.23924896542400434
2024-05-20 12:00:00,0.5799409921321719,0.5799409921321719
2024-05-20 13:00:00,0.8425168898297628,0.8425168898297628
2024-05-20 14:00:00,1.3249404525369932,1.3249404525369932
2024-05-20 15:00:00,1.3092842874180517,1.3092842874180517
2024-05-20 16:00:00,2.332949311178804,2.332949311178804
2024-05-20 17:00:00,1.8873688839311324,1.8873688839311324
2024-05-20 18:00:00,2.299451174119239,2.299451174119239
2024-05-20 19:00:00,2.588012366822783,2.588012366822783
2024-05-20 20:00:00,2.416187117745689,2.416187117745689
2024-05-20 21:00:00,1.9720589392638346,1.9720589392638346
2024-05-20 22:00:00,0.0,0.0
2024-05-20 23:00:00,0.0,0.0
2024-05-21 00:00:00,0.0,0.0
2024-05-21 01:00:00,0.0,0.0
2024-05-21 02:00:00,0.0,0.0
2024-05-21 03:00:00,0.0,0.0
2024-05-21 04:00:00,0.0,0.0
2024-05-21 05:00:00,0.0,0.0
2024-05-21 06:00:00,0.0,0.0
2024-05-21 07:00:00,0.0,0.0
2024-05-21 08:00:00,0.0,0.0
2024-05-21 09:00:00,0.0,0.0
2024-05-21 10:00:00,0.0743527286170283,0.0743527286170283
2024-05-21 11:00:00,0.33616208139321424,0.33616208139321424
2024-05-21 12:00:00,0.5480285399317455,0.5480285399317455
2024-05-21 13:00:00,0.9118244722446646,0.9118244722446646
2024-05-21 14:00:00,1.3909136399338338,1.3909136399338338
2024-05-21 15:00:00,1.73933649344329,1.73933649344329
2024-05-21 16:00:00,2.5466657449638186,2.5466657449638186
2024-05-21 17:00:00,2.4564398990788043,2.4564398990788043
2024-05-21 18:00:00,2.5884307467996277,2.5884307467996277
2024-05-21 19:00:00,3.075099671980725,3.075099671980725
2024-05-21 20:00:00,2.3967464139379318,2.3967464139379318
2024-05-21 21:00:00,2.8216784660698093,2.8216784660698093
2024-05-21 22:00:00,0.0,0.0
2024-05-21 23:00:00,0.0,0.0
2024-05-22 00:00:00,0.0,0.0
2024-05-22 01:00:00,0.0,0.0
2024-05-22 02:00:00,0.0,0.0
2024-05-22 03:00:00,0.0,0.0
2024-05-22 04:00:00,0.0,0.0
2024-05-22 05:00:00,0.0,0.0
2024-05-22 06:00:00,0.0,0.0
2024-05-22 07:00:00,0.0,0.0
2024-05-22 08:00:00,0.0,0.0
2024-05-22 09:00:00,0.0,0.0
2024-05-22 10:00:00,0.07256274858160994,0.07256274858160994
2024-05-22 11:00:00,0.2596597415570578,0.2596597415570578
2024-05-22 12:00:00,0.5774348145683087,0.5774348145683087
2024-05-22 13:00:00,0.9005297723209257,0.9005297723209257
2024-05-22 14:00:00,1.536699993703921,1.536699993703921
2024-05-22 15:00:00,1.7195665167666612,1.7195665167666612
2024-05-22 16:00:00,2.252689982994308,2.252689982994308
2024-05-22 17:00:00,1.8179219653909202,1.8179219653909202
2024-05-22 18:00:00,2.6781700861918756,2.6781700861918756
2024-05-22 19:00:00,2.3891359405853905,2.3891359405853905
2024-05-22 20:00:00,2.711862297138408,2.711862297138408
2024-05-22 21:00:00,2.136235437940614,2.136235437940614
2024-05-22 22:00:00,0.0,0.0
2024-05-22 23:00:00,0.0,0.0
2024-05-23 00:00:00,0.0,0.0
2024-05-23 01:00:00,0.0,0.0
2024-05-23 02:00:00,0.0,0.0
2024-05-23 03:00:00,0.0,0.0
2024-05-23 04:00:00,0.0,0.0
2024-05-23 05:00:00,0.0,0.0
2024-05-23 06:00:00,0.0,0.0
2024-05-23 07:00:00,0.0,0.0
2024-05-23 08:00:00,0.0,0.0
2024-05-23 09:00:00,0.0,0.0
2024-05-23 10:00:00,0.06668958586434107,0.06668958586434107
2024-05-23 11:00:00,0.2570511178837167,0.2570511178837167
2024-05-23 12:00:00,0.5965201948778228,0.5965201948778228
2024-05-23 13:00:00,0.7939827561287558,0.7939827561287558
2024-05-23 14:00:00,1.5892886119723337,1.5892886119723337
2024-05-23 15:00:00,1.5584453770720228,1.5584453770720228
2024-05-23 16:00:00,1.9727251936021295,1.9727251936021295
2024-05-23 17:00:00,1.757948853537255,1.757948853537255
2024-05-23 18:00:00,2.2787906986756523,2.2787906986756523
2024-05-23 19:00:00,2.2572454198011904,2.2572454198011904
2024-05-23 20:00:00,2.566132313626483,2.566132313626483
2024-05-23 21:00:00,2.2792051289461686,2.2792051289461686
2024-05-23 22:00:00,0.0,0.0
2024-05-23 23:00:00,0.0,0.0
2024-05-24 00:00:00,0.0,0.0
2024-05-24 01:00:00,0.0,0.0
2024-05-24 02:00:00,0.0,0.0
2024-05-24 03:00:00,0.0,0.0
2024-05-24 04:00:00,0.0,0.0
2024-05-24 05:00:00,0.0,0.0
2024-05-24 06:00:00,0.0,0.0
2024-05-24 07:00:00,0.0,0.0
2024-05-24 08:00:00,0.0,0.0
2024-05-24 09:00:00,0.0,0.0
2024-05-24 10:00:00,0.06495178614334962,0.06495178614334962
2024-05-24 11:00:00,0.2823543920425034,0.2823543920425034
2024-05-24 12:00:00,0.5695686124979513,0.5695686124979513
2024-05-24 13:00:00,0.7494292419075735,0.7494292419075735
2024-05-24 14:00:00,1.1623650045459237,1.1623650045459237
2024-05-24 15:00:00,1.589299252202002,1.589299252202002
2024-05-24 16:00:00,1.8252190071603345,1.8252190071603345
2024-05-24 17:00:00,1.6540303205214286,1.6540303205214286
2024-05-24 18:00:00,2.3736286738408148,2.3736286738408148
2024-05-24 19:00:00,2.3025972454839905,2.3025972454839905
2024-05-24 20:00:00,2.452827550174164,2.452827550174164
2024-05-24 21:00:00,2.259434748377007,2.259434748377007
2024-05-24 22:00:00,0.0,0.0
2024-05-24 23:00:00,0.0,0.0
2024-05-25 00:00:00,0.0,0.0
2024-05-25 01:00:00,0.0,0.0
2024-05-25 02:00:00,0.0,0.0
2024-05-25 03:00:00,0.0,0.0
2024-05-25 04:00:00,0.0,0.0
2024-05-25 05:00:00,0.0,0.0
2024-05-25 06:00:00,0.0,0.0
2024-05-25 07:00:00,0.0,0.0
2024-05-25 08:00:00,0.0,0.0
2024-05-25 09:00:00,0.0,0.0
2024-05-25 10:00:00,0.06170375103179614,0.06170375103179614
2024-05-25 11:00:00,0.1870741779538826,0.1870741779538826
2024-05-25 12:00:00,0.4636168606901325,0.4636168606901325
2024-05-25 13:00:00,0.6395821793490463,0.6395821793490463
2024-05-25 14:00:00,0.934078447699212,0.934078447699212
2024-05-25 15:00:00,1.2751986056317532,1.2751986056317532
2024-05-25 16:00:00,1.4349664560217352,1.4349664560217352
2024-05-25 17:00:00,1.6230708944995436,1.6230708944995436
2024-05-25 18:00:00,1.6453674391426736,1.6453674391426736
2024-05-25 19:00:00,1.7967484619647331,1.7967484619647331
2024-05-25 20:00:00,1.744611551797219,1.744611551797219
2024-05-25 21:00:00,1.5651935956808696,1.5651935956808696
2024-05-25 22:00:00,0.0,0.0
2024-05-25 23:00:00,0.0,0.0
2024-05-26 00:00:00,0.0,0.0
2024-05-26 01:00:00,0.0,0.0
2024-05-26 02:00:00,0.0,0.0
2024-05-26 03:00:00,0.0,0.0
2024-05-26 04:00:00,0.0,0.0
2024-05-26 05:00:00,0.0,0.0
2024-05-26 06:00:00,0.0,0.0
2024-05-26 07:00:00,0.0,0.0
2024-05-26 08:00:00,0.0,0.0
2024-05-26 09:00:00,0.0,0.0
2024-05-26 10:00:00,0.055244578575522646,0.055244578575522646
2024-05-26 11:00:00,0.18834633389282576,0.18834633389282576
2024-05-26 12:00:00,0.3393059579187825,0.3393059579187825
2024-05-26 13:00:00,0.6996316464283633,0.6996316464283633
2024-05-26 14:00:00,0.9323131754479855,0.9323131754479855
2024-05-26 15:00:00,1.1953182005015863,1.1953182005015863
2024-05-26 16:00:00,1.4364255757021422,1.4364255757021422
2024-05-26 17:00:00,1.3044829064555437,1.3044829064555437
2024-05-26 18:00:00,1.618267246406925,1.618267246406925
2024-05-26 19:00:00,2.0171438185442367,2.0171438185442367
2024-05-26 20:00:00,1.7196299633130476,1.7196299633130476
2024-05-26 21:00:00,1.5960957703577512,1.5960957703577512
2024-05-26 22:00:00,0.0,0.0
2024-05-26 23:00:00,0.0,0.0
2024-05-27 00:00:00,0.0,0.0
2024-05-27 01:00:00,0.0,0.0
2024-05-27 02:00:00,0.0,0.0
2024-05-27 03:00:00,0.0,0.0
2024-05-27 04:00:00,0.0,0.0
2024-05-27 05:00:00,0.0,0.0
2024-05-27 06:00:00,0.0,0.0
2024-05-27 07:00:00,0.0,0.0
2024-05-27 08:00:00,0.0,0.0
2024-05-27 09:00:00,0.0,0.0
2024-05-27 10:00:00,0.07957958934339954,0.07957958934339954
2024-05-27 11:00:00,0.2963484346996811,0.2963484346996811
2024-05-27 12:00:00,0.6015241967197469,0.6015241967197469
2024-05-27 13:00:00,0.8479685147658584,0.8479685147658584
2024-05-27 14:00:00,1.431023171883651,1.431023171883651
2024-05-27 15:00:00,1.6543196000826228,1.6543196000826228
2024-05-27 16:00:00,2.0507714429547876,2.0507714429547876
2024-05-27 17:00:00,2.133920052396785,2.133920052396785
2024-05-27 18:00:00,2.638740773648307,2.638740773648307
2024-05-27 19:00:00,2.8058360374796445,2.8058360374796445
2024-05-27 20:00:00,2.263597880471944,2.263597880471944
2024-05-27 21:00:00,2.217037840337293,2.217037840337293
2024-05-27 22:00:00,0.0,0.0
2024-05-27 23:00:00,0.0,0.0
2024-05-28 00:00:00,0.0,0.0
2024-05-28 01:00:00,0.0,0.0
2024-05-28 02:00:00,0.0,0.0
2024-05-28 03:00:00,0.0,0.0
2024-05-28 04:00:00,0.0,0.0
2024-05-28 05:00:00,0.0,0.0
2024-05-28 06:00:00,0.0,0.0
2024-05-28 07:00:00,0.0,0.0
2024-05-28 08:00:00,0.0,0.0
2024-05-28 09:00:00,0.0,0.0
2024-05-28 10:00:00,0.08330034483752814,0.08330034483752814
2024-05-28 11:00:00,0.36618272420487497,0.36618272420487497
2024-05-28 12:00:00,0.5675269354702858,0.5675269354702858
2024-05-28 13:00:00,1.0030217429781894,1.0030217429781894
2024-05-28 14:00:00,1.613760427469831,1.613760427469831
2024-05-28 15:00:00,1.979766437916914,1.979766437916914
2024-05-28 16:00:00,2.5991312001980638,2.5991312001980638
2024-05-28 17:00:00,1.925359566230905,1.925359566230905
2024-05-28 18:00:00,2.3994079153192898,2.3994079153192898
2024-05-28 19:00:00,3.0108081558745035,3.0108081558745035
2024-05-28 20:00:00,2.99012212291845,2.99012212291845
2024-05-28 21:00:00,2.175888134420656,2.175888134420656
2024-05-28 22:00:00,0.0,0.0
2024-05-28 23:00:00,0.0,0.0
2024-05-29 00:00:00,0.0,0.0
2024-05-29 01:00:00,0.0,0.0
2024-05-29 02:00:00,0.0,0.0
2024-05-29 03:00:00,0.0,0.0
2024-05-29 04:00:00,0.0,0.0
2024-05-29 05:00:00,0.0,0.0
2024-05-29 06:00:00,0.0,0.0
2024-05-29 07:00:00,0.0,0.0
2024-05-29 08:00:00,0.0,0.0
2024-05-29 09:00:00,0.0,0.0
2024-05-29 10:00:00,0.07824957524467269,0.07824957524467269
2024-05-29 11:00:00,0.29320868619449664,0.29320868619449664
2024-05-29 12:00:00,0.5067559588412376,0.5067559588412376
2024-05-29 13:00:00,0.737189178366315,0.737189178366315
2024-05-29 14:00:00,1.5555843404824374,1.5555843404824374
2024-05-29 15:00:00,1.769663871088962,1.769663871088962
2024-05-29 16:00:00,2.171614619937167,2.171614619937167
2024-05-29 17:00:00,2.291014726634659,2.291014726634659
2024-05-29 18:00:00,2.669754504594021,2.669754504594021
2024-05-29 19:00:00,2.402182565240082,2.402182565240082
2024-05-29 20:00:00,2.38611400086662,2.38611400086662
2024-05-29 21:00:00,2.367522861641533,2.367522861641533
2024-05-29 22:00:00,0.0,0.0
2024-05-29 23:00:00,0.0,0.0
2024-05-30 00:00:00,0.0,0.0
2024-05-30 01:00:00,0.0,0.0
2024-05-30 02:00:00,0.0,0.0
2024-05-30 03:00:00,0.0,0.0
2024-05-30 04:00:00,0.0,0.0
2024-05-30 05:00:00,0.0,0.0
2024-05-30 06:00:00,0.0,0.0
2024-05-30 07:00:00,0.0,0.0
2024-05-30 08:00:00,0.0,0.0
2024-05-30 09:00:00,0.0,0.0
2024-05-30 10:00:00,0.07599879944847082,0.07599879944847082
2024-05-30 11:00:00,0.3093963530132102,0.3093963530132102
2024-05-30 12:00:00,0.5654673162632475,0.5654673162632475
2024-05-30 13:00:00,0.8487351314114401,0.8487351314114401
2024-05-30 14:00:00,1.2726022657399483,1.2726022657399483
2024-05-30 15:00:00,1.706472768281319,1.706472768281319
2024-05-30 16:00:00,1.9402068103504075,1.9402068103504075
2024-05-30 17:00:00,1.9155560527790343,1.9155560527790343
2024-05-30 18:00:00,2.198611727579732,2.198611727579732
2024-05-30 19:00:00,2.4384776076261296,2.4384776076261296
2024-05-30 20:00:00,2.059483475565511,2.059483475565511
2024-05-30 21:00:00,2.3054128527287725,2.3054128527287725
2024-05-30 22:00:00,0.0,0.0
2024-05-30 23:00:00,0.0,0.0
2024-05-31 00:00:00,0.0,0.0
2024-05-31 01:00:00,0.0,0.0
2024-05-31 02:00:00,0.0,0.0
2024-05-31 03:00:00,0.0,0.0
2024-05-31 04:00:00,0.0,0.0
2024-05-31 05:00:00,0.0,0.0
2024-05-31 06:00:00,0.0,0.0
2024-05-31 07:00:00,0.0,0.0
2024-05-31 08:00:00,0.0,0.0
2024-05-31 09:00:00,0.0,0.0
2024-05-31 10:00:00,0.0710679976959829,0.0710679976959829
2024-05-31 11:00:00,0.28822043327326247,0.28822043327326247
2024-05-31 12:00:00,0.5334621170602566,0.5334621170602566
2024-05-31 13:00:00,0.9114922530483606,0.9114922530483606
2024-05-31 14:00:00,1.3095494237149474,1.3095494237149474
2024-05-31 15:00:00,1.4805433309535259,1.4805433309535259
2024-05-31 16:00:00,2.136561991014732,2.136561991014732
2024-05-31 17:00:00,2.1955956860443555,2.1955956860443555
2024-05-31 18:00:00,2.525373120980527,2.525373120980527
2024-05-31 19:00:00,2.663895334866313,2.663895334866313
2024-05-31 20:00:00,2.4511589174387787,2.4511589174387787
2024-05-31 21:00:00,2.423367972467514,2.423367972467514
2024-05-31 22:00:00,0.0,0.0
2024-05-31 23:00:00,0.0,0.0
2024-06-01 00:00:00,0.0,0.0
2024-06-01 01:00:00,0.0,0.0
2024-06-01 02:00:00,0.0,0.0
2024-06-01 03:00:00,0.0,0.0
2024-06-01 04:00:00,0.0,0.0
2024-06-01 05:00:00,0.0,0.0
2024-06-01 06:00:00,0.0,0.0
2024-06-01 07:00:00,0.0,0.0
2024-06-01 08:00:00,0.0,0.0
2024-06-01 09:00:00,0.0,0.0
2024-06-01 10:00:00,0.058297634613114394,0.058297634613114394
2024-06-01 11:00:00,0.1934169101263935,0.1934169101263935
2024-06-01 12:00:00,0.3953658537942643,0.3953658537942643
2024-06-01 13:00:00,0.615289397406398,0.615289397406398
2024-06-01 14:00:00,0.9691654295092026,0.9691654295092026
2024-06-01 15:00:00,1.3285992507133022,1.3285992507133022
2024-06-01 16:00:00,1.647553073342004,1.647553073342004
2024-06-01 17:00:00,1.6550534071602112,1.6550534071602112
2024-06-01 18:00:00,1.7923013934043546,1.7923013934043546
2024-06-01 19:00:00,1.9219420380975416,1.9219420380975416
2024-06-01 20:00:00,1.8801145077291186,1.8801145077291186
2024-06-01 21:00:00,1.4980208599981994,1.4980208599981994
2024-06-01 22:00:00,0.0,0.0
2024-06-01 23:00:00,0.0,0.0
2024-06-02 00:00:00,0.0,0.0
2024-06-02 01:00:00,0.0,0.0
2024-06-02 02:00:00,0.0,0.0
2024-06-02 03:00:00,0.0,0.0
2024-06-02 04:00:00,0.0,0.0
2024-06-02 05:00:00,0.0,0.0
2024-06-02 06:00:00,0.0,0.0
2024-06-02 07:00:00,0.0,0.0
2024-06-02 08:00:00,0.0,0.0
2024-06-02 09:00:00,0.0,0.0
2024-06-02 10:00:00,0.04897301673787004,0.04897301673787004
2024-06-02 11:00:00,0.23683229322709926,0.23683229322709926
2024-06-02 12:00:00,0.47394144550814055,0.47394144550814055
2024-06-02 13:00:00,0.6211823161291732,0.6211823161291732
2024-06-02 14:00:00,0.921848395899289,0.921848395899289
2024-06-02 15:00:00,1.2510617242529076,1.2510617242529076
2024-06-02 16:00:00,1.7047505124227134,1.7047505124227134
2024-06-02 17:00:00,1.7179875340488344,1.7179875340488344
2024-06-02 18:00:00,1.7136305226506832,1.7136305226506832
2024-06-02 19:00:00,1.8998702791439788,1.8998702791439788
2024-06-02 20:00:00,1.9423694357359282,1.9423694357359282
2024-06-02 21:00:00,1.6412142970793877,1.6412142970793877
2024-06-02 22:00:00,0.0,0.0
2024-06-02 23:00:00,0.0,0.0
2024-06-03 00:00:00,0.0,0.0
2024-06-03 01:00:00,0.0,0.0
2024-06-03 02:00:00,0.0,0.0
2024-06-03 03:00:00,0.0,0.0
2024-06-03 04:00:00,0.0,0.0
2024-06-03 05:00:00,0.0,0.0
2024-06-03 06:00:00,0.0,0.0
2024-06-03 07:00:00,0.0,0.0
2024-06-03 08:00:00,0.0,0.0
2024-06-03 09:00:00,0.0,0.0
2024-06-03 10:00:00,0.07715291578367157,0.07715291578367157
2024-06-03 11:00:00,0.32372601230614767,0.32372601230614767
2024-06-03 12:00:00,0.6955579677451017,0.6955579677451017
2024-06-03 13:00:00,1.0710237422275055,1.0710237422275055
2024-06-03 14:00:00,1.760127758603625,1.760127758603625
2024-06-03 15:00:00,1.5377301982700846,1.5377301982700846
2024-06-03 16:00:00,2.1636764128508026,2.1636764128508026
2024-06-03 17:00:00,2.0786209424074564,2.0786209424074564
2024-06-03 18:00:00,2.5942416659079357,2.5942416659079357
2024-06-03 19:00:00,2.893092226980867,2.893092226980867
2024-06-03 20:00:00,3.043157183789745,3.043157183789745
2024-06-03 21:00:00,2.388707953469391,2.388707953469391
2024-06-03 22:00:00,0.0,0.0
2024-06-03 23:00:00,0.0,0.0
2024-06-04 00:00:00,0.0,0.0
2024-06-04 01:00:00,0.0,0.0
2024-06-04 02:00:00,0.0,0.0
2024-06-04 03:00:00,0.0,0.0
2024-06-04 04:00:00,0.0,0.0
2024-06-04 05:00:00,0.0,0.0
2024-06-04 06:00:00,0.0,0.0
2024-06-04 07:00:00,0.0,0.0
2024-06-04 08:00:00,0.0,0.0
2024-06-04 09:00:00,0.0,0.0
2024-06-04 10:00:00,0.07174458385265921,0.07174458385265921
2024-06-04 11:00:00,0.24686457133705897,0.24686457133705897
2024-06-04 12:00:00,0.5697061241683516,0.5697061241683516
2024-06-04 13:00:00,0.9352627199235084,0.9352627199235084
2024-06-04 14:00:00,1.2919046294892471,1.2919046294892471
2024-06-04 15:00:00,1.6320779384999966,1.6320779384999966
2024-06-04 16:00:00,2.380954398079804,2.380954398079804
2024-06-04 17:00:00,1.8008014980763196,1.8008014980763196
2024-06-04 18:00:00,2.6116326847568865,2.6116326847568865
2024-06-04 19:00:00,2.815786656875675,2.815786656875675
2024-06-04 20:00:00,2.2830521391396177,2.2830521391396177
2024-06-04 21:00:00,2.377271550912785,2.377271550912785
2024-06-04 22:00:00,0.0,0.0
2024-06-04 23:00:00,0.0,0.0
2024-06-05 00:00:00,0.0,0.0
2024-06-05 01:00:00,0.0,0.0
2024-06-05 02:00:00,0.0,0.0
2024-06-05 03:00:00,0.0,0.0
2024-06-05 04:00:00,0.0,0.0
2024-06-05 05:00:00,0.0,0.0
2024-06-05 06:00:00,0.0,0.0
2024-06-05 07:00:00,0.0,0.0
2024-06-05 08:00:00,0.0,0.0
2024-06-05 09:00:00,0.0,0.0
2024-06-05 10:00:00,0.06997037336945565,0.06997037336945565
2024-06-05 11:00:00,0.28073970248043284,0.28073970248043284
2024-06-05 12:00:00,0.486813853651738,0.486813853651738
2024-06-05 13:00:00,0.7548898338096988,0.7548898338096988
2024-06-05 14:00:00,1.4814806536481528,1.4814806536481528
2024-06-05 15:00:00,1.7184279523852677,1.7184279523852677
2024-06-05 16:00:00,1.8067673764568717,1.8067673764568717
2024-06-05 17:00:00,2.0723357734173953,2.0723357734173953
2024-06-05 18:00:00,2.5653253287012574,2.5653253287012574
2024-06-05 19:00:00,2.1879023437551046,2.1879023437551046
2024-06-05 20:00:00,2.40802289575716,2.40802289575716
2024-06-05 21:00:00,2.2965454466755313,2.2965454466755313
2024-06-05 22:00:00,0.0,0.0
2024-06-05 23:00:00,0.0,0.0
2024-06-06 00:00:00,0.0,0.0
2024-06-06 01:00:00,0.0,0.0
2024-06-06 02:00:00,0.0,0.0
2024-06-06 03:00:00,0.0,0.0
2024-06-06 04:00:00,0.0,0.0
2024-06-06 05:00:00,0.0,0.0
2024-06-06 06:00:00,0.0,0.0
2024-06-06 07:00:00,0.0,0.0
2024-06-06 08:00:00,0.0,0.0
2024-06-06 09:00:00,0.0,0.0
2024-06-06 10:00:00,0.07880562624438905,0.07880562624438905
2024-06-06 11:00:00,0.24370097927916295,0.24370097927916295
2024-06-06 12:00:00,0.54981476001621,0.54981476001621
2024-06-06 13:00:00,0.8915896910383103,0.8915896910383103
2024-06-06 14:00:00,1.3802497221167431,1.3802497221167431
2024-06-06 15:00:00,1.4748211156256548,1.4748211156256548
2024-06-06 16:00:00,2.03338890914469,2.03338890914469
2024-06-06 17:00:00,1.9290084429342202,1.9290084429342202
2024-06-06 18:00:00,2.16774789924103,2.16774789924103
2024-06-06 19:00:00,2.031339325580967,2.031339325580967
2024-06-06 20:00:00,2.155627671729267,2.155627671729267
2024-06-06 21:00:00,2.1262534620352915,2.1262534620352915
2024-06-06 22:00:00,0.0,0.0
2024-06-06 23:00:00,0.0,0.0
2024-06-07 00:00:00,0.0,0.0
2024-06-07 01:00:00,0.0,0.0
2024-06-07 02:00:00,0.0,0.0
2024-06-07 03:00:00,0.0,0.0
2024-06-07 04:00:00,0.0,0.0
2024-06-07 05:00:00,0.0,0.0
2024-06-07 06:00:00,0.0,0.0
2024-06-07 07:00:00,0.0,0.0
2024-06-07 08:00:00,0.0,0.0
2024-06-07 09:00:00,0.0,0.0
2024-06-07 10:00:00,0.08294767992868766,0.08294767992868766
2024-06-07 11:00:00,0.29830494408515495,0.29830494408515495
2024-06-07 12:00:00,0.6034332883253155,0.6034332883253155
2024-06-07 13:00:00,0.9043528562358049,0.9043528562358049
2024-06-07 14:00:00,1.7129286906003462,1.7129286906003462
2024-06-07 15:00:00,1.9263466753376612,1.9263466753376612
2024-06-07 16:00:00,2.4488911114180176,2.4488911114180176
2024-06-07 17:00:00,2.392070182405724,2.392070182405724
2024-06-07 18:00:00,2.4930622961784157,2.4930622961784157
2024-06-07 19:00:00,2.4945725494673967,2.4945725494673967
2024-06-07 20:00:00,2.5421934083059896,2.5421934083059896
2024-06-07 21:00:00,2.752939874865253,2.752939874865253
2024-06-07 22:00:00,0.0,0.0
2024-06-07 23:00:00,0.0,0.0
2024-06-08 00:00:00,0.0,0.0
2024-06-08 01:00:00,0.0,0.0
2024-06-08 02:00:00,0.0,0.0
2024-06-08 03:00:00,0.0,0.0
2024-06-08 04:00:00,0.0,0.0
2024-06-08 05:00:00,0.0,0.0
2024-06-08 06:00:00,0.0,0.0
2024-06-08 07:00:00,0.0,0.0
2024-06-08 08:00:00,0.0,0.0
2024-06-08 09:00:00,0.0,0.0
2024-06-08 10:00:00,0.04489780461144841,0.04489780461144841
2024-06-08 11:00:00,0.21033939262686308,0.21033939262686308
2024-06-08 12:00:00,0.3266604103025046,0.3266604103025046
2024-06-08 13:00:00,0.6398707650283059,0.6398707650283059
2024-06-08 14:00:00,1.0006936889083935,1.0006936889083935
2024-06-08 15:00:00,0.9745261988766626,0.9745261988766626
2024-06-08 16:00:00,1.6451823809111703,1.6451823809111703
2024-06-08 17:00:00,1.4835997676275436,1.4835997676275436
2024-06-08 18:00:00,1.5604212943073357,1.5604212943073357
2024-06-08 19:00:00,1.7544750802745348,1.7544750802745348
2024-06-08 20:00:00,1.7524122659256514,1.7524122659256514
2024-06-08 21:00:00,1.5383290164141619,1.5383290164141619
2024-06-08 22:00:00,0.0,0.0
2024-06-08 23:00:00,0.0,0.0
2024-06-09 00:00:00,0.0,0.0
2024-06-09 01:00:00,0.0,0.0
2024-06-09 02:00:00,0.0,0.0
2024-06-09 03:00:00,0.0,0.0
2024-06-09 04:00:00,0.0,0.0
2024-06-09 05:00:00,0.0,0.0
2024-06-09 06:00:00,0.0,0.0
2024-06-09 07:00:00,0.0,0.0
2024-06-09 08:00:00,0.0,0.0
2024-06-09 09:00:00,0.0,0.0
2024-06-09 10:00:00,0.05239450054349616,0.05239450054349616
2024-06-09 11:00:00,0.1864933131607841,0.1864933131607841
2024-06-09 12:00:00,0.4190590902404414,0.4190590902404414
2024-06-09 13:00:00,0.6956071053218469,0.6956071053218469
2024-06-09 14:00:00,1.0715963018137862,1.0715963018137862
2024-06-09 15:00:00,1.2924356176960587,1.2924356176960587
2024-06-09 16:00:00,1.5503075117576486,1.5503075117576486
2024-06-09 17:00:00,1.343662390867022,1.343662390867022
2024-06-09 18:00:00,1.8521714287551068,1.8521714287551068
2024-06-09 19:00:00,1.8069838946536807,1.8069838946536807
2024-06-09 20:00:00,1.8124233720593705,1.8124233720593705
2024-06-09 21:00:00,1.5588665939148194,1.5588665939148194
2024-06-09 22:00:00,0.0,0.0
2024-06-09 23:00:00,0.0,0.0
2024-06-10 00:00:00,0.0,0.0
2024-06-10 01:00:00,0.0,0.0
2024-06-10 02:00:00,0.0,0.0
2024-06-10 03:00:00,0.0,0.0
2024-06-10 04:00:00,0.0,0.0
2024-06-10 05:00:00,0.0,0.0
2024-06-10 06:00:00,0.0,0.0
2024-06-10 07:00:00,0.0,0.0
2024-06-10 08:00:00,0.0,0.0
2024-06-10 09:00:00,0.0,0.0
2024-06-10 10:00:00,0.07673179159380261,0.07673179159380261
2024-06-10 11:00:00,0.29265634150992426,0.29265634150992426
2024-06-10 12:00:00,0.524588851627543,0.524588851627543
2024-06-10 13:00:00,0.8155083943688975,0.8155083943688975
2024-06-10 14:00:00,1.3697616965922181,1.3697616965922181
2024-06-10 15:00:00,1.6178337182005842,1.6178337182005842
2024-06-10 16:00:00,2.4983756970844344,2.4983756970844344
2024-06-10 17:00:00,2.0633195970530958,2.0633195970530958
2024-06-10 18:00:00,2.589917931526788,2.589917931526788
2024-06-10 19:00:00,2.5031800595054206,2.5031800595054206
2024-06-10 20:00:00,2.168101870498086,2.168101870498086
2024-06-10 21:00:00,2.271947540760806,2.271947540760806
2024-06-10 22:00:00,0.0,0.0
2024-06-10 23:00:00,0.0,0.0
2024-06-11 00:00:00,0.0,0.0
2024-06-11 01:00:00,0.0,0.0
2024-06-11 02:00:00,0.0,0.0
2024-06-11 03:00:00,0.0,0.0
2024-06-11 04:00:00,0.0,0.0
2024-06-11 05:00:00,0.0,0.0
2024-06-11 06:00:00,0.0,0.0
2024-06-11 07:00:00,0.0,0.0
2024-06-11 08:00:00,0.0,0.0
2024-06-11 09:00:00,0.0,0.0
2024-06-11 10:00:00,0.07354657931009279,0.07354657931009279
2024-06-11 11:00:00,0.28605683163534096,0.28605683163534096
2024-06-11 12:00:00,0.6092328590920887,0.6092328590920887
2024-06-11 13:00:00,0.7662386195732247,0.7662386195732247
2024-06-11 14:00:00,1.21151463696317,1.21151463696317
2024-06-11 15:00:00,1.5572033273787993,1.5572033273787993
2024-06-11 16:00:00,2.293852766371461,2.293852766371461
2024-06-11 17:00:00,2.18932777856398,2.18932777856398
2024-06-11 18:00:00,2.417396081005741,2.417396081005741
2024-06-11 19:00:00,2.784521602922217,2.784521602922217
2024-06-11 20:00:00,2.4771226952088115,2.4771226952088115
2024-06-11 21:00:00,2.1903224813742272,2.1903224813742272
2024-06-11 22:00:00,0.0,0.0
2024-06-11 23:00:00,0.0,0.0
2024-06-12 00:00:00,0.0,0.0
2024-06-12 01:00:00,0.0,0.0
2024-06-12 02:00:00,0.0,0.0
2024-06-12 03:00:00,0.0,0.0
2024-06-12 04:00:00,0.0,0.0
2024-06-12 05:00:00,0.0,0.0
2024-06-12 06:00:00,0.0,0.0
2024-06-12 07:00:00,0.0,0.0
2024-06-12 08:00:00,0.0,0.0
2024-06-12 09:00:00,0.0,0.0
2024-06-12 10:00:00,0.05933173166585598,0.05933173166585598
2024-06-12 11:00:00,0.3072955374426443,0.3072955374426443
2024-06-12 12:00:00,0.4838039590815922,0.4838039590815922
2024-06-12 13:00:00,0.7940302165520363,0.7940302165520363
2024-06-12 14:00:00,1.1606813864125956,1.1606813864125956
2024-06-12 15:00:00,1.692411397399749,1.692411397399749
2024-06-12 16:00:00,2.2066989904866534,2.2066989904866534
2024-06-12 17:00:00,1.6854289514377958,1.6854289514377958
2024-06-12 18:00:00,2.464077708326072,2.464077708326072
2024-06-12 19:00:00,2.365074367450392,2.365074367450392
2024-06-12 20:00:00,2.238952930533789,2.238952930533789
2024-06-12 21:00:00,1.9808301503768455,1.9808301503768455
2024-06-12 22:00:00,0.0,0.0
2024-06-12 23:00:00,0.0,0.0
2024-06-13 00:00:00,0.0,0.0
2024-06-13 01:00:00,0.0,0.0
2024-06-13 02:00:00,0.0,0.0
2024-06-13 03:00:00,0.0,0.0
2024-06-13 04:00:00,0.0,0.0
2024-06-13 05:00:00,0.0,0.0
2024-06-13 06:00:00,0.0,0.0
2024-06-13 07:00:00,0.0,0.0
2024-06-13 08:00:00,0.0,0.0
2024-06-13 09:00:00,0.0,0.0
2024-06-13 10:00:00,0.06672830946442661,0.06672830946442661
2024-06-13 11:00:00,0.283920157421831,0.283920157421831
2024-06-13 12:00:00,0.5639000699496125,0.5639000699496125
2024-06-13 13:00:00,1.005673419155764,1.005673419155764
2024-06-13 14:00:00,1.3715632204902448,1.3715632204902448
2024-06-13 15:00:00,1.4871330249948942,1.4871330249948942
2024-06-13 16:00:00,2.3521376759722377,2.3521376759722377
2024-06-13 17:00:00,2.0870709322666703,2.0870709322666703
2024-06-13 18:00:00,2.1765834557231254,2.1765834557231254
2024-06-13 19:00:00,2.3553834369156927,2.3553834369156927
2024-06-13 20:00:00,2.5751844985744676,2.5751844985744676
2024-06-13 21:00:00,2.02948942983508,2.02948942983508
2024-06-13 22:00:00,0.0,0.0
2024-06-13 23:00:00,0.0,0.0
2024-06-14 00:00:00,0.0,0.0
2024-06-14 01:00:00,0.0,0.0
2024-06-14 02:00:00,0.0,0.0
2024-06-14 03:00:00,0.0,0.0
2024-06-14 04:00:00,0.0,0.0
2024-06-14 05:00:00,0.0,0.0
2024-06-14 06:00:00,0.0,0.0
2024-06-14 07:00:00,0.0,0.0
2024-06-14 08:00:00,0.0,0.0
2024-06-14 09:00:00,0.0,0.0
2024-06-14 10:00:00,0.08226608992314977,0.08226608992314977
2024-06-14 11:00:00,0.3055433765005722,0.3055433765005722
2024-06-14 12:00:00,0.6505733551519581,0.6505733551519581
2024-06-14 13:00:00,0.8596011789095122,0.8596011789095122
2024-06-14 14:00:00,1.4511530220486848,1.4511530220486848
2024-06-14 15:00:00,1.6631220198759804,1.6631220198759804
2024-06-14 16:00:00,2.2115229377951104,2.2115229377951104
2024-06-14 17:00:00,2.1275372001255555,2.1275372001255555
2024-06-14 18:00:00,2.4448786239925155,2.4448786239925155
2024-06-14 19:00:00,2.6303068836797863,2.6303068836797863
2024-06-14 20:00:00,2.29010008790245,2.29010008790245
2024-06-14 21:00:00,2.309518798559049,2.309518798559049
2024-06-14 22:00:00,0.0,0.0
2024-06-14 23:00:00,0.0,0.0
2024-06-15 00:00:00,0.0,0.0
2024-06-15 01:00:00,0.0,0.0
2024-06-15 02:00:00,0.0,0.0
2024-06-15 03:00:00,0.0,0.0
2024-06-15 04:00:00,0.0,0.0
2024-06-15 05:00:00,0.0,0.0
2024-06-15 06:00:00,0.0,0.0
2024-06-15 07:00:00,0.0,0.0
2024-06-15 08:00:00,0.0,0.0
2024-06-15 09:00:00,0.0,0.0
2024-06-15 10:00:00,0.05452493791346452,0.05452493791346452
2024-06-15 11:00:00,0.2020737878297102,0.2020737878297102
2024-06-15 12:00:00,0.46639547721023816,0.46639547721023816
2024-06-15 13:00:00,0.5784700242421335,0.5784700242421335
2024-06-15 14:00:00,1.205943788044177,1.205943788044177
2024-06-15 15:00:00,1.2671660721653646,1.2671660721653646
2024-06-15 16:00:00,1.8335901718692136,1.8335901718692136
2024-06-15 17:00:00,1.4523707390005687,1.4523707390005687
2024-06-15 18:00:00,1.6787600716980737,1.6787600716980737
2024-06-15 19:00:00,1.5899627507200258,1.5899627507200258
2024-06-15 20:00:00,1.540063110108779,1.540063110108779
2024-06-15 21:00:00,1.6695633593249526,1.6695633593249526
2024-06-15 22:00:00,0.0,0.0
2024-06-15 23:00:00,0.0,0.0
2024-06-16 00:00:00,0.0,0.0
2024-06-16 01:00:00,0.0,0.0
2024-06-16 02:00:00,0.0,0.0
2024-06-16 03:00:00,0.0,0.0
2024-06-16 04:00:00,0.0,0.0
2024-06-16 05:00:00,0.0,0.0
2024-06-16 06:00:00,0.0,0.0
2024-06-16 07:00:00,0.0,0.0
2024-06-16 08:00:00,0.0,0.0
2024-06-16 09:00:00,0.0,0.0
2024-06-16 10:00:00,0.04575268121407889,0.04575268121407889
2024-06-16 11:00:00,0.2271826101131914,0.2271826101131914
2024-06-16 12:00:00,0.33359099341233533,0.33359099341233533
2024-06-16 13:00:00,0.6311268438699426,0.6311268438699426
2024-06-16 14:00:00,0.8857142829459299,0.8857142829459299
2024-06-16 15:00:00,1.167280081602729,1.167280081602729
2024-06-16 16:00:00,1.3679013368505621,1.3679013368505621
2024-06-16 17:00:00,1.3061288135655766,1.3061288135655766
2024-06-16 18:00:00,1.8448073529792657,1.8448073529792657
2024-06-16 19:00:00,1.927188115795949,1.927188115795949
2024-06-16 20:00:00,1.769626383912987,1.769626383912987
2024-06-16 21:00:00,1.758205229344801,1.758205229344801
2024-06-16 22:00:00,0.0,0.0
2024-06-16 23:00:00,0.0,0.0
2024-06-17 00:00:00,0.0,0.0
2024-06-17 01:00:00,0.0,0.0
2024-06-17 02:00:00,0.0,0.0
2024-06-17 03:00:00,0.0,0.0
2024-06-17 04:00:00,0.0,0.0
2024-06-17 05:00:00,0.0,0.0
2024-06-17 06:00:00,0.0,0.0
2024-06-17 07:00:00,0.0,0.0
2024-06-17 08:00:00,0.0,0.0
2024-06-17 09:00:00,0.0,0.0
2024-06-17 10:00:00,0.07187346432509023,0.07187346432509023
2024-06-17 11:00:00,0.3276343297411204,0.3276343297411204
2024-06-17 12:00:00,0.552342849600134,0.552342849600134
2024-06-17 13:00:00,0.9896314277497305,0.9896314277497305
2024-06-17 14:00:00,1.2419739144914512,1.2419739144914512
2024-06-17 15:00:00,1.6794666669351788,1.6794666669351788
2024-06-17 16:00:00,2.0055713423342345,2.0055713423342345
2024-06-17 17:00:00,2.2223402625068,2.2223402625068
2024-06-17 18:00:00,2.352175650525522,2.352175650525522
2024-06-17 19:00:00,2.194846057256219,2.194846057256219
2024-06-17 20:00:00,2.3390496059073302,2.3390496059073302
2024-06-17 21:00:00,2.1968773463523616,2.1968773463523616
2024-06-17 22:00:00,0.0,0.0
2024-06-17 23:00:00,0.0,0.0
2024-06-18 00:00:00,0.0,0.0
2024-06-18 01:00:00,0.0,0.0
2024-06-18 02:00:00,0.0,0.0
2024-06-18 03:00:00,0.0,0.0
2024-06-18 04:00:00,0.0,0.0
2024-06-18 05:00:00,0.0,0.0
2024-06-18 06:00:00,0.0,0.0
2024-06-18 07:00:00,0.0,0.0
2024-06-18 08:00:00,0.0,0.0
2024-06-18 09:00:00,0.0,0.0
2024-06-18 10:00:00,0.07312141403503256,0.07312141403503256
2024-06-18 11:00:00,0.27691449658353723,0.27691449658353723
2024-06-18 12:00:00,0.596065865590317,0.596065865590317
2024-06-18 13:00:00,0.8652690401803274,0.8652690401803274
2024-06-18 14:00:00,1.3596708407760951,1.3596708407760951
2024-06-18 15:00:00,1.6532532690364143,1.6532532690364143
2024-06-18 16:00:00,2.0874313574009293,2.0874313574009293
2024-06-18 17:00:00,1.7469522413682892,1.7469522413682892
2024-06-18 18:00:00,2.53969021086836,2.53969021086836
2024-06-18 19:00:00,2.7367209222001607,2.7367209222001607
2024-06-18 20:00:00,2.3825592080086744,2.3825592080086744
2024-06-18 21:00:00,2.2223428988559797,2.2223428988559797
2024-06-18 22:00:00,0.0,0.0
2024-06-18 23:00:00,0.0,0.0
2024-06-19 00:00:00,0.0,0.0
2024-06-19 01:00:00,0.0,0.0
2024-06-19 02:00:00,0.0,0.0
2024-06-19 03:00:00,0.0,0.0
2024-06-19 04:00:00,0.0,0.0
2024-06-19 05:00:00,0.0,0.0
2024-06-19 06:00:00,0.0,0.0
2024-06-19 07:00:00,0.0,0.0
2024-06-19 08:00:00,0.0,0.0
2024-06-19 09:00:00,0.0,0.0
2024-06-19 10:00:00,0.06412945405738332,0.06412945405738332
2024-06-19 11:00:00,0.2768270127628873,0.2768270127628873
2024-06-19 12:00:00,0.4785322686283719,0.4785322686283719
2024-06-19 13:00:00,0.8438385129574462,0.8438385129574462
2024-06-19 14:00:00,1.3327315438144962,1.3327315438144962
2024-06-19 15:00:00,1.5639984843325376,1.5639984843325376
2024-06-19 16:00:00,1.7921892957720165,1.7921892957720165
2024-06-19 17:00:00,1.827278774434669,1.827278774434669
2024-06-19 18:00:00,2.4243259305666864,2.4243259305666864
2024-06-19 19:00:00,2.036359540427663,2.036359540427663
2024-06-19 20:00:00,1.9927757718722567,1.9927757718722567
2024-06-19 21:00:00,2.43811791298756,2.43811791298756
2024-06-19 22:00:00,0.0,0.0
2024-06-19 23:00:00,0.0,0.0
2024-06-20 00:00:00,0.0,0.0
2024-06-20 01:00:00,0.0,0.0
2024-06-20 02:00:00,0.0,0.0
2024-06-20 03:00:00,0.0,0.0
2024-06-20 04:00:00,0.0,0.0
2024-06-20 05:00:00,0.0,0.0
2024-06-20 06:00:00,0.0,0.0
2024-06-20 07:00:00,0.0,0.0
2024-06-20 08:00:00,0.0,0.0
2024-06-20 09:00:00,0.0,0.0
2024-06-20 10:00:00,0.08577549943421127,0.08577549943421127
2024-06-20 11:00:00,0.28627904447325775,0.28627904447325775
2024-06-20 12:00:00,0.5615319033591551,0.5615319033591551
2024-06-20 13:00:00,0.986124023719645,0.986124023719645
2024-06-20 14:00:00,1.7174048375147277,1.7174048375147277
2024-06-20 15:00:00,1.9842747411198962,1.9842747411198962
2024-06-20 16:00:00,2.59519896792484,2.59519896792484
2024-06-20 17:00:00,2.413734719854911,2.413734719854911
2024-06-20 18:00:00,2.376646592847409,2.376646592847409
2024-06-20 19:00:00,2.4840745153595316,2.4840745153595316
2024-06-20 20:00:00,2.837842057127915,2.837842057127915
2024-06-20 21:00:00,2.454719104022462,2.454719104022462
2024-06-20 22:00:00,0.0,0.0
2024-06-20 23:00:00,0.0,0.0
2024-06-21 00:00:00,0.0,0.0
2024-06-21 01:00:00,0.0,0.0
2024-06-21 02:00:00,0.0,0.0
2024-06-21 03:00:00,0.0,0.0
2024-06-21 04:00:00,0.0,0.0
2024-06-21 05:00:00,0.0,0.0
2024-06-21 06:00:00,0.0,0.0
2024-06-21 07:00:00,0.0,0.0
2024-06-21 08:00:00,0.0,0.0
2024-06-21 09:00:00,0.0,0.0
2024-06-21 10:00:00,0.07488339447219142,0.07488339447219142
2024-06-21 11:00:00,0.2765833319877983,0.2765833319877983
2024-06-21 12:00:00,0.5880423584278932,0.5880423584278932
2024-06-21 13:00:00,0.8878719273184535,0.8878719273184535
2024-06-21 14:00:00,1.3638898854229822,1.3638898854229822
2024-06-21 15:00:00,1.8902437923927498,1.8902437923927498
2024-06-21 16:00:00,2.050527295178274,2.050527295178274
2024-06-21 17:00:00,2.077776086222697,2.077776086222697
2024-06-21 18:00:00,2.365513268372239,2.365513268372239
2024-06-21 19:00:00,2.2934195110420657,2.2934195110420657
2024-06-21 20:00:00,2.7801511387334426,2.7801511387334426
2024-06-21 21:00:00,2.156645279790007,2.156645279790007
2024-06-21 22:00:00,0.0,0.0
2024-06-21 23:00:00,0.0,0.0
2024-06-22 00:00:00,0.0,0.0
2024-06-22 01:00:00,0.0,0.0
2024-06-22 02:00:00,0.0,0.0
2024-06-22 03:00:00,0.0,0.0
2024-06-22 04:00:00,0.0,0.0
2024-06-22 05:00:00,0.0,0.0
2024-06-22 06:00:00,0.0,0.0
2024-06-22 07:00:00,0.0,0.0
2024-06-22 08:00:00,0.0,0.0
2024-06-22 09:00:00,0.0,0.0
2024-06-22 10:00:00,0.05033830249819213,0.05033830249819213
2024-06-22 11:00:00,0.2302023621609488,0.2302023621609488
2024-06-22 12:00:00,0.4292333525817935,0.4292333525817935
2024-06-22 13:00:00,0.7267367904628403,0.7267367904628403
2024-06-22 14:00:00,0.9989763722270596,0.9989763722270596
2024-06-22 15:00:00,1.1115247883584833,1.1115247883584833
2024-06-22 16:00:00,1.658096762953775,1.658096762953775
2024-06-22 17:00:00,1.484967118857252,1.484967118857252
2024-06-22 18:00:00,1.954401883287927,1.954401883287927
2024-06-22 19:00:00,1.9278302822301687,1.9278302822301687
2024-06-22 20:00:00,1.6202545376025945,1.6202545376025945
2024-06-22 21:00:00,1.5398233936712922,1.5398233936712922
2024-06-22 22:00:00,0.0,0.0
2024-06-22 23:00:00,0.0,0.0
2024-06-23 00:00:00,0.0,0.0
2024-06-23 01:00:00,0.0,0.0
2024-06-23 02:00:00,0.0,0.0
2024-06-23 03:00:00,0.0,0.0
2024-06-23 04:00:00,0.0,0.0
2024-06-23 05:00:00,0.0,0.0
2024-06-23 06:00:00,0.0,0.0
2024-06-23 07:00:00,0.0,0.0
2024-06-23 08:00:00,0.0,0.0
2024-06-23 09:00:00,0.0,0.0
2024-06-23 10:00:00,0.06056636281739737,0.06056636281739737
2024-06-23 11:00:00,0.2178163740781276,0.2178163740781276
2024-06-23 12:00:00,0.44407873132813996,0.44407873132813996
2024-06-23 13:00:00,0.6045623937294167,0.6045623937294167
2024-06-23 14:00:00,1.0396616388862194,1.0396616388862194
2024-06-23 15:00:00,1.2390058523680134,1.2390058523680134
2024-06-23 16:00:00,1.5590294330978145,1.5590294330978145
2024-06-23 17:00:00,1.3791736315570828,1.3791736315570828
2024-06-23 18:00:00,1.511255098670482,1.511255098670482
2024-06-23 19:00:00,1.9074633164110784,1.9074633164110784
2024-06-23 20:00:00,1.5007689927620458,1.5007689927620458
2024-06-23 21:00:00,1.4698413234312135,1.4698413234312135
2024-06-23 22:00:00,0.0,0.0
2024-06-23 23:00:00,0.0,0.0
2024-06-24 00:00:00,0.0,0.0
2024-06-24 01:00:00,0.0,0.0
2024-06-24 02:00:00,0.0,0.0
2024-06-24 03:00:00,0.0,0.0
2024-06-24 04:00:00,0.0,0.0
2024-06-24 05:00:00,0.0,0.0
2024-06-24 06:00:00,0.0,0.0
2024-06-24 07:00:00,0.0,0.0
2024-06-24 08:00:00,0.0,0.0
2024-06-24 09:00:00,0.0,0.0
2024-06-24 10:00:00,0.07345601415592112,0.07345601415592112
2024-06-24 11:00:00,0.32515544760374826,0.32515544760374826
2024-06-24 12:00:00,0.5249542159555727,0.5249542159555727
2024-06-24 13:00:00,1.0410703218902069,1.0410703218902069
2024-06-24 14:00:00,1.642820995973613,1.642820995973613
2024-06-24 15:00:00,1.621658776268732,1.621658776268732
2024-06-24 16:00:00,1.9156190400265674,1.9156190400265674
2024-06-24 17:00:00,1.9277018151472458,1.9277018151472458
2024-06-24 18:00:00,2.643713936552673,2.643713936552673
2024-06-24 19:00:00,2.690588233156072,2.690588233156072
2024-06-24 20:00:00,2.501489163491908,2.501489163491908
2024-06-24 21:00:00,2.316335002989943,2.316335002989943
2024-06-24 22:00:00,0.0,0.0
2024-06-24 23:00:00,0.0,0.0
2024-06-25 00:00:00,0.0,0.0
2024-06-25 01:00:00,0.0,0.0
2024-06-25 02:00:00,0.0,0.0
2024-06-25 03:00:00,0.0,0.0
2024-06-25 04:00:00,0.0,0.0
2024-06-25 05:00:00,0.0,0.0
2024-06-25 06:00:00,0.0,0.0
2024-06-25 07:00:00,0.0,0.0
2024-06-25 08:00:00,0.0,0.0
2024-06-25 09:00:00,0.0,0.0
2024-06-25 10:00:00,0.06811272409653961,0.06811272409653961
2024-06-25 11:00:00,0.2879958039616529,0.2879958039616529
2024-06-25 12:00:00,0.6303191059311148,0.6303191059311148
2024-06-25 13:00:00,0.8832622587907212,0.8832622587907212
2024-06-25 14:00:00,1.6044414718954743,1.6044414718954743
2024-06-25 15:00:00,1.8156830511465973,1.8156830511465973
2024-06-25 16:00:00,2.532105746403052,2.532105746403052
2024-06-25 17:00:00,2.047409239036877,2.047409239036877
2024-06-25 18:00:00,2.3058648995373288,2.3058648995373288
2024-06-25 19:00:00,2.288200916382606,2.288200916382606
2024-06-25 20:00:00,2.357277002782535,2.357277002782535
2024-06-25 21:00:00,2.318601902242976,2.318601902242976
2024-06-25 22:00:00,0.0,0.0
2024-06-25 23:00:00,0.0,0.0
2024-06-26 00:00:00,0.0,0.0
2024-06-26 01:00:00,0.0,0.0
2024-06-26 02:00:00,0.0,0.0
2024-06-26 03:00:00,0.0,0.0
2024-06-26 04:00:00,0.0,0.0
2024-06-26 05:00:00,0.0,0.0
2024-06-26 06:00:00,0.0,0.0
2024-06-26 07:00:00,0.0,0.0
2024-06-26 08:00:00,0.0,0.0
2024-06-26 09:00:00,0.0,0.0
2024-06-26 10:00:00,0.08021128205527389,0.08021128205527389
2024-06-26 11:00:00,0.2697901412416746,0.2697901412416746
2024-06-26 12:00:00,0.46634933377973753,0.46634933377973753
2024-06-26 13:00:00,0.8140364779596787,0.8140364779596787
2024-06-26 14:00:00,1.4309300637906515,1.4309300637906515
2024-06-26 15:00:00,1.5110562548426392,1.5110562548426392
2024-06-26 16:00:00,1.9578805646094322,1.9578805646094322
2024-06-26 17:00:00,1.9313733750350808,1.9313733750350808
2024-06-26 18:00:00,2.2165560209223627,2.2165560209223627
2024-06-26 19:00:00,2.6846545932527435,2.6846545932527435
2024-06-26 20:00:00,2.1923799209194903,2.1923799209194903
2024-06-26 21:00:00,1.9905097039060147,1.9905097039060147
2024-06-26 22:00:00,0.0,0.0
2024-06-26 23:00:00,0.0,0.0
2024-06-27 00:00:00,0.0,0.0
2024-06-27 01:00:00,0.0,0.0
2024-06-27 02:00:00,0.0,0.0
2024-06-27 03:00:00,0.0,0.0
2024-06-27 04:00:00,0.0,0.0
2024-06-27 05:00:00,0.0,0.0
2024-06-27 06:00:00,0.0,0.0
2024-06-27 07:00:00,0.0,0.0
2024-06-27 08:00:00,0.0,0.0
2024-06-27 09:00:00,0.0,0.0
2024-06-27 10:00:00,0.07019400970069721,0.07019400970069721
2024-06-27 11:00:00,0.30158291047424995,0.30158291047424995
2024-06-27 12:00:00,0.5552807024118658,0.5552807024118658
2024-06-27 13:00:00,0.8611428199059818,0.8611428199059818
2024-06-27 14:00:00,1.3717357819255476,1.3717357819255476
2024-06-27 15:00:00,1.3164176515190222,1.3164176515190222
2024-06-27 16:00:00,1.8126068867883067,1.8126068867883067
2024-06-27 17:00:00,2.0244655618347345,2.0244655618347345
2024-06-27 18:00:00,2.224682723605123,2.224682723605123
2024-06-27 19:00:00,2.189102638269593,2.189102638269593
2024-06-27 20:00:00,2.0833448211386556,2.0833448211386556
2024-06-27 21:00:00,2.011635869077585,2.011635869077585
2024-06-27 22:00:00,0.0,0.0
2024-06-27 23:00:00,0.0,0.0
2024-06-28 00:00:00,0.0,0.0
2024-06-28 01:00:00,0.0,0.0
2024-06-28 02:00:00,0.0,0.0
2024-06-28 03:00:00,0.0,0.0
2024-06-28 04:00:00,0.0,0.0
2024-06-28 05:00:00,0.0,0.0
2024-06-28 06:00:00,0.0,0.0
2024-06-28 07:00:00,0.0,0.0
2024-06-28 08:00:00,0.0,0.0
2024-06-28 09:00:00,0.0,0.0
2024-06-28 10:00:00,0.07108828969049745,0.07108828969049745
2024-06-28 11:00:00,0.3293796918545704,0.3293796918545704
2024-06-28 12:00:00,0.5410006428804612,0.5410006428804612
2024-06-28 13:00:00,0.9826052870909442,0.9826052870909442
2024-06-28 14:00:00,1.4556495906523592,1.4556495906523592
2024-06-28 15:00:00,1.7861197657198387,1.7861197657198387
2024-06-28 16:00:00,1.9779891077089922,1.9779891077089922
2024-06-28 17:00:00,2.2938142174215113,2.2938142174215113
2024-06-28 18:00:00,2.7641260597738175,2.7641260597738175
2024-06-28 19:00:00,2.510943532062879,2.510943532062879
2024-06-28 20:00:00,2.2260399852610653,2.2260399852610653
2024-06-28 21:00:00,2.4716904450177686,2.4716904450177686
2024-06-28 22:00:00,0.0,0.0
2024-06-28 23:00:00,0.0,0.0
2024-06-29 00:00:00,0.0,0.0
2024-06-29 01:00:00,0.0,0.0
2024-06-29 02:00:00,0.0,0.0
2024-06-29 03:00:00,0.0,0.0
2024-06-29 04:00:00,0.0,0.0
2024-06-29 05:00:00,0.0,0.0
2024-06-29 06:00:00,0.0,0.0
2024-06-29 07:00:00,0.0,0.0
2024-06-29 08:00:00,0.0,0.0
2024-06-29 09:00:00,0.0,0.0
2024-06-29 10:00:00,0.05894850550958804,0.05894850550958804
2024-06-29 11:00:00,0.20960055212912065,0.20960055212912065
2024-06-29 12:00:00,0.40116861263102677,0.40116861263102677
2024-06-29 13:00:00,0.6698122637707999,0.6698122637707999
2024-06-29 14:00:00,1.1377918558210374,1.1377918558210374
2024-06-29 15:00:00,1.1780605625053773,1.1780605625053773
2024-06-29 16:00:00,1.4404190819338043,1.4404190819338043
2024-06-29 17:00:00,1.552058973529597,1.552058973529597
2024-06-29 18:00:00,1.9079562954496039,1.9079562954496039
2024-06-29 19:00:00,2.0933348059411094,2.0933348059411094
2024-06-29 20:00:00,1.5850241296375422,1.5850241296375422
2024-06-29 21:00:00,1.6087206673316587,1.6087206673316587
2024-06-29 22:00:00,0.0,0.0
2024-06-29 23:00:00,0.0,0.0
2024-06-30 00:00:00,0.0,0.0
2024-06-30 01:00:00,0.0,0.0
2024-06-30 02:00:00,0.0,0.0
2024-06-30 03:00:00,0.0,0.0
2024-06-30 04:00:00,0.0,0.0
2024-06-30 05:00:00,0.0,0.0
2024-06-30 06:00:00,0.0,0.0
2024-06-30 07:00:00,0.0,0.0
2024-06-30 08:00:00,0.0,0.0
2024-06-30 09:00:00,0.0,0.0
2024-06-30 10:00:00,0.055589120481043856,0.055589120481043856
2024-06-30 11:00:00,0.1985934193182857,0.1985934193182857
2024-06-30 12:00:00,0.4479550687610825,0.4479550687610825
2024-06-30 13:00:00,0.5750895384820992,0.5750895384820992
2024-06-30 14:00:00,0.9989409471114071,0.9989409471114071
2024-06-30 15:00:00,1.0502249608284961,1.0502249608284961
2024-06-30 16:00:00,1.6622934916149505,1.6622934916149505
2024-06-30 17:00:00,1.5213136629348225,1.5213136629348225
2024-06-30 18:00:00,1.954439471344783,1.954439471344783
2024-06-30 19:00:00,1.8510625578263014,1.8510625578263014
2024-06-30 20:00:00,1.9871027638595837,1.9871027638595837
2024-06-30 21:00:00,1.4804366431400378,1.4804366431400378
2024-06-30 22:00:00,0.0,0.0
2024-06-30 23:00:00,0.0,0.0
2024-07-01 00:00:00,0.0,0.0
2024-07-01 01:00:00,0.0,0.0
2024-07-01 02:00:00,0.0,0.0
2024-07-01 03:00:00,0.0,0.0
2024-07-01 04:00:00,0.0,0.0
2024-07-01 05:00:00,0.0,0.0
2024-07-01 06:00:00,0.0,0.0
2024-07-01 07:00:00,0.0,0.0
2024-07-01 08:00:00,0.0,0.0
2024-07-01 09:00:00,0.0,0.0
2024-07-01 10:00:00,0.08511528117586387,0.08511528117586387
2024-07-01 11:00:00,0.3122272945195045,0.3122272945195045
2024-07-01 12:00:00,0.6072591940160789,0.6072591940160789
2024-07-01 13:00:00,0.8304637122791914,0.8304637122791914
2024-07-01 14:00:00,1.5576711403309056,1.5576711403309056
2024-07-01 15:00:00,1.724650396624357,1.724650396624357
2024-07-01 16:00:00,2.623563931701643,2.623563931701643
2024-07-01 17:00:00,2.4799460573691476,2.4799460573691476
2024-07-01 18:00:00,2.7920700333173385,2.7920700333173385
2024-07-01 19:00:00,3.0992766370851874,3.0992766370851874
2024-07-01 20:00:00,2.791749550917639,2.791749550917639
2024-07-01 21:00:00,2.3398488697427577,2.3398488697427577
2024-07-01 22:00:00,0.0,0.0
2024-07-01 23:00:00,0.0,0.0
2024-07-02 00:00:00,0.0,0.0
2024-07-02 01:00:00,0.0,0.0
2024-07-02 02:00:00,0.0,0.0
2024-07-02 03:00:00,0.0,0.0
2024-07-02 04:00:00,0.0,0.0
2024-07-02 05:00:00,0.0,0.0
2024-07-02 06:00:00,0.0,0.0
2024-07-02 07:00:00,0.0,0.0
2024-07-02 08:00:00,0.0,0.0
2024-07-02 09:00:00,0.0,0.0
2024-07-02 10:00:00,0.08223173616312829,0.08223173616312829
2024-07-02 11:00:00,0.25821545134295765,0.25821545134295765
2024-07-02 12:00:00,0.4921462260115795,0.4921462260115795
2024-07-02 13:00:00,0.7234768149183181,0.7234768149183181
2024-07-02 14:00:00,1.2742779472254666,1.2742779472254666
2024-07-02 15:00:00,1.5963290952714289,1.5963290952714289
2024-07-02 16:00:00,2.1096677690789227,2.1096677690789227
2024-07-02 17:00:00,1.8096241314937203,1.8096241314937203
2024-07-02 18:00:00,2.4680033824857337,2.4680033824857337
2024-07-02 19:00:00,2.7357137315780657,2.7357137315780657
2024-07-02 20:00:00,2.2946696857557893,2.2946696857557893
2024-07-02 21:00:00,2.438103938757925,2.438103938757925
2024-07-02 22:00:00,0.0,0.0
2024-07-02 23:00:00,0.0,0.0
2024-07-03 00:00:00,0.0,0.0
2024-07-03 01:00:00,0.0,0.0
2024-07-03 02:00:00,0.0,0.0
2024-07-03 03:00:00,0.0,0.0
2024-07-03 04:00:00,0.0,0.0
2024-07-03 05:00:00,0.0,0.0
2024-07-03 06:00:00,0.0,0.0
2024-07-03 07:00:00,0.0,0.0
2024-07-03 08:00:00,0.0,0.0
2024-07-03 09:00:00,0.0,0.0
2024-07-03 10:00:00,0.06471659720789773,0.06471659720789773
2024-07-03 11:00:00,0.31431294192210446,0.31431294192210446
2024-07-03 12:00:00,0.4668646096249764,0.4668646096249764
2024-07-03 13:00:00,0.7194895594946925,0.7194895594946925
2024-07-03 14:00:00,1.327616979047831,1.327616979047831
2024-07-03 15:00:00,1.495581723980262,1.495581723980262
2024-07-03 16:00:00,1.8086418812864988,1.8086418812864988
2024-07-03 17:00:00,1.8188871886557927,1.8188871886557927
2024-07-03 18:00:00,1.943713813112131,1.943713813112131
2024-07-03 19:00:00,2.3632376551424774,2.3632376551424774
2024-07-03 20:00:00,2.4975669139386087,2.4975669139386087
2024-07-03 21:00:00,2.043825051981533,2.043825051981533
2024-07-03 22:00:00,0.0,0.0
2024-07-03 23:00:00,0.0,0.0
2024-07-04 00:00:00,0.0,0.0
2024-07-04 01:00:00,0.0,0.0
2024-07-04 02:00:00,0.0,0.0
2024-07-04 03:00:00,0.0,0.0
2024-07-04 04:00:00,0.0,0.0
2024-07-04 05:00:00,0.0,0.0
2024-07-04 06:00:00,0.0,0.0
2024-07-04 07:00:00,0.0,0.0
2024-07-04 08:00:00,0.0,0.0
2024-07-04 09:00:00,0.0,0.0
2024-07-04 10:00:00,0.07420275232397598,0.07420275232397598
2024-07-04 11:00:00,0.2949208338964283,0.2949208338964283
2024-07-04 12:00:00,0.47141061419838093,0.47141061419838093
2024-07-04 13:00:00,0.9686373165494837,0.9686373165494837
2024-07-04 14:00:00,1.379734124404138,1.379734124404138
2024-07-04 15:00:00,1.5236094667291173,1.5236094667291173
2024-07-04 16:00:00,2.196606047303464,2.196606047303464
2024-07-04 17:00:00,1.98641093494211,1.98641093494211
2024-07-04 18:00:00,2.478771514125251,2.478771514125251
2024-07-04 19:00:00,2.7131196433569693,2.7131196433569693
2024-07-04 20:00:00,2.4592964852327914,2.4592964852327914
2024-07-04 21:00:00,2.130256227692311,2.130256227692311
2024-07-04 22:00:00,0.0,0.0
2024-07-04 23:00:00,0.0,0.0
2024-07-05 00:00:00,0.0,0.0
2024-07-05 01:00:00,0.0,0.0
2024-07-05 02:00:00,0.0,0.0
2024-07-05 03:00:00,0.0,0.0
2024-07-05 04:00:00,0.0,0.0
2024-07-05 05:00:00,0.0,0.0
2024-07-05 06:00:00,0.0,0.0
2024-07-05 07:00:00,0.0,0.0
2024-07-05 08:00:00,0.0,0.0
2024-07-05 09:00:00,0.0,0.0
2024-07-05 10:00:00,0.07386666770078269,0.07386666770078269
2024-07-05 11:00:00,0.2984586022882021,0.2984586022882021
2024-07-05 12:00:00,0.7020464624008802,0.7020464624008802
2024-07-05 13:00:00,0.885826055881624,0.885826055881624
2024-07-05 14:00:00,1.4320197793004228,1.4320197793004228
2024-07-05 15:00:00,1.7290925006751903,1.7290925006751903
2024-07-05 16:00:00,2.2039142532716176,2.2039142532716176
2024-07-05 17:00:00,2.6315320469710155,2.6315320469710155
2024-07-05 18:00:00,2.4441892062265422,2.4441892062265422
2024-07-05 19:00:00,2.9080238405148204,2.9080238405148204
2024-07-05 20:00:00,2.4105406284543274,2.4105406284543274
2024-07-05 21:00:00,2.877172895555819,2.877172895555819
2024-07-05 22:00:00,0.0,0.0
2024-07-05 23:00:00,0.0,0.0
2024-07-06 00:00:00,0.0,0.0
2024-07-06 01:00:00,0.0,0.0
2024-07-06 02:00:00,0.0,0.0
2024-07-06 03:00:00,0.0,0.0
2024-07-06 04:00:00,0.0,0.0
2024-07-06 05:00:00,0.0,0.0
2024-07-06 06:00:00,0.0,0.0
2024-07-06 07:00:00,0.0,0.0
2024-07-06 08:00:00,0.0,0.0
2024-07-06 09:00:00,0.0,0.0
2024-07-06 10:00:00,0.05457277386722046,0.05457277386722046
2024-07-06 11:00:00,0.23843227757706686,0.23843227757706686
2024-07-06 12:00:00,0.3714437053332874,0.3714437053332874
2024-07-06 13:00:00,0.7141298889032188,0.7141298889032188
2024-07-06 14:00:00,1.1773042119785422,1.1773042119785422
2024-07-06 15:00:00,1.2937900285162487,1.2937900285162487
2024-07-06 16:00:00,1.5831806086700457,1.5831806086700457
2024-07-06 17:00:00,1.3670537611406242,1.3670537611406242
2024-07-06 18:00:00,1.5155992878928286,1.5155992878928286
2024-07-06 19:00:00,1.997409711795858,1.997409711795858
2024-07-06 20:00:00,1.8821012760812548,1.8821012760812548
2024-07-06 21:00:00,1.477238547737937,1.477238547737937
2024-07-06 22:00:00,0.0,0.0
2024-07-06 23:00:00,0.0,0.0
2024-07-07 00:00:00,0.0,0.0
2024-07-07 01:00:00,0.0,0.0
2024-07-07 02:00:00,0.0,0.0
2024-07-07 03:00:00,0.0,0.0
2024-07-07 04:00:00,0.0,0.0
2024-07-07 05:00:00,0.0,0.0
2024-07-07 06:00:00,0.0,0.0
2024-07-07 07:00:00,0.0,0.0
2024-07-07 08:00:00,0.0,0.0
2024-07-07 09:00:00,0.0,0.0
2024-07-07 10:00:00,0.04661673250090301,0.04661673250090301
2024-07-07 11:00:00,0.2050019841456611,0.2050019841456611
2024-07-07 12:00:00,0.35655670532584866,0.35655670532584866
2024-07-07 13:00:00,0.515073196170165,0.515073196170165
2024-07-07 14:00:00,1.0405046114826673,1.0405046114826673
2024-07-07 15:00:00,1.0224973792042156,1.0224973792042156
2024-07-07 16:00:00,1.5908718143495708,1.5908718143495708
2024-07-07 17:00:00,1.5406193344881123,1.5406193344881123
2024-07-07 18:00:00,1.7646382967336156,1.7646382967336156
2024-07-07 19:00:00,1.813390389695912,1.813390389695912
2024-07-07 20:00:00,1.790029009878471,1.790029009878471
2024-07-07 21:00:00,1.652841893711318,1.652841893711318
2024-07-07 22:00:00,0.0,0.0
2024-07-07 23:00:00,0.0,0.0
2024-07-08 00:00:00,0.0,0.0
2024-07-08 01:00:00,0.0,0.0
2024-07-08 02:00:00,0.0,0.0
2024-07-08 03:00:00,0.0,0.0
2024-07-08 04:00:00,0.0,0.0
2024-07-08 05:00:00,0.0,0.0
2024-07-08 06:00:00,0.0,0.0
2024-07-08 07:00:00,0.0,0.0
2024-07-08 08:00:00,0.0,0.0
2024-07-08 09:00:00,0.0,0.0
2024-07-08 10:00:00,0.06858769095563691,0.06858769095563691
2024-07-08 11:00:00,0.3038335299580963,0.3038335299580963
2024-07-08 12:00:00,0.5745136645464872,0.5745136645464872
2024-07-08 13:00:00,0.9084409224007978,0.9084409224007978
2024-07-08 14:00:00,1.2906165070592261,1.2906165070592261
2024-07-08 15:00:00,1.6895380067739632,1.6895380067739632
2024-07-08 16:00:00,2.3297301085516775,2.3297301085516775
2024-07-08 17:00:00,1.9306110230428992,1.9306110230428992
2024-07-08 18:00:00,2.5478152410462456,2.5478152410462456
2024-07-08 19:00:00,2.3255610026845277,2.3255610026845277
2024-07-08 20:00:00,2.595781654644906,2.595781654644906
2024-07-08 21:00:00,2.114742795173228,2.114742795173228
2024-07-08 22:00:00,0.0,0.0
2024-07-08 23:00:00,0.0,0.0
2024-07-09 00:00:00,0.0,0.0
2024-07-09 01:00:00,0.0,0.0
2024-07-09 02:00:00,0.0,0.0
2024-07-09 03:00:00,0.0,0.0
2024-07-09 04:00:00,0.0,0.0
2024-07-09 05:00:00,0.0,0.0
2024-07-09 06:00:00,0.0,0.0
2024-07-09 07:00:00,0.0,0.0
2024-07-09 08:00:00,0.0,0.0
2024-07-09 09:00:00,0.0,0.0
2024-07-09 10:00:00,0.08514092347885611,0.08514092347885611
2024-07-09 11:00:00,0.2895330573894785,0.2895330573894785
2024-07-09 12:00:00,0.6688078753859377,0.6688078753859377
2024-07-09 13:00:00,1.0536740644114055,1.0536740644114055
2024-07-09 14:00:00,1.6879847743585756,1.6879847743585756
2024-07-09 15:00:00,1.9350624815248034,1.9350624815248034
2024-07-09 16:00:00,2.2516154615670825,2.2516154615670825
2024-07-09 17:00:00,2.5112738209621193,2.5112738209621193
2024-07-09 18:00:00,2.3099625576844316,2.3099625576844316
2024-07-09 19:00:00,2.48610001403275,2.48610001403275
2024-07-09 20:00:00,2.330431538378203,2.330431538378203
2024-07-09 21:00:00,2.693605053786216,2.693605053786216
2024-07-09 22:00:00,0.0,0.0
2024-07-09 23:00:00,0.0,0.0
2024-07-10 00:00:00,0.0,0.0
2024-07-10 01:00:00,0.0,0.0
2024-07-10 02:00:00,0.0,0.0
2024-07-10 03:00:00,0.0,0.0
2024-07-10 04:00:00,0.0,0.0
2024-07-10 05:00:00,0.0,0.0
2024-07-10 06:00:00,0.0,0.0
2024-07-10 07:00:00,0.0,0.0
2024-07-10 08:00:00,0.0,0.0
2024-07-10 09:00:00,0.0,0.0
2024-07-10 10:00:00,0.06739376588545902,0.06739376588545902
2024-07-10 11:00:00,0.2972448539679226,0.2972448539679226
2024-07-10 12:00:00,0.5851595874684663,0.5851595874684663
2024-07-10 13:00:00,0.9926548611012023,0.9926548611012023
2024-07-10 14:00:00,1.5312377979063223,1.5312377979063223
2024-07-10 15:00:00,1.4655242023776083,1.4655242023776083
2024-07-10 16:00:00,1.857497997475293,1.857497997475293
2024-07-10 17:00:00,2.0034744220250826,2.0034744220250826
2024-07-10 18:00:00,2.149869718474237,2.149869718474237
2024-07-10 19:00:00,2.648294617468487,2.648294617468487
2024-07-10 20:00:00,2.5900149376246704,2.5900149376246704
2024-07-10 21:00:00,1.9818301041772106,1.9818301041772106
2024-07-10 22:00:00,0.0,0.0
2024-07-10 23:00:00,0.0,0.0
2024-07-11 00:00:00,0.0,0.0
2024-07-11 01:00:00,0.0,0.0
2024-07-11 02:00:00,0.0,0.0
2024-07-11 03:00:00,0.0,0.0
2024-07-11 04:00:00,0.0,0.0
2024-07-11 05:00:00,0.0,0.0
2024-07-11 06:00:00,0.0,0.0
2024-07-11 07:00:00,0.0,0.0
2024-07-11 08:00:00,0.0,0.0
2024-07-11 09:00:00,0.0,0.0
2024-07-11 10:00:00,0.07966778454271996,0.07966778454271996
2024-07-11 11:00:00,0.3212736954857253,0.3212736954857253
2024-07-11 12:00:00,0.5212194047543587,0.5212194047543587
2024-07-11 13:00:00,1.0077062883504595,1.0077062883504595
2024-07-11 14:00:00,1.433843187561477,1.433843187561477
2024-07-11 15:00:00,1.4798128589485804,1.4798128589485804
2024-07-11 16:00:00,2.3047908531189165,2.3047908531189165
2024-07-11 17:00:00,2.442940017757658,2.442940017757658
2024-07-11 18:00:00,2.251066085800518,2.251066085800518
2024-07-11 19:00:00,2.8520290915908193,2.8520290915908193
2024-07-11 20:00:00,2.222013744445615,2.222013744445615
2024-07-11 21:00:00,2.271836825245383,2.271836825245383
2024-07-11 22:00:00,0.0,0.0
2024-07-11 23:00:00,0.0,0.0
2024-07-12 00:00:00,0.0,0.0
2024-07-12 01:00:00,0.0,0.0
2024-07-12 02:00:00,0.0,0.0
2024-07-12 03:00:00,0.0,0.0
2024-07-12 04:00:00,0.0,0.0
2024-07-12 05:00:00,0.0,0.0
2024-07-12 06:00:00,0.0,0.0
2024-07-12 07:00:00,0.0,0.0
2024-07-12 08:00:00,0.0,0.0
2024-07-12 09:00:00,0.0,0.0
2024-07-12 10:00:00,0.07473703187610986,0.07473703187610986
2024-07-12 11:00:00,0.29260112320916476,0.29260112320916476
2024-07-12 12:00:00,0.6730953034246441,0.6730953034246441
2024-07-12 13:00:00,0.842958230960179,0.842958230960179
2024-07-12 14:00:00,1.7318799429986478,1.7318799429986478
2024-07-12 15:00:00,1.5324866651008224,1.5324866651008224
2024-07-12 16:00:00,2.0755660877922475,2.0755660877922475
2024-07-12 17:00:00,2.155010935327853,2.155010935327853
2024-07-12 18:00:00,2.880961575031532,2.880961575031532
2024-07-12 19:00:00,3.1604181359150143,3.1604181359150143
2024-07-12 20:00:00,2.3406922931774403,2.3406922931774403
2024-07-12 21:00:00,2.745686206293208,2.745686206293208
2024-07-12 22:00:00,0.0,0.0
2024-07-12 23:00:00,0.0,0.0
2024-07-13 00:00:00,0.0,0.0
2024-07-13 01:00:00,0.0,0.0
2024-07-13 02:00:00,0.0,0.0
2024-07-13 03:00:00,0.0,0.0
2024-07-13 04:00:00,0.0,0.0
2024-07-13 05:00:00,0.0,0.0
2024-07-13 06:00:00,0.0,0.0
2024-07-13 07:00:00,0.0,0.0
2024-07-13 08:00:00,0.0,0.0
2024-07-13 09:00:00,0.0,0.0
2024-07-13 10:00:00,0.05132819407368899,0.05132819407368899
2024-07-13 11:00:00,0.2303341184383473,0.2303341184383473
2024-07-13 12:00:00,0.4335169148552671,0.4335169148552671
2024-07-13 13:00:00,0.6244598818533403,0.6244598818533403
2024-07-13 14:00:00,1.1043812753765296,1.1043812753765296
2024-07-13 15:00:00,0.9832405746459664,0.9832405746459664
2024-07-13 16:00:00,1.4249839201989927,1.4249839201989927
2024-07-13 17:00:00,1.528006400511401,1.528006400511401
2024-07-13 18:00:00,1.8862837000462596,1.8862837000462596
2024-07-13 19:00:00,2.024876654466412,2.024876654466412
2024-07-13 20:00:00,1.9718903014565865,1.9718903014565865
2024-07-13 21:00:00,1.7003130973202538,1.7003130973202538
2024-07-13 22:00:00,0.0,0.0
2024-07-13 23:00:00,0.0,0.0
2024-07-14 00:00:00,0.0,0.0
2024-07-14 01:00:00,0.0,0.0
2024-07-14 02:00:00,0.0,0.0
2024-07-14 03:00:00,0.0,0.0
2024-07-14 04:00:00,0.0,0.0
2024-07-14 05:00:00,0.0,0.0
2024-07-14 06:00:00,0.0,0.0
2024-07-14 07:00:00,0.0,0.0
2024-07-14 08:00:00,0.0,0.0
2024-07-14 09:00:00,0.0,0.0
2024-07-14 10:00:00,0.053143967153390176,0.053143967153390176
2024-07-14 11:00:00,0.2083578044830604,0.2083578044830604
2024-07-14 12:00:00,0.36257385658914665,0.36257385658914665
2024-07-14 13:00:00,0.6049203943293532,0.6049203943293532
2024-07-14 14:00:00,1.1302072366226643,1.1302072366226643
2024-07-14 15:00:00,1.05852907816075,1.05852907816075
2024-07-14 16:00:00,1.3839538237246967,1.3839538237246967
2024-07-14 17:00:00,1.4964862328735862,1.4964862328735862
2024-07-14 18:00:00,1.806345100293977,1.806345100293977
2024-07-14 19:00:00,1.9432820748824025,1.9432820748824025
2024-07-14 20:00:00,2.0469352489076043,2.0469352489076043
2024-07-14 21:00:00,1.8903242002135685,1.8903242002135685
2024-07-14 22:00:00,0.0,0.0
2024-07-14 23:00:00,0.0,0.0
2024-07-15 00:00:00,0.0,0.0
2024-07-15 01:00:00,0.0,0.0
2024-07-15 02:00:00,0.0,0.0
2024-07-15 03:00:00,0.0,0.0
2024-07-15 04:00:00,0.0,0.0
2024-07-15 05:00:00,0.0,0.0
2024-07-15 06:00:00,0.0,0.0
2024-07-15 07:00:00,0.0,0.0
2024-07-15 08:00:00,0.0,0.0
2024-07-15 09:00:00,0.0,0.0
2024-07-15 10:00:00,0.06793706961469,0.06793706961469
2024-07-15 11:00:00,0.2896362594070893,0.2896362594070893
2024-07-15 12:00:00,0.5110007342546098,0.5110007342546098
2024-07-15 13:00:00,0.9051588743463879,0.9051588743463879
2024-07-15 14:00:00,1.5151324982829688,1.5151324982829688
2024-07-15 15:00:00,1.8093276707039985,1.8093276707039985
2024-07-15 16:00:00,2.2115374236669783,2.2115374236669783
2024-07-15 17:00:00,2.3422034291360734,2.3422034291360734
2024-07-15 18:00:00,2.8468268266967467,2.8468268266967467
2024-07-15 19:00:00,2.484647582401808,2.484647582401808
2024-07-15 20:00:00,2.8262890871443815,2.8262890871443815
2024-07-15 21:00:00,2.686436547353369,2.686436547353369
2024-07-15 22:00:00,0.0,0.0
2024-07-15 23:00:00,0.0,0.0
2024-07-16 00:00:00,0.0,0.0
2024-07-16 01:00:00,0.0,0.0
2024-07-16 02:00:00,0.0,0.0
2024-07-16 03:00:00,0.0,0.0
2024-07-16 04:00:00,0.0,0.0
2024-07-16 05:00:00,0.0,0.0
2024-07-16 06:00:00,0.0,0.0
2024-07-16 07:00:00,0.0,0.0
2024-07-16 08:00:00,0.0,0.0
2024-07-16 09:00:00,0.0,0.0
2024-07-16 10:00:00,0.07745420025376386,0.07745420025376386
2024-07-16 11:00:00,0.2955172249987962,0.2955172249987962
2024-07-16 12:00:00,0.5564455367839791,0.5564455367839791
2024-07-16 13:00:00,0.843408285719031,0.843408285719031
2024-07-16 14:00:00,1.6965277798219487,1.6965277798219487
2024-07-16 15:00:00,1.5463921901330915,1.5463921901330915
2024-07-16 16:00:00,2.414155695216007,2.414155695216007
2024-07-16 17:00:00,2.3384936278063577,2.3384936278063577
2024-07-16 18:00:00,2.42958425773511,2.42958425773511
2024-07-16 19:00:00,2.293669069558561,2.293669069558561
2024-07-16 20:00:00,2.59328985005463,2.59328985005463
2024-07-16 21:00:00,2.4559956251640656,2.4559956251640656
2024-07-16 22:00:00,0.0,0.0
2024-07-16 23:00:00,0.0,0.0
2024-07-17 00:00:00,0.0,0.0
2024-07-17 01:00:00,0.0,0.0
2024-07-17 02:00:00,0.0,0.0
2024-07-17 03:00:00,0.0,0.0
2024-07-17 04:00:00,0.0,0.0
2024-07-17 05:00:00,0.0,0.0
2024-07-17 06:00:00,0.0,0.0
2024-07-17 07:00:00,0.0,0.0
2024-07-17 08:00:00,0.0,0.0
2024-07-17 09:00:00,0.0,0.0
2024-07-17 10:00:00,0.08445277900471808,0.08445277900471808
2024-07-17 11:00:00,0.2972772522559343,0.2972772522559343
2024-07-17 12:00:00,0.5830087812992802,0.5830087812992802
2024-07-17 13:00:00,0.918740352837858,0.918740352837858
2024-07-17 14:00:00,1.738503502765494,1.738503502765494
2024-07-17 15:00:00,1.9060223440857371,1.9060223440857371
2024-07-17 16:00:00,2.475342583500476,2.475342583500476
2024-07-17 17:00:00,2.490135322744004,2.490135322744004
2024-07-17 18:00:00,2.6538735502490947,2.6538735502490947
2024-07-17 19:00:00,2.3081178289148383,2.3081178289148383
2024-07-17 20:00:00,2.714072131172903,2.714072131172903
2024-07-17 21:00:00,2.2062453240746493,2.2062453240746493
2024-07-17 22:00:00,0.0,0.0
2024-07-17 23:00:00,0.0,0.0
2024-07-18 00:00:00,0.0,0.0
2024-07-18 01:00:00,0.0,0.0
2024-07-18 02:00:00,0.0,0.0
2024-07-18 03:00:00,0.0,0.0
2024-07-18 04:00:00,0.0,0.0
2024-07-18 05:00:00,0.0,0.0
2024-07-18 06:00:00,0.0,0.0
2024-07-18 07:00:00,0.0,0.0
2024-07-18 08:00:00,0.0,0.0
2024-07-18 09:00:00,0.0,0.0
2024-07-18 10:00:00,0.08516886273707118,0.08516886273707118
2024-07-18 11:00:00,0.29538529826629584,0.29538529826629584
2024-07-18 12:00:00,0.6327320016532793,0.6327320016532793
2024-07-18 13:00:00,0.9329766260776217,0.9329766260776217
2024-07-18 14:00:00,1.6939763482110863,1.6939763482110863
2024-07-18 15:00:00,1.9577159988638244,1.9577159988638244
2024-07-18 16:00:00,1.9678095974868215,1.9678095974868215
2024-07-18 17:00:00,2.03726135894081,2.03726135894081
2024-07-18 18:00:00,2.6257614905394444,2.6257614905394444
2024-07-18 19:00:00,3.000146565362897,3.000146565362897
2024-07-18 20:00:00,2.2462775983807752,2.2462775983807752
2024-07-18 21:00:00,2.6072195551864286,2.6072195551864286
2024-07-18 22:00:00,0.0,0.0
2024-07-18 23:00:00,0.0,0.0
2024-07-19 00:00:00,0.0,0.0
2024-07-19 01:00:00,0.0,0.0
2024-07-19 02:00:00,0.0,0.0
2024-07-19 03:00:00,0.0,0.0
2024-07-19 04:00:00,0.0,0.0
2024-07-19 05:00:00,0.0,0.0
2024-07-19 06:00:00,0.0,0.0
2024-07-19 07:00:00,0.0,0.0
2024-07-19 08:00:00,0.0,0.0
2024-07-19 09:00:00,0.0,0.0
2024-07-19 10:00:00,0.08620309959671181,0.08620309959671181
2024-07-19 11:00:00,0.2821969795214385,0.2821969795214385
2024-07-19 12:00:00,0.5939343948785044,0.5939343948785044
2024-07-19 13:00:00,0.9877580195157126,0.9877580195157126
2024-07-19 14:00:00,1.7131612753628733,1.7131612753628733
2024-07-19 15:00:00,1.5493318158091922,1.5493318158091922
2024-07-19 16:00:00,2.539704149291939,2.539704149291939
2024-07-19 17:00:00,2.003100520612665,2.003100520612665
2024-07-19 18:00:00,2.8215470616787734,2.8215470616787734
2024-07-19 19:00:00,2.936441918124366,2.936441918124366
2024-07-19 20:00:00,2.4313946211202087,2.4313946211202087
2024-07-19 21:00:00,2.496396681947163,2.496396681947163
2024-07-19 22:00:00,0.0,0.0
2024-07-19 23:00:00,0.0,0.0
2024-07-20 00:00:00,0.0,0.0
2024-07-20 01:00:00,0.0,0.0
2024-07-20 02:00:00,0.0,0.0
2024-07-20 03:00:00,0.0,0.0
2024-07-20 04:00:00,0.0,0.0
2024-07-20 05:00:00,0.0,0.0
2024-07-20 06:00:00,0.0,0.0
2024-07-20 07:00:00,0.0,0.0
2024-07-20 08:00:00,0.0,0.0
2024-07-20 09:00:00,0.0,0.0
2024-07-20 10:00:00,0.052178502693755194,0.052178502693755194
2024-07-20 11:00:00,0.20341637830474682,0.20341637830474682
2024-07-20 12:00:00,0.4567971197091157,0.4567971197091157
2024-07-20 13:00:00,0.6364511681699687,0.6364511681699687
2024-07-20 14:00:00,1.0585662438132635,1.0585662438132635
2024-07-20 15:00:00,1.3116189516578856,1.3116189516578856
2024-07-20 16:00:00,1.8129483618440787,1.8129483618440787
2024-07-20 17:00:00,1.7106288152552438,1.7106288152552438
2024-07-20 18:00:00,1.7850040179552193,1.7850040179552193
2024-07-20 19:00:00,2.0621469565886184,2.0621469565886184
2024-07-20 20:00:00,1.678616115127676,1.678616115127676
2024-07-20 21:00:00,1.6837598634301483,1.6837598634301483
2024-07-20 22:00:00,0.0,0.0
2024-07-20 23:00:00,0.0,0.0
2024-07-21 00:00:00,0.0,0.0
2024-07-21 01:00:00,0.0,0.0
2024-07-21 02:00:00,0.0,0.0
2024-07-21 03:00:00,0.0,0.0
2024-07-21 04:00:00,0.0,0.0
2024-07-21 05:00:00,0.0,0.0
2024-07-21 06:00:00,0.0,0.0
2024-07-21 07:00:00,0.0,0.0
2024-07-21 08:00:00,0.0,0.0
2024-07-21 09:00:00,0.0,0.0
2024-07-21 10:00:00,0.048379679275607324,0.048379679275607324
2024-07-21 11:00:00,0.2391018938898639,0.2391018938898639
2024-07-21 12:00:00,0.3746155812095572,0.3746155812095572
2024-07-21 13:00:00,0.7356274456596349,0.7356274456596349
2024-07-21 14:00:00,0.9954736128089531,0.9954736128089531
2024-07-21 15:00:00,1.1100068221088775,1.1100068221088775
2024-07-21 16:00:00,1.556942559626881,1.556942559626881
2024-07-21 17:00:00,1.7830414377833321,1.7830414377833321
2024-07-21 18:00:00,2.050326026619183,2.050326026619183
2024-07-21 19:00:00,1.979677908297421,1.979677908297421
2024-07-21 20:00:00,1.7889478147585842,1.7889478147585842
2024-07-21 21:00:00,1.9356260178883007,1.9356260178883007
2024-07-21 22:00:00,0.0,0.0
2024-07-21 23:00:00,0.0,0.0
2024-07-22 00:00:00,0.0,0.0
2024-07-22 01:00:00,0.0,0.0
2024-07-22 02:00:00,0.0,0.0
2024-07-22 03:00:00,0.0,0.0
2024-07-22 04:00:00,0.0,0.0
2024-07-22 05:00:00,0.0,0.0
2024-07-22 06:00:00,0.0,0.0
2024-07-22 07:00:00,0.0,0.0
2024-07-22 08:00:00,0.0,0.0
2024-07-22 09:00:00,0.0,0.0
2024-07-22 10:00:00,0.07153929228171184,0.07153929228171184
2024-07-22 11:00:00,0.31951880895903906,0.31951880895903906
2024-07-22 12:00:00,0.5387460621434478,0.5387460621434478
2024-07-22 13:00:00,0.7805013995401358,0.7805013995401358
2024-07-22 14:00:00,1.192831778180475,1.192831778180475
2024-07-22 15:00:00,1.5896101587166833,1.5896101587166833
2024-07-22 16:00:00,2.3236716465499354,2.3236716465499354
2024-07-22 17:00:00,1.8921083550817972,1.8921083550817972
2024-07-22 18:00:00,2.466250843843601,2.466250843843601
2024-07-22 19:00:00,2.1294283306838167,2.1294283306838167
2024-07-22 20:00:00,2.556584214467681,2.556584214467681
2024-07-22 21:00:00,1.9023326186849574,1.9023326186849574
2024-07-22 22:00:00,0.0,0.0
2024-07-22 23:00:00,0.0,0.0
2024-07-23 00:00:00,0.0,0.0
2024-07-23 01:00:00,0.0,0.0
2024-07-23 02:00:00,0.0,0.0
2024-07-23 03:00:00,0.0,0.0
2024-07-23 04:00:00,0.0,0.0
2024-07-23 05:00:00,0.0,0.0
2024-07-23 06:00:00,0.0,0.0
2024-07-23 07:00:00,0.0,0.0
2024-07-23 08:00:00,0.0,0.0
2024-07-23 09:00:00,0.0,0.0
2024-07-23 10:00:00,0.08141121374330366,0.08141121374330366
2024-07-23 11:00:00,0.32550196869044723,0.32550196869044723
2024-07-23 12:00:00,0.5952746454868891,0.5952746454868891
2024-07-23 13:00:00,0.8210633542930419,0.8210633542930419
2024-07-23 14:00:00,1.3597994175754766,1.3597994175754766
2024-07-23 15:00:00,1.491215360640224,1.491215360640224
2024-07-23 16:00:00,2.6436828010669764,2.6436828010669764
2024-07-23 17:00:00,1.9114957120105065,1.9114957120105065
2024-07-23 18:00:00,2.479871417655089,2.479871417655089
2024-07-23 19:00:00,2.3493669811588926,2.3493669811588926
2024-07-23 20:00:00,2.2928395677179556,2.2928395677179556
2024-07-23 21:00:00,2.3031494815240428,2.3031494815240428
2024-07-23 22:00:00,0.0,0.0
2024-07-23 23:00:00,0.0,0.0
2024-07-24 00:00:00,0.0,0.0
2024-07-24 01:00:00,0.0,0.0
2024-07-24 02:00:00,0.0,0.0
2024-07-24 03:00:00,0.0,0.0
2024-07-24 04:00:00,0.0,0.0
2024-07-24 05:00:00,0.0,0.0
2024-07-24 06:00:00,0.0,0.0
2024-07-24 07:00:00,0.0,0.0
2024-07-24 08:00:00,0.0,0.0
2024-07-24 09:00:00,0.0,0.0
2024-07-24 10:00:00,0.06313477542788663,0.06313477542788663
2024-07-24 11:00:00,0.2550241476200585,0.2550241476200585
2024-07-24 12:00:00,0.4991525368287679,0.4991525368287679
2024-07-24 13:00:00,0.7140971523791806,0.7140971523791806
2024-07-24 14:00:00,1.4003556976312055,1.4003556976312055
2024-07-24 15:00:00,1.6626874555546807,1.6626874555546807
2024-07-24 16:00:00,2.1486576906171524,2.1486576906171524
2024-07-24 17:00:00,1.8097169711930405,1.8097169711930405
2024-07-24 18:00:00,2.4805776234908508,2.4805776234908508
2024-07-24 19:00:00,2.166871215244084,2.166871215244084
2024-07-24 20:00:00,2.557587439218738,2.557587439218738
2024-07-24 21:00:00,1.9715222513014166,1.9715222513014166
2024-07-24 22:00:00,0.0,0.0
2024-07-24 23:00:00,0.0,0.0
2024-07-25 00:00:00,0.0,0.0
2024-07-25 01:00:00,0.0,0.0
2024-07-25 02:00:00,0.0,0.0
2024-07-25 03:00:00,0.0,0.0
2024-07-25 04:00:00,0.0,0.0
2024-07-25 05:00:00,0.0,0.0
2024-07-25 06:00:00,0.0,0.0
2024-07-25 07:00:00,0.0,0.0
2024-07-25 08:00:00,0.0,0.0
2024-07-25 09:00:00,0.0,0.0
2024-07-25 10:00:00,0.08195022851482325,0.08195022851482325
2024-07-25 11:00:00,0.35760365934318283,0.35760365934318283
2024-07-25 12:00:00,0.626448780197483,0.626448780197483
2024-07-25 13:00:00,0.895098883442824,0.895098883442824
2024-07-25 14:00:00,1.7567361706219253,1.7567361706219253
2024-07-25 15:00:00,1.616811480121604,1.616811480121604
2024-07-25 16:00:00,2.355831137291806,2.355831137291806
2024-07-25 17:00:00,2.013772957371901,2.013772957371901
2024-07-25 18:00:00,2.2681960214786723,2.2681960214786723
2024-07-25 19:00:00,2.8453114007499445,2.8453114007499445
2024-07-25 20:00:00,2.9531388398340837,2.9531388398340837
2024-07-25 21:00:00,2.7068156794103224,2.7068156794103224
2024-07-25 22:00:00,0.0,0.0
2024-07-25 23:00:00,0.0,0.0
2024-07-26 00:00:00,0.0,0.0
2024-07-26 01:00:00,0.0,0.0
2024-07-26 02:00:00,0.0,0.0
2024-07-26 03:00:00,0.0,0.0
2024-07-26 04:00:00,0.0,0.0
2024-07-26 05:00:00,0.0,0.0
2024-07-26 06:00:00,0.0,0.0
2024-07-26 07:00:00,0.0,0.0
2024-07-26 08:00:00,0.0,0.0
2024-07-26 09:00:00,0.0,0.0
2024-07-26 10:00:00,0.0837184810951232,0.0837184810951232
2024-07-26 11:00:00,0.32775898129659986,0.32775898129659986
2024-07-26 12:00:00,0.5089818218227818,0.5089818218227818
2024-07-26 13:00:00,0.9416293692400702,0.9416293692400702
2024-07-26 14:00:00,1.467081025544421,1.467081025544421
2024-07-26 15:00:00,1.6160932221045308,1.6160932221045308
2024-07-26 16:00:00,1.8743462121739296,1.8743462121739296
2024-07-26 17:00:00,2.0355574510290286,2.0355574510290286
2024-07-26 18:00:00,2.078794172351296,2.078794172351296
2024-07-26 19:00:00,2.2799499550907347,2.2799499550907347
2024-07-26 20:00:00,2.2620126742898106,2.2620126742898106
2024-07-26 21:00:00,2.206295109619463,2.206295109619463
2024-07-26 22:00:00,0.0,0.0
2024-07-26 23:00:00,0.0,0.0
2024-07-27 00:00:00,0.0,0.0
2024-07-27 01:00:00,0.0,0.0
2024-07-27 02:00:00,0.0,0.0
2024-07-27 03:00:00,0.0,0.0
2024-07-27 04:00:00,0.0,0.0
2024-07-27 05:00:00,0.0,0.0
2024-07-27 06:00:00,0.0,0.0
2024-07-27 07:00:00,0.0,0.0
2024-07-27 08:00:00,0.0,0.0
2024-07-27 09:00:00,0.0,0.0
2024-07-27 10:00:00,0.05129395255558048,0.05129395255558048
2024-07-27 11:00:00,0.2384278548475227,0.2384278548475227
2024-07-27 12:00:00,0.43873971286391716,0.43873971286391716
2024-07-27 13:00:00,0.5873145055948152,0.5873145055948152
2024-07-27 14:00:00,1.2386433544656874,1.2386433544656874
2024-07-27 15:00:00,1.3315793652252603,1.3315793652252603
2024-07-27 16:00:00,1.8271925114866463,1.8271925114866463
2024-07-27 17:00:00,1.6388098945436012,1.6388098945436012
2024-07-27 18:00:00,1.7717076267696439,1.7717076267696439
2024-07-27 19:00:00,2.073299352134516,2.073299352134516
2024-07-27 20:00:00,1.6561811445251526,1.6561811445251526
2024-07-27 21:00:00,1.9216897400302846,1.9216897400302846
2024-07-27 22:00:00,0.0,0.0
2024-07-27 23:00:00,0.0,0.0
2024-07-28 00:00:00,0.0,0.0
2024-07-28 01:00:00,0.0,0.0
2024-07-28 02:00:00,0.0,0.0
2024-07-28 03:00:00,0.0,0.0
2024-07-28 04:00:00,0.0,0.0
2024-07-28 05:00:00,0.0,0.0
2024-07-28 06:00:00,0.0,0.0
2024-07-28 07:00:00,0.0,0.0
2024-07-28 08:00:00,0.0,0.0
2024-07-28 09:00:00,0.0,0.0
2024-07-28 10:00:00,0.05198489615423677,0.05198489615423677
2024-07-28 11:00:00,0.23627373887018824,0.23627373887018824
2024-07-28 12:00:00,0.3896835685102884,0.3896835685102884
2024-07-28 13:00:00,0.6352791171416321,0.6352791171416321
2024-07-28 14:00:00,1.0756157690886874,1.0756157690886874
2024-07-28 15:00:00,1.0724076244675735,1.0724076244675735
2024-07-28 16:00:00,1.8045581124425105,1.8045581124425105
2024-07-28 17:00:00,1.5273873852378448,1.5273873852378448
2024-07-28 18:00:00,1.7577120744554777,1.7577120744554777
2024-07-28 19:00:00,1.7656920324714536,1.7656920324714536
2024-07-28 20:00:00,1.9450972881817519,1.9450972881817519
2024-07-28 21:00:00,1.8825781652517752,1.8825781652517752
2024-07-28 22:00:00,0.0,0.0
2024-07-28 23:00:00,0.0,0.0
2024-07-29 00:00:00,0.0,0.0
2024-07-29 01:00:00,0.0,0.0
2024-07-29 02:00:00,0.0,0.0
2024-07-29 03:00:00,0.0,0.0
2024-07-29 04:00:00,0.0,0.0
2024-07-29 05:00:00,0.0,0.0
2024-07-29 06:00:00,0.0,0.0
2024-07-29 07:00:00,0.0,0.0
2024-07-29 08:00:00,0.0,0.0
2024-07-29 09:00:00,0.0,0.0
2024-07-29 10:00:00,0.07597959494532285,0.07597959494532285
2024-07-29 11:00:00,0.2848306399069444,0.2848306399069444
2024-07-29 12:00:00,0.5573367152322986,0.5573367152322986
2024-07-29 13:00:00,0.7498428806296308,0.7498428806296308
2024-07-29 14:00:00,1.1752065064575716,1.1752065064575716
2024-07-29 15:00:00,1.3912615554023056,1.3912615554023056
2024-07-29 16:00:00,2.1859774831021905,2.1859774831021905
2024-07-29 17:00:00,1.9506117587905996,1.9506117587905996
2024-07-29 18:00:00,2.398865814791742,2.398865814791742
2024-07-29 19:00:00,2.649439542363101,2.649439542363101
2024-07-29 20:00:00,2.238029859299547,2.238029859299547
2024-07-29 21:00:00,1.8861546620928253,1.8861546620928253
2024-07-29 22:00:00,0.0,0.0
2024-07-29 23:00:00,0.0,0.0
2024-07-30 00:00:00,0.0,0.0
2024-07-30 01:00:00,0.0,0.0
2024-07-30 02:00:00,0.0,0.0
2024-07-30 03:00:00,0.0,0.0
2024-07-30 04:00:00,0.0,0.0
2024-07-30 05:00:00,0.0,0.0
2024-07-30 06:00:00,0.0,0.0
2024-07-30 07:00:00,0.0,0.0
2024-07-30 08:00:00,0.0,0.0
2024-07-30 09:00:00,0.0,0.0
2024-07-30 10:00:00,0.08529739037619512,0.08529739037619512
2024-07-30 11:00:00,0.2751998761653651,0.2751998761653651
2024-07-30 12:00:00,0.6284865083083524,0.6284865083083524
2024-07-30 13:00:00,1.100220311834115,1.100220311834115
2024-07-30 14:00:00,1.7393240391296505,1.7393240391296505
2024-07-30 15:00:00,1.8158478044252844,1.8158478044252844
2024-07-30 16:00:00,2.607127924459789,2.607127924459789
2024-07-30 17:00:00,2.3011873840229846,2.3011873840229846
2024-07-30 18:00:00,2.520796603726029,2.520796603726029
2024-07-30 19:00:00,2.4949444101395937,2.4949444101395937
2024-07-30 20:00:00,2.2965324613947824,2.2965324613947824
2024-07-30 21:00:00,2.447522169693542,2.447522169693542
2024-07-30 22:00:00,0.0,0.0
2024-07-30 23:00:00,0.0,0.0
2024-07-31 00:00:00,0.0,0.0
2024-07-31 01:00:00,0.0,0.0
2024-07-31 02:00:00,0.0,0.0
2024-07-31 03:00:00,0.0,0.0
2024-07-31 04:00:00,0.0,0.0
2024-07-31 05:00:00,0.0,0.0
2024-07-31 06:00:00,0.0,0.0
2024-07-31 07:00:00,0.0,0.0
2024-07-31 08:00:00,0.0,0.0
2024-07-31 09:00:00,0.0,0.0
2024-07-31 10:00:00,0.07191128369637617,0.07191128369637617
2024-07-31 11:00:00,0.2780761584708094,0.2780761584708094
2024-07-31 12:00:00,0.6125781244532318,0.6125781244532318
2024-07-31 13:00:00,0.8186892587047467,0.8186892587047467
2024-07-31 14:00:00,1.3636491049640727,1.3636491049640727
2024-07-31 15:00:00,1.588444909409404,1.588444909409404
2024-07-31 16:00:00,2.46299781972148,2.46299781972148
2024-07-31 17:00:00,1.939122915761943,1.939122915761943
2024-07-31 18:00:00,2.7505699783246156,2.7505699783246156
2024-07-31 19:00:00,2.3197476936046577,2.3197476936046577
2024-07-31 20:00:00,2.5858181335994233,2.5858181335994233
2024-07-31 21:00:00,2.5960005089985243,2.5960005089985243
2024-07-31 22:00:00,0.0,0.0
2024-07-31 23:00:00,0.0,0.0
2024-08-01 00:00:00,0.0,0.0
2024-08-01 01:00:00,0.0,0.0
2024-08-01 02:00:00,0.0,0.0
2024-08-01 03:00:00,0.0,0.0
2024-08-01 04:00:00,0.0,0.0
2024-08-01 05:00:00,0.0,0.0
2024-08-01 06:00:00,0.0,0.0
2024-08-01 07:00:00,0.0,0.0
2024-08-01 08:00:00,0.0,0.0
2024-08-01 09:00:00,0.0,0.0
2024-08-01 10:00:00,0.06715414214294757,0.06715414214294757
2024-08-01 11:00:00,0.28976905598656644,0.28976905598656644
2024-08-01 12:00:00,0.5124340027193885,0.5124340027193885
2024-08-01 13:00:00,0.9161889398920574,0.9161889398920574
2024-08-01 14:00:00,1.5137220745801139,1.5137220745801139
2024-08-01 15:00:00,1.552553273846917,1.552553273846917
2024-08-01 16:00:00,1.9118426508777053,1.9118426508777053
2024-08-01 17:00:00,2.1720446234745645,2.1720446234745645
2024-08-01 18:00:00,2.1515675498386235,2.1515675498386235
2024-08-01 19:00:00,2.568720564755618,2.568720564755618
2024-08-01 20:00:00,2.1593367952936773,2.1593367952936773
2024-08-01 21:00:00,2.4257493127740086,2.4257493127740086
2024-08-01 22:00:00,0.0,0.0
2024-08-01 23:00:00,0.0,0.0
2024-08-02 00:00:00,0.0,0.0
2024-08-02 01:00:00,0.0,0.0
2024-08-02 02:00:00,0.0,0.0
2024-08-02 03:00:00,0.0,0.0
2024-08-02 04:00:00,0.0,0.0
2024-08-02 05:00:00,0.0,0.0
2024-08-02 06:00:00,0.0,0.0
2024-08-02 07:00:00,0.0,0.0
2024-08-02 08:00:00,0.0,0.0
2024-08-02 09:00:00,0.0,0.0
2024-08-02 10:00:00,0.07293541341393897,0.07293541341393897
2024-08-02 11:00:00,0.3026295977958712,0.3026295977958712
2024-08-02 12:00:00,0.5070793395048915,0.5070793395048915
2024-08-02 13:00:00,0.9558469473835285,0.9558469473835285
2024-08-02 14:00:00,1.2187635324277246,1.2187635324277246
2024-08-02 15:00:00,1.514068757683606,1.514068757683606
2024-08-02 16:00:00,2.180260251644508,2.180260251644508
2024-08-02 17:00:00,2.2160832506327313,2.2160832506327313
2024-08-02 18:00:00,2.605375450206008,2.605375450206008
2024-08-02 19:00:00,2.384451559135551,2.384451559135551
2024-08-02 20:00:00,2.1445124630004115,2.1445124630004115
2024-08-02 21:00:00,2.365887653915889,2.365887653915889
2024-08-02 22:00:00,0.0,0.0
2024-08-02 23:00:00,0.0,0.0
2024-08-03 00:00:00,0.0,0.0
2024-08-03 01:00:00,0.0,0.0
2024-08-03 02:00:00,0.0,0.0
2024-08-03 03:00:00,0.0,0.0
2024-08-03 04:00:00,0.0,0.0
2024-08-03 05:00:00,0.0,0.0
2024-08-03 06:00:00,0.0,0.0
2024-08-03 07:00:00,0.0,0.0
2024-08-03 08:00:00,0.0,0.0
2024-08-03 09:00:00,0.0,0.0
2024-08-03 10:00:00,0.055291883590094085,0.055291883590094085
2024-08-03 11:00:00,0.21876235301541086,0.21876235301541086
2024-08-03 12:00:00,0.4204463862595792,0.4204463862595792
2024-08-03 13:00:00,0.6275872006528513,0.6275872006528513
2024-08-03 14:00:00,1.0384638825943915,1.0384638825943915
2024-08-03 15:00:00,1.1744742395009318,1.1744742395009318
2024-08-03 16:00:00,1.6003855212650913,1.6003855212650913
2024-08-03 17:00:00,1.6020638868704573,1.6020638868704573
2024-08-03 18:00:00,1.7415982514133654,1.7415982514133654
2024-08-03 19:00:00,1.7725848858657216,1.7725848858657216
2024-08-03 20:00:00,1.8361373751023302,1.8361373751023302
2024-08-03 21:00:00,1.7374766339817382,1.7374766339817382
2024-08-03 22:00:00,0.0,0.0
2024-08-03 23:00:00,0.0,0.0
2024-08-04 00:00:00,0.0,0.0
2024-08-04 01:00:00,0.0,0.0
2024-08-04 02:00:00,0.0,0.0
2024-08-04 03:00:00,0.0,0.0
2024-08-04 04:00:00,0.0,0.0
2024-08-04 05:00:00,0.0,0.0
2024-08-04 06:00:00,0.0,0.0
2024-08-04 07:00:00,0.0,0.0
2024-08-04 08:00:00,0.0,0.0
2024-08-04 09:00:00,0.0,0.0
2024-08-04 10:00:00,0.05397573917190264,0.05397573917190264
2024-08-04 11:00:00,0.2454760560338626,0.2454760560338626
2024-08-04 12:00:00,0.4167788460453055,0.4167788460453055
2024-08-04 13:00:00,0.6391547266400562,0.6391547266400562
2024-08-04 14:00:00,1.1024289726818999,1.1024289726818999
2024-08-04 15:00:00,1.1312719529906854,1.1312719529906854
2024-08-04 16:00:00,1.761226220340647,1.761226220340647
2024-08-04 17:00:00,1.5125469805422267,1.5125469805422267
2024-08-04 18:00:00,1.940532745460131,1.940532745460131
2024-08-04 19:00:00,1.6038205276352429,1.6038205276352429
2024-08-04 20:00:00,1.7285250576501512,1.7285250576501512
2024-08-04 21:00:00,1.711968230100961,1.711968230100961
2024-08-04 22:00:00,0.0,0.0
2024-08-04 23:00:00,0.0,0.0
2024-08-05 00:00:00,0.0,0.0
2024-08-05 01:00:00,0.0,0.0
2024-08-05 02:00:00,0.0,0.0
2024-08-05 03:00:00,0.0,0.0
2024-08-05 04:00:00,0.0,0.0
2024-08-05 05:00:00,0.0,0.0
2024-08-05 06:00:00,0.0,0.0
2024-08-05 07:00:00,0.0,0.0
2024-08-05 08:00:00,0.0,0.0
2024-08-05 09:00:00,0.0,0.0
2024-08-05 10:00:00,0.07575146113096803,0.07575146113096803
2024-08-05 11:00:00,0.29866511995761486,0.29866511995761486
2024-08-05 12:00:00,0.45208574440684823,0.45208574440684823
2024-08-05 13:00:00,0.719642990865113,0.719642990865113
2024-08-05 14:00:00,1.1612283658964078,1.1612283658964078
2024-08-05 15:00:00,1.4168905108419678,1.4168905108419678
2024-08-05 16:00:00,1.777981998258371,1.777981998258371
2024-08-05 17:00:00,1.9026725845041483,1.9026725845041483
2024-08-05 18:00:00,2.4508560520584015,2.4508560520584015
2024-08-05 19:00:00,2.3165734659016297,2.3165734659016297
2024-08-05 20:00:00,2.5531443831985996,2.5531443831985996
2024-08-05 21:00:00,2.0401670830296483,2.0401670830296483
2024-08-05 22:00:00,0.0,0.0
2024-08-05 23:00:00,0.0,0.0
2024-08-06 00:00:00,0.0,0.0
2024-08-06 01:00:00,0.0,0.0
2024-08-06 02:00:00,0.0,0.0
2024-08-06 03:00:00,0.0,0.0
2024-08-06 04:00:00,0.0,0.0
2024-08-06 05:00:00,0.0,0.0
2024-08-06 06:00:00,0.0,0.0
2024-08-06 07:00:00,0.0,0.0
2024-08-06 08:00:00,0.0,0.0
2024-08-06 09:00:00,0.0,0.0
2024-08-06 10:00:00,0.06584117667243844,0.06584117667243844
2024-08-06 11:00:00,0.2990390424117124,0.2990390424117124
2024-08-06 12:00:00,0.5105447194841012,0.5105447194841012
2024-08-06 13:00:00,0.9078001032260892,0.9078001032260892
2024-08-06 14:00:00,1.4150312762024781,1.4150312762024781
2024-08-06 15:00:00,1.7885408395724303,1.7885408395724303
2024-08-06 16:00:00,2.181310124038613,2.181310124038613
2024-08-06 17:00:00,2.2992002769352933,2.2992002769352933
2024-08-06 18:00:00,2.812936226021353,2.812936226021353
2024-08-06 19:00:00,2.402750809536682,2.402750809536682
2024-08-06 20:00:00,2.5484239776377624,2.5484239776377624
2024-08-06 21:00:00,2.014325875089701,2.014325875089701
2024-08-06 22:00:00,0.0,0.0
2024-08-06 23:00:00,0.0,0.0
2024-08-07 00:00:00,0.0,0.0
2024-08-07 01:00:00,0.0,0.0
2024-08-07 02:00:00,0.0,0.0
2024-08-07 03:00:00,0.0,0.0
2024-08-07 04:00:00,0.0,0.0
2024-08-07 05:00:00,0.0,0.0
2024-08-07 06:00:00,0.0,0.0
2024-08-07 07:00:00,0.0,0.0
2024-08-07 08:00:00,0.0,0.0
2024-08-07 09:00:00,0.0,0.0
2024-08-07 10:00:00,0.07207312501445966,0.07207312501445966
2024-08-07 11:00:00,0.3412710118986733,0.3412710118986733
2024-08-07 12:00:00,0.6368004837509571,0.6368004837509571
2024-08-07 13:00:00,0.9188268909172029,0.9188268909172029
2024-08-07 14:00:00,1.3810244645924843,1.3810244645924843
2024-08-07 15:00:00,1.7760283927212368,1.7760283927212368
2024-08-07 16:00:00,2.094914045323083,2.094914045323083
2024-08-07 17:00:00,2.1430814801779885,2.1430814801779885
2024-08-07 18:00:00,2.6908348919285126,2.6908348919285126
2024-08-07 19:00:00,2.9208311854850453,2.9208311854850453
2024-08-07 20:00:00,2.5623092727632564,2.5623092727632564
2024-08-07 21:00:00,2.8998197078578847,2.8998197078578847
2024-08-07 22:00:00,0.0,0.0
2024-08-07 23:00:00,0.0,0.0
2024-08-08 00:00:00,0.0,0.0
2024-08-08 01:00:00,0.0,0.0
2024-08-08 02:00:00,0.0,0.0
2024-08-08 03:00:00,0.0,0.0
2024-08-08 04:00:00,0.0,0.0
2024-08-08 05:00:00,0.0,0.0
2024-08-08 06:00:00,0.0,0.0
2024-08-08 07:00:00,0.0,0.0
2024-08-08 08:00:00,0.0,0.0
2024-08-08 09:00:00,0.0,0.0
2024-08-08 10:00:00,0.07486025832233606,0.07486025832233606
2024-08-08 11:00:00,0.3377211432793628,0.3377211432793628
2024-08-08 12:00:00,0.6486130299581214,0.6486130299581214
2024-08-08 13:00:00,0.9956963736583373,0.9956963736583373
2024-08-08 14:00:00,1.68503588074792,1.68503588074792
2024-08-08 15:00:00,1.603499455564679,1.603499455564679
2024-08-08 16:00:00,1.9491255125243274,1.9491255125243274
2024-08-08 17:00:00,2.3961159255558413,2.3961159255558413
2024-08-08 18:00:00,2.48647145319679,2.48647145319679
2024-08-08 19:00:00,2.3739594031628704,2.3739594031628704
2024-08-08 20:00:00,2.3301383517175034,2.3301383517175034
2024-08-08 21:00:00,2.1407758270780057,2.1407758270780057
2024-08-08 22:00:00,0.0,0.0
2024-08-08 23:00:00,0.0,0.0
2024-08-09 00:00:00,0.0,0.0
2024-08-09 01:00:00,0.0,0.0
2024-08-09 02:00:00,0.0,0.0
2024-08-09 03:00:00,0.0,0.0
2024-08-09 04:00:00,0.0,0.0
2024-08-09 05:00:00,0.0,0.0
2024-08-09 06:00:00,0.0,0.0
2024-08-09 07:00:00,0.0,0.0
2024-08-09 08:00:00,0.0,0.0
2024-08-09 09:00:00,0.0,0.0
2024-08-09 10:00:00,0.08087593224916034,0.08087593224916034
2024-08-09 11:00:00,0.3470356836135231,0.3470356836135231
2024-08-09 12:00:00,0.6216293590874993,0.6216293590874993
2024-08-09 13:00:00,0.9362736452518988,0.9362736452518988
2024-08-09 14:00:00,1.7687779686802594,1.7687779686802594
2024-08-09 15:00:00,1.5592650885801964,1.5592650885801964
2024-08-09 16:00:00,2.3569876016565874,2.3569876016565874
2024-08-09 17:00:00,2.3402712633033675,2.3402712633033675
2024-08-09 18:00:00,2.2556864301245265,2.2556864301245265
2024-08-09 19:00:00,2.3307010712223675,2.3307010712223675
2024-08-09 20:00:00,2.73668326794419,2.73668326794419
2024-08-09 21:00:00,2.7895836535801344,2.7895836535801344
2024-08-09 22:00:00,0.0,0.0
2024-08-09 23:00:00,0.0,0.0
2024-08-10 00:00:00,0.0,0.0
2024-08-10 01:00:00,0.0,0.0
2024-08-10 02:00:00,0.0,0.0
2024-08-10 03:00:00,0.0,0.0
2024-08-10 04:00:00,0.0,0.0
2024-08-10 05:00:00,0.0,0.0
2024-08-10 06:00:00,0.0,0.0
2024-08-10 07:00:00,0.0,0.0
2024-08-10 08:00:00,0.0,0.0
2024-08-10 09:00:00,0.0,0.0
2024-08-10 10:00:00,0.05427243224332398,0.05427243224332398
2024-08-10 11:00:00,0.24239201961856957,0.24239201961856957
2024-08-10 12:00:00,0.387022187947631,0.387022187947631
2024-08-10 13:00:00,0.6564318317612641,0.6564318317612641
2024-08-10 14:00:00,1.1279973554142526,1.1279973554142526
2024-08-10 15:00:00,1.2736055923358691,1.2736055923358691
2024-08-10 16:00:00,1.8465373402196545,1.8465373402196545
2024-08-10 17:00:00,1.767912961717514,1.767912961717514
2024-08-10 18:00:00,1.6365591709744909,1.6365591709744909
2024-08-10 19:00:00,1.724442019977316,1.724442019977316
2024-08-10 20:00:00,1.8327639847714297,1.8327639847714297
2024-08-10 21:00:00,1.4906848294782316,1.4906848294782316
2024-08-10 22:00:00,0.0,0.0
2024-08-10 23:00:00,0.0,0.0
2024-08-11 00:00:00,0.0,0.0
2024-08-11 01:00:00,0.0,0.0
2024-08-11 02:00:00,0.0,0.0
2024-08-11 03:00:00,0.0,0.0
2024-08-11 04:00:00,0.0,0.0
2024-08-11 05:00:00,0.0,0.0
2024-08-11 06:00:00,0.0,0.0
2024-08-11 07:00:00,0.0,0.0
2024-08-11 08:00:00,0.0,0.0
2024-08-11 09:00:00,0.0,0.0
2024-08-11 10:00:00,0.06392193154782362,0.06392193154782362
2024-08-11 11:00:00,0.20951565296555055,0.20951565296555055
2024-08-11 12:00:00,0.43052798442406753,0.43052798442406753
2024-08-11 13:00:00,0.5939146344687622,0.5939146344687622
2024-08-11 14:00:00,1.0421729491065577,1.0421729491065577
2024-08-11 15:00:00,1.2807676899569804,1.2807676899569804
2024-08-11 16:00:00,1.7711975571868892,1.7711975571868892
2024-08-11 17:00:00,1.6902722134541261,1.6902722134541261
2024-08-11 18:00:00,1.8477089211905622,1.8477089211905622
2024-08-11 19:00:00,2.032468298265948,2.032468298265948
2024-08-11 20:00:00,1.7171925897242648,1.7171925897242648
2024-08-11 21:00:00,1.7122142419286253,1.7122142419286253
2024-08-11 22:00:00,0.0,0.0
2024-08-11 23:00:00,0.0,0.0
2024-08-12 00:00:00,0.0,0.0
2024-08-12 01:00:00,0.0,0.0
2024-08-12 02:00:00,0.0,0.0
2024-08-12 03:00:00,0.0,0.0
2024-08-12 04:00:00,0.0,0.0
2024-08-12 05:00:00,0.0,0.0
2024-08-12 06:00:00,0.0,0.0
2024-08-12 07:00:00,0.0,0.0
2024-08-12 08:00:00,0.0,0.0
2024-08-12 09:00:00,0.0,0.0
2024-08-12 10:00:00,0.0752021376746382,0.0752021376746382
2024-08-12 11:00:00,0.2846209847503005,0.2846209847503005
2024-08-12 12:00:00,0.5808336793042862,0.5808336793042862
2024-08-12 13:00:00,0.9489590350671862,0.9489590350671862
2024-08-12 14:00:00,1.5591879608047412,1.5591879608047412
2024-08-12 15:00:00,1.3888116226984744,1.3888116226984744
2024-08-12 16:00:00,1.928562911718335,1.928562911718335
2024-08-12 17:00:00,2.2050670388627536,2.2050670388627536
2024-08-12 18:00:00,2.2411827354552964,2.2411827354552964
2024-08-12 19:00:00,2.607301551610265,2.607301551610265
2024-08-12 20:00:00,2.5789966296059545,2.5789966296059545
2024-08-12 21:00:00,2.4173410919839946,2.4173410919839946
2024-08-12 22:00:00,0.0,0.0
2024-08-12 23:00:00,0.0,0.0
2024-08-13 00:00:00,0.0,0.0
2024-08-13 01:00:00,0.0,0.0
2024-08-13 02:00:00,0.0,0.0
2024-08-13 03:00:00,0.0,0.0
2024-08-13 04:00:00,0.0,0.0
2024-08-13 05:00:00,0.0,0.0
2024-08-13 06:00:00,0.0,0.0
2024-08-13 07:00:00,0.0,0.0
2024-08-13 08:00:00,0.0,0.0
2024-08-13 09:00:00,0.0,0.0
2024-08-13 10:00:00,0.06661671206615848,0.06661671206615848
2024-08-13 11:00:00,0.31547260830250096,0.31547260830250096
2024-08-13 12:00:00,0.4972100637364655,0.4972100637364655
2024-08-13 13:00:00,0.754786683722269,0.754786683722269
2024-08-13 14:00:00,1.6015633616108873,1.6015633616108873
2024-08-13 15:00:00,1.5200965584596258,1.5200965584596258
2024-08-13 16:00:00,2.3351963168610794,2.3351963168610794
2024-08-13 17:00:00,2.0535381914836552,2.0535381914836552
2024-08-13 18:00:00,2.345409378587486,2.345409378587486
2024-08-13 19:00:00,2.659573684033427,2.659573684033427
2024-08-13 20:00:00,2.682468946506787,2.682468946506787
2024-08-13 21:00:00,2.3131959329251632,2.3131959329251632
2024-08-13 22:00:00,0.0,0.0
2024-08-13 23:00:00,0.0,0.0
2024-08-14 00:00:00,0.0,0.0
2024-08-14 01:00:00,0.0,0.0
2024-08-14 02:00:00,0.0,0.0
2024-08-14 03:00:00,0.0,0.0
2024-08-14 04:00:00,0.0,0.0
2024-08-14 05:00:00,0.0,0.0
2024-08-14 06:00:00,0.0,0.0
2024-08-14 07:00:00,0.0,0.0
2024-08-14 08:00:00,0.0,0.0
2024-08-14 09:00:00,0.0,0.0
2024-08-14 10:00:00,0.0835420894550825,0.0835420894550825
2024-08-14 11:00:00,0.31116607314769607,0.31116607314769607
2024-08-14 12:00:00,0.6060484965865301,0.6060484965865301
2024-08-14 13:00:00,0.8431359408267403,0.8431359408267403
2024-08-14 14:00:00,1.4009705013141653,1.4009705013141653
2024-08-14 15:00:00,1.798079603523063,1.798079603523063
2024-08-14 16:00:00,2.504578352203697,2.504578352203697
2024-08-14 17:00:00,1.9771427572201556,1.9771427572201556
2024-08-14 18:00:00,2.4587894202591296,2.4587894202591296
2024-08-14 19:00:00,2.9031717876279597,2.9031717876279597
2024-08-14 20:00:00,2.5367918511089163,2.5367918511089163
2024-08-14 21:00:00,2.690942017425539,2.690942017425539
2024-08-14 22:00:00,0.0,0.0
2024-08-14 23:00:00,0.0,0.0
2024-08-15 00:00:00,0.0,0.0
2024-08-15 01:00:00,0.0,0.0
2024-08-15 02:00:00,0.0,0.0
2024-08-15 03:00:00,0.0,0.0
2024-08-15 04:00:00,0.0,0.0
2024-08-15 05:00:00,0.0,0.0
2024-08-15 06:00:00,0.0,0.0
2024-08-15 07:00:00,0.0,0.0
2024-08-15 08:00:00,0.0,0.0
2024-08-15 09:00:00,0.0,0.0
2024-08-15 10:00:00,0.0728189496123768,0.0728189496123768
2024-08-15 11:00:00,0.29750526308106456,0.29750526308106456
2024-08-15 12:00:00,0.507128555430961,0.507128555430961
2024-08-15 13:00:00,0.7602958326002653,0.7602958326002653
2024-08-15 14:00:00,1.2977541454888086,1.2977541454888086
2024-08-15 15:00:00,1.4492677548018522,1.4492677548018522
2024-08-15 16:00:00,2.224300200176954,2.224300200176954
2024-08-15 17:00:00,1.844140943511266,1.844140943511266
2024-08-15 18:00:00,2.361843436889636,2.361843436889636
2024-08-15 19:00:00,2.685677659037305,2.685677659037305
2024-08-15 20:00:00,2.1971360380442237,2.1971360380442237
2024-08-15 21:00:00,2.0874953067438584,2.0874953067438584
2024-08-15 22:00:00,0.0,0.0
2024-08-15 23:00:00,0.0,0.0
2024-08-16 00:00:00,0.0,0.0
2024-08-16 01:00:00,0.0,0.0
2024-08-16 02:00:00,0.0,0.0
2024-08-16 03:00:00,0.0,0.0
2024-08-16 04:00:00,0.0,0.0
2024-08-16 05:00:00,0.0,0.0
2024-08-16 06:00:00,0.0,0.0
2024-08-16 07:00:00,0.0,0.0
2024-08-16 08:00:00,0.0,0.0
2024-08-16 09:00:00,0.0,0.0
2024-08-16 10:00:00,0.08947521549440884,0.08947521549440884
2024-08-16 11:00:00,0.3009416469524662,0.3009416469524662
2024-08-16 12:00:00,0.5276661908432007,0.5276661908432007
2024-08-16 13:00:00,1.0670723565007239,1.0670723565007239
2024-08-16 14:00:00,1.4851866800099232,1.4851866800099232
2024-08-16 15:00:00,1.6533804251196547,1.6533804251196547
2024-08-16 16:00:00,2.313576198628811,2.313576198628811
2024-08-16 17:00:00,2.310205429730328,2.310205429730328
2024-08-16 18:00:00,2.6991994012619465,2.6991994012619465
2024-08-16 19:00:00,2.291723744156188,2.291723744156188
2024-08-16 20:00:00,2.9656714104301374,2.9656714104301374
2024-08-16 21:00:00,2.26724902981579,2.26724902981579
2024-08-16 22:00:00,0.0,0.0
2024-08-16 23:00:00,0.0,0.0
2024-08-17 00:00:00,0.0,0.0
2024-08-17 01:00:00,0.0,0.0
2024-08-17 02:00:00,0.0,0.0
2024-08-17 03:00:00,0.0,0.0
2024-08-17 04:00:00,0.0,0.0
2024-08-17 05:00:00,0.0,0.0
2024-08-17 06:00:00,0.0,0.0
2024-08-17 07:00:00,0.0,0.0
2024-08-17 08:00:00,0.0,0.0
2024-08-17 09:00:00,0.0,0.0
2024-08-17 10:00:00,0.05287425994097205,0.05287425994097205
2024-08-17 11:00:00,0.22275575077524465,0.22275575077524465
2024-08-17 12:00:00,0.41018983580313084,0.41018983580313084
2024-08-17 13:00:00,0.6413684699235782,0.6413684699235782
2024-08-17 14:00:00,1.0929073082380476,1.0929073082380476
2024-08-17 15:00:00,1.1472987675424098,1.1472987675424098
2024-08-17 16:00:00,1.5628942889170343,1.5628942889170343
2024-08-17 17:00:00,1.411269381038526,1.411269381038526
2024-08-17 18:00:00,1.3832133427821744,1.3832133427821744
2024-08-17 19:00:00,1.7481050448519668,1.7481050448519668
2024-08-17 20:00:00,1.6072972626790438,1.6072972626790438
2024-08-17 21:00:00,1.7258321468047304,1.7258321468047304
2024-08-17 22:00:00,0.0,0.0
2024-08-17 23:00:00,0.0,0.0
2024-08-18 00:00:00,0.0,0.0
2024-08-18 01:00:00,0.0,0.0
2024-08-18 02:00:00,0.0,0.0
2024-08-18 03:00:00,0.0,0.0
2024-08-18 04:00:00,0.0,0.0
2024-08-18 05:00:00,0.0,0.0
2024-08-18 06:00:00,0.0,0.0
2024-08-18 07:00:00,0.0,0.0
2024-08-18 08:00:00,0.0,0.0
2024-08-18 09:00:00,0.0,0.0
2024-08-18 10:00:00,0.05353605484813617,0.05353605484813617
2024-08-18 11:00:00,0.215227874019216,0.215227874019216
2024-08-18 12:00:00,0.3426115635795022,0.3426115635795022
2024-08-18 13:00:00,0.6935034186700338,0.6935034186700338
2024-08-18 14:00:00,0.8729626874267343,0.8729626874267343
2024-08-18 15:00:00,1.2737520220737213,1.2737520220737213
2024-08-18 16:00:00,1.5818135172292038,1.5818135172292038
2024-08-18 17:00:00,1.2343333061939015,1.2343333061939015
2024-08-18 18:00:00,1.5722120444929988,1.5722120444929988
2024-08-18 19:00:00,1.9943334918574498,1.9943334918574498
2024-08-18 20:00:00,1.7042421555089406,1.7042421555089406
2024-08-18 21:00:00,1.5453028543678724,1.5453028543678724
2024-08-18 22:00:00,0.0,0.0
2024-08-18 23:00:00,0.0,0.0
2024-08-19 00:00:00,0.0,0.0
2024-08-19 01:00:00,0.0,0.0
2024-08-19 02:00:00,0.0,0.0
2024-08-19 03:00:00,0.0,0.0
2024-08-19 04:00:00,0.0,0.0
2024-08-19 05:00:00,0.0,0.0
2024-08-19 06:00:00,0.0,0.0
2024-08-19 07:00:00,0.0,0.0
2024-08-19 08:00:00,0.0,0.0
2024-08-19 09:00:00,0.0,0.0
2024-08-19 10:00:00,0.07162755447167203,0.07162755447167203
2024-08-19 11:00:00,0.32960604676830013,0.32960604676830013
2024-08-19 12:00:00,0.592677114012492,0.592677114012492
2024-08-19 13:00:00,0.8111763819093982,0.8111763819093982
2024-08-19 14:00:00,1.3523132655764198,1.3523132655764198
2024-08-19 15:00:00,1.9125397023747621,1.9125397023747621
2024-08-19 16:00:00,2.612988983986569,2.612988983986569
2024-08-19 17:00:00,2.2872419893637104,2.2872419893637104
2024-08-19 18:00:00,2.85765119427,2.85765119427
2024-08-19 19:00:00,2.891711482298305,2.891711482298305
2024-08-19 20:00:00,2.499637162791874,2.499637162791874
2024-08-19 21:00:00,2.4185887727362805,2.4185887727362805
2024-08-19 22:00:00,0.0,0.0
2024-08-19 23:00:00,0.0,0.0
2024-08-20 00:00:00,0.0,0.0
2024-08-20 01:00:00,0.0,0.0
2024-08-20 02:00:00,0.0,0.0
2024-08-20 03:00:00,0.0,0.0
2024-08-20 04:00:00,0.0,0.0
2024-08-20 05:00:00,0.0,0.0
2024-08-20 06:00:00,0.0,0.0
2024-08-20 07:00:00,0.0,0.0
2024-08-20 08:00:00,0.0,0.0
2024-08-20 09:00:00,0.0,0.0
2024-08-20 10:00:00,0.06482488560562487,0.06482488560562487
2024-08-20 11:00:00,0.2628842619221647,0.2628842619221647
2024-08-20 12:00:00,0.5845252844798958,0.5845252844798958
2024-08-20 13:00:00,0.8858351716023434,0.8858351716023434
2024-08-20 14:00:00,1.281046237673972,1.281046237673972
2024-08-20 15:00:00,1.4152364331676068,1.4152364331676068
2024-08-20 16:00:00,2.1768048220254173,2.1768048220254173
2024-08-20 17:00:00,2.1084903573362386,2.1084903573362386
2024-08-20 18:00:00,2.5039987609193024,2.5039987609193024
2024-08-20 19:00:00,2.5707637090440043,2.5707637090440043
2024-08-20 20:00:00,2.3902707420010265,2.3902707420010265
2024-08-20 21:00:00,2.0675785789266645,2.0675785789266645
2024-08-20 22:00:00,0.0,0.0
2024-08-20 23:00:00,0.0,0.0
2024-08-21 00:00:00,0.0,0.0
2024-08-21 01:00:00,0.0,0.0
2024-08-21 02:00:00,0.0,0.0
2024-08-21 03:00:00,0.0,0.0
2024-08-21 04:00:00,0.0,0.0
2024-08-21 05:00:00,0.0,0.0
2024-08-21 06:00:00,0.0,0.0
2024-08-21 07:00:00,0.0,0.0
2024-08-21 08:00:00,0.0,0.0
2024-08-21 09:00:00,0.0,0.0
2024-08-21 10:00:00,0.08495679149901411,0.08495679149901411
2024-08-21 11:00:00,0.32354430215865293,0.32354430215865293
2024-08-21 12:00:00,0.5130289039074619,0.5130289039074619
2024-08-21 13:00:00,0.9700442045943305,0.9700442045943305
2024-08-21 14:00:00,1.7375243232545459,1.7375243232545459
2024-08-21 15:00:00,1.7753716453260158,1.7753716453260158
2024-08-21 16:00:00,2.3438415190875,2.3438415190875
2024-08-21 17:00:00,2.407719130941836,2.407719130941836
2024-08-21 18:00:00,2.475013757563101,2.475013757563101
2024-08-21 19:00:00,2.312766538000301,2.312766538000301
2024-08-21 20:00:00,2.905239256323136,2.905239256323136
2024-08-21 21:00:00,2.5105202082662124,2.5105202082662124
2024-08-21 22:00:00,0.0,0.0
2024-08-21 23:00:00,0.0,0.0
2024-08-22 00:00:00,0.0,0.0
2024-08-22 01:00:00,0.0,0.0
2024-08-22 02:00:00,0.0,0.0
2024-08-22 03:00:00,0.0,0.0
2024-08-22 04:00:00,0.0,0.0
2024-08-22 05:00:00,0.0,0.0
2024-08-22 06:00:00,0.0,0.0
2024-08-22 07:00:00,0.0,0.0
2024-08-22 08:00:00,0.0,0.0
2024-08-22 09:00:00,0.0,0.0
2024-08-22 10:00:00,0.06812897145017911,0.06812897145017911
2024-08-22 11:00:00,0.29068902970045274,0.29068902970045274
2024-08-22 12:00:00,0.4570305568990544,0.4570305568990544
2024-08-22 13:00:00,0.8405661691730173,0.8405661691730173
2024-08-22 14:00:00,1.2741097387298594,1.2741097387298594
2024-08-22 15:00:00,1.7592487273876232,1.7592487273876232
2024-08-22 16:00:00,2.3323113807736817,2.3323113807736817
2024-08-22 17:00:00,2.0308067527649594,2.0308067527649594
2024-08-22 18:00:00,2.1062127813067124,2.1062127813067124
2024-08-22 19:00:00,2.1056214929370354,2.1056214929370354
2024-08-22 20:00:00,2.3729804958539815,2.3729804958539815
2024-08-22 21:00:00,2.3045773685743263,2.3045773685743263
2024-08-22 22:00:00,0.0,0.0
2024-08-22 23:00:00,0.0,0.0
2024-08-23 00:00:00,0.0,0.0
2024-08-23 01:00:00,0.0,0.0
2024-08-23 02:00:00,0.0,0.0
2024-08-23 03:00:00,0.0,0.0
2024-08-23 04:00:00,0.0,0.0
2024-08-23 05:00:00,0.0,0.0
2024-08-23 06:00:00,0.0,0.0
2024-08-23 07:00:00,0.0,0.0
2024-08-23 08:00:00,0.0,0.0
2024-08-23 09:00:00,0.0,0.0
2024-08-23 10:00:00,0.0774099975742813,0.0774099975742813
2024-08-23 11:00:00,0.294911488432855,0.294911488432855
2024-08-23 12:00:00,0.4916509474316863,0.4916509474316863
2024-08-23 13:00:00,0.8195367559603277,0.8195367559603277
2024-08-23 14:00:00,1.3523716973300182,1.3523716973300182
2024-08-23 15:00:00,1.627246060391418,1.627246060391418
2024-08-23 16:00:00,2.3149134444757418,2.3149134444757418
2024-08-23 17:00:00,2.112151770751666,2.112151770751666
2024-08-23 18:00:00,2.3619453373449666,2.3619453373449666
2024-08-23 19:00:00,2.3565183269227616,2.3565183269227616
2024-08-23 20:00:00,2.0247956952679864,2.0247956952679864
2024-08-23 21:00:00,1.9091692517981091,1.9091692517981091
2024-08-23 22:00:00,0.0,0.0
2024-08-23 23:00:00,0.0,0.0
2024-08-24 00:00:00,0.0,0.0
2024-08-24 01:00:00,0.0,0.0
2024-08-24 02:00:00,0.0,0.0
2024-08-24 03:00:00,0.0,0.0
2024-08-24 04:00:00,0.0,0.0
2024-08-24 05:00:00,0.0,0.0
2024-08-24 06:00:00,0.0,0.0
2024-08-24 07:00:00,0.0,0.0
2024-08-24 08:00:00,0.0,0.0
2024-08-24 09:00:00,0.0,0.0
2024-08-24 10:00:00,0.0509396739047838,0.0509396739047838
2024-08-24 11:00:00,0.21283212165654392,0.21283212165654392
2024-08-24 12:00:00,0.3916880925817163,0.3916880925817163
2024-08-24 13:00:00,0.7283673328225322,0.7283673328225322
2024-08-24 14:00:00,1.007729133177442,1.007729133177442
2024-08-24 15:00:00,1.0815648604927108,1.0815648604927108
2024-08-24 16:00:00,1.6747071094934984,1.6747071094934984
2024-08-24 17:00:00,1.7035163724175153,1.7035163724175153
2024-08-24 18:00:00,1.674312568864383,1.674312568864383
2024-08-24 19:00:00,1.9763674862972438,1.9763674862972438
2024-08-24 20:00:00,1.7321948183881286,1.7321948183881286
2024-08-24 21:00:00,1.8896603360108302,1.8896603360108302
2024-08-24 22:00:00,0.0,0.0
2024-08-24 23:00:00,0.0,0.0
2024-08-25 00:00:00,0.0,0.0
2024-08-25 01:00:00,0.0,0.0
2024-08-25 02:00:00,0.0,0.0
2024-08-25 03:00:00,0.0,0.0
2024-08-25 04:00:00,0.0,0.0
2024-08-25 05:00:00,0.0,0.0
2024-08-25 06:00:00,0.0,0.0
2024-08-25 07:00:00,0.0,0.0
2024-08-25 08:00:00,0.0,0.0
2024-08-25 09:00:00,0.0,0.0
2024-08-25 10:00:00,0.052303656625567053,0.052303656625567053
2024-08-25 11:00:00,0.20664216799209512,0.20664216799209512
2024-08-25 12:00:00,0.42551439622188286,0.42551439622188286
2024-08-25 13:00:00,0.6273060189442026,0.6273060189442026
2024-08-25 14:00:00,0.8719257830392989,0.8719257830392989
2024-08-25 15:00:00,0.9713797035101832,0.9713797035101832
2024-08-25 16:00:00,1.3158940660936005,1.3158940660936005
2024-08-25 17:00:00,1.5198317560352281,1.5198317560352281
2024-08-25 18:00:00,1.5814909626096785,1.5814909626096785
2024-08-25 19:00:00,1.661378252946965,1.661378252946965
2024-08-25 20:00:00,1.6941101783426025,1.6941101783426025
2024-08-25 21:00:00,1.7105759984678128,1.7105759984678128
2024-08-25 22:00:00,0.0,0.0
2024-08-25 23:00:00,0.0,0.0
2024-08-26 00:00:00,0.0,0.0
2024-08-26 01:00:00,0.0,0.0
2024-08-26 02:00:00,0.0,0.0
2024-08-26 03:00:00,0.0,0.0
2024-08-26 04:00:00,0.0,0.0
2024-08-26 05:00:00,0.0,0.0
2024-08-26 06:00:00,0.0,0.0
2024-08-26 07:00:00,0.0,0.0
2024-08-26 08:00:00,0.0,0.0
2024-08-26 09:00:00,0.0,0.0
2024-08-26 10:00:00,0.07912623791869788,0.07912623791869788
2024-08-26 11:00:00,0.2910328405274279,0.2910328405274279
2024-08-26 12:00:00,0.6078587710627633,0.6078587710627633
2024-08-26 13:00:00,0.8295613273553442,0.8295613273553442
2024-08-26 14:00:00,1.3274268101003528,1.3274268101003528
2024-08-26 15:00:00,1.8314309314816772,1.8314309314816772
2024-08-26 16:00:00,2.1229110533716926,2.1229110533716926
2024-08-26 17:00:00,2.2309648234225117,2.2309648234225117
2024-08-26 18:00:00,2.3834474216214554,2.3834474216214554
2024-08-26 19:00:00,2.879480798739383,2.879480798739383
2024-08-26 20:00:00,2.6902167300421866,2.6902167300421866
2024-08-26 21:00:00,2.5111801498913744,2.5111801498913744
2024-08-26 22:00:00,0.0,0.0
2024-08-26 23:00:00,0.0,0.0
2024-08-27 00:00:00,0.0,0.0
2024-08-27 01:00:00,0.0,0.0
2024-08-27 02:00:00,0.0,0.0
2024-08-27 03:00:00,0.0,0.0
2024-08-27 04:00:00,0.0,0.0
2024-08-27 05:00:00,0.0,0.0
2024-08-27 06:00:00,0.0,0.0
2024-08-27 07:00:00,0.0,0.0
2024-08-27 08:00:00,0.0,0.0
2024-08-27 09:00:00,0.0,0.0
2024-08-27 10:00:00,0.085338195094391,0.085338195094391
2024-08-27 11:00:00,0.2836727402668317,0.2836727402668317
2024-08-27 12:00:00,0.6736345362922683,0.6736345362922683
2024-08-27 13:00:00,0.8558586814836233,0.8558586814836233
2024-08-27 14:00:00,1.6694293188917453,1.6694293188917453
2024-08-27 15:00:00,1.7915226236796773,1.7915226236796773
2024-08-27 16:00:00,2.2700087700366263,2.2700087700366263
2024-08-27 17:00:00,2.427167631288629,2.427167631288629
2024-08-27 18:00:00,2.8532691698138115,2.8532691698138115
2024-08-27 19:00:00,2.424974882768503,2.424974882768503
2024-08-27 20:00:00,2.7114966260220297,2.7114966260220297
2024-08-27 21:00:00,2.437355036118944,2.437355036118944
2024-08-27 22:00:00,0.0,0.0
2024-08-27 23:00:00,0.0,0.0
2024-08-28 00:00:00,0.0,0.0
2024-08-28 01:00:00,0.0,0.0
2024-08-28 02:00:00,0.0,0.0
2024-08-28 03:00:00,0.0,0.0
2024-08-28 04:00:00,0.0,0.0
2024-08-28 05:00:00,0.0,0.0
2024-08-28 06:00:00,0.0,0.0
2024-08-28 07:00:00,0.0,0.0
2024-08-28 08:00:00,0.0,0.0
2024-08-28 09:00:00,0.0,0.0
2024-08-28 10:00:00,0.07176905182132703,0.07176905182132703
2024-08-28 11:00:00,0.31179327592530126,0.31179327592530126
2024-08-28 12:00:00,0.5323259953159306,0.5323259953159306
2024-08-28 13:00:00,0.9767330417309537,0.9767330417309537
2024-08-28 14:00:00,1.5544278906967726,1.5544278906967726
2024-08-28 15:00:00,1.8474413140058177,1.8474413140058177
2024-08-28 16:00:00,2.1829533138048784,2.1829533138048784
2024-08-28 17:00:00,2.0866099152590323,2.0866099152590323
2024-08-28 18:00:00,2.911750087973944,2.911750087973944
2024-08-28 19:00:00,2.7963267783292243,2.7963267783292243
2024-08-28 20:00:00,2.923944319332671,2.923944319332671
2024-08-28 21:00:00,2.1158693331079275,2.1158693331079275
2024-08-28 22:00:00,0.0,0.0
2024-08-28 23:00:00,0.0,0.0
2024-08-29 00:00:00,0.0,0.0
2024-08-29 01:00:00,0.0,0.0
2024-08-29 02:00:00,0.0,0.0
2024-08-29 03:00:00,0.0,0.0
2024-08-29 04:00:00,0.0,0.0
2024-08-29 05:00:00,0.0,0.0
2024-08-29 06:00:00,0.0,0.0
2024-08-29 07:00:00,0.0,0.0
2024-08-29 08:00:00,0.0,0.0
2024-08-29 09:00:00,0.0,0.0
2024-08-29 10:00:00,0.07086572093016892,0.07086572093016892
2024-08-29 11:00:00,0.2904985773547986,0.2904985773547986
2024-08-29 12:00:00,0.6687595895913653,0.6687595895913653
2024-08-29 13:00:00,1.0243906634880575,1.0243906634880575
2024-08-29 14:00:00,1.4018633033004484,1.4018633033004484
2024-08-29 15:00:00,1.69118867568503,1.69118867568503
2024-08-29 16:00:00,2.593309774728017,2.593309774728017
2024-08-29 17:00:00,2.523629228782917,2.523629228782917
2024-08-29 18:00:00,2.8518021625829557,2.8518021625829557
2024-08-29 19:00:00,2.6962613785042167,2.6962613785042167
2024-08-29 20:00:00,2.5556095562125147,2.5556095562125147
2024-08-29 21:00:00,2.700436682867243,2.700436682867243
2024-08-29 22:00:00,0.0,0.0
2024-08-29 23:00:00,0.0,0.0
2024-08-30 00:00:00,0.0,0.0
2024-08-30 01:00:00,0.0,0.0
2024-08-30 02:00:00,0.0,0.0
2024-08-30 03:00:00,0.0,0.0
2024-08-30 04:00:00,0.0,0.0
2024-08-30 05:00:00,0.0,0.0
2024-08-30 06:00:00,0.0,0.0
2024-08-30 07:00:00,0.0,0.0
2024-08-30 08:00:00,0.0,0.0
2024-08-30 09:00:00,0.0,0.0
2024-08-30 10:00:00,0.06085770145135873,0.06085770145135873
2024-08-30 11:00:00,0.26038503746456726,0.26038503746456726
2024-08-30 12:00:00,0.5550406308861815,0.5550406308861815
2024-08-30 13:00:00,0.7868778182688205,0.7868778182688205
2024-08-30 14:00:00,1.5355395643572605,1.5355395643572605
2024-08-30 15:00:00,1.3296251092147378,1.3296251092147378
2024-08-30 16:00:00,1.9247592539614289,1.9247592539614289
2024-08-30 17:00:00,1.8137466796289692,1.8137466796289692
2024-08-30 18:00:00,2.5064924575765826,2.5064924575765826
2024-08-30 19:00:00,2.600145755227507,2.600145755227507
2024-08-30 20:00:00,2.3558702795703064,2.3558702795703064
2024-08-30 21:00:00,2.0754145174140293,2.0754145174140293
2024-08-30 22:00:00,0.0,0.0
2024-08-30 23:00:00,0.0,0.0
2024-08-31 00:00:00,0.0,0.0
2024-08-31 01:00:00,0.0,0.0
2024-08-31 02:00:00,0.0,0.0
2024-08-31 03:00:00,0.0,0.0
2024-08-31 04:00:00,0.0,0.0
2024-08-31 05:00:00,0.0,0.0
2024-08-31 06:00:00,0.0,0.0
2024-08-31 07:00:00,0.0,0.0
2024-08-31 08:00:00,0.0,0.0
2024-08-31 09:00:00,0.0,0.0
2024-08-31 10:00:00,0.06081076746721231,0.06081076746721231
2024-08-31 11:00:00,0.20787645791045778,0.20787645791045778
2024-08-31 12:00:00,0.3780583097288728,0.3780583097288728
2024-08-31 13:00:00,0.5807075842132504,0.5807075842132504
2024-08-31 14:00:00,0.9728557951056551,0.9728557951056551
2024-08-31 15:00:00,1.0640691235485134,1.0640691235485134
2024-08-31 16:00:00,1.3956061682843577,1.3956061682843577
2024-08-31 17:00:00,1.7265919963766956,1.7265919963766956
2024-08-31 18:00:00,1.6886727611033863,1.6886727611033863
2024-08-31 19:00:00,1.7470394929184678,1.7470394929184678
2024-08-31 20:00:00,1.8647633500334662,1.8647633500334662
2024-08-31 21:00:00,1.9109593216586167,1.9109593216586167
2024-08-31 22:00:00,0.0,0.0
2024-08-31 23:00:00,0.0,0.0
2024-09-01 00:00:00,0.0,0.0
2024-09-01 01:00:00,0.0,0.0
2024-09-01 02:00:00,0.0,0.0
2024-09-01 03:00:00,0.0,0.0
2024-09-01 04:00:00,0.0,0.0
2024-09-01 05:00:00,0.0,0.0
2024-09-01 06:00:00,0.0,0.0
2024-09-01 07:00:00,0.0,0.0
2024-09-01 08:00:00,0.0,0.0
2024-09-01 09:00:00,0.0,0.0
2024-09-01 10:00:00,0.05655303590932298,0.05655303590932298
2024-09-01 11:00:00,0.2399233540929509,0.2399233540929509
2024-09-01 12:00:00,0.3583012449794791,0.3583012449794791
2024-09-01 13:00:00,0.6223427695921869,0.6223427695921869
2024-09-01 14:00:00,1.0311306590562521,1.0311306590562521
2024-09-01 15:00:00,1.3222511795385237,1.3222511795385237
2024-09-01 16:00:00,1.7965890782624692,1.7965890782624692
2024-09-01 17:00:00,1.4810371081906037,1.4810371081906037
2024-09-01 18:00:00,1.496389166188505,1.496389166188505
2024-09-01 19:00:00,1.8682114076306193,1.8682114076306193
2024-09-01 20:00:00,1.7047865932167299,1.7047865932167299
2024-09-01 21:00:00,1.5756085665831479,1.5756085665831479
2024-09-01 22:00:00,0.0,0.0
2024-09-01 23:00:00,0.0,0.0
2024-09-02 00:00:00,0.0,0.0
2024-09-02 01:00:00,0.0,0.0
2024-09-02 02:00:00,0.0,0.0
2024-09-02 03:00:00,0.0,0.0
2024-09-02 04:00:00,0.0,0.0
2024-09-02 05:00:00,0.0,0.0
2024-09-02 06:00:00,0.0,0.0
2024-09-02 07:00:00,0.0,0.0
2024-09-02 08:00:00,0.0,0.0
2024-09-02 09:00:00,0.0,0.0
2024-09-02 10:00:00,0.08720980575686993,0.08720980575686993
2024-09-02 11:00:00,0.30175363857803017,0.30175363857803017
2024-09-02 12:00:00,0.6064798118769728,0.6064798118769728
2024-09-02 13:00:00,0.9293932911047627,0.9293932911047627
2024-09-02 14:00:00,1.4944255194672817,1.4944255194672817
2024-09-02 15:00:00,1.870411540338,1.870411540338
2024-09-02 16:00:00,2.4367431495823664,2.4367431495823664
2024-09-02 17:00:00,1.9033972713383982,1.9033972713383982
2024-09-02 18:00:00,2.570911108585463,2.570911108585463
2024-09-02 19:00:00,2.775731015193407,2.775731015193407
2024-09-02 20:00:00,2.45463955865355,2.45463955865355
2024-09-02 21:00:00,2.337575578068283,2.337575578068283
2024-09-02 22:00:00,0.0,0.0
2024-09-02 23:00:00,0.0,0.0
2024-09-03 00:00:00,0.0,0.0
2024-09-03 01:00:00,0.0,0.0
2024-09-03 02:00:00,0.0,0.0
2024-09-03 03:00:00,0.0,0.0
2024-09-03 04:00:00,0.0,0.0
2024-09-03 05:00:00,0.0,0.0
2024-09-03 06:00:00,0.0,0.0
2024-09-03 07:00:00,0.0,0.0
2024-09-03 08:00:00,0.0,0.0
2024-09-03 09:00:00,0.0,0.0
2024-09-03 10:00:00,0.06504868611505922,0.06504868611505922
2024-09-03 11:00:00,0.33529162804128987,0.33529162804128987
2024-09-03 12:00:00,0.6288994314363205,0.6288994314363205
2024-09-03 13:00:00,0.9398752239225957,0.9398752239225957
2024-09-03 14:00:00,1.485165283403194,1.485165283403194
2024-09-03 15:00:00,1.8175271502943453,1.8175271502943453
2024-09-03 16:00:00,2.2064972063265182,2.2064972063265182
2024-09-03 17:00:00,2.307790178214979,2.307790178214979
2024-09-03 18:00:00,2.163720888734742,2.163720888734742
2024-09-03 19:00:00,2.8684935204255417,2.8684935204255417
2024-09-03 20:00:00,2.7454079180467956,2.7454079180467956
2024-09-03 21:00:00,2.621994647446735,2.621994647446735
2024-09-03 22:00:00,0.0,0.0
2024-09-03 23:00:00,0.0,0.0
2024-09-04 00:00:00,0.0,0.0
2024-09-04 01:00:00,0.0,0.0
2024-09-04 02:00:00,0.0,0.0
2024-09-04 03:00:00,0.0,0.0
2024-09-04 04:00:00,0.0,0.0
2024-09-04 05:00:00,0.0,0.0
2024-09-04 06:00:00,0.0,0.0
2024-09-04 07:00:00,0.0,0.0
2024-09-04 08:00:00,0.0,0.0
2024-09-04 09:00:00,0.0,0.0
2024-09-04 10:00:00,0.06761715664531533,0.06761715664531533
2024-09-04 11:00:00,0.30080903242001605,0.30080903242001605
2024-09-04 12:00:00,0.4713276309627123,0.4713276309627123
2024-09-04 13:00:00,0.7887650706063507,0.7887650706063507
2024-09-04 14:00:00,1.5610812133192706,1.5610812133192706
2024-09-04 15:00:00,1.7141935387830547,1.7141935387830547
2024-09-04 16:00:00,1.871932366820046,1.871932366820046
2024-09-04 17:00:00,1.8079895244748627,1.8079895244748627
2024-09-04 18:00:00,2.0773318822216833,2.0773318822216833
2024-09-04 19:00:00,2.664019464355558,2.664019464355558
2024-09-04 20:00:00,2.3148333480647625,2.3148333480647625
2024-09-04 21:00:00,2.5302126029538643,2.5302126029538643
2024-09-04 22:00:00,0.0,0.0
2024-09-04 23:00:00,0.0,0.0
2024-09-05 00:00:00,0.0,0.0
2024-09-05 01:00:00,0.0,0.0
2024-09-05 02:00:00,0.0,0.0
2024-09-05 03:00:00,0.0,0.0
2024-09-05 04:00:00,0.0,0.0
2024-09-05 05:00:00,0.0,0.0
2024-09-05 06:00:00,0.0,0.0
2024-09-05 07:00:00,0.0,0.0
2024-09-05 08:00:00,0.0,0.0
2024-09-05 09:00:00,0.0,0.0
2024-09-05 10:00:00,0.07415592772641788,0.07415592772641788
2024-09-05 11:00:00,0.26384827587812726,0.26384827587812726
2024-09-05 12:00:00,0.6255548437543073,0.6255548437543073
2024-09-05 13:00:00,0.9129279420837467,0.9129279420837467
2024-09-05 14:00:00,1.2458144374634967,1.2458144374634967
2024-09-05 15:00:00,1.7141343068858559,1.7141343068858559
2024-09-05 16:00:00,2.368753149885929,2.368753149885929
2024-09-05 17:00:00,2.1603856476712853,2.1603856476712853
2024-09-05 18:00:00,2.773316296462516,2.773316296462516
2024-09-05 19:00:00,2.850573145026168,2.850573145026168
2024-09-05 20:00:00,2.6883202465144636,2.6883202465144636
2024-09-05 21:00:00,2.2182371763619626,2.2182371763619626
2024-09-05 22:00:00,0.0,0.0
2024-09-05 23:00:00,0.0,0.0
2024-09-06 00:00:00,0.0,0.0
2024-09-06 01:00:00,0.0,0.0
2024-09-06 02:00:00,0.0,0.0
2024-09-06 03:00:00,0.0,0.0
2024-09-06 04:00:00,0.0,0.0
2024-09-06 05:00:00,0.0,0.0
2024-09-06 06:00:00,0.0,0.0
2024-09-06 07:00:00,0.0,0.0
2024-09-06 08:00:00,0.0,0.0
2024-09-06 09:00:00,0.0,0.0
2024-09-06 10:00:00,0.08426944507717493,0.08426944507717493
2024-09-06 11:00:00,0.2802438857080174,0.2802438857080174
2024-09-06 12:00:00,0.6213182231304497,0.6213182231304497
2024-09-06 13:00:00,0.8937915899608095,0.8937915899608095
2024-09-06 14:00:00,1.66853565163388,1.66853565163388
2024-09-06 15:00:00,1.805893236327416,1.805893236327416
2024-09-06 16:00:00,2.6709330465081766,2.6709330465081766
2024-09-06 17:00:00,2.1826170704852905,2.1826170704852905
2024-09-06 18:00:00,2.5037168908079788,2.5037168908079788
2024-09-06 19:00:00,2.4968235521775313,2.4968235521775313
2024-09-06 20:00:00,2.6756600620725672,2.6756600620725672
2024-09-06 21:00:00,2.773985410961571,2.773985410961571
2024-09-06 22:00:00,0.0,0.0
2024-09-06 23:00:00,0.0,0.0
2024-09-07 00:00:00,0.0,0.0
2024-09-07 01:00:00,0.0,0.0
2024-09-07 02:00:00,0.0,0.0
2024-09-07 03:00:00,0.0,0.0
2024-09-07 04:00:00,0.0,0.0
2024-09-07 05:00:00,0.0,0.0
2024-09-07 06:00:00,0.0,0.0
2024-09-07 07:00:00,0.0,0.0
2024-09-07 08:00:00,0.0,0.0
2024-09-07 09:00:00,0.0,0.0
2024-09-07 10:00:00,0.05759217644885104,0.05759217644885104
2024-09-07 11:00:00,0.2021603143070057,0.2021603143070057
2024-09-07 12:00:00,0.4028017524869412,0.4028017524869412
2024-09-07 13:00:00,0.5797523483778828,0.5797523483778828
2024-09-07 14:00:00,1.2068705207313202,1.2068705207313202
2024-09-07 15:00:00,1.0933451446183429,1.0933451446183429
2024-09-07 16:00:00,1.6361566699630563,1.6361566699630563
2024-09-07 17:00:00,1.4314384029674718,1.4314384029674718
2024-09-07 18:00:00,1.9106547730059331,1.9106547730059331
2024-09-07 19:00:00,2.0201782118788154,2.0201782118788154
2024-09-07 20:00:00,1.5854769874921757,1.5854769874921757
2024-09-07 21:00:00,1.6658459253601396,1.6658459253601396
2024-09-07 22:00:00,0.0,0.0
2024-09-07 23:00:00,0.0,0.0
2024-09-08 00:00:00,0.0,0.0
2024-09-08 01:00:00,0.0,0.0
2024-09-08 02:00:00,0.0,0.0
2024-09-08 03:00:00,0.0,0.0
2024-09-08 04:00:00,0.0,0.0
2024-09-08 05:00:00,0.0,0.0
2024-09-08 06:00:00,0.0,0.0
2024-09-08 07:00:00,0.0,0.0
2024-09-08 08:00:00,0.0,0.0
2024-09-08 09:00:00,0.0,0.0
2024-09-08 10:00:00,0.05461543132513222,0.05461543132513222
2024-09-08 11:00:00,0.18897885672115344,0.18897885672115344
2024-09-08 12:00:00,0.42714715601041897,0.42714715601041897
2024-09-08 13:00:00,0.6242202037412619,0.6242202037412619
2024-09-08 14:00:00,0.8959613067198777,0.8959613067198777
2024-09-08 15:00:00,1.3271045085934963,1.3271045085934963
2024-09-08 16:00:00,1.6692431148650178,1.6692431148650178
2024-09-08 17:00:00,1.6677748796275194,1.6677748796275194
2024-09-08 18:00:00,1.5152424328438436,1.5152424328438436
2024-09-08 19:00:00,1.9042528687326077,1.9042528687326077
2024-09-08 20:00:00,1.9194818517694037,1.9194818517694037
2024-09-08 21:00:00,1.5068684744642005,1.5068684744642005
2024-09-08 22:00:00,0.0,0.0
2024-09-08 23:00:00,0.0,0.0
2024-09-09 00:00:00,0.0,0.0
2024-09-09 01:00:00,0.0,0.0
2024-09-09 02:00:00,0.0,0.0
2024-09-09 03:00:00,0.0,0.0
2024-09-09 04:00:00,0.0,0.0
2024-09-09 05:00:00,0.0,0.0
2024-09-09 06:00:00,0.0,0.0
2024-09-09 07:00:00,0.0,0.0
2024-09-09 08:00:00,0.0,0.0
2024-09-09 09:00:00,0.0,0.0
2024-09-09 10:00:00,0.06632403989212064,0.06632403989212064
2024-09-09 11:00:00,0.31347298992038797,0.31347298992038797
2024-09-09 12:00:00,0.5295256815630842,0.5295256815630842
2024-09-09 13:00:00,1.0415951193777186,1.0415951193777186
2024-09-09 14:00:00,1.652826039385236,1.652826039385236
2024-09-09 15:00:00,1.833913089527246,1.833913089527246
2024-09-09 16:00:00,2.2990143114975328,2.2990143114975328
2024-09-09 17:00:00,1.9912764157143525,1.9912764157143525
2024-09-09 18:00:00,2.499300935824688,2.499300935824688
2024-09-09 19:00:00,2.3740961167642385,2.3740961167642385
2024-09-09 20:00:00,2.432139894626144,2.432139894626144
2024-09-09 21:00:00,2.2100949245732124,2.2100949245732124
2024-09-09 22:00:00,0.0,0.0
2024-09-09 23:00:00,0.0,0.0
2024-09-10 00:00:00,0.0,0.0
2024-09-10 01:00:00,0.0,0.0
2024-09-10 02:00:00,0.0,0.0
2024-09-10 03:00:00,0.0,0.0
2024-09-10 04:00:00,0.0,0.0
2024-09-10 05:00:00,0.0,0.0
2024-09-10 06:00:00,0.0,0.0
2024-09-10 07:00:00,0.0,0.0
2024-09-10 08:00:00,0.0,0.0
2024-09-10 09:00:00,0.0,0.0
2024-09-10 10:00:00,0.08126041855946645,0.08126041855946645
2024-09-10 11:00:00,0.317398401003417,0.317398401003417
2024-09-10 12:00:00,0.549767536585163,0.549767536585163
2024-09-10 13:00:00,0.90575348878849,0.90575348878849
2024-09-10 14:00:00,1.3311550753446775,1.3311550753446775
2024-09-10 15:00:00,1.431122914505599,1.431122914505599
2024-09-10 16:00:00,1.9397270355689722,1.9397270355689722
2024-09-10 17:00:00,1.9262479942531336,1.9262479942531336
2024-09-10 18:00:00,2.1530286568909953,2.1530286568909953
2024-09-10 19:00:00,2.6660141118234586,2.6660141118234586
2024-09-10 20:00:00,2.354185061098488,2.354185061098488
2024-09-10 21:00:00,2.103044481735004,2.103044481735004
2024-09-10 22:00:00,0.0,0.0
2024-09-10 23:00:00,0.0,0.0
2024-09-11 00:00:00,0.0,0.0
2024-09-11 01:00:00,0.0,0.0
2024-09-11 02:00:00,0.0,0.0
2024-09-11 03:00:00,0.0,0.0
2024-09-11 04:00:00,0.0,0.0
2024-09-11 05:00:00,0.0,0.0
2024-09-11 06:00:00,0.0,0.0
2024-09-11 07:00:00,0.0,0.0
2024-09-11 08:00:00,0.0,0.0
2024-09-11 09:00:00,0.0,0.0
2024-09-11 10:00:00,0.07471799309508712,0.07471799309508712
2024-09-11 11:00:00,0.35131411982649574,0.35131411982649574
2024-09-11 12:00:00,0.5679067162103728,0.5679067162103728
2024-09-11 13:00:00,0.8030917366716956,0.8030917366716956
2024-09-11 14:00:00,1.73649837392673,1.73649837392673
2024-09-11 15:00:00,1.9360363258876618,1.9360363258876618
2024-09-11 16:00:00,2.4371341188275304,2.4371341188275304
2024-09-11 17:00:00,2.2947064112107856,2.2947064112107856
2024-09-11 18:00:00,2.146409504772426,2.146409504772426
2024-09-11 19:00:00,2.602635053196845,2.602635053196845
2024-09-11 20:00:00,2.878451357165842,2.878451357165842
2024-09-11 21:00:00,2.2239799797768005,2.2239799797768005
2024-09-11 22:00:00,0.0,0.0
2024-09-11 23:00:00,0.0,0.0
2024-09-12 00:00:00,0.0,0.0
2024-09-12 01:00:00,0.0,0.0
2024-09-12 02:00:00,0.0,0.0
2024-09-12 03:00:00,0.0,0.0
2024-09-12 04:00:00,0.0,0.0
2024-09-12 05:00:00,0.0,0.0
2024-09-12 06:00:00,0.0,0.0
2024-09-12 07:00:00,0.0,0.0
2024-09-12 08:00:00,0.0,0.0
2024-09-12 09:00:00,0.0,0.0
2024-09-12 10:00:00,0.06510056836840523,0.06510056836840523
2024-09-12 11:00:00,0.295558669691739,0.295558669691739
2024-09-12 12:00:00,0.513142353333928,0.513142353333928
2024-09-12 13:00:00,0.8204850885604804,0.8204850885604804
2024-09-12 14:00:00,1.3604401472869636,1.3604401472869636
2024-09-12 15:00:00,1.5390330959485905,1.5390330959485905
2024-09-12 16:00:00,2.1461094282888817,2.1461094282888817
2024-09-12 17:00:00,1.9171895295155452,1.9171895295155452
2024-09-12 18:00:00,2.5017466630773675,2.5017466630773675
2024-09-12 19:00:00,2.279382574181583,2.279382574181583
2024-09-12 20:00:00,2.5326339621236422,2.5326339621236422
2024-09-12 21:00:00,2.0881817105133367,2.0881817105133367
2024-09-12 22:00:00,0.0,0.0
2024-09-12 23:00:00,0.0,0.0
2024-09-13 00:00:00,0.0,0.0
2024-09-13 01:00:00,0.0,0.0
2024-09-13 02:00:00,0.0,0.0
2024-09-13 03:00:00,0.0,0.0
2024-09-13 04:00:00,0.0,0.0
2024-09-13 05:00:00,0.0,0.0
2024-09-13 06:00:00,0.0,0.0
2024-09-13 07:00:00,0.0,0.0
2024-09-13 08:00:00,0.0,0.0
2024-09-13 09:00:00,0.0,0.0
2024-09-13 10:00:00,0.07438795172298147,0.07438795172298147
2024-09-13 11:00:00,0.31200537846063653,0.31200537846063653
2024-09-13 12:00:00,0.5795007019020896,0.5795007019020896
2024-09-13 13:00:00,0.7700377171682344,0.7700377171682344
2024-09-13 14:00:00,1.4939566425482391,1.4939566425482391
2024-09-13 15:00:00,1.6503668464524535,1.6503668464524535
2024-09-13 16:00:00,1.7961874140520449,1.7961874140520449
2024-09-13 17:00:00,1.75102150252464,1.75102150252464
2024-09-13 18:00:00,2.337267596776567,2.337267596776567
2024-09-13 19:00:00,2.4385061118593594,2.4385061118593594
2024-09-13 20:00:00,2.4940104244220604,2.4940104244220604
2024-09-13 21:00:00,2.104910669105346,2.104910669105346
2024-09-13 22:00:00,0.0,0.0
2024-09-13 23:00:00,0.0,0.0
2024-09-14 00:00:00,0.0,0.0
2024-09-14 01:00:00,0.0,0.0
2024-09-14 02:00:00,0.0,0.0
2024-09-14 03:00:00,0.0,0.0
2024-09-14 04:00:00,0.0,0.0
2024-09-14 05:00:00,0.0,0.0
2024-09-14 06:00:00,0.0,0.0
2024-09-14 07:00:00,0.0,0.0
2024-09-14 08:00:00,0.0,0.0
2024-09-14 09:00:00,0.0,0.0
2024-09-14 10:00:00,0.045786068657279966,0.045786068657279966
2024-09-14 11:00:00,0.22690813821112954,0.22690813821112954
2024-09-14 12:00:00,0.4204189428652913,0.4204189428652913
2024-09-14 13:00:00,0.6091268801464061,0.6091268801464061
2024-09-14 14:00:00,0.9412466233566706,0.9412466233566706
2024-09-14 15:00:00,1.044307276584541,1.044307276584541
2024-09-14 16:00:00,1.6634497300270135,1.6634497300270135
2024-09-14 17:00:00,1.2575699475591677,1.2575699475591677
2024-09-14 18:00:00,1.6702124698441958,1.6702124698441958
2024-09-14 19:00:00,1.5861605283544389,1.5861605283544389
2024-09-14 20:00:00,1.9069771258674704,1.9069771258674704
2024-09-14 21:00:00,1.7730706647332426,1.7730706647332426
2024-09-14 22:00:00,0.0,0.0
2024-09-14 23:00:00,0.0,0.0
2024-09-15 00:00:00,0.0,0.0
2024-09-15 01:00:00,0.0,0.0
2024-09-15 02:00:00,0.0,0.0
2024-09-15 03:00:00,0.0,0.0
2024-09-15 04:00:00,0.0,0.0
2024-09-15 05:00:00,0.0,0.0
2024-09-15 06:00:00,0.0,0.0
2024-09-15 07:00:00,0.0,0.0
2024-09-15 08:00:00,0.0,0.0
2024-09-15 09:00:00,0.0,0.0
2024-09-15 10:00:00,0.05940354872060301,0.05940354872060301
2024-09-15 11:00:00,0.18754789954927872,0.18754789954927872
2024-09-15 12:00:00,0.4153825596055016,0.4153825596055016
2024-09-15 13:00:00,0.7367876419236936,0.7367876419236936
2024-09-15 14:00:00,1.1230103092355754,1.1230103092355754
2024-09-15 15:00:00,1.3652686167851806,1.3652686167851806
2024-09-15 16:00:00,1.7487291781895646,1.7487291781895646
2024-09-15 17:00:00,1.5303872393138294,1.5303872393138294
2024-09-15 18:00:00,1.637177440631402,1.637177440631402
2024-09-15 19:00:00,1.6613759507315795,1.6613759507315795
2024-09-15 20:00:00,1.7140637722838452,1.7140637722838452
2024-09-15 21:00:00,1.8235213333891083,1.8235213333891083
2024-09-15 22:00:00,0.0,0.0
2024-09-15 23:00:00,0.0,0.0
2024-09-16 00:00:00,0.0,0.0
2024-09-16 01:00:00,0.0,0.0
2024-09-16 02:00:00,0.0,0.0
2024-09-16 03:00:00,0.0,0.0
2024-09-16 04:00:00,0.0,0.0
2024-09-16 05:00:00,0.0,0.0
2024-09-16 06:00:00,0.0,0.0
2024-09-16 07:00:00,0.0,0.0
2024-09-16 08:00:00,0.0,0.0
2024-09-16 09:00:00,0.0,0.0
2024-09-16 10:00:00,0.09293369028677942,0.09293369028677942
2024-09-16 11:00:00,0.3287164504499911,0.3287164504499911
2024-09-16 12:00:00,0.601991678973568,0.601991678973568
2024-09-16 13:00:00,0.9026141856614771,0.9026141856614771
2024-09-16 14:00:00,1.4546691252942503,1.4546691252942503
2024-09-16 15:00:00,1.7932175281232803,1.7932175281232803
2024-09-16 16:00:00,2.571789485970002,2.571789485970002
2024-09-16 17:00:00,2.536170399791782,2.536170399791782
2024-09-16 18:00:00,2.5367889010851092,2.5367889010851092
2024-09-16 19:00:00,2.5844098042538066,2.5844098042538066
2024-09-16 20:00:00,2.312891583386974,2.312891583386974
2024-09-16 21:00:00,2.7821126531020006,2.7821126531020006
2024-09-16 22:00:00,0.0,0.0
2024-09-16 23:00:00,0.0,0.0
2024-09-17 00:00:00,0.0,0.0
2024-09-17 01:00:00,0.0,0.0
2024-09-17 02:00:00,0.0,0.0
2024-09-17 03:00:00,0.0,0.0
2024-09-17 04:00:00,0.0,0.0
2024-09-17 05:00:00,0.0,0.0
2024-09-17 06:00:00,0.0,0.0
2024-09-17 07:00:00,0.0,0.0
2024-09-17 08:00:00,0.0,0.0
2024-09-17 09:00:00,0.0,0.0
2024-09-17 10:00:00,0.07416263877615419,0.07416263877615419
2024-09-17 11:00:00,0.36161906560325857,0.36161906560325857
2024-09-17 12:00:00,0.6498127034412975,0.6498127034412975
2024-09-17 13:00:00,0.9612968965818482,0.9612968965818482
2024-09-17 14:00:00,1.5786304665793525,1.5786304665793525
2024-09-17 15:00:00,1.901941773525453,1.901941773525453
2024-09-17 16:00:00,2.2650222303974785,2.2650222303974785
2024-09-17 17:00:00,2.4826888140699657,2.4826888140699657
2024-09-17 18:00:00,2.266593915032093,2.266593915032093
2024-09-17 19:00:00,2.46803458378278,2.46803458378278
2024-09-17 20:00:00,2.657631260742806,2.657631260742806
2024-09-17 21:00:00,2.6006948243959727,2.6006948243959727
2024-09-17 22:00:00,0.0,0.0
2024-09-17 23:00:00,0.0,0.0
2024-09-18 00:00:00,0.0,0.0
2024-09-18 01:00:00,0.0,0.0
2024-09-18 02:00:00,0.0,0.0
2024-09-18 03:00:00,0.0,0.0
2024-09-18 04:00:00,0.0,0.0
2024-09-18 05:00:00,0.0,0.0
2024-09-18 06:00:00,0.0,0.0
2024-09-18 07:00:00,0.0,0.0
2024-09-18 08:00:00,0.0,0.0
2024-09-18 09:00:00,0.0,0.0
2024-09-18 10:00:00,0.066429230127564,0.066429230127564
2024-09-18 11:00:00,0.32566990947591856,0.32566990947591856
2024-09-18 12:00:00,0.6275690704585897,0.6275690704585897
2024-09-18 13:00:00,1.0023866823574688,1.0023866823574688
2024-09-18 14:00:00,1.3030389249080006,1.3030389249080006
2024-09-18 15:00:00,1.882127965288322,1.882127965288322
2024-09-18 16:00:00,2.3381625740083862,2.3381625740083862
2024-09-18 17:00:00,1.9817123253376256,1.9817123253376256
2024-09-18 18:00:00,2.636359110888892,2.636359110888892
2024-09-18 19:00:00,2.4243084427349326,2.4243084427349326
2024-09-18 20:00:00,2.347193404519055,2.347193404519055
2024-09-18 21:00:00,2.4501880725197154,2.4501880725197154
2024-09-18 22:00:00,0.0,0.0
2024-09-18 23:00:00,0.0,0.0
2024-09-19 00:00:00,0.0,0.0
2024-09-19 01:00:00,0.0,0.0
2024-09-19 02:00:00,0.0,0.0
2024-09-19 03:00:00,0.0,0.0
2024-09-19 04:00:00,0.0,0.0
2024-09-19 05:00:00,0.0,0.0
2024-09-19 06:00:00,0.0,0.0
2024-09-19 07:00:00,0.0,0.0
2024-09-19 08:00:00,0.0,0.0
2024-09-19 09:00:00,0.0,0.0
2024-09-19 10:00:00,0.08130433238581421,0.08130433238581421
2024-09-19 11:00:00,0.3619279390460981,0.3619279390460981
2024-09-19 12:00:00,0.5616552013362125,0.5616552013362125
2024-09-19 13:00:00,1.0840538934507231,1.0840538934507231
2024-09-19 14:00:00,1.7347139050108762,1.7347139050108762
2024-09-19 15:00:00,1.9150434864038812,1.9150434864038812
2024-09-19 16:00:00,2.5673361737718947,2.5673361737718947
2024-09-19 17:00:00,2.1906346119160527,2.1906346119160527
2024-09-19 18:00:00,2.9210071909110864,2.9210071909110864
2024-09-19 19:00:00,2.4911392817752147,2.4911392817752147
2024-09-19 20:00:00,2.6044335740804314,2.6044335740804314
2024-09-19 21:00:00,2.6445245186564614,2.6445245186564614
2024-09-19 22:00:00,0.0,0.0
2024-09-19 23:00:00,0.0,0.0
2024-09-20 00:00:00,0.0,0.0
2024-09-20 01:00:00,0.0,0.0
2024-09-20 02:00:00,0.0,0.0
2024-09-20 03:00:00,0.0,0.0
2024-09-20 04:00:00,0.0,0.0
2024-09-20 05:00:00,0.0,0.0
2024-09-20 06:00:00,0.0,0.0
2024-09-20 07:00:00,0.0,0.0
2024-09-20 08:00:00,0.0,0.0
2024-09-20 09:00:00,0.0,0.0
2024-09-20 10:00:00,0.07859615231316208,0.07859615231316208
2024-09-20 11:00:00,0.32264193851126866,0.32264193851126866
2024-09-20 12:00:00,0.6493223753556299,0.6493223753556299
2024-09-20 13:00:00,1.0070800079131952,1.0070800079131952
2024-09-20 14:00:00,1.779242364986664,1.779242364986664
2024-09-20 15:00:00,1.811642601793042,1.811642601793042
2024-09-20 16:00:00,2.240035036440056,2.240035036440056
2024-09-20 17:00:00,2.6175446974726486,2.6175446974726486
2024-09-20 18:00:00,2.4195564359783215,2.4195564359783215
2024-09-20 19:00:00,2.6793928496495805,2.6793928496495805
2024-09-20 20:00:00,2.6083037237659292,2.6083037237659292
2024-09-20 21:00:00,2.389969916749536,2.389969916749536
2024-09-20 22:00:00,0.0,0.0
2024-09-20 23:00:00,0.0,0.0
2024-09-21 00:00:00,0.0,0.0
2024-09-21 01:00:00,0.0,0.0
2024-09-21 02:00:00,0.0,0.0
2024-09-21 03:00:00,0.0,0.0
2024-09-21 04:00:00,0.0,0.0
2024-09-21 05:00:00,0.0,0.0
2024-09-21 06:00:00,0.0,0.0
2024-09-21 07:00:00,0.0,0.0
2024-09-21 08:00:00,0.0,0.0
2024-09-21 09:00:00,0.0,0.0
2024-09-21 10:00:00,0.05345940983112564,0.05345940983112564
2024-09-21 11:00:00,0.21748131790105135,0.21748131790105135
2024-09-21 12:00:00,0.3599829422588556,0.3599829422588556
2024-09-21 13:00:00,0.6433353528597833,0.6433353528597833
2024-09-21 14:00:00,0.8657220867566151,0.8657220867566151
2024-09-21 15:00:00,1.2838683907595603,1.2838683907595603
2024-09-21 16:00:00,1.5724756462166363,1.5724756462166363
2024-09-21 17:00:00,1.4687437016023495,1.4687437016023495
2024-09-21 18:00:00,1.6794412519110957,1.6794412519110957
2024-09-21 19:00:00,1.7445864684836605,1.7445864684836605
2024-09-21 20:00:00,1.7052548256244517,1.7052548256244517
2024-09-21 21:00:00,1.447707312616503,1.447707312616503
2024-09-21 22:00:00,0.0,0.0
2024-09-21 23:00:00,0.0,0.0
2024-09-22 00:00:00,0.0,0.0
2024-09-22 01:00:00,0.0,0.0
2024-09-22 02:00:00,0.0,0.0
2024-09-22 03:00:00,0.0,0.0
2024-09-22 04:00:00,0.0,0.0
2024-09-22 05:00:00,0.0,0.0
2024-09-22 06:00:00,0.0,0.0
2024-09-22 07:00:00,0.0,0.0
2024-09-22 08:00:00,0.0,0.0
2024-09-22 09:00:00,0.0,0.0
2024-09-22 10:00:00,0.06382356371000188,0.06382356371000188
2024-09-22 11:00:00,0.2515028436049267,0.2515028436049267
2024-09-22 12:00:00,0.48731416558043544,0.48731416558043544
2024-09-22 13:00:00,0.6586808661226932,0.6586808661226932
2024-09-22 14:00:00,1.1652401600749676,1.1652401600749676
2024-09-22 15:00:00,1.3416478661446727,1.3416478661446727
2024-09-22 16:00:00,1.8306265367588233,1.8306265367588233
2024-09-22 17:00:00,1.4593429918710552,1.4593429918710552
2024-09-22 18:00:00,1.5967177551828318,1.5967177551828318
2024-09-22 19:00:00,1.9282131644790796,1.9282131644790796
2024-09-22 20:00:00,1.8277225143299267,1.8277225143299267
2024-09-22 21:00:00,1.8045318966103427,1.8045318966103427
2024-09-22 22:00:00,0.0,0.0
2024-09-22 23:00:00,0.0,0.0
2024-09-23 00:00:00,0.0,0.0
2024-09-23 01:00:00,0.0,0.0
2024-09-23 02:00:00,0.0,0.0
2024-09-23 03:00:00,0.0,0.0
2024-09-23 04:00:00,0.0,0.0
2024-09-23 05:00:00,0.0,0.0
2024-09-23 06:00:00,0.0,0.0
2024-09-23 07:00:00,0.0,0.0
2024-09-23 08:00:00,0.0,0.0
2024-09-23 09:00:00,0.0,0.0
2024-09-23 10:00:00,0.06145389283737246,0.06145389283737246
2024-09-23 11:00:00,0.29515520213407037,0.29515520213407037
2024-09-23 12:00:00,0.4628116256513356,0.4628116256513356
2024-09-23 13:00:00,0.8907010915315926,0.8907010915315926
2024-09-23 14:00:00,1.2579550192493785,1.2579550192493785
2024-09-23 15:00:00,1.628470099019939,1.628470099019939
2024-09-23 16:00:00,2.1528287731568585,2.1528287731568585
2024-09-23 17:00:00,1.8812217232212587,1.8812217232212587
2024-09-23 18:00:00,2.449684626575518,2.449684626575518
2024-09-23 19:00:00,2.6537313369365942,2.6537313369365942
2024-09-23 20:00:00,2.5056001241381516,2.5056001241381516
2024-09-23 21:00:00,2.322164826576486,2.322164826576486
2024-09-23 22:00:00,0.0,0.0
2024-09-23 23:00:00,0.0,0.0
2024-09-24 00:00:00,0.0,0.0
2024-09-24 01:00:00,0.0,0.0
2024-09-24 02:00:00,0.0,0.0
2024-09-24 03:00:00,0.0,0.0
2024-09-24 04:00:00,0.0,0.0
2024-09-24 05:00:00,0.0,0.0
2024-09-24 06:00:00,0.0,0.0
2024-09-24 07:00:00,0.0,0.0
2024-09-24 08:00:00,0.0,0.0
2024-09-24 09:00:00,0.0,0.0
2024-09-24 10:00:00,0.08057185159995636,0.08057185159995636
2024-09-24 11:00:00,0.2560034888336622,0.2560034888336622
2024-09-24 12:00:00,0.53598169028888,0.53598169028888
2024-09-24 13:00:00,0.8957960580739706,0.8957960580739706
2024-09-24 14:00:00,1.5777002280628407,1.5777002280628407
2024-09-24 15:00:00,1.520954184168212,1.520954184168212
2024-09-24 16:00:00,2.047282414560644,2.047282414560644
2024-09-24 17:00:00,2.1654816794171277,2.1654816794171277
2024-09-24 18:00:00,2.490240793754983,2.490240793754983
2024-09-24 19:00:00,2.513238166886967,2.513238166886967
2024-09-24 20:00:00,2.510242221038207,2.510242221038207
2024-09-24 21:00:00,2.208772677517325,2.208772677517325
2024-09-24 22:00:00,0.0,0.0
2024-09-24 23:00:00,0.0,0.0
2024-09-25 00:00:00,0.0,0.0
2024-09-25 01:00:00,0.0,0.0
2024-09-25 02:00:00,0.0,0.0
2024-09-25 03:00:00,0.0,0.0
2024-09-25 04:00:00,0.0,0.0
2024-09-25 05:00:00,0.0,0.0
2024-09-25 06:00:00,0.0,0.0
2024-09-25 07:00:00,0.0,0.0
2024-09-25 08:00:00,0.0,0.0
2024-09-25 09:00:00,0.0,0.0
2024-09-25 10:00:00,0.07914302657542958,0.07914302657542958
2024-09-25 11:00:00,0.3397271892794702,0.3397271892794702
2024-09-25 12:00:00,0.5164018701221239,0.5164018701221239
2024-09-25 13:00:00,0.8606702924296266,0.8606702924296266
2024-09-25 14:00:00,1.3306493661967025,1.3306493661967025
2024-09-25 15:00:00,1.6074848261599026,1.6074848261599026
2024-09-25 16:00:00,2.6134278114841076,2.6134278114841076
2024-09-25 17:00:00,2.3213891903398927,2.3213891903398927
2024-09-25 18:00:00,2.5586475648327345,2.5586475648327345
2024-09-25 19:00:00,2.486568917012857,2.486568917012857
2024-09-25 20:00:00,2.2946518804858917,2.2946518804858917
2024-09-25 21:00:00,2.1359228334302154,2.1359228334302154
2024-09-25 22:00:00,0.0,0.0
2024-09-25 23:00:00,0.0,0.0
2024-09-26 00:00:00,0.0,0.0
2024-09-26 01:00:00,0.0,0.0
2024-09-26 02:00:00,0.0,0.0
2024-09-26 03:00:00,0.0,0.0
2024-09-26 04:00:00,0.0,0.0
2024-09-26 05:00:00,0.0,0.0
2024-09-26 06:00:00,0.0,0.0
2024-09-26 07:00:00,0.0,0.0
2024-09-26 08:00:00,0.0,0.0
2024-09-26 09:00:00,0.0,0.0
2024-09-26 10:00:00,0.07218297415676476,0.07218297415676476
2024-09-26 11:00:00,0.24559074060605282,0.24559074060605282
2024-09-26 12:00:00,0.5459964122903663,0.5459964122903663
2024-09-26 13:00:00,0.9115856817647684,0.9115856817647684
2024-09-26 14:00:00,1.3989717581569048,1.3989717581569048
2024-09-26 15:00:00,1.3230083344362769,1.3230083344362769
2024-09-26 16:00:00,2.1058462880792588,2.1058462880792588
2024-09-26 17:00:00,2.0896109092868964,2.0896109092868964
2024-09-26 18:00:00,2.2716723089940567,2.2716723089940567
2024-09-26 19:00:00,2.7013475403158815,2.7013475403158815
2024-09-26 20:00:00,2.5336876003430606,2.5336876003430606
2024-09-26 21:00:00,1.9561751225913253,1.9561751225913253
2024-09-26 22:00:00,0.0,0.0
2024-09-26 23:00:00,0.0,0.0
2024-09-27 00:00:00,0.0,0.0
2024-09-27 01:00:00,0.0,0.0
2024-09-27 02:00:00,0.0,0.0
2024-09-27 03:00:00,0.0,0.0
2024-09-27 04:00:00,0.0,0.0
2024-09-27 05:00:00,0.0,0.0
2024-09-27 06:00:00,0.0,0.0
2024-09-27 07:00:00,0.0,0.0
2024-09-27 08:00:00,0.0,0.0
2024-09-27 09:00:00,0.0,0.0
2024-09-27 10:00:00,0.08123558369134032,0.08123558369134032
2024-09-27 11:00:00,0.29861619473400797,0.29861619473400797
2024-09-27 12:00:00,0.5540055662403307,0.5540055662403307
2024-09-27 13:00:00,0.9854079874080356,0.9854079874080356
2024-09-27 14:00:00,1.7615624581579639,1.7615624581579639
2024-09-27 15:00:00,1.539377055761814,1.539377055761814
2024-09-27 16:00:00,2.392388665576389,2.392388665576389
2024-09-27 17:00:00,2.046320319126447,2.046320319126447
2024-09-27 18:00:00,2.564839145329539,2.564839145329539
2024-09-27 19:00:00,2.8134838878429917,2.8134838878429917
2024-09-27 20:00:00,2.3721801726134166,2.3721801726134166
2024-09-27 21:00:00,2.7201701488212366,2.7201701488212366
2024-09-27 22:00:00,0.0,0.0
2024-09-27 23:00:00,0.0,0.0
2024-09-28 00:00:00,0.0,0.0
2024-09-28 01:00:00,0.0,0.0
2024-09-28 02:00:00,0.0,0.0
2024-09-28 03:00:00,0.0,0.0
2024-09-28 04:00:00,0.0,0.0
2024-09-28 05:00:00,0.0,0.0
2024-09-28 06:00:00,0.0,0.0
2024-09-28 07:00:00,0.0,0.0
2024-09-28 08:00:00,0.0,0.0
2024-09-28 09:00:00,0.0,0.0
2024-09-28 10:00:00,0.05744221139212718,0.05744221139212718
2024-09-28 11:00:00,0.24213946802661257,0.24213946802661257
2024-09-28 12:00:00,0.4260624506494832,0.4260624506494832
2024-09-28 13:00:00,0.7509928050206214,0.7509928050206214
2024-09-28 14:00:00,1.0516335778950907,1.0516335778950907
2024-09-28 15:00:00,1.2458317661988958,1.2458317661988958
2024-09-28 16:00:00,1.8405920684705255,1.8405920684705255
2024-09-28 17:00:00,1.3616095686272047,1.3616095686272047
2024-09-28 18:00:00,2.0696746420392045,2.0696746420392045
2024-09-28 19:00:00,1.774718731182992,1.774718731182992
2024-09-28 20:00:00,1.9928350361367535,1.9928350361367535
2024-09-28 21:00:00,1.4838089746566965,1.4838089746566965
2024-09-28 22:00:00,0.0,0.0
2024-09-28 23:00:00,0.0,0.0
2024-09-29 00:00:00,0.0,0.0
2024-09-29 01:00:00,0.0,0.0
2024-09-29 02:00:00,0.0,0.0
2024-09-29 03:00:00,0.0,0.0
2024-09-29 04:00:00,0.0,0.0
2024-09-29 05:00:00,0.0,0.0
2024-09-29 06:00:00,0.0,0.0
2024-09-29 07:00:00,0.0,0.0
2024-09-29 08:00:00,0.0,0.0
2024-09-29 09:00:00,0.0,0.0
2024-09-29 10:00:00,0.04812507813952864,0.04812507813952864
2024-09-29 11:00:00,0.21424384674603686,0.21424384674603686
2024-09-29 12:00:00,0.37563524977860857,0.37563524977860857
2024-09-29 13:00:00,0.5472501519197269,0.5472501519197269
2024-09-29 14:00:00,1.0145416206712876,1.0145416206712876
2024-09-29 15:00:00,1.1583546784089087,1.1583546784089087
2024-09-29 16:00:00,1.4412245130643733,1.4412245130643733
2024-09-29 17:00:00,1.2388213360092744,1.2388213360092744
2024-09-29 18:00:00,1.8238541931860288,1.8238541931860288
2024-09-29 19:00:00,1.5883368601804433,1.5883368601804433
2024-09-29 20:00:00,1.7181183716938013,1.7181183716938013
2024-09-29 21:00:00,1.4163856757756614,1.4163856757756614
2024-09-29 22:00:00,0.0,0.0
2024-09-29 23:00:00,0.0,0.0
2024-09-30 00:00:00,0.0,0.0
2024-09-30 01:00:00,0.0,0.0
2024-09-30 02:00:00,0.0,0.0
2024-09-30 03:00:00,0.0,0.0
2024-09-30 04:00:00,0.0,0.0
2024-09-30 05:00:00,0.0,0.0
2024-09-30 06:00:00,0.0,0.0
2024-09-30 07:00:00,0.0,0.0
2024-09-30 08:00:00,0.0,0.0
2024-09-30 09:00:00,0.0,0.0
2024-09-30 10:00:00,0.09325988750874542,0.09325988750874542
2024-09-30 11:00:00,0.3630834346615166,0.3630834346615166
2024-09-30 12:00:00,0.7091922232150152,0.7091922232150152
2024-09-30 13:00:00,0.9942567722372321,0.9942567722372321
2024-09-30 14:00:00,1.5370889923418265,1.5370889923418265
2024-09-30 15:00:00,1.8960882208975836,1.8960882208975836
2024-09-30 16:00:00,2.5802962519012835,2.5802962519012835
2024-09-30 17:00:00,2.006552384739313,2.006552384739313
2024-09-30 18:00:00,2.448269903468376,2.448269903468376
2024-09-30 19:00:00,2.685142795208561,2.685142795208561
2024-09-30 20:00:00,2.420653187844371,2.420653187844371
2024-09-30 21:00:00,2.291481004753152,2.291481004753152
2024-09-30 22:00:00,0.0,0.0
2024-09-30 23:00:00,0.0,0.0
2024-10-01 00:00:00,0.0,0.0
2024-10-01 01:00:00,0.0,0.0
2024-10-01 02:00:00,0.0,0.0
2024-10-01 03:00:00,0.0,0.0
2024-10-01 04:00:00,0.0,0.0
2024-10-01 05:00:00,0.0,0.0
2024-10-01 06:00:00,0.0,0.0
2024-10-01 07:00:00,0.0,0.0
2024-10-01 08:00:00,0.0,0.0
2024-10-01 09:00:00,0.0,0.0
2024-10-01 10:00:00,0.0853468101666358,0.0853468101666358
2024-10-01 11:00:00,0.32781600794078836,0.32781600794078836
2024-10-01 12:00:00,0.5640239266389631,0.5640239266389631
2024-10-01 13:00:00,1.0726771246154267,1.0726771246154267
2024-10-01 14:00:00,1.5968645754686275,1.5968645754686275
2024-10-01 15:00:00,1.7669476333306258,1.7669476333306258
2024-10-01 16:00:00,2.2579747712994784,2.2579747712994784
2024-10-01 17:00:00,2.091637363265886,2.091637363265886
2024-10-01 18:00:00,2.7501582792315133,2.7501582792315133
2024-10-01 19:00:00,2.3650433856251265,2.3650433856251265
2024-10-01 20:00:00,2.8832285420893613,2.8832285420893613
2024-10-01 21:00:00,2.269181730023623,2.269181730023623
2024-10-01 22:00:00,0.0,0.0
2024-10-01 23:00:00,0.0,0.0
2024-10-02 00:00:00,0.0,0.0
2024-10-02 01:00:00,0.0,0.0
2024-10-02 02:00:00,0.0,0.0
2024-10-02 03:00:00,0.0,0.0
2024-10-02 04:00:00,0.0,0.0
2024-10-02 05:00:00,0.0,0.0
2024-10-02 06:00:00,0.0,0.0
2024-10-02 07:00:00,0.0,0.0
2024-10-02 08:00:00,0.0,0.0
2024-10-02 09:00:00,0.0,0.0
2024-10-02 10:00:00,0.07754049880651584,0.07754049880651584
2024-10-02 11:00:00,0.25457005806502453,0.25457005806502453
2024-10-02 12:00:00,0.5048438577430858,0.5048438577430858
2024-10-02 13:00:00,0.8209648024766296,0.8209648024766296
2024-10-02 14:00:00,1.3975678020869866,1.3975678020869866
2024-10-02 15:00:00,1.6400785676995948,1.6400785676995948
2024-10-02 16:00:00,2.064624316220114,2.064624316220114
2024-10-02 17:00:00,1.9427866972443935,1.9427866972443935
2024-10-02 18:00:00,2.1883391229991993,2.1883391229991993
2024-10-02 19:00:00,2.27707069403987,2.27707069403987
2024-10-02 20:00:00,2.3358900203725335,2.3358900203725335
2024-10-02 21:00:00,2.0403275509505607,2.0403275509505607
2024-10-02 22:00:00,0.0,0.0
2024-10-02 23:00:00,0.0,0.0
2024-10-03 00:00:00,0.0,0.0
2024-10-03 01:00:00,0.0,0.0
2024-10-03 02:00:00,0.0,0.0
2024-10-03 03:00:00,0.0,0.0
2024-10-03 04:00:00,0.0,0.0
2024-10-03 05:00:00,0.0,0.0
2024-10-03 06:00:00,0.0,0.0
2024-10-03 07:00:00,0.0,0.0
2024-10-03 08:00:00,0.0,0.0
2024-10-03 09:00:00,0.0,0.0
2024-10-03 10:00:00,0.07023252745214043,0.07023252745214043
2024-10-03 11:00:00,0.2809426981002154,0.2809426981002154
2024-10-03 12:00:00,0.638346737802086,0.638346737802086
2024-10-03 13:00:00,1.024671975963768,1.024671975963768
2024-10-03 14:00:00,1.3347401364090323,1.3347401364090323
2024-10-03 15:00:00,1.786515492195499,1.786515492195499
2024-10-03 16:00:00,2.1669643818994175,2.1669643818994175
2024-10-03 17:00:00,2.051371576727262,2.051371576727262
2024-10-03 18:00:00,2.3467828481597026,2.3467828481597026
2024-10-03 19:00:00,2.557508809497599,2.557508809497599
2024-10-03 20:00:00,2.5894764357752607,2.5894764357752607
2024-10-03 21:00:00,2.6616934054177475,2.6616934054177475
2024-10-03 22:00:00,0.0,0.0
2024-10-03 23:00:00,0.0,0.0
2024-10-04 00:00:00,0.0,0.0
2024-10-04 01:00:00,0.0,0.0
2024-10-04 02:00:00,0.0,0.0
2024-10-04 03:00:00,0.0,0.0
2024-10-04 04:00:00,0.0,0.0
2024-10-04 05:00:00,0.0,0.0
2024-10-04 06:00:00,0.0,0.0
2024-10-04 07:00:00,0.0,0.0
2024-10-04 08:00:00,0.0,0.0
2024-10-04 09:00:00,0.0,0.0
2024-10-04 10:00:00,0.08931728793028244,0.08931728793028244
2024-10-04 11:00:00,0.3308941394444081,0.3308941394444081
2024-10-04 12:00:00,0.5954025206801262,0.5954025206801262
2024-10-04 13:00:00,0.8951738926377045,0.8951738926377045
2024-10-04 14:00:00,1.4093917791418835,1.4093917791418835
2024-10-04 15:00:00,1.8793957201361497,1.8793957201361497
2024-10-04 16:00:00,2.3831349440901266,2.3831349440901266
2024-10-04 17:00:00,2.1670672518046934,2.1670672518046934
2024-10-04 18:00:00,2.7544334610588606,2.7544334610588606
2024-10-04 19:00:00,2.88234043385057,2.88234043385057
2024-10-04 20:00:00,2.6151748772395056,2.6151748772395056
2024-10-04 21:00:00,2.721141260155212,2.721141260155212
2024-10-04 22:00:00,0.0,0.0
2024-10-04 23:00:00,0.0,0.0
2024-10-05 00:00:00,0.0,0.0
2024-10-05 01:00:00,0.0,0.0
2024-10-05 02:00:00,0.0,0.0
2024-10-05 03:00:00,0.0,0.0
2024-10-05 04:00:00,0.0,0.0
2024-10-05 05:00:00,0.0,0.0
2024-10-05 06:00:00,0.0,0.0
2024-10-05 07:00:00,0.0,0.0
2024-10-05 08:00:00,0.0,0.0
2024-10-05 09:00:00,0.0,0.0
2024-10-05 10:00:00,0.05100431323347492,0.05100431323347492
2024-10-05 11:00:00,0.19726679828504054,0.19726679828504054
2024-10-05 12:00:00,0.34403436480127014,0.34403436480127014
2024-10-05 13:00:00,0.5231367976110588,0.5231367976110588
2024-10-05 14:00:00,1.0879797210911997,1.0879797210911997
2024-10-05 15:00:00,1.196168964045644,1.196168964045644
2024-10-05 16:00:00,1.415594459035305,1.415594459035305
2024-10-05 17:00:00,1.5166447788945798,1.5166447788945798
2024-10-05 18:00:00,1.4823290542345702,1.4823290542345702
2024-10-05 19:00:00,1.8047125698702928,1.8047125698702928
2024-10-05 20:00:00,1.7035977247567797,1.7035977247567797
2024-10-05 21:00:00,1.3831300934796924,1.3831300934796924
2024-10-05 22:00:00,0.0,0.0
2024-10-05 23:00:00,0.0,0.0
2024-10-06 00:00:00,0.0,0.0
2024-10-06 01:00:00,0.0,0.0
2024-10-06 02:00:00,0.0,0.0
2024-10-06 03:00:00,0.0,0.0
2024-10-06 04:00:00,0.0,0.0
2024-10-06 05:00:00,0.0,0.0
2024-10-06 06:00:00,0.0,0.0
2024-10-06 07:00:00,0.0,0.0
2024-10-06 08:00:00,0.0,0.0
2024-10-06 09:00:00,0.0,0.0
2024-10-06 10:00:00,0.05437049804359909,0.05437049804359909
2024-10-06 11:00:00,0.2206956284380337,0.2206956284380337
2024-10-06 12:00:00,0.44846808742563593,0.44846808742563593
2024-10-06 13:00:00,0.641418678034466,0.641418678034466
2024-10-06 14:00:00,0.9413964722015709,0.9413964722015709
2024-10-06 15:00:00,1.3266877423415788,1.3266877423415788
2024-10-06 16:00:00,1.8256101120488013,1.8256101120488013
2024-10-06 17:00:00,1.4969285385795559,1.4969285385795559
2024-10-06 18:00:00,1.563877504705963,1.563877504705963
2024-10-06 19:00:00,2.029529930524029,2.029529930524029
2024-10-06 20:00:00,1.8173620957741907,1.8173620957741907
2024-10-06 21:00:00,1.7557846622520774,1.7557846622520774
2024-10-06 22:00:00,0.0,0.0
2024-10-06 23:00:00,0.0,0.0
2024-10-07 00:00:00,0.0,0.0
2024-10-07 01:00:00,0.0,0.0
2024-10-07 02:00:00,0.0,0.0
2024-10-07 03:00:00,0.0,0.0
2024-10-07 04:00:00,0.0,0.0
2024-10-07 05:00:00,0.0,0.0
2024-10-07 06:00:00,0.0,0.0
2024-10-07 07:00:00,0.0,0.0
2024-10-07 08:00:00,0.0,0.0
2024-10-07 09:00:00,0.0,0.0
2024-10-07 10:00:00,0.06761224870724758,0.06761224870724758
2024-10-07 11:00:00,0.2780366396109048,0.2780366396109048
2024-10-07 12:00:00,0.46014088230393757,0.46014088230393757
2024-10-07 13:00:00,0.9055106328389558,0.9055106328389558
2024-10-07 14:00:00,1.2252406980734043,1.2252406980734043
2024-10-07 15:00:00,1.631809419550211,1.631809419550211
2024-10-07 16:00:00,2.0117753803872733,2.0117753803872733
2024-10-07 17:00:00,1.944354864543067,1.944354864543067
2024-10-07 18:00:00,2.1734836479490327,2.1734836479490327
2024-10-07 19:00:00,2.633863584314655,2.633863584314655
2024-10-07 20:00:00,1.9214257881540708,1.9214257881540708
2024-10-07 21:00:00,1.8921947085252915,1.8921947085252915
2024-10-07 22:00:00,0.0,0.0
2024-10-07 23:00:00,0.0,0.0
2024-10-08 00:00:00,0.0,0.0
2024-10-08 01:00:00,0.0,0.0
2024-10-08 02:00:00,0.0,0.0
2024-10-08 03:00:00,0.0,0.0
2024-10-08 04:00:00,0.0,0.0
2024-10-08 05:00:00,0.0,0.0
2024-10-08 06:00:00,0.0,0.0
2024-10-08 07:00:00,0.0,0.0
2024-10-08 08:00:00,0.0,0.0
2024-10-08 09:00:00,0.0,0.0
2024-10-08 10:00:00,0.07085913833485959,0.07085913833485959
2024-10-08 11:00:00,0.27848547176403216,0.27848547176403216
2024-10-08 12:00:00,0.6029546826637158,0.6029546826637158
2024-10-08 13:00:00,0.8363106094318191,0.8363106094318191
2024-10-08 14:00:00,1.4330898537865422,1.4330898537865422
2024-10-08 15:00:00,1.8768947525955806,1.8768947525955806
2024-10-08 16:00:00,2.276628709565092,2.276628709565092
2024-10-08 17:00:00,1.8610043961965106,1.8610043961965106
2024-10-08 18:00:00,2.1484771788083554,2.1484771788083554
2024-10-08 19:00:00,2.306238498345328,2.306238498345328
2024-10-08 20:00:00,2.538442992522258,2.538442992522258
2024-10-08 21:00:00,2.2619081503349405,2.2619081503349405
2024-10-08 22:00:00,0.0,0.0
2024-10-08 23:00:00,0.0,0.0
2024-10-09 00:00:00,0.0,0.0
2024-10-09 01:00:00,0.0,0.0
2024-10-09 02:00:00,0.0,0.0
2024-10-09 03:00:00,0.0,0.0
2024-10-09 04:00:00,0.0,0.0
2024-10-09 05:00:00,0.0,0.0
2024-10-09 06:00:00,0.0,0.0
2024-10-09 07:00:00,0.0,0.0
2024-10-09 08:00:00,0.0,0.0
2024-10-09 09:00:00,0.0,0.0
2024-10-09 10:00:00,0.073695657306242,0.073695657306242
2024-10-09 11:00:00,0.28973833535388055,0.28973833535388055
2024-10-09 12:00:00,0.5818323297143062,0.5818323297143062
2024-10-09 13:00:00,0.8257104280515348,0.8257104280515348
2024-10-09 14:00:00,1.2781108833295685,1.2781108833295685
2024-10-09 15:00:00,1.7328886739976648,1.7328886739976648
2024-10-09 16:00:00,2.3472189295791526,2.3472189295791526
2024-10-09 17:00:00,2.1468487942723247,2.1468487942723247
2024-10-09 18:00:00,2.0739204226790666,2.0739204226790666
2024-10-09 19:00:00,2.3946344724671302,2.3946344724671302
2024-10-09 20:00:00,2.5277061936565772,2.5277061936565772
2024-10-09 21:00:00,2.114835530407657,2.114835530407657
2024-10-09 22:00:00,0.0,0.0
2024-10-09 23:00:00,0.0,0.0
2024-10-10 00:00:00,0.0,0.0
2024-10-10 01:00:00,0.0,0.0
2024-10-10 02:00:00,0.0,0.0
2024-10-10 03:00:00,0.0,0.0
2024-10-10 04:00:00,0.0,0.0
2024-10-10 05:00:00,0.0,0.0
2024-10-10 06:00:00,0.0,0.0
2024-10-10 07:00:00,0.0,0.0
2024-10-10 08:00:00,0.0,0.0
2024-10-10 09:00:00,0.0,0.0
2024-10-10 10:00:00,0.08268975461426574,0.08268975461426574
2024-10-10 11:00:00,0.285060302316167,0.285060302316167
2024-10-10 12:00:00,0.48427087987085626,0.48427087987085626
2024-10-10 13:00:00,0.7518638867294003,0.7518638867294003
2024-10-10 14:00:00,1.6124245672762065,1.6124245672762065
2024-10-10 15:00:00,1.5363024659003606,1.5363024659003606
2024-10-10 16:00:00,1.9226657260020972,1.9226657260020972
2024-10-10 17:00:00,1.9648012367136953,1.9648012367136953
2024-10-10 18:00:00,2.6802227046444447,2.6802227046444447
2024-10-10 19:00:00,2.3189473845301447,2.3189473845301447
2024-10-10 20:00:00,2.054216843244356,2.054216843244356
2024-10-10 21:00:00,2.1640055544139734,2.1640055544139734
2024-10-10 22:00:00,0.0,0.0
2024-10-10 23:00:00,0.0,0.0
2024-10-11 00:00:00,0.0,0.0
2024-10-11 01:00:00,0.0,0.0
2024-10-11 02:00:00,0.0,0.0
2024-10-11 03:00:00,0.0,0.0
2024-10-11 04:00:00,0.0,0.0
2024-10-11 05:00:00,0.0,0.0
2024-10-11 06:00:00,0.0,0.0
2024-10-11 07:00:00,0.0,0.0
2024-10-11 08:00:00,0.0,0.0
2024-10-11 09:00:00,0.0,0.0
2024-10-11 10:00:00,0.07694411412805548,0.07694411412805548
2024-10-11 11:00:00,0.32791903441673687,0.32791903441673687
2024-10-11 12:00:00,0.606335985004137,0.606335985004137
2024-10-11 13:00:00,0.8327549068701754,0.8327549068701754
2024-10-11 14:00:00,1.7121793814393333,1.7121793814393333
2024-10-11 15:00:00,1.7782737259236043,1.7782737259236043
2024-10-11 16:00:00,2.0843517296823904,2.0843517296823904
2024-10-11 17:00:00,2.4517692690256894,2.4517692690256894
2024-10-11 18:00:00,2.5284985715572246,2.5284985715572246
2024-10-11 19:00:00,2.9091405241097505,2.9091405241097505
2024-10-11 20:00:00,2.8712657336590737,2.8712657336590737
2024-10-11 21:00:00,2.4825727213474362,2.4825727213474362
2024-10-11 22:00:00,0.0,0.0
2024-10-11 23:00:00,0.0,0.0
2024-10-12 00:00:00,0.0,0.0
2024-10-12 01:00:00,0.0,0.0
2024-10-12 02:00:00,0.0,0.0
2024-10-12 03:00:00,0.0,0.0
2024-10-12 04:00:00,0.0,0.0
2024-10-12 05:00:00,0.0,0.0
2024-10-12 06:00:00,0.0,0.0
2024-10-12 07:00:00,0.0,0.0
2024-10-12 08:00:00,0.0,0.0
2024-10-12 09:00:00,0.0,0.0
2024-10-12 10:00:00,0.05163170910351618,0.05163170910351618
2024-10-12 11:00:00,0.22771495678343867,0.22771495678343867
2024-10-12 12:00:00,0.374346132216824,0.374346132216824
2024-10-12 13:00:00,0.6689440151875752,0.6689440151875752
2024-10-12 14:00:00,0.9848415536368735,0.9848415536368735
2024-10-12 15:00:00,1.3649151456977062,1.3649151456977062
2024-10-12 16:00:00,1.7902940279683421,1.7902940279683421
2024-10-12 17:00:00,1.6321983415725392,1.6321983415725392
2024-10-12 18:00:00,2.037964600096712,2.037964600096712
2024-10-12 19:00:00,1.7209901602313253,1.7209901602313253
2024-10-12 20:00:00,1.5952864434106184,1.5952864434106184
2024-10-12 21:00:00,1.9865928971341373,1.9865928971341373
2024-10-12 22:00:00,0.0,0.0
2024-10-12 23:00:00,0.0,0.0
2024-10-13 00:00:00,0.0,0.0
2024-10-13 01:00:00,0.0,0.0
2024-10-13 02:00:00,0.0,0.0
2024-10-13 03:00:00,0.0,0.0
2024-10-13 04:00:00,0.0,0.0
2024-10-13 05:00:00,0.0,0.0
2024-10-13 06:00:00,0.0,0.0
2024-10-13 07:00:00,0.0,0.0
2024-10-13 08:00:00,0.0,0.0
2024-10-13 09:00:00,0.0,0.0
2024-10-13 10:00:00,0.0552565094016947,0.0552565094016947
2024-10-13 11:00:00,0.1800114222531549,0.1800114222531549
2024-10-13 12:00:00,0.3771195147140105,0.3771195147140105
2024-10-13 13:00:00,0.6351902141244565,0.6351902141244565
2024-10-13 14:00:00,0.9850936872805351,0.9850936872805351
2024-10-13 15:00:00,1.1190066911370233,1.1190066911370233
2024-10-13 16:00:00,1.5647047867356865,1.5647047867356865
2024-10-13 17:00:00,1.5220492256250346,1.5220492256250346
2024-10-13 18:00:00,1.4153533311701951,1.4153533311701951
2024-10-13 19:00:00,1.6988893131422522,1.6988893131422522
2024-10-13 20:00:00,1.597586093071559,1.597586093071559
2024-10-13 21:00:00,1.5604786221701936,1.5604786221701936
2024-10-13 22:00:00,0.0,0.0
2024-10-13 23:00:00,0.0,0.0
2024-10-14 00:00:00,0.0,0.0
2024-10-14 01:00:00,0.0,0.0
2024-10-14 02:00:00,0.0,0.0
2024-10-14 03:00:00,0.0,0.0
2024-10-14 04:00:00,0.0,0.0
2024-10-14 05:00:00,0.0,0.0
2024-10-14 06:00:00,0.0,0.0
2024-10-14 07:00:00,0.0,0.0
2024-10-14 08:00:00,0.0,0.0
2024-10-14 09:00:00,0.0,0.0
2024-10-14 10:00:00,0.0853443863257701,0.0853443863257701
2024-10-14 11:00:00,0.3199809774526613,0.3199809774526613
2024-10-14 12:00:00,0.5912287650729867,0.5912287650729867
2024-10-14 13:00:00,0.9533422785446961,0.9533422785446961
2024-10-14 14:00:00,1.4754564721476828,1.4754564721476828
2024-10-14 15:00:00,2.0116390455906994,2.0116390455906994
2024-10-14 16:00:00,2.4328816865363994,2.4328816865363994
2024-10-14 17:00:00,2.0740820015740304,2.0740820015740304
2024-10-14 18:00:00,2.4546878985622915,2.4546878985622915
2024-10-14 19:00:00,2.5552916856059387,2.5552916856059387
2024-10-14 20:00:00,2.509535738329666,2.509535738329666
2024-10-14 21:00:00,2.3027921360483594,2.3027921360483594
2024-10-14 22:00:00,0.0,0.0
2024-10-14 23:00:00,0.0,0.0
2024-10-15 00:00:00,0.0,0.0
2024-10-15 01:00:00,0.0,0.0
2024-10-15 02:00:00,0.0,0.0
2024-10-15 03:00:00,0.0,0.0
2024-10-15 04:00:00,0.0,0.0
2024-10-15 05:00:00,0.0,0.0
2024-10-15 06:00:00,0.0,0.0
2024-10-15 07:00:00,0.0,0.0
2024-10-15 08:00:00,0.0,0.0
2024-10-15 09:00:00,0.0,0.0
2024-10-15 10:00:00,0.06895553740838321,0.06895553740838321
2024-10-15 11:00:00,0.3022429465975397,0.3022429465975397
2024-10-15 12:00:00,0.5426928710463181,0.5426928710463181
2024-10-15 13:00:00,1.0262445115315788,1.0262445115315788
2024-10-15 14:00:00,1.6176807514586713,1.6176807514586713
2024-10-15 15:00:00,1.9726691129606673,1.9726691129606673
2024-10-15 16:00:00,2.0571232838787283,2.0571232838787283
2024-10-15 17:00:00,1.9918890487717922,1.9918890487717922
2024-10-15 18:00:00,2.679343316214622,2.679343316214622
2024-10-15 19:00:00,2.7403135160083707,2.7403135160083707
2024-10-15 20:00:00,2.3142900720456083,2.3142900720456083
2024-10-15 21:00:00,2.7799568770464895,2.7799568770464895
2024-10-15 22:00:00,0.0,0.0
2024-10-15 23:00:00,0.0,0.0
2024-10-16 00:00:00,0.0,0.0
2024-10-16 01:00:00,0.0,0.0
2024-10-16 02:00:00,0.0,0.0
2024-10-16 03:00:00,0.0,0.0
2024-10-16 04:00:00,0.0,0.0
2024-10-16 05:00:00,0.0,0.0
2024-10-16 06:00:00,0.0,0.0
2024-10-16 07:00:00,0.0,0.0
2024-10-16 08:00:00,0.0,0.0
2024-10-16 09:00:00,0.0,0.0
2024-10-16 10:00:00,0.0795795119333796,0.0795795119333796
2024-10-16 11:00:00,0.290557091633711,0.290557091633711
2024-10-16 12:00:00,0.6890246206544888,0.6890246206544888
2024-10-16 13:00:00,0.9428939076426401,0.9428939076426401
2024-10-16 14:00:00,1.492387921197442,1.492387921197442
2024-10-16 15:00:00,1.5905582222589805,1.5905582222589805
2024-10-16 16:00:00,2.7340048008730786,2.7340048008730786
2024-10-16 17:00:00,2.5222990538894745,2.5222990538894745
2024-10-16 18:00:00,2.660912956129401,2.660912956129401
2024-10-16 19:00:00,3.0595308325553963,3.0595308325553963
2024-10-16 20:00:00,2.383300173550842,2.383300173550842
2024-10-16 21:00:00,2.3413732279167854,2.3413732279167854
2024-10-16 22:00:00,0.0,0.0
2024-10-16 23:00:00,0.0,0.0
2024-10-17 00:00:00,0.0,0.0
2024-10-17 01:00:00,0.0,0.0
2024-10-17 02:00:00,0.0,0.0
2024-10-17 03:00:00,0.0,0.0
2024-10-17 04:00:00,0.0,0.0
2024-10-17 05:00:00,0.0,0.0
2024-10-17 06:00:00,0.0,0.0
2024-10-17 07:00:00,0.0,0.0
2024-10-17 08:00:00,0.0,0.0
2024-10-17 09:00:00,0.0,0.0
2024-10-17 10:00:00,0.0632360432865755,0.0632360432865755
2024-10-17 11:00:00,0.28290070681218704,0.28290070681218704
2024-10-17 12:00:00,0.48323192700913487,0.48323192700913487
2024-10-17 13:00:00,0.9681783463449526,0.9681783463449526
2024-10-17 14:00:00,1.5093413505842022,1.5093413505842022
2024-10-17 15:00:00,1.6308752704736467,1.6308752704736467
2024-10-17 16:00:00,1.7826531325025696,1.7826531325025696
2024-10-17 17:00:00,1.756086542742991,1.756086542742991
2024-10-17 18:00:00,2.3406551181074136,2.3406551181074136
2024-10-17 19:00:00,2.3916259252310446,2.3916259252310446
2024-10-17 20:00:00,2.0979391142769392,2.0979391142769392
2024-10-17 21:00:00,1.9813756487463197,1.9813756487463197
2024-10-17 22:00:00,0.0,0.0
2024-10-17 23:00:00,0.0,0.0
2024-10-18 00:00:00,0.0,0.0
2024-10-18 01:00:00,0.0,0.0
2024-10-18 02:00:00,0.0,0.0
2024-10-18 03:00:00,0.0,0.0
2024-10-18 04:00:00,0.0,0.0
2024-10-18 05:00:00,0.0,0.0
2024-10-18 06:00:00,0.0,0.0
2024-10-18 07:00:00,0.0,0.0
2024-10-18 08:00:00,0.0,0.0
2024-10-18 09:00:00,0.0,0.0
2024-10-18 10:00:00,0.08240426356967157,0.08240426356967157
2024-10-18 11:00:00,0.29413938123866984,0.29413938123866984
2024-10-18 12:00:00,0.49860009531146243,0.49860009531146243
2024-10-18 13:00:00,0.8797978031904408,0.8797978031904408
2024-10-18 14:00:00,1.7069204829413633,1.7069204829413633
2024-10-18 15:00:00,1.6696744619014112,1.6696744619014112
2024-10-18 16:00:00,2.3704552307855673,2.3704552307855673
2024-10-18 17:00:00,2.4368948630560965,2.4368948630560965
2024-10-18 18:00:00,2.3200336241532953,2.3200336241532953
2024-10-18 19:00:00,2.806124266259055,2.806124266259055
2024-10-18 20:00:00,2.342289548505655,2.342289548505655
2024-10-18 21:00:00,2.2458940486721057,2.2458940486721057
2024-10-18 22:00:00,0.0,0.0
2024-10-18 23:00:00,0.0,0.0
2024-10-19 00:00:00,0.0,0.0
2024-10-19 01:00:00,0.0,0.0
2024-10-19 02:00:00,0.0,0.0
2024-10-19 03:00:00,0.0,0.0
2024-10-19 04:00:00,0.0,0.0
2024-10-19 05:00:00,0.0,0.0
2024-10-19 06:00:00,0.0,0.0
2024-10-19 07:00:00,0.0,0.0
2024-10-19 08:00:00,0.0,0.0
2024-10-19 09:00:00,0.0,0.0
2024-10-19 10:00:00,0.05586054373429229,0.05586054373429229
2024-10-19 11:00:00,0.2205518775750689,0.2205518775750689
2024-10-19 12:00:00,0.37977637535452496,0.37977637535452496
2024-10-19 13:00:00,0.7119451526796913,0.7119451526796913
2024-10-19 14:00:00,1.0773621207630277,1.0773621207630277
2024-10-19 15:00:00,1.208170195844306,1.208170195844306
2024-10-19 16:00:00,1.7399060540066793,1.7399060540066793
2024-10-19 17:00:00,1.6411911931406966,1.6411911931406966
2024-10-19 18:00:00,1.7107814969817938,1.7107814969817938
2024-10-19 19:00:00,2.132184596582925,2.132184596582925
2024-10-19 20:00:00,2.02684635284978,2.02684635284978
2024-10-19 21:00:00,1.9622977099078902,1.9622977099078902
2024-10-19 22:00:00,0.0,0.0
2024-10-19 23:00:00,0.0,0.0
2024-10-20 00:00:00,0.0,0.0
2024-10-20 01:00:00,0.0,0.0
2024-10-20 02:00:00,0.0,0.0
2024-10-20 03:00:00,0.0,0.0
2024-10-20 04:00:00,0.0,0.0
2024-10-20 05:00:00,0.0,0.0
2024-10-20 06:00:00,0.0,0.0
2024-10-20 07:00:00,0.0,0.0
2024-10-20 08:00:00,0.0,0.0
2024-10-20 09:00:00,0.0,0.0
2024-10-20 10:00:00,0.04987156833306344,0.04987156833306344
2024-10-20 11:00:00,0.24012315746290228,0.24012315746290228
2024-10-20 12:00:00,0.4635045947699018,0.4635045947699018
2024-10-20 13:00:00,0.6805067533484359,0.6805067533484359
2024-10-20 14:00:00,1.109576447211095,1.109576447211095
2024-10-20 15:00:00,1.398387112472486,1.398387112472486
2024-10-20 16:00:00,1.8131448194751691,1.8131448194751691
2024-10-20 17:00:00,1.455343235038088,1.455343235038088
2024-10-20 18:00:00,1.6577810211932782,1.6577810211932782
2024-10-20 19:00:00,1.7489460104502765,1.7489460104502765
2024-10-20 20:00:00,1.8121187254089008,1.8121187254089008
2024-10-20 21:00:00,2.0061814284156547,2.0061814284156547
2024-10-20 22:00:00,0.0,0.0
2024-10-20 23:00:00,0.0,0.0
2024-10-21 00:00:00,0.0,0.0
2024-10-21 01:00:00,0.0,0.0
2024-10-21 02:00:00,0.0,0.0
2024-10-21 03:00:00,0.0,0.0
2024-10-21 04:00:00,0.0,0.0
2024-10-21 05:00:00,0.0,0.0
2024-10-21 06:00:00,0.0,0.0
2024-10-21 07:00:00,0.0,0.0
2024-10-21 08:00:00,0.0,0.0
2024-10-21 09:00:00,0.0,0.0
2024-10-21 10:00:00,0.08268785341653008,0.08268785341653008
2024-10-21 11:00:00,0.3344170445443517,0.3344170445443517
2024-10-21 12:00:00,0.6719232566533845,0.6719232566533845
2024-10-21 13:00:00,1.0613284147203734,1.0613284147203734
2024-10-21 14:00:00,1.3990290811249189,1.3990290811249189
2024-10-21 15:00:00,1.713886135805909,1.713886135805909
2024-10-21 16:00:00,2.1393748359497096,2.1393748359497096
2024-10-21 17:00:00,1.9738608973793141,1.9738608973793141
2024-10-21 18:00:00,2.891723562588435,2.891723562588435
2024-10-21 19:00:00,2.9197086540344226,2.9197086540344226
2024-10-21 20:00:00,2.8425693176844673,2.8425693176844673
2024-10-21 21:00:00,2.6599463546471958,2.6599463546471958
2024-10-21 22:00:00,0.0,0.0
2024-10-21 23:00:00,0.0,0.0
2024-10-22 00:00:00,0.0,0.0
2024-10-22 01:00:00,0.0,0.0
2024-10-22 02:00:00,0.0,0.0
2024-10-22 03:00:00,0.0,0.0
2024-10-22 04:00:00,0.0,0.0
2024-10-22 05:00:00,0.0,0.0
2024-10-22 06:00:00,0.0,0.0
2024-10-22 07:00:00,0.0,0.0
2024-10-22 08:00:00,0.0,0.0
2024-10-22 09:00:00,0.0,0.0
2024-10-22 10:00:00,0.06700503360296454,0.06700503360296454
2024-10-22 11:00:00,0.337270068437089,0.337270068437089
2024-10-22 12:00:00,0.6406295260237083,0.6406295260237083
2024-10-22 13:00:00,0.833505522932704,0.833505522932704
2024-10-22 14:00:00,1.328857709962857,1.328857709962857
2024-10-22 15:00:00,1.6799127269902918,1.6799127269902918
2024-10-22 16:00:00,2.2043082377274494,2.2043082377274494
2024-10-22 17:00:00,1.9405972691007265,1.9405972691007265
2024-10-22 18:00:00,2.6976189742758963,2.6976189742758963
2024-10-22 19:00:00,2.7688675721525153,2.7688675721525153
2024-10-22 20:00:00,2.6020999171972523,2.6020999171972523
2024-10-22 21:00:00,2.2380818706031427,2.2380818706031427
2024-10-22 22:00:00,0.0,0.0
2024-10-22 23:00:00,0.0,0.0
2024-10-23 00:00:00,0.0,0.0
2024-10-23 01:00:00,0.0,0.0
2024-10-23 02:00:00,0.0,0.0
2024-10-23 03:00:00,0.0,0.0
2024-10-23 04:00:00,0.0,0.0
2024-10-23 05:00:00,0.0,0.0
2024-10-23 06:00:00,0.0,0.0
2024-10-23 07:00:00,0.0,0.0
2024-10-23 08:00:00,0.0,0.0
2024-10-23 09:00:00,0.0,0.0
2024-10-23 10:00:00,0.08749190632962302,0.08749190632962302
2024-10-23 11:00:00,0.33204597876871556,0.33204597876871556
2024-10-23 12:00:00,0.5003690629057174,0.5003690629057174
2024-10-23 13:00:00,1.0074857617245094,1.0074857617245094
2024-10-23 14:00:00,1.60968602314197,1.60968602314197
2024-10-23 15:00:00,1.6704219728968823,1.6704219728968823
2024-10-23 16:00:00,2.482990573815171,2.482990573815171
2024-10-23 17:00:00,2.3178342757528516,2.3178342757528516
2024-10-23 18:00:00,2.2826984693967467,2.2826984693967467
2024-10-23 19:00:00,2.8373183063618974,2.8373183063618974
2024-10-23 20:00:00,2.3667832916742104,2.3667832916742104
2024-10-23 21:00:00,2.711264297496662,2.711264297496662
2024-10-23 22:00:00,0.0,0.0
2024-10-23 23:00:00,0.0,0.0
2024-10-24 00:00:00,0.0,0.0
2024-10-24 01:00:00,0.0,0.0
2024-10-24 02:00:00,0.0,0.0
2024-10-24 03:00:00,0.0,0.0
2024-10-24 04:00:00,0.0,0.0
2024-10-24 05:00:00,0.0,0.0
2024-10-24 06:00:00,0.0,0.0
2024-10-24 07:00:00,0.0,0.0
2024-10-24 08:00:00,0.0,0.0
2024-10-24 09:00:00,0.0,0.0
2024-10-24 10:00:00,0.08212281488044862,0.08212281488044862
2024-10-24 11:00:00,0.2841285962103851,0.2841285962103851
2024-10-24 12:00:00,0.6252040270827072,0.6252040270827072
2024-10-24 13:00:00,0.9360574941112907,0.9360574941112907
2024-10-24 14:00:00,1.41470866890816,1.41470866890816
2024-10-24 15:00:00,1.567397472613349,1.567397472613349
2024-10-24 16:00:00,2.2502624873444947,2.2502624873444947
2024-10-24 17:00:00,1.822797582155541,1.822797582155541
2024-10-24 18:00:00,2.399467778706794,2.399467778706794
2024-10-24 19:00:00,2.9071233778416046,2.9071233778416046
2024-10-24 20:00:00,2.460691280842883,2.460691280842883
2024-10-24 21:00:00,2.656818039886718,2.656818039886718
2024-10-24 22:00:00,0.0,0.0
2024-10-24 23:00:00,0.0,0.0
2024-10-25 00:00:00,0.0,0.0
2024-10-25 01:00:00,0.0,0.0
2024-10-25 02:00:00,0.0,0.0
2024-10-25 03:00:00,0.0,0.0
2024-10-25 04:00:00,0.0,0.0
2024-10-25 05:00:00,0.0,0.0
2024-10-25 06:00:00,0.0,0.0
2024-10-25 07:00:00,0.0,0.0
2024-10-25 08:00:00,0.0,0.0
2024-10-25 09:00:00,0.0,0.0
2024-10-25 10:00:00,0.09022702945394111,0.09022702945394111
2024-10-25 11:00:00,0.3492471735075637,0.3492471735075637
2024-10-25 12:00:00,0.6610242548482881,0.6610242548482881
2024-10-25 13:00:00,0.9976684282781119,0.9976684282781119
2024-10-25 14:00:00,1.4869610747445832,1.4869610747445832
2024-10-25 15:00:00,1.5085715834137343,1.5085715834137343
2024-10-25 16:00:00,2.6761309983844637,2.6761309983844637
2024-10-25 17:00:00,2.4707598600675436,2.4707598600675436
2024-10-25 18:00:00,2.851562324293516,2.851562324293516
2024-10-25 19:00:00,2.4404152554472556,2.4404152554472556
2024-10-25 20:00:00,2.4795405822091614,2.4795405822091614
2024-10-25 21:00:00,2.6778578885623188,2.6778578885623188
2024-10-25 22:00:00,0.0,0.0
2024-10-25 23:00:00,0.0,0.0
2024-10-26 00:00:00,0.0,0.0
2024-10-26 01:00:00,0.0,0.0
2024-10-26 02:00:00,0.0,0.0
2024-10-26 03:00:00,0.0,0.0
2024-10-26 04:00:00,0.0,0.0
2024-10-26 05:00:00,0.0,0.0
2024-10-26 06:00:00,0.0,0.0
2024-10-26 07:00:00,0.0,0.0
2024-10-26 08:00:00,0.0,0.0
2024-10-26 09:00:00,0.0,0.0
2024-10-26 10:00:00,0.04935156677364758,0.04935156677364758
2024-10-26 11:00:00,0.20446790092054137,0.20446790092054137
2024-10-26 12:00:00,0.4073570974293932,0.4073570974293932
2024-10-26 13:00:00,0.593490153554335,0.593490153554335
2024-10-26 14:00:00,1.139372963201671,1.139372963201671
2024-10-26 15:00:00,1.0597325154160797,1.0597325154160797
2024-10-26 16:00:00,1.6211032236003478,1.6211032236003478
2024-10-26 17:00:00,1.3875222813476267,1.3875222813476267
2024-10-26 18:00:00,1.8225485046710372,1.8225485046710372
2024-10-26 19:00:00,1.680143431415698,1.680143431415698
2024-10-26 20:00:00,1.9284174879804832,1.9284174879804832
2024-10-26 21:00:00,1.888560677094866,1.888560677094866
2024-10-26 22:00:00,0.0,0.0
2024-10-26 23:00:00,0.0,0.0
2024-10-27 00:00:00,0.0,0.0
2024-10-27 01:00:00,0.0,0.0
2024-10-27 02:00:00,0.0,0.0
2024-10-27 03:00:00,0.0,0.0
2024-10-27 04:00:00,0.0,0.0
2024-10-27 05:00:00,0.0,0.0
2024-10-27 06:00:00,0.0,0.0
2024-10-27 07:00:00,0.0,0.0
2024-10-27 08:00:00,0.0,0.0
2024-10-27 09:00:00,0.0,0.0
2024-10-27 10:00:00,0.05098734849446545,0.05098734849446545
2024-10-27 11:00:00,0.2022314363961414,0.2022314363961414
2024-10-27 12:00:00,0.4628237663893745,0.4628237663893745
2024-10-27 13:00:00,0.6043037876771217,0.6043037876771217
2024-10-27 14:00:00,1.1817803267219427,1.1817803267219427
2024-10-27 15:00:00,1.2416071094116885,1.2416071094116885
2024-10-27 16:00:00,1.7193740012292515,1.7193740012292515
2024-10-27 17:00:00,1.5310617569067686,1.5310617569067686
2024-10-27 18:00:00,1.7597883042838784,1.7597883042838784
2024-10-27 19:00:00,1.8585865982294494,1.8585865982294494
2024-10-27 20:00:00,1.6289560159289906,1.6289560159289906
2024-10-27 21:00:00,1.6529029331491831,1.6529029331491831
2024-10-27 22:00:00,0.0,0.0
2024-10-27 23:00:00,0.0,0.0
2024-10-28 00:00:00,0.0,0.0
2024-10-28 01:00:00,0.0,0.0
2024-10-28 02:00:00,0.0,0.0
2024-10-28 03:00:00,0.0,0.0
2024-10-28 04:00:00,0.0,0.0
2024-10-28 05:00:00,0.0,0.0
2024-10-28 06:00:00,0.0,0.0
2024-10-28 07:00:00,0.0,0.0
2024-10-28 08:00:00,0.0,0.0
2024-10-28 09:00:00,0.0,0.0
2024-10-28 10:00:00,0.06630008316216977,0.06630008316216977
2024-10-28 11:00:00,0.2694113076840361,0.2694113076840361
2024-10-28 12:00:00,0.6130627574208718,0.6130627574208718
2024-10-28 13:00:00,0.9487501460035322,0.9487501460035322
2024-10-28 14:00:00,1.3949850823501233,1.3949850823501233
2024-10-28 15:00:00,1.421488247818243,1.421488247818243
2024-10-28 16:00:00,2.3198282557459176,2.3198282557459176
2024-10-28 17:00:00,1.9123550279522978,1.9123550279522978
2024-10-28 18:00:00,2.347451017947548,2.347451017947548
2024-10-28 19:00:00,2.2841825824616038,2.2841825824616038
2024-10-28 20:00:00,2.1242373395587055,2.1242373395587055
2024-10-28 21:00:00,2.0968383971247113,2.0968383971247113
2024-10-28 22:00:00,0.0,0.0
2024-10-28 23:00:00,0.0,0.0
2024-10-29 00:00:00,0.0,0.0
2024-10-29 01:00:00,0.0,0.0
2024-10-29 02:00:00,0.0,0.0
2024-10-29 03:00:00,0.0,0.0
2024-10-29 04:00:00,0.0,0.0
2024-10-29 05:00:00,0.0,0.0
2024-10-29 06:00:00,0.0,0.0
2024-10-29 07:00:00,0.0,0.0
2024-10-29 08:00:00,0.0,0.0
2024-10-29 09:00:00,0.0,0.0
2024-10-29 10:00:00,0.0852025141586526,0.0852025141586526
2024-10-29 11:00:00,0.3138068706306466,0.3138068706306466
2024-10-29 12:00:00,0.5559915984266629,0.5559915984266629
2024-10-29 13:00:00,0.9852974633962804,0.9852974633962804
2024-10-29 14:00:00,1.6386576624480953,1.6386576624480953
2024-10-29 15:00:00,1.9029436320533843,1.9029436320533843
2024-10-29 16:00:00,2.2527176990120688,2.2527176990120688
2024-10-29 17:00:00,2.412820195450852,2.412820195450852
2024-10-29 18:00:00,2.5656091677462562,2.5656091677462562
2024-10-29 19:00:00,2.5270271908840556,2.5270271908840556
2024-10-29 20:00:00,2.535971717044667,2.535971717044667
2024-10-29 21:00:00,2.6143655698425725,2.6143655698425725
2024-10-29 22:00:00,0.0,0.0
2024-10-29 23:00:00,0.0,0.0
2024-10-30 00:00:00,0.0,0.0
2024-10-30 01:00:00,0.0,0.0
2024-10-30 02:00:00,0.0,0.0
2024-10-30 03:00:00,0.0,0.0
2024-10-30 04:00:00,0.0,0.0
2024-10-30 05:00:00,0.0,0.0
2024-10-30 06:00:00,0.0,0.0
2024-10-30 07:00:00,0.0,0.0
2024-10-30 08:00:00,0.0,0.0
2024-10-30 09:00:00,0.0,0.0
2024-10-30 10:00:00,0.06505387892015034,0.06505387892015034
2024-10-30 11:00:00,0.30740152112999725,0.30740152112999725
2024-10-30 12:00:00,0.5459629001594463,0.5459629001594463
2024-10-30 13:00:00,0.8685288742787383,0.8685288742787383
2024-10-30 14:00:00,1.481469955069465,1.481469955069465
2024-10-30 15:00:00,1.3245552033704788,1.3245552033704788
2024-10-30 16:00:00,1.9312265023131445,1.9312265023131445
2024-10-30 17:00:00,2.210505578702888,2.210505578702888
2024-10-30 18:00:00,1.9791264929594572,1.9791264929594572
2024-10-30 19:00:00,2.2540886691420154,2.2540886691420154
2024-10-30 20:00:00,2.27700986074819,2.27700986074819
2024-10-30 21:00:00,2.3173383517789103,2.3173383517789103
2024-10-30 22:00:00,0.0,0.0
2024-10-30 23:00:00,0.0,0.0
2024-10-31 00:00:00,0.0,0.0
2024-10-31 01:00:00,0.0,0.0
2024-10-31 02:00:00,0.0,0.0
2024-10-31 03:00:00,0.0,0.0
2024-10-31 04:00:00,0.0,0.0
2024-10-31 05:00:00,0.0,0.0
2024-10-31 06:00:00,0.0,0.0
2024-10-31 07:00:00,0.0,0.0
2024-10-31 08:00:00,0.0,0.0
2024-10-31 09:00:00,0.0,0.0
2024-10-31 10:00:00,0.09169348377419406,0.09169348377419406
2024-10-31 11:00:00,0.28347134559415327,0.28347134559415327
2024-10-31 12:00:00,0.5249536524173691,0.5249536524173691
2024-10-31 13:00:00,1.0495572968901499,1.0495572968901499
2024-10-31 14:00:00,1.7099019177224197,1.7099019177224197
2024-10-31 15:00:00,1.637077963206059,1.637077963206059
2024-10-31 16:00:00,2.21515063125523,2.21515063125523
2024-10-31 17:00:00,2.2330880027509252,2.2330880027509252
2024-10-31 18:00:00,2.335751845969987,2.335751845969987
2024-10-31 19:00:00,3.022700091729379,3.022700091729379
2024-10-31 20:00:00,2.7950053816386182,2.7950053816386182
2024-10-31 21:00:00,2.4689986924160228,2.4689986924160228
2024-10-31 22:00:00,0.0,0.0
2024-10-31 23:00:00,0.0,0.0
2024-11-01 00:00:00,0.0,0.0
2024-11-01 01:00:00,0.0,0.0
2024-11-01 02:00:00,0.0,0.0
2024-11-01 03:00:00,0.0,0.0
2024-11-01 04:00:00,0.0,0.0
2024-11-01 05:00:00,0.0,0.0
2024-11-01 06:00:00,0.0,0.0
2024-11-01 07:00:00,0.0,0.0
2024-11-01 08:00:00,0.0,0.0
2024-11-01 09:00:00,0.0,0.0
2024-11-01 10:00:00,0.06324615793681522,0.06324615793681522
2024-11-01 11:00:00,0.2811728566683794,0.2811728566683794
2024-11-01 12:00:00,0.44933392894666774,0.44933392894666774
2024-11-01 13:00:00,0.830099333437514,0.830099333437514
2024-11-01 14:00:00,1.3097179834932573,1.3097179834932573
2024-11-01 15:00:00,1.3003622582680507,1.3003622582680507
2024-11-01 16:00:00,2.065629282672866,2.065629282672866
2024-11-01 17:00:00,1.994606175514032,1.994606175514032
2024-11-01 18:00:00,2.0144686817662563,2.0144686817662563
2024-11-01 19:00:00,2.351258756097856,2.351258756097856
2024-11-01 20:00:00,2.1825085546785523,2.1825085546785523
2024-11-01 21:00:00,2.32029984726078,2.32029984726078
2024-11-01 22:00:00,0.0,0.0
2024-11-01 23:00:00,0.0,0.0
2024-11-02 00:00:00,0.0,0.0
2024-11-02 01:00:00,0.0,0.0
2024-11-02 02:00:00,0.0,0.0
2024-11-02 03:00:00,0.0,0.0
2024-11-02 04:00:00,0.0,0.0
2024-11-02 05:00:00,0.0,0.0
2024-11-02 06:00:00,0.0,0.0
2024-11-02 07:00:00,0.0,0.0
2024-11-02 08:00:00,0.0,0.0
2024-11-02 09:00:00,0.0,0.0
2024-11-02 10:00:00,0.045106332191203115,0.045106332191203115
2024-11-02 11:00:00,0.22427495030843084,0.22427495030843084
2024-11-02 12:00:00,0.4129345111310976,0.4129345111310976
2024-11-02 13:00:00,0.6606508165214756,0.6606508165214756
2024-11-02 14:00:00,0.9275539177189694,0.9275539177189694
2024-11-02 15:00:00,1.087796026349474,1.087796026349474
2024-11-02 16:00:00,1.5367389628249741,1.5367389628249741
2024-11-02 17:00:00,1.207135597298733,1.207135597298733
2024-11-02 18:00:00,1.3713489740713891,1.3713489740713891
2024-11-02 19:00:00,1.613379966069841,1.613379966069841
2024-11-02 20:00:00,1.3816547495175189,1.3816547495175189
2024-11-02 21:00:00,1.7441422355750504,1.7441422355750504
2024-11-02 22:00:00,0.0,0.0
2024-11-02 23:00:00,0.0,0.0
2024-11-03 00:00:00,0.0,0.0
2024-11-03 01:00:00,0.0,0.0
2024-11-03 02:00:00,0.0,0.0
2024-11-03 03:00:00,0.0,0.0
2024-11-03 04:00:00,0.0,0.0
2024-11-03 05:00:00,0.0,0.0
2024-11-03 06:00:00,0.0,0.0
2024-11-03 07:00:00,0.0,0.0
2024-11-03 08:00:00,0.0,0.0
2024-11-03 09:00:00,0.0,0.0
2024-11-03 10:00:00,0.04814695612685634,0.04814695612685634
2024-11-03 11:00:00,0.18342458580493373,0.18342458580493373
2024-11-03 12:00:00,0.3833174571859401,0.3833174571859401
2024-11-03 13:00:00,0.638266535149404,0.638266535149404
2024-11-03 14:00:00,0.9553028961671141,0.9553028961671141
2024-11-03 15:00:00,0.9292851925702046,0.9292851925702046
2024-11-03 16:00:00,1.4717548094719095,1.4717548094719095
2024-11-03 17:00:00,1.4645311701025987,1.4645311701025987
2024-11-03 18:00:00,1.8061977115565793,1.8061977115565793
2024-11-03 19:00:00,1.9167025198609478,1.9167025198609478
2024-11-03 20:00:00,1.5863003785523142,1.5863003785523142
2024-11-03 21:00:00,1.4789479430933303,1.4789479430933303
2024-11-03 22:00:00,0.0,0.0
2024-11-03 23:00:00,0.0,0.0
2024-11-04 00:00:00,0.0,0.0
2024-11-04 01:00:00,0.0,0.0
2024-11-04 02:00:00,0.0,0.0
2024-11-04 03:00:00,0.0,0.0
2024-11-04 04:00:00,0.0,0.0
2024-11-04 05:00:00,0.0,0.0
2024-11-04 06:00:00,0.0,0.0
2024-11-04 07:00:00,0.0,0.0
2024-11-04 08:00:00,0.0,0.0
2024-11-04 09:00:00,0.0,0.0
2024-11-04 10:00:00,0.08646840405478155,0.08646840405478155
2024-11-04 11:00:00,0.3341530933120875,0.3341530933120875
2024-11-04 12:00:00,0.5524996492240061,0.5524996492240061
2024-11-04 13:00:00,0.8517340516621854,0.8517340516621854
2024-11-04 14:00:00,1.414793735730076,1.414793735730076
2024-11-04 15:00:00,1.6428201090587375,1.6428201090587375
2024-11-04 16:00:00,1.9698058747061566,1.9698058747061566
2024-11-04 17:00:00,1.9653267461057262,1.9653267461057262
2024-11-04 18:00:00,2.7848909220924742,2.7848909220924742
2024-11-04 19:00:00,2.694380901900866,2.694380901900866
2024-11-04 20:00:00,2.5974328146702876,2.5974328146702876
2024-11-04 21:00:00,2.3285934889211366,2.3285934889211366
2024-11-04 22:00:00,0.0,0.0
2024-11-04 23:00:00,0.0,0.0
2024-11-05 00:00:00,0.0,0.0
2024-11-05 01:00:00,0.0,0.0
2024-11-05 02:00:00,0.0,0.0
2024-11-05 03:00:00,0.0,0.0
2024-11-05 04:00:00,0.0,0.0
2024-11-05 05:00:00,0.0,0.0
2024-11-05 06:00:00,0.0,0.0
2024-11-05 07:00:00,0.0,0.0
2024-11-05 08:00:00,0.0,0.0
2024-11-05 09:00:00,0.0,0.0
2024-11-05 10:00:00,0.06612467424922204,0.06612467424922204
2024-11-05 11:00:00,0.27456795183748833,0.27456795183748833
2024-11-05 12:00:00,0.5785612650526153,0.5785612650526153
2024-11-05 13:00:00,0.7281427849864113,0.7281427849864113
2024-11-05 14:00:00,1.2408391633448492,1.2408391633448492
2024-11-05 15:00:00,1.595941465962901,1.595941465962901
2024-11-05 16:00:00,1.791392646106047,1.791392646106047
2024-11-05 17:00:00,2.0964620574169106,2.0964620574169106
2024-11-05 18:00:00,1.96893019490301,1.96893019490301
2024-11-05 19:00:00,2.082698496991353,2.082698496991353
2024-11-05 20:00:00,2.5701503077159513,2.5701503077159513
2024-11-05 21:00:00,1.9060860965024624,1.9060860965024624
2024-11-05 22:00:00,0.0,0.0
2024-11-05 23:00:00,0.0,0.0
2024-11-06 00:00:00,0.0,0.0
2024-11-06 01:00:00,0.0,0.0
2024-11-06 02:00:00,0.0,0.0
2024-11-06 03:00:00,0.0,0.0
2024-11-06 04:00:00,0.0,0.0
2024-11-06 05:00:00,0.0,0.0
2024-11-06 06:00:00,0.0,0.0
2024-11-06 07:00:00,0.0,0.0
2024-11-06 08:00:00,0.0,0.0
2024-11-06 09:00:00,0.0,0.0
2024-11-06 10:00:00,0.0675915619058667,0.0675915619058667
2024-11-06 11:00:00,0.31767742276556993,0.31767742276556993
2024-11-06 12:00:00,0.5591947602332262,0.5591947602332262
2024-11-06 13:00:00,0.9082131401447369,0.9082131401447369
2024-11-06 14:00:00,1.3157637155540494,1.3157637155540494
2024-11-06 15:00:00,1.8321076553883093,1.8321076553883093
2024-11-06 16:00:00,1.8822795393477691,1.8822795393477691
2024-11-06 17:00:00,1.8621488762457035,1.8621488762457035
2024-11-06 18:00:00,2.1426470101051995,2.1426470101051995
2024-11-06 19:00:00,2.6655792283090256,2.6655792283090256
2024-11-06 20:00:00,2.674112888216967,2.674112888216967
2024-11-06 21:00:00,2.493995683468827,2.493995683468827
2024-11-06 22:00:00,0.0,0.0
2024-11-06 23:00:00,0.0,0.0
2024-11-07 00:00:00,0.0,0.0
2024-11-07 01:00:00,0.0,0.0
2024-11-07 02:00:00,0.0,0.0
2024-11-07 03:00:00,0.0,0.0
2024-11-07 04:00:00,0.0,0.0
2024-11-07 05:00:00,0.0,0.0
2024-11-07 06:00:00,0.0,0.0
2024-11-07 07:00:00,0.0,0.0
2024-11-07 08:00:00,0.0,0.0
2024-11-07 09:00:00,0.0,0.0
2024-11-07 10:00:00,0.06757482371020093,0.06757482371020093
2024-11-07 11:00:00,0.3052580529485785,0.3052580529485785
2024-11-07 12:00:00,0.5919353482317999,0.5919353482317999
2024-11-07 13:00:00,0.9994172931172356,0.9994172931172356
2024-11-07 14:00:00,1.708821203589272,1.708821203589272
2024-11-07 15:00:00,1.8507935962961004,1.8507935962961004
2024-11-07 16:00:00,2.361746974194416,2.361746974194416
2024-11-07 17:00:00,2.3246782941093254,2.3246782941093254
2024-11-07 18:00:00,2.7400028898728697,2.7400028898728697
2024-11-07 19:00:00,2.355558162629874,2.355558162629874
2024-11-07 20:00:00,2.554560427398659,2.554560427398659
2024-11-07 21:00:00,2.1018065890578383,2.1018065890578383
2024-11-07 22:00:00,0.0,0.0
2024-11-07 23:00:00,0.0,0.0
2024-11-08 00:00:00,0.0,0.0
2024-11-08 01:00:00,0.0,0.0
2024-11-08 02:00:00,0.0,0.0
2024-11-08 03:00:00,0.0,0.0
2024-11-08 04:00:00,0.0,0.0
2024-11-08 05:00:00,0.0,0.0
2024-11-08 06:00:00,0.0,0.0
2024-11-08 07:00:00,0.0,0.0
2024-11-08 08:00:00,0.0,0.0
2024-11-08 09:00:00,0.0,0.0
2024-11-08 10:00:00,0.07802134821653925,0.07802134821653925
2024-11-08 11:00:00,0.25555891276682025,0.25555891276682025
2024-11-08 12:00:00,0.5690842580330202,0.5690842580330202
2024-11-08 13:00:00,0.8995173015579611,0.8995173015579611
2024-11-08 14:00:00,1.4331983487424895,1.4331983487424895
2024-11-08 15:00:00,1.3405001191591586,1.3405001191591586
2024-11-08 16:00:00,2.0297323212040688,2.0297323212040688
2024-11-08 17:00:00,2.1420388572280262,2.1420388572280262
2024-11-08 18:00:00,2.6413305078689704,2.6413305078689704
2024-11-08 19:00:00,2.57349675899051,2.57349675899051
2024-11-08 20:00:00,2.152290893738692,2.152290893738692
2024-11-08 21:00:00,2.3187268804783456,2.3187268804783456
2024-11-08 22:00:00,0.0,0.0
2024-11-08 23:00:00,0.0,0.0
2024-11-09 00:00:00,0.0,0.0
2024-11-09 01:00:00,0.0,0.0
2024-11-09 02:00:00,0.0,0.0
2024-11-09 03:00:00,0.0,0.0
2024-11-09 04:00:00,0.0,0.0
2024-11-09 05:00:00,0.0,0.0
2024-11-09 06:00:00,0.0,0.0
2024-11-09 07:00:00,0.0,0.0
2024-11-09 08:00:00,0.0,0.0
2024-11-09 09:00:00,0.0,0.0
2024-11-09 10:00:00,0.06199747616046876,0.06199747616046876
2024-11-09 11:00:00,0.2471538487484488,0.2471538487484488
2024-11-09 12:00:00,0.4580710316386105,0.4580710316386105
2024-11-09 13:00:00,0.553220851161731,0.553220851161731
2024-11-09 14:00:00,0.949778708627518,0.949778708627518
2024-11-09 15:00:00,1.149123945668663,1.149123945668663
2024-11-09 16:00:00,1.4780257036544528,1.4780257036544528
2024-11-09 17:00:00,1.5531386305968806,1.5531386305968806
2024-11-09 18:00:00,1.9788587041496202,1.9788587041496202
2024-11-09 19:00:00,1.8734437542957458,1.8734437542957458
2024-11-09 20:00:00,1.9859144288624142,1.9859144288624142
2024-11-09 21:00:00,1.9023213920227684,1.9023213920227684
2024-11-09 22:00:00,0.0,0.0
2024-11-09 23:00:00,0.0,0.0
2024-11-10 00:00:00,0.0,0.0
2024-11-10 01:00:00,0.0,0.0
2024-11-10 02:00:00,0.0,0.0
2024-11-10 03:00:00,0.0,0.0
2024-11-10 04:00:00,0.0,0.0
2024-11-10 05:00:00,0.0,0.0
2024-11-10 06:00:00,0.0,0.0
2024-11-10 07:00:00,0.0,0.0
2024-11-10 08:00:00,0.0,0.0
2024-11-10 09:00:00,0.0,0.0
2024-11-10 10:00:00,0.05710616680463779,0.05710616680463779
2024-11-10 11:00:00,0.2199192477539501,0.2199192477539501
2024-11-10 12:00:00,0.35743644728372725,0.35743644728372725
2024-11-10 13:00:00,0.6021708749076423,0.6021708749076423
2024-11-10 14:00:00,0.9467023481673126,0.9467023481673126
2024-11-10 15:00:00,1.0974859654699707,1.0974859654699707
2024-11-10 16:00:00,1.5577140817451376,1.5577140817451376
2024-11-10 17:00:00,1.4203246948483284,1.4203246948483284
2024-11-10 18:00:00,1.8666929105517316,1.8666929105517316
2024-11-10 19:00:00,1.6653083969078961,1.6653083969078961
2024-11-10 20:00:00,1.887834631493179,1.887834631493179
2024-11-10 21:00:00,1.531287890368674,1.531287890368674
2024-11-10 22:00:00,0.0,0.0
2024-11-10 23:00:00,0.0,0.0
2024-11-11 00:00:00,0.0,0.0
2024-11-11 01:00:00,0.0,0.0
2024-11-11 02:00:00,0.0,0.0
2024-11-11 03:00:00,0.0,0.0
2024-11-11 04:00:00,0.0,0.0
2024-11-11 05:00:00,0.0,0.0
2024-11-11 06:00:00,0.0,0.0
2024-11-11 07:00:00,0.0,0.0
2024-11-11 08:00:00,0.0,0.0
2024-11-11 09:00:00,0.0,0.0
2024-11-11 10:00:00,0.06864155506399304,0.06864155506399304
2024-11-11 11:00:00,0.31076113160419366,0.31076113160419366
2024-11-11 12:00:00,0.6260171331257659,0.6260171331257659
2024-11-11 13:00:00,0.8170321347867553,0.8170321347867553
2024-11-11 14:00:00,1.2413896380182212,1.2413896380182212
2024-11-11 15:00:00,1.5074180006274895,1.5074180006274895
2024-11-11 16:00:00,2.411094594093139,2.411094594093139
2024-11-11 17:00:00,2.2051137189989687,2.2051137189989687
2024-11-11 18:00:00,2.5117886197884984,2.5117886197884984
2024-11-11 19:00:00,2.1959952366903255,2.1959952366903255
2024-11-11 20:00:00,2.126713818133947,2.126713818133947
2024-11-11 21:00:00,2.3546955321458554,2.3546955321458554
2024-11-11 22:00:00,0.0,0.0
2024-11-11 23:00:00,0.0,0.0
2024-11-12 00:00:00,0.0,0.0
2024-11-12 01:00:00,0.0,0.0
2024-11-12 02:00:00,0.0,0.0
2024-11-12 03:00:00,0.0,0.0
2024-11-12 04:00:00,0.0,0.0
2024-11-12 05:00:00,0.0,0.0
2024-11-12 06:00:00,0.0,0.0
2024-11-12 07:00:00,0.0,0.0
2024-11-12 08:00:00,0.0,0.0
2024-11-12 09:00:00,0.0,0.0
2024-11-12 10:00:00,0.07380035060601182,0.07380035060601182
2024-11-12 11:00:00,0.3365654754257228,0.3365654754257228
2024-11-12 12:00:00,0.6843820806649619,0.6843820806649619
2024-11-12 13:00:00,1.055709932041104,1.055709932041104
2024-11-12 14:00:00,1.5724592411106693,1.5724592411106693
2024-11-12 15:00:00,1.7536171490978107,1.7536171490978107
2024-11-12 16:00:00,2.277151149861373,2.277151149861373
2024-11-12 17:00:00,2.41532341839629,2.41532341839629
2024-11-12 18:00:00,2.1996969074740345,2.1996969074740345
2024-11-12 19:00:00,2.520574924825705,2.520574924825705
2024-11-12 20:00:00,2.8412383642930386,2.8412383642930386
2024-11-12 21:00:00,2.4587493367874993,2.4587493367874993
2024-11-12 22:00:00,0.0,0.0
2024-11-12 23:00:00,0.0,0.0
2024-11-13 00:00:00,0.0,0.0
2024-11-13 01:00:00,0.0,0.0
2024-11-13 02:00:00,0.0,0.0
2024-11-13 03:00:00,0.0,0.0
2024-11-13 04:00:00,0.0,0.0
2024-11-13 05:00:00,0.0,0.0
2024-11-13 06:00:00,0.0,0.0
2024-11-13 07:00:00,0.0,0.0
2024-11-13 08:00:00,0.0,0.0
2024-11-13 09:00:00,0.0,0.0
2024-11-13 10:00:00,0.0703322918283395,0.0703322918283395
2024-11-13 11:00:00,0.3336923348404478,0.3336923348404478
2024-11-13 12:00:00,0.5683719007040432,0.5683719007040432
2024-11-13 13:00:00,0.940046919721588,0.940046919721588
2024-11-13 14:00:00,1.6237214133102205,1.6237214133102205
2024-11-13 15:00:00,1.512753688350439,1.512753688350439
2024-11-13 16:00:00,2.6402260283604617,2.6402260283604617
2024-11-13 17:00:00,1.9144141983799192,1.9144141983799192
2024-11-13 18:00:00,2.2841529789255417,2.2841529789255417
2024-11-13 19:00:00,2.7624788253018266,2.7624788253018266
2024-11-13 20:00:00,2.8921121767022058,2.8921121767022058
2024-11-13 21:00:00,2.286554666335118,2.286554666335118
2024-11-13 22:00:00,0.0,0.0
2024-11-13 23:00:00,0.0,0.0
2024-11-14 00:00:00,0.0,0.0
2024-11-14 01:00:00,0.0,0.0
2024-11-14 02:00:00,0.0,0.0
2024-11-14 03:00:00,0.0,0.0
2024-11-14 04:00:00,0.0,0.0
2024-11-14 05:00:00,0.0,0.0
2024-11-14 06:00:00,0.0,0.0
2024-11-14 07:00:00,0.0,0.0
2024-11-14 08:00:00,0.0,0.0
2024-11-14 09:00:00,0.0,0.0
2024-11-14 10:00:00,0.08364681214922198,0.08364681214922198
2024-11-14 11:00:00,0.2950615337634975,0.2950615337634975
2024-11-14 12:00:00,0.6265998193460572,0.6265998193460572
2024-11-14 13:00:00,0.9934443694491067,0.9934443694491067
2024-11-14 14:00:00,1.628165953363835,1.628165953363835
2024-11-14 15:00:00,1.6294761505860327,1.6294761505860327
2024-11-14 16:00:00,2.0719256386072047,2.0719256386072047
2024-11-14 17:00:00,2.3205715834162297,2.3205715834162297
2024-11-14 18:00:00,2.8033452533882324,2.8033452533882324
2024-11-14 19:00:00,2.6068909739795423,2.6068909739795423
2024-11-14 20:00:00,3.0509978310075536,3.0509978310075536
2024-11-14 21:00:00,2.498322106078465,2.498322106078465
2024-11-14 22:00:00,0.0,0.0
2024-11-14 23:00:00,0.0,0.0
2024-11-15 00:00:00,0.0,0.0
2024-11-15 01:00:00,0.0,0.0
2024-11-15 02:00:00,0.0,0.0
2024-11-15 03:00:00,0.0,0.0
2024-11-15 04:00:00,0.0,0.0
2024-11-15 05:00:00,0.0,0.0
2024-11-15 06:00:00,0.0,0.0
2024-11-15 07:00:00,0.0,0.0
2024-11-15 08:00:00,0.0,0.0
2024-11-15 09:00:00,0.0,0.0
2024-11-15 10:00:00,0.07807306212170378,0.07807306212170378
2024-11-15 11:00:00,0.27767261779513536,0.27767261779513536
2024-11-15 12:00:00,0.6305310937234507,0.6305310937234507
2024-11-15 13:00:00,1.0357075469604415,1.0357075469604415
2024-11-15 14:00:00,1.3666249599829337,1.3666249599829337
2024-11-15 15:00:00,1.6061492462378686,1.6061492462378686
2024-11-15 16:00:00,2.1548789487205218,2.1548789487205218
2024-11-15 17:00:00,2.0488316242001714,2.0488316242001714
2024-11-15 18:00:00,2.9336876295927055,2.9336876295927055
2024-11-15 19:00:00,2.8526833077641474,2.8526833077641474
2024-11-15 20:00:00,3.029196568641055,3.029196568641055
2024-11-15 21:00:00,2.139927847714067,2.139927847714067
2024-11-15 22:00:00,0.0,0.0
2024-11-15 23:00:00,0.0,0.0
2024-11-16 00:00:00,0.0,0.0
2024-11-16 01:00:00,0.0,0.0
2024-11-16 02:00:00,0.0,0.0
2024-11-16 03:00:00,0.0,0.0
2024-11-16 04:00:00,0.0,0.0
2024-11-16 05:00:00,0.0,0.0
2024-11-16 06:00:00,0.0,0.0
2024-11-16 07:00:00,0.0,0.0
2024-11-16 08:00:00,0.0,0.0
2024-11-16 09:00:00,0.0,0.0
2024-11-16 10:00:00,0.057165385614766875,0.057165385614766875
2024-11-16 11:00:00,0.22105203485750147,0.22105203485750147
2024-11-16 12:00:00,0.41050646693118814,0.41050646693118814
2024-11-16 13:00:00,0.6121311992967255,0.6121311992967255
2024-11-16 14:00:00,0.839614255294804,0.839614255294804
2024-11-16 15:00:00,1.0659958091633996,1.0659958091633996
2024-11-16 16:00:00,1.3590880144922703,1.3590880144922703
2024-11-16 17:00:00,1.3096815469421876,1.3096815469421876
2024-11-16 18:00:00,1.724214575621839,1.724214575621839
2024-11-16 19:00:00,1.4597001340951044,1.4597001340951044
2024-11-16 20:00:00,1.6944856383743776,1.6944856383743776
2024-11-16 21:00:00,1.7355993862614068,1.7355993862614068
2024-11-16 22:00:00,0.0,0.0
2024-11-16 23:00:00,0.0,0.0
2024-11-17 00:00:00,0.0,0.0
2024-11-17 01:00:00,0.0,0.0
2024-11-17 02:00:00,0.0,0.0
2024-11-17 03:00:00,0.0,0.0
2024-11-17 04:00:00,0.0,0.0
2024-11-17 05:00:00,0.0,0.0
2024-11-17 06:00:00,0.0,0.0
2024-11-17 07:00:00,0.0,0.0
2024-11-17 08:00:00,0.0,0.0
2024-11-17 09:00:00,0.0,0.0
2024-11-17 10:00:00,0.046557346043282315,0.046557346043282315
2024-11-17 11:00:00,0.19887567494968314,0.19887567494968314
2024-11-17 12:00:00,0.4364806844878463,0.4364806844878463
2024-11-17 13:00:00,0.5546458096094672,0.5546458096094672
2024-11-17 14:00:00,0.9730277682826979,0.9730277682826979
2024-11-17 15:00:00,1.1304214616857218,1.1304214616857218
2024-11-17 16:00:00,1.5562906159486047,1.5562906159486047
2024-11-17 17:00:00,1.3538915341569944,1.3538915341569944
2024-11-17 18:00:00,1.618400996245081,1.618400996245081
2024-11-17 19:00:00,1.8715454579849755,1.8715454579849755
2024-11-17 20:00:00,1.6288292877148045,1.6288292877148045
2024-11-17 21:00:00,1.4026706939650442,1.4026706939650442
2024-11-17 22:00:00,0.0,0.0
2024-11-17 23:00:00,0.0,0.0
2024-11-18 00:00:00,0.0,0.0
2024-11-18 01:00:00,0.0,0.0
2024-11-18 02:00:00,0.0,0.0
2024-11-18 03:00:00,0.0,0.0
2024-11-18 04:00:00,0.0,0.0
2024-11-18 05:00:00,0.0,0.0
2024-11-18 06:00:00,0.0,0.0
2024-11-18 07:00:00,0.0,0.0
2024-11-18 08:00:00,0.0,0.0
2024-11-18 09:00:00,0.0,0.0
2024-11-18 10:00:00,0.07626459383159713,0.07626459383159713
2024-11-18 11:00:00,0.33152904885109363,0.33152904885109363
2024-11-18 12:00:00,0.5504477491221497,0.5504477491221497
2024-11-18 13:00:00,1.0810095129776223,1.0810095129776223
2024-11-18 14:00:00,1.559818639824808,1.559818639824808
2024-11-18 15:00:00,1.676206175189137,1.676206175189137
2024-11-18 16:00:00,2.0541283505648464,2.0541283505648464
2024-11-18 17:00:00,2.40466230714415,2.40466230714415
2024-11-18 18:00:00,2.870029643902971,2.870029643902971
2024-11-18 19:00:00,3.072195852088977,3.072195852088977
2024-11-18 20:00:00,2.778411877101924,2.778411877101924
2024-11-18 21:00:00,2.2969997612896904,2.2969997612896904
2024-11-18 22:00:00,0.0,0.0
2024-11-18 23:00:00,0.0,0.0
2024-11-19 00:00:00,0.0,0.0
2024-11-19 01:00:00,0.0,0.0
2024-11-19 02:00:00,0.0,0.0
2024-11-19 03:00:00,0.0,0.0
2024-11-19 04:00:00,0.0,0.0
2024-11-19 05:00:00,0.0,0.0
2024-11-19 06:00:00,0.0,0.0
2024-11-19 07:00:00,0.0,0.0
2024-11-19 08:00:00,0.0,0.0
2024-11-19 09:00:00,0.0,0.0
2024-11-19 10:00:00,0.0753496295381982,0.0753496295381982
2024-11-19 11:00:00,0.30549901789500633,0.30549901789500633
2024-11-19 12:00:00,0.5736830203084328,0.5736830203084328
2024-11-19 13:00:00,0.93925287272978,0.93925287272978
2024-11-19 14:00:00,1.3566180156265117,1.3566180156265117
2024-11-19 15:00:00,1.4003252272178084,1.4003252272178084
2024-11-19 16:00:00,2.0811309444353077,2.0811309444353077
2024-11-19 17:00:00,1.9886207355630459,1.9886207355630459
2024-11-19 18:00:00,2.405071744815182,2.405071744815182
2024-11-19 19:00:00,2.2986932011292427,2.2986932011292427
2024-11-19 20:00:00,2.0676120629982266,2.0676120629982266
2024-11-19 21:00:00,2.5419328069679477,2.5419328069679477
2024-11-19 22:00:00,0.0,0.0
2024-11-19 23:00:00,0.0,0.0
2024-11-20 00:00:00,0.0,0.0
2024-11-20 01:00:00,0.0,0.0
2024-11-20 02:00:00,0.0,0.0
2024-11-20 03:00:00,0.0,0.0
2024-11-20 04:00:00,0.0,0.0
2024-11-20 05:00:00,0.0,0.0
2024-11-20 06:00:00,0.0,0.0
2024-11-20 07:00:00,0.0,0.0
2024-11-20 08:00:00,0.0,0.0
2024-11-20 09:00:00,0.0,0.0
2024-11-20 10:00:00,0.08002215250584825,0.08002215250584825
2024-11-20 11:00:00,0.272639707232008,0.272639707232008
2024-11-20 12:00:00,0.4884290728253935,0.4884290728253935
2024-11-20 13:00:00,0.754058183464533,0.754058183464533
2024-11-20 14:00:00,1.5517299041008088,1.5517299041008088
2024-11-20 15:00:00,1.570963528797405,1.570963528797405
2024-11-20 16:00:00,2.154836799958599,2.154836799958599
2024-11-20 17:00:00,1.963467141883647,1.963467141883647
2024-11-20 18:00:00,2.0324437490737277,2.0324437490737277
2024-11-20 19:00:00,2.541961048942174,2.541961048942174
2024-11-20 20:00:00,2.5859810431789807,2.5859810431789807
2024-11-20 21:00:00,2.3745553898604936,2.3745553898604936
2024-11-20 22:00:00,0.0,0.0
2024-11-20 23:00:00,0.0,0.0
2024-11-21 00:00:00,0.0,0.0
2024-11-21 01:00:00,0.0,0.0
2024-11-21 02:00:00,0.0,0.0
2024-11-21 03:00:00,0.0,0.0
2024-11-21 04:00:00,0.0,0.0
2024-11-21 05:00:00,0.0,0.0
2024-11-21 06:00:00,0.0,0.0
2024-11-21 07:00:00,0.0,0.0
2024-11-21 08:00:00,0.0,0.0
2024-11-21 09:00:00,0.0,0.0
2024-11-21 10:00:00,0.0830615246378799,0.0830615246378799
2024-11-21 11:00:00,0.35816998899719266,0.35816998899719266
2024-11-21 12:00:00,0.5555759739837907,0.5555759739837907
2024-11-21 13:00:00,0.883679580612016,0.883679580612016
2024-11-21 14:00:00,1.4234455704318294,1.4234455704318294
2024-11-21 15:00:00,1.582969123892715,1.582969123892715
2024-11-21 16:00:00,2.2456037912663662,2.2456037912663662
2024-11-21 17:00:00,2.1929901726206604,2.1929901726206604
2024-11-21 18:00:00,2.8440701392191103,2.8440701392191103
2024-11-21 19:00:00,3.092842904358516,3.092842904358516
2024-11-21 20:00:00,2.707504208106638,2.707504208106638
2024-11-21 21:00:00,2.453109026394323,2.453109026394323
2024-11-21 22:00:00,0.0,0.0
2024-11-21 23:00:00,0.0,0.0
2024-11-22 00:00:00,0.0,0.0
2024-11-22 01:00:00,0.0,0.0
2024-11-22 02:00:00,0.0,0.0
2024-11-22 03:00:00,0.0,0.0
2024-11-22 04:00:00,0.0,0.0
2024-11-22 05:00:00,0.0,0.0
2024-11-22 06:00:00,0.0,0.0
2024-11-22 07:00:00,0.0,0.0
2024-11-22 08:00:00,0.0,0.0
2024-11-22 09:00:00,0.0,0.0
2024-11-22 10:00:00,0.06543185676794924,0.06543185676794924
2024-11-22 11:00:00,0.291617260134583,0.291617260134583
2024-11-22 12:00:00,0.5067553209538692,0.5067553209538692
2024-11-22 13:00:00,0.7853981310435854,0.7853981310435854
2024-11-22 14:00:00,1.5027696476762888,1.5027696476762888
2024-11-22 15:00:00,1.574549567311557,1.574549567311557
2024-11-22 16:00:00,2.022476717903662,2.022476717903662
2024-11-22 17:00:00,1.8028893047988093,1.8028893047988093
2024-11-22 18:00:00,2.660465614871452,2.660465614871452
2024-11-22 19:00:00,2.282726737823838,2.282726737823838
2024-11-22 20:00:00,2.3610312418051973,2.3610312418051973
2024-11-22 21:00:00,2.599841258660491,2.599841258660491
2024-11-22 22:00:00,0.0,0.0
2024-11-22 23:00:00,0.0,0.0
2024-11-23 00:00:00,0.0,0.0
2024-11-23 01:00:00,0.0,0.0
2024-11-23 02:00:00,0.0,0.0
2024-11-23 03:00:00,0.0,0.0
2024-11-23 04:00:00,0.0,0.0
2024-11-23 05:00:00,0.0,0.0
2024-11-23 06:00:00,0.0,0.0
2024-11-23 07:00:00,0.0,0.0
2024-11-23 08:00:00,0.0,0.0
2024-11-23 09:00:00,0.0,0.0
2024-11-23 10:00:00,0.049622341289991434,0.049622341289991434
2024-11-23 11:00:00,0.1823473869244586,0.1823473869244586
2024-11-23 12:00:00,0.42002301241761597,0.42002301241761597
2024-11-23 13:00:00,0.6221694963327989,0.6221694963327989
2024-11-23 14:00:00,0.9143873036010648,0.9143873036010648
2024-11-23 15:00:00,0.9348867735950563,0.9348867735950563
2024-11-23 16:00:00,1.3643083606925375,1.3643083606925375
2024-11-23 17:00:00,1.619010772992464,1.619010772992464
2024-11-23 18:00:00,1.7454169652031795,1.7454169652031795
2024-11-23 19:00:00,1.7643183603032373,1.7643183603032373
2024-11-23 20:00:00,1.5295414519510862,1.5295414519510862
2024-11-23 21:00:00,1.7313955870601694,1.7313955870601694
2024-11-23 22:00:00,0.0,0.0
2024-11-23 23:00:00,0.0,0.0
2024-11-24 00:00:00,0.0,0.0
2024-11-24 01:00:00,0.0,0.0
2024-11-24 02:00:00,0.0,0.0
2024-11-24 03:00:00,0.0,0.0
2024-11-24 04:00:00,0.0,0.0
2024-11-24 05:00:00,0.0,0.0
2024-11-24 06:00:00,0.0,0.0
2024-11-24 07:00:00,0.0,0.0
2024-11-24 08:00:00,0.0,0.0
2024-11-24 09:00:00,0.0,0.0
2024-11-24 10:00:00,0.046117400041239986,0.046117400041239986
2024-11-24 11:00:00,0.2061088130040184,0.2061088130040184
2024-11-24 12:00:00,0.4363934388795766,0.4363934388795766
2024-11-24 13:00:00,0.529982520514289,0.529982520514289
2024-11-24 14:00:00,1.113760751180616,1.113760751180616
2024-11-24 15:00:00,1.025697626165632,1.025697626165632
2024-11-24 16:00:00,1.5844260615743984,1.5844260615743984
2024-11-24 17:00:00,1.6314823006585286,1.6314823006585286
2024-11-24 18:00:00,1.6413963619408205,1.6413963619408205
2024-11-24 19:00:00,1.606844794687399,1.606844794687399
2024-11-24 20:00:00,1.4749927152670876,1.4749927152670876
2024-11-24 21:00:00,1.3544492529896264,1.3544492529896264
2024-11-24 22:00:00,0.0,0.0
2024-11-24 23:00:00,0.0,0.0
2024-11-25 00:00:00,0.0,0.0
2024-11-25 01:00:00,0.0,0.0
2024-11-25 02:00:00,0.0,0.0
2024-11-25 03:00:00,0.0,0.0
2024-11-25 04:00:00,0.0,0.0
2024-11-25 05:00:00,0.0,0.0
2024-11-25 06:00:00,0.0,0.0
2024-11-25 07:00:00,0.0,0.0
2024-11-25 08:00:00,0.0,0.0
2024-11-25 09:00:00,0.0,0.0
2024-11-25 10:00:00,0.06650034877177816,0.06650034877177816
2024-11-25 11:00:00,0.3454666733809062,0.3454666733809062
2024-11-25 12:00:00,0.5727365020714291,0.5727365020714291
2024-11-25 13:00:00,0.9168314432197378,0.9168314432197378
2024-11-25 14:00:00,1.6536936335259753,1.6536936335259753
2024-11-25 15:00:00,1.6916696243067069,1.6916696243067069
2024-11-25 16:00:00,2.434437303974548,2.434437303974548
2024-11-25 17:00:00,1.8506268697127686,1.8506268697127686
2024-11-25 18:00:00,2.6930784480252683,2.6930784480252683
2024-11-25 19:00:00,2.576919233772493,2.576919233772493
2024-11-25 20:00:00,2.334111040511035,2.334111040511035
2024-11-25 21:00:00,2.338605883212834,2.338605883212834
2024-11-25 22:00:00,0.0,0.0
2024-11-25 23:00:00,0.0,0.0
2024-11-26 00:00:00,0.0,0.0
2024-11-26 01:00:00,0.0,0.0
2024-11-26 02:00:00,0.0,0.0
2024-11-26 03:00:00,0.0,0.0
2024-11-26 04:00:00,0.0,0.0
2024-11-26 05:00:00,0.0,0.0
2024-11-26 06:00:00,0.0,0.0
2024-11-26 07:00:00,0.0,0.0
2024-11-26 08:00:00,0.0,0.0
2024-11-26 09:00:00,0.0,0.0
2024-11-26 10:00:00,0.07714941383637679,0.07714941383637679
2024-11-26 11:00:00,0.3619016411937199,0.3619016411937199
2024-11-26 12:00:00,0.5859371790695421,0.5859371790695421
2024-11-26 13:00:00,1.0146220843850073,1.0146220843850073
2024-11-26 14:00:00,1.5723500687002783,1.5723500687002783
2024-11-26 15:00:00,1.6086664270463207,1.6086664270463207
2024-11-26 16:00:00,2.0715906442445067,2.0715906442445067
2024-11-26 17:00:00,2.2365756560615115,2.2365756560615115
2024-11-26 18:00:00,2.9221773298831644,2.9221773298831644
2024-11-26 19:00:00,3.1020761279817086,3.1020761279817086
2024-11-26 20:00:00,2.906445306743202,2.906445306743202
2024-11-26 21:00:00,2.1840670314610033,2.1840670314610033
2024-11-26 22:00:00,0.0,0.0
2024-11-26 23:00:00,0.0,0.0
2024-11-27 00:00:00,0.0,0.0
2024-11-27 01:00:00,0.0,0.0
2024-11-27 02:00:00,0.0,0.0
2024-11-27 03:00:00,0.0,0.0
2024-11-27 04:00:00,0.0,0.0
2024-11-27 05:00:00,0.0,0.0
2024-11-27 06:00:00,0.0,0.0
2024-11-27 07:00:00,0.0,0.0
2024-11-27 08:00:00,0.0,0.0
2024-11-27 09:00:00,0.0,0.0
2024-11-27 10:00:00,0.07603236276591924,0.07603236276591924
2024-11-27 11:00:00,0.2998469218579713,0.2998469218579713
2024-11-27 12:00:00,0.6142012805826443,0.6142012805826443
2024-11-27 13:00:00,0.9934747552783944,0.9934747552783944
2024-11-27 14:00:00,1.466398735404027,1.466398735404027
2024-11-27 15:00:00,1.7624880304541275,1.7624880304541275
2024-11-27 16:00:00,2.4302295113260097,2.4302295113260097
2024-11-27 17:00:00,2.006374911632965,2.006374911632965
2024-11-27 18:00:00,2.5462307182322554,2.5462307182322554
2024-11-27 19:00:00,2.7132508564466598,2.7132508564466598
2024-11-27 20:00:00,2.2648543142370445,2.2648543142370445
2024-11-27 21:00:00,2.4885209445816923,2.4885209445816923
2024-11-27 22:00:00,0.0,0.0
2024-11-27 23:00:00,0.0,0.0
2024-11-28 00:00:00,0.0,0.0
2024-11-28 01:00:00,0.0,0.0
2024-11-28 02:00:00,0.0,0.0
2024-11-28 03:00:00,0.0,0.0
2024-11-28 04:00:00,0.0,0.0
2024-11-28 05:00:00,0.0,0.0
2024-11-28 06:00:00,0.0,0.0
2024-11-28 07:00:00,0.0,0.0
2024-11-28 08:00:00,0.0,0.0
2024-11-28 09:00:00,0.0,0.0
2024-11-28 10:00:00,0.07730832608692395,0.07730832608692395
2024-11-28 11:00:00,0.3228700507046045,0.3228700507046045
2024-11-28 12:00:00,0.5174349583504138,0.5174349583504138
2024-11-28 13:00:00,1.0733804657666057,1.0733804657666057
2024-11-28 14:00:00,1.4672848138011199,1.4672848138011199
2024-11-28 15:00:00,1.6031504646885804,1.6031504646885804
2024-11-28 16:00:00,2.5203752354902558,2.5203752354902558
2024-11-28 17:00:00,1.9784538421004516,1.9784538421004516
2024-11-28 18:00:00,2.7540436788684977,2.7540436788684977
2024-11-28 19:00:00,2.3540007739623454,2.3540007739623454
2024-11-28 20:00:00,2.415697272108611,2.415697272108611
2024-11-28 21:00:00,2.1994242158057618,2.1994242158057618
2024-11-28 22:00:00,0.0,0.0
2024-11-28 23:00:00,0.0,0.0
2024-11-29 00:00:00,0.0,0.0
2024-11-29 01:00:00,0.0,0.0
2024-11-29 02:00:00,0.0,0.0
2024-11-29 03:00:00,0.0,0.0
2024-11-29 04:00:00,0.0,0.0
2024-11-29 05:00:00,0.0,0.0
2024-11-29 06:00:00,0.0,0.0
2024-11-29 07:00:00,0.0,0.0
2024-11-29 08:00:00,0.0,0.0
2024-11-29 09:00:00,0.0,0.0
2024-11-29 10:00:00,0.07214084935523213,0.07214084935523213
2024-11-29 11:00:00,0.2969284249698158,0.2969284249698158
2024-11-29 12:00:00,0.6388215099559114,0.6388215099559114
2024-11-29 13:00:00,0.8359460032671757,0.8359460032671757
2024-11-29 14:00:00,1.6818151644684904,1.6818151644684904
2024-11-29 15:00:00,1.8586404032529442,1.8586404032529442
2024-11-29 16:00:00,2.077224805726002,2.077224805726002
2024-11-29 17:00:00,2.4604874914239825,2.4604874914239825
2024-11-29 18:00:00,2.530964585853944,2.530964585853944
2024-11-29 19:00:00,2.6457995278232356,2.6457995278232356
2024-11-29 20:00:00,2.4304803628712994,2.4304803628712994
2024-11-29 21:00:00,2.3151049328921256,2.3151049328921256
2024-11-29 22:00:00,0.0,0.0
2024-11-29 23:00:00,0.0,0.0
2024-11-30 00:00:00,0.0,0.0
2024-11-30 01:00:00,0.0,0.0
2024-11-30 02:00:00,0.0,0.0
2024-11-30 03:00:00,0.0,0.0
2024-11-30 04:00:00,0.0,0.0
2024-11-30 05:00:00,0.0,0.0
2024-11-30 06:00:00,0.0,0.0
2024-11-30 07:00:00,0.0,0.0
2024-11-30 08:00:00,0.0,0.0
2024-11-30 09:00:00,0.0,0.0
2024-11-30 10:00:00,0.04483266294965221,0.04483266294965221
2024-11-30 11:00:00,0.17644830444471712,0.17644830444471712
2024-11-30 12:00:00,0.3759112531885495,0.3759112531885495
2024-11-30 13:00:00,0.6752029394132358,0.6752029394132358
2024-11-30 14:00:00,0.8303418207772739,0.8303418207772739
2024-11-30 15:00:00,1.119469425070385,1.119469425070385
2024-11-30 16:00:00,1.639606164435099,1.639606164435099
2024-11-30 17:00:00,1.1954502361050143,1.1954502361050143
2024-11-30 18:00:00,1.5482271413130897,1.5482271413130897
2024-11-30 19:00:00,1.5861003274030387,1.5861003274030387
2024-11-30 20:00:00,1.7320985717141468,1.7320985717141468
2024-11-30 21:00:00,1.3336352420372657,1.3336352420372657
2024-11-30 22:00:00,0.0,0.0
2024-11-30 23:00:00,0.0,0.0
2024-12-01 00:00:00,0.0,0.0
2024-12-01 01:00:00,0.0,0.0
2024-12-01 02:00:00,0.0,0.0
2024-12-01 03:00:00,0.0,0.0
2024-12-01 04:00:00,0.0,0.0
2024-12-01 05:00:00,0.0,0.0
2024-12-01 06:00:00,0.0,0.0
2024-12-01 07:00:00,0.0,0.0
2024-12-01 08:00:00,0.0,0.0
2024-12-01 09:00:00,0.0,0.0
2024-12-01 10:00:00,0.054012077157350305,0.054012077157350305
2024-12-01 11:00:00,0.2071465728465458,0.2071465728465458
2024-12-01 12:00:00,0.4457924662904733,0.4457924662904733
2024-12-01 13:00:00,0.6962242091155868,0.6962242091155868
2024-12-01 14:00:00,1.0940545467273444,1.0940545467273444
2024-12-01 15:00:00,1.1068296596540426,1.1068296596540426
2024-12-01 16:00:00,1.6952513148167094,1.6952513148167094
2024-12-01 17:00:00,1.6847621735834164,1.6847621735834164
2024-12-01 18:00:00,2.021421179825946,2.021421179825946
2024-12-01 19:00:00,2.0957733856802796,2.0957733856802796
2024-12-01 20:00:00,2.0314937476146158,2.0314937476146158
2024-12-01 21:00:00,1.48437266462531,1.48437266462531
2024-12-01 22:00:00,0.0,0.0
2024-12-01 23:00:00,0.0,0.0
2024-12-02 00:00:00,0.0,0.0
2024-12-02 01:00:00,0.0,0.0
2024-12-02 02:00:00,0.0,0.0
2024-12-02 03:00:00,0.0,0.0
2024-12-02 04:00:00,0.0,0.0
2024-12-02 05:00:00,0.0,0.0
2024-12-02 06:00:00,0.0,0.0
2024-12-02 07:00:00,0.0,0.0
2024-12-02 08:00:00,0.0,0.0
2024-12-02 09:00:00,0.0,0.0
2024-12-02 10:00:00,0.07948244001875528,0.07948244001875528
2024-12-02 11:00:00,0.3010717082326145,0.3010717082326145
2024-12-02 12:00:00,0.6913998752071104,0.6913998752071104
2024-12-02 13:00:00,1.0956633297626788,1.0956633297626788
2024-12-02 14:00:00,1.3709302397929148,1.3709302397929148
2024-12-02 15:00:00,2.0318839174113466,2.0318839174113466
2024-12-02 16:00:00,2.322562352062996,2.322562352062996
2024-12-02 17:00:00,2.5852196659210716,2.5852196659210716
2024-12-02 18:00:00,2.4968295123583446,2.4968295123583446
2024-12-02 19:00:00,2.8204403601163195,2.8204403601163195
2024-12-02 20:00:00,3.0210977823791696,3.0210977823791696
2024-12-02 21:00:00,2.4979137458366236,2.4979137458366236
2024-12-02 22:00:00,0.0,0.0
2024-12-02 23:00:00,0.0,0.0
2024-12-03 00:00:00,0.0,0.0
2024-12-03 01:00:00,0.0,0.0
2024-12-03 02:00:00,0.0,0.0
2024-12-03 03:00:00,0.0,0.0
2024-12-03 04:00:00,0.0,0.0
2024-12-03 05:00:00,0.0,0.0
2024-12-03 06:00:00,0.0,0.0
2024-12-03 07:00:00,0.0,0.0
2024-12-03 08:00:00,0.0,0.0
2024-12-03 09:00:00,0.0,0.0
2024-12-03 10:00:00,0.09086168066450635,0.09086168066450635
2024-12-03 11:00:00,0.2838199353084561,0.2838199353084561
2024-12-03 12:00:00,0.6044697590802213,0.6044697590802213
2024-12-03 13:00:00,0.9710062635105902,0.9710062635105902
2024-12-03 14:00:00,1.77765765579087,1.77765765579087
2024-12-03 15:00:00,1.8201030186804823,1.8201030186804823
2024-12-03 16:00:00,2.128839675392465,2.128839675392465
2024-12-03 17:00:00,1.9899304969621394,1.9899304969621394
2024-12-03 18:00:00,2.7365730443202314,2.7365730443202314
2024-12-03 19:00:00,3.010708415771259,3.010708415771259
2024-12-03 20:00:00,2.825352364251509,2.825352364251509
2024-12-03 21:00:00,2.4767562530643077,2.4767562530643077
2024-12-03 22:00:00,0.0,0.0
2024-12-03 23:00:00,0.0,0.0
2024-12-04 00:00:00,0.0,0.0
2024-12-04 01:00:00,0.0,0.0
2024-12-04 02:00:00,0.0,0.0
2024-12-04 03:00:00,0.0,0.0
2024-12-04 04:00:00,0.0,0.0
2024-12-04 05:00:00,0.0,0.0
2024-12-04 06:00:00,0.0,0.0
2024-12-04 07:00:00,0.0,0.0
2024-12-04 08:00:00,0.0,0.0
2024-12-04 09:00:00,0.0,0.0
2024-12-04 10:00:00,0.0756779562800995,0.0756779562800995
2024-12-04 11:00:00,0.26222941423457674,0.26222941423457674
2024-12-04 12:00:00,0.5646784654345893,0.5646784654345893
2024-12-04 13:00:00,0.9923033235432026,0.9923033235432026
2024-12-04 14:00:00,1.5204901124641006,1.5204901124641006
2024-12-04 15:00:00,1.9191484835452695,1.9191484835452695
2024-12-04 16:00:00,2.3950969853812683,2.3950969853812683
2024-12-04 17:00:00,2.2258195477945804,2.2258195477945804
2024-12-04 18:00:00,2.503969759526443,2.503969759526443
2024-12-04 19:00:00,2.404291678536798,2.404291678536798
2024-12-04 20:00:00,2.269928511925966,2.269928511925966
2024-12-04 21:00:00,2.74894624264011,2.74894624264011
2024-12-04 22:00:00,0.0,0.0
2024-12-04 23:00:00,0.0,0.0
2024-12-05 00:00:00,0.0,0.0
2024-12-05 01:00:00,0.0,0.0
2024-12-05 02:00:00,0.0,0.0
2024-12-05 03:00:00,0.0,0.0
2024-12-05 04:00:00,0.0,0.0
2024-12-05 05:00:00,0.0,0.0
2024-12-05 06:00:00,0.0,0.0
2024-12-05 07:00:00,0.0,0.0
2024-12-05 08:00:00,0.0,0.0
2024-12-05 09:00:00,0.0,0.0
2024-12-05 10:00:00,0.07639684523011353,0.07639684523011353
2024-12-05 11:00:00,0.3030638739222235,0.3030638739222235
2024-12-05 12:00:00,0.6136377176721047,0.6136377176721047
2024-12-05 13:00:00,0.9248513347715364,0.9248513347715364
2024-12-05 14:00:00,1.4238049024442394,1.4238049024442394
2024-12-05 15:00:00,1.8969631309442532,1.8969631309442532
2024-12-05 16:00:00,2.3074775371611898,2.3074775371611898
2024-12-05 17:00:00,2.1930699807213125,2.1930699807213125
2024-12-05 18:00:00,2.810023930341641,2.810023930341641
2024-12-05 19:00:00,3.1284358723878016,3.1284358723878016
2024-12-05 20:00:00,2.728506903562281,2.728506903562281
2024-12-05 21:00:00,2.488000221701927,2.488000221701927
2024-12-05 22:00:00,0.0,0.0
2024-12-05 23:00:00,0.0,0.0
2024-12-06 00:00:00,0.0,0.0
2024-12-06 01:00:00,0.0,0.0
2024-12-06 02:00:00,0.0,0.0
2024-12-06 03:00:00,0.0,0.0
2024-12-06 04:00:00,0.0,0.0
2024-12-06 05:00:00,0.0,0.0
2024-12-06 06:00:00,0.0,0.0
2024-12-06 07:00:00,0.0,0.0
2024-12-06 08:00:00,0.0,0.0
2024-12-06 09:00:00,0.0,0.0
2024-12-06 10:00:00,0.08111421580776446,0.08111421580776446
2024-12-06 11:00:00,0.29572820930854404,0.29572820930854404
2024-12-06 12:00:00,0.5370748693826471,0.5370748693826471
2024-12-06 13:00:00,0.7933354009799026,0.7933354009799026
2024-12-06 14:00:00,1.5104481603568145,1.5104481603568145
2024-12-06 15:00:00,1.4816335462602224,1.4816335462602224
2024-12-06 16:00:00,1.9607524627913175,1.9607524627913175
2024-12-06 17:00:00,1.8483170996368572,1.8483170996368572
2024-12-06 18:00:00,2.6353439559861886,2.6353439559861886
2024-12-06 19:00:00,2.6612564381178765,2.6612564381178765
2024-12-06 20:00:00,2.1435870275261073,2.1435870275261073
2024-12-06 21:00:00,2.186380594802032,2.186380594802032
2024-12-06 22:00:00,0.0,0.0
2024-12-06 23:00:00,0.0,0.0
2024-12-07 00:00:00,0.0,0.0
2024-12-07 01:00:00,0.0,0.0
2024-12-07 02:00:00,0.0,0.0
2024-12-07 03:00:00,0.0,0.0
2024-12-07 04:00:00,0.0,0.0
2024-12-07 05:00:00,0.0,0.0
2024-12-07 06:00:00,0.0,0.0
2024-12-07 07:00:00,0.0,0.0
2024-12-07 08:00:00,0.0,0.0
2024-12-07 09:00:00,0.0,0.0
2024-12-07 10:00:00,0.05590453253888207,0.05590453253888207
2024-12-07 11:00:00,0.22205852852880206,0.22205852852880206
2024-12-07 12:00:00,0.43039588322720523,0.43039588322720523
2024-12-07 13:00:00,0.624739185448808,0.624739185448808
2024-12-07 14:00:00,1.0418077903025862,1.0418077903025862
2024-12-07 15:00:00,0.9807351326232638,0.9807351326232638
2024-12-07 16:00:00,1.5015169971791413,1.5015169971791413
2024-12-07 17:00:00,1.3596990713508015,1.3596990713508015
2024-12-07 18:00:00,1.4921432899636662,1.4921432899636662
2024-12-07 19:00:00,1.9182504102956912,1.9182504102956912
2024-12-07 20:00:00,1.8082737354247258,1.8082737354247258
2024-12-07 21:00:00,1.375161138900713,1.375161138900713
2024-12-07 22:00:00,0.0,0.0
2024-12-07 23:00:00,0.0,0.0
2024-12-08 00:00:00,0.0,0.0
2024-12-08 01:00:00,0.0,0.0
2024-12-08 02:00:00,0.0,0.0
2024-12-08 03:00:00,0.0,0.0
2024-12-08 04:00:00,0.0,0.0
2024-12-08 05:00:00,0.0,0.0
2024-12-08 06:00:00,0.0,0.0
2024-12-08 07:00:00,0.0,0.0
2024-12-08 08:00:00,0.0,0.0
2024-12-08 09:00:00,0.0,0.0
2024-12-08 10:00:00,0.05862726688819489,0.05862726688819489
2024-12-08 11:00:00,0.1935915984188603,0.1935915984188603
2024-12-08 12:00:00,0.3962388714900558,0.3962388714900558
2024-12-08 13:00:00,0.5670465171295045,0.5670465171295045
2024-12-08 14:00:00,1.121439851554057,1.121439851554057
2024-12-08 15:00:00,1.075885991593111,1.075885991593111
2024-12-08 16:00:00,1.4182193972401755,1.4182193972401755
2024-12-08 17:00:00,1.5920553754150393,1.5920553754150393
2024-12-08 18:00:00,1.9045973599426629,1.9045973599426629
2024-12-08 19:00:00,1.99050826878011,1.99050826878011
2024-12-08 20:00:00,2.043003654350016,2.043003654350016
2024-12-08 21:00:00,1.6621094468959,1.6621094468959
2024-12-08 22:00:00,0.0,0.0
2024-12-08 23:00:00,0.0,0.0
2024-12-09 00:00:00,0.0,0.0
2024-12-09 01:00:00,0.0,0.0
2024-12-09 02:00:00,0.0,0.0
2024-12-09 03:00:00,0.0,0.0
2024-12-09 04:00:00,0.0,0.0
2024-12-09 05:00:00,0.0,0.0
2024-12-09 06:00:00,0.0,0.0
2024-12-09 07:00:00,0.0,0.0
2024-12-09 08:00:00,0.0,0.0
2024-12-09 09:00:00,0.0,0.0
2024-12-09 10:00:00,0.09571452609452023,0.09571452609452023
2024-12-09 11:00:00,0.3210108828866331,0.3210108828866331
2024-12-09 12:00:00,0.6421425208782248,0.6421425208782248
2024-12-09 13:00:00,0.8896673441377166,0.8896673441377166
2024-12-09 14:00:00,1.4461707211190629,1.4461707211190629
2024-12-09 15:00:00,2.0132502331153956,2.0132502331153956
2024-12-09 16:00:00,2.2602360838937203,2.2602360838937203
2024-12-09 17:00:00,2.168463953808995,2.168463953808995
2024-12-09 18:00:00,2.3351640709108814,2.3351640709108814
2024-12-09 19:00:00,2.508158500140227,2.508158500140227
2024-12-09 20:00:00,2.679315552377001,2.679315552377001
2024-12-09 21:00:00,2.8135263601169087,2.8135263601169087
2024-12-09 22:00:00,0.0,0.0
2024-12-09 23:00:00,0.0,0.0
2024-12-10 00:00:00,0.0,0.0
2024-12-10 01:00:00,0.0,0.0
2024-12-10 02:00:00,0.0,0.0
2024-12-10 03:00:00,0.0,0.0
2024-12-10 04:00:00,0.0,0.0
2024-12-10 05:00:00,0.0,0.0
2024-12-10 06:00:00,0.0,0.0
2024-12-10 07:00:00,0.0,0.0
2024-12-10 08:00:00,0.0,0.0
2024-12-10 09:00:00,0.0,0.0
2024-12-10 10:00:00,0.08775284209935458,0.08775284209935458
2024-12-10 11:00:00,0.2826589479918939,0.2826589479918939
2024-12-10 12:00:00,0.5180433410522398,0.5180433410522398
2024-12-10 13:00:00,0.8965511274603903,0.8965511274603903
2024-12-10 14:00:00,1.6023609561203067,1.6023609561203067
2024-12-10 15:00:00,1.484728014606629,1.484728014606629
2024-12-10 16:00:00,2.318381023645047,2.318381023645047
2024-12-10 17:00:00,2.157975497373897,2.157975497373897
2024-12-10 18:00:00,2.6814537777711376,2.6814537777711376
2024-12-10 19:00:00,3.0158987178402494,3.0158987178402494
2024-12-10 20:00:00,2.52163640349836,2.52163640349836
2024-12-10 21:00:00,2.6729353674968186,2.6729353674968186
2024-12-10 22:00:00,0.0,0.0
2024-12-10 23:00:00,0.0,0.0
2024-12-11 00:00:00,0.0,0.0
2024-12-11 01:00:00,0.0,0.0
2024-12-11 02:00:00,0.0,0.0
2024-12-11 03:00:00,0.0,0.0
2024-12-11 04:00:00,0.0,0.0
2024-12-11 05:00:00,0.0,0.0
2024-12-11 06:00:00,0.0,0.0
2024-12-11 07:00:00,0.0,0.0
2024-12-11 08:00:00,0.0,0.0
2024-12-11 09:00:00,0.0,0.0
2024-12-11 10:00:00,0.08712572916526194,0.08712572916526194
2024-12-11 11:00:00,0.3493160243401383,0.3493160243401383
2024-12-11 12:00:00,0.7055773773248717,0.7055773773248717
2024-12-11 13:00:00,1.0741064793917428,1.0741064793917428
2024-12-11 14:00:00,1.636757824404236,1.636757824404236
2024-12-11 15:00:00,1.5239820075792347,1.5239820075792347
2024-12-11 16:00:00,2.467850221613453,2.467850221613453
2024-12-11 17:00:00,2.1977341612254597,2.1977341612254597
2024-12-11 18:00:00,2.5026656860705874,2.5026656860705874
2024-12-11 19:00:00,2.544104826291523,2.544104826291523
2024-12-11 20:00:00,2.3948620309227406,2.3948620309227406
2024-12-11 21:00:00,2.4886767525035793,2.4886767525035793
2024-12-11 22:00:00,0.0,0.0
2024-12-11 23:00:00,0.0,0.0
2024-12-12 00:00:00,0.0,0.0
2024-12-12 01:00:00,0.0,0.0
2024-12-12 02:00:00,0.0,0.0
2024-12-12 03:00:00,0.0,0.0
2024-12-12 04:00:00,0.0,0.0
2024-12-12 05:00:00,0.0,0.0
2024-12-12 06:00:00,0.0,0.0
2024-12-12 07:00:00,0.0,0.0
2024-12-12 08:00:00,0.0,0.0
2024-12-12 09:00:00,0.0,0.0
2024-12-12 10:00:00,0.06874531794508702,0.06874531794508702
2024-12-12 11:00:00,0.275370776424548,0.275370776424548
2024-12-12 12:00:00,0.5119191672256246,0.5119191672256246
2024-12-12 13:00:00,0.8309482030819173,0.8309482030819173
2024-12-12 14:00:00,1.5850799947333027,1.5850799947333027
2024-12-12 15:00:00,1.7273704984714495,1.7273704984714495
2024-12-12 16:00:00,2.2151862929158903,2.2151862929158903
2024-12-12 17:00:00,2.29787255444954,2.29787255444954
2024-12-12 18:00:00,2.096308221204262,2.096308221204262
2024-12-12 19:00:00,2.667729654279739,2.667729654279739
2024-12-12 20:00:00,2.228820101915899,2.228820101915899
2024-12-12 21:00:00,2.4523731637999138,2.4523731637999138
2024-12-12 22:00:00,0.0,0.0
2024-12-12 23:00:00,0.0,0.0
2024-12-13 00:00:00,0.0,0.0
2024-12-13 01:00:00,0.0,0.0
2024-12-13 02:00:00,0.0,0.0
2024-12-13 03:00:00,0.0,0.0
2024-12-13 04:00:00,0.0,0.0
2024-12-13 05:00:00,0.0,0.0
2024-12-13 06:00:00,0.0,0.0
2024-12-13 07:00:00,0.0,0.0
2024-12-13 08:00:00,0.0,0.0
2024-12-13 09:00:00,0.0,0.0
2024-12-13 10:00:00,0.06569118547233306,0.06569118547233306
2024-12-13 11:00:00,0.2524382141886266,0.2524382141886266
2024-12-13 12:00:00,0.610146455008266,0.610146455008266
2024-12-13 13:00:00,0.8986229156225485,0.8986229156225485
2024-12-13 14:00:00,1.5516780642931032,1.5516780642931032
2024-12-13 15:00:00,1.5530966320953743,1.5530966320953743
2024-12-13 16:00:00,2.0004389246800365,2.0004389246800365
2024-12-13 17:00:00,2.0083547998548403,2.0083547998548403
2024-12-13 18:00:00,2.3698037742198808,2.3698037742198808
2024-12-13 19:00:00,2.0973303301154576,2.0973303301154576
2024-12-13 20:00:00,2.4379287208415743,2.4379287208415743
2024-12-13 21:00:00,2.483356810755016,2.483356810755016
2024-12-13 22:00:00,0.0,0.0
2024-12-13 23:00:00,0.0,0.0
2024-12-14 00:00:00,0.0,0.0
2024-12-14 01:00:00,0.0,0.0
2024-12-14 02:00:00,0.0,0.0
2024-12-14 03:00:00,0.0,0.0
2024-12-14 04:00:00,0.0,0.0
2024-12-14 05:00:00,0.0,0.0
2024-12-14 06:00:00,0.0,0.0
2024-12-14 07:00:00,0.0,0.0
2024-12-14 08:00:00,0.0,0.0
2024-12-14 09:00:00,0.0,0.0
2024-12-14 10:00:00,0.04679059153306558,0.04679059153306558
2024-12-14 11:00:00,0.18919681284783507,0.18919681284783507
2024-12-14 12:00:00,0.46162728029689676,0.46162728029689676
2024-12-14 13:00:00,0.7012638659933771,0.7012638659933771
2024-12-14 14:00:00,0.9310149547207675,0.9310149547207675
2024-12-14 15:00:00,1.0873951344134265,1.0873951344134265
2024-12-14 16:00:00,1.5142794873549996,1.5142794873549996
2024-12-14 17:00:00,1.3833272442485722,1.3833272442485722
2024-12-14 18:00:00,1.6275773141553307,1.6275773141553307
2024-12-14 19:00:00,2.0610886092143477,2.0610886092143477
2024-12-14 20:00:00,1.9726583828466362,1.9726583828466362
2024-12-14 21:00:00,1.6341351762898737,1.6341351762898737
2024-12-14 22:00:00,0.0,0.0
2024-12-14 23:00:00,0.0,0.0
2024-12-15 00:00:00,0.0,0.0
2024-12-15 01:00:00,0.0,0.0
2024-12-15 02:00:00,0.0,0.0
2024-12-15 03:00:00,0.0,0.0
2024-12-15 04:00:00,0.0,0.0
2024-12-15 05:00:00,0.0,0.0
2024-12-15 06:00:00,0.0,0.0
2024-12-15 07:00:00,0.0,0.0
2024-12-15 08:00:00,0.0,0.0
2024-12-15 09:00:00,0.0,0.0
2024-12-15 10:00:00,0.04804928836791847,0.04804928836791847
2024-12-15 11:00:00,0.1897106320250618,0.1897106320250618
2024-12-15 12:00:00,0.4157622697005383,0.4157622697005383
2024-12-15 13:00:00,0.5254338207804133,0.5254338207804133
2024-12-15 14:00:00,1.0212452443781659,1.0212452443781659
2024-12-15 15:00:00,1.1533649203970908,1.1533649203970908
2024-12-15 16:00:00,1.337547826755393,1.337547826755393
2024-12-15 17:00:00,1.5220815318572987,1.5220815318572987
2024-12-15 18:00:00,1.560416342312728,1.560416342312728
2024-12-15 19:00:00,1.5828628082157845,1.5828628082157845
2024-12-15 20:00:00,1.5632056694282945,1.5632056694282945
2024-12-15 21:00:00,1.6867543340381521,1.6867543340381521
2024-12-15 22:00:00,0.0,0.0
2024-12-15 23:00:00,0.0,0.0
2024-12-16 00:00:00,0.0,0.0
2024-12-16 01:00:00,0.0,0.0
2024-12-16 02:00:00,0.0,0.0
2024-12-16 03:00:00,0.0,0.0
2024-12-16 04:00:00,0.0,0.0
2024-12-16 05:00:00,0.0,0.0
2024-12-16 06:00:00,0.0,0.0
2024-12-16 07:00:00,0.0,0.0
2024-12-16 08:00:00,0.0,0.0
2024-12-16 09:00:00,0.0,0.0
2024-12-16 10:00:00,0.07421003613425797,0.07421003613425797
2024-12-16 11:00:00,0.25510358002858996,0.25510358002858996
2024-12-16 12:00:00,0.5728645624494411,0.5728645624494411
2024-12-16 13:00:00,0.8202135210023003,0.8202135210023003
2024-12-16 14:00:00,1.2159191802125489,1.2159191802125489
2024-12-16 15:00:00,1.7894664049522042,1.7894664049522042
2024-12-16 16:00:00,1.940559311613412,1.940559311613412
2024-12-16 17:00:00,2.0915719694891197,2.0915719694891197
2024-12-16 18:00:00,2.3613324075482,2.3613324075482
2024-12-16 19:00:00,2.209558696465243,2.209558696465243
2024-12-16 20:00:00,2.296823022791297,2.296823022791297
2024-12-16 21:00:00,1.9416829410373069,1.9416829410373069
2024-12-16 22:00:00,0.0,0.0
2024-12-16 23:00:00,0.0,0.0
2024-12-17 00:00:00,0.0,0.0
2024-12-17 01:00:00,0.0,0.0
2024-12-17 02:00:00,0.0,0.0
2024-12-17 03:00:00,0.0,0.0
2024-12-17 04:00:00,0.0,0.0
2024-12-17 05:00:00,0.0,0.0
2024-12-17 06:00:00,0.0,0.0
2024-12-17 07:00:00,0.0,0.0
2024-12-17 08:00:00,0.0,0.0
2024-12-17 09:00:00,0.0,0.0
2024-12-17 10:00:00,0.0768306759824216,0.0768306759824216
2024-12-17 11:00:00,0.2836607608802975,0.2836607608802975
2024-12-17 12:00:00,0.5104559007016486,0.5104559007016486
2024-12-17 13:00:00,0.9466234409359896,0.9466234409359896
2024-12-17 14:00:00,1.4127565801450765,1.4127565801450765
2024-12-17 15:00:00,1.4633035269799128,1.4633035269799128
2024-12-17 16:00:00,2.2388465050647857,2.2388465050647857
2024-12-17 17:00:00,2.265801080932104,2.265801080932104
2024-12-17 18:00:00,2.609646442602766,2.609646442602766
2024-12-17 19:00:00,2.847491811804799,2.847491811804799
2024-12-17 20:00:00,2.789838778436382,2.789838778436382
2024-12-17 21:00:00,2.535857954536642,2.535857954536642
2024-12-17 22:00:00,0.0,0.0
2024-12-17 23:00:00,0.0,0.0
2024-12-18 00:00:00,0.0,0.0
2024-12-18 01:00:00,0.0,0.0
2024-12-18 02:00:00,0.0,0.0
2024-12-18 03:00:00,0.0,0.0
2024-12-18 04:00:00,0.0,0.0
2024-12-18 05:00:00,0.0,0.0
2024-12-18 06:00:00,0.0,0.0
2024-12-18 07:00:00,0.0,0.0
2024-12-18 08:00:00,0.0,0.0
2024-12-18 09:00:00,0.0,0.0
2024-12-18 10:00:00,0.08461768534007684,0.08461768534007684
2024-12-18 11:00:00,0.26201578118642005,0.26201578118642005
2024-12-18 12:00:00,0.6259013640652551,0.6259013640652551
2024-12-18 13:00:00,0.9131923302786307,0.9131923302786307
2024-12-18 14:00:00,1.285251499052438,1.285251499052438
2024-12-18 15:00:00,1.440789207546875,1.440789207546875
2024-12-18 16:00:00,2.5625800333433144,2.5625800333433144
2024-12-18 17:00:00,2.429199556642512,2.429199556642512
2024-12-18 18:00:00,2.5619785521779384,2.5619785521779384
2024-12-18 19:00:00,2.2226698693203537,2.2226698693203537
2024-12-18 20:00:00,2.7487296718704695,2.7487296718704695
2024-12-18 21:00:00,2.2725937679955903,2.2725937679955903
2024-12-18 22:00:00,0.0,0.0
2024-12-18 23:00:00,0.0,0.0
2024-12-19 00:00:00,0.0,0.0
2024-12-19 01:00:00,0.0,0.0
2024-12-19 02:00:00,0.0,0.0
2024-12-19 03:00:00,0.0,0.0
2024-12-19 04:00:00,0.0,0.0
2024-12-19 05:00:00,0.0,0.0
2024-12-19 06:00:00,0.0,0.0
2024-12-19 07:00:00,0.0,0.0
2024-12-19 08:00:00,0.0,0.0
2024-12-19 09:00:00,0.0,0.0
2024-12-19 10:00:00,0.07613833116386332,0.07613833116386332
2024-12-19 11:00:00,0.3005512626794735,0.3005512626794735
2024-12-19 12:00:00,0.6084161167714474,0.6084161167714474
2024-12-19 13:00:00,0.9841830374515257,0.9841830374515257
2024-12-19 14:00:00,1.4719393210486444,1.4719393210486444
2024-12-19 15:00:00,1.4343148940263342,1.4343148940263342
2024-12-19 16:00:00,2.3688461269730077,2.3688461269730077
2024-12-19 17:00:00,1.8931422273110545,1.8931422273110545
2024-12-19 18:00:00,2.3123451435252558,2.3123451435252558
2024-12-19 19:00:00,2.46176467314836,2.46176467314836
2024-12-19 20:00:00,2.4531814363392828,2.4531814363392828
2024-12-19 21:00:00,2.0347177796937057,2.0347177796937057
2024-12-19 22:00:00,0.0,0.0
2024-12-19 23:00:00,0.0,0.0
2024-12-20 00:00:00,0.0,0.0
2024-12-20 01:00:00,0.0,0.0
2024-12-20 02:00:00,0.0,0.0
2024-12-20 03:00:00,0.0,0.0
2024-12-20 04:00:00,0.0,0.0
2024-12-20 05:00:00,0.0,0.0
2024-12-20 06:00:00,0.0,0.0
2024-12-20 07:00:00,0.0,0.0
2024-12-20 08:00:00,0.0,0.0
2024-12-20 09:00:00,0.0,0.0
2024-12-20 10:00:00,0.08046183806049119,0.08046183806049119
2024-12-20 11:00:00,0.30302509922534426,0.30302509922534426
2024-12-20 12:00:00,0.5394203008593891,0.5394203008593891
2024-12-20 13:00:00,0.8869053306412829,0.8869053306412829
2024-12-20 14:00:00,1.6968853236642982,1.6968853236642982
2024-12-20 15:00:00,1.8409582972349499,1.8409582972349499
2024-12-20 16:00:00,2.4487461552917438,2.4487461552917438
2024-12-20 17:00:00,1.9390835621596652,1.9390835621596652
2024-12-20 18:00:00,2.5520427773921224,2.5520427773921224
2024-12-20 19:00:00,2.428827227760436,2.428827227760436
2024-12-20 20:00:00,2.5224234384676705,2.5224234384676705
2024-12-20 21:00:00,2.4439675362025537,2.4439675362025537
2024-12-20 22:00:00,0.0,0.0
2024-12-20 23:00:00,0.0,0.0
2024-12-21 00:00:00,0.0,0.0
2024-12-21 01:00:00,0.0,0.0
2024-12-21 02:00:00,0.0,0.0
2024-12-21 03:00:00,0.0,0.0
2024-12-21 04:00:00,0.0,0.0
2024-12-21 05:00:00,0.0,0.0
2024-12-21 06:00:00,0.0,0.0
2024-12-21 07:00:00,0.0,0.0
2024-12-21 08:00:00,0.0,0.0
2024-12-21 09:00:00,0.0,0.0
2024-12-21 10:00:00,0.05204342007175743,0.05204342007175743
2024-12-21 11:00:00,0.21091293777046993,0.21091293777046993
2024-12-21 12:00:00,0.3894866263228061,0.3894866263228061
2024-12-21 13:00:00,0.6763725053714054,0.6763725053714054
2024-12-21 14:00:00,1.0388848744244912,1.0388848744244912
2024-12-21 15:00:00,1.1356777720712161,1.1356777720712161
2024-12-21 16:00:00,1.6688471865157553,1.6688471865157553
2024-12-21 17:00:00,1.427630532526033,1.427630532526033
2024-12-21 18:00:00,1.5972913454838187,1.5972913454838187
2024-12-21 19:00:00,1.7490621547997733,1.7490621547997733
2024-12-21 20:00:00,1.6952135287371473,1.6952135287371473
2024-12-21 21:00:00,1.548779483297578,1.548779483297578
2024-12-21 22:00:00,0.0,0.0
2024-12-21 23:00:00,0.0,0.0
2024-12-22 00:00:00,0.0,0.0
2024-12-22 01:00:00,0.0,0.0
2024-12-22 02:00:00,0.0,0.0
2024-12-22 03:00:00,0.0,0.0
2024-12-22 04:00:00,0.0,0.0
2024-12-22 05:00:00,0.0,0.0
2024-12-22 06:00:00,0.0,0.0
2024-12-22 07:00:00,0.0,0.0
2024-12-22 08:00:00,0.0,0.0
2024-12-22 09:00:00,0.0,0.0
2024-12-22 10:00:00,0.05990203111156542,0.05990203111156542
2024-12-22 11:00:00,0.1990927669637966,0.1990927669637966
2024-12-22 12:00:00,0.44163125744364246,0.44163125744364246
2024-12-22 13:00:00,0.5949152973941555,0.5949152973941555
2024-12-22 14:00:00,1.0855781508439146,1.0855781508439146
2024-12-22 15:00:00,1.0375505234077926,1.0375505234077926
2024-12-22 16:00:00,1.5339324714565663,1.5339324714565663
2024-12-22 17:00:00,1.4052798382209457,1.4052798382209457
2024-12-22 18:00:00,2.012903037947472,2.012903037947472
2024-12-22 19:00:00,2.1178408985027737,2.1178408985027737
2024-12-22 20:00:00,1.5855298654844547,1.5855298654844547
2024-12-22 21:00:00,1.5561112898365008,1.5561112898365008
2024-12-22 22:00:00,0.0,0.0
2024-12-22 23:00:00,0.0,0.0
2024-12-23 00:00:00,0.0,0.0
2024-12-23 01:00:00,0.0,0.0
2024-12-23 02:00:00,0.0,0.0
2024-12-23 03:00:00,0.0,0.0
2024-12-23 04:00:00,0.0,0.0
2024-12-23 05:00:00,0.0,0.0
2024-12-23 06:00:00,0.0,0.0
2024-12-23 07:00:00,0.0,0.0
2024-12-23 08:00:00,0.0,0.0
2024-12-23 09:00:00,0.0,0.0
2024-12-23 10:00:00,0.0755407374857146,0.0755407374857146
2024-12-23 11:00:00,0.2648487901015242,0.2648487901015242
2024-12-23 12:00:00,0.6011354513149085,0.6011354513149085
2024-12-23 13:00:00,0.7493957082185757,0.7493957082185757
2024-12-23 14:00:00,1.2062937779007221,1.2062937779007221
2024-12-23 15:00:00,1.4724806402958561,1.4724806402958561
2024-12-23 16:00:00,2.334898627191245,2.334898627191245
2024-12-23 17:00:00,2.031271205902299,2.031271205902299
2024-12-23 18:00:00,2.247994343919888,2.247994343919888
2024-12-23 19:00:00,2.4087156032506316,2.4087156032506316
2024-12-23 20:00:00,2.1761074358778982,2.1761074358778982
2024-12-23 21:00:00,2.3086390602290034,2.3086390602290034
2024-12-23 22:00:00,0.0,0.0
2024-12-23 23:00:00,0.0,0.0
2024-12-24 00:00:00,0.0,0.0
2024-12-24 01:00:00,0.0,0.0
2024-12-24 02:00:00,0.0,0.0
2024-12-24 03:00:00,0.0,0.0
2024-12-24 04:00:00,0.0,0.0
2024-12-24 05:00:00,0.0,0.0
2024-12-24 06:00:00,0.0,0.0
2024-12-24 07:00:00,0.0,0.0
2024-12-24 08:00:00,0.0,0.0
2024-12-24 09:00:00,0.0,0.0
2024-12-24 10:00:00,0.06478743225119579,0.06478743225119579
2024-12-24 11:00:00,0.3289845682848928,0.3289845682848928
2024-12-24 12:00:00,0.49633508363232254,0.49633508363232254
2024-12-24 13:00:00,1.0003521209644084,1.0003521209644084
2024-12-24 14:00:00,1.4512901669884375,1.4512901669884375
2024-12-24 15:00:00,1.6344260751236488,1.6344260751236488
2024-12-24 16:00:00,1.8696604729958712,1.8696604729958712
2024-12-24 17:00:00,1.867522141859993,1.867522141859993
2024-12-24 18:00:00,2.54478008161456,2.54478008161456
2024-12-24 19:00:00,2.170444415762922,2.170444415762922
2024-12-24 20:00:00,2.641252935318719,2.641252935318719
2024-12-24 21:00:00,2.412868103277464,2.412868103277464
2024-12-24 22:00:00,0.0,0.0
2024-12-24 23:00:00,0.0,0.0
2024-12-25 00:00:00,0.0,0.0
2024-12-25 01:00:00,0.0,0.0
2024-12-25 02:00:00,0.0,0.0
2024-12-25 03:00:00,0.0,0.0
2024-12-25 04:00:00,0.0,0.0
2024-12-25 05:00:00,0.0,0.0
2024-12-25 06:00:00,0.0,0.0
2024-12-25 07:00:00,0.0,0.0
2024-12-25 08:00:00,0.0,0.0
2024-12-25 09:00:00,0.0,0.0
2024-12-25 10:00:00,0.07489350779340588,0.07489350779340588
2024-12-25 11:00:00,0.25245469009429655,0.25245469009429655
2024-12-25 12:00:00,0.6000464860774508,0.6000464860774508
2024-12-25 13:00:00,0.9413690265423172,0.9413690265423172
2024-12-25 14:00:00,1.2267028618737004,1.2267028618737004
2024-12-25 15:00:00,1.369579405574064,1.369579405574064
2024-12-25 16:00:00,2.1901275842179344,2.1901275842179344
2024-12-25 17:00:00,2.174560649441982,2.174560649441982
2024-12-25 18:00:00,2.201480160591817,2.201480160591817
2024-12-25 19:00:00,2.209181981142963,2.209181981142963
2024-12-25 20:00:00,2.1748128770210684,2.1748128770210684
2024-12-25 21:00:00,2.3453074264948355,2.3453074264948355
2024-12-25 22:00:00,0.0,0.0
2024-12-25 23:00:00,0.0,0.0
2024-12-26 00:00:00,0.0,0.0
2024-12-26 01:00:00,0.0,0.0
2024-12-26 02:00:00,0.0,0.0
2024-12-26 03:00:00,0.0,0.0
2024-12-26 04:00:00,0.0,0.0
2024-12-26 05:00:00,0.0,0.0
2024-12-26 06:00:00,0.0,0.0
2024-12-26 07:00:00,0.0,0.0
2024-12-26 08:00:00,0.0,0.0
2024-12-26 09:00:00,0.0,0.0
2024-12-26 10:00:00,0.07500993166770192,0.07500993166770192
2024-12-26 11:00:00,0.302376891922327,0.302376891922327
2024-12-26 12:00:00,0.695016360368874,0.695016360368874
2024-12-26 13:00:00,1.064408694221869,1.064408694221869
2024-12-26 14:00:00,1.3581217667818866,1.3581217667818866
2024-12-26 15:00:00,1.9413250176337262,1.9413250176337262
2024-12-26 16:00:00,2.205292341507421,2.205292341507421
2024-12-26 17:00:00,2.349863973097221,2.349863973097221
2024-12-26 18:00:00,2.259690933863597,2.259690933863597
2024-12-26 19:00:00,3.14809157007633,3.14809157007633
2024-12-26 20:00:00,2.529552612228842,2.529552612228842
2024-12-26 21:00:00,2.551373502086994,2.551373502086994
2024-12-26 22:00:00,0.0,0.0
2024-12-26 23:00:00,0.0,0.0
2024-12-27 00:00:00,0.0,0.0
2024-12-27 01:00:00,0.0,0.0
2024-12-27 02:00:00,0.0,0.0
2024-12-27 03:00:00,0.0,0.0
2024-12-27 04:00:00,0.0,0.0
2024-12-27 05:00:00,0.0,0.0
2024-12-27 06:00:00,0.0,0.0
2024-12-27 07:00:00,0.0,0.0
2024-12-27 08:00:00,0.0,0.0
2024-12-27 09:00:00,0.0,0.0
2024-12-27 10:00:00,0.0788900199908229,0.0788900199908229
2024-12-27 11:00:00,0.26388459044541157,0.26388459044541157
2024-12-27 12:00:00,0.5434539316024342,0.5434539316024342
2024-12-27 13:00:00,1.0125740710413784,1.0125740710413784
2024-12-27 14:00:00,1.2874402847060182,1.2874402847060182
2024-12-27 15:00:00,1.6337084755419704,1.6337084755419704
2024-12-27 16:00:00,2.4489733747466493,2.4489733747466493
2024-12-27 17:00:00,2.1198467144426703,2.1198467144426703
2024-12-27 18:00:00,2.575738347271189,2.575738347271189
2024-12-27 19:00:00,2.729026520498578,2.729026520498578
2024-12-27 20:00:00,2.7434961118189123,2.7434961118189123
2024-12-27 21:00:00,2.0938610397762516,2.0938610397762516
2024-12-27 22:00:00,0.0,0.0
2024-12-27 23:00:00,0.0,0.0
2024-12-28 00:00:00,0.0,0.0
2024-12-28 01:00:00,0.0,0.0
2024-12-28 02:00:00,0.0,0.0
2024-12-28 03:00:00,0.0,0.0
2024-12-28 04:00:00,0.0,0.0
2024-12-28 05:00:00,0.0,0.0
2024-12-28 06:00:00,0.0,0.0
2024-12-28 07:00:00,0.0,0.0
2024-12-28 08:00:00,0.0,0.0
2024-12-28 09:00:00,0.0,0.0
2024-12-28 10:00:00,0.06354870611188478,0.06354870611188478
2024-12-28 11:00:00,0.22807096114510214,0.22807096114510214
2024-12-28 12:00:00,0.4473792933016301,0.4473792933016301
2024-12-28 13:00:00,0.5845340023913174,0.5845340023913174
2024-12-28 14:00:00,1.0865212272726579,1.0865212272726579
2024-12-28 15:00:00,1.0347507606633572,1.0347507606633572
2024-12-28 16:00:00,1.612141877698926,1.612141877698926
2024-12-28 17:00:00,1.6646569489974032,1.6646569489974032
2024-12-28 18:00:00,1.5546346122391164,1.5546346122391164
2024-12-28 19:00:00,2.0231783677130992,2.0231783677130992
2024-12-28 20:00:00,1.7562424317474847,1.7562424317474847
2024-12-28 21:00:00,1.8208203491575194,1.8208203491575194
2024-12-28 22:00:00,0.0,0.0
2024-12-28 23:00:00,0.0,0.0
2024-12-29 00:00:00,0.0,0.0
2024-12-29 01:00:00,0.0,0.0
2024-12-29 02:00:00,0.0,0.0
2024-12-29 03:00:00,0.0,0.0
2024-12-29 04:00:00,0.0,0.0
2024-12-29 05:00:00,0.0,0.0
2024-12-29 06:00:00,0.0,0.0
2024-12-29 07:00:00,0.0,0.0
2024-12-29 08:00:00,0.0,0.0
2024-12-29 09:00:00,0.0,0.0
2024-12-29 10:00:00,0.05483431582067055,0.05483431582067055
2024-12-29 11:00:00,0.19226319776628326,0.19226319776628326
2024-12-29 12:00:00,0.4256782729964753,0.4256782729964753
2024-12-29 13:00:00,0.627415165831807,0.627415165831807
2024-12-29 14:00:00,1.1111020636015057,1.1111020636015057
2024-12-29 15:00:00,1.2544558690318466,1.2544558690318466
2024-12-29 16:00:00,1.3840558438069637,1.3840558438069637
2024-12-29 17:00:00,1.359695148443485,1.359695148443485
2024-12-29 18:00:00,1.6917134748196885,1.6917134748196885
2024-12-29 19:00:00,1.607931156919338,1.607931156919338
2024-12-29 20:00:00,1.6313279753993433,1.6313279753993433
2024-12-29 21:00:00,1.8116533161548345,1.8116533161548345
2024-12-29 22:00:00,0.0,0.0
2024-12-29 23:00:00,0.0,0.0
2024-12-30 00:00:00,0.0,0.0
2024-12-30 01:00:00,0.0,0.0
2024-12-30 02:00:00,0.0,0.0
2024-12-30 03:00:00,0.0,0.0
2024-12-30 04:00:00,0.0,0.0
2024-12-30 05:00:00,0.0,0.0
2024-12-30 06:00:00,0.0,0.0
2024-12-30 07:00:00,0.0,0.0
2024-12-30 08:00:00,0.0,0.0
2024-12-30 09:00:00,0.0,0.0
2024-12-30 10:00:00,0.0846338663203156,0.0846338663203156
2024-12-30 11:00:00,0.32957863003475846,0.32957863003475846
2024-12-30 12:00:00,0.6701920470353163,0.6701920470353163
2024-12-30 13:00:00,0.9266263689557761,0.9266263689557761
2024-12-30 14:00:00,1.4470090818557277,1.4470090818557277
2024-12-30 15:00:00,1.4579476703526408,1.4579476703526408
2024-12-30 16:00:00,2.106006265247998,2.106006265247998
2024-12-30 17:00:00,2.153894841317204,2.153894841317204
2024-12-30 18:00:00,2.3846882099722815,2.3846882099722815
2024-12-30 19:00:00,2.530205771657868,2.530205771657868
2024-12-30 20:00:00,2.589167870060521,2.589167870060521
2024-12-30 21:00:00,2.0716334876343563,2.0716334876343563
2024-12-30 22:00:00,0.0,0.0
2024-12-30 23:00:00,0.0,0.0
