timestamp,power_kw,energy_kwh
2024-01-01 00:00:00,0.0,0.0
2024-01-01 01:00:00,0.0,0.0
2024-01-01 02:00:00,0.0,0.0
2024-01-01 03:00:00,0.0,0.0
2024-01-01 04:00:00,0.0,0.0
2024-01-01 05:00:00,0.0,0.0
2024-01-01 06:00:00,0.0,0.0
2024-01-01 07:00:00,0.0,0.0
2024-01-01 08:00:00,0.0,0.0
2024-01-01 09:00:00,0.0,0.0
2024-01-01 10:00:00,0.07716595706073803,0.07716595706073803
2024-01-01 11:00:00,0.25498271400871486,0.25498271400871486
2024-01-01 12:00:00,0.6175852126551469,0.6175852126551469
2024-01-01 13:00:00,0.7678660988775868,0.7678660988775868
2024-01-01 14:00:00,1.2874762683901007,1.2874762683901007
2024-01-01 15:00:00,1.8711283147269324,1.8711283147269324
2024-01-01 16:00:00,2.385647857201724,2.385647857201724
2024-01-01 17:00:00,2.220887173985315,2.220887173985315
2024-01-01 18:00:00,2.327437930361215,2.327437930361215
2024-01-01 19:00:00,2.0471392512083795,2.0471392512083795
2024-01-01 20:00:00,2.1792201795033708,2.1792201795033708
2024-01-01 21:00:00,1.8494494378149504,1.8494494378149504
2024-01-01 22:00:00,0.0,0.0
2024-01-01 23:00:00,0.0,0.0
2024-01-02 00:00:00,0.0,0.0
2024-01-02 01:00:00,0.0,0.0
2024-01-02 02:00:00,0.0,0.0
2024-01-02 03:00:00,0.0,0.0
2024-01-02 04:00:00,0.0,0.0
2024-01-02 05:00:00,0.0,0.0
2024-01-02 06:00:00,0.0,0.0
2024-01-02 07:00:00,0.0,0.0
2024-01-02 08:00:00,0.0,0.0
2024-01-02 09:00:00,0.0,0.0
2024-01-02 10:00:00,0.07657248188574181,0.07657248188574181
2024-01-02 11:00:00,0.28269182040944196,0.28269182040944196
2024-01-02 12:00:00,0.71866095062981,0.71866095062981
2024-01-02 13:00:00,1.0026416168926668,1.0026416168926668
2024-01-02 14:00:00,1.2736071140121918,1.2736071140121918
2024-01-02 15:00:00,1.7314773997723272,1.7314773997723272
2024-01-02 16:00:00,2.3924150262682726,2.3924150262682726
2024-01-02 17:00:00,2.6687890487871826,2.6687890487871826
2024-01-02 18:00:00,2.6224795643490952,2.6224795643490952
2024-01-02 19:00:00,2.5563543303924514,2.5563543303924514
2024-01-02 20:00:00,2.607955728158411,2.607955728158411
2024-01-02 21:00:00,2.2099513331207605,2.2099513331207605
2024-01-02 22:00:00,0.0,0.0
2024-01-02 23:00:00,0.0,0.0
2024-01-03 00:00:00,0.0,0.0
2024-01-03 01:00:00,0.0,0.0
2024-01-03 02:00:00,0.0,0.0
2024-01-03 03:00:00,0.0,0.0
2024-01-03 04:00:00,0.0,0.0
2024-01-03 05:00:00,0.0,0.0
2024-01-03 06:00:00,0.0,0.0
2024-01-03 07:00:00,0.0,0.0
2024-01-03 08:00:00,0.0,0.0
2024-01-03 09:00:00,0.0,0.0
2024-01-03 10:00:00,0.08270777724355723,0.08270777724355723
2024-01-03 11:00:00,0.32007435357479136,0.32007435357479136
2024-01-03 12:00:00,0.7125377075759296,0.7125377075759296
2024-01-03 13:00:00,1.0024119254497739,1.0024119254497739
2024-01-03 14:00:00,1.3850497622198212,1.3850497622198212
2024-01-03 15:00:00,2.013529755054155,2.013529755054155
2024-01-03 16:00:00,2.5490375690468356,2.5490375690468356
2024-01-03 17:00:00,2.3317927034729533,2.3317927034729533
2024-01-03 18:00:00,2.655005680498355,2.655005680498355
2024-01-03 19:00:00,1.9273784338006692,1.9273784338006692
2024-01-03 20:00:00,2.384914274899663,2.384914274899663
2024-01-03 21:00:00,2.3453963814096874,2.3453963814096874
2024-01-03 22:00:00,0.0,0.0
2024-01-03 23:00:00,0.0,0.0
2024-01-04 00:00:00,0.0,0.0
2024-01-04 01:00:00,0.0,0.0
2024-01-04 02:00:00,0.0,0.0
2024-01-04 03:00:00,0.0,0.0
2024-01-04 04:00:00,0.0,0.0
2024-01-04 05:00:00,0.0,0.0
2024-01-04 06:00:00,0.0,0.0
2024-01-04 07:00:00,0.0,0.0
2024-01-04 08:00:00,0.0,0.0
2024-01-04 09:00:00,0.0,0.0
2024-01-04 10:00:00,0.07709524568445912,0.07709524568445912
2024-01-04 11:00:00,0.2331113898371073,0.2331113898371073
2024-01-04 12:00:00,0.6706879627390956,0.6706879627390956
2024-01-04 13:00:00,0.9840358108445737,0.9840358108445737
2024-01-04 14:00:00,1.4407699980022632,1.4407699980022632
2024-01-04 15:00:00,1.5578398945388465,1.5578398945388465
2024-01-04 16:00:00,1.9006589211245766,1.9006589211245766
2024-01-04 17:00:00,2.3131892452899168,2.3131892452899168
2024-01-04 18:00:00,1.9095522976609585,1.9095522976609585
2024-01-04 19:00:00,2.0318803272557284,2.0318803272557284
2024-01-04 20:00:00,2.165736357886315,2.165736357886315
2024-01-04 21:00:00,2.078209207793857,2.078209207793857
2024-01-04 22:00:00,0.0,0.0
2024-01-04 23:00:00,0.0,0.0
2024-01-05 00:00:00,0.0,0.0
2024-01-05 01:00:00,0.0,0.0
2024-01-05 02:00:00,0.0,0.0
2024-01-05 03:00:00,0.0,0.0
2024-01-05 04:00:00,0.0,0.0
2024-01-05 05:00:00,0.0,0.0
2024-01-05 06:00:00,0.0,0.0
2024-01-05 07:00:00,0.0,0.0
2024-01-05 08:00:00,0.0,0.0
2024-01-05 09:00:00,0.0,0.0
2024-01-05 10:00:00,0.07454428025470965,0.07454428025470965
2024-01-05 11:00:00,0.31375916284355787,0.31375916284355787
2024-01-05 12:00:00,0.7248039076242946,0.7248039076242946
2024-01-05 13:00:00,1.1624129873510527,1.1624129873510527
2024-01-05 14:00:00,1.5197183078215986,1.5197183078215986
2024-01-05 15:00:00,2.097733676331604,2.097733676331604
2024-01-05 16:00:00,2.632310654073728,2.632310654073728
2024-01-05 17:00:00,2.3013063910713583,2.3013063910713583
2024-01-05 18:00:00,2.3268144640846304,2.3268144640846304
2024-01-05 19:00:00,2.629421128486048,2.629421128486048
2024-01-05 20:00:00,2.4188913130118848,2.4188913130118848
2024-01-05 21:00:00,2.406473646289186,2.406473646289186
2024-01-05 22:00:00,0.0,0.0
2024-01-05 23:00:00,0.0,0.0
2024-01-06 00:00:00,0.0,0.0
2024-01-06 01:00:00,0.0,0.0
2024-01-06 02:00:00,0.0,0.0
2024-01-06 03:00:00,0.0,0.0
2024-01-06 04:00:00,0.0,0.0
2024-01-06 05:00:00,0.0,0.0
2024-01-06 06:00:00,0.0,0.0
2024-01-06 07:00:00,0.0,0.0
2024-01-06 08:00:00,0.0,0.0
2024-01-06 09:00:00,0.0,0.0
2024-01-06 10:00:00,0.049479263387192815,0.049479263387192815
2024-01-06 11:00:00,0.22250908009541615,0.22250908009541615
2024-01-06 12:00:00,0.43246646691394725,0.43246646691394725
2024-01-06 13:00:00,0.7593469754684044,0.7593469754684044
2024-01-06 14:00:00,0.7834714107557967,0.7834714107557967
2024-01-06 15:00:00,1.3673603179336826,1.3673603179336826
2024-01-06 16:00:00,1.3264702425470005,1.3264702425470005
2024-01-06 17:00:00,1.6650290490869026,1.6650290490869026
2024-01-06 18:00:00,1.6243468307500983,1.6243468307500983
2024-01-06 19:00:00,1.7593206583818064,1.7593206583818064
2024-01-06 20:00:00,1.7668990143240144,1.7668990143240144
2024-01-06 21:00:00,1.5937898995685502,1.5937898995685502
2024-01-06 22:00:00,0.0,0.0
2024-01-06 23:00:00,0.0,0.0
2024-01-07 00:00:00,0.0,0.0
2024-01-07 01:00:00,0.0,0.0
2024-01-07 02:00:00,0.0,0.0
2024-01-07 03:00:00,0.0,0.0
2024-01-07 04:00:00,0.0,0.0
2024-01-07 05:00:00,0.0,0.0
2024-01-07 06:00:00,0.0,0.0
2024-01-07 07:00:00,0.0,0.0
2024-01-07 08:00:00,0.0,0.0
2024-01-07 09:00:00,0.0,0.0
2024-01-07 10:00:00,0.04973751917260198,0.04973751917260198
2024-01-07 11:00:00,0.19792524636405656,0.19792524636405656
2024-01-07 12:00:00,0.40477179606910996,0.40477179606910996
2024-01-07 13:00:00,0.6249662688420148,0.6249662688420148
2024-01-07 14:00:00,0.8064757904592104,0.8064757904592104
2024-01-07 15:00:00,1.292766307622291,1.292766307622291
2024-01-07 16:00:00,1.7222962593074826,1.7222962593074826
2024-01-07 17:00:00,1.5737903823667352,1.5737903823667352
2024-01-07 18:00:00,1.614529140771492,1.614529140771492
2024-01-07 19:00:00,1.4774800211592232,1.4774800211592232
2024-01-07 20:00:00,1.5034318514241245,1.5034318514241245
2024-01-07 21:00:00,1.2815786725313503,1.2815786725313503
2024-01-07 22:00:00,0.0,0.0
2024-01-07 23:00:00,0.0,0.0
2024-01-08 00:00:00,0.0,0.0
2024-01-08 01:00:00,0.0,0.0
2024-01-08 02:00:00,0.0,0.0
2024-01-08 03:00:00,0.0,0.0
2024-01-08 04:00:00,0.0,0.0
2024-01-08 05:00:00,0.0,0.0
2024-01-08 06:00:00,0.0,0.0
2024-01-08 07:00:00,0.0,0.0
2024-01-08 08:00:00,0.0,0.0
2024-01-08 09:00:00,0.0,0.0
2024-01-08 10:00:00,0.08429842184762053,0.08429842184762053
2024-01-08 11:00:00,0.27988825653665206,0.27988825653665206
2024-01-08 12:00:00,0.6256955327339179,0.6256955327339179
2024-01-08 13:00:00,1.0318054325304862,1.0318054325304862
2024-01-08 14:00:00,1.2602180877678104,1.2602180877678104
2024-01-08 15:00:00,1.774863757774509,1.774863757774509
2024-01-08 16:00:00,1.970835214714609,1.970835214714609
2024-01-08 17:00:00,2.2242697905527478,2.2242697905527478
2024-01-08 18:00:00,2.240152502360995,2.240152502360995
2024-01-08 19:00:00,2.0353383061784966,2.0353383061784966
2024-01-08 20:00:00,2.53797371904514,2.53797371904514
2024-01-08 21:00:00,1.8853450036538693,1.8853450036538693
2024-01-08 22:00:00,0.0,0.0
2024-01-08 23:00:00,0.0,0.0
2024-01-09 00:00:00,0.0,0.0
2024-01-09 01:00:00,0.0,0.0
2024-01-09 02:00:00,0.0,0.0
2024-01-09 03:00:00,0.0,0.0
2024-01-09 04:00:00,0.0,0.0
2024-01-09 05:00:00,0.0,0.0
2024-01-09 06:00:00,0.0,0.0
2024-01-09 07:00:00,0.0,0.0
2024-01-09 08:00:00,0.0,0.0
2024-01-09 09:00:00,0.0,0.0
2024-01-09 10:00:00,0.07678680188989233,0.07678680188989233
2024-01-09 11:00:00,0.3086784919003489,0.3086784919003489
2024-01-09 12:00:00,0.6590872468466558,0.6590872468466558
2024-01-09 13:00:00,0.9975412542335409,0.9975412542335409
2024-01-09 14:00:00,1.4149994429444739,1.4149994429444739
2024-01-09 15:00:00,1.837895875315531,1.837895875315531
2024-01-09 16:00:00,2.335977618602242,2.335977618602242
2024-01-09 17:00:00,2.1250033912181396,2.1250033912181396
2024-01-09 18:00:00,2.063275476883635,2.063275476883635
2024-01-09 19:00:00,1.8778618102707012,1.8778618102707012
2024-01-09 20:00:00,2.256712625466418,2.256712625466418
2024-01-09 21:00:00,1.8989663620430453,1.8989663620430453
2024-01-09 22:00:00,0.0,0.0
2024-01-09 23:00:00,0.0,0.0
2024-01-10 00:00:00,0.0,0.0
2024-01-10 01:00:00,0.0,0.0
2024-01-10 02:00:00,0.0,0.0
2024-01-10 03:00:00,0.0,0.0
2024-01-10 04:00:00,0.0,0.0
2024-01-10 05:00:00,0.0,0.0
2024-01-10 06:00:00,0.0,0.0
2024-01-10 07:00:00,0.0,0.0
2024-01-10 08:00:00,0.0,0.0
2024-01-10 09:00:00,0.0,0.0
2024-01-10 10:00:00,0.06781313469098317,0.06781313469098317
2024-01-10 11:00:00,0.2997183338169491,0.2997183338169491
2024-01-10 12:00:00,0.6520893213386154,0.6520893213386154
2024-01-10 13:00:00,0.9333689944868383,0.9333689944868383
2024-01-10 14:00:00,1.0768040990482284,1.0768040990482284
2024-01-10 15:00:00,1.601254759922508,1.601254759922508
2024-01-10 16:00:00,2.0728195165329475,2.0728195165329475
2024-01-10 17:00:00,2.4318664227887563,2.4318664227887563
2024-01-10 18:00:00,2.303167996381833,2.303167996381833
2024-01-10 19:00:00,2.287533637848762,2.287533637848762
2024-01-10 20:00:00,2.360955836334583,2.360955836334583
2024-01-10 21:00:00,1.9825925341574404,1.9825925341574404
2024-01-10 22:00:00,0.0,0.0
2024-01-10 23:00:00,0.0,0.0
2024-01-11 00:00:00,0.0,0.0
2024-01-11 01:00:00,0.0,0.0
2024-01-11 02:00:00,0.0,0.0
2024-01-11 03:00:00,0.0,0.0
2024-01-11 04:00:00,0.0,0.0
2024-01-11 05:00:00,0.0,0.0
2024-01-11 06:00:00,0.0,0.0
2024-01-11 07:00:00,0.0,0.0
2024-01-11 08:00:00,0.0,0.0
2024-01-11 09:00:00,0.0,0.0
2024-01-11 10:00:00,0.08678825403205576,0.08678825403205576
2024-01-11 11:00:00,0.3546390689671314,0.3546390689671314
2024-01-11 12:00:00,0.7095222327276374,0.7095222327276374
2024-01-11 13:00:00,1.1920927914923227,1.1920927914923227
2024-01-11 14:00:00,1.2757768489319246,1.2757768489319246
2024-01-11 15:00:00,1.9126192951333025,1.9126192951333025
2024-01-11 16:00:00,2.1056794769352067,2.1056794769352067
2024-01-11 17:00:00,3.0042180610208185,3.0042180610208185
2024-01-11 18:00:00,2.3572614070569613,2.3572614070569613
2024-01-11 19:00:00,2.139274446141117,2.139274446141117
2024-01-11 20:00:00,2.916995108907992,2.916995108907992
2024-01-11 21:00:00,2.5460289706241865,2.5460289706241865
2024-01-11 22:00:00,0.0,0.0
2024-01-11 23:00:00,0.0,0.0
2024-01-12 00:00:00,0.0,0.0
2024-01-12 01:00:00,0.0,0.0
2024-01-12 02:00:00,0.0,0.0
2024-01-12 03:00:00,0.0,0.0
2024-01-12 04:00:00,0.0,0.0
2024-01-12 05:00:00,0.0,0.0
2024-01-12 06:00:00,0.0,0.0
2024-01-12 07:00:00,0.0,0.0
2024-01-12 08:00:00,0.0,0.0
2024-01-12 09:00:00,0.0,0.0
2024-01-12 10:00:00,0.07623383383459793,0.07623383383459793
2024-01-12 11:00:00,0.2946812596318031,0.2946812596318031
2024-01-12 12:00:00,0.7158201155988111,0.7158201155988111
2024-01-12 13:00:00,1.0094008296449164,1.0094008296449164
2024-01-12 14:00:00,1.1753241680553075,1.1753241680553075
2024-01-12 15:00:00,1.8840440802083824,1.8840440802083824
2024-01-12 16:00:00,2.4045746223425115,2.4045746223425115
2024-01-12 17:00:00,2.7294416972501736,2.7294416972501736
2024-01-12 18:00:00,2.640542680382547,2.640542680382547
2024-01-12 19:00:00,1.9677707420671056,1.9677707420671056
2024-01-12 20:00:00,2.455460106520804,2.455460106520804
2024-01-12 21:00:00,2.049094677653182,2.049094677653182
2024-01-12 22:00:00,0.0,0.0
2024-01-12 23:00:00,0.0,0.0
2024-01-13 00:00:00,0.0,0.0
2024-01-13 01:00:00,0.0,0.0
2024-01-13 02:00:00,0.0,0.0
2024-01-13 03:00:00,0.0,0.0
2024-01-13 04:00:00,0.0,0.0
2024-01-13 05:00:00,0.0,0.0
2024-01-13 06:00:00,0.0,0.0
2024-01-13 07:00:00,0.0,0.0
2024-01-13 08:00:00,0.0,0.0
2024-01-13 09:00:00,0.0,0.0
2024-01-13 10:00:00,0.06495365896448188,0.06495365896448188
2024-01-13 11:00:00,0.18641410653968135,0.18641410653968135
2024-01-13 12:00:00,0.4963100121045052,0.4963100121045052
2024-01-13 13:00:00,0.7543068474685597,0.7543068474685597
2024-01-13 14:00:00,0.8789856996257219,0.8789856996257219
2024-01-13 15:00:00,1.1633160604391892,1.1633160604391892
2024-01-13 16:00:00,1.6716100215829994,1.6716100215829994
2024-01-13 17:00:00,1.4844794983236176,1.4844794983236176
2024-01-13 18:00:00,1.3897707592113426,1.3897707592113426
2024-01-13 19:00:00,1.5723452941743006,1.5723452941743006
2024-01-13 20:00:00,1.4099620534582455,1.4099620534582455
2024-01-13 21:00:00,1.4359573651054571,1.4359573651054571
2024-01-13 22:00:00,0.0,0.0
2024-01-13 23:00:00,0.0,0.0
2024-01-14 00:00:00,0.0,0.0
2024-01-14 01:00:00,0.0,0.0
2024-01-14 02:00:00,0.0,0.0
2024-01-14 03:00:00,0.0,0.0
2024-01-14 04:00:00,0.0,0.0
2024-01-14 05:00:00,0.0,0.0
2024-01-14 06:00:00,0.0,0.0
2024-01-14 07:00:00,0.0,0.0
2024-01-14 08:00:00,0.0,0.0
2024-01-14 09:00:00,0.0,0.0
2024-01-14 10:00:00,0.05414224237359447,0.05414224237359447
2024-01-14 11:00:00,0.2219209572081549,0.2219209572081549
2024-01-14 12:00:00,0.5164304418030997,0.5164304418030997
2024-01-14 13:00:00,0.7797515679958745,0.7797515679958745
2024-01-14 14:00:00,0.8593094166902407,0.8593094166902407
2024-01-14 15:00:00,1.2743360533090602,1.2743360533090602
2024-01-14 16:00:00,1.448832523477759,1.448832523477759
2024-01-14 17:00:00,1.7410737637473586,1.7410737637473586
2024-01-14 18:00:00,1.770299262542565,1.770299262542565
2024-01-14 19:00:00,1.45301057444799,1.45301057444799
2024-01-14 20:00:00,1.705923285683727,1.705923285683727
2024-01-14 21:00:00,1.7493011562747445,1.7493011562747445
2024-01-14 22:00:00,0.0,0.0
2024-01-14 23:00:00,0.0,0.0
2024-01-15 00:00:00,0.0,0.0
2024-01-15 01:00:00,0.0,0.0
2024-01-15 02:00:00,0.0,0.0
2024-01-15 03:00:00,0.0,0.0
2024-01-15 04:00:00,0.0,0.0
2024-01-15 05:00:00,0.0,0.0
2024-01-15 06:00:00,0.0,0.0
2024-01-15 07:00:00,0.0,0.0
2024-01-15 08:00:00,0.0,0.0
2024-01-15 09:00:00,0.0,0.0
2024-01-15 10:00:00,0.08354868125137621,0.08354868125137621
2024-01-15 11:00:00,0.2948389689356706,0.2948389689356706
2024-01-15 12:00:00,0.7367392971998197,0.7367392971998197
2024-01-15 13:00:00,0.9607816762516173,0.9607816762516173
2024-01-15 14:00:00,1.3629282856806781,1.3629282856806781
2024-01-15 15:00:00,1.5112235618354182,1.5112235618354182
2024-01-15 16:00:00,1.9089092273119175,1.9089092273119175
2024-01-15 17:00:00,2.186607057535333,2.186607057535333
2024-01-15 18:00:00,2.371528308997598,2.371528308997598
2024-01-15 19:00:00,2.050105179011374,2.050105179011374
2024-01-15 20:00:00,2.580576600417042,2.580576600417042
2024-01-15 21:00:00,1.8157590278314466,1.8157590278314466
2024-01-15 22:00:00,0.0,0.0
2024-01-15 23:00:00,0.0,0.0
2024-01-16 00:00:00,0.0,0.0
2024-01-16 01:00:00,0.0,0.0
2024-01-16 02:00:00,0.0,0.0
2024-01-16 03:00:00,0.0,0.0
2024-01-16 04:00:00,0.0,0.0
2024-01-16 05:00:00,0.0,0.0
2024-01-16 06:00:00,0.0,0.0
2024-01-16 07:00:00,0.0,0.0
2024-01-16 08:00:00,0.0,0.0
2024-01-16 09:00:00,0.0,0.0
2024-01-16 10:00:00,0.08079049856038734,0.08079049856038734
2024-01-16 11:00:00,0.26251100098756336,0.26251100098756336
2024-01-16 12:00:00,0.6909004617170248,0.6909004617170248
2024-01-16 13:00:00,0.8525092359965112,0.8525092359965112
2024-01-16 14:00:00,1.4013143783355182,1.4013143783355182
2024-01-16 15:00:00,1.804218976850519,1.804218976850519
2024-01-16 16:00:00,2.076437305107035,2.076437305107035
2024-01-16 17:00:00,2.5831234831774044,2.5831234831774044
2024-01-16 18:00:00,2.5215750393503074,2.5215750393503074
2024-01-16 19:00:00,2.3758686789048187,2.3758686789048187
2024-01-16 20:00:00,2.677587013569422,2.677587013569422
2024-01-16 21:00:00,2.2343685909096664,2.2343685909096664
2024-01-16 22:00:00,0.0,0.0
2024-01-16 23:00:00,0.0,0.0
2024-01-17 00:00:00,0.0,0.0
2024-01-17 01:00:00,0.0,0.0
2024-01-17 02:00:00,0.0,0.0
2024-01-17 03:00:00,0.0,0.0
2024-01-17 04:00:00,0.0,0.0
2024-01-17 05:00:00,0.0,0.0
2024-01-17 06:00:00,0.0,0.0
2024-01-17 07:00:00,0.0,0.0
2024-01-17 08:00:00,0.0,0.0
2024-01-17 09:00:00,0.0,0.0
2024-01-17 10:00:00,0.08539278237977083,0.08539278237977083
2024-01-17 11:00:00,0.32828570203623086,0.32828570203623086
2024-01-17 12:00:00,0.689611308278037,0.689611308278037
2024-01-17 13:00:00,1.0492658880508776,1.0492658880508776
2024-01-17 14:00:00,1.3689962665718767,1.3689962665718767
2024-01-17 15:00:00,1.8985258262986529,1.8985258262986529
2024-01-17 16:00:00,2.5039399494274286,2.5039399494274286
2024-01-17 17:00:00,2.8807603215045336,2.8807603215045336
2024-01-17 18:00:00,2.351762521902808,2.351762521902808
2024-01-17 19:00:00,2.6395718995360973,2.6395718995360973
2024-01-17 20:00:00,2.3370432975550073,2.3370432975550073
2024-01-17 21:00:00,2.5372645985596085,2.5372645985596085
2024-01-17 22:00:00,0.0,0.0
2024-01-17 23:00:00,0.0,0.0
2024-01-18 00:00:00,0.0,0.0
2024-01-18 01:00:00,0.0,0.0
2024-01-18 02:00:00,0.0,0.0
2024-01-18 03:00:00,0.0,0.0
2024-01-18 04:00:00,0.0,0.0
2024-01-18 05:00:00,0.0,0.0
2024-01-18 06:00:00,0.0,0.0
2024-01-18 07:00:00,0.0,0.0
2024-01-18 08:00:00,0.0,0.0
2024-01-18 09:00:00,0.0,0.0
2024-01-18 10:00:00,0.08615189980886191,0.08615189980886191
2024-01-18 11:00:00,0.25480338597370567,0.25480338597370567
2024-01-18 12:00:00,0.6432082632732323,0.6432082632732323
2024-01-18 13:00:00,0.9628219555238791,0.9628219555238791
2024-01-18 14:00:00,1.2831084357080713,1.2831084357080713
2024-01-18 15:00:00,2.038025362573596,2.038025362573596
2024-01-18 16:00:00,2.305455471506883,2.305455471506883
2024-01-18 17:00:00,2.3422009529496335,2.3422009529496335
2024-01-18 18:00:00,2.3188901206380996,2.3188901206380996
2024-01-18 19:00:00,2.12753949918072,2.12753949918072
2024-01-18 20:00:00,2.603029341170467,2.603029341170467
2024-01-18 21:00:00,2.0410736249790657,2.0410736249790657
2024-01-18 22:00:00,0.0,0.0
2024-01-18 23:00:00,0.0,0.0
2024-01-19 00:00:00,0.0,0.0
2024-01-19 01:00:00,0.0,0.0
2024-01-19 02:00:00,0.0,0.0
2024-01-19 03:00:00,0.0,0.0
2024-01-19 04:00:00,0.0,0.0
2024-01-19 05:00:00,0.0,0.0
2024-01-19 06:00:00,0.0,0.0
2024-01-19 07:00:00,0.0,0.0
2024-01-19 08:00:00,0.0,0.0
2024-01-19 09:00:00,0.0,0.0
2024-01-19 10:00:00,0.07180383450488008,0.07180383450488008
2024-01-19 11:00:00,0.26824353078554614,0.26824353078554614
2024-01-19 12:00:00,0.7401036041758803,0.7401036041758803
2024-01-19 13:00:00,1.0687459851130563,1.0687459851130563
2024-01-19 14:00:00,1.1584492229565702,1.1584492229565702
2024-01-19 15:00:00,1.5561432094776695,1.5561432094776695
2024-01-19 16:00:00,2.1467746708085493,2.1467746708085493
2024-01-19 17:00:00,2.3889082009474603,2.3889082009474603
2024-01-19 18:00:00,2.4270438803920222,2.4270438803920222
2024-01-19 19:00:00,2.5625475559844553,2.5625475559844553
2024-01-19 20:00:00,2.668914773573715,2.668914773573715
2024-01-19 21:00:00,2.4277278032034615,2.4277278032034615
2024-01-19 22:00:00,0.0,0.0
2024-01-19 23:00:00,0.0,0.0
2024-01-20 00:00:00,0.0,0.0
2024-01-20 01:00:00,0.0,0.0
2024-01-20 02:00:00,0.0,0.0
2024-01-20 03:00:00,0.0,0.0
2024-01-20 04:00:00,0.0,0.0
2024-01-20 05:00:00,0.0,0.0
2024-01-20 06:00:00,0.0,0.0
2024-01-20 07:00:00,0.0,0.0
2024-01-20 08:00:00,0.0,0.0
2024-01-20 09:00:00,0.0,0.0
2024-01-20 10:00:00,0.05226327551791357,0.05226327551791357
2024-01-20 11:00:00,0.21417763792574265,0.21417763792574265
2024-01-20 12:00:00,0.5418869356758897,0.5418869356758897
2024-01-20 13:00:00,0.6612097795349433,0.6612097795349433
2024-01-20 14:00:00,0.9510917976479979,0.9510917976479979
2024-01-20 15:00:00,1.2353424123469428,1.2353424123469428
2024-01-20 16:00:00,1.5381353249846574,1.5381353249846574
2024-01-20 17:00:00,1.8285246277962732,1.8285246277962732
2024-01-20 18:00:00,1.9239198053480184,1.9239198053480184
2024-01-20 19:00:00,1.450801660993247,1.450801660993247
2024-01-20 20:00:00,1.4739530094223887,1.4739530094223887
2024-01-20 21:00:00,1.5207468333853609,1.5207468333853609
2024-01-20 22:00:00,0.0,0.0
2024-01-20 23:00:00,0.0,0.0
2024-01-21 00:00:00,0.0,0.0
2024-01-21 01:00:00,0.0,0.0
2024-01-21 02:00:00,0.0,0.0
2024-01-21 03:00:00,0.0,0.0
2024-01-21 04:00:00,0.0,0.0
2024-01-21 05:00:00,0.0,0.0
2024-01-21 06:00:00,0.0,0.0
2024-01-21 07:00:00,0.0,0.0
2024-01-21 08:00:00,0.0,0.0
2024-01-21 09:00:00,0.0,0.0
2024-01-21 10:00:00,0.059868106699816515,0.059868106699816515
2024-01-21 11:00:00,0.19927911746126997,0.19927911746126997
2024-01-21 12:00:00,0.4626931366035814,0.4626931366035814
2024-01-21 13:00:00,0.6907729868013742,0.6907729868013742
2024-01-21 14:00:00,0.9136389817648598,0.9136389817648598
2024-01-21 15:00:00,1.168882811606583,1.168882811606583
2024-01-21 16:00:00,1.8025489640218275,1.8025489640218275
2024-01-21 17:00:00,1.8224055360719615,1.8224055360719615
2024-01-21 18:00:00,1.9837283648347475,1.9837283648347475
2024-01-21 19:00:00,1.7192935885922027,1.7192935885922027
2024-01-21 20:00:00,1.7197240670203116,1.7197240670203116
2024-01-21 21:00:00,1.8489550333154945,1.8489550333154945
2024-01-21 22:00:00,0.0,0.0
2024-01-21 23:00:00,0.0,0.0
2024-01-22 00:00:00,0.0,0.0
2024-01-22 01:00:00,0.0,0.0
2024-01-22 02:00:00,0.0,0.0
2024-01-22 03:00:00,0.0,0.0
2024-01-22 04:00:00,0.0,0.0
2024-01-22 05:00:00,0.0,0.0
2024-01-22 06:00:00,0.0,0.0
2024-01-22 07:00:00,0.0,0.0
2024-01-22 08:00:00,0.0,0.0
2024-01-22 09:00:00,0.0,0.0
2024-01-22 10:00:00,0.06899647640620679,0.06899647640620679
2024-01-22 11:00:00,0.2939881777523479,0.2939881777523479
2024-01-22 12:00:00,0.7058415074760398,0.7058415074760398
2024-01-22 13:00:00,0.8222642176383399,0.8222642176383399
2024-01-22 14:00:00,1.1245791596566743,1.1245791596566743
2024-01-22 15:00:00,1.5604135122803144,1.5604135122803144
2024-01-22 16:00:00,2.220131912850918,2.220131912850918
2024-01-22 17:00:00,2.2165225018670207,2.2165225018670207
2024-01-22 18:00:00,2.2816125763132855,2.2816125763132855
2024-01-22 19:00:00,2.4739179058702296,2.4739179058702296
2024-01-22 20:00:00,2.179598632298901,2.179598632298901
2024-01-22 21:00:00,1.8444034360683732,1.8444034360683732
2024-01-22 22:00:00,0.0,0.0
2024-01-22 23:00:00,0.0,0.0
2024-01-23 00:00:00,0.0,0.0
2024-01-23 01:00:00,0.0,0.0
2024-01-23 02:00:00,0.0,0.0
2024-01-23 03:00:00,0.0,0.0
2024-01-23 04:00:00,0.0,0.0
2024-01-23 05:00:00,0.0,0.0
2024-01-23 06:00:00,0.0,0.0
2024-01-23 07:00:00,0.0,0.0
2024-01-23 08:00:00,0.0,0.0
2024-01-23 09:00:00,0.0,0.0
2024-01-23 10:00:00,0.09147822809519861,0.09147822809519861
2024-01-23 11:00:00,0.299477478178046,0.299477478178046
2024-01-23 12:00:00,0.5795333825881951,0.5795333825881951
2024-01-23 13:00:00,0.8547705834141003,0.8547705834141003
2024-01-23 14:00:00,1.2488457847431202,1.2488457847431202
2024-01-23 15:00:00,1.746218012588803,1.746218012588803
2024-01-23 16:00:00,2.0792941100231936,2.0792941100231936
2024-01-23 17:00:00,2.812843339917935,2.812843339917935
2024-01-23 18:00:00,2.090617573915464,2.090617573915464
2024-01-23 19:00:00,2.291814480044255,2.291814480044255
2024-01-23 20:00:00,2.559853634405746,2.559853634405746
2024-01-23 21:00:00,2.1064303047056323,2.1064303047056323
2024-01-23 22:00:00,0.0,0.0
2024-01-23 23:00:00,0.0,0.0
2024-01-24 00:00:00,0.0,0.0
2024-01-24 01:00:00,0.0,0.0
2024-01-24 02:00:00,0.0,0.0
2024-01-24 03:00:00,0.0,0.0
2024-01-24 04:00:00,0.0,0.0
2024-01-24 05:00:00,0.0,0.0
2024-01-24 06:00:00,0.0,0.0
2024-01-24 07:00:00,0.0,0.0
2024-01-24 08:00:00,0.0,0.0
2024-01-24 09:00:00,0.0,0.0
2024-01-24 10:00:00,0.08826498039472853,0.08826498039472853
2024-01-24 11:00:00,0.2637790515693991,0.2637790515693991
2024-01-24 12:00:00,0.654923045880548,0.654923045880548
2024-01-24 13:00:00,0.9642318408201025,0.9642318408201025
2024-01-24 14:00:00,1.0507998787608508,1.0507998787608508
2024-01-24 15:00:00,1.906618068063156,1.906618068063156
2024-01-24 16:00:00,1.8656743860166465,1.8656743860166465
2024-01-24 17:00:00,2.4854974349259735,2.4854974349259735
2024-01-24 18:00:00,2.3197705302611893,2.3197705302611893
2024-01-24 19:00:00,1.9798415835183842,1.9798415835183842
2024-01-24 20:00:00,2.566959315295538,2.566959315295538
2024-01-24 21:00:00,1.8058715817840163,1.8058715817840163
2024-01-24 22:00:00,0.0,0.0
2024-01-24 23:00:00,0.0,0.0
2024-01-25 00:00:00,0.0,0.0
2024-01-25 01:00:00,0.0,0.0
2024-01-25 02:00:00,0.0,0.0
2024-01-25 03:00:00,0.0,0.0
2024-01-25 04:00:00,0.0,0.0
2024-01-25 05:00:00,0.0,0.0
2024-01-25 06:00:00,0.0,0.0
2024-01-25 07:00:00,0.0,0.0
2024-01-25 08:00:00,0.0,0.0
2024-01-25 09:00:00,0.0,0.0
2024-01-25 10:00:00,0.08162538664568941,0.08162538664568941
2024-01-25 11:00:00,0.24416920021969815,0.24416920021969815
2024-01-25 12:00:00,0.644012520996678,0.644012520996678
2024-01-25 13:00:00,0.8374194183683186,0.8374194183683186
2024-01-25 14:00:00,1.1288578072790316,1.1288578072790316
2024-01-25 15:00:00,1.9882170933854337,1.9882170933854337
2024-01-25 16:00:00,2.3732352124669753,2.3732352124669753
2024-01-25 17:00:00,2.514688797711099,2.514688797711099
2024-01-25 18:00:00,2.328210034055457,2.328210034055457
2024-01-25 19:00:00,2.535683149547857,2.535683149547857
2024-01-25 20:00:00,2.6572459226694463,2.6572459226694463
2024-01-25 21:00:00,2.064228619420252,2.064228619420252
2024-01-25 22:00:00,0.0,0.0
2024-01-25 23:00:00,0.0,0.0
2024-01-26 00:00:00,0.0,0.0
2024-01-26 01:00:00,0.0,0.0
2024-01-26 02:00:00,0.0,0.0
2024-01-26 03:00:00,0.0,0.0
2024-01-26 04:00:00,0.0,0.0
2024-01-26 05:00:00,0.0,0.0
2024-01-26 06:00:00,0.0,0.0
2024-01-26 07:00:00,0.0,0.0
2024-01-26 08:00:00,0.0,0.0
2024-01-26 09:00:00,0.0,0.0
2024-01-26 10:00:00,0.09528777470091222,0.09528777470091222
2024-01-26 11:00:00,0.28528989912184904,0.28528989912184904
2024-01-26 12:00:00,0.6223422941328633,0.6223422941328633
2024-01-26 13:00:00,0.9595324229396918,0.9595324229396918
2024-01-26 14:00:00,1.5179510879306974,1.5179510879306974
2024-01-26 15:00:00,2.0364625784971997,2.0364625784971997
2024-01-26 16:00:00,2.4169124411817897,2.4169124411817897
2024-01-26 17:00:00,2.6196645693731533,2.6196645693731533
2024-01-26 18:00:00,2.3849799883569918,2.3849799883569918
2024-01-26 19:00:00,2.335089887856176,2.335089887856176
2024-01-26 20:00:00,2.482812013532713,2.482812013532713
2024-01-26 21:00:00,2.073206850911312,2.073206850911312
2024-01-26 22:00:00,0.0,0.0
2024-01-26 23:00:00,0.0,0.0
2024-01-27 00:00:00,0.0,0.0
2024-01-27 01:00:00,0.0,0.0
2024-01-27 02:00:00,0.0,0.0
2024-01-27 03:00:00,0.0,0.0
2024-01-27 04:00:00,0.0,0.0
2024-01-27 05:00:00,0.0,0.0
2024-01-27 06:00:00,0.0,0.0
2024-01-27 07:00:00,0.0,0.0
2024-01-27 08:00:00,0.0,0.0
2024-01-27 09:00:00,0.0,0.0
2024-01-27 10:00:00,0.05741978503884489,0.05741978503884489
2024-01-27 11:00:00,0.2136591995042673,0.2136591995042673
2024-01-27 12:00:00,0.4645236728526569,0.4645236728526569
2024-01-27 13:00:00,0.6207626912797571,0.6207626912797571
2024-01-27 14:00:00,0.8217213126282424,0.8217213126282424
2024-01-27 15:00:00,1.3795580759408304,1.3795580759408304
2024-01-27 16:00:00,1.3926914741579133,1.3926914741579133
2024-01-27 17:00:00,1.9515669837675267,1.9515669837675267
2024-01-27 18:00:00,1.5909809427281578,1.5909809427281578
2024-01-27 19:00:00,1.790953287205127,1.790953287205127
2024-01-27 20:00:00,1.6564682282054468,1.6564682282054468
2024-01-27 21:00:00,1.5494338617235295,1.5494338617235295
2024-01-27 22:00:00,0.0,0.0
2024-01-27 23:00:00,0.0,0.0
2024-01-28 00:00:00,0.0,0.0
2024-01-28 01:00:00,0.0,0.0
2024-01-28 02:00:00,0.0,0.0
2024-01-28 03:00:00,0.0,0.0
2024-01-28 04:00:00,0.0,0.0
2024-01-28 05:00:00,0.0,0.0
2024-01-28 06:00:00,0.0,0.0
2024-01-28 07:00:00,0.0,0.0
2024-01-28 08:00:00,0.0,0.0
2024-01-28 09:00:00,0.0,0.0
2024-01-28 10:00:00,0.06036263268932151,0.06036263268932151
2024-01-28 11:00:00,0.20172213087645435,0.20172213087645435
2024-01-28 12:00:00,0.4982436169867837,0.4982436169867837
2024-01-28 13:00:00,0.6443409372024302,0.6443409372024302
2024-01-28 14:00:00,1.0119238447110908,1.0119238447110908
2024-01-28 15:00:00,1.4138346246903133,1.4138346246903133
2024-01-28 16:00:00,1.5789310692578011,1.5789310692578011
2024-01-28 17:00:00,1.9548285395711351,1.9548285395711351
2024-01-28 18:00:00,1.6151907336981806,1.6151907336981806
2024-01-28 19:00:00,1.7640247251927417,1.7640247251927417
2024-01-28 20:00:00,1.8140232209972258,1.8140232209972258
2024-01-28 21:00:00,1.5701931678362324,1.5701931678362324
2024-01-28 22:00:00,0.0,0.0
2024-01-28 23:00:00,0.0,0.0
2024-01-29 00:00:00,0.0,0.0
2024-01-29 01:00:00,0.0,0.0
2024-01-29 02:00:00,0.0,0.0
2024-01-29 03:00:00,0.0,0.0
2024-01-29 04:00:00,0.0,0.0
2024-01-29 05:00:00,0.0,0.0
2024-01-29 06:00:00,0.0,0.0
2024-01-29 07:00:00,0.0,0.0
2024-01-29 08:00:00,0.0,0.0
2024-01-29 09:00:00,0.0,0.0
2024-01-29 10:00:00,0.08582192373318187,0.08582192373318187
2024-01-29 11:00:00,0.286278483778848,0.286278483778848
2024-01-29 12:00:00,0.5479372060241102,0.5479372060241102
2024-01-29 13:00:00,0.9366980685216455,0.9366980685216455
2024-01-29 14:00:00,1.374249239539283,1.374249239539283
2024-01-29 15:00:00,1.5170982528344128,1.5170982528344128
2024-01-29 16:00:00,1.989733661092431,1.989733661092431
2024-01-29 17:00:00,2.190449323574628,2.190449323574628
2024-01-29 18:00:00,1.9388617514920878,1.9388617514920878
2024-01-29 19:00:00,2.2541376444168177,2.2541376444168177
2024-01-29 20:00:00,2.3397334467161097,2.3397334467161097
2024-01-29 21:00:00,1.8832514567604748,1.8832514567604748
2024-01-29 22:00:00,0.0,0.0
2024-01-29 23:00:00,0.0,0.0
2024-01-30 00:00:00,0.0,0.0
2024-01-30 01:00:00,0.0,0.0
2024-01-30 02:00:00,0.0,0.0
2024-01-30 03:00:00,0.0,0.0
2024-01-30 04:00:00,0.0,0.0
2024-01-30 05:00:00,0.0,0.0
2024-01-30 06:00:00,0.0,0.0
2024-01-30 07:00:00,0.0,0.0
2024-01-30 08:00:00,0.0,0.0
2024-01-30 09:00:00,0.0,0.0
2024-01-30 10:00:00,0.07131183390481204,0.07131183390481204
2024-01-30 11:00:00,0.2985101646545264,0.2985101646545264
2024-01-30 12:00:00,0.5908383009932259,0.5908383009932259
2024-01-30 13:00:00,0.9283628630966586,0.9283628630966586
2024-01-30 14:00:00,1.307185621718467,1.307185621718467
2024-01-30 15:00:00,1.9598402992738035,1.9598402992738035
2024-01-30 16:00:00,2.4298155048373613,2.4298155048373613
2024-01-30 17:00:00,2.342248518553282,2.342248518553282
2024-01-30 18:00:00,2.317946210664645,2.317946210664645
2024-01-30 19:00:00,1.8804431404833342,1.8804431404833342
2024-01-30 20:00:00,1.9795267275110433,1.9795267275110433
2024-01-30 21:00:00,1.818598626747273,1.818598626747273
2024-01-30 22:00:00,0.0,0.0
2024-01-30 23:00:00,0.0,0.0
2024-01-31 00:00:00,0.0,0.0
2024-01-31 01:00:00,0.0,0.0
2024-01-31 02:00:00,0.0,0.0
2024-01-31 03:00:00,0.0,0.0
2024-01-31 04:00:00,0.0,0.0
2024-01-31 05:00:00,0.0,0.0
2024-01-31 06:00:00,0.0,0.0
2024-01-31 07:00:00,0.0,0.0
2024-01-31 08:00:00,0.0,0.0
2024-01-31 09:00:00,0.0,0.0
2024-01-31 10:00:00,0.07762349682208908,0.07762349682208908
2024-01-31 11:00:00,0.25318589848100237,0.25318589848100237
2024-01-31 12:00:00,0.5979985568062124,0.5979985568062124
2024-01-31 13:00:00,0.9531956971084544,0.9531956971084544
2024-01-31 14:00:00,1.419347963435822,1.419347963435822
2024-01-31 15:00:00,1.5640363539351327,1.5640363539351327
2024-01-31 16:00:00,2.280202799551563,2.280202799551563
2024-01-31 17:00:00,2.5497830162594846,2.5497830162594846
2024-01-31 18:00:00,2.7263071447080374,2.7263071447080374
2024-01-31 19:00:00,2.1175787597893736,2.1175787597893736
2024-01-31 20:00:00,2.310506382038592,2.310506382038592
2024-01-31 21:00:00,2.3475445078808703,2.3475445078808703
2024-01-31 22:00:00,0.0,0.0
2024-01-31 23:00:00,0.0,0.0
2024-02-01 00:00:00,0.0,0.0
2024-02-01 01:00:00,0.0,0.0
2024-02-01 02:00:00,0.0,0.0
2024-02-01 03:00:00,0.0,0.0
2024-02-01 04:00:00,0.0,0.0
2024-02-01 05:00:00,0.0,0.0
2024-02-01 06:00:00,0.0,0.0
2024-02-01 07:00:00,0.0,0.0
2024-02-01 08:00:00,0.0,0.0
2024-02-01 09:00:00,0.0,0.0
2024-02-01 10:00:00,0.06743777837245876,0.06743777837245876
2024-02-01 11:00:00,0.2526089602454608,0.2526089602454608
2024-02-01 12:00:00,0.7057376645608966,0.7057376645608966
2024-02-01 13:00:00,0.9987917376330337,0.9987917376330337
2024-02-01 14:00:00,1.1134609358791767,1.1134609358791767
2024-02-01 15:00:00,1.74846910661355,1.74846910661355
2024-02-01 16:00:00,1.8245361732032237,1.8245361732032237
2024-02-01 17:00:00,2.0110749722868646,2.0110749722868646
2024-02-01 18:00:00,2.0866322827510406,2.0866322827510406
2024-02-01 19:00:00,2.2812253591847442,2.2812253591847442
2024-02-01 20:00:00,1.9583165372492157,1.9583165372492157
2024-02-01 21:00:00,1.7709821903275789,1.7709821903275789
2024-02-01 22:00:00,0.0,0.0
2024-02-01 23:00:00,0.0,0.0
2024-02-02 00:00:00,0.0,0.0
2024-02-02 01:00:00,0.0,0.0
2024-02-02 02:00:00,0.0,0.0
2024-02-02 03:00:00,0.0,0.0
2024-02-02 04:00:00,0.0,0.0
2024-02-02 05:00:00,0.0,0.0
2024-02-02 06:00:00,0.0,0.0
2024-02-02 07:00:00,0.0,0.0
2024-02-02 08:00:00,0.0,0.0
2024-02-02 09:00:00,0.0,0.0
2024-02-02 10:00:00,0.09957680986879275,0.09957680986879275
2024-02-02 11:00:00,0.34969736442850724,0.34969736442850724
2024-02-02 12:00:00,0.699669878304038,0.699669878304038
2024-02-02 13:00:00,1.0753945577305941,1.0753945577305941
2024-02-02 14:00:00,1.4163661135057934,1.4163661135057934
2024-02-02 15:00:00,1.8912215805196517,1.8912215805196517
2024-02-02 16:00:00,2.1829653246698086,2.1829653246698086
2024-02-02 17:00:00,2.4202336530404533,2.4202336530404533
2024-02-02 18:00:00,2.4680282109312963,2.4680282109312963
2024-02-02 19:00:00,2.3915679959642553,2.3915679959642553
2024-02-02 20:00:00,2.738006669825989,2.738006669825989
2024-02-02 21:00:00,2.079714304745128,2.079714304745128
2024-02-02 22:00:00,0.0,0.0
2024-02-02 23:00:00,0.0,0.0
2024-02-03 00:00:00,0.0,0.0
2024-02-03 01:00:00,0.0,0.0
2024-02-03 02:00:00,0.0,0.0
2024-02-03 03:00:00,0.0,0.0
2024-02-03 04:00:00,0.0,0.0
2024-02-03 05:00:00,0.0,0.0
2024-02-03 06:00:00,0.0,0.0
2024-02-03 07:00:00,0.0,0.0
2024-02-03 08:00:00,0.0,0.0
2024-02-03 09:00:00,0.0,0.0
2024-02-03 10:00:00,0.0475199304796528,0.0475199304796528
2024-02-03 11:00:00,0.2155643700135742,0.2155643700135742
2024-02-03 12:00:00,0.4549211970712172,0.4549211970712172
2024-02-03 13:00:00,0.6949394575952453,0.6949394575952453
2024-02-03 14:00:00,0.8302465861451696,0.8302465861451696
2024-02-03 15:00:00,1.0719959554326834,1.0719959554326834
2024-02-03 16:00:00,1.3584991019108057,1.3584991019108057
2024-02-03 17:00:00,1.436677418124924,1.436677418124924
2024-02-03 18:00:00,1.731494503363835,1.731494503363835
2024-02-03 19:00:00,1.3894332120951145,1.3894332120951145
2024-02-03 20:00:00,1.442658122902925,1.442658122902925
2024-02-03 21:00:00,1.5726333408944182,1.5726333408944182
2024-02-03 22:00:00,0.0,0.0
2024-02-03 23:00:00,0.0,0.0
2024-02-04 00:00:00,0.0,0.0
2024-02-04 01:00:00,0.0,0.0
2024-02-04 02:00:00,0.0,0.0
2024-02-04 03:00:00,0.0,0.0
2024-02-04 04:00:00,0.0,0.0
2024-02-04 05:00:00,0.0,0.0
2024-02-04 06:00:00,0.0,0.0
2024-02-04 07:00:00,0.0,0.0
2024-02-04 08:00:00,0.0,0.0
2024-02-04 09:00:00,0.0,0.0
2024-02-04 10:00:00,0.06517511296504357,0.06517511296504357
2024-02-04 11:00:00,0.17671801208105786,0.17671801208105786
2024-02-04 12:00:00,0.5149679894159344,0.5149679894159344
2024-02-04 13:00:00,0.694954699694132,0.694954699694132
2024-02-04 14:00:00,1.0684224476746007,1.0684224476746007
2024-02-04 15:00:00,1.3235377715063452,1.3235377715063452
2024-02-04 16:00:00,1.7950860174771006,1.7950860174771006
2024-02-04 17:00:00,2.027981086306658,2.027981086306658
2024-02-04 18:00:00,1.8872571846051482,1.8872571846051482
2024-02-04 19:00:00,1.558261292534759,1.558261292534759
2024-02-04 20:00:00,1.5332846998105045,1.5332846998105045
2024-02-04 21:00:00,1.357829446711051,1.357829446711051
2024-02-04 22:00:00,0.0,0.0
2024-02-04 23:00:00,0.0,0.0
2024-02-05 00:00:00,0.0,0.0
2024-02-05 01:00:00,0.0,0.0
2024-02-05 02:00:00,0.0,0.0
2024-02-05 03:00:00,0.0,0.0
2024-02-05 04:00:00,0.0,0.0
2024-02-05 05:00:00,0.0,0.0
2024-02-05 06:00:00,0.0,0.0
2024-02-05 07:00:00,0.0,0.0
2024-02-05 08:00:00,0.0,0.0
2024-02-05 09:00:00,0.0,0.0
2024-02-05 10:00:00,0.08296610003304339,0.08296610003304339
2024-02-05 11:00:00,0.30797188018257127,0.30797188018257127
2024-02-05 12:00:00,0.6011032154860914,0.6011032154860914
2024-02-05 13:00:00,0.8569503572154172,0.8569503572154172
2024-02-05 14:00:00,1.1036053532427328,1.1036053532427328
2024-02-05 15:00:00,1.9018339016137649,1.9018339016137649
2024-02-05 16:00:00,2.07882569610218,2.07882569610218
2024-02-05 17:00:00,2.2772558694174374,2.2772558694174374
2024-02-05 18:00:00,2.607709630732842,2.607709630732842
2024-02-05 19:00:00,2.495732838842256,2.495732838842256
2024-02-05 20:00:00,2.263456963019727,2.263456963019727
2024-02-05 21:00:00,1.9978471133231086,1.9978471133231086
2024-02-05 22:00:00,0.0,0.0
2024-02-05 23:00:00,0.0,0.0
2024-02-06 00:00:00,0.0,0.0
2024-02-06 01:00:00,0.0,0.0
2024-02-06 02:00:00,0.0,0.0
2024-02-06 03:00:00,0.0,0.0
2024-02-06 04:00:00,0.0,0.0
2024-02-06 05:00:00,0.0,0.0
2024-02-06 06:00:00,0.0,0.0
2024-02-06 07:00:00,0.0,0.0
2024-02-06 08:00:00,0.0,0.0
2024-02-06 09:00:00,0.0,0.0
2024-02-06 10:00:00,0.08953378212723212,0.08953378212723212
2024-02-06 11:00:00,0.24854417753011623,0.24854417753011623
2024-02-06 12:00:00,0.6205909529716845,0.6205909529716845
2024-02-06 13:00:00,1.0871582896480259,1.0871582896480259
2024-02-06 14:00:00,1.3574647710196692,1.3574647710196692
2024-02-06 15:00:00,1.5421505624626037,1.5421505624626037
2024-02-06 16:00:00,2.207556531735219,2.207556531735219
2024-02-06 17:00:00,2.5604664362171166,2.5604664362171166
2024-02-06 18:00:00,2.389343052516744,2.389343052516744
2024-02-06 19:00:00,2.1454283464614607,2.1454283464614607
2024-02-06 20:00:00,2.371291609671616,2.371291609671616
2024-02-06 21:00:00,2.0058474521222074,2.0058474521222074
2024-02-06 22:00:00,0.0,0.0
2024-02-06 23:00:00,0.0,0.0
2024-02-07 00:00:00,0.0,0.0
2024-02-07 01:00:00,0.0,0.0
2024-02-07 02:00:00,0.0,0.0
2024-02-07 03:00:00,0.0,0.0
2024-02-07 04:00:00,0.0,0.0
2024-02-07 05:00:00,0.0,0.0
2024-02-07 06:00:00,0.0,0.0
2024-02-07 07:00:00,0.0,0.0
2024-02-07 08:00:00,0.0,0.0
2024-02-07 09:00:00,0.0,0.0
2024-02-07 10:00:00,0.09100426580556104,0.09100426580556104
2024-02-07 11:00:00,0.2890422786592102,0.2890422786592102
2024-02-07 12:00:00,0.6716361061318586,0.6716361061318586
2024-02-07 13:00:00,0.9330878898717112,0.9330878898717112
2024-02-07 14:00:00,1.2240098589763573,1.2240098589763573
2024-02-07 15:00:00,1.5665996430216405,1.5665996430216405
2024-02-07 16:00:00,2.2324515261840165,2.2324515261840165
2024-02-07 17:00:00,2.0904380289364117,2.0904380289364117
2024-02-07 18:00:00,2.5019613872479707,2.5019613872479707
2024-02-07 19:00:00,2.223163091722778,2.223163091722778
2024-02-07 20:00:00,2.034168680292071,2.034168680292071
2024-02-07 21:00:00,2.105583465787215,2.105583465787215
2024-02-07 22:00:00,0.0,0.0
2024-02-07 23:00:00,0.0,0.0
2024-02-08 00:00:00,0.0,0.0
2024-02-08 01:00:00,0.0,0.0
2024-02-08 02:00:00,0.0,0.0
2024-02-08 03:00:00,0.0,0.0
2024-02-08 04:00:00,0.0,0.0
2024-02-08 05:00:00,0.0,0.0
2024-02-08 06:00:00,0.0,0.0
2024-02-08 07:00:00,0.0,0.0
2024-02-08 08:00:00,0.0,0.0
2024-02-08 09:00:00,0.0,0.0
2024-02-08 10:00:00,0.0782529441177941,0.0782529441177941
2024-02-08 11:00:00,0.27891927746906775,0.27891927746906775
2024-02-08 12:00:00,0.718991331559638,0.718991331559638
2024-02-08 13:00:00,0.9967341187735187,0.9967341187735187
2024-02-08 14:00:00,1.2500915480411139,1.2500915480411139
2024-02-08 15:00:00,2.189964252975689,2.189964252975689
2024-02-08 16:00:00,2.5024806578182344,2.5024806578182344
2024-02-08 17:00:00,2.8050150792336868,2.8050150792336868
2024-02-08 18:00:00,2.615499352431595,2.615499352431595
2024-02-08 19:00:00,2.1181234347941054,2.1181234347941054
2024-02-08 20:00:00,2.7167893794276217,2.7167893794276217
2024-02-08 21:00:00,2.1527590304977244,2.1527590304977244
2024-02-08 22:00:00,0.0,0.0
2024-02-08 23:00:00,0.0,0.0
2024-02-09 00:00:00,0.0,0.0
2024-02-09 01:00:00,0.0,0.0
2024-02-09 02:00:00,0.0,0.0
2024-02-09 03:00:00,0.0,0.0
2024-02-09 04:00:00,0.0,0.0
2024-02-09 05:00:00,0.0,0.0
2024-02-09 06:00:00,0.0,0.0
2024-02-09 07:00:00,0.0,0.0
2024-02-09 08:00:00,0.0,0.0
2024-02-09 09:00:00,0.0,0.0
2024-02-09 10:00:00,0.08535805592507342,0.08535805592507342
2024-02-09 11:00:00,0.2760623701501804,0.2760623701501804
2024-02-09 12:00:00,0.6842042887155128,0.6842042887155128
2024-02-09 13:00:00,1.1026462970828288,1.1026462970828288
2024-02-09 14:00:00,1.2887586352081746,1.2887586352081746
2024-02-09 15:00:00,2.111737780536418,2.111737780536418
2024-02-09 16:00:00,2.149249474787846,2.149249474787846
2024-02-09 17:00:00,2.7812006692783324,2.7812006692783324
2024-02-09 18:00:00,2.5715997901971965,2.5715997901971965
2024-02-09 19:00:00,2.1089157516951116,2.1089157516951116
2024-02-09 20:00:00,2.5255625023631287,2.5255625023631287
2024-02-09 21:00:00,2.613047337304852,2.613047337304852
2024-02-09 22:00:00,0.0,0.0
2024-02-09 23:00:00,0.0,0.0
2024-02-10 00:00:00,0.0,0.0
2024-02-10 01:00:00,0.0,0.0
2024-02-10 02:00:00,0.0,0.0
2024-02-10 03:00:00,0.0,0.0
2024-02-10 04:00:00,0.0,0.0
2024-02-10 05:00:00,0.0,0.0
2024-02-10 06:00:00,0.0,0.0
2024-02-10 07:00:00,0.0,0.0
2024-02-10 08:00:00,0.0,0.0
2024-02-10 09:00:00,0.0,0.0
2024-02-10 10:00:00,0.05479684787577115,0.05479684787577115
2024-02-10 11:00:00,0.19862036712863296,0.19862036712863296
2024-02-10 12:00:00,0.45181413970507106,0.45181413970507106
2024-02-10 13:00:00,0.8043739636218579,0.8043739636218579
2024-02-10 14:00:00,0.9079731562822264,0.9079731562822264
2024-02-10 15:00:00,1.3038623436930437,1.3038623436930437
2024-02-10 16:00:00,1.534324331092432,1.534324331092432
2024-02-10 17:00:00,1.8110746628367977,1.8110746628367977
2024-02-10 18:00:00,1.9499484653873727,1.9499484653873727
2024-02-10 19:00:00,1.4349090455521354,1.4349090455521354
2024-02-10 20:00:00,1.8272127464030163,1.8272127464030163
2024-02-10 21:00:00,1.4957378441012916,1.4957378441012916
2024-02-10 22:00:00,0.0,0.0
2024-02-10 23:00:00,0.0,0.0
2024-02-11 00:00:00,0.0,0.0
2024-02-11 01:00:00,0.0,0.0
2024-02-11 02:00:00,0.0,0.0
2024-02-11 03:00:00,0.0,0.0
2024-02-11 04:00:00,0.0,0.0
2024-02-11 05:00:00,0.0,0.0
2024-02-11 06:00:00,0.0,0.0
2024-02-11 07:00:00,0.0,0.0
2024-02-11 08:00:00,0.0,0.0
2024-02-11 09:00:00,0.0,0.0
2024-02-11 10:00:00,0.05663713715320291,0.05663713715320291
2024-02-11 11:00:00,0.21292572427095263,0.21292572427095263
2024-02-11 12:00:00,0.5070808112007196,0.5070808112007196
2024-02-11 13:00:00,0.6076930291486954,0.6076930291486954
2024-02-11 14:00:00,1.0655898277973415,1.0655898277973415
2024-02-11 15:00:00,1.2993083770310134,1.2993083770310134
2024-02-11 16:00:00,1.7686444380637092,1.7686444380637092
2024-02-11 17:00:00,1.7734275168029585,1.7734275168029585
2024-02-11 18:00:00,1.8400279823805263,1.8400279823805263
2024-02-11 19:00:00,1.3538120291605447,1.3538120291605447
2024-02-11 20:00:00,1.752227484221346,1.752227484221346
2024-02-11 21:00:00,1.4559106584837602,1.4559106584837602
2024-02-11 22:00:00,0.0,0.0
2024-02-11 23:00:00,0.0,0.0
2024-02-12 00:00:00,0.0,0.0
2024-02-12 01:00:00,0.0,0.0
2024-02-12 02:00:00,0.0,0.0
2024-02-12 03:00:00,0.0,0.0
2024-02-12 04:00:00,0.0,0.0
2024-02-12 05:00:00,0.0,0.0
2024-02-12 06:00:00,0.0,0.0
2024-02-12 07:00:00,0.0,0.0
2024-02-12 08:00:00,0.0,0.0
2024-02-12 09:00:00,0.0,0.0
2024-02-12 10:00:00,0.07696978127620353,0.07696978127620353
2024-02-12 11:00:00,0.32113531242295185,0.32113531242295185
2024-02-12 12:00:00,0.6482731329111178,0.6482731329111178
2024-02-12 13:00:00,1.0717168838500641,1.0717168838500641
2024-02-12 14:00:00,1.5888599946176474,1.5888599946176474
2024-02-12 15:00:00,1.9253391690417452,1.9253391690417452
2024-02-12 16:00:00,2.124895806894286,2.124895806894286
2024-02-12 17:00:00,2.7379628613842524,2.7379628613842524
2024-02-12 18:00:00,2.189836981019766,2.189836981019766
2024-02-12 19:00:00,2.2927875473383827,2.2927875473383827
2024-02-12 20:00:00,2.266904298393434,2.266904298393434
2024-02-12 21:00:00,2.3523053257910447,2.3523053257910447
2024-02-12 22:00:00,0.0,0.0
2024-02-12 23:00:00,0.0,0.0
2024-02-13 00:00:00,0.0,0.0
2024-02-13 01:00:00,0.0,0.0
2024-02-13 02:00:00,0.0,0.0
2024-02-13 03:00:00,0.0,0.0
2024-02-13 04:00:00,0.0,0.0
2024-02-13 05:00:00,0.0,0.0
2024-02-13 06:00:00,0.0,0.0
2024-02-13 07:00:00,0.0,0.0
2024-02-13 08:00:00,0.0,0.0
2024-02-13 09:00:00,0.0,0.0
2024-02-13 10:00:00,0.08721936898601401,0.08721936898601401
2024-02-13 11:00:00,0.24689276042217545,0.24689276042217545
2024-02-13 12:00:00,0.591955154994765,0.591955154994765
2024-02-13 13:00:00,0.9137172285454996,0.9137172285454996
2024-02-13 14:00:00,1.378220093011258,1.378220093011258
2024-02-13 15:00:00,1.6076600218740884,1.6076600218740884
2024-02-13 16:00:00,2.0216093620461173,2.0216093620461173
2024-02-13 17:00:00,2.2293857736283345,2.2293857736283345
2024-02-13 18:00:00,2.623697891325239,2.623697891325239
2024-02-13 19:00:00,2.010115214376023,2.010115214376023
2024-02-13 20:00:00,2.3487540893000824,2.3487540893000824
2024-02-13 21:00:00,2.17471438488144,2.17471438488144
2024-02-13 22:00:00,0.0,0.0
2024-02-13 23:00:00,0.0,0.0
2024-02-14 00:00:00,0.0,0.0
2024-02-14 01:00:00,0.0,0.0
2024-02-14 02:00:00,0.0,0.0
2024-02-14 03:00:00,0.0,0.0
2024-02-14 04:00:00,0.0,0.0
2024-02-14 05:00:00,0.0,0.0
2024-02-14 06:00:00,0.0,0.0
2024-02-14 07:00:00,0.0,0.0
2024-02-14 08:00:00,0.0,0.0
2024-02-14 09:00:00,0.0,0.0
2024-02-14 10:00:00,0.09183810032760772,0.09183810032760772
2024-02-14 11:00:00,0.29179210128112126,0.29179210128112126
2024-02-14 12:00:00,0.6745196573365682,0.6745196573365682
2024-02-14 13:00:00,0.9455790134260527,0.9455790134260527
2024-02-14 14:00:00,1.4124878136223382,1.4124878136223382
2024-02-14 15:00:00,1.665598865141349,1.665598865141349
2024-02-14 16:00:00,2.227305664239783,2.227305664239783
2024-02-14 17:00:00,2.6699359038903925,2.6699359038903925
2024-02-14 18:00:00,2.7783800005215418,2.7783800005215418
2024-02-14 19:00:00,2.334623054454726,2.334623054454726
2024-02-14 20:00:00,2.457361622899287,2.457361622899287
2024-02-14 21:00:00,2.1418178672723602,2.1418178672723602
2024-02-14 22:00:00,0.0,0.0
2024-02-14 23:00:00,0.0,0.0
2024-02-15 00:00:00,0.0,0.0
2024-02-15 01:00:00,0.0,0.0
2024-02-15 02:00:00,0.0,0.0
2024-02-15 03:00:00,0.0,0.0
2024-02-15 04:00:00,0.0,0.0
2024-02-15 05:00:00,0.0,0.0
2024-02-15 06:00:00,0.0,0.0
2024-02-15 07:00:00,0.0,0.0
2024-02-15 08:00:00,0.0,0.0
2024-02-15 09:00:00,0.0,0.0
2024-02-15 10:00:00,0.0980587847494878,0.0980587847494878
2024-02-15 11:00:00,0.3219171082704354,0.3219171082704354
2024-02-15 12:00:00,0.7878307991586219,0.7878307991586219
2024-02-15 13:00:00,1.0151617744084689,1.0151617744084689
2024-02-15 14:00:00,1.4954854242412696,1.4954854242412696
2024-02-15 15:00:00,2.09634676013851,2.09634676013851
2024-02-15 16:00:00,2.2807590389304457,2.2807590389304457
2024-02-15 17:00:00,2.818470431642175,2.818470431642175
2024-02-15 18:00:00,2.6163894395998266,2.6163894395998266
2024-02-15 19:00:00,2.168258346635803,2.168258346635803
2024-02-15 20:00:00,2.5082317183695686,2.5082317183695686
2024-02-15 21:00:00,2.208623668143312,2.208623668143312
2024-02-15 22:00:00,0.0,0.0
2024-02-15 23:00:00,0.0,0.0
2024-02-16 00:00:00,0.0,0.0
2024-02-16 01:00:00,0.0,0.0
2024-02-16 02:00:00,0.0,0.0
2024-02-16 03:00:00,0.0,0.0
2024-02-16 04:00:00,0.0,0.0
2024-02-16 05:00:00,0.0,0.0
2024-02-16 06:00:00,0.0,0.0
2024-02-16 07:00:00,0.0,0.0
2024-02-16 08:00:00,0.0,0.0
2024-02-16 09:00:00,0.0,0.0
2024-02-16 10:00:00,0.08826365858798035,0.08826365858798035
2024-02-16 11:00:00,0.3488139966367214,0.3488139966367214
2024-02-16 12:00:00,0.6738739455973992,0.6738739455973992
2024-02-16 13:00:00,1.0380940753070858,1.0380940753070858
2024-02-16 14:00:00,1.4495467841648666,1.4495467841648666
2024-02-16 15:00:00,1.8291522646771678,1.8291522646771678
2024-02-16 16:00:00,2.697054837765834,2.697054837765834
2024-02-16 17:00:00,2.941709842418125,2.941709842418125
2024-02-16 18:00:00,2.6540354297774953,2.6540354297774953
2024-02-16 19:00:00,2.4704421123087994,2.4704421123087994
2024-02-16 20:00:00,2.638074931324968,2.638074931324968
2024-02-16 21:00:00,2.4195471868020535,2.4195471868020535
2024-02-16 22:00:00,0.0,0.0
2024-02-16 23:00:00,0.0,0.0
2024-02-17 00:00:00,0.0,0.0
2024-02-17 01:00:00,0.0,0.0
2024-02-17 02:00:00,0.0,0.0
2024-02-17 03:00:00,0.0,0.0
2024-02-17 04:00:00,0.0,0.0
2024-02-17 05:00:00,0.0,0.0
2024-02-17 06:00:00,0.0,0.0
2024-02-17 07:00:00,0.0,0.0
2024-02-17 08:00:00,0.0,0.0
2024-02-17 09:00:00,0.0,0.0
2024-02-17 10:00:00,0.06099933103972949,0.06099933103972949
2024-02-17 11:00:00,0.18005079014784753,0.18005079014784753
2024-02-17 12:00:00,0.4575711366722757,0.4575711366722757
2024-02-17 13:00:00,0.651474988434506,0.651474988434506
2024-02-17 14:00:00,0.984465860886564,0.984465860886564
2024-02-17 15:00:00,1.0785896602374354,1.0785896602374354
2024-02-17 16:00:00,1.5897383368327107,1.5897383368327107
2024-02-17 17:00:00,1.7259097054393502,1.7259097054393502
2024-02-17 18:00:00,1.3746918635192484,1.3746918635192484
2024-02-17 19:00:00,1.54048350681821,1.54048350681821
2024-02-17 20:00:00,1.7016516276249303,1.7016516276249303
2024-02-17 21:00:00,1.5030253151851756,1.5030253151851756
2024-02-17 22:00:00,0.0,0.0
2024-02-17 23:00:00,0.0,0.0
2024-02-18 00:00:00,0.0,0.0
2024-02-18 01:00:00,0.0,0.0
2024-02-18 02:00:00,0.0,0.0
2024-02-18 03:00:00,0.0,0.0
2024-02-18 04:00:00,0.0,0.0
2024-02-18 05:00:00,0.0,0.0
2024-02-18 06:00:00,0.0,0.0
2024-02-18 07:00:00,0.0,0.0
2024-02-18 08:00:00,0.0,0.0
2024-02-18 09:00:00,0.0,0.0
2024-02-18 10:00:00,0.05410797992147159,0.05410797992147159
2024-02-18 11:00:00,0.19419894259883075,0.19419894259883075
2024-02-18 12:00:00,0.45701238740219463,0.45701238740219463
2024-02-18 13:00:00,0.6607634785696299,0.6607634785696299
2024-02-18 14:00:00,0.9262319492346013,0.9262319492346013
2024-02-18 15:00:00,1.2130374218817856,1.2130374218817856
2024-02-18 16:00:00,1.6468856644349081,1.6468856644349081
2024-02-18 17:00:00,1.50548156067737,1.50548156067737
2024-02-18 18:00:00,1.7552000743857594,1.7552000743857594
2024-02-18 19:00:00,1.470582317273239,1.470582317273239
2024-02-18 20:00:00,1.7648282122417744,1.7648282122417744
2024-02-18 21:00:00,1.3452722867440292,1.3452722867440292
2024-02-18 22:00:00,0.0,0.0
2024-02-18 23:00:00,0.0,0.0
2024-02-19 00:00:00,0.0,0.0
2024-02-19 01:00:00,0.0,0.0
2024-02-19 02:00:00,0.0,0.0
2024-02-19 03:00:00,0.0,0.0
2024-02-19 04:00:00,0.0,0.0
2024-02-19 05:00:00,0.0,0.0
2024-02-19 06:00:00,0.0,0.0
2024-02-19 07:00:00,0.0,0.0
2024-02-19 08:00:00,0.0,0.0
2024-02-19 09:00:00,0.0,0.0
2024-02-19 10:00:00,0.09795220102991865,0.09795220102991865
2024-02-19 11:00:00,0.2976814938255305,0.2976814938255305
2024-02-19 12:00:00,0.7647462207689426,0.7647462207689426
2024-02-19 13:00:00,0.9729715009866947,0.9729715009866947
2024-02-19 14:00:00,1.4879164723161662,1.4879164723161662
2024-02-19 15:00:00,1.7724188994839012,1.7724188994839012
2024-02-19 16:00:00,2.128843796450358,2.128843796450358
2024-02-19 17:00:00,2.5136652161540436,2.5136652161540436
2024-02-19 18:00:00,2.5847718292325723,2.5847718292325723
2024-02-19 19:00:00,2.6684569400265943,2.6684569400265943
2024-02-19 20:00:00,2.547567887672324,2.547567887672324
2024-02-19 21:00:00,2.239781865551348,2.239781865551348
2024-02-19 22:00:00,0.0,0.0
2024-02-19 23:00:00,0.0,0.0
2024-02-20 00:00:00,0.0,0.0
2024-02-20 01:00:00,0.0,0.0
2024-02-20 02:00:00,0.0,0.0
2024-02-20 03:00:00,0.0,0.0
2024-02-20 04:00:00,0.0,0.0
2024-02-20 05:00:00,0.0,0.0
2024-02-20 06:00:00,0.0,0.0
2024-02-20 07:00:00,0.0,0.0
2024-02-20 08:00:00,0.0,0.0
2024-02-20 09:00:00,0.0,0.0
2024-02-20 10:00:00,0.09683332216437944,0.09683332216437944
2024-02-20 11:00:00,0.2937757445580189,0.2937757445580189
2024-02-20 12:00:00,0.805359134878837,0.805359134878837
2024-02-20 13:00:00,1.1137596804437764,1.1137596804437764
2024-02-20 14:00:00,1.5124848964188458,1.5124848964188458
2024-02-20 15:00:00,2.1835084872256663,2.1835084872256663
2024-02-20 16:00:00,2.442354631069698,2.442354631069698
2024-02-20 17:00:00,3.0709714601593565,3.0709714601593565
2024-02-20 18:00:00,2.577832170329769,2.577832170329769
2024-02-20 19:00:00,2.16042768995986,2.16042768995986
2024-02-20 20:00:00,2.7524891189324965,2.7524891189324965
2024-02-20 21:00:00,2.1342328349548114,2.1342328349548114
2024-02-20 22:00:00,0.0,0.0
2024-02-20 23:00:00,0.0,0.0
2024-02-21 00:00:00,0.0,0.0
2024-02-21 01:00:00,0.0,0.0
2024-02-21 02:00:00,0.0,0.0
2024-02-21 03:00:00,0.0,0.0
2024-02-21 04:00:00,0.0,0.0
2024-02-21 05:00:00,0.0,0.0
2024-02-21 06:00:00,0.0,0.0
2024-02-21 07:00:00,0.0,0.0
2024-02-21 08:00:00,0.0,0.0
2024-02-21 09:00:00,0.0,0.0
2024-02-21 10:00:00,0.08734192030284492,0.08734192030284492
2024-02-21 11:00:00,0.2793768449929728,0.2793768449929728
2024-02-21 12:00:00,0.5994225637975807,0.5994225637975807
2024-02-21 13:00:00,1.1421118693748322,1.1421118693748322
2024-02-21 14:00:00,1.1454728696954077,1.1454728696954077
2024-02-21 15:00:00,1.837330324830457,1.837330324830457
2024-02-21 16:00:00,2.11913155198389,2.11913155198389
2024-02-21 17:00:00,2.5768737560268473,2.5768737560268473
2024-02-21 18:00:00,2.56795286036472,2.56795286036472
2024-02-21 19:00:00,1.970953200183493,1.970953200183493
2024-02-21 20:00:00,2.492128229196848,2.492128229196848
2024-02-21 21:00:00,2.1931625145173506,2.1931625145173506
2024-02-21 22:00:00,0.0,0.0
2024-02-21 23:00:00,0.0,0.0
2024-02-22 00:00:00,0.0,0.0
2024-02-22 01:00:00,0.0,0.0
2024-02-22 02:00:00,0.0,0.0
2024-02-22 03:00:00,0.0,0.0
2024-02-22 04:00:00,0.0,0.0
2024-02-22 05:00:00,0.0,0.0
2024-02-22 06:00:00,0.0,0.0
2024-02-22 07:00:00,0.0,0.0
2024-02-22 08:00:00,0.0,0.0
2024-02-22 09:00:00,0.0,0.0
2024-02-22 10:00:00,0.09820288117861056,0.09820288117861056
2024-02-22 11:00:00,0.2995293194761975,0.2995293194761975
2024-02-22 12:00:00,0.7415327383250486,0.7415327383250486
2024-02-22 13:00:00,0.9786288706806522,0.9786288706806522
2024-02-22 14:00:00,1.493644351197031,1.493644351197031
2024-02-22 15:00:00,2.239367603809928,2.239367603809928
2024-02-22 16:00:00,2.776665812408805,2.776665812408805
2024-02-22 17:00:00,3.00504760376978,3.00504760376978
2024-02-22 18:00:00,2.2248232905688634,2.2248232905688634
2024-02-22 19:00:00,2.2993577927487077,2.2993577927487077
2024-02-22 20:00:00,2.969066401918848,2.969066401918848
2024-02-22 21:00:00,2.5079642489651555,2.5079642489651555
2024-02-22 22:00:00,0.0,0.0
2024-02-22 23:00:00,0.0,0.0
2024-02-23 00:00:00,0.0,0.0
2024-02-23 01:00:00,0.0,0.0
2024-02-23 02:00:00,0.0,0.0
2024-02-23 03:00:00,0.0,0.0
2024-02-23 04:00:00,0.0,0.0
2024-02-23 05:00:00,0.0,0.0
2024-02-23 06:00:00,0.0,0.0
2024-02-23 07:00:00,0.0,0.0
2024-02-23 08:00:00,0.0,0.0
2024-02-23 09:00:00,0.0,0.0
2024-02-23 10:00:00,0.08230908185519742,0.08230908185519742
2024-02-23 11:00:00,0.3047402172015772,0.3047402172015772
2024-02-23 12:00:00,0.5710953105802389,0.5710953105802389
2024-02-23 13:00:00,0.9352910525307204,0.9352910525307204
2024-02-23 14:00:00,1.1350813031845675,1.1350813031845675
2024-02-23 15:00:00,2.0256709252765,2.0256709252765
2024-02-23 16:00:00,2.4869651943516646,2.4869651943516646
2024-02-23 17:00:00,2.7990502646357993,2.7990502646357993
2024-02-23 18:00:00,2.2828626735930757,2.2828626735930757
2024-02-23 19:00:00,2.050484042533019,2.050484042533019
2024-02-23 20:00:00,2.0905733691884545,2.0905733691884545
2024-02-23 21:00:00,2.3101315565508274,2.3101315565508274
2024-02-23 22:00:00,0.0,0.0
2024-02-23 23:00:00,0.0,0.0
2024-02-24 00:00:00,0.0,0.0
2024-02-24 01:00:00,0.0,0.0
2024-02-24 02:00:00,0.0,0.0
2024-02-24 03:00:00,0.0,0.0
2024-02-24 04:00:00,0.0,0.0
2024-02-24 05:00:00,0.0,0.0
2024-02-24 06:00:00,0.0,0.0
2024-02-24 07:00:00,0.0,0.0
2024-02-24 08:00:00,0.0,0.0
2024-02-24 09:00:00,0.0,0.0
2024-02-24 10:00:00,0.06296983933318483,0.06296983933318483
2024-02-24 11:00:00,0.192395672285591,0.192395672285591
2024-02-24 12:00:00,0.48040879287610316,0.48040879287610316
2024-02-24 13:00:00,0.625656166512395,0.625656166512395
2024-02-24 14:00:00,1.0516070738091083,1.0516070738091083
2024-02-24 15:00:00,1.3100610226752532,1.3100610226752532
2024-02-24 16:00:00,1.5090397019454584,1.5090397019454584
2024-02-24 17:00:00,1.6049224615369881,1.6049224615369881
2024-02-24 18:00:00,1.646845603154764,1.646845603154764
2024-02-24 19:00:00,1.9221689148888246,1.9221689148888246
2024-02-24 20:00:00,1.9443581109704493,1.9443581109704493
2024-02-24 21:00:00,1.5718027176109999,1.5718027176109999
2024-02-24 22:00:00,0.0,0.0
2024-02-24 23:00:00,0.0,0.0
2024-02-25 00:00:00,0.0,0.0
2024-02-25 01:00:00,0.0,0.0
2024-02-25 02:00:00,0.0,0.0
2024-02-25 03:00:00,0.0,0.0
2024-02-25 04:00:00,0.0,0.0
2024-02-25 05:00:00,0.0,0.0
2024-02-25 06:00:00,0.0,0.0
2024-02-25 07:00:00,0.0,0.0
2024-02-25 08:00:00,0.0,0.0
2024-02-25 09:00:00,0.0,0.0
2024-02-25 10:00:00,0.05419113709443964,0.05419113709443964
2024-02-25 11:00:00,0.19717015453363185,0.19717015453363185
2024-02-25 12:00:00,0.4387943605489141,0.4387943605489141
2024-02-25 13:00:00,0.7167189485736297,0.7167189485736297
2024-02-25 14:00:00,0.9970922151883486,0.9970922151883486
2024-02-25 15:00:00,1.3718891161113689,1.3718891161113689
2024-02-25 16:00:00,1.5402874930990753,1.5402874930990753
2024-02-25 17:00:00,1.6671692151208455,1.6671692151208455
2024-02-25 18:00:00,1.6780930441788435,1.6780930441788435
2024-02-25 19:00:00,1.6918241256113546,1.6918241256113546
2024-02-25 20:00:00,1.5901483477484437,1.5901483477484437
2024-02-25 21:00:00,1.3346194622760252,1.3346194622760252
2024-02-25 22:00:00,0.0,0.0
2024-02-25 23:00:00,0.0,0.0
2024-02-26 00:00:00,0.0,0.0
2024-02-26 01:00:00,0.0,0.0
2024-02-26 02:00:00,0.0,0.0
2024-02-26 03:00:00,0.0,0.0
2024-02-26 04:00:00,0.0,0.0
2024-02-26 05:00:00,0.0,0.0
2024-02-26 06:00:00,0.0,0.0
2024-02-26 07:00:00,0.0,0.0
2024-02-26 08:00:00,0.0,0.0
2024-02-26 09:00:00,0.0,0.0
2024-02-26 10:00:00,0.09244684473618371,0.09244684473618371
2024-02-26 11:00:00,0.24684260824631166,0.24684260824631166
2024-02-26 12:00:00,0.7553266389903164,0.7553266389903164
2024-02-26 13:00:00,1.055447177890585,1.055447177890585
2024-02-26 14:00:00,1.240004060997407,1.240004060997407
2024-02-26 15:00:00,1.9991319142586843,1.9991319142586843
2024-02-26 16:00:00,2.5298087433605927,2.5298087433605927
2024-02-26 17:00:00,2.799410054475196,2.799410054475196
2024-02-26 18:00:00,2.57436216977378,2.57436216977378
2024-02-26 19:00:00,2.0457238726123097,2.0457238726123097
2024-02-26 20:00:00,2.4188154859466575,2.4188154859466575
2024-02-26 21:00:00,2.3704365028110903,2.3704365028110903
2024-02-26 22:00:00,0.0,0.0
2024-02-26 23:00:00,0.0,0.0
2024-02-27 00:00:00,0.0,0.0
2024-02-27 01:00:00,0.0,0.0
2024-02-27 02:00:00,0.0,0.0
2024-02-27 03:00:00,0.0,0.0
2024-02-27 04:00:00,0.0,0.0
2024-02-27 05:00:00,0.0,0.0
2024-02-27 06:00:00,0.0,0.0
2024-02-27 07:00:00,0.0,0.0
2024-02-27 08:00:00,0.0,0.0
2024-02-27 09:00:00,0.0,0.0
2024-02-27 10:00:00,0.08361461191545849,0.08361461191545849
2024-02-27 11:00:00,0.3042895231496692,0.3042895231496692
2024-02-27 12:00:00,0.7259204864721728,0.7259204864721728
2024-02-27 13:00:00,0.9474835470035705,0.9474835470035705
2024-02-27 14:00:00,1.297704263704547,1.297704263704547
2024-02-27 15:00:00,1.7480261796600562,1.7480261796600562
2024-02-27 16:00:00,2.3367929458826615,2.3367929458826615
2024-02-27 17:00:00,2.317720683217878,2.317720683217878
2024-02-27 18:00:00,2.6914381512927594,2.6914381512927594
2024-02-27 19:00:00,2.7240875852776925,2.7240875852776925
2024-02-27 20:00:00,2.6481254670185366,2.6481254670185366
2024-02-27 21:00:00,2.3408554166888673,2.3408554166888673
2024-02-27 22:00:00,0.0,0.0
2024-02-27 23:00:00,0.0,0.0
2024-02-28 00:00:00,0.0,0.0
2024-02-28 01:00:00,0.0,0.0
2024-02-28 02:00:00,0.0,0.0
2024-02-28 03:00:00,0.0,0.0
2024-02-28 04:00:00,0.0,0.0
2024-02-28 05:00:00,0.0,0.0
2024-02-28 06:00:00,0.0,0.0
2024-02-28 07:00:00,0.0,0.0
2024-02-28 08:00:00,0.0,0.0
2024-02-28 09:00:00,0.0,0.0
2024-02-28 10:00:00,0.08792854290277363,0.08792854290277363
2024-02-28 11:00:00,0.30356543342910725,0.30356543342910725
2024-02-28 12:00:00,0.7505091520778974,0.7505091520778974
2024-02-28 13:00:00,0.8533520851633573,0.8533520851633573
2024-02-28 14:00:00,1.2159016232979,1.2159016232979
2024-02-28 15:00:00,1.5510294753129639,1.5510294753129639
2024-02-28 16:00:00,2.227391920256902,2.227391920256902
2024-02-28 17:00:00,2.483703734671048,2.483703734671048
2024-02-28 18:00:00,2.2306824915720838,2.2306824915720838
2024-02-28 19:00:00,2.0357873348389854,2.0357873348389854
2024-02-28 20:00:00,2.154728947087738,2.154728947087738
2024-02-28 21:00:00,2.3765737870658366,2.3765737870658366
2024-02-28 22:00:00,0.0,0.0
2024-02-28 23:00:00,0.0,0.0
2024-02-29 00:00:00,0.0,0.0
2024-02-29 01:00:00,0.0,0.0
2024-02-29 02:00:00,0.0,0.0
2024-02-29 03:00:00,0.0,0.0
2024-02-29 04:00:00,0.0,0.0
2024-02-29 05:00:00,0.0,0.0
2024-02-29 06:00:00,0.0,0.0
2024-02-29 07:00:00,0.0,0.0
2024-02-29 08:00:00,0.0,0.0
2024-02-29 09:00:00,0.0,0.0
2024-02-29 10:00:00,0.07190938053275374,0.07190938053275374
2024-02-29 11:00:00,0.25698573043631856,0.25698573043631856
2024-02-29 12:00:00,0.614363019652227,0.614363019652227
2024-02-29 13:00:00,1.1279748612545848,1.1279748612545848
2024-02-29 14:00:00,1.5303201023621413,1.5303201023621413
2024-02-29 15:00:00,1.9777394476853454,1.9777394476853454
2024-02-29 16:00:00,2.0742474197772327,2.0742474197772327
2024-02-29 17:00:00,2.2104315108488874,2.2104315108488874
2024-02-29 18:00:00,2.580098286579658,2.580098286579658
2024-02-29 19:00:00,2.4555454190744865,2.4555454190744865
2024-02-29 20:00:00,2.275724256889106,2.275724256889106
2024-02-29 21:00:00,2.0842925569560538,2.0842925569560538
2024-02-29 22:00:00,0.0,0.0
2024-02-29 23:00:00,0.0,0.0
2024-03-01 00:00:00,0.0,0.0
2024-03-01 01:00:00,0.0,0.0
2024-03-01 02:00:00,0.0,0.0
2024-03-01 03:00:00,0.0,0.0
2024-03-01 04:00:00,0.0,0.0
2024-03-01 05:00:00,0.0,0.0
2024-03-01 06:00:00,0.0,0.0
2024-03-01 07:00:00,0.0,0.0
2024-03-01 08:00:00,0.0,0.0
2024-03-01 09:00:00,0.0,0.0
2024-03-01 10:00:00,0.09052156379560554,0.09052156379560554
2024-03-01 11:00:00,0.3066984084464579,0.3066984084464579
2024-03-01 12:00:00,0.7087488959132755,0.7087488959132755
2024-03-01 13:00:00,0.9065431519261451,0.9065431519261451
2024-03-01 14:00:00,1.337737524096568,1.337737524096568
2024-03-01 15:00:00,1.6178097604744885,1.6178097604744885
2024-03-01 16:00:00,2.5491403629869662,2.5491403629869662
2024-03-01 17:00:00,2.237042514137609,2.237042514137609
2024-03-01 18:00:00,2.241487228591874,2.241487228591874
2024-03-01 19:00:00,2.5533611833270893,2.5533611833270893
2024-03-01 20:00:00,2.5691206830940003,2.5691206830940003
2024-03-01 21:00:00,2.220389205257406,2.220389205257406
2024-03-01 22:00:00,0.0,0.0
2024-03-01 23:00:00,0.0,0.0
2024-03-02 00:00:00,0.0,0.0
2024-03-02 01:00:00,0.0,0.0
2024-03-02 02:00:00,0.0,0.0
2024-03-02 03:00:00,0.0,0.0
2024-03-02 04:00:00,0.0,0.0
2024-03-02 05:00:00,0.0,0.0
2024-03-02 06:00:00,0.0,0.0
2024-03-02 07:00:00,0.0,0.0
2024-03-02 08:00:00,0.0,0.0
2024-03-02 09:00:00,0.0,0.0
2024-03-02 10:00:00,0.06078766624202456,0.06078766624202456
2024-03-02 11:00:00,0.16738844113197027,0.16738844113197027
2024-03-02 12:00:00,0.4219429170605228,0.4219429170605228
2024-03-02 13:00:00,0.6796910835652724,0.6796910835652724
2024-03-02 14:00:00,0.7613733968430991,0.7613733968430991
2024-03-02 15:00:00,1.2007538455728382,1.2007538455728382
2024-03-02 16:00:00,1.5339023719688312,1.5339023719688312
2024-03-02 17:00:00,1.5639911694434576,1.5639911694434576
2024-03-02 18:00:00,1.3945474580542911,1.3945474580542911
2024-03-02 19:00:00,1.6618395413413272,1.6618395413413272
2024-03-02 20:00:00,1.5288615207098966,1.5288615207098966
2024-03-02 21:00:00,1.5029580341864734,1.5029580341864734
2024-03-02 22:00:00,0.0,0.0
2024-03-02 23:00:00,0.0,0.0
2024-03-03 00:00:00,0.0,0.0
2024-03-03 01:00:00,0.0,0.0
2024-03-03 02:00:00,0.0,0.0
2024-03-03 03:00:00,0.0,0.0
2024-03-03 04:00:00,0.0,0.0
2024-03-03 05:00:00,0.0,0.0
2024-03-03 06:00:00,0.0,0.0
2024-03-03 07:00:00,0.0,0.0
2024-03-03 08:00:00,0.0,0.0
2024-03-03 09:00:00,0.0,0.0
2024-03-03 10:00:00,0.06663052230509829,0.06663052230509829
2024-03-03 11:00:00,0.2399488646548531,0.2399488646548531
2024-03-03 12:00:00,0.45599082248540734,0.45599082248540734
2024-03-03 13:00:00,0.7347429026287297,0.7347429026287297
2024-03-03 14:00:00,1.1344096115937725,1.1344096115937725
2024-03-03 15:00:00,1.2529607503914373,1.2529607503914373
2024-03-03 16:00:00,1.9348081046293566,1.9348081046293566
2024-03-03 17:00:00,1.6073991631410054,1.6073991631410054
2024-03-03 18:00:00,1.7158809961311101,1.7158809961311101
2024-03-03 19:00:00,1.885969667313658,1.885969667313658
2024-03-03 20:00:00,1.5249761386521212,1.5249761386521212
2024-03-03 21:00:00,1.5775677913931911,1.5775677913931911
2024-03-03 22:00:00,0.0,0.0
2024-03-03 23:00:00,0.0,0.0
2024-03-04 00:00:00,0.0,0.0
2024-03-04 01:00:00,0.0,0.0
2024-03-04 02:00:00,0.0,0.0
2024-03-04 03:00:00,0.0,0.0
2024-03-04 04:00:00,0.0,0.0
2024-03-04 05:00:00,0.0,0.0
2024-03-04 06:00:00,0.0,0.0
2024-03-04 07:00:00,0.0,0.0
2024-03-04 08:00:00,0.0,0.0
2024-03-04 09:00:00,0.0,0.0
2024-03-04 10:00:00,0.07700231708553668,0.07700231708553668
2024-03-04 11:00:00,0.29808795164041313,0.29808795164041313
2024-03-04 12:00:00,0.6098221504040432,0.6098221504040432
2024-03-04 13:00:00,1.1471490124410286,1.1471490124410286
2024-03-04 14:00:00,1.264531946320523,1.264531946320523
2024-03-04 15:00:00,2.0521783989882603,2.0521783989882603
2024-03-04 16:00:00,2.440491250505865,2.440491250505865
2024-03-04 17:00:00,2.380657448200949,2.380657448200949
2024-03-04 18:00:00,2.487410142078207,2.487410142078207
2024-03-04 19:00:00,2.030984788908341,2.030984788908341
2024-03-04 20:00:00,2.6797689740517865,2.6797689740517865
2024-03-04 21:00:00,2.248880351575965,2.248880351575965
2024-03-04 22:00:00,0.0,0.0
2024-03-04 23:00:00,0.0,0.0
2024-03-05 00:00:00,0.0,0.0
2024-03-05 01:00:00,0.0,0.0
2024-03-05 02:00:00,0.0,0.0
2024-03-05 03:00:00,0.0,0.0
2024-03-05 04:00:00,0.0,0.0
2024-03-05 05:00:00,0.0,0.0
2024-03-05 06:00:00,0.0,0.0
2024-03-05 07:00:00,0.0,0.0
2024-03-05 08:00:00,0.0,0.0
2024-03-05 09:00:00,0.0,0.0
2024-03-05 10:00:00,0.08797653053388022,0.08797653053388022
2024-03-05 11:00:00,0.26320235512904916,0.26320235512904916
2024-03-05 12:00:00,0.7204764264017557,0.7204764264017557
2024-03-05 13:00:00,1.0512841596444689,1.0512841596444689
2024-03-05 14:00:00,1.1060787244876775,1.1060787244876775
2024-03-05 15:00:00,1.857961856535053,1.857961856535053
2024-03-05 16:00:00,2.333867864358984,2.333867864358984
2024-03-05 17:00:00,2.5633178748518928,2.5633178748518928
2024-03-05 18:00:00,2.145727156697887,2.145727156697887
2024-03-05 19:00:00,1.9884920843891714,1.9884920843891714
2024-03-05 20:00:00,2.434582283501304,2.434582283501304
2024-03-05 21:00:00,2.113758457295047,2.113758457295047
2024-03-05 22:00:00,0.0,0.0
2024-03-05 23:00:00,0.0,0.0
2024-03-06 00:00:00,0.0,0.0
2024-03-06 01:00:00,0.0,0.0
2024-03-06 02:00:00,0.0,0.0
2024-03-06 03:00:00,0.0,0.0
2024-03-06 04:00:00,0.0,0.0
2024-03-06 05:00:00,0.0,0.0
2024-03-06 06:00:00,0.0,0.0
2024-03-06 07:00:00,0.0,0.0
2024-03-06 08:00:00,0.0,0.0
2024-03-06 09:00:00,0.0,0.0
2024-03-06 10:00:00,0.07477436332888221,0.07477436332888221
2024-03-06 11:00:00,0.28421402670339213,0.28421402670339213
2024-03-06 12:00:00,0.7442271232533626,0.7442271232533626
2024-03-06 13:00:00,1.0972963988219442,1.0972963988219442
2024-03-06 14:00:00,1.5749569637890632,1.5749569637890632
2024-03-06 15:00:00,1.6977605057344534,1.6977605057344534
2024-03-06 16:00:00,2.322667472565586,2.322667472565586
2024-03-06 17:00:00,2.6458531154254916,2.6458531154254916
2024-03-06 18:00:00,2.228425281113528,2.228425281113528
2024-03-06 19:00:00,2.164986649320746,2.164986649320746
2024-03-06 20:00:00,2.4640426089077923,2.4640426089077923
2024-03-06 21:00:00,2.1059030568168615,2.1059030568168615
2024-03-06 22:00:00,0.0,0.0
2024-03-06 23:00:00,0.0,0.0
2024-03-07 00:00:00,0.0,0.0
2024-03-07 01:00:00,0.0,0.0
2024-03-07 02:00:00,0.0,0.0
2024-03-07 03:00:00,0.0,0.0
2024-03-07 04:00:00,0.0,0.0
2024-03-07 05:00:00,0.0,0.0
2024-03-07 06:00:00,0.0,0.0
2024-03-07 07:00:00,0.0,0.0
2024-03-07 08:00:00,0.0,0.0
2024-03-07 09:00:00,0.0,0.0
2024-03-07 10:00:00,0.09424999903419026,0.09424999903419026
2024-03-07 11:00:00,0.34743224651233506,0.34743224651233506
2024-03-07 12:00:00,0.8206338663963605,0.8206338663963605
2024-03-07 13:00:00,1.206465244759831,1.206465244759831
2024-03-07 14:00:00,1.4186713106152637,1.4186713106152637
2024-03-07 15:00:00,1.765262117588209,1.765262117588209
2024-03-07 16:00:00,2.7029583255658047,2.7029583255658047
2024-03-07 17:00:00,2.5254236322197308,2.5254236322197308
2024-03-07 18:00:00,2.1717475397855006,2.1717475397855006
2024-03-07 19:00:00,2.6471958378708647,2.6471958378708647
2024-03-07 20:00:00,2.6729244693445646,2.6729244693445646
2024-03-07 21:00:00,2.6380852710237344,2.6380852710237344
2024-03-07 22:00:00,0.0,0.0
2024-03-07 23:00:00,0.0,0.0
2024-03-08 00:00:00,0.0,0.0
2024-03-08 01:00:00,0.0,0.0
2024-03-08 02:00:00,0.0,0.0
2024-03-08 03:00:00,0.0,0.0
2024-03-08 04:00:00,0.0,0.0
2024-03-08 05:00:00,0.0,0.0
2024-03-08 06:00:00,0.0,0.0
2024-03-08 07:00:00,0.0,0.0
2024-03-08 08:00:00,0.0,0.0
2024-03-08 09:00:00,0.0,0.0
2024-03-08 10:00:00,0.06660790787025944,0.06660790787025944
2024-03-08 11:00:00,0.2366036867392751,0.2366036867392751
2024-03-08 12:00:00,0.5467935529337743,0.5467935529337743
2024-03-08 13:00:00,1.0229468335510101,1.0229468335510101
2024-03-08 14:00:00,1.3496407174332408,1.3496407174332408
2024-03-08 15:00:00,1.6617261531337026,1.6617261531337026
2024-03-08 16:00:00,2.3306644506127294,2.3306644506127294
2024-03-08 17:00:00,2.0775296550362237,2.0775296550362237
2024-03-08 18:00:00,2.5635695938613754,2.5635695938613754
2024-03-08 19:00:00,2.2473317191282125,2.2473317191282125
2024-03-08 20:00:00,2.5695958494371443,2.5695958494371443
2024-03-08 21:00:00,2.1717151620481925,2.1717151620481925
2024-03-08 22:00:00,0.0,0.0
2024-03-08 23:00:00,0.0,0.0
2024-03-09 00:00:00,0.0,0.0
2024-03-09 01:00:00,0.0,0.0
2024-03-09 02:00:00,0.0,0.0
2024-03-09 03:00:00,0.0,0.0
2024-03-09 04:00:00,0.0,0.0
2024-03-09 05:00:00,0.0,0.0
2024-03-09 06:00:00,0.0,0.0
2024-03-09 07:00:00,0.0,0.0
2024-03-09 08:00:00,0.0,0.0
2024-03-09 09:00:00,0.0,0.0
2024-03-09 10:00:00,0.059326293101616925,0.059326293101616925
2024-03-09 11:00:00,0.21410491281900465,0.21410491281900465
2024-03-09 12:00:00,0.45612512862213067,0.45612512862213067
2024-03-09 13:00:00,0.6313722124897567,0.6313722124897567
2024-03-09 14:00:00,0.8036309095934139,0.8036309095934139
2024-03-09 15:00:00,1.1580026358430624,1.1580026358430624
2024-03-09 16:00:00,1.444205910575098,1.444205910575098
2024-03-09 17:00:00,1.8117393391398093,1.8117393391398093
2024-03-09 18:00:00,1.5278274540370038,1.5278274540370038
2024-03-09 19:00:00,1.7457760351936003,1.7457760351936003
2024-03-09 20:00:00,1.6718551084681785,1.6718551084681785
2024-03-09 21:00:00,1.2873487505276253,1.2873487505276253
2024-03-09 22:00:00,0.0,0.0
2024-03-09 23:00:00,0.0,0.0
2024-03-10 00:00:00,0.0,0.0
2024-03-10 01:00:00,0.0,0.0
2024-03-10 02:00:00,0.0,0.0
2024-03-10 03:00:00,0.0,0.0
2024-03-10 04:00:00,0.0,0.0
2024-03-10 05:00:00,0.0,0.0
2024-03-10 06:00:00,0.0,0.0
2024-03-10 07:00:00,0.0,0.0
2024-03-10 08:00:00,0.0,0.0
2024-03-10 09:00:00,0.0,0.0
2024-03-10 10:00:00,0.05676992883352797,0.05676992883352797
2024-03-10 11:00:00,0.20037709935181114,0.20037709935181114
2024-03-10 12:00:00,0.4304894418971299,0.4304894418971299
2024-03-10 13:00:00,0.7276343873021744,0.7276343873021744
2024-03-10 14:00:00,0.8330879441566484,0.8330879441566484
2024-03-10 15:00:00,1.1379320984253338,1.1379320984253338
2024-03-10 16:00:00,1.514538861235744,1.514538861235744
2024-03-10 17:00:00,1.894501155220619,1.894501155220619
2024-03-10 18:00:00,1.706640760506581,1.706640760506581
2024-03-10 19:00:00,1.5975774821393998,1.5975774821393998
2024-03-10 20:00:00,1.55847893202773,1.55847893202773
2024-03-10 21:00:00,1.5818527268774252,1.5818527268774252
2024-03-10 22:00:00,0.0,0.0
2024-03-10 23:00:00,0.0,0.0
2024-03-11 00:00:00,0.0,0.0
2024-03-11 01:00:00,0.0,0.0
2024-03-11 02:00:00,0.0,0.0
2024-03-11 03:00:00,0.0,0.0
2024-03-11 04:00:00,0.0,0.0
2024-03-11 05:00:00,0.0,0.0
2024-03-11 06:00:00,0.0,0.0
2024-03-11 07:00:00,0.0,0.0
2024-03-11 08:00:00,0.0,0.0
2024-03-11 09:00:00,0.0,0.0
2024-03-11 10:00:00,0.08300176849356868,0.08300176849356868
2024-03-11 11:00:00,0.29491084572851634,0.29491084572851634
2024-03-11 12:00:00,0.8001272867258064,0.8001272867258064
2024-03-11 13:00:00,1.1951160372485696,1.1951160372485696
2024-03-11 14:00:00,1.6004837199718271,1.6004837199718271
2024-03-11 15:00:00,2.2465061682039993,2.2465061682039993
2024-03-11 16:00:00,2.4836933396351712,2.4836933396351712
2024-03-11 17:00:00,2.7536772201315065,2.7536772201315065
2024-03-11 18:00:00,2.5237720088083875,2.5237720088083875
2024-03-11 19:00:00,2.6172874251265474,2.6172874251265474
2024-03-11 20:00:00,2.8526873933871073,2.8526873933871073
2024-03-11 21:00:00,2.53716193669233,2.53716193669233
2024-03-11 22:00:00,0.0,0.0
2024-03-11 23:00:00,0.0,0.0
2024-03-12 00:00:00,0.0,0.0
2024-03-12 01:00:00,0.0,0.0
2024-03-12 02:00:00,0.0,0.0
2024-03-12 03:00:00,0.0,0.0
2024-03-12 04:00:00,0.0,0.0
2024-03-12 05:00:00,0.0,0.0
2024-03-12 06:00:00,0.0,0.0
2024-03-12 07:00:00,0.0,0.0
2024-03-12 08:00:00,0.0,0.0
2024-03-12 09:00:00,0.0,0.0
2024-03-12 10:00:00,0.09967554317254097,0.09967554317254097
2024-03-12 11:00:00,0.2681506590877743,0.2681506590877743
2024-03-12 12:00:00,0.7604080778901442,0.7604080778901442
2024-03-12 13:00:00,0.9947521429706839,0.9947521429706839
2024-03-12 14:00:00,1.3111119253221024,1.3111119253221024
2024-03-12 15:00:00,1.6890428206022365,1.6890428206022365
2024-03-12 16:00:00,2.463345702789269,2.463345702789269
2024-03-12 17:00:00,2.877624835780237,2.877624835780237
2024-03-12 18:00:00,2.9018161855744307,2.9018161855744307
2024-03-12 19:00:00,2.1113118381447515,2.1113118381447515
2024-03-12 20:00:00,2.678350474193713,2.678350474193713
2024-03-12 21:00:00,2.350142391380473,2.350142391380473
2024-03-12 22:00:00,0.0,0.0
2024-03-12 23:00:00,0.0,0.0
2024-03-13 00:00:00,0.0,0.0
2024-03-13 01:00:00,0.0,0.0
2024-03-13 02:00:00,0.0,0.0
2024-03-13 03:00:00,0.0,0.0
2024-03-13 04:00:00,0.0,0.0
2024-03-13 05:00:00,0.0,0.0
2024-03-13 06:00:00,0.0,0.0
2024-03-13 07:00:00,0.0,0.0
2024-03-13 08:00:00,0.0,0.0
2024-03-13 09:00:00,0.0,0.0
2024-03-13 10:00:00,0.08990247782521604,0.08990247782521604
2024-03-13 11:00:00,0.28550653809227516,0.28550653809227516
2024-03-13 12:00:00,0.5848366751940355,0.5848366751940355
2024-03-13 13:00:00,0.854631023299631,0.854631023299631
2024-03-13 14:00:00,1.1777441349939424,1.1777441349939424
2024-03-13 15:00:00,1.9511847514997538,1.9511847514997538
2024-03-13 16:00:00,2.434980058579113,2.434980058579113
2024-03-13 17:00:00,2.1587731267797836,2.1587731267797836
2024-03-13 18:00:00,2.381902594876409,2.381902594876409
2024-03-13 19:00:00,2.2520897764555765,2.2520897764555765
2024-03-13 20:00:00,2.3940845413322664,2.3940845413322664
2024-03-13 21:00:00,2.112770777447332,2.112770777447332
2024-03-13 22:00:00,0.0,0.0
2024-03-13 23:00:00,0.0,0.0
2024-03-14 00:00:00,0.0,0.0
2024-03-14 01:00:00,0.0,0.0
2024-03-14 02:00:00,0.0,0.0
2024-03-14 03:00:00,0.0,0.0
2024-03-14 04:00:00,0.0,0.0
2024-03-14 05:00:00,0.0,0.0
2024-03-14 06:00:00,0.0,0.0
2024-03-14 07:00:00,0.0,0.0
2024-03-14 08:00:00,0.0,0.0
2024-03-14 09:00:00,0.0,0.0
2024-03-14 10:00:00,0.07635973368841135,0.07635973368841135
2024-03-14 11:00:00,0.2342612278202339,0.2342612278202339
2024-03-14 12:00:00,0.5535007186484799,0.5535007186484799
2024-03-14 13:00:00,0.8407501100962265,0.8407501100962265
2024-03-14 14:00:00,1.2452072065024846,1.2452072065024846
2024-03-14 15:00:00,1.7294369004071957,1.7294369004071957
2024-03-14 16:00:00,2.005623983938045,2.005623983938045
2024-03-14 17:00:00,2.011821881137938,2.011821881137938
2024-03-14 18:00:00,2.0597389762759692,2.0597389762759692
2024-03-14 19:00:00,2.0177824846528947,2.0177824846528947
2024-03-14 20:00:00,1.9763539515088024,1.9763539515088024
2024-03-14 21:00:00,2.131668449980372,2.131668449980372
2024-03-14 22:00:00,0.0,0.0
2024-03-14 23:00:00,0.0,0.0
2024-03-15 00:00:00,0.0,0.0
2024-03-15 01:00:00,0.0,0.0
2024-03-15 02:00:00,0.0,0.0
2024-03-15 03:00:00,0.0,0.0
2024-03-15 04:00:00,0.0,0.0
2024-03-15 05:00:00,0.0,0.0
2024-03-15 06:00:00,0.0,0.0
2024-03-15 07:00:00,0.0,0.0
2024-03-15 08:00:00,0.0,0.0
2024-03-15 09:00:00,0.0,0.0
2024-03-15 10:00:00,0.08691252161236733,0.08691252161236733
2024-03-15 11:00:00,0.27699632970110866,0.27699632970110866
2024-03-15 12:00:00,0.679972360002865,0.679972360002865
2024-03-15 13:00:00,1.0523396212295741,1.0523396212295741
2024-03-15 14:00:00,1.3641255479778556,1.3641255479778556
2024-03-15 15:00:00,1.7704499744509161,1.7704499744509161
2024-03-15 16:00:00,2.455327845101353,2.455327845101353
2024-03-15 17:00:00,2.432930202214653,2.432930202214653
2024-03-15 18:00:00,2.331136506441241,2.331136506441241
2024-03-15 19:00:00,2.5865599317253647,2.5865599317253647
2024-03-15 20:00:00,2.915872186428622,2.915872186428622
2024-03-15 21:00:00,2.427821816139721,2.427821816139721
2024-03-15 22:00:00,0.0,0.0
2024-03-15 23:00:00,0.0,0.0
2024-03-16 00:00:00,0.0,0.0
2024-03-16 01:00:00,0.0,0.0
2024-03-16 02:00:00,0.0,0.0
2024-03-16 03:00:00,0.0,0.0
2024-03-16 04:00:00,0.0,0.0
2024-03-16 05:00:00,0.0,0.0
2024-03-16 06:00:00,0.0,0.0
2024-03-16 07:00:00,0.0,0.0
2024-03-16 08:00:00,0.0,0.0
2024-03-16 09:00:00,0.0,0.0
2024-03-16 10:00:00,0.05989572032812959,0.05989572032812959
2024-03-16 11:00:00,0.22033061915273455,0.22033061915273455
2024-03-16 12:00:00,0.5032858285026396,0.5032858285026396
2024-03-16 13:00:00,0.7850661595728684,0.7850661595728684
2024-03-16 14:00:00,1.0341834458596357,1.0341834458596357
2024-03-16 15:00:00,1.3006674843814674,1.3006674843814674
2024-03-16 16:00:00,1.586882886704992,1.586882886704992
2024-03-16 17:00:00,2.0462798270483247,2.0462798270483247
2024-03-16 18:00:00,1.807371249300728,1.807371249300728
2024-03-16 19:00:00,1.8599374226972356,1.8599374226972356
2024-03-16 20:00:00,1.6922551152438137,1.6922551152438137
2024-03-16 21:00:00,1.559020744564285,1.559020744564285
2024-03-16 22:00:00,0.0,0.0
2024-03-16 23:00:00,0.0,0.0
2024-03-17 00:00:00,0.0,0.0
2024-03-17 01:00:00,0.0,0.0
2024-03-17 02:00:00,0.0,0.0
2024-03-17 03:00:00,0.0,0.0
2024-03-17 04:00:00,0.0,0.0
2024-03-17 05:00:00,0.0,0.0
2024-03-17 06:00:00,0.0,0.0
2024-03-17 07:00:00,0.0,0.0
2024-03-17 08:00:00,0.0,0.0
2024-03-17 09:00:00,0.0,0.0
2024-03-17 10:00:00,0.0566909639370498,0.0566909639370498
2024-03-17 11:00:00,0.22446448003979205,0.22446448003979205
2024-03-17 12:00:00,0.4239208743598719,0.4239208743598719
2024-03-17 13:00:00,0.6909302496346009,0.6909302496346009
2024-03-17 14:00:00,0.9972906898233069,0.9972906898233069
2024-03-17 15:00:00,1.2249887414647376,1.2249887414647376
2024-03-17 16:00:00,1.6919719509035063,1.6919719509035063
2024-03-17 17:00:00,1.7623411697027511,1.7623411697027511
2024-03-17 18:00:00,1.5324023834791416,1.5324023834791416
2024-03-17 19:00:00,1.7427646921731297,1.7427646921731297
2024-03-17 20:00:00,1.5337485331169203,1.5337485331169203
2024-03-17 21:00:00,1.4558138573584247,1.4558138573584247
2024-03-17 22:00:00,0.0,0.0
2024-03-17 23:00:00,0.0,0.0
2024-03-18 00:00:00,0.0,0.0
2024-03-18 01:00:00,0.0,0.0
2024-03-18 02:00:00,0.0,0.0
2024-03-18 03:00:00,0.0,0.0
2024-03-18 04:00:00,0.0,0.0
2024-03-18 05:00:00,0.0,0.0
2024-03-18 06:00:00,0.0,0.0
2024-03-18 07:00:00,0.0,0.0
2024-03-18 08:00:00,0.0,0.0
2024-03-18 09:00:00,0.0,0.0
2024-03-18 10:00:00,0.08819358593360864,0.08819358593360864
2024-03-18 11:00:00,0.3139413799209378,0.3139413799209378
2024-03-18 12:00:00,0.61848143281648,0.61848143281648
2024-03-18 13:00:00,0.9323212210028962,0.9323212210028962
2024-03-18 14:00:00,1.20216105631046,1.20216105631046
2024-03-18 15:00:00,2.1159473103964683,2.1159473103964683
2024-03-18 16:00:00,2.2514661426792366,2.2514661426792366
2024-03-18 17:00:00,2.9812881827805726,2.9812881827805726
2024-03-18 18:00:00,2.814756112606552,2.814756112606552
2024-03-18 19:00:00,2.681118840965253,2.681118840965253
2024-03-18 20:00:00,2.7701277500741663,2.7701277500741663
2024-03-18 21:00:00,1.9646366206650665,1.9646366206650665
2024-03-18 22:00:00,0.0,0.0
2024-03-18 23:00:00,0.0,0.0
2024-03-19 00:00:00,0.0,0.0
2024-03-19 01:00:00,0.0,0.0
2024-03-19 02:00:00,0.0,0.0
2024-03-19 03:00:00,0.0,0.0
2024-03-19 04:00:00,0.0,0.0
2024-03-19 05:00:00,0.0,0.0
2024-03-19 06:00:00,0.0,0.0
2024-03-19 07:00:00,0.0,0.0
2024-03-19 08:00:00,0.0,0.0
2024-03-19 09:00:00,0.0,0.0
2024-03-19 10:00:00,0.08662244104870087,0.08662244104870087
2024-03-19 11:00:00,0.27589666475582986,0.27589666475582986
2024-03-19 12:00:00,0.7470092164504222,0.7470092164504222
2024-03-19 13:00:00,0.9923231838096407,0.9923231838096407
2024-03-19 14:00:00,1.2619096127565106,1.2619096127565106
2024-03-19 15:00:00,2.2288066841100465,2.2288066841100465
2024-03-19 16:00:00,2.3575640257913175,2.3575640257913175
2024-03-19 17:00:00,2.328925468521358,2.328925468521358
2024-03-19 18:00:00,2.2492782758597576,2.2492782758597576
2024-03-19 19:00:00,2.656461202175622,2.656461202175622
2024-03-19 20:00:00,2.2326806180221306,2.2326806180221306
2024-03-19 21:00:00,2.647711906308421,2.647711906308421
2024-03-19 22:00:00,0.0,0.0
2024-03-19 23:00:00,0.0,0.0
2024-03-20 00:00:00,0.0,0.0
2024-03-20 01:00:00,0.0,0.0
2024-03-20 02:00:00,0.0,0.0
2024-03-20 03:00:00,0.0,0.0
2024-03-20 04:00:00,0.0,0.0
2024-03-20 05:00:00,0.0,0.0
2024-03-20 06:00:00,0.0,0.0
2024-03-20 07:00:00,0.0,0.0
2024-03-20 08:00:00,0.0,0.0
2024-03-20 09:00:00,0.0,0.0
2024-03-20 10:00:00,0.08695421947051168,0.08695421947051168
2024-03-20 11:00:00,0.349140741021241,0.349140741021241
2024-03-20 12:00:00,0.8300178675455365,0.8300178675455365
2024-03-20 13:00:00,1.1693726377760536,1.1693726377760536
2024-03-20 14:00:00,1.6244632479031318,1.6244632479031318
2024-03-20 15:00:00,2.0956517656140874,2.0956517656140874
2024-03-20 16:00:00,2.819447239150927,2.819447239150927
2024-03-20 17:00:00,2.7169311179385214,2.7169311179385214
2024-03-20 18:00:00,2.356300845817628,2.356300845817628
2024-03-20 19:00:00,2.276383918040007,2.276383918040007
2024-03-20 20:00:00,2.2462423304660795,2.2462423304660795
2024-03-20 21:00:00,2.2169655215007458,2.2169655215007458
2024-03-20 22:00:00,0.0,0.0
2024-03-20 23:00:00,0.0,0.0
2024-03-21 00:00:00,0.0,0.0
2024-03-21 01:00:00,0.0,0.0
2024-03-21 02:00:00,0.0,0.0
2024-03-21 03:00:00,0.0,0.0
2024-03-21 04:00:00,0.0,0.0
2024-03-21 05:00:00,0.0,0.0
2024-03-21 06:00:00,0.0,0.0
2024-03-21 07:00:00,0.0,0.0
2024-03-21 08:00:00,0.0,0.0
2024-03-21 09:00:00,0.0,0.0
2024-03-21 10:00:00,0.0860832700499392,0.0860832700499392
2024-03-21 11:00:00,0.27608050175127474,0.27608050175127474
2024-03-21 12:00:00,0.5798433413257851,0.5798433413257851
2024-03-21 13:00:00,0.9628165585654088,0.9628165585654088
2024-03-21 14:00:00,1.1425931159659484,1.1425931159659484
2024-03-21 15:00:00,1.6722301259788726,1.6722301259788726
2024-03-21 16:00:00,2.4493371599567118,2.4493371599567118
2024-03-21 17:00:00,2.240634752025962,2.240634752025962
2024-03-21 18:00:00,2.00677781131328,2.00677781131328
2024-03-21 19:00:00,2.0408114306904803,2.0408114306904803
2024-03-21 20:00:00,2.5637232379376305,2.5637232379376305
2024-03-21 21:00:00,2.2700749372117492,2.2700749372117492
2024-03-21 22:00:00,0.0,0.0
2024-03-21 23:00:00,0.0,0.0
2024-03-22 00:00:00,0.0,0.0
2024-03-22 01:00:00,0.0,0.0
2024-03-22 02:00:00,0.0,0.0
2024-03-22 03:00:00,0.0,0.0
2024-03-22 04:00:00,0.0,0.0
2024-03-22 05:00:00,0.0,0.0
2024-03-22 06:00:00,0.0,0.0
2024-03-22 07:00:00,0.0,0.0
2024-03-22 08:00:00,0.0,0.0
2024-03-22 09:00:00,0.0,0.0
2024-03-22 10:00:00,0.08149408861566129,0.08149408861566129
2024-03-22 11:00:00,0.26339027926126224,0.26339027926126224
2024-03-22 12:00:00,0.5486469959737276,0.5486469959737276
2024-03-22 13:00:00,0.96422235646174,0.96422235646174
2024-03-22 14:00:00,1.1486986694818981,1.1486986694818981
2024-03-22 15:00:00,1.8690274709358503,1.8690274709358503
2024-03-22 16:00:00,2.345253332237378,2.345253332237378
2024-03-22 17:00:00,2.426241084888614,2.426241084888614
2024-03-22 18:00:00,1.9761157222883285,1.9761157222883285
2024-03-22 19:00:00,2.282710588029986,2.282710588029986
2024-03-22 20:00:00,1.9962343361774857,1.9962343361774857
2024-03-22 21:00:00,1.8886205468139317,1.8886205468139317
2024-03-22 22:00:00,0.0,0.0
2024-03-22 23:00:00,0.0,0.0
2024-03-23 00:00:00,0.0,0.0
2024-03-23 01:00:00,0.0,0.0
2024-03-23 02:00:00,0.0,0.0
2024-03-23 03:00:00,0.0,0.0
2024-03-23 04:00:00,0.0,0.0
2024-03-23 05:00:00,0.0,0.0
2024-03-23 06:00:00,0.0,0.0
2024-03-23 07:00:00,0.0,0.0
2024-03-23 08:00:00,0.0,0.0
2024-03-23 09:00:00,0.0,0.0
2024-03-23 10:00:00,0.05212709899040602,0.05212709899040602
2024-03-23 11:00:00,0.2373254915442462,0.2373254915442462
2024-03-23 12:00:00,0.43112052409346946,0.43112052409346946
2024-03-23 13:00:00,0.7824942570882358,0.7824942570882358
2024-03-23 14:00:00,1.0328729635241043,1.0328729635241043
2024-03-23 15:00:00,1.1528958981506388,1.1528958981506388
2024-03-23 16:00:00,1.4783899217961585,1.4783899217961585
2024-03-23 17:00:00,1.747717710291104,1.747717710291104
2024-03-23 18:00:00,1.8325669186898592,1.8325669186898592
2024-03-23 19:00:00,1.5597642435488142,1.5597642435488142
2024-03-23 20:00:00,1.8318097612981132,1.8318097612981132
2024-03-23 21:00:00,1.7574925304937001,1.7574925304937001
2024-03-23 22:00:00,0.0,0.0
2024-03-23 23:00:00,0.0,0.0
2024-03-24 00:00:00,0.0,0.0
2024-03-24 01:00:00,0.0,0.0
2024-03-24 02:00:00,0.0,0.0
2024-03-24 03:00:00,0.0,0.0
2024-03-24 04:00:00,0.0,0.0
2024-03-24 05:00:00,0.0,0.0
2024-03-24 06:00:00,0.0,0.0
2024-03-24 07:00:00,0.0,0.0
2024-03-24 08:00:00,0.0,0.0
2024-03-24 09:00:00,0.0,0.0
2024-03-24 10:00:00,0.06489080144370482,0.06489080144370482
2024-03-24 11:00:00,0.20812328271080982,0.20812328271080982
2024-03-24 12:00:00,0.4697863710523367,0.4697863710523367
2024-03-24 13:00:00,0.6569183991300956,0.6569183991300956
2024-03-24 14:00:00,0.9632061587371281,0.9632061587371281
2024-03-24 15:00:00,1.4116830812326242,1.4116830812326242
2024-03-24 16:00:00,1.6445234619860394,1.6445234619860394
2024-03-24 17:00:00,1.861080306474969,1.861080306474969
2024-03-24 18:00:00,1.6791473080595454,1.6791473080595454
2024-03-24 19:00:00,1.5273013410959353,1.5273013410959353
2024-03-24 20:00:00,1.5607191266322842,1.5607191266322842
2024-03-24 21:00:00,1.478850649435038,1.478850649435038
2024-03-24 22:00:00,0.0,0.0
2024-03-24 23:00:00,0.0,0.0
2024-03-25 00:00:00,0.0,0.0
2024-03-25 01:00:00,0.0,0.0
2024-03-25 02:00:00,0.0,0.0
2024-03-25 03:00:00,0.0,0.0
2024-03-25 04:00:00,0.0,0.0
2024-03-25 05:00:00,0.0,0.0
2024-03-25 06:00:00,0.0,0.0
2024-03-25 07:00:00,0.0,0.0
2024-03-25 08:00:00,0.0,0.0
2024-03-25 09:00:00,0.0,0.0
2024-03-25 10:00:00,0.08358541591130678,0.08358541591130678
2024-03-25 11:00:00,0.33780830895342806,0.33780830895342806
2024-03-25 12:00:00,0.6102052344216339,0.6102052344216339
2024-03-25 13:00:00,0.9580268895665309,0.9580268895665309
2024-03-25 14:00:00,1.424379063962351,1.424379063962351
2024-03-25 15:00:00,1.8502411358969706,1.8502411358969706
2024-03-25 16:00:00,2.1238978376220805,2.1238978376220805
2024-03-25 17:00:00,2.508627463297083,2.508627463297083
2024-03-25 18:00:00,2.07196224205058,2.07196224205058
2024-03-25 19:00:00,2.503878980106799,2.503878980106799
2024-03-25 20:00:00,2.7475028785883313,2.7475028785883313
2024-03-25 21:00:00,2.4943627938044184,2.4943627938044184
2024-03-25 22:00:00,0.0,0.0
2024-03-25 23:00:00,0.0,0.0
2024-03-26 00:00:00,0.0,0.0
2024-03-26 01:00:00,0.0,0.0
2024-03-26 02:00:00,0.0,0.0
2024-03-26 03:00:00,0.0,0.0
2024-03-26 04:00:00,0.0,0.0
2024-03-26 05:00:00,0.0,0.0
2024-03-26 06:00:00,0.0,0.0
2024-03-26 07:00:00,0.0,0.0
2024-03-26 08:00:00,0.0,0.0
2024-03-26 09:00:00,0.0,0.0
2024-03-26 10:00:00,0.0820395458182876,0.0820395458182876
2024-03-26 11:00:00,0.3239424704370712,0.3239424704370712
2024-03-26 12:00:00,0.7732926494022541,0.7732926494022541
2024-03-26 13:00:00,1.0045858504486815,1.0045858504486815
2024-03-26 14:00:00,1.2463548766679233,1.2463548766679233
2024-03-26 15:00:00,1.9075805028904906,1.9075805028904906
2024-03-26 16:00:00,2.503094097178157,2.503094097178157
2024-03-26 17:00:00,3.0257874012760158,3.0257874012760158
2024-03-26 18:00:00,2.2678347352684978,2.2678347352684978
2024-03-26 19:00:00,2.6953202918675276,2.6953202918675276
2024-03-26 20:00:00,2.5511573849830618,2.5511573849830618
2024-03-26 21:00:00,2.41201849188184,2.41201849188184
2024-03-26 22:00:00,0.0,0.0
2024-03-26 23:00:00,0.0,0.0
2024-03-27 00:00:00,0.0,0.0
2024-03-27 01:00:00,0.0,0.0
2024-03-27 02:00:00,0.0,0.0
2024-03-27 03:00:00,0.0,0.0
2024-03-27 04:00:00,0.0,0.0
2024-03-27 05:00:00,0.0,0.0
2024-03-27 06:00:00,0.0,0.0
2024-03-27 07:00:00,0.0,0.0
2024-03-27 08:00:00,0.0,0.0
2024-03-27 09:00:00,0.0,0.0
2024-03-27 10:00:00,0.07883315624928616,0.07883315624928616
2024-03-27 11:00:00,0.29507119482451644,0.29507119482451644
2024-03-27 12:00:00,0.7742900044047994,0.7742900044047994
2024-03-27 13:00:00,1.1520649989129776,1.1520649989129776
2024-03-27 14:00:00,1.4249119157468968,1.4249119157468968
2024-03-27 15:00:00,1.7837261302548246,1.7837261302548246
2024-03-27 16:00:00,2.3281513250094252,2.3281513250094252
2024-03-27 17:00:00,2.363955876590547,2.363955876590547
2024-03-27 18:00:00,2.2423705874781987,2.2423705874781987
2024-03-27 19:00:00,2.0596517560275776,2.0596517560275776
2024-03-27 20:00:00,2.238726681704667,2.238726681704667
2024-03-27 21:00:00,2.0847815262012994,2.0847815262012994
2024-03-27 22:00:00,0.0,0.0
2024-03-27 23:00:00,0.0,0.0
2024-03-28 00:00:00,0.0,0.0
2024-03-28 01:00:00,0.0,0.0
2024-03-28 02:00:00,0.0,0.0
2024-03-28 03:00:00,0.0,0.0
2024-03-28 04:00:00,0.0,0.0
2024-03-28 05:00:00,0.0,0.0
2024-03-28 06:00:00,0.0,0.0
2024-03-28 07:00:00,0.0,0.0
2024-03-28 08:00:00,0.0,0.0
2024-03-28 09:00:00,0.0,0.0
2024-03-28 10:00:00,0.09543297879767972,0.09543297879767972
2024-03-28 11:00:00,0.338537055071404,0.338537055071404
2024-03-28 12:00:00,0.717115288341097,0.717115288341097
2024-03-28 13:00:00,1.0565706911780837,1.0565706911780837
2024-03-28 14:00:00,1.2234370118465505,1.2234370118465505
2024-03-28 15:00:00,1.8475543133137393,1.8475543133137393
2024-03-28 16:00:00,2.097840815817424,2.097840815817424
2024-03-28 17:00:00,2.83789745906027,2.83789745906027
2024-03-28 18:00:00,2.6307033534207473,2.6307033534207473
2024-03-28 19:00:00,2.673680555759864,2.673680555759864
2024-03-28 20:00:00,2.477006178681041,2.477006178681041
2024-03-28 21:00:00,2.642057769138002,2.642057769138002
2024-03-28 22:00:00,0.0,0.0
2024-03-28 23:00:00,0.0,0.0
2024-03-29 00:00:00,0.0,0.0
2024-03-29 01:00:00,0.0,0.0
2024-03-29 02:00:00,0.0,0.0
2024-03-29 03:00:00,0.0,0.0
2024-03-29 04:00:00,0.0,0.0
2024-03-29 05:00:00,0.0,0.0
2024-03-29 06:00:00,0.0,0.0
2024-03-29 07:00:00,0.0,0.0
2024-03-29 08:00:00,0.0,0.0
2024-03-29 09:00:00,0.0,0.0
2024-03-29 10:00:00,0.08420779836397639,0.08420779836397639
2024-03-29 11:00:00,0.25678562566807145,0.25678562566807145
2024-03-29 12:00:00,0.6139095012807867,0.6139095012807867
2024-03-29 13:00:00,1.0277686438959537,1.0277686438959537
2024-03-29 14:00:00,1.1989338777934457,1.1989338777934457
2024-03-29 15:00:00,2.014645508582237,2.014645508582237
2024-03-29 16:00:00,2.0309635921526032,2.0309635921526032
2024-03-29 17:00:00,2.5608215162784522,2.5608215162784522
2024-03-29 18:00:00,2.631156127888762,2.631156127888762
2024-03-29 19:00:00,2.6315083141642814,2.6315083141642814
2024-03-29 20:00:00,2.6613716667070366,2.6613716667070366
2024-03-29 21:00:00,2.4191585870881434,2.4191585870881434
2024-03-29 22:00:00,0.0,0.0
2024-03-29 23:00:00,0.0,0.0
2024-03-30 00:00:00,0.0,0.0
2024-03-30 01:00:00,0.0,0.0
2024-03-30 02:00:00,0.0,0.0
2024-03-30 03:00:00,0.0,0.0
2024-03-30 04:00:00,0.0,0.0
2024-03-30 05:00:00,0.0,0.0
2024-03-30 06:00:00,0.0,0.0
2024-03-30 07:00:00,0.0,0.0
2024-03-30 08:00:00,0.0,0.0
2024-03-30 09:00:00,0.0,0.0
2024-03-30 10:00:00,0.06490210724379514,0.06490210724379514
2024-03-30 11:00:00,0.24218913330355188,0.24218913330355188
2024-03-30 12:00:00,0.5366169409439799,0.5366169409439799
2024-03-30 13:00:00,0.6825405804691259,0.6825405804691259
2024-03-30 14:00:00,1.0564259156146458,1.0564259156146458
2024-03-30 15:00:00,1.3908220074759678,1.3908220074759678
2024-03-30 16:00:00,1.8528411259193107,1.8528411259193107
2024-03-30 17:00:00,1.8682977254274942,1.8682977254274942
2024-03-30 18:00:00,1.6249245435107562,1.6249245435107562
2024-03-30 19:00:00,1.4144269687662314,1.4144269687662314
2024-03-30 20:00:00,1.8148027177393276,1.8148027177393276
2024-03-30 21:00:00,1.5456593451130571,1.5456593451130571
2024-03-30 22:00:00,0.0,0.0
2024-03-30 23:00:00,0.0,0.0
2024-03-31 00:00:00,0.0,0.0
2024-03-31 01:00:00,0.0,0.0
2024-03-31 02:00:00,0.0,0.0
2024-03-31 03:00:00,0.0,0.0
2024-03-31 04:00:00,0.0,0.0
2024-03-31 05:00:00,0.0,0.0
2024-03-31 06:00:00,0.0,0.0
2024-03-31 07:00:00,0.0,0.0
2024-03-31 08:00:00,0.0,0.0
2024-03-31 09:00:00,0.0,0.0
2024-03-31 10:00:00,0.05650611439696254,0.05650611439696254
2024-03-31 11:00:00,0.2160929298941243,0.2160929298941243
2024-03-31 12:00:00,0.4802082574870302,0.4802082574870302
2024-03-31 13:00:00,0.6244001974742583,0.6244001974742583
2024-03-31 14:00:00,0.9830225518700608,0.9830225518700608
2024-03-31 15:00:00,1.112572661744349,1.112572661744349
2024-03-31 16:00:00,1.5235883511828279,1.5235883511828279
2024-03-31 17:00:00,1.8045641665342886,1.8045641665342886
2024-03-31 18:00:00,1.773524257801662,1.773524257801662
2024-03-31 19:00:00,1.549884085469048,1.549884085469048
2024-03-31 20:00:00,1.3939929212129363,1.3939929212129363
2024-03-31 21:00:00,1.3168702860815076,1.3168702860815076
2024-03-31 22:00:00,0.0,0.0
2024-03-31 23:00:00,0.0,0.0
2024-04-01 00:00:00,0.0,0.0
2024-04-01 01:00:00,0.0,0.0
2024-04-01 02:00:00,0.0,0.0
2024-04-01 03:00:00,0.0,0.0
2024-04-01 04:00:00,0.0,0.0
2024-04-01 05:00:00,0.0,0.0
2024-04-01 06:00:00,0.0,0.0
2024-04-01 07:00:00,0.0,0.0
2024-04-01 08:00:00,0.0,0.0
2024-04-01 09:00:00,0.0,0.0
2024-04-01 10:00:00,0.08245251203493892,0.08245251203493892
2024-04-01 11:00:00,0.2501025854149727,0.2501025854149727
2024-04-01 12:00:00,0.618824100727422,0.618824100727422
2024-04-01 13:00:00,0.8328601656547634,0.8328601656547634
2024-04-01 14:00:00,1.1701053663792587,1.1701053663792587
2024-04-01 15:00:00,1.549832342287476,1.549832342287476
2024-04-01 16:00:00,2.061331318906731,2.061331318906731
2024-04-01 17:00:00,2.6990531771899153,2.6990531771899153
2024-04-01 18:00:00,2.6121911476784625,2.6121911476784625
2024-04-01 19:00:00,2.4530276713862396,2.4530276713862396
2024-04-01 20:00:00,2.431508456057056,2.431508456057056
2024-04-01 21:00:00,1.8218475549477962,1.8218475549477962
2024-04-01 22:00:00,0.0,0.0
2024-04-01 23:00:00,0.0,0.0
2024-04-02 00:00:00,0.0,0.0
2024-04-02 01:00:00,0.0,0.0
2024-04-02 02:00:00,0.0,0.0
2024-04-02 03:00:00,0.0,0.0
2024-04-02 04:00:00,0.0,0.0
2024-04-02 05:00:00,0.0,0.0
2024-04-02 06:00:00,0.0,0.0
2024-04-02 07:00:00,0.0,0.0
2024-04-02 08:00:00,0.0,0.0
2024-04-02 09:00:00,0.0,0.0
2024-04-02 10:00:00,0.08454265671274593,0.08454265671274593
2024-04-02 11:00:00,0.27096453484647115,0.27096453484647115
2024-04-02 12:00:00,0.5577049543403774,0.5577049543403774
2024-04-02 13:00:00,0.8730871428984565,0.8730871428984565
2024-04-02 14:00:00,1.041107685481988,1.041107685481988
2024-04-02 15:00:00,1.8389358491958114,1.8389358491958114
2024-04-02 16:00:00,2.195186978103326,2.195186978103326
2024-04-02 17:00:00,2.455653732589611,2.455653732589611
2024-04-02 18:00:00,2.38246823166755,2.38246823166755
2024-04-02 19:00:00,1.9575421201852508,1.9575421201852508
2024-04-02 20:00:00,2.1351192377409705,2.1351192377409705
2024-04-02 21:00:00,1.917341702478612,1.917341702478612
2024-04-02 22:00:00,0.0,0.0
2024-04-02 23:00:00,0.0,0.0
2024-04-03 00:00:00,0.0,0.0
2024-04-03 01:00:00,0.0,0.0
2024-04-03 02:00:00,0.0,0.0
2024-04-03 03:00:00,0.0,0.0
2024-04-03 04:00:00,0.0,0.0
2024-04-03 05:00:00,0.0,0.0
2024-04-03 06:00:00,0.0,0.0
2024-04-03 07:00:00,0.0,0.0
2024-04-03 08:00:00,0.0,0.0
2024-04-03 09:00:00,0.0,0.0
2024-04-03 10:00:00,0.07831162636642142,0.07831162636642142
2024-04-03 11:00:00,0.31735965303664565,0.31735965303664565
2024-04-03 12:00:00,0.6863263336750449,0.6863263336750449
2024-04-03 13:00:00,1.0498489247120784,1.0498489247120784
2024-04-03 14:00:00,1.4616430430984302,1.4616430430984302
2024-04-03 15:00:00,1.7281926665231175,1.7281926665231175
2024-04-03 16:00:00,2.1666786889902987,2.1666786889902987
2024-04-03 17:00:00,2.6099688210949736,2.6099688210949736
2024-04-03 18:00:00,2.235975172629201,2.235975172629201
2024-04-03 19:00:00,2.35782834749431,2.35782834749431
2024-04-03 20:00:00,2.5027355355898946,2.5027355355898946
2024-04-03 21:00:00,2.4777056603684278,2.4777056603684278
2024-04-03 22:00:00,0.0,0.0
2024-04-03 23:00:00,0.0,0.0
2024-04-04 00:00:00,0.0,0.0
2024-04-04 01:00:00,0.0,0.0
2024-04-04 02:00:00,0.0,0.0
2024-04-04 03:00:00,0.0,0.0
2024-04-04 04:00:00,0.0,0.0
2024-04-04 05:00:00,0.0,0.0
2024-04-04 06:00:00,0.0,0.0
2024-04-04 07:00:00,0.0,0.0
2024-04-04 08:00:00,0.0,0.0
2024-04-04 09:00:00,0.0,0.0
2024-04-04 10:00:00,0.07919665462954197,0.07919665462954197
2024-04-04 11:00:00,0.31852738141210885,0.31852738141210885
2024-04-04 12:00:00,0.624171876667908,0.624171876667908
2024-04-04 13:00:00,0.9282069790171875,0.9282069790171875
2024-04-04 14:00:00,1.2016390162323238,1.2016390162323238
2024-04-04 15:00:00,1.8602003142279884,1.8602003142279884
2024-04-04 16:00:00,2.293221492316374,2.293221492316374
2024-04-04 17:00:00,2.28279400690195,2.28279400690195
2024-04-04 18:00:00,2.297604294732882,2.297604294732882
2024-04-04 19:00:00,2.370644553690555,2.370644553690555
2024-04-04 20:00:00,2.3704144868519044,2.3704144868519044
2024-04-04 21:00:00,2.318189791567884,2.318189791567884
2024-04-04 22:00:00,0.0,0.0
2024-04-04 23:00:00,0.0,0.0
2024-04-05 00:00:00,0.0,0.0
2024-04-05 01:00:00,0.0,0.0
2024-04-05 02:00:00,0.0,0.0
2024-04-05 03:00:00,0.0,0.0
2024-04-05 04:00:00,0.0,0.0
2024-04-05 05:00:00,0.0,0.0
2024-04-05 06:00:00,0.0,0.0
2024-04-05 07:00:00,0.0,0.0
2024-04-05 08:00:00,0.0,0.0
2024-04-05 09:00:00,0.0,0.0
2024-04-05 10:00:00,0.07589624331494511,0.07589624331494511
2024-04-05 11:00:00,0.31047596331171157,0.31047596331171157
2024-04-05 12:00:00,0.7377697291246141,0.7377697291246141
2024-04-05 13:00:00,0.851382139213559,0.851382139213559
2024-04-05 14:00:00,1.261452724846647,1.261452724846647
2024-04-05 15:00:00,1.6309051413217341,1.6309051413217341
2024-04-05 16:00:00,2.038590912995241,2.038590912995241
2024-04-05 17:00:00,2.233056639653746,2.233056639653746
2024-04-05 18:00:00,2.5816505565754753,2.5816505565754753
2024-04-05 19:00:00,2.26073520011814,2.26073520011814
2024-04-05 20:00:00,2.5736839521317263,2.5736839521317263
2024-04-05 21:00:00,1.9995309467602995,1.9995309467602995
2024-04-05 22:00:00,0.0,0.0
2024-04-05 23:00:00,0.0,0.0
2024-04-06 00:00:00,0.0,0.0
2024-04-06 01:00:00,0.0,0.0
2024-04-06 02:00:00,0.0,0.0
2024-04-06 03:00:00,0.0,0.0
2024-04-06 04:00:00,0.0,0.0
2024-04-06 05:00:00,0.0,0.0
2024-04-06 06:00:00,0.0,0.0
2024-04-06 07:00:00,0.0,0.0
2024-04-06 08:00:00,0.0,0.0
2024-04-06 09:00:00,0.0,0.0
2024-04-06 10:00:00,0.05865206489171113,0.05865206489171113
2024-04-06 11:00:00,0.21363167344745748,0.21363167344745748
2024-04-06 12:00:00,0.47181821951794745,0.47181821951794745
2024-04-06 13:00:00,0.6667943041795158,0.6667943041795158
2024-04-06 14:00:00,0.8578461820831166,0.8578461820831166
2024-04-06 15:00:00,1.2466201986682626,1.2466201986682626
2024-04-06 16:00:00,1.5428876407661318,1.5428876407661318
2024-04-06 17:00:00,1.7692621844601242,1.7692621844601242
2024-04-06 18:00:00,1.4880527274363837,1.4880527274363837
2024-04-06 19:00:00,1.4986802542498396,1.4986802542498396
2024-04-06 20:00:00,1.6558950229844638,1.6558950229844638
2024-04-06 21:00:00,1.6009266881615862,1.6009266881615862
2024-04-06 22:00:00,0.0,0.0
2024-04-06 23:00:00,0.0,0.0
2024-04-07 00:00:00,0.0,0.0
2024-04-07 01:00:00,0.0,0.0
2024-04-07 02:00:00,0.0,0.0
2024-04-07 03:00:00,0.0,0.0
2024-04-07 04:00:00,0.0,0.0
2024-04-07 05:00:00,0.0,0.0
2024-04-07 06:00:00,0.0,0.0
2024-04-07 07:00:00,0.0,0.0
2024-04-07 08:00:00,0.0,0.0
2024-04-07 09:00:00,0.0,0.0
2024-04-07 10:00:00,0.0504893942944361,0.0504893942944361
2024-04-07 11:00:00,0.18749433723930026,0.18749433723930026
2024-04-07 12:00:00,0.4916618884367552,0.4916618884367552
2024-04-07 13:00:00,0.6892968032360819,0.6892968032360819
2024-04-07 14:00:00,1.0941770837793618,1.0941770837793618
2024-04-07 15:00:00,1.313906130024458,1.313906130024458
2024-04-07 16:00:00,1.4316288154767625,1.4316288154767625
2024-04-07 17:00:00,1.7513141443204507,1.7513141443204507
2024-04-07 18:00:00,1.5329057472075387,1.5329057472075387
2024-04-07 19:00:00,1.4699801649931912,1.4699801649931912
2024-04-07 20:00:00,1.6229797311517384,1.6229797311517384
2024-04-07 21:00:00,1.6740643954516559,1.6740643954516559
2024-04-07 22:00:00,0.0,0.0
2024-04-07 23:00:00,0.0,0.0
2024-04-08 00:00:00,0.0,0.0
2024-04-08 01:00:00,0.0,0.0
2024-04-08 02:00:00,0.0,0.0
2024-04-08 03:00:00,0.0,0.0
2024-04-08 04:00:00,0.0,0.0
2024-04-08 05:00:00,0.0,0.0
2024-04-08 06:00:00,0.0,0.0
2024-04-08 07:00:00,0.0,0.0
2024-04-08 08:00:00,0.0,0.0
2024-04-08 09:00:00,0.0,0.0
2024-04-08 10:00:00,0.07068039711062966,0.07068039711062966
2024-04-08 11:00:00,0.3142516042392107,0.3142516042392107
2024-04-08 12:00:00,0.719847807688578,0.719847807688578
2024-04-08 13:00:00,1.0557911429671358,1.0557911429671358
2024-04-08 14:00:00,1.3580530416898275,1.3580530416898275
2024-04-08 15:00:00,1.7891305349847195,1.7891305349847195
2024-04-08 16:00:00,1.9307589234369127,1.9307589234369127
2024-04-08 17:00:00,2.55884511047835,2.55884511047835
2024-04-08 18:00:00,2.2047445154128873,2.2047445154128873
2024-04-08 19:00:00,2.374984234283166,2.374984234283166
2024-04-08 20:00:00,2.5763160599911195,2.5763160599911195
2024-04-08 21:00:00,2.1905196549477095,2.1905196549477095
2024-04-08 22:00:00,0.0,0.0
2024-04-08 23:00:00,0.0,0.0
2024-04-09 00:00:00,0.0,0.0
2024-04-09 01:00:00,0.0,0.0
2024-04-09 02:00:00,0.0,0.0
2024-04-09 03:00:00,0.0,0.0
2024-04-09 04:00:00,0.0,0.0
2024-04-09 05:00:00,0.0,0.0
2024-04-09 06:00:00,0.0,0.0
2024-04-09 07:00:00,0.0,0.0
2024-04-09 08:00:00,0.0,0.0
2024-04-09 09:00:00,0.0,0.0
2024-04-09 10:00:00,0.09668979897298068,0.09668979897298068
2024-04-09 11:00:00,0.270768044273412,0.270768044273412
2024-04-09 12:00:00,0.823279328752575,0.823279328752575
2024-04-09 13:00:00,0.9611591301996779,0.9611591301996779
2024-04-09 14:00:00,1.2926893106052944,1.2926893106052944
2024-04-09 15:00:00,1.9113627623137786,1.9113627623137786
2024-04-09 16:00:00,2.7178082702651793,2.7178082702651793
2024-04-09 17:00:00,2.734446265332594,2.734446265332594
2024-04-09 18:00:00,2.497976379234723,2.497976379234723
2024-04-09 19:00:00,2.37191249620189,2.37191249620189
2024-04-09 20:00:00,2.4602545178497994,2.4602545178497994
2024-04-09 21:00:00,2.2134861524230947,2.2134861524230947
2024-04-09 22:00:00,0.0,0.0
2024-04-09 23:00:00,0.0,0.0
2024-04-10 00:00:00,0.0,0.0
2024-04-10 01:00:00,0.0,0.0
2024-04-10 02:00:00,0.0,0.0
2024-04-10 03:00:00,0.0,0.0
2024-04-10 04:00:00,0.0,0.0
2024-04-10 05:00:00,0.0,0.0
2024-04-10 06:00:00,0.0,0.0
2024-04-10 07:00:00,0.0,0.0
2024-04-10 08:00:00,0.0,0.0
2024-04-10 09:00:00,0.0,0.0
2024-04-10 10:00:00,0.09668659752790489,0.09668659752790489
2024-04-10 11:00:00,0.33401645438721433,0.33401645438721433
2024-04-10 12:00:00,0.8104355486461515,0.8104355486461515
2024-04-10 13:00:00,0.9734466929676444,0.9734466929676444
2024-04-10 14:00:00,1.3050674153448902,1.3050674153448902
2024-04-10 15:00:00,1.857267953374899,1.857267953374899
2024-04-10 16:00:00,2.766894318129216,2.766894318129216
2024-04-10 17:00:00,2.3770604356614617,2.3770604356614617
2024-04-10 18:00:00,2.266620271799284,2.266620271799284
2024-04-10 19:00:00,2.5582381514454324,2.5582381514454324
2024-04-10 20:00:00,2.755244201565334,2.755244201565334
2024-04-10 21:00:00,2.4337821638788526,2.4337821638788526
2024-04-10 22:00:00,0.0,0.0
2024-04-10 23:00:00,0.0,0.0
2024-04-11 00:00:00,0.0,0.0
2024-04-11 01:00:00,0.0,0.0
2024-04-11 02:00:00,0.0,0.0
2024-04-11 03:00:00,0.0,0.0
2024-04-11 04:00:00,0.0,0.0
2024-04-11 05:00:00,0.0,0.0
2024-04-11 06:00:00,0.0,0.0
2024-04-11 07:00:00,0.0,0.0
2024-04-11 08:00:00,0.0,0.0
2024-04-11 09:00:00,0.0,0.0
2024-04-11 10:00:00,0.08667793825744718,0.08667793825744718
2024-04-11 11:00:00,0.31306632229126075,0.31306632229126075
2024-04-11 12:00:00,0.7173561861231796,0.7173561861231796
2024-04-11 13:00:00,1.147657836366238,1.147657836366238
2024-04-11 14:00:00,1.5791647466543646,1.5791647466543646
2024-04-11 15:00:00,2.0622144112952077,2.0622144112952077
2024-04-11 16:00:00,2.360780931070405,2.360780931070405
2024-04-11 17:00:00,2.5015080086473014,2.5015080086473014
2024-04-11 18:00:00,2.8538064079893326,2.8538064079893326
2024-04-11 19:00:00,2.437860746677848,2.437860746677848
2024-04-11 20:00:00,2.381991978864653,2.381991978864653
2024-04-11 21:00:00,2.026551466798155,2.026551466798155
2024-04-11 22:00:00,0.0,0.0
2024-04-11 23:00:00,0.0,0.0
2024-04-12 00:00:00,0.0,0.0
2024-04-12 01:00:00,0.0,0.0
2024-04-12 02:00:00,0.0,0.0
2024-04-12 03:00:00,0.0,0.0
2024-04-12 04:00:00,0.0,0.0
2024-04-12 05:00:00,0.0,0.0
2024-04-12 06:00:00,0.0,0.0
2024-04-12 07:00:00,0.0,0.0
2024-04-12 08:00:00,0.0,0.0
2024-04-12 09:00:00,0.0,0.0
2024-04-12 10:00:00,0.0873218640019014,0.0873218640019014
2024-04-12 11:00:00,0.33370743449703877,0.33370743449703877
2024-04-12 12:00:00,0.7081132572537983,0.7081132572537983
2024-04-12 13:00:00,1.0733688921353997,1.0733688921353997
2024-04-12 14:00:00,1.3205601931601214,1.3205601931601214
2024-04-12 15:00:00,1.7663882756442526,1.7663882756442526
2024-04-12 16:00:00,2.667154508998583,2.667154508998583
2024-04-12 17:00:00,2.95170233870395,2.95170233870395
2024-04-12 18:00:00,2.3149956924693753,2.3149956924693753
2024-04-12 19:00:00,2.5121598062512183,2.5121598062512183
2024-04-12 20:00:00,2.579240490074241,2.579240490074241
2024-04-12 21:00:00,2.0092861414075673,2.0092861414075673
2024-04-12 22:00:00,0.0,0.0
2024-04-12 23:00:00,0.0,0.0
2024-04-13 00:00:00,0.0,0.0
2024-04-13 01:00:00,0.0,0.0
2024-04-13 02:00:00,0.0,0.0
2024-04-13 03:00:00,0.0,0.0
2024-04-13 04:00:00,0.0,0.0
2024-04-13 05:00:00,0.0,0.0
2024-04-13 06:00:00,0.0,0.0
2024-04-13 07:00:00,0.0,0.0
2024-04-13 08:00:00,0.0,0.0
2024-04-13 09:00:00,0.0,0.0
2024-04-13 10:00:00,0.057443222306758204,0.057443222306758204
2024-04-13 11:00:00,0.21808576481645991,0.21808576481645991
2024-04-13 12:00:00,0.5089405544065722,0.5089405544065722
2024-04-13 13:00:00,0.6898294223978977,0.6898294223978977
2024-04-13 14:00:00,1.0564834273824297,1.0564834273824297
2024-04-13 15:00:00,1.0843129745745848,1.0843129745745848
2024-04-13 16:00:00,1.7624416271423364,1.7624416271423364
2024-04-13 17:00:00,1.896490050457695,1.896490050457695
2024-04-13 18:00:00,1.5012526303421705,1.5012526303421705
2024-04-13 19:00:00,1.520101998387429,1.520101998387429
2024-04-13 20:00:00,1.6140315830682288,1.6140315830682288
2024-04-13 21:00:00,1.7351692049615748,1.7351692049615748
2024-04-13 22:00:00,0.0,0.0
2024-04-13 23:00:00,0.0,0.0
2024-04-14 00:00:00,0.0,0.0
2024-04-14 01:00:00,0.0,0.0
2024-04-14 02:00:00,0.0,0.0
2024-04-14 03:00:00,0.0,0.0
2024-04-14 04:00:00,0.0,0.0
2024-04-14 05:00:00,0.0,0.0
2024-04-14 06:00:00,0.0,0.0
2024-04-14 07:00:00,0.0,0.0
2024-04-14 08:00:00,0.0,0.0
2024-04-14 09:00:00,0.0,0.0
2024-04-14 10:00:00,0.05574325547049133,0.05574325547049133
2024-04-14 11:00:00,0.18606813874775963,0.18606813874775963
2024-04-14 12:00:00,0.5383814041961782,0.5383814041961782
2024-04-14 13:00:00,0.756761127661257,0.756761127661257
2024-04-14 14:00:00,0.9404542697443441,0.9404542697443441
2024-04-14 15:00:00,1.1393256384913073,1.1393256384913073
2024-04-14 16:00:00,1.6726353212129563,1.6726353212129563
2024-04-14 17:00:00,2.043655207517808,2.043655207517808
2024-04-14 18:00:00,1.716804981570016,1.716804981570016
2024-04-14 19:00:00,1.8570855038400098,1.8570855038400098
2024-04-14 20:00:00,1.970457634111859,1.970457634111859
2024-04-14 21:00:00,1.7941851348422007,1.7941851348422007
2024-04-14 22:00:00,0.0,0.0
2024-04-14 23:00:00,0.0,0.0
2024-04-15 00:00:00,0.0,0.0
2024-04-15 01:00:00,0.0,0.0
2024-04-15 02:00:00,0.0,0.0
2024-04-15 03:00:00,0.0,0.0
2024-04-15 04:00:00,0.0,0.0
2024-04-15 05:00:00,0.0,0.0
2024-04-15 06:00:00,0.0,0.0
2024-04-15 07:00:00,0.0,0.0
2024-04-15 08:00:00,0.0,0.0
2024-04-15 09:00:00,0.0,0.0
2024-04-15 10:00:00,0.08413107435995858,0.08413107435995858
2024-04-15 11:00:00,0.27279943082401037,0.27279943082401037
2024-04-15 12:00:00,0.6722982469857748,0.6722982469857748
2024-04-15 13:00:00,0.9249011599553921,0.9249011599553921
2024-04-15 14:00:00,1.2749246875980482,1.2749246875980482
2024-04-15 15:00:00,1.908298250294664,1.908298250294664
2024-04-15 16:00:00,2.1551804892096653,2.1551804892096653
2024-04-15 17:00:00,2.4566192877411055,2.4566192877411055
2024-04-15 18:00:00,2.801202586214723,2.801202586214723
2024-04-15 19:00:00,2.3982630375746656,2.3982630375746656
2024-04-15 20:00:00,2.595729039483973,2.595729039483973
2024-04-15 21:00:00,2.4256897881868613,2.4256897881868613
2024-04-15 22:00:00,0.0,0.0
2024-04-15 23:00:00,0.0,0.0
2024-04-16 00:00:00,0.0,0.0
2024-04-16 01:00:00,0.0,0.0
2024-04-16 02:00:00,0.0,0.0
2024-04-16 03:00:00,0.0,0.0
2024-04-16 04:00:00,0.0,0.0
2024-04-16 05:00:00,0.0,0.0
2024-04-16 06:00:00,0.0,0.0
2024-04-16 07:00:00,0.0,0.0
2024-04-16 08:00:00,0.0,0.0
2024-04-16 09:00:00,0.0,0.0
2024-04-16 10:00:00,0.08189650184337936,0.08189650184337936
2024-04-16 11:00:00,0.2764095705532289,0.2764095705532289
2024-04-16 12:00:00,0.5609450772097936,0.5609450772097936
2024-04-16 13:00:00,0.9511815981240059,0.9511815981240059
2024-04-16 14:00:00,1.3834251912173725,1.3834251912173725
2024-04-16 15:00:00,1.5491386086299426,1.5491386086299426
2024-04-16 16:00:00,2.256341173167706,2.256341173167706
2024-04-16 17:00:00,2.0011435670973805,2.0011435670973805
2024-04-16 18:00:00,2.2507288852660627,2.2507288852660627
2024-04-16 19:00:00,2.2712142082321196,2.2712142082321196
2024-04-16 20:00:00,2.0309290817776016,2.0309290817776016
2024-04-16 21:00:00,2.217959584606155,2.217959584606155
2024-04-16 22:00:00,0.0,0.0
2024-04-16 23:00:00,0.0,0.0
2024-04-17 00:00:00,0.0,0.0
2024-04-17 01:00:00,0.0,0.0
2024-04-17 02:00:00,0.0,0.0
2024-04-17 03:00:00,0.0,0.0
2024-04-17 04:00:00,0.0,0.0
2024-04-17 05:00:00,0.0,0.0
2024-04-17 06:00:00,0.0,0.0
2024-04-17 07:00:00,0.0,0.0
2024-04-17 08:00:00,0.0,0.0
2024-04-17 09:00:00,0.0,0.0
2024-04-17 10:00:00,0.0736409471028603,0.0736409471028603
2024-04-17 11:00:00,0.27120123715058536,0.27120123715058536
2024-04-17 12:00:00,0.6327228165348115,0.6327228165348115
2024-04-17 13:00:00,1.0060283976856008,1.0060283976856008
2024-04-17 14:00:00,1.3716230924235007,1.3716230924235007
2024-04-17 15:00:00,1.5835750406164313,1.5835750406164313
2024-04-17 16:00:00,1.9783388112117457,1.9783388112117457
2024-04-17 17:00:00,2.2767288664179066,2.2767288664179066
2024-04-17 18:00:00,1.8842681545082791,1.8842681545082791
2024-04-17 19:00:00,2.3836082494876965,2.3836082494876965
2024-04-17 20:00:00,2.0408477247559165,2.0408477247559165
2024-04-17 21:00:00,1.7966979543304171,1.7966979543304171
2024-04-17 22:00:00,0.0,0.0
2024-04-17 23:00:00,0.0,0.0
2024-04-18 00:00:00,0.0,0.0
2024-04-18 01:00:00,0.0,0.0
2024-04-18 02:00:00,0.0,0.0
2024-04-18 03:00:00,0.0,0.0
2024-04-18 04:00:00,0.0,0.0
2024-04-18 05:00:00,0.0,0.0
2024-04-18 06:00:00,0.0,0.0
2024-04-18 07:00:00,0.0,0.0
2024-04-18 08:00:00,0.0,0.0
2024-04-18 09:00:00,0.0,0.0
2024-04-18 10:00:00,0.08055208786322074,0.08055208786322074
2024-04-18 11:00:00,0.24927862998249892,0.24927862998249892
2024-04-18 12:00:00,0.5589671042624053,0.5589671042624053
2024-04-18 13:00:00,1.0388002453906144,1.0388002453906144
2024-04-18 14:00:00,1.2398799955182551,1.2398799955182551
2024-04-18 15:00:00,1.9826867394080823,1.9826867394080823
2024-04-18 16:00:00,2.2548987668116722,2.2548987668116722
2024-04-18 17:00:00,2.27936020711337,2.27936020711337
2024-04-18 18:00:00,2.1713883146970168,2.1713883146970168
2024-04-18 19:00:00,2.5039512150499537,2.5039512150499537
2024-04-18 20:00:00,2.575162495259942,2.575162495259942
2024-04-18 21:00:00,1.918353982439302,1.918353982439302
2024-04-18 22:00:00,0.0,0.0
2024-04-18 23:00:00,0.0,0.0
2024-04-19 00:00:00,0.0,0.0
2024-04-19 01:00:00,0.0,0.0
2024-04-19 02:00:00,0.0,0.0
2024-04-19 03:00:00,0.0,0.0
2024-04-19 04:00:00,0.0,0.0
2024-04-19 05:00:00,0.0,0.0
2024-04-19 06:00:00,0.0,0.0
2024-04-19 07:00:00,0.0,0.0
2024-04-19 08:00:00,0.0,0.0
2024-04-19 09:00:00,0.0,0.0
2024-04-19 10:00:00,0.09504745784210844,0.09504745784210844
2024-04-19 11:00:00,0.2848095547582478,0.2848095547582478
2024-04-19 12:00:00,0.7702602124209585,0.7702602124209585
2024-04-19 13:00:00,0.8952332530657826,0.8952332530657826
2024-04-19 14:00:00,1.3451434205189376,1.3451434205189376
2024-04-19 15:00:00,1.575236896551474,1.575236896551474
2024-04-19 16:00:00,2.475679890073105,2.475679890073105
2024-04-19 17:00:00,2.442884812244707,2.442884812244707
2024-04-19 18:00:00,2.4660494998338534,2.4660494998338534
2024-04-19 19:00:00,2.2049698623956298,2.2049698623956298
2024-04-19 20:00:00,2.4472974583109646,2.4472974583109646
2024-04-19 21:00:00,2.0205278543931415,2.0205278543931415
2024-04-19 22:00:00,0.0,0.0
2024-04-19 23:00:00,0.0,0.0
2024-04-20 00:00:00,0.0,0.0
2024-04-20 01:00:00,0.0,0.0
2024-04-20 02:00:00,0.0,0.0
2024-04-20 03:00:00,0.0,0.0
2024-04-20 04:00:00,0.0,0.0
2024-04-20 05:00:00,0.0,0.0
2024-04-20 06:00:00,0.0,0.0
2024-04-20 07:00:00,0.0,0.0
2024-04-20 08:00:00,0.0,0.0
2024-04-20 09:00:00,0.0,0.0
2024-04-20 10:00:00,0.05462451682803943,0.05462451682803943
2024-04-20 11:00:00,0.2095116169829661,0.2095116169829661
2024-04-20 12:00:00,0.508049310478086,0.508049310478086
2024-04-20 13:00:00,0.7060195177921424,0.7060195177921424
2024-04-20 14:00:00,0.8801656400343701,0.8801656400343701
2024-04-20 15:00:00,1.3120550687200945,1.3120550687200945
2024-04-20 16:00:00,1.77099108473953,1.77099108473953
2024-04-20 17:00:00,1.582777135769153,1.582777135769153
2024-04-20 18:00:00,1.7208575240567496,1.7208575240567496
2024-04-20 19:00:00,1.6256222417071051,1.6256222417071051
2024-04-20 20:00:00,1.5701212479430475,1.5701212479430475
2024-04-20 21:00:00,1.3196124480320242,1.3196124480320242
2024-04-20 22:00:00,0.0,0.0
2024-04-20 23:00:00,0.0,0.0
2024-04-21 00:00:00,0.0,0.0
2024-04-21 01:00:00,0.0,0.0
2024-04-21 02:00:00,0.0,0.0
2024-04-21 03:00:00,0.0,0.0
2024-04-21 04:00:00,0.0,0.0
2024-04-21 05:00:00,0.0,0.0
2024-04-21 06:00:00,0.0,0.0
2024-04-21 07:00:00,0.0,0.0
2024-04-21 08:00:00,0.0,0.0
2024-04-21 09:00:00,0.0,0.0
2024-04-21 10:00:00,0.05330905043569493,0.05330905043569493
2024-04-21 11:00:00,0.22127552597408615,0.22127552597408615
2024-04-21 12:00:00,0.40009900172823687,0.40009900172823687
2024-04-21 13:00:00,0.5903955256070766,0.5903955256070766
2024-04-21 14:00:00,1.041736261935346,1.041736261935346
2024-04-21 15:00:00,1.1269701450064247,1.1269701450064247
2024-04-21 16:00:00,1.3581030060145292,1.3581030060145292
2024-04-21 17:00:00,1.4891462457681621,1.4891462457681621
2024-04-21 18:00:00,1.4912025192197098,1.4912025192197098
2024-04-21 19:00:00,1.7662468593718235,1.7662468593718235
2024-04-21 20:00:00,1.4346792749404882,1.4346792749404882
2024-04-21 21:00:00,1.5898973438126758,1.5898973438126758
2024-04-21 22:00:00,0.0,0.0
2024-04-21 23:00:00,0.0,0.0
2024-04-22 00:00:00,0.0,0.0
2024-04-22 01:00:00,0.0,0.0
2024-04-22 02:00:00,0.0,0.0
2024-04-22 03:00:00,0.0,0.0
2024-04-22 04:00:00,0.0,0.0
2024-04-22 05:00:00,0.0,0.0
2024-04-22 06:00:00,0.0,0.0
2024-04-22 07:00:00,0.0,0.0
2024-04-22 08:00:00,0.0,0.0
2024-04-22 09:00:00,0.0,0.0
2024-04-22 10:00:00,0.0722995998136856,0.0722995998136856
2024-04-22 11:00:00,0.25113208382009444,0.25113208382009444
2024-04-22 12:00:00,0.5909047953398886,0.5909047953398886
2024-04-22 13:00:00,0.9918881901531549,0.9918881901531549
2024-04-22 14:00:00,1.1629930927018848,1.1629930927018848
2024-04-22 15:00:00,1.9425459181999374,1.9425459181999374
2024-04-22 16:00:00,2.2526652887471026,2.2526652887471026
2024-04-22 17:00:00,2.698561396076564,2.698561396076564
2024-04-22 18:00:00,2.1179640597861087,2.1179640597861087
2024-04-22 19:00:00,2.1642290983527857,2.1642290983527857
2024-04-22 20:00:00,2.6237906597350187,2.6237906597350187
2024-04-22 21:00:00,2.274894681973548,2.274894681973548
2024-04-22 22:00:00,0.0,0.0
2024-04-22 23:00:00,0.0,0.0
2024-04-23 00:00:00,0.0,0.0
2024-04-23 01:00:00,0.0,0.0
2024-04-23 02:00:00,0.0,0.0
2024-04-23 03:00:00,0.0,0.0
2024-04-23 04:00:00,0.0,0.0
2024-04-23 05:00:00,0.0,0.0
2024-04-23 06:00:00,0.0,0.0
2024-04-23 07:00:00,0.0,0.0
2024-04-23 08:00:00,0.0,0.0
2024-04-23 09:00:00,0.0,0.0
2024-04-23 10:00:00,0.08049872580776245,0.08049872580776245
2024-04-23 11:00:00,0.27716170736417567,0.27716170736417567
2024-04-23 12:00:00,0.5702670661295179,0.5702670661295179
2024-04-23 13:00:00,0.8253681416705203,0.8253681416705203
2024-04-23 14:00:00,1.2760934163529163,1.2760934163529163
2024-04-23 15:00:00,1.857198725618491,1.857198725618491
2024-04-23 16:00:00,2.0374627017113154,2.0374627017113154
2024-04-23 17:00:00,2.3678496752690257,2.3678496752690257
2024-04-23 18:00:00,2.1391838433169634,2.1391838433169634
2024-04-23 19:00:00,2.137195784390263,2.137195784390263
2024-04-23 20:00:00,2.5477087510127916,2.5477087510127916
2024-04-23 21:00:00,2.2345349380811586,2.2345349380811586
2024-04-23 22:00:00,0.0,0.0
2024-04-23 23:00:00,0.0,0.0
2024-04-24 00:00:00,0.0,0.0
2024-04-24 01:00:00,0.0,0.0
2024-04-24 02:00:00,0.0,0.0
2024-04-24 03:00:00,0.0,0.0
2024-04-24 04:00:00,0.0,0.0
2024-04-24 05:00:00,0.0,0.0
2024-04-24 06:00:00,0.0,0.0
2024-04-24 07:00:00,0.0,0.0
2024-04-24 08:00:00,0.0,0.0
2024-04-24 09:00:00,0.0,0.0
2024-04-24 10:00:00,0.09354045428343356,0.09354045428343356
2024-04-24 11:00:00,0.26363856775297645,0.26363856775297645
2024-04-24 12:00:00,0.7642567676662207,0.7642567676662207
2024-04-24 13:00:00,1.0861121337919777,1.0861121337919777
2024-04-24 14:00:00,1.260966884401873,1.260966884401873
2024-04-24 15:00:00,1.9204919289453473,1.9204919289453473
2024-04-24 16:00:00,2.4423892077679006,2.4423892077679006
2024-04-24 17:00:00,2.7496426550307493,2.7496426550307493
2024-04-24 18:00:00,2.1609861673817066,2.1609861673817066
2024-04-24 19:00:00,2.080264549952602,2.080264549952602
2024-04-24 20:00:00,2.334183514692424,2.334183514692424
2024-04-24 21:00:00,2.256787074893571,2.256787074893571
2024-04-24 22:00:00,0.0,0.0
2024-04-24 23:00:00,0.0,0.0
2024-04-25 00:00:00,0.0,0.0
2024-04-25 01:00:00,0.0,0.0
2024-04-25 02:00:00,0.0,0.0
2024-04-25 03:00:00,0.0,0.0
2024-04-25 04:00:00,0.0,0.0
2024-04-25 05:00:00,0.0,0.0
2024-04-25 06:00:00,0.0,0.0
2024-04-25 07:00:00,0.0,0.0
2024-04-25 08:00:00,0.0,0.0
2024-04-25 09:00:00,0.0,0.0
2024-04-25 10:00:00,0.08194178565206643,0.08194178565206643
2024-04-25 11:00:00,0.3109096343746723,0.3109096343746723
2024-04-25 12:00:00,0.6136655821467585,0.6136655821467585
2024-04-25 13:00:00,0.9012841097441413,0.9012841097441413
2024-04-25 14:00:00,1.1359723449429395,1.1359723449429395
2024-04-25 15:00:00,1.526954925743433,1.526954925743433
2024-04-25 16:00:00,2.2449193849214413,2.2449193849214413
2024-04-25 17:00:00,2.131247140306115,2.131247140306115
2024-04-25 18:00:00,2.2763905285729575,2.2763905285729575
2024-04-25 19:00:00,2.0143799387795362,2.0143799387795362
2024-04-25 20:00:00,2.4760061125798676,2.4760061125798676
2024-04-25 21:00:00,2.0870000375335205,2.0870000375335205
2024-04-25 22:00:00,0.0,0.0
2024-04-25 23:00:00,0.0,0.0
2024-04-26 00:00:00,0.0,0.0
2024-04-26 01:00:00,0.0,0.0
2024-04-26 02:00:00,0.0,0.0
2024-04-26 03:00:00,0.0,0.0
2024-04-26 04:00:00,0.0,0.0
2024-04-26 05:00:00,0.0,0.0
2024-04-26 06:00:00,0.0,0.0
2024-04-26 07:00:00,0.0,0.0
2024-04-26 08:00:00,0.0,0.0
2024-04-26 09:00:00,0.0,0.0
2024-04-26 10:00:00,0.08529682817778513,0.08529682817778513
2024-04-26 11:00:00,0.3142904436163566,0.3142904436163566
2024-04-26 12:00:00,0.7884652448652016,0.7884652448652016
2024-04-26 13:00:00,1.0565506567431127,1.0565506567431127
2024-04-26 14:00:00,1.3198814735143332,1.3198814735143332
2024-04-26 15:00:00,1.6753639764684025,1.6753639764684025
2024-04-26 16:00:00,2.2300693379110115,2.2300693379110115
2024-04-26 17:00:00,2.50093361486445,2.50093361486445
2024-04-26 18:00:00,2.2300943186611355,2.2300943186611355
2024-04-26 19:00:00,2.4124333727604337,2.4124333727604337
2024-04-26 20:00:00,2.3640708127360193,2.3640708127360193
2024-04-26 21:00:00,2.140949050539598,2.140949050539598
2024-04-26 22:00:00,0.0,0.0
2024-04-26 23:00:00,0.0,0.0
2024-04-27 00:00:00,0.0,0.0
2024-04-27 01:00:00,0.0,0.0
2024-04-27 02:00:00,0.0,0.0
2024-04-27 03:00:00,0.0,0.0
2024-04-27 04:00:00,0.0,0.0
2024-04-27 05:00:00,0.0,0.0
2024-04-27 06:00:00,0.0,0.0
2024-04-27 07:00:00,0.0,0.0
2024-04-27 08:00:00,0.0,0.0
2024-04-27 09:00:00,0.0,0.0
2024-04-27 10:00:00,0.06429118999983978,0.06429118999983978
2024-04-27 11:00:00,0.2077783675158057,0.2077783675158057
2024-04-27 12:00:00,0.4744860994913063,0.4744860994913063
2024-04-27 13:00:00,0.7254516705768975,0.7254516705768975
2024-04-27 14:00:00,0.9387576563053218,0.9387576563053218
2024-04-27 15:00:00,1.0955148508551311,1.0955148508551311
2024-04-27 16:00:00,1.5799651565154704,1.5799651565154704
2024-04-27 17:00:00,1.7818567103380465,1.7818567103380465
2024-04-27 18:00:00,1.5894352133868206,1.5894352133868206
2024-04-27 19:00:00,1.429405904098504,1.429405904098504
2024-04-27 20:00:00,1.7345175855362962,1.7345175855362962
2024-04-27 21:00:00,1.3506640432235184,1.3506640432235184
2024-04-27 22:00:00,0.0,0.0
2024-04-27 23:00:00,0.0,0.0
2024-04-28 00:00:00,0.0,0.0
2024-04-28 01:00:00,0.0,0.0
2024-04-28 02:00:00,0.0,0.0
2024-04-28 03:00:00,0.0,0.0
2024-04-28 04:00:00,0.0,0.0
2024-04-28 05:00:00,0.0,0.0
2024-04-28 06:00:00,0.0,0.0
2024-04-28 07:00:00,0.0,0.0
2024-04-28 08:00:00,0.0,0.0
2024-04-28 09:00:00,0.0,0.0
2024-04-28 10:00:00,0.0671069409207486,0.0671069409207486
2024-04-28 11:00:00,0.22541696444875298,0.22541696444875298
2024-04-28 12:00:00,0.5430356769693149,0.5430356769693149
2024-04-28 13:00:00,0.6115958060844462,0.6115958060844462
2024-04-28 14:00:00,0.9962799578994744,0.9962799578994744
2024-04-28 15:00:00,1.214416787744077,1.214416787744077
2024-04-28 16:00:00,1.583309486180399,1.583309486180399
2024-04-28 17:00:00,1.5389430521465741,1.5389430521465741
2024-04-28 18:00:00,1.863690942222456,1.863690942222456
2024-04-28 19:00:00,1.4496985704910512,1.4496985704910512
2024-04-28 20:00:00,1.6670121436760965,1.6670121436760965
2024-04-28 21:00:00,1.361868080450042,1.361868080450042
2024-04-28 22:00:00,0.0,0.0
2024-04-28 23:00:00,0.0,0.0
2024-04-29 00:00:00,0.0,0.0
2024-04-29 01:00:00,0.0,0.0
2024-04-29 02:00:00,0.0,0.0
2024-04-29 03:00:00,0.0,0.0
2024-04-29 04:00:00,0.0,0.0
2024-04-29 05:00:00,0.0,0.0
2024-04-29 06:00:00,0.0,0.0
2024-04-29 07:00:00,0.0,0.0
2024-04-29 08:00:00,0.0,0.0
2024-04-29 09:00:00,0.0,0.0
2024-04-29 10:00:00,0.089319683370715,0.089319683370715
2024-04-29 11:00:00,0.28915067126969923,0.28915067126969923
2024-04-29 12:00:00,0.7129294717289929,0.7129294717289929
2024-04-29 13:00:00,1.0118466915450504,1.0118466915450504
2024-04-29 14:00:00,1.3272178297144432,1.3272178297144432
2024-04-29 15:00:00,1.5090762026329376,1.5090762026329376
2024-04-29 16:00:00,2.376455236404266,2.376455236404266
2024-04-29 17:00:00,2.5569963741258643,2.5569963741258643
2024-04-29 18:00:00,2.0351945723072156,2.0351945723072156
2024-04-29 19:00:00,2.3565036693449963,2.3565036693449963
2024-04-29 20:00:00,1.9741032955008517,1.9741032955008517
2024-04-29 21:00:00,1.8198563861959371,1.8198563861959371
2024-04-29 22:00:00,0.0,0.0
2024-04-29 23:00:00,0.0,0.0
2024-04-30 00:00:00,0.0,0.0
2024-04-30 01:00:00,0.0,0.0
2024-04-30 02:00:00,0.0,0.0
2024-04-30 03:00:00,0.0,0.0
2024-04-30 04:00:00,0.0,0.0
2024-04-30 05:00:00,0.0,0.0
2024-04-30 06:00:00,0.0,0.0
2024-04-30 07:00:00,0.0,0.0
2024-04-30 08:00:00,0.0,0.0
2024-04-30 09:00:00,0.0,0.0
2024-04-30 10:00:00,0.09378242701267536,0.09378242701267536
2024-04-30 11:00:00,0.2577432090610946,0.2577432090610946
2024-04-30 12:00:00,0.6652050202298079,0.6652050202298079
2024-04-30 13:00:00,0.9193349583596993,0.9193349583596993
2024-04-30 14:00:00,1.5564767874380234,1.5564767874380234
2024-04-30 15:00:00,1.9243216931263598,1.9243216931263598
2024-04-30 16:00:00,2.658884667376298,2.658884667376298
2024-04-30 17:00:00,2.6009357453713826,2.6009357453713826
2024-04-30 18:00:00,2.641608503080471,2.641608503080471
2024-04-30 19:00:00,2.362616341290195,2.362616341290195
2024-04-30 20:00:00,2.4975087841936308,2.4975087841936308
2024-04-30 21:00:00,2.1091565399861207,2.1091565399861207
2024-04-30 22:00:00,0.0,0.0
2024-04-30 23:00:00,0.0,0.0
2024-05-01 00:00:00,0.0,0.0
2024-05-01 01:00:00,0.0,0.0
2024-05-01 02:00:00,0.0,0.0
2024-05-01 03:00:00,0.0,0.0
2024-05-01 04:00:00,0.0,0.0
2024-05-01 05:00:00,0.0,0.0
2024-05-01 06:00:00,0.0,0.0
2024-05-01 07:00:00,0.0,0.0
2024-05-01 08:00:00,0.0,0.0
2024-05-01 09:00:00,0.0,0.0
2024-05-01 10:00:00,0.08119484134505353,0.08119484134505353
2024-05-01 11:00:00,0.31160123006985707,0.31160123006985707
2024-05-01 12:00:00,0.7327166577018638,0.7327166577018638
2024-05-01 13:00:00,1.1198012027040398,1.1198012027040398
2024-05-01 14:00:00,1.1671192701954218,1.1671192701954218
2024-05-01 15:00:00,1.8267106312202621,1.8267106312202621
2024-05-01 16:00:00,2.0789024258820805,2.0789024258820805
2024-05-01 17:00:00,2.1485950745592173,2.1485950745592173
2024-05-01 18:00:00,2.6395296309082936,2.6395296309082936
2024-05-01 19:00:00,2.4579690032194974,2.4579690032194974
2024-05-01 20:00:00,2.7573451246980323,2.7573451246980323
2024-05-01 21:00:00,2.4528860128999206,2.4528860128999206
2024-05-01 22:00:00,0.0,0.0
2024-05-01 23:00:00,0.0,0.0
2024-05-02 00:00:00,0.0,0.0
2024-05-02 01:00:00,0.0,0.0
2024-05-02 02:00:00,0.0,0.0
2024-05-02 03:00:00,0.0,0.0
2024-05-02 04:00:00,0.0,0.0
2024-05-02 05:00:00,0.0,0.0
2024-05-02 06:00:00,0.0,0.0
2024-05-02 07:00:00,0.0,0.0
2024-05-02 08:00:00,0.0,0.0
2024-05-02 09:00:00,0.0,0.0
2024-05-02 10:00:00,0.08133643319197192,0.08133643319197192
2024-05-02 11:00:00,0.32439806248754827,0.32439806248754827
2024-05-02 12:00:00,0.5907208024465045,0.5907208024465045
2024-05-02 13:00:00,1.0789987639523462,1.0789987639523462
2024-05-02 14:00:00,1.2713961594340368,1.2713961594340368
2024-05-02 15:00:00,1.9306743579418908,1.9306743579418908
2024-05-02 16:00:00,2.0295929361697875,2.0295929361697875
2024-05-02 17:00:00,2.266832205092699,2.266832205092699
2024-05-02 18:00:00,2.473237918829236,2.473237918829236
2024-05-02 19:00:00,2.3492381732164347,2.3492381732164347
2024-05-02 20:00:00,2.394576820928306,2.394576820928306
2024-05-02 21:00:00,1.9527791755448227,1.9527791755448227
2024-05-02 22:00:00,0.0,0.0
2024-05-02 23:00:00,0.0,0.0
2024-05-03 00:00:00,0.0,0.0
2024-05-03 01:00:00,0.0,0.0
2024-05-03 02:00:00,0.0,0.0
2024-05-03 03:00:00,0.0,0.0
2024-05-03 04:00:00,0.0,0.0
2024-05-03 05:00:00,0.0,0.0
2024-05-03 06:00:00,0.0,0.0
2024-05-03 07:00:00,0.0,0.0
2024-05-03 08:00:00,0.0,0.0
2024-05-03 09:00:00,0.0,0.0
2024-05-03 10:00:00,0.0966694097100091,0.0966694097100091
2024-05-03 11:00:00,0.3516016205806263,0.3516016205806263
2024-05-03 12:00:00,0.7934668716249592,0.7934668716249592
2024-05-03 13:00:00,1.1247272718627799,1.1247272718627799
2024-05-03 14:00:00,1.2970766016530386,1.2970766016530386
2024-05-03 15:00:00,1.8716435372654445,1.8716435372654445
2024-05-03 16:00:00,2.5178403794177573,2.5178403794177573
2024-05-03 17:00:00,2.951621512957137,2.951621512957137
2024-05-03 18:00:00,2.1983973701888595,2.1983973701888595
2024-05-03 19:00:00,2.310066637616374,2.310066637616374
2024-05-03 20:00:00,2.658242394118634,2.658242394118634
2024-05-03 21:00:00,2.454298059168623,2.454298059168623
2024-05-03 22:00:00,0.0,0.0
2024-05-03 23:00:00,0.0,0.0
2024-05-04 00:00:00,0.0,0.0
2024-05-04 01:00:00,0.0,0.0
2024-05-04 02:00:00,0.0,0.0
2024-05-04 03:00:00,0.0,0.0
2024-05-04 04:00:00,0.0,0.0
2024-05-04 05:00:00,0.0,0.0
2024-05-04 06:00:00,0.0,0.0
2024-05-04 07:00:00,0.0,0.0
2024-05-04 08:00:00,0.0,0.0
2024-05-04 09:00:00,0.0,0.0
2024-05-04 10:00:00,0.05971208748909821,0.05971208748909821
2024-05-04 11:00:00,0.19521458300749742,0.19521458300749742
2024-05-04 12:00:00,0.5068025424763082,0.5068025424763082
2024-05-04 13:00:00,0.5575947374973244,0.5575947374973244
2024-05-04 14:00:00,0.9908387116292613,0.9908387116292613
2024-05-04 15:00:00,1.0064862611978311,1.0064862611978311
2024-05-04 16:00:00,1.473928856215053,1.473928856215053
2024-05-04 17:00:00,1.6375466684097846,1.6375466684097846
2024-05-04 18:00:00,1.7205988170559678,1.7205988170559678
2024-05-04 19:00:00,1.2705862324361357,1.2705862324361357
2024-05-04 20:00:00,1.6778981383346658,1.6778981383346658
2024-05-04 21:00:00,1.4631839784399316,1.4631839784399316
2024-05-04 22:00:00,0.0,0.0
2024-05-04 23:00:00,0.0,0.0
2024-05-05 00:00:00,0.0,0.0
2024-05-05 01:00:00,0.0,0.0
2024-05-05 02:00:00,0.0,0.0
2024-05-05 03:00:00,0.0,0.0
2024-05-05 04:00:00,0.0,0.0
2024-05-05 05:00:00,0.0,0.0
2024-05-05 06:00:00,0.0,0.0
2024-05-05 07:00:00,0.0,0.0
2024-05-05 08:00:00,0.0,0.0
2024-05-05 09:00:00,0.0,0.0
2024-05-05 10:00:00,0.061864174652088655,0.061864174652088655
2024-05-05 11:00:00,0.20734629622340506,0.20734629622340506
2024-05-05 12:00:00,0.5061541679254283,0.5061541679254283
2024-05-05 13:00:00,0.6285604132700069,0.6285604132700069
2024-05-05 14:00:00,0.9428580489350923,0.9428580489350923
2024-05-05 15:00:00,1.3050610565950846,1.3050610565950846
2024-05-05 16:00:00,1.5748857029073566,1.5748857029073566
2024-05-05 17:00:00,1.6203704616606514,1.6203704616606514
2024-05-05 18:00:00,1.7042872359634402,1.7042872359634402
2024-05-05 19:00:00,1.2867258177592535,1.2867258177592535
2024-05-05 20:00:00,1.4774580471934737,1.4774580471934737
2024-05-05 21:00:00,1.5890034834165172,1.5890034834165172
2024-05-05 22:00:00,0.0,0.0
2024-05-05 23:00:00,0.0,0.0
2024-05-06 00:00:00,0.0,0.0
2024-05-06 01:00:00,0.0,0.0
2024-05-06 02:00:00,0.0,0.0
2024-05-06 03:00:00,0.0,0.0
2024-05-06 04:00:00,0.0,0.0
2024-05-06 05:00:00,0.0,0.0
2024-05-06 06:00:00,0.0,0.0
2024-05-06 07:00:00,0.0,0.0
2024-05-06 08:00:00,0.0,0.0
2024-05-06 09:00:00,0.0,0.0
2024-05-06 10:00:00,0.08525415161364897,0.08525415161364897
2024-05-06 11:00:00,0.2957799067169095,0.2957799067169095
2024-05-06 12:00:00,0.6143112732505966,0.6143112732505966
2024-05-06 13:00:00,1.0687880525773383,1.0687880525773383
2024-05-06 14:00:00,1.314636163695396,1.314636163695396
2024-05-06 15:00:00,1.6727399440725113,1.6727399440725113
2024-05-06 16:00:00,2.211517918120736,2.211517918120736
2024-05-06 17:00:00,2.3655548900131693,2.3655548900131693
2024-05-06 18:00:00,2.557996451444818,2.557996451444818
2024-05-06 19:00:00,2.3921271960483903,2.3921271960483903
2024-05-06 20:00:00,2.7998567178830527,2.7998567178830527
2024-05-06 21:00:00,2.085563366246715,2.085563366246715
2024-05-06 22:00:00,0.0,0.0
2024-05-06 23:00:00,0.0,0.0
2024-05-07 00:00:00,0.0,0.0
2024-05-07 01:00:00,0.0,0.0
2024-05-07 02:00:00,0.0,0.0
2024-05-07 03:00:00,0.0,0.0
2024-05-07 04:00:00,0.0,0.0
2024-05-07 05:00:00,0.0,0.0
2024-05-07 06:00:00,0.0,0.0
2024-05-07 07:00:00,0.0,0.0
2024-05-07 08:00:00,0.0,0.0
2024-05-07 09:00:00,0.0,0.0
2024-05-07 10:00:00,0.08625706207793692,0.08625706207793692
2024-05-07 11:00:00,0.28478313264228694,0.28478313264228694
2024-05-07 12:00:00,0.5968523012822656,0.5968523012822656
2024-05-07 13:00:00,0.9609994891708123,0.9609994891708123
2024-05-07 14:00:00,1.1649271002976167,1.1649271002976167
2024-05-07 15:00:00,1.9409898096566858,1.9409898096566858
2024-05-07 16:00:00,1.946446765757735,1.946446765757735
2024-05-07 17:00:00,2.604571170351838,2.604571170351838
2024-05-07 18:00:00,2.2578272888493967,2.2578272888493967
2024-05-07 19:00:00,2.3229605741257604,2.3229605741257604
2024-05-07 20:00:00,2.028078848367268,2.028078848367268
2024-05-07 21:00:00,1.8399159599850954,1.8399159599850954
2024-05-07 22:00:00,0.0,0.0
2024-05-07 23:00:00,0.0,0.0
2024-05-08 00:00:00,0.0,0.0
2024-05-08 01:00:00,0.0,0.0
2024-05-08 02:00:00,0.0,0.0
2024-05-08 03:00:00,0.0,0.0
2024-05-08 04:00:00,0.0,0.0
2024-05-08 05:00:00,0.0,0.0
2024-05-08 06:00:00,0.0,0.0
2024-05-08 07:00:00,0.0,0.0
2024-05-08 08:00:00,0.0,0.0
2024-05-08 09:00:00,0.0,0.0
2024-05-08 10:00:00,0.10019956648636544,0.10019956648636544
2024-05-08 11:00:00,0.29437217563769136,0.29437217563769136
2024-05-08 12:00:00,0.7594043135154656,0.7594043135154656
2024-05-08 13:00:00,1.1260937491940117,1.1260937491940117
2024-05-08 14:00:00,1.5988366088501536,1.5988366088501536
2024-05-08 15:00:00,1.6526950442737036,1.6526950442737036
2024-05-08 16:00:00,2.59491409886792,2.59491409886792
2024-05-08 17:00:00,3.0272510926528935,3.0272510926528935
2024-05-08 18:00:00,2.711492609530369,2.711492609530369
2024-05-08 19:00:00,2.424914172149281,2.424914172149281
2024-05-08 20:00:00,2.5432075632058853,2.5432075632058853
2024-05-08 21:00:00,2.6030496377440646,2.6030496377440646
2024-05-08 22:00:00,0.0,0.0
2024-05-08 23:00:00,0.0,0.0
2024-05-09 00:00:00,0.0,0.0
2024-05-09 01:00:00,0.0,0.0
2024-05-09 02:00:00,0.0,0.0
2024-05-09 03:00:00,0.0,0.0
2024-05-09 04:00:00,0.0,0.0
2024-05-09 05:00:00,0.0,0.0
2024-05-09 06:00:00,0.0,0.0
2024-05-09 07:00:00,0.0,0.0
2024-05-09 08:00:00,0.0,0.0
2024-05-09 09:00:00,0.0,0.0
2024-05-09 10:00:00,0.07498607727176221,0.07498607727176221
2024-05-09 11:00:00,0.23156879900600946,0.23156879900600946
2024-05-09 12:00:00,0.6561487565011581,0.6561487565011581
2024-05-09 13:00:00,0.8110638500101438,0.8110638500101438
2024-05-09 14:00:00,1.3009812725797514,1.3009812725797514
2024-05-09 15:00:00,1.5884557481143515,1.5884557481143515
2024-05-09 16:00:00,2.322905318242336,2.322905318242336
2024-05-09 17:00:00,2.649384531631816,2.649384531631816
2024-05-09 18:00:00,2.052825294142684,2.052825294142684
2024-05-09 19:00:00,1.9593492980526344,1.9593492980526344
2024-05-09 20:00:00,2.420203528777392,2.420203528777392
2024-05-09 21:00:00,2.0797125331148196,2.0797125331148196
2024-05-09 22:00:00,0.0,0.0
2024-05-09 23:00:00,0.0,0.0
2024-05-10 00:00:00,0.0,0.0
2024-05-10 01:00:00,0.0,0.0
2024-05-10 02:00:00,0.0,0.0
2024-05-10 03:00:00,0.0,0.0
2024-05-10 04:00:00,0.0,0.0
2024-05-10 05:00:00,0.0,0.0
2024-05-10 06:00:00,0.0,0.0
2024-05-10 07:00:00,0.0,0.0
2024-05-10 08:00:00,0.0,0.0
2024-05-10 09:00:00,0.0,0.0
2024-05-10 10:00:00,0.07681253909423708,0.07681253909423708
2024-05-10 11:00:00,0.30725483595657155,0.30725483595657155
2024-05-10 12:00:00,0.6767509462190195,0.6767509462190195
2024-05-10 13:00:00,0.9090250775118603,0.9090250775118603
2024-05-10 14:00:00,1.1536168636758948,1.1536168636758948
2024-05-10 15:00:00,2.075855167571677,2.075855167571677
2024-05-10 16:00:00,2.2688140005221835,2.2688140005221835
2024-05-10 17:00:00,2.563708559136397,2.563708559136397
2024-05-10 18:00:00,2.67919712520556,2.67919712520556
2024-05-10 19:00:00,1.9907249747135447,1.9907249747135447
2024-05-10 20:00:00,2.521317182644925,2.521317182644925
2024-05-10 21:00:00,1.8773022933098458,1.8773022933098458
2024-05-10 22:00:00,0.0,0.0
2024-05-10 23:00:00,0.0,0.0
2024-05-11 00:00:00,0.0,0.0
2024-05-11 01:00:00,0.0,0.0
2024-05-11 02:00:00,0.0,0.0
2024-05-11 03:00:00,0.0,0.0
2024-05-11 04:00:00,0.0,0.0
2024-05-11 05:00:00,0.0,0.0
2024-05-11 06:00:00,0.0,0.0
2024-05-11 07:00:00,0.0,0.0
2024-05-11 08:00:00,0.0,0.0
2024-05-11 09:00:00,0.0,0.0
2024-05-11 10:00:00,0.055696637765753766,0.055696637765753766
2024-05-11 11:00:00,0.23079449703686575,0.23079449703686575
2024-05-11 12:00:00,0.4865287809916682,0.4865287809916682
2024-05-11 13:00:00,0.7708457825603602,0.7708457825603602
2024-05-11 14:00:00,1.0155745706675279,1.0155745706675279
2024-05-11 15:00:00,1.328721567093341,1.328721567093341
2024-05-11 16:00:00,1.656656982127374,1.656656982127374
2024-05-11 17:00:00,1.9646618922763073,1.9646618922763073
2024-05-11 18:00:00,1.538981133283311,1.538981133283311
2024-05-11 19:00:00,1.8651115391388662,1.8651115391388662
2024-05-11 20:00:00,1.8423558885774722,1.8423558885774722
2024-05-11 21:00:00,1.7426546816776955,1.7426546816776955
2024-05-11 22:00:00,0.0,0.0
2024-05-11 23:00:00,0.0,0.0
2024-05-12 00:00:00,0.0,0.0
2024-05-12 01:00:00,0.0,0.0
2024-05-12 02:00:00,0.0,0.0
2024-05-12 03:00:00,0.0,0.0
2024-05-12 04:00:00,0.0,0.0
2024-05-12 05:00:00,0.0,0.0
2024-05-12 06:00:00,0.0,0.0
2024-05-12 07:00:00,0.0,0.0
2024-05-12 08:00:00,0.0,0.0
2024-05-12 09:00:00,0.0,0.0
2024-05-12 10:00:00,0.056589953866652845,0.056589953866652845
2024-05-12 11:00:00,0.20885181789548135,0.20885181789548135
2024-05-12 12:00:00,0.4655725575996348,0.4655725575996348
2024-05-12 13:00:00,0.7282903742429299,0.7282903742429299
2024-05-12 14:00:00,0.8411679859385819,0.8411679859385819
2024-05-12 15:00:00,1.3127901887375415,1.3127901887375415
2024-05-12 16:00:00,1.6987106343058764,1.6987106343058764
2024-05-12 17:00:00,1.9785212408569484,1.9785212408569484
2024-05-12 18:00:00,1.7329512427815008,1.7329512427815008
2024-05-12 19:00:00,1.5683881444880325,1.5683881444880325
2024-05-12 20:00:00,1.9936563364505457,1.9936563364505457
2024-05-12 21:00:00,1.4144454785970528,1.4144454785970528
2024-05-12 22:00:00,0.0,0.0
2024-05-12 23:00:00,0.0,0.0
2024-05-13 00:00:00,0.0,0.0
2024-05-13 01:00:00,0.0,0.0
2024-05-13 02:00:00,0.0,0.0
2024-05-13 03:00:00,0.0,0.0
2024-05-13 04:00:00,0.0,0.0
2024-05-13 05:00:00,0.0,0.0
2024-05-13 06:00:00,0.0,0.0
2024-05-13 07:00:00,0.0,0.0
2024-05-13 08:00:00,0.0,0.0
2024-05-13 09:00:00,0.0,0.0
2024-05-13 10:00:00,0.08015065387416052,0.08015065387416052
2024-05-13 11:00:00,0.24397177716801585,0.24397177716801585
2024-05-13 12:00:00,0.5469753712110602,0.5469753712110602
2024-05-13 13:00:00,0.8244493313377363,0.8244493313377363
2024-05-13 14:00:00,1.2984441539742364,1.2984441539742364
2024-05-13 15:00:00,1.6405155288082165,1.6405155288082165
2024-05-13 16:00:00,1.9279713353819758,1.9279713353819758
2024-05-13 17:00:00,2.4614984469607992,2.4614984469607992
2024-05-13 18:00:00,1.9553609988764227,1.9553609988764227
2024-05-13 19:00:00,2.1442699701271373,2.1442699701271373
2024-05-13 20:00:00,1.946323570686645,1.946323570686645
2024-05-13 21:00:00,1.8405589842341117,1.8405589842341117
2024-05-13 22:00:00,0.0,0.0
2024-05-13 23:00:00,0.0,0.0
2024-05-14 00:00:00,0.0,0.0
2024-05-14 01:00:00,0.0,0.0
2024-05-14 02:00:00,0.0,0.0
2024-05-14 03:00:00,0.0,0.0
2024-05-14 04:00:00,0.0,0.0
2024-05-14 05:00:00,0.0,0.0
2024-05-14 06:00:00,0.0,0.0
2024-05-14 07:00:00,0.0,0.0
2024-05-14 08:00:00,0.0,0.0
2024-05-14 09:00:00,0.0,0.0
2024-05-14 10:00:00,0.08792661357109184,0.08792661357109184
2024-05-14 11:00:00,0.2596655592846124,0.2596655592846124
2024-05-14 12:00:00,0.5835676862635774,0.5835676862635774
2024-05-14 13:00:00,0.9739451917999585,0.9739451917999585
2024-05-14 14:00:00,1.3099136281836101,1.3099136281836101
2024-05-14 15:00:00,1.9930257819342267,1.9930257819342267
2024-05-14 16:00:00,2.1568470063616165,2.1568470063616165
2024-05-14 17:00:00,2.1462065739701073,2.1462065739701073
2024-05-14 18:00:00,2.3306333057999136,2.3306333057999136
2024-05-14 19:00:00,2.2190129276864137,2.2190129276864137
2024-05-14 20:00:00,2.668502650582968,2.668502650582968
2024-05-14 21:00:00,2.42326886762305,2.42326886762305
2024-05-14 22:00:00,0.0,0.0
2024-05-14 23:00:00,0.0,0.0
2024-05-15 00:00:00,0.0,0.0
2024-05-15 01:00:00,0.0,0.0
2024-05-15 02:00:00,0.0,0.0
2024-05-15 03:00:00,0.0,0.0
2024-05-15 04:00:00,0.0,0.0
2024-05-15 05:00:00,0.0,0.0
2024-05-15 06:00:00,0.0,0.0
2024-05-15 07:00:00,0.0,0.0
2024-05-15 08:00:00,0.0,0.0
2024-05-15 09:00:00,0.0,0.0
2024-05-15 10:00:00,0.08661118143996616,0.08661118143996616
2024-05-15 11:00:00,0.2592755282457153,0.2592755282457153
2024-05-15 12:00:00,0.6934769839945115,0.6934769839945115
2024-05-15 13:00:00,0.9015434007021,0.9015434007021
2024-05-15 14:00:00,1.2739170694475306,1.2739170694475306
2024-05-15 15:00:00,1.8886870626739694,1.8886870626739694
2024-05-15 16:00:00,1.9868162976633457,1.9868162976633457
2024-05-15 17:00:00,2.349027820787581,2.349027820787581
2024-05-15 18:00:00,2.511617714295192,2.511617714295192
2024-05-15 19:00:00,1.9029830953163107,1.9029830953163107
2024-05-15 20:00:00,2.004475012177609,2.004475012177609
2024-05-15 21:00:00,1.8184635699499336,1.8184635699499336
2024-05-15 22:00:00,0.0,0.0
2024-05-15 23:00:00,0.0,0.0
2024-05-16 00:00:00,0.0,0.0
2024-05-16 01:00:00,0.0,0.0
2024-05-16 02:00:00,0.0,0.0
2024-05-16 03:00:00,0.0,0.0
2024-05-16 04:00:00,0.0,0.0
2024-05-16 05:00:00,0.0,0.0
2024-05-16 06:00:00,0.0,0.0
2024-05-16 07:00:00,0.0,0.0
2024-05-16 08:00:00,0.0,0.0
2024-05-16 09:00:00,0.0,0.0
2024-05-16 10:00:00,0.07249871827525732,0.07249871827525732
2024-05-16 11:00:00,0.31505447627247946,0.31505447627247946
2024-05-16 12:00:00,0.6270354862099414,0.6270354862099414
2024-05-16 13:00:00,1.0679317348330222,1.0679317348330222
2024-05-16 14:00:00,1.4792842000790065,1.4792842000790065
2024-05-16 15:00:00,1.580307719171297,1.580307719171297
2024-05-16 16:00:00,2.5486971199782062,2.5486971199782062
2024-05-16 17:00:00,2.80388173360652,2.80388173360652
2024-05-16 18:00:00,2.0866713860453,2.0866713860453
2024-05-16 19:00:00,2.5342780141767336,2.5342780141767336
2024-05-16 20:00:00,2.6625926374182978,2.6625926374182978
2024-05-16 21:00:00,2.2891438969995,2.2891438969995
2024-05-16 22:00:00,0.0,0.0
2024-05-16 23:00:00,0.0,0.0
2024-05-17 00:00:00,0.0,0.0
2024-05-17 01:00:00,0.0,0.0
2024-05-17 02:00:00,0.0,0.0
2024-05-17 03:00:00,0.0,0.0
2024-05-17 04:00:00,0.0,0.0
2024-05-17 05:00:00,0.0,0.0
2024-05-17 06:00:00,0.0,0.0
2024-05-17 07:00:00,0.0,0.0
2024-05-17 08:00:00,0.0,0.0
2024-05-17 09:00:00,0.0,0.0
2024-05-17 10:00:00,0.07665915904432169,0.07665915904432169
2024-05-17 11:00:00,0.29307730551013417,0.29307730551013417
2024-05-17 12:00:00,0.7078407144342957,0.7078407144342957
2024-05-17 13:00:00,0.9705279048359714,0.9705279048359714
2024-05-17 14:00:00,1.3958906473010484,1.3958906473010484
2024-05-17 15:00:00,1.484222953616395,1.484222953616395
2024-05-17 16:00:00,2.4208650306965556,2.4208650306965556
2024-05-17 17:00:00,2.017395139017416,2.017395139017416
2024-05-17 18:00:00,2.2166277194738444,2.2166277194738444
2024-05-17 19:00:00,2.3009922056850836,2.3009922056850836
2024-05-17 20:00:00,2.4284995185832075,2.4284995185832075
2024-05-17 21:00:00,2.2302295889115236,2.2302295889115236
2024-05-17 22:00:00,0.0,0.0
2024-05-17 23:00:00,0.0,0.0
2024-05-18 00:00:00,0.0,0.0
2024-05-18 01:00:00,0.0,0.0
2024-05-18 02:00:00,0.0,0.0
2024-05-18 03:00:00,0.0,0.0
2024-05-18 04:00:00,0.0,0.0
2024-05-18 05:00:00,0.0,0.0
2024-05-18 06:00:00,0.0,0.0
2024-05-18 07:00:00,0.0,0.0
2024-05-18 08:00:00,0.0,0.0
2024-05-18 09:00:00,0.0,0.0
2024-05-18 10:00:00,0.056523829023187325,0.056523829023187325
2024-05-18 11:00:00,0.2373100148566073,0.2373100148566073
2024-05-18 12:00:00,0.5646165038618042,0.5646165038618042
2024-05-18 13:00:00,0.7741659608023105,0.7741659608023105
2024-05-18 14:00:00,1.074270600144937,1.074270600144937
2024-05-18 15:00:00,1.2218827766653373,1.2218827766653373
2024-05-18 16:00:00,1.5390459047517453,1.5390459047517453
2024-05-18 17:00:00,1.632636055950406,1.632636055950406
2024-05-18 18:00:00,1.7232737500963957,1.7232737500963957
2024-05-18 19:00:00,1.7098989669620335,1.7098989669620335
2024-05-18 20:00:00,1.6812138384128563,1.6812138384128563
2024-05-18 21:00:00,1.5040572810626869,1.5040572810626869
2024-05-18 22:00:00,0.0,0.0
2024-05-18 23:00:00,0.0,0.0
2024-05-19 00:00:00,0.0,0.0
2024-05-19 01:00:00,0.0,0.0
2024-05-19 02:00:00,0.0,0.0
2024-05-19 03:00:00,0.0,0.0
2024-05-19 04:00:00,0.0,0.0
2024-05-19 05:00:00,0.0,0.0
2024-05-19 06:00:00,0.0,0.0
2024-05-19 07:00:00,0.0,0.0
2024-05-19 08:00:00,0.0,0.0
2024-05-19 09:00:00,0.0,0.0
2024-05-19 10:00:00,0.047071210144956493,0.047071210144956493
2024-05-19 11:00:00,0.18260893592308397,0.18260893592308397
2024-05-19 12:00:00,0.4345488966572396,0.4345488966572396
2024-05-19 13:00:00,0.6838532980270577,0.6838532980270577
2024-05-19 14:00:00,0.9575605505207774,0.9575605505207774
2024-05-19 15:00:00,1.1597030275672586,1.1597030275672586
2024-05-19 16:00:00,1.3922324851147072,1.3922324851147072
2024-05-19 17:00:00,1.8089211048909044,1.8089211048909044
2024-05-19 18:00:00,1.7551928212490535,1.7551928212490535
2024-05-19 19:00:00,1.490444426579499,1.490444426579499
2024-05-19 20:00:00,1.5281056853883148,1.5281056853883148
2024-05-19 21:00:00,1.5298561153362602,1.5298561153362602
2024-05-19 22:00:00,0.0,0.0
2024-05-19 23:00:00,0.0,0.0
2024-05-20 00:00:00,0.0,0.0
2024-05-20 01:00:00,0.0,0.0
2024-05-20 02:00:00,0.0,0.0
2024-05-20 03:00:00,0.0,0.0
2024-05-20 04:00:00,0.0,0.0
2024-05-20 05:00:00,0.0,0.0
2024-05-20 06:00:00,0.0,0.0
2024-05-20 07:00:00,0.0,0.0
2024-05-20 08:00:00,0.0,0.0
2024-05-20 09:00:00,0.0,0.0
2024-05-20 10:00:00,0.06797003492111997,0.06797003492111997
2024-05-20 11:00:00,0.24601563394104609,0.24601563394104609
2024-05-20 12:00:00,0.6371855904853397,0.6371855904853397
2024-05-20 13:00:00,0.839447816939077,0.839447816939077
2024-05-20 14:00:00,1.1558193818161862,1.1558193818161862
2024-05-20 15:00:00,1.6702915709988801,1.6702915709988801
2024-05-20 16:00:00,2.2458362545650945,2.2458362545650945
2024-05-20 17:00:00,2.6206768178986977,2.6206768178986977
2024-05-20 18:00:00,1.986848945123837,1.986848945123837
2024-05-20 19:00:00,1.8919287511447402,1.8919287511447402
2024-05-20 20:00:00,2.1057993039664153,2.1057993039664153
2024-05-20 21:00:00,2.1137961185024916,2.1137961185024916
2024-05-20 22:00:00,0.0,0.0
2024-05-20 23:00:00,0.0,0.0
2024-05-21 00:00:00,0.0,0.0
2024-05-21 01:00:00,0.0,0.0
2024-05-21 02:00:00,0.0,0.0
2024-05-21 03:00:00,0.0,0.0
2024-05-21 04:00:00,0.0,0.0
2024-05-21 05:00:00,0.0,0.0
2024-05-21 06:00:00,0.0,0.0
2024-05-21 07:00:00,0.0,0.0
2024-05-21 08:00:00,0.0,0.0
2024-05-21 09:00:00,0.0,0.0
2024-05-21 10:00:00,0.09518264565862858,0.09518264565862858
2024-05-21 11:00:00,0.26869617388119416,0.26869617388119416
2024-05-21 12:00:00,0.6767190269470484,0.6767190269470484
2024-05-21 13:00:00,0.9965757737022397,0.9965757737022397
2024-05-21 14:00:00,1.287093088725431,1.287093088725431
2024-05-21 15:00:00,1.9757779555589108,1.9757779555589108
2024-05-21 16:00:00,2.004840526751449,2.004840526751449
2024-05-21 17:00:00,2.2013261842055423,2.2013261842055423
2024-05-21 18:00:00,2.8019905783642276,2.8019905783642276
2024-05-21 19:00:00,2.390077827177828,2.390077827177828
2024-05-21 20:00:00,2.193596978709912,2.193596978709912
2024-05-21 21:00:00,2.1281703178329527,2.1281703178329527
2024-05-21 22:00:00,0.0,0.0
2024-05-21 23:00:00,0.0,0.0
2024-05-22 00:00:00,0.0,0.0
2024-05-22 01:00:00,0.0,0.0
2024-05-22 02:00:00,0.0,0.0
2024-05-22 03:00:00,0.0,0.0
2024-05-22 04:00:00,0.0,0.0
2024-05-22 05:00:00,0.0,0.0
2024-05-22 06:00:00,0.0,0.0
2024-05-22 07:00:00,0.0,0.0
2024-05-22 08:00:00,0.0,0.0
2024-05-22 09:00:00,0.0,0.0
2024-05-22 10:00:00,0.07167279653045001,0.07167279653045001
2024-05-22 11:00:00,0.2674013837333429,0.2674013837333429
2024-05-22 12:00:00,0.6941392230704594,0.6941392230704594
2024-05-22 13:00:00,0.769406702533084,0.769406702533084
2024-05-22 14:00:00,1.0635329738240198,1.0635329738240198
2024-05-22 15:00:00,1.4265010915076144,1.4265010915076144
2024-05-22 16:00:00,2.2466429279466547,2.2466429279466547
2024-05-22 17:00:00,2.368101099940784,2.368101099940784
2024-05-22 18:00:00,1.9109884351687747,1.9109884351687747
2024-05-22 19:00:00,2.039506809744487,2.039506809744487
2024-05-22 20:00:00,2.155676167338466,2.155676167338466
2024-05-22 21:00:00,1.9656333987124839,1.9656333987124839
2024-05-22 22:00:00,0.0,0.0
2024-05-22 23:00:00,0.0,0.0
2024-05-23 00:00:00,0.0,0.0
2024-05-23 01:00:00,0.0,0.0
2024-05-23 02:00:00,0.0,0.0
2024-05-23 03:00:00,0.0,0.0
2024-05-23 04:00:00,0.0,0.0
2024-05-23 05:00:00,0.0,0.0
2024-05-23 06:00:00,0.0,0.0
2024-05-23 07:00:00,0.0,0.0
2024-05-23 08:00:00,0.0,0.0
2024-05-23 09:00:00,0.0,0.0
2024-05-23 10:00:00,0.07175944320780979,0.07175944320780979
2024-05-23 11:00:00,0.2816985952755438,0.2816985952755438
2024-05-23 12:00:00,0.6918298532575365,0.6918298532575365
2024-05-23 13:00:00,1.022254994541741,1.022254994541741
2024-05-23 14:00:00,1.0746372647371614,1.0746372647371614
2024-05-23 15:00:00,1.7413565155617285,1.7413565155617285
2024-05-23 16:00:00,2.2717439818012815,2.2717439818012815
2024-05-23 17:00:00,2.1121829121747098,2.1121829121747098
2024-05-23 18:00:00,2.3320554339818362,2.3320554339818362
2024-05-23 19:00:00,2.1048675976364595,2.1048675976364595
2024-05-23 20:00:00,2.482832411562915,2.482832411562915
2024-05-23 21:00:00,1.7430330196047301,1.7430330196047301
2024-05-23 22:00:00,0.0,0.0
2024-05-23 23:00:00,0.0,0.0
2024-05-24 00:00:00,0.0,0.0
2024-05-24 01:00:00,0.0,0.0
2024-05-24 02:00:00,0.0,0.0
2024-05-24 03:00:00,0.0,0.0
2024-05-24 04:00:00,0.0,0.0
2024-05-24 05:00:00,0.0,0.0
2024-05-24 06:00:00,0.0,0.0
2024-05-24 07:00:00,0.0,0.0
2024-05-24 08:00:00,0.0,0.0
2024-05-24 09:00:00,0.0,0.0
2024-05-24 10:00:00,0.08711844084068054,0.08711844084068054
2024-05-24 11:00:00,0.2907392932174943,0.2907392932174943
2024-05-24 12:00:00,0.8266854967431844,0.8266854967431844
2024-05-24 13:00:00,1.0054133523003521,1.0054133523003521
2024-05-24 14:00:00,1.3347404043092685,1.3347404043092685
2024-05-24 15:00:00,2.165190772424775,2.165190772424775
2024-05-24 16:00:00,2.8024911986545784,2.8024911986545784
2024-05-24 17:00:00,2.8394195887656632,2.8394195887656632
2024-05-24 18:00:00,2.8820523752774276,2.8820523752774276
2024-05-24 19:00:00,2.3027082569744866,2.3027082569744866
2024-05-24 20:00:00,2.5415016092661786,2.5415016092661786
2024-05-24 21:00:00,2.663900179995752,2.663900179995752
2024-05-24 22:00:00,0.0,0.0
2024-05-24 23:00:00,0.0,0.0
2024-05-25 00:00:00,0.0,0.0
2024-05-25 01:00:00,0.0,0.0
2024-05-25 02:00:00,0.0,0.0
2024-05-25 03:00:00,0.0,0.0
2024-05-25 04:00:00,0.0,0.0
2024-05-25 05:00:00,0.0,0.0
2024-05-25 06:00:00,0.0,0.0
2024-05-25 07:00:00,0.0,0.0
2024-05-25 08:00:00,0.0,0.0
2024-05-25 09:00:00,0.0,0.0
2024-05-25 10:00:00,0.04975198648075546,0.04975198648075546
2024-05-25 11:00:00,0.21006622342760203,0.21006622342760203
2024-05-25 12:00:00,0.4744408286427674,0.4744408286427674
2024-05-25 13:00:00,0.630189780131469,0.630189780131469
2024-05-25 14:00:00,0.8717170716937015,0.8717170716937015
2024-05-25 15:00:00,1.0589663707638444,1.0589663707638444
2024-05-25 16:00:00,1.3897770801065958,1.3897770801065958
2024-05-25 17:00:00,1.4118280039045112,1.4118280039045112
2024-05-25 18:00:00,1.5484418328898946,1.5484418328898946
2024-05-25 19:00:00,1.6343614039426428,1.6343614039426428
2024-05-25 20:00:00,1.6483923497119353,1.6483923497119353
2024-05-25 21:00:00,1.2960150988126147,1.2960150988126147
2024-05-25 22:00:00,0.0,0.0
2024-05-25 23:00:00,0.0,0.0
2024-05-26 00:00:00,0.0,0.0
2024-05-26 01:00:00,0.0,0.0
2024-05-26 02:00:00,0.0,0.0
2024-05-26 03:00:00,0.0,0.0
2024-05-26 04:00:00,0.0,0.0
2024-05-26 05:00:00,0.0,0.0
2024-05-26 06:00:00,0.0,0.0
2024-05-26 07:00:00,0.0,0.0
2024-05-26 08:00:00,0.0,0.0
2024-05-26 09:00:00,0.0,0.0
2024-05-26 10:00:00,0.059895125587566725,0.059895125587566725
2024-05-26 11:00:00,0.2154240928910024,0.2154240928910024
2024-05-26 12:00:00,0.43028863064262846,0.43028863064262846
2024-05-26 13:00:00,0.6290036316013126,0.6290036316013126
2024-05-26 14:00:00,0.815927030259596,0.815927030259596
2024-05-26 15:00:00,1.0865571911961853,1.0865571911961853
2024-05-26 16:00:00,1.7065825458412947,1.7065825458412947
2024-05-26 17:00:00,1.9167357334823478,1.9167357334823478
2024-05-26 18:00:00,1.8306611669362505,1.8306611669362505
2024-05-26 19:00:00,1.3420012334916134,1.3420012334916134
2024-05-26 20:00:00,1.7518181181847514,1.7518181181847514
2024-05-26 21:00:00,1.446088446634336,1.446088446634336
2024-05-26 22:00:00,0.0,0.0
2024-05-26 23:00:00,0.0,0.0
2024-05-27 00:00:00,0.0,0.0
2024-05-27 01:00:00,0.0,0.0
2024-05-27 02:00:00,0.0,0.0
2024-05-27 03:00:00,0.0,0.0
2024-05-27 04:00:00,0.0,0.0
2024-05-27 05:00:00,0.0,0.0
2024-05-27 06:00:00,0.0,0.0
2024-05-27 07:00:00,0.0,0.0
2024-05-27 08:00:00,0.0,0.0
2024-05-27 09:00:00,0.0,0.0
2024-05-27 10:00:00,0.07512483752338528,0.07512483752338528
2024-05-27 11:00:00,0.31143111807809576,0.31143111807809576
2024-05-27 12:00:00,0.7589931063969941,0.7589931063969941
2024-05-27 13:00:00,0.9391446325357438,0.9391446325357438
2024-05-27 14:00:00,1.5314865710605172,1.5314865710605172
2024-05-27 15:00:00,1.6409590419735165,1.6409590419735165
2024-05-27 16:00:00,2.687786243684784,2.687786243684784
2024-05-27 17:00:00,2.363012438471953,2.363012438471953
2024-05-27 18:00:00,2.2344414418676046,2.2344414418676046
2024-05-27 19:00:00,2.52093882821514,2.52093882821514
2024-05-27 20:00:00,2.818349111780437,2.818349111780437
2024-05-27 21:00:00,2.5358098767585675,2.5358098767585675
2024-05-27 22:00:00,0.0,0.0
2024-05-27 23:00:00,0.0,0.0
2024-05-28 00:00:00,0.0,0.0
2024-05-28 01:00:00,0.0,0.0
2024-05-28 02:00:00,0.0,0.0
2024-05-28 03:00:00,0.0,0.0
2024-05-28 04:00:00,0.0,0.0
2024-05-28 05:00:00,0.0,0.0
2024-05-28 06:00:00,0.0,0.0
2024-05-28 07:00:00,0.0,0.0
2024-05-28 08:00:00,0.0,0.0
2024-05-28 09:00:00,0.0,0.0
2024-05-28 10:00:00,0.08148427953305445,0.08148427953305445
2024-05-28 11:00:00,0.35639766231872005,0.35639766231872005
2024-05-28 12:00:00,0.6736023734238807,0.6736023734238807
2024-05-28 13:00:00,1.088822737247847,1.088822737247847
2024-05-28 14:00:00,1.5774316125564865,1.5774316125564865
2024-05-28 15:00:00,2.0970659148666884,2.0970659148666884
2024-05-28 16:00:00,2.401511857463521,2.401511857463521
2024-05-28 17:00:00,2.9433268753532023,2.9433268753532023
2024-05-28 18:00:00,2.810748176864642,2.810748176864642
2024-05-28 19:00:00,2.6952763958914256,2.6952763958914256
2024-05-28 20:00:00,2.2266846985794375,2.2266846985794375
2024-05-28 21:00:00,2.6500312921665685,2.6500312921665685
2024-05-28 22:00:00,0.0,0.0
2024-05-28 23:00:00,0.0,0.0
2024-05-29 00:00:00,0.0,0.0
2024-05-29 01:00:00,0.0,0.0
2024-05-29 02:00:00,0.0,0.0
2024-05-29 03:00:00,0.0,0.0
2024-05-29 04:00:00,0.0,0.0
2024-05-29 05:00:00,0.0,0.0
2024-05-29 06:00:00,0.0,0.0
2024-05-29 07:00:00,0.0,0.0
2024-05-29 08:00:00,0.0,0.0
2024-05-29 09:00:00,0.0,0.0
2024-05-29 10:00:00,0.08845486302019573,0.08845486302019573
2024-05-29 11:00:00,0.2815319091144396,0.2815319091144396
2024-05-29 12:00:00,0.7318840015663273,0.7318840015663273
2024-05-29 13:00:00,0.9065470259419661,0.9065470259419661
2024-05-29 14:00:00,1.3464452497076473,1.3464452497076473
2024-05-29 15:00:00,1.9409357139204797,1.9409357139204797
2024-05-29 16:00:00,2.5224665041755205,2.5224665041755205
2024-05-29 17:00:00,2.166060469583271,2.166060469583271
2024-05-29 18:00:00,2.040317767340943,2.040317767340943
2024-05-29 19:00:00,2.2051540707337356,2.2051540707337356
2024-05-29 20:00:00,2.281266874933465,2.281266874933465
2024-05-29 21:00:00,2.0022006440898976,2.0022006440898976
2024-05-29 22:00:00,0.0,0.0
2024-05-29 23:00:00,0.0,0.0
2024-05-30 00:00:00,0.0,0.0
2024-05-30 01:00:00,0.0,0.0
2024-05-30 02:00:00,0.0,0.0
2024-05-30 03:00:00,0.0,0.0
2024-05-30 04:00:00,0.0,0.0
2024-05-30 05:00:00,0.0,0.0
2024-05-30 06:00:00,0.0,0.0
2024-05-30 07:00:00,0.0,0.0
2024-05-30 08:00:00,0.0,0.0
2024-05-30 09:00:00,0.0,0.0
2024-05-30 10:00:00,0.08912250341412292,0.08912250341412292
2024-05-30 11:00:00,0.29065426020550994,0.29065426020550994
2024-05-30 12:00:00,0.7158944883189278,0.7158944883189278
2024-05-30 13:00:00,0.8907912003051968,0.8907912003051968
2024-05-30 14:00:00,1.2043972111561434,1.2043972111561434
2024-05-30 15:00:00,2.0050882813908806,2.0050882813908806
2024-05-30 16:00:00,2.6921110433098394,2.6921110433098394
2024-05-30 17:00:00,2.678384347324947,2.678384347324947
2024-05-30 18:00:00,2.2893794860649144,2.2893794860649144
2024-05-30 19:00:00,2.2229399630780695,2.2229399630780695
2024-05-30 20:00:00,2.178154687648628,2.178154687648628
2024-05-30 21:00:00,2.561701864460037,2.561701864460037
2024-05-30 22:00:00,0.0,0.0
2024-05-30 23:00:00,0.0,0.0
2024-05-31 00:00:00,0.0,0.0
2024-05-31 01:00:00,0.0,0.0
2024-05-31 02:00:00,0.0,0.0
2024-05-31 03:00:00,0.0,0.0
2024-05-31 04:00:00,0.0,0.0
2024-05-31 05:00:00,0.0,0.0
2024-05-31 06:00:00,0.0,0.0
2024-05-31 07:00:00,0.0,0.0
2024-05-31 08:00:00,0.0,0.0
2024-05-31 09:00:00,0.0,0.0
2024-05-31 10:00:00,0.08266402061978234,0.08266402061978234
2024-05-31 11:00:00,0.22598342786016673,0.22598342786016673
2024-05-31 12:00:00,0.5422284219654415,0.5422284219654415
2024-05-31 13:00:00,0.8197060106858447,0.8197060106858447
2024-05-31 14:00:00,1.0872261650358066,1.0872261650358066
2024-05-31 15:00:00,1.862930968527368,1.862930968527368
2024-05-31 16:00:00,2.190209661320827,2.190209661320827
2024-05-31 17:00:00,2.3644957551988273,2.3644957551988273
2024-05-31 18:00:00,2.18888579810188,2.18888579810188
2024-05-31 19:00:00,2.3203264560275874,2.3203264560275874
2024-05-31 20:00:00,2.182224448004382,2.182224448004382
2024-05-31 21:00:00,1.9631441634498668,1.9631441634498668
2024-05-31 22:00:00,0.0,0.0
2024-05-31 23:00:00,0.0,0.0
2024-06-01 00:00:00,0.0,0.0
2024-06-01 01:00:00,0.0,0.0
2024-06-01 02:00:00,0.0,0.0
2024-06-01 03:00:00,0.0,0.0
2024-06-01 04:00:00,0.0,0.0
2024-06-01 05:00:00,0.0,0.0
2024-06-01 06:00:00,0.0,0.0
2024-06-01 07:00:00,0.0,0.0
2024-06-01 08:00:00,0.0,0.0
2024-06-01 09:00:00,0.0,0.0
2024-06-01 10:00:00,0.06028642310665057,0.06028642310665057
2024-06-01 11:00:00,0.2384776308277457,0.2384776308277457
2024-06-01 12:00:00,0.45636649845402827,0.45636649845402827
2024-06-01 13:00:00,0.7888755666425249,0.7888755666425249
2024-06-01 14:00:00,0.9408243476040538,0.9408243476040538
2024-06-01 15:00:00,1.4324722121866351,1.4324722121866351
2024-06-01 16:00:00,1.7924379541389337,1.7924379541389337
2024-06-01 17:00:00,1.97693557726669,1.97693557726669
2024-06-01 18:00:00,1.8527366448672344,1.8527366448672344
2024-06-01 19:00:00,1.6299418706615925,1.6299418706615925
2024-06-01 20:00:00,1.9289011640806057,1.9289011640806057
2024-06-01 21:00:00,1.4612907168573226,1.4612907168573226
2024-06-01 22:00:00,0.0,0.0
2024-06-01 23:00:00,0.0,0.0
2024-06-02 00:00:00,0.0,0.0
2024-06-02 01:00:00,0.0,0.0
2024-06-02 02:00:00,0.0,0.0
2024-06-02 03:00:00,0.0,0.0
2024-06-02 04:00:00,0.0,0.0
2024-06-02 05:00:00,0.0,0.0
2024-06-02 06:00:00,0.0,0.0
2024-06-02 07:00:00,0.0,0.0
2024-06-02 08:00:00,0.0,0.0
2024-06-02 09:00:00,0.0,0.0
2024-06-02 10:00:00,0.053478604294897925,0.053478604294897925
2024-06-02 11:00:00,0.18650359794326413,0.18650359794326413
2024-06-02 12:00:00,0.43298902708873305,0.43298902708873305
2024-06-02 13:00:00,0.8087281755250096,0.8087281755250096
2024-06-02 14:00:00,0.8514622731091319,0.8514622731091319
2024-06-02 15:00:00,1.4087140107744127,1.4087140107744127
2024-06-02 16:00:00,1.4967944468043979,1.4967944468043979
2024-06-02 17:00:00,2.0024032798624427,2.0024032798624427
2024-06-02 18:00:00,1.6301722308844042,1.6301722308844042
2024-06-02 19:00:00,1.6468203322315784,1.6468203322315784
2024-06-02 20:00:00,2.0075863686209448,2.0075863686209448
2024-06-02 21:00:00,1.3860711229597669,1.3860711229597669
2024-06-02 22:00:00,0.0,0.0
2024-06-02 23:00:00,0.0,0.0
2024-06-03 00:00:00,0.0,0.0
2024-06-03 01:00:00,0.0,0.0
2024-06-03 02:00:00,0.0,0.0
2024-06-03 03:00:00,0.0,0.0
2024-06-03 04:00:00,0.0,0.0
2024-06-03 05:00:00,0.0,0.0
2024-06-03 06:00:00,0.0,0.0
2024-06-03 07:00:00,0.0,0.0
2024-06-03 08:00:00,0.0,0.0
2024-06-03 09:00:00,0.0,0.0
2024-06-03 10:00:00,0.07585023557543502,0.07585023557543502
2024-06-03 11:00:00,0.2305130698037875,0.2305130698037875
2024-06-03 12:00:00,0.6656341717982137,0.6656341717982137
2024-06-03 13:00:00,0.8681509095893262,0.8681509095893262
2024-06-03 14:00:00,1.3461255257503937,1.3461255257503937
2024-06-03 15:00:00,1.4024411168447348,1.4024411168447348
2024-06-03 16:00:00,2.113483727624446,2.113483727624446
2024-06-03 17:00:00,2.3754051293337937,2.3754051293337937
2024-06-03 18:00:00,2.0314421220351444,2.0314421220351444
2024-06-03 19:00:00,1.8295160311912515,1.8295160311912515
2024-06-03 20:00:00,2.088907994112551,2.088907994112551
2024-06-03 21:00:00,1.9637695427801614,1.9637695427801614
2024-06-03 22:00:00,0.0,0.0
2024-06-03 23:00:00,0.0,0.0
2024-06-04 00:00:00,0.0,0.0
2024-06-04 01:00:00,0.0,0.0
2024-06-04 02:00:00,0.0,0.0
2024-06-04 03:00:00,0.0,0.0
2024-06-04 04:00:00,0.0,0.0
2024-06-04 05:00:00,0.0,0.0
2024-06-04 06:00:00,0.0,0.0
2024-06-04 07:00:00,0.0,0.0
2024-06-04 08:00:00,0.0,0.0
2024-06-04 09:00:00,0.0,0.0
2024-06-04 10:00:00,0.07208823096134641,0.07208823096134641
2024-06-04 11:00:00,0.3235634413862902,0.3235634413862902
2024-06-04 12:00:00,0.6179727462660953,0.6179727462660953
2024-06-04 13:00:00,1.0600747528152377,1.0600747528152377
2024-06-04 14:00:00,1.459328170301636,1.459328170301636
2024-06-04 15:00:00,1.974541367555676,1.974541367555676
2024-06-04 16:00:00,2.0510491203227326,2.0510491203227326
2024-06-04 17:00:00,2.1961364720397882,2.1961364720397882
2024-06-04 18:00:00,2.2729890292106893,2.2729890292106893
2024-06-04 19:00:00,1.9105302787274638,1.9105302787274638
2024-06-04 20:00:00,2.252252441149708,2.252252441149708
2024-06-04 21:00:00,1.9188633074803925,1.9188633074803925
2024-06-04 22:00:00,0.0,0.0
2024-06-04 23:00:00,0.0,0.0
2024-06-05 00:00:00,0.0,0.0
2024-06-05 01:00:00,0.0,0.0
2024-06-05 02:00:00,0.0,0.0
2024-06-05 03:00:00,0.0,0.0
2024-06-05 04:00:00,0.0,0.0
2024-06-05 05:00:00,0.0,0.0
2024-06-05 06:00:00,0.0,0.0
2024-06-05 07:00:00,0.0,0.0
2024-06-05 08:00:00,0.0,0.0
2024-06-05 09:00:00,0.0,0.0
2024-06-05 10:00:00,0.07783407435499613,0.07783407435499613
2024-06-05 11:00:00,0.26039732753305156,0.26039732753305156
2024-06-05 12:00:00,0.5700976820384501,0.5700976820384501
2024-06-05 13:00:00,0.8510540467183344,0.8510540467183344
2024-06-05 14:00:00,1.1439944642292081,1.1439944642292081
2024-06-05 15:00:00,1.9975400380575765,1.9975400380575765
2024-06-05 16:00:00,2.4746106846844715,2.4746106846844715
2024-06-05 17:00:00,2.606629473608476,2.606629473608476
2024-06-05 18:00:00,2.3726390933035773,2.3726390933035773
2024-06-05 19:00:00,2.509369585540327,2.509369585540327
2024-06-05 20:00:00,2.300586422331635,2.300586422331635
2024-06-05 21:00:00,2.187920263954902,2.187920263954902
2024-06-05 22:00:00,0.0,0.0
2024-06-05 23:00:00,0.0,0.0
2024-06-06 00:00:00,0.0,0.0
2024-06-06 01:00:00,0.0,0.0
2024-06-06 02:00:00,0.0,0.0
2024-06-06 03:00:00,0.0,0.0
2024-06-06 04:00:00,0.0,0.0
2024-06-06 05:00:00,0.0,0.0
2024-06-06 06:00:00,0.0,0.0
2024-06-06 07:00:00,0.0,0.0
2024-06-06 08:00:00,0.0,0.0
2024-06-06 09:00:00,0.0,0.0
2024-06-06 10:00:00,0.07786491187876576,0.07786491187876576
2024-06-06 11:00:00,0.2566902192908786,0.2566902192908786
2024-06-06 12:00:00,0.5722880662143551,0.5722880662143551
2024-06-06 13:00:00,0.8067043726331813,0.8067043726331813
2024-06-06 14:00:00,1.4325909421087477,1.4325909421087477
2024-06-06 15:00:00,1.5197333575620897,1.5197333575620897
2024-06-06 16:00:00,2.168654345412051,2.168654345412051
2024-06-06 17:00:00,2.0789463574152682,2.0789463574152682
2024-06-06 18:00:00,2.5193696991897774,2.5193696991897774
2024-06-06 19:00:00,2.190791933748857,2.190791933748857
2024-06-06 20:00:00,2.129221205745471,2.129221205745471
2024-06-06 21:00:00,2.347258706485981,2.347258706485981
2024-06-06 22:00:00,0.0,0.0
2024-06-06 23:00:00,0.0,0.0
2024-06-07 00:00:00,0.0,0.0
2024-06-07 01:00:00,0.0,0.0
2024-06-07 02:00:00,0.0,0.0
2024-06-07 03:00:00,0.0,0.0
2024-06-07 04:00:00,0.0,0.0
2024-06-07 05:00:00,0.0,0.0
2024-06-07 06:00:00,0.0,0.0
2024-06-07 07:00:00,0.0,0.0
2024-06-07 08:00:00,0.0,0.0
2024-06-07 09:00:00,0.0,0.0
2024-06-07 10:00:00,0.09428562165921932,0.09428562165921932
2024-06-07 11:00:00,0.2780881723927315,0.2780881723927315
2024-06-07 12:00:00,0.826568831518636,0.826568831518636
2024-06-07 13:00:00,1.0465611347825887,1.0465611347825887
2024-06-07 14:00:00,1.5152506428380017,1.5152506428380017
2024-06-07 15:00:00,1.7580369714315258,1.7580369714315258
2024-06-07 16:00:00,2.5607729134692137,2.5607729134692137
2024-06-07 17:00:00,2.348937133007424,2.348937133007424
2024-06-07 18:00:00,2.889456887207249,2.889456887207249
2024-06-07 19:00:00,2.507619769707338,2.507619769707338
2024-06-07 20:00:00,2.3316153789940834,2.3316153789940834
2024-06-07 21:00:00,2.5304969533233006,2.5304969533233006
2024-06-07 22:00:00,0.0,0.0
2024-06-07 23:00:00,0.0,0.0
2024-06-08 00:00:00,0.0,0.0
2024-06-08 01:00:00,0.0,0.0
2024-06-08 02:00:00,0.0,0.0
2024-06-08 03:00:00,0.0,0.0
2024-06-08 04:00:00,0.0,0.0
2024-06-08 05:00:00,0.0,0.0
2024-06-08 06:00:00,0.0,0.0
2024-06-08 07:00:00,0.0,0.0
2024-06-08 08:00:00,0.0,0.0
2024-06-08 09:00:00,0.0,0.0
2024-06-08 10:00:00,0.06358415739670459,0.06358415739670459
2024-06-08 11:00:00,0.2139735670064083,0.2139735670064083
2024-06-08 12:00:00,0.4511596930510264,0.4511596930510264
2024-06-08 13:00:00,0.8311076249095684,0.8311076249095684
2024-06-08 14:00:00,0.9329259427487742,0.9329259427487742
2024-06-08 15:00:00,1.522619769062147,1.522619769062147
2024-06-08 16:00:00,1.8994976190709836,1.8994976190709836
2024-06-08 17:00:00,1.5774178179090563,1.5774178179090563
2024-06-08 18:00:00,1.6348973318956852,1.6348973318956852
2024-06-08 19:00:00,1.5136892410920577,1.5136892410920577
2024-06-08 20:00:00,1.8133073100326662,1.8133073100326662
2024-06-08 21:00:00,1.4278703608383114,1.4278703608383114
2024-06-08 22:00:00,0.0,0.0
2024-06-08 23:00:00,0.0,0.0
2024-06-09 00:00:00,0.0,0.0
2024-06-09 01:00:00,0.0,0.0
2024-06-09 02:00:00,0.0,0.0
2024-06-09 03:00:00,0.0,0.0
2024-06-09 04:00:00,0.0,0.0
2024-06-09 05:00:00,0.0,0.0
2024-06-09 06:00:00,0.0,0.0
2024-06-09 07:00:00,0.0,0.0
2024-06-09 08:00:00,0.0,0.0
2024-06-09 09:00:00,0.0,0.0
2024-06-09 10:00:00,0.0638301162396915,0.0638301162396915
2024-06-09 11:00:00,0.2036155678458148,0.2036155678458148
2024-06-09 12:00:00,0.4753675172076718,0.4753675172076718
2024-06-09 13:00:00,0.7065659656090846,0.7065659656090846
2024-06-09 14:00:00,0.9757192705983574,0.9757192705983574
2024-06-09 15:00:00,1.2711065184818704,1.2711065184818704
2024-06-09 16:00:00,1.9169244047887806,1.9169244047887806
2024-06-09 17:00:00,1.5752567635248809,1.5752567635248809
2024-06-09 18:00:00,1.839287189920497,1.839287189920497
2024-06-09 19:00:00,1.7023648663348887,1.7023648663348887
2024-06-09 20:00:00,1.709939369907238,1.709939369907238
2024-06-09 21:00:00,1.362072757432721,1.362072757432721
2024-06-09 22:00:00,0.0,0.0
2024-06-09 23:00:00,0.0,0.0
2024-06-10 00:00:00,0.0,0.0
2024-06-10 01:00:00,0.0,0.0
2024-06-10 02:00:00,0.0,0.0
2024-06-10 03:00:00,0.0,0.0
2024-06-10 04:00:00,0.0,0.0
2024-06-10 05:00:00,0.0,0.0
2024-06-10 06:00:00,0.0,0.0
2024-06-10 07:00:00,0.0,0.0
2024-06-10 08:00:00,0.0,0.0
2024-06-10 09:00:00,0.0,0.0
2024-06-10 10:00:00,0.08606240306150373,0.08606240306150373
2024-06-10 11:00:00,0.29816630573419095,0.29816630573419095
2024-06-10 12:00:00,0.7889351655015017,0.7889351655015017
2024-06-10 13:00:00,0.8789843717673673,0.8789843717673673
2024-06-10 14:00:00,1.5112131562117996,1.5112131562117996
2024-06-10 15:00:00,1.6783468342410803,1.6783468342410803
2024-06-10 16:00:00,2.181893615242021,2.181893615242021
2024-06-10 17:00:00,2.265227180655606,2.265227180655606
2024-06-10 18:00:00,2.5939147662047137,2.5939147662047137
2024-06-10 19:00:00,2.292975622539334,2.292975622539334
2024-06-10 20:00:00,2.331931646298768,2.331931646298768
2024-06-10 21:00:00,2.4843327007654175,2.4843327007654175
2024-06-10 22:00:00,0.0,0.0
2024-06-10 23:00:00,0.0,0.0
2024-06-11 00:00:00,0.0,0.0
2024-06-11 01:00:00,0.0,0.0
2024-06-11 02:00:00,0.0,0.0
2024-06-11 03:00:00,0.0,0.0
2024-06-11 04:00:00,0.0,0.0
2024-06-11 05:00:00,0.0,0.0
2024-06-11 06:00:00,0.0,0.0
2024-06-11 07:00:00,0.0,0.0
2024-06-11 08:00:00,0.0,0.0
2024-06-11 09:00:00,0.0,0.0
2024-06-11 10:00:00,0.09553374076214277,0.09553374076214277
2024-06-11 11:00:00,0.26705653092658194,0.26705653092658194
2024-06-11 12:00:00,0.7147748705496272,0.7147748705496272
2024-06-11 13:00:00,0.9069481596879323,0.9069481596879323
2024-06-11 14:00:00,1.5373187045030712,1.5373187045030712
2024-06-11 15:00:00,1.6458755194490973,1.6458755194490973
2024-06-11 16:00:00,2.5342371466916997,2.5342371466916997
2024-06-11 17:00:00,2.5026684286532785,2.5026684286532785
2024-06-11 18:00:00,2.8360879157746997,2.8360879157746997
2024-06-11 19:00:00,2.238406394153955,2.238406394153955
2024-06-11 20:00:00,2.57362921402735,2.57362921402735
2024-06-11 21:00:00,2.354963455905373,2.354963455905373
2024-06-11 22:00:00,0.0,0.0
2024-06-11 23:00:00,0.0,0.0
2024-06-12 00:00:00,0.0,0.0
2024-06-12 01:00:00,0.0,0.0
2024-06-12 02:00:00,0.0,0.0
2024-06-12 03:00:00,0.0,0.0
2024-06-12 04:00:00,0.0,0.0
2024-06-12 05:00:00,0.0,0.0
2024-06-12 06:00:00,0.0,0.0
2024-06-12 07:00:00,0.0,0.0
2024-06-12 08:00:00,0.0,0.0
2024-06-12 09:00:00,0.0,0.0
2024-06-12 10:00:00,0.07438306350430905,0.07438306350430905
2024-06-12 11:00:00,0.2698418863375024,0.2698418863375024
2024-06-12 12:00:00,0.7244602651435861,0.7244602651435861
2024-06-12 13:00:00,1.0144511447858011,1.0144511447858011
2024-06-12 14:00:00,1.4447284972740118,1.4447284972740118
2024-06-12 15:00:00,2.002933254194709,2.002933254194709
2024-06-12 16:00:00,2.1660057777950152,2.1660057777950152
2024-06-12 17:00:00,2.5832959653566103,2.5832959653566103
2024-06-12 18:00:00,2.589299579617631,2.589299579617631
2024-06-12 19:00:00,2.445667214440361,2.445667214440361
2024-06-12 20:00:00,2.3489199451879315,2.3489199451879315
2024-06-12 21:00:00,2.024732179491869,2.024732179491869
2024-06-12 22:00:00,0.0,0.0
2024-06-12 23:00:00,0.0,0.0
2024-06-13 00:00:00,0.0,0.0
2024-06-13 01:00:00,0.0,0.0
2024-06-13 02:00:00,0.0,0.0
2024-06-13 03:00:00,0.0,0.0
2024-06-13 04:00:00,0.0,0.0
2024-06-13 05:00:00,0.0,0.0
2024-06-13 06:00:00,0.0,0.0
2024-06-13 07:00:00,0.0,0.0
2024-06-13 08:00:00,0.0,0.0
2024-06-13 09:00:00,0.0,0.0
2024-06-13 10:00:00,0.09063620467990641,0.09063620467990641
2024-06-13 11:00:00,0.2697642286582736,0.2697642286582736
2024-06-13 12:00:00,0.7346925646686155,0.7346925646686155
2024-06-13 13:00:00,1.0188464010793594,1.0188464010793594
2024-06-13 14:00:00,1.4307083646944407,1.4307083646944407
2024-06-13 15:00:00,1.9395452697974136,1.9395452697974136
2024-06-13 16:00:00,2.8286665516680896,2.8286665516680896
2024-06-13 17:00:00,2.5689714946308113,2.5689714946308113
2024-06-13 18:00:00,2.2100440033167588,2.2100440033167588
2024-06-13 19:00:00,2.5082968859408403,2.5082968859408403
2024-06-13 20:00:00,2.447552056586441,2.447552056586441
2024-06-13 21:00:00,2.511437728202368,2.511437728202368
2024-06-13 22:00:00,0.0,0.0
2024-06-13 23:00:00,0.0,0.0
2024-06-14 00:00:00,0.0,0.0
2024-06-14 01:00:00,0.0,0.0
2024-06-14 02:00:00,0.0,0.0
2024-06-14 03:00:00,0.0,0.0
2024-06-14 04:00:00,0.0,0.0
2024-06-14 05:00:00,0.0,0.0
2024-06-14 06:00:00,0.0,0.0
2024-06-14 07:00:00,0.0,0.0
2024-06-14 08:00:00,0.0,0.0
2024-06-14 09:00:00,0.0,0.0
2024-06-14 10:00:00,0.09158776433202574,0.09158776433202574
2024-06-14 11:00:00,0.2629701552355458,0.2629701552355458
2024-06-14 12:00:00,0.7813620039526917,0.7813620039526917
2024-06-14 13:00:00,0.9435761096491388,0.9435761096491388
2024-06-14 14:00:00,1.4496197416429988,1.4496197416429988
2024-06-14 15:00:00,2.127698090384713,2.127698090384713
2024-06-14 16:00:00,2.522204022625176,2.522204022625176
2024-06-14 17:00:00,2.5592888703037104,2.5592888703037104
2024-06-14 18:00:00,2.411694176289844,2.411694176289844
2024-06-14 19:00:00,2.031919184415585,2.031919184415585
2024-06-14 20:00:00,2.7242783620940227,2.7242783620940227
2024-06-14 21:00:00,1.9468008853390217,1.9468008853390217
2024-06-14 22:00:00,0.0,0.0
2024-06-14 23:00:00,0.0,0.0
2024-06-15 00:00:00,0.0,0.0
2024-06-15 01:00:00,0.0,0.0
2024-06-15 02:00:00,0.0,0.0
2024-06-15 03:00:00,0.0,0.0
2024-06-15 04:00:00,0.0,0.0
2024-06-15 05:00:00,0.0,0.0
2024-06-15 06:00:00,0.0,0.0
2024-06-15 07:00:00,0.0,0.0
2024-06-15 08:00:00,0.0,0.0
2024-06-15 09:00:00,0.0,0.0
2024-06-15 10:00:00,0.05675399837786482,0.05675399837786482
2024-06-15 11:00:00,0.1640797178663375,0.1640797178663375
2024-06-15 12:00:00,0.44490240402661607,0.44490240402661607
2024-06-15 13:00:00,0.553479827945138,0.553479827945138
2024-06-15 14:00:00,0.8672743430737822,0.8672743430737822
2024-06-15 15:00:00,1.203933129827712,1.203933129827712
2024-06-15 16:00:00,1.652382503781757,1.652382503781757
2024-06-15 17:00:00,1.697597140418899,1.697597140418899
2024-06-15 18:00:00,1.4888770231047066,1.4888770231047066
2024-06-15 19:00:00,1.6125909064006585,1.6125909064006585
2024-06-15 20:00:00,1.5447438142790888,1.5447438142790888
2024-06-15 21:00:00,1.4141130513550333,1.4141130513550333
2024-06-15 22:00:00,0.0,0.0
2024-06-15 23:00:00,0.0,0.0
2024-06-16 00:00:00,0.0,0.0
2024-06-16 01:00:00,0.0,0.0
2024-06-16 02:00:00,0.0,0.0
2024-06-16 03:00:00,0.0,0.0
2024-06-16 04:00:00,0.0,0.0
2024-06-16 05:00:00,0.0,0.0
2024-06-16 06:00:00,0.0,0.0
2024-06-16 07:00:00,0.0,0.0
2024-06-16 08:00:00,0.0,0.0
2024-06-16 09:00:00,0.0,0.0
2024-06-16 10:00:00,0.06758386212934037,0.06758386212934037
2024-06-16 11:00:00,0.22028485749133053,0.22028485749133053
2024-06-16 12:00:00,0.5326771736612298,0.5326771736612298
2024-06-16 13:00:00,0.8129912048454898,0.8129912048454898
2024-06-16 14:00:00,0.8999819972069842,0.8999819972069842
2024-06-16 15:00:00,1.111176114515577,1.111176114515577
2024-06-16 16:00:00,1.4273714651888831,1.4273714651888831
2024-06-16 17:00:00,1.858825156963091,1.858825156963091
2024-06-16 18:00:00,1.7174027925110957,1.7174027925110957
2024-06-16 19:00:00,1.5148313917940304,1.5148313917940304
2024-06-16 20:00:00,1.495624610880938,1.495624610880938
2024-06-16 21:00:00,1.7438139056980195,1.7438139056980195
2024-06-16 22:00:00,0.0,0.0
2024-06-16 23:00:00,0.0,0.0
2024-06-17 00:00:00,0.0,0.0
2024-06-17 01:00:00,0.0,0.0
2024-06-17 02:00:00,0.0,0.0
2024-06-17 03:00:00,0.0,0.0
2024-06-17 04:00:00,0.0,0.0
2024-06-17 05:00:00,0.0,0.0
2024-06-17 06:00:00,0.0,0.0
2024-06-17 07:00:00,0.0,0.0
2024-06-17 08:00:00,0.0,0.0
2024-06-17 09:00:00,0.0,0.0
2024-06-17 10:00:00,0.08732976203501125,0.08732976203501125
2024-06-17 11:00:00,0.2780348247939756,0.2780348247939756
2024-06-17 12:00:00,0.6694486602854851,0.6694486602854851
2024-06-17 13:00:00,1.1039084368001642,1.1039084368001642
2024-06-17 14:00:00,1.4652201774235296,1.4652201774235296
2024-06-17 15:00:00,1.9042442977865048,1.9042442977865048
2024-06-17 16:00:00,2.2433625509505113,2.2433625509505113
2024-06-17 17:00:00,2.1965105454245877,2.1965105454245877
2024-06-17 18:00:00,2.1323439872020797,2.1323439872020797
2024-06-17 19:00:00,2.547362574344,2.547362574344
2024-06-17 20:00:00,2.362482697429257,2.362482697429257
2024-06-17 21:00:00,2.4627930607250015,2.4627930607250015
2024-06-17 22:00:00,0.0,0.0
2024-06-17 23:00:00,0.0,0.0
2024-06-18 00:00:00,0.0,0.0
2024-06-18 01:00:00,0.0,0.0
2024-06-18 02:00:00,0.0,0.0
2024-06-18 03:00:00,0.0,0.0
2024-06-18 04:00:00,0.0,0.0
2024-06-18 05:00:00,0.0,0.0
2024-06-18 06:00:00,0.0,0.0
2024-06-18 07:00:00,0.0,0.0
2024-06-18 08:00:00,0.0,0.0
2024-06-18 09:00:00,0.0,0.0
2024-06-18 10:00:00,0.0892855456635957,0.0892855456635957
2024-06-18 11:00:00,0.3107808773398336,0.3107808773398336
2024-06-18 12:00:00,0.7697850056770843,0.7697850056770843
2024-06-18 13:00:00,1.2263492787648609,1.2263492787648609
2024-06-18 14:00:00,1.620208071291321,1.620208071291321
2024-06-18 15:00:00,2.1834007362654866,2.1834007362654866
2024-06-18 16:00:00,2.6932033974247713,2.6932033974247713
2024-06-18 17:00:00,2.8196049907808907,2.8196049907808907
2024-06-18 18:00:00,2.6060555991055554,2.6060555991055554
2024-06-18 19:00:00,2.6484448460807104,2.6484448460807104
2024-06-18 20:00:00,2.4083039844790397,2.4083039844790397
2024-06-18 21:00:00,2.0775612899221536,2.0775612899221536
2024-06-18 22:00:00,0.0,0.0
2024-06-18 23:00:00,0.0,0.0
2024-06-19 00:00:00,0.0,0.0
2024-06-19 01:00:00,0.0,0.0
2024-06-19 02:00:00,0.0,0.0
2024-06-19 03:00:00,0.0,0.0
2024-06-19 04:00:00,0.0,0.0
2024-06-19 05:00:00,0.0,0.0
2024-06-19 06:00:00,0.0,0.0
2024-06-19 07:00:00,0.0,0.0
2024-06-19 08:00:00,0.0,0.0
2024-06-19 09:00:00,0.0,0.0
2024-06-19 10:00:00,0.09257431844027014,0.09257431844027014
2024-06-19 11:00:00,0.29171791658582386,0.29171791658582386
2024-06-19 12:00:00,0.6540240084481491,0.6540240084481491
2024-06-19 13:00:00,1.1879190301264804,1.1879190301264804
2024-06-19 14:00:00,1.2549476344370367,1.2549476344370367
2024-06-19 15:00:00,2.1674159400694335,2.1674159400694335
2024-06-19 16:00:00,2.3391661166243014,2.3391661166243014
2024-06-19 17:00:00,2.2638000768749396,2.2638000768749396
2024-06-19 18:00:00,2.4170219989475146,2.4170219989475146
2024-06-19 19:00:00,2.683493173907705,2.683493173907705
2024-06-19 20:00:00,2.8258007626399224,2.8258007626399224
2024-06-19 21:00:00,2.021021264886181,2.021021264886181
2024-06-19 22:00:00,0.0,0.0
2024-06-19 23:00:00,0.0,0.0
2024-06-20 00:00:00,0.0,0.0
2024-06-20 01:00:00,0.0,0.0
2024-06-20 02:00:00,0.0,0.0
2024-06-20 03:00:00,0.0,0.0
2024-06-20 04:00:00,0.0,0.0
2024-06-20 05:00:00,0.0,0.0
2024-06-20 06:00:00,0.0,0.0
2024-06-20 07:00:00,0.0,0.0
2024-06-20 08:00:00,0.0,0.0
2024-06-20 09:00:00,0.0,0.0
2024-06-20 10:00:00,0.09075737003567315,0.09075737003567315
2024-06-20 11:00:00,0.30589535355783326,0.30589535355783326
2024-06-20 12:00:00,0.6192666451352381,0.6192666451352381
2024-06-20 13:00:00,0.8937817752774267,0.8937817752774267
2024-06-20 14:00:00,1.344385745364566,1.344385745364566
2024-06-20 15:00:00,1.936012283868395,1.936012283868395
2024-06-20 16:00:00,2.318124570170707,2.318124570170707
2024-06-20 17:00:00,2.1082450211657235,2.1082450211657235
2024-06-20 18:00:00,2.3680035903985295,2.3680035903985295
2024-06-20 19:00:00,2.1019520662842663,2.1019520662842663
2024-06-20 20:00:00,2.579968044194072,2.579968044194072
2024-06-20 21:00:00,2.358305916063505,2.358305916063505
2024-06-20 22:00:00,0.0,0.0
2024-06-20 23:00:00,0.0,0.0
2024-06-21 00:00:00,0.0,0.0
2024-06-21 01:00:00,0.0,0.0
2024-06-21 02:00:00,0.0,0.0
2024-06-21 03:00:00,0.0,0.0
2024-06-21 04:00:00,0.0,0.0
2024-06-21 05:00:00,0.0,0.0
2024-06-21 06:00:00,0.0,0.0
2024-06-21 07:00:00,0.0,0.0
2024-06-21 08:00:00,0.0,0.0
2024-06-21 09:00:00,0.0,0.0
2024-06-21 10:00:00,0.10314259534185033,0.10314259534185033
2024-06-21 11:00:00,0.3239343315939003,0.3239343315939003
2024-06-21 12:00:00,0.7692978880490858,0.7692978880490858
2024-06-21 13:00:00,1.1589186448568605,1.1589186448568605
2024-06-21 14:00:00,1.5455754932758001,1.5455754932758001
2024-06-21 15:00:00,2.1379592945650012,2.1379592945650012
2024-06-21 16:00:00,2.8446955330681805,2.8446955330681805
2024-06-21 17:00:00,2.945707331713657,2.945707331713657
2024-06-21 18:00:00,2.5912066021601348,2.5912066021601348
2024-06-21 19:00:00,2.4442873675095793,2.4442873675095793
2024-06-21 20:00:00,2.9241396020695243,2.9241396020695243
2024-06-21 21:00:00,2.098960869558983,2.098960869558983
2024-06-21 22:00:00,0.0,0.0
2024-06-21 23:00:00,0.0,0.0
2024-06-22 00:00:00,0.0,0.0
2024-06-22 01:00:00,0.0,0.0
2024-06-22 02:00:00,0.0,0.0
2024-06-22 03:00:00,0.0,0.0
2024-06-22 04:00:00,0.0,0.0
2024-06-22 05:00:00,0.0,0.0
2024-06-22 06:00:00,0.0,0.0
2024-06-22 07:00:00,0.0,0.0
2024-06-22 08:00:00,0.0,0.0
2024-06-22 09:00:00,0.0,0.0
2024-06-22 10:00:00,0.05728088600070141,0.05728088600070141
2024-06-22 11:00:00,0.18246132656765643,0.18246132656765643
2024-06-22 12:00:00,0.5298601273564398,0.5298601273564398
2024-06-22 13:00:00,0.6817318759287045,0.6817318759287045
2024-06-22 14:00:00,0.9729530541168047,0.9729530541168047
2024-06-22 15:00:00,1.154408494738143,1.154408494738143
2024-06-22 16:00:00,1.6206443659247272,1.6206443659247272
2024-06-22 17:00:00,1.9747684522671936,1.9747684522671936
2024-06-22 18:00:00,1.7065504989555706,1.7065504989555706
2024-06-22 19:00:00,1.809422376123169,1.809422376123169
2024-06-22 20:00:00,1.955148763561329,1.955148763561329
2024-06-22 21:00:00,1.407213002545987,1.407213002545987
2024-06-22 22:00:00,0.0,0.0
2024-06-22 23:00:00,0.0,0.0
2024-06-23 00:00:00,0.0,0.0
2024-06-23 01:00:00,0.0,0.0
2024-06-23 02:00:00,0.0,0.0
2024-06-23 03:00:00,0.0,0.0
2024-06-23 04:00:00,0.0,0.0
2024-06-23 05:00:00,0.0,0.0
2024-06-23 06:00:00,0.0,0.0
2024-06-23 07:00:00,0.0,0.0
2024-06-23 08:00:00,0.0,0.0
2024-06-23 09:00:00,0.0,0.0
2024-06-23 10:00:00,0.06088138491833307,0.06088138491833307
2024-06-23 11:00:00,0.22449589046714308,0.22449589046714308
2024-06-23 12:00:00,0.48172321849730926,0.48172321849730926
2024-06-23 13:00:00,0.6725489667427822,0.6725489667427822
2024-06-23 14:00:00,1.0662283708227278,1.0662283708227278
2024-06-23 15:00:00,1.137628089427768,1.137628089427768
2024-06-23 16:00:00,1.4193141020278799,1.4193141020278799
2024-06-23 17:00:00,1.8679639574732958,1.8679639574732958
2024-06-23 18:00:00,1.8949805245499758,1.8949805245499758
2024-06-23 19:00:00,1.822784365658037,1.822784365658037
2024-06-23 20:00:00,1.782427912814482,1.782427912814482
2024-06-23 21:00:00,1.5941139245766158,1.5941139245766158
2024-06-23 22:00:00,0.0,0.0
2024-06-23 23:00:00,0.0,0.0
2024-06-24 00:00:00,0.0,0.0
2024-06-24 01:00:00,0.0,0.0
2024-06-24 02:00:00,0.0,0.0
2024-06-24 03:00:00,0.0,0.0
2024-06-24 04:00:00,0.0,0.0
2024-06-24 05:00:00,0.0,0.0
2024-06-24 06:00:00,0.0,0.0
2024-06-24 07:00:00,0.0,0.0
2024-06-24 08:00:00,0.0,0.0
2024-06-24 09:00:00,0.0,0.0
2024-06-24 10:00:00,0.09777091487860608,0.09777091487860608
2024-06-24 11:00:00,0.28580009615464014,0.28580009615464014
2024-06-24 12:00:00,0.6437821361697158,0.6437821361697158
2024-06-24 13:00:00,0.9815037995607077,0.9815037995607077
2024-06-24 14:00:00,1.3975082214754833,1.3975082214754833
2024-06-24 15:00:00,1.8612256580239617,1.8612256580239617
2024-06-24 16:00:00,2.6166441558609783,2.6166441558609783
2024-06-24 17:00:00,2.5468754019977564,2.5468754019977564
2024-06-24 18:00:00,2.5340093228644576,2.5340093228644576
2024-06-24 19:00:00,2.722441397994334,2.722441397994334
2024-06-24 20:00:00,2.3820577806379477,2.3820577806379477
2024-06-24 21:00:00,2.6039216096128377,2.6039216096128377
2024-06-24 22:00:00,0.0,0.0
2024-06-24 23:00:00,0.0,0.0
2024-06-25 00:00:00,0.0,0.0
2024-06-25 01:00:00,0.0,0.0
2024-06-25 02:00:00,0.0,0.0
2024-06-25 03:00:00,0.0,0.0
2024-06-25 04:00:00,0.0,0.0
2024-06-25 05:00:00,0.0,0.0
2024-06-25 06:00:00,0.0,0.0
2024-06-25 07:00:00,0.0,0.0
2024-06-25 08:00:00,0.0,0.0
2024-06-25 09:00:00,0.0,0.0
2024-06-25 10:00:00,0.07830496798875211,0.07830496798875211
2024-06-25 11:00:00,0.2635597238467724,0.2635597238467724
2024-06-25 12:00:00,0.7504021580290346,0.7504021580290346
2024-06-25 13:00:00,1.1397187872251837,1.1397187872251837
2024-06-25 14:00:00,1.364217355776887,1.364217355776887
2024-06-25 15:00:00,1.874591811739541,1.874591811739541
2024-06-25 16:00:00,2.485954211098943,2.485954211098943
2024-06-25 17:00:00,2.5181878785611547,2.5181878785611547
2024-06-25 18:00:00,2.504143755447453,2.504143755447453
2024-06-25 19:00:00,2.337381906996306,2.337381906996306
2024-06-25 20:00:00,2.3144779196162113,2.3144779196162113
2024-06-25 21:00:00,2.3011748587790697,2.3011748587790697
2024-06-25 22:00:00,0.0,0.0
2024-06-25 23:00:00,0.0,0.0
2024-06-26 00:00:00,0.0,0.0
2024-06-26 01:00:00,0.0,0.0
2024-06-26 02:00:00,0.0,0.0
2024-06-26 03:00:00,0.0,0.0
2024-06-26 04:00:00,0.0,0.0
2024-06-26 05:00:00,0.0,0.0
2024-06-26 06:00:00,0.0,0.0
2024-06-26 07:00:00,0.0,0.0
2024-06-26 08:00:00,0.0,0.0
2024-06-26 09:00:00,0.0,0.0
2024-06-26 10:00:00,0.08269560684397848,0.08269560684397848
2024-06-26 11:00:00,0.24841571313559385,0.24841571313559385
2024-06-26 12:00:00,0.7435065546285974,0.7435065546285974
2024-06-26 13:00:00,1.0635076120261526,1.0635076120261526
2024-06-26 14:00:00,1.1919078591073373,1.1919078591073373
2024-06-26 15:00:00,1.6864406014989364,1.6864406014989364
2024-06-26 16:00:00,1.9653310483749231,1.9653310483749231
2024-06-26 17:00:00,2.128704898993888,2.128704898993888
2024-06-26 18:00:00,2.4574384064273076,2.4574384064273076
2024-06-26 19:00:00,1.9044922356260945,1.9044922356260945
2024-06-26 20:00:00,2.1219851183115073,2.1219851183115073
2024-06-26 21:00:00,1.858481360863894,1.858481360863894
2024-06-26 22:00:00,0.0,0.0
2024-06-26 23:00:00,0.0,0.0
2024-06-27 00:00:00,0.0,0.0
2024-06-27 01:00:00,0.0,0.0
2024-06-27 02:00:00,0.0,0.0
2024-06-27 03:00:00,0.0,0.0
2024-06-27 04:00:00,0.0,0.0
2024-06-27 05:00:00,0.0,0.0
2024-06-27 06:00:00,0.0,0.0
2024-06-27 07:00:00,0.0,0.0
2024-06-27 08:00:00,0.0,0.0
2024-06-27 09:00:00,0.0,0.0
2024-06-27 10:00:00,0.09405813650113916,0.09405813650113916
2024-06-27 11:00:00,0.3027461467167184,0.3027461467167184
2024-06-27 12:00:00,0.6392895719202449,0.6392895719202449
2024-06-27 13:00:00,1.064679704923253,1.064679704923253
2024-06-27 14:00:00,1.1544275456338873,1.1544275456338873
2024-06-27 15:00:00,2.0549429218222253,2.0549429218222253
2024-06-27 16:00:00,2.603615252902016,2.603615252902016
2024-06-27 17:00:00,2.8111465987643363,2.8111465987643363
2024-06-27 18:00:00,2.6478983275104078,2.6478983275104078
2024-06-27 19:00:00,2.2522564866102974,2.2522564866102974
2024-06-27 20:00:00,2.21227621982836,2.21227621982836
2024-06-27 21:00:00,1.9710616670664551,1.9710616670664551
2024-06-27 22:00:00,0.0,0.0
2024-06-27 23:00:00,0.0,0.0
2024-06-28 00:00:00,0.0,0.0
2024-06-28 01:00:00,0.0,0.0
2024-06-28 02:00:00,0.0,0.0
2024-06-28 03:00:00,0.0,0.0
2024-06-28 04:00:00,0.0,0.0
2024-06-28 05:00:00,0.0,0.0
2024-06-28 06:00:00,0.0,0.0
2024-06-28 07:00:00,0.0,0.0
2024-06-28 08:00:00,0.0,0.0
2024-06-28 09:00:00,0.0,0.0
2024-06-28 10:00:00,0.0784741549448432,0.0784741549448432
2024-06-28 11:00:00,0.25074830583655827,0.25074830583655827
2024-06-28 12:00:00,0.6746131731088764,0.6746131731088764
2024-06-28 13:00:00,0.9275494730882978,0.9275494730882978
2024-06-28 14:00:00,1.2734046893267452,1.2734046893267452
2024-06-28 15:00:00,1.694381213078871,1.694381213078871
2024-06-28 16:00:00,2.295819240031334,2.295819240031334
2024-06-28 17:00:00,2.068433998006856,2.068433998006856
2024-06-28 18:00:00,2.1397537091056598,2.1397537091056598
2024-06-28 19:00:00,2.307876635022376,2.307876635022376
2024-06-28 20:00:00,2.080921193854907,2.080921193854907
2024-06-28 21:00:00,1.7966418652117053,1.7966418652117053
2024-06-28 22:00:00,0.0,0.0
2024-06-28 23:00:00,0.0,0.0
2024-06-29 00:00:00,0.0,0.0
2024-06-29 01:00:00,0.0,0.0
2024-06-29 02:00:00,0.0,0.0
2024-06-29 03:00:00,0.0,0.0
2024-06-29 04:00:00,0.0,0.0
2024-06-29 05:00:00,0.0,0.0
2024-06-29 06:00:00,0.0,0.0
2024-06-29 07:00:00,0.0,0.0
2024-06-29 08:00:00,0.0,0.0
2024-06-29 09:00:00,0.0,0.0
2024-06-29 10:00:00,0.06302204917728042,0.06302204917728042
2024-06-29 11:00:00,0.20518947214419178,0.20518947214419178
2024-06-29 12:00:00,0.5051405772933463,0.5051405772933463
2024-06-29 13:00:00,0.5819152432387769,0.5819152432387769
2024-06-29 14:00:00,0.8698674751432537,0.8698674751432537
2024-06-29 15:00:00,1.2077368964370472,1.2077368964370472
2024-06-29 16:00:00,1.542276268939256,1.542276268939256
2024-06-29 17:00:00,1.4530682640388621,1.4530682640388621
2024-06-29 18:00:00,1.3540921075831813,1.3540921075831813
2024-06-29 19:00:00,1.647147134841326,1.647147134841326
2024-06-29 20:00:00,1.6000712433507254,1.6000712433507254
2024-06-29 21:00:00,1.3372116227764665,1.3372116227764665
2024-06-29 22:00:00,0.0,0.0
2024-06-29 23:00:00,0.0,0.0
2024-06-30 00:00:00,0.0,0.0
2024-06-30 01:00:00,0.0,0.0
2024-06-30 02:00:00,0.0,0.0
2024-06-30 03:00:00,0.0,0.0
2024-06-30 04:00:00,0.0,0.0
2024-06-30 05:00:00,0.0,0.0
2024-06-30 06:00:00,0.0,0.0
2024-06-30 07:00:00,0.0,0.0
2024-06-30 08:00:00,0.0,0.0
2024-06-30 09:00:00,0.0,0.0
2024-06-30 10:00:00,0.052035225821749256,0.052035225821749256
2024-06-30 11:00:00,0.1777682357900391,0.1777682357900391
2024-06-30 12:00:00,0.44779037694697577,0.44779037694697577
2024-06-30 13:00:00,0.6158469655077365,0.6158469655077365
2024-06-30 14:00:00,1.0321674419463285,1.0321674419463285
2024-06-30 15:00:00,1.3723360848429444,1.3723360848429444
2024-06-30 16:00:00,1.5136467017747093,1.5136467017747093
2024-06-30 17:00:00,1.5792814183154498,1.5792814183154498
2024-06-30 18:00:00,1.913973756000299,1.913973756000299
2024-06-30 19:00:00,1.581487643058327,1.581487643058327
2024-06-30 20:00:00,1.4905241625645425,1.4905241625645425
2024-06-30 21:00:00,1.3290519252106314,1.3290519252106314
2024-06-30 22:00:00,0.0,0.0
2024-06-30 23:00:00,0.0,0.0
2024-07-01 00:00:00,0.0,0.0
2024-07-01 01:00:00,0.0,0.0
2024-07-01 02:00:00,0.0,0.0
2024-07-01 03:00:00,0.0,0.0
2024-07-01 04:00:00,0.0,0.0
2024-07-01 05:00:00,0.0,0.0
2024-07-01 06:00:00,0.0,0.0
2024-07-01 07:00:00,0.0,0.0
2024-07-01 08:00:00,0.0,0.0
2024-07-01 09:00:00,0.0,0.0
2024-07-01 10:00:00,0.08752371826106936,0.08752371826106936
2024-07-01 11:00:00,0.2810880137702503,0.2810880137702503
2024-07-01 12:00:00,0.6967904166633955,0.6967904166633955
2024-07-01 13:00:00,0.8357058204229846,0.8357058204229846
2024-07-01 14:00:00,1.1655823624161523,1.1655823624161523
2024-07-01 15:00:00,1.7892605834079338,1.7892605834079338
2024-07-01 16:00:00,2.0097374061301454,2.0097374061301454
2024-07-01 17:00:00,2.5858581703478745,2.5858581703478745
2024-07-01 18:00:00,2.239696213771166,2.239696213771166
2024-07-01 19:00:00,2.4447251832390515,2.4447251832390515
2024-07-01 20:00:00,2.1760418493407268,2.1760418493407268
2024-07-01 21:00:00,2.3143521379707415,2.3143521379707415
2024-07-01 22:00:00,0.0,0.0
2024-07-01 23:00:00,0.0,0.0
2024-07-02 00:00:00,0.0,0.0
2024-07-02 01:00:00,0.0,0.0
2024-07-02 02:00:00,0.0,0.0
2024-07-02 03:00:00,0.0,0.0
2024-07-02 04:00:00,0.0,0.0
2024-07-02 05:00:00,0.0,0.0
2024-07-02 06:00:00,0.0,0.0
2024-07-02 07:00:00,0.0,0.0
2024-07-02 08:00:00,0.0,0.0
2024-07-02 09:00:00,0.0,0.0
2024-07-02 10:00:00,0.07295993428214598,0.07295993428214598
2024-07-02 11:00:00,0.2829737860716771,0.2829737860716771
2024-07-02 12:00:00,0.596163075362969,0.596163075362969
2024-07-02 13:00:00,0.966162501635746,0.966162501635746
2024-07-02 14:00:00,1.3075795899779257,1.3075795899779257
2024-07-02 15:00:00,1.6116924009338653,1.6116924009338653
2024-07-02 16:00:00,2.396912278843211,2.396912278843211
2024-07-02 17:00:00,2.0789695904418566,2.0789695904418566
2024-07-02 18:00:00,2.2513651824269796,2.2513651824269796
2024-07-02 19:00:00,1.8892264468674531,1.8892264468674531
2024-07-02 20:00:00,2.1600246813104107,2.1600246813104107
2024-07-02 21:00:00,1.8155739386655196,1.8155739386655196
2024-07-02 22:00:00,0.0,0.0
2024-07-02 23:00:00,0.0,0.0
2024-07-03 00:00:00,0.0,0.0
2024-07-03 01:00:00,0.0,0.0
2024-07-03 02:00:00,0.0,0.0
2024-07-03 03:00:00,0.0,0.0
2024-07-03 04:00:00,0.0,0.0
2024-07-03 05:00:00,0.0,0.0
2024-07-03 06:00:00,0.0,0.0
2024-07-03 07:00:00,0.0,0.0
2024-07-03 08:00:00,0.0,0.0
2024-07-03 09:00:00,0.0,0.0
2024-07-03 10:00:00,0.09166892628177539,0.09166892628177539
2024-07-03 11:00:00,0.292136121941279,0.292136121941279
2024-07-03 12:00:00,0.7138444476893494,0.7138444476893494
2024-07-03 13:00:00,1.173830946239593,1.173830946239593
2024-07-03 14:00:00,1.6515872968064902,1.6515872968064902
2024-07-03 15:00:00,1.9881719069256292,1.9881719069256292
2024-07-03 16:00:00,2.6024171091011747,2.6024171091011747
2024-07-03 17:00:00,2.938616208745802,2.938616208745802
2024-07-03 18:00:00,2.90832445963051,2.90832445963051
2024-07-03 19:00:00,2.464637681857204,2.464637681857204
2024-07-03 20:00:00,2.323245877982734,2.323245877982734
2024-07-03 21:00:00,2.5906116921283115,2.5906116921283115
2024-07-03 22:00:00,0.0,0.0
2024-07-03 23:00:00,0.0,0.0
2024-07-04 00:00:00,0.0,0.0
2024-07-04 01:00:00,0.0,0.0
2024-07-04 02:00:00,0.0,0.0
2024-07-04 03:00:00,0.0,0.0
2024-07-04 04:00:00,0.0,0.0
2024-07-04 05:00:00,0.0,0.0
2024-07-04 06:00:00,0.0,0.0
2024-07-04 07:00:00,0.0,0.0
2024-07-04 08:00:00,0.0,0.0
2024-07-04 09:00:00,0.0,0.0
2024-07-04 10:00:00,0.08417285780693468,0.08417285780693468
2024-07-04 11:00:00,0.2523692554165799,0.2523692554165799
2024-07-04 12:00:00,0.725685095912013,0.725685095912013
2024-07-04 13:00:00,0.8868650729280333,0.8868650729280333
2024-07-04 14:00:00,1.4010229497467113,1.4010229497467113
2024-07-04 15:00:00,1.8179418534540819,1.8179418534540819
2024-07-04 16:00:00,1.9208989466503064,1.9208989466503064
2024-07-04 17:00:00,2.556273961463906,2.556273961463906
2024-07-04 18:00:00,2.351249549142762,2.351249549142762
2024-07-04 19:00:00,2.149450281372791,2.149450281372791
2024-07-04 20:00:00,2.52233197710716,2.52233197710716
2024-07-04 21:00:00,2.095508304666238,2.095508304666238
2024-07-04 22:00:00,0.0,0.0
2024-07-04 23:00:00,0.0,0.0
2024-07-05 00:00:00,0.0,0.0
2024-07-05 01:00:00,0.0,0.0
2024-07-05 02:00:00,0.0,0.0
2024-07-05 03:00:00,0.0,0.0
2024-07-05 04:00:00,0.0,0.0
2024-07-05 05:00:00,0.0,0.0
2024-07-05 06:00:00,0.0,0.0
2024-07-05 07:00:00,0.0,0.0
2024-07-05 08:00:00,0.0,0.0
2024-07-05 09:00:00,0.0,0.0
2024-07-05 10:00:00,0.07651289546644405,0.07651289546644405
2024-07-05 11:00:00,0.2628727631014314,0.2628727631014314
2024-07-05 12:00:00,0.6678858898009719,0.6678858898009719
2024-07-05 13:00:00,0.9197812616693994,0.9197812616693994
2024-07-05 14:00:00,1.4739144176798962,1.4739144176798962
2024-07-05 15:00:00,1.7177149880308193,1.7177149880308193
2024-07-05 16:00:00,1.9918275203777407,1.9918275203777407
2024-07-05 17:00:00,2.553715928564587,2.553715928564587
2024-07-05 18:00:00,2.3480301927971303,2.3480301927971303
2024-07-05 19:00:00,1.8651403732343135,1.8651403732343135
2024-07-05 20:00:00,2.378286148938477,2.378286148938477
2024-07-05 21:00:00,2.0988147499395495,2.0988147499395495
2024-07-05 22:00:00,0.0,0.0
2024-07-05 23:00:00,0.0,0.0
2024-07-06 00:00:00,0.0,0.0
2024-07-06 01:00:00,0.0,0.0
2024-07-06 02:00:00,0.0,0.0
2024-07-06 03:00:00,0.0,0.0
2024-07-06 04:00:00,0.0,0.0
2024-07-06 05:00:00,0.0,0.0
2024-07-06 06:00:00,0.0,0.0
2024-07-06 07:00:00,0.0,0.0
2024-07-06 08:00:00,0.0,0.0
2024-07-06 09:00:00,0.0,0.0
2024-07-06 10:00:00,0.06318687229071017,0.06318687229071017
2024-07-06 11:00:00,0.2031643076274742,0.2031643076274742
2024-07-06 12:00:00,0.4954204567853978,0.4954204567853978
2024-07-06 13:00:00,0.7707897840571595,0.7707897840571595
2024-07-06 14:00:00,1.0690080990063089,1.0690080990063089
2024-07-06 15:00:00,1.467760630149599,1.467760630149599
2024-07-06 16:00:00,1.6695233585541365,1.6695233585541365
2024-07-06 17:00:00,1.9738605980912998,1.9738605980912998
2024-07-06 18:00:00,1.5265056101866639,1.5265056101866639
2024-07-06 19:00:00,1.6571261824217538,1.6571261824217538
2024-07-06 20:00:00,1.8920158185443512,1.8920158185443512
2024-07-06 21:00:00,1.6100377921111513,1.6100377921111513
2024-07-06 22:00:00,0.0,0.0
2024-07-06 23:00:00,0.0,0.0
2024-07-07 00:00:00,0.0,0.0
2024-07-07 01:00:00,0.0,0.0
2024-07-07 02:00:00,0.0,0.0
2024-07-07 03:00:00,0.0,0.0
2024-07-07 04:00:00,0.0,0.0
2024-07-07 05:00:00,0.0,0.0
2024-07-07 06:00:00,0.0,0.0
2024-07-07 07:00:00,0.0,0.0
2024-07-07 08:00:00,0.0,0.0
2024-07-07 09:00:00,0.0,0.0
2024-07-07 10:00:00,0.0646963114843817,0.0646963114843817
2024-07-07 11:00:00,0.1791222026607719,0.1791222026607719
2024-07-07 12:00:00,0.4720111263431074,0.4720111263431074
2024-07-07 13:00:00,0.6470129467513508,0.6470129467513508
2024-07-07 14:00:00,1.0551584964241918,1.0551584964241918
2024-07-07 15:00:00,1.3514043545366372,1.3514043545366372
2024-07-07 16:00:00,1.7699576144646727,1.7699576144646727
2024-07-07 17:00:00,1.8168580630671316,1.8168580630671316
2024-07-07 18:00:00,1.5333929208200188,1.5333929208200188
2024-07-07 19:00:00,1.4706179082803954,1.4706179082803954
2024-07-07 20:00:00,1.7002758730409504,1.7002758730409504
2024-07-07 21:00:00,1.6021240359271283,1.6021240359271283
2024-07-07 22:00:00,0.0,0.0
2024-07-07 23:00:00,0.0,0.0
2024-07-08 00:00:00,0.0,0.0
2024-07-08 01:00:00,0.0,0.0
2024-07-08 02:00:00,0.0,0.0
2024-07-08 03:00:00,0.0,0.0
2024-07-08 04:00:00,0.0,0.0
2024-07-08 05:00:00,0.0,0.0
2024-07-08 06:00:00,0.0,0.0
2024-07-08 07:00:00,0.0,0.0
2024-07-08 08:00:00,0.0,0.0
2024-07-08 09:00:00,0.0,0.0
2024-07-08 10:00:00,0.08591612449286058,0.08591612449286058
2024-07-08 11:00:00,0.26816527959776065,0.26816527959776065
2024-07-08 12:00:00,0.715845653146912,0.715845653146912
2024-07-08 13:00:00,1.021890434701782,1.021890434701782
2024-07-08 14:00:00,1.4491012221176278,1.4491012221176278
2024-07-08 15:00:00,1.7733173904840935,1.7733173904840935
2024-07-08 16:00:00,2.276150754767243,2.276150754767243
2024-07-08 17:00:00,2.231530810384109,2.231530810384109
2024-07-08 18:00:00,2.5318233579186256,2.5318233579186256
2024-07-08 19:00:00,2.3538962815046562,2.3538962815046562
2024-07-08 20:00:00,2.5818257480729403,2.5818257480729403
2024-07-08 21:00:00,2.0304863638103807,2.0304863638103807
2024-07-08 22:00:00,0.0,0.0
2024-07-08 23:00:00,0.0,0.0
2024-07-09 00:00:00,0.0,0.0
2024-07-09 01:00:00,0.0,0.0
2024-07-09 02:00:00,0.0,0.0
2024-07-09 03:00:00,0.0,0.0
2024-07-09 04:00:00,0.0,0.0
2024-07-09 05:00:00,0.0,0.0
2024-07-09 06:00:00,0.0,0.0
2024-07-09 07:00:00,0.0,0.0
2024-07-09 08:00:00,0.0,0.0
2024-07-09 09:00:00,0.0,0.0
2024-07-09 10:00:00,0.08413709588653762,0.08413709588653762
2024-07-09 11:00:00,0.28147492501275745,0.28147492501275745
2024-07-09 12:00:00,0.5599783637344119,0.5599783637344119
2024-07-09 13:00:00,0.8463454334931679,0.8463454334931679
2024-07-09 14:00:00,1.3589444015342766,1.3589444015342766
2024-07-09 15:00:00,1.6807634131083242,1.6807634131083242
2024-07-09 16:00:00,2.0890538862292787,2.0890538862292787
2024-07-09 17:00:00,2.026076084340564,2.026076084340564
2024-07-09 18:00:00,2.1182892898322705,2.1182892898322705
2024-07-09 19:00:00,1.9611511047776256,1.9611511047776256
2024-07-09 20:00:00,2.444849982492201,2.444849982492201
2024-07-09 21:00:00,1.9948606909495,1.9948606909495
2024-07-09 22:00:00,0.0,0.0
2024-07-09 23:00:00,0.0,0.0
2024-07-10 00:00:00,0.0,0.0
2024-07-10 01:00:00,0.0,0.0
2024-07-10 02:00:00,0.0,0.0
2024-07-10 03:00:00,0.0,0.0
2024-07-10 04:00:00,0.0,0.0
2024-07-10 05:00:00,0.0,0.0
2024-07-10 06:00:00,0.0,0.0
2024-07-10 07:00:00,0.0,0.0
2024-07-10 08:00:00,0.0,0.0
2024-07-10 09:00:00,0.0,0.0
2024-07-10 10:00:00,0.07965122758117803,0.07965122758117803
2024-07-10 11:00:00,0.24667952991117473,0.24667952991117473
2024-07-10 12:00:00,0.5830225818435896,0.5830225818435896
2024-07-10 13:00:00,0.8462128997043852,0.8462128997043852
2024-07-10 14:00:00,1.166384537528508,1.166384537528508
2024-07-10 15:00:00,1.5133814033739608,1.5133814033739608
2024-07-10 16:00:00,1.8827695959612858,1.8827695959612858
2024-07-10 17:00:00,2.640718443831649,2.640718443831649
2024-07-10 18:00:00,2.471103684486515,2.471103684486515
2024-07-10 19:00:00,1.7868602949384504,1.7868602949384504
2024-07-10 20:00:00,2.117226982434479,2.117226982434479
2024-07-10 21:00:00,2.2189091780382806,2.2189091780382806
2024-07-10 22:00:00,0.0,0.0
2024-07-10 23:00:00,0.0,0.0
2024-07-11 00:00:00,0.0,0.0
2024-07-11 01:00:00,0.0,0.0
2024-07-11 02:00:00,0.0,0.0
2024-07-11 03:00:00,0.0,0.0
2024-07-11 04:00:00,0.0,0.0
2024-07-11 05:00:00,0.0,0.0
2024-07-11 06:00:00,0.0,0.0
2024-07-11 07:00:00,0.0,0.0
2024-07-11 08:00:00,0.0,0.0
2024-07-11 09:00:00,0.0,0.0
2024-07-11 10:00:00,0.0866684807698882,0.0866684807698882
2024-07-11 11:00:00,0.32114779063822835,0.32114779063822835
2024-07-11 12:00:00,0.6018877412223419,0.6018877412223419
2024-07-11 13:00:00,0.9232408359472107,0.9232408359472107
2024-07-11 14:00:00,1.395541834268366,1.395541834268366
2024-07-11 15:00:00,1.6399105665100469,1.6399105665100469
2024-07-11 16:00:00,2.626502449956204,2.626502449956204
2024-07-11 17:00:00,2.8426438342132414,2.8426438342132414
2024-07-11 18:00:00,2.117318476471299,2.117318476471299
2024-07-11 19:00:00,2.0020590687397237,2.0020590687397237
2024-07-11 20:00:00,2.451215507125264,2.451215507125264
2024-07-11 21:00:00,2.3912655193661347,2.3912655193661347
2024-07-11 22:00:00,0.0,0.0
2024-07-11 23:00:00,0.0,0.0
2024-07-12 00:00:00,0.0,0.0
2024-07-12 01:00:00,0.0,0.0
2024-07-12 02:00:00,0.0,0.0
2024-07-12 03:00:00,0.0,0.0
2024-07-12 04:00:00,0.0,0.0
2024-07-12 05:00:00,0.0,0.0
2024-07-12 06:00:00,0.0,0.0
2024-07-12 07:00:00,0.0,0.0
2024-07-12 08:00:00,0.0,0.0
2024-07-12 09:00:00,0.0,0.0
2024-07-12 10:00:00,0.07207757712031898,0.07207757712031898
2024-07-12 11:00:00,0.3062185345263401,0.3062185345263401
2024-07-12 12:00:00,0.5576815247161514,0.5576815247161514
2024-07-12 13:00:00,0.8734418737588655,0.8734418737588655
2024-07-12 14:00:00,1.141848789596767,1.141848789596767
2024-07-12 15:00:00,1.693701984128791,1.693701984128791
2024-07-12 16:00:00,2.3340768329358133,2.3340768329358133
2024-07-12 17:00:00,2.0631237680251857,2.0631237680251857
2024-07-12 18:00:00,2.2967134786494494,2.2967134786494494
2024-07-12 19:00:00,2.469270634233963,2.469270634233963
2024-07-12 20:00:00,2.5355572402375244,2.5355572402375244
2024-07-12 21:00:00,2.1941368210089776,2.1941368210089776
2024-07-12 22:00:00,0.0,0.0
2024-07-12 23:00:00,0.0,0.0
2024-07-13 00:00:00,0.0,0.0
2024-07-13 01:00:00,0.0,0.0
2024-07-13 02:00:00,0.0,0.0
2024-07-13 03:00:00,0.0,0.0
2024-07-13 04:00:00,0.0,0.0
2024-07-13 05:00:00,0.0,0.0
2024-07-13 06:00:00,0.0,0.0
2024-07-13 07:00:00,0.0,0.0
2024-07-13 08:00:00,0.0,0.0
2024-07-13 09:00:00,0.0,0.0
2024-07-13 10:00:00,0.06511133167791949,0.06511133167791949
2024-07-13 11:00:00,0.20170146247151927,0.20170146247151927
2024-07-13 12:00:00,0.49972871655530277,0.49972871655530277
2024-07-13 13:00:00,0.798058804600899,0.798058804600899
2024-07-13 14:00:00,0.9269467467016508,0.9269467467016508
2024-07-13 15:00:00,1.1771324419419427,1.1771324419419427
2024-07-13 16:00:00,1.737275005457445,1.737275005457445
2024-07-13 17:00:00,1.8798352621064383,1.8798352621064383
2024-07-13 18:00:00,1.8252307149687024,1.8252307149687024
2024-07-13 19:00:00,1.5772282007893326,1.5772282007893326
2024-07-13 20:00:00,1.5663568174517497,1.5663568174517497
2024-07-13 21:00:00,1.4705868824240598,1.4705868824240598
2024-07-13 22:00:00,0.0,0.0
2024-07-13 23:00:00,0.0,0.0
2024-07-14 00:00:00,0.0,0.0
2024-07-14 01:00:00,0.0,0.0
2024-07-14 02:00:00,0.0,0.0
2024-07-14 03:00:00,0.0,0.0
2024-07-14 04:00:00,0.0,0.0
2024-07-14 05:00:00,0.0,0.0
2024-07-14 06:00:00,0.0,0.0
2024-07-14 07:00:00,0.0,0.0
2024-07-14 08:00:00,0.0,0.0
2024-07-14 09:00:00,0.0,0.0
2024-07-14 10:00:00,0.06009157494476905,0.06009157494476905
2024-07-14 11:00:00,0.22918299159095812,0.22918299159095812
2024-07-14 12:00:00,0.5345106189320669,0.5345106189320669
2024-07-14 13:00:00,0.6701184069852243,0.6701184069852243
2024-07-14 14:00:00,1.032256919286054,1.032256919286054
2024-07-14 15:00:00,1.1381142374870976,1.1381142374870976
2024-07-14 16:00:00,1.6085250745667743,1.6085250745667743
2024-07-14 17:00:00,1.7158940986728988,1.7158940986728988
2024-07-14 18:00:00,1.590983183537715,1.590983183537715
2024-07-14 19:00:00,1.633504830857495,1.633504830857495
2024-07-14 20:00:00,1.6815460754823637,1.6815460754823637
2024-07-14 21:00:00,1.4857310980098468,1.4857310980098468
2024-07-14 22:00:00,0.0,0.0
2024-07-14 23:00:00,0.0,0.0
2024-07-15 00:00:00,0.0,0.0
2024-07-15 01:00:00,0.0,0.0
2024-07-15 02:00:00,0.0,0.0
2024-07-15 03:00:00,0.0,0.0
2024-07-15 04:00:00,0.0,0.0
2024-07-15 05:00:00,0.0,0.0
2024-07-15 06:00:00,0.0,0.0
2024-07-15 07:00:00,0.0,0.0
2024-07-15 08:00:00,0.0,0.0
2024-07-15 09:00:00,0.0,0.0
2024-07-15 10:00:00,0.07344102063539562,0.07344102063539562
2024-07-15 11:00:00,0.2574589892280745,0.2574589892280745
2024-07-15 12:00:00,0.6165477635181446,0.6165477635181446
2024-07-15 13:00:00,0.9466541915441669,0.9466541915441669
2024-07-15 14:00:00,1.379918873947981,1.379918873947981
2024-07-15 15:00:00,1.4531710451998625,1.4531710451998625
2024-07-15 16:00:00,2.4600010855158345,2.4600010855158345
2024-07-15 17:00:00,2.5010941935384103,2.5010941935384103
2024-07-15 18:00:00,2.4284433487510606,2.4284433487510606
2024-07-15 19:00:00,2.1208517839930416,2.1208517839930416
2024-07-15 20:00:00,2.105429193098481,2.105429193098481
2024-07-15 21:00:00,2.2908431777815634,2.2908431777815634
2024-07-15 22:00:00,0.0,0.0
2024-07-15 23:00:00,0.0,0.0
2024-07-16 00:00:00,0.0,0.0
2024-07-16 01:00:00,0.0,0.0
2024-07-16 02:00:00,0.0,0.0
2024-07-16 03:00:00,0.0,0.0
2024-07-16 04:00:00,0.0,0.0
2024-07-16 05:00:00,0.0,0.0
2024-07-16 06:00:00,0.0,0.0
2024-07-16 07:00:00,0.0,0.0
2024-07-16 08:00:00,0.0,0.0
2024-07-16 09:00:00,0.0,0.0
2024-07-16 10:00:00,0.07097920694566047,0.07097920694566047
2024-07-16 11:00:00,0.27548161121117276,0.27548161121117276
2024-07-16 12:00:00,0.5367944770519552,0.5367944770519552
2024-07-16 13:00:00,1.0074805686026609,1.0074805686026609
2024-07-16 14:00:00,1.0310198884843353,1.0310198884843353
2024-07-16 15:00:00,1.8019200580373416,1.8019200580373416
2024-07-16 16:00:00,2.308453448711713,2.308453448711713
2024-07-16 17:00:00,2.437596809230592,2.437596809230592
2024-07-16 18:00:00,2.0909945363612192,2.0909945363612192
2024-07-16 19:00:00,1.8868951180118168,1.8868951180118168
2024-07-16 20:00:00,1.9971637467048577,1.9971637467048577
2024-07-16 21:00:00,1.97060939192092,1.97060939192092
2024-07-16 22:00:00,0.0,0.0
2024-07-16 23:00:00,0.0,0.0
2024-07-17 00:00:00,0.0,0.0
2024-07-17 01:00:00,0.0,0.0
2024-07-17 02:00:00,0.0,0.0
2024-07-17 03:00:00,0.0,0.0
2024-07-17 04:00:00,0.0,0.0
2024-07-17 05:00:00,0.0,0.0
2024-07-17 06:00:00,0.0,0.0
2024-07-17 07:00:00,0.0,0.0
2024-07-17 08:00:00,0.0,0.0
2024-07-17 09:00:00,0.0,0.0
2024-07-17 10:00:00,0.07759067843745279,0.07759067843745279
2024-07-17 11:00:00,0.27208997923334444,0.27208997923334444
2024-07-17 12:00:00,0.6870794896281289,0.6870794896281289
2024-07-17 13:00:00,0.8921249314765527,0.8921249314765527
2024-07-17 14:00:00,1.216233696255953,1.216233696255953
2024-07-17 15:00:00,1.6223572725700732,1.6223572725700732
2024-07-17 16:00:00,2.2094273118687178,2.2094273118687178
2024-07-17 17:00:00,2.6117164187058646,2.6117164187058646
2024-07-17 18:00:00,2.044998787921161,2.044998787921161
2024-07-17 19:00:00,1.9408734092094826,1.9408734092094826
2024-07-17 20:00:00,2.294511612679051,2.294511612679051
2024-07-17 21:00:00,1.9323832984438931,1.9323832984438931
2024-07-17 22:00:00,0.0,0.0
2024-07-17 23:00:00,0.0,0.0
2024-07-18 00:00:00,0.0,0.0
2024-07-18 01:00:00,0.0,0.0
2024-07-18 02:00:00,0.0,0.0
2024-07-18 03:00:00,0.0,0.0
2024-07-18 04:00:00,0.0,0.0
2024-07-18 05:00:00,0.0,0.0
2024-07-18 06:00:00,0.0,0.0
2024-07-18 07:00:00,0.0,0.0
2024-07-18 08:00:00,0.0,0.0
2024-07-18 09:00:00,0.0,0.0
2024-07-18 10:00:00,0.07748620874272309,0.07748620874272309
2024-07-18 11:00:00,0.2917327810353237,0.2917327810353237
2024-07-18 12:00:00,0.7455410540371487,0.7455410540371487
2024-07-18 13:00:00,0.8462331208233723,0.8462331208233723
2024-07-18 14:00:00,1.2689598321699374,1.2689598321699374
2024-07-18 15:00:00,1.8235352012096204,1.8235352012096204
2024-07-18 16:00:00,2.123059175317406,2.123059175317406
2024-07-18 17:00:00,2.4729959706437765,2.4729959706437765
2024-07-18 18:00:00,2.062442866376894,2.062442866376894
2024-07-18 19:00:00,1.9760668549669327,1.9760668549669327
2024-07-18 20:00:00,2.429463188688732,2.429463188688732
2024-07-18 21:00:00,2.1536283081156093,2.1536283081156093
2024-07-18 22:00:00,0.0,0.0
2024-07-18 23:00:00,0.0,0.0
2024-07-19 00:00:00,0.0,0.0
2024-07-19 01:00:00,0.0,0.0
2024-07-19 02:00:00,0.0,0.0
2024-07-19 03:00:00,0.0,0.0
2024-07-19 04:00:00,0.0,0.0
2024-07-19 05:00:00,0.0,0.0
2024-07-19 06:00:00,0.0,0.0
2024-07-19 07:00:00,0.0,0.0
2024-07-19 08:00:00,0.0,0.0
2024-07-19 09:00:00,0.0,0.0
2024-07-19 10:00:00,0.0943404508858931,0.0943404508858931
2024-07-19 11:00:00,0.2782799165473799,0.2782799165473799
2024-07-19 12:00:00,0.7662456956568415,0.7662456956568415
2024-07-19 13:00:00,1.0080010967480895,1.0080010967480895
2024-07-19 14:00:00,1.3646169099910308,1.3646169099910308
2024-07-19 15:00:00,1.602436790601554,1.602436790601554
2024-07-19 16:00:00,1.9788250265455354,1.9788250265455354
2024-07-19 17:00:00,2.6055872572904457,2.6055872572904457
2024-07-19 18:00:00,2.2073339956344546,2.2073339956344546
2024-07-19 19:00:00,2.0767240902840327,2.0767240902840327
2024-07-19 20:00:00,2.474127882197865,2.474127882197865
2024-07-19 21:00:00,2.063262254659433,2.063262254659433
2024-07-19 22:00:00,0.0,0.0
2024-07-19 23:00:00,0.0,0.0
2024-07-20 00:00:00,0.0,0.0
2024-07-20 01:00:00,0.0,0.0
2024-07-20 02:00:00,0.0,0.0
2024-07-20 03:00:00,0.0,0.0
2024-07-20 04:00:00,0.0,0.0
2024-07-20 05:00:00,0.0,0.0
2024-07-20 06:00:00,0.0,0.0
2024-07-20 07:00:00,0.0,0.0
2024-07-20 08:00:00,0.0,0.0
2024-07-20 09:00:00,0.0,0.0
2024-07-20 10:00:00,0.04856244766013318,0.04856244766013318
2024-07-20 11:00:00,0.20390084579953857,0.20390084579953857
2024-07-20 12:00:00,0.4472292452853852,0.4472292452853852
2024-07-20 13:00:00,0.5847084089330838,0.5847084089330838
2024-07-20 14:00:00,0.9365282284834406,0.9365282284834406
2024-07-20 15:00:00,1.0974501753501436,1.0974501753501436
2024-07-20 16:00:00,1.3024656910449055,1.3024656910449055
2024-07-20 17:00:00,1.7914879256530118,1.7914879256530118
2024-07-20 18:00:00,1.5968800621521635,1.5968800621521635
2024-07-20 19:00:00,1.5599852053205592,1.5599852053205592
2024-07-20 20:00:00,1.6277158890521048,1.6277158890521048
2024-07-20 21:00:00,1.2218280928902658,1.2218280928902658
2024-07-20 22:00:00,0.0,0.0
2024-07-20 23:00:00,0.0,0.0
2024-07-21 00:00:00,0.0,0.0
2024-07-21 01:00:00,0.0,0.0
2024-07-21 02:00:00,0.0,0.0
2024-07-21 03:00:00,0.0,0.0
2024-07-21 04:00:00,0.0,0.0
2024-07-21 05:00:00,0.0,0.0
2024-07-21 06:00:00,0.0,0.0
2024-07-21 07:00:00,0.0,0.0
2024-07-21 08:00:00,0.0,0.0
2024-07-21 09:00:00,0.0,0.0
2024-07-21 10:00:00,0.05527573226366585,0.05527573226366585
2024-07-21 11:00:00,0.21079395603934598,0.21079395603934598
2024-07-21 12:00:00,0.44493790613750905,0.44493790613750905
2024-07-21 13:00:00,0.6691991307047919,0.6691991307047919
2024-07-21 14:00:00,1.019331383307298,1.019331383307298
2024-07-21 15:00:00,1.1747551485005527,1.1747551485005527
2024-07-21 16:00:00,1.7101232938185658,1.7101232938185658
2024-07-21 17:00:00,1.8868786727516622,1.8868786727516622
2024-07-21 18:00:00,1.9501147745385934,1.9501147745385934
2024-07-21 19:00:00,1.8323966751325527,1.8323966751325527
2024-07-21 20:00:00,1.786834381728477,1.786834381728477
2024-07-21 21:00:00,1.6343454470454089,1.6343454470454089
2024-07-21 22:00:00,0.0,0.0
2024-07-21 23:00:00,0.0,0.0
2024-07-22 00:00:00,0.0,0.0
2024-07-22 01:00:00,0.0,0.0
2024-07-22 02:00:00,0.0,0.0
2024-07-22 03:00:00,0.0,0.0
2024-07-22 04:00:00,0.0,0.0
2024-07-22 05:00:00,0.0,0.0
2024-07-22 06:00:00,0.0,0.0
2024-07-22 07:00:00,0.0,0.0
2024-07-22 08:00:00,0.0,0.0
2024-07-22 09:00:00,0.0,0.0
2024-07-22 10:00:00,0.09081980224424546,0.09081980224424546
2024-07-22 11:00:00,0.3388215554487054,0.3388215554487054
2024-07-22 12:00:00,0.7829633879402023,0.7829633879402023
2024-07-22 13:00:00,1.1208557062445685,1.1208557062445685
2024-07-22 14:00:00,1.5930512700611268,1.5930512700611268
2024-07-22 15:00:00,1.726470731063387,1.726470731063387
2024-07-22 16:00:00,2.5854357394949767,2.5854357394949767
2024-07-22 17:00:00,2.7179771554287915,2.7179771554287915
2024-07-22 18:00:00,2.9601116721257292,2.9601116721257292
2024-07-22 19:00:00,2.1769167800869442,2.1769167800869442
2024-07-22 20:00:00,2.719630954629853,2.719630954629853
2024-07-22 21:00:00,2.0931212997473287,2.0931212997473287
2024-07-22 22:00:00,0.0,0.0
2024-07-22 23:00:00,0.0,0.0
2024-07-23 00:00:00,0.0,0.0
2024-07-23 01:00:00,0.0,0.0
2024-07-23 02:00:00,0.0,0.0
2024-07-23 03:00:00,0.0,0.0
2024-07-23 04:00:00,0.0,0.0
2024-07-23 05:00:00,0.0,0.0
2024-07-23 06:00:00,0.0,0.0
2024-07-23 07:00:00,0.0,0.0
2024-07-23 08:00:00,0.0,0.0
2024-07-23 09:00:00,0.0,0.0
2024-07-23 10:00:00,0.08922595535921929,0.08922595535921929
2024-07-23 11:00:00,0.341999539632277,0.341999539632277
2024-07-23 12:00:00,0.6821928258190952,0.6821928258190952
2024-07-23 13:00:00,1.1354449968974627,1.1354449968974627
2024-07-23 14:00:00,1.3919799060988822,1.3919799060988822
2024-07-23 15:00:00,1.6646641982453834,1.6646641982453834
2024-07-23 16:00:00,2.35555332490951,2.35555332490951
2024-07-23 17:00:00,3.010975533413021,3.010975533413021
2024-07-23 18:00:00,2.400878944909371,2.400878944909371
2024-07-23 19:00:00,2.2470588943014356,2.2470588943014356
2024-07-23 20:00:00,2.7823242427459833,2.7823242427459833
2024-07-23 21:00:00,1.9937524695064655,1.9937524695064655
2024-07-23 22:00:00,0.0,0.0
2024-07-23 23:00:00,0.0,0.0
2024-07-24 00:00:00,0.0,0.0
2024-07-24 01:00:00,0.0,0.0
2024-07-24 02:00:00,0.0,0.0
2024-07-24 03:00:00,0.0,0.0
2024-07-24 04:00:00,0.0,0.0
2024-07-24 05:00:00,0.0,0.0
2024-07-24 06:00:00,0.0,0.0
2024-07-24 07:00:00,0.0,0.0
2024-07-24 08:00:00,0.0,0.0
2024-07-24 09:00:00,0.0,0.0
2024-07-24 10:00:00,0.07035244982004939,0.07035244982004939
2024-07-24 11:00:00,0.29670356871848697,0.29670356871848697
2024-07-24 12:00:00,0.5671626479262306,0.5671626479262306
2024-07-24 13:00:00,0.8363854543275417,0.8363854543275417
2024-07-24 14:00:00,1.0572608463229682,1.0572608463229682
2024-07-24 15:00:00,1.8016904781605636,1.8016904781605636
2024-07-24 16:00:00,2.222086544175361,2.222086544175361
2024-07-24 17:00:00,2.0850451857118784,2.0850451857118784
2024-07-24 18:00:00,2.3704271396279792,2.3704271396279792
2024-07-24 19:00:00,2.1402955744188303,2.1402955744188303
2024-07-24 20:00:00,2.294704788651998,2.294704788651998
2024-07-24 21:00:00,2.2827608270592132,2.2827608270592132
2024-07-24 22:00:00,0.0,0.0
2024-07-24 23:00:00,0.0,0.0
2024-07-25 00:00:00,0.0,0.0
2024-07-25 01:00:00,0.0,0.0
2024-07-25 02:00:00,0.0,0.0
2024-07-25 03:00:00,0.0,0.0
2024-07-25 04:00:00,0.0,0.0
2024-07-25 05:00:00,0.0,0.0
2024-07-25 06:00:00,0.0,0.0
2024-07-25 07:00:00,0.0,0.0
2024-07-25 08:00:00,0.0,0.0
2024-07-25 09:00:00,0.0,0.0
2024-07-25 10:00:00,0.0807665098168664,0.0807665098168664
2024-07-25 11:00:00,0.29774591081919055,0.29774591081919055
2024-07-25 12:00:00,0.7796480283296564,0.7796480283296564
2024-07-25 13:00:00,1.0482276188780968,1.0482276188780968
2024-07-25 14:00:00,1.2411033896482204,1.2411033896482204
2024-07-25 15:00:00,1.690675785680252,1.690675785680252
2024-07-25 16:00:00,2.4306100131892845,2.4306100131892845
2024-07-25 17:00:00,2.419394341101211,2.419394341101211
2024-07-25 18:00:00,2.55522837045952,2.55522837045952
2024-07-25 19:00:00,1.9849230168715026,1.9849230168715026
2024-07-25 20:00:00,2.2625905500227703,2.2625905500227703
2024-07-25 21:00:00,2.1070380389695758,2.1070380389695758
2024-07-25 22:00:00,0.0,0.0
2024-07-25 23:00:00,0.0,0.0
2024-07-26 00:00:00,0.0,0.0
2024-07-26 01:00:00,0.0,0.0
2024-07-26 02:00:00,0.0,0.0
2024-07-26 03:00:00,0.0,0.0
2024-07-26 04:00:00,0.0,0.0
2024-07-26 05:00:00,0.0,0.0
2024-07-26 06:00:00,0.0,0.0
2024-07-26 07:00:00,0.0,0.0
2024-07-26 08:00:00,0.0,0.0
2024-07-26 09:00:00,0.0,0.0
2024-07-26 10:00:00,0.07428226100413804,0.07428226100413804
2024-07-26 11:00:00,0.2647993072461785,0.2647993072461785
2024-07-26 12:00:00,0.6301587478343016,0.6301587478343016
2024-07-26 13:00:00,1.0296963747192915,1.0296963747192915
2024-07-26 14:00:00,1.4324885374490488,1.4324885374490488
2024-07-26 15:00:00,1.9896256692906875,1.9896256692906875
2024-07-26 16:00:00,2.2048481247367566,2.2048481247367566
2024-07-26 17:00:00,2.6221328669669486,2.6221328669669486
2024-07-26 18:00:00,2.8030304750211053,2.8030304750211053
2024-07-26 19:00:00,2.0216845704239272,2.0216845704239272
2024-07-26 20:00:00,2.8514840190831046,2.8514840190831046
2024-07-26 21:00:00,2.264723618184436,2.264723618184436
2024-07-26 22:00:00,0.0,0.0
2024-07-26 23:00:00,0.0,0.0
2024-07-27 00:00:00,0.0,0.0
2024-07-27 01:00:00,0.0,0.0
2024-07-27 02:00:00,0.0,0.0
2024-07-27 03:00:00,0.0,0.0
2024-07-27 04:00:00,0.0,0.0
2024-07-27 05:00:00,0.0,0.0
2024-07-27 06:00:00,0.0,0.0
2024-07-27 07:00:00,0.0,0.0
2024-07-27 08:00:00,0.0,0.0
2024-07-27 09:00:00,0.0,0.0
2024-07-27 10:00:00,0.05174913188402175,0.05174913188402175
2024-07-27 11:00:00,0.19041122813490952,0.19041122813490952
2024-07-27 12:00:00,0.49132759674154647,0.49132759674154647
2024-07-27 13:00:00,0.67072348890835,0.67072348890835
2024-07-27 14:00:00,1.0077172230862619,1.0077172230862619
2024-07-27 15:00:00,1.189074896403157,1.189074896403157
2024-07-27 16:00:00,1.6852503370599239,1.6852503370599239
2024-07-27 17:00:00,1.9132989154195874,1.9132989154195874
2024-07-27 18:00:00,1.520854404672093,1.520854404672093
2024-07-27 19:00:00,1.3157392464436883,1.3157392464436883
2024-07-27 20:00:00,1.3894656859813388,1.3894656859813388
2024-07-27 21:00:00,1.6572486473497,1.6572486473497
2024-07-27 22:00:00,0.0,0.0
2024-07-27 23:00:00,0.0,0.0
2024-07-28 00:00:00,0.0,0.0
2024-07-28 01:00:00,0.0,0.0
2024-07-28 02:00:00,0.0,0.0
2024-07-28 03:00:00,0.0,0.0
2024-07-28 04:00:00,0.0,0.0
2024-07-28 05:00:00,0.0,0.0
2024-07-28 06:00:00,0.0,0.0
2024-07-28 07:00:00,0.0,0.0
2024-07-28 08:00:00,0.0,0.0
2024-07-28 09:00:00,0.0,0.0
2024-07-28 10:00:00,0.048717574022650506,0.048717574022650506
2024-07-28 11:00:00,0.21238592268089349,0.21238592268089349
2024-07-28 12:00:00,0.5040393137251892,0.5040393137251892
2024-07-28 13:00:00,0.62252258819357,0.62252258819357
2024-07-28 14:00:00,0.8603216671428777,0.8603216671428777
2024-07-28 15:00:00,1.278576504664518,1.278576504664518
2024-07-28 16:00:00,1.3832750200235453,1.3832750200235453
2024-07-28 17:00:00,1.9366886096358726,1.9366886096358726
2024-07-28 18:00:00,1.4020441171503455,1.4020441171503455
2024-07-28 19:00:00,1.4074441590515623,1.4074441590515623
2024-07-28 20:00:00,1.8407687018167835,1.8407687018167835
2024-07-28 21:00:00,1.4701070036598214,1.4701070036598214
2024-07-28 22:00:00,0.0,0.0
2024-07-28 23:00:00,0.0,0.0
2024-07-29 00:00:00,0.0,0.0
2024-07-29 01:00:00,0.0,0.0
2024-07-29 02:00:00,0.0,0.0
2024-07-29 03:00:00,0.0,0.0
2024-07-29 04:00:00,0.0,0.0
2024-07-29 05:00:00,0.0,0.0
2024-07-29 06:00:00,0.0,0.0
2024-07-29 07:00:00,0.0,0.0
2024-07-29 08:00:00,0.0,0.0
2024-07-29 09:00:00,0.0,0.0
2024-07-29 10:00:00,0.09724234807986185,0.09724234807986185
2024-07-29 11:00:00,0.251526739754162,0.251526739754162
2024-07-29 12:00:00,0.7736918652117031,0.7736918652117031
2024-07-29 13:00:00,1.1034885083261639,1.1034885083261639
2024-07-29 14:00:00,1.1569500801191583,1.1569500801191583
2024-07-29 15:00:00,1.9469734424271405,1.9469734424271405
2024-07-29 16:00:00,2.4840902138853607,2.4840902138853607
2024-07-29 17:00:00,2.6532631694162276,2.6532631694162276
2024-07-29 18:00:00,2.2304670261798387,2.2304670261798387
2024-07-29 19:00:00,2.2732604793366176,2.2732604793366176
2024-07-29 20:00:00,2.168512926356247,2.168512926356247
2024-07-29 21:00:00,2.497599699527194,2.497599699527194
2024-07-29 22:00:00,0.0,0.0
2024-07-29 23:00:00,0.0,0.0
2024-07-30 00:00:00,0.0,0.0
2024-07-30 01:00:00,0.0,0.0
2024-07-30 02:00:00,0.0,0.0
2024-07-30 03:00:00,0.0,0.0
2024-07-30 04:00:00,0.0,0.0
2024-07-30 05:00:00,0.0,0.0
2024-07-30 06:00:00,0.0,0.0
2024-07-30 07:00:00,0.0,0.0
2024-07-30 08:00:00,0.0,0.0
2024-07-30 09:00:00,0.0,0.0
2024-07-30 10:00:00,0.07570994128264232,0.07570994128264232
2024-07-30 11:00:00,0.2931468111724875,0.2931468111724875
2024-07-30 12:00:00,0.6747935685238224,0.6747935685238224
2024-07-30 13:00:00,1.020019777823076,1.020019777823076
2024-07-30 14:00:00,1.4134794654838623,1.4134794654838623
2024-07-30 15:00:00,1.7298298922186657,1.7298298922186657
2024-07-30 16:00:00,2.130055768920664,2.130055768920664
2024-07-30 17:00:00,2.053849346905213,2.053849346905213
2024-07-30 18:00:00,2.16083811846833,2.16083811846833
2024-07-30 19:00:00,2.0745221131276166,2.0745221131276166
2024-07-30 20:00:00,2.5088932056999074,2.5088932056999074
2024-07-30 21:00:00,2.291091986913544,2.291091986913544
2024-07-30 22:00:00,0.0,0.0
2024-07-30 23:00:00,0.0,0.0
2024-07-31 00:00:00,0.0,0.0
2024-07-31 01:00:00,0.0,0.0
2024-07-31 02:00:00,0.0,0.0
2024-07-31 03:00:00,0.0,0.0
2024-07-31 04:00:00,0.0,0.0
2024-07-31 05:00:00,0.0,0.0
2024-07-31 06:00:00,0.0,0.0
2024-07-31 07:00:00,0.0,0.0
2024-07-31 08:00:00,0.0,0.0
2024-07-31 09:00:00,0.0,0.0
2024-07-31 10:00:00,0.08094729125149352,0.08094729125149352
2024-07-31 11:00:00,0.23779105481131177,0.23779105481131177
2024-07-31 12:00:00,0.5455872273493797,0.5455872273493797
2024-07-31 13:00:00,0.8715994040019152,0.8715994040019152
2024-07-31 14:00:00,1.1154245232687325,1.1154245232687325
2024-07-31 15:00:00,1.7601165735398077,1.7601165735398077
2024-07-31 16:00:00,2.223519579228716,2.223519579228716
2024-07-31 17:00:00,2.343649408062768,2.343649408062768
2024-07-31 18:00:00,2.503072955804602,2.503072955804602
2024-07-31 19:00:00,2.2948232082875393,2.2948232082875393
2024-07-31 20:00:00,2.2839129402892238,2.2839129402892238
2024-07-31 21:00:00,2.2523428259617666,2.2523428259617666
2024-07-31 22:00:00,0.0,0.0
2024-07-31 23:00:00,0.0,0.0
2024-08-01 00:00:00,0.0,0.0
2024-08-01 01:00:00,0.0,0.0
2024-08-01 02:00:00,0.0,0.0
2024-08-01 03:00:00,0.0,0.0
2024-08-01 04:00:00,0.0,0.0
2024-08-01 05:00:00,0.0,0.0
2024-08-01 06:00:00,0.0,0.0
2024-08-01 07:00:00,0.0,0.0
2024-08-01 08:00:00,0.0,0.0
2024-08-01 09:00:00,0.0,0.0
2024-08-01 10:00:00,0.07291438498660344,0.07291438498660344
2024-08-01 11:00:00,0.32325581744872783,0.32325581744872783
2024-08-01 12:00:00,0.6420227185400118,0.6420227185400118
2024-08-01 13:00:00,1.1065257065455298,1.1065257065455298
2024-08-01 14:00:00,1.2741880945357509,1.2741880945357509
2024-08-01 15:00:00,1.7044978797988066,1.7044978797988066
2024-08-01 16:00:00,2.3629103220216403,2.3629103220216403
2024-08-01 17:00:00,2.127864969161244,2.127864969161244
2024-08-01 18:00:00,2.344691043965224,2.344691043965224
2024-08-01 19:00:00,1.983400101590222,1.983400101590222
2024-08-01 20:00:00,2.072087867929997,2.072087867929997
2024-08-01 21:00:00,1.9093825049071644,1.9093825049071644
2024-08-01 22:00:00,0.0,0.0
2024-08-01 23:00:00,0.0,0.0
2024-08-02 00:00:00,0.0,0.0
2024-08-02 01:00:00,0.0,0.0
2024-08-02 02:00:00,0.0,0.0
2024-08-02 03:00:00,0.0,0.0
2024-08-02 04:00:00,0.0,0.0
2024-08-02 05:00:00,0.0,0.0
2024-08-02 06:00:00,0.0,0.0
2024-08-02 07:00:00,0.0,0.0
2024-08-02 08:00:00,0.0,0.0
2024-08-02 09:00:00,0.0,0.0
2024-08-02 10:00:00,0.07088849780897426,0.07088849780897426
2024-08-02 11:00:00,0.31197274090699173,0.31197274090699173
2024-08-02 12:00:00,0.5960920432141857,0.5960920432141857
2024-08-02 13:00:00,0.981180907055051,0.981180907055051
2024-08-02 14:00:00,1.1920573722625463,1.1920573722625463
2024-08-02 15:00:00,1.5864244461249946,1.5864244461249946
2024-08-02 16:00:00,2.5131041745077076,2.5131041745077076
2024-08-02 17:00:00,2.6225410924018018,2.6225410924018018
2024-08-02 18:00:00,2.051597659615653,2.051597659615653
2024-08-02 19:00:00,2.079949393933045,2.079949393933045
2024-08-02 20:00:00,2.3194515578676227,2.3194515578676227
2024-08-02 21:00:00,1.8259240882372318,1.8259240882372318
2024-08-02 22:00:00,0.0,0.0
2024-08-02 23:00:00,0.0,0.0
2024-08-03 00:00:00,0.0,0.0
2024-08-03 01:00:00,0.0,0.0
2024-08-03 02:00:00,0.0,0.0
2024-08-03 03:00:00,0.0,0.0
2024-08-03 04:00:00,0.0,0.0
2024-08-03 05:00:00,0.0,0.0
2024-08-03 06:00:00,0.0,0.0
2024-08-03 07:00:00,0.0,0.0
2024-08-03 08:00:00,0.0,0.0
2024-08-03 09:00:00,0.0,0.0
2024-08-03 10:00:00,0.0683366594018428,0.0683366594018428
2024-08-03 11:00:00,0.20325830100401607,0.20325830100401607
2024-08-03 12:00:00,0.5706980281023957,0.5706980281023957
2024-08-03 13:00:00,0.6349261464371203,0.6349261464371203
2024-08-03 14:00:00,1.077889507096241,1.077889507096241
2024-08-03 15:00:00,1.3443329118671132,1.3443329118671132
2024-08-03 16:00:00,1.7704235253284666,1.7704235253284666
2024-08-03 17:00:00,1.7737437501722952,1.7737437501722952
2024-08-03 18:00:00,1.590609108792632,1.590609108792632
2024-08-03 19:00:00,1.4834420634286836,1.4834420634286836
2024-08-03 20:00:00,1.5903770354794111,1.5903770354794111
2024-08-03 21:00:00,1.709498503791699,1.709498503791699
2024-08-03 22:00:00,0.0,0.0
2024-08-03 23:00:00,0.0,0.0
2024-08-04 00:00:00,0.0,0.0
2024-08-04 01:00:00,0.0,0.0
2024-08-04 02:00:00,0.0,0.0
2024-08-04 03:00:00,0.0,0.0
2024-08-04 04:00:00,0.0,0.0
2024-08-04 05:00:00,0.0,0.0
2024-08-04 06:00:00,0.0,0.0
2024-08-04 07:00:00,0.0,0.0
2024-08-04 08:00:00,0.0,0.0
2024-08-04 09:00:00,0.0,0.0
2024-08-04 10:00:00,0.05672538872226643,0.05672538872226643
2024-08-04 11:00:00,0.22643350931596343,0.22643350931596343
2024-08-04 12:00:00,0.5176302498529294,0.5176302498529294
2024-08-04 13:00:00,0.6391891975580717,0.6391891975580717
2024-08-04 14:00:00,0.8733662536508167,0.8733662536508167
2024-08-04 15:00:00,1.3536224714339553,1.3536224714339553
2024-08-04 16:00:00,1.6000961816385368,1.6000961816385368
2024-08-04 17:00:00,1.5522046877908182,1.5522046877908182
2024-08-04 18:00:00,1.8546137067020148,1.8546137067020148
2024-08-04 19:00:00,1.533018812095813,1.533018812095813
2024-08-04 20:00:00,1.4882612811354026,1.4882612811354026
2024-08-04 21:00:00,1.388613465119674,1.388613465119674
2024-08-04 22:00:00,0.0,0.0
2024-08-04 23:00:00,0.0,0.0
2024-08-05 00:00:00,0.0,0.0
2024-08-05 01:00:00,0.0,0.0
2024-08-05 02:00:00,0.0,0.0
2024-08-05 03:00:00,0.0,0.0
2024-08-05 04:00:00,0.0,0.0
2024-08-05 05:00:00,0.0,0.0
2024-08-05 06:00:00,0.0,0.0
2024-08-05 07:00:00,0.0,0.0
2024-08-05 08:00:00,0.0,0.0
2024-08-05 09:00:00,0.0,0.0
2024-08-05 10:00:00,0.09212284386782091,0.09212284386782091
2024-08-05 11:00:00,0.3126925574545487,0.3126925574545487
2024-08-05 12:00:00,0.7146855315624457,0.7146855315624457
2024-08-05 13:00:00,1.0055613375476768,1.0055613375476768
2024-08-05 14:00:00,1.518084201822035,1.518084201822035
2024-08-05 15:00:00,1.8974615119212725,1.8974615119212725
2024-08-05 16:00:00,2.599368869161909,2.599368869161909
2024-08-05 17:00:00,2.5152088788176292,2.5152088788176292
2024-08-05 18:00:00,2.545854623926977,2.545854623926977
2024-08-05 19:00:00,1.9744166525520264,1.9744166525520264
2024-08-05 20:00:00,2.4559593228153087,2.4559593228153087
2024-08-05 21:00:00,2.380800293521563,2.380800293521563
2024-08-05 22:00:00,0.0,0.0
2024-08-05 23:00:00,0.0,0.0
2024-08-06 00:00:00,0.0,0.0
2024-08-06 01:00:00,0.0,0.0
2024-08-06 02:00:00,0.0,0.0
2024-08-06 03:00:00,0.0,0.0
2024-08-06 04:00:00,0.0,0.0
2024-08-06 05:00:00,0.0,0.0
2024-08-06 06:00:00,0.0,0.0
2024-08-06 07:00:00,0.0,0.0
2024-08-06 08:00:00,0.0,0.0
2024-08-06 09:00:00,0.0,0.0
2024-08-06 10:00:00,0.08556348081382294,0.08556348081382294
2024-08-06 11:00:00,0.25108001742089886,0.25108001742089886
2024-08-06 12:00:00,0.7077614173182527,0.7077614173182527
2024-08-06 13:00:00,0.7978071599092963,0.7978071599092963
2024-08-06 14:00:00,1.2088394131516766,1.2088394131516766
2024-08-06 15:00:00,1.7457254849911594,1.7457254849911594
2024-08-06 16:00:00,2.3510274518970715,2.3510274518970715
2024-08-06 17:00:00,2.5424437010872056,2.5424437010872056
2024-08-06 18:00:00,2.0090768075713874,2.0090768075713874
2024-08-06 19:00:00,2.107956019641905,2.107956019641905
2024-08-06 20:00:00,2.5250355799236557,2.5250355799236557
2024-08-06 21:00:00,2.242131627487543,2.242131627487543
2024-08-06 22:00:00,0.0,0.0
2024-08-06 23:00:00,0.0,0.0
2024-08-07 00:00:00,0.0,0.0
2024-08-07 01:00:00,0.0,0.0
2024-08-07 02:00:00,0.0,0.0
2024-08-07 03:00:00,0.0,0.0
2024-08-07 04:00:00,0.0,0.0
2024-08-07 05:00:00,0.0,0.0
2024-08-07 06:00:00,0.0,0.0
2024-08-07 07:00:00,0.0,0.0
2024-08-07 08:00:00,0.0,0.0
2024-08-07 09:00:00,0.0,0.0
2024-08-07 10:00:00,0.06958818520217618,0.06958818520217618
2024-08-07 11:00:00,0.2654967499082336,0.2654967499082336
2024-08-07 12:00:00,0.6759991658462308,0.6759991658462308
2024-08-07 13:00:00,0.8577332003833891,0.8577332003833891
2024-08-07 14:00:00,1.332504814260377,1.332504814260377
2024-08-07 15:00:00,1.4266290809553843,1.4266290809553843
2024-08-07 16:00:00,2.1448516222195897,2.1448516222195897
2024-08-07 17:00:00,2.269950594324382,2.269950594324382
2024-08-07 18:00:00,2.266463634351338,2.266463634351338
2024-08-07 19:00:00,1.8150960681680086,1.8150960681680086
2024-08-07 20:00:00,2.3223037929739583,2.3223037929739583
2024-08-07 21:00:00,1.6711524269036464,1.6711524269036464
2024-08-07 22:00:00,0.0,0.0
2024-08-07 23:00:00,0.0,0.0
2024-08-08 00:00:00,0.0,0.0
2024-08-08 01:00:00,0.0,0.0
2024-08-08 02:00:00,0.0,0.0
2024-08-08 03:00:00,0.0,0.0
2024-08-08 04:00:00,0.0,0.0
2024-08-08 05:00:00,0.0,0.0
2024-08-08 06:00:00,0.0,0.0
2024-08-08 07:00:00,0.0,0.0
2024-08-08 08:00:00,0.0,0.0
2024-08-08 09:00:00,0.0,0.0
2024-08-08 10:00:00,0.09044282278409371,0.09044282278409371
2024-08-08 11:00:00,0.2729761537012759,0.2729761537012759
2024-08-08 12:00:00,0.7835722846256843,0.7835722846256843
2024-08-08 13:00:00,0.9464858863863109,0.9464858863863109
2024-08-08 14:00:00,1.2278921790722528,1.2278921790722528
2024-08-08 15:00:00,2.080854209241866,2.080854209241866
2024-08-08 16:00:00,2.393966064891546,2.393966064891546
2024-08-08 17:00:00,2.697304799696429,2.697304799696429
2024-08-08 18:00:00,2.6803135613386604,2.6803135613386604
2024-08-08 19:00:00,2.1490214298612087,2.1490214298612087
2024-08-08 20:00:00,2.610718224194953,2.610718224194953
2024-08-08 21:00:00,2.0313847572431896,2.0313847572431896
2024-08-08 22:00:00,0.0,0.0
2024-08-08 23:00:00,0.0,0.0
2024-08-09 00:00:00,0.0,0.0
2024-08-09 01:00:00,0.0,0.0
2024-08-09 02:00:00,0.0,0.0
2024-08-09 03:00:00,0.0,0.0
2024-08-09 04:00:00,0.0,0.0
2024-08-09 05:00:00,0.0,0.0
2024-08-09 06:00:00,0.0,0.0
2024-08-09 07:00:00,0.0,0.0
2024-08-09 08:00:00,0.0,0.0
2024-08-09 09:00:00,0.0,0.0
2024-08-09 10:00:00,0.08618766314806572,0.08618766314806572
2024-08-09 11:00:00,0.250782548581265,0.250782548581265
2024-08-09 12:00:00,0.6126145881846243,0.6126145881846243
2024-08-09 13:00:00,0.8896096069045889,0.8896096069045889
2024-08-09 14:00:00,1.2098755146831424,1.2098755146831424
2024-08-09 15:00:00,1.7343278520979337,1.7343278520979337
2024-08-09 16:00:00,2.2530996507447854,2.2530996507447854
2024-08-09 17:00:00,2.38996829386974,2.38996829386974
2024-08-09 18:00:00,1.9421979156990858,1.9421979156990858
2024-08-09 19:00:00,1.938453227357222,1.938453227357222
2024-08-09 20:00:00,2.0100989831465395,2.0100989831465395
2024-08-09 21:00:00,1.8097966332182336,1.8097966332182336
2024-08-09 22:00:00,0.0,0.0
2024-08-09 23:00:00,0.0,0.0
2024-08-10 00:00:00,0.0,0.0
2024-08-10 01:00:00,0.0,0.0
2024-08-10 02:00:00,0.0,0.0
2024-08-10 03:00:00,0.0,0.0
2024-08-10 04:00:00,0.0,0.0
2024-08-10 05:00:00,0.0,0.0
2024-08-10 06:00:00,0.0,0.0
2024-08-10 07:00:00,0.0,0.0
2024-08-10 08:00:00,0.0,0.0
2024-08-10 09:00:00,0.0,0.0
2024-08-10 10:00:00,0.05647631569079153,0.05647631569079153
2024-08-10 11:00:00,0.16842263979970098,0.16842263979970098
2024-08-10 12:00:00,0.4464089424693389,0.4464089424693389
2024-08-10 13:00:00,0.6626244389647992,0.6626244389647992
2024-08-10 14:00:00,0.9897435728679146,0.9897435728679146
2024-08-10 15:00:00,1.3180803072867977,1.3180803072867977
2024-08-10 16:00:00,1.4952790460902445,1.4952790460902445
2024-08-10 17:00:00,1.6704043658725767,1.6704043658725767
2024-08-10 18:00:00,1.6846283529812045,1.6846283529812045
2024-08-10 19:00:00,1.642308248706156,1.642308248706156
2024-08-10 20:00:00,1.6183323680875858,1.6183323680875858
2024-08-10 21:00:00,1.2484518088597376,1.2484518088597376
2024-08-10 22:00:00,0.0,0.0
2024-08-10 23:00:00,0.0,0.0
2024-08-11 00:00:00,0.0,0.0
2024-08-11 01:00:00,0.0,0.0
2024-08-11 02:00:00,0.0,0.0
2024-08-11 03:00:00,0.0,0.0
2024-08-11 04:00:00,0.0,0.0
2024-08-11 05:00:00,0.0,0.0
2024-08-11 06:00:00,0.0,0.0
2024-08-11 07:00:00,0.0,0.0
2024-08-11 08:00:00,0.0,0.0
2024-08-11 09:00:00,0.0,0.0
2024-08-11 10:00:00,0.06638491606351672,0.06638491606351672
2024-08-11 11:00:00,0.17772496282469952,0.17772496282469952
2024-08-11 12:00:00,0.5324673976966644,0.5324673976966644
2024-08-11 13:00:00,0.7916143680506024,0.7916143680506024
2024-08-11 14:00:00,0.8281724165345334,0.8281724165345334
2024-08-11 15:00:00,1.3070342753298059,1.3070342753298059
2024-08-11 16:00:00,1.5526205631084125,1.5526205631084125
2024-08-11 17:00:00,1.6986980573428907,1.6986980573428907
2024-08-11 18:00:00,1.5853049015420764,1.5853049015420764
2024-08-11 19:00:00,1.515666467214317,1.515666467214317
2024-08-11 20:00:00,1.509121296619592,1.509121296619592
2024-08-11 21:00:00,1.3409008959760977,1.3409008959760977
2024-08-11 22:00:00,0.0,0.0
2024-08-11 23:00:00,0.0,0.0
2024-08-12 00:00:00,0.0,0.0
2024-08-12 01:00:00,0.0,0.0
2024-08-12 02:00:00,0.0,0.0
2024-08-12 03:00:00,0.0,0.0
2024-08-12 04:00:00,0.0,0.0
2024-08-12 05:00:00,0.0,0.0
2024-08-12 06:00:00,0.0,0.0
2024-08-12 07:00:00,0.0,0.0
2024-08-12 08:00:00,0.0,0.0
2024-08-12 09:00:00,0.0,0.0
2024-08-12 10:00:00,0.07446849387292646,0.07446849387292646
2024-08-12 11:00:00,0.24396161122386079,0.24396161122386079
2024-08-12 12:00:00,0.6511291187493828,0.6511291187493828
2024-08-12 13:00:00,0.9913233245740974,0.9913233245740974
2024-08-12 14:00:00,1.3710867994830238,1.3710867994830238
2024-08-12 15:00:00,1.5722860774851777,1.5722860774851777
2024-08-12 16:00:00,2.129460527070353,2.129460527070353
2024-08-12 17:00:00,2.5032663553050822,2.5032663553050822
2024-08-12 18:00:00,2.297365423062252,2.297365423062252
2024-08-12 19:00:00,2.4508392113815756,2.4508392113815756
2024-08-12 20:00:00,2.43978296555343,2.43978296555343
2024-08-12 21:00:00,1.7845816416785927,1.7845816416785927
2024-08-12 22:00:00,0.0,0.0
2024-08-12 23:00:00,0.0,0.0
2024-08-13 00:00:00,0.0,0.0
2024-08-13 01:00:00,0.0,0.0
2024-08-13 02:00:00,0.0,0.0
2024-08-13 03:00:00,0.0,0.0
2024-08-13 04:00:00,0.0,0.0
2024-08-13 05:00:00,0.0,0.0
2024-08-13 06:00:00,0.0,0.0
2024-08-13 07:00:00,0.0,0.0
2024-08-13 08:00:00,0.0,0.0
2024-08-13 09:00:00,0.0,0.0
2024-08-13 10:00:00,0.09570323725891067,0.09570323725891067
2024-08-13 11:00:00,0.3298244303345902,0.3298244303345902
2024-08-13 12:00:00,0.646984670737663,0.646984670737663
2024-08-13 13:00:00,1.0386924586975874,1.0386924586975874
2024-08-13 14:00:00,1.2716276525835015,1.2716276525835015
2024-08-13 15:00:00,1.7478282634821616,1.7478282634821616
2024-08-13 16:00:00,2.2272831720255684,2.2272831720255684
2024-08-13 17:00:00,2.49347973614872,2.49347973614872
2024-08-13 18:00:00,2.771775049978897,2.771775049978897
2024-08-13 19:00:00,2.3674134437357695,2.3674134437357695
2024-08-13 20:00:00,2.3553039692961533,2.3553039692961533
2024-08-13 21:00:00,2.555546932262999,2.555546932262999
2024-08-13 22:00:00,0.0,0.0
2024-08-13 23:00:00,0.0,0.0
2024-08-14 00:00:00,0.0,0.0
2024-08-14 01:00:00,0.0,0.0
2024-08-14 02:00:00,0.0,0.0
2024-08-14 03:00:00,0.0,0.0
2024-08-14 04:00:00,0.0,0.0
2024-08-14 05:00:00,0.0,0.0
2024-08-14 06:00:00,0.0,0.0
2024-08-14 07:00:00,0.0,0.0
2024-08-14 08:00:00,0.0,0.0
2024-08-14 09:00:00,0.0,0.0
2024-08-14 10:00:00,0.08332663358803881,0.08332663358803881
2024-08-14 11:00:00,0.25802243309887896,0.25802243309887896
2024-08-14 12:00:00,0.6108914592967697,0.6108914592967697
2024-08-14 13:00:00,1.0381519999306668,1.0381519999306668
2024-08-14 14:00:00,1.2438654693869793,1.2438654693869793
2024-08-14 15:00:00,1.693299628988978,1.693299628988978
2024-08-14 16:00:00,2.308896556153136,2.308896556153136
2024-08-14 17:00:00,2.427616201544432,2.427616201544432
2024-08-14 18:00:00,2.373451481731628,2.373451481731628
2024-08-14 19:00:00,2.0701913069603406,2.0701913069603406
2024-08-14 20:00:00,2.287167270177205,2.287167270177205
2024-08-14 21:00:00,2.0607617710543926,2.0607617710543926
2024-08-14 22:00:00,0.0,0.0
2024-08-14 23:00:00,0.0,0.0
2024-08-15 00:00:00,0.0,0.0
2024-08-15 01:00:00,0.0,0.0
2024-08-15 02:00:00,0.0,0.0
2024-08-15 03:00:00,0.0,0.0
2024-08-15 04:00:00,0.0,0.0
2024-08-15 05:00:00,0.0,0.0
2024-08-15 06:00:00,0.0,0.0
2024-08-15 07:00:00,0.0,0.0
2024-08-15 08:00:00,0.0,0.0
2024-08-15 09:00:00,0.0,0.0
2024-08-15 10:00:00,0.07441888153082474,0.07441888153082474
2024-08-15 11:00:00,0.249131852699173,0.249131852699173
2024-08-15 12:00:00,0.7357636549109711,0.7357636549109711
2024-08-15 13:00:00,1.0825554320602915,1.0825554320602915
2024-08-15 14:00:00,1.4791826265480952,1.4791826265480952
2024-08-15 15:00:00,1.7056345262430979,1.7056345262430979
2024-08-15 16:00:00,2.359902073296142,2.359902073296142
2024-08-15 17:00:00,2.6987046229902565,2.6987046229902565
2024-08-15 18:00:00,2.6007470496301597,2.6007470496301597
2024-08-15 19:00:00,2.0421012862656487,2.0421012862656487
2024-08-15 20:00:00,2.3925548930274756,2.3925548930274756
2024-08-15 21:00:00,2.3215429605542854,2.3215429605542854
2024-08-15 22:00:00,0.0,0.0
2024-08-15 23:00:00,0.0,0.0
2024-08-16 00:00:00,0.0,0.0
2024-08-16 01:00:00,0.0,0.0
2024-08-16 02:00:00,0.0,0.0
2024-08-16 03:00:00,0.0,0.0
2024-08-16 04:00:00,0.0,0.0
2024-08-16 05:00:00,0.0,0.0
2024-08-16 06:00:00,0.0,0.0
2024-08-16 07:00:00,0.0,0.0
2024-08-16 08:00:00,0.0,0.0
2024-08-16 09:00:00,0.0,0.0
2024-08-16 10:00:00,0.07747222351889008,0.07747222351889008
2024-08-16 11:00:00,0.31166690755200077,0.31166690755200077
2024-08-16 12:00:00,0.8104480668768052,0.8104480668768052
2024-08-16 13:00:00,1.0685691809776405,1.0685691809776405
2024-08-16 14:00:00,1.2821528505433082,1.2821528505433082
2024-08-16 15:00:00,1.743550682796812,1.743550682796812
2024-08-16 16:00:00,2.4288027643823717,2.4288027643823717
2024-08-16 17:00:00,2.5341579516043757,2.5341579516043757
2024-08-16 18:00:00,2.182613005217451,2.182613005217451
2024-08-16 19:00:00,2.349144095781848,2.349144095781848
2024-08-16 20:00:00,2.5282773822520426,2.5282773822520426
2024-08-16 21:00:00,2.435311553449835,2.435311553449835
2024-08-16 22:00:00,0.0,0.0
2024-08-16 23:00:00,0.0,0.0
2024-08-17 00:00:00,0.0,0.0
2024-08-17 01:00:00,0.0,0.0
2024-08-17 02:00:00,0.0,0.0
2024-08-17 03:00:00,0.0,0.0
2024-08-17 04:00:00,0.0,0.0
2024-08-17 05:00:00,0.0,0.0
2024-08-17 06:00:00,0.0,0.0
2024-08-17 07:00:00,0.0,0.0
2024-08-17 08:00:00,0.0,0.0
2024-08-17 09:00:00,0.0,0.0
2024-08-17 10:00:00,0.05341048265646836,0.05341048265646836
2024-08-17 11:00:00,0.19647371657306856,0.19647371657306856
2024-08-17 12:00:00,0.5174365246144421,0.5174365246144421
2024-08-17 13:00:00,0.7586044823717288,0.7586044823717288
2024-08-17 14:00:00,1.0628694333192488,1.0628694333192488
2024-08-17 15:00:00,1.2190965473828437,1.2190965473828437
2024-08-17 16:00:00,1.7186820728010088,1.7186820728010088
2024-08-17 17:00:00,1.7799876298498127,1.7799876298498127
2024-08-17 18:00:00,1.9615749296058689,1.9615749296058689
2024-08-17 19:00:00,1.7750817325663608,1.7750817325663608
2024-08-17 20:00:00,1.6371867259035087,1.6371867259035087
2024-08-17 21:00:00,1.6254729413700852,1.6254729413700852
2024-08-17 22:00:00,0.0,0.0
2024-08-17 23:00:00,0.0,0.0
2024-08-18 00:00:00,0.0,0.0
2024-08-18 01:00:00,0.0,0.0
2024-08-18 02:00:00,0.0,0.0
2024-08-18 03:00:00,0.0,0.0
2024-08-18 04:00:00,0.0,0.0
2024-08-18 05:00:00,0.0,0.0
2024-08-18 06:00:00,0.0,0.0
2024-08-18 07:00:00,0.0,0.0
2024-08-18 08:00:00,0.0,0.0
2024-08-18 09:00:00,0.0,0.0
2024-08-18 10:00:00,0.052100093324635915,0.052100093324635915
2024-08-18 11:00:00,0.2104565078634112,0.2104565078634112
2024-08-18 12:00:00,0.4655365652098693,0.4655365652098693
2024-08-18 13:00:00,0.7092286167475115,0.7092286167475115
2024-08-18 14:00:00,1.0734759037808959,1.0734759037808959
2024-08-18 15:00:00,1.2160634298164776,1.2160634298164776
2024-08-18 16:00:00,1.8390859563548052,1.8390859563548052
2024-08-18 17:00:00,2.038456772696404,2.038456772696404
2024-08-18 18:00:00,1.6264749020064895,1.6264749020064895
2024-08-18 19:00:00,1.6562677785440298,1.6562677785440298
2024-08-18 20:00:00,1.7613006060903413,1.7613006060903413
2024-08-18 21:00:00,1.4122574135460138,1.4122574135460138
2024-08-18 22:00:00,0.0,0.0
2024-08-18 23:00:00,0.0,0.0
2024-08-19 00:00:00,0.0,0.0
2024-08-19 01:00:00,0.0,0.0
2024-08-19 02:00:00,0.0,0.0
2024-08-19 03:00:00,0.0,0.0
2024-08-19 04:00:00,0.0,0.0
2024-08-19 05:00:00,0.0,0.0
2024-08-19 06:00:00,0.0,0.0
2024-08-19 07:00:00,0.0,0.0
2024-08-19 08:00:00,0.0,0.0
2024-08-19 09:00:00,0.0,0.0
2024-08-19 10:00:00,0.08798741042836353,0.08798741042836353
2024-08-19 11:00:00,0.25640144223938716,0.25640144223938716
2024-08-19 12:00:00,0.6318051081396816,0.6318051081396816
2024-08-19 13:00:00,1.103465123854912,1.103465123854912
2024-08-19 14:00:00,1.3826700314322034,1.3826700314322034
2024-08-19 15:00:00,1.891852148648739,1.891852148648739
2024-08-19 16:00:00,2.3294939094569656,2.3294939094569656
2024-08-19 17:00:00,2.9524006343533937,2.9524006343533937
2024-08-19 18:00:00,2.4754765690817706,2.4754765690817706
2024-08-19 19:00:00,2.609495715854848,2.609495715854848
2024-08-19 20:00:00,2.4048552215314665,2.4048552215314665
2024-08-19 21:00:00,2.1242040315874,2.1242040315874
2024-08-19 22:00:00,0.0,0.0
2024-08-19 23:00:00,0.0,0.0
2024-08-20 00:00:00,0.0,0.0
2024-08-20 01:00:00,0.0,0.0
2024-08-20 02:00:00,0.0,0.0
2024-08-20 03:00:00,0.0,0.0
2024-08-20 04:00:00,0.0,0.0
2024-08-20 05:00:00,0.0,0.0
2024-08-20 06:00:00,0.0,0.0
2024-08-20 07:00:00,0.0,0.0
2024-08-20 08:00:00,0.0,0.0
2024-08-20 09:00:00,0.0,0.0
2024-08-20 10:00:00,0.085663144736354,0.085663144736354
2024-08-20 11:00:00,0.2584583481520359,0.2584583481520359
2024-08-20 12:00:00,0.7072200182495343,0.7072200182495343
2024-08-20 13:00:00,1.0408736403902497,1.0408736403902497
2024-08-20 14:00:00,1.4746692280505884,1.4746692280505884
2024-08-20 15:00:00,2.0566095960480757,2.0566095960480757
2024-08-20 16:00:00,2.4580775831272756,2.4580775831272756
2024-08-20 17:00:00,2.51074915563626,2.51074915563626
2024-08-20 18:00:00,2.3008940734572536,2.3008940734572536
2024-08-20 19:00:00,2.121237231585502,2.121237231585502
2024-08-20 20:00:00,2.2561613435294494,2.2561613435294494
2024-08-20 21:00:00,2.523415218332747,2.523415218332747
2024-08-20 22:00:00,0.0,0.0
2024-08-20 23:00:00,0.0,0.0
2024-08-21 00:00:00,0.0,0.0
2024-08-21 01:00:00,0.0,0.0
2024-08-21 02:00:00,0.0,0.0
2024-08-21 03:00:00,0.0,0.0
2024-08-21 04:00:00,0.0,0.0
2024-08-21 05:00:00,0.0,0.0
2024-08-21 06:00:00,0.0,0.0
2024-08-21 07:00:00,0.0,0.0
2024-08-21 08:00:00,0.0,0.0
2024-08-21 09:00:00,0.0,0.0
2024-08-21 10:00:00,0.0796441181263168,0.0796441181263168
2024-08-21 11:00:00,0.2613489430221757,0.2613489430221757
2024-08-21 12:00:00,0.7006248536347984,0.7006248536347984
2024-08-21 13:00:00,0.9625208150276668,0.9625208150276668
2024-08-21 14:00:00,1.284915474638046,1.284915474638046
2024-08-21 15:00:00,1.8543457295978418,1.8543457295978418
2024-08-21 16:00:00,1.8134388644798602,1.8134388644798602
2024-08-21 17:00:00,2.215112148943469,2.215112148943469
2024-08-21 18:00:00,2.257422230661719,2.257422230661719
2024-08-21 19:00:00,1.8398854799328808,1.8398854799328808
2024-08-21 20:00:00,2.1345635192891264,2.1345635192891264
2024-08-21 21:00:00,1.870657076843346,1.870657076843346
2024-08-21 22:00:00,0.0,0.0
2024-08-21 23:00:00,0.0,0.0
2024-08-22 00:00:00,0.0,0.0
2024-08-22 01:00:00,0.0,0.0
2024-08-22 02:00:00,0.0,0.0
2024-08-22 03:00:00,0.0,0.0
2024-08-22 04:00:00,0.0,0.0
2024-08-22 05:00:00,0.0,0.0
2024-08-22 06:00:00,0.0,0.0
2024-08-22 07:00:00,0.0,0.0
2024-08-22 08:00:00,0.0,0.0
2024-08-22 09:00:00,0.0,0.0
2024-08-22 10:00:00,0.08694993451923337,0.08694993451923337
2024-08-22 11:00:00,0.31505412447379744,0.31505412447379744
2024-08-22 12:00:00,0.6335728110846494,0.6335728110846494
2024-08-22 13:00:00,1.000567977518102,1.000567977518102
2024-08-22 14:00:00,1.5760065575691087,1.5760065575691087
2024-08-22 15:00:00,1.9989231324489858,1.9989231324489858
2024-08-22 16:00:00,2.1264451658061185,2.1264451658061185
2024-08-22 17:00:00,2.8423116718659207,2.8423116718659207
2024-08-22 18:00:00,2.728737264587705,2.728737264587705
2024-08-22 19:00:00,2.4075049830862705,2.4075049830862705
2024-08-22 20:00:00,2.816879673332428,2.816879673332428
2024-08-22 21:00:00,2.331863043100674,2.331863043100674
2024-08-22 22:00:00,0.0,0.0
2024-08-22 23:00:00,0.0,0.0
2024-08-23 00:00:00,0.0,0.0
2024-08-23 01:00:00,0.0,0.0
2024-08-23 02:00:00,0.0,0.0
2024-08-23 03:00:00,0.0,0.0
2024-08-23 04:00:00,0.0,0.0
2024-08-23 05:00:00,0.0,0.0
2024-08-23 06:00:00,0.0,0.0
2024-08-23 07:00:00,0.0,0.0
2024-08-23 08:00:00,0.0,0.0
2024-08-23 09:00:00,0.0,0.0
2024-08-23 10:00:00,0.06954445400781016,0.06954445400781016
2024-08-23 11:00:00,0.28567109469913804,0.28567109469913804
2024-08-23 12:00:00,0.7024856424623087,0.7024856424623087
2024-08-23 13:00:00,0.8730369645332522,0.8730369645332522
2024-08-23 14:00:00,1.2770921504716166,1.2770921504716166
2024-08-23 15:00:00,1.8744608088243695,1.8744608088243695
2024-08-23 16:00:00,1.8380280319951936,1.8380280319951936
2024-08-23 17:00:00,1.9541576670373986,1.9541576670373986
2024-08-23 18:00:00,2.4879724249043123,2.4879724249043123
2024-08-23 19:00:00,1.9949107963377206,1.9949107963377206
2024-08-23 20:00:00,2.09426244201878,2.09426244201878
2024-08-23 21:00:00,1.6856112609566798,1.6856112609566798
2024-08-23 22:00:00,0.0,0.0
2024-08-23 23:00:00,0.0,0.0
2024-08-24 00:00:00,0.0,0.0
2024-08-24 01:00:00,0.0,0.0
2024-08-24 02:00:00,0.0,0.0
2024-08-24 03:00:00,0.0,0.0
2024-08-24 04:00:00,0.0,0.0
2024-08-24 05:00:00,0.0,0.0
2024-08-24 06:00:00,0.0,0.0
2024-08-24 07:00:00,0.0,0.0
2024-08-24 08:00:00,0.0,0.0
2024-08-24 09:00:00,0.0,0.0
2024-08-24 10:00:00,0.05981232177519078,0.05981232177519078
2024-08-24 11:00:00,0.18761617185919843,0.18761617185919843
2024-08-24 12:00:00,0.49823562492279594,0.49823562492279594
2024-08-24 13:00:00,0.5949604426582981,0.5949604426582981
2024-08-24 14:00:00,0.7710564403591694,0.7710564403591694
2024-08-24 15:00:00,1.1312819691992044,1.1312819691992044
2024-08-24 16:00:00,1.4200895303757237,1.4200895303757237
2024-08-24 17:00:00,1.489059805874905,1.489059805874905
2024-08-24 18:00:00,1.4573450594421737,1.4573450594421737
2024-08-24 19:00:00,1.4817468666009004,1.4817468666009004
2024-08-24 20:00:00,1.5100546685129272,1.5100546685129272
2024-08-24 21:00:00,1.2716039571025366,1.2716039571025366
2024-08-24 22:00:00,0.0,0.0
2024-08-24 23:00:00,0.0,0.0
2024-08-25 00:00:00,0.0,0.0
2024-08-25 01:00:00,0.0,0.0
2024-08-25 02:00:00,0.0,0.0
2024-08-25 03:00:00,0.0,0.0
2024-08-25 04:00:00,0.0,0.0
2024-08-25 05:00:00,0.0,0.0
2024-08-25 06:00:00,0.0,0.0
2024-08-25 07:00:00,0.0,0.0
2024-08-25 08:00:00,0.0,0.0
2024-08-25 09:00:00,0.0,0.0
2024-08-25 10:00:00,0.06167960322465225,0.06167960322465225
2024-08-25 11:00:00,0.21532422139930893,0.21532422139930893
2024-08-25 12:00:00,0.5116336697432267,0.5116336697432267
2024-08-25 13:00:00,0.5898710146349332,0.5898710146349332
2024-08-25 14:00:00,0.9061419274233619,0.9061419274233619
2024-08-25 15:00:00,1.3389530269840897,1.3389530269840897
2024-08-25 16:00:00,1.474853842521223,1.474853842521223
2024-08-25 17:00:00,1.9555633979002014,1.9555633979002014
2024-08-25 18:00:00,1.8074390511215253,1.8074390511215253
2024-08-25 19:00:00,1.508295538952276,1.508295538952276
2024-08-25 20:00:00,1.8938596970509527,1.8938596970509527
2024-08-25 21:00:00,1.584104484764274,1.584104484764274
2024-08-25 22:00:00,0.0,0.0
2024-08-25 23:00:00,0.0,0.0
2024-08-26 00:00:00,0.0,0.0
2024-08-26 01:00:00,0.0,0.0
2024-08-26 02:00:00,0.0,0.0
2024-08-26 03:00:00,0.0,0.0
2024-08-26 04:00:00,0.0,0.0
2024-08-26 05:00:00,0.0,0.0
2024-08-26 06:00:00,0.0,0.0
2024-08-26 07:00:00,0.0,0.0
2024-08-26 08:00:00,0.0,0.0
2024-08-26 09:00:00,0.0,0.0
2024-08-26 10:00:00,0.08989146733978812,0.08989146733978812
2024-08-26 11:00:00,0.3135983762866928,0.3135983762866928
2024-08-26 12:00:00,0.728132720276389,0.728132720276389
2024-08-26 13:00:00,0.966374150334921,0.966374150334921
2024-08-26 14:00:00,1.4304611760546935,1.4304611760546935
2024-08-26 15:00:00,1.9041772202241098,1.9041772202241098
2024-08-26 16:00:00,2.2501112692773995,2.2501112692773995
2024-08-26 17:00:00,2.284586652381193,2.284586652381193
2024-08-26 18:00:00,2.844640607422991,2.844640607422991
2024-08-26 19:00:00,2.214735017480513,2.214735017480513
2024-08-26 20:00:00,2.558667378658921,2.558667378658921
2024-08-26 21:00:00,2.3343127728089903,2.3343127728089903
2024-08-26 22:00:00,0.0,0.0
2024-08-26 23:00:00,0.0,0.0
2024-08-27 00:00:00,0.0,0.0
2024-08-27 01:00:00,0.0,0.0
2024-08-27 02:00:00,0.0,0.0
2024-08-27 03:00:00,0.0,0.0
2024-08-27 04:00:00,0.0,0.0
2024-08-27 05:00:00,0.0,0.0
2024-08-27 06:00:00,0.0,0.0
2024-08-27 07:00:00,0.0,0.0
2024-08-27 08:00:00,0.0,0.0
2024-08-27 09:00:00,0.0,0.0
2024-08-27 10:00:00,0.07312359776765746,0.07312359776765746
2024-08-27 11:00:00,0.29474568583235355,0.29474568583235355
2024-08-27 12:00:00,0.708702642543545,0.708702642543545
2024-08-27 13:00:00,0.9181468217565233,0.9181468217565233
2024-08-27 14:00:00,1.3181393990529569,1.3181393990529569
2024-08-27 15:00:00,1.704212419142634,1.704212419142634
2024-08-27 16:00:00,2.252371521701473,2.252371521701473
2024-08-27 17:00:00,2.021051292659514,2.021051292659514
2024-08-27 18:00:00,2.3990721318891257,2.3990721318891257
2024-08-27 19:00:00,2.3651914255229545,2.3651914255229545
2024-08-27 20:00:00,2.117974478346976,2.117974478346976
2024-08-27 21:00:00,2.0629672832737938,2.0629672832737938
2024-08-27 22:00:00,0.0,0.0
2024-08-27 23:00:00,0.0,0.0
2024-08-28 00:00:00,0.0,0.0
2024-08-28 01:00:00,0.0,0.0
2024-08-28 02:00:00,0.0,0.0
2024-08-28 03:00:00,0.0,0.0
2024-08-28 04:00:00,0.0,0.0
2024-08-28 05:00:00,0.0,0.0
2024-08-28 06:00:00,0.0,0.0
2024-08-28 07:00:00,0.0,0.0
2024-08-28 08:00:00,0.0,0.0
2024-08-28 09:00:00,0.0,0.0
2024-08-28 10:00:00,0.0849410515984627,0.0849410515984627
2024-08-28 11:00:00,0.27691505500025787,0.27691505500025787
2024-08-28 12:00:00,0.733776952994849,0.733776952994849
2024-08-28 13:00:00,1.0800453835000174,1.0800453835000174
2024-08-28 14:00:00,1.224190666366458,1.224190666366458
2024-08-28 15:00:00,1.5655862882997518,1.5655862882997518
2024-08-28 16:00:00,2.3462208732366956,2.3462208732366956
2024-08-28 17:00:00,2.601057995918403,2.601057995918403
2024-08-28 18:00:00,2.723285224137826,2.723285224137826
2024-08-28 19:00:00,2.3412563344695405,2.3412563344695405
2024-08-28 20:00:00,2.4012618837124036,2.4012618837124036
2024-08-28 21:00:00,1.9002778578141453,1.9002778578141453
2024-08-28 22:00:00,0.0,0.0
2024-08-28 23:00:00,0.0,0.0
2024-08-29 00:00:00,0.0,0.0
2024-08-29 01:00:00,0.0,0.0
2024-08-29 02:00:00,0.0,0.0
2024-08-29 03:00:00,0.0,0.0
2024-08-29 04:00:00,0.0,0.0
2024-08-29 05:00:00,0.0,0.0
2024-08-29 06:00:00,0.0,0.0
2024-08-29 07:00:00,0.0,0.0
2024-08-29 08:00:00,0.0,0.0
2024-08-29 09:00:00,0.0,0.0
2024-08-29 10:00:00,0.08879235806482587,0.08879235806482587
2024-08-29 11:00:00,0.2830581831809071,0.2830581831809071
2024-08-29 12:00:00,0.6950999029400367,0.6950999029400367
2024-08-29 13:00:00,1.1220765577332652,1.1220765577332652
2024-08-29 14:00:00,1.3741977390488493,1.3741977390488493
2024-08-29 15:00:00,1.6888443484988878,1.6888443484988878
2024-08-29 16:00:00,2.162918177759615,2.162918177759615
2024-08-29 17:00:00,2.6245998110529154,2.6245998110529154
2024-08-29 18:00:00,2.481915003432094,2.481915003432094
2024-08-29 19:00:00,2.5759295558418014,2.5759295558418014
2024-08-29 20:00:00,2.5548034760862706,2.5548034760862706
2024-08-29 21:00:00,2.308482475014204,2.308482475014204
2024-08-29 22:00:00,0.0,0.0
2024-08-29 23:00:00,0.0,0.0
2024-08-30 00:00:00,0.0,0.0
2024-08-30 01:00:00,0.0,0.0
2024-08-30 02:00:00,0.0,0.0
2024-08-30 03:00:00,0.0,0.0
2024-08-30 04:00:00,0.0,0.0
2024-08-30 05:00:00,0.0,0.0
2024-08-30 06:00:00,0.0,0.0
2024-08-30 07:00:00,0.0,0.0
2024-08-30 08:00:00,0.0,0.0
2024-08-30 09:00:00,0.0,0.0
2024-08-30 10:00:00,0.09874358875479669,0.09874358875479669
2024-08-30 11:00:00,0.2788383137662797,0.2788383137662797
2024-08-30 12:00:00,0.6410946390841673,0.6410946390841673
2024-08-30 13:00:00,1.1454799992215798,1.1454799992215798
2024-08-30 14:00:00,1.6156356725735597,1.6156356725735597
2024-08-30 15:00:00,2.0188585408922197,2.0188585408922197
2024-08-30 16:00:00,2.5335454259497414,2.5335454259497414
2024-08-30 17:00:00,2.9066821774781553,2.9066821774781553
2024-08-30 18:00:00,2.744030431180235,2.744030431180235
2024-08-30 19:00:00,2.402460701769696,2.402460701769696
2024-08-30 20:00:00,2.6373263503747397,2.6373263503747397
2024-08-30 21:00:00,2.6805245710134455,2.6805245710134455
2024-08-30 22:00:00,0.0,0.0
2024-08-30 23:00:00,0.0,0.0
2024-08-31 00:00:00,0.0,0.0
2024-08-31 01:00:00,0.0,0.0
2024-08-31 02:00:00,0.0,0.0
2024-08-31 03:00:00,0.0,0.0
2024-08-31 04:00:00,0.0,0.0
2024-08-31 05:00:00,0.0,0.0
2024-08-31 06:00:00,0.0,0.0
2024-08-31 07:00:00,0.0,0.0
2024-08-31 08:00:00,0.0,0.0
2024-08-31 09:00:00,0.0,0.0
2024-08-31 10:00:00,0.05468496197472697,0.05468496197472697
2024-08-31 11:00:00,0.20441046737622243,0.20441046737622243
2024-08-31 12:00:00,0.4505937220806957,0.4505937220806957
2024-08-31 13:00:00,0.6750885094117756,0.6750885094117756
2024-08-31 14:00:00,0.7826311871843599,0.7826311871843599
2024-08-31 15:00:00,1.2176482430587732,1.2176482430587732
2024-08-31 16:00:00,1.4884869287026532,1.4884869287026532
2024-08-31 17:00:00,1.5874131547993402,1.5874131547993402
2024-08-31 18:00:00,1.5248561948770485,1.5248561948770485
2024-08-31 19:00:00,1.3669030478520572,1.3669030478520572
2024-08-31 20:00:00,1.8672592438928772,1.8672592438928772
2024-08-31 21:00:00,1.5485698389643516,1.5485698389643516
2024-08-31 22:00:00,0.0,0.0
2024-08-31 23:00:00,0.0,0.0
2024-09-01 00:00:00,0.0,0.0
2024-09-01 01:00:00,0.0,0.0
2024-09-01 02:00:00,0.0,0.0
2024-09-01 03:00:00,0.0,0.0
2024-09-01 04:00:00,0.0,0.0
2024-09-01 05:00:00,0.0,0.0
2024-09-01 06:00:00,0.0,0.0
2024-09-01 07:00:00,0.0,0.0
2024-09-01 08:00:00,0.0,0.0
2024-09-01 09:00:00,0.0,0.0
2024-09-01 10:00:00,0.06591606265585366,0.06591606265585366
2024-09-01 11:00:00,0.18689416324796515,0.18689416324796515
2024-09-01 12:00:00,0.4917217056370108,0.4917217056370108
2024-09-01 13:00:00,0.6784746989641928,0.6784746989641928
2024-09-01 14:00:00,1.0565553057018693,1.0565553057018693
2024-09-01 15:00:00,1.2900159134271838,1.2900159134271838
2024-09-01 16:00:00,1.617365805882193,1.617365805882193
2024-09-01 17:00:00,1.6311606588878302,1.6311606588878302
2024-09-01 18:00:00,1.523561001222969,1.523561001222969
2024-09-01 19:00:00,1.8894256747924556,1.8894256747924556
2024-09-01 20:00:00,1.566074500172764,1.566074500172764
2024-09-01 21:00:00,1.3630709059570099,1.3630709059570099
2024-09-01 22:00:00,0.0,0.0
2024-09-01 23:00:00,0.0,0.0
2024-09-02 00:00:00,0.0,0.0
2024-09-02 01:00:00,0.0,0.0
2024-09-02 02:00:00,0.0,0.0
2024-09-02 03:00:00,0.0,0.0
2024-09-02 04:00:00,0.0,0.0
2024-09-02 05:00:00,0.0,0.0
2024-09-02 06:00:00,0.0,0.0
2024-09-02 07:00:00,0.0,0.0
2024-09-02 08:00:00,0.0,0.0
2024-09-02 09:00:00,0.0,0.0
2024-09-02 10:00:00,0.08040102814025368,0.08040102814025368
2024-09-02 11:00:00,0.28773308419159516,0.28773308419159516
2024-09-02 12:00:00,0.6730196343994782,0.6730196343994782
2024-09-02 13:00:00,0.9236122418522936,0.9236122418522936
2024-09-02 14:00:00,1.3818877982665487,1.3818877982665487
2024-09-02 15:00:00,1.7806586227877075,1.7806586227877075
2024-09-02 16:00:00,2.043016069060708,2.043016069060708
2024-09-02 17:00:00,2.0047655790035086,2.0047655790035086
2024-09-02 18:00:00,2.0148928944264277,2.0148928944264277
2024-09-02 19:00:00,1.8255797352483505,1.8255797352483505
2024-09-02 20:00:00,1.991735348264378,1.991735348264378
2024-09-02 21:00:00,2.1872051610595586,2.1872051610595586
2024-09-02 22:00:00,0.0,0.0
2024-09-02 23:00:00,0.0,0.0
2024-09-03 00:00:00,0.0,0.0
2024-09-03 01:00:00,0.0,0.0
2024-09-03 02:00:00,0.0,0.0
2024-09-03 03:00:00,0.0,0.0
2024-09-03 04:00:00,0.0,0.0
2024-09-03 05:00:00,0.0,0.0
2024-09-03 06:00:00,0.0,0.0
2024-09-03 07:00:00,0.0,0.0
2024-09-03 08:00:00,0.0,0.0
2024-09-03 09:00:00,0.0,0.0
2024-09-03 10:00:00,0.08344276356080312,0.08344276356080312
2024-09-03 11:00:00,0.3526029592089499,0.3526029592089499
2024-09-03 12:00:00,0.8429780268212785,0.8429780268212785
2024-09-03 13:00:00,0.9890763381604691,0.9890763381604691
2024-09-03 14:00:00,1.2861475672034757,1.2861475672034757
2024-09-03 15:00:00,2.217311843312634,2.217311843312634
2024-09-03 16:00:00,2.7209658673235237,2.7209658673235237
2024-09-03 17:00:00,2.7236866558868025,2.7236866558868025
2024-09-03 18:00:00,2.301839669585491,2.301839669585491
2024-09-03 19:00:00,2.40877166555561,2.40877166555561
2024-09-03 20:00:00,2.34760642085925,2.34760642085925
2024-09-03 21:00:00,2.5153668949669763,2.5153668949669763
2024-09-03 22:00:00,0.0,0.0
2024-09-03 23:00:00,0.0,0.0
2024-09-04 00:00:00,0.0,0.0
2024-09-04 01:00:00,0.0,0.0
2024-09-04 02:00:00,0.0,0.0
2024-09-04 03:00:00,0.0,0.0
2024-09-04 04:00:00,0.0,0.0
2024-09-04 05:00:00,0.0,0.0
2024-09-04 06:00:00,0.0,0.0
2024-09-04 07:00:00,0.0,0.0
2024-09-04 08:00:00,0.0,0.0
2024-09-04 09:00:00,0.0,0.0
2024-09-04 10:00:00,0.07901422263758409,0.07901422263758409
2024-09-04 11:00:00,0.23513285622738556,0.23513285622738556
2024-09-04 12:00:00,0.5925914338769032,0.5925914338769032
2024-09-04 13:00:00,0.7939201168935535,0.7939201168935535
2024-09-04 14:00:00,1.3717635386558524,1.3717635386558524
2024-09-04 15:00:00,1.9422522004700493,1.9422522004700493
2024-09-04 16:00:00,2.2968342659391854,2.2968342659391854
2024-09-04 17:00:00,2.5535590942655895,2.5535590942655895
2024-09-04 18:00:00,2.319850210077417,2.319850210077417
2024-09-04 19:00:00,2.3483484178988947,2.3483484178988947
2024-09-04 20:00:00,2.2174553852074346,2.2174553852074346
2024-09-04 21:00:00,2.185138175907743,2.185138175907743
2024-09-04 22:00:00,0.0,0.0
2024-09-04 23:00:00,0.0,0.0
2024-09-05 00:00:00,0.0,0.0
2024-09-05 01:00:00,0.0,0.0
2024-09-05 02:00:00,0.0,0.0
2024-09-05 03:00:00,0.0,0.0
2024-09-05 04:00:00,0.0,0.0
2024-09-05 05:00:00,0.0,0.0
2024-09-05 06:00:00,0.0,0.0
2024-09-05 07:00:00,0.0,0.0
2024-09-05 08:00:00,0.0,0.0
2024-09-05 09:00:00,0.0,0.0
2024-09-05 10:00:00,0.07833239592873481,0.07833239592873481
2024-09-05 11:00:00,0.29654606550717577,0.29654606550717577
2024-09-05 12:00:00,0.6143307034509853,0.6143307034509853
2024-09-05 13:00:00,0.894369742278628,0.894369742278628
2024-09-05 14:00:00,1.1789596456096043,1.1789596456096043
2024-09-05 15:00:00,1.6030683144507476,1.6030683144507476
2024-09-05 16:00:00,2.1497857091608763,2.1497857091608763
2024-09-05 17:00:00,2.437734044917482,2.437734044917482
2024-09-05 18:00:00,2.676599337941669,2.676599337941669
2024-09-05 19:00:00,2.4292084856685996,2.4292084856685996
2024-09-05 20:00:00,2.1205686174027716,2.1205686174027716
2024-09-05 21:00:00,2.4652726864255303,2.4652726864255303
2024-09-05 22:00:00,0.0,0.0
2024-09-05 23:00:00,0.0,0.0
2024-09-06 00:00:00,0.0,0.0
2024-09-06 01:00:00,0.0,0.0
2024-09-06 02:00:00,0.0,0.0
2024-09-06 03:00:00,0.0,0.0
2024-09-06 04:00:00,0.0,0.0
2024-09-06 05:00:00,0.0,0.0
2024-09-06 06:00:00,0.0,0.0
2024-09-06 07:00:00,0.0,0.0
2024-09-06 08:00:00,0.0,0.0
2024-09-06 09:00:00,0.0,0.0
2024-09-06 10:00:00,0.07726322628869686,0.07726322628869686
2024-09-06 11:00:00,0.2794482560944125,0.2794482560944125
2024-09-06 12:00:00,0.6167280771054973,0.6167280771054973
2024-09-06 13:00:00,0.9917273923769051,0.9917273923769051
2024-09-06 14:00:00,1.5089040002328717,1.5089040002328717
2024-09-06 15:00:00,2.17587354097942,2.17587354097942
2024-09-06 16:00:00,2.38021274746619,2.38021274746619
2024-09-06 17:00:00,2.665426553977948,2.665426553977948
2024-09-06 18:00:00,2.2184741490185647,2.2184741490185647
2024-09-06 19:00:00,2.705374572466933,2.705374572466933
2024-09-06 20:00:00,2.5469974492713816,2.5469974492713816
2024-09-06 21:00:00,2.0565562151261383,2.0565562151261383
2024-09-06 22:00:00,0.0,0.0
2024-09-06 23:00:00,0.0,0.0
2024-09-07 00:00:00,0.0,0.0
2024-09-07 01:00:00,0.0,0.0
2024-09-07 02:00:00,0.0,0.0
2024-09-07 03:00:00,0.0,0.0
2024-09-07 04:00:00,0.0,0.0
2024-09-07 05:00:00,0.0,0.0
2024-09-07 06:00:00,0.0,0.0
2024-09-07 07:00:00,0.0,0.0
2024-09-07 08:00:00,0.0,0.0
2024-09-07 09:00:00,0.0,0.0
2024-09-07 10:00:00,0.04901937592655088,0.04901937592655088
2024-09-07 11:00:00,0.1896145946394603,0.1896145946394603
2024-09-07 12:00:00,0.4268378029367161,0.4268378029367161
2024-09-07 13:00:00,0.6424159004403752,0.6424159004403752
2024-09-07 14:00:00,0.8565645875949699,0.8565645875949699
2024-09-07 15:00:00,1.2455797245532187,1.2455797245532187
2024-09-07 16:00:00,1.5068931878835725,1.5068931878835725
2024-09-07 17:00:00,1.8480622668725115,1.8480622668725115
2024-09-07 18:00:00,1.664892213174692,1.664892213174692
2024-09-07 19:00:00,1.3170485266650376,1.3170485266650376
2024-09-07 20:00:00,1.3968021494907454,1.3968021494907454
2024-09-07 21:00:00,1.3003683762955787,1.3003683762955787
2024-09-07 22:00:00,0.0,0.0
2024-09-07 23:00:00,0.0,0.0
2024-09-08 00:00:00,0.0,0.0
2024-09-08 01:00:00,0.0,0.0
2024-09-08 02:00:00,0.0,0.0
2024-09-08 03:00:00,0.0,0.0
2024-09-08 04:00:00,0.0,0.0
2024-09-08 05:00:00,0.0,0.0
2024-09-08 06:00:00,0.0,0.0
2024-09-08 07:00:00,0.0,0.0
2024-09-08 08:00:00,0.0,0.0
2024-09-08 09:00:00,0.0,0.0
2024-09-08 10:00:00,0.06113617278890712,0.06113617278890712
2024-09-08 11:00:00,0.2186354240804107,0.2186354240804107
2024-09-08 12:00:00,0.422611797751681,0.422611797751681
2024-09-08 13:00:00,0.6028898696232136,0.6028898696232136
2024-09-08 14:00:00,0.8072097383845582,0.8072097383845582
2024-09-08 15:00:00,1.3607311185254978,1.3607311185254978
2024-09-08 16:00:00,1.3183979291610866,1.3183979291610866
2024-09-08 17:00:00,1.7663889839690734,1.7663889839690734
2024-09-08 18:00:00,1.5774058488993468,1.5774058488993468
2024-09-08 19:00:00,1.4416638520877019,1.4416638520877019
2024-09-08 20:00:00,1.8680431725070994,1.8680431725070994
2024-09-08 21:00:00,1.5543991716733343,1.5543991716733343
2024-09-08 22:00:00,0.0,0.0
2024-09-08 23:00:00,0.0,0.0
2024-09-09 00:00:00,0.0,0.0
2024-09-09 01:00:00,0.0,0.0
2024-09-09 02:00:00,0.0,0.0
2024-09-09 03:00:00,0.0,0.0
2024-09-09 04:00:00,0.0,0.0
2024-09-09 05:00:00,0.0,0.0
2024-09-09 06:00:00,0.0,0.0
2024-09-09 07:00:00,0.0,0.0
2024-09-09 08:00:00,0.0,0.0
2024-09-09 09:00:00,0.0,0.0
2024-09-09 10:00:00,0.072806358550775,0.072806358550775
2024-09-09 11:00:00,0.298506655339612,0.298506655339612
2024-09-09 12:00:00,0.5563806415669881,0.5563806415669881
2024-09-09 13:00:00,1.0437595053794178,1.0437595053794178
2024-09-09 14:00:00,1.2365099653585088,1.2365099653585088
2024-09-09 15:00:00,1.8236412504650887,1.8236412504650887
2024-09-09 16:00:00,1.8671283097675389,1.8671283097675389
2024-09-09 17:00:00,2.591998490569119,2.591998490569119
2024-09-09 18:00:00,2.4456419576441846,2.4456419576441846
2024-09-09 19:00:00,2.1660410366451774,2.1660410366451774
2024-09-09 20:00:00,2.0021418155030215,2.0021418155030215
2024-09-09 21:00:00,2.200739145771983,2.200739145771983
2024-09-09 22:00:00,0.0,0.0
2024-09-09 23:00:00,0.0,0.0
2024-09-10 00:00:00,0.0,0.0
2024-09-10 01:00:00,0.0,0.0
2024-09-10 02:00:00,0.0,0.0
2024-09-10 03:00:00,0.0,0.0
2024-09-10 04:00:00,0.0,0.0
2024-09-10 05:00:00,0.0,0.0
2024-09-10 06:00:00,0.0,0.0
2024-09-10 07:00:00,0.0,0.0
2024-09-10 08:00:00,0.0,0.0
2024-09-10 09:00:00,0.0,0.0
2024-09-10 10:00:00,0.08026993079653093,0.08026993079653093
2024-09-10 11:00:00,0.26402576957295837,0.26402576957295837
2024-09-10 12:00:00,0.5347621107192627,0.5347621107192627
2024-09-10 13:00:00,0.9825158612423623,0.9825158612423623
2024-09-10 14:00:00,1.0735290397140351,1.0735290397140351
2024-09-10 15:00:00,1.4331271610801173,1.4331271610801173
2024-09-10 16:00:00,1.8618459151766609,1.8618459151766609
2024-09-10 17:00:00,2.3223905968493526,2.3223905968493526
2024-09-10 18:00:00,2.1343239918777877,2.1343239918777877
2024-09-10 19:00:00,2.162658684004439,2.162658684004439
2024-09-10 20:00:00,2.474351152826275,2.474351152826275
2024-09-10 21:00:00,1.9247004599545747,1.9247004599545747
2024-09-10 22:00:00,0.0,0.0
2024-09-10 23:00:00,0.0,0.0
2024-09-11 00:00:00,0.0,0.0
2024-09-11 01:00:00,0.0,0.0
2024-09-11 02:00:00,0.0,0.0
2024-09-11 03:00:00,0.0,0.0
2024-09-11 04:00:00,0.0,0.0
2024-09-11 05:00:00,0.0,0.0
2024-09-11 06:00:00,0.0,0.0
2024-09-11 07:00:00,0.0,0.0
2024-09-11 08:00:00,0.0,0.0
2024-09-11 09:00:00,0.0,0.0
2024-09-11 10:00:00,0.07052152012002852,0.07052152012002852
2024-09-11 11:00:00,0.28958671243494116,0.28958671243494116
2024-09-11 12:00:00,0.5728359711409875,0.5728359711409875
2024-09-11 13:00:00,1.0348423527044284,1.0348423527044284
2024-09-11 14:00:00,1.3695244456988214,1.3695244456988214
2024-09-11 15:00:00,1.6504741788115518,1.6504741788115518
2024-09-11 16:00:00,2.18836299925514,2.18836299925514
2024-09-11 17:00:00,2.607771949444057,2.607771949444057
2024-09-11 18:00:00,2.0968988156940003,2.0968988156940003
2024-09-11 19:00:00,1.7979885248106175,1.7979885248106175
2024-09-11 20:00:00,2.1264932011390303,2.1264932011390303
2024-09-11 21:00:00,1.740524202108028,1.740524202108028
2024-09-11 22:00:00,0.0,0.0
2024-09-11 23:00:00,0.0,0.0
2024-09-12 00:00:00,0.0,0.0
2024-09-12 01:00:00,0.0,0.0
2024-09-12 02:00:00,0.0,0.0
2024-09-12 03:00:00,0.0,0.0
2024-09-12 04:00:00,0.0,0.0
2024-09-12 05:00:00,0.0,0.0
2024-09-12 06:00:00,0.0,0.0
2024-09-12 07:00:00,0.0,0.0
2024-09-12 08:00:00,0.0,0.0
2024-09-12 09:00:00,0.0,0.0
2024-09-12 10:00:00,0.06637129161397948,0.06637129161397948
2024-09-12 11:00:00,0.2443189765247567,0.2443189765247567
2024-09-12 12:00:00,0.6456243178112918,0.6456243178112918
2024-09-12 13:00:00,0.8399662263858625,0.8399662263858625
2024-09-12 14:00:00,1.058901449066317,1.058901449066317
2024-09-12 15:00:00,1.6206441963691895,1.6206441963691895
2024-09-12 16:00:00,2.2787757544620315,2.2787757544620315
2024-09-12 17:00:00,2.298122464813422,2.298122464813422
2024-09-12 18:00:00,1.9785259507917592,1.9785259507917592
2024-09-12 19:00:00,2.0407411748826805,2.0407411748826805
2024-09-12 20:00:00,2.38468725810117,2.38468725810117
2024-09-12 21:00:00,2.1733188298572705,2.1733188298572705
2024-09-12 22:00:00,0.0,0.0
2024-09-12 23:00:00,0.0,0.0
2024-09-13 00:00:00,0.0,0.0
2024-09-13 01:00:00,0.0,0.0
2024-09-13 02:00:00,0.0,0.0
2024-09-13 03:00:00,0.0,0.0
2024-09-13 04:00:00,0.0,0.0
2024-09-13 05:00:00,0.0,0.0
2024-09-13 06:00:00,0.0,0.0
2024-09-13 07:00:00,0.0,0.0
2024-09-13 08:00:00,0.0,0.0
2024-09-13 09:00:00,0.0,0.0
2024-09-13 10:00:00,0.08480925868959432,0.08480925868959432
2024-09-13 11:00:00,0.24132133882917453,0.24132133882917453
2024-09-13 12:00:00,0.6955304603032005,0.6955304603032005
2024-09-13 13:00:00,0.9312847772943749,0.9312847772943749
2024-09-13 14:00:00,1.1896661989143003,1.1896661989143003
2024-09-13 15:00:00,1.8318397812800509,1.8318397812800509
2024-09-13 16:00:00,2.0597050638167014,2.0597050638167014
2024-09-13 17:00:00,2.146326836665611,2.146326836665611
2024-09-13 18:00:00,2.4062153916161795,2.4062153916161795
2024-09-13 19:00:00,1.9262270681579143,1.9262270681579143
2024-09-13 20:00:00,2.160368261378914,2.160368261378914
2024-09-13 21:00:00,1.833981603602055,1.833981603602055
2024-09-13 22:00:00,0.0,0.0
2024-09-13 23:00:00,0.0,0.0
2024-09-14 00:00:00,0.0,0.0
2024-09-14 01:00:00,0.0,0.0
2024-09-14 02:00:00,0.0,0.0
2024-09-14 03:00:00,0.0,0.0
2024-09-14 04:00:00,0.0,0.0
2024-09-14 05:00:00,0.0,0.0
2024-09-14 06:00:00,0.0,0.0
2024-09-14 07:00:00,0.0,0.0
2024-09-14 08:00:00,0.0,0.0
2024-09-14 09:00:00,0.0,0.0
2024-09-14 10:00:00,0.05991411389819856,0.05991411389819856
2024-09-14 11:00:00,0.18497121578895334,0.18497121578895334
2024-09-14 12:00:00,0.5137455402135575,0.5137455402135575
2024-09-14 13:00:00,0.6334386640110343,0.6334386640110343
2024-09-14 14:00:00,0.8748348035350934,0.8748348035350934
2024-09-14 15:00:00,1.355916784279527,1.355916784279527
2024-09-14 16:00:00,1.512698016488808,1.512698016488808
2024-09-14 17:00:00,1.8842038156288599,1.8842038156288599
2024-09-14 18:00:00,1.9064551717784803,1.9064551717784803
2024-09-14 19:00:00,1.6227747419452336,1.6227747419452336
2024-09-14 20:00:00,1.6687732129649033,1.6687732129649033
2024-09-14 21:00:00,1.3609103702832956,1.3609103702832956
2024-09-14 22:00:00,0.0,0.0
2024-09-14 23:00:00,0.0,0.0
2024-09-15 00:00:00,0.0,0.0
2024-09-15 01:00:00,0.0,0.0
2024-09-15 02:00:00,0.0,0.0
2024-09-15 03:00:00,0.0,0.0
2024-09-15 04:00:00,0.0,0.0
2024-09-15 05:00:00,0.0,0.0
2024-09-15 06:00:00,0.0,0.0
2024-09-15 07:00:00,0.0,0.0
2024-09-15 08:00:00,0.0,0.0
2024-09-15 09:00:00,0.0,0.0
2024-09-15 10:00:00,0.06509925319497543,0.06509925319497543
2024-09-15 11:00:00,0.23065337836684932,0.23065337836684932
2024-09-15 12:00:00,0.4478669172949733,0.4478669172949733
2024-09-15 13:00:00,0.8067717529733378,0.8067717529733378
2024-09-15 14:00:00,0.8454470132877905,0.8454470132877905
2024-09-15 15:00:00,1.4056203325030074,1.4056203325030074
2024-09-15 16:00:00,1.890825980638238,1.890825980638238
2024-09-15 17:00:00,2.0723700658131547,2.0723700658131547
2024-09-15 18:00:00,1.5123476198197772,1.5123476198197772
2024-09-15 19:00:00,1.7871769783513873,1.7871769783513873
2024-09-15 20:00:00,1.5969524143006881,1.5969524143006881
2024-09-15 21:00:00,1.6070813303416334,1.6070813303416334
2024-09-15 22:00:00,0.0,0.0
2024-09-15 23:00:00,0.0,0.0
2024-09-16 00:00:00,0.0,0.0
2024-09-16 01:00:00,0.0,0.0
2024-09-16 02:00:00,0.0,0.0
2024-09-16 03:00:00,0.0,0.0
2024-09-16 04:00:00,0.0,0.0
2024-09-16 05:00:00,0.0,0.0
2024-09-16 06:00:00,0.0,0.0
2024-09-16 07:00:00,0.0,0.0
2024-09-16 08:00:00,0.0,0.0
2024-09-16 09:00:00,0.0,0.0
2024-09-16 10:00:00,0.09063775005133633,0.09063775005133633
2024-09-16 11:00:00,0.24609180064058098,0.24609180064058098
2024-09-16 12:00:00,0.7735830366382755,0.7735830366382755
2024-09-16 13:00:00,1.1157115359634486,1.1157115359634486
2024-09-16 14:00:00,1.1776130751923295,1.1776130751923295
2024-09-16 15:00:00,2.0333938611606484,2.0333938611606484
2024-09-16 16:00:00,1.9522789906483853,1.9522789906483853
2024-09-16 17:00:00,2.4852004492446444,2.4852004492446444
2024-09-16 18:00:00,2.54061274344744,2.54061274344744
2024-09-16 19:00:00,2.0461451117084253,2.0461451117084253
2024-09-16 20:00:00,2.477162860812928,2.477162860812928
2024-09-16 21:00:00,2.3262731198352062,2.3262731198352062
2024-09-16 22:00:00,0.0,0.0
2024-09-16 23:00:00,0.0,0.0
2024-09-17 00:00:00,0.0,0.0
2024-09-17 01:00:00,0.0,0.0
2024-09-17 02:00:00,0.0,0.0
2024-09-17 03:00:00,0.0,0.0
2024-09-17 04:00:00,0.0,0.0
2024-09-17 05:00:00,0.0,0.0
2024-09-17 06:00:00,0.0,0.0
2024-09-17 07:00:00,0.0,0.0
2024-09-17 08:00:00,0.0,0.0
2024-09-17 09:00:00,0.0,0.0
2024-09-17 10:00:00,0.08047589470203148,0.08047589470203148
2024-09-17 11:00:00,0.26823345092175316,0.26823345092175316
2024-09-17 12:00:00,0.7719275964084555,0.7719275964084555
2024-09-17 13:00:00,1.1019965944454082,1.1019965944454082
2024-09-17 14:00:00,1.4679481410513724,1.4679481410513724
2024-09-17 15:00:00,2.173738823661659,2.173738823661659
2024-09-17 16:00:00,2.4282005208207944,2.4282005208207944
2024-09-17 17:00:00,2.84437871834389,2.84437871834389
2024-09-17 18:00:00,2.3515364706452906,2.3515364706452906
2024-09-17 19:00:00,2.1132766725788086,2.1132766725788086
2024-09-17 20:00:00,2.2294735832477786,2.2294735832477786
2024-09-17 21:00:00,2.2226910027393036,2.2226910027393036
2024-09-17 22:00:00,0.0,0.0
2024-09-17 23:00:00,0.0,0.0
2024-09-18 00:00:00,0.0,0.0
2024-09-18 01:00:00,0.0,0.0
2024-09-18 02:00:00,0.0,0.0
2024-09-18 03:00:00,0.0,0.0
2024-09-18 04:00:00,0.0,0.0
2024-09-18 05:00:00,0.0,0.0
2024-09-18 06:00:00,0.0,0.0
2024-09-18 07:00:00,0.0,0.0
2024-09-18 08:00:00,0.0,0.0
2024-09-18 09:00:00,0.0,0.0
2024-09-18 10:00:00,0.0821349041511134,0.0821349041511134
2024-09-18 11:00:00,0.2592384326230241,0.2592384326230241
2024-09-18 12:00:00,0.657649940082278,0.657649940082278
2024-09-18 13:00:00,0.8740661124599245,0.8740661124599245
2024-09-18 14:00:00,1.1022839221481568,1.1022839221481568
2024-09-18 15:00:00,1.8357872779910407,1.8357872779910407
2024-09-18 16:00:00,2.4071750806292007,2.4071750806292007
2024-09-18 17:00:00,2.737015665973723,2.737015665973723
2024-09-18 18:00:00,2.1242549279917333,2.1242549279917333
2024-09-18 19:00:00,1.9764433370489436,1.9764433370489436
2024-09-18 20:00:00,2.119410209559237,2.119410209559237
2024-09-18 21:00:00,1.86364629611976,1.86364629611976
2024-09-18 22:00:00,0.0,0.0
2024-09-18 23:00:00,0.0,0.0
2024-09-19 00:00:00,0.0,0.0
2024-09-19 01:00:00,0.0,0.0
2024-09-19 02:00:00,0.0,0.0
2024-09-19 03:00:00,0.0,0.0
2024-09-19 04:00:00,0.0,0.0
2024-09-19 05:00:00,0.0,0.0
2024-09-19 06:00:00,0.0,0.0
2024-09-19 07:00:00,0.0,0.0
2024-09-19 08:00:00,0.0,0.0
2024-09-19 09:00:00,0.0,0.0
2024-09-19 10:00:00,0.08642624782865889,0.08642624782865889
2024-09-19 11:00:00,0.250952281787675,0.250952281787675
2024-09-19 12:00:00,0.720846925818208,0.720846925818208
2024-09-19 13:00:00,0.9610721585574741,0.9610721585574741
2024-09-19 14:00:00,1.195254934291342,1.195254934291342
2024-09-19 15:00:00,1.7859096857627688,1.7859096857627688
2024-09-19 16:00:00,2.416680495157565,2.416680495157565
2024-09-19 17:00:00,2.5917287499316632,2.5917287499316632
2024-09-19 18:00:00,2.194863760524695,2.194863760524695
2024-09-19 19:00:00,2.4606681026806476,2.4606681026806476
2024-09-19 20:00:00,2.1333668411446056,2.1333668411446056
2024-09-19 21:00:00,2.3437953426302016,2.3437953426302016
2024-09-19 22:00:00,0.0,0.0
2024-09-19 23:00:00,0.0,0.0
2024-09-20 00:00:00,0.0,0.0
2024-09-20 01:00:00,0.0,0.0
2024-09-20 02:00:00,0.0,0.0
2024-09-20 03:00:00,0.0,0.0
2024-09-20 04:00:00,0.0,0.0
2024-09-20 05:00:00,0.0,0.0
2024-09-20 06:00:00,0.0,0.0
2024-09-20 07:00:00,0.0,0.0
2024-09-20 08:00:00,0.0,0.0
2024-09-20 09:00:00,0.0,0.0
2024-09-20 10:00:00,0.08212841864446041,0.08212841864446041
2024-09-20 11:00:00,0.25129447440712527,0.25129447440712527
2024-09-20 12:00:00,0.596687465668685,0.596687465668685
2024-09-20 13:00:00,0.7718045293480408,0.7718045293480408
2024-09-20 14:00:00,1.1387493247716927,1.1387493247716927
2024-09-20 15:00:00,1.409620641887626,1.409620641887626
2024-09-20 16:00:00,2.0365725192754773,2.0365725192754773
2024-09-20 17:00:00,2.213964214598428,2.213964214598428
2024-09-20 18:00:00,2.2688651397822,2.2688651397822
2024-09-20 19:00:00,1.8557770239618343,1.8557770239618343
2024-09-20 20:00:00,2.108903032828268,2.108903032828268
2024-09-20 21:00:00,2.1923614450871014,2.1923614450871014
2024-09-20 22:00:00,0.0,0.0
2024-09-20 23:00:00,0.0,0.0
2024-09-21 00:00:00,0.0,0.0
2024-09-21 01:00:00,0.0,0.0
2024-09-21 02:00:00,0.0,0.0
2024-09-21 03:00:00,0.0,0.0
2024-09-21 04:00:00,0.0,0.0
2024-09-21 05:00:00,0.0,0.0
2024-09-21 06:00:00,0.0,0.0
2024-09-21 07:00:00,0.0,0.0
2024-09-21 08:00:00,0.0,0.0
2024-09-21 09:00:00,0.0,0.0
2024-09-21 10:00:00,0.051194769334722404,0.051194769334722404
2024-09-21 11:00:00,0.20223420158255592,0.20223420158255592
2024-09-21 12:00:00,0.5172374630881519,0.5172374630881519
2024-09-21 13:00:00,0.7272595982776302,0.7272595982776302
2024-09-21 14:00:00,1.0118151497759833,1.0118151497759833
2024-09-21 15:00:00,1.0743194005804149,1.0743194005804149
2024-09-21 16:00:00,1.7584530503265907,1.7584530503265907
2024-09-21 17:00:00,1.7326803724011706,1.7326803724011706
2024-09-21 18:00:00,1.549110948024564,1.549110948024564
2024-09-21 19:00:00,1.6445091720153142,1.6445091720153142
2024-09-21 20:00:00,1.6324852222612987,1.6324852222612987
2024-09-21 21:00:00,1.679627660966062,1.679627660966062
2024-09-21 22:00:00,0.0,0.0
2024-09-21 23:00:00,0.0,0.0
2024-09-22 00:00:00,0.0,0.0
2024-09-22 01:00:00,0.0,0.0
2024-09-22 02:00:00,0.0,0.0
2024-09-22 03:00:00,0.0,0.0
2024-09-22 04:00:00,0.0,0.0
2024-09-22 05:00:00,0.0,0.0
2024-09-22 06:00:00,0.0,0.0
2024-09-22 07:00:00,0.0,0.0
2024-09-22 08:00:00,0.0,0.0
2024-09-22 09:00:00,0.0,0.0
2024-09-22 10:00:00,0.04873642643637892,0.04873642643637892
2024-09-22 11:00:00,0.19989058242324698,0.19989058242324698
2024-09-22 12:00:00,0.4685336654612871,0.4685336654612871
2024-09-22 13:00:00,0.665863269573649,0.665863269573649
2024-09-22 14:00:00,0.9547990715608065,0.9547990715608065
2024-09-22 15:00:00,1.1675863468212397,1.1675863468212397
2024-09-22 16:00:00,1.6878216300692515,1.6878216300692515
2024-09-22 17:00:00,1.9443881310222364,1.9443881310222364
2024-09-22 18:00:00,1.6561147033143016,1.6561147033143016
2024-09-22 19:00:00,1.7652838178951857,1.7652838178951857
2024-09-22 20:00:00,1.6887552727101864,1.6887552727101864
2024-09-22 21:00:00,1.5608022540501028,1.5608022540501028
2024-09-22 22:00:00,0.0,0.0
2024-09-22 23:00:00,0.0,0.0
2024-09-23 00:00:00,0.0,0.0
2024-09-23 01:00:00,0.0,0.0
2024-09-23 02:00:00,0.0,0.0
2024-09-23 03:00:00,0.0,0.0
2024-09-23 04:00:00,0.0,0.0
2024-09-23 05:00:00,0.0,0.0
2024-09-23 06:00:00,0.0,0.0
2024-09-23 07:00:00,0.0,0.0
2024-09-23 08:00:00,0.0,0.0
2024-09-23 09:00:00,0.0,0.0
2024-09-23 10:00:00,0.0708173246255614,0.0708173246255614
2024-09-23 11:00:00,0.2270462712346163,0.2270462712346163
2024-09-23 12:00:00,0.6411406976427387,0.6411406976427387
2024-09-23 13:00:00,0.9163502508839797,0.9163502508839797
2024-09-23 14:00:00,1.2780933848347642,1.2780933848347642
2024-09-23 15:00:00,1.422961546052195,1.422961546052195
2024-09-23 16:00:00,2.1668581912564937,2.1668581912564937
2024-09-23 17:00:00,2.1147354787353456,2.1147354787353456
2024-09-23 18:00:00,2.07841247255869,2.07841247255869
2024-09-23 19:00:00,2.2976640176934326,2.2976640176934326
2024-09-23 20:00:00,2.312356316123754,2.312356316123754
2024-09-23 21:00:00,1.9134683537032444,1.9134683537032444
2024-09-23 22:00:00,0.0,0.0
2024-09-23 23:00:00,0.0,0.0
2024-09-24 00:00:00,0.0,0.0
2024-09-24 01:00:00,0.0,0.0
2024-09-24 02:00:00,0.0,0.0
2024-09-24 03:00:00,0.0,0.0
2024-09-24 04:00:00,0.0,0.0
2024-09-24 05:00:00,0.0,0.0
2024-09-24 06:00:00,0.0,0.0
2024-09-24 07:00:00,0.0,0.0
2024-09-24 08:00:00,0.0,0.0
2024-09-24 09:00:00,0.0,0.0
2024-09-24 10:00:00,0.06692872947752249,0.06692872947752249
2024-09-24 11:00:00,0.2768034572364636,0.2768034572364636
2024-09-24 12:00:00,0.6504153937842296,0.6504153937842296
2024-09-24 13:00:00,0.7581549464806047,0.7581549464806047
2024-09-24 14:00:00,1.1441098256049742,1.1441098256049742
2024-09-24 15:00:00,1.7353434106241612,1.7353434106241612
2024-09-24 16:00:00,1.775889386204085,1.775889386204085
2024-09-24 17:00:00,1.9878070000332693,1.9878070000332693
2024-09-24 18:00:00,2.1406144617850162,2.1406144617850162
2024-09-24 19:00:00,1.8624114908121971,1.8624114908121971
2024-09-24 20:00:00,2.2466668517440853,2.2466668517440853
2024-09-24 21:00:00,1.8641989594776078,1.8641989594776078
2024-09-24 22:00:00,0.0,0.0
2024-09-24 23:00:00,0.0,0.0
2024-09-25 00:00:00,0.0,0.0
2024-09-25 01:00:00,0.0,0.0
2024-09-25 02:00:00,0.0,0.0
2024-09-25 03:00:00,0.0,0.0
2024-09-25 04:00:00,0.0,0.0
2024-09-25 05:00:00,0.0,0.0
2024-09-25 06:00:00,0.0,0.0
2024-09-25 07:00:00,0.0,0.0
2024-09-25 08:00:00,0.0,0.0
2024-09-25 09:00:00,0.0,0.0
2024-09-25 10:00:00,0.09135562700334116,0.09135562700334116
2024-09-25 11:00:00,0.3198184684171803,0.3198184684171803
2024-09-25 12:00:00,0.7054577170368956,0.7054577170368956
2024-09-25 13:00:00,1.0547853682546564,1.0547853682546564
2024-09-25 14:00:00,1.5235790304903816,1.5235790304903816
2024-09-25 15:00:00,1.5938452538196346,1.5938452538196346
2024-09-25 16:00:00,2.4742962462043145,2.4742962462043145
2024-09-25 17:00:00,2.4353376344723787,2.4353376344723787
2024-09-25 18:00:00,2.5770149787832826,2.5770149787832826
2024-09-25 19:00:00,1.9559249257701987,1.9559249257701987
2024-09-25 20:00:00,2.145412144526549,2.145412144526549
2024-09-25 21:00:00,2.271501900592676,2.271501900592676
2024-09-25 22:00:00,0.0,0.0
2024-09-25 23:00:00,0.0,0.0
2024-09-26 00:00:00,0.0,0.0
2024-09-26 01:00:00,0.0,0.0
2024-09-26 02:00:00,0.0,0.0
2024-09-26 03:00:00,0.0,0.0
2024-09-26 04:00:00,0.0,0.0
2024-09-26 05:00:00,0.0,0.0
2024-09-26 06:00:00,0.0,0.0
2024-09-26 07:00:00,0.0,0.0
2024-09-26 08:00:00,0.0,0.0
2024-09-26 09:00:00,0.0,0.0
2024-09-26 10:00:00,0.0822062213428229,0.0822062213428229
2024-09-26 11:00:00,0.28195183395444146,0.28195183395444146
2024-09-26 12:00:00,0.6942164184698667,0.6942164184698667
2024-09-26 13:00:00,0.8213060670349259,0.8213060670349259
2024-09-26 14:00:00,1.2453372292445968,1.2453372292445968
2024-09-26 15:00:00,1.4696955431437297,1.4696955431437297
2024-09-26 16:00:00,1.950905300408566,1.950905300408566
2024-09-26 17:00:00,2.334252438616945,2.334252438616945
2024-09-26 18:00:00,2.2214572172789966,2.2214572172789966
2024-09-26 19:00:00,2.3827257225508522,2.3827257225508522
2024-09-26 20:00:00,2.472958741310096,2.472958741310096
2024-09-26 21:00:00,1.8316560605171697,1.8316560605171697
2024-09-26 22:00:00,0.0,0.0
2024-09-26 23:00:00,0.0,0.0
2024-09-27 00:00:00,0.0,0.0
2024-09-27 01:00:00,0.0,0.0
2024-09-27 02:00:00,0.0,0.0
2024-09-27 03:00:00,0.0,0.0
2024-09-27 04:00:00,0.0,0.0
2024-09-27 05:00:00,0.0,0.0
2024-09-27 06:00:00,0.0,0.0
2024-09-27 07:00:00,0.0,0.0
2024-09-27 08:00:00,0.0,0.0
2024-09-27 09:00:00,0.0,0.0
2024-09-27 10:00:00,0.08598632232686391,0.08598632232686391
2024-09-27 11:00:00,0.30168545115967244,0.30168545115967244
2024-09-27 12:00:00,0.7999651967792787,0.7999651967792787
2024-09-27 13:00:00,1.1347482979798584,1.1347482979798584
2024-09-27 14:00:00,1.2805070228046962,1.2805070228046962
2024-09-27 15:00:00,1.9143113756795653,1.9143113756795653
2024-09-27 16:00:00,2.241535327836944,2.241535327836944
2024-09-27 17:00:00,2.952591298094914,2.952591298094914
2024-09-27 18:00:00,2.933085109082299,2.933085109082299
2024-09-27 19:00:00,2.7733309565362174,2.7733309565362174
2024-09-27 20:00:00,2.3077434556781142,2.3077434556781142
2024-09-27 21:00:00,2.425801998286534,2.425801998286534
2024-09-27 22:00:00,0.0,0.0
2024-09-27 23:00:00,0.0,0.0
2024-09-28 00:00:00,0.0,0.0
2024-09-28 01:00:00,0.0,0.0
2024-09-28 02:00:00,0.0,0.0
2024-09-28 03:00:00,0.0,0.0
2024-09-28 04:00:00,0.0,0.0
2024-09-28 05:00:00,0.0,0.0
2024-09-28 06:00:00,0.0,0.0
2024-09-28 07:00:00,0.0,0.0
2024-09-28 08:00:00,0.0,0.0
2024-09-28 09:00:00,0.0,0.0
2024-09-28 10:00:00,0.06056270419801039,0.06056270419801039
2024-09-28 11:00:00,0.1866176438903164,0.1866176438903164
2024-09-28 12:00:00,0.4682995174493093,0.4682995174493093
2024-09-28 13:00:00,0.6576219738233768,0.6576219738233768
2024-09-28 14:00:00,0.8703526227399477,0.8703526227399477
2024-09-28 15:00:00,1.3473318224724162,1.3473318224724162
2024-09-28 16:00:00,1.6419617702177705,1.6419617702177705
2024-09-28 17:00:00,1.8703140731362524,1.8703140731362524
2024-09-28 18:00:00,1.7641402552698016,1.7641402552698016
2024-09-28 19:00:00,1.7619891102068381,1.7619891102068381
2024-09-28 20:00:00,1.7670033640761493,1.7670033640761493
2024-09-28 21:00:00,1.574534332014398,1.574534332014398
2024-09-28 22:00:00,0.0,0.0
2024-09-28 23:00:00,0.0,0.0
2024-09-29 00:00:00,0.0,0.0
2024-09-29 01:00:00,0.0,0.0
2024-09-29 02:00:00,0.0,0.0
2024-09-29 03:00:00,0.0,0.0
2024-09-29 04:00:00,0.0,0.0
2024-09-29 05:00:00,0.0,0.0
2024-09-29 06:00:00,0.0,0.0
2024-09-29 07:00:00,0.0,0.0
2024-09-29 08:00:00,0.0,0.0
2024-09-29 09:00:00,0.0,0.0
2024-09-29 10:00:00,0.05988047248153292,0.05988047248153292
2024-09-29 11:00:00,0.22578644155044192,0.22578644155044192
2024-09-29 12:00:00,0.48749286794672325,0.48749286794672325
2024-09-29 13:00:00,0.6745412920309312,0.6745412920309312
2024-09-29 14:00:00,0.890147115515852,0.890147115515852
2024-09-29 15:00:00,1.1256463072618992,1.1256463072618992
2024-09-29 16:00:00,1.6189255077866396,1.6189255077866396
2024-09-29 17:00:00,1.9365996617321972,1.9365996617321972
2024-09-29 18:00:00,1.4457324193911187,1.4457324193911187
2024-09-29 19:00:00,1.5268973098746927,1.5268973098746927
2024-09-29 20:00:00,1.8569026349773676,1.8569026349773676
2024-09-29 21:00:00,1.4274357878167099,1.4274357878167099
2024-09-29 22:00:00,0.0,0.0
2024-09-29 23:00:00,0.0,0.0
2024-09-30 00:00:00,0.0,0.0
2024-09-30 01:00:00,0.0,0.0
2024-09-30 02:00:00,0.0,0.0
2024-09-30 03:00:00,0.0,0.0
2024-09-30 04:00:00,0.0,0.0
2024-09-30 05:00:00,0.0,0.0
2024-09-30 06:00:00,0.0,0.0
2024-09-30 07:00:00,0.0,0.0
2024-09-30 08:00:00,0.0,0.0
2024-09-30 09:00:00,0.0,0.0
2024-09-30 10:00:00,0.07693646156077621,0.07693646156077621
2024-09-30 11:00:00,0.26077232180394894,0.26077232180394894
2024-09-30 12:00:00,0.5456978523128155,0.5456978523128155
2024-09-30 13:00:00,0.8202479982448676,0.8202479982448676
2024-09-30 14:00:00,1.3576518274340448,1.3576518274340448
2024-09-30 15:00:00,1.7113840186351237,1.7113840186351237
2024-09-30 16:00:00,1.9544119811117253,1.9544119811117253
2024-09-30 17:00:00,2.226256932725137,2.226256932725137
2024-09-30 18:00:00,2.4005294286057968,2.4005294286057968
2024-09-30 19:00:00,1.9347692488438317,1.9347692488438317
2024-09-30 20:00:00,1.9674747835946187,1.9674747835946187
2024-09-30 21:00:00,2.113268500141334,2.113268500141334
2024-09-30 22:00:00,0.0,0.0
2024-09-30 23:00:00,0.0,0.0
2024-10-01 00:00:00,0.0,0.0
2024-10-01 01:00:00,0.0,0.0
2024-10-01 02:00:00,0.0,0.0
2024-10-01 03:00:00,0.0,0.0
2024-10-01 04:00:00,0.0,0.0
2024-10-01 05:00:00,0.0,0.0
2024-10-01 06:00:00,0.0,0.0
2024-10-01 07:00:00,0.0,0.0
2024-10-01 08:00:00,0.0,0.0
2024-10-01 09:00:00,0.0,0.0
2024-10-01 10:00:00,0.08684550680493093,0.08684550680493093
2024-10-01 11:00:00,0.2483291050322794,0.2483291050322794
2024-10-01 12:00:00,0.7577953003345876,0.7577953003345876
2024-10-01 13:00:00,0.9855537779234633,0.9855537779234633
2024-10-01 14:00:00,1.1701518452849304,1.1701518452849304
2024-10-01 15:00:00,1.9118459505581702,1.9118459505581702
2024-10-01 16:00:00,1.92518393167627,1.92518393167627
2024-10-01 17:00:00,2.825338973593114,2.825338973593114
2024-10-01 18:00:00,2.5672134053571005,2.5672134053571005
2024-10-01 19:00:00,2.0702787338367012,2.0702787338367012
2024-10-01 20:00:00,2.403844278737701,2.403844278737701
2024-10-01 21:00:00,2.2759513534216653,2.2759513534216653
2024-10-01 22:00:00,0.0,0.0
2024-10-01 23:00:00,0.0,0.0
2024-10-02 00:00:00,0.0,0.0
2024-10-02 01:00:00,0.0,0.0
2024-10-02 02:00:00,0.0,0.0
2024-10-02 03:00:00,0.0,0.0
2024-10-02 04:00:00,0.0,0.0
2024-10-02 05:00:00,0.0,0.0
2024-10-02 06:00:00,0.0,0.0
2024-10-02 07:00:00,0.0,0.0
2024-10-02 08:00:00,0.0,0.0
2024-10-02 09:00:00,0.0,0.0
2024-10-02 10:00:00,0.06927433760624582,0.06927433760624582
2024-10-02 11:00:00,0.27888969597411173,0.27888969597411173
2024-10-02 12:00:00,0.6344739032584512,0.6344739032584512
2024-10-02 13:00:00,0.8282559502011279,0.8282559502011279
2024-10-02 14:00:00,1.3939783200758462,1.3939783200758462
2024-10-02 15:00:00,1.5025292834665025,1.5025292834665025
2024-10-02 16:00:00,2.2327156787290794,2.2327156787290794
2024-10-02 17:00:00,2.3099216649793863,2.3099216649793863
2024-10-02 18:00:00,2.461192649893661,2.461192649893661
2024-10-02 19:00:00,2.218475612631154,2.218475612631154
2024-10-02 20:00:00,2.235798985410335,2.235798985410335
2024-10-02 21:00:00,2.2634244163778185,2.2634244163778185
2024-10-02 22:00:00,0.0,0.0
2024-10-02 23:00:00,0.0,0.0
2024-10-03 00:00:00,0.0,0.0
2024-10-03 01:00:00,0.0,0.0
2024-10-03 02:00:00,0.0,0.0
2024-10-03 03:00:00,0.0,0.0
2024-10-03 04:00:00,0.0,0.0
2024-10-03 05:00:00,0.0,0.0
2024-10-03 06:00:00,0.0,0.0
2024-10-03 07:00:00,0.0,0.0
2024-10-03 08:00:00,0.0,0.0
2024-10-03 09:00:00,0.0,0.0
2024-10-03 10:00:00,0.08331951776057232,0.08331951776057232
2024-10-03 11:00:00,0.33912884511833097,0.33912884511833097
2024-10-03 12:00:00,0.6880663350752007,0.6880663350752007
2024-10-03 13:00:00,0.990177557112002,0.990177557112002
2024-10-03 14:00:00,1.283176645107953,1.283176645107953
2024-10-03 15:00:00,1.724689066897163,1.724689066897163
2024-10-03 16:00:00,2.536335147708085,2.536335147708085
2024-10-03 17:00:00,2.9134326709432616,2.9134326709432616
2024-10-03 18:00:00,2.5481116645462087,2.5481116645462087
2024-10-03 19:00:00,2.701272114327485,2.701272114327485
2024-10-03 20:00:00,2.7048338677695947,2.7048338677695947
2024-10-03 21:00:00,2.5430740555400897,2.5430740555400897
2024-10-03 22:00:00,0.0,0.0
2024-10-03 23:00:00,0.0,0.0
2024-10-04 00:00:00,0.0,0.0
2024-10-04 01:00:00,0.0,0.0
2024-10-04 02:00:00,0.0,0.0
2024-10-04 03:00:00,0.0,0.0
2024-10-04 04:00:00,0.0,0.0
2024-10-04 05:00:00,0.0,0.0
2024-10-04 06:00:00,0.0,0.0
2024-10-04 07:00:00,0.0,0.0
2024-10-04 08:00:00,0.0,0.0
2024-10-04 09:00:00,0.0,0.0
2024-10-04 10:00:00,0.09591603743383811,0.09591603743383811
2024-10-04 11:00:00,0.32884256632796727,0.32884256632796727
2024-10-04 12:00:00,0.673358000932869,0.673358000932869
2024-10-04 13:00:00,0.9596127389832007,0.9596127389832007
2024-10-04 14:00:00,1.339096596349605,1.339096596349605
2024-10-04 15:00:00,1.8726863375895595,1.8726863375895595
2024-10-04 16:00:00,2.0936824029081578,2.0936824029081578
2024-10-04 17:00:00,2.3147910405838004,2.3147910405838004
2024-10-04 18:00:00,2.161777474464338,2.161777474464338
2024-10-04 19:00:00,2.000107188117802,2.000107188117802
2024-10-04 20:00:00,2.373469563844961,2.373469563844961
2024-10-04 21:00:00,2.0860503143688,2.0860503143688
2024-10-04 22:00:00,0.0,0.0
2024-10-04 23:00:00,0.0,0.0
2024-10-05 00:00:00,0.0,0.0
2024-10-05 01:00:00,0.0,0.0
2024-10-05 02:00:00,0.0,0.0
2024-10-05 03:00:00,0.0,0.0
2024-10-05 04:00:00,0.0,0.0
2024-10-05 05:00:00,0.0,0.0
2024-10-05 06:00:00,0.0,0.0
2024-10-05 07:00:00,0.0,0.0
2024-10-05 08:00:00,0.0,0.0
2024-10-05 09:00:00,0.0,0.0
2024-10-05 10:00:00,0.05311248174046184,0.05311248174046184
2024-10-05 11:00:00,0.23475023964608788,0.23475023964608788
2024-10-05 12:00:00,0.4781016742182045,0.4781016742182045
2024-10-05 13:00:00,0.6323086647048668,0.6323086647048668
2024-10-05 14:00:00,0.8408377063738097,0.8408377063738097
2024-10-05 15:00:00,1.3143762281520377,1.3143762281520377
2024-10-05 16:00:00,1.6014834645323093,1.6014834645323093
2024-10-05 17:00:00,1.9415969498068784,1.9415969498068784
2024-10-05 18:00:00,1.553806475140565,1.553806475140565
2024-10-05 19:00:00,1.5209574540178894,1.5209574540178894
2024-10-05 20:00:00,1.7093777172385107,1.7093777172385107
2024-10-05 21:00:00,1.7317943351866558,1.7317943351866558
2024-10-05 22:00:00,0.0,0.0
2024-10-05 23:00:00,0.0,0.0
2024-10-06 00:00:00,0.0,0.0
2024-10-06 01:00:00,0.0,0.0
2024-10-06 02:00:00,0.0,0.0
2024-10-06 03:00:00,0.0,0.0
2024-10-06 04:00:00,0.0,0.0
2024-10-06 05:00:00,0.0,0.0
2024-10-06 06:00:00,0.0,0.0
2024-10-06 07:00:00,0.0,0.0
2024-10-06 08:00:00,0.0,0.0
2024-10-06 09:00:00,0.0,0.0
2024-10-06 10:00:00,0.059741373156975544,0.059741373156975544
2024-10-06 11:00:00,0.17411852799628613,0.17411852799628613
2024-10-06 12:00:00,0.42703601669372865,0.42703601669372865
2024-10-06 13:00:00,0.6916828230942496,0.6916828230942496
2024-10-06 14:00:00,0.9573335236829412,0.9573335236829412
2024-10-06 15:00:00,1.1467099848788898,1.1467099848788898
2024-10-06 16:00:00,1.4943521256008063,1.4943521256008063
2024-10-06 17:00:00,1.792188002101671,1.792188002101671
2024-10-06 18:00:00,1.7087148626647921,1.7087148626647921
2024-10-06 19:00:00,1.6175179911551252,1.6175179911551252
2024-10-06 20:00:00,1.4896121085664094,1.4896121085664094
2024-10-06 21:00:00,1.4585139806126124,1.4585139806126124
2024-10-06 22:00:00,0.0,0.0
2024-10-06 23:00:00,0.0,0.0
2024-10-07 00:00:00,0.0,0.0
2024-10-07 01:00:00,0.0,0.0
2024-10-07 02:00:00,0.0,0.0
2024-10-07 03:00:00,0.0,0.0
2024-10-07 04:00:00,0.0,0.0
2024-10-07 05:00:00,0.0,0.0
2024-10-07 06:00:00,0.0,0.0
2024-10-07 07:00:00,0.0,0.0
2024-10-07 08:00:00,0.0,0.0
2024-10-07 09:00:00,0.0,0.0
2024-10-07 10:00:00,0.09260053879616512,0.09260053879616512
2024-10-07 11:00:00,0.27558417562326837,0.27558417562326837
2024-10-07 12:00:00,0.7718702293717903,0.7718702293717903
2024-10-07 13:00:00,1.0231485706799914,1.0231485706799914
2024-10-07 14:00:00,1.5182071681018392,1.5182071681018392
2024-10-07 15:00:00,1.5993181174088444,1.5993181174088444
2024-10-07 16:00:00,2.2178857201249977,2.2178857201249977
2024-10-07 17:00:00,2.2921100368917515,2.2921100368917515
2024-10-07 18:00:00,2.3811956384745403,2.3811956384745403
2024-10-07 19:00:00,2.2743638205939543,2.2743638205939543
2024-10-07 20:00:00,2.306715536834182,2.306715536834182
2024-10-07 21:00:00,2.338464258661943,2.338464258661943
2024-10-07 22:00:00,0.0,0.0
2024-10-07 23:00:00,0.0,0.0
2024-10-08 00:00:00,0.0,0.0
2024-10-08 01:00:00,0.0,0.0
2024-10-08 02:00:00,0.0,0.0
2024-10-08 03:00:00,0.0,0.0
2024-10-08 04:00:00,0.0,0.0
2024-10-08 05:00:00,0.0,0.0
2024-10-08 06:00:00,0.0,0.0
2024-10-08 07:00:00,0.0,0.0
2024-10-08 08:00:00,0.0,0.0
2024-10-08 09:00:00,0.0,0.0
2024-10-08 10:00:00,0.10143237318198484,0.10143237318198484
2024-10-08 11:00:00,0.3466013187440006,0.3466013187440006
2024-10-08 12:00:00,0.7496797841736381,0.7496797841736381
2024-10-08 13:00:00,1.0241982700194534,1.0241982700194534
2024-10-08 14:00:00,1.4015050951425891,1.4015050951425891
2024-10-08 15:00:00,1.6887716001074051,1.6887716001074051
2024-10-08 16:00:00,2.1514326638074883,2.1514326638074883
2024-10-08 17:00:00,2.6066578679147505,2.6066578679147505
2024-10-08 18:00:00,2.842659108812958,2.842659108812958
2024-10-08 19:00:00,2.7330215430972284,2.7330215430972284
2024-10-08 20:00:00,2.302736668704454,2.302736668704454
2024-10-08 21:00:00,2.392282221081161,2.392282221081161
2024-10-08 22:00:00,0.0,0.0
2024-10-08 23:00:00,0.0,0.0
2024-10-09 00:00:00,0.0,0.0
2024-10-09 01:00:00,0.0,0.0
2024-10-09 02:00:00,0.0,0.0
2024-10-09 03:00:00,0.0,0.0
2024-10-09 04:00:00,0.0,0.0
2024-10-09 05:00:00,0.0,0.0
2024-10-09 06:00:00,0.0,0.0
2024-10-09 07:00:00,0.0,0.0
2024-10-09 08:00:00,0.0,0.0
2024-10-09 09:00:00,0.0,0.0
2024-10-09 10:00:00,0.07662864336404566,0.07662864336404566
2024-10-09 11:00:00,0.303279397104599,0.303279397104599
2024-10-09 12:00:00,0.6897304985128399,0.6897304985128399
2024-10-09 13:00:00,1.013820620288225,1.013820620288225
2024-10-09 14:00:00,1.097546829543602,1.097546829543602
2024-10-09 15:00:00,1.753105555179867,1.753105555179867
2024-10-09 16:00:00,2.476820734152346,2.476820734152346
2024-10-09 17:00:00,2.7045419548013436,2.7045419548013436
2024-10-09 18:00:00,2.559302455021955,2.559302455021955
2024-10-09 19:00:00,2.214399599994507,2.214399599994507
2024-10-09 20:00:00,2.5924242969198215,2.5924242969198215
2024-10-09 21:00:00,2.0782263784960904,2.0782263784960904
2024-10-09 22:00:00,0.0,0.0
2024-10-09 23:00:00,0.0,0.0
2024-10-10 00:00:00,0.0,0.0
2024-10-10 01:00:00,0.0,0.0
2024-10-10 02:00:00,0.0,0.0
2024-10-10 03:00:00,0.0,0.0
2024-10-10 04:00:00,0.0,0.0
2024-10-10 05:00:00,0.0,0.0
2024-10-10 06:00:00,0.0,0.0
2024-10-10 07:00:00,0.0,0.0
2024-10-10 08:00:00,0.0,0.0
2024-10-10 09:00:00,0.0,0.0
2024-10-10 10:00:00,0.09082543740062332,0.09082543740062332
2024-10-10 11:00:00,0.27564877287087175,0.27564877287087175
2024-10-10 12:00:00,0.7536307262443114,0.7536307262443114
2024-10-10 13:00:00,1.038949730341493,1.038949730341493
2024-10-10 14:00:00,1.3981062786757033,1.3981062786757033
2024-10-10 15:00:00,1.9207524611085145,1.9207524611085145
2024-10-10 16:00:00,2.501781523926989,2.501781523926989
2024-10-10 17:00:00,2.7344343227030175,2.7344343227030175
2024-10-10 18:00:00,2.3566288519124927,2.3566288519124927
2024-10-10 19:00:00,2.4843875831680293,2.4843875831680293
2024-10-10 20:00:00,2.507712181813266,2.507712181813266
2024-10-10 21:00:00,2.178248233257599,2.178248233257599
2024-10-10 22:00:00,0.0,0.0
2024-10-10 23:00:00,0.0,0.0
2024-10-11 00:00:00,0.0,0.0
2024-10-11 01:00:00,0.0,0.0
2024-10-11 02:00:00,0.0,0.0
2024-10-11 03:00:00,0.0,0.0
2024-10-11 04:00:00,0.0,0.0
2024-10-11 05:00:00,0.0,0.0
2024-10-11 06:00:00,0.0,0.0
2024-10-11 07:00:00,0.0,0.0
2024-10-11 08:00:00,0.0,0.0
2024-10-11 09:00:00,0.0,0.0
2024-10-11 10:00:00,0.07756778350708679,0.07756778350708679
2024-10-11 11:00:00,0.25703875254523495,0.25703875254523495
2024-10-11 12:00:00,0.6148213525661231,0.6148213525661231
2024-10-11 13:00:00,1.038585578321243,1.038585578321243
2024-10-11 14:00:00,1.4526461614827884,1.4526461614827884
2024-10-11 15:00:00,1.8406512031492106,1.8406512031492106
2024-10-11 16:00:00,2.2668874965879526,2.2668874965879526
2024-10-11 17:00:00,2.489381389672545,2.489381389672545
2024-10-11 18:00:00,2.0617989499472436,2.0617989499472436
2024-10-11 19:00:00,2.470756631732095,2.470756631732095
2024-10-11 20:00:00,2.3464713139356306,2.3464713139356306
2024-10-11 21:00:00,1.9615238637800745,1.9615238637800745
2024-10-11 22:00:00,0.0,0.0
2024-10-11 23:00:00,0.0,0.0
2024-10-12 00:00:00,0.0,0.0
2024-10-12 01:00:00,0.0,0.0
2024-10-12 02:00:00,0.0,0.0
2024-10-12 03:00:00,0.0,0.0
2024-10-12 04:00:00,0.0,0.0
2024-10-12 05:00:00,0.0,0.0
2024-10-12 06:00:00,0.0,0.0
2024-10-12 07:00:00,0.0,0.0
2024-10-12 08:00:00,0.0,0.0
2024-10-12 09:00:00,0.0,0.0
2024-10-12 10:00:00,0.0542485925605366,0.0542485925605366
2024-10-12 11:00:00,0.2065868936765456,0.2065868936765456
2024-10-12 12:00:00,0.4798343565723845,0.4798343565723845
2024-10-12 13:00:00,0.5579759613622096,0.5579759613622096
2024-10-12 14:00:00,0.9961242527371095,0.9961242527371095
2024-10-12 15:00:00,1.2562890025140776,1.2562890025140776
2024-10-12 16:00:00,1.3542131418047272,1.3542131418047272
2024-10-12 17:00:00,1.4319806888007767,1.4319806888007767
2024-10-12 18:00:00,1.3579553830431381,1.3579553830431381
2024-10-12 19:00:00,1.2950843508507104,1.2950843508507104
2024-10-12 20:00:00,1.5397105429385407,1.5397105429385407
2024-10-12 21:00:00,1.5873507634680186,1.5873507634680186
2024-10-12 22:00:00,0.0,0.0
2024-10-12 23:00:00,0.0,0.0
2024-10-13 00:00:00,0.0,0.0
2024-10-13 01:00:00,0.0,0.0
2024-10-13 02:00:00,0.0,0.0
2024-10-13 03:00:00,0.0,0.0
2024-10-13 04:00:00,0.0,0.0
2024-10-13 05:00:00,0.0,0.0
2024-10-13 06:00:00,0.0,0.0
2024-10-13 07:00:00,0.0,0.0
2024-10-13 08:00:00,0.0,0.0
2024-10-13 09:00:00,0.0,0.0
2024-10-13 10:00:00,0.04833158130199261,0.04833158130199261
2024-10-13 11:00:00,0.18508863354403782,0.18508863354403782
2024-10-13 12:00:00,0.3928983646653884,0.3928983646653884
2024-10-13 13:00:00,0.7247137053918424,0.7247137053918424
2024-10-13 14:00:00,0.892049135723058,0.892049135723058
2024-10-13 15:00:00,1.2876409685776382,1.2876409685776382
2024-10-13 16:00:00,1.5870557898772037,1.5870557898772037
2024-10-13 17:00:00,1.8948691207346873,1.8948691207346873
2024-10-13 18:00:00,1.5888694837749084,1.5888694837749084
2024-10-13 19:00:00,1.4811652541093956,1.4811652541093956
2024-10-13 20:00:00,1.556442058202128,1.556442058202128
2024-10-13 21:00:00,1.6548042415770707,1.6548042415770707
2024-10-13 22:00:00,0.0,0.0
2024-10-13 23:00:00,0.0,0.0
2024-10-14 00:00:00,0.0,0.0
2024-10-14 01:00:00,0.0,0.0
2024-10-14 02:00:00,0.0,0.0
2024-10-14 03:00:00,0.0,0.0
2024-10-14 04:00:00,0.0,0.0
2024-10-14 05:00:00,0.0,0.0
2024-10-14 06:00:00,0.0,0.0
2024-10-14 07:00:00,0.0,0.0
2024-10-14 08:00:00,0.0,0.0
2024-10-14 09:00:00,0.0,0.0
2024-10-14 10:00:00,0.06992749613991715,0.06992749613991715
2024-10-14 11:00:00,0.25198769242669233,0.25198769242669233
2024-10-14 12:00:00,0.5435735519387176,0.5435735519387176
2024-10-14 13:00:00,0.8953915379309081,0.8953915379309081
2024-10-14 14:00:00,1.2514118878271445,1.2514118878271445
2024-10-14 15:00:00,1.6158090601458133,1.6158090601458133
2024-10-14 16:00:00,2.2787577619115846,2.2787577619115846
2024-10-14 17:00:00,2.3728821448376443,2.3728821448376443
2024-10-14 18:00:00,2.285296582959953,2.285296582959953
2024-10-14 19:00:00,2.1548707094290545,2.1548707094290545
2024-10-14 20:00:00,1.9037460567086357,1.9037460567086357
2024-10-14 21:00:00,1.775791584603939,1.775791584603939
2024-10-14 22:00:00,0.0,0.0
2024-10-14 23:00:00,0.0,0.0
2024-10-15 00:00:00,0.0,0.0
2024-10-15 01:00:00,0.0,0.0
2024-10-15 02:00:00,0.0,0.0
2024-10-15 03:00:00,0.0,0.0
2024-10-15 04:00:00,0.0,0.0
2024-10-15 05:00:00,0.0,0.0
2024-10-15 06:00:00,0.0,0.0
2024-10-15 07:00:00,0.0,0.0
2024-10-15 08:00:00,0.0,0.0
2024-10-15 09:00:00,0.0,0.0
2024-10-15 10:00:00,0.08953200240651776,0.08953200240651776
2024-10-15 11:00:00,0.24292989734355022,0.24292989734355022
2024-10-15 12:00:00,0.6821910165509572,0.6821910165509572
2024-10-15 13:00:00,0.8743122642202735,0.8743122642202735
2024-10-15 14:00:00,1.4956969149597716,1.4956969149597716
2024-10-15 15:00:00,1.753213266686225,1.753213266686225
2024-10-15 16:00:00,2.1202081896258793,2.1202081896258793
2024-10-15 17:00:00,2.6706364554299213,2.6706364554299213
2024-10-15 18:00:00,2.5647360106213455,2.5647360106213455
2024-10-15 19:00:00,2.505156931842813,2.505156931842813
2024-10-15 20:00:00,2.394104100462868,2.394104100462868
2024-10-15 21:00:00,1.9366318195584442,1.9366318195584442
2024-10-15 22:00:00,0.0,0.0
2024-10-15 23:00:00,0.0,0.0
2024-10-16 00:00:00,0.0,0.0
2024-10-16 01:00:00,0.0,0.0
2024-10-16 02:00:00,0.0,0.0
2024-10-16 03:00:00,0.0,0.0
2024-10-16 04:00:00,0.0,0.0
2024-10-16 05:00:00,0.0,0.0
2024-10-16 06:00:00,0.0,0.0
2024-10-16 07:00:00,0.0,0.0
2024-10-16 08:00:00,0.0,0.0
2024-10-16 09:00:00,0.0,0.0
2024-10-16 10:00:00,0.06509643379604452,0.06509643379604452
2024-10-16 11:00:00,0.28998529625331904,0.28998529625331904
2024-10-16 12:00:00,0.5548891654764254,0.5548891654764254
2024-10-16 13:00:00,0.8669347871378446,0.8669347871378446
2024-10-16 14:00:00,1.3429293310465975,1.3429293310465975
2024-10-16 15:00:00,1.449187873684645,1.449187873684645
2024-10-16 16:00:00,2.2458604691622126,2.2458604691622126
2024-10-16 17:00:00,1.973876361763777,1.973876361763777
2024-10-16 18:00:00,1.9759259778423683,1.9759259778423683
2024-10-16 19:00:00,2.098518940549955,2.098518940549955
2024-10-16 20:00:00,2.2843547269242497,2.2843547269242497
2024-10-16 21:00:00,1.9067161900243204,1.9067161900243204
2024-10-16 22:00:00,0.0,0.0
2024-10-16 23:00:00,0.0,0.0
2024-10-17 00:00:00,0.0,0.0
2024-10-17 01:00:00,0.0,0.0
2024-10-17 02:00:00,0.0,0.0
2024-10-17 03:00:00,0.0,0.0
2024-10-17 04:00:00,0.0,0.0
2024-10-17 05:00:00,0.0,0.0
2024-10-17 06:00:00,0.0,0.0
2024-10-17 07:00:00,0.0,0.0
2024-10-17 08:00:00,0.0,0.0
2024-10-17 09:00:00,0.0,0.0
2024-10-17 10:00:00,0.08407739685435163,0.08407739685435163
2024-10-17 11:00:00,0.25544469374663586,0.25544469374663586
2024-10-17 12:00:00,0.648425252175444,0.648425252175444
2024-10-17 13:00:00,0.853202548956341,0.853202548956341
2024-10-17 14:00:00,1.3476585624337103,1.3476585624337103
2024-10-17 15:00:00,1.5349827593190237,1.5349827593190237
2024-10-17 16:00:00,2.178088027247462,2.178088027247462
2024-10-17 17:00:00,2.4919911114936064,2.4919911114936064
2024-10-17 18:00:00,2.581874680164221,2.581874680164221
2024-10-17 19:00:00,1.9549381346241295,1.9549381346241295
2024-10-17 20:00:00,2.6057206391566905,2.6057206391566905
2024-10-17 21:00:00,2.3520258272570036,2.3520258272570036
2024-10-17 22:00:00,0.0,0.0
2024-10-17 23:00:00,0.0,0.0
2024-10-18 00:00:00,0.0,0.0
2024-10-18 01:00:00,0.0,0.0
2024-10-18 02:00:00,0.0,0.0
2024-10-18 03:00:00,0.0,0.0
2024-10-18 04:00:00,0.0,0.0
2024-10-18 05:00:00,0.0,0.0
2024-10-18 06:00:00,0.0,0.0
2024-10-18 07:00:00,0.0,0.0
2024-10-18 08:00:00,0.0,0.0
2024-10-18 09:00:00,0.0,0.0
2024-10-18 10:00:00,0.0731752093643943,0.0731752093643943
2024-10-18 11:00:00,0.2853002636528489,0.2853002636528489
2024-10-18 12:00:00,0.5815828219176933,0.5815828219176933
2024-10-18 13:00:00,1.0386063883285759,1.0386063883285759
2024-10-18 14:00:00,1.3599129076013055,1.3599129076013055
2024-10-18 15:00:00,1.8691244568755156,1.8691244568755156
2024-10-18 16:00:00,2.3413535107656247,2.3413535107656247
2024-10-18 17:00:00,2.6017008426226806,2.6017008426226806
2024-10-18 18:00:00,2.417504791815907,2.417504791815907
2024-10-18 19:00:00,2.0392846498482773,2.0392846498482773
2024-10-18 20:00:00,2.6248628429065963,2.6248628429065963
2024-10-18 21:00:00,1.9732010187298337,1.9732010187298337
2024-10-18 22:00:00,0.0,0.0
2024-10-18 23:00:00,0.0,0.0
2024-10-19 00:00:00,0.0,0.0
2024-10-19 01:00:00,0.0,0.0
2024-10-19 02:00:00,0.0,0.0
2024-10-19 03:00:00,0.0,0.0
2024-10-19 04:00:00,0.0,0.0
2024-10-19 05:00:00,0.0,0.0
2024-10-19 06:00:00,0.0,0.0
2024-10-19 07:00:00,0.0,0.0
2024-10-19 08:00:00,0.0,0.0
2024-10-19 09:00:00,0.0,0.0
2024-10-19 10:00:00,0.0574666203571351,0.0574666203571351
2024-10-19 11:00:00,0.17687974781540305,0.17687974781540305
2024-10-19 12:00:00,0.48988521299680965,0.48988521299680965
2024-10-19 13:00:00,0.5611996071937669,0.5611996071937669
2024-10-19 14:00:00,0.7821100319904097,0.7821100319904097
2024-10-19 15:00:00,1.2258358547372596,1.2258358547372596
2024-10-19 16:00:00,1.628848748205956,1.628848748205956
2024-10-19 17:00:00,1.7999410647125016,1.7999410647125016
2024-10-19 18:00:00,1.3764842025803197,1.3764842025803197
2024-10-19 19:00:00,1.3312410859033843,1.3312410859033843
2024-10-19 20:00:00,1.7415721362007677,1.7415721362007677
2024-10-19 21:00:00,1.5328985158731294,1.5328985158731294
2024-10-19 22:00:00,0.0,0.0
2024-10-19 23:00:00,0.0,0.0
2024-10-20 00:00:00,0.0,0.0
2024-10-20 01:00:00,0.0,0.0
2024-10-20 02:00:00,0.0,0.0
2024-10-20 03:00:00,0.0,0.0
2024-10-20 04:00:00,0.0,0.0
2024-10-20 05:00:00,0.0,0.0
2024-10-20 06:00:00,0.0,0.0
2024-10-20 07:00:00,0.0,0.0
2024-10-20 08:00:00,0.0,0.0
2024-10-20 09:00:00,0.0,0.0
2024-10-20 10:00:00,0.04904068260585826,0.04904068260585826
2024-10-20 11:00:00,0.18543306994275333,0.18543306994275333
2024-10-20 12:00:00,0.5278324463389907,0.5278324463389907
2024-10-20 13:00:00,0.6268052936605729,0.6268052936605729
2024-10-20 14:00:00,0.7818458608401699,0.7818458608401699
2024-10-20 15:00:00,1.1868158851071375,1.1868158851071375
2024-10-20 16:00:00,1.7149451256404615,1.7149451256404615
2024-10-20 17:00:00,1.6141707509118886,1.6141707509118886
2024-10-20 18:00:00,1.7080940469011932,1.7080940469011932
2024-10-20 19:00:00,1.4187425581053985,1.4187425581053985
2024-10-20 20:00:00,1.8375675117205745,1.8375675117205745
2024-10-20 21:00:00,1.672214018641961,1.672214018641961
2024-10-20 22:00:00,0.0,0.0
2024-10-20 23:00:00,0.0,0.0
2024-10-21 00:00:00,0.0,0.0
2024-10-21 01:00:00,0.0,0.0
2024-10-21 02:00:00,0.0,0.0
2024-10-21 03:00:00,0.0,0.0
2024-10-21 04:00:00,0.0,0.0
2024-10-21 05:00:00,0.0,0.0
2024-10-21 06:00:00,0.0,0.0
2024-10-21 07:00:00,0.0,0.0
2024-10-21 08:00:00,0.0,0.0
2024-10-21 09:00:00,0.0,0.0
2024-10-21 10:00:00,0.09636152236724821,0.09636152236724821
2024-10-21 11:00:00,0.3316830672602739,0.3316830672602739
2024-10-21 12:00:00,0.7477751053993482,0.7477751053993482
2024-10-21 13:00:00,1.0987361330555019,1.0987361330555019
2024-10-21 14:00:00,1.4545751198120598,1.4545751198120598
2024-10-21 15:00:00,1.9791676201078534,1.9791676201078534
2024-10-21 16:00:00,2.2597113611054396,2.2597113611054396
2024-10-21 17:00:00,2.862034845159343,2.862034845159343
2024-10-21 18:00:00,2.440293406519796,2.440293406519796
2024-10-21 19:00:00,2.0003891219687477,2.0003891219687477
2024-10-21 20:00:00,2.3728315767187054,2.3728315767187054
2024-10-21 21:00:00,2.346542347778022,2.346542347778022
2024-10-21 22:00:00,0.0,0.0
2024-10-21 23:00:00,0.0,0.0
2024-10-22 00:00:00,0.0,0.0
2024-10-22 01:00:00,0.0,0.0
2024-10-22 02:00:00,0.0,0.0
2024-10-22 03:00:00,0.0,0.0
2024-10-22 04:00:00,0.0,0.0
2024-10-22 05:00:00,0.0,0.0
2024-10-22 06:00:00,0.0,0.0
2024-10-22 07:00:00,0.0,0.0
2024-10-22 08:00:00,0.0,0.0
2024-10-22 09:00:00,0.0,0.0
2024-10-22 10:00:00,0.07697997097428855,0.07697997097428855
2024-10-22 11:00:00,0.29144988814549905,0.29144988814549905
2024-10-22 12:00:00,0.6517060591925103,0.6517060591925103
2024-10-22 13:00:00,0.8342476784677694,0.8342476784677694
2024-10-22 14:00:00,1.413165795401197,1.413165795401197
2024-10-22 15:00:00,1.6990006087048597,1.6990006087048597
2024-10-22 16:00:00,2.066548218907205,2.066548218907205
2024-10-22 17:00:00,2.473549026163962,2.473549026163962
2024-10-22 18:00:00,2.0860200977357084,2.0860200977357084
2024-10-22 19:00:00,1.8764301700146788,1.8764301700146788
2024-10-22 20:00:00,2.0228187385569654,2.0228187385569654
2024-10-22 21:00:00,2.2433715340476867,2.2433715340476867
2024-10-22 22:00:00,0.0,0.0
2024-10-22 23:00:00,0.0,0.0
2024-10-23 00:00:00,0.0,0.0
2024-10-23 01:00:00,0.0,0.0
2024-10-23 02:00:00,0.0,0.0
2024-10-23 03:00:00,0.0,0.0
2024-10-23 04:00:00,0.0,0.0
2024-10-23 05:00:00,0.0,0.0
2024-10-23 06:00:00,0.0,0.0
2024-10-23 07:00:00,0.0,0.0
2024-10-23 08:00:00,0.0,0.0
2024-10-23 09:00:00,0.0,0.0
2024-10-23 10:00:00,0.09203357139842205,0.09203357139842205
2024-10-23 11:00:00,0.3523542147700309,0.3523542147700309
2024-10-23 12:00:00,0.8327380311810835,0.8327380311810835
2024-10-23 13:00:00,1.1868295660714308,1.1868295660714308
2024-10-23 14:00:00,1.2231306014339374,1.2231306014339374
2024-10-23 15:00:00,1.8694677296277977,1.8694677296277977
2024-10-23 16:00:00,2.718116451991277,2.718116451991277
2024-10-23 17:00:00,2.7294026711014006,2.7294026711014006
2024-10-23 18:00:00,2.169265659491449,2.169265659491449
2024-10-23 19:00:00,2.304191321539789,2.304191321539789
2024-10-23 20:00:00,2.659032003226755,2.659032003226755
2024-10-23 21:00:00,2.210585515486476,2.210585515486476
2024-10-23 22:00:00,0.0,0.0
2024-10-23 23:00:00,0.0,0.0
2024-10-24 00:00:00,0.0,0.0
2024-10-24 01:00:00,0.0,0.0
2024-10-24 02:00:00,0.0,0.0
2024-10-24 03:00:00,0.0,0.0
2024-10-24 04:00:00,0.0,0.0
2024-10-24 05:00:00,0.0,0.0
2024-10-24 06:00:00,0.0,0.0
2024-10-24 07:00:00,0.0,0.0
2024-10-24 08:00:00,0.0,0.0
2024-10-24 09:00:00,0.0,0.0
2024-10-24 10:00:00,0.09868517192337664,0.09868517192337664
2024-10-24 11:00:00,0.3155562179365278,0.3155562179365278
2024-10-24 12:00:00,0.6536453752721877,0.6536453752721877
2024-10-24 13:00:00,1.1174142772639695,1.1174142772639695
2024-10-24 14:00:00,1.3682610199705207,1.3682610199705207
2024-10-24 15:00:00,1.6976304283526098,1.6976304283526098
2024-10-24 16:00:00,2.206411609521838,2.206411609521838
2024-10-24 17:00:00,2.67569770154604,2.67569770154604
2024-10-24 18:00:00,2.8099699071992297,2.8099699071992297
2024-10-24 19:00:00,2.7413439340495276,2.7413439340495276
2024-10-24 20:00:00,2.3961594607478647,2.3961594607478647
2024-10-24 21:00:00,2.326245322186958,2.326245322186958
2024-10-24 22:00:00,0.0,0.0
2024-10-24 23:00:00,0.0,0.0
2024-10-25 00:00:00,0.0,0.0
2024-10-25 01:00:00,0.0,0.0
2024-10-25 02:00:00,0.0,0.0
2024-10-25 03:00:00,0.0,0.0
2024-10-25 04:00:00,0.0,0.0
2024-10-25 05:00:00,0.0,0.0
2024-10-25 06:00:00,0.0,0.0
2024-10-25 07:00:00,0.0,0.0
2024-10-25 08:00:00,0.0,0.0
2024-10-25 09:00:00,0.0,0.0
2024-10-25 10:00:00,0.08092000964925894,0.08092000964925894
2024-10-25 11:00:00,0.2912026652883172,0.2912026652883172
2024-10-25 12:00:00,0.6177970711018194,0.6177970711018194
2024-10-25 13:00:00,1.023692506968395,1.023692506968395
2024-10-25 14:00:00,1.2983826752673902,1.2983826752673902
2024-10-25 15:00:00,2.0615140608368194,2.0615140608368194
2024-10-25 16:00:00,2.3701165405416713,2.3701165405416713
2024-10-25 17:00:00,2.453715985185662,2.453715985185662
2024-10-25 18:00:00,2.3779655575761125,2.3779655575761125
2024-10-25 19:00:00,2.1391552330297134,2.1391552330297134
2024-10-25 20:00:00,2.3018332607796506,2.3018332607796506
2024-10-25 21:00:00,1.975092303797222,1.975092303797222
2024-10-25 22:00:00,0.0,0.0
2024-10-25 23:00:00,0.0,0.0
2024-10-26 00:00:00,0.0,0.0
2024-10-26 01:00:00,0.0,0.0
2024-10-26 02:00:00,0.0,0.0
2024-10-26 03:00:00,0.0,0.0
2024-10-26 04:00:00,0.0,0.0
2024-10-26 05:00:00,0.0,0.0
2024-10-26 06:00:00,0.0,0.0
2024-10-26 07:00:00,0.0,0.0
2024-10-26 08:00:00,0.0,0.0
2024-10-26 09:00:00,0.0,0.0
2024-10-26 10:00:00,0.04694476755744279,0.04694476755744279
2024-10-26 11:00:00,0.217355782445207,0.217355782445207
2024-10-26 12:00:00,0.43510927722177617,0.43510927722177617
2024-10-26 13:00:00,0.692258077279079,0.692258077279079
2024-10-26 14:00:00,0.8722820525018918,0.8722820525018918
2024-10-26 15:00:00,1.168825534154332,1.168825534154332
2024-10-26 16:00:00,1.456601554037736,1.456601554037736
2024-10-26 17:00:00,1.4331454155669,1.4331454155669
2024-10-26 18:00:00,1.7819103439998552,1.7819103439998552
2024-10-26 19:00:00,1.5622957132661752,1.5622957132661752
2024-10-26 20:00:00,1.389488573272847,1.389488573272847
2024-10-26 21:00:00,1.5950313917552048,1.5950313917552048
2024-10-26 22:00:00,0.0,0.0
2024-10-26 23:00:00,0.0,0.0
2024-10-27 00:00:00,0.0,0.0
2024-10-27 01:00:00,0.0,0.0
2024-10-27 02:00:00,0.0,0.0
2024-10-27 03:00:00,0.0,0.0
2024-10-27 04:00:00,0.0,0.0
2024-10-27 05:00:00,0.0,0.0
2024-10-27 06:00:00,0.0,0.0
2024-10-27 07:00:00,0.0,0.0
2024-10-27 08:00:00,0.0,0.0
2024-10-27 09:00:00,0.0,0.0
2024-10-27 10:00:00,0.053927057917284485,0.053927057917284485
2024-10-27 11:00:00,0.1779870206787097,0.1779870206787097
2024-10-27 12:00:00,0.41574694642924537,0.41574694642924537
2024-10-27 13:00:00,0.5878000492203287,0.5878000492203287
2024-10-27 14:00:00,1.0207997797676003,1.0207997797676003
2024-10-27 15:00:00,1.2466852882707387,1.2466852882707387
2024-10-27 16:00:00,1.3715748023070105,1.3715748023070105
2024-10-27 17:00:00,1.8621564547053535,1.8621564547053535
2024-10-27 18:00:00,1.7558437830842206,1.7558437830842206
2024-10-27 19:00:00,1.3443519261403678,1.3443519261403678
2024-10-27 20:00:00,1.6385429226924864,1.6385429226924864
2024-10-27 21:00:00,1.544445771204412,1.544445771204412
2024-10-27 22:00:00,0.0,0.0
2024-10-27 23:00:00,0.0,0.0
2024-10-28 00:00:00,0.0,0.0
2024-10-28 01:00:00,0.0,0.0
2024-10-28 02:00:00,0.0,0.0
2024-10-28 03:00:00,0.0,0.0
2024-10-28 04:00:00,0.0,0.0
2024-10-28 05:00:00,0.0,0.0
2024-10-28 06:00:00,0.0,0.0
2024-10-28 07:00:00,0.0,0.0
2024-10-28 08:00:00,0.0,0.0
2024-10-28 09:00:00,0.0,0.0
2024-10-28 10:00:00,0.0767718166342936,0.0767718166342936
2024-10-28 11:00:00,0.3234648810683316,0.3234648810683316
2024-10-28 12:00:00,0.6812318669733206,0.6812318669733206
2024-10-28 13:00:00,1.0736177894591683,1.0736177894591683
2024-10-28 14:00:00,1.193074093287574,1.193074093287574
2024-10-28 15:00:00,1.653009781277678,1.653009781277678
2024-10-28 16:00:00,2.1085653730498386,2.1085653730498386
2024-10-28 17:00:00,2.754017105501561,2.754017105501561
2024-10-28 18:00:00,2.3009697057488983,2.3009697057488983
2024-10-28 19:00:00,1.9766245829116333,1.9766245829116333
2024-10-28 20:00:00,2.657576623638237,2.657576623638237
2024-10-28 21:00:00,2.456121646892654,2.456121646892654
2024-10-28 22:00:00,0.0,0.0
2024-10-28 23:00:00,0.0,0.0
2024-10-29 00:00:00,0.0,0.0
2024-10-29 01:00:00,0.0,0.0
2024-10-29 02:00:00,0.0,0.0
2024-10-29 03:00:00,0.0,0.0
2024-10-29 04:00:00,0.0,0.0
2024-10-29 05:00:00,0.0,0.0
2024-10-29 06:00:00,0.0,0.0
2024-10-29 07:00:00,0.0,0.0
2024-10-29 08:00:00,0.0,0.0
2024-10-29 09:00:00,0.0,0.0
2024-10-29 10:00:00,0.08413002732163992,0.08413002732163992
2024-10-29 11:00:00,0.2627307854756806,0.2627307854756806
2024-10-29 12:00:00,0.6846946268511277,0.6846946268511277
2024-10-29 13:00:00,0.9147465043155946,0.9147465043155946
2024-10-29 14:00:00,1.3577713431213663,1.3577713431213663
2024-10-29 15:00:00,1.6851639042963118,1.6851639042963118
2024-10-29 16:00:00,2.4151091936807028,2.4151091936807028
2024-10-29 17:00:00,2.6832088604806903,2.6832088604806903
2024-10-29 18:00:00,2.4045233788587748,2.4045233788587748
2024-10-29 19:00:00,2.57140571245181,2.57140571245181
2024-10-29 20:00:00,2.3814396268296347,2.3814396268296347
2024-10-29 21:00:00,2.1205181147663796,2.1205181147663796
2024-10-29 22:00:00,0.0,0.0
2024-10-29 23:00:00,0.0,0.0
2024-10-30 00:00:00,0.0,0.0
2024-10-30 01:00:00,0.0,0.0
2024-10-30 02:00:00,0.0,0.0
2024-10-30 03:00:00,0.0,0.0
2024-10-30 04:00:00,0.0,0.0
2024-10-30 05:00:00,0.0,0.0
2024-10-30 06:00:00,0.0,0.0
2024-10-30 07:00:00,0.0,0.0
2024-10-30 08:00:00,0.0,0.0
2024-10-30 09:00:00,0.0,0.0
2024-10-30 10:00:00,0.09166940566092247,0.09166940566092247
2024-10-30 11:00:00,0.28207979683694623,0.28207979683694623
2024-10-30 12:00:00,0.7737368807708823,0.7737368807708823
2024-10-30 13:00:00,0.9208241108973558,0.9208241108973558
2024-10-30 14:00:00,1.3655939754870072,1.3655939754870072
2024-10-30 15:00:00,1.8661638631591069,1.8661638631591069
2024-10-30 16:00:00,2.1785218514396516,2.1785218514396516
2024-10-30 17:00:00,2.84336832950731,2.84336832950731
2024-10-30 18:00:00,2.1479858618888357,2.1479858618888357
2024-10-30 19:00:00,2.5438917345101704,2.5438917345101704
2024-10-30 20:00:00,2.396698198001114,2.396698198001114
2024-10-30 21:00:00,1.9815777179480318,1.9815777179480318
2024-10-30 22:00:00,0.0,0.0
2024-10-30 23:00:00,0.0,0.0
2024-10-31 00:00:00,0.0,0.0
2024-10-31 01:00:00,0.0,0.0
2024-10-31 02:00:00,0.0,0.0
2024-10-31 03:00:00,0.0,0.0
2024-10-31 04:00:00,0.0,0.0
2024-10-31 05:00:00,0.0,0.0
2024-10-31 06:00:00,0.0,0.0
2024-10-31 07:00:00,0.0,0.0
2024-10-31 08:00:00,0.0,0.0
2024-10-31 09:00:00,0.0,0.0
2024-10-31 10:00:00,0.08215161179724093,0.08215161179724093
2024-10-31 11:00:00,0.27882590590203626,0.27882590590203626
2024-10-31 12:00:00,0.6141545679921938,0.6141545679921938
2024-10-31 13:00:00,1.1266715630186075,1.1266715630186075
2024-10-31 14:00:00,1.2561853210373266,1.2561853210373266
2024-10-31 15:00:00,1.8950150091483455,1.8950150091483455
2024-10-31 16:00:00,2.4185754115455573,2.4185754115455573
2024-10-31 17:00:00,2.8010937184235756,2.8010937184235756
2024-10-31 18:00:00,2.7804743047410008,2.7804743047410008
2024-10-31 19:00:00,2.637466115029433,2.637466115029433
2024-10-31 20:00:00,2.681465846619968,2.681465846619968
2024-10-31 21:00:00,2.306021646227636,2.306021646227636
2024-10-31 22:00:00,0.0,0.0
2024-10-31 23:00:00,0.0,0.0
2024-11-01 00:00:00,0.0,0.0
2024-11-01 01:00:00,0.0,0.0
2024-11-01 02:00:00,0.0,0.0
2024-11-01 03:00:00,0.0,0.0
2024-11-01 04:00:00,0.0,0.0
2024-11-01 05:00:00,0.0,0.0
2024-11-01 06:00:00,0.0,0.0
2024-11-01 07:00:00,0.0,0.0
2024-11-01 08:00:00,0.0,0.0
2024-11-01 09:00:00,0.0,0.0
2024-11-01 10:00:00,0.07871977252968365,0.07871977252968365
2024-11-01 11:00:00,0.34788034114707306,0.34788034114707306
2024-11-01 12:00:00,0.6994520198713566,0.6994520198713566
2024-11-01 13:00:00,1.1084406556999336,1.1084406556999336
2024-11-01 14:00:00,1.5859634240923857,1.5859634240923857
2024-11-01 15:00:00,1.8334626687653417,1.8334626687653417
2024-11-01 16:00:00,2.6051068137479274,2.6051068137479274
2024-11-01 17:00:00,2.3410132142734517,2.3410132142734517
2024-11-01 18:00:00,2.3561126663612773,2.3561126663612773
2024-11-01 19:00:00,2.372076802816519,2.372076802816519
2024-11-01 20:00:00,2.3249222392671642,2.3249222392671642
2024-11-01 21:00:00,2.097296874899919,2.097296874899919
2024-11-01 22:00:00,0.0,0.0
2024-11-01 23:00:00,0.0,0.0
2024-11-02 00:00:00,0.0,0.0
2024-11-02 01:00:00,0.0,0.0
2024-11-02 02:00:00,0.0,0.0
2024-11-02 03:00:00,0.0,0.0
2024-11-02 04:00:00,0.0,0.0
2024-11-02 05:00:00,0.0,0.0
2024-11-02 06:00:00,0.0,0.0
2024-11-02 07:00:00,0.0,0.0
2024-11-02 08:00:00,0.0,0.0
2024-11-02 09:00:00,0.0,0.0
2024-11-02 10:00:00,0.05904929705078002,0.05904929705078002
2024-11-02 11:00:00,0.220818191464209,0.220818191464209
2024-11-02 12:00:00,0.46337274788440014,0.46337274788440014
2024-11-02 13:00:00,0.7198390825020465,0.7198390825020465
2024-11-02 14:00:00,1.0218718270938818,1.0218718270938818
2024-11-02 15:00:00,1.3978367445758306,1.3978367445758306
2024-11-02 16:00:00,1.4912786887208629,1.4912786887208629
2024-11-02 17:00:00,1.8147643373063707,1.8147643373063707
2024-11-02 18:00:00,1.9743029976284516,1.9743029976284516
2024-11-02 19:00:00,1.528213152030576,1.528213152030576
2024-11-02 20:00:00,1.8536601252233487,1.8536601252233487
2024-11-02 21:00:00,1.3597873220807357,1.3597873220807357
2024-11-02 22:00:00,0.0,0.0
2024-11-02 23:00:00,0.0,0.0
2024-11-03 00:00:00,0.0,0.0
2024-11-03 01:00:00,0.0,0.0
2024-11-03 02:00:00,0.0,0.0
2024-11-03 03:00:00,0.0,0.0
2024-11-03 04:00:00,0.0,0.0
2024-11-03 05:00:00,0.0,0.0
2024-11-03 06:00:00,0.0,0.0
2024-11-03 07:00:00,0.0,0.0
2024-11-03 08:00:00,0.0,0.0
2024-11-03 09:00:00,0.0,0.0
2024-11-03 10:00:00,0.05059625893031551,0.05059625893031551
2024-11-03 11:00:00,0.19939056927594778,0.19939056927594778
2024-11-03 12:00:00,0.4985289470893657,0.4985289470893657
2024-11-03 13:00:00,0.790694898401793,0.790694898401793
2024-11-03 14:00:00,1.048579982688621,1.048579982688621
2024-11-03 15:00:00,1.1339827481449534,1.1339827481449534
2024-11-03 16:00:00,1.7689403487338469,1.7689403487338469
2024-11-03 17:00:00,1.6075812262839595,1.6075812262839595
2024-11-03 18:00:00,1.8871251493152004,1.8871251493152004
2024-11-03 19:00:00,1.4761776374577178,1.4761776374577178
2024-11-03 20:00:00,1.7700525099729987,1.7700525099729987
2024-11-03 21:00:00,1.6725868545663758,1.6725868545663758
2024-11-03 22:00:00,0.0,0.0
2024-11-03 23:00:00,0.0,0.0
2024-11-04 00:00:00,0.0,0.0
2024-11-04 01:00:00,0.0,0.0
2024-11-04 02:00:00,0.0,0.0
2024-11-04 03:00:00,0.0,0.0
2024-11-04 04:00:00,0.0,0.0
2024-11-04 05:00:00,0.0,0.0
2024-11-04 06:00:00,0.0,0.0
2024-11-04 07:00:00,0.0,0.0
2024-11-04 08:00:00,0.0,0.0
2024-11-04 09:00:00,0.0,0.0
2024-11-04 10:00:00,0.07266043641200466,0.07266043641200466
2024-11-04 11:00:00,0.27104639095400107,0.27104639095400107
2024-11-04 12:00:00,0.5683742284108386,0.5683742284108386
2024-11-04 13:00:00,0.9745588241826932,0.9745588241826932
2024-11-04 14:00:00,1.3194246586593383,1.3194246586593383
2024-11-04 15:00:00,1.4837616363445274,1.4837616363445274
2024-11-04 16:00:00,1.9024263393074339,1.9024263393074339
2024-11-04 17:00:00,2.245746505034574,2.245746505034574
2024-11-04 18:00:00,2.020075006832831,2.020075006832831
2024-11-04 19:00:00,1.937650232607904,1.937650232607904
2024-11-04 20:00:00,2.6300905031974264,2.6300905031974264
2024-11-04 21:00:00,2.205362231993337,2.205362231993337
2024-11-04 22:00:00,0.0,0.0
2024-11-04 23:00:00,0.0,0.0
2024-11-05 00:00:00,0.0,0.0
2024-11-05 01:00:00,0.0,0.0
2024-11-05 02:00:00,0.0,0.0
2024-11-05 03:00:00,0.0,0.0
2024-11-05 04:00:00,0.0,0.0
2024-11-05 05:00:00,0.0,0.0
2024-11-05 06:00:00,0.0,0.0
2024-11-05 07:00:00,0.0,0.0
2024-11-05 08:00:00,0.0,0.0
2024-11-05 09:00:00,0.0,0.0
2024-11-05 10:00:00,0.08756493705413022,0.08756493705413022
2024-11-05 11:00:00,0.2998866653188434,0.2998866653188434
2024-11-05 12:00:00,0.729087665462651,0.729087665462651
2024-11-05 13:00:00,0.8546235010133629,0.8546235010133629
2024-11-05 14:00:00,1.3156201345804959,1.3156201345804959
2024-11-05 15:00:00,1.9009667174986367,1.9009667174986367
2024-11-05 16:00:00,2.4031102809949076,2.4031102809949076
2024-11-05 17:00:00,2.2237547735606116,2.2237547735606116
2024-11-05 18:00:00,1.9286672607579172,1.9286672607579172
2024-11-05 19:00:00,2.3856918676785224,2.3856918676785224
2024-11-05 20:00:00,2.3998709279840678,2.3998709279840678
2024-11-05 21:00:00,2.1731773087613604,2.1731773087613604
2024-11-05 22:00:00,0.0,0.0
2024-11-05 23:00:00,0.0,0.0
2024-11-06 00:00:00,0.0,0.0
2024-11-06 01:00:00,0.0,0.0
2024-11-06 02:00:00,0.0,0.0
2024-11-06 03:00:00,0.0,0.0
2024-11-06 04:00:00,0.0,0.0
2024-11-06 05:00:00,0.0,0.0
2024-11-06 06:00:00,0.0,0.0
2024-11-06 07:00:00,0.0,0.0
2024-11-06 08:00:00,0.0,0.0
2024-11-06 09:00:00,0.0,0.0
2024-11-06 10:00:00,0.0780865257638761,0.0780865257638761
2024-11-06 11:00:00,0.27870003110394187,0.27870003110394187
2024-11-06 12:00:00,0.7401694609959266,0.7401694609959266
2024-11-06 13:00:00,1.0785328463998813,1.0785328463998813
2024-11-06 14:00:00,1.3098064154533116,1.3098064154533116
2024-11-06 15:00:00,1.9761128331386777,1.9761128331386777
2024-11-06 16:00:00,2.6326286511146275,2.6326286511146275
2024-11-06 17:00:00,2.6811614208002643,2.6811614208002643
2024-11-06 18:00:00,2.5817096849395216,2.5817096849395216
2024-11-06 19:00:00,2.5969640172130517,2.5969640172130517
2024-11-06 20:00:00,2.7211625335173544,2.7211625335173544
2024-11-06 21:00:00,1.9595076511320109,1.9595076511320109
2024-11-06 22:00:00,0.0,0.0
2024-11-06 23:00:00,0.0,0.0
2024-11-07 00:00:00,0.0,0.0
2024-11-07 01:00:00,0.0,0.0
2024-11-07 02:00:00,0.0,0.0
2024-11-07 03:00:00,0.0,0.0
2024-11-07 04:00:00,0.0,0.0
2024-11-07 05:00:00,0.0,0.0
2024-11-07 06:00:00,0.0,0.0
2024-11-07 07:00:00,0.0,0.0
2024-11-07 08:00:00,0.0,0.0
2024-11-07 09:00:00,0.0,0.0
2024-11-07 10:00:00,0.07751697691235873,0.07751697691235873
2024-11-07 11:00:00,0.28453360144560363,0.28453360144560363
2024-11-07 12:00:00,0.6336748724275887,0.6336748724275887
2024-11-07 13:00:00,1.0895772406762128,1.0895772406762128
2024-11-07 14:00:00,1.3918010087062256,1.3918010087062256
2024-11-07 15:00:00,2.1187266194473082,2.1187266194473082
2024-11-07 16:00:00,2.1761492363993473,2.1761492363993473
2024-11-07 17:00:00,2.774404943966646,2.774404943966646
2024-11-07 18:00:00,2.169701531482618,2.169701531482618
2024-11-07 19:00:00,2.7190320629083633,2.7190320629083633
2024-11-07 20:00:00,2.217842679933753,2.217842679933753
2024-11-07 21:00:00,2.2975427971413414,2.2975427971413414
2024-11-07 22:00:00,0.0,0.0
2024-11-07 23:00:00,0.0,0.0
2024-11-08 00:00:00,0.0,0.0
2024-11-08 01:00:00,0.0,0.0
2024-11-08 02:00:00,0.0,0.0
2024-11-08 03:00:00,0.0,0.0
2024-11-08 04:00:00,0.0,0.0
2024-11-08 05:00:00,0.0,0.0
2024-11-08 06:00:00,0.0,0.0
2024-11-08 07:00:00,0.0,0.0
2024-11-08 08:00:00,0.0,0.0
2024-11-08 09:00:00,0.0,0.0
2024-11-08 10:00:00,0.07125624144604888,0.07125624144604888
2024-11-08 11:00:00,0.2854847154042201,0.2854847154042201
2024-11-08 12:00:00,0.5679140379698645,0.5679140379698645
2024-11-08 13:00:00,0.9038167174060097,0.9038167174060097
2024-11-08 14:00:00,1.4167413184135373,1.4167413184135373
2024-11-08 15:00:00,1.5652708138402511,1.5652708138402511
2024-11-08 16:00:00,2.2899469810864126,2.2899469810864126
2024-11-08 17:00:00,2.0992933855537173,2.0992933855537173
2024-11-08 18:00:00,2.5879779680091257,2.5879779680091257
2024-11-08 19:00:00,2.1613527682348677,2.1613527682348677
2024-11-08 20:00:00,2.27293657480048,2.27293657480048
2024-11-08 21:00:00,1.9694241630125107,1.9694241630125107
2024-11-08 22:00:00,0.0,0.0
2024-11-08 23:00:00,0.0,0.0
2024-11-09 00:00:00,0.0,0.0
2024-11-09 01:00:00,0.0,0.0
2024-11-09 02:00:00,0.0,0.0
2024-11-09 03:00:00,0.0,0.0
2024-11-09 04:00:00,0.0,0.0
2024-11-09 05:00:00,0.0,0.0
2024-11-09 06:00:00,0.0,0.0
2024-11-09 07:00:00,0.0,0.0
2024-11-09 08:00:00,0.0,0.0
2024-11-09 09:00:00,0.0,0.0
2024-11-09 10:00:00,0.06430900534484221,0.06430900534484221
2024-11-09 11:00:00,0.1793442863600601,0.1793442863600601
2024-11-09 12:00:00,0.46796174863234496,0.46796174863234496
2024-11-09 13:00:00,0.5842548169968856,0.5842548169968856
2024-11-09 14:00:00,0.9627081085127019,0.9627081085127019
2024-11-09 15:00:00,1.2215448017888173,1.2215448017888173
2024-11-09 16:00:00,1.5767855089298417,1.5767855089298417
2024-11-09 17:00:00,1.7978480066036575,1.7978480066036575
2024-11-09 18:00:00,1.7349107037141491,1.7349107037141491
2024-11-09 19:00:00,1.4280163145404732,1.4280163145404732
2024-11-09 20:00:00,1.6927666521990479,1.6927666521990479
2024-11-09 21:00:00,1.652305513020707,1.652305513020707
2024-11-09 22:00:00,0.0,0.0
2024-11-09 23:00:00,0.0,0.0
2024-11-10 00:00:00,0.0,0.0
2024-11-10 01:00:00,0.0,0.0
2024-11-10 02:00:00,0.0,0.0
2024-11-10 03:00:00,0.0,0.0
2024-11-10 04:00:00,0.0,0.0
2024-11-10 05:00:00,0.0,0.0
2024-11-10 06:00:00,0.0,0.0
2024-11-10 07:00:00,0.0,0.0
2024-11-10 08:00:00,0.0,0.0
2024-11-10 09:00:00,0.0,0.0
2024-11-10 10:00:00,0.05526318410987716,0.05526318410987716
2024-11-10 11:00:00,0.17444197320101518,0.17444197320101518
2024-11-10 12:00:00,0.43464805029213677,0.43464805029213677
2024-11-10 13:00:00,0.7101416742339559,0.7101416742339559
2024-11-10 14:00:00,0.8889097802768715,0.8889097802768715
2024-11-10 15:00:00,1.1470722101378814,1.1470722101378814
2024-11-10 16:00:00,1.5390498221521587,1.5390498221521587
2024-11-10 17:00:00,1.8559281534536478,1.8559281534536478
2024-11-10 18:00:00,1.5183301842616912,1.5183301842616912
2024-11-10 19:00:00,1.4983768678209255,1.4983768678209255
2024-11-10 20:00:00,1.5196649477779303,1.5196649477779303
2024-11-10 21:00:00,1.4663628103952064,1.4663628103952064
2024-11-10 22:00:00,0.0,0.0
2024-11-10 23:00:00,0.0,0.0
2024-11-11 00:00:00,0.0,0.0
2024-11-11 01:00:00,0.0,0.0
2024-11-11 02:00:00,0.0,0.0
2024-11-11 03:00:00,0.0,0.0
2024-11-11 04:00:00,0.0,0.0
2024-11-11 05:00:00,0.0,0.0
2024-11-11 06:00:00,0.0,0.0
2024-11-11 07:00:00,0.0,0.0
2024-11-11 08:00:00,0.0,0.0
2024-11-11 09:00:00,0.0,0.0
2024-11-11 10:00:00,0.0670788252302884,0.0670788252302884
2024-11-11 11:00:00,0.31375380092697336,0.31375380092697336
2024-11-11 12:00:00,0.6342472284209204,0.6342472284209204
2024-11-11 13:00:00,0.8868604169059324,0.8868604169059324
2024-11-11 14:00:00,1.4202024072669996,1.4202024072669996
2024-11-11 15:00:00,1.8959594701630724,1.8959594701630724
2024-11-11 16:00:00,2.289437795243557,2.289437795243557
2024-11-11 17:00:00,2.680444915269845,2.680444915269845
2024-11-11 18:00:00,2.015072920868197,2.015072920868197
2024-11-11 19:00:00,1.8719445683218876,1.8719445683218876
2024-11-11 20:00:00,2.448217284165072,2.448217284165072
2024-11-11 21:00:00,1.9274021689839154,1.9274021689839154
2024-11-11 22:00:00,0.0,0.0
2024-11-11 23:00:00,0.0,0.0
2024-11-12 00:00:00,0.0,0.0
2024-11-12 01:00:00,0.0,0.0
2024-11-12 02:00:00,0.0,0.0
2024-11-12 03:00:00,0.0,0.0
2024-11-12 04:00:00,0.0,0.0
2024-11-12 05:00:00,0.0,0.0
2024-11-12 06:00:00,0.0,0.0
2024-11-12 07:00:00,0.0,0.0
2024-11-12 08:00:00,0.0,0.0
2024-11-12 09:00:00,0.0,0.0
2024-11-12 10:00:00,0.08634895255995614,0.08634895255995614
2024-11-12 11:00:00,0.3264305791510602,0.3264305791510602
2024-11-12 12:00:00,0.7470203339213761,0.7470203339213761
2024-11-12 13:00:00,1.003697430484984,1.003697430484984
2024-11-12 14:00:00,1.4569542889682485,1.4569542889682485
2024-11-12 15:00:00,1.9664558463789459,1.9664558463789459
2024-11-12 16:00:00,2.5317707563870555,2.5317707563870555
2024-11-12 17:00:00,2.2754945537260465,2.2754945537260465
2024-11-12 18:00:00,2.3001792554646894,2.3001792554646894
2024-11-12 19:00:00,2.335703372927644,2.335703372927644
2024-11-12 20:00:00,2.5540595664364316,2.5540595664364316
2024-11-12 21:00:00,2.009718072478495,2.009718072478495
2024-11-12 22:00:00,0.0,0.0
2024-11-12 23:00:00,0.0,0.0
2024-11-13 00:00:00,0.0,0.0
2024-11-13 01:00:00,0.0,0.0
2024-11-13 02:00:00,0.0,0.0
2024-11-13 03:00:00,0.0,0.0
2024-11-13 04:00:00,0.0,0.0
2024-11-13 05:00:00,0.0,0.0
2024-11-13 06:00:00,0.0,0.0
2024-11-13 07:00:00,0.0,0.0
2024-11-13 08:00:00,0.0,0.0
2024-11-13 09:00:00,0.0,0.0
2024-11-13 10:00:00,0.07022668823816966,0.07022668823816966
2024-11-13 11:00:00,0.2803866050030332,0.2803866050030332
2024-11-13 12:00:00,0.5796229675568788,0.5796229675568788
2024-11-13 13:00:00,1.008039487115763,1.008039487115763
2024-11-13 14:00:00,1.427401386978843,1.427401386978843
2024-11-13 15:00:00,1.6504694927861334,1.6504694927861334
2024-11-13 16:00:00,2.1897945052112147,2.1897945052112147
2024-11-13 17:00:00,2.129622294073431,2.129622294073431
2024-11-13 18:00:00,2.5598379331289367,2.5598379331289367
2024-11-13 19:00:00,2.4307975585700725,2.4307975585700725
2024-11-13 20:00:00,2.245546828857328,2.245546828857328
2024-11-13 21:00:00,2.3443874092888874,2.3443874092888874
2024-11-13 22:00:00,0.0,0.0
2024-11-13 23:00:00,0.0,0.0
2024-11-14 00:00:00,0.0,0.0
2024-11-14 01:00:00,0.0,0.0
2024-11-14 02:00:00,0.0,0.0
2024-11-14 03:00:00,0.0,0.0
2024-11-14 04:00:00,0.0,0.0
2024-11-14 05:00:00,0.0,0.0
2024-11-14 06:00:00,0.0,0.0
2024-11-14 07:00:00,0.0,0.0
2024-11-14 08:00:00,0.0,0.0
2024-11-14 09:00:00,0.0,0.0
2024-11-14 10:00:00,0.06968109136515477,0.06968109136515477
2024-11-14 11:00:00,0.2698725180084227,0.2698725180084227
2024-11-14 12:00:00,0.6780064649976487,0.6780064649976487
2024-11-14 13:00:00,1.0496412662480588,1.0496412662480588
2024-11-14 14:00:00,1.1866569821352173,1.1866569821352173
2024-11-14 15:00:00,1.5184800306446589,1.5184800306446589
2024-11-14 16:00:00,2.4260280134954724,2.4260280134954724
2024-11-14 17:00:00,2.627256152016036,2.627256152016036
2024-11-14 18:00:00,2.1701340834757015,2.1701340834757015
2024-11-14 19:00:00,1.88680274883263,1.88680274883263
2024-11-14 20:00:00,2.1588634181821034,2.1588634181821034
2024-11-14 21:00:00,2.3799122034130575,2.3799122034130575
2024-11-14 22:00:00,0.0,0.0
2024-11-14 23:00:00,0.0,0.0
2024-11-15 00:00:00,0.0,0.0
2024-11-15 01:00:00,0.0,0.0
2024-11-15 02:00:00,0.0,0.0
2024-11-15 03:00:00,0.0,0.0
2024-11-15 04:00:00,0.0,0.0
2024-11-15 05:00:00,0.0,0.0
2024-11-15 06:00:00,0.0,0.0
2024-11-15 07:00:00,0.0,0.0
2024-11-15 08:00:00,0.0,0.0
2024-11-15 09:00:00,0.0,0.0
2024-11-15 10:00:00,0.07091503504193768,0.07091503504193768
2024-11-15 11:00:00,0.2527657749543212,0.2527657749543212
2024-11-15 12:00:00,0.687580261829376,0.687580261829376
2024-11-15 13:00:00,0.8359680758665292,0.8359680758665292
2024-11-15 14:00:00,1.092044248416544,1.092044248416544
2024-11-15 15:00:00,1.6802520818797437,1.6802520818797437
2024-11-15 16:00:00,2.0806449176858455,2.0806449176858455
2024-11-15 17:00:00,1.9891913751974273,1.9891913751974273
2024-11-15 18:00:00,1.8803524198031991,1.8803524198031991
2024-11-15 19:00:00,2.2974434196849187,2.2974434196849187
2024-11-15 20:00:00,2.026607145694989,2.026607145694989
2024-11-15 21:00:00,1.8700557936166093,1.8700557936166093
2024-11-15 22:00:00,0.0,0.0
2024-11-15 23:00:00,0.0,0.0
2024-11-16 00:00:00,0.0,0.0
2024-11-16 01:00:00,0.0,0.0
2024-11-16 02:00:00,0.0,0.0
2024-11-16 03:00:00,0.0,0.0
2024-11-16 04:00:00,0.0,0.0
2024-11-16 05:00:00,0.0,0.0
2024-11-16 06:00:00,0.0,0.0
2024-11-16 07:00:00,0.0,0.0
2024-11-16 08:00:00,0.0,0.0
2024-11-16 09:00:00,0.0,0.0
2024-11-16 10:00:00,0.05134136193188117,0.05134136193188117
2024-11-16 11:00:00,0.19766055140780137,0.19766055140780137
2024-11-16 12:00:00,0.45346438613919055,0.45346438613919055
2024-11-16 13:00:00,0.7230314278071184,0.7230314278071184
2024-11-16 14:00:00,0.9042910223819876,0.9042910223819876
2024-11-16 15:00:00,1.2051496232440773,1.2051496232440773
2024-11-16 16:00:00,1.644433178419542,1.644433178419542
2024-11-16 17:00:00,1.9023427485450477,1.9023427485450477
2024-11-16 18:00:00,1.5366778055618298,1.5366778055618298
2024-11-16 19:00:00,1.3284501163180886,1.3284501163180886
2024-11-16 20:00:00,1.6666922387097047,1.6666922387097047
2024-11-16 21:00:00,1.5692494051334291,1.5692494051334291
2024-11-16 22:00:00,0.0,0.0
2024-11-16 23:00:00,0.0,0.0
2024-11-17 00:00:00,0.0,0.0
2024-11-17 01:00:00,0.0,0.0
2024-11-17 02:00:00,0.0,0.0
2024-11-17 03:00:00,0.0,0.0
2024-11-17 04:00:00,0.0,0.0
2024-11-17 05:00:00,0.0,0.0
2024-11-17 06:00:00,0.0,0.0
2024-11-17 07:00:00,0.0,0.0
2024-11-17 08:00:00,0.0,0.0
2024-11-17 09:00:00,0.0,0.0
2024-11-17 10:00:00,0.05052615512779347,0.05052615512779347
2024-11-17 11:00:00,0.19096049191737688,0.19096049191737688
2024-11-17 12:00:00,0.4732440421520046,0.4732440421520046
2024-11-17 13:00:00,0.6510485172221492,0.6510485172221492
2024-11-17 14:00:00,0.7873891561649632,0.7873891561649632
2024-11-17 15:00:00,1.2923992305550338,1.2923992305550338
2024-11-17 16:00:00,1.6070683980246174,1.6070683980246174
2024-11-17 17:00:00,1.5555482781655368,1.5555482781655368
2024-11-17 18:00:00,1.3983043752039608,1.3983043752039608
2024-11-17 19:00:00,1.4520849841924357,1.4520849841924357
2024-11-17 20:00:00,1.3713406669133248,1.3713406669133248
2024-11-17 21:00:00,1.3345332479165706,1.3345332479165706
2024-11-17 22:00:00,0.0,0.0
2024-11-17 23:00:00,0.0,0.0
2024-11-18 00:00:00,0.0,0.0
2024-11-18 01:00:00,0.0,0.0
2024-11-18 02:00:00,0.0,0.0
2024-11-18 03:00:00,0.0,0.0
2024-11-18 04:00:00,0.0,0.0
2024-11-18 05:00:00,0.0,0.0
2024-11-18 06:00:00,0.0,0.0
2024-11-18 07:00:00,0.0,0.0
2024-11-18 08:00:00,0.0,0.0
2024-11-18 09:00:00,0.0,0.0
2024-11-18 10:00:00,0.07524362082125514,0.07524362082125514
2024-11-18 11:00:00,0.2962282314979262,0.2962282314979262
2024-11-18 12:00:00,0.6140556085155193,0.6140556085155193
2024-11-18 13:00:00,0.9702277314106637,0.9702277314106637
2024-11-18 14:00:00,1.2807533531692044,1.2807533531692044
2024-11-18 15:00:00,1.683790860791364,1.683790860791364
2024-11-18 16:00:00,2.0699601293259433,2.0699601293259433
2024-11-18 17:00:00,2.5470891135916425,2.5470891135916425
2024-11-18 18:00:00,2.2651709194806737,2.2651709194806737
2024-11-18 19:00:00,2.043998525422507,2.043998525422507
2024-11-18 20:00:00,2.457844104142013,2.457844104142013
2024-11-18 21:00:00,2.296867516078809,2.296867516078809
2024-11-18 22:00:00,0.0,0.0
2024-11-18 23:00:00,0.0,0.0
2024-11-19 00:00:00,0.0,0.0
2024-11-19 01:00:00,0.0,0.0
2024-11-19 02:00:00,0.0,0.0
2024-11-19 03:00:00,0.0,0.0
2024-11-19 04:00:00,0.0,0.0
2024-11-19 05:00:00,0.0,0.0
2024-11-19 06:00:00,0.0,0.0
2024-11-19 07:00:00,0.0,0.0
2024-11-19 08:00:00,0.0,0.0
2024-11-19 09:00:00,0.0,0.0
2024-11-19 10:00:00,0.08460352944298194,0.08460352944298194
2024-11-19 11:00:00,0.3026113698800415,0.3026113698800415
2024-11-19 12:00:00,0.6448539823362105,0.6448539823362105
2024-11-19 13:00:00,0.8450597614060169,0.8450597614060169
2024-11-19 14:00:00,1.4818070763197269,1.4818070763197269
2024-11-19 15:00:00,1.529653999981157,1.529653999981157
2024-11-19 16:00:00,2.151654687815949,2.151654687815949
2024-11-19 17:00:00,2.1339434011509857,2.1339434011509857
2024-11-19 18:00:00,2.4828354031038633,2.4828354031038633
2024-11-19 19:00:00,2.2678749747725475,2.2678749747725475
2024-11-19 20:00:00,2.4505084357078584,2.4505084357078584
2024-11-19 21:00:00,2.3233089578025417,2.3233089578025417
2024-11-19 22:00:00,0.0,0.0
2024-11-19 23:00:00,0.0,0.0
2024-11-20 00:00:00,0.0,0.0
2024-11-20 01:00:00,0.0,0.0
2024-11-20 02:00:00,0.0,0.0
2024-11-20 03:00:00,0.0,0.0
2024-11-20 04:00:00,0.0,0.0
2024-11-20 05:00:00,0.0,0.0
2024-11-20 06:00:00,0.0,0.0
2024-11-20 07:00:00,0.0,0.0
2024-11-20 08:00:00,0.0,0.0
2024-11-20 09:00:00,0.0,0.0
2024-11-20 10:00:00,0.07640143772106973,0.07640143772106973
2024-11-20 11:00:00,0.3027129473197251,0.3027129473197251
2024-11-20 12:00:00,0.5912420924164523,0.5912420924164523
2024-11-20 13:00:00,1.0740992818912405,1.0740992818912405
2024-11-20 14:00:00,1.5281894776442266,1.5281894776442266
2024-11-20 15:00:00,1.6552175551086794,1.6552175551086794
2024-11-20 16:00:00,2.4627915918258676,2.4627915918258676
2024-11-20 17:00:00,2.4967879359288454,2.4967879359288454
2024-11-20 18:00:00,2.239238299848196,2.239238299848196
2024-11-20 19:00:00,2.1138287073158897,2.1138287073158897
2024-11-20 20:00:00,2.4516058921011536,2.4516058921011536
2024-11-20 21:00:00,2.0768359003996304,2.0768359003996304
2024-11-20 22:00:00,0.0,0.0
2024-11-20 23:00:00,0.0,0.0
2024-11-21 00:00:00,0.0,0.0
2024-11-21 01:00:00,0.0,0.0
2024-11-21 02:00:00,0.0,0.0
2024-11-21 03:00:00,0.0,0.0
2024-11-21 04:00:00,0.0,0.0
2024-11-21 05:00:00,0.0,0.0
2024-11-21 06:00:00,0.0,0.0
2024-11-21 07:00:00,0.0,0.0
2024-11-21 08:00:00,0.0,0.0
2024-11-21 09:00:00,0.0,0.0
2024-11-21 10:00:00,0.07639893743449445,0.07639893743449445
2024-11-21 11:00:00,0.28110658751594686,0.28110658751594686
2024-11-21 12:00:00,0.6188681067986005,0.6188681067986005
2024-11-21 13:00:00,1.0809424763860114,1.0809424763860114
2024-11-21 14:00:00,1.3576894567211049,1.3576894567211049
2024-11-21 15:00:00,1.7182395101489527,1.7182395101489527
2024-11-21 16:00:00,2.363824307052368,2.363824307052368
2024-11-21 17:00:00,2.61940037437853,2.61940037437853
2024-11-21 18:00:00,2.4768727837412525,2.4768727837412525
2024-11-21 19:00:00,2.0292430579490635,2.0292430579490635
2024-11-21 20:00:00,2.751313380342341,2.751313380342341
2024-11-21 21:00:00,2.3403825148776716,2.3403825148776716
2024-11-21 22:00:00,0.0,0.0
2024-11-21 23:00:00,0.0,0.0
2024-11-22 00:00:00,0.0,0.0
2024-11-22 01:00:00,0.0,0.0
2024-11-22 02:00:00,0.0,0.0
2024-11-22 03:00:00,0.0,0.0
2024-11-22 04:00:00,0.0,0.0
2024-11-22 05:00:00,0.0,0.0
2024-11-22 06:00:00,0.0,0.0
2024-11-22 07:00:00,0.0,0.0
2024-11-22 08:00:00,0.0,0.0
2024-11-22 09:00:00,0.0,0.0
2024-11-22 10:00:00,0.08649296235066473,0.08649296235066473
2024-11-22 11:00:00,0.25935118235444865,0.25935118235444865
2024-11-22 12:00:00,0.7208727612482942,0.7208727612482942
2024-11-22 13:00:00,0.8176324065881011,0.8176324065881011
2024-11-22 14:00:00,1.1354845886252034,1.1354845886252034
2024-11-22 15:00:00,1.5304331971872411,1.5304331971872411
2024-11-22 16:00:00,2.3297679098081376,2.3297679098081376
2024-11-22 17:00:00,2.243961503234592,2.243961503234592
2024-11-22 18:00:00,2.5485856985208297,2.5485856985208297
2024-11-22 19:00:00,2.1547838491769014,2.1547838491769014
2024-11-22 20:00:00,2.604992502141852,2.604992502141852
2024-11-22 21:00:00,1.7614076035620798,1.7614076035620798
2024-11-22 22:00:00,0.0,0.0
2024-11-22 23:00:00,0.0,0.0
2024-11-23 00:00:00,0.0,0.0
2024-11-23 01:00:00,0.0,0.0
2024-11-23 02:00:00,0.0,0.0
2024-11-23 03:00:00,0.0,0.0
2024-11-23 04:00:00,0.0,0.0
2024-11-23 05:00:00,0.0,0.0
2024-11-23 06:00:00,0.0,0.0
2024-11-23 07:00:00,0.0,0.0
2024-11-23 08:00:00,0.0,0.0
2024-11-23 09:00:00,0.0,0.0
2024-11-23 10:00:00,0.05900081988399878,0.05900081988399878
2024-11-23 11:00:00,0.18387544030046213,0.18387544030046213
2024-11-23 12:00:00,0.4551603860307723,0.4551603860307723
2024-11-23 13:00:00,0.6363851712775888,0.6363851712775888
2024-11-23 14:00:00,0.8519402054556127,0.8519402054556127
2024-11-23 15:00:00,1.5228166233442646,1.5228166233442646
2024-11-23 16:00:00,1.9247213329877348,1.9247213329877348
2024-11-23 17:00:00,1.6007951002492788,1.6007951002492788
2024-11-23 18:00:00,1.89199169525367,1.89199169525367
2024-11-23 19:00:00,1.676311436783216,1.676311436783216
2024-11-23 20:00:00,1.692408272135541,1.692408272135541
2024-11-23 21:00:00,1.4480781695869496,1.4480781695869496
2024-11-23 22:00:00,0.0,0.0
2024-11-23 23:00:00,0.0,0.0
2024-11-24 00:00:00,0.0,0.0
2024-11-24 01:00:00,0.0,0.0
2024-11-24 02:00:00,0.0,0.0
2024-11-24 03:00:00,0.0,0.0
2024-11-24 04:00:00,0.0,0.0
2024-11-24 05:00:00,0.0,0.0
2024-11-24 06:00:00,0.0,0.0
2024-11-24 07:00:00,0.0,0.0
2024-11-24 08:00:00,0.0,0.0
2024-11-24 09:00:00,0.0,0.0
2024-11-24 10:00:00,0.06639604043924974,0.06639604043924974
2024-11-24 11:00:00,0.22648536880105047,0.22648536880105047
2024-11-24 12:00:00,0.5547740329230342,0.5547740329230342
2024-11-24 13:00:00,0.752100406477972,0.752100406477972
2024-11-24 14:00:00,0.9378114465747482,0.9378114465747482
2024-11-24 15:00:00,1.4450612890502357,1.4450612890502357
2024-11-24 16:00:00,1.7971344729130398,1.7971344729130398
2024-11-24 17:00:00,1.7383360001034889,1.7383360001034889
2024-11-24 18:00:00,1.977551809663349,1.977551809663349
2024-11-24 19:00:00,1.7438448739133747,1.7438448739133747
2024-11-24 20:00:00,1.5176888336955,1.5176888336955
2024-11-24 21:00:00,1.3835630017950993,1.3835630017950993
2024-11-24 22:00:00,0.0,0.0
2024-11-24 23:00:00,0.0,0.0
2024-11-25 00:00:00,0.0,0.0
2024-11-25 01:00:00,0.0,0.0
2024-11-25 02:00:00,0.0,0.0
2024-11-25 03:00:00,0.0,0.0
2024-11-25 04:00:00,0.0,0.0
2024-11-25 05:00:00,0.0,0.0
2024-11-25 06:00:00,0.0,0.0
2024-11-25 07:00:00,0.0,0.0
2024-11-25 08:00:00,0.0,0.0
2024-11-25 09:00:00,0.0,0.0
2024-11-25 10:00:00,0.08466385389850767,0.08466385389850767
2024-11-25 11:00:00,0.23665312308947387,0.23665312308947387
2024-11-25 12:00:00,0.6866025447560515,0.6866025447560515
2024-11-25 13:00:00,0.8812482391406082,0.8812482391406082
2024-11-25 14:00:00,1.364897072958488,1.364897072958488
2024-11-25 15:00:00,1.8229979743024662,1.8229979743024662
2024-11-25 16:00:00,1.9454402695258517,1.9454402695258517
2024-11-25 17:00:00,2.1577239905439,2.1577239905439
2024-11-25 18:00:00,2.023707293686999,2.023707293686999
2024-11-25 19:00:00,2.2704932032160414,2.2704932032160414
2024-11-25 20:00:00,1.9255417584911396,1.9255417584911396
2024-11-25 21:00:00,2.2180705332901307,2.2180705332901307
2024-11-25 22:00:00,0.0,0.0
2024-11-25 23:00:00,0.0,0.0
2024-11-26 00:00:00,0.0,0.0
2024-11-26 01:00:00,0.0,0.0
2024-11-26 02:00:00,0.0,0.0
2024-11-26 03:00:00,0.0,0.0
2024-11-26 04:00:00,0.0,0.0
2024-11-26 05:00:00,0.0,0.0
2024-11-26 06:00:00,0.0,0.0
2024-11-26 07:00:00,0.0,0.0
2024-11-26 08:00:00,0.0,0.0
2024-11-26 09:00:00,0.0,0.0
2024-11-26 10:00:00,0.07872411761691495,0.07872411761691495
2024-11-26 11:00:00,0.25391689264631223,0.25391689264631223
2024-11-26 12:00:00,0.7328718442381364,0.7328718442381364
2024-11-26 13:00:00,0.8517565241328697,0.8517565241328697
2024-11-26 14:00:00,1.3190997450544912,1.3190997450544912
2024-11-26 15:00:00,1.9101195346553013,1.9101195346553013
2024-11-26 16:00:00,2.0265714244840463,2.0265714244840463
2024-11-26 17:00:00,2.502685447728248,2.502685447728248
2024-11-26 18:00:00,2.3207803980289814,2.3207803980289814
2024-11-26 19:00:00,2.3185301878525544,2.3185301878525544
2024-11-26 20:00:00,2.3506021865026705,2.3506021865026705
2024-11-26 21:00:00,2.391022851310269,2.391022851310269
2024-11-26 22:00:00,0.0,0.0
2024-11-26 23:00:00,0.0,0.0
2024-11-27 00:00:00,0.0,0.0
2024-11-27 01:00:00,0.0,0.0
2024-11-27 02:00:00,0.0,0.0
2024-11-27 03:00:00,0.0,0.0
2024-11-27 04:00:00,0.0,0.0
2024-11-27 05:00:00,0.0,0.0
2024-11-27 06:00:00,0.0,0.0
2024-11-27 07:00:00,0.0,0.0
2024-11-27 08:00:00,0.0,0.0
2024-11-27 09:00:00,0.0,0.0
2024-11-27 10:00:00,0.06496629998931489,0.06496629998931489
2024-11-27 11:00:00,0.2851697158649302,0.2851697158649302
2024-11-27 12:00:00,0.6374055142601998,0.6374055142601998
2024-11-27 13:00:00,1.0198149974188224,1.0198149974188224
2024-11-27 14:00:00,1.359446950487611,1.359446950487611
2024-11-27 15:00:00,1.49336491112756,1.49336491112756
2024-11-27 16:00:00,2.346361612421054,2.346361612421054
2024-11-27 17:00:00,2.28959848820646,2.28959848820646
2024-11-27 18:00:00,2.1363513607402322,2.1363513607402322
2024-11-27 19:00:00,1.8444378312771026,1.8444378312771026
2024-11-27 20:00:00,1.9301951987981552,1.9301951987981552
2024-11-27 21:00:00,1.7342620337712686,1.7342620337712686
2024-11-27 22:00:00,0.0,0.0
2024-11-27 23:00:00,0.0,0.0
2024-11-28 00:00:00,0.0,0.0
2024-11-28 01:00:00,0.0,0.0
2024-11-28 02:00:00,0.0,0.0
2024-11-28 03:00:00,0.0,0.0
2024-11-28 04:00:00,0.0,0.0
2024-11-28 05:00:00,0.0,0.0
2024-11-28 06:00:00,0.0,0.0
2024-11-28 07:00:00,0.0,0.0
2024-11-28 08:00:00,0.0,0.0
2024-11-28 09:00:00,0.0,0.0
2024-11-28 10:00:00,0.09587216937382843,0.09587216937382843
2024-11-28 11:00:00,0.28405407004104294,0.28405407004104294
2024-11-28 12:00:00,0.732231690065068,0.732231690065068
2024-11-28 13:00:00,1.183804984082237,1.183804984082237
2024-11-28 14:00:00,1.61946597270424,1.61946597270424
2024-11-28 15:00:00,1.6961629218315029,1.6961629218315029
2024-11-28 16:00:00,2.2993987486593226,2.2993987486593226
2024-11-28 17:00:00,2.5801162932068635,2.5801162932068635
2024-11-28 18:00:00,2.3743805141557677,2.3743805141557677
2024-11-28 19:00:00,2.5191380168423008,2.5191380168423008
2024-11-28 20:00:00,2.9347141024046675,2.9347141024046675
2024-11-28 21:00:00,2.0893322630602875,2.0893322630602875
2024-11-28 22:00:00,0.0,0.0
2024-11-28 23:00:00,0.0,0.0
2024-11-29 00:00:00,0.0,0.0
2024-11-29 01:00:00,0.0,0.0
2024-11-29 02:00:00,0.0,0.0
2024-11-29 03:00:00,0.0,0.0
2024-11-29 04:00:00,0.0,0.0
2024-11-29 05:00:00,0.0,0.0
2024-11-29 06:00:00,0.0,0.0
2024-11-29 07:00:00,0.0,0.0
2024-11-29 08:00:00,0.0,0.0
2024-11-29 09:00:00,0.0,0.0
2024-11-29 10:00:00,0.07555785820068278,0.07555785820068278
2024-11-29 11:00:00,0.26488705213863223,0.26488705213863223
2024-11-29 12:00:00,0.6073502828299204,0.6073502828299204
2024-11-29 13:00:00,0.9580694351350222,0.9580694351350222
2024-11-29 14:00:00,1.2183867282437548,1.2183867282437548
2024-11-29 15:00:00,1.764957596000999,1.764957596000999
2024-11-29 16:00:00,2.2433349741231803,2.2433349741231803
2024-11-29 17:00:00,2.522467273293647,2.522467273293647
2024-11-29 18:00:00,2.300868110670018,2.300868110670018
2024-11-29 19:00:00,2.322217496428879,2.322217496428879
2024-11-29 20:00:00,2.3972610726953794,2.3972610726953794
2024-11-29 21:00:00,2.0435589671203744,2.0435589671203744
2024-11-29 22:00:00,0.0,0.0
2024-11-29 23:00:00,0.0,0.0
2024-11-30 00:00:00,0.0,0.0
2024-11-30 01:00:00,0.0,0.0
2024-11-30 02:00:00,0.0,0.0
2024-11-30 03:00:00,0.0,0.0
2024-11-30 04:00:00,0.0,0.0
2024-11-30 05:00:00,0.0,0.0
2024-11-30 06:00:00,0.0,0.0
2024-11-30 07:00:00,0.0,0.0
2024-11-30 08:00:00,0.0,0.0
2024-11-30 09:00:00,0.0,0.0
2024-11-30 10:00:00,0.060725492537295936,0.060725492537295936
2024-11-30 11:00:00,0.225962744284685,0.225962744284685
2024-11-30 12:00:00,0.4739431597944676,0.4739431597944676
2024-11-30 13:00:00,0.7114628268018728,0.7114628268018728
2024-11-30 14:00:00,0.9971651415449279,0.9971651415449279
2024-11-30 15:00:00,1.321547875723786,1.321547875723786
2024-11-30 16:00:00,1.5647127768927669,1.5647127768927669
2024-11-30 17:00:00,1.9664218128076396,1.9664218128076396
2024-11-30 18:00:00,1.799906399116515,1.799906399116515
2024-11-30 19:00:00,1.7419546243644461,1.7419546243644461
2024-11-30 20:00:00,1.6182170643668254,1.6182170643668254
2024-11-30 21:00:00,1.704462655080149,1.704462655080149
2024-11-30 22:00:00,0.0,0.0
2024-11-30 23:00:00,0.0,0.0
2024-12-01 00:00:00,0.0,0.0
2024-12-01 01:00:00,0.0,0.0
2024-12-01 02:00:00,0.0,0.0
2024-12-01 03:00:00,0.0,0.0
2024-12-01 04:00:00,0.0,0.0
2024-12-01 05:00:00,0.0,0.0
2024-12-01 06:00:00,0.0,0.0
2024-12-01 07:00:00,0.0,0.0
2024-12-01 08:00:00,0.0,0.0
2024-12-01 09:00:00,0.0,0.0
2024-12-01 10:00:00,0.06343295437974653,0.06343295437974653
2024-12-01 11:00:00,0.20929429113551068,0.20929429113551068
2024-12-01 12:00:00,0.5352172404119225,0.5352172404119225
2024-12-01 13:00:00,0.7810401645068344,0.7810401645068344
2024-12-01 14:00:00,0.9467118907109753,0.9467118907109753
2024-12-01 15:00:00,1.1131280626831945,1.1131280626831945
2024-12-01 16:00:00,1.5198301722976513,1.5198301722976513
2024-12-01 17:00:00,1.9762739008572283,1.9762739008572283
2024-12-01 18:00:00,1.5313720513043518,1.5313720513043518
2024-12-01 19:00:00,1.761553171735641,1.761553171735641
2024-12-01 20:00:00,1.7308576245410663,1.7308576245410663
2024-12-01 21:00:00,1.5519350179452156,1.5519350179452156
2024-12-01 22:00:00,0.0,0.0
2024-12-01 23:00:00,0.0,0.0
2024-12-02 00:00:00,0.0,0.0
2024-12-02 01:00:00,0.0,0.0
2024-12-02 02:00:00,0.0,0.0
2024-12-02 03:00:00,0.0,0.0
2024-12-02 04:00:00,0.0,0.0
2024-12-02 05:00:00,0.0,0.0
2024-12-02 06:00:00,0.0,0.0
2024-12-02 07:00:00,0.0,0.0
2024-12-02 08:00:00,0.0,0.0
2024-12-02 09:00:00,0.0,0.0
2024-12-02 10:00:00,0.07897588189535955,0.07897588189535955
2024-12-02 11:00:00,0.2984923632930069,0.2984923632930069
2024-12-02 12:00:00,0.7126207232538765,0.7126207232538765
2024-12-02 13:00:00,1.0511255883550028,1.0511255883550028
2024-12-02 14:00:00,1.4115866682409424,1.4115866682409424
2024-12-02 15:00:00,1.5924411564053074,1.5924411564053074
2024-12-02 16:00:00,1.823544431523037,1.823544431523037
2024-12-02 17:00:00,2.0288756085997854,2.0288756085997854
2024-12-02 18:00:00,2.534011569925,2.534011569925
2024-12-02 19:00:00,2.3482143774159208,2.3482143774159208
2024-12-02 20:00:00,2.189349241166734,2.189349241166734
2024-12-02 21:00:00,2.2536380171097745,2.2536380171097745
2024-12-02 22:00:00,0.0,0.0
2024-12-02 23:00:00,0.0,0.0
2024-12-03 00:00:00,0.0,0.0
2024-12-03 01:00:00,0.0,0.0
2024-12-03 02:00:00,0.0,0.0
2024-12-03 03:00:00,0.0,0.0
2024-12-03 04:00:00,0.0,0.0
2024-12-03 05:00:00,0.0,0.0
2024-12-03 06:00:00,0.0,0.0
2024-12-03 07:00:00,0.0,0.0
2024-12-03 08:00:00,0.0,0.0
2024-12-03 09:00:00,0.0,0.0
2024-12-03 10:00:00,0.07474970356091831,0.07474970356091831
2024-12-03 11:00:00,0.27293498918331605,0.27293498918331605
2024-12-03 12:00:00,0.7063874175335974,0.7063874175335974
2024-12-03 13:00:00,1.0636730247932125,1.0636730247932125
2024-12-03 14:00:00,1.348700303777502,1.348700303777502
2024-12-03 15:00:00,1.8872435198265638,1.8872435198265638
2024-12-03 16:00:00,2.242839593810289,2.242839593810289
2024-12-03 17:00:00,2.404598471136585,2.404598471136585
2024-12-03 18:00:00,2.6593150954862987,2.6593150954862987
2024-12-03 19:00:00,2.228486825317269,2.228486825317269
2024-12-03 20:00:00,2.178611317643129,2.178611317643129
2024-12-03 21:00:00,2.1097572406496314,2.1097572406496314
2024-12-03 22:00:00,0.0,0.0
2024-12-03 23:00:00,0.0,0.0
2024-12-04 00:00:00,0.0,0.0
2024-12-04 01:00:00,0.0,0.0
2024-12-04 02:00:00,0.0,0.0
2024-12-04 03:00:00,0.0,0.0
2024-12-04 04:00:00,0.0,0.0
2024-12-04 05:00:00,0.0,0.0
2024-12-04 06:00:00,0.0,0.0
2024-12-04 07:00:00,0.0,0.0
2024-12-04 08:00:00,0.0,0.0
2024-12-04 09:00:00,0.0,0.0
2024-12-04 10:00:00,0.09136654483496952,0.09136654483496952
2024-12-04 11:00:00,0.2736914328559682,0.2736914328559682
2024-12-04 12:00:00,0.7065244635899326,0.7065244635899326
2024-12-04 13:00:00,1.0610814536246855,1.0610814536246855
2024-12-04 14:00:00,1.2887863638063954,1.2887863638063954
2024-12-04 15:00:00,1.6337945963243456,1.6337945963243456
2024-12-04 16:00:00,2.6205896570400307,2.6205896570400307
2024-12-04 17:00:00,2.495395365904347,2.495395365904347
2024-12-04 18:00:00,2.0875691896931916,2.0875691896931916
2024-12-04 19:00:00,2.069774788780515,2.069774788780515
2024-12-04 20:00:00,2.5275081239536297,2.5275081239536297
2024-12-04 21:00:00,2.1558671881041493,2.1558671881041493
2024-12-04 22:00:00,0.0,0.0
2024-12-04 23:00:00,0.0,0.0
2024-12-05 00:00:00,0.0,0.0
2024-12-05 01:00:00,0.0,0.0
2024-12-05 02:00:00,0.0,0.0
2024-12-05 03:00:00,0.0,0.0
2024-12-05 04:00:00,0.0,0.0
2024-12-05 05:00:00,0.0,0.0
2024-12-05 06:00:00,0.0,0.0
2024-12-05 07:00:00,0.0,0.0
2024-12-05 08:00:00,0.0,0.0
2024-12-05 09:00:00,0.0,0.0
2024-12-05 10:00:00,0.08618448448717439,0.08618448448717439
2024-12-05 11:00:00,0.29961980616111433,0.29961980616111433
2024-12-05 12:00:00,0.6973125527256897,0.6973125527256897
2024-12-05 13:00:00,1.0118992930633062,1.0118992930633062
2024-12-05 14:00:00,1.5854440713173397,1.5854440713173397
2024-12-05 15:00:00,1.8842241451363924,1.8842241451363924
2024-12-05 16:00:00,2.1216987803527565,2.1216987803527565
2024-12-05 17:00:00,2.658483703025757,2.658483703025757
2024-12-05 18:00:00,2.7725527709344253,2.7725527709344253
2024-12-05 19:00:00,2.4767198040834635,2.4767198040834635
2024-12-05 20:00:00,2.458900195167873,2.458900195167873
2024-12-05 21:00:00,2.0441554002391427,2.0441554002391427
2024-12-05 22:00:00,0.0,0.0
2024-12-05 23:00:00,0.0,0.0
2024-12-06 00:00:00,0.0,0.0
2024-12-06 01:00:00,0.0,0.0
2024-12-06 02:00:00,0.0,0.0
2024-12-06 03:00:00,0.0,0.0
2024-12-06 04:00:00,0.0,0.0
2024-12-06 05:00:00,0.0,0.0
2024-12-06 06:00:00,0.0,0.0
2024-12-06 07:00:00,0.0,0.0
2024-12-06 08:00:00,0.0,0.0
2024-12-06 09:00:00,0.0,0.0
2024-12-06 10:00:00,0.09986047397693945,0.09986047397693945
2024-12-06 11:00:00,0.3600798982243055,0.3600798982243055
2024-12-06 12:00:00,0.7646418682834623,0.7646418682834623
2024-12-06 13:00:00,1.1841962722612944,1.1841962722612944
2024-12-06 14:00:00,1.480302513713321,1.480302513713321
2024-12-06 15:00:00,2.0924818255938344,2.0924818255938344
2024-12-06 16:00:00,2.521176879644723,2.521176879644723
2024-12-06 17:00:00,2.7921080742850397,2.7921080742850397
2024-12-06 18:00:00,2.7516359250777,2.7516359250777
2024-12-06 19:00:00,2.262081471688294,2.262081471688294
2024-12-06 20:00:00,2.982279766227702,2.982279766227702
2024-12-06 21:00:00,2.637261727651614,2.637261727651614
2024-12-06 22:00:00,0.0,0.0
2024-12-06 23:00:00,0.0,0.0
2024-12-07 00:00:00,0.0,0.0
2024-12-07 01:00:00,0.0,0.0
2024-12-07 02:00:00,0.0,0.0
2024-12-07 03:00:00,0.0,0.0
2024-12-07 04:00:00,0.0,0.0
2024-12-07 05:00:00,0.0,0.0
2024-12-07 06:00:00,0.0,0.0
2024-12-07 07:00:00,0.0,0.0
2024-12-07 08:00:00,0.0,0.0
2024-12-07 09:00:00,0.0,0.0
2024-12-07 10:00:00,0.06996453807520436,0.06996453807520436
2024-12-07 11:00:00,0.18839692135083305,0.18839692135083305
2024-12-07 12:00:00,0.4656763096354789,0.4656763096354789
2024-12-07 13:00:00,0.8088430184958487,0.8088430184958487
2024-12-07 14:00:00,0.868791439680261,0.868791439680261
2024-12-07 15:00:00,1.2740112383954305,1.2740112383954305
2024-12-07 16:00:00,1.4898447782623396,1.4898447782623396
2024-12-07 17:00:00,2.1454090132334613,2.1454090132334613
2024-12-07 18:00:00,1.8169372009621185,1.8169372009621185
2024-12-07 19:00:00,1.8526806025681264,1.8526806025681264
2024-12-07 20:00:00,2.0187563323194904,2.0187563323194904
2024-12-07 21:00:00,1.769866189537349,1.769866189537349
2024-12-07 22:00:00,0.0,0.0
2024-12-07 23:00:00,0.0,0.0
2024-12-08 00:00:00,0.0,0.0
2024-12-08 01:00:00,0.0,0.0
2024-12-08 02:00:00,0.0,0.0
2024-12-08 03:00:00,0.0,0.0
2024-12-08 04:00:00,0.0,0.0
2024-12-08 05:00:00,0.0,0.0
2024-12-08 06:00:00,0.0,0.0
2024-12-08 07:00:00,0.0,0.0
2024-12-08 08:00:00,0.0,0.0
2024-12-08 09:00:00,0.0,0.0
2024-12-08 10:00:00,0.05030957118364685,0.05030957118364685
2024-12-08 11:00:00,0.18979462262121757,0.18979462262121757
2024-12-08 12:00:00,0.5347496292804035,0.5347496292804035
2024-12-08 13:00:00,0.6558191903696357,0.6558191903696357
2024-12-08 14:00:00,0.8537292259123843,0.8537292259123843
2024-12-08 15:00:00,1.4062517936461378,1.4062517936461378
2024-12-08 16:00:00,1.5008589365145406,1.5008589365145406
2024-12-08 17:00:00,1.9112086258812444,1.9112086258812444
2024-12-08 18:00:00,1.5969661074500139,1.5969661074500139
2024-12-08 19:00:00,1.5570749263404284,1.5570749263404284
2024-12-08 20:00:00,1.75076541768242,1.75076541768242
2024-12-08 21:00:00,1.4835604757941605,1.4835604757941605
2024-12-08 22:00:00,0.0,0.0
2024-12-08 23:00:00,0.0,0.0
2024-12-09 00:00:00,0.0,0.0
2024-12-09 01:00:00,0.0,0.0
2024-12-09 02:00:00,0.0,0.0
2024-12-09 03:00:00,0.0,0.0
2024-12-09 04:00:00,0.0,0.0
2024-12-09 05:00:00,0.0,0.0
2024-12-09 06:00:00,0.0,0.0
2024-12-09 07:00:00,0.0,0.0
2024-12-09 08:00:00,0.0,0.0
2024-12-09 09:00:00,0.0,0.0
2024-12-09 10:00:00,0.0822329319722806,0.0822329319722806
2024-12-09 11:00:00,0.27146201394584923,0.27146201394584923
2024-12-09 12:00:00,0.7508268486181077,0.7508268486181077
2024-12-09 13:00:00,1.0408646818259037,1.0408646818259037
2024-12-09 14:00:00,1.365770581343584,1.365770581343584
2024-12-09 15:00:00,1.959090440280058,1.959090440280058
2024-12-09 16:00:00,2.2605402410277784,2.2605402410277784
2024-12-09 17:00:00,2.209117016156705,2.209117016156705
2024-12-09 18:00:00,2.2231429612627505,2.2231429612627505
2024-12-09 19:00:00,2.0549224159524306,2.0549224159524306
2024-12-09 20:00:00,2.322416351306389,2.322416351306389
2024-12-09 21:00:00,2.2744777012154898,2.2744777012154898
2024-12-09 22:00:00,0.0,0.0
2024-12-09 23:00:00,0.0,0.0
2024-12-10 00:00:00,0.0,0.0
2024-12-10 01:00:00,0.0,0.0
2024-12-10 02:00:00,0.0,0.0
2024-12-10 03:00:00,0.0,0.0
2024-12-10 04:00:00,0.0,0.0
2024-12-10 05:00:00,0.0,0.0
2024-12-10 06:00:00,0.0,0.0
2024-12-10 07:00:00,0.0,0.0
2024-12-10 08:00:00,0.0,0.0
2024-12-10 09:00:00,0.0,0.0
2024-12-10 10:00:00,0.09109182206712318,0.09109182206712318
2024-12-10 11:00:00,0.3021299487021083,0.3021299487021083
2024-12-10 12:00:00,0.6378020150044831,0.6378020150044831
2024-12-10 13:00:00,0.8448278071143568,0.8448278071143568
2024-12-10 14:00:00,1.4685536066543265,1.4685536066543265
2024-12-10 15:00:00,1.719940318575321,1.719940318575321
2024-12-10 16:00:00,1.9799548819876351,1.9799548819876351
2024-12-10 17:00:00,2.382713747274122,2.382713747274122
2024-12-10 18:00:00,2.423644661966071,2.423644661966071
2024-12-10 19:00:00,2.187970173941356,2.187970173941356
2024-12-10 20:00:00,2.189446918381426,2.189446918381426
2024-12-10 21:00:00,2.009749232340683,2.009749232340683
2024-12-10 22:00:00,0.0,0.0
2024-12-10 23:00:00,0.0,0.0
2024-12-11 00:00:00,0.0,0.0
2024-12-11 01:00:00,0.0,0.0
2024-12-11 02:00:00,0.0,0.0
2024-12-11 03:00:00,0.0,0.0
2024-12-11 04:00:00,0.0,0.0
2024-12-11 05:00:00,0.0,0.0
2024-12-11 06:00:00,0.0,0.0
2024-12-11 07:00:00,0.0,0.0
2024-12-11 08:00:00,0.0,0.0
2024-12-11 09:00:00,0.0,0.0
2024-12-11 10:00:00,0.07705293886054677,0.07705293886054677
2024-12-11 11:00:00,0.29550338463085707,0.29550338463085707
2024-12-11 12:00:00,0.5753688751302358,0.5753688751302358
2024-12-11 13:00:00,1.0035702747707516,1.0035702747707516
2024-12-11 14:00:00,1.049751272871628,1.049751272871628
2024-12-11 15:00:00,1.6028996097204367,1.6028996097204367
2024-12-11 16:00:00,2.289521691270872,2.289521691270872
2024-12-11 17:00:00,2.604620761798484,2.604620761798484
2024-12-11 18:00:00,1.9149904896972871,1.9149904896972871
2024-12-11 19:00:00,2.0052104700872073,2.0052104700872073
2024-12-11 20:00:00,2.1123454254821574,2.1123454254821574
2024-12-11 21:00:00,1.9466786520637234,1.9466786520637234
2024-12-11 22:00:00,0.0,0.0
2024-12-11 23:00:00,0.0,0.0
2024-12-12 00:00:00,0.0,0.0
2024-12-12 01:00:00,0.0,0.0
2024-12-12 02:00:00,0.0,0.0
2024-12-12 03:00:00,0.0,0.0
2024-12-12 04:00:00,0.0,0.0
2024-12-12 05:00:00,0.0,0.0
2024-12-12 06:00:00,0.0,0.0
2024-12-12 07:00:00,0.0,0.0
2024-12-12 08:00:00,0.0,0.0
2024-12-12 09:00:00,0.0,0.0
2024-12-12 10:00:00,0.07334791566007408,0.07334791566007408
2024-12-12 11:00:00,0.341638667164903,0.341638667164903
2024-12-12 12:00:00,0.7550460103926793,0.7550460103926793
2024-12-12 13:00:00,0.9558700305748768,0.9558700305748768
2024-12-12 14:00:00,1.389059253695156,1.389059253695156
2024-12-12 15:00:00,1.8485608762277168,1.8485608762277168
2024-12-12 16:00:00,2.131512640172939,2.131512640172939
2024-12-12 17:00:00,2.2896448948676746,2.2896448948676746
2024-12-12 18:00:00,2.465631662375772,2.465631662375772
2024-12-12 19:00:00,2.1561406066624538,2.1561406066624538
2024-12-12 20:00:00,2.279548238521593,2.279548238521593
2024-12-12 21:00:00,1.97574857761586,1.97574857761586
2024-12-12 22:00:00,0.0,0.0
2024-12-12 23:00:00,0.0,0.0
2024-12-13 00:00:00,0.0,0.0
2024-12-13 01:00:00,0.0,0.0
2024-12-13 02:00:00,0.0,0.0
2024-12-13 03:00:00,0.0,0.0
2024-12-13 04:00:00,0.0,0.0
2024-12-13 05:00:00,0.0,0.0
2024-12-13 06:00:00,0.0,0.0
2024-12-13 07:00:00,0.0,0.0
2024-12-13 08:00:00,0.0,0.0
2024-12-13 09:00:00,0.0,0.0
2024-12-13 10:00:00,0.07026916312835361,0.07026916312835361
2024-12-13 11:00:00,0.2951568731638674,0.2951568731638674
2024-12-13 12:00:00,0.5480190341901181,0.5480190341901181
2024-12-13 13:00:00,0.9462470436016885,0.9462470436016885
2024-12-13 14:00:00,1.1277466025440719,1.1277466025440719
2024-12-13 15:00:00,1.4021066580603667,1.4021066580603667
2024-12-13 16:00:00,2.1343914182839505,2.1343914182839505
2024-12-13 17:00:00,2.594578873068177,2.594578873068177
2024-12-13 18:00:00,2.409729603613675,2.409729603613675
2024-12-13 19:00:00,2.3408222754241,2.3408222754241
2024-12-13 20:00:00,2.044406715566788,2.044406715566788
2024-12-13 21:00:00,2.221237139648493,2.221237139648493
2024-12-13 22:00:00,0.0,0.0
2024-12-13 23:00:00,0.0,0.0
2024-12-14 00:00:00,0.0,0.0
2024-12-14 01:00:00,0.0,0.0
2024-12-14 02:00:00,0.0,0.0
2024-12-14 03:00:00,0.0,0.0
2024-12-14 04:00:00,0.0,0.0
2024-12-14 05:00:00,0.0,0.0
2024-12-14 06:00:00,0.0,0.0
2024-12-14 07:00:00,0.0,0.0
2024-12-14 08:00:00,0.0,0.0
2024-12-14 09:00:00,0.0,0.0
2024-12-14 10:00:00,0.051034966801688786,0.051034966801688786
2024-12-14 11:00:00,0.19056714429203056,0.19056714429203056
2024-12-14 12:00:00,0.45801000969407374,0.45801000969407374
2024-12-14 13:00:00,0.5821236898941772,0.5821236898941772
2024-12-14 14:00:00,0.7797173547044531,0.7797173547044531
2024-12-14 15:00:00,1.0740121247439594,1.0740121247439594
2024-12-14 16:00:00,1.6068027579199402,1.6068027579199402
2024-12-14 17:00:00,1.8500473841030105,1.8500473841030105
2024-12-14 18:00:00,1.4225354756014839,1.4225354756014839
2024-12-14 19:00:00,1.312941544010824,1.312941544010824
2024-12-14 20:00:00,1.7959626788962841,1.7959626788962841
2024-12-14 21:00:00,1.5449646088482458,1.5449646088482458
2024-12-14 22:00:00,0.0,0.0
2024-12-14 23:00:00,0.0,0.0
2024-12-15 00:00:00,0.0,0.0
2024-12-15 01:00:00,0.0,0.0
2024-12-15 02:00:00,0.0,0.0
2024-12-15 03:00:00,0.0,0.0
2024-12-15 04:00:00,0.0,0.0
2024-12-15 05:00:00,0.0,0.0
2024-12-15 06:00:00,0.0,0.0
2024-12-15 07:00:00,0.0,0.0
2024-12-15 08:00:00,0.0,0.0
2024-12-15 09:00:00,0.0,0.0
2024-12-15 10:00:00,0.05390202081914243,0.05390202081914243
2024-12-15 11:00:00,0.2307405297106406,0.2307405297106406
2024-12-15 12:00:00,0.4205430617839562,0.4205430617839562
2024-12-15 13:00:00,0.6201051055862699,0.6201051055862699
2024-12-15 14:00:00,0.8981021131344589,0.8981021131344589
2024-12-15 15:00:00,1.177575304954147,1.177575304954147
2024-12-15 16:00:00,1.4671974753585708,1.4671974753585708
2024-12-15 17:00:00,1.8208633319708434,1.8208633319708434
2024-12-15 18:00:00,1.7097968178389094,1.7097968178389094
2024-12-15 19:00:00,1.7873430616265873,1.7873430616265873
2024-12-15 20:00:00,1.7650982965069084,1.7650982965069084
2024-12-15 21:00:00,1.718063740005092,1.718063740005092
2024-12-15 22:00:00,0.0,0.0
2024-12-15 23:00:00,0.0,0.0
2024-12-16 00:00:00,0.0,0.0
2024-12-16 01:00:00,0.0,0.0
2024-12-16 02:00:00,0.0,0.0
2024-12-16 03:00:00,0.0,0.0
2024-12-16 04:00:00,0.0,0.0
2024-12-16 05:00:00,0.0,0.0
2024-12-16 06:00:00,0.0,0.0
2024-12-16 07:00:00,0.0,0.0
2024-12-16 08:00:00,0.0,0.0
2024-12-16 09:00:00,0.0,0.0
2024-12-16 10:00:00,0.09043308283681695,0.09043308283681695
2024-12-16 11:00:00,0.27012106353950677,0.27012106353950677
2024-12-16 12:00:00,0.6575962264205841,0.6575962264205841
2024-12-16 13:00:00,0.9367693019558584,0.9367693019558584
2024-12-16 14:00:00,1.4214237263923164,1.4214237263923164
2024-12-16 15:00:00,1.9306091813322988,1.9306091813322988
2024-12-16 16:00:00,2.2307097907622477,2.2307097907622477
2024-12-16 17:00:00,2.4192875534911744,2.4192875534911744
2024-12-16 18:00:00,2.62395778526504,2.62395778526504
2024-12-16 19:00:00,1.8818931988327527,1.8818931988327527
2024-12-16 20:00:00,2.266373550644521,2.266373550644521
2024-12-16 21:00:00,2.2062117652467568,2.2062117652467568
2024-12-16 22:00:00,0.0,0.0
2024-12-16 23:00:00,0.0,0.0
2024-12-17 00:00:00,0.0,0.0
2024-12-17 01:00:00,0.0,0.0
2024-12-17 02:00:00,0.0,0.0
2024-12-17 03:00:00,0.0,0.0
2024-12-17 04:00:00,0.0,0.0
2024-12-17 05:00:00,0.0,0.0
2024-12-17 06:00:00,0.0,0.0
2024-12-17 07:00:00,0.0,0.0
2024-12-17 08:00:00,0.0,0.0
2024-12-17 09:00:00,0.0,0.0
2024-12-17 10:00:00,0.07999355439988802,0.07999355439988802
2024-12-17 11:00:00,0.2896742745394448,0.2896742745394448
2024-12-17 12:00:00,0.8499028091522576,0.8499028091522576
2024-12-17 13:00:00,1.0656194114210045,1.0656194114210045
2024-12-17 14:00:00,1.4955650018661135,1.4955650018661135
2024-12-17 15:00:00,1.7498309160025611,1.7498309160025611
2024-12-17 16:00:00,2.1759165998488315,2.1759165998488315
2024-12-17 17:00:00,2.873463939586345,2.873463939586345
2024-12-17 18:00:00,2.4369482405828062,2.4369482405828062
2024-12-17 19:00:00,2.406763072353747,2.406763072353747
2024-12-17 20:00:00,2.4517990551883266,2.4517990551883266
2024-12-17 21:00:00,2.0827259452253983,2.0827259452253983
2024-12-17 22:00:00,0.0,0.0
2024-12-17 23:00:00,0.0,0.0
2024-12-18 00:00:00,0.0,0.0
2024-12-18 01:00:00,0.0,0.0
2024-12-18 02:00:00,0.0,0.0
2024-12-18 03:00:00,0.0,0.0
2024-12-18 04:00:00,0.0,0.0
2024-12-18 05:00:00,0.0,0.0
2024-12-18 06:00:00,0.0,0.0
2024-12-18 07:00:00,0.0,0.0
2024-12-18 08:00:00,0.0,0.0
2024-12-18 09:00:00,0.0,0.0
2024-12-18 10:00:00,0.07822417290023466,0.07822417290023466
2024-12-18 11:00:00,0.343870540767362,0.343870540767362
2024-12-18 12:00:00,0.6527328578153865,0.6527328578153865
2024-12-18 13:00:00,1.147575144720178,1.147575144720178
2024-12-18 14:00:00,1.6202365690360623,1.6202365690360623
2024-12-18 15:00:00,1.830538422524012,1.830538422524012
2024-12-18 16:00:00,2.6163273280855126,2.6163273280855126
2024-12-18 17:00:00,2.671344661643669,2.671344661643669
2024-12-18 18:00:00,2.8837869177764768,2.8837869177764768
2024-12-18 19:00:00,2.4916681738924846,2.4916681738924846
2024-12-18 20:00:00,2.5895723728499935,2.5895723728499935
2024-12-18 21:00:00,2.3990517516205503,2.3990517516205503
2024-12-18 22:00:00,0.0,0.0
2024-12-18 23:00:00,0.0,0.0
2024-12-19 00:00:00,0.0,0.0
2024-12-19 01:00:00,0.0,0.0
2024-12-19 02:00:00,0.0,0.0
2024-12-19 03:00:00,0.0,0.0
2024-12-19 04:00:00,0.0,0.0
2024-12-19 05:00:00,0.0,0.0
2024-12-19 06:00:00,0.0,0.0
2024-12-19 07:00:00,0.0,0.0
2024-12-19 08:00:00,0.0,0.0
2024-12-19 09:00:00,0.0,0.0
2024-12-19 10:00:00,0.06542307694969719,0.06542307694969719
2024-12-19 11:00:00,0.30104335212633365,0.30104335212633365
2024-12-19 12:00:00,0.6921896101830685,0.6921896101830685
2024-12-19 13:00:00,0.999647600821417,0.999647600821417
2024-12-19 14:00:00,1.313013217087208,1.313013217087208
2024-12-19 15:00:00,1.6637352958683338,1.6637352958683338
2024-12-19 16:00:00,1.9626257209634623,1.9626257209634623
2024-12-19 17:00:00,2.3368666595698544,2.3368666595698544
2024-12-19 18:00:00,1.854113114352898,1.854113114352898
2024-12-19 19:00:00,2.171950040075925,2.171950040075925
2024-12-19 20:00:00,2.2401691568687396,2.2401691568687396
2024-12-19 21:00:00,1.7524996871465157,1.7524996871465157
2024-12-19 22:00:00,0.0,0.0
2024-12-19 23:00:00,0.0,0.0
2024-12-20 00:00:00,0.0,0.0
2024-12-20 01:00:00,0.0,0.0
2024-12-20 02:00:00,0.0,0.0
2024-12-20 03:00:00,0.0,0.0
2024-12-20 04:00:00,0.0,0.0
2024-12-20 05:00:00,0.0,0.0
2024-12-20 06:00:00,0.0,0.0
2024-12-20 07:00:00,0.0,0.0
2024-12-20 08:00:00,0.0,0.0
2024-12-20 09:00:00,0.0,0.0
2024-12-20 10:00:00,0.06603858878728953,0.06603858878728953
2024-12-20 11:00:00,0.2428141604367089,0.2428141604367089
2024-12-20 12:00:00,0.6426463948407193,0.6426463948407193
2024-12-20 13:00:00,0.8158007477095209,0.8158007477095209
2024-12-20 14:00:00,1.167807155744052,1.167807155744052
2024-12-20 15:00:00,1.6106226944792983,1.6106226944792983
2024-12-20 16:00:00,2.3223680339254087,2.3223680339254087
2024-12-20 17:00:00,2.1968200249847896,2.1968200249847896
2024-12-20 18:00:00,2.4720435884627183,2.4720435884627183
2024-12-20 19:00:00,1.8051271806676583,1.8051271806676583
2024-12-20 20:00:00,2.5170057958044776,2.5170057958044776
2024-12-20 21:00:00,1.885374042274268,1.885374042274268
2024-12-20 22:00:00,0.0,0.0
2024-12-20 23:00:00,0.0,0.0
2024-12-21 00:00:00,0.0,0.0
2024-12-21 01:00:00,0.0,0.0
2024-12-21 02:00:00,0.0,0.0
2024-12-21 03:00:00,0.0,0.0
2024-12-21 04:00:00,0.0,0.0
2024-12-21 05:00:00,0.0,0.0
2024-12-21 06:00:00,0.0,0.0
2024-12-21 07:00:00,0.0,0.0
2024-12-21 08:00:00,0.0,0.0
2024-12-21 09:00:00,0.0,0.0
2024-12-21 10:00:00,0.06406430020337109,0.06406430020337109
2024-12-21 11:00:00,0.20993171782409986,0.20993171782409986
2024-12-21 12:00:00,0.44878248298149076,0.44878248298149076
2024-12-21 13:00:00,0.7722555169634571,0.7722555169634571
2024-12-21 14:00:00,1.0279535006317653,1.0279535006317653
2024-12-21 15:00:00,1.1441027877780652,1.1441027877780652
2024-12-21 16:00:00,1.7424161898419133,1.7424161898419133
2024-12-21 17:00:00,1.5451422557889278,1.5451422557889278
2024-12-21 18:00:00,1.7261884461257928,1.7261884461257928
2024-12-21 19:00:00,1.48596369109372,1.48596369109372
2024-12-21 20:00:00,1.813555517080979,1.813555517080979
2024-12-21 21:00:00,1.3570161893556916,1.3570161893556916
2024-12-21 22:00:00,0.0,0.0
2024-12-21 23:00:00,0.0,0.0
2024-12-22 00:00:00,0.0,0.0
2024-12-22 01:00:00,0.0,0.0
2024-12-22 02:00:00,0.0,0.0
2024-12-22 03:00:00,0.0,0.0
2024-12-22 04:00:00,0.0,0.0
2024-12-22 05:00:00,0.0,0.0
2024-12-22 06:00:00,0.0,0.0
2024-12-22 07:00:00,0.0,0.0
2024-12-22 08:00:00,0.0,0.0
2024-12-22 09:00:00,0.0,0.0
2024-12-22 10:00:00,0.054337459310355773,0.054337459310355773
2024-12-22 11:00:00,0.23470166158723194,0.23470166158723194
2024-12-22 12:00:00,0.558206804650421,0.558206804650421
2024-12-22 13:00:00,0.7693632168382346,0.7693632168382346
2024-12-22 14:00:00,0.9081091548725674,0.9081091548725674
2024-12-22 15:00:00,1.2631751889361136,1.2631751889361136
2024-12-22 16:00:00,1.427313968668307,1.427313968668307
2024-12-22 17:00:00,1.608590023527131,1.608590023527131
2024-12-22 18:00:00,1.491660038138569,1.491660038138569
2024-12-22 19:00:00,1.7355371859067752,1.7355371859067752
2024-12-22 20:00:00,1.8106830558578648,1.8106830558578648
2024-12-22 21:00:00,1.5708508241609302,1.5708508241609302
2024-12-22 22:00:00,0.0,0.0
2024-12-22 23:00:00,0.0,0.0
2024-12-23 00:00:00,0.0,0.0
2024-12-23 01:00:00,0.0,0.0
2024-12-23 02:00:00,0.0,0.0
2024-12-23 03:00:00,0.0,0.0
2024-12-23 04:00:00,0.0,0.0
2024-12-23 05:00:00,0.0,0.0
2024-12-23 06:00:00,0.0,0.0
2024-12-23 07:00:00,0.0,0.0
2024-12-23 08:00:00,0.0,0.0
2024-12-23 09:00:00,0.0,0.0
2024-12-23 10:00:00,0.09310895447881612,0.09310895447881612
2024-12-23 11:00:00,0.2976911027847585,0.2976911027847585
2024-12-23 12:00:00,0.6611042844392878,0.6611042844392878
2024-12-23 13:00:00,1.1323658085971677,1.1323658085971677
2024-12-23 14:00:00,1.277795299392959,1.277795299392959
2024-12-23 15:00:00,2.025261266453357,2.025261266453357
2024-12-23 16:00:00,2.512902658581021,2.512902658581021
2024-12-23 17:00:00,2.4047972276418466,2.4047972276418466
2024-12-23 18:00:00,2.459362636657527,2.459362636657527
2024-12-23 19:00:00,2.3631621125648827,2.3631621125648827
2024-12-23 20:00:00,2.97565681829065,2.97565681829065
2024-12-23 21:00:00,2.603539663226691,2.603539663226691
2024-12-23 22:00:00,0.0,0.0
2024-12-23 23:00:00,0.0,0.0
2024-12-24 00:00:00,0.0,0.0
2024-12-24 01:00:00,0.0,0.0
2024-12-24 02:00:00,0.0,0.0
2024-12-24 03:00:00,0.0,0.0
2024-12-24 04:00:00,0.0,0.0
2024-12-24 05:00:00,0.0,0.0
2024-12-24 06:00:00,0.0,0.0
2024-12-24 07:00:00,0.0,0.0
2024-12-24 08:00:00,0.0,0.0
2024-12-24 09:00:00,0.0,0.0
2024-12-24 10:00:00,0.09133851560854522,0.09133851560854522
2024-12-24 11:00:00,0.27464704522805367,0.27464704522805367
2024-12-24 12:00:00,0.7882779779683706,0.7882779779683706
2024-12-24 13:00:00,1.1173086540929933,1.1173086540929933
2024-12-24 14:00:00,1.4013642439794538,1.4013642439794538
2024-12-24 15:00:00,2.1451354634151323,2.1451354634151323
2024-12-24 16:00:00,2.109714613302946,2.109714613302946
2024-12-24 17:00:00,2.5103179027583074,2.5103179027583074
2024-12-24 18:00:00,2.1733799043131277,2.1733799043131277
2024-12-24 19:00:00,2.5520808276525386,2.5520808276525386
2024-12-24 20:00:00,2.1912350233903015,2.1912350233903015
2024-12-24 21:00:00,2.344091538734169,2.344091538734169
2024-12-24 22:00:00,0.0,0.0
2024-12-24 23:00:00,0.0,0.0
2024-12-25 00:00:00,0.0,0.0
2024-12-25 01:00:00,0.0,0.0
2024-12-25 02:00:00,0.0,0.0
2024-12-25 03:00:00,0.0,0.0
2024-12-25 04:00:00,0.0,0.0
2024-12-25 05:00:00,0.0,0.0
2024-12-25 06:00:00,0.0,0.0
2024-12-25 07:00:00,0.0,0.0
2024-12-25 08:00:00,0.0,0.0
2024-12-25 09:00:00,0.0,0.0
2024-12-25 10:00:00,0.07665402030637264,0.07665402030637264
2024-12-25 11:00:00,0.2761961320269626,0.2761961320269626
2024-12-25 12:00:00,0.7591293154288381,0.7591293154288381
2024-12-25 13:00:00,1.0238000364877897,1.0238000364877897
2024-12-25 14:00:00,1.61444793491349,1.61444793491349
2024-12-25 15:00:00,1.661341293456112,1.661341293456112
2024-12-25 16:00:00,2.7139359234736844,2.7139359234736844
2024-12-25 17:00:00,2.5206917832098092,2.5206917832098092
2024-12-25 18:00:00,2.6208707383952596,2.6208707383952596
2024-12-25 19:00:00,2.3601265064216874,2.3601265064216874
2024-12-25 20:00:00,2.674489018729042,2.674489018729042
2024-12-25 21:00:00,1.9986464600565208,1.9986464600565208
2024-12-25 22:00:00,0.0,0.0
2024-12-25 23:00:00,0.0,0.0
2024-12-26 00:00:00,0.0,0.0
2024-12-26 01:00:00,0.0,0.0
2024-12-26 02:00:00,0.0,0.0
2024-12-26 03:00:00,0.0,0.0
2024-12-26 04:00:00,0.0,0.0
2024-12-26 05:00:00,0.0,0.0
2024-12-26 06:00:00,0.0,0.0
2024-12-26 07:00:00,0.0,0.0
2024-12-26 08:00:00,0.0,0.0
2024-12-26 09:00:00,0.0,0.0
2024-12-26 10:00:00,0.0894295468639441,0.0894295468639441
2024-12-26 11:00:00,0.29505545292703167,0.29505545292703167
2024-12-26 12:00:00,0.6401800982228337,0.6401800982228337
2024-12-26 13:00:00,1.1212988509007495,1.1212988509007495
2024-12-26 14:00:00,1.5719018957172688,1.5719018957172688
2024-12-26 15:00:00,1.7376625394461542,1.7376625394461542
2024-12-26 16:00:00,2.36824536470483,2.36824536470483
2024-12-26 17:00:00,2.7802183048081393,2.7802183048081393
2024-12-26 18:00:00,2.2591930611099893,2.2591930611099893
2024-12-26 19:00:00,2.526368265070144,2.526368265070144
2024-12-26 20:00:00,2.52797145216386,2.52797145216386
2024-12-26 21:00:00,2.5142910745826867,2.5142910745826867
2024-12-26 22:00:00,0.0,0.0
2024-12-26 23:00:00,0.0,0.0
2024-12-27 00:00:00,0.0,0.0
2024-12-27 01:00:00,0.0,0.0
2024-12-27 02:00:00,0.0,0.0
2024-12-27 03:00:00,0.0,0.0
2024-12-27 04:00:00,0.0,0.0
2024-12-27 05:00:00,0.0,0.0
2024-12-27 06:00:00,0.0,0.0
2024-12-27 07:00:00,0.0,0.0
2024-12-27 08:00:00,0.0,0.0
2024-12-27 09:00:00,0.0,0.0
2024-12-27 10:00:00,0.09490198004802891,0.09490198004802891
2024-12-27 11:00:00,0.32290134179071733,0.32290134179071733
2024-12-27 12:00:00,0.7567738190107358,0.7567738190107358
2024-12-27 13:00:00,1.1637060989048564,1.1637060989048564
2024-12-27 14:00:00,1.4558980671575483,1.4558980671575483
2024-12-27 15:00:00,1.7747239630234455,1.7747239630234455
2024-12-27 16:00:00,2.0443132512428877,2.0443132512428877
2024-12-27 17:00:00,2.53854003076735,2.53854003076735
2024-12-27 18:00:00,2.8138865547800087,2.8138865547800087
2024-12-27 19:00:00,2.4740359972517325,2.4740359972517325
2024-12-27 20:00:00,2.2423433946102502,2.2423433946102502
2024-12-27 21:00:00,2.5503272842691227,2.5503272842691227
2024-12-27 22:00:00,0.0,0.0
2024-12-27 23:00:00,0.0,0.0
2024-12-28 00:00:00,0.0,0.0
2024-12-28 01:00:00,0.0,0.0
2024-12-28 02:00:00,0.0,0.0
2024-12-28 03:00:00,0.0,0.0
2024-12-28 04:00:00,0.0,0.0
2024-12-28 05:00:00,0.0,0.0
2024-12-28 06:00:00,0.0,0.0
2024-12-28 07:00:00,0.0,0.0
2024-12-28 08:00:00,0.0,0.0
2024-12-28 09:00:00,0.0,0.0
2024-12-28 10:00:00,0.05541282317237061,0.05541282317237061
2024-12-28 11:00:00,0.2058227661059862,0.2058227661059862
2024-12-28 12:00:00,0.545512358592408,0.545512358592408
2024-12-28 13:00:00,0.8076800521333845,0.8076800521333845
2024-12-28 14:00:00,0.8952889762113294,0.8952889762113294
2024-12-28 15:00:00,1.3518088210898749,1.3518088210898749
2024-12-28 16:00:00,1.5307080539558733,1.5307080539558733
2024-12-28 17:00:00,2.004643606586488,2.004643606586488
2024-12-28 18:00:00,1.7298741154963562,1.7298741154963562
2024-12-28 19:00:00,1.6323455889327616,1.6323455889327616
2024-12-28 20:00:00,1.9305545859495141,1.9305545859495141
2024-12-28 21:00:00,1.6987650397736358,1.6987650397736358
2024-12-28 22:00:00,0.0,0.0
2024-12-28 23:00:00,0.0,0.0
2024-12-29 00:00:00,0.0,0.0
2024-12-29 01:00:00,0.0,0.0
2024-12-29 02:00:00,0.0,0.0
2024-12-29 03:00:00,0.0,0.0
2024-12-29 04:00:00,0.0,0.0
2024-12-29 05:00:00,0.0,0.0
2024-12-29 06:00:00,0.0,0.0
2024-12-29 07:00:00,0.0,0.0
2024-12-29 08:00:00,0.0,0.0
2024-12-29 09:00:00,0.0,0.0
2024-12-29 10:00:00,0.06224800229501483,0.06224800229501483
2024-12-29 11:00:00,0.198022479221858,0.198022479221858
2024-12-29 12:00:00,0.5488305800241935,0.5488305800241935
2024-12-29 13:00:00,0.7947652140680452,0.7947652140680452
2024-12-29 14:00:00,1.1054887908802375,1.1054887908802375
2024-12-29 15:00:00,1.3728383691419008,1.3728383691419008
2024-12-29 16:00:00,1.9395066881424219,1.9395066881424219
2024-12-29 17:00:00,1.7728452379447046,1.7728452379447046
2024-12-29 18:00:00,1.6169122409213295,1.6169122409213295
2024-12-29 19:00:00,1.880377373432581,1.880377373432581
2024-12-29 20:00:00,1.8770611768534398,1.8770611768534398
2024-12-29 21:00:00,1.632479198729048,1.632479198729048
2024-12-29 22:00:00,0.0,0.0
2024-12-29 23:00:00,0.0,0.0
2024-12-30 00:00:00,0.0,0.0
2024-12-30 01:00:00,0.0,0.0
2024-12-30 02:00:00,0.0,0.0
2024-12-30 03:00:00,0.0,0.0
2024-12-30 04:00:00,0.0,0.0
2024-12-30 05:00:00,0.0,0.0
2024-12-30 06:00:00,0.0,0.0
2024-12-30 07:00:00,0.0,0.0
2024-12-30 08:00:00,0.0,0.0
2024-12-30 09:00:00,0.0,0.0
2024-12-30 10:00:00,0.07878484003985087,0.07878484003985087
2024-12-30 11:00:00,0.3038547524811984,0.3038547524811984
2024-12-30 12:00:00,0.6072506095559018,0.6072506095559018
2024-12-30 13:00:00,1.01788642209401,1.01788642209401
2024-12-30 14:00:00,1.5135194434214818,1.5135194434214818
2024-12-30 15:00:00,2.0855330930295852,2.0855330930295852
2024-12-30 16:00:00,2.6297224017501595,2.6297224017501595
2024-12-30 17:00:00,2.207029173151536,2.207029173151536
2024-12-30 18:00:00,2.747965704640703,2.747965704640703
2024-12-30 19:00:00,2.3505012341382296,2.3505012341382296
2024-12-30 20:00:00,2.7018400583522753,2.7018400583522753
2024-12-30 21:00:00,2.268657031906685,2.268657031906685
2024-12-30 22:00:00,0.0,0.0
2024-12-30 23:00:00,0.0,0.0
