timestamp,power_kw,energy_kwh
2024-01-01 00:00:00,0.0,0.0
2024-01-01 01:00:00,0.0,0.0
2024-01-01 02:00:00,0.0,0.0
2024-01-01 03:00:00,0.0,0.0
2024-01-01 04:00:00,0.0,0.0
2024-01-01 05:00:00,0.0,0.0
2024-01-01 06:00:00,0.0,0.0
2024-01-01 07:00:00,0.0,0.0
2024-01-01 08:00:00,0.0,0.0
2024-01-01 09:00:00,0.0,0.0
2024-01-01 10:00:00,0.0962031584598077,0.0962031584598077
2024-01-01 11:00:00,0.36349758796215875,0.36349758796215875
2024-01-01 12:00:00,0.6025758149816475,0.6025758149816475
2024-01-01 13:00:00,0.9169265423842292,0.9169265423842292
2024-01-01 14:00:00,1.4487291902856887,1.4487291902856887
2024-01-01 15:00:00,1.946506769812366,1.946506769812366
2024-01-01 16:00:00,1.98674484891759,1.98674484891759
2024-01-01 17:00:00,2.8535598200778254,2.8535598200778254
2024-01-01 18:00:00,2.3772092750980516,2.3772092750980516
2024-01-01 19:00:00,2.7619453304540995,2.7619453304540995
2024-01-01 20:00:00,2.3653607771810625,2.3653607771810625
2024-01-01 21:00:00,2.7626411901583796,2.7626411901583796
2024-01-01 22:00:00,0.0,0.0
2024-01-01 23:00:00,0.0,0.0
2024-01-02 00:00:00,0.0,0.0
2024-01-02 01:00:00,0.0,0.0
2024-01-02 02:00:00,0.0,0.0
2024-01-02 03:00:00,0.0,0.0
2024-01-02 04:00:00,0.0,0.0
2024-01-02 05:00:00,0.0,0.0
2024-01-02 06:00:00,0.0,0.0
2024-01-02 07:00:00,0.0,0.0
2024-01-02 08:00:00,0.0,0.0
2024-01-02 09:00:00,0.0,0.0
2024-01-02 10:00:00,0.09488793538280095,0.09488793538280095
2024-01-02 11:00:00,0.3276645507118123,0.3276645507118123
2024-01-02 12:00:00,0.5795310036092524,0.5795310036092524
2024-01-02 13:00:00,0.9083445369886498,0.9083445369886498
2024-01-02 14:00:00,1.2710481042659416,1.2710481042659416
2024-01-02 15:00:00,1.5761694457901108,1.5761694457901108
2024-01-02 16:00:00,1.7042155507782633,1.7042155507782633
2024-01-02 17:00:00,2.162614629430165,2.162614629430165
2024-01-02 18:00:00,2.295666774098399,2.295666774098399
2024-01-02 19:00:00,2.0742477812691864,2.0742477812691864
2024-01-02 20:00:00,2.399626159705031,2.399626159705031
2024-01-02 21:00:00,2.1338355835183425,2.1338355835183425
2024-01-02 22:00:00,0.0,0.0
2024-01-02 23:00:00,0.0,0.0
2024-01-03 00:00:00,0.0,0.0
2024-01-03 01:00:00,0.0,0.0
2024-01-03 02:00:00,0.0,0.0
2024-01-03 03:00:00,0.0,0.0
2024-01-03 04:00:00,0.0,0.0
2024-01-03 05:00:00,0.0,0.0
2024-01-03 06:00:00,0.0,0.0
2024-01-03 07:00:00,0.0,0.0
2024-01-03 08:00:00,0.0,0.0
2024-01-03 09:00:00,0.0,0.0
2024-01-03 10:00:00,0.1041689583783617,0.1041689583783617
2024-01-03 11:00:00,0.3642846668429859,0.3642846668429859
2024-01-03 12:00:00,0.6914080317841255,0.6914080317841255
2024-01-03 13:00:00,1.0825945818106129,1.0825945818106129
2024-01-03 14:00:00,1.471880394639891,1.471880394639891
2024-01-03 15:00:00,1.6223418098575715,1.6223418098575715
2024-01-03 16:00:00,2.1920859571795446,2.1920859571795446
2024-01-03 17:00:00,2.532179792165054,2.532179792165054
2024-01-03 18:00:00,2.7569734058471687,2.7569734058471687
2024-01-03 19:00:00,2.3337125835432926,2.3337125835432926
2024-01-03 20:00:00,2.6358590599257283,2.6358590599257283
2024-01-03 21:00:00,2.6077241671955167,2.6077241671955167
2024-01-03 22:00:00,0.0,0.0
2024-01-03 23:00:00,0.0,0.0
2024-01-04 00:00:00,0.0,0.0
2024-01-04 01:00:00,0.0,0.0
2024-01-04 02:00:00,0.0,0.0
2024-01-04 03:00:00,0.0,0.0
2024-01-04 04:00:00,0.0,0.0
2024-01-04 05:00:00,0.0,0.0
2024-01-04 06:00:00,0.0,0.0
2024-01-04 07:00:00,0.0,0.0
2024-01-04 08:00:00,0.0,0.0
2024-01-04 09:00:00,0.0,0.0
2024-01-04 10:00:00,0.07933194835588207,0.07933194835588207
2024-01-04 11:00:00,0.266469458644815,0.266469458644815
2024-01-04 12:00:00,0.480960281219184,0.480960281219184
2024-01-04 13:00:00,0.7465573010287635,0.7465573010287635
2024-01-04 14:00:00,1.3542773468037133,1.3542773468037133
2024-01-04 15:00:00,1.6791380674734193,1.6791380674734193
2024-01-04 16:00:00,2.121155721129187,2.121155721129187
2024-01-04 17:00:00,2.5127208052954093,2.5127208052954093
2024-01-04 18:00:00,2.1096852925490626,2.1096852925490626
2024-01-04 19:00:00,2.5316578047530074,2.5316578047530074
2024-01-04 20:00:00,2.079232355669052,2.079232355669052
2024-01-04 21:00:00,2.2750986832406936,2.2750986832406936
2024-01-04 22:00:00,0.0,0.0
2024-01-04 23:00:00,0.0,0.0
2024-01-05 00:00:00,0.0,0.0
2024-01-05 01:00:00,0.0,0.0
2024-01-05 02:00:00,0.0,0.0
2024-01-05 03:00:00,0.0,0.0
2024-01-05 04:00:00,0.0,0.0
2024-01-05 05:00:00,0.0,0.0
2024-01-05 06:00:00,0.0,0.0
2024-01-05 07:00:00,0.0,0.0
2024-01-05 08:00:00,0.0,0.0
2024-01-05 09:00:00,0.0,0.0
2024-01-05 10:00:00,0.09004871033925432,0.09004871033925432
2024-01-05 11:00:00,0.36061067634399613,0.36061067634399613
2024-01-05 12:00:00,0.676063720331455,0.676063720331455
2024-01-05 13:00:00,1.1394369934873392,1.1394369934873392
2024-01-05 14:00:00,1.3529578034695415,1.3529578034695415
2024-01-05 15:00:00,1.6727563778678172,1.6727563778678172
2024-01-05 16:00:00,1.8125325406831987,1.8125325406831987
2024-01-05 17:00:00,2.4486924499461318,2.4486924499461318
2024-01-05 18:00:00,2.580189110961305,2.580189110961305
2024-01-05 19:00:00,2.600483249322096,2.600483249322096
2024-01-05 20:00:00,2.4824642460993216,2.4824642460993216
2024-01-05 21:00:00,2.624050335451323,2.624050335451323
2024-01-05 22:00:00,0.0,0.0
2024-01-05 23:00:00,0.0,0.0
2024-01-06 00:00:00,0.0,0.0
2024-01-06 01:00:00,0.0,0.0
2024-01-06 02:00:00,0.0,0.0
2024-01-06 03:00:00,0.0,0.0
2024-01-06 04:00:00,0.0,0.0
2024-01-06 05:00:00,0.0,0.0
2024-01-06 06:00:00,0.0,0.0
2024-01-06 07:00:00,0.0,0.0
2024-01-06 08:00:00,0.0,0.0
2024-01-06 09:00:00,0.0,0.0
2024-01-06 10:00:00,0.05257623477676531,0.05257623477676531
2024-01-06 11:00:00,0.2296901918381746,0.2296901918381746
2024-01-06 12:00:00,0.4352795373206637,0.4352795373206637
2024-01-06 13:00:00,0.567186134450033,0.567186134450033
2024-01-06 14:00:00,0.9710196560189174,0.9710196560189174
2024-01-06 15:00:00,1.0511329550434614,1.0511329550434614
2024-01-06 16:00:00,1.4774374627286224,1.4774374627286224
2024-01-06 17:00:00,1.8785024634351022,1.8785024634351022
2024-01-06 18:00:00,1.8868914050847607,1.8868914050847607
2024-01-06 19:00:00,1.3916636672610105,1.3916636672610105
2024-01-06 20:00:00,1.7072320294960386,1.7072320294960386
2024-01-06 21:00:00,1.950156228522801,1.950156228522801
2024-01-06 22:00:00,0.0,0.0
2024-01-06 23:00:00,0.0,0.0
2024-01-07 00:00:00,0.0,0.0
2024-01-07 01:00:00,0.0,0.0
2024-01-07 02:00:00,0.0,0.0
2024-01-07 03:00:00,0.0,0.0
2024-01-07 04:00:00,0.0,0.0
2024-01-07 05:00:00,0.0,0.0
2024-01-07 06:00:00,0.0,0.0
2024-01-07 07:00:00,0.0,0.0
2024-01-07 08:00:00,0.0,0.0
2024-01-07 09:00:00,0.0,0.0
2024-01-07 10:00:00,0.06419951657378241,0.06419951657378241
2024-01-07 11:00:00,0.21384884118146108,0.21384884118146108
2024-01-07 12:00:00,0.37145191391308463,0.37145191391308463
2024-01-07 13:00:00,0.5374899392536182,0.5374899392536182
2024-01-07 14:00:00,0.8605302927819939,0.8605302927819939
2024-01-07 15:00:00,1.1429505231447417,1.1429505231447417
2024-01-07 16:00:00,1.3761703733492956,1.3761703733492956
2024-01-07 17:00:00,1.421499847103302,1.421499847103302
2024-01-07 18:00:00,1.479606432009347,1.479606432009347
2024-01-07 19:00:00,1.5039591575121887,1.5039591575121887
2024-01-07 20:00:00,1.3548213865755507,1.3548213865755507
2024-01-07 21:00:00,1.8995737001146589,1.8995737001146589
2024-01-07 22:00:00,0.0,0.0
2024-01-07 23:00:00,0.0,0.0
2024-01-08 00:00:00,0.0,0.0
2024-01-08 01:00:00,0.0,0.0
2024-01-08 02:00:00,0.0,0.0
2024-01-08 03:00:00,0.0,0.0
2024-01-08 04:00:00,0.0,0.0
2024-01-08 05:00:00,0.0,0.0
2024-01-08 06:00:00,0.0,0.0
2024-01-08 07:00:00,0.0,0.0
2024-01-08 08:00:00,0.0,0.0
2024-01-08 09:00:00,0.0,0.0
2024-01-08 10:00:00,0.09499737131186063,0.09499737131186063
2024-01-08 11:00:00,0.31435125675385384,0.31435125675385384
2024-01-08 12:00:00,0.6311622669794814,0.6311622669794814
2024-01-08 13:00:00,0.896022198665043,0.896022198665043
2024-01-08 14:00:00,1.6206733877942465,1.6206733877942465
2024-01-08 15:00:00,1.8572477635286397,1.8572477635286397
2024-01-08 16:00:00,1.9933292561670244,1.9933292561670244
2024-01-08 17:00:00,2.8438955833982758,2.8438955833982758
2024-01-08 18:00:00,2.339462117703633,2.339462117703633
2024-01-08 19:00:00,2.6924859535647627,2.6924859535647627
2024-01-08 20:00:00,2.3243512682327605,2.3243512682327605
2024-01-08 21:00:00,2.419023346891609,2.419023346891609
2024-01-08 22:00:00,0.0,0.0
2024-01-08 23:00:00,0.0,0.0
2024-01-09 00:00:00,0.0,0.0
2024-01-09 01:00:00,0.0,0.0
2024-01-09 02:00:00,0.0,0.0
2024-01-09 03:00:00,0.0,0.0
2024-01-09 04:00:00,0.0,0.0
2024-01-09 05:00:00,0.0,0.0
2024-01-09 06:00:00,0.0,0.0
2024-01-09 07:00:00,0.0,0.0
2024-01-09 08:00:00,0.0,0.0
2024-01-09 09:00:00,0.0,0.0
2024-01-09 10:00:00,0.08664988174121721,0.08664988174121721
2024-01-09 11:00:00,0.3275161687075849,0.3275161687075849
2024-01-09 12:00:00,0.6016484995490377,0.6016484995490377
2024-01-09 13:00:00,0.8921196011602336,0.8921196011602336
2024-01-09 14:00:00,1.1791879279202753,1.1791879279202753
2024-01-09 15:00:00,1.347492748560919,1.347492748560919
2024-01-09 16:00:00,2.194679946118816,2.194679946118816
2024-01-09 17:00:00,2.273233770202163,2.273233770202163
2024-01-09 18:00:00,2.6316664537176333,2.6316664537176333
2024-01-09 19:00:00,2.444121562768224,2.444121562768224
2024-01-09 20:00:00,2.294131478288249,2.294131478288249
2024-01-09 21:00:00,2.8418932136596786,2.8418932136596786
2024-01-09 22:00:00,0.0,0.0
2024-01-09 23:00:00,0.0,0.0
2024-01-10 00:00:00,0.0,0.0
2024-01-10 01:00:00,0.0,0.0
2024-01-10 02:00:00,0.0,0.0
2024-01-10 03:00:00,0.0,0.0
2024-01-10 04:00:00,0.0,0.0
2024-01-10 05:00:00,0.0,0.0
2024-01-10 06:00:00,0.0,0.0
2024-01-10 07:00:00,0.0,0.0
2024-01-10 08:00:00,0.0,0.0
2024-01-10 09:00:00,0.0,0.0
2024-01-10 10:00:00,0.09163008322769041,0.09163008322769041
2024-01-10 11:00:00,0.35193809313962443,0.35193809313962443
2024-01-10 12:00:00,0.6189673548819205,0.6189673548819205
2024-01-10 13:00:00,1.0700299768711905,1.0700299768711905
2024-01-10 14:00:00,1.326420761285707,1.326420761285707
2024-01-10 15:00:00,1.761217644899852,1.761217644899852
2024-01-10 16:00:00,2.2900008508073775,2.2900008508073775
2024-01-10 17:00:00,2.82865559646284,2.82865559646284
2024-01-10 18:00:00,2.8727177551169305,2.8727177551169305
2024-01-10 19:00:00,2.798076272204573,2.798076272204573
2024-01-10 20:00:00,2.171758958986858,2.171758958986858
2024-01-10 21:00:00,2.870374306042346,2.870374306042346
2024-01-10 22:00:00,0.0,0.0
2024-01-10 23:00:00,0.0,0.0
2024-01-11 00:00:00,0.0,0.0
2024-01-11 01:00:00,0.0,0.0
2024-01-11 02:00:00,0.0,0.0
2024-01-11 03:00:00,0.0,0.0
2024-01-11 04:00:00,0.0,0.0
2024-01-11 05:00:00,0.0,0.0
2024-01-11 06:00:00,0.0,0.0
2024-01-11 07:00:00,0.0,0.0
2024-01-11 08:00:00,0.0,0.0
2024-01-11 09:00:00,0.0,0.0
2024-01-11 10:00:00,0.09289693183715056,0.09289693183715056
2024-01-11 11:00:00,0.33162656126589,0.33162656126589
2024-01-11 12:00:00,0.5081976932345296,0.5081976932345296
2024-01-11 13:00:00,0.7570761630462247,0.7570761630462247
2024-01-11 14:00:00,1.326352195300741,1.326352195300741
2024-01-11 15:00:00,1.6380600097187323,1.6380600097187323
2024-01-11 16:00:00,1.8993046326887482,1.8993046326887482
2024-01-11 17:00:00,2.1395536092166116,2.1395536092166116
2024-01-11 18:00:00,2.5471690690196054,2.5471690690196054
2024-01-11 19:00:00,2.3542860566981068,2.3542860566981068
2024-01-11 20:00:00,2.261529228593333,2.261529228593333
2024-01-11 21:00:00,2.6868471561376603,2.6868471561376603
2024-01-11 22:00:00,0.0,0.0
2024-01-11 23:00:00,0.0,0.0
2024-01-12 00:00:00,0.0,0.0
2024-01-12 01:00:00,0.0,0.0
2024-01-12 02:00:00,0.0,0.0
2024-01-12 03:00:00,0.0,0.0
2024-01-12 04:00:00,0.0,0.0
2024-01-12 05:00:00,0.0,0.0
2024-01-12 06:00:00,0.0,0.0
2024-01-12 07:00:00,0.0,0.0
2024-01-12 08:00:00,0.0,0.0
2024-01-12 09:00:00,0.0,0.0
2024-01-12 10:00:00,0.08720784984461996,0.08720784984461996
2024-01-12 11:00:00,0.30629521992081,0.30629521992081
2024-01-12 12:00:00,0.6871595197324613,0.6871595197324613
2024-01-12 13:00:00,1.0756285714300666,1.0756285714300666
2024-01-12 14:00:00,1.4234529591875935,1.4234529591875935
2024-01-12 15:00:00,1.5773350781593576,1.5773350781593576
2024-01-12 16:00:00,2.1924348138006646,2.1924348138006646
2024-01-12 17:00:00,2.586051844622064,2.586051844622064
2024-01-12 18:00:00,2.9717112397311807,2.9717112397311807
2024-01-12 19:00:00,2.1254733784391453,2.1254733784391453
2024-01-12 20:00:00,2.0893373409000375,2.0893373409000375
2024-01-12 21:00:00,2.707164068081198,2.707164068081198
2024-01-12 22:00:00,0.0,0.0
2024-01-12 23:00:00,0.0,0.0
2024-01-13 00:00:00,0.0,0.0
2024-01-13 01:00:00,0.0,0.0
2024-01-13 02:00:00,0.0,0.0
2024-01-13 03:00:00,0.0,0.0
2024-01-13 04:00:00,0.0,0.0
2024-01-13 05:00:00,0.0,0.0
2024-01-13 06:00:00,0.0,0.0
2024-01-13 07:00:00,0.0,0.0
2024-01-13 08:00:00,0.0,0.0
2024-01-13 09:00:00,0.0,0.0
2024-01-13 10:00:00,0.05999195311101879,0.05999195311101879
2024-01-13 11:00:00,0.2514995306660836,0.2514995306660836
2024-01-13 12:00:00,0.4276991770924286,0.4276991770924286
2024-01-13 13:00:00,0.6180872870420657,0.6180872870420657
2024-01-13 14:00:00,1.0040102509135862,1.0040102509135862
2024-01-13 15:00:00,1.2997787932211806,1.2997787932211806
2024-01-13 16:00:00,1.531925055762278,1.531925055762278
2024-01-13 17:00:00,1.698782226274763,1.698782226274763
2024-01-13 18:00:00,1.9490809032322955,1.9490809032322955
2024-01-13 19:00:00,1.61627476483059,1.61627476483059
2024-01-13 20:00:00,1.7339183020501832,1.7339183020501832
2024-01-13 21:00:00,1.8847498554930813,1.8847498554930813
2024-01-13 22:00:00,0.0,0.0
2024-01-13 23:00:00,0.0,0.0
2024-01-14 00:00:00,0.0,0.0
2024-01-14 01:00:00,0.0,0.0
2024-01-14 02:00:00,0.0,0.0
2024-01-14 03:00:00,0.0,0.0
2024-01-14 04:00:00,0.0,0.0
2024-01-14 05:00:00,0.0,0.0
2024-01-14 06:00:00,0.0,0.0
2024-01-14 07:00:00,0.0,0.0
2024-01-14 08:00:00,0.0,0.0
2024-01-14 09:00:00,0.0,0.0
2024-01-14 10:00:00,0.05630967652046925,0.05630967652046925
2024-01-14 11:00:00,0.22261350429991056,0.22261350429991056
2024-01-14 12:00:00,0.3901167141058522,0.3901167141058522
2024-01-14 13:00:00,0.7991947444487356,0.7991947444487356
2024-01-14 14:00:00,0.9272385644098247,0.9272385644098247
2024-01-14 15:00:00,1.0660555325815275,1.0660555325815275
2024-01-14 16:00:00,1.5282977395384068,1.5282977395384068
2024-01-14 17:00:00,1.8789671304443862,1.8789671304443862
2024-01-14 18:00:00,1.7194935636798077,1.7194935636798077
2024-01-14 19:00:00,1.8575342791225666,1.8575342791225666
2024-01-14 20:00:00,1.538244697032099,1.538244697032099
2024-01-14 21:00:00,1.6355509027022272,1.6355509027022272
2024-01-14 22:00:00,0.0,0.0
2024-01-14 23:00:00,0.0,0.0
2024-01-15 00:00:00,0.0,0.0
2024-01-15 01:00:00,0.0,0.0
2024-01-15 02:00:00,0.0,0.0
2024-01-15 03:00:00,0.0,0.0
2024-01-15 04:00:00,0.0,0.0
2024-01-15 05:00:00,0.0,0.0
2024-01-15 06:00:00,0.0,0.0
2024-01-15 07:00:00,0.0,0.0
2024-01-15 08:00:00,0.0,0.0
2024-01-15 09:00:00,0.0,0.0
2024-01-15 10:00:00,0.10075806093644182,0.10075806093644182
2024-01-15 11:00:00,0.35255542440588283,0.35255542440588283
2024-01-15 12:00:00,0.7273805437004901,0.7273805437004901
2024-01-15 13:00:00,1.1539734125721421,1.1539734125721421
2024-01-15 14:00:00,1.4358896424613077,1.4358896424613077
2024-01-15 15:00:00,1.9538985441330479,1.9538985441330479
2024-01-15 16:00:00,2.4204771755668073,2.4204771755668073
2024-01-15 17:00:00,2.792505485272388,2.792505485272388
2024-01-15 18:00:00,2.4111031012352098,2.4111031012352098
2024-01-15 19:00:00,2.3355815049665525,2.3355815049665525
2024-01-15 20:00:00,2.2477419932707767,2.2477419932707767
2024-01-15 21:00:00,2.481224068896454,2.481224068896454
2024-01-15 22:00:00,0.0,0.0
2024-01-15 23:00:00,0.0,0.0
2024-01-16 00:00:00,0.0,0.0
2024-01-16 01:00:00,0.0,0.0
2024-01-16 02:00:00,0.0,0.0
2024-01-16 03:00:00,0.0,0.0
2024-01-16 04:00:00,0.0,0.0
2024-01-16 05:00:00,0.0,0.0
2024-01-16 06:00:00,0.0,0.0
2024-01-16 07:00:00,0.0,0.0
2024-01-16 08:00:00,0.0,0.0
2024-01-16 09:00:00,0.0,0.0
2024-01-16 10:00:00,0.0898450476156929,0.0898450476156929
2024-01-16 11:00:00,0.30819906663498103,0.30819906663498103
2024-01-16 12:00:00,0.6625119647021382,0.6625119647021382
2024-01-16 13:00:00,0.8807725419630517,0.8807725419630517
2024-01-16 14:00:00,1.5874053419083882,1.5874053419083882
2024-01-16 15:00:00,1.8219557880936899,1.8219557880936899
2024-01-16 16:00:00,1.9712974650740263,1.9712974650740263
2024-01-16 17:00:00,2.427000291582016,2.427000291582016
2024-01-16 18:00:00,2.3293770072660314,2.3293770072660314
2024-01-16 19:00:00,2.7731334781475403,2.7731334781475403
2024-01-16 20:00:00,2.5343151453108606,2.5343151453108606
2024-01-16 21:00:00,2.2914930792834176,2.2914930792834176
2024-01-16 22:00:00,0.0,0.0
2024-01-16 23:00:00,0.0,0.0
2024-01-17 00:00:00,0.0,0.0
2024-01-17 01:00:00,0.0,0.0
2024-01-17 02:00:00,0.0,0.0
2024-01-17 03:00:00,0.0,0.0
2024-01-17 04:00:00,0.0,0.0
2024-01-17 05:00:00,0.0,0.0
2024-01-17 06:00:00,0.0,0.0
2024-01-17 07:00:00,0.0,0.0
2024-01-17 08:00:00,0.0,0.0
2024-01-17 09:00:00,0.0,0.0
2024-01-17 10:00:00,0.09913061437710105,0.09913061437710105
2024-01-17 11:00:00,0.2998335337572441,0.2998335337572441
2024-01-17 12:00:00,0.6297953248645833,0.6297953248645833
2024-01-17 13:00:00,0.8359327145406438,0.8359327145406438
2024-01-17 14:00:00,1.5734564835296276,1.5734564835296276
2024-01-17 15:00:00,1.814081600589759,1.814081600589759
2024-01-17 16:00:00,1.9760689848205215,1.9760689848205215
2024-01-17 17:00:00,2.537616204057745,2.537616204057745
2024-01-17 18:00:00,2.6295904656742293,2.6295904656742293
2024-01-17 19:00:00,2.2469936476610104,2.2469936476610104
2024-01-17 20:00:00,2.510739241840298,2.510739241840298
2024-01-17 21:00:00,2.761050054110973,2.761050054110973
2024-01-17 22:00:00,0.0,0.0
2024-01-17 23:00:00,0.0,0.0
2024-01-18 00:00:00,0.0,0.0
2024-01-18 01:00:00,0.0,0.0
2024-01-18 02:00:00,0.0,0.0
2024-01-18 03:00:00,0.0,0.0
2024-01-18 04:00:00,0.0,0.0
2024-01-18 05:00:00,0.0,0.0
2024-01-18 06:00:00,0.0,0.0
2024-01-18 07:00:00,0.0,0.0
2024-01-18 08:00:00,0.0,0.0
2024-01-18 09:00:00,0.0,0.0
2024-01-18 10:00:00,0.08530306960467865,0.08530306960467865
2024-01-18 11:00:00,0.3016228865687245,0.3016228865687245
2024-01-18 12:00:00,0.6570723357531325,0.6570723357531325
2024-01-18 13:00:00,1.0653713544824612,1.0653713544824612
2024-01-18 14:00:00,1.4916633662980567,1.4916633662980567
2024-01-18 15:00:00,1.5752834581123993,1.5752834581123993
2024-01-18 16:00:00,2.3480822926706226,2.3480822926706226
2024-01-18 17:00:00,2.3485044981549748,2.3485044981549748
2024-01-18 18:00:00,2.836891477465109,2.836891477465109
2024-01-18 19:00:00,2.2805884538405583,2.2805884538405583
2024-01-18 20:00:00,2.6663695431526273,2.6663695431526273
2024-01-18 21:00:00,2.714540082255013,2.714540082255013
2024-01-18 22:00:00,0.0,0.0
2024-01-18 23:00:00,0.0,0.0
2024-01-19 00:00:00,0.0,0.0
2024-01-19 01:00:00,0.0,0.0
2024-01-19 02:00:00,0.0,0.0
2024-01-19 03:00:00,0.0,0.0
2024-01-19 04:00:00,0.0,0.0
2024-01-19 05:00:00,0.0,0.0
2024-01-19 06:00:00,0.0,0.0
2024-01-19 07:00:00,0.0,0.0
2024-01-19 08:00:00,0.0,0.0
2024-01-19 09:00:00,0.0,0.0
2024-01-19 10:00:00,0.08454717489371012,0.08454717489371012
2024-01-19 11:00:00,0.32717317646509986,0.32717317646509986
2024-01-19 12:00:00,0.6391507318523377,0.6391507318523377
2024-01-19 13:00:00,0.8466452461060867,0.8466452461060867
2024-01-19 14:00:00,1.46026909293888,1.46026909293888
2024-01-19 15:00:00,1.3986815548649165,1.3986815548649165
2024-01-19 16:00:00,2.2519197212764177,2.2519197212764177
2024-01-19 17:00:00,2.613659637271306,2.613659637271306
2024-01-19 18:00:00,2.5401449424012337,2.5401449424012337
2024-01-19 19:00:00,2.3897515483377543,2.3897515483377543
2024-01-19 20:00:00,2.1498531653194166,2.1498531653194166
2024-01-19 21:00:00,2.476226714850655,2.476226714850655
2024-01-19 22:00:00,0.0,0.0
2024-01-19 23:00:00,0.0,0.0
2024-01-20 00:00:00,0.0,0.0
2024-01-20 01:00:00,0.0,0.0
2024-01-20 02:00:00,0.0,0.0
2024-01-20 03:00:00,0.0,0.0
2024-01-20 04:00:00,0.0,0.0
2024-01-20 05:00:00,0.0,0.0
2024-01-20 06:00:00,0.0,0.0
2024-01-20 07:00:00,0.0,0.0
2024-01-20 08:00:00,0.0,0.0
2024-01-20 09:00:00,0.0,0.0
2024-01-20 10:00:00,0.06564543293308885,0.06564543293308885
2024-01-20 11:00:00,0.23458291818347307,0.23458291818347307
2024-01-20 12:00:00,0.37798099969604626,0.37798099969604626
2024-01-20 13:00:00,0.5717574017770922,0.5717574017770922
2024-01-20 14:00:00,0.9334926254985124,0.9334926254985124
2024-01-20 15:00:00,0.9434911122668533,0.9434911122668533
2024-01-20 16:00:00,1.2137198320677447,1.2137198320677447
2024-01-20 17:00:00,1.795219810504744,1.795219810504744
2024-01-20 18:00:00,1.8888140652288337,1.8888140652288337
2024-01-20 19:00:00,1.502896626812295,1.502896626812295
2024-01-20 20:00:00,1.7679933635234102,1.7679933635234102
2024-01-20 21:00:00,2.04862721533232,2.04862721533232
2024-01-20 22:00:00,0.0,0.0
2024-01-20 23:00:00,0.0,0.0
2024-01-21 00:00:00,0.0,0.0
2024-01-21 01:00:00,0.0,0.0
2024-01-21 02:00:00,0.0,0.0
2024-01-21 03:00:00,0.0,0.0
2024-01-21 04:00:00,0.0,0.0
2024-01-21 05:00:00,0.0,0.0
2024-01-21 06:00:00,0.0,0.0
2024-01-21 07:00:00,0.0,0.0
2024-01-21 08:00:00,0.0,0.0
2024-01-21 09:00:00,0.0,0.0
2024-01-21 10:00:00,0.06488841034342728,0.06488841034342728
2024-01-21 11:00:00,0.2524757228272774,0.2524757228272774
2024-01-21 12:00:00,0.4346580941650271,0.4346580941650271
2024-01-21 13:00:00,0.6351601034759614,0.6351601034759614
2024-01-21 14:00:00,1.039956259554409,1.039956259554409
2024-01-21 15:00:00,1.0126762959957307,1.0126762959957307
2024-01-21 16:00:00,1.5959635679592197,1.5959635679592197
2024-01-21 17:00:00,1.5738128440515542,1.5738128440515542
2024-01-21 18:00:00,2.0104759887615056,2.0104759887615056
2024-01-21 19:00:00,1.7087503404995197,1.7087503404995197
2024-01-21 20:00:00,1.6567763737000716,1.6567763737000716
2024-01-21 21:00:00,1.8494720631114845,1.8494720631114845
2024-01-21 22:00:00,0.0,0.0
2024-01-21 23:00:00,0.0,0.0
2024-01-22 00:00:00,0.0,0.0
2024-01-22 01:00:00,0.0,0.0
2024-01-22 02:00:00,0.0,0.0
2024-01-22 03:00:00,0.0,0.0
2024-01-22 04:00:00,0.0,0.0
2024-01-22 05:00:00,0.0,0.0
2024-01-22 06:00:00,0.0,0.0
2024-01-22 07:00:00,0.0,0.0
2024-01-22 08:00:00,0.0,0.0
2024-01-22 09:00:00,0.0,0.0
2024-01-22 10:00:00,0.10174932689111481,0.10174932689111481
2024-01-22 11:00:00,0.3190411489893381,0.3190411489893381
2024-01-22 12:00:00,0.6879189790943567,0.6879189790943567
2024-01-22 13:00:00,0.8776115495401128,0.8776115495401128
2024-01-22 14:00:00,1.5524703728202247,1.5524703728202247
2024-01-22 15:00:00,1.9187386763128556,1.9187386763128556
2024-01-22 16:00:00,2.435662637918055,2.435662637918055
2024-01-22 17:00:00,2.994324627267884,2.994324627267884
2024-01-22 18:00:00,2.993214363227463,2.993214363227463
2024-01-22 19:00:00,2.372139992773197,2.372139992773197
2024-01-22 20:00:00,2.867804983576362,2.867804983576362
2024-01-22 21:00:00,3.100261011193426,3.100261011193426
2024-01-22 22:00:00,0.0,0.0
2024-01-22 23:00:00,0.0,0.0
2024-01-23 00:00:00,0.0,0.0
2024-01-23 01:00:00,0.0,0.0
2024-01-23 02:00:00,0.0,0.0
2024-01-23 03:00:00,0.0,0.0
2024-01-23 04:00:00,0.0,0.0
2024-01-23 05:00:00,0.0,0.0
2024-01-23 06:00:00,0.0,0.0
2024-01-23 07:00:00,0.0,0.0
2024-01-23 08:00:00,0.0,0.0
2024-01-23 09:00:00,0.0,0.0
2024-01-23 10:00:00,0.0900422527612174,0.0900422527612174
2024-01-23 11:00:00,0.32806431772820865,0.32806431772820865
2024-01-23 12:00:00,0.47322227298460096,0.47322227298460096
2024-01-23 13:00:00,0.775943207876623,0.775943207876623
2024-01-23 14:00:00,1.2280092108739917,1.2280092108739917
2024-01-23 15:00:00,1.313717111894629,1.313717111894629
2024-01-23 16:00:00,1.9560789588397367,1.9560789588397367
2024-01-23 17:00:00,1.985394236034746,1.985394236034746
2024-01-23 18:00:00,2.355396065578512,2.355396065578512
2024-01-23 19:00:00,2.112052378610338,2.112052378610338
2024-01-23 20:00:00,2.1446501669044116,2.1446501669044116
2024-01-23 21:00:00,2.3138348909052167,2.3138348909052167
2024-01-23 22:00:00,0.0,0.0
2024-01-23 23:00:00,0.0,0.0
2024-01-24 00:00:00,0.0,0.0
2024-01-24 01:00:00,0.0,0.0
2024-01-24 02:00:00,0.0,0.0
2024-01-24 03:00:00,0.0,0.0
2024-01-24 04:00:00,0.0,0.0
2024-01-24 05:00:00,0.0,0.0
2024-01-24 06:00:00,0.0,0.0
2024-01-24 07:00:00,0.0,0.0
2024-01-24 08:00:00,0.0,0.0
2024-01-24 09:00:00,0.0,0.0
2024-01-24 10:00:00,0.07823524031709439,0.07823524031709439
2024-01-24 11:00:00,0.3245738269081142,0.3245738269081142
2024-01-24 12:00:00,0.5811897652583649,0.5811897652583649
2024-01-24 13:00:00,0.7297171359015285,0.7297171359015285
2024-01-24 14:00:00,1.230949838042239,1.230949838042239
2024-01-24 15:00:00,1.3350524761578606,1.3350524761578606
2024-01-24 16:00:00,1.5846376435348457,1.5846376435348457
2024-01-24 17:00:00,2.502220022341129,2.502220022341129
2024-01-24 18:00:00,1.9591223655847232,1.9591223655847232
2024-01-24 19:00:00,2.317601441882129,2.317601441882129
2024-01-24 20:00:00,2.4609133193752397,2.4609133193752397
2024-01-24 21:00:00,2.331790963329955,2.331790963329955
2024-01-24 22:00:00,0.0,0.0
2024-01-24 23:00:00,0.0,0.0
2024-01-25 00:00:00,0.0,0.0
2024-01-25 01:00:00,0.0,0.0
2024-01-25 02:00:00,0.0,0.0
2024-01-25 03:00:00,0.0,0.0
2024-01-25 04:00:00,0.0,0.0
2024-01-25 05:00:00,0.0,0.0
2024-01-25 06:00:00,0.0,0.0
2024-01-25 07:00:00,0.0,0.0
2024-01-25 08:00:00,0.0,0.0
2024-01-25 09:00:00,0.0,0.0
2024-01-25 10:00:00,0.0802460688926336,0.0802460688926336
2024-01-25 11:00:00,0.30782357213838163,0.30782357213838163
2024-01-25 12:00:00,0.6426051434117962,0.6426051434117962
2024-01-25 13:00:00,1.0447446801828713,1.0447446801828713
2024-01-25 14:00:00,1.4402168525161683,1.4402168525161683
2024-01-25 15:00:00,1.6111061503881796,1.6111061503881796
2024-01-25 16:00:00,2.1505246766749955,2.1505246766749955
2024-01-25 17:00:00,2.7475207785295854,2.7475207785295854
2024-01-25 18:00:00,2.914113651320533,2.914113651320533
2024-01-25 19:00:00,2.740554342802723,2.740554342802723
2024-01-25 20:00:00,2.6177862209810625,2.6177862209810625
2024-01-25 21:00:00,3.046655300535342,3.046655300535342
2024-01-25 22:00:00,0.0,0.0
2024-01-25 23:00:00,0.0,0.0
2024-01-26 00:00:00,0.0,0.0
2024-01-26 01:00:00,0.0,0.0
2024-01-26 02:00:00,0.0,0.0
2024-01-26 03:00:00,0.0,0.0
2024-01-26 04:00:00,0.0,0.0
2024-01-26 05:00:00,0.0,0.0
2024-01-26 06:00:00,0.0,0.0
2024-01-26 07:00:00,0.0,0.0
2024-01-26 08:00:00,0.0,0.0
2024-01-26 09:00:00,0.0,0.0
2024-01-26 10:00:00,0.08293288003923559,0.08293288003923559
2024-01-26 11:00:00,0.37508408385983993,0.37508408385983993
2024-01-26 12:00:00,0.5978389986767078,0.5978389986767078
2024-01-26 13:00:00,1.0110265568070076,1.0110265568070076
2024-01-26 14:00:00,1.4905978322481706,1.4905978322481706
2024-01-26 15:00:00,1.5884071637568544,1.5884071637568544
2024-01-26 16:00:00,2.261293734283354,2.261293734283354
2024-01-26 17:00:00,2.8669293882113163,2.8669293882113163
2024-01-26 18:00:00,2.405452408191996,2.405452408191996
2024-01-26 19:00:00,2.493460845226048,2.493460845226048
2024-01-26 20:00:00,2.7540430627948407,2.7540430627948407
2024-01-26 21:00:00,2.9888342358522486,2.9888342358522486
2024-01-26 22:00:00,0.0,0.0
2024-01-26 23:00:00,0.0,0.0
2024-01-27 00:00:00,0.0,0.0
2024-01-27 01:00:00,0.0,0.0
2024-01-27 02:00:00,0.0,0.0
2024-01-27 03:00:00,0.0,0.0
2024-01-27 04:00:00,0.0,0.0
2024-01-27 05:00:00,0.0,0.0
2024-01-27 06:00:00,0.0,0.0
2024-01-27 07:00:00,0.0,0.0
2024-01-27 08:00:00,0.0,0.0
2024-01-27 09:00:00,0.0,0.0
2024-01-27 10:00:00,0.053304312915533815,0.053304312915533815
2024-01-27 11:00:00,0.20412869310435094,0.20412869310435094
2024-01-27 12:00:00,0.35321339001494234,0.35321339001494234
2024-01-27 13:00:00,0.6960265252863951,0.6960265252863951
2024-01-27 14:00:00,0.8235805894960304,0.8235805894960304
2024-01-27 15:00:00,0.92141089132036,0.92141089132036
2024-01-27 16:00:00,1.1268315070995698,1.1268315070995698
2024-01-27 17:00:00,1.4166465227593976,1.4166465227593976
2024-01-27 18:00:00,1.5095764468717503,1.5095764468717503
2024-01-27 19:00:00,1.619979959600613,1.619979959600613
2024-01-27 20:00:00,1.3287657711750451,1.3287657711750451
2024-01-27 21:00:00,1.5882519091708918,1.5882519091708918
2024-01-27 22:00:00,0.0,0.0
2024-01-27 23:00:00,0.0,0.0
2024-01-28 00:00:00,0.0,0.0
2024-01-28 01:00:00,0.0,0.0
2024-01-28 02:00:00,0.0,0.0
2024-01-28 03:00:00,0.0,0.0
2024-01-28 04:00:00,0.0,0.0
2024-01-28 05:00:00,0.0,0.0
2024-01-28 06:00:00,0.0,0.0
2024-01-28 07:00:00,0.0,0.0
2024-01-28 08:00:00,0.0,0.0
2024-01-28 09:00:00,0.0,0.0
2024-01-28 10:00:00,0.055724343142190026,0.055724343142190026
2024-01-28 11:00:00,0.21831981229084124,0.21831981229084124
2024-01-28 12:00:00,0.33159184733681496,0.33159184733681496
2024-01-28 13:00:00,0.7016189432621374,0.7016189432621374
2024-01-28 14:00:00,0.7996506151081306,0.7996506151081306
2024-01-28 15:00:00,0.8840670956894322,0.8840670956894322
2024-01-28 16:00:00,1.1051440426455603,1.1051440426455603
2024-01-28 17:00:00,1.576951290969685,1.576951290969685
2024-01-28 18:00:00,1.8386650090672934,1.8386650090672934
2024-01-28 19:00:00,1.7041892792897675,1.7041892792897675
2024-01-28 20:00:00,1.7300146672382994,1.7300146672382994
2024-01-28 21:00:00,1.6986828323355394,1.6986828323355394
2024-01-28 22:00:00,0.0,0.0
2024-01-28 23:00:00,0.0,0.0
2024-01-29 00:00:00,0.0,0.0
2024-01-29 01:00:00,0.0,0.0
2024-01-29 02:00:00,0.0,0.0
2024-01-29 03:00:00,0.0,0.0
2024-01-29 04:00:00,0.0,0.0
2024-01-29 05:00:00,0.0,0.0
2024-01-29 06:00:00,0.0,0.0
2024-01-29 07:00:00,0.0,0.0
2024-01-29 08:00:00,0.0,0.0
2024-01-29 09:00:00,0.0,0.0
2024-01-29 10:00:00,0.07229224794618179,0.07229224794618179
2024-01-29 11:00:00,0.28926173851412024,0.28926173851412024
2024-01-29 12:00:00,0.5871396518733077,0.5871396518733077
2024-01-29 13:00:00,0.9737465218416071,0.9737465218416071
2024-01-29 14:00:00,1.2655173138984686,1.2655173138984686
2024-01-29 15:00:00,1.3071480221886298,1.3071480221886298
2024-01-29 16:00:00,1.6314206548412873,1.6314206548412873
2024-01-29 17:00:00,2.3521067908911664,2.3521067908911664
2024-01-29 18:00:00,2.090033947492792,2.090033947492792
2024-01-29 19:00:00,2.1935633199710205,2.1935633199710205
2024-01-29 20:00:00,2.352626415296095,2.352626415296095
2024-01-29 21:00:00,2.257811222615021,2.257811222615021
2024-01-29 22:00:00,0.0,0.0
2024-01-29 23:00:00,0.0,0.0
2024-01-30 00:00:00,0.0,0.0
2024-01-30 01:00:00,0.0,0.0
2024-01-30 02:00:00,0.0,0.0
2024-01-30 03:00:00,0.0,0.0
2024-01-30 04:00:00,0.0,0.0
2024-01-30 05:00:00,0.0,0.0
2024-01-30 06:00:00,0.0,0.0
2024-01-30 07:00:00,0.0,0.0
2024-01-30 08:00:00,0.0,0.0
2024-01-30 09:00:00,0.0,0.0
2024-01-30 10:00:00,0.08390464331055468,0.08390464331055468
2024-01-30 11:00:00,0.2648424808904044,0.2648424808904044
2024-01-30 12:00:00,0.6265109909178346,0.6265109909178346
2024-01-30 13:00:00,0.7750671297611547,0.7750671297611547
2024-01-30 14:00:00,1.2571838367940587,1.2571838367940587
2024-01-30 15:00:00,1.2719017246618674,1.2719017246618674
2024-01-30 16:00:00,2.0459861281230967,2.0459861281230967
2024-01-30 17:00:00,2.1243546108011784,2.1243546108011784
2024-01-30 18:00:00,2.698839608432075,2.698839608432075
2024-01-30 19:00:00,1.9489181955193624,1.9489181955193624
2024-01-30 20:00:00,2.4506814413807714,2.4506814413807714
2024-01-30 21:00:00,2.5563839300623994,2.5563839300623994
2024-01-30 22:00:00,0.0,0.0
2024-01-30 23:00:00,0.0,0.0
2024-01-31 00:00:00,0.0,0.0
2024-01-31 01:00:00,0.0,0.0
2024-01-31 02:00:00,0.0,0.0
2024-01-31 03:00:00,0.0,0.0
2024-01-31 04:00:00,0.0,0.0
2024-01-31 05:00:00,0.0,0.0
2024-01-31 06:00:00,0.0,0.0
2024-01-31 07:00:00,0.0,0.0
2024-01-31 08:00:00,0.0,0.0
2024-01-31 09:00:00,0.0,0.0
2024-01-31 10:00:00,0.09210297214028894,0.09210297214028894
2024-01-31 11:00:00,0.33737884620170855,0.33737884620170855
2024-01-31 12:00:00,0.4891707493760409,0.4891707493760409
2024-01-31 13:00:00,1.0267203024911786,1.0267203024911786
2024-01-31 14:00:00,1.3442181840643368,1.3442181840643368
2024-01-31 15:00:00,1.5303969796001748,1.5303969796001748
2024-01-31 16:00:00,1.6426121785210317,1.6426121785210317
2024-01-31 17:00:00,2.7000025939809227,2.7000025939809227
2024-01-31 18:00:00,2.4780675426056478,2.4780675426056478
2024-01-31 19:00:00,2.532037290925266,2.532037290925266
2024-01-31 20:00:00,2.3908227422191946,2.3908227422191946
2024-01-31 21:00:00,2.7169140834537524,2.7169140834537524
2024-01-31 22:00:00,0.0,0.0
2024-01-31 23:00:00,0.0,0.0
2024-02-01 00:00:00,0.0,0.0
2024-02-01 01:00:00,0.0,0.0
2024-02-01 02:00:00,0.0,0.0
2024-02-01 03:00:00,0.0,0.0
2024-02-01 04:00:00,0.0,0.0
2024-02-01 05:00:00,0.0,0.0
2024-02-01 06:00:00,0.0,0.0
2024-02-01 07:00:00,0.0,0.0
2024-02-01 08:00:00,0.0,0.0
2024-02-01 09:00:00,0.0,0.0
2024-02-01 10:00:00,0.0867369281116807,0.0867369281116807
2024-02-01 11:00:00,0.3387858798414378,0.3387858798414378
2024-02-01 12:00:00,0.5112265579921934,0.5112265579921934
2024-02-01 13:00:00,0.8420281286713927,0.8420281286713927
2024-02-01 14:00:00,1.204311514325949,1.204311514325949
2024-02-01 15:00:00,1.515722309272184,1.515722309272184
2024-02-01 16:00:00,1.823943678314981,1.823943678314981
2024-02-01 17:00:00,2.070595571212717,2.070595571212717
2024-02-01 18:00:00,2.658599569559167,2.658599569559167
2024-02-01 19:00:00,2.045386550985238,2.045386550985238
2024-02-01 20:00:00,2.2448111772938812,2.2448111772938812
2024-02-01 21:00:00,2.495985039603764,2.495985039603764
2024-02-01 22:00:00,0.0,0.0
2024-02-01 23:00:00,0.0,0.0
2024-02-02 00:00:00,0.0,0.0
2024-02-02 01:00:00,0.0,0.0
2024-02-02 02:00:00,0.0,0.0
2024-02-02 03:00:00,0.0,0.0
2024-02-02 04:00:00,0.0,0.0
2024-02-02 05:00:00,0.0,0.0
2024-02-02 06:00:00,0.0,0.0
2024-02-02 07:00:00,0.0,0.0
2024-02-02 08:00:00,0.0,0.0
2024-02-02 09:00:00,0.0,0.0
2024-02-02 10:00:00,0.09031167063178357,0.09031167063178357
2024-02-02 11:00:00,0.32724232901137174,0.32724232901137174
2024-02-02 12:00:00,0.690695226488312,0.690695226488312
2024-02-02 13:00:00,1.0920124813049648,1.0920124813049648
2024-02-02 14:00:00,1.6600315166709507,1.6600315166709507
2024-02-02 15:00:00,1.5820619528420323,1.5820619528420323
2024-02-02 16:00:00,2.3549567626388543,2.3549567626388543
2024-02-02 17:00:00,2.7766756399921615,2.7766756399921615
2024-02-02 18:00:00,2.5968927345621844,2.5968927345621844
2024-02-02 19:00:00,2.2364527347866416,2.2364527347866416
2024-02-02 20:00:00,2.819179345031341,2.819179345031341
2024-02-02 21:00:00,2.5919095150832954,2.5919095150832954
2024-02-02 22:00:00,0.0,0.0
2024-02-02 23:00:00,0.0,0.0
2024-02-03 00:00:00,0.0,0.0
2024-02-03 01:00:00,0.0,0.0
2024-02-03 02:00:00,0.0,0.0
2024-02-03 03:00:00,0.0,0.0
2024-02-03 04:00:00,0.0,0.0
2024-02-03 05:00:00,0.0,0.0
2024-02-03 06:00:00,0.0,0.0
2024-02-03 07:00:00,0.0,0.0
2024-02-03 08:00:00,0.0,0.0
2024-02-03 09:00:00,0.0,0.0
2024-02-03 10:00:00,0.05653529639872156,0.05653529639872156
2024-02-03 11:00:00,0.18638349147521815,0.18638349147521815
2024-02-03 12:00:00,0.43436271012282157,0.43436271012282157
2024-02-03 13:00:00,0.5224160497310523,0.5224160497310523
2024-02-03 14:00:00,0.7508475971461431,0.7508475971461431
2024-02-03 15:00:00,0.9845787394671591,0.9845787394671591
2024-02-03 16:00:00,1.3355357827025496,1.3355357827025496
2024-02-03 17:00:00,1.4597836031436449,1.4597836031436449
2024-02-03 18:00:00,1.6538163411241955,1.6538163411241955
2024-02-03 19:00:00,1.6477641653864072,1.6477641653864072
2024-02-03 20:00:00,1.3430704573953491,1.3430704573953491
2024-02-03 21:00:00,1.913048720972931,1.913048720972931
2024-02-03 22:00:00,0.0,0.0
2024-02-03 23:00:00,0.0,0.0
2024-02-04 00:00:00,0.0,0.0
2024-02-04 01:00:00,0.0,0.0
2024-02-04 02:00:00,0.0,0.0
2024-02-04 03:00:00,0.0,0.0
2024-02-04 04:00:00,0.0,0.0
2024-02-04 05:00:00,0.0,0.0
2024-02-04 06:00:00,0.0,0.0
2024-02-04 07:00:00,0.0,0.0
2024-02-04 08:00:00,0.0,0.0
2024-02-04 09:00:00,0.0,0.0
2024-02-04 10:00:00,0.06413532954047049,0.06413532954047049
2024-02-04 11:00:00,0.2321425506390542,0.2321425506390542
2024-02-04 12:00:00,0.3676492195530347,0.3676492195530347
2024-02-04 13:00:00,0.5904743165181311,0.5904743165181311
2024-02-04 14:00:00,0.8387084363005949,0.8387084363005949
2024-02-04 15:00:00,0.9923190065314123,0.9923190065314123
2024-02-04 16:00:00,1.2587614463758923,1.2587614463758923
2024-02-04 17:00:00,1.4641097404286822,1.4641097404286822
2024-02-04 18:00:00,1.5923412669518302,1.5923412669518302
2024-02-04 19:00:00,1.5446963876078768,1.5446963876078768
2024-02-04 20:00:00,1.4653996578311401,1.4653996578311401
2024-02-04 21:00:00,1.5271660583158493,1.5271660583158493
2024-02-04 22:00:00,0.0,0.0
2024-02-04 23:00:00,0.0,0.0
2024-02-05 00:00:00,0.0,0.0
2024-02-05 01:00:00,0.0,0.0
2024-02-05 02:00:00,0.0,0.0
2024-02-05 03:00:00,0.0,0.0
2024-02-05 04:00:00,0.0,0.0
2024-02-05 05:00:00,0.0,0.0
2024-02-05 06:00:00,0.0,0.0
2024-02-05 07:00:00,0.0,0.0
2024-02-05 08:00:00,0.0,0.0
2024-02-05 09:00:00,0.0,0.0
2024-02-05 10:00:00,0.09237750731076155,0.09237750731076155
2024-02-05 11:00:00,0.28922913807949907,0.28922913807949907
2024-02-05 12:00:00,0.5481489905824047,0.5481489905824047
2024-02-05 13:00:00,1.109377323615967,1.109377323615967
2024-02-05 14:00:00,1.2447816599337134,1.2447816599337134
2024-02-05 15:00:00,1.7094838642155055,1.7094838642155055
2024-02-05 16:00:00,2.250646045312209,2.250646045312209
2024-02-05 17:00:00,2.41008029232269,2.41008029232269
2024-02-05 18:00:00,2.8061561159625694,2.8061561159625694
2024-02-05 19:00:00,2.233877561503157,2.233877561503157
2024-02-05 20:00:00,2.2964443668780143,2.2964443668780143
2024-02-05 21:00:00,2.5299418629065205,2.5299418629065205
2024-02-05 22:00:00,0.0,0.0
2024-02-05 23:00:00,0.0,0.0
2024-02-06 00:00:00,0.0,0.0
2024-02-06 01:00:00,0.0,0.0
2024-02-06 02:00:00,0.0,0.0
2024-02-06 03:00:00,0.0,0.0
2024-02-06 04:00:00,0.0,0.0
2024-02-06 05:00:00,0.0,0.0
2024-02-06 06:00:00,0.0,0.0
2024-02-06 07:00:00,0.0,0.0
2024-02-06 08:00:00,0.0,0.0
2024-02-06 09:00:00,0.0,0.0
2024-02-06 10:00:00,0.09140467494536732,0.09140467494536732
2024-02-06 11:00:00,0.30800980855688476,0.30800980855688476
2024-02-06 12:00:00,0.5446431375131238,0.5446431375131238
2024-02-06 13:00:00,0.8795421231369469,0.8795421231369469
2024-02-06 14:00:00,1.0705825660798036,1.0705825660798036
2024-02-06 15:00:00,1.4565242686298636,1.4565242686298636
2024-02-06 16:00:00,1.9028655275599335,1.9028655275599335
2024-02-06 17:00:00,2.408222064520688,2.408222064520688
2024-02-06 18:00:00,2.213450483319314,2.213450483319314
2024-02-06 19:00:00,2.1795532931087167,2.1795532931087167
2024-02-06 20:00:00,2.2658368066502255,2.2658368066502255
2024-02-06 21:00:00,2.3263757059971164,2.3263757059971164
2024-02-06 22:00:00,0.0,0.0
2024-02-06 23:00:00,0.0,0.0
2024-02-07 00:00:00,0.0,0.0
2024-02-07 01:00:00,0.0,0.0
2024-02-07 02:00:00,0.0,0.0
2024-02-07 03:00:00,0.0,0.0
2024-02-07 04:00:00,0.0,0.0
2024-02-07 05:00:00,0.0,0.0
2024-02-07 06:00:00,0.0,0.0
2024-02-07 07:00:00,0.0,0.0
2024-02-07 08:00:00,0.0,0.0
2024-02-07 09:00:00,0.0,0.0
2024-02-07 10:00:00,0.07904891912760934,0.07904891912760934
2024-02-07 11:00:00,0.3160105947362056,0.3160105947362056
2024-02-07 12:00:00,0.45819364468552015,0.45819364468552015
2024-02-07 13:00:00,0.8643704283114441,0.8643704283114441
2024-02-07 14:00:00,1.373352321492141,1.373352321492141
2024-02-07 15:00:00,1.3724658672661265,1.3724658672661265
2024-02-07 16:00:00,2.0302854432358615,2.0302854432358615
2024-02-07 17:00:00,2.0479427539043473,2.0479427539043473
2024-02-07 18:00:00,1.9982726141472142,1.9982726141472142
2024-02-07 19:00:00,2.1536165416255404,2.1536165416255404
2024-02-07 20:00:00,2.3752617227626844,2.3752617227626844
2024-02-07 21:00:00,2.1809208663244584,2.1809208663244584
2024-02-07 22:00:00,0.0,0.0
2024-02-07 23:00:00,0.0,0.0
2024-02-08 00:00:00,0.0,0.0
2024-02-08 01:00:00,0.0,0.0
2024-02-08 02:00:00,0.0,0.0
2024-02-08 03:00:00,0.0,0.0
2024-02-08 04:00:00,0.0,0.0
2024-02-08 05:00:00,0.0,0.0
2024-02-08 06:00:00,0.0,0.0
2024-02-08 07:00:00,0.0,0.0
2024-02-08 08:00:00,0.0,0.0
2024-02-08 09:00:00,0.0,0.0
2024-02-08 10:00:00,0.09803167824396568,0.09803167824396568
2024-02-08 11:00:00,0.3699460273849987,0.3699460273849987
2024-02-08 12:00:00,0.5509045308083341,0.5509045308083341
2024-02-08 13:00:00,0.9850177265968183,0.9850177265968183
2024-02-08 14:00:00,1.4909048512002245,1.4909048512002245
2024-02-08 15:00:00,1.4543106924172027,1.4543106924172027
2024-02-08 16:00:00,1.8607043818045477,1.8607043818045477
2024-02-08 17:00:00,2.709548117692121,2.709548117692121
2024-02-08 18:00:00,2.933312315984957,2.933312315984957
2024-02-08 19:00:00,2.6111052166266155,2.6111052166266155
2024-02-08 20:00:00,2.123448808284054,2.123448808284054
2024-02-08 21:00:00,3.074283251136322,3.074283251136322
2024-02-08 22:00:00,0.0,0.0
2024-02-08 23:00:00,0.0,0.0
2024-02-09 00:00:00,0.0,0.0
2024-02-09 01:00:00,0.0,0.0
2024-02-09 02:00:00,0.0,0.0
2024-02-09 03:00:00,0.0,0.0
2024-02-09 04:00:00,0.0,0.0
2024-02-09 05:00:00,0.0,0.0
2024-02-09 06:00:00,0.0,0.0
2024-02-09 07:00:00,0.0,0.0
2024-02-09 08:00:00,0.0,0.0
2024-02-09 09:00:00,0.0,0.0
2024-02-09 10:00:00,0.09074653919818237,0.09074653919818237
2024-02-09 11:00:00,0.3330630697245155,0.3330630697245155
2024-02-09 12:00:00,0.7089993221309968,0.7089993221309968
2024-02-09 13:00:00,0.8779238129247334,0.8779238129247334
2024-02-09 14:00:00,1.4533828958383124,1.4533828958383124
2024-02-09 15:00:00,1.9517980090306066,1.9517980090306066
2024-02-09 16:00:00,2.197704077715587,2.197704077715587
2024-02-09 17:00:00,2.678343033847918,2.678343033847918
2024-02-09 18:00:00,2.6015000827468295,2.6015000827468295
2024-02-09 19:00:00,2.267791862113514,2.267791862113514
2024-02-09 20:00:00,2.361731334487924,2.361731334487924
2024-02-09 21:00:00,2.466410167849304,2.466410167849304
2024-02-09 22:00:00,0.0,0.0
2024-02-09 23:00:00,0.0,0.0
2024-02-10 00:00:00,0.0,0.0
2024-02-10 01:00:00,0.0,0.0
2024-02-10 02:00:00,0.0,0.0
2024-02-10 03:00:00,0.0,0.0
2024-02-10 04:00:00,0.0,0.0
2024-02-10 05:00:00,0.0,0.0
2024-02-10 06:00:00,0.0,0.0
2024-02-10 07:00:00,0.0,0.0
2024-02-10 08:00:00,0.0,0.0
2024-02-10 09:00:00,0.0,0.0
2024-02-10 10:00:00,0.06425361513878002,0.06425361513878002
2024-02-10 11:00:00,0.2301575478440587,0.2301575478440587
2024-02-10 12:00:00,0.3809932263772608,0.3809932263772608
2024-02-10 13:00:00,0.5522237577054312,0.5522237577054312
2024-02-10 14:00:00,0.784589224222362,0.784589224222362
2024-02-10 15:00:00,1.1747349284824096,1.1747349284824096
2024-02-10 16:00:00,1.2757981717301545,1.2757981717301545
2024-02-10 17:00:00,1.5053482654345278,1.5053482654345278
2024-02-10 18:00:00,1.721956373742177,1.721956373742177
2024-02-10 19:00:00,1.819122494431225,1.819122494431225
2024-02-10 20:00:00,1.3634564293675628,1.3634564293675628
2024-02-10 21:00:00,1.514136652984135,1.514136652984135
2024-02-10 22:00:00,0.0,0.0
2024-02-10 23:00:00,0.0,0.0
2024-02-11 00:00:00,0.0,0.0
2024-02-11 01:00:00,0.0,0.0
2024-02-11 02:00:00,0.0,0.0
2024-02-11 03:00:00,0.0,0.0
2024-02-11 04:00:00,0.0,0.0
2024-02-11 05:00:00,0.0,0.0
2024-02-11 06:00:00,0.0,0.0
2024-02-11 07:00:00,0.0,0.0
2024-02-11 08:00:00,0.0,0.0
2024-02-11 09:00:00,0.0,0.0
2024-02-11 10:00:00,0.06267056991601033,0.06267056991601033
2024-02-11 11:00:00,0.21547939239138444,0.21547939239138444
2024-02-11 12:00:00,0.4123895758057001,0.4123895758057001
2024-02-11 13:00:00,0.5784424233546498,0.5784424233546498
2024-02-11 14:00:00,1.0724745246675278,1.0724745246675278
2024-02-11 15:00:00,1.2314115904446474,1.2314115904446474
2024-02-11 16:00:00,1.517822130003305,1.517822130003305
2024-02-11 17:00:00,1.9361983837384564,1.9361983837384564
2024-02-11 18:00:00,1.5700976543489733,1.5700976543489733
2024-02-11 19:00:00,1.6583874284900884,1.6583874284900884
2024-02-11 20:00:00,1.550606598262308,1.550606598262308
2024-02-11 21:00:00,1.9996177030082216,1.9996177030082216
2024-02-11 22:00:00,0.0,0.0
2024-02-11 23:00:00,0.0,0.0
2024-02-12 00:00:00,0.0,0.0
2024-02-12 01:00:00,0.0,0.0
2024-02-12 02:00:00,0.0,0.0
2024-02-12 03:00:00,0.0,0.0
2024-02-12 04:00:00,0.0,0.0
2024-02-12 05:00:00,0.0,0.0
2024-02-12 06:00:00,0.0,0.0
2024-02-12 07:00:00,0.0,0.0
2024-02-12 08:00:00,0.0,0.0
2024-02-12 09:00:00,0.0,0.0
2024-02-12 10:00:00,0.09371508490278231,0.09371508490278231
2024-02-12 11:00:00,0.31773339809108325,0.31773339809108325
2024-02-12 12:00:00,0.5593815518361865,0.5593815518361865
2024-02-12 13:00:00,0.8927667929238687,0.8927667929238687
2024-02-12 14:00:00,1.5927089181873115,1.5927089181873115
2024-02-12 15:00:00,1.445546960792241,1.445546960792241
2024-02-12 16:00:00,1.9353293058213556,1.9353293058213556
2024-02-12 17:00:00,2.5535810536332453,2.5535810536332453
2024-02-12 18:00:00,2.22015598695216,2.22015598695216
2024-02-12 19:00:00,2.7743397335756885,2.7743397335756885
2024-02-12 20:00:00,2.1456424445760707,2.1456424445760707
2024-02-12 21:00:00,2.8096636047270236,2.8096636047270236
2024-02-12 22:00:00,0.0,0.0
2024-02-12 23:00:00,0.0,0.0
2024-02-13 00:00:00,0.0,0.0
2024-02-13 01:00:00,0.0,0.0
2024-02-13 02:00:00,0.0,0.0
2024-02-13 03:00:00,0.0,0.0
2024-02-13 04:00:00,0.0,0.0
2024-02-13 05:00:00,0.0,0.0
2024-02-13 06:00:00,0.0,0.0
2024-02-13 07:00:00,0.0,0.0
2024-02-13 08:00:00,0.0,0.0
2024-02-13 09:00:00,0.0,0.0
2024-02-13 10:00:00,0.08864665054992854,0.08864665054992854
2024-02-13 11:00:00,0.2813051410112493,0.2813051410112493
2024-02-13 12:00:00,0.6137047630666932,0.6137047630666932
2024-02-13 13:00:00,1.0274811692704695,1.0274811692704695
2024-02-13 14:00:00,1.4202277412827815,1.4202277412827815
2024-02-13 15:00:00,1.7151933885602357,1.7151933885602357
2024-02-13 16:00:00,1.735453876733824,1.735453876733824
2024-02-13 17:00:00,2.21998313117804,2.21998313117804
2024-02-13 18:00:00,2.7481751110908768,2.7481751110908768
2024-02-13 19:00:00,2.668799138331341,2.668799138331341
2024-02-13 20:00:00,2.580573622345232,2.580573622345232
2024-02-13 21:00:00,2.7750826948495457,2.7750826948495457
2024-02-13 22:00:00,0.0,0.0
2024-02-13 23:00:00,0.0,0.0
2024-02-14 00:00:00,0.0,0.0
2024-02-14 01:00:00,0.0,0.0
2024-02-14 02:00:00,0.0,0.0
2024-02-14 03:00:00,0.0,0.0
2024-02-14 04:00:00,0.0,0.0
2024-02-14 05:00:00,0.0,0.0
2024-02-14 06:00:00,0.0,0.0
2024-02-14 07:00:00,0.0,0.0
2024-02-14 08:00:00,0.0,0.0
2024-02-14 09:00:00,0.0,0.0
2024-02-14 10:00:00,0.10106144135366175,0.10106144135366175
2024-02-14 11:00:00,0.30283078156311927,0.30283078156311927
2024-02-14 12:00:00,0.5847557544288339,0.5847557544288339
2024-02-14 13:00:00,0.9527952704851066,0.9527952704851066
2024-02-14 14:00:00,1.3289407350306546,1.3289407350306546
2024-02-14 15:00:00,1.39909731849544,1.39909731849544
2024-02-14 16:00:00,1.9063310004414338,1.9063310004414338
2024-02-14 17:00:00,2.4679691728548323,2.4679691728548323
2024-02-14 18:00:00,2.483419624782673,2.483419624782673
2024-02-14 19:00:00,2.693702816969912,2.693702816969912
2024-02-14 20:00:00,2.1230969258105494,2.1230969258105494
2024-02-14 21:00:00,2.593793744896009,2.593793744896009
2024-02-14 22:00:00,0.0,0.0
2024-02-14 23:00:00,0.0,0.0
2024-02-15 00:00:00,0.0,0.0
2024-02-15 01:00:00,0.0,0.0
2024-02-15 02:00:00,0.0,0.0
2024-02-15 03:00:00,0.0,0.0
2024-02-15 04:00:00,0.0,0.0
2024-02-15 05:00:00,0.0,0.0
2024-02-15 06:00:00,0.0,0.0
2024-02-15 07:00:00,0.0,0.0
2024-02-15 08:00:00,0.0,0.0
2024-02-15 09:00:00,0.0,0.0
2024-02-15 10:00:00,0.10641164667860499,0.10641164667860499
2024-02-15 11:00:00,0.2953763586860611,0.2953763586860611
2024-02-15 12:00:00,0.5705863810096934,0.5705863810096934
2024-02-15 13:00:00,0.9349070821579142,0.9349070821579142
2024-02-15 14:00:00,1.3993112662287193,1.3993112662287193
2024-02-15 15:00:00,1.6513458576449833,1.6513458576449833
2024-02-15 16:00:00,1.9655542715013707,1.9655542715013707
2024-02-15 17:00:00,2.8559189190903873,2.8559189190903873
2024-02-15 18:00:00,2.442490340649309,2.442490340649309
2024-02-15 19:00:00,2.6605356592673903,2.6605356592673903
2024-02-15 20:00:00,2.7501691819684537,2.7501691819684537
2024-02-15 21:00:00,2.8015199924249967,2.8015199924249967
2024-02-15 22:00:00,0.0,0.0
2024-02-15 23:00:00,0.0,0.0
2024-02-16 00:00:00,0.0,0.0
2024-02-16 01:00:00,0.0,0.0
2024-02-16 02:00:00,0.0,0.0
2024-02-16 03:00:00,0.0,0.0
2024-02-16 04:00:00,0.0,0.0
2024-02-16 05:00:00,0.0,0.0
2024-02-16 06:00:00,0.0,0.0
2024-02-16 07:00:00,0.0,0.0
2024-02-16 08:00:00,0.0,0.0
2024-02-16 09:00:00,0.0,0.0
2024-02-16 10:00:00,0.09135263186497411,0.09135263186497411
2024-02-16 11:00:00,0.3323932831548291,0.3323932831548291
2024-02-16 12:00:00,0.541385670756376,0.541385670756376
2024-02-16 13:00:00,0.773252117982117,0.773252117982117
2024-02-16 14:00:00,1.1809997898916793,1.1809997898916793
2024-02-16 15:00:00,1.569567895288456,1.569567895288456
2024-02-16 16:00:00,2.0274296817618986,2.0274296817618986
2024-02-16 17:00:00,2.196146202528674,2.196146202528674
2024-02-16 18:00:00,2.0262669573204155,2.0262669573204155
2024-02-16 19:00:00,2.3103605107230347,2.3103605107230347
2024-02-16 20:00:00,2.3358123192414846,2.3358123192414846
2024-02-16 21:00:00,2.3258942880838704,2.3258942880838704
2024-02-16 22:00:00,0.0,0.0
2024-02-16 23:00:00,0.0,0.0
2024-02-17 00:00:00,0.0,0.0
2024-02-17 01:00:00,0.0,0.0
2024-02-17 02:00:00,0.0,0.0
2024-02-17 03:00:00,0.0,0.0
2024-02-17 04:00:00,0.0,0.0
2024-02-17 05:00:00,0.0,0.0
2024-02-17 06:00:00,0.0,0.0
2024-02-17 07:00:00,0.0,0.0
2024-02-17 08:00:00,0.0,0.0
2024-02-17 09:00:00,0.0,0.0
2024-02-17 10:00:00,0.0593055600067016,0.0593055600067016
2024-02-17 11:00:00,0.22115659472011773,0.22115659472011773
2024-02-17 12:00:00,0.4530942782180161,0.4530942782180161
2024-02-17 13:00:00,0.674247096781394,0.674247096781394
2024-02-17 14:00:00,1.008228503772263,1.008228503772263
2024-02-17 15:00:00,1.012377285827111,1.012377285827111
2024-02-17 16:00:00,1.3402310937707684,1.3402310937707684
2024-02-17 17:00:00,1.912996542017012,1.912996542017012
2024-02-17 18:00:00,1.6559844851399015,1.6559844851399015
2024-02-17 19:00:00,1.7493131272955864,1.7493131272955864
2024-02-17 20:00:00,1.5982349884698408,1.5982349884698408
2024-02-17 21:00:00,1.588643971490731,1.588643971490731
2024-02-17 22:00:00,0.0,0.0
2024-02-17 23:00:00,0.0,0.0
2024-02-18 00:00:00,0.0,0.0
2024-02-18 01:00:00,0.0,0.0
2024-02-18 02:00:00,0.0,0.0
2024-02-18 03:00:00,0.0,0.0
2024-02-18 04:00:00,0.0,0.0
2024-02-18 05:00:00,0.0,0.0
2024-02-18 06:00:00,0.0,0.0
2024-02-18 07:00:00,0.0,0.0
2024-02-18 08:00:00,0.0,0.0
2024-02-18 09:00:00,0.0,0.0
2024-02-18 10:00:00,0.05916852653418064,0.05916852653418064
2024-02-18 11:00:00,0.23557953745350285,0.23557953745350285
2024-02-18 12:00:00,0.35831079091984586,0.35831079091984586
2024-02-18 13:00:00,0.6508355526780767,0.6508355526780767
2024-02-18 14:00:00,0.9518452337822064,0.9518452337822064
2024-02-18 15:00:00,1.1692348387382427,1.1692348387382427
2024-02-18 16:00:00,1.102426334492718,1.102426334492718
2024-02-18 17:00:00,1.8336972707967503,1.8336972707967503
2024-02-18 18:00:00,1.5839065870578182,1.5839065870578182
2024-02-18 19:00:00,1.7007808922841268,1.7007808922841268
2024-02-18 20:00:00,1.5494880305508452,1.5494880305508452
2024-02-18 21:00:00,1.7023313038740309,1.7023313038740309
2024-02-18 22:00:00,0.0,0.0
2024-02-18 23:00:00,0.0,0.0
2024-02-19 00:00:00,0.0,0.0
2024-02-19 01:00:00,0.0,0.0
2024-02-19 02:00:00,0.0,0.0
2024-02-19 03:00:00,0.0,0.0
2024-02-19 04:00:00,0.0,0.0
2024-02-19 05:00:00,0.0,0.0
2024-02-19 06:00:00,0.0,0.0
2024-02-19 07:00:00,0.0,0.0
2024-02-19 08:00:00,0.0,0.0
2024-02-19 09:00:00,0.0,0.0
2024-02-19 10:00:00,0.08509163975469376,0.08509163975469376
2024-02-19 11:00:00,0.27762673172666713,0.27762673172666713
2024-02-19 12:00:00,0.5866988727022571,0.5866988727022571
2024-02-19 13:00:00,0.7818140258281769,0.7818140258281769
2024-02-19 14:00:00,1.1806763771259996,1.1806763771259996
2024-02-19 15:00:00,1.6305768163550525,1.6305768163550525
2024-02-19 16:00:00,1.8513895201052606,1.8513895201052606
2024-02-19 17:00:00,2.364327163883001,2.364327163883001
2024-02-19 18:00:00,2.749438104517059,2.749438104517059
2024-02-19 19:00:00,2.0827628822074455,2.0827628822074455
2024-02-19 20:00:00,1.9173195198097774,1.9173195198097774
2024-02-19 21:00:00,2.16148517585718,2.16148517585718
2024-02-19 22:00:00,0.0,0.0
2024-02-19 23:00:00,0.0,0.0
2024-02-20 00:00:00,0.0,0.0
2024-02-20 01:00:00,0.0,0.0
2024-02-20 02:00:00,0.0,0.0
2024-02-20 03:00:00,0.0,0.0
2024-02-20 04:00:00,0.0,0.0
2024-02-20 05:00:00,0.0,0.0
2024-02-20 06:00:00,0.0,0.0
2024-02-20 07:00:00,0.0,0.0
2024-02-20 08:00:00,0.0,0.0
2024-02-20 09:00:00,0.0,0.0
2024-02-20 10:00:00,0.0968767939005159,0.0968767939005159
2024-02-20 11:00:00,0.34892053476532414,0.34892053476532414
2024-02-20 12:00:00,0.5505101325258223,0.5505101325258223
2024-02-20 13:00:00,0.9003559135375749,0.9003559135375749
2024-02-20 14:00:00,1.5063918508950052,1.5063918508950052
2024-02-20 15:00:00,1.876177636472261,1.876177636472261
2024-02-20 16:00:00,2.138872838315113,2.138872838315113
2024-02-20 17:00:00,2.67316771357677,2.67316771357677
2024-02-20 18:00:00,2.7732935196335475,2.7732935196335475
2024-02-20 19:00:00,2.460917068482356,2.460917068482356
2024-02-20 20:00:00,2.1490672808346165,2.1490672808346165
2024-02-20 21:00:00,2.625476318406056,2.625476318406056
2024-02-20 22:00:00,0.0,0.0
2024-02-20 23:00:00,0.0,0.0
2024-02-21 00:00:00,0.0,0.0
2024-02-21 01:00:00,0.0,0.0
2024-02-21 02:00:00,0.0,0.0
2024-02-21 03:00:00,0.0,0.0
2024-02-21 04:00:00,0.0,0.0
2024-02-21 05:00:00,0.0,0.0
2024-02-21 06:00:00,0.0,0.0
2024-02-21 07:00:00,0.0,0.0
2024-02-21 08:00:00,0.0,0.0
2024-02-21 09:00:00,0.0,0.0
2024-02-21 10:00:00,0.08206819286977765,0.08206819286977765
2024-02-21 11:00:00,0.3096691408330968,0.3096691408330968
2024-02-21 12:00:00,0.6376922761816366,0.6376922761816366
2024-02-21 13:00:00,0.9618536240434425,0.9618536240434425
2024-02-21 14:00:00,1.674155088560636,1.674155088560636
2024-02-21 15:00:00,1.6933343936292393,1.6933343936292393
2024-02-21 16:00:00,1.8823658278332784,1.8823658278332784
2024-02-21 17:00:00,2.3053051891351695,2.3053051891351695
2024-02-21 18:00:00,2.917402816125792,2.917402816125792
2024-02-21 19:00:00,2.323565751966352,2.323565751966352
2024-02-21 20:00:00,2.3131428848309987,2.3131428848309987
2024-02-21 21:00:00,2.7237519550539053,2.7237519550539053
2024-02-21 22:00:00,0.0,0.0
2024-02-21 23:00:00,0.0,0.0
2024-02-22 00:00:00,0.0,0.0
2024-02-22 01:00:00,0.0,0.0
2024-02-22 02:00:00,0.0,0.0
2024-02-22 03:00:00,0.0,0.0
2024-02-22 04:00:00,0.0,0.0
2024-02-22 05:00:00,0.0,0.0
2024-02-22 06:00:00,0.0,0.0
2024-02-22 07:00:00,0.0,0.0
2024-02-22 08:00:00,0.0,0.0
2024-02-22 09:00:00,0.0,0.0
2024-02-22 10:00:00,0.08087248288477564,0.08087248288477564
2024-02-22 11:00:00,0.35962282095252013,0.35962282095252013
2024-02-22 12:00:00,0.6556538104494475,0.6556538104494475
2024-02-22 13:00:00,0.9148664995344262,0.9148664995344262
2024-02-22 14:00:00,1.2700444151589876,1.2700444151589876
2024-02-22 15:00:00,1.5129433371771337,1.5129433371771337
2024-02-22 16:00:00,2.2661138249523667,2.2661138249523667
2024-02-22 17:00:00,2.564031227457013,2.564031227457013
2024-02-22 18:00:00,2.5440422318908578,2.5440422318908578
2024-02-22 19:00:00,2.0381397173258273,2.0381397173258273
2024-02-22 20:00:00,2.5891021662175486,2.5891021662175486
2024-02-22 21:00:00,2.2408868111638847,2.2408868111638847
2024-02-22 22:00:00,0.0,0.0
2024-02-22 23:00:00,0.0,0.0
2024-02-23 00:00:00,0.0,0.0
2024-02-23 01:00:00,0.0,0.0
2024-02-23 02:00:00,0.0,0.0
2024-02-23 03:00:00,0.0,0.0
2024-02-23 04:00:00,0.0,0.0
2024-02-23 05:00:00,0.0,0.0
2024-02-23 06:00:00,0.0,0.0
2024-02-23 07:00:00,0.0,0.0
2024-02-23 08:00:00,0.0,0.0
2024-02-23 09:00:00,0.0,0.0
2024-02-23 10:00:00,0.09206377888220454,0.09206377888220454
2024-02-23 11:00:00,0.2730024462634339,0.2730024462634339
2024-02-23 12:00:00,0.6172043631117163,0.6172043631117163
2024-02-23 13:00:00,0.865315146297086,0.865315146297086
2024-02-23 14:00:00,1.4930231472305227,1.4930231472305227
2024-02-23 15:00:00,1.5112787543542594,1.5112787543542594
2024-02-23 16:00:00,1.794386883018991,1.794386883018991
2024-02-23 17:00:00,2.447118971939348,2.447118971939348
2024-02-23 18:00:00,2.321338687847906,2.321338687847906
2024-02-23 19:00:00,2.1758081846074226,2.1758081846074226
2024-02-23 20:00:00,2.391219900206767,2.391219900206767
2024-02-23 21:00:00,2.7604744922796183,2.7604744922796183
2024-02-23 22:00:00,0.0,0.0
2024-02-23 23:00:00,0.0,0.0
2024-02-24 00:00:00,0.0,0.0
2024-02-24 01:00:00,0.0,0.0
2024-02-24 02:00:00,0.0,0.0
2024-02-24 03:00:00,0.0,0.0
2024-02-24 04:00:00,0.0,0.0
2024-02-24 05:00:00,0.0,0.0
2024-02-24 06:00:00,0.0,0.0
2024-02-24 07:00:00,0.0,0.0
2024-02-24 08:00:00,0.0,0.0
2024-02-24 09:00:00,0.0,0.0
2024-02-24 10:00:00,0.05148340767339517,0.05148340767339517
2024-02-24 11:00:00,0.18351170477537287,0.18351170477537287
2024-02-24 12:00:00,0.4404835130535819,0.4404835130535819
2024-02-24 13:00:00,0.642371821402337,0.642371821402337
2024-02-24 14:00:00,0.8228686597540048,0.8228686597540048
2024-02-24 15:00:00,1.0177590394827585,1.0177590394827585
2024-02-24 16:00:00,1.4770592584033437,1.4770592584033437
2024-02-24 17:00:00,1.6005005325358965,1.6005005325358965
2024-02-24 18:00:00,1.8518128772795936,1.8518128772795936
2024-02-24 19:00:00,1.7318770844956313,1.7318770844956313
2024-02-24 20:00:00,1.4717880102239516,1.4717880102239516
2024-02-24 21:00:00,1.7854807293596053,1.7854807293596053
2024-02-24 22:00:00,0.0,0.0
2024-02-24 23:00:00,0.0,0.0
2024-02-25 00:00:00,0.0,0.0
2024-02-25 01:00:00,0.0,0.0
2024-02-25 02:00:00,0.0,0.0
2024-02-25 03:00:00,0.0,0.0
2024-02-25 04:00:00,0.0,0.0
2024-02-25 05:00:00,0.0,0.0
2024-02-25 06:00:00,0.0,0.0
2024-02-25 07:00:00,0.0,0.0
2024-02-25 08:00:00,0.0,0.0
2024-02-25 09:00:00,0.0,0.0
2024-02-25 10:00:00,0.06571504833748433,0.06571504833748433
2024-02-25 11:00:00,0.19804341188124697,0.19804341188124697
2024-02-25 12:00:00,0.39001654505014494,0.39001654505014494
2024-02-25 13:00:00,0.7263742505884093,0.7263742505884093
2024-02-25 14:00:00,0.8375990921992384,0.8375990921992384
2024-02-25 15:00:00,0.938206380707655,0.938206380707655
2024-02-25 16:00:00,1.4232644331862248,1.4232644331862248
2024-02-25 17:00:00,1.7530905888777029,1.7530905888777029
2024-02-25 18:00:00,1.962915173592684,1.962915173592684
2024-02-25 19:00:00,1.8291856766366927,1.8291856766366927
2024-02-25 20:00:00,1.735100218336083,1.735100218336083
2024-02-25 21:00:00,1.5087972331251513,1.5087972331251513
2024-02-25 22:00:00,0.0,0.0
2024-02-25 23:00:00,0.0,0.0
2024-02-26 00:00:00,0.0,0.0
2024-02-26 01:00:00,0.0,0.0
2024-02-26 02:00:00,0.0,0.0
2024-02-26 03:00:00,0.0,0.0
2024-02-26 04:00:00,0.0,0.0
2024-02-26 05:00:00,0.0,0.0
2024-02-26 06:00:00,0.0,0.0
2024-02-26 07:00:00,0.0,0.0
2024-02-26 08:00:00,0.0,0.0
2024-02-26 09:00:00,0.0,0.0
2024-02-26 10:00:00,0.09201798972531958,0.09201798972531958
2024-02-26 11:00:00,0.34282445427354574,0.34282445427354574
2024-02-26 12:00:00,0.5797218680259685,0.5797218680259685
2024-02-26 13:00:00,1.0543859884639921,1.0543859884639921
2024-02-26 14:00:00,1.5056855526948654,1.5056855526948654
2024-02-26 15:00:00,1.5401886930178827,1.5401886930178827
2024-02-26 16:00:00,1.756113062318601,1.756113062318601
2024-02-26 17:00:00,2.6505548186922807,2.6505548186922807
2024-02-26 18:00:00,2.292694071160629,2.292694071160629
2024-02-26 19:00:00,2.584057023056427,2.584057023056427
2024-02-26 20:00:00,2.380631994944055,2.380631994944055
2024-02-26 21:00:00,2.453364688892007,2.453364688892007
2024-02-26 22:00:00,0.0,0.0
2024-02-26 23:00:00,0.0,0.0
2024-02-27 00:00:00,0.0,0.0
2024-02-27 01:00:00,0.0,0.0
2024-02-27 02:00:00,0.0,0.0
2024-02-27 03:00:00,0.0,0.0
2024-02-27 04:00:00,0.0,0.0
2024-02-27 05:00:00,0.0,0.0
2024-02-27 06:00:00,0.0,0.0
2024-02-27 07:00:00,0.0,0.0
2024-02-27 08:00:00,0.0,0.0
2024-02-27 09:00:00,0.0,0.0
2024-02-27 10:00:00,0.0962574799700092,0.0962574799700092
2024-02-27 11:00:00,0.3804920459507202,0.3804920459507202
2024-02-27 12:00:00,0.5753406554187678,0.5753406554187678
2024-02-27 13:00:00,1.0590447324437007,1.0590447324437007
2024-02-27 14:00:00,1.4376594997362098,1.4376594997362098
2024-02-27 15:00:00,1.5403571081580834,1.5403571081580834
2024-02-27 16:00:00,2.3638213209859074,2.3638213209859074
2024-02-27 17:00:00,2.5521321735442473,2.5521321735442473
2024-02-27 18:00:00,3.0873516823852736,3.0873516823852736
2024-02-27 19:00:00,2.629581659560259,2.629581659560259
2024-02-27 20:00:00,2.562008419083521,2.562008419083521
2024-02-27 21:00:00,2.72198263479604,2.72198263479604
2024-02-27 22:00:00,0.0,0.0
2024-02-27 23:00:00,0.0,0.0
2024-02-28 00:00:00,0.0,0.0
2024-02-28 01:00:00,0.0,0.0
2024-02-28 02:00:00,0.0,0.0
2024-02-28 03:00:00,0.0,0.0
2024-02-28 04:00:00,0.0,0.0
2024-02-28 05:00:00,0.0,0.0
2024-02-28 06:00:00,0.0,0.0
2024-02-28 07:00:00,0.0,0.0
2024-02-28 08:00:00,0.0,0.0
2024-02-28 09:00:00,0.0,0.0
2024-02-28 10:00:00,0.09434115418404174,0.09434115418404174
2024-02-28 11:00:00,0.3793592143056046,0.3793592143056046
2024-02-28 12:00:00,0.53947454435613,0.53947454435613
2024-02-28 13:00:00,0.9945889778335307,0.9945889778335307
2024-02-28 14:00:00,1.2176908862846088,1.2176908862846088
2024-02-28 15:00:00,1.7798046776810155,1.7798046776810155
2024-02-28 16:00:00,2.123653650509229,2.123653650509229
2024-02-28 17:00:00,2.51580249634163,2.51580249634163
2024-02-28 18:00:00,2.8432637577239266,2.8432637577239266
2024-02-28 19:00:00,2.425695297922175,2.425695297922175
2024-02-28 20:00:00,2.235823548573959,2.235823548573959
2024-02-28 21:00:00,2.6371727032907515,2.6371727032907515
2024-02-28 22:00:00,0.0,0.0
2024-02-28 23:00:00,0.0,0.0
2024-02-29 00:00:00,0.0,0.0
2024-02-29 01:00:00,0.0,0.0
2024-02-29 02:00:00,0.0,0.0
2024-02-29 03:00:00,0.0,0.0
2024-02-29 04:00:00,0.0,0.0
2024-02-29 05:00:00,0.0,0.0
2024-02-29 06:00:00,0.0,0.0
2024-02-29 07:00:00,0.0,0.0
2024-02-29 08:00:00,0.0,0.0
2024-02-29 09:00:00,0.0,0.0
2024-02-29 10:00:00,0.08384316573041276,0.08384316573041276
2024-02-29 11:00:00,0.3739814744169565,0.3739814744169565
2024-02-29 12:00:00,0.5455969402626989,0.5455969402626989
2024-02-29 13:00:00,1.0079899251458488,1.0079899251458488
2024-02-29 14:00:00,1.3640585473286042,1.3640585473286042
2024-02-29 15:00:00,1.5483458237146468,1.5483458237146468
2024-02-29 16:00:00,2.183564528042472,2.183564528042472
2024-02-29 17:00:00,2.9557225595675147,2.9557225595675147
2024-02-29 18:00:00,2.853181323471707,2.853181323471707
2024-02-29 19:00:00,2.4739635252036978,2.4739635252036978
2024-02-29 20:00:00,2.4160335500045167,2.4160335500045167
2024-02-29 21:00:00,3.0151298705250738,3.0151298705250738
2024-02-29 22:00:00,0.0,0.0
2024-02-29 23:00:00,0.0,0.0
2024-03-01 00:00:00,0.0,0.0
2024-03-01 01:00:00,0.0,0.0
2024-03-01 02:00:00,0.0,0.0
2024-03-01 03:00:00,0.0,0.0
2024-03-01 04:00:00,0.0,0.0
2024-03-01 05:00:00,0.0,0.0
2024-03-01 06:00:00,0.0,0.0
2024-03-01 07:00:00,0.0,0.0
2024-03-01 08:00:00,0.0,0.0
2024-03-01 09:00:00,0.0,0.0
2024-03-01 10:00:00,0.10432258228418996,0.10432258228418996
2024-03-01 11:00:00,0.371839451628311,0.371839451628311
2024-03-01 12:00:00,0.6143202120446667,0.6143202120446667
2024-03-01 13:00:00,0.9184247302989829,0.9184247302989829
2024-03-01 14:00:00,1.4860905958706176,1.4860905958706176
2024-03-01 15:00:00,1.794094058974851,1.794094058974851
2024-03-01 16:00:00,2.2304872940860383,2.2304872940860383
2024-03-01 17:00:00,2.9420263542748692,2.9420263542748692
2024-03-01 18:00:00,2.7167215723090035,2.7167215723090035
2024-03-01 19:00:00,2.32941016358488,2.32941016358488
2024-03-01 20:00:00,2.4356404758627215,2.4356404758627215
2024-03-01 21:00:00,2.914446394948045,2.914446394948045
2024-03-01 22:00:00,0.0,0.0
2024-03-01 23:00:00,0.0,0.0
2024-03-02 00:00:00,0.0,0.0
2024-03-02 01:00:00,0.0,0.0
2024-03-02 02:00:00,0.0,0.0
2024-03-02 03:00:00,0.0,0.0
2024-03-02 04:00:00,0.0,0.0
2024-03-02 05:00:00,0.0,0.0
2024-03-02 06:00:00,0.0,0.0
2024-03-02 07:00:00,0.0,0.0
2024-03-02 08:00:00,0.0,0.0
2024-03-02 09:00:00,0.0,0.0
2024-03-02 10:00:00,0.06760343948012885,0.06760343948012885
2024-03-02 11:00:00,0.266093870115299,0.266093870115299
2024-03-02 12:00:00,0.45732337094329384,0.45732337094329384
2024-03-02 13:00:00,0.6225650038312215,0.6225650038312215
2024-03-02 14:00:00,1.013820989588315,1.013820989588315
2024-03-02 15:00:00,1.0668574568719595,1.0668574568719595
2024-03-02 16:00:00,1.229945155685008,1.229945155685008
2024-03-02 17:00:00,1.621549796641557,1.621549796641557
2024-03-02 18:00:00,1.6020192544191092,1.6020192544191092
2024-03-02 19:00:00,1.5591043908963376,1.5591043908963376
2024-03-02 20:00:00,1.849330382489538,1.849330382489538
2024-03-02 21:00:00,1.7399918427977852,1.7399918427977852
2024-03-02 22:00:00,0.0,0.0
2024-03-02 23:00:00,0.0,0.0
2024-03-03 00:00:00,0.0,0.0
2024-03-03 01:00:00,0.0,0.0
2024-03-03 02:00:00,0.0,0.0
2024-03-03 03:00:00,0.0,0.0
2024-03-03 04:00:00,0.0,0.0
2024-03-03 05:00:00,0.0,0.0
2024-03-03 06:00:00,0.0,0.0
2024-03-03 07:00:00,0.0,0.0
2024-03-03 08:00:00,0.0,0.0
2024-03-03 09:00:00,0.0,0.0
2024-03-03 10:00:00,0.06855488579695844,0.06855488579695844
2024-03-03 11:00:00,0.2524416479265032,0.2524416479265032
2024-03-03 12:00:00,0.41091100854422447,0.41091100854422447
2024-03-03 13:00:00,0.761677378503039,0.761677378503039
2024-03-03 14:00:00,1.0649804010466453,1.0649804010466453
2024-03-03 15:00:00,1.1165906019919647,1.1165906019919647
2024-03-03 16:00:00,1.220762827228525,1.220762827228525
2024-03-03 17:00:00,1.6112956775037959,1.6112956775037959
2024-03-03 18:00:00,1.9286408272951352,1.9286408272951352
2024-03-03 19:00:00,1.4838890952643435,1.4838890952643435
2024-03-03 20:00:00,1.6482193696951672,1.6482193696951672
2024-03-03 21:00:00,1.873779456070182,1.873779456070182
2024-03-03 22:00:00,0.0,0.0
2024-03-03 23:00:00,0.0,0.0
2024-03-04 00:00:00,0.0,0.0
2024-03-04 01:00:00,0.0,0.0
2024-03-04 02:00:00,0.0,0.0
2024-03-04 03:00:00,0.0,0.0
2024-03-04 04:00:00,0.0,0.0
2024-03-04 05:00:00,0.0,0.0
2024-03-04 06:00:00,0.0,0.0
2024-03-04 07:00:00,0.0,0.0
2024-03-04 08:00:00,0.0,0.0
2024-03-04 09:00:00,0.0,0.0
2024-03-04 10:00:00,0.09108025022678373,0.09108025022678373
2024-03-04 11:00:00,0.33761724021545136,0.33761724021545136
2024-03-04 12:00:00,0.5553571565504314,0.5553571565504314
2024-03-04 13:00:00,1.023476428657222,1.023476428657222
2024-03-04 14:00:00,1.3374863979575196,1.3374863979575196
2024-03-04 15:00:00,1.6603945317017297,1.6603945317017297
2024-03-04 16:00:00,2.2532908359370993,2.2532908359370993
2024-03-04 17:00:00,2.2357952034466435,2.2357952034466435
2024-03-04 18:00:00,2.701411541975009,2.701411541975009
2024-03-04 19:00:00,2.255174291298958,2.255174291298958
2024-03-04 20:00:00,2.3116148439045636,2.3116148439045636
2024-03-04 21:00:00,2.326281962852913,2.326281962852913
2024-03-04 22:00:00,0.0,0.0
2024-03-04 23:00:00,0.0,0.0
2024-03-05 00:00:00,0.0,0.0
2024-03-05 01:00:00,0.0,0.0
2024-03-05 02:00:00,0.0,0.0
2024-03-05 03:00:00,0.0,0.0
2024-03-05 04:00:00,0.0,0.0
2024-03-05 05:00:00,0.0,0.0
2024-03-05 06:00:00,0.0,0.0
2024-03-05 07:00:00,0.0,0.0
2024-03-05 08:00:00,0.0,0.0
2024-03-05 09:00:00,0.0,0.0
2024-03-05 10:00:00,0.09298763366475565,0.09298763366475565
2024-03-05 11:00:00,0.34130750861740755,0.34130750861740755
2024-03-05 12:00:00,0.6852047417773679,0.6852047417773679
2024-03-05 13:00:00,0.9957635233304869,0.9957635233304869
2024-03-05 14:00:00,1.6851101081389708,1.6851101081389708
2024-03-05 15:00:00,1.8806796926517018,1.8806796926517018
2024-03-05 16:00:00,1.8704670003463815,1.8704670003463815
2024-03-05 17:00:00,2.991393340572181,2.991393340572181
2024-03-05 18:00:00,2.9951550071389077,2.9951550071389077
2024-03-05 19:00:00,2.624268708748361,2.624268708748361
2024-03-05 20:00:00,2.5831343322874463,2.5831343322874463
2024-03-05 21:00:00,3.108239917855571,3.108239917855571
2024-03-05 22:00:00,0.0,0.0
2024-03-05 23:00:00,0.0,0.0
2024-03-06 00:00:00,0.0,0.0
2024-03-06 01:00:00,0.0,0.0
2024-03-06 02:00:00,0.0,0.0
2024-03-06 03:00:00,0.0,0.0
2024-03-06 04:00:00,0.0,0.0
2024-03-06 05:00:00,0.0,0.0
2024-03-06 06:00:00,0.0,0.0
2024-03-06 07:00:00,0.0,0.0
2024-03-06 08:00:00,0.0,0.0
2024-03-06 09:00:00,0.0,0.0
2024-03-06 10:00:00,0.08967043853741517,0.08967043853741517
2024-03-06 11:00:00,0.28245374411670005,0.28245374411670005
2024-03-06 12:00:00,0.6169585183307263,0.6169585183307263
2024-03-06 13:00:00,0.9414303995685466,0.9414303995685466
2024-03-06 14:00:00,1.2221642473536232,1.2221642473536232
2024-03-06 15:00:00,1.4005712683147076,1.4005712683147076
2024-03-06 16:00:00,1.867244145979594,1.867244145979594
2024-03-06 17:00:00,2.6056082361576336,2.6056082361576336
2024-03-06 18:00:00,2.638624002525857,2.638624002525857
2024-03-06 19:00:00,1.9657591942151864,1.9657591942151864
2024-03-06 20:00:00,2.1289590508839784,2.1289590508839784
2024-03-06 21:00:00,2.4146436602374752,2.4146436602374752
2024-03-06 22:00:00,0.0,0.0
2024-03-06 23:00:00,0.0,0.0
2024-03-07 00:00:00,0.0,0.0
2024-03-07 01:00:00,0.0,0.0
2024-03-07 02:00:00,0.0,0.0
2024-03-07 03:00:00,0.0,0.0
2024-03-07 04:00:00,0.0,0.0
2024-03-07 05:00:00,0.0,0.0
2024-03-07 06:00:00,0.0,0.0
2024-03-07 07:00:00,0.0,0.0
2024-03-07 08:00:00,0.0,0.0
2024-03-07 09:00:00,0.0,0.0
2024-03-07 10:00:00,0.0914079796006929,0.0914079796006929
2024-03-07 11:00:00,0.2765539297900487,0.2765539297900487
2024-03-07 12:00:00,0.48539488645110973,0.48539488645110973
2024-03-07 13:00:00,0.8203090733363647,0.8203090733363647
2024-03-07 14:00:00,1.4805332351894593,1.4805332351894593
2024-03-07 15:00:00,1.6659861056698428,1.6659861056698428
2024-03-07 16:00:00,1.9296829887883131,1.9296829887883131
2024-03-07 17:00:00,2.738783853132418,2.738783853132418
2024-03-07 18:00:00,2.1764586453580854,2.1764586453580854
2024-03-07 19:00:00,2.3371122224011827,2.3371122224011827
2024-03-07 20:00:00,2.0576442319340122,2.0576442319340122
2024-03-07 21:00:00,2.339138615059898,2.339138615059898
2024-03-07 22:00:00,0.0,0.0
2024-03-07 23:00:00,0.0,0.0
2024-03-08 00:00:00,0.0,0.0
2024-03-08 01:00:00,0.0,0.0
2024-03-08 02:00:00,0.0,0.0
2024-03-08 03:00:00,0.0,0.0
2024-03-08 04:00:00,0.0,0.0
2024-03-08 05:00:00,0.0,0.0
2024-03-08 06:00:00,0.0,0.0
2024-03-08 07:00:00,0.0,0.0
2024-03-08 08:00:00,0.0,0.0
2024-03-08 09:00:00,0.0,0.0
2024-03-08 10:00:00,0.08327944992685328,0.08327944992685328
2024-03-08 11:00:00,0.2777691600569445,0.2777691600569445
2024-03-08 12:00:00,0.5704359150033265,0.5704359150033265
2024-03-08 13:00:00,0.7615045293683479,0.7615045293683479
2024-03-08 14:00:00,1.085431272841449,1.085431272841449
2024-03-08 15:00:00,1.554257388361782,1.554257388361782
2024-03-08 16:00:00,1.947901212264785,1.947901212264785
2024-03-08 17:00:00,2.124059535325804,2.124059535325804
2024-03-08 18:00:00,2.2162680615789676,2.2162680615789676
2024-03-08 19:00:00,2.485276797091248,2.485276797091248
2024-03-08 20:00:00,1.9070705726944093,1.9070705726944093
2024-03-08 21:00:00,2.1387768343418414,2.1387768343418414
2024-03-08 22:00:00,0.0,0.0
2024-03-08 23:00:00,0.0,0.0
2024-03-09 00:00:00,0.0,0.0
2024-03-09 01:00:00,0.0,0.0
2024-03-09 02:00:00,0.0,0.0
2024-03-09 03:00:00,0.0,0.0
2024-03-09 04:00:00,0.0,0.0
2024-03-09 05:00:00,0.0,0.0
2024-03-09 06:00:00,0.0,0.0
2024-03-09 07:00:00,0.0,0.0
2024-03-09 08:00:00,0.0,0.0
2024-03-09 09:00:00,0.0,0.0
2024-03-09 10:00:00,0.06014211937372205,0.06014211937372205
2024-03-09 11:00:00,0.24397347617238943,0.24397347617238943
2024-03-09 12:00:00,0.3703287041701442,0.3703287041701442
2024-03-09 13:00:00,0.7171129556923108,0.7171129556923108
2024-03-09 14:00:00,1.0473929375402673,1.0473929375402673
2024-03-09 15:00:00,1.170511717712846,1.170511717712846
2024-03-09 16:00:00,1.3080144394322497,1.3080144394322497
2024-03-09 17:00:00,1.9376007500856298,1.9376007500856298
2024-03-09 18:00:00,1.6455967551601618,1.6455967551601618
2024-03-09 19:00:00,1.9042724938606128,1.9042724938606128
2024-03-09 20:00:00,1.785063146193325,1.785063146193325
2024-03-09 21:00:00,1.5905904013579664,1.5905904013579664
2024-03-09 22:00:00,0.0,0.0
2024-03-09 23:00:00,0.0,0.0
2024-03-10 00:00:00,0.0,0.0
2024-03-10 01:00:00,0.0,0.0
2024-03-10 02:00:00,0.0,0.0
2024-03-10 03:00:00,0.0,0.0
2024-03-10 04:00:00,0.0,0.0
2024-03-10 05:00:00,0.0,0.0
2024-03-10 06:00:00,0.0,0.0
2024-03-10 07:00:00,0.0,0.0
2024-03-10 08:00:00,0.0,0.0
2024-03-10 09:00:00,0.0,0.0
2024-03-10 10:00:00,0.06617087086945989,0.06617087086945989
2024-03-10 11:00:00,0.20972967002591308,0.20972967002591308
2024-03-10 12:00:00,0.37064591896092614,0.37064591896092614
2024-03-10 13:00:00,0.662368234405019,0.662368234405019
2024-03-10 14:00:00,0.8752791373675323,0.8752791373675323
2024-03-10 15:00:00,0.9407706973461137,0.9407706973461137
2024-03-10 16:00:00,1.1924538497373462,1.1924538497373462
2024-03-10 17:00:00,1.8272666995418725,1.8272666995418725
2024-03-10 18:00:00,1.998795401504393,1.998795401504393
2024-03-10 19:00:00,1.6285266434197483,1.6285266434197483
2024-03-10 20:00:00,1.4616087133907203,1.4616087133907203
2024-03-10 21:00:00,1.9557755847532072,1.9557755847532072
2024-03-10 22:00:00,0.0,0.0
2024-03-10 23:00:00,0.0,0.0
2024-03-11 00:00:00,0.0,0.0
2024-03-11 01:00:00,0.0,0.0
2024-03-11 02:00:00,0.0,0.0
2024-03-11 03:00:00,0.0,0.0
2024-03-11 04:00:00,0.0,0.0
2024-03-11 05:00:00,0.0,0.0
2024-03-11 06:00:00,0.0,0.0
2024-03-11 07:00:00,0.0,0.0
2024-03-11 08:00:00,0.0,0.0
2024-03-11 09:00:00,0.0,0.0
2024-03-11 10:00:00,0.08990817584787142,0.08990817584787142
2024-03-11 11:00:00,0.3590823443018405,0.3590823443018405
2024-03-11 12:00:00,0.56990242242464,0.56990242242464
2024-03-11 13:00:00,0.8261527330961491,0.8261527330961491
2024-03-11 14:00:00,1.2847198724476852,1.2847198724476852
2024-03-11 15:00:00,1.4699852830022717,1.4699852830022717
2024-03-11 16:00:00,2.2295636805898478,2.2295636805898478
2024-03-11 17:00:00,2.48704667063229,2.48704667063229
2024-03-11 18:00:00,2.68975309963905,2.68975309963905
2024-03-11 19:00:00,2.738003716229117,2.738003716229117
2024-03-11 20:00:00,2.2374929556808403,2.2374929556808403
2024-03-11 21:00:00,2.804209052068804,2.804209052068804
2024-03-11 22:00:00,0.0,0.0
2024-03-11 23:00:00,0.0,0.0
2024-03-12 00:00:00,0.0,0.0
2024-03-12 01:00:00,0.0,0.0
2024-03-12 02:00:00,0.0,0.0
2024-03-12 03:00:00,0.0,0.0
2024-03-12 04:00:00,0.0,0.0
2024-03-12 05:00:00,0.0,0.0
2024-03-12 06:00:00,0.0,0.0
2024-03-12 07:00:00,0.0,0.0
2024-03-12 08:00:00,0.0,0.0
2024-03-12 09:00:00,0.0,0.0
2024-03-12 10:00:00,0.08463032955312184,0.08463032955312184
2024-03-12 11:00:00,0.31330009372069756,0.31330009372069756
2024-03-12 12:00:00,0.5696380555525795,0.5696380555525795
2024-03-12 13:00:00,0.9896901151351994,0.9896901151351994
2024-03-12 14:00:00,1.4374929637427067,1.4374929637427067
2024-03-12 15:00:00,1.4347781402598079,1.4347781402598079
2024-03-12 16:00:00,1.9125811367783,1.9125811367783
2024-03-12 17:00:00,2.525288944091784,2.525288944091784
2024-03-12 18:00:00,1.99591045252002,1.99591045252002
2024-03-12 19:00:00,2.231947662867341,2.231947662867341
2024-03-12 20:00:00,2.2927160871054753,2.2927160871054753
2024-03-12 21:00:00,2.5503001753199346,2.5503001753199346
2024-03-12 22:00:00,0.0,0.0
2024-03-12 23:00:00,0.0,0.0
2024-03-13 00:00:00,0.0,0.0
2024-03-13 01:00:00,0.0,0.0
2024-03-13 02:00:00,0.0,0.0
2024-03-13 03:00:00,0.0,0.0
2024-03-13 04:00:00,0.0,0.0
2024-03-13 05:00:00,0.0,0.0
2024-03-13 06:00:00,0.0,0.0
2024-03-13 07:00:00,0.0,0.0
2024-03-13 08:00:00,0.0,0.0
2024-03-13 09:00:00,0.0,0.0
2024-03-13 10:00:00,0.08968740750060432,0.08968740750060432
2024-03-13 11:00:00,0.31109695197386955,0.31109695197386955
2024-03-13 12:00:00,0.5269216723189348,0.5269216723189348
2024-03-13 13:00:00,0.9905847044992122,0.9905847044992122
2024-03-13 14:00:00,1.3279333993071785,1.3279333993071785
2024-03-13 15:00:00,1.6631481390823373,1.6631481390823373
2024-03-13 16:00:00,1.8414753357728533,1.8414753357728533
2024-03-13 17:00:00,2.2934048386834385,2.2934048386834385
2024-03-13 18:00:00,2.66671450795886,2.66671450795886
2024-03-13 19:00:00,2.530356128150641,2.530356128150641
2024-03-13 20:00:00,2.5060547493195653,2.5060547493195653
2024-03-13 21:00:00,2.6347546397874853,2.6347546397874853
2024-03-13 22:00:00,0.0,0.0
2024-03-13 23:00:00,0.0,0.0
2024-03-14 00:00:00,0.0,0.0
2024-03-14 01:00:00,0.0,0.0
2024-03-14 02:00:00,0.0,0.0
2024-03-14 03:00:00,0.0,0.0
2024-03-14 04:00:00,0.0,0.0
2024-03-14 05:00:00,0.0,0.0
2024-03-14 06:00:00,0.0,0.0
2024-03-14 07:00:00,0.0,0.0
2024-03-14 08:00:00,0.0,0.0
2024-03-14 09:00:00,0.0,0.0
2024-03-14 10:00:00,0.0780941819638993,0.0780941819638993
2024-03-14 11:00:00,0.3569790585969067,0.3569790585969067
2024-03-14 12:00:00,0.6030422135411896,0.6030422135411896
2024-03-14 13:00:00,0.9278530728571655,0.9278530728571655
2024-03-14 14:00:00,1.1758152015479033,1.1758152015479033
2024-03-14 15:00:00,1.5428644466734995,1.5428644466734995
2024-03-14 16:00:00,2.193440302418729,2.193440302418729
2024-03-14 17:00:00,2.499874565578591,2.499874565578591
2024-03-14 18:00:00,2.3884835609102146,2.3884835609102146
2024-03-14 19:00:00,2.3547899391107228,2.3547899391107228
2024-03-14 20:00:00,2.562388940969416,2.562388940969416
2024-03-14 21:00:00,2.8187213518026266,2.8187213518026266
2024-03-14 22:00:00,0.0,0.0
2024-03-14 23:00:00,0.0,0.0
2024-03-15 00:00:00,0.0,0.0
2024-03-15 01:00:00,0.0,0.0
2024-03-15 02:00:00,0.0,0.0
2024-03-15 03:00:00,0.0,0.0
2024-03-15 04:00:00,0.0,0.0
2024-03-15 05:00:00,0.0,0.0
2024-03-15 06:00:00,0.0,0.0
2024-03-15 07:00:00,0.0,0.0
2024-03-15 08:00:00,0.0,0.0
2024-03-15 09:00:00,0.0,0.0
2024-03-15 10:00:00,0.07466755907829864,0.07466755907829864
2024-03-15 11:00:00,0.35264342554536676,0.35264342554536676
2024-03-15 12:00:00,0.5182481348756982,0.5182481348756982
2024-03-15 13:00:00,1.004991492783649,1.004991492783649
2024-03-15 14:00:00,1.3358698525549881,1.3358698525549881
2024-03-15 15:00:00,1.6009947215643276,1.6009947215643276
2024-03-15 16:00:00,1.9288066902069343,1.9288066902069343
2024-03-15 17:00:00,2.146002626694704,2.146002626694704
2024-03-15 18:00:00,2.656888100400869,2.656888100400869
2024-03-15 19:00:00,2.4930521887781905,2.4930521887781905
2024-03-15 20:00:00,2.1460098924760245,2.1460098924760245
2024-03-15 21:00:00,2.648838242463177,2.648838242463177
2024-03-15 22:00:00,0.0,0.0
2024-03-15 23:00:00,0.0,0.0
2024-03-16 00:00:00,0.0,0.0
2024-03-16 01:00:00,0.0,0.0
2024-03-16 02:00:00,0.0,0.0
2024-03-16 03:00:00,0.0,0.0
2024-03-16 04:00:00,0.0,0.0
2024-03-16 05:00:00,0.0,0.0
2024-03-16 06:00:00,0.0,0.0
2024-03-16 07:00:00,0.0,0.0
2024-03-16 08:00:00,0.0,0.0
2024-03-16 09:00:00,0.0,0.0
2024-03-16 10:00:00,0.07125389398590368,0.07125389398590368
2024-03-16 11:00:00,0.24631339808298824,0.24631339808298824
2024-03-16 12:00:00,0.39961347197312763,0.39961347197312763
2024-03-16 13:00:00,0.7840938725288406,0.7840938725288406
2024-03-16 14:00:00,1.009313238565865,1.009313238565865
2024-03-16 15:00:00,1.154831466188275,1.154831466188275
2024-03-16 16:00:00,1.4053083847025922,1.4053083847025922
2024-03-16 17:00:00,1.6154030109135995,1.6154030109135995
2024-03-16 18:00:00,1.9412081809218593,1.9412081809218593
2024-03-16 19:00:00,1.6981206080642257,1.6981206080642257
2024-03-16 20:00:00,1.940897434831573,1.940897434831573
2024-03-16 21:00:00,2.136989478405992,2.136989478405992
2024-03-16 22:00:00,0.0,0.0
2024-03-16 23:00:00,0.0,0.0
2024-03-17 00:00:00,0.0,0.0
2024-03-17 01:00:00,0.0,0.0
2024-03-17 02:00:00,0.0,0.0
2024-03-17 03:00:00,0.0,0.0
2024-03-17 04:00:00,0.0,0.0
2024-03-17 05:00:00,0.0,0.0
2024-03-17 06:00:00,0.0,0.0
2024-03-17 07:00:00,0.0,0.0
2024-03-17 08:00:00,0.0,0.0
2024-03-17 09:00:00,0.0,0.0
2024-03-17 10:00:00,0.06401847105721133,0.06401847105721133
2024-03-17 11:00:00,0.2284899132319519,0.2284899132319519
2024-03-17 12:00:00,0.4282996226380553,0.4282996226380553
2024-03-17 13:00:00,0.7488758578517726,0.7488758578517726
2024-03-17 14:00:00,1.11263278987127,1.11263278987127
2024-03-17 15:00:00,1.0769146949553603,1.0769146949553603
2024-03-17 16:00:00,1.5323624166020569,1.5323624166020569
2024-03-17 17:00:00,1.676296072595416,1.676296072595416
2024-03-17 18:00:00,1.877107478073869,1.877107478073869
2024-03-17 19:00:00,1.8701763584536204,1.8701763584536204
2024-03-17 20:00:00,1.8933210548723214,1.8933210548723214
2024-03-17 21:00:00,1.824516409386459,1.824516409386459
2024-03-17 22:00:00,0.0,0.0
2024-03-17 23:00:00,0.0,0.0
2024-03-18 00:00:00,0.0,0.0
2024-03-18 01:00:00,0.0,0.0
2024-03-18 02:00:00,0.0,0.0
2024-03-18 03:00:00,0.0,0.0
2024-03-18 04:00:00,0.0,0.0
2024-03-18 05:00:00,0.0,0.0
2024-03-18 06:00:00,0.0,0.0
2024-03-18 07:00:00,0.0,0.0
2024-03-18 08:00:00,0.0,0.0
2024-03-18 09:00:00,0.0,0.0
2024-03-18 10:00:00,0.0836427258632717,0.0836427258632717
2024-03-18 11:00:00,0.27331548261071287,0.27331548261071287
2024-03-18 12:00:00,0.5058660636135387,0.5058660636135387
2024-03-18 13:00:00,0.7981934036136252,0.7981934036136252
2024-03-18 14:00:00,1.1957999386138007,1.1957999386138007
2024-03-18 15:00:00,1.6323969380372276,1.6323969380372276
2024-03-18 16:00:00,1.7987184344482665,1.7987184344482665
2024-03-18 17:00:00,2.244144379404788,2.244144379404788
2024-03-18 18:00:00,2.2535660177867682,2.2535660177867682
2024-03-18 19:00:00,2.5068782868692026,2.5068782868692026
2024-03-18 20:00:00,1.9286509631013766,1.9286509631013766
2024-03-18 21:00:00,2.645156815206942,2.645156815206942
2024-03-18 22:00:00,0.0,0.0
2024-03-18 23:00:00,0.0,0.0
2024-03-19 00:00:00,0.0,0.0
2024-03-19 01:00:00,0.0,0.0
2024-03-19 02:00:00,0.0,0.0
2024-03-19 03:00:00,0.0,0.0
2024-03-19 04:00:00,0.0,0.0
2024-03-19 05:00:00,0.0,0.0
2024-03-19 06:00:00,0.0,0.0
2024-03-19 07:00:00,0.0,0.0
2024-03-19 08:00:00,0.0,0.0
2024-03-19 09:00:00,0.0,0.0
2024-03-19 10:00:00,0.09087622022695514,0.09087622022695514
2024-03-19 11:00:00,0.3174313320891292,0.3174313320891292
2024-03-19 12:00:00,0.6246529069341292,0.6246529069341292
2024-03-19 13:00:00,0.9292846452961753,0.9292846452961753
2024-03-19 14:00:00,1.3238742557958139,1.3238742557958139
2024-03-19 15:00:00,1.3958810550007612,1.3958810550007612
2024-03-19 16:00:00,2.010443377027739,2.010443377027739
2024-03-19 17:00:00,2.3012238705961185,2.3012238705961185
2024-03-19 18:00:00,2.0921511523774643,2.0921511523774643
2024-03-19 19:00:00,2.503672758638588,2.503672758638588
2024-03-19 20:00:00,1.9598857851368081,1.9598857851368081
2024-03-19 21:00:00,2.6008818934405578,2.6008818934405578
2024-03-19 22:00:00,0.0,0.0
2024-03-19 23:00:00,0.0,0.0
2024-03-20 00:00:00,0.0,0.0
2024-03-20 01:00:00,0.0,0.0
2024-03-20 02:00:00,0.0,0.0
2024-03-20 03:00:00,0.0,0.0
2024-03-20 04:00:00,0.0,0.0
2024-03-20 05:00:00,0.0,0.0
2024-03-20 06:00:00,0.0,0.0
2024-03-20 07:00:00,0.0,0.0
2024-03-20 08:00:00,0.0,0.0
2024-03-20 09:00:00,0.0,0.0
2024-03-20 10:00:00,0.09513149289975739,0.09513149289975739
2024-03-20 11:00:00,0.3033819914491161,0.3033819914491161
2024-03-20 12:00:00,0.6121569471769575,0.6121569471769575
2024-03-20 13:00:00,1.0531816351381502,1.0531816351381502
2024-03-20 14:00:00,1.4496617342762546,1.4496617342762546
2024-03-20 15:00:00,1.517374161508455,1.517374161508455
2024-03-20 16:00:00,2.0367579534951057,2.0367579534951057
2024-03-20 17:00:00,2.615681848924913,2.615681848924913
2024-03-20 18:00:00,2.8350303946159325,2.8350303946159325
2024-03-20 19:00:00,2.8511297214528835,2.8511297214528835
2024-03-20 20:00:00,2.5581219555590367,2.5581219555590367
2024-03-20 21:00:00,2.898002128607146,2.898002128607146
2024-03-20 22:00:00,0.0,0.0
2024-03-20 23:00:00,0.0,0.0
2024-03-21 00:00:00,0.0,0.0
2024-03-21 01:00:00,0.0,0.0
2024-03-21 02:00:00,0.0,0.0
2024-03-21 03:00:00,0.0,0.0
2024-03-21 04:00:00,0.0,0.0
2024-03-21 05:00:00,0.0,0.0
2024-03-21 06:00:00,0.0,0.0
2024-03-21 07:00:00,0.0,0.0
2024-03-21 08:00:00,0.0,0.0
2024-03-21 09:00:00,0.0,0.0
2024-03-21 10:00:00,0.0941884936184804,0.0941884936184804
2024-03-21 11:00:00,0.34671719281672003,0.34671719281672003
2024-03-21 12:00:00,0.5591404614415446,0.5591404614415446
2024-03-21 13:00:00,0.8155809079614307,0.8155809079614307
2024-03-21 14:00:00,1.235560128880781,1.235560128880781
2024-03-21 15:00:00,1.4209397203169767,1.4209397203169767
2024-03-21 16:00:00,2.0327771143015094,2.0327771143015094
2024-03-21 17:00:00,2.0508831525602496,2.0508831525602496
2024-03-21 18:00:00,2.1641207244700222,2.1641207244700222
2024-03-21 19:00:00,2.412297413106608,2.412297413106608
2024-03-21 20:00:00,2.008494126081719,2.008494126081719
2024-03-21 21:00:00,2.1379125846989937,2.1379125846989937
2024-03-21 22:00:00,0.0,0.0
2024-03-21 23:00:00,0.0,0.0
2024-03-22 00:00:00,0.0,0.0
2024-03-22 01:00:00,0.0,0.0
2024-03-22 02:00:00,0.0,0.0
2024-03-22 03:00:00,0.0,0.0
2024-03-22 04:00:00,0.0,0.0
2024-03-22 05:00:00,0.0,0.0
2024-03-22 06:00:00,0.0,0.0
2024-03-22 07:00:00,0.0,0.0
2024-03-22 08:00:00,0.0,0.0
2024-03-22 09:00:00,0.0,0.0
2024-03-22 10:00:00,0.08725604185949604,0.08725604185949604
2024-03-22 11:00:00,0.2754280479151944,0.2754280479151944
2024-03-22 12:00:00,0.6122969378541496,0.6122969378541496
2024-03-22 13:00:00,0.9576826553964994,0.9576826553964994
2024-03-22 14:00:00,1.288942219959251,1.288942219959251
2024-03-22 15:00:00,1.2448638320772831,1.2448638320772831
2024-03-22 16:00:00,2.05039177014277,2.05039177014277
2024-03-22 17:00:00,2.4612125013802464,2.4612125013802464
2024-03-22 18:00:00,2.537679657684909,2.537679657684909
2024-03-22 19:00:00,1.9202799487652378,1.9202799487652378
2024-03-22 20:00:00,2.3180745230190754,2.3180745230190754
2024-03-22 21:00:00,2.6004328267424306,2.6004328267424306
2024-03-22 22:00:00,0.0,0.0
2024-03-22 23:00:00,0.0,0.0
2024-03-23 00:00:00,0.0,0.0
2024-03-23 01:00:00,0.0,0.0
2024-03-23 02:00:00,0.0,0.0
2024-03-23 03:00:00,0.0,0.0
2024-03-23 04:00:00,0.0,0.0
2024-03-23 05:00:00,0.0,0.0
2024-03-23 06:00:00,0.0,0.0
2024-03-23 07:00:00,0.0,0.0
2024-03-23 08:00:00,0.0,0.0
2024-03-23 09:00:00,0.0,0.0
2024-03-23 10:00:00,0.06999369073168468,0.06999369073168468
2024-03-23 11:00:00,0.22500671932091565,0.22500671932091565
2024-03-23 12:00:00,0.3751473048358633,0.3751473048358633
2024-03-23 13:00:00,0.6296764783754193,0.6296764783754193
2024-03-23 14:00:00,0.9222345966485858,0.9222345966485858
2024-03-23 15:00:00,0.9760719908341522,0.9760719908341522
2024-03-23 16:00:00,1.4557753035884342,1.4557753035884342
2024-03-23 17:00:00,1.7881382785951985,1.7881382785951985
2024-03-23 18:00:00,1.8424779859830238,1.8424779859830238
2024-03-23 19:00:00,1.7194338492239165,1.7194338492239165
2024-03-23 20:00:00,1.4088003395133608,1.4088003395133608
2024-03-23 21:00:00,1.623874393375141,1.623874393375141
2024-03-23 22:00:00,0.0,0.0
2024-03-23 23:00:00,0.0,0.0
2024-03-24 00:00:00,0.0,0.0
2024-03-24 01:00:00,0.0,0.0
2024-03-24 02:00:00,0.0,0.0
2024-03-24 03:00:00,0.0,0.0
2024-03-24 04:00:00,0.0,0.0
2024-03-24 05:00:00,0.0,0.0
2024-03-24 06:00:00,0.0,0.0
2024-03-24 07:00:00,0.0,0.0
2024-03-24 08:00:00,0.0,0.0
2024-03-24 09:00:00,0.0,0.0
2024-03-24 10:00:00,0.06908212553267722,0.06908212553267722
2024-03-24 11:00:00,0.21912469741232982,0.21912469741232982
2024-03-24 12:00:00,0.3694470316682116,0.3694470316682116
2024-03-24 13:00:00,0.6097807436820295,0.6097807436820295
2024-03-24 14:00:00,0.8591702963728954,0.8591702963728954
2024-03-24 15:00:00,1.270706200253174,1.270706200253174
2024-03-24 16:00:00,1.3808166434912204,1.3808166434912204
2024-03-24 17:00:00,1.8090810455138944,1.8090810455138944
2024-03-24 18:00:00,1.9683756197963167,1.9683756197963167
2024-03-24 19:00:00,1.6518941737363315,1.6518941737363315
2024-03-24 20:00:00,1.7772859744700327,1.7772859744700327
2024-03-24 21:00:00,1.6220692584112433,1.6220692584112433
2024-03-24 22:00:00,0.0,0.0
2024-03-24 23:00:00,0.0,0.0
2024-03-25 00:00:00,0.0,0.0
2024-03-25 01:00:00,0.0,0.0
2024-03-25 02:00:00,0.0,0.0
2024-03-25 03:00:00,0.0,0.0
2024-03-25 04:00:00,0.0,0.0
2024-03-25 05:00:00,0.0,0.0
2024-03-25 06:00:00,0.0,0.0
2024-03-25 07:00:00,0.0,0.0
2024-03-25 08:00:00,0.0,0.0
2024-03-25 09:00:00,0.0,0.0
2024-03-25 10:00:00,0.08225018980656779,0.08225018980656779
2024-03-25 11:00:00,0.3282608526542437,0.3282608526542437
2024-03-25 12:00:00,0.594785338004648,0.594785338004648
2024-03-25 13:00:00,0.7953129894468107,0.7953129894468107
2024-03-25 14:00:00,1.397953507196329,1.397953507196329
2024-03-25 15:00:00,1.3053085186075306,1.3053085186075306
2024-03-25 16:00:00,1.8822432229440342,1.8822432229440342
2024-03-25 17:00:00,2.4605310413504258,2.4605310413504258
2024-03-25 18:00:00,2.621508666800283,2.621508666800283
2024-03-25 19:00:00,2.2300891818700546,2.2300891818700546
2024-03-25 20:00:00,2.0565497752251107,2.0565497752251107
2024-03-25 21:00:00,2.4318351526161948,2.4318351526161948
2024-03-25 22:00:00,0.0,0.0
2024-03-25 23:00:00,0.0,0.0
2024-03-26 00:00:00,0.0,0.0
2024-03-26 01:00:00,0.0,0.0
2024-03-26 02:00:00,0.0,0.0
2024-03-26 03:00:00,0.0,0.0
2024-03-26 04:00:00,0.0,0.0
2024-03-26 05:00:00,0.0,0.0
2024-03-26 06:00:00,0.0,0.0
2024-03-26 07:00:00,0.0,0.0
2024-03-26 08:00:00,0.0,0.0
2024-03-26 09:00:00,0.0,0.0
2024-03-26 10:00:00,0.09750824707914822,0.09750824707914822
2024-03-26 11:00:00,0.3226797620218039,0.3226797620218039
2024-03-26 12:00:00,0.5428091962028844,0.5428091962028844
2024-03-26 13:00:00,0.8101530389345953,0.8101530389345953
2024-03-26 14:00:00,1.1967128557089655,1.1967128557089655
2024-03-26 15:00:00,1.590321733626246,1.590321733626246
2024-03-26 16:00:00,2.0752382276673678,2.0752382276673678
2024-03-26 17:00:00,2.1313599671260604,2.1313599671260604
2024-03-26 18:00:00,2.262935218232516,2.262935218232516
2024-03-26 19:00:00,2.228868542829009,2.228868542829009
2024-03-26 20:00:00,2.207379175898145,2.207379175898145
2024-03-26 21:00:00,2.899193246776183,2.899193246776183
2024-03-26 22:00:00,0.0,0.0
2024-03-26 23:00:00,0.0,0.0
2024-03-27 00:00:00,0.0,0.0
2024-03-27 01:00:00,0.0,0.0
2024-03-27 02:00:00,0.0,0.0
2024-03-27 03:00:00,0.0,0.0
2024-03-27 04:00:00,0.0,0.0
2024-03-27 05:00:00,0.0,0.0
2024-03-27 06:00:00,0.0,0.0
2024-03-27 07:00:00,0.0,0.0
2024-03-27 08:00:00,0.0,0.0
2024-03-27 09:00:00,0.0,0.0
2024-03-27 10:00:00,0.0974882583138464,0.0974882583138464
2024-03-27 11:00:00,0.35179806223198884,0.35179806223198884
2024-03-27 12:00:00,0.5558853285368622,0.5558853285368622
2024-03-27 13:00:00,0.8378625387704011,0.8378625387704011
2024-03-27 14:00:00,1.4454241180183194,1.4454241180183194
2024-03-27 15:00:00,1.463632926160658,1.463632926160658
2024-03-27 16:00:00,1.7293014383833858,1.7293014383833858
2024-03-27 17:00:00,2.4472225260841456,2.4472225260841456
2024-03-27 18:00:00,2.435746045898825,2.435746045898825
2024-03-27 19:00:00,2.5467988077946924,2.5467988077946924
2024-03-27 20:00:00,2.4390322844557244,2.4390322844557244
2024-03-27 21:00:00,2.7737106258417814,2.7737106258417814
2024-03-27 22:00:00,0.0,0.0
2024-03-27 23:00:00,0.0,0.0
2024-03-28 00:00:00,0.0,0.0
2024-03-28 01:00:00,0.0,0.0
2024-03-28 02:00:00,0.0,0.0
2024-03-28 03:00:00,0.0,0.0
2024-03-28 04:00:00,0.0,0.0
2024-03-28 05:00:00,0.0,0.0
2024-03-28 06:00:00,0.0,0.0
2024-03-28 07:00:00,0.0,0.0
2024-03-28 08:00:00,0.0,0.0
2024-03-28 09:00:00,0.0,0.0
2024-03-28 10:00:00,0.09051247101755462,0.09051247101755462
2024-03-28 11:00:00,0.32678043952890057,0.32678043952890057
2024-03-28 12:00:00,0.5274683598871786,0.5274683598871786
2024-03-28 13:00:00,0.8283745332365504,0.8283745332365504
2024-03-28 14:00:00,1.2405751167936612,1.2405751167936612
2024-03-28 15:00:00,1.5020789986157093,1.5020789986157093
2024-03-28 16:00:00,1.692859985613064,1.692859985613064
2024-03-28 17:00:00,2.6263491569203574,2.6263491569203574
2024-03-28 18:00:00,2.3270742243144404,2.3270742243144404
2024-03-28 19:00:00,2.2688143374008938,2.2688143374008938
2024-03-28 20:00:00,2.234806137269375,2.234806137269375
2024-03-28 21:00:00,2.5771519876557782,2.5771519876557782
2024-03-28 22:00:00,0.0,0.0
2024-03-28 23:00:00,0.0,0.0
2024-03-29 00:00:00,0.0,0.0
2024-03-29 01:00:00,0.0,0.0
2024-03-29 02:00:00,0.0,0.0
2024-03-29 03:00:00,0.0,0.0
2024-03-29 04:00:00,0.0,0.0
2024-03-29 05:00:00,0.0,0.0
2024-03-29 06:00:00,0.0,0.0
2024-03-29 07:00:00,0.0,0.0
2024-03-29 08:00:00,0.0,0.0
2024-03-29 09:00:00,0.0,0.0
2024-03-29 10:00:00,0.07887110745926096,0.07887110745926096
2024-03-29 11:00:00,0.3086469490670705,0.3086469490670705
2024-03-29 12:00:00,0.5669652314594024,0.5669652314594024
2024-03-29 13:00:00,0.8327409616284633,0.8327409616284633
2024-03-29 14:00:00,1.3544897307053203,1.3544897307053203
2024-03-29 15:00:00,1.3776312828620785,1.3776312828620785
2024-03-29 16:00:00,1.8185457062733708,1.8185457062733708
2024-03-29 17:00:00,2.1843727559705193,2.1843727559705193
2024-03-29 18:00:00,2.5811278045453303,2.5811278045453303
2024-03-29 19:00:00,2.310378258872338,2.310378258872338
2024-03-29 20:00:00,2.437513798798857,2.437513798798857
2024-03-29 21:00:00,2.1559225677998697,2.1559225677998697
2024-03-29 22:00:00,0.0,0.0
2024-03-29 23:00:00,0.0,0.0
2024-03-30 00:00:00,0.0,0.0
2024-03-30 01:00:00,0.0,0.0
2024-03-30 02:00:00,0.0,0.0
2024-03-30 03:00:00,0.0,0.0
2024-03-30 04:00:00,0.0,0.0
2024-03-30 05:00:00,0.0,0.0
2024-03-30 06:00:00,0.0,0.0
2024-03-30 07:00:00,0.0,0.0
2024-03-30 08:00:00,0.0,0.0
2024-03-30 09:00:00,0.0,0.0
2024-03-30 10:00:00,0.05713261883199411,0.05713261883199411
2024-03-30 11:00:00,0.2344509798887171,0.2344509798887171
2024-03-30 12:00:00,0.36063927591981493,0.36063927591981493
2024-03-30 13:00:00,0.6394491918589216,0.6394491918589216
2024-03-30 14:00:00,0.9995025974089407,0.9995025974089407
2024-03-30 15:00:00,0.9296112552437507,0.9296112552437507
2024-03-30 16:00:00,1.4159003690370178,1.4159003690370178
2024-03-30 17:00:00,1.691400326552354,1.691400326552354
2024-03-30 18:00:00,1.8047864970718033,1.8047864970718033
2024-03-30 19:00:00,1.4024742673874149,1.4024742673874149
2024-03-30 20:00:00,1.510404387444156,1.510404387444156
2024-03-30 21:00:00,1.4955420492413274,1.4955420492413274
2024-03-30 22:00:00,0.0,0.0
2024-03-30 23:00:00,0.0,0.0
2024-03-31 00:00:00,0.0,0.0
2024-03-31 01:00:00,0.0,0.0
2024-03-31 02:00:00,0.0,0.0
2024-03-31 03:00:00,0.0,0.0
2024-03-31 04:00:00,0.0,0.0
2024-03-31 05:00:00,0.0,0.0
2024-03-31 06:00:00,0.0,0.0
2024-03-31 07:00:00,0.0,0.0
2024-03-31 08:00:00,0.0,0.0
2024-03-31 09:00:00,0.0,0.0
2024-03-31 10:00:00,0.051674005488513225,0.051674005488513225
2024-03-31 11:00:00,0.223721386214742,0.223721386214742
2024-03-31 12:00:00,0.34542928789015837,0.34542928789015837
2024-03-31 13:00:00,0.5785231363951244,0.5785231363951244
2024-03-31 14:00:00,0.8450092532119746,0.8450092532119746
2024-03-31 15:00:00,1.0188972007806236,1.0188972007806236
2024-03-31 16:00:00,1.38014934217929,1.38014934217929
2024-03-31 17:00:00,1.594906869195931,1.594906869195931
2024-03-31 18:00:00,1.8368865225877806,1.8368865225877806
2024-03-31 19:00:00,1.6431206677857741,1.6431206677857741
2024-03-31 20:00:00,1.7004159660140876,1.7004159660140876
2024-03-31 21:00:00,1.7954120948771788,1.7954120948771788
2024-03-31 22:00:00,0.0,0.0
2024-03-31 23:00:00,0.0,0.0
2024-04-01 00:00:00,0.0,0.0
2024-04-01 01:00:00,0.0,0.0
2024-04-01 02:00:00,0.0,0.0
2024-04-01 03:00:00,0.0,0.0
2024-04-01 04:00:00,0.0,0.0
2024-04-01 05:00:00,0.0,0.0
2024-04-01 06:00:00,0.0,0.0
2024-04-01 07:00:00,0.0,0.0
2024-04-01 08:00:00,0.0,0.0
2024-04-01 09:00:00,0.0,0.0
2024-04-01 10:00:00,0.08140993437746329,0.08140993437746329
2024-04-01 11:00:00,0.37183764487446785,0.37183764487446785
2024-04-01 12:00:00,0.6280269239507746,0.6280269239507746
2024-04-01 13:00:00,1.1269164932654057,1.1269164932654057
2024-04-01 14:00:00,1.5379159130728552,1.5379159130728552
2024-04-01 15:00:00,1.7977617021211185,1.7977617021211185
2024-04-01 16:00:00,2.100979541696635,2.100979541696635
2024-04-01 17:00:00,2.873654826647128,2.873654826647128
2024-04-01 18:00:00,3.014827753209591,3.014827753209591
2024-04-01 19:00:00,2.677711637294218,2.677711637294218
2024-04-01 20:00:00,2.1917978529328734,2.1917978529328734
2024-04-01 21:00:00,2.8381466549631202,2.8381466549631202
2024-04-01 22:00:00,0.0,0.0
2024-04-01 23:00:00,0.0,0.0
2024-04-02 00:00:00,0.0,0.0
2024-04-02 01:00:00,0.0,0.0
2024-04-02 02:00:00,0.0,0.0
2024-04-02 03:00:00,0.0,0.0
2024-04-02 04:00:00,0.0,0.0
2024-04-02 05:00:00,0.0,0.0
2024-04-02 06:00:00,0.0,0.0
2024-04-02 07:00:00,0.0,0.0
2024-04-02 08:00:00,0.0,0.0
2024-04-02 09:00:00,0.0,0.0
2024-04-02 10:00:00,0.08714800345587803,0.08714800345587803
2024-04-02 11:00:00,0.30713835377472076,0.30713835377472076
2024-04-02 12:00:00,0.6532781998456438,0.6532781998456438
2024-04-02 13:00:00,1.0782929053488937,1.0782929053488937
2024-04-02 14:00:00,1.330097877090164,1.330097877090164
2024-04-02 15:00:00,1.5232599490818126,1.5232599490818126
2024-04-02 16:00:00,1.9147779604764346,1.9147779604764346
2024-04-02 17:00:00,2.231029196179627,2.231029196179627
2024-04-02 18:00:00,2.442924976782775,2.442924976782775
2024-04-02 19:00:00,2.1152497109517223,2.1152497109517223
2024-04-02 20:00:00,2.6531661695208766,2.6531661695208766
2024-04-02 21:00:00,2.471734479983733,2.471734479983733
2024-04-02 22:00:00,0.0,0.0
2024-04-02 23:00:00,0.0,0.0
2024-04-03 00:00:00,0.0,0.0
2024-04-03 01:00:00,0.0,0.0
2024-04-03 02:00:00,0.0,0.0
2024-04-03 03:00:00,0.0,0.0
2024-04-03 04:00:00,0.0,0.0
2024-04-03 05:00:00,0.0,0.0
2024-04-03 06:00:00,0.0,0.0
2024-04-03 07:00:00,0.0,0.0
2024-04-03 08:00:00,0.0,0.0
2024-04-03 09:00:00,0.0,0.0
2024-04-03 10:00:00,0.09203619296364864,0.09203619296364864
2024-04-03 11:00:00,0.35826438867295335,0.35826438867295335
2024-04-03 12:00:00,0.5843660624748608,0.5843660624748608
2024-04-03 13:00:00,1.1156577699367283,1.1156577699367283
2024-04-03 14:00:00,1.5461550171937075,1.5461550171937075
2024-04-03 15:00:00,1.645519625118266,1.645519625118266
2024-04-03 16:00:00,2.0253487509849215,2.0253487509849215
2024-04-03 17:00:00,2.901655817024254,2.901655817024254
2024-04-03 18:00:00,2.8946867548287827,2.8946867548287827
2024-04-03 19:00:00,2.4580514307469614,2.4580514307469614
2024-04-03 20:00:00,2.3904265560655347,2.3904265560655347
2024-04-03 21:00:00,2.362055889062293,2.362055889062293
2024-04-03 22:00:00,0.0,0.0
2024-04-03 23:00:00,0.0,0.0
2024-04-04 00:00:00,0.0,0.0
2024-04-04 01:00:00,0.0,0.0
2024-04-04 02:00:00,0.0,0.0
2024-04-04 03:00:00,0.0,0.0
2024-04-04 04:00:00,0.0,0.0
2024-04-04 05:00:00,0.0,0.0
2024-04-04 06:00:00,0.0,0.0
2024-04-04 07:00:00,0.0,0.0
2024-04-04 08:00:00,0.0,0.0
2024-04-04 09:00:00,0.0,0.0
2024-04-04 10:00:00,0.09072782374991648,0.09072782374991648
2024-04-04 11:00:00,0.3226703495795585,0.3226703495795585
2024-04-04 12:00:00,0.4863809506093537,0.4863809506093537
2024-04-04 13:00:00,0.9107493229952521,0.9107493229952521
2024-04-04 14:00:00,1.0790994113501697,1.0790994113501697
2024-04-04 15:00:00,1.2216350507381353,1.2216350507381353
2024-04-04 16:00:00,1.539382454783093,1.539382454783093
2024-04-04 17:00:00,2.0244748750373733,2.0244748750373733
2024-04-04 18:00:00,2.4112948413069493,2.4112948413069493
2024-04-04 19:00:00,2.0606109004835793,2.0606109004835793
2024-04-04 20:00:00,1.8185868183584295,1.8185868183584295
2024-04-04 21:00:00,2.663896293275216,2.663896293275216
2024-04-04 22:00:00,0.0,0.0
2024-04-04 23:00:00,0.0,0.0
2024-04-05 00:00:00,0.0,0.0
2024-04-05 01:00:00,0.0,0.0
2024-04-05 02:00:00,0.0,0.0
2024-04-05 03:00:00,0.0,0.0
2024-04-05 04:00:00,0.0,0.0
2024-04-05 05:00:00,0.0,0.0
2024-04-05 06:00:00,0.0,0.0
2024-04-05 07:00:00,0.0,0.0
2024-04-05 08:00:00,0.0,0.0
2024-04-05 09:00:00,0.0,0.0
2024-04-05 10:00:00,0.10178020199011531,0.10178020199011531
2024-04-05 11:00:00,0.33027301938510667,0.33027301938510667
2024-04-05 12:00:00,0.5201531904589934,0.5201531904589934
2024-04-05 13:00:00,0.8769524356094975,0.8769524356094975
2024-04-05 14:00:00,1.29854983271962,1.29854983271962
2024-04-05 15:00:00,1.8096727901023586,1.8096727901023586
2024-04-05 16:00:00,1.9477693077278975,1.9477693077278975
2024-04-05 17:00:00,2.2904889055248265,2.2904889055248265
2024-04-05 18:00:00,2.579876652930478,2.579876652930478
2024-04-05 19:00:00,2.31543936068411,2.31543936068411
2024-04-05 20:00:00,2.0449497301849457,2.0449497301849457
2024-04-05 21:00:00,2.856723278856182,2.856723278856182
2024-04-05 22:00:00,0.0,0.0
2024-04-05 23:00:00,0.0,0.0
2024-04-06 00:00:00,0.0,0.0
2024-04-06 01:00:00,0.0,0.0
2024-04-06 02:00:00,0.0,0.0
2024-04-06 03:00:00,0.0,0.0
2024-04-06 04:00:00,0.0,0.0
2024-04-06 05:00:00,0.0,0.0
2024-04-06 06:00:00,0.0,0.0
2024-04-06 07:00:00,0.0,0.0
2024-04-06 08:00:00,0.0,0.0
2024-04-06 09:00:00,0.0,0.0
2024-04-06 10:00:00,0.06431274100148368,0.06431274100148368
2024-04-06 11:00:00,0.2104256222728958,0.2104256222728958
2024-04-06 12:00:00,0.46308915898584024,0.46308915898584024
2024-04-06 13:00:00,0.7484531333488643,0.7484531333488643
2024-04-06 14:00:00,1.0880634672857765,1.0880634672857765
2024-04-06 15:00:00,0.9922920332579725,0.9922920332579725
2024-04-06 16:00:00,1.4137600156478305,1.4137600156478305
2024-04-06 17:00:00,1.9989246457217036,1.9989246457217036
2024-04-06 18:00:00,1.760413544196981,1.760413544196981
2024-04-06 19:00:00,1.8332374116579004,1.8332374116579004
2024-04-06 20:00:00,1.7603492265444212,1.7603492265444212
2024-04-06 21:00:00,1.7866797518907411,1.7866797518907411
2024-04-06 22:00:00,0.0,0.0
2024-04-06 23:00:00,0.0,0.0
2024-04-07 00:00:00,0.0,0.0
2024-04-07 01:00:00,0.0,0.0
2024-04-07 02:00:00,0.0,0.0
2024-04-07 03:00:00,0.0,0.0
2024-04-07 04:00:00,0.0,0.0
2024-04-07 05:00:00,0.0,0.0
2024-04-07 06:00:00,0.0,0.0
2024-04-07 07:00:00,0.0,0.0
2024-04-07 08:00:00,0.0,0.0
2024-04-07 09:00:00,0.0,0.0
2024-04-07 10:00:00,0.059297949685672036,0.059297949685672036
2024-04-07 11:00:00,0.2091403271463324,0.2091403271463324
2024-04-07 12:00:00,0.351475242664997,0.351475242664997
2024-04-07 13:00:00,0.5585808402231699,0.5585808402231699
2024-04-07 14:00:00,0.8793800926639137,0.8793800926639137
2024-04-07 15:00:00,1.0299754023894303,1.0299754023894303
2024-04-07 16:00:00,1.4065980110290577,1.4065980110290577
2024-04-07 17:00:00,1.6184466031789893,1.6184466031789893
2024-04-07 18:00:00,1.7167032727571028,1.7167032727571028
2024-04-07 19:00:00,1.7323500925688042,1.7323500925688042
2024-04-07 20:00:00,1.7905181442113343,1.7905181442113343
2024-04-07 21:00:00,1.6127822922340451,1.6127822922340451
2024-04-07 22:00:00,0.0,0.0
2024-04-07 23:00:00,0.0,0.0
2024-04-08 00:00:00,0.0,0.0
2024-04-08 01:00:00,0.0,0.0
2024-04-08 02:00:00,0.0,0.0
2024-04-08 03:00:00,0.0,0.0
2024-04-08 04:00:00,0.0,0.0
2024-04-08 05:00:00,0.0,0.0
2024-04-08 06:00:00,0.0,0.0
2024-04-08 07:00:00,0.0,0.0
2024-04-08 08:00:00,0.0,0.0
2024-04-08 09:00:00,0.0,0.0
2024-04-08 10:00:00,0.0872887649656261,0.0872887649656261
2024-04-08 11:00:00,0.2682969588755861,0.2682969588755861
2024-04-08 12:00:00,0.47176374689941164,0.47176374689941164
2024-04-08 13:00:00,0.7836694636156907,0.7836694636156907
2024-04-08 14:00:00,1.2076917029529755,1.2076917029529755
2024-04-08 15:00:00,1.3239477936219817,1.3239477936219817
2024-04-08 16:00:00,2.0283072599521303,2.0283072599521303
2024-04-08 17:00:00,2.384561524746527,2.384561524746527
2024-04-08 18:00:00,2.2425546465396344,2.2425546465396344
2024-04-08 19:00:00,2.0222188275470905,2.0222188275470905
2024-04-08 20:00:00,2.0711374047639888,2.0711374047639888
2024-04-08 21:00:00,2.3292238232155222,2.3292238232155222
2024-04-08 22:00:00,0.0,0.0
2024-04-08 23:00:00,0.0,0.0
2024-04-09 00:00:00,0.0,0.0
2024-04-09 01:00:00,0.0,0.0
2024-04-09 02:00:00,0.0,0.0
2024-04-09 03:00:00,0.0,0.0
2024-04-09 04:00:00,0.0,0.0
2024-04-09 05:00:00,0.0,0.0
2024-04-09 06:00:00,0.0,0.0
2024-04-09 07:00:00,0.0,0.0
2024-04-09 08:00:00,0.0,0.0
2024-04-09 09:00:00,0.0,0.0
2024-04-09 10:00:00,0.0950279878951983,0.0950279878951983
2024-04-09 11:00:00,0.31558145892380524,0.31558145892380524
2024-04-09 12:00:00,0.6770801064926708,0.6770801064926708
2024-04-09 13:00:00,1.113152323636897,1.113152323636897
2024-04-09 14:00:00,1.293422198675262,1.293422198675262
2024-04-09 15:00:00,1.6009145110470175,1.6009145110470175
2024-04-09 16:00:00,1.895182154009337,1.895182154009337
2024-04-09 17:00:00,2.4861537651406316,2.4861537651406316
2024-04-09 18:00:00,2.4824518967282545,2.4824518967282545
2024-04-09 19:00:00,2.7588702379839964,2.7588702379839964
2024-04-09 20:00:00,2.3986180038656317,2.3986180038656317
2024-04-09 21:00:00,2.743448915679042,2.743448915679042
2024-04-09 22:00:00,0.0,0.0
2024-04-09 23:00:00,0.0,0.0
2024-04-10 00:00:00,0.0,0.0
2024-04-10 01:00:00,0.0,0.0
2024-04-10 02:00:00,0.0,0.0
2024-04-10 03:00:00,0.0,0.0
2024-04-10 04:00:00,0.0,0.0
2024-04-10 05:00:00,0.0,0.0
2024-04-10 06:00:00,0.0,0.0
2024-04-10 07:00:00,0.0,0.0
2024-04-10 08:00:00,0.0,0.0
2024-04-10 09:00:00,0.0,0.0
2024-04-10 10:00:00,0.09166895497685268,0.09166895497685268
2024-04-10 11:00:00,0.3275471521918102,0.3275471521918102
2024-04-10 12:00:00,0.6303956223957,0.6303956223957
2024-04-10 13:00:00,1.0298723001557897,1.0298723001557897
2024-04-10 14:00:00,1.3882811847864538,1.3882811847864538
2024-04-10 15:00:00,1.3189303793042415,1.3189303793042415
2024-04-10 16:00:00,1.8487457273418344,1.8487457273418344
2024-04-10 17:00:00,2.4620073283364357,2.4620073283364357
2024-04-10 18:00:00,2.4828422981183746,2.4828422981183746
2024-04-10 19:00:00,2.0622709223947777,2.0622709223947777
2024-04-10 20:00:00,2.313880388931234,2.313880388931234
2024-04-10 21:00:00,2.354650670012572,2.354650670012572
2024-04-10 22:00:00,0.0,0.0
2024-04-10 23:00:00,0.0,0.0
2024-04-11 00:00:00,0.0,0.0
2024-04-11 01:00:00,0.0,0.0
2024-04-11 02:00:00,0.0,0.0
2024-04-11 03:00:00,0.0,0.0
2024-04-11 04:00:00,0.0,0.0
2024-04-11 05:00:00,0.0,0.0
2024-04-11 06:00:00,0.0,0.0
2024-04-11 07:00:00,0.0,0.0
2024-04-11 08:00:00,0.0,0.0
2024-04-11 09:00:00,0.0,0.0
2024-04-11 10:00:00,0.0846952077024288,0.0846952077024288
2024-04-11 11:00:00,0.29707168248123933,0.29707168248123933
2024-04-11 12:00:00,0.5557916203142128,0.5557916203142128
2024-04-11 13:00:00,0.9864825944622372,0.9864825944622372
2024-04-11 14:00:00,1.3942375702218943,1.3942375702218943
2024-04-11 15:00:00,1.642778091799861,1.642778091799861
2024-04-11 16:00:00,2.1784120280310693,2.1784120280310693
2024-04-11 17:00:00,2.4120888913941685,2.4120888913941685
2024-04-11 18:00:00,2.604248290354214,2.604248290354214
2024-04-11 19:00:00,2.296496865193628,2.296496865193628
2024-04-11 20:00:00,2.4103570153663356,2.4103570153663356
2024-04-11 21:00:00,2.5087602422978974,2.5087602422978974
2024-04-11 22:00:00,0.0,0.0
2024-04-11 23:00:00,0.0,0.0
2024-04-12 00:00:00,0.0,0.0
2024-04-12 01:00:00,0.0,0.0
2024-04-12 02:00:00,0.0,0.0
2024-04-12 03:00:00,0.0,0.0
2024-04-12 04:00:00,0.0,0.0
2024-04-12 05:00:00,0.0,0.0
2024-04-12 06:00:00,0.0,0.0
2024-04-12 07:00:00,0.0,0.0
2024-04-12 08:00:00,0.0,0.0
2024-04-12 09:00:00,0.0,0.0
2024-04-12 10:00:00,0.07569861121242388,0.07569861121242388
2024-04-12 11:00:00,0.28165805826863316,0.28165805826863316
2024-04-12 12:00:00,0.5669312719924967,0.5669312719924967
2024-04-12 13:00:00,0.9278480361318064,0.9278480361318064
2024-04-12 14:00:00,1.1624835229959807,1.1624835229959807
2024-04-12 15:00:00,1.5936207662650173,1.5936207662650173
2024-04-12 16:00:00,1.700792155548907,1.700792155548907
2024-04-12 17:00:00,2.17523965895538,2.17523965895538
2024-04-12 18:00:00,2.236759187339758,2.236759187339758
2024-04-12 19:00:00,2.4720382574415942,2.4720382574415942
2024-04-12 20:00:00,2.371890359682227,2.371890359682227
2024-04-12 21:00:00,2.4442348187766942,2.4442348187766942
2024-04-12 22:00:00,0.0,0.0
2024-04-12 23:00:00,0.0,0.0
2024-04-13 00:00:00,0.0,0.0
2024-04-13 01:00:00,0.0,0.0
2024-04-13 02:00:00,0.0,0.0
2024-04-13 03:00:00,0.0,0.0
2024-04-13 04:00:00,0.0,0.0
2024-04-13 05:00:00,0.0,0.0
2024-04-13 06:00:00,0.0,0.0
2024-04-13 07:00:00,0.0,0.0
2024-04-13 08:00:00,0.0,0.0
2024-04-13 09:00:00,0.0,0.0
2024-04-13 10:00:00,0.05266116793241224,0.05266116793241224
2024-04-13 11:00:00,0.19425902517270574,0.19425902517270574
2024-04-13 12:00:00,0.3846033999869888,0.3846033999869888
2024-04-13 13:00:00,0.7140466289231064,0.7140466289231064
2024-04-13 14:00:00,1.0357983746875012,1.0357983746875012
2024-04-13 15:00:00,1.0221558335110195,1.0221558335110195
2024-04-13 16:00:00,1.4550180151158492,1.4550180151158492
2024-04-13 17:00:00,1.750394770076249,1.750394770076249
2024-04-13 18:00:00,1.98608410900324,1.98608410900324
2024-04-13 19:00:00,1.4370976897224776,1.4370976897224776
2024-04-13 20:00:00,1.6431925125435745,1.6431925125435745
2024-04-13 21:00:00,1.8183900561182285,1.8183900561182285
2024-04-13 22:00:00,0.0,0.0
2024-04-13 23:00:00,0.0,0.0
2024-04-14 00:00:00,0.0,0.0
2024-04-14 01:00:00,0.0,0.0
2024-04-14 02:00:00,0.0,0.0
2024-04-14 03:00:00,0.0,0.0
2024-04-14 04:00:00,0.0,0.0
2024-04-14 05:00:00,0.0,0.0
2024-04-14 06:00:00,0.0,0.0
2024-04-14 07:00:00,0.0,0.0
2024-04-14 08:00:00,0.0,0.0
2024-04-14 09:00:00,0.0,0.0
2024-04-14 10:00:00,0.06340444299179701,0.06340444299179701
2024-04-14 11:00:00,0.22974347279195692,0.22974347279195692
2024-04-14 12:00:00,0.3668939151457742,0.3668939151457742
2024-04-14 13:00:00,0.6551526551915199,0.6551526551915199
2024-04-14 14:00:00,0.9077760086992774,0.9077760086992774
2024-04-14 15:00:00,1.007577268833377,1.007577268833377
2024-04-14 16:00:00,1.490511900712304,1.490511900712304
2024-04-14 17:00:00,1.5245550648201704,1.5245550648201704
2024-04-14 18:00:00,1.6065260805781234,1.6065260805781234
2024-04-14 19:00:00,1.743894355584779,1.743894355584779
2024-04-14 20:00:00,1.4430065836992565,1.4430065836992565
2024-04-14 21:00:00,1.5072318729642582,1.5072318729642582
2024-04-14 22:00:00,0.0,0.0
2024-04-14 23:00:00,0.0,0.0
2024-04-15 00:00:00,0.0,0.0
2024-04-15 01:00:00,0.0,0.0
2024-04-15 02:00:00,0.0,0.0
2024-04-15 03:00:00,0.0,0.0
2024-04-15 04:00:00,0.0,0.0
2024-04-15 05:00:00,0.0,0.0
2024-04-15 06:00:00,0.0,0.0
2024-04-15 07:00:00,0.0,0.0
2024-04-15 08:00:00,0.0,0.0
2024-04-15 09:00:00,0.0,0.0
2024-04-15 10:00:00,0.09383401303161268,0.09383401303161268
2024-04-15 11:00:00,0.29955274921369024,0.29955274921369024
2024-04-15 12:00:00,0.5602296369579997,0.5602296369579997
2024-04-15 13:00:00,1.1389786796586974,1.1389786796586974
2024-04-15 14:00:00,1.2627766333901411,1.2627766333901411
2024-04-15 15:00:00,1.7322959015828439,1.7322959015828439
2024-04-15 16:00:00,2.286564466214118,2.286564466214118
2024-04-15 17:00:00,2.2718309680840885,2.2718309680840885
2024-04-15 18:00:00,2.474243683005137,2.474243683005137
2024-04-15 19:00:00,2.451617547623035,2.451617547623035
2024-04-15 20:00:00,2.5255507860788375,2.5255507860788375
2024-04-15 21:00:00,2.621949158225125,2.621949158225125
2024-04-15 22:00:00,0.0,0.0
2024-04-15 23:00:00,0.0,0.0
2024-04-16 00:00:00,0.0,0.0
2024-04-16 01:00:00,0.0,0.0
2024-04-16 02:00:00,0.0,0.0
2024-04-16 03:00:00,0.0,0.0
2024-04-16 04:00:00,0.0,0.0
2024-04-16 05:00:00,0.0,0.0
2024-04-16 06:00:00,0.0,0.0
2024-04-16 07:00:00,0.0,0.0
2024-04-16 08:00:00,0.0,0.0
2024-04-16 09:00:00,0.0,0.0
2024-04-16 10:00:00,0.08301445868816815,0.08301445868816815
2024-04-16 11:00:00,0.274976248278846,0.274976248278846
2024-04-16 12:00:00,0.5721136685257017,0.5721136685257017
2024-04-16 13:00:00,0.7710565052853043,0.7710565052853043
2024-04-16 14:00:00,1.3042751093970446,1.3042751093970446
2024-04-16 15:00:00,1.4777311899211152,1.4777311899211152
2024-04-16 16:00:00,1.8755758986059732,1.8755758986059732
2024-04-16 17:00:00,2.028796146699019,2.028796146699019
2024-04-16 18:00:00,2.3942448690884643,2.3942448690884643
2024-04-16 19:00:00,2.3020298888188004,2.3020298888188004
2024-04-16 20:00:00,2.1212840893200453,2.1212840893200453
2024-04-16 21:00:00,2.2129316871480227,2.2129316871480227
2024-04-16 22:00:00,0.0,0.0
2024-04-16 23:00:00,0.0,0.0
2024-04-17 00:00:00,0.0,0.0
2024-04-17 01:00:00,0.0,0.0
2024-04-17 02:00:00,0.0,0.0
2024-04-17 03:00:00,0.0,0.0
2024-04-17 04:00:00,0.0,0.0
2024-04-17 05:00:00,0.0,0.0
2024-04-17 06:00:00,0.0,0.0
2024-04-17 07:00:00,0.0,0.0
2024-04-17 08:00:00,0.0,0.0
2024-04-17 09:00:00,0.0,0.0
2024-04-17 10:00:00,0.09195032274813542,0.09195032274813542
2024-04-17 11:00:00,0.38175050196379295,0.38175050196379295
2024-04-17 12:00:00,0.7069982606616498,0.7069982606616498
2024-04-17 13:00:00,0.9852542851404685,0.9852542851404685
2024-04-17 14:00:00,1.5205544943095444,1.5205544943095444
2024-04-17 15:00:00,1.7279187442419965,1.7279187442419965
2024-04-17 16:00:00,1.9218250540853035,1.9218250540853035
2024-04-17 17:00:00,2.2587527269047007,2.2587527269047007
2024-04-17 18:00:00,2.613273499367756,2.613273499367756
2024-04-17 19:00:00,2.7152808562404585,2.7152808562404585
2024-04-17 20:00:00,2.3453911055704277,2.3453911055704277
2024-04-17 21:00:00,2.934136122867817,2.934136122867817
2024-04-17 22:00:00,0.0,0.0
2024-04-17 23:00:00,0.0,0.0
2024-04-18 00:00:00,0.0,0.0
2024-04-18 01:00:00,0.0,0.0
2024-04-18 02:00:00,0.0,0.0
2024-04-18 03:00:00,0.0,0.0
2024-04-18 04:00:00,0.0,0.0
2024-04-18 05:00:00,0.0,0.0
2024-04-18 06:00:00,0.0,0.0
2024-04-18 07:00:00,0.0,0.0
2024-04-18 08:00:00,0.0,0.0
2024-04-18 09:00:00,0.0,0.0
2024-04-18 10:00:00,0.0850851384925539,0.0850851384925539
2024-04-18 11:00:00,0.3461446114472493,0.3461446114472493
2024-04-18 12:00:00,0.5818793302503011,0.5818793302503011
2024-04-18 13:00:00,0.7688297456130943,0.7688297456130943
2024-04-18 14:00:00,1.4559386088576316,1.4559386088576316
2024-04-18 15:00:00,1.6675188791350832,1.6675188791350832
2024-04-18 16:00:00,1.9737544335361918,1.9737544335361918
2024-04-18 17:00:00,2.4012964588678507,2.4012964588678507
2024-04-18 18:00:00,2.3756125103344856,2.3756125103344856
2024-04-18 19:00:00,2.2606804203895665,2.2606804203895665
2024-04-18 20:00:00,2.4321858122504696,2.4321858122504696
2024-04-18 21:00:00,2.4675962201991664,2.4675962201991664
2024-04-18 22:00:00,0.0,0.0
2024-04-18 23:00:00,0.0,0.0
2024-04-19 00:00:00,0.0,0.0
2024-04-19 01:00:00,0.0,0.0
2024-04-19 02:00:00,0.0,0.0
2024-04-19 03:00:00,0.0,0.0
2024-04-19 04:00:00,0.0,0.0
2024-04-19 05:00:00,0.0,0.0
2024-04-19 06:00:00,0.0,0.0
2024-04-19 07:00:00,0.0,0.0
2024-04-19 08:00:00,0.0,0.0
2024-04-19 09:00:00,0.0,0.0
2024-04-19 10:00:00,0.09376426892763223,0.09376426892763223
2024-04-19 11:00:00,0.32696938477327886,0.32696938477327886
2024-04-19 12:00:00,0.5901035892237038,0.5901035892237038
2024-04-19 13:00:00,0.8345644561429518,0.8345644561429518
2024-04-19 14:00:00,1.2820548194478667,1.2820548194478667
2024-04-19 15:00:00,1.3909372033331189,1.3909372033331189
2024-04-19 16:00:00,1.9899561841823492,1.9899561841823492
2024-04-19 17:00:00,2.071104896486908,2.071104896486908
2024-04-19 18:00:00,2.1313180073285216,2.1313180073285216
2024-04-19 19:00:00,1.8930042264595852,1.8930042264595852
2024-04-19 20:00:00,2.2464952288298434,2.2464952288298434
2024-04-19 21:00:00,2.510348241345209,2.510348241345209
2024-04-19 22:00:00,0.0,0.0
2024-04-19 23:00:00,0.0,0.0
2024-04-20 00:00:00,0.0,0.0
2024-04-20 01:00:00,0.0,0.0
2024-04-20 02:00:00,0.0,0.0
2024-04-20 03:00:00,0.0,0.0
2024-04-20 04:00:00,0.0,0.0
2024-04-20 05:00:00,0.0,0.0
2024-04-20 06:00:00,0.0,0.0
2024-04-20 07:00:00,0.0,0.0
2024-04-20 08:00:00,0.0,0.0
2024-04-20 09:00:00,0.0,0.0
2024-04-20 10:00:00,0.06936854670206487,0.06936854670206487
2024-04-20 11:00:00,0.19470034051394605,0.19470034051394605
2024-04-20 12:00:00,0.43746557573804934,0.43746557573804934
2024-04-20 13:00:00,0.5515673329081812,0.5515673329081812
2024-04-20 14:00:00,0.9268542466841668,0.9268542466841668
2024-04-20 15:00:00,0.9695257601310227,0.9695257601310227
2024-04-20 16:00:00,1.4032085157273224,1.4032085157273224
2024-04-20 17:00:00,1.8601941857676927,1.8601941857676927
2024-04-20 18:00:00,1.4887397672604865,1.4887397672604865
2024-04-20 19:00:00,1.4682604666325656,1.4682604666325656
2024-04-20 20:00:00,1.5405328939242702,1.5405328939242702
2024-04-20 21:00:00,1.6365713814250353,1.6365713814250353
2024-04-20 22:00:00,0.0,0.0
2024-04-20 23:00:00,0.0,0.0
2024-04-21 00:00:00,0.0,0.0
2024-04-21 01:00:00,0.0,0.0
2024-04-21 02:00:00,0.0,0.0
2024-04-21 03:00:00,0.0,0.0
2024-04-21 04:00:00,0.0,0.0
2024-04-21 05:00:00,0.0,0.0
2024-04-21 06:00:00,0.0,0.0
2024-04-21 07:00:00,0.0,0.0
2024-04-21 08:00:00,0.0,0.0
2024-04-21 09:00:00,0.0,0.0
2024-04-21 10:00:00,0.06438023550476284,0.06438023550476284
2024-04-21 11:00:00,0.23853095889451348,0.23853095889451348
2024-04-21 12:00:00,0.35895959596401295,0.35895959596401295
2024-04-21 13:00:00,0.7106980980582783,0.7106980980582783
2024-04-21 14:00:00,0.9781051748803871,0.9781051748803871
2024-04-21 15:00:00,1.1305217710955817,1.1305217710955817
2024-04-21 16:00:00,1.37392691643151,1.37392691643151
2024-04-21 17:00:00,1.8766393854190089,1.8766393854190089
2024-04-21 18:00:00,1.6327341103961357,1.6327341103961357
2024-04-21 19:00:00,1.6811008216678953,1.6811008216678953
2024-04-21 20:00:00,1.6446324272972568,1.6446324272972568
2024-04-21 21:00:00,1.8131828647777883,1.8131828647777883
2024-04-21 22:00:00,0.0,0.0
2024-04-21 23:00:00,0.0,0.0
2024-04-22 00:00:00,0.0,0.0
2024-04-22 01:00:00,0.0,0.0
2024-04-22 02:00:00,0.0,0.0
2024-04-22 03:00:00,0.0,0.0
2024-04-22 04:00:00,0.0,0.0
2024-04-22 05:00:00,0.0,0.0
2024-04-22 06:00:00,0.0,0.0
2024-04-22 07:00:00,0.0,0.0
2024-04-22 08:00:00,0.0,0.0
2024-04-22 09:00:00,0.0,0.0
2024-04-22 10:00:00,0.09572075622004574,0.09572075622004574
2024-04-22 11:00:00,0.35781429893022315,0.35781429893022315
2024-04-22 12:00:00,0.5427000289674847,0.5427000289674847
2024-04-22 13:00:00,0.9724443184997247,0.9724443184997247
2024-04-22 14:00:00,1.3281375331802148,1.3281375331802148
2024-04-22 15:00:00,1.5053253068943702,1.5053253068943702
2024-04-22 16:00:00,1.7718902721366678,1.7718902721366678
2024-04-22 17:00:00,2.224396410381084,2.224396410381084
2024-04-22 18:00:00,2.2107752124069164,2.2107752124069164
2024-04-22 19:00:00,2.3937399258012153,2.3937399258012153
2024-04-22 20:00:00,2.0353413005264325,2.0353413005264325
2024-04-22 21:00:00,2.4391586335197895,2.4391586335197895
2024-04-22 22:00:00,0.0,0.0
2024-04-22 23:00:00,0.0,0.0
2024-04-23 00:00:00,0.0,0.0
2024-04-23 01:00:00,0.0,0.0
2024-04-23 02:00:00,0.0,0.0
2024-04-23 03:00:00,0.0,0.0
2024-04-23 04:00:00,0.0,0.0
2024-04-23 05:00:00,0.0,0.0
2024-04-23 06:00:00,0.0,0.0
2024-04-23 07:00:00,0.0,0.0
2024-04-23 08:00:00,0.0,0.0
2024-04-23 09:00:00,0.0,0.0
2024-04-23 10:00:00,0.08536340657569125,0.08536340657569125
2024-04-23 11:00:00,0.36985463955276,0.36985463955276
2024-04-23 12:00:00,0.5780540431610521,0.5780540431610521
2024-04-23 13:00:00,0.9319573290626795,0.9319573290626795
2024-04-23 14:00:00,1.279413039469842,1.279413039469842
2024-04-23 15:00:00,1.7966574512908318,1.7966574512908318
2024-04-23 16:00:00,1.9923845670810216,1.9923845670810216
2024-04-23 17:00:00,2.673735260122381,2.673735260122381
2024-04-23 18:00:00,2.5605378838665476,2.5605378838665476
2024-04-23 19:00:00,2.7527345860056345,2.7527345860056345
2024-04-23 20:00:00,2.3114594752956474,2.3114594752956474
2024-04-23 21:00:00,3.113954812434282,3.113954812434282
2024-04-23 22:00:00,0.0,0.0
2024-04-23 23:00:00,0.0,0.0
2024-04-24 00:00:00,0.0,0.0
2024-04-24 01:00:00,0.0,0.0
2024-04-24 02:00:00,0.0,0.0
2024-04-24 03:00:00,0.0,0.0
2024-04-24 04:00:00,0.0,0.0
2024-04-24 05:00:00,0.0,0.0
2024-04-24 06:00:00,0.0,0.0
2024-04-24 07:00:00,0.0,0.0
2024-04-24 08:00:00,0.0,0.0
2024-04-24 09:00:00,0.0,0.0
2024-04-24 10:00:00,0.07381705109393553,0.07381705109393553
2024-04-24 11:00:00,0.27582246228653523,0.27582246228653523
2024-04-24 12:00:00,0.6267205441066394,0.6267205441066394
2024-04-24 13:00:00,0.9355377922360948,0.9355377922360948
2024-04-24 14:00:00,1.4450515379131559,1.4450515379131559
2024-04-24 15:00:00,1.382902563412184,1.382902563412184
2024-04-24 16:00:00,2.0799965750509735,2.0799965750509735
2024-04-24 17:00:00,2.2566815995276586,2.2566815995276586
2024-04-24 18:00:00,2.1319979733803747,2.1319979733803747
2024-04-24 19:00:00,2.4570484305680353,2.4570484305680353
2024-04-24 20:00:00,1.9345917528623169,1.9345917528623169
2024-04-24 21:00:00,2.3650779533426007,2.3650779533426007
2024-04-24 22:00:00,0.0,0.0
2024-04-24 23:00:00,0.0,0.0
2024-04-25 00:00:00,0.0,0.0
2024-04-25 01:00:00,0.0,0.0
2024-04-25 02:00:00,0.0,0.0
2024-04-25 03:00:00,0.0,0.0
2024-04-25 04:00:00,0.0,0.0
2024-04-25 05:00:00,0.0,0.0
2024-04-25 06:00:00,0.0,0.0
2024-04-25 07:00:00,0.0,0.0
2024-04-25 08:00:00,0.0,0.0
2024-04-25 09:00:00,0.0,0.0
2024-04-25 10:00:00,0.07666759899984876,0.07666759899984876
2024-04-25 11:00:00,0.36010386391451593,0.36010386391451593
2024-04-25 12:00:00,0.509056818485189,0.509056818485189
2024-04-25 13:00:00,0.9123552858911106,0.9123552858911106
2024-04-25 14:00:00,1.1764306350626257,1.1764306350626257
2024-04-25 15:00:00,1.815505478488647,1.815505478488647
2024-04-25 16:00:00,2.2361089242884247,2.2361089242884247
2024-04-25 17:00:00,2.555264980625345,2.555264980625345
2024-04-25 18:00:00,2.3127487456585416,2.3127487456585416
2024-04-25 19:00:00,2.223576770316828,2.223576770316828
2024-04-25 20:00:00,2.3239564622563575,2.3239564622563575
2024-04-25 21:00:00,2.440204908409055,2.440204908409055
2024-04-25 22:00:00,0.0,0.0
2024-04-25 23:00:00,0.0,0.0
2024-04-26 00:00:00,0.0,0.0
2024-04-26 01:00:00,0.0,0.0
2024-04-26 02:00:00,0.0,0.0
2024-04-26 03:00:00,0.0,0.0
2024-04-26 04:00:00,0.0,0.0
2024-04-26 05:00:00,0.0,0.0
2024-04-26 06:00:00,0.0,0.0
2024-04-26 07:00:00,0.0,0.0
2024-04-26 08:00:00,0.0,0.0
2024-04-26 09:00:00,0.0,0.0
2024-04-26 10:00:00,0.09038006251599812,0.09038006251599812
2024-04-26 11:00:00,0.331322367618218,0.331322367618218
2024-04-26 12:00:00,0.6373964318371854,0.6373964318371854
2024-04-26 13:00:00,0.9835416654158071,0.9835416654158071
2024-04-26 14:00:00,1.2052537645729566,1.2052537645729566
2024-04-26 15:00:00,1.755869061005495,1.755869061005495
2024-04-26 16:00:00,2.283738908850841,2.283738908850841
2024-04-26 17:00:00,2.1989282951157914,2.1989282951157914
2024-04-26 18:00:00,2.282090826426376,2.282090826426376
2024-04-26 19:00:00,2.5756055189081155,2.5756055189081155
2024-04-26 20:00:00,2.4798803969599845,2.4798803969599845
2024-04-26 21:00:00,2.53364231601999,2.53364231601999
2024-04-26 22:00:00,0.0,0.0
2024-04-26 23:00:00,0.0,0.0
2024-04-27 00:00:00,0.0,0.0
2024-04-27 01:00:00,0.0,0.0
2024-04-27 02:00:00,0.0,0.0
2024-04-27 03:00:00,0.0,0.0
2024-04-27 04:00:00,0.0,0.0
2024-04-27 05:00:00,0.0,0.0
2024-04-27 06:00:00,0.0,0.0
2024-04-27 07:00:00,0.0,0.0
2024-04-27 08:00:00,0.0,0.0
2024-04-27 09:00:00,0.0,0.0
2024-04-27 10:00:00,0.06620104536814085,0.06620104536814085
2024-04-27 11:00:00,0.23828633857284576,0.23828633857284576
2024-04-27 12:00:00,0.4453789323965044,0.4453789323965044
2024-04-27 13:00:00,0.6237349332135985,0.6237349332135985
2024-04-27 14:00:00,0.9297031033919302,0.9297031033919302
2024-04-27 15:00:00,0.9924549852348092,0.9924549852348092
2024-04-27 16:00:00,1.581507629076544,1.581507629076544
2024-04-27 17:00:00,1.5231813401385796,1.5231813401385796
2024-04-27 18:00:00,1.8422232706615806,1.8422232706615806
2024-04-27 19:00:00,1.7656958972520398,1.7656958972520398
2024-04-27 20:00:00,1.477778374324009,1.477778374324009
2024-04-27 21:00:00,1.726039112244218,1.726039112244218
2024-04-27 22:00:00,0.0,0.0
2024-04-27 23:00:00,0.0,0.0
2024-04-28 00:00:00,0.0,0.0
2024-04-28 01:00:00,0.0,0.0
2024-04-28 02:00:00,0.0,0.0
2024-04-28 03:00:00,0.0,0.0
2024-04-28 04:00:00,0.0,0.0
2024-04-28 05:00:00,0.0,0.0
2024-04-28 06:00:00,0.0,0.0
2024-04-28 07:00:00,0.0,0.0
2024-04-28 08:00:00,0.0,0.0
2024-04-28 09:00:00,0.0,0.0
2024-04-28 10:00:00,0.06867566230931708,0.06867566230931708
2024-04-28 11:00:00,0.21544986710399977,0.21544986710399977
2024-04-28 12:00:00,0.3818134201968753,0.3818134201968753
2024-04-28 13:00:00,0.7285675503845769,0.7285675503845769
2024-04-28 14:00:00,1.014343478154613,1.014343478154613
2024-04-28 15:00:00,1.086604883623156,1.086604883623156
2024-04-28 16:00:00,1.3929338917862377,1.3929338917862377
2024-04-28 17:00:00,1.8006741671461697,1.8006741671461697
2024-04-28 18:00:00,1.8843319397792895,1.8843319397792895
2024-04-28 19:00:00,1.72114736151429,1.72114736151429
2024-04-28 20:00:00,1.7026104364114314,1.7026104364114314
2024-04-28 21:00:00,1.7027853665288388,1.7027853665288388
2024-04-28 22:00:00,0.0,0.0
2024-04-28 23:00:00,0.0,0.0
2024-04-29 00:00:00,0.0,0.0
2024-04-29 01:00:00,0.0,0.0
2024-04-29 02:00:00,0.0,0.0
2024-04-29 03:00:00,0.0,0.0
2024-04-29 04:00:00,0.0,0.0
2024-04-29 05:00:00,0.0,0.0
2024-04-29 06:00:00,0.0,0.0
2024-04-29 07:00:00,0.0,0.0
2024-04-29 08:00:00,0.0,0.0
2024-04-29 09:00:00,0.0,0.0
2024-04-29 10:00:00,0.08024832398558501,0.08024832398558501
2024-04-29 11:00:00,0.3191566233292311,0.3191566233292311
2024-04-29 12:00:00,0.48870017938863297,0.48870017938863297
2024-04-29 13:00:00,0.9076962155044038,0.9076962155044038
2024-04-29 14:00:00,1.184553110152809,1.184553110152809
2024-04-29 15:00:00,1.4102786676997834,1.4102786676997834
2024-04-29 16:00:00,1.9625769089670897,1.9625769089670897
2024-04-29 17:00:00,2.0106102579830014,2.0106102579830014
2024-04-29 18:00:00,2.2289982296096587,2.2289982296096587
2024-04-29 19:00:00,2.1345784129098884,2.1345784129098884
2024-04-29 20:00:00,2.3261726396172997,2.3261726396172997
2024-04-29 21:00:00,2.170876791358612,2.170876791358612
2024-04-29 22:00:00,0.0,0.0
2024-04-29 23:00:00,0.0,0.0
2024-04-30 00:00:00,0.0,0.0
2024-04-30 01:00:00,0.0,0.0
2024-04-30 02:00:00,0.0,0.0
2024-04-30 03:00:00,0.0,0.0
2024-04-30 04:00:00,0.0,0.0
2024-04-30 05:00:00,0.0,0.0
2024-04-30 06:00:00,0.0,0.0
2024-04-30 07:00:00,0.0,0.0
2024-04-30 08:00:00,0.0,0.0
2024-04-30 09:00:00,0.0,0.0
2024-04-30 10:00:00,0.09330184696169042,0.09330184696169042
2024-04-30 11:00:00,0.3670544696852817,0.3670544696852817
2024-04-30 12:00:00,0.6823613751030568,0.6823613751030568
2024-04-30 13:00:00,1.0791347293710263,1.0791347293710263
2024-04-30 14:00:00,1.3896608188032702,1.3896608188032702
2024-04-30 15:00:00,1.7450637629832184,1.7450637629832184
2024-04-30 16:00:00,2.334101566125739,2.334101566125739
2024-04-30 17:00:00,2.3653281133464765,2.3653281133464765
2024-04-30 18:00:00,2.5882208257105463,2.5882208257105463
2024-04-30 19:00:00,2.1900458319295413,2.1900458319295413
2024-04-30 20:00:00,2.4327694338382315,2.4327694338382315
2024-04-30 21:00:00,2.9548769070041283,2.9548769070041283
2024-04-30 22:00:00,0.0,0.0
2024-04-30 23:00:00,0.0,0.0
2024-05-01 00:00:00,0.0,0.0
2024-05-01 01:00:00,0.0,0.0
2024-05-01 02:00:00,0.0,0.0
2024-05-01 03:00:00,0.0,0.0
2024-05-01 04:00:00,0.0,0.0
2024-05-01 05:00:00,0.0,0.0
2024-05-01 06:00:00,0.0,0.0
2024-05-01 07:00:00,0.0,0.0
2024-05-01 08:00:00,0.0,0.0
2024-05-01 09:00:00,0.0,0.0
2024-05-01 10:00:00,0.08313775076983933,0.08313775076983933
2024-05-01 11:00:00,0.2624931519028421,0.2624931519028421
2024-05-01 12:00:00,0.5649911413327392,0.5649911413327392
2024-05-01 13:00:00,0.7427743560213517,0.7427743560213517
2024-05-01 14:00:00,1.0735337534515825,1.0735337534515825
2024-05-01 15:00:00,1.4131724957254506,1.4131724957254506
2024-05-01 16:00:00,2.06450353920317,2.06450353920317
2024-05-01 17:00:00,2.1017412039448056,2.1017412039448056
2024-05-01 18:00:00,2.361301918716996,2.361301918716996
2024-05-01 19:00:00,2.1665277858620877,2.1665277858620877
2024-05-01 20:00:00,2.3522152587252996,2.3522152587252996
2024-05-01 21:00:00,2.1821702988250604,2.1821702988250604
2024-05-01 22:00:00,0.0,0.0
2024-05-01 23:00:00,0.0,0.0
2024-05-02 00:00:00,0.0,0.0
2024-05-02 01:00:00,0.0,0.0
2024-05-02 02:00:00,0.0,0.0
2024-05-02 03:00:00,0.0,0.0
2024-05-02 04:00:00,0.0,0.0
2024-05-02 05:00:00,0.0,0.0
2024-05-02 06:00:00,0.0,0.0
2024-05-02 07:00:00,0.0,0.0
2024-05-02 08:00:00,0.0,0.0
2024-05-02 09:00:00,0.0,0.0
2024-05-02 10:00:00,0.07280281737332463,0.07280281737332463
2024-05-02 11:00:00,0.2798232160814071,0.2798232160814071
2024-05-02 12:00:00,0.5049816457407776,0.5049816457407776
2024-05-02 13:00:00,0.8036300560401067,0.8036300560401067
2024-05-02 14:00:00,1.3683942851779949,1.3683942851779949
2024-05-02 15:00:00,1.3548493927101606,1.3548493927101606
2024-05-02 16:00:00,1.6772505735173273,1.6772505735173273
2024-05-02 17:00:00,2.3152337651921937,2.3152337651921937
2024-05-02 18:00:00,2.250022963588058,2.250022963588058
2024-05-02 19:00:00,2.0512482773677916,2.0512482773677916
2024-05-02 20:00:00,2.031207928503583,2.031207928503583
2024-05-02 21:00:00,2.300438356391215,2.300438356391215
2024-05-02 22:00:00,0.0,0.0
2024-05-02 23:00:00,0.0,0.0
2024-05-03 00:00:00,0.0,0.0
2024-05-03 01:00:00,0.0,0.0
2024-05-03 02:00:00,0.0,0.0
2024-05-03 03:00:00,0.0,0.0
2024-05-03 04:00:00,0.0,0.0
2024-05-03 05:00:00,0.0,0.0
2024-05-03 06:00:00,0.0,0.0
2024-05-03 07:00:00,0.0,0.0
2024-05-03 08:00:00,0.0,0.0
2024-05-03 09:00:00,0.0,0.0
2024-05-03 10:00:00,0.0818546595351884,0.0818546595351884
2024-05-03 11:00:00,0.36155354113706095,0.36155354113706095
2024-05-03 12:00:00,0.6938875355978713,0.6938875355978713
2024-05-03 13:00:00,1.0052933153546018,1.0052933153546018
2024-05-03 14:00:00,1.2619390488198234,1.2619390488198234
2024-05-03 15:00:00,1.6482813973476995,1.6482813973476995
2024-05-03 16:00:00,2.021740090709659,2.021740090709659
2024-05-03 17:00:00,3.0452645837505194,3.0452645837505194
2024-05-03 18:00:00,2.849793282835457,2.849793282835457
2024-05-03 19:00:00,2.7109476166935202,2.7109476166935202
2024-05-03 20:00:00,2.529019183307878,2.529019183307878
2024-05-03 21:00:00,2.9218416223928165,2.9218416223928165
2024-05-03 22:00:00,0.0,0.0
2024-05-03 23:00:00,0.0,0.0
2024-05-04 00:00:00,0.0,0.0
2024-05-04 01:00:00,0.0,0.0
2024-05-04 02:00:00,0.0,0.0
2024-05-04 03:00:00,0.0,0.0
2024-05-04 04:00:00,0.0,0.0
2024-05-04 05:00:00,0.0,0.0
2024-05-04 06:00:00,0.0,0.0
2024-05-04 07:00:00,0.0,0.0
2024-05-04 08:00:00,0.0,0.0
2024-05-04 09:00:00,0.0,0.0
2024-05-04 10:00:00,0.0625685321303214,0.0625685321303214
2024-05-04 11:00:00,0.19929347248688845,0.19929347248688845
2024-05-04 12:00:00,0.44813869690258656,0.44813869690258656
2024-05-04 13:00:00,0.6820575215985639,0.6820575215985639
2024-05-04 14:00:00,0.9572029106465969,0.9572029106465969
2024-05-04 15:00:00,0.9698337037612741,0.9698337037612741
2024-05-04 16:00:00,1.3374501888760641,1.3374501888760641
2024-05-04 17:00:00,1.8306860658080677,1.8306860658080677
2024-05-04 18:00:00,1.875345891507803,1.875345891507803
2024-05-04 19:00:00,1.6257625031496172,1.6257625031496172
2024-05-04 20:00:00,1.591414020791235,1.591414020791235
2024-05-04 21:00:00,1.8287101017352212,1.8287101017352212
2024-05-04 22:00:00,0.0,0.0
2024-05-04 23:00:00,0.0,0.0
2024-05-05 00:00:00,0.0,0.0
2024-05-05 01:00:00,0.0,0.0
2024-05-05 02:00:00,0.0,0.0
2024-05-05 03:00:00,0.0,0.0
2024-05-05 04:00:00,0.0,0.0
2024-05-05 05:00:00,0.0,0.0
2024-05-05 06:00:00,0.0,0.0
2024-05-05 07:00:00,0.0,0.0
2024-05-05 08:00:00,0.0,0.0
2024-05-05 09:00:00,0.0,0.0
2024-05-05 10:00:00,0.05755848659185958,0.05755848659185958
2024-05-05 11:00:00,0.20871916214464453,0.20871916214464453
2024-05-05 12:00:00,0.3503856773426828,0.3503856773426828
2024-05-05 13:00:00,0.6599780798917666,0.6599780798917666
2024-05-05 14:00:00,0.7850404470730646,0.7850404470730646
2024-05-05 15:00:00,1.0384302470049473,1.0384302470049473
2024-05-05 16:00:00,1.1758169413676691,1.1758169413676691
2024-05-05 17:00:00,1.4126561129252866,1.4126561129252866
2024-05-05 18:00:00,1.4804547955649172,1.4804547955649172
2024-05-05 19:00:00,1.7370331629680948,1.7370331629680948
2024-05-05 20:00:00,1.3979192853537907,1.3979192853537907
2024-05-05 21:00:00,1.5786608205489954,1.5786608205489954
2024-05-05 22:00:00,0.0,0.0
2024-05-05 23:00:00,0.0,0.0
2024-05-06 00:00:00,0.0,0.0
2024-05-06 01:00:00,0.0,0.0
2024-05-06 02:00:00,0.0,0.0
2024-05-06 03:00:00,0.0,0.0
2024-05-06 04:00:00,0.0,0.0
2024-05-06 05:00:00,0.0,0.0
2024-05-06 06:00:00,0.0,0.0
2024-05-06 07:00:00,0.0,0.0
2024-05-06 08:00:00,0.0,0.0
2024-05-06 09:00:00,0.0,0.0
2024-05-06 10:00:00,0.0885090156382287,0.0885090156382287
2024-05-06 11:00:00,0.343191804130817,0.343191804130817
2024-05-06 12:00:00,0.6541505363628012,0.6541505363628012
2024-05-06 13:00:00,0.884676245399988,0.884676245399988
2024-05-06 14:00:00,1.4161969388143099,1.4161969388143099
2024-05-06 15:00:00,1.657319524638416,1.657319524638416
2024-05-06 16:00:00,1.7961081301833426,1.7961081301833426
2024-05-06 17:00:00,2.5508762077512506,2.5508762077512506
2024-05-06 18:00:00,2.606158035282878,2.606158035282878
2024-05-06 19:00:00,2.5347521512645343,2.5347521512645343
2024-05-06 20:00:00,2.674320329845791,2.674320329845791
2024-05-06 21:00:00,2.1895971158935206,2.1895971158935206
2024-05-06 22:00:00,0.0,0.0
2024-05-06 23:00:00,0.0,0.0
2024-05-07 00:00:00,0.0,0.0
2024-05-07 01:00:00,0.0,0.0
2024-05-07 02:00:00,0.0,0.0
2024-05-07 03:00:00,0.0,0.0
2024-05-07 04:00:00,0.0,0.0
2024-05-07 05:00:00,0.0,0.0
2024-05-07 06:00:00,0.0,0.0
2024-05-07 07:00:00,0.0,0.0
2024-05-07 08:00:00,0.0,0.0
2024-05-07 09:00:00,0.0,0.0
2024-05-07 10:00:00,0.08209435358714245,0.08209435358714245
2024-05-07 11:00:00,0.27079249740627354,0.27079249740627354
2024-05-07 12:00:00,0.5411546783818851,0.5411546783818851
2024-05-07 13:00:00,0.9206628866461243,0.9206628866461243
2024-05-07 14:00:00,1.2095106556988746,1.2095106556988746
2024-05-07 15:00:00,1.6157565109839838,1.6157565109839838
2024-05-07 16:00:00,1.8630809303828053,1.8630809303828053
2024-05-07 17:00:00,2.2889486360888145,2.2889486360888145
2024-05-07 18:00:00,2.5957234382891485,2.5957234382891485
2024-05-07 19:00:00,2.185883754432663,2.185883754432663
2024-05-07 20:00:00,2.1324834708724643,2.1324834708724643
2024-05-07 21:00:00,2.10627716634932,2.10627716634932
2024-05-07 22:00:00,0.0,0.0
2024-05-07 23:00:00,0.0,0.0
2024-05-08 00:00:00,0.0,0.0
2024-05-08 01:00:00,0.0,0.0
2024-05-08 02:00:00,0.0,0.0
2024-05-08 03:00:00,0.0,0.0
2024-05-08 04:00:00,0.0,0.0
2024-05-08 05:00:00,0.0,0.0
2024-05-08 06:00:00,0.0,0.0
2024-05-08 07:00:00,0.0,0.0
2024-05-08 08:00:00,0.0,0.0
2024-05-08 09:00:00,0.0,0.0
2024-05-08 10:00:00,0.07250600020105542,0.07250600020105542
2024-05-08 11:00:00,0.30178278809154574,0.30178278809154574
2024-05-08 12:00:00,0.5840716772482657,0.5840716772482657
2024-05-08 13:00:00,0.911493731212059,0.911493731212059
2024-05-08 14:00:00,1.2471586273768787,1.2471586273768787
2024-05-08 15:00:00,1.66995204734316,1.66995204734316
2024-05-08 16:00:00,1.633476057636953,1.633476057636953
2024-05-08 17:00:00,2.5892765919299894,2.5892765919299894
2024-05-08 18:00:00,2.5689096291551548,2.5689096291551548
2024-05-08 19:00:00,2.1693875898818114,2.1693875898818114
2024-05-08 20:00:00,1.9717853573601698,1.9717853573601698
2024-05-08 21:00:00,2.155737758792208,2.155737758792208
2024-05-08 22:00:00,0.0,0.0
2024-05-08 23:00:00,0.0,0.0
2024-05-09 00:00:00,0.0,0.0
2024-05-09 01:00:00,0.0,0.0
2024-05-09 02:00:00,0.0,0.0
2024-05-09 03:00:00,0.0,0.0
2024-05-09 04:00:00,0.0,0.0
2024-05-09 05:00:00,0.0,0.0
2024-05-09 06:00:00,0.0,0.0
2024-05-09 07:00:00,0.0,0.0
2024-05-09 08:00:00,0.0,0.0
2024-05-09 09:00:00,0.0,0.0
2024-05-09 10:00:00,0.09572306559987853,0.09572306559987853
2024-05-09 11:00:00,0.31096045336643346,0.31096045336643346
2024-05-09 12:00:00,0.6509211051477835,0.6509211051477835
2024-05-09 13:00:00,1.158423435252464,1.158423435252464
2024-05-09 14:00:00,1.6276953070595888,1.6276953070595888
2024-05-09 15:00:00,1.9067170746589417,1.9067170746589417
2024-05-09 16:00:00,1.9468094701719272,1.9468094701719272
2024-05-09 17:00:00,2.70256118300637,2.70256118300637
2024-05-09 18:00:00,2.4906357207541863,2.4906357207541863
2024-05-09 19:00:00,2.858095529572551,2.858095529572551
2024-05-09 20:00:00,2.29295670840106,2.29295670840106
2024-05-09 21:00:00,2.473557799559712,2.473557799559712
2024-05-09 22:00:00,0.0,0.0
2024-05-09 23:00:00,0.0,0.0
2024-05-10 00:00:00,0.0,0.0
2024-05-10 01:00:00,0.0,0.0
2024-05-10 02:00:00,0.0,0.0
2024-05-10 03:00:00,0.0,0.0
2024-05-10 04:00:00,0.0,0.0
2024-05-10 05:00:00,0.0,0.0
2024-05-10 06:00:00,0.0,0.0
2024-05-10 07:00:00,0.0,0.0
2024-05-10 08:00:00,0.0,0.0
2024-05-10 09:00:00,0.0,0.0
2024-05-10 10:00:00,0.07500056801327024,0.07500056801327024
2024-05-10 11:00:00,0.30872891341298153,0.30872891341298153
2024-05-10 12:00:00,0.5892588012631816,0.5892588012631816
2024-05-10 13:00:00,0.9483848772359567,0.9483848772359567
2024-05-10 14:00:00,1.2145699345823016,1.2145699345823016
2024-05-10 15:00:00,1.4840966801999105,1.4840966801999105
2024-05-10 16:00:00,2.005829346293646,2.005829346293646
2024-05-10 17:00:00,2.0175921459366064,2.0175921459366064
2024-05-10 18:00:00,2.0580443832681463,2.0580443832681463
2024-05-10 19:00:00,2.1445478332260146,2.1445478332260146
2024-05-10 20:00:00,2.0223470267620627,2.0223470267620627
2024-05-10 21:00:00,2.31803390943881,2.31803390943881
2024-05-10 22:00:00,0.0,0.0
2024-05-10 23:00:00,0.0,0.0
2024-05-11 00:00:00,0.0,0.0
2024-05-11 01:00:00,0.0,0.0
2024-05-11 02:00:00,0.0,0.0
2024-05-11 03:00:00,0.0,0.0
2024-05-11 04:00:00,0.0,0.0
2024-05-11 05:00:00,0.0,0.0
2024-05-11 06:00:00,0.0,0.0
2024-05-11 07:00:00,0.0,0.0
2024-05-11 08:00:00,0.0,0.0
2024-05-11 09:00:00,0.0,0.0
2024-05-11 10:00:00,0.06861189210649359,0.06861189210649359
2024-05-11 11:00:00,0.25880349599121966,0.25880349599121966
2024-05-11 12:00:00,0.47547553542949567,0.47547553542949567
2024-05-11 13:00:00,0.7002969560634171,0.7002969560634171
2024-05-11 14:00:00,1.1061888282487133,1.1061888282487133
2024-05-11 15:00:00,1.2677088557817304,1.2677088557817304
2024-05-11 16:00:00,1.2091548845495077,1.2091548845495077
2024-05-11 17:00:00,1.8541879857574206,1.8541879857574206
2024-05-11 18:00:00,1.63134447444222,1.63134447444222
2024-05-11 19:00:00,1.5983586162820496,1.5983586162820496
2024-05-11 20:00:00,1.5837682107764637,1.5837682107764637
2024-05-11 21:00:00,1.8323442218991262,1.8323442218991262
2024-05-11 22:00:00,0.0,0.0
2024-05-11 23:00:00,0.0,0.0
2024-05-12 00:00:00,0.0,0.0
2024-05-12 01:00:00,0.0,0.0
2024-05-12 02:00:00,0.0,0.0
2024-05-12 03:00:00,0.0,0.0
2024-05-12 04:00:00,0.0,0.0
2024-05-12 05:00:00,0.0,0.0
2024-05-12 06:00:00,0.0,0.0
2024-05-12 07:00:00,0.0,0.0
2024-05-12 08:00:00,0.0,0.0
2024-05-12 09:00:00,0.0,0.0
2024-05-12 10:00:00,0.0506350890741319,0.0506350890741319
2024-05-12 11:00:00,0.17923968228122536,0.17923968228122536
2024-05-12 12:00:00,0.38657554967010327,0.38657554967010327
2024-05-12 13:00:00,0.5977253969505463,0.5977253969505463
2024-05-12 14:00:00,0.9743888123676175,0.9743888123676175
2024-05-12 15:00:00,1.0711759552808788,1.0711759552808788
2024-05-12 16:00:00,1.2674405605104948,1.2674405605104948
2024-05-12 17:00:00,1.4878640593089916,1.4878640593089916
2024-05-12 18:00:00,1.6340666482092894,1.6340666482092894
2024-05-12 19:00:00,1.3936505908893428,1.3936505908893428
2024-05-12 20:00:00,1.6120286899422422,1.6120286899422422
2024-05-12 21:00:00,1.7298247790504544,1.7298247790504544
2024-05-12 22:00:00,0.0,0.0
2024-05-12 23:00:00,0.0,0.0
2024-05-13 00:00:00,0.0,0.0
2024-05-13 01:00:00,0.0,0.0
2024-05-13 02:00:00,0.0,0.0
2024-05-13 03:00:00,0.0,0.0
2024-05-13 04:00:00,0.0,0.0
2024-05-13 05:00:00,0.0,0.0
2024-05-13 06:00:00,0.0,0.0
2024-05-13 07:00:00,0.0,0.0
2024-05-13 08:00:00,0.0,0.0
2024-05-13 09:00:00,0.0,0.0
2024-05-13 10:00:00,0.0805940075994294,0.0805940075994294
2024-05-13 11:00:00,0.27224364343037105,0.27224364343037105
2024-05-13 12:00:00,0.48790556122473244,0.48790556122473244
2024-05-13 13:00:00,0.9905889463735464,0.9905889463735464
2024-05-13 14:00:00,1.4014545203609468,1.4014545203609468
2024-05-13 15:00:00,1.4081614503678757,1.4081614503678757
2024-05-13 16:00:00,1.6759900103534033,1.6759900103534033
2024-05-13 17:00:00,2.1930401816284792,2.1930401816284792
2024-05-13 18:00:00,2.1988992429296372,2.1988992429296372
2024-05-13 19:00:00,2.428139799570025,2.428139799570025
2024-05-13 20:00:00,2.055345483377276,2.055345483377276
2024-05-13 21:00:00,2.2452327111138004,2.2452327111138004
2024-05-13 22:00:00,0.0,0.0
2024-05-13 23:00:00,0.0,0.0
2024-05-14 00:00:00,0.0,0.0
2024-05-14 01:00:00,0.0,0.0
2024-05-14 02:00:00,0.0,0.0
2024-05-14 03:00:00,0.0,0.0
2024-05-14 04:00:00,0.0,0.0
2024-05-14 05:00:00,0.0,0.0
2024-05-14 06:00:00,0.0,0.0
2024-05-14 07:00:00,0.0,0.0
2024-05-14 08:00:00,0.0,0.0
2024-05-14 09:00:00,0.0,0.0
2024-05-14 10:00:00,0.08277964174781616,0.08277964174781616
2024-05-14 11:00:00,0.32679143980435316,0.32679143980435316
2024-05-14 12:00:00,0.6755870558132124,0.6755870558132124
2024-05-14 13:00:00,0.8920227998020126,0.8920227998020126
2024-05-14 14:00:00,1.1937986939743594,1.1937986939743594
2024-05-14 15:00:00,1.5141197655114011,1.5141197655114011
2024-05-14 16:00:00,2.0489140344827113,2.0489140344827113
2024-05-14 17:00:00,2.8251004505901944,2.8251004505901944
2024-05-14 18:00:00,2.724986106537729,2.724986106537729
2024-05-14 19:00:00,2.774154243889054,2.774154243889054
2024-05-14 20:00:00,2.4075172417105537,2.4075172417105537
2024-05-14 21:00:00,2.5777116940569,2.5777116940569
2024-05-14 22:00:00,0.0,0.0
2024-05-14 23:00:00,0.0,0.0
2024-05-15 00:00:00,0.0,0.0
2024-05-15 01:00:00,0.0,0.0
2024-05-15 02:00:00,0.0,0.0
2024-05-15 03:00:00,0.0,0.0
2024-05-15 04:00:00,0.0,0.0
2024-05-15 05:00:00,0.0,0.0
2024-05-15 06:00:00,0.0,0.0
2024-05-15 07:00:00,0.0,0.0
2024-05-15 08:00:00,0.0,0.0
2024-05-15 09:00:00,0.0,0.0
2024-05-15 10:00:00,0.08423865663414487,0.08423865663414487
2024-05-15 11:00:00,0.3116600265534279,0.3116600265534279
2024-05-15 12:00:00,0.6489854529513721,0.6489854529513721
2024-05-15 13:00:00,0.9868915903136556,0.9868915903136556
2024-05-15 14:00:00,1.5223650924743444,1.5223650924743444
2024-05-15 15:00:00,1.6541015760008575,1.6541015760008575
2024-05-15 16:00:00,1.9678121705410891,1.9678121705410891
2024-05-15 17:00:00,2.290986568468723,2.290986568468723
2024-05-15 18:00:00,2.401202158831791,2.401202158831791
2024-05-15 19:00:00,2.41270312584564,2.41270312584564
2024-05-15 20:00:00,2.500214405328587,2.500214405328587
2024-05-15 21:00:00,3.043087263960766,3.043087263960766
2024-05-15 22:00:00,0.0,0.0
2024-05-15 23:00:00,0.0,0.0
2024-05-16 00:00:00,0.0,0.0
2024-05-16 01:00:00,0.0,0.0
2024-05-16 02:00:00,0.0,0.0
2024-05-16 03:00:00,0.0,0.0
2024-05-16 04:00:00,0.0,0.0
2024-05-16 05:00:00,0.0,0.0
2024-05-16 06:00:00,0.0,0.0
2024-05-16 07:00:00,0.0,0.0
2024-05-16 08:00:00,0.0,0.0
2024-05-16 09:00:00,0.0,0.0
2024-05-16 10:00:00,0.07694171348072908,0.07694171348072908
2024-05-16 11:00:00,0.30237442173971396,0.30237442173971396
2024-05-16 12:00:00,0.601467615559198,0.601467615559198
2024-05-16 13:00:00,0.9175299734110611,0.9175299734110611
2024-05-16 14:00:00,1.1922714965537262,1.1922714965537262
2024-05-16 15:00:00,1.4871322113999577,1.4871322113999577
2024-05-16 16:00:00,1.6133019360316885,1.6133019360316885
2024-05-16 17:00:00,2.342028250757308,2.342028250757308
2024-05-16 18:00:00,2.294359720545546,2.294359720545546
2024-05-16 19:00:00,2.3805551946967216,2.3805551946967216
2024-05-16 20:00:00,2.4161362550324217,2.4161362550324217
2024-05-16 21:00:00,2.174168684117644,2.174168684117644
2024-05-16 22:00:00,0.0,0.0
2024-05-16 23:00:00,0.0,0.0
2024-05-17 00:00:00,0.0,0.0
2024-05-17 01:00:00,0.0,0.0
2024-05-17 02:00:00,0.0,0.0
2024-05-17 03:00:00,0.0,0.0
2024-05-17 04:00:00,0.0,0.0
2024-05-17 05:00:00,0.0,0.0
2024-05-17 06:00:00,0.0,0.0
2024-05-17 07:00:00,0.0,0.0
2024-05-17 08:00:00,0.0,0.0
2024-05-17 09:00:00,0.0,0.0
2024-05-17 10:00:00,0.0845561105859734,0.0845561105859734
2024-05-17 11:00:00,0.34695819310796217,0.34695819310796217
2024-05-17 12:00:00,0.6659383109703607,0.6659383109703607
2024-05-17 13:00:00,0.9037114763905075,0.9037114763905075
2024-05-17 14:00:00,1.2380328616053313,1.2380328616053313
2024-05-17 15:00:00,1.546469033949029,1.546469033949029
2024-05-17 16:00:00,1.9065507207895387,1.9065507207895387
2024-05-17 17:00:00,2.867357962299444,2.867357962299444
2024-05-17 18:00:00,2.5072420803780537,2.5072420803780537
2024-05-17 19:00:00,2.519398319114593,2.519398319114593
2024-05-17 20:00:00,2.661098953235365,2.661098953235365
2024-05-17 21:00:00,2.6855925679701333,2.6855925679701333
2024-05-17 22:00:00,0.0,0.0
2024-05-17 23:00:00,0.0,0.0
2024-05-18 00:00:00,0.0,0.0
2024-05-18 01:00:00,0.0,0.0
2024-05-18 02:00:00,0.0,0.0
2024-05-18 03:00:00,0.0,0.0
2024-05-18 04:00:00,0.0,0.0
2024-05-18 05:00:00,0.0,0.0
2024-05-18 06:00:00,0.0,0.0
2024-05-18 07:00:00,0.0,0.0
2024-05-18 08:00:00,0.0,0.0
2024-05-18 09:00:00,0.0,0.0
2024-05-18 10:00:00,0.052849387896725455,0.052849387896725455
2024-05-18 11:00:00,0.21951079354086844,0.21951079354086844
2024-05-18 12:00:00,0.403774752785795,0.403774752785795
2024-05-18 13:00:00,0.7012780713995916,0.7012780713995916
2024-05-18 14:00:00,0.9733122082264036,0.9733122082264036
2024-05-18 15:00:00,1.2069214790353806,1.2069214790353806
2024-05-18 16:00:00,1.4838593015996353,1.4838593015996353
2024-05-18 17:00:00,1.6447156004365775,1.6447156004365775
2024-05-18 18:00:00,1.8064856805879055,1.8064856805879055
2024-05-18 19:00:00,1.7604969725480875,1.7604969725480875
2024-05-18 20:00:00,1.8451766436980614,1.8451766436980614
2024-05-18 21:00:00,1.7310792923497982,1.7310792923497982
2024-05-18 22:00:00,0.0,0.0
2024-05-18 23:00:00,0.0,0.0
2024-05-19 00:00:00,0.0,0.0
2024-05-19 01:00:00,0.0,0.0
2024-05-19 02:00:00,0.0,0.0
2024-05-19 03:00:00,0.0,0.0
2024-05-19 04:00:00,0.0,0.0
2024-05-19 05:00:00,0.0,0.0
2024-05-19 06:00:00,0.0,0.0
2024-05-19 07:00:00,0.0,0.0
2024-05-19 08:00:00,0.0,0.0
2024-05-19 09:00:00,0.0,0.0
2024-05-19 10:00:00,0.05802418044493485,0.05802418044493485
2024-05-19 11:00:00,0.20624162271667534,0.20624162271667534
2024-05-19 12:00:00,0.44860574307960566,0.44860574307960566
2024-05-19 13:00:00,0.6104923080935558,0.6104923080935558
2024-05-19 14:00:00,1.0659515316710495,1.0659515316710495
2024-05-19 15:00:00,1.1583353375780494,1.1583353375780494
2024-05-19 16:00:00,1.4243663555826227,1.4243663555826227
2024-05-19 17:00:00,1.6760636334365122,1.6760636334365122
2024-05-19 18:00:00,2.0866296364834476,2.0866296364834476
2024-05-19 19:00:00,1.8332382021571783,1.8332382021571783
2024-05-19 20:00:00,1.8437013655661794,1.8437013655661794
2024-05-19 21:00:00,2.008466798825629,2.008466798825629
2024-05-19 22:00:00,0.0,0.0
2024-05-19 23:00:00,0.0,0.0
2024-05-20 00:00:00,0.0,0.0
2024-05-20 01:00:00,0.0,0.0
2024-05-20 02:00:00,0.0,0.0
2024-05-20 03:00:00,0.0,0.0
2024-05-20 04:00:00,0.0,0.0
2024-05-20 05:00:00,0.0,0.0
2024-05-20 06:00:00,0.0,0.0
2024-05-20 07:00:00,0.0,0.0
2024-05-20 08:00:00,0.0,0.0
2024-05-20 09:00:00,0.0,0.0
2024-05-20 10:00:00,0.07650799862208885,0.07650799862208885
2024-05-20 11:00:00,0.3543813744695119,0.3543813744695119
2024-05-20 12:00:00,0.5986401656255645,0.5986401656255645
2024-05-20 13:00:00,0.9525752943409341,0.9525752943409341
2024-05-20 14:00:00,1.4046105121368857,1.4046105121368857
2024-05-20 15:00:00,1.6076929039063086,1.6076929039063086
2024-05-20 16:00:00,1.9083992535451626,1.9083992535451626
2024-05-20 17:00:00,2.359049660063674,2.359049660063674
2024-05-20 18:00:00,2.4946822139816134,2.4946822139816134
2024-05-20 19:00:00,2.7004388552747365,2.7004388552747365
2024-05-20 20:00:00,2.1290910509621095,2.1290910509621095
2024-05-20 21:00:00,2.473735293639448,2.473735293639448
2024-05-20 22:00:00,0.0,0.0
2024-05-20 23:00:00,0.0,0.0
2024-05-21 00:00:00,0.0,0.0
2024-05-21 01:00:00,0.0,0.0
2024-05-21 02:00:00,0.0,0.0
2024-05-21 03:00:00,0.0,0.0
2024-05-21 04:00:00,0.0,0.0
2024-05-21 05:00:00,0.0,0.0
2024-05-21 06:00:00,0.0,0.0
2024-05-21 07:00:00,0.0,0.0
2024-05-21 08:00:00,0.0,0.0
2024-05-21 09:00:00,0.0,0.0
2024-05-21 10:00:00,0.07747583422174194,0.07747583422174194
2024-05-21 11:00:00,0.30254608578956854,0.30254608578956854
2024-05-21 12:00:00,0.5741909179430625,0.5741909179430625
2024-05-21 13:00:00,0.7923089145302971,0.7923089145302971
2024-05-21 14:00:00,1.2332842338186718,1.2332842338186718
2024-05-21 15:00:00,1.269060364650354,1.269060364650354
2024-05-21 16:00:00,1.945003983123371,1.945003983123371
2024-05-21 17:00:00,2.2433465035898528,2.2433465035898528
2024-05-21 18:00:00,2.6070976366266123,2.6070976366266123
2024-05-21 19:00:00,2.051330406403298,2.051330406403298
2024-05-21 20:00:00,2.4557250155489108,2.4557250155489108
2024-05-21 21:00:00,2.123448897852557,2.123448897852557
2024-05-21 22:00:00,0.0,0.0
2024-05-21 23:00:00,0.0,0.0
2024-05-22 00:00:00,0.0,0.0
2024-05-22 01:00:00,0.0,0.0
2024-05-22 02:00:00,0.0,0.0
2024-05-22 03:00:00,0.0,0.0
2024-05-22 04:00:00,0.0,0.0
2024-05-22 05:00:00,0.0,0.0
2024-05-22 06:00:00,0.0,0.0
2024-05-22 07:00:00,0.0,0.0
2024-05-22 08:00:00,0.0,0.0
2024-05-22 09:00:00,0.0,0.0
2024-05-22 10:00:00,0.08867703505656252,0.08867703505656252
2024-05-22 11:00:00,0.28213454105645386,0.28213454105645386
2024-05-22 12:00:00,0.4889614652459717,0.4889614652459717
2024-05-22 13:00:00,0.9171145688764399,0.9171145688764399
2024-05-22 14:00:00,1.1915537180033,1.1915537180033
2024-05-22 15:00:00,1.5065251197059195,1.5065251197059195
2024-05-22 16:00:00,2.0970546139344224,2.0970546139344224
2024-05-22 17:00:00,2.1793524587886215,2.1793524587886215
2024-05-22 18:00:00,2.366131879053476,2.366131879053476
2024-05-22 19:00:00,2.428117799507351,2.428117799507351
2024-05-22 20:00:00,2.3281646162796577,2.3281646162796577
2024-05-22 21:00:00,2.5859183928358624,2.5859183928358624
2024-05-22 22:00:00,0.0,0.0
2024-05-22 23:00:00,0.0,0.0
2024-05-23 00:00:00,0.0,0.0
2024-05-23 01:00:00,0.0,0.0
2024-05-23 02:00:00,0.0,0.0
2024-05-23 03:00:00,0.0,0.0
2024-05-23 04:00:00,0.0,0.0
2024-05-23 05:00:00,0.0,0.0
2024-05-23 06:00:00,0.0,0.0
2024-05-23 07:00:00,0.0,0.0
2024-05-23 08:00:00,0.0,0.0
2024-05-23 09:00:00,0.0,0.0
2024-05-23 10:00:00,0.08169420350117573,0.08169420350117573
2024-05-23 11:00:00,0.3383966947609858,0.3383966947609858
2024-05-23 12:00:00,0.590821780996249,0.590821780996249
2024-05-23 13:00:00,0.8478509091406263,0.8478509091406263
2024-05-23 14:00:00,1.264226545494958,1.264226545494958
2024-05-23 15:00:00,1.5951180974733994,1.5951180974733994
2024-05-23 16:00:00,2.135575750331603,2.135575750331603
2024-05-23 17:00:00,2.424473221434196,2.424473221434196
2024-05-23 18:00:00,2.3324444957133017,2.3324444957133017
2024-05-23 19:00:00,2.244682109540155,2.244682109540155
2024-05-23 20:00:00,2.080491959391948,2.080491959391948
2024-05-23 21:00:00,2.2180125778672646,2.2180125778672646
2024-05-23 22:00:00,0.0,0.0
2024-05-23 23:00:00,0.0,0.0
2024-05-24 00:00:00,0.0,0.0
2024-05-24 01:00:00,0.0,0.0
2024-05-24 02:00:00,0.0,0.0
2024-05-24 03:00:00,0.0,0.0
2024-05-24 04:00:00,0.0,0.0
2024-05-24 05:00:00,0.0,0.0
2024-05-24 06:00:00,0.0,0.0
2024-05-24 07:00:00,0.0,0.0
2024-05-24 08:00:00,0.0,0.0
2024-05-24 09:00:00,0.0,0.0
2024-05-24 10:00:00,0.07705360234318893,0.07705360234318893
2024-05-24 11:00:00,0.3364495743514549,0.3364495743514549
2024-05-24 12:00:00,0.5150966315438619,0.5150966315438619
2024-05-24 13:00:00,0.9253522574290738,0.9253522574290738
2024-05-24 14:00:00,1.3954622836638093,1.3954622836638093
2024-05-24 15:00:00,1.311653832867106,1.311653832867106
2024-05-24 16:00:00,1.6711560389039253,1.6711560389039253
2024-05-24 17:00:00,2.352407471975235,2.352407471975235
2024-05-24 18:00:00,2.5688458372892815,2.5688458372892815
2024-05-24 19:00:00,1.9189983535653772,1.9189983535653772
2024-05-24 20:00:00,2.4037156843888297,2.4037156843888297
2024-05-24 21:00:00,2.263502866262678,2.263502866262678
2024-05-24 22:00:00,0.0,0.0
2024-05-24 23:00:00,0.0,0.0
2024-05-25 00:00:00,0.0,0.0
2024-05-25 01:00:00,0.0,0.0
2024-05-25 02:00:00,0.0,0.0
2024-05-25 03:00:00,0.0,0.0
2024-05-25 04:00:00,0.0,0.0
2024-05-25 05:00:00,0.0,0.0
2024-05-25 06:00:00,0.0,0.0
2024-05-25 07:00:00,0.0,0.0
2024-05-25 08:00:00,0.0,0.0
2024-05-25 09:00:00,0.0,0.0
2024-05-25 10:00:00,0.06665656133610821,0.06665656133610821
2024-05-25 11:00:00,0.232699254858726,0.232699254858726
2024-05-25 12:00:00,0.46154103122528894,0.46154103122528894
2024-05-25 13:00:00,0.6877001058735478,0.6877001058735478
2024-05-25 14:00:00,0.8911067990860341,0.8911067990860341
2024-05-25 15:00:00,1.0288337755117802,1.0288337755117802
2024-05-25 16:00:00,1.3920459834275367,1.3920459834275367
2024-05-25 17:00:00,1.8969878887803924,1.8969878887803924
2024-05-25 18:00:00,1.6614564927676387,1.6614564927676387
2024-05-25 19:00:00,1.786392298032141,1.786392298032141
2024-05-25 20:00:00,1.6221305661822392,1.6221305661822392
2024-05-25 21:00:00,2.0148038374924475,2.0148038374924475
2024-05-25 22:00:00,0.0,0.0
2024-05-25 23:00:00,0.0,0.0
2024-05-26 00:00:00,0.0,0.0
2024-05-26 01:00:00,0.0,0.0
2024-05-26 02:00:00,0.0,0.0
2024-05-26 03:00:00,0.0,0.0
2024-05-26 04:00:00,0.0,0.0
2024-05-26 05:00:00,0.0,0.0
2024-05-26 06:00:00,0.0,0.0
2024-05-26 07:00:00,0.0,0.0
2024-05-26 08:00:00,0.0,0.0
2024-05-26 09:00:00,0.0,0.0
2024-05-26 10:00:00,0.06145775014346211,0.06145775014346211
2024-05-26 11:00:00,0.22790868597042083,0.22790868597042083
2024-05-26 12:00:00,0.4147851559864421,0.4147851559864421
2024-05-26 13:00:00,0.573171166743891,0.573171166743891
2024-05-26 14:00:00,0.9276317527925682,0.9276317527925682
2024-05-26 15:00:00,0.9221197846255459,0.9221197846255459
2024-05-26 16:00:00,1.2966779112613052,1.2966779112613052
2024-05-26 17:00:00,1.3841164602914617,1.3841164602914617
2024-05-26 18:00:00,1.4979142008672817,1.4979142008672817
2024-05-26 19:00:00,1.6173834043417472,1.6173834043417472
2024-05-26 20:00:00,1.713572395771054,1.713572395771054
2024-05-26 21:00:00,1.4549471172048518,1.4549471172048518
2024-05-26 22:00:00,0.0,0.0
2024-05-26 23:00:00,0.0,0.0
2024-05-27 00:00:00,0.0,0.0
2024-05-27 01:00:00,0.0,0.0
2024-05-27 02:00:00,0.0,0.0
2024-05-27 03:00:00,0.0,0.0
2024-05-27 04:00:00,0.0,0.0
2024-05-27 05:00:00,0.0,0.0
2024-05-27 06:00:00,0.0,0.0
2024-05-27 07:00:00,0.0,0.0
2024-05-27 08:00:00,0.0,0.0
2024-05-27 09:00:00,0.0,0.0
2024-05-27 10:00:00,0.10054655792496672,0.10054655792496672
2024-05-27 11:00:00,0.30008456751868845,0.30008456751868845
2024-05-27 12:00:00,0.5901544215528749,0.5901544215528749
2024-05-27 13:00:00,0.9312129593464529,0.9312129593464529
2024-05-27 14:00:00,1.4133023777949028,1.4133023777949028
2024-05-27 15:00:00,1.9418580691656153,1.9418580691656153
2024-05-27 16:00:00,2.376305527126687,2.376305527126687
2024-05-27 17:00:00,2.530439815179727,2.530439815179727
2024-05-27 18:00:00,2.7598760822303934,2.7598760822303934
2024-05-27 19:00:00,2.341759770686212,2.341759770686212
2024-05-27 20:00:00,2.383941651435998,2.383941651435998
2024-05-27 21:00:00,2.4259239191595015,2.4259239191595015
2024-05-27 22:00:00,0.0,0.0
2024-05-27 23:00:00,0.0,0.0
2024-05-28 00:00:00,0.0,0.0
2024-05-28 01:00:00,0.0,0.0
2024-05-28 02:00:00,0.0,0.0
2024-05-28 03:00:00,0.0,0.0
2024-05-28 04:00:00,0.0,0.0
2024-05-28 05:00:00,0.0,0.0
2024-05-28 06:00:00,0.0,0.0
2024-05-28 07:00:00,0.0,0.0
2024-05-28 08:00:00,0.0,0.0
2024-05-28 09:00:00,0.0,0.0
2024-05-28 10:00:00,0.10646973061245182,0.10646973061245182
2024-05-28 11:00:00,0.32087475571940166,0.32087475571940166
2024-05-28 12:00:00,0.6240480899209044,0.6240480899209044
2024-05-28 13:00:00,1.1528511828788746,1.1528511828788746
2024-05-28 14:00:00,1.47376268370914,1.47376268370914
2024-05-28 15:00:00,1.6353573477200614,1.6353573477200614
2024-05-28 16:00:00,2.3886760545210426,2.3886760545210426
2024-05-28 17:00:00,2.4302975967082867,2.4302975967082867
2024-05-28 18:00:00,2.429512699883714,2.429512699883714
2024-05-28 19:00:00,2.562248853108759,2.562248853108759
2024-05-28 20:00:00,2.4556057846764547,2.4556057846764547
2024-05-28 21:00:00,2.9860808012905267,2.9860808012905267
2024-05-28 22:00:00,0.0,0.0
2024-05-28 23:00:00,0.0,0.0
2024-05-29 00:00:00,0.0,0.0
2024-05-29 01:00:00,0.0,0.0
2024-05-29 02:00:00,0.0,0.0
2024-05-29 03:00:00,0.0,0.0
2024-05-29 04:00:00,0.0,0.0
2024-05-29 05:00:00,0.0,0.0
2024-05-29 06:00:00,0.0,0.0
2024-05-29 07:00:00,0.0,0.0
2024-05-29 08:00:00,0.0,0.0
2024-05-29 09:00:00,0.0,0.0
2024-05-29 10:00:00,0.1024245780845279,0.1024245780845279
2024-05-29 11:00:00,0.3084542303487783,0.3084542303487783
2024-05-29 12:00:00,0.54686388769394,0.54686388769394
2024-05-29 13:00:00,1.0127990287820112,1.0127990287820112
2024-05-29 14:00:00,1.5720772892552421,1.5720772892552421
2024-05-29 15:00:00,1.5242600278584908,1.5242600278584908
2024-05-29 16:00:00,2.1775232761112586,2.1775232761112586
2024-05-29 17:00:00,2.317677645155914,2.317677645155914
2024-05-29 18:00:00,2.365366086004477,2.365366086004477
2024-05-29 19:00:00,2.7727238331018795,2.7727238331018795
2024-05-29 20:00:00,2.1694243813507064,2.1694243813507064
2024-05-29 21:00:00,2.2942729974644682,2.2942729974644682
2024-05-29 22:00:00,0.0,0.0
2024-05-29 23:00:00,0.0,0.0
2024-05-30 00:00:00,0.0,0.0
2024-05-30 01:00:00,0.0,0.0
2024-05-30 02:00:00,0.0,0.0
2024-05-30 03:00:00,0.0,0.0
2024-05-30 04:00:00,0.0,0.0
2024-05-30 05:00:00,0.0,0.0
2024-05-30 06:00:00,0.0,0.0
2024-05-30 07:00:00,0.0,0.0
2024-05-30 08:00:00,0.0,0.0
2024-05-30 09:00:00,0.0,0.0
2024-05-30 10:00:00,0.08180033985537633,0.08180033985537633
2024-05-30 11:00:00,0.289439580994385,0.289439580994385
2024-05-30 12:00:00,0.6396252419020748,0.6396252419020748
2024-05-30 13:00:00,0.9073493666280442,0.9073493666280442
2024-05-30 14:00:00,1.4078845156259083,1.4078845156259083
2024-05-30 15:00:00,1.6921598975745693,1.6921598975745693
2024-05-30 16:00:00,1.8113057675639332,1.8113057675639332
2024-05-30 17:00:00,2.153725135283319,2.153725135283319
2024-05-30 18:00:00,2.5578177529226758,2.5578177529226758
2024-05-30 19:00:00,2.388434236625418,2.388434236625418
2024-05-30 20:00:00,2.143844686710812,2.143844686710812
2024-05-30 21:00:00,2.5787800853900356,2.5787800853900356
2024-05-30 22:00:00,0.0,0.0
2024-05-30 23:00:00,0.0,0.0
2024-05-31 00:00:00,0.0,0.0
2024-05-31 01:00:00,0.0,0.0
2024-05-31 02:00:00,0.0,0.0
2024-05-31 03:00:00,0.0,0.0
2024-05-31 04:00:00,0.0,0.0
2024-05-31 05:00:00,0.0,0.0
2024-05-31 06:00:00,0.0,0.0
2024-05-31 07:00:00,0.0,0.0
2024-05-31 08:00:00,0.0,0.0
2024-05-31 09:00:00,0.0,0.0
2024-05-31 10:00:00,0.07830364033907974,0.07830364033907974
2024-05-31 11:00:00,0.2851777960706018,0.2851777960706018
2024-05-31 12:00:00,0.6251731282036118,0.6251731282036118
2024-05-31 13:00:00,0.7985360332952673,0.7985360332952673
2024-05-31 14:00:00,1.4507206965689203,1.4507206965689203
2024-05-31 15:00:00,1.4940548357094148,1.4940548357094148
2024-05-31 16:00:00,2.070316039156158,2.070316039156158
2024-05-31 17:00:00,2.20204993048692,2.20204993048692
2024-05-31 18:00:00,2.4837099928924555,2.4837099928924555
2024-05-31 19:00:00,2.2904467833874587,2.2904467833874587
2024-05-31 20:00:00,2.5137763891685445,2.5137763891685445
2024-05-31 21:00:00,2.2012736537009716,2.2012736537009716
2024-05-31 22:00:00,0.0,0.0
2024-05-31 23:00:00,0.0,0.0
2024-06-01 00:00:00,0.0,0.0
2024-06-01 01:00:00,0.0,0.0
2024-06-01 02:00:00,0.0,0.0
2024-06-01 03:00:00,0.0,0.0
2024-06-01 04:00:00,0.0,0.0
2024-06-01 05:00:00,0.0,0.0
2024-06-01 06:00:00,0.0,0.0
2024-06-01 07:00:00,0.0,0.0
2024-06-01 08:00:00,0.0,0.0
2024-06-01 09:00:00,0.0,0.0
2024-06-01 10:00:00,0.05512961636451036,0.05512961636451036
2024-06-01 11:00:00,0.2004939529111166,0.2004939529111166
2024-06-01 12:00:00,0.4159486400086825,0.4159486400086825
2024-06-01 13:00:00,0.5917815107411394,0.5917815107411394
2024-06-01 14:00:00,0.9402170838199585,0.9402170838199585
2024-06-01 15:00:00,1.0212971435240876,1.0212971435240876
2024-06-01 16:00:00,1.3498055935470468,1.3498055935470468
2024-06-01 17:00:00,1.7999084389239675,1.7999084389239675
2024-06-01 18:00:00,1.6680579855538569,1.6680579855538569
2024-06-01 19:00:00,1.5550769053399367,1.5550769053399367
2024-06-01 20:00:00,1.442852344576188,1.442852344576188
2024-06-01 21:00:00,1.7024067179060354,1.7024067179060354
2024-06-01 22:00:00,0.0,0.0
2024-06-01 23:00:00,0.0,0.0
2024-06-02 00:00:00,0.0,0.0
2024-06-02 01:00:00,0.0,0.0
2024-06-02 02:00:00,0.0,0.0
2024-06-02 03:00:00,0.0,0.0
2024-06-02 04:00:00,0.0,0.0
2024-06-02 05:00:00,0.0,0.0
2024-06-02 06:00:00,0.0,0.0
2024-06-02 07:00:00,0.0,0.0
2024-06-02 08:00:00,0.0,0.0
2024-06-02 09:00:00,0.0,0.0
2024-06-02 10:00:00,0.0628537861835286,0.0628537861835286
2024-06-02 11:00:00,0.24042570949185588,0.24042570949185588
2024-06-02 12:00:00,0.4348600300705445,0.4348600300705445
2024-06-02 13:00:00,0.6452243312648891,0.6452243312648891
2024-06-02 14:00:00,0.9970789352788065,0.9970789352788065
2024-06-02 15:00:00,1.1111018716003862,1.1111018716003862
2024-06-02 16:00:00,1.2428929841163336,1.2428929841163336
2024-06-02 17:00:00,1.4826343617674465,1.4826343617674465
2024-06-02 18:00:00,1.6663893972535968,1.6663893972535968
2024-06-02 19:00:00,1.4208457278408169,1.4208457278408169
2024-06-02 20:00:00,1.5686818218928464,1.5686818218928464
2024-06-02 21:00:00,1.9435623464351144,1.9435623464351144
2024-06-02 22:00:00,0.0,0.0
2024-06-02 23:00:00,0.0,0.0
2024-06-03 00:00:00,0.0,0.0
2024-06-03 01:00:00,0.0,0.0
2024-06-03 02:00:00,0.0,0.0
2024-06-03 03:00:00,0.0,0.0
2024-06-03 04:00:00,0.0,0.0
2024-06-03 05:00:00,0.0,0.0
2024-06-03 06:00:00,0.0,0.0
2024-06-03 07:00:00,0.0,0.0
2024-06-03 08:00:00,0.0,0.0
2024-06-03 09:00:00,0.0,0.0
2024-06-03 10:00:00,0.09058417629004191,0.09058417629004191
2024-06-03 11:00:00,0.25229548671894486,0.25229548671894486
2024-06-03 12:00:00,0.5544246883477977,0.5544246883477977
2024-06-03 13:00:00,0.7862408963446731,0.7862408963446731
2024-06-03 14:00:00,1.2271578614917944,1.2271578614917944
2024-06-03 15:00:00,1.4051840077836282,1.4051840077836282
2024-06-03 16:00:00,1.7513126297392168,1.7513126297392168
2024-06-03 17:00:00,2.0583535293708977,2.0583535293708977
2024-06-03 18:00:00,2.509680920709177,2.509680920709177
2024-06-03 19:00:00,2.0917169719947433,2.0917169719947433
2024-06-03 20:00:00,2.3983573324862983,2.3983573324862983
2024-06-03 21:00:00,2.244542962978259,2.244542962978259
2024-06-03 22:00:00,0.0,0.0
2024-06-03 23:00:00,0.0,0.0
2024-06-04 00:00:00,0.0,0.0
2024-06-04 01:00:00,0.0,0.0
2024-06-04 02:00:00,0.0,0.0
2024-06-04 03:00:00,0.0,0.0
2024-06-04 04:00:00,0.0,0.0
2024-06-04 05:00:00,0.0,0.0
2024-06-04 06:00:00,0.0,0.0
2024-06-04 07:00:00,0.0,0.0
2024-06-04 08:00:00,0.0,0.0
2024-06-04 09:00:00,0.0,0.0
2024-06-04 10:00:00,0.08893443508066952,0.08893443508066952
2024-06-04 11:00:00,0.35936505526361123,0.35936505526361123
2024-06-04 12:00:00,0.529920225424333,0.529920225424333
2024-06-04 13:00:00,0.844425391897686,0.844425391897686
2024-06-04 14:00:00,1.1941277688593208,1.1941277688593208
2024-06-04 15:00:00,1.6248258817986896,1.6248258817986896
2024-06-04 16:00:00,1.90679718499905,1.90679718499905
2024-06-04 17:00:00,2.345029380797063,2.345029380797063
2024-06-04 18:00:00,2.241558661354485,2.241558661354485
2024-06-04 19:00:00,2.592535537606039,2.592535537606039
2024-06-04 20:00:00,2.2582303504661,2.2582303504661
2024-06-04 21:00:00,2.59027291414642,2.59027291414642
2024-06-04 22:00:00,0.0,0.0
2024-06-04 23:00:00,0.0,0.0
2024-06-05 00:00:00,0.0,0.0
2024-06-05 01:00:00,0.0,0.0
2024-06-05 02:00:00,0.0,0.0
2024-06-05 03:00:00,0.0,0.0
2024-06-05 04:00:00,0.0,0.0
2024-06-05 05:00:00,0.0,0.0
2024-06-05 06:00:00,0.0,0.0
2024-06-05 07:00:00,0.0,0.0
2024-06-05 08:00:00,0.0,0.0
2024-06-05 09:00:00,0.0,0.0
2024-06-05 10:00:00,0.09102216613737375,0.09102216613737375
2024-06-05 11:00:00,0.30382895966942025,0.30382895966942025
2024-06-05 12:00:00,0.4690625712267191,0.4690625712267191
2024-06-05 13:00:00,0.9845486490022358,0.9845486490022358
2024-06-05 14:00:00,1.4125334134240761,1.4125334134240761
2024-06-05 15:00:00,1.4235948651049346,1.4235948651049346
2024-06-05 16:00:00,1.5972717343322227,1.5972717343322227
2024-06-05 17:00:00,2.418253132229689,2.418253132229689
2024-06-05 18:00:00,2.6180526327737077,2.6180526327737077
2024-06-05 19:00:00,2.3504786739613928,2.3504786739613928
2024-06-05 20:00:00,2.2277606718199787,2.2277606718199787
2024-06-05 21:00:00,2.4237400682261083,2.4237400682261083
2024-06-05 22:00:00,0.0,0.0
2024-06-05 23:00:00,0.0,0.0
2024-06-06 00:00:00,0.0,0.0
2024-06-06 01:00:00,0.0,0.0
2024-06-06 02:00:00,0.0,0.0
2024-06-06 03:00:00,0.0,0.0
2024-06-06 04:00:00,0.0,0.0
2024-06-06 05:00:00,0.0,0.0
2024-06-06 06:00:00,0.0,0.0
2024-06-06 07:00:00,0.0,0.0
2024-06-06 08:00:00,0.0,0.0
2024-06-06 09:00:00,0.0,0.0
2024-06-06 10:00:00,0.09291084126078075,0.09291084126078075
2024-06-06 11:00:00,0.3065936543200775,0.3065936543200775
2024-06-06 12:00:00,0.6184975306185319,0.6184975306185319
2024-06-06 13:00:00,0.8345733781892545,0.8345733781892545
2024-06-06 14:00:00,1.070513822459145,1.070513822459145
2024-06-06 15:00:00,1.5866204767128487,1.5866204767128487
2024-06-06 16:00:00,2.0237935943882768,2.0237935943882768
2024-06-06 17:00:00,2.0032078927253045,2.0032078927253045
2024-06-06 18:00:00,2.429121737930352,2.429121737930352
2024-06-06 19:00:00,2.314823722803815,2.314823722803815
2024-06-06 20:00:00,1.9540193403850943,1.9540193403850943
2024-06-06 21:00:00,2.425590867576487,2.425590867576487
2024-06-06 22:00:00,0.0,0.0
2024-06-06 23:00:00,0.0,0.0
2024-06-07 00:00:00,0.0,0.0
2024-06-07 01:00:00,0.0,0.0
2024-06-07 02:00:00,0.0,0.0
2024-06-07 03:00:00,0.0,0.0
2024-06-07 04:00:00,0.0,0.0
2024-06-07 05:00:00,0.0,0.0
2024-06-07 06:00:00,0.0,0.0
2024-06-07 07:00:00,0.0,0.0
2024-06-07 08:00:00,0.0,0.0
2024-06-07 09:00:00,0.0,0.0
2024-06-07 10:00:00,0.09062658507783596,0.09062658507783596
2024-06-07 11:00:00,0.3063093857513995,0.3063093857513995
2024-06-07 12:00:00,0.6953388587369405,0.6953388587369405
2024-06-07 13:00:00,1.1079989571437423,1.1079989571437423
2024-06-07 14:00:00,1.3876350894603224,1.3876350894603224
2024-06-07 15:00:00,1.7853482537650565,1.7853482537650565
2024-06-07 16:00:00,2.122273497529098,2.122273497529098
2024-06-07 17:00:00,2.8737574711954346,2.8737574711954346
2024-06-07 18:00:00,2.613196300047543,2.613196300047543
2024-06-07 19:00:00,2.5760943416151547,2.5760943416151547
2024-06-07 20:00:00,2.1889307089831997,2.1889307089831997
2024-06-07 21:00:00,2.4875665000780818,2.4875665000780818
2024-06-07 22:00:00,0.0,0.0
2024-06-07 23:00:00,0.0,0.0
2024-06-08 00:00:00,0.0,0.0
2024-06-08 01:00:00,0.0,0.0
2024-06-08 02:00:00,0.0,0.0
2024-06-08 03:00:00,0.0,0.0
2024-06-08 04:00:00,0.0,0.0
2024-06-08 05:00:00,0.0,0.0
2024-06-08 06:00:00,0.0,0.0
2024-06-08 07:00:00,0.0,0.0
2024-06-08 08:00:00,0.0,0.0
2024-06-08 09:00:00,0.0,0.0
2024-06-08 10:00:00,0.05069727314012468,0.05069727314012468
2024-06-08 11:00:00,0.18156397113432687,0.18156397113432687
2024-06-08 12:00:00,0.33194598168058564,0.33194598168058564
2024-06-08 13:00:00,0.5413238038581673,0.5413238038581673
2024-06-08 14:00:00,0.9734410407012697,0.9734410407012697
2024-06-08 15:00:00,1.0417331061427875,1.0417331061427875
2024-06-08 16:00:00,1.4688804104972537,1.4688804104972537
2024-06-08 17:00:00,1.641100090148024,1.641100090148024
2024-06-08 18:00:00,1.708755200159306,1.708755200159306
2024-06-08 19:00:00,1.4049324174895401,1.4049324174895401
2024-06-08 20:00:00,1.5552267933846113,1.5552267933846113
2024-06-08 21:00:00,1.6204356511786018,1.6204356511786018
2024-06-08 22:00:00,0.0,0.0
2024-06-08 23:00:00,0.0,0.0
2024-06-09 00:00:00,0.0,0.0
2024-06-09 01:00:00,0.0,0.0
2024-06-09 02:00:00,0.0,0.0
2024-06-09 03:00:00,0.0,0.0
2024-06-09 04:00:00,0.0,0.0
2024-06-09 05:00:00,0.0,0.0
2024-06-09 06:00:00,0.0,0.0
2024-06-09 07:00:00,0.0,0.0
2024-06-09 08:00:00,0.0,0.0
2024-06-09 09:00:00,0.0,0.0
2024-06-09 10:00:00,0.05217715065310357,0.05217715065310357
2024-06-09 11:00:00,0.19615390461286444,0.19615390461286444
2024-06-09 12:00:00,0.3677142328366941,0.3677142328366941
2024-06-09 13:00:00,0.6910264417971771,0.6910264417971771
2024-06-09 14:00:00,0.9610478795254125,0.9610478795254125
2024-06-09 15:00:00,0.8980912242976422,0.8980912242976422
2024-06-09 16:00:00,1.2014253777103059,1.2014253777103059
2024-06-09 17:00:00,1.787984466787946,1.787984466787946
2024-06-09 18:00:00,1.637711020314775,1.637711020314775
2024-06-09 19:00:00,1.3645346959695814,1.3645346959695814
2024-06-09 20:00:00,1.7941294062441504,1.7941294062441504
2024-06-09 21:00:00,1.5401607012250298,1.5401607012250298
2024-06-09 22:00:00,0.0,0.0
2024-06-09 23:00:00,0.0,0.0
2024-06-10 00:00:00,0.0,0.0
2024-06-10 01:00:00,0.0,0.0
2024-06-10 02:00:00,0.0,0.0
2024-06-10 03:00:00,0.0,0.0
2024-06-10 04:00:00,0.0,0.0
2024-06-10 05:00:00,0.0,0.0
2024-06-10 06:00:00,0.0,0.0
2024-06-10 07:00:00,0.0,0.0
2024-06-10 08:00:00,0.0,0.0
2024-06-10 09:00:00,0.0,0.0
2024-06-10 10:00:00,0.08426208676068511,0.08426208676068511
2024-06-10 11:00:00,0.3691879291927013,0.3691879291927013
2024-06-10 12:00:00,0.5483502965924935,0.5483502965924935
2024-06-10 13:00:00,0.9209860182819556,0.9209860182819556
2024-06-10 14:00:00,1.4724186478485726,1.4724186478485726
2024-06-10 15:00:00,1.4920424795865914,1.4920424795865914
2024-06-10 16:00:00,1.9532101060658638,1.9532101060658638
2024-06-10 17:00:00,2.5750077881177997,2.5750077881177997
2024-06-10 18:00:00,2.4219891641589615,2.4219891641589615
2024-06-10 19:00:00,2.8548127550441675,2.8548127550441675
2024-06-10 20:00:00,2.2141820867850224,2.2141820867850224
2024-06-10 21:00:00,2.972298607253009,2.972298607253009
2024-06-10 22:00:00,0.0,0.0
2024-06-10 23:00:00,0.0,0.0
2024-06-11 00:00:00,0.0,0.0
2024-06-11 01:00:00,0.0,0.0
2024-06-11 02:00:00,0.0,0.0
2024-06-11 03:00:00,0.0,0.0
2024-06-11 04:00:00,0.0,0.0
2024-06-11 05:00:00,0.0,0.0
2024-06-11 06:00:00,0.0,0.0
2024-06-11 07:00:00,0.0,0.0
2024-06-11 08:00:00,0.0,0.0
2024-06-11 09:00:00,0.0,0.0
2024-06-11 10:00:00,0.07379374216453811,0.07379374216453811
2024-06-11 11:00:00,0.26037849244564587,0.26037849244564587
2024-06-11 12:00:00,0.4710866950062285,0.4710866950062285
2024-06-11 13:00:00,0.9339869387334656,0.9339869387334656
2024-06-11 14:00:00,1.1683130702351157,1.1683130702351157
2024-06-11 15:00:00,1.6619800142591392,1.6619800142591392
2024-06-11 16:00:00,1.6564775969204228,1.6564775969204228
2024-06-11 17:00:00,2.1933034368674487,2.1933034368674487
2024-06-11 18:00:00,2.2381610837711223,2.2381610837711223
2024-06-11 19:00:00,2.193502765835899,2.193502765835899
2024-06-11 20:00:00,2.413259845119407,2.413259845119407
2024-06-11 21:00:00,2.6102287647720726,2.6102287647720726
2024-06-11 22:00:00,0.0,0.0
2024-06-11 23:00:00,0.0,0.0
2024-06-12 00:00:00,0.0,0.0
2024-06-12 01:00:00,0.0,0.0
2024-06-12 02:00:00,0.0,0.0
2024-06-12 03:00:00,0.0,0.0
2024-06-12 04:00:00,0.0,0.0
2024-06-12 05:00:00,0.0,0.0
2024-06-12 06:00:00,0.0,0.0
2024-06-12 07:00:00,0.0,0.0
2024-06-12 08:00:00,0.0,0.0
2024-06-12 09:00:00,0.0,0.0
2024-06-12 10:00:00,0.08981638837646816,0.08981638837646816
2024-06-12 11:00:00,0.3412950813585872,0.3412950813585872
2024-06-12 12:00:00,0.6020222253509646,0.6020222253509646
2024-06-12 13:00:00,1.1001111219510773,1.1001111219510773
2024-06-12 14:00:00,1.306869462130578,1.306869462130578
2024-06-12 15:00:00,1.8961494402107335,1.8961494402107335
2024-06-12 16:00:00,2.1626234860493363,2.1626234860493363
2024-06-12 17:00:00,2.73445340124015,2.73445340124015
2024-06-12 18:00:00,2.696161561657702,2.696161561657702
2024-06-12 19:00:00,2.5717013467060585,2.5717013467060585
2024-06-12 20:00:00,2.6314148940838287,2.6314148940838287
2024-06-12 21:00:00,2.863642272226095,2.863642272226095
2024-06-12 22:00:00,0.0,0.0
2024-06-12 23:00:00,0.0,0.0
2024-06-13 00:00:00,0.0,0.0
2024-06-13 01:00:00,0.0,0.0
2024-06-13 02:00:00,0.0,0.0
2024-06-13 03:00:00,0.0,0.0
2024-06-13 04:00:00,0.0,0.0
2024-06-13 05:00:00,0.0,0.0
2024-06-13 06:00:00,0.0,0.0
2024-06-13 07:00:00,0.0,0.0
2024-06-13 08:00:00,0.0,0.0
2024-06-13 09:00:00,0.0,0.0
2024-06-13 10:00:00,0.07565099061800346,0.07565099061800346
2024-06-13 11:00:00,0.3273913302255887,0.3273913302255887
2024-06-13 12:00:00,0.5223541500940677,0.5223541500940677
2024-06-13 13:00:00,0.8069456882950521,0.8069456882950521
2024-06-13 14:00:00,1.1685571890695177,1.1685571890695177
2024-06-13 15:00:00,1.4418975920920776,1.4418975920920776
2024-06-13 16:00:00,2.207954256537918,2.207954256537918
2024-06-13 17:00:00,2.162837838248632,2.162837838248632
2024-06-13 18:00:00,2.296593384514132,2.296593384514132
2024-06-13 19:00:00,2.596556520741053,2.596556520741053
2024-06-13 20:00:00,2.600114475167773,2.600114475167773
2024-06-13 21:00:00,2.2904636422771723,2.2904636422771723
2024-06-13 22:00:00,0.0,0.0
2024-06-13 23:00:00,0.0,0.0
2024-06-14 00:00:00,0.0,0.0
2024-06-14 01:00:00,0.0,0.0
2024-06-14 02:00:00,0.0,0.0
2024-06-14 03:00:00,0.0,0.0
2024-06-14 04:00:00,0.0,0.0
2024-06-14 05:00:00,0.0,0.0
2024-06-14 06:00:00,0.0,0.0
2024-06-14 07:00:00,0.0,0.0
2024-06-14 08:00:00,0.0,0.0
2024-06-14 09:00:00,0.0,0.0
2024-06-14 10:00:00,0.08352041162091071,0.08352041162091071
2024-06-14 11:00:00,0.30988101270091795,0.30988101270091795
2024-06-14 12:00:00,0.5851211853768422,0.5851211853768422
2024-06-14 13:00:00,0.8994357087602204,0.8994357087602204
2024-06-14 14:00:00,1.4285641770997763,1.4285641770997763
2024-06-14 15:00:00,1.7217726677005256,1.7217726677005256
2024-06-14 16:00:00,2.043710678671807,2.043710678671807
2024-06-14 17:00:00,2.5555807050578148,2.5555807050578148
2024-06-14 18:00:00,2.8730911797565923,2.8730911797565923
2024-06-14 19:00:00,2.349632634046127,2.349632634046127
2024-06-14 20:00:00,2.565288568948059,2.565288568948059
2024-06-14 21:00:00,3.020803536454517,3.020803536454517
2024-06-14 22:00:00,0.0,0.0
2024-06-14 23:00:00,0.0,0.0
2024-06-15 00:00:00,0.0,0.0
2024-06-15 01:00:00,0.0,0.0
2024-06-15 02:00:00,0.0,0.0
2024-06-15 03:00:00,0.0,0.0
2024-06-15 04:00:00,0.0,0.0
2024-06-15 05:00:00,0.0,0.0
2024-06-15 06:00:00,0.0,0.0
2024-06-15 07:00:00,0.0,0.0
2024-06-15 08:00:00,0.0,0.0
2024-06-15 09:00:00,0.0,0.0
2024-06-15 10:00:00,0.07367561609292624,0.07367561609292624
2024-06-15 11:00:00,0.27251129009720393,0.27251129009720393
2024-06-15 12:00:00,0.4440201922829431,0.4440201922829431
2024-06-15 13:00:00,0.80485890870408,0.80485890870408
2024-06-15 14:00:00,1.088736683645793,1.088736683645793
2024-06-15 15:00:00,1.180266168276052,1.180266168276052
2024-06-15 16:00:00,1.5445717621209565,1.5445717621209565
2024-06-15 17:00:00,1.6796466566437052,1.6796466566437052
2024-06-15 18:00:00,1.5999929860793545,1.5999929860793545
2024-06-15 19:00:00,1.6395461157336422,1.6395461157336422
2024-06-15 20:00:00,1.7169892321983289,1.7169892321983289
2024-06-15 21:00:00,1.7565618483535161,1.7565618483535161
2024-06-15 22:00:00,0.0,0.0
2024-06-15 23:00:00,0.0,0.0
2024-06-16 00:00:00,0.0,0.0
2024-06-16 01:00:00,0.0,0.0
2024-06-16 02:00:00,0.0,0.0
2024-06-16 03:00:00,0.0,0.0
2024-06-16 04:00:00,0.0,0.0
2024-06-16 05:00:00,0.0,0.0
2024-06-16 06:00:00,0.0,0.0
2024-06-16 07:00:00,0.0,0.0
2024-06-16 08:00:00,0.0,0.0
2024-06-16 09:00:00,0.0,0.0
2024-06-16 10:00:00,0.06657187816607506,0.06657187816607506
2024-06-16 11:00:00,0.1961055348369275,0.1961055348369275
2024-06-16 12:00:00,0.452965772256487,0.452965772256487
2024-06-16 13:00:00,0.606913385848374,0.606913385848374
2024-06-16 14:00:00,0.9092415184095023,0.9092415184095023
2024-06-16 15:00:00,1.0658263803678003,1.0658263803678003
2024-06-16 16:00:00,1.3467829556678026,1.3467829556678026
2024-06-16 17:00:00,1.9154926555727045,1.9154926555727045
2024-06-16 18:00:00,1.5533922349012885,1.5533922349012885
2024-06-16 19:00:00,1.5445038895351941,1.5445038895351941
2024-06-16 20:00:00,1.4413526991492804,1.4413526991492804
2024-06-16 21:00:00,1.9909884964401265,1.9909884964401265
2024-06-16 22:00:00,0.0,0.0
2024-06-16 23:00:00,0.0,0.0
2024-06-17 00:00:00,0.0,0.0
2024-06-17 01:00:00,0.0,0.0
2024-06-17 02:00:00,0.0,0.0
2024-06-17 03:00:00,0.0,0.0
2024-06-17 04:00:00,0.0,0.0
2024-06-17 05:00:00,0.0,0.0
2024-06-17 06:00:00,0.0,0.0
2024-06-17 07:00:00,0.0,0.0
2024-06-17 08:00:00,0.0,0.0
2024-06-17 09:00:00,0.0,0.0
2024-06-17 10:00:00,0.07939294519108714,0.07939294519108714
2024-06-17 11:00:00,0.36263517248682753,0.36263517248682753
2024-06-17 12:00:00,0.6307221793582878,0.6307221793582878
2024-06-17 13:00:00,0.8250562668390456,0.8250562668390456
2024-06-17 14:00:00,1.2188615877373588,1.2188615877373588
2024-06-17 15:00:00,1.4079141595873779,1.4079141595873779
2024-06-17 16:00:00,1.7521807544615595,1.7521807544615595
2024-06-17 17:00:00,2.19329606205317,2.19329606205317
2024-06-17 18:00:00,2.2992709583408693,2.2992709583408693
2024-06-17 19:00:00,2.669680458148847,2.669680458148847
2024-06-17 20:00:00,2.6292608350821403,2.6292608350821403
2024-06-17 21:00:00,2.8363057199903405,2.8363057199903405
2024-06-17 22:00:00,0.0,0.0
2024-06-17 23:00:00,0.0,0.0
2024-06-18 00:00:00,0.0,0.0
2024-06-18 01:00:00,0.0,0.0
2024-06-18 02:00:00,0.0,0.0
2024-06-18 03:00:00,0.0,0.0
2024-06-18 04:00:00,0.0,0.0
2024-06-18 05:00:00,0.0,0.0
2024-06-18 06:00:00,0.0,0.0
2024-06-18 07:00:00,0.0,0.0
2024-06-18 08:00:00,0.0,0.0
2024-06-18 09:00:00,0.0,0.0
2024-06-18 10:00:00,0.07923254582223768,0.07923254582223768
2024-06-18 11:00:00,0.31606193487226225,0.31606193487226225
2024-06-18 12:00:00,0.6984524389661333,0.6984524389661333
2024-06-18 13:00:00,0.9488265233751811,0.9488265233751811
2024-06-18 14:00:00,1.3075957410859829,1.3075957410859829
2024-06-18 15:00:00,1.6007385646546237,1.6007385646546237
2024-06-18 16:00:00,1.9524801265072984,1.9524801265072984
2024-06-18 17:00:00,2.7370196429688725,2.7370196429688725
2024-06-18 18:00:00,2.7439994810744746,2.7439994810744746
2024-06-18 19:00:00,2.135079190461328,2.135079190461328
2024-06-18 20:00:00,2.4716899081973334,2.4716899081973334
2024-06-18 21:00:00,2.316082130670599,2.316082130670599
2024-06-18 22:00:00,0.0,0.0
2024-06-18 23:00:00,0.0,0.0
2024-06-19 00:00:00,0.0,0.0
2024-06-19 01:00:00,0.0,0.0
2024-06-19 02:00:00,0.0,0.0
2024-06-19 03:00:00,0.0,0.0
2024-06-19 04:00:00,0.0,0.0
2024-06-19 05:00:00,0.0,0.0
2024-06-19 06:00:00,0.0,0.0
2024-06-19 07:00:00,0.0,0.0
2024-06-19 08:00:00,0.0,0.0
2024-06-19 09:00:00,0.0,0.0
2024-06-19 10:00:00,0.08820888653822402,0.08820888653822402
2024-06-19 11:00:00,0.3832009604181127,0.3832009604181127
2024-06-19 12:00:00,0.6310713721490305,0.6310713721490305
2024-06-19 13:00:00,1.1671766137713155,1.1671766137713155
2024-06-19 14:00:00,1.5923497077631903,1.5923497077631903
2024-06-19 15:00:00,1.8901544967212918,1.8901544967212918
2024-06-19 16:00:00,2.318945688483656,2.318945688483656
2024-06-19 17:00:00,2.3677946309986115,2.3677946309986115
2024-06-19 18:00:00,2.36740637095608,2.36740637095608
2024-06-19 19:00:00,2.887904148295741,2.887904148295741
2024-06-19 20:00:00,2.2667980134341583,2.2667980134341583
2024-06-19 21:00:00,2.6866017051120394,2.6866017051120394
2024-06-19 22:00:00,0.0,0.0
2024-06-19 23:00:00,0.0,0.0
2024-06-20 00:00:00,0.0,0.0
2024-06-20 01:00:00,0.0,0.0
2024-06-20 02:00:00,0.0,0.0
2024-06-20 03:00:00,0.0,0.0
2024-06-20 04:00:00,0.0,0.0
2024-06-20 05:00:00,0.0,0.0
2024-06-20 06:00:00,0.0,0.0
2024-06-20 07:00:00,0.0,0.0
2024-06-20 08:00:00,0.0,0.0
2024-06-20 09:00:00,0.0,0.0
2024-06-20 10:00:00,0.07675661520064236,0.07675661520064236
2024-06-20 11:00:00,0.32484511256430343,0.32484511256430343
2024-06-20 12:00:00,0.5145790977896337,0.5145790977896337
2024-06-20 13:00:00,0.8175316146239736,0.8175316146239736
2024-06-20 14:00:00,1.2018486164480517,1.2018486164480517
2024-06-20 15:00:00,1.6569232541715406,1.6569232541715406
2024-06-20 16:00:00,1.8150423748683708,1.8150423748683708
2024-06-20 17:00:00,2.166104922614154,2.166104922614154
2024-06-20 18:00:00,2.405353928509518,2.405353928509518
2024-06-20 19:00:00,2.1671325197071716,2.1671325197071716
2024-06-20 20:00:00,2.41544441902278,2.41544441902278
2024-06-20 21:00:00,2.783928829572955,2.783928829572955
2024-06-20 22:00:00,0.0,0.0
2024-06-20 23:00:00,0.0,0.0
2024-06-21 00:00:00,0.0,0.0
2024-06-21 01:00:00,0.0,0.0
2024-06-21 02:00:00,0.0,0.0
2024-06-21 03:00:00,0.0,0.0
2024-06-21 04:00:00,0.0,0.0
2024-06-21 05:00:00,0.0,0.0
2024-06-21 06:00:00,0.0,0.0
2024-06-21 07:00:00,0.0,0.0
2024-06-21 08:00:00,0.0,0.0
2024-06-21 09:00:00,0.0,0.0
2024-06-21 10:00:00,0.08112147383628458,0.08112147383628458
2024-06-21 11:00:00,0.2923136048208772,0.2923136048208772
2024-06-21 12:00:00,0.5364913143801436,0.5364913143801436
2024-06-21 13:00:00,0.8059551352938362,0.8059551352938362
2024-06-21 14:00:00,1.4203394525887392,1.4203394525887392
2024-06-21 15:00:00,1.3434274916482014,1.3434274916482014
2024-06-21 16:00:00,1.860933343980571,1.860933343980571
2024-06-21 17:00:00,2.6466131180413015,2.6466131180413015
2024-06-21 18:00:00,2.368338901030652,2.368338901030652
2024-06-21 19:00:00,2.1584275905368218,2.1584275905368218
2024-06-21 20:00:00,2.583621081777622,2.583621081777622
2024-06-21 21:00:00,2.208658945963206,2.208658945963206
2024-06-21 22:00:00,0.0,0.0
2024-06-21 23:00:00,0.0,0.0
2024-06-22 00:00:00,0.0,0.0
2024-06-22 01:00:00,0.0,0.0
2024-06-22 02:00:00,0.0,0.0
2024-06-22 03:00:00,0.0,0.0
2024-06-22 04:00:00,0.0,0.0
2024-06-22 05:00:00,0.0,0.0
2024-06-22 06:00:00,0.0,0.0
2024-06-22 07:00:00,0.0,0.0
2024-06-22 08:00:00,0.0,0.0
2024-06-22 09:00:00,0.0,0.0
2024-06-22 10:00:00,0.06099311193625006,0.06099311193625006
2024-06-22 11:00:00,0.22609166265934408,0.22609166265934408
2024-06-22 12:00:00,0.3755422645047858,0.3755422645047858
2024-06-22 13:00:00,0.6843232898266258,0.6843232898266258
2024-06-22 14:00:00,0.8167889048860069,0.8167889048860069
2024-06-22 15:00:00,0.9927358084713502,0.9927358084713502
2024-06-22 16:00:00,1.4676903789273699,1.4676903789273699
2024-06-22 17:00:00,1.53489182677335,1.53489182677335
2024-06-22 18:00:00,1.6076350479309043,1.6076350479309043
2024-06-22 19:00:00,1.7159766459212251,1.7159766459212251
2024-06-22 20:00:00,1.737089313172194,1.737089313172194
2024-06-22 21:00:00,1.5364777220735615,1.5364777220735615
2024-06-22 22:00:00,0.0,0.0
2024-06-22 23:00:00,0.0,0.0
2024-06-23 00:00:00,0.0,0.0
2024-06-23 01:00:00,0.0,0.0
2024-06-23 02:00:00,0.0,0.0
2024-06-23 03:00:00,0.0,0.0
2024-06-23 04:00:00,0.0,0.0
2024-06-23 05:00:00,0.0,0.0
2024-06-23 06:00:00,0.0,0.0
2024-06-23 07:00:00,0.0,0.0
2024-06-23 08:00:00,0.0,0.0
2024-06-23 09:00:00,0.0,0.0
2024-06-23 10:00:00,0.05970763361198661,0.05970763361198661
2024-06-23 11:00:00,0.20363357469409188,0.20363357469409188
2024-06-23 12:00:00,0.4172268946806361,0.4172268946806361
2024-06-23 13:00:00,0.7649277708698485,0.7649277708698485
2024-06-23 14:00:00,0.8700504242588494,0.8700504242588494
2024-06-23 15:00:00,1.2090420488794111,1.2090420488794111
2024-06-23 16:00:00,1.5419311085884495,1.5419311085884495
2024-06-23 17:00:00,1.708946032520254,1.708946032520254
2024-06-23 18:00:00,1.849669241064328,1.849669241064328
2024-06-23 19:00:00,1.6500780430542363,1.6500780430542363
2024-06-23 20:00:00,1.5487373623200211,1.5487373623200211
2024-06-23 21:00:00,1.7810222905522701,1.7810222905522701
2024-06-23 22:00:00,0.0,0.0
2024-06-23 23:00:00,0.0,0.0
2024-06-24 00:00:00,0.0,0.0
2024-06-24 01:00:00,0.0,0.0
2024-06-24 02:00:00,0.0,0.0
2024-06-24 03:00:00,0.0,0.0
2024-06-24 04:00:00,0.0,0.0
2024-06-24 05:00:00,0.0,0.0
2024-06-24 06:00:00,0.0,0.0
2024-06-24 07:00:00,0.0,0.0
2024-06-24 08:00:00,0.0,0.0
2024-06-24 09:00:00,0.0,0.0
2024-06-24 10:00:00,0.09033754198248689,0.09033754198248689
2024-06-24 11:00:00,0.36774746367612887,0.36774746367612887
2024-06-24 12:00:00,0.6246589382548055,0.6246589382548055
2024-06-24 13:00:00,0.9117832754480011,0.9117832754480011
2024-06-24 14:00:00,1.5939803644890942,1.5939803644890942
2024-06-24 15:00:00,1.596612667966985,1.596612667966985
2024-06-24 16:00:00,1.860471127542686,1.860471127542686
2024-06-24 17:00:00,2.5796844772973038,2.5796844772973038
2024-06-24 18:00:00,2.7428103516165105,2.7428103516165105
2024-06-24 19:00:00,2.614363332040587,2.614363332040587
2024-06-24 20:00:00,2.7582858647666226,2.7582858647666226
2024-06-24 21:00:00,2.7710166115045247,2.7710166115045247
2024-06-24 22:00:00,0.0,0.0
2024-06-24 23:00:00,0.0,0.0
2024-06-25 00:00:00,0.0,0.0
2024-06-25 01:00:00,0.0,0.0
2024-06-25 02:00:00,0.0,0.0
2024-06-25 03:00:00,0.0,0.0
2024-06-25 04:00:00,0.0,0.0
2024-06-25 05:00:00,0.0,0.0
2024-06-25 06:00:00,0.0,0.0
2024-06-25 07:00:00,0.0,0.0
2024-06-25 08:00:00,0.0,0.0
2024-06-25 09:00:00,0.0,0.0
2024-06-25 10:00:00,0.08721763398794427,0.08721763398794427
2024-06-25 11:00:00,0.3309480540193033,0.3309480540193033
2024-06-25 12:00:00,0.49940576614010324,0.49940576614010324
2024-06-25 13:00:00,0.9688927173476432,0.9688927173476432
2024-06-25 14:00:00,1.0990471028753475,1.0990471028753475
2024-06-25 15:00:00,1.6553104618189818,1.6553104618189818
2024-06-25 16:00:00,1.640154587814255,1.640154587814255
2024-06-25 17:00:00,2.124463757361357,2.124463757361357
2024-06-25 18:00:00,2.036191436521218,2.036191436521218
2024-06-25 19:00:00,2.38408398368264,2.38408398368264
2024-06-25 20:00:00,2.4777685980281685,2.4777685980281685
2024-06-25 21:00:00,2.2190232426912657,2.2190232426912657
2024-06-25 22:00:00,0.0,0.0
2024-06-25 23:00:00,0.0,0.0
2024-06-26 00:00:00,0.0,0.0
2024-06-26 01:00:00,0.0,0.0
2024-06-26 02:00:00,0.0,0.0
2024-06-26 03:00:00,0.0,0.0
2024-06-26 04:00:00,0.0,0.0
2024-06-26 05:00:00,0.0,0.0
2024-06-26 06:00:00,0.0,0.0
2024-06-26 07:00:00,0.0,0.0
2024-06-26 08:00:00,0.0,0.0
2024-06-26 09:00:00,0.0,0.0
2024-06-26 10:00:00,0.07150219932588077,0.07150219932588077
2024-06-26 11:00:00,0.32510584263880093,0.32510584263880093
2024-06-26 12:00:00,0.5237764592289762,0.5237764592289762
2024-06-26 13:00:00,0.9190958064303472,0.9190958064303472
2024-06-26 14:00:00,1.3502370717500172,1.3502370717500172
2024-06-26 15:00:00,1.4306227978335242,1.4306227978335242
2024-06-26 16:00:00,1.6475176000570961,1.6475176000570961
2024-06-26 17:00:00,2.232924336537929,2.232924336537929
2024-06-26 18:00:00,2.6046175745299567,2.6046175745299567
2024-06-26 19:00:00,2.0986380100486968,2.0986380100486968
2024-06-26 20:00:00,1.9016767434384527,1.9016767434384527
2024-06-26 21:00:00,2.71996013503769,2.71996013503769
2024-06-26 22:00:00,0.0,0.0
2024-06-26 23:00:00,0.0,0.0
2024-06-27 00:00:00,0.0,0.0
2024-06-27 01:00:00,0.0,0.0
2024-06-27 02:00:00,0.0,0.0
2024-06-27 03:00:00,0.0,0.0
2024-06-27 04:00:00,0.0,0.0
2024-06-27 05:00:00,0.0,0.0
2024-06-27 06:00:00,0.0,0.0
2024-06-27 07:00:00,0.0,0.0
2024-06-27 08:00:00,0.0,0.0
2024-06-27 09:00:00,0.0,0.0
2024-06-27 10:00:00,0.09325401326560634,0.09325401326560634
2024-06-27 11:00:00,0.37114300653481036,0.37114300653481036
2024-06-27 12:00:00,0.6522662712318466,0.6522662712318466
2024-06-27 13:00:00,1.007085106877066,1.007085106877066
2024-06-27 14:00:00,1.2441975925284907,1.2441975925284907
2024-06-27 15:00:00,1.7562422556200936,1.7562422556200936
2024-06-27 16:00:00,2.2024925081348896,2.2024925081348896
2024-06-27 17:00:00,2.348517554030971,2.348517554030971
2024-06-27 18:00:00,2.921431662886014,2.921431662886014
2024-06-27 19:00:00,2.505828728086921,2.505828728086921
2024-06-27 20:00:00,2.3737340552885313,2.3737340552885313
2024-06-27 21:00:00,3.0029736989503117,3.0029736989503117
2024-06-27 22:00:00,0.0,0.0
2024-06-27 23:00:00,0.0,0.0
2024-06-28 00:00:00,0.0,0.0
2024-06-28 01:00:00,0.0,0.0
2024-06-28 02:00:00,0.0,0.0
2024-06-28 03:00:00,0.0,0.0
2024-06-28 04:00:00,0.0,0.0
2024-06-28 05:00:00,0.0,0.0
2024-06-28 06:00:00,0.0,0.0
2024-06-28 07:00:00,0.0,0.0
2024-06-28 08:00:00,0.0,0.0
2024-06-28 09:00:00,0.0,0.0
2024-06-28 10:00:00,0.08994840814552113,0.08994840814552113
2024-06-28 11:00:00,0.3397417479284174,0.3397417479284174
2024-06-28 12:00:00,0.6331909080392615,0.6331909080392615
2024-06-28 13:00:00,1.0691076562613802,1.0691076562613802
2024-06-28 14:00:00,1.231311874306141,1.231311874306141
2024-06-28 15:00:00,1.4084163560134901,1.4084163560134901
2024-06-28 16:00:00,2.3288722594343896,2.3288722594343896
2024-06-28 17:00:00,2.1670106156459243,2.1670106156459243
2024-06-28 18:00:00,2.737841628225983,2.737841628225983
2024-06-28 19:00:00,2.511576183136166,2.511576183136166
2024-06-28 20:00:00,2.4445686951122845,2.4445686951122845
2024-06-28 21:00:00,2.8538972229638877,2.8538972229638877
2024-06-28 22:00:00,0.0,0.0
2024-06-28 23:00:00,0.0,0.0
2024-06-29 00:00:00,0.0,0.0
2024-06-29 01:00:00,0.0,0.0
2024-06-29 02:00:00,0.0,0.0
2024-06-29 03:00:00,0.0,0.0
2024-06-29 04:00:00,0.0,0.0
2024-06-29 05:00:00,0.0,0.0
2024-06-29 06:00:00,0.0,0.0
2024-06-29 07:00:00,0.0,0.0
2024-06-29 08:00:00,0.0,0.0
2024-06-29 09:00:00,0.0,0.0
2024-06-29 10:00:00,0.0534816397542638,0.0534816397542638
2024-06-29 11:00:00,0.21191453926719964,0.21191453926719964
2024-06-29 12:00:00,0.459942035350635,0.459942035350635
2024-06-29 13:00:00,0.5966269252615911,0.5966269252615911
2024-06-29 14:00:00,0.856105126387392,0.856105126387392
2024-06-29 15:00:00,1.1997078029153714,1.1997078029153714
2024-06-29 16:00:00,1.3702797833582252,1.3702797833582252
2024-06-29 17:00:00,1.580186400616264,1.580186400616264
2024-06-29 18:00:00,1.6460201209547964,1.6460201209547964
2024-06-29 19:00:00,1.8387202791209056,1.8387202791209056
2024-06-29 20:00:00,1.7346134726177889,1.7346134726177889
2024-06-29 21:00:00,1.9699868726461724,1.9699868726461724
2024-06-29 22:00:00,0.0,0.0
2024-06-29 23:00:00,0.0,0.0
2024-06-30 00:00:00,0.0,0.0
2024-06-30 01:00:00,0.0,0.0
2024-06-30 02:00:00,0.0,0.0
2024-06-30 03:00:00,0.0,0.0
2024-06-30 04:00:00,0.0,0.0
2024-06-30 05:00:00,0.0,0.0
2024-06-30 06:00:00,0.0,0.0
2024-06-30 07:00:00,0.0,0.0
2024-06-30 08:00:00,0.0,0.0
2024-06-30 09:00:00,0.0,0.0
2024-06-30 10:00:00,0.06545002116053093,0.06545002116053093
2024-06-30 11:00:00,0.2645133311827128,0.2645133311827128
2024-06-30 12:00:00,0.4151353190570247,0.4151353190570247
2024-06-30 13:00:00,0.7437835907579418,0.7437835907579418
2024-06-30 14:00:00,0.9294771420310162,0.9294771420310162
2024-06-30 15:00:00,1.175346694347154,1.175346694347154
2024-06-30 16:00:00,1.6312959087636292,1.6312959087636292
2024-06-30 17:00:00,1.879780817963393,1.879780817963393
2024-06-30 18:00:00,1.9534363148292817,1.9534363148292817
2024-06-30 19:00:00,1.9282112520590315,1.9282112520590315
2024-06-30 20:00:00,1.9346485314755135,1.9346485314755135
2024-06-30 21:00:00,1.7098628809822547,1.7098628809822547
2024-06-30 22:00:00,0.0,0.0
2024-06-30 23:00:00,0.0,0.0
2024-07-01 00:00:00,0.0,0.0
2024-07-01 01:00:00,0.0,0.0
2024-07-01 02:00:00,0.0,0.0
2024-07-01 03:00:00,0.0,0.0
2024-07-01 04:00:00,0.0,0.0
2024-07-01 05:00:00,0.0,0.0
2024-07-01 06:00:00,0.0,0.0
2024-07-01 07:00:00,0.0,0.0
2024-07-01 08:00:00,0.0,0.0
2024-07-01 09:00:00,0.0,0.0
2024-07-01 10:00:00,0.09732875761655577,0.09732875761655577
2024-07-01 11:00:00,0.33402896267573157,0.33402896267573157
2024-07-01 12:00:00,0.6215662718856929,0.6215662718856929
2024-07-01 13:00:00,0.9757367942166035,0.9757367942166035
2024-07-01 14:00:00,1.2660436152357533,1.2660436152357533
2024-07-01 15:00:00,1.8270804068034558,1.8270804068034558
2024-07-01 16:00:00,1.9237072064972054,1.9237072064972054
2024-07-01 17:00:00,2.4990299419400572,2.4990299419400572
2024-07-01 18:00:00,2.509947624799443,2.509947624799443
2024-07-01 19:00:00,2.47788432223155,2.47788432223155
2024-07-01 20:00:00,2.320755249730222,2.320755249730222
2024-07-01 21:00:00,2.6928486715281235,2.6928486715281235
2024-07-01 22:00:00,0.0,0.0
2024-07-01 23:00:00,0.0,0.0
2024-07-02 00:00:00,0.0,0.0
2024-07-02 01:00:00,0.0,0.0
2024-07-02 02:00:00,0.0,0.0
2024-07-02 03:00:00,0.0,0.0
2024-07-02 04:00:00,0.0,0.0
2024-07-02 05:00:00,0.0,0.0
2024-07-02 06:00:00,0.0,0.0
2024-07-02 07:00:00,0.0,0.0
2024-07-02 08:00:00,0.0,0.0
2024-07-02 09:00:00,0.0,0.0
2024-07-02 10:00:00,0.09762391451739479,0.09762391451739479
2024-07-02 11:00:00,0.39431162096687444,0.39431162096687444
2024-07-02 12:00:00,0.6060813330259572,0.6060813330259572
2024-07-02 13:00:00,1.0544257493320741,1.0544257493320741
2024-07-02 14:00:00,1.3019403608767677,1.3019403608767677
2024-07-02 15:00:00,1.7617423496678057,1.7617423496678057
2024-07-02 16:00:00,1.9706261200991122,1.9706261200991122
2024-07-02 17:00:00,2.757554278112984,2.757554278112984
2024-07-02 18:00:00,2.3704117661080395,2.3704117661080395
2024-07-02 19:00:00,2.569682671004446,2.569682671004446
2024-07-02 20:00:00,2.3264820002017417,2.3264820002017417
2024-07-02 21:00:00,2.9086246166631424,2.9086246166631424
2024-07-02 22:00:00,0.0,0.0
2024-07-02 23:00:00,0.0,0.0
2024-07-03 00:00:00,0.0,0.0
2024-07-03 01:00:00,0.0,0.0
2024-07-03 02:00:00,0.0,0.0
2024-07-03 03:00:00,0.0,0.0
2024-07-03 04:00:00,0.0,0.0
2024-07-03 05:00:00,0.0,0.0
2024-07-03 06:00:00,0.0,0.0
2024-07-03 07:00:00,0.0,0.0
2024-07-03 08:00:00,0.0,0.0
2024-07-03 09:00:00,0.0,0.0
2024-07-03 10:00:00,0.09722524352808404,0.09722524352808404
2024-07-03 11:00:00,0.3388839236629993,0.3388839236629993
2024-07-03 12:00:00,0.7275977715918109,0.7275977715918109
2024-07-03 13:00:00,1.0738719306732516,1.0738719306732516
2024-07-03 14:00:00,1.5059947992577456,1.5059947992577456
2024-07-03 15:00:00,1.7793710662912297,1.7793710662912297
2024-07-03 16:00:00,2.2616661204649637,2.2616661204649637
2024-07-03 17:00:00,2.9017567647800457,2.9017567647800457
2024-07-03 18:00:00,2.8095694019363795,2.8095694019363795
2024-07-03 19:00:00,2.9021647314825585,2.9021647314825585
2024-07-03 20:00:00,2.86143420854856,2.86143420854856
2024-07-03 21:00:00,2.771971816719505,2.771971816719505
2024-07-03 22:00:00,0.0,0.0
2024-07-03 23:00:00,0.0,0.0
2024-07-04 00:00:00,0.0,0.0
2024-07-04 01:00:00,0.0,0.0
2024-07-04 02:00:00,0.0,0.0
2024-07-04 03:00:00,0.0,0.0
2024-07-04 04:00:00,0.0,0.0
2024-07-04 05:00:00,0.0,0.0
2024-07-04 06:00:00,0.0,0.0
2024-07-04 07:00:00,0.0,0.0
2024-07-04 08:00:00,0.0,0.0
2024-07-04 09:00:00,0.0,0.0
2024-07-04 10:00:00,0.09088982497636362,0.09088982497636362
2024-07-04 11:00:00,0.30640897865705474,0.30640897865705474
2024-07-04 12:00:00,0.5647461647804229,0.5647461647804229
2024-07-04 13:00:00,1.0073814043398293,1.0073814043398293
2024-07-04 14:00:00,1.4365775836651526,1.4365775836651526
2024-07-04 15:00:00,1.6898006756129131,1.6898006756129131
2024-07-04 16:00:00,1.9548368231755202,1.9548368231755202
2024-07-04 17:00:00,2.41809819656409,2.41809819656409
2024-07-04 18:00:00,2.4634811805648456,2.4634811805648456
2024-07-04 19:00:00,2.761100467713952,2.761100467713952
2024-07-04 20:00:00,2.3322822132859087,2.3322822132859087
2024-07-04 21:00:00,2.7136948483143697,2.7136948483143697
2024-07-04 22:00:00,0.0,0.0
2024-07-04 23:00:00,0.0,0.0
2024-07-05 00:00:00,0.0,0.0
2024-07-05 01:00:00,0.0,0.0
2024-07-05 02:00:00,0.0,0.0
2024-07-05 03:00:00,0.0,0.0
2024-07-05 04:00:00,0.0,0.0
2024-07-05 05:00:00,0.0,0.0
2024-07-05 06:00:00,0.0,0.0
2024-07-05 07:00:00,0.0,0.0
2024-07-05 08:00:00,0.0,0.0
2024-07-05 09:00:00,0.0,0.0
2024-07-05 10:00:00,0.08749058308124033,0.08749058308124033
2024-07-05 11:00:00,0.2877690213366115,0.2877690213366115
2024-07-05 12:00:00,0.5091195695368027,0.5091195695368027
2024-07-05 13:00:00,0.9504162671973861,0.9504162671973861
2024-07-05 14:00:00,1.2940910252907303,1.2940910252907303
2024-07-05 15:00:00,1.6984808137206935,1.6984808137206935
2024-07-05 16:00:00,1.7922524197819674,1.7922524197819674
2024-07-05 17:00:00,2.5176606145583627,2.5176606145583627
2024-07-05 18:00:00,2.2668994617890372,2.2668994617890372
2024-07-05 19:00:00,2.4069983912064594,2.4069983912064594
2024-07-05 20:00:00,1.9793961134450713,1.9793961134450713
2024-07-05 21:00:00,2.4194839140697773,2.4194839140697773
2024-07-05 22:00:00,0.0,0.0
2024-07-05 23:00:00,0.0,0.0
2024-07-06 00:00:00,0.0,0.0
2024-07-06 01:00:00,0.0,0.0
2024-07-06 02:00:00,0.0,0.0
2024-07-06 03:00:00,0.0,0.0
2024-07-06 04:00:00,0.0,0.0
2024-07-06 05:00:00,0.0,0.0
2024-07-06 06:00:00,0.0,0.0
2024-07-06 07:00:00,0.0,0.0
2024-07-06 08:00:00,0.0,0.0
2024-07-06 09:00:00,0.0,0.0
2024-07-06 10:00:00,0.06380883085064656,0.06380883085064656
2024-07-06 11:00:00,0.2314014016818282,0.2314014016818282
2024-07-06 12:00:00,0.4185328589014874,0.4185328589014874
2024-07-06 13:00:00,0.6437149013229799,0.6437149013229799
2024-07-06 14:00:00,1.051671482414805,1.051671482414805
2024-07-06 15:00:00,1.0731425005107107,1.0731425005107107
2024-07-06 16:00:00,1.487969669097681,1.487969669097681
2024-07-06 17:00:00,1.5719443562632724,1.5719443562632724
2024-07-06 18:00:00,1.8738257434456345,1.8738257434456345
2024-07-06 19:00:00,1.8598200352617273,1.8598200352617273
2024-07-06 20:00:00,1.7999130421647938,1.7999130421647938
2024-07-06 21:00:00,1.6476080418644536,1.6476080418644536
2024-07-06 22:00:00,0.0,0.0
2024-07-06 23:00:00,0.0,0.0
2024-07-07 00:00:00,0.0,0.0
2024-07-07 01:00:00,0.0,0.0
2024-07-07 02:00:00,0.0,0.0
2024-07-07 03:00:00,0.0,0.0
2024-07-07 04:00:00,0.0,0.0
2024-07-07 05:00:00,0.0,0.0
2024-07-07 06:00:00,0.0,0.0
2024-07-07 07:00:00,0.0,0.0
2024-07-07 08:00:00,0.0,0.0
2024-07-07 09:00:00,0.0,0.0
2024-07-07 10:00:00,0.06916436026957436,0.06916436026957436
2024-07-07 11:00:00,0.22148913090963834,0.22148913090963834
2024-07-07 12:00:00,0.42013241431398446,0.42013241431398446
2024-07-07 13:00:00,0.6762453914027682,0.6762453914027682
2024-07-07 14:00:00,0.8586194106871832,0.8586194106871832
2024-07-07 15:00:00,1.1626208831535094,1.1626208831535094
2024-07-07 16:00:00,1.5163617950382613,1.5163617950382613
2024-07-07 17:00:00,1.8414825799417789,1.8414825799417789
2024-07-07 18:00:00,1.9403423207660233,1.9403423207660233
2024-07-07 19:00:00,1.509541466496515,1.509541466496515
2024-07-07 20:00:00,1.8199547801424254,1.8199547801424254
2024-07-07 21:00:00,1.6818107754383846,1.6818107754383846
2024-07-07 22:00:00,0.0,0.0
2024-07-07 23:00:00,0.0,0.0
2024-07-08 00:00:00,0.0,0.0
2024-07-08 01:00:00,0.0,0.0
2024-07-08 02:00:00,0.0,0.0
2024-07-08 03:00:00,0.0,0.0
2024-07-08 04:00:00,0.0,0.0
2024-07-08 05:00:00,0.0,0.0
2024-07-08 06:00:00,0.0,0.0
2024-07-08 07:00:00,0.0,0.0
2024-07-08 08:00:00,0.0,0.0
2024-07-08 09:00:00,0.0,0.0
2024-07-08 10:00:00,0.0968414693453571,0.0968414693453571
2024-07-08 11:00:00,0.3152410931542241,0.3152410931542241
2024-07-08 12:00:00,0.5728799492276123,0.5728799492276123
2024-07-08 13:00:00,0.8417797583090437,0.8417797583090437
2024-07-08 14:00:00,1.1990857354744104,1.1990857354744104
2024-07-08 15:00:00,1.623465922332715,1.623465922332715
2024-07-08 16:00:00,2.1728175908098586,2.1728175908098586
2024-07-08 17:00:00,2.2077850360301934,2.2077850360301934
2024-07-08 18:00:00,2.8227206161082856,2.8227206161082856
2024-07-08 19:00:00,2.2704172747194895,2.2704172747194895
2024-07-08 20:00:00,2.294778539795417,2.294778539795417
2024-07-08 21:00:00,2.8672285425470343,2.8672285425470343
2024-07-08 22:00:00,0.0,0.0
2024-07-08 23:00:00,0.0,0.0
2024-07-09 00:00:00,0.0,0.0
2024-07-09 01:00:00,0.0,0.0
2024-07-09 02:00:00,0.0,0.0
2024-07-09 03:00:00,0.0,0.0
2024-07-09 04:00:00,0.0,0.0
2024-07-09 05:00:00,0.0,0.0
2024-07-09 06:00:00,0.0,0.0
2024-07-09 07:00:00,0.0,0.0
2024-07-09 08:00:00,0.0,0.0
2024-07-09 09:00:00,0.0,0.0
2024-07-09 10:00:00,0.09670386997371844,0.09670386997371844
2024-07-09 11:00:00,0.3433602708072585,0.3433602708072585
2024-07-09 12:00:00,0.5909863157316068,0.5909863157316068
2024-07-09 13:00:00,0.8045450621130383,0.8045450621130383
2024-07-09 14:00:00,1.4553615994328057,1.4553615994328057
2024-07-09 15:00:00,1.6802301979109124,1.6802301979109124
2024-07-09 16:00:00,2.112857707337959,2.112857707337959
2024-07-09 17:00:00,2.357115430179511,2.357115430179511
2024-07-09 18:00:00,2.1675252674017895,2.1675252674017895
2024-07-09 19:00:00,2.4417112486427257,2.4417112486427257
2024-07-09 20:00:00,2.171081076807361,2.171081076807361
2024-07-09 21:00:00,2.3389000242838125,2.3389000242838125
2024-07-09 22:00:00,0.0,0.0
2024-07-09 23:00:00,0.0,0.0
2024-07-10 00:00:00,0.0,0.0
2024-07-10 01:00:00,0.0,0.0
2024-07-10 02:00:00,0.0,0.0
2024-07-10 03:00:00,0.0,0.0
2024-07-10 04:00:00,0.0,0.0
2024-07-10 05:00:00,0.0,0.0
2024-07-10 06:00:00,0.0,0.0
2024-07-10 07:00:00,0.0,0.0
2024-07-10 08:00:00,0.0,0.0
2024-07-10 09:00:00,0.0,0.0
2024-07-10 10:00:00,0.07285356420121485,0.07285356420121485
2024-07-10 11:00:00,0.3449840874827116,0.3449840874827116
2024-07-10 12:00:00,0.4974541962038099,0.4974541962038099
2024-07-10 13:00:00,1.044666513430966,1.044666513430966
2024-07-10 14:00:00,1.3584683706873752,1.3584683706873752
2024-07-10 15:00:00,1.3231221502878003,1.3231221502878003
2024-07-10 16:00:00,1.9516003149138144,1.9516003149138144
2024-07-10 17:00:00,2.2787601500715335,2.2787601500715335
2024-07-10 18:00:00,2.764469467353452,2.764469467353452
2024-07-10 19:00:00,2.471457145229442,2.471457145229442
2024-07-10 20:00:00,2.27767734885488,2.27767734885488
2024-07-10 21:00:00,2.4301471132781796,2.4301471132781796
2024-07-10 22:00:00,0.0,0.0
2024-07-10 23:00:00,0.0,0.0
2024-07-11 00:00:00,0.0,0.0
2024-07-11 01:00:00,0.0,0.0
2024-07-11 02:00:00,0.0,0.0
2024-07-11 03:00:00,0.0,0.0
2024-07-11 04:00:00,0.0,0.0
2024-07-11 05:00:00,0.0,0.0
2024-07-11 06:00:00,0.0,0.0
2024-07-11 07:00:00,0.0,0.0
2024-07-11 08:00:00,0.0,0.0
2024-07-11 09:00:00,0.0,0.0
2024-07-11 10:00:00,0.0978159173404838,0.0978159173404838
2024-07-11 11:00:00,0.30510470161848957,0.30510470161848957
2024-07-11 12:00:00,0.619758843237172,0.619758843237172
2024-07-11 13:00:00,1.053480902826507,1.053480902826507
2024-07-11 14:00:00,1.46657193502175,1.46657193502175
2024-07-11 15:00:00,1.5033226244460705,1.5033226244460705
2024-07-11 16:00:00,2.110233207549545,2.110233207549545
2024-07-11 17:00:00,2.2709522861919202,2.2709522861919202
2024-07-11 18:00:00,2.1899075588261185,2.1899075588261185
2024-07-11 19:00:00,2.589357443639947,2.589357443639947
2024-07-11 20:00:00,2.57559065934146,2.57559065934146
2024-07-11 21:00:00,2.2065510024061985,2.2065510024061985
2024-07-11 22:00:00,0.0,0.0
2024-07-11 23:00:00,0.0,0.0
2024-07-12 00:00:00,0.0,0.0
2024-07-12 01:00:00,0.0,0.0
2024-07-12 02:00:00,0.0,0.0
2024-07-12 03:00:00,0.0,0.0
2024-07-12 04:00:00,0.0,0.0
2024-07-12 05:00:00,0.0,0.0
2024-07-12 06:00:00,0.0,0.0
2024-07-12 07:00:00,0.0,0.0
2024-07-12 08:00:00,0.0,0.0
2024-07-12 09:00:00,0.0,0.0
2024-07-12 10:00:00,0.08694697539087658,0.08694697539087658
2024-07-12 11:00:00,0.38604868953941174,0.38604868953941174
2024-07-12 12:00:00,0.6285471223893553,0.6285471223893553
2024-07-12 13:00:00,1.1197506710920295,1.1197506710920295
2024-07-12 14:00:00,1.664085854417122,1.664085854417122
2024-07-12 15:00:00,1.661246808975542,1.661246808975542
2024-07-12 16:00:00,2.268682777292517,2.268682777292517
2024-07-12 17:00:00,2.464092201308722,2.464092201308722
2024-07-12 18:00:00,2.967162252947625,2.967162252947625
2024-07-12 19:00:00,2.8134416593570037,2.8134416593570037
2024-07-12 20:00:00,2.385622759133162,2.385622759133162
2024-07-12 21:00:00,2.379782165557195,2.379782165557195
2024-07-12 22:00:00,0.0,0.0
2024-07-12 23:00:00,0.0,0.0
2024-07-13 00:00:00,0.0,0.0
2024-07-13 01:00:00,0.0,0.0
2024-07-13 02:00:00,0.0,0.0
2024-07-13 03:00:00,0.0,0.0
2024-07-13 04:00:00,0.0,0.0
2024-07-13 05:00:00,0.0,0.0
2024-07-13 06:00:00,0.0,0.0
2024-07-13 07:00:00,0.0,0.0
2024-07-13 08:00:00,0.0,0.0
2024-07-13 09:00:00,0.0,0.0
2024-07-13 10:00:00,0.056023501412218374,0.056023501412218374
2024-07-13 11:00:00,0.2699730750782986,0.2699730750782986
2024-07-13 12:00:00,0.4709962208220162,0.4709962208220162
2024-07-13 13:00:00,0.6303057672549431,0.6303057672549431
2024-07-13 14:00:00,1.057427717648154,1.057427717648154
2024-07-13 15:00:00,0.9790390615173525,0.9790390615173525
2024-07-13 16:00:00,1.4754696672701675,1.4754696672701675
2024-07-13 17:00:00,1.7423521316254345,1.7423521316254345
2024-07-13 18:00:00,1.7768697771403799,1.7768697771403799
2024-07-13 19:00:00,1.6046595102764738,1.6046595102764738
2024-07-13 20:00:00,1.6044941756168485,1.6044941756168485
2024-07-13 21:00:00,1.8538070265649336,1.8538070265649336
2024-07-13 22:00:00,0.0,0.0
2024-07-13 23:00:00,0.0,0.0
2024-07-14 00:00:00,0.0,0.0
2024-07-14 01:00:00,0.0,0.0
2024-07-14 02:00:00,0.0,0.0
2024-07-14 03:00:00,0.0,0.0
2024-07-14 04:00:00,0.0,0.0
2024-07-14 05:00:00,0.0,0.0
2024-07-14 06:00:00,0.0,0.0
2024-07-14 07:00:00,0.0,0.0
2024-07-14 08:00:00,0.0,0.0
2024-07-14 09:00:00,0.0,0.0
2024-07-14 10:00:00,0.06146864399949225,0.06146864399949225
2024-07-14 11:00:00,0.24669535453105884,0.24669535453105884
2024-07-14 12:00:00,0.46999623636508014,0.46999623636508014
2024-07-14 13:00:00,0.7242205440716698,0.7242205440716698
2024-07-14 14:00:00,0.9335460945865273,0.9335460945865273
2024-07-14 15:00:00,1.0727408614040523,1.0727408614040523
2024-07-14 16:00:00,1.3148084479680684,1.3148084479680684
2024-07-14 17:00:00,1.687155480115963,1.687155480115963
2024-07-14 18:00:00,1.9530931806666811,1.9530931806666811
2024-07-14 19:00:00,1.7821711432518061,1.7821711432518061
2024-07-14 20:00:00,1.5391504414645953,1.5391504414645953
2024-07-14 21:00:00,1.9327603214690112,1.9327603214690112
2024-07-14 22:00:00,0.0,0.0
2024-07-14 23:00:00,0.0,0.0
2024-07-15 00:00:00,0.0,0.0
2024-07-15 01:00:00,0.0,0.0
2024-07-15 02:00:00,0.0,0.0
2024-07-15 03:00:00,0.0,0.0
2024-07-15 04:00:00,0.0,0.0
2024-07-15 05:00:00,0.0,0.0
2024-07-15 06:00:00,0.0,0.0
2024-07-15 07:00:00,0.0,0.0
2024-07-15 08:00:00,0.0,0.0
2024-07-15 09:00:00,0.0,0.0
2024-07-15 10:00:00,0.09656361856319022,0.09656361856319022
2024-07-15 11:00:00,0.2942798698977856,0.2942798698977856
2024-07-15 12:00:00,0.6280786579212343,0.6280786579212343
2024-07-15 13:00:00,0.8635306266077681,0.8635306266077681
2024-07-15 14:00:00,1.3387023689529607,1.3387023689529607
2024-07-15 15:00:00,1.6835051997778572,1.6835051997778572
2024-07-15 16:00:00,2.059547286122816,2.059547286122816
2024-07-15 17:00:00,2.681812679947011,2.681812679947011
2024-07-15 18:00:00,2.6839031452216404,2.6839031452216404
2024-07-15 19:00:00,2.1578316685557355,2.1578316685557355
2024-07-15 20:00:00,2.6289030933150546,2.6289030933150546
2024-07-15 21:00:00,2.8292986767487323,2.8292986767487323
2024-07-15 22:00:00,0.0,0.0
2024-07-15 23:00:00,0.0,0.0
2024-07-16 00:00:00,0.0,0.0
2024-07-16 01:00:00,0.0,0.0
2024-07-16 02:00:00,0.0,0.0
2024-07-16 03:00:00,0.0,0.0
2024-07-16 04:00:00,0.0,0.0
2024-07-16 05:00:00,0.0,0.0
2024-07-16 06:00:00,0.0,0.0
2024-07-16 07:00:00,0.0,0.0
2024-07-16 08:00:00,0.0,0.0
2024-07-16 09:00:00,0.0,0.0
2024-07-16 10:00:00,0.07728091601674458,0.07728091601674458
2024-07-16 11:00:00,0.3317683719025715,0.3317683719025715
2024-07-16 12:00:00,0.541390648310433,0.541390648310433
2024-07-16 13:00:00,0.8857505125670446,0.8857505125670446
2024-07-16 14:00:00,1.3384464170239447,1.3384464170239447
2024-07-16 15:00:00,1.720264556466669,1.720264556466669
2024-07-16 16:00:00,2.0502989196529935,2.0502989196529935
2024-07-16 17:00:00,2.4895932183963434,2.4895932183963434
2024-07-16 18:00:00,2.5955004233324583,2.5955004233324583
2024-07-16 19:00:00,2.4313464907783637,2.4313464907783637
2024-07-16 20:00:00,2.38769595478795,2.38769595478795
2024-07-16 21:00:00,2.4643660388872854,2.4643660388872854
2024-07-16 22:00:00,0.0,0.0
2024-07-16 23:00:00,0.0,0.0
2024-07-17 00:00:00,0.0,0.0
2024-07-17 01:00:00,0.0,0.0
2024-07-17 02:00:00,0.0,0.0
2024-07-17 03:00:00,0.0,0.0
2024-07-17 04:00:00,0.0,0.0
2024-07-17 05:00:00,0.0,0.0
2024-07-17 06:00:00,0.0,0.0
2024-07-17 07:00:00,0.0,0.0
2024-07-17 08:00:00,0.0,0.0
2024-07-17 09:00:00,0.0,0.0
2024-07-17 10:00:00,0.07362513034673214,0.07362513034673214
2024-07-17 11:00:00,0.2749899299811895,0.2749899299811895
2024-07-17 12:00:00,0.5714836613552997,0.5714836613552997
2024-07-17 13:00:00,0.8340440503067218,0.8340440503067218
2024-07-17 14:00:00,1.3226924678371228,1.3226924678371228
2024-07-17 15:00:00,1.5746762231566205,1.5746762231566205
2024-07-17 16:00:00,2.19233746918992,2.19233746918992
2024-07-17 17:00:00,2.544192215884352,2.544192215884352
2024-07-17 18:00:00,2.1178896384336015,2.1178896384336015
2024-07-17 19:00:00,2.2415240473570064,2.2415240473570064
2024-07-17 20:00:00,2.5044278999826615,2.5044278999826615
2024-07-17 21:00:00,2.333415260894213,2.333415260894213
2024-07-17 22:00:00,0.0,0.0
2024-07-17 23:00:00,0.0,0.0
2024-07-18 00:00:00,0.0,0.0
2024-07-18 01:00:00,0.0,0.0
2024-07-18 02:00:00,0.0,0.0
2024-07-18 03:00:00,0.0,0.0
2024-07-18 04:00:00,0.0,0.0
2024-07-18 05:00:00,0.0,0.0
2024-07-18 06:00:00,0.0,0.0
2024-07-18 07:00:00,0.0,0.0
2024-07-18 08:00:00,0.0,0.0
2024-07-18 09:00:00,0.0,0.0
2024-07-18 10:00:00,0.07955907014312956,0.07955907014312956
2024-07-18 11:00:00,0.29438235269587526,0.29438235269587526
2024-07-18 12:00:00,0.4915975549960635,0.4915975549960635
2024-07-18 13:00:00,0.8381031398080749,0.8381031398080749
2024-07-18 14:00:00,1.0800102448704774,1.0800102448704774
2024-07-18 15:00:00,1.6006554875100028,1.6006554875100028
2024-07-18 16:00:00,1.5598869460378944,1.5598869460378944
2024-07-18 17:00:00,2.406078403756345,2.406078403756345
2024-07-18 18:00:00,2.1550028580968936,2.1550028580968936
2024-07-18 19:00:00,2.165404231805661,2.165404231805661
2024-07-18 20:00:00,2.018014365534791,2.018014365534791
2024-07-18 21:00:00,2.2879236542288903,2.2879236542288903
2024-07-18 22:00:00,0.0,0.0
2024-07-18 23:00:00,0.0,0.0
2024-07-19 00:00:00,0.0,0.0
2024-07-19 01:00:00,0.0,0.0
2024-07-19 02:00:00,0.0,0.0
2024-07-19 03:00:00,0.0,0.0
2024-07-19 04:00:00,0.0,0.0
2024-07-19 05:00:00,0.0,0.0
2024-07-19 06:00:00,0.0,0.0
2024-07-19 07:00:00,0.0,0.0
2024-07-19 08:00:00,0.0,0.0
2024-07-19 09:00:00,0.0,0.0
2024-07-19 10:00:00,0.09879889359487368,0.09879889359487368
2024-07-19 11:00:00,0.3988672046502089,0.3988672046502089
2024-07-19 12:00:00,0.5882573088071074,0.5882573088071074
2024-07-19 13:00:00,1.112257486728675,1.112257486728675
2024-07-19 14:00:00,1.475177095921698,1.475177095921698
2024-07-19 15:00:00,1.5460356463208296,1.5460356463208296
2024-07-19 16:00:00,2.24905037073792,2.24905037073792
2024-07-19 17:00:00,2.938539674565123,2.938539674565123
2024-07-19 18:00:00,2.795709314560051,2.795709314560051
2024-07-19 19:00:00,2.845236342914252,2.845236342914252
2024-07-19 20:00:00,2.4552768656306143,2.4552768656306143
2024-07-19 21:00:00,3.1409032149972873,3.1409032149972873
2024-07-19 22:00:00,0.0,0.0
2024-07-19 23:00:00,0.0,0.0
2024-07-20 00:00:00,0.0,0.0
2024-07-20 01:00:00,0.0,0.0
2024-07-20 02:00:00,0.0,0.0
2024-07-20 03:00:00,0.0,0.0
2024-07-20 04:00:00,0.0,0.0
2024-07-20 05:00:00,0.0,0.0
2024-07-20 06:00:00,0.0,0.0
2024-07-20 07:00:00,0.0,0.0
2024-07-20 08:00:00,0.0,0.0
2024-07-20 09:00:00,0.0,0.0
2024-07-20 10:00:00,0.06198540112764883,0.06198540112764883
2024-07-20 11:00:00,0.24002261820652673,0.24002261820652673
2024-07-20 12:00:00,0.41967184503253163,0.41967184503253163
2024-07-20 13:00:00,0.5605134748665316,0.5605134748665316
2024-07-20 14:00:00,0.8799888792925756,0.8799888792925756
2024-07-20 15:00:00,1.0825022487263498,1.0825022487263498
2024-07-20 16:00:00,1.4447671746755644,1.4447671746755644
2024-07-20 17:00:00,1.7036452857606363,1.7036452857606363
2024-07-20 18:00:00,1.8470900628782259,1.8470900628782259
2024-07-20 19:00:00,1.7712001197263607,1.7712001197263607
2024-07-20 20:00:00,1.4802440300780624,1.4802440300780624
2024-07-20 21:00:00,1.7998445218125143,1.7998445218125143
2024-07-20 22:00:00,0.0,0.0
2024-07-20 23:00:00,0.0,0.0
2024-07-21 00:00:00,0.0,0.0
2024-07-21 01:00:00,0.0,0.0
2024-07-21 02:00:00,0.0,0.0
2024-07-21 03:00:00,0.0,0.0
2024-07-21 04:00:00,0.0,0.0
2024-07-21 05:00:00,0.0,0.0
2024-07-21 06:00:00,0.0,0.0
2024-07-21 07:00:00,0.0,0.0
2024-07-21 08:00:00,0.0,0.0
2024-07-21 09:00:00,0.0,0.0
2024-07-21 10:00:00,0.05846787558192364,0.05846787558192364
2024-07-21 11:00:00,0.2200802780025967,0.2200802780025967
2024-07-21 12:00:00,0.43755697436620855,0.43755697436620855
2024-07-21 13:00:00,0.7230476433500121,0.7230476433500121
2024-07-21 14:00:00,0.82064300378949,0.82064300378949
2024-07-21 15:00:00,1.1961710829864656,1.1961710829864656
2024-07-21 16:00:00,1.4768258371665888,1.4768258371665888
2024-07-21 17:00:00,1.9409956844497118,1.9409956844497118
2024-07-21 18:00:00,1.9711173623302358,1.9711173623302358
2024-07-21 19:00:00,1.7980013389251945,1.7980013389251945
2024-07-21 20:00:00,1.490705402654547,1.490705402654547
2024-07-21 21:00:00,1.6947356086187435,1.6947356086187435
2024-07-21 22:00:00,0.0,0.0
2024-07-21 23:00:00,0.0,0.0
2024-07-22 00:00:00,0.0,0.0
2024-07-22 01:00:00,0.0,0.0
2024-07-22 02:00:00,0.0,0.0
2024-07-22 03:00:00,0.0,0.0
2024-07-22 04:00:00,0.0,0.0
2024-07-22 05:00:00,0.0,0.0
2024-07-22 06:00:00,0.0,0.0
2024-07-22 07:00:00,0.0,0.0
2024-07-22 08:00:00,0.0,0.0
2024-07-22 09:00:00,0.0,0.0
2024-07-22 10:00:00,0.08944749873820589,0.08944749873820589
2024-07-22 11:00:00,0.2832898505685036,0.2832898505685036
2024-07-22 12:00:00,0.5478146125966056,0.5478146125966056
2024-07-22 13:00:00,0.8970620458620998,0.8970620458620998
2024-07-22 14:00:00,1.2905424115039477,1.2905424115039477
2024-07-22 15:00:00,1.7652932516817381,1.7652932516817381
2024-07-22 16:00:00,2.0941414451251763,2.0941414451251763
2024-07-22 17:00:00,2.6784887022996187,2.6784887022996187
2024-07-22 18:00:00,2.1668110970764216,2.1668110970764216
2024-07-22 19:00:00,2.340959094530413,2.340959094530413
2024-07-22 20:00:00,2.239909297905846,2.239909297905846
2024-07-22 21:00:00,2.8610737928258394,2.8610737928258394
2024-07-22 22:00:00,0.0,0.0
2024-07-22 23:00:00,0.0,0.0
2024-07-23 00:00:00,0.0,0.0
2024-07-23 01:00:00,0.0,0.0
2024-07-23 02:00:00,0.0,0.0
2024-07-23 03:00:00,0.0,0.0
2024-07-23 04:00:00,0.0,0.0
2024-07-23 05:00:00,0.0,0.0
2024-07-23 06:00:00,0.0,0.0
2024-07-23 07:00:00,0.0,0.0
2024-07-23 08:00:00,0.0,0.0
2024-07-23 09:00:00,0.0,0.0
2024-07-23 10:00:00,0.10946753249414053,0.10946753249414053
2024-07-23 11:00:00,0.36027496072312404,0.36027496072312404
2024-07-23 12:00:00,0.6654608546878154,0.6654608546878154
2024-07-23 13:00:00,0.8773791586893142,0.8773791586893142
2024-07-23 14:00:00,1.2842592173319654,1.2842592173319654
2024-07-23 15:00:00,1.4985448700361887,1.4985448700361887
2024-07-23 16:00:00,2.3772024304462875,2.3772024304462875
2024-07-23 17:00:00,2.5032579351451805,2.5032579351451805
2024-07-23 18:00:00,2.6142087316234495,2.6142087316234495
2024-07-23 19:00:00,2.684993613783252,2.684993613783252
2024-07-23 20:00:00,2.6384500005524014,2.6384500005524014
2024-07-23 21:00:00,2.73545817023306,2.73545817023306
2024-07-23 22:00:00,0.0,0.0
2024-07-23 23:00:00,0.0,0.0
2024-07-24 00:00:00,0.0,0.0
2024-07-24 01:00:00,0.0,0.0
2024-07-24 02:00:00,0.0,0.0
2024-07-24 03:00:00,0.0,0.0
2024-07-24 04:00:00,0.0,0.0
2024-07-24 05:00:00,0.0,0.0
2024-07-24 06:00:00,0.0,0.0
2024-07-24 07:00:00,0.0,0.0
2024-07-24 08:00:00,0.0,0.0
2024-07-24 09:00:00,0.0,0.0
2024-07-24 10:00:00,0.09553258992929378,0.09553258992929378
2024-07-24 11:00:00,0.30623093801544704,0.30623093801544704
2024-07-24 12:00:00,0.534513105204138,0.534513105204138
2024-07-24 13:00:00,1.0414771719797902,1.0414771719797902
2024-07-24 14:00:00,1.4692459340041877,1.4692459340041877
2024-07-24 15:00:00,1.8129780724822298,1.8129780724822298
2024-07-24 16:00:00,2.2910866837721118,2.2910866837721118
2024-07-24 17:00:00,2.703793351182516,2.703793351182516
2024-07-24 18:00:00,2.6681576906912436,2.6681576906912436
2024-07-24 19:00:00,2.7970603719672305,2.7970603719672305
2024-07-24 20:00:00,2.6861611328503345,2.6861611328503345
2024-07-24 21:00:00,2.999324575879621,2.999324575879621
2024-07-24 22:00:00,0.0,0.0
2024-07-24 23:00:00,0.0,0.0
2024-07-25 00:00:00,0.0,0.0
2024-07-25 01:00:00,0.0,0.0
2024-07-25 02:00:00,0.0,0.0
2024-07-25 03:00:00,0.0,0.0
2024-07-25 04:00:00,0.0,0.0
2024-07-25 05:00:00,0.0,0.0
2024-07-25 06:00:00,0.0,0.0
2024-07-25 07:00:00,0.0,0.0
2024-07-25 08:00:00,0.0,0.0
2024-07-25 09:00:00,0.0,0.0
2024-07-25 10:00:00,0.09362721520539666,0.09362721520539666
2024-07-25 11:00:00,0.29466474731566833,0.29466474731566833
2024-07-25 12:00:00,0.5802463890334467,0.5802463890334467
2024-07-25 13:00:00,0.9429902290004399,0.9429902290004399
2024-07-25 14:00:00,1.5743891620029227,1.5743891620029227
2024-07-25 15:00:00,1.6001201211354268,1.6001201211354268
2024-07-25 16:00:00,2.1287610723108634,2.1287610723108634
2024-07-25 17:00:00,2.881900696241578,2.881900696241578
2024-07-25 18:00:00,2.568246476464365,2.568246476464365
2024-07-25 19:00:00,2.762817210867774,2.762817210867774
2024-07-25 20:00:00,2.1856413119570224,2.1856413119570224
2024-07-25 21:00:00,2.57072228676215,2.57072228676215
2024-07-25 22:00:00,0.0,0.0
2024-07-25 23:00:00,0.0,0.0
2024-07-26 00:00:00,0.0,0.0
2024-07-26 01:00:00,0.0,0.0
2024-07-26 02:00:00,0.0,0.0
2024-07-26 03:00:00,0.0,0.0
2024-07-26 04:00:00,0.0,0.0
2024-07-26 05:00:00,0.0,0.0
2024-07-26 06:00:00,0.0,0.0
2024-07-26 07:00:00,0.0,0.0
2024-07-26 08:00:00,0.0,0.0
2024-07-26 09:00:00,0.0,0.0
2024-07-26 10:00:00,0.0870040364022856,0.0870040364022856
2024-07-26 11:00:00,0.3827458742955072,0.3827458742955072
2024-07-26 12:00:00,0.6343982173358937,0.6343982173358937
2024-07-26 13:00:00,1.1656826650400507,1.1656826650400507
2024-07-26 14:00:00,1.2926405599224866,1.2926405599224866
2024-07-26 15:00:00,1.7770755990669675,1.7770755990669675
2024-07-26 16:00:00,2.3056828039598627,2.3056828039598627
2024-07-26 17:00:00,2.8084998230857274,2.8084998230857274
2024-07-26 18:00:00,2.772394842362017,2.772394842362017
2024-07-26 19:00:00,2.652640672458627,2.652640672458627
2024-07-26 20:00:00,2.712137383177936,2.712137383177936
2024-07-26 21:00:00,3.1082492089268805,3.1082492089268805
2024-07-26 22:00:00,0.0,0.0
2024-07-26 23:00:00,0.0,0.0
2024-07-27 00:00:00,0.0,0.0
2024-07-27 01:00:00,0.0,0.0
2024-07-27 02:00:00,0.0,0.0
2024-07-27 03:00:00,0.0,0.0
2024-07-27 04:00:00,0.0,0.0
2024-07-27 05:00:00,0.0,0.0
2024-07-27 06:00:00,0.0,0.0
2024-07-27 07:00:00,0.0,0.0
2024-07-27 08:00:00,0.0,0.0
2024-07-27 09:00:00,0.0,0.0
2024-07-27 10:00:00,0.0616219607536058,0.0616219607536058
2024-07-27 11:00:00,0.25161685694192765,0.25161685694192765
2024-07-27 12:00:00,0.3971660594720925,0.3971660594720925
2024-07-27 13:00:00,0.6560277981190379,0.6560277981190379
2024-07-27 14:00:00,0.9947166736680819,0.9947166736680819
2024-07-27 15:00:00,1.0561473801722319,1.0561473801722319
2024-07-27 16:00:00,1.3855032373368201,1.3855032373368201
2024-07-27 17:00:00,1.7113469620395323,1.7113469620395323
2024-07-27 18:00:00,1.711265194918468,1.711265194918468
2024-07-27 19:00:00,1.6377511046541438,1.6377511046541438
2024-07-27 20:00:00,1.4317094119574894,1.4317094119574894
2024-07-27 21:00:00,2.044806515901751,2.044806515901751
2024-07-27 22:00:00,0.0,0.0
2024-07-27 23:00:00,0.0,0.0
2024-07-28 00:00:00,0.0,0.0
2024-07-28 01:00:00,0.0,0.0
2024-07-28 02:00:00,0.0,0.0
2024-07-28 03:00:00,0.0,0.0
2024-07-28 04:00:00,0.0,0.0
2024-07-28 05:00:00,0.0,0.0
2024-07-28 06:00:00,0.0,0.0
2024-07-28 07:00:00,0.0,0.0
2024-07-28 08:00:00,0.0,0.0
2024-07-28 09:00:00,0.0,0.0
2024-07-28 10:00:00,0.05137573444991211,0.05137573444991211
2024-07-28 11:00:00,0.23807414396053694,0.23807414396053694
2024-07-28 12:00:00,0.38833761016712237,0.38833761016712237
2024-07-28 13:00:00,0.5672151725611995,0.5672151725611995
2024-07-28 14:00:00,0.9533979797473796,0.9533979797473796
2024-07-28 15:00:00,1.1388740667431834,1.1388740667431834
2024-07-28 16:00:00,1.4507607833714882,1.4507607833714882
2024-07-28 17:00:00,1.8251334031045632,1.8251334031045632
2024-07-28 18:00:00,1.8371179910159865,1.8371179910159865
2024-07-28 19:00:00,1.6092358573843697,1.6092358573843697
2024-07-28 20:00:00,1.4573272122607281,1.4573272122607281
2024-07-28 21:00:00,1.8839314076620366,1.8839314076620366
2024-07-28 22:00:00,0.0,0.0
2024-07-28 23:00:00,0.0,0.0
2024-07-29 00:00:00,0.0,0.0
2024-07-29 01:00:00,0.0,0.0
2024-07-29 02:00:00,0.0,0.0
2024-07-29 03:00:00,0.0,0.0
2024-07-29 04:00:00,0.0,0.0
2024-07-29 05:00:00,0.0,0.0
2024-07-29 06:00:00,0.0,0.0
2024-07-29 07:00:00,0.0,0.0
2024-07-29 08:00:00,0.0,0.0
2024-07-29 09:00:00,0.0,0.0
2024-07-29 10:00:00,0.08797210786236137,0.08797210786236137
2024-07-29 11:00:00,0.3078599889974507,0.3078599889974507
2024-07-29 12:00:00,0.5478277581510348,0.5478277581510348
2024-07-29 13:00:00,0.8026405321415491,0.8026405321415491
2024-07-29 14:00:00,1.40768145366056,1.40768145366056
2024-07-29 15:00:00,1.516037160187349,1.516037160187349
2024-07-29 16:00:00,1.9233650869570114,1.9233650869570114
2024-07-29 17:00:00,2.739228383315815,2.739228383315815
2024-07-29 18:00:00,2.6612394263625245,2.6612394263625245
2024-07-29 19:00:00,2.145946351034966,2.145946351034966
2024-07-29 20:00:00,2.429453882583215,2.429453882583215
2024-07-29 21:00:00,2.254406430751546,2.254406430751546
2024-07-29 22:00:00,0.0,0.0
2024-07-29 23:00:00,0.0,0.0
2024-07-30 00:00:00,0.0,0.0
2024-07-30 01:00:00,0.0,0.0
2024-07-30 02:00:00,0.0,0.0
2024-07-30 03:00:00,0.0,0.0
2024-07-30 04:00:00,0.0,0.0
2024-07-30 05:00:00,0.0,0.0
2024-07-30 06:00:00,0.0,0.0
2024-07-30 07:00:00,0.0,0.0
2024-07-30 08:00:00,0.0,0.0
2024-07-30 09:00:00,0.0,0.0
2024-07-30 10:00:00,0.06941551052060946,0.06941551052060946
2024-07-30 11:00:00,0.26072937607295776,0.26072937607295776
2024-07-30 12:00:00,0.5845061442563502,0.5845061442563502
2024-07-30 13:00:00,0.7609432852027356,0.7609432852027356
2024-07-30 14:00:00,1.2893493385818422,1.2893493385818422
2024-07-30 15:00:00,1.6119590475052243,1.6119590475052243
2024-07-30 16:00:00,1.9660376914662323,1.9660376914662323
2024-07-30 17:00:00,2.2374734124665276,2.2374734124665276
2024-07-30 18:00:00,2.125544563091847,2.125544563091847
2024-07-30 19:00:00,2.4754027870732367,2.4754027870732367
2024-07-30 20:00:00,2.21859089726287,2.21859089726287
2024-07-30 21:00:00,2.30839731319244,2.30839731319244
2024-07-30 22:00:00,0.0,0.0
2024-07-30 23:00:00,0.0,0.0
2024-07-31 00:00:00,0.0,0.0
2024-07-31 01:00:00,0.0,0.0
2024-07-31 02:00:00,0.0,0.0
2024-07-31 03:00:00,0.0,0.0
2024-07-31 04:00:00,0.0,0.0
2024-07-31 05:00:00,0.0,0.0
2024-07-31 06:00:00,0.0,0.0
2024-07-31 07:00:00,0.0,0.0
2024-07-31 08:00:00,0.0,0.0
2024-07-31 09:00:00,0.0,0.0
2024-07-31 10:00:00,0.07797846656605686,0.07797846656605686
2024-07-31 11:00:00,0.3360702694914608,0.3360702694914608
2024-07-31 12:00:00,0.5552931064427793,0.5552931064427793
2024-07-31 13:00:00,0.9868225876826145,0.9868225876826145
2024-07-31 14:00:00,1.2227980809767445,1.2227980809767445
2024-07-31 15:00:00,1.6229270882668059,1.6229270882668059
2024-07-31 16:00:00,1.7387583490512537,1.7387583490512537
2024-07-31 17:00:00,2.211082688224209,2.211082688224209
2024-07-31 18:00:00,2.573911197094665,2.573911197094665
2024-07-31 19:00:00,2.2322406992553474,2.2322406992553474
2024-07-31 20:00:00,2.4661149897874246,2.4661149897874246
2024-07-31 21:00:00,2.679301037199636,2.679301037199636
2024-07-31 22:00:00,0.0,0.0
2024-07-31 23:00:00,0.0,0.0
2024-08-01 00:00:00,0.0,0.0
2024-08-01 01:00:00,0.0,0.0
2024-08-01 02:00:00,0.0,0.0
2024-08-01 03:00:00,0.0,0.0
2024-08-01 04:00:00,0.0,0.0
2024-08-01 05:00:00,0.0,0.0
2024-08-01 06:00:00,0.0,0.0
2024-08-01 07:00:00,0.0,0.0
2024-08-01 08:00:00,0.0,0.0
2024-08-01 09:00:00,0.0,0.0
2024-08-01 10:00:00,0.0965049411775036,0.0965049411775036
2024-08-01 11:00:00,0.3557878043057581,0.3557878043057581
2024-08-01 12:00:00,0.5726545661711355,0.5726545661711355
2024-08-01 13:00:00,1.074821250675466,1.074821250675466
2024-08-01 14:00:00,1.5033233059835736,1.5033233059835736
2024-08-01 15:00:00,1.4813435242762711,1.4813435242762711
2024-08-01 16:00:00,1.9094691951300224,1.9094691951300224
2024-08-01 17:00:00,2.47189324101657,2.47189324101657
2024-08-01 18:00:00,3.014203238868414,3.014203238868414
2024-08-01 19:00:00,2.3832085767335336,2.3832085767335336
2024-08-01 20:00:00,2.130834908366777,2.130834908366777
2024-08-01 21:00:00,2.4265930987320674,2.4265930987320674
2024-08-01 22:00:00,0.0,0.0
2024-08-01 23:00:00,0.0,0.0
2024-08-02 00:00:00,0.0,0.0
2024-08-02 01:00:00,0.0,0.0
2024-08-02 02:00:00,0.0,0.0
2024-08-02 03:00:00,0.0,0.0
2024-08-02 04:00:00,0.0,0.0
2024-08-02 05:00:00,0.0,0.0
2024-08-02 06:00:00,0.0,0.0
2024-08-02 07:00:00,0.0,0.0
2024-08-02 08:00:00,0.0,0.0
2024-08-02 09:00:00,0.0,0.0
2024-08-02 10:00:00,0.08417619735671707,0.08417619735671707
2024-08-02 11:00:00,0.3721899947303493,0.3721899947303493
2024-08-02 12:00:00,0.5839872356129209,0.5839872356129209
2024-08-02 13:00:00,0.8741421500273691,0.8741421500273691
2024-08-02 14:00:00,1.547964151316508,1.547964151316508
2024-08-02 15:00:00,1.769477150638069,1.769477150638069
2024-08-02 16:00:00,2.341131385539553,2.341131385539553
2024-08-02 17:00:00,2.9398632919466805,2.9398632919466805
2024-08-02 18:00:00,2.4899295381060504,2.4899295381060504
2024-08-02 19:00:00,2.622401990890234,2.622401990890234
2024-08-02 20:00:00,2.863893330750982,2.863893330750982
2024-08-02 21:00:00,2.511464984639675,2.511464984639675
2024-08-02 22:00:00,0.0,0.0
2024-08-02 23:00:00,0.0,0.0
2024-08-03 00:00:00,0.0,0.0
2024-08-03 01:00:00,0.0,0.0
2024-08-03 02:00:00,0.0,0.0
2024-08-03 03:00:00,0.0,0.0
2024-08-03 04:00:00,0.0,0.0
2024-08-03 05:00:00,0.0,0.0
2024-08-03 06:00:00,0.0,0.0
2024-08-03 07:00:00,0.0,0.0
2024-08-03 08:00:00,0.0,0.0
2024-08-03 09:00:00,0.0,0.0
2024-08-03 10:00:00,0.06644324681201434,0.06644324681201434
2024-08-03 11:00:00,0.22116852926006336,0.22116852926006336
2024-08-03 12:00:00,0.40122696015083026,0.40122696015083026
2024-08-03 13:00:00,0.6303006406843956,0.6303006406843956
2024-08-03 14:00:00,0.9223998753398176,0.9223998753398176
2024-08-03 15:00:00,1.0739006601760575,1.0739006601760575
2024-08-03 16:00:00,1.12890019260448,1.12890019260448
2024-08-03 17:00:00,1.4372684631991195,1.4372684631991195
2024-08-03 18:00:00,1.721893323326361,1.721893323326361
2024-08-03 19:00:00,1.480570299293535,1.480570299293535
2024-08-03 20:00:00,1.4600164396550561,1.4600164396550561
2024-08-03 21:00:00,1.5396920564129415,1.5396920564129415
2024-08-03 22:00:00,0.0,0.0
2024-08-03 23:00:00,0.0,0.0
2024-08-04 00:00:00,0.0,0.0
2024-08-04 01:00:00,0.0,0.0
2024-08-04 02:00:00,0.0,0.0
2024-08-04 03:00:00,0.0,0.0
2024-08-04 04:00:00,0.0,0.0
2024-08-04 05:00:00,0.0,0.0
2024-08-04 06:00:00,0.0,0.0
2024-08-04 07:00:00,0.0,0.0
2024-08-04 08:00:00,0.0,0.0
2024-08-04 09:00:00,0.0,0.0
2024-08-04 10:00:00,0.060238738351330125,0.060238738351330125
2024-08-04 11:00:00,0.2619916960921726,0.2619916960921726
2024-08-04 12:00:00,0.4730765385037594,0.4730765385037594
2024-08-04 13:00:00,0.7258295107714581,0.7258295107714581
2024-08-04 14:00:00,1.0489754484796894,1.0489754484796894
2024-08-04 15:00:00,1.2820889796751713,1.2820889796751713
2024-08-04 16:00:00,1.4550763208331383,1.4550763208331383
2024-08-04 17:00:00,1.9715143474542929,1.9715143474542929
2024-08-04 18:00:00,1.5601632625778241,1.5601632625778241
2024-08-04 19:00:00,1.7200013602959832,1.7200013602959832
2024-08-04 20:00:00,1.677129103641505,1.677129103641505
2024-08-04 21:00:00,1.5765296161801357,1.5765296161801357
2024-08-04 22:00:00,0.0,0.0
2024-08-04 23:00:00,0.0,0.0
2024-08-05 00:00:00,0.0,0.0
2024-08-05 01:00:00,0.0,0.0
2024-08-05 02:00:00,0.0,0.0
2024-08-05 03:00:00,0.0,0.0
2024-08-05 04:00:00,0.0,0.0
2024-08-05 05:00:00,0.0,0.0
2024-08-05 06:00:00,0.0,0.0
2024-08-05 07:00:00,0.0,0.0
2024-08-05 08:00:00,0.0,0.0
2024-08-05 09:00:00,0.0,0.0
2024-08-05 10:00:00,0.09550650401598648,0.09550650401598648
2024-08-05 11:00:00,0.35366969552255645,0.35366969552255645
2024-08-05 12:00:00,0.6077072238088493,0.6077072238088493
2024-08-05 13:00:00,0.9630356476705265,0.9630356476705265
2024-08-05 14:00:00,1.3082846613168742,1.3082846613168742
2024-08-05 15:00:00,1.5835796362700334,1.5835796362700334
2024-08-05 16:00:00,1.6973752472408936,1.6973752472408936
2024-08-05 17:00:00,2.215776927092015,2.215776927092015
2024-08-05 18:00:00,2.7647583966093228,2.7647583966093228
2024-08-05 19:00:00,2.6043551053615883,2.6043551053615883
2024-08-05 20:00:00,2.1345951868213926,2.1345951868213926
2024-08-05 21:00:00,2.2708818697562294,2.2708818697562294
2024-08-05 22:00:00,0.0,0.0
2024-08-05 23:00:00,0.0,0.0
2024-08-06 00:00:00,0.0,0.0
2024-08-06 01:00:00,0.0,0.0
2024-08-06 02:00:00,0.0,0.0
2024-08-06 03:00:00,0.0,0.0
2024-08-06 04:00:00,0.0,0.0
2024-08-06 05:00:00,0.0,0.0
2024-08-06 06:00:00,0.0,0.0
2024-08-06 07:00:00,0.0,0.0
2024-08-06 08:00:00,0.0,0.0
2024-08-06 09:00:00,0.0,0.0
2024-08-06 10:00:00,0.08913015141259976,0.08913015141259976
2024-08-06 11:00:00,0.28372082423236983,0.28372082423236983
2024-08-06 12:00:00,0.5759175085763001,0.5759175085763001
2024-08-06 13:00:00,0.8747620247400368,0.8747620247400368
2024-08-06 14:00:00,1.4421290035176035,1.4421290035176035
2024-08-06 15:00:00,1.7015041176313142,1.7015041176313142
2024-08-06 16:00:00,2.0261830233409466,2.0261830233409466
2024-08-06 17:00:00,2.638099454114006,2.638099454114006
2024-08-06 18:00:00,2.119071971932607,2.119071971932607
2024-08-06 19:00:00,2.3473592089854844,2.3473592089854844
2024-08-06 20:00:00,2.020281602540108,2.020281602540108
2024-08-06 21:00:00,2.2637491741166733,2.2637491741166733
2024-08-06 22:00:00,0.0,0.0
2024-08-06 23:00:00,0.0,0.0
2024-08-07 00:00:00,0.0,0.0
2024-08-07 01:00:00,0.0,0.0
2024-08-07 02:00:00,0.0,0.0
2024-08-07 03:00:00,0.0,0.0
2024-08-07 04:00:00,0.0,0.0
2024-08-07 05:00:00,0.0,0.0
2024-08-07 06:00:00,0.0,0.0
2024-08-07 07:00:00,0.0,0.0
2024-08-07 08:00:00,0.0,0.0
2024-08-07 09:00:00,0.0,0.0
2024-08-07 10:00:00,0.08735847627899755,0.08735847627899755
2024-08-07 11:00:00,0.3192740540657933,0.3192740540657933
2024-08-07 12:00:00,0.5714478706123898,0.5714478706123898
2024-08-07 13:00:00,1.0748501087554814,1.0748501087554814
2024-08-07 14:00:00,1.2203347527918673,1.2203347527918673
2024-08-07 15:00:00,1.5738510250189701,1.5738510250189701
2024-08-07 16:00:00,2.2009104585957866,2.2009104585957866
2024-08-07 17:00:00,2.5203469239670215,2.5203469239670215
2024-08-07 18:00:00,2.3483136583373785,2.3483136583373785
2024-08-07 19:00:00,2.5622485158436525,2.5622485158436525
2024-08-07 20:00:00,2.4719888777543932,2.4719888777543932
2024-08-07 21:00:00,3.0693489773248004,3.0693489773248004
2024-08-07 22:00:00,0.0,0.0
2024-08-07 23:00:00,0.0,0.0
2024-08-08 00:00:00,0.0,0.0
2024-08-08 01:00:00,0.0,0.0
2024-08-08 02:00:00,0.0,0.0
2024-08-08 03:00:00,0.0,0.0
2024-08-08 04:00:00,0.0,0.0
2024-08-08 05:00:00,0.0,0.0
2024-08-08 06:00:00,0.0,0.0
2024-08-08 07:00:00,0.0,0.0
2024-08-08 08:00:00,0.0,0.0
2024-08-08 09:00:00,0.0,0.0
2024-08-08 10:00:00,0.08859201875980888,0.08859201875980888
2024-08-08 11:00:00,0.3059771755505273,0.3059771755505273
2024-08-08 12:00:00,0.5175953133293969,0.5175953133293969
2024-08-08 13:00:00,0.9814758757252782,0.9814758757252782
2024-08-08 14:00:00,1.3225704535068257,1.3225704535068257
2024-08-08 15:00:00,1.572168019572806,1.572168019572806
2024-08-08 16:00:00,1.942149705899838,1.942149705899838
2024-08-08 17:00:00,2.4816419629938986,2.4816419629938986
2024-08-08 18:00:00,2.10834966236135,2.10834966236135
2024-08-08 19:00:00,2.507795282113854,2.507795282113854
2024-08-08 20:00:00,2.062089364197963,2.062089364197963
2024-08-08 21:00:00,2.649870845364438,2.649870845364438
2024-08-08 22:00:00,0.0,0.0
2024-08-08 23:00:00,0.0,0.0
2024-08-09 00:00:00,0.0,0.0
2024-08-09 01:00:00,0.0,0.0
2024-08-09 02:00:00,0.0,0.0
2024-08-09 03:00:00,0.0,0.0
2024-08-09 04:00:00,0.0,0.0
2024-08-09 05:00:00,0.0,0.0
2024-08-09 06:00:00,0.0,0.0
2024-08-09 07:00:00,0.0,0.0
2024-08-09 08:00:00,0.0,0.0
2024-08-09 09:00:00,0.0,0.0
2024-08-09 10:00:00,0.08923673778017187,0.08923673778017187
2024-08-09 11:00:00,0.3557271444923748,0.3557271444923748
2024-08-09 12:00:00,0.5979934009456102,0.5979934009456102
2024-08-09 13:00:00,0.8189356908757521,0.8189356908757521
2024-08-09 14:00:00,1.3726980358014615,1.3726980358014615
2024-08-09 15:00:00,1.390280345701707,1.390280345701707
2024-08-09 16:00:00,2.218757761383739,2.218757761383739
2024-08-09 17:00:00,2.2382833124786297,2.2382833124786297
2024-08-09 18:00:00,2.349042020893615,2.349042020893615
2024-08-09 19:00:00,2.392194274434642,2.392194274434642
2024-08-09 20:00:00,2.1781741368409677,2.1781741368409677
2024-08-09 21:00:00,2.649241879592783,2.649241879592783
2024-08-09 22:00:00,0.0,0.0
2024-08-09 23:00:00,0.0,0.0
2024-08-10 00:00:00,0.0,0.0
2024-08-10 01:00:00,0.0,0.0
2024-08-10 02:00:00,0.0,0.0
2024-08-10 03:00:00,0.0,0.0
2024-08-10 04:00:00,0.0,0.0
2024-08-10 05:00:00,0.0,0.0
2024-08-10 06:00:00,0.0,0.0
2024-08-10 07:00:00,0.0,0.0
2024-08-10 08:00:00,0.0,0.0
2024-08-10 09:00:00,0.0,0.0
2024-08-10 10:00:00,0.053339056314373516,0.053339056314373516
2024-08-10 11:00:00,0.21673514378811234,0.21673514378811234
2024-08-10 12:00:00,0.41561988806081235,0.41561988806081235
2024-08-10 13:00:00,0.6883012696983721,0.6883012696983721
2024-08-10 14:00:00,1.0029918154826694,1.0029918154826694
2024-08-10 15:00:00,0.907571711189776,0.907571711189776
2024-08-10 16:00:00,1.394162024101161,1.394162024101161
2024-08-10 17:00:00,1.490617866411955,1.490617866411955
2024-08-10 18:00:00,1.7975251635378944,1.7975251635378944
2024-08-10 19:00:00,1.6586604453406097,1.6586604453406097
2024-08-10 20:00:00,1.4009651541252983,1.4009651541252983
2024-08-10 21:00:00,1.8607901084022076,1.8607901084022076
2024-08-10 22:00:00,0.0,0.0
2024-08-10 23:00:00,0.0,0.0
2024-08-11 00:00:00,0.0,0.0
2024-08-11 01:00:00,0.0,0.0
2024-08-11 02:00:00,0.0,0.0
2024-08-11 03:00:00,0.0,0.0
2024-08-11 04:00:00,0.0,0.0
2024-08-11 05:00:00,0.0,0.0
2024-08-11 06:00:00,0.0,0.0
2024-08-11 07:00:00,0.0,0.0
2024-08-11 08:00:00,0.0,0.0
2024-08-11 09:00:00,0.0,0.0
2024-08-11 10:00:00,0.06792959632105594,0.06792959632105594
2024-08-11 11:00:00,0.26975589626664964,0.26975589626664964
2024-08-11 12:00:00,0.395282736574667,0.395282736574667
2024-08-11 13:00:00,0.7356461393275652,0.7356461393275652
2024-08-11 14:00:00,0.8732417771901114,0.8732417771901114
2024-08-11 15:00:00,1.186565576684827,1.186565576684827
2024-08-11 16:00:00,1.5878955286586562,1.5878955286586562
2024-08-11 17:00:00,1.5957595637746964,1.5957595637746964
2024-08-11 18:00:00,1.7870828180800604,1.7870828180800604
2024-08-11 19:00:00,1.9753180282759102,1.9753180282759102
2024-08-11 20:00:00,1.6119895778256315,1.6119895778256315
2024-08-11 21:00:00,2.046900301975574,2.046900301975574
2024-08-11 22:00:00,0.0,0.0
2024-08-11 23:00:00,0.0,0.0
2024-08-12 00:00:00,0.0,0.0
2024-08-12 01:00:00,0.0,0.0
2024-08-12 02:00:00,0.0,0.0
2024-08-12 03:00:00,0.0,0.0
2024-08-12 04:00:00,0.0,0.0
2024-08-12 05:00:00,0.0,0.0
2024-08-12 06:00:00,0.0,0.0
2024-08-12 07:00:00,0.0,0.0
2024-08-12 08:00:00,0.0,0.0
2024-08-12 09:00:00,0.0,0.0
2024-08-12 10:00:00,0.09932783001788478,0.09932783001788478
2024-08-12 11:00:00,0.3369248851156085,0.3369248851156085
2024-08-12 12:00:00,0.5846969012645944,0.5846969012645944
2024-08-12 13:00:00,1.0699869437366398,1.0699869437366398
2024-08-12 14:00:00,1.4683811992866216,1.4683811992866216
2024-08-12 15:00:00,1.6530992919851124,1.6530992919851124
2024-08-12 16:00:00,2.2477121543004577,2.2477121543004577
2024-08-12 17:00:00,2.6379341505691416,2.6379341505691416
2024-08-12 18:00:00,2.986440199865351,2.986440199865351
2024-08-12 19:00:00,2.726909832693277,2.726909832693277
2024-08-12 20:00:00,2.359975806402745,2.359975806402745
2024-08-12 21:00:00,2.663753502009106,2.663753502009106
2024-08-12 22:00:00,0.0,0.0
2024-08-12 23:00:00,0.0,0.0
2024-08-13 00:00:00,0.0,0.0
2024-08-13 01:00:00,0.0,0.0
2024-08-13 02:00:00,0.0,0.0
2024-08-13 03:00:00,0.0,0.0
2024-08-13 04:00:00,0.0,0.0
2024-08-13 05:00:00,0.0,0.0
2024-08-13 06:00:00,0.0,0.0
2024-08-13 07:00:00,0.0,0.0
2024-08-13 08:00:00,0.0,0.0
2024-08-13 09:00:00,0.0,0.0
2024-08-13 10:00:00,0.08365467095389292,0.08365467095389292
2024-08-13 11:00:00,0.30656510528474,0.30656510528474
2024-08-13 12:00:00,0.503028011100054,0.503028011100054
2024-08-13 13:00:00,0.8035716928531139,0.8035716928531139
2024-08-13 14:00:00,1.3853078169636888,1.3853078169636888
2024-08-13 15:00:00,1.2885667696171137,1.2885667696171137
2024-08-13 16:00:00,1.8555594355910454,1.8555594355910454
2024-08-13 17:00:00,2.114052720648315,2.114052720648315
2024-08-13 18:00:00,2.234176417944465,2.234176417944465
2024-08-13 19:00:00,2.079076838522657,2.079076838522657
2024-08-13 20:00:00,2.343961798517397,2.343961798517397
2024-08-13 21:00:00,2.377554903853472,2.377554903853472
2024-08-13 22:00:00,0.0,0.0
2024-08-13 23:00:00,0.0,0.0
2024-08-14 00:00:00,0.0,0.0
2024-08-14 01:00:00,0.0,0.0
2024-08-14 02:00:00,0.0,0.0
2024-08-14 03:00:00,0.0,0.0
2024-08-14 04:00:00,0.0,0.0
2024-08-14 05:00:00,0.0,0.0
2024-08-14 06:00:00,0.0,0.0
2024-08-14 07:00:00,0.0,0.0
2024-08-14 08:00:00,0.0,0.0
2024-08-14 09:00:00,0.0,0.0
2024-08-14 10:00:00,0.08974989846153807,0.08974989846153807
2024-08-14 11:00:00,0.32864773130252106,0.32864773130252106
2024-08-14 12:00:00,0.535605395392713,0.535605395392713
2024-08-14 13:00:00,0.8769018820120794,0.8769018820120794
2024-08-14 14:00:00,1.3394194530066852,1.3394194530066852
2024-08-14 15:00:00,1.5641460621482433,1.5641460621482433
2024-08-14 16:00:00,2.0291392798577137,2.0291392798577137
2024-08-14 17:00:00,2.5121267053683978,2.5121267053683978
2024-08-14 18:00:00,2.2496901679212935,2.2496901679212935
2024-08-14 19:00:00,2.275719955997271,2.275719955997271
2024-08-14 20:00:00,2.14556021135434,2.14556021135434
2024-08-14 21:00:00,2.085280975163402,2.085280975163402
2024-08-14 22:00:00,0.0,0.0
2024-08-14 23:00:00,0.0,0.0
2024-08-15 00:00:00,0.0,0.0
2024-08-15 01:00:00,0.0,0.0
2024-08-15 02:00:00,0.0,0.0
2024-08-15 03:00:00,0.0,0.0
2024-08-15 04:00:00,0.0,0.0
2024-08-15 05:00:00,0.0,0.0
2024-08-15 06:00:00,0.0,0.0
2024-08-15 07:00:00,0.0,0.0
2024-08-15 08:00:00,0.0,0.0
2024-08-15 09:00:00,0.0,0.0
2024-08-15 10:00:00,0.07481481058653257,0.07481481058653257
2024-08-15 11:00:00,0.3251002201323751,0.3251002201323751
2024-08-15 12:00:00,0.45466545251040114,0.45466545251040114
2024-08-15 13:00:00,0.7531717852533206,0.7531717852533206
2024-08-15 14:00:00,1.2156494461160152,1.2156494461160152
2024-08-15 15:00:00,1.5456296305224444,1.5456296305224444
2024-08-15 16:00:00,2.0463686632366036,2.0463686632366036
2024-08-15 17:00:00,2.277739451514852,2.277739451514852
2024-08-15 18:00:00,2.1954617117607254,2.1954617117607254
2024-08-15 19:00:00,1.8689108012065454,1.8689108012065454
2024-08-15 20:00:00,2.1971631635714783,2.1971631635714783
2024-08-15 21:00:00,2.2567001062095677,2.2567001062095677
2024-08-15 22:00:00,0.0,0.0
2024-08-15 23:00:00,0.0,0.0
2024-08-16 00:00:00,0.0,0.0
2024-08-16 01:00:00,0.0,0.0
2024-08-16 02:00:00,0.0,0.0
2024-08-16 03:00:00,0.0,0.0
2024-08-16 04:00:00,0.0,0.0
2024-08-16 05:00:00,0.0,0.0
2024-08-16 06:00:00,0.0,0.0
2024-08-16 07:00:00,0.0,0.0
2024-08-16 08:00:00,0.0,0.0
2024-08-16 09:00:00,0.0,0.0
2024-08-16 10:00:00,0.09550601184973158,0.09550601184973158
2024-08-16 11:00:00,0.3205107289049011,0.3205107289049011
2024-08-16 12:00:00,0.6202978807069826,0.6202978807069826
2024-08-16 13:00:00,0.8558400837068979,0.8558400837068979
2024-08-16 14:00:00,1.239238375468408,1.239238375468408
2024-08-16 15:00:00,1.614582436109808,1.614582436109808
2024-08-16 16:00:00,1.983575191161065,1.983575191161065
2024-08-16 17:00:00,2.705546047795157,2.705546047795157
2024-08-16 18:00:00,2.2836516113050096,2.2836516113050096
2024-08-16 19:00:00,2.2513417113619814,2.2513417113619814
2024-08-16 20:00:00,2.2602870584147214,2.2602870584147214
2024-08-16 21:00:00,2.6559999173453486,2.6559999173453486
2024-08-16 22:00:00,0.0,0.0
2024-08-16 23:00:00,0.0,0.0
2024-08-17 00:00:00,0.0,0.0
2024-08-17 01:00:00,0.0,0.0
2024-08-17 02:00:00,0.0,0.0
2024-08-17 03:00:00,0.0,0.0
2024-08-17 04:00:00,0.0,0.0
2024-08-17 05:00:00,0.0,0.0
2024-08-17 06:00:00,0.0,0.0
2024-08-17 07:00:00,0.0,0.0
2024-08-17 08:00:00,0.0,0.0
2024-08-17 09:00:00,0.0,0.0
2024-08-17 10:00:00,0.0661543290008535,0.0661543290008535
2024-08-17 11:00:00,0.21468524886160523,0.21468524886160523
2024-08-17 12:00:00,0.3713879877005408,0.3713879877005408
2024-08-17 13:00:00,0.5972919732321628,0.5972919732321628
2024-08-17 14:00:00,0.8530731401674535,0.8530731401674535
2024-08-17 15:00:00,1.096575264268684,1.096575264268684
2024-08-17 16:00:00,1.1968299812108165,1.1968299812108165
2024-08-17 17:00:00,1.7846588672481265,1.7846588672481265
2024-08-17 18:00:00,1.6787104977772735,1.6787104977772735
2024-08-17 19:00:00,1.7119168345860611,1.7119168345860611
2024-08-17 20:00:00,1.886754195558973,1.886754195558973
2024-08-17 21:00:00,2.02440944144131,2.02440944144131
2024-08-17 22:00:00,0.0,0.0
2024-08-17 23:00:00,0.0,0.0
2024-08-18 00:00:00,0.0,0.0
2024-08-18 01:00:00,0.0,0.0
2024-08-18 02:00:00,0.0,0.0
2024-08-18 03:00:00,0.0,0.0
2024-08-18 04:00:00,0.0,0.0
2024-08-18 05:00:00,0.0,0.0
2024-08-18 06:00:00,0.0,0.0
2024-08-18 07:00:00,0.0,0.0
2024-08-18 08:00:00,0.0,0.0
2024-08-18 09:00:00,0.0,0.0
2024-08-18 10:00:00,0.06468973683073391,0.06468973683073391
2024-08-18 11:00:00,0.2532177820489578,0.2532177820489578
2024-08-18 12:00:00,0.4649148157628042,0.4649148157628042
2024-08-18 13:00:00,0.6678537155101472,0.6678537155101472
2024-08-18 14:00:00,1.1191623664162902,1.1191623664162902
2024-08-18 15:00:00,1.0842269221916554,1.0842269221916554
2024-08-18 16:00:00,1.2859212882453859,1.2859212882453859
2024-08-18 17:00:00,1.9727898102377779,1.9727898102377779
2024-08-18 18:00:00,1.7663027103694888,1.7663027103694888
2024-08-18 19:00:00,1.9013574895379612,1.9013574895379612
2024-08-18 20:00:00,1.4696513129213247,1.4696513129213247
2024-08-18 21:00:00,1.6328102905572424,1.6328102905572424
2024-08-18 22:00:00,0.0,0.0
2024-08-18 23:00:00,0.0,0.0
2024-08-19 00:00:00,0.0,0.0
2024-08-19 01:00:00,0.0,0.0
2024-08-19 02:00:00,0.0,0.0
2024-08-19 03:00:00,0.0,0.0
2024-08-19 04:00:00,0.0,0.0
2024-08-19 05:00:00,0.0,0.0
2024-08-19 06:00:00,0.0,0.0
2024-08-19 07:00:00,0.0,0.0
2024-08-19 08:00:00,0.0,0.0
2024-08-19 09:00:00,0.0,0.0
2024-08-19 10:00:00,0.09146209753890712,0.09146209753890712
2024-08-19 11:00:00,0.353879606519101,0.353879606519101
2024-08-19 12:00:00,0.6048981826269763,0.6048981826269763
2024-08-19 13:00:00,0.861096191255019,0.861096191255019
2024-08-19 14:00:00,1.3229930144864817,1.3229930144864817
2024-08-19 15:00:00,1.8168424346806447,1.8168424346806447
2024-08-19 16:00:00,1.9537902960254052,1.9537902960254052
2024-08-19 17:00:00,2.900059919824529,2.900059919824529
2024-08-19 18:00:00,2.6579654698903554,2.6579654698903554
2024-08-19 19:00:00,2.511627576909331,2.511627576909331
2024-08-19 20:00:00,2.7107084118734774,2.7107084118734774
2024-08-19 21:00:00,2.6425127957712347,2.6425127957712347
2024-08-19 22:00:00,0.0,0.0
2024-08-19 23:00:00,0.0,0.0
2024-08-20 00:00:00,0.0,0.0
2024-08-20 01:00:00,0.0,0.0
2024-08-20 02:00:00,0.0,0.0
2024-08-20 03:00:00,0.0,0.0
2024-08-20 04:00:00,0.0,0.0
2024-08-20 05:00:00,0.0,0.0
2024-08-20 06:00:00,0.0,0.0
2024-08-20 07:00:00,0.0,0.0
2024-08-20 08:00:00,0.0,0.0
2024-08-20 09:00:00,0.0,0.0
2024-08-20 10:00:00,0.09187152160435269,0.09187152160435269
2024-08-20 11:00:00,0.2879586134058087,0.2879586134058087
2024-08-20 12:00:00,0.6550569503867938,0.6550569503867938
2024-08-20 13:00:00,0.8879409626405161,0.8879409626405161
2024-08-20 14:00:00,1.4274704733741725,1.4274704733741725
2024-08-20 15:00:00,1.8308726194229257,1.8308726194229257
2024-08-20 16:00:00,2.1416215445957003,2.1416215445957003
2024-08-20 17:00:00,2.320420301175269,2.320420301175269
2024-08-20 18:00:00,2.8358514790678853,2.8358514790678853
2024-08-20 19:00:00,2.4131111945305417,2.4131111945305417
2024-08-20 20:00:00,2.076829034046804,2.076829034046804
2024-08-20 21:00:00,2.6456916687968204,2.6456916687968204
2024-08-20 22:00:00,0.0,0.0
2024-08-20 23:00:00,0.0,0.0
2024-08-21 00:00:00,0.0,0.0
2024-08-21 01:00:00,0.0,0.0
2024-08-21 02:00:00,0.0,0.0
2024-08-21 03:00:00,0.0,0.0
2024-08-21 04:00:00,0.0,0.0
2024-08-21 05:00:00,0.0,0.0
2024-08-21 06:00:00,0.0,0.0
2024-08-21 07:00:00,0.0,0.0
2024-08-21 08:00:00,0.0,0.0
2024-08-21 09:00:00,0.0,0.0
2024-08-21 10:00:00,0.08258458968449466,0.08258458968449466
2024-08-21 11:00:00,0.2924567177271088,0.2924567177271088
2024-08-21 12:00:00,0.7023460533386228,0.7023460533386228
2024-08-21 13:00:00,0.9992407724840131,0.9992407724840131
2024-08-21 14:00:00,1.5212527480877975,1.5212527480877975
2024-08-21 15:00:00,1.79027630143977,1.79027630143977
2024-08-21 16:00:00,1.9917883462306847,1.9917883462306847
2024-08-21 17:00:00,2.845385512242789,2.845385512242789
2024-08-21 18:00:00,3.0141955186890126,3.0141955186890126
2024-08-21 19:00:00,2.6784493185930014,2.6784493185930014
2024-08-21 20:00:00,2.629767723496591,2.629767723496591
2024-08-21 21:00:00,2.645768790209013,2.645768790209013
2024-08-21 22:00:00,0.0,0.0
2024-08-21 23:00:00,0.0,0.0
2024-08-22 00:00:00,0.0,0.0
2024-08-22 01:00:00,0.0,0.0
2024-08-22 02:00:00,0.0,0.0
2024-08-22 03:00:00,0.0,0.0
2024-08-22 04:00:00,0.0,0.0
2024-08-22 05:00:00,0.0,0.0
2024-08-22 06:00:00,0.0,0.0
2024-08-22 07:00:00,0.0,0.0
2024-08-22 08:00:00,0.0,0.0
2024-08-22 09:00:00,0.0,0.0
2024-08-22 10:00:00,0.10267511678771275,0.10267511678771275
2024-08-22 11:00:00,0.32117464576758087,0.32117464576758087
2024-08-22 12:00:00,0.6086952121095258,0.6086952121095258
2024-08-22 13:00:00,1.0897135412564187,1.0897135412564187
2024-08-22 14:00:00,1.5957696596268975,1.5957696596268975
2024-08-22 15:00:00,1.4769858669953135,1.4769858669953135
2024-08-22 16:00:00,1.8818727703929234,1.8818727703929234
2024-08-22 17:00:00,2.4870999762066717,2.4870999762066717
2024-08-22 18:00:00,2.8575777285274953,2.8575777285274953
2024-08-22 19:00:00,2.7736367614212765,2.7736367614212765
2024-08-22 20:00:00,2.528013954937041,2.528013954937041
2024-08-22 21:00:00,2.383372279724024,2.383372279724024
2024-08-22 22:00:00,0.0,0.0
2024-08-22 23:00:00,0.0,0.0
2024-08-23 00:00:00,0.0,0.0
2024-08-23 01:00:00,0.0,0.0
2024-08-23 02:00:00,0.0,0.0
2024-08-23 03:00:00,0.0,0.0
2024-08-23 04:00:00,0.0,0.0
2024-08-23 05:00:00,0.0,0.0
2024-08-23 06:00:00,0.0,0.0
2024-08-23 07:00:00,0.0,0.0
2024-08-23 08:00:00,0.0,0.0
2024-08-23 09:00:00,0.0,0.0
2024-08-23 10:00:00,0.08052333648495871,0.08052333648495871
2024-08-23 11:00:00,0.34049559945673064,0.34049559945673064
2024-08-23 12:00:00,0.6150954400235823,0.6150954400235823
2024-08-23 13:00:00,0.8934813156576995,0.8934813156576995
2024-08-23 14:00:00,1.466941455074875,1.466941455074875
2024-08-23 15:00:00,1.4706691187164531,1.4706691187164531
2024-08-23 16:00:00,2.1312736122981266,2.1312736122981266
2024-08-23 17:00:00,2.0689156040857517,2.0689156040857517
2024-08-23 18:00:00,2.3289030579861048,2.3289030579861048
2024-08-23 19:00:00,2.5474217826781747,2.5474217826781747
2024-08-23 20:00:00,2.5539294596838285,2.5539294596838285
2024-08-23 21:00:00,2.6811751049030375,2.6811751049030375
2024-08-23 22:00:00,0.0,0.0
2024-08-23 23:00:00,0.0,0.0
2024-08-24 00:00:00,0.0,0.0
2024-08-24 01:00:00,0.0,0.0
2024-08-24 02:00:00,0.0,0.0
2024-08-24 03:00:00,0.0,0.0
2024-08-24 04:00:00,0.0,0.0
2024-08-24 05:00:00,0.0,0.0
2024-08-24 06:00:00,0.0,0.0
2024-08-24 07:00:00,0.0,0.0
2024-08-24 08:00:00,0.0,0.0
2024-08-24 09:00:00,0.0,0.0
2024-08-24 10:00:00,0.07063347943910632,0.07063347943910632
2024-08-24 11:00:00,0.20045897412850439,0.20045897412850439
2024-08-24 12:00:00,0.4074310124291999,0.4074310124291999
2024-08-24 13:00:00,0.7383369143169832,0.7383369143169832
2024-08-24 14:00:00,0.9483368879310545,0.9483368879310545
2024-08-24 15:00:00,1.2437353361095218,1.2437353361095218
2024-08-24 16:00:00,1.257051202544758,1.257051202544758
2024-08-24 17:00:00,1.7957623438773436,1.7957623438773436
2024-08-24 18:00:00,1.8594140605677993,1.8594140605677993
2024-08-24 19:00:00,1.9121910036363454,1.9121910036363454
2024-08-24 20:00:00,1.488028474467207,1.488028474467207
2024-08-24 21:00:00,1.7612444795296078,1.7612444795296078
2024-08-24 22:00:00,0.0,0.0
2024-08-24 23:00:00,0.0,0.0
2024-08-25 00:00:00,0.0,0.0
2024-08-25 01:00:00,0.0,0.0
2024-08-25 02:00:00,0.0,0.0
2024-08-25 03:00:00,0.0,0.0
2024-08-25 04:00:00,0.0,0.0
2024-08-25 05:00:00,0.0,0.0
2024-08-25 06:00:00,0.0,0.0
2024-08-25 07:00:00,0.0,0.0
2024-08-25 08:00:00,0.0,0.0
2024-08-25 09:00:00,0.0,0.0
2024-08-25 10:00:00,0.07409329622238564,0.07409329622238564
2024-08-25 11:00:00,0.23897952874979553,0.23897952874979553
2024-08-25 12:00:00,0.38766795631453166,0.38766795631453166
2024-08-25 13:00:00,0.6911974940184573,0.6911974940184573
2024-08-25 14:00:00,1.0379030468881338,1.0379030468881338
2024-08-25 15:00:00,1.2700546922290095,1.2700546922290095
2024-08-25 16:00:00,1.5925857056775556,1.5925857056775556
2024-08-25 17:00:00,1.5777808787147383,1.5777808787147383
2024-08-25 18:00:00,1.8241516055362959,1.8241516055362959
2024-08-25 19:00:00,1.4939441723170221,1.4939441723170221
2024-08-25 20:00:00,1.928897861491819,1.928897861491819
2024-08-25 21:00:00,1.7023964612644686,1.7023964612644686
2024-08-25 22:00:00,0.0,0.0
2024-08-25 23:00:00,0.0,0.0
2024-08-26 00:00:00,0.0,0.0
2024-08-26 01:00:00,0.0,0.0
2024-08-26 02:00:00,0.0,0.0
2024-08-26 03:00:00,0.0,0.0
2024-08-26 04:00:00,0.0,0.0
2024-08-26 05:00:00,0.0,0.0
2024-08-26 06:00:00,0.0,0.0
2024-08-26 07:00:00,0.0,0.0
2024-08-26 08:00:00,0.0,0.0
2024-08-26 09:00:00,0.0,0.0
2024-08-26 10:00:00,0.08085863361770429,0.08085863361770429
2024-08-26 11:00:00,0.35555072331049875,0.35555072331049875
2024-08-26 12:00:00,0.5420662665864738,0.5420662665864738
2024-08-26 13:00:00,0.9714543600836243,0.9714543600836243
2024-08-26 14:00:00,1.3125418247253238,1.3125418247253238
2024-08-26 15:00:00,1.679396458546705,1.679396458546705
2024-08-26 16:00:00,1.8563860326665218,1.8563860326665218
2024-08-26 17:00:00,2.770803225695166,2.770803225695166
2024-08-26 18:00:00,2.6376969123144,2.6376969123144
2024-08-26 19:00:00,2.76813535097009,2.76813535097009
2024-08-26 20:00:00,2.5633313212651148,2.5633313212651148
2024-08-26 21:00:00,2.7172307602001062,2.7172307602001062
2024-08-26 22:00:00,0.0,0.0
2024-08-26 23:00:00,0.0,0.0
2024-08-27 00:00:00,0.0,0.0
2024-08-27 01:00:00,0.0,0.0
2024-08-27 02:00:00,0.0,0.0
2024-08-27 03:00:00,0.0,0.0
2024-08-27 04:00:00,0.0,0.0
2024-08-27 05:00:00,0.0,0.0
2024-08-27 06:00:00,0.0,0.0
2024-08-27 07:00:00,0.0,0.0
2024-08-27 08:00:00,0.0,0.0
2024-08-27 09:00:00,0.0,0.0
2024-08-27 10:00:00,0.086962032421776,0.086962032421776
2024-08-27 11:00:00,0.37788648555218846,0.37788648555218846
2024-08-27 12:00:00,0.6740653478754994,0.6740653478754994
2024-08-27 13:00:00,0.8298373453786638,0.8298373453786638
2024-08-27 14:00:00,1.401827492400563,1.401827492400563
2024-08-27 15:00:00,1.4046274407015351,1.4046274407015351
2024-08-27 16:00:00,2.2930174339053426,2.2930174339053426
2024-08-27 17:00:00,2.5041213195050926,2.5041213195050926
2024-08-27 18:00:00,2.521122330462353,2.521122330462353
2024-08-27 19:00:00,2.2715896100351625,2.2715896100351625
2024-08-27 20:00:00,2.4634304204339177,2.4634304204339177
2024-08-27 21:00:00,2.355374279370933,2.355374279370933
2024-08-27 22:00:00,0.0,0.0
2024-08-27 23:00:00,0.0,0.0
2024-08-28 00:00:00,0.0,0.0
2024-08-28 01:00:00,0.0,0.0
2024-08-28 02:00:00,0.0,0.0
2024-08-28 03:00:00,0.0,0.0
2024-08-28 04:00:00,0.0,0.0
2024-08-28 05:00:00,0.0,0.0
2024-08-28 06:00:00,0.0,0.0
2024-08-28 07:00:00,0.0,0.0
2024-08-28 08:00:00,0.0,0.0
2024-08-28 09:00:00,0.0,0.0
2024-08-28 10:00:00,0.07749778741956219,0.07749778741956219
2024-08-28 11:00:00,0.30076318296338944,0.30076318296338944
2024-08-28 12:00:00,0.6373836972789434,0.6373836972789434
2024-08-28 13:00:00,0.9271930519373822,0.9271930519373822
2024-08-28 14:00:00,1.396142906919792,1.396142906919792
2024-08-28 15:00:00,1.807138726998674,1.807138726998674
2024-08-28 16:00:00,1.7347102616126333,1.7347102616126333
2024-08-28 17:00:00,2.47792578304773,2.47792578304773
2024-08-28 18:00:00,2.44482033196025,2.44482033196025
2024-08-28 19:00:00,2.122071402957949,2.122071402957949
2024-08-28 20:00:00,2.7046291294177163,2.7046291294177163
2024-08-28 21:00:00,2.962308513040035,2.962308513040035
2024-08-28 22:00:00,0.0,0.0
2024-08-28 23:00:00,0.0,0.0
2024-08-29 00:00:00,0.0,0.0
2024-08-29 01:00:00,0.0,0.0
2024-08-29 02:00:00,0.0,0.0
2024-08-29 03:00:00,0.0,0.0
2024-08-29 04:00:00,0.0,0.0
2024-08-29 05:00:00,0.0,0.0
2024-08-29 06:00:00,0.0,0.0
2024-08-29 07:00:00,0.0,0.0
2024-08-29 08:00:00,0.0,0.0
2024-08-29 09:00:00,0.0,0.0
2024-08-29 10:00:00,0.07401991750085193,0.07401991750085193
2024-08-29 11:00:00,0.3121419504180685,0.3121419504180685
2024-08-29 12:00:00,0.5087472194493612,0.5087472194493612
2024-08-29 13:00:00,0.854280334631233,0.854280334631233
2024-08-29 14:00:00,1.1153072551899668,1.1153072551899668
2024-08-29 15:00:00,1.296196296770494,1.296196296770494
2024-08-29 16:00:00,1.8786001722407677,1.8786001722407677
2024-08-29 17:00:00,1.987487006621082,1.987487006621082
2024-08-29 18:00:00,2.3984584483435594,2.3984584483435594
2024-08-29 19:00:00,2.0896740294580716,2.0896740294580716
2024-08-29 20:00:00,2.2421774105294565,2.2421774105294565
2024-08-29 21:00:00,2.246573940765003,2.246573940765003
2024-08-29 22:00:00,0.0,0.0
2024-08-29 23:00:00,0.0,0.0
2024-08-30 00:00:00,0.0,0.0
2024-08-30 01:00:00,0.0,0.0
2024-08-30 02:00:00,0.0,0.0
2024-08-30 03:00:00,0.0,0.0
2024-08-30 04:00:00,0.0,0.0
2024-08-30 05:00:00,0.0,0.0
2024-08-30 06:00:00,0.0,0.0
2024-08-30 07:00:00,0.0,0.0
2024-08-30 08:00:00,0.0,0.0
2024-08-30 09:00:00,0.0,0.0
2024-08-30 10:00:00,0.08201807095066078,0.08201807095066078
2024-08-30 11:00:00,0.3793210403779453,0.3793210403779453
2024-08-30 12:00:00,0.5775370945329452,0.5775370945329452
2024-08-30 13:00:00,0.9152278636658813,0.9152278636658813
2024-08-30 14:00:00,1.2714083828353355,1.2714083828353355
2024-08-30 15:00:00,1.6095792522751797,1.6095792522751797
2024-08-30 16:00:00,2.0260996916152485,2.0260996916152485
2024-08-30 17:00:00,2.519739660344154,2.519739660344154
2024-08-30 18:00:00,2.791470279679219,2.791470279679219
2024-08-30 19:00:00,2.7546620628327294,2.7546620628327294
2024-08-30 20:00:00,2.86919120065755,2.86919120065755
2024-08-30 21:00:00,2.432603392668325,2.432603392668325
2024-08-30 22:00:00,0.0,0.0
2024-08-30 23:00:00,0.0,0.0
2024-08-31 00:00:00,0.0,0.0
2024-08-31 01:00:00,0.0,0.0
2024-08-31 02:00:00,0.0,0.0
2024-08-31 03:00:00,0.0,0.0
2024-08-31 04:00:00,0.0,0.0
2024-08-31 05:00:00,0.0,0.0
2024-08-31 06:00:00,0.0,0.0
2024-08-31 07:00:00,0.0,0.0
2024-08-31 08:00:00,0.0,0.0
2024-08-31 09:00:00,0.0,0.0
2024-08-31 10:00:00,0.05365975707935247,0.05365975707935247
2024-08-31 11:00:00,0.21943552634012722,0.21943552634012722
2024-08-31 12:00:00,0.4057695573817748,0.4057695573817748
2024-08-31 13:00:00,0.5781081213559681,0.5781081213559681
2024-08-31 14:00:00,0.8799876253075096,0.8799876253075096
2024-08-31 15:00:00,1.018174870286849,1.018174870286849
2024-08-31 16:00:00,1.414840928111285,1.414840928111285
2024-08-31 17:00:00,1.3928539758103524,1.3928539758103524
2024-08-31 18:00:00,1.6616069535933935,1.6616069535933935
2024-08-31 19:00:00,1.4184155078907246,1.4184155078907246
2024-08-31 20:00:00,1.6196808016171584,1.6196808016171584
2024-08-31 21:00:00,1.786049656780039,1.786049656780039
2024-08-31 22:00:00,0.0,0.0
2024-08-31 23:00:00,0.0,0.0
2024-09-01 00:00:00,0.0,0.0
2024-09-01 01:00:00,0.0,0.0
2024-09-01 02:00:00,0.0,0.0
2024-09-01 03:00:00,0.0,0.0
2024-09-01 04:00:00,0.0,0.0
2024-09-01 05:00:00,0.0,0.0
2024-09-01 06:00:00,0.0,0.0
2024-09-01 07:00:00,0.0,0.0
2024-09-01 08:00:00,0.0,0.0
2024-09-01 09:00:00,0.0,0.0
2024-09-01 10:00:00,0.06329224615673168,0.06329224615673168
2024-09-01 11:00:00,0.22676244449700503,0.22676244449700503
2024-09-01 12:00:00,0.4259817197604311,0.4259817197604311
2024-09-01 13:00:00,0.5990164403993692,0.5990164403993692
2024-09-01 14:00:00,0.9509898715852527,0.9509898715852527
2024-09-01 15:00:00,1.1691129115152512,1.1691129115152512
2024-09-01 16:00:00,1.1845429147992717,1.1845429147992717
2024-09-01 17:00:00,1.9250226306418856,1.9250226306418856
2024-09-01 18:00:00,1.9174148858656666,1.9174148858656666
2024-09-01 19:00:00,1.8430874996011601,1.8430874996011601
2024-09-01 20:00:00,1.7505666350752698,1.7505666350752698
2024-09-01 21:00:00,1.6420798979358602,1.6420798979358602
2024-09-01 22:00:00,0.0,0.0
2024-09-01 23:00:00,0.0,0.0
2024-09-02 00:00:00,0.0,0.0
2024-09-02 01:00:00,0.0,0.0
2024-09-02 02:00:00,0.0,0.0
2024-09-02 03:00:00,0.0,0.0
2024-09-02 04:00:00,0.0,0.0
2024-09-02 05:00:00,0.0,0.0
2024-09-02 06:00:00,0.0,0.0
2024-09-02 07:00:00,0.0,0.0
2024-09-02 08:00:00,0.0,0.0
2024-09-02 09:00:00,0.0,0.0
2024-09-02 10:00:00,0.10498567888109603,0.10498567888109603
2024-09-02 11:00:00,0.3358672527349643,0.3358672527349643
2024-09-02 12:00:00,0.5699294788521749,0.5699294788521749
2024-09-02 13:00:00,0.889885236322315,0.889885236322315
2024-09-02 14:00:00,1.216806277652557,1.216806277652557
2024-09-02 15:00:00,1.5864560110578443,1.5864560110578443
2024-09-02 16:00:00,1.8388297302146381,1.8388297302146381
2024-09-02 17:00:00,2.23889152523721,2.23889152523721
2024-09-02 18:00:00,2.3304016772306166,2.3304016772306166
2024-09-02 19:00:00,2.3594454848394006,2.3594454848394006
2024-09-02 20:00:00,2.6566405655842003,2.6566405655842003
2024-09-02 21:00:00,2.3479402670130667,2.3479402670130667
2024-09-02 22:00:00,0.0,0.0
2024-09-02 23:00:00,0.0,0.0
2024-09-03 00:00:00,0.0,0.0
2024-09-03 01:00:00,0.0,0.0
2024-09-03 02:00:00,0.0,0.0
2024-09-03 03:00:00,0.0,0.0
2024-09-03 04:00:00,0.0,0.0
2024-09-03 05:00:00,0.0,0.0
2024-09-03 06:00:00,0.0,0.0
2024-09-03 07:00:00,0.0,0.0
2024-09-03 08:00:00,0.0,0.0
2024-09-03 09:00:00,0.0,0.0
2024-09-03 10:00:00,0.10740309416968992,0.10740309416968992
2024-09-03 11:00:00,0.3097455493175749,0.3097455493175749
2024-09-03 12:00:00,0.6811926402293691,0.6811926402293691
2024-09-03 13:00:00,0.9828094732362337,0.9828094732362337
2024-09-03 14:00:00,1.5544473413193198,1.5544473413193198
2024-09-03 15:00:00,1.4862698116107178,1.4862698116107178
2024-09-03 16:00:00,2.277119346934903,2.277119346934903
2024-09-03 17:00:00,2.6821405331407795,2.6821405331407795
2024-09-03 18:00:00,3.0353464375523695,3.0353464375523695
2024-09-03 19:00:00,2.317067571726916,2.317067571726916
2024-09-03 20:00:00,2.234212117797574,2.234212117797574
2024-09-03 21:00:00,2.512227046070878,2.512227046070878
2024-09-03 22:00:00,0.0,0.0
2024-09-03 23:00:00,0.0,0.0
2024-09-04 00:00:00,0.0,0.0
2024-09-04 01:00:00,0.0,0.0
2024-09-04 02:00:00,0.0,0.0
2024-09-04 03:00:00,0.0,0.0
2024-09-04 04:00:00,0.0,0.0
2024-09-04 05:00:00,0.0,0.0
2024-09-04 06:00:00,0.0,0.0
2024-09-04 07:00:00,0.0,0.0
2024-09-04 08:00:00,0.0,0.0
2024-09-04 09:00:00,0.0,0.0
2024-09-04 10:00:00,0.09054192218845752,0.09054192218845752
2024-09-04 11:00:00,0.28463974947129445,0.28463974947129445
2024-09-04 12:00:00,0.5785249713693813,0.5785249713693813
2024-09-04 13:00:00,0.8469396784207458,0.8469396784207458
2024-09-04 14:00:00,1.2673527336055135,1.2673527336055135
2024-09-04 15:00:00,1.5567506435832439,1.5567506435832439
2024-09-04 16:00:00,1.59065939220405,1.59065939220405
2024-09-04 17:00:00,2.2645938634183667,2.2645938634183667
2024-09-04 18:00:00,2.0449711274024263,2.0449711274024263
2024-09-04 19:00:00,2.343676245335604,2.343676245335604
2024-09-04 20:00:00,2.244139184682608,2.244139184682608
2024-09-04 21:00:00,2.250976642880214,2.250976642880214
2024-09-04 22:00:00,0.0,0.0
2024-09-04 23:00:00,0.0,0.0
2024-09-05 00:00:00,0.0,0.0
2024-09-05 01:00:00,0.0,0.0
2024-09-05 02:00:00,0.0,0.0
2024-09-05 03:00:00,0.0,0.0
2024-09-05 04:00:00,0.0,0.0
2024-09-05 05:00:00,0.0,0.0
2024-09-05 06:00:00,0.0,0.0
2024-09-05 07:00:00,0.0,0.0
2024-09-05 08:00:00,0.0,0.0
2024-09-05 09:00:00,0.0,0.0
2024-09-05 10:00:00,0.08800698933473317,0.08800698933473317
2024-09-05 11:00:00,0.28167701969409065,0.28167701969409065
2024-09-05 12:00:00,0.6301128462262097,0.6301128462262097
2024-09-05 13:00:00,0.9249162828576583,0.9249162828576583
2024-09-05 14:00:00,1.1894937671240742,1.1894937671240742
2024-09-05 15:00:00,1.7330195793352914,1.7330195793352914
2024-09-05 16:00:00,1.9349669457223566,1.9349669457223566
2024-09-05 17:00:00,2.151075531183478,2.151075531183478
2024-09-05 18:00:00,2.436916319224959,2.436916319224959
2024-09-05 19:00:00,2.6018544047493837,2.6018544047493837
2024-09-05 20:00:00,2.2127071173898822,2.2127071173898822
2024-09-05 21:00:00,2.41755034465598,2.41755034465598
2024-09-05 22:00:00,0.0,0.0
2024-09-05 23:00:00,0.0,0.0
2024-09-06 00:00:00,0.0,0.0
2024-09-06 01:00:00,0.0,0.0
2024-09-06 02:00:00,0.0,0.0
2024-09-06 03:00:00,0.0,0.0
2024-09-06 04:00:00,0.0,0.0
2024-09-06 05:00:00,0.0,0.0
2024-09-06 06:00:00,0.0,0.0
2024-09-06 07:00:00,0.0,0.0
2024-09-06 08:00:00,0.0,0.0
2024-09-06 09:00:00,0.0,0.0
2024-09-06 10:00:00,0.08170259894075743,0.08170259894075743
2024-09-06 11:00:00,0.314385171385169,0.314385171385169
2024-09-06 12:00:00,0.607484466481909,0.607484466481909
2024-09-06 13:00:00,0.9242486670223379,0.9242486670223379
2024-09-06 14:00:00,1.412114953331475,1.412114953331475
2024-09-06 15:00:00,1.6025876842024953,1.6025876842024953
2024-09-06 16:00:00,1.8848246649620268,1.8848246649620268
2024-09-06 17:00:00,2.1741313021025275,2.1741313021025275
2024-09-06 18:00:00,2.2050870686275736,2.2050870686275736
2024-09-06 19:00:00,2.4632559314817177,2.4632559314817177
2024-09-06 20:00:00,1.8987539712222898,1.8987539712222898
2024-09-06 21:00:00,2.7113149279412174,2.7113149279412174
2024-09-06 22:00:00,0.0,0.0
2024-09-06 23:00:00,0.0,0.0
2024-09-07 00:00:00,0.0,0.0
2024-09-07 01:00:00,0.0,0.0
2024-09-07 02:00:00,0.0,0.0
2024-09-07 03:00:00,0.0,0.0
2024-09-07 04:00:00,0.0,0.0
2024-09-07 05:00:00,0.0,0.0
2024-09-07 06:00:00,0.0,0.0
2024-09-07 07:00:00,0.0,0.0
2024-09-07 08:00:00,0.0,0.0
2024-09-07 09:00:00,0.0,0.0
2024-09-07 10:00:00,0.055260027818194495,0.055260027818194495
2024-09-07 11:00:00,0.200450141473546,0.200450141473546
2024-09-07 12:00:00,0.41287636571413444,0.41287636571413444
2024-09-07 13:00:00,0.5694339243944632,0.5694339243944632
2024-09-07 14:00:00,0.9159004401740223,0.9159004401740223
2024-09-07 15:00:00,0.995941358259773,0.995941358259773
2024-09-07 16:00:00,1.497217915492813,1.497217915492813
2024-09-07 17:00:00,1.7235529531772196,1.7235529531772196
2024-09-07 18:00:00,1.5725162429575716,1.5725162429575716
2024-09-07 19:00:00,1.8293513046223884,1.8293513046223884
2024-09-07 20:00:00,1.7614209800634655,1.7614209800634655
2024-09-07 21:00:00,1.6304182875734998,1.6304182875734998
2024-09-07 22:00:00,0.0,0.0
2024-09-07 23:00:00,0.0,0.0
2024-09-08 00:00:00,0.0,0.0
2024-09-08 01:00:00,0.0,0.0
2024-09-08 02:00:00,0.0,0.0
2024-09-08 03:00:00,0.0,0.0
2024-09-08 04:00:00,0.0,0.0
2024-09-08 05:00:00,0.0,0.0
2024-09-08 06:00:00,0.0,0.0
2024-09-08 07:00:00,0.0,0.0
2024-09-08 08:00:00,0.0,0.0
2024-09-08 09:00:00,0.0,0.0
2024-09-08 10:00:00,0.06384019441782487,0.06384019441782487
2024-09-08 11:00:00,0.23735053007323487,0.23735053007323487
2024-09-08 12:00:00,0.4264087851869951,0.4264087851869951
2024-09-08 13:00:00,0.5890969557381818,0.5890969557381818
2024-09-08 14:00:00,0.8201260863330933,0.8201260863330933
2024-09-08 15:00:00,1.0461556637669707,1.0461556637669707
2024-09-08 16:00:00,1.4789656477978048,1.4789656477978048
2024-09-08 17:00:00,1.6007932238292153,1.6007932238292153
2024-09-08 18:00:00,1.4584595781994951,1.4584595781994951
2024-09-08 19:00:00,1.690426392614338,1.690426392614338
2024-09-08 20:00:00,1.453366157516867,1.453366157516867
2024-09-08 21:00:00,1.766730285191294,1.766730285191294
2024-09-08 22:00:00,0.0,0.0
2024-09-08 23:00:00,0.0,0.0
2024-09-09 00:00:00,0.0,0.0
2024-09-09 01:00:00,0.0,0.0
2024-09-09 02:00:00,0.0,0.0
2024-09-09 03:00:00,0.0,0.0
2024-09-09 04:00:00,0.0,0.0
2024-09-09 05:00:00,0.0,0.0
2024-09-09 06:00:00,0.0,0.0
2024-09-09 07:00:00,0.0,0.0
2024-09-09 08:00:00,0.0,0.0
2024-09-09 09:00:00,0.0,0.0
2024-09-09 10:00:00,0.08246363845227452,0.08246363845227452
2024-09-09 11:00:00,0.3145419247090413,0.3145419247090413
2024-09-09 12:00:00,0.6496765884724103,0.6496765884724103
2024-09-09 13:00:00,0.9516646294525692,0.9516646294525692
2024-09-09 14:00:00,1.2501377346198914,1.2501377346198914
2024-09-09 15:00:00,1.743935832551155,1.743935832551155
2024-09-09 16:00:00,2.056062654023062,2.056062654023062
2024-09-09 17:00:00,2.2595373496954956,2.2595373496954956
2024-09-09 18:00:00,2.7644423136001524,2.7644423136001524
2024-09-09 19:00:00,2.2154450707064965,2.2154450707064965
2024-09-09 20:00:00,2.312341960077026,2.312341960077026
2024-09-09 21:00:00,2.497639830357344,2.497639830357344
2024-09-09 22:00:00,0.0,0.0
2024-09-09 23:00:00,0.0,0.0
2024-09-10 00:00:00,0.0,0.0
2024-09-10 01:00:00,0.0,0.0
2024-09-10 02:00:00,0.0,0.0
2024-09-10 03:00:00,0.0,0.0
2024-09-10 04:00:00,0.0,0.0
2024-09-10 05:00:00,0.0,0.0
2024-09-10 06:00:00,0.0,0.0
2024-09-10 07:00:00,0.0,0.0
2024-09-10 08:00:00,0.0,0.0
2024-09-10 09:00:00,0.0,0.0
2024-09-10 10:00:00,0.08684918290746108,0.08684918290746108
2024-09-10 11:00:00,0.33590571832036176,0.33590571832036176
2024-09-10 12:00:00,0.4892532023557304,0.4892532023557304
2024-09-10 13:00:00,0.9953818638498833,0.9953818638498833
2024-09-10 14:00:00,1.134703930223351,1.134703930223351
2024-09-10 15:00:00,1.6948202486203574,1.6948202486203574
2024-09-10 16:00:00,1.6531457132048637,1.6531457132048637
2024-09-10 17:00:00,2.1321502807247086,2.1321502807247086
2024-09-10 18:00:00,2.2001013436754966,2.2001013436754966
2024-09-10 19:00:00,2.104709593741727,2.104709593741727
2024-09-10 20:00:00,2.2058121518507696,2.2058121518507696
2024-09-10 21:00:00,2.5981228379102146,2.5981228379102146
2024-09-10 22:00:00,0.0,0.0
2024-09-10 23:00:00,0.0,0.0
2024-09-11 00:00:00,0.0,0.0
2024-09-11 01:00:00,0.0,0.0
2024-09-11 02:00:00,0.0,0.0
2024-09-11 03:00:00,0.0,0.0
2024-09-11 04:00:00,0.0,0.0
2024-09-11 05:00:00,0.0,0.0
2024-09-11 06:00:00,0.0,0.0
2024-09-11 07:00:00,0.0,0.0
2024-09-11 08:00:00,0.0,0.0
2024-09-11 09:00:00,0.0,0.0
2024-09-11 10:00:00,0.07863335507381468,0.07863335507381468
2024-09-11 11:00:00,0.33346325502563573,0.33346325502563573
2024-09-11 12:00:00,0.561961568388762,0.561961568388762
2024-09-11 13:00:00,1.0583442755913566,1.0583442755913566
2024-09-11 14:00:00,1.4468611136502343,1.4468611136502343
2024-09-11 15:00:00,1.374349837443635,1.374349837443635
2024-09-11 16:00:00,2.2312143965383586,2.2312143965383586
2024-09-11 17:00:00,2.4344843127622577,2.4344843127622577
2024-09-11 18:00:00,2.3805007578917183,2.3805007578917183
2024-09-11 19:00:00,2.5139057256124726,2.5139057256124726
2024-09-11 20:00:00,2.521205350599869,2.521205350599869
2024-09-11 21:00:00,2.4320761832366222,2.4320761832366222
2024-09-11 22:00:00,0.0,0.0
2024-09-11 23:00:00,0.0,0.0
2024-09-12 00:00:00,0.0,0.0
2024-09-12 01:00:00,0.0,0.0
2024-09-12 02:00:00,0.0,0.0
2024-09-12 03:00:00,0.0,0.0
2024-09-12 04:00:00,0.0,0.0
2024-09-12 05:00:00,0.0,0.0
2024-09-12 06:00:00,0.0,0.0
2024-09-12 07:00:00,0.0,0.0
2024-09-12 08:00:00,0.0,0.0
2024-09-12 09:00:00,0.0,0.0
2024-09-12 10:00:00,0.09262114985979092,0.09262114985979092
2024-09-12 11:00:00,0.37575945510276704,0.37575945510276704
2024-09-12 12:00:00,0.5728290980112104,0.5728290980112104
2024-09-12 13:00:00,0.8605255546276456,0.8605255546276456
2024-09-12 14:00:00,1.282867816230767,1.282867816230767
2024-09-12 15:00:00,1.6368910360728728,1.6368910360728728
2024-09-12 16:00:00,2.060500043314664,2.060500043314664
2024-09-12 17:00:00,2.3242941397828907,2.3242941397828907
2024-09-12 18:00:00,2.7574566487343453,2.7574566487343453
2024-09-12 19:00:00,2.119992517835515,2.119992517835515
2024-09-12 20:00:00,2.483529101094366,2.483529101094366
2024-09-12 21:00:00,2.5576287168834657,2.5576287168834657
2024-09-12 22:00:00,0.0,0.0
2024-09-12 23:00:00,0.0,0.0
2024-09-13 00:00:00,0.0,0.0
2024-09-13 01:00:00,0.0,0.0
2024-09-13 02:00:00,0.0,0.0
2024-09-13 03:00:00,0.0,0.0
2024-09-13 04:00:00,0.0,0.0
2024-09-13 05:00:00,0.0,0.0
2024-09-13 06:00:00,0.0,0.0
2024-09-13 07:00:00,0.0,0.0
2024-09-13 08:00:00,0.0,0.0
2024-09-13 09:00:00,0.0,0.0
2024-09-13 10:00:00,0.0918116071230269,0.0918116071230269
2024-09-13 11:00:00,0.2856935845220127,0.2856935845220127
2024-09-13 12:00:00,0.620609048116566,0.620609048116566
2024-09-13 13:00:00,1.0986443608562175,1.0986443608562175
2024-09-13 14:00:00,1.3447399283073302,1.3447399283073302
2024-09-13 15:00:00,1.6321089232395931,1.6321089232395931
2024-09-13 16:00:00,1.882712543724702,1.882712543724702
2024-09-13 17:00:00,2.600389619566457,2.600389619566457
2024-09-13 18:00:00,2.841084124832375,2.841084124832375
2024-09-13 19:00:00,2.246910455240246,2.246910455240246
2024-09-13 20:00:00,2.471586580682492,2.471586580682492
2024-09-13 21:00:00,2.540967394416306,2.540967394416306
2024-09-13 22:00:00,0.0,0.0
2024-09-13 23:00:00,0.0,0.0
2024-09-14 00:00:00,0.0,0.0
2024-09-14 01:00:00,0.0,0.0
2024-09-14 02:00:00,0.0,0.0
2024-09-14 03:00:00,0.0,0.0
2024-09-14 04:00:00,0.0,0.0
2024-09-14 05:00:00,0.0,0.0
2024-09-14 06:00:00,0.0,0.0
2024-09-14 07:00:00,0.0,0.0
2024-09-14 08:00:00,0.0,0.0
2024-09-14 09:00:00,0.0,0.0
2024-09-14 10:00:00,0.07119206304823972,0.07119206304823972
2024-09-14 11:00:00,0.2387966681625764,0.2387966681625764
2024-09-14 12:00:00,0.47344349900009297,0.47344349900009297
2024-09-14 13:00:00,0.6896991479933323,0.6896991479933323
2024-09-14 14:00:00,1.0679994002367381,1.0679994002367381
2024-09-14 15:00:00,1.2078821580617303,1.2078821580617303
2024-09-14 16:00:00,1.4373314760165243,1.4373314760165243
2024-09-14 17:00:00,1.7141003777227775,1.7141003777227775
2024-09-14 18:00:00,1.542019090655815,1.542019090655815
2024-09-14 19:00:00,1.5816753478404486,1.5816753478404486
2024-09-14 20:00:00,1.9219581894043243,1.9219581894043243
2024-09-14 21:00:00,1.7240860462836622,1.7240860462836622
2024-09-14 22:00:00,0.0,0.0
2024-09-14 23:00:00,0.0,0.0
2024-09-15 00:00:00,0.0,0.0
2024-09-15 01:00:00,0.0,0.0
2024-09-15 02:00:00,0.0,0.0
2024-09-15 03:00:00,0.0,0.0
2024-09-15 04:00:00,0.0,0.0
2024-09-15 05:00:00,0.0,0.0
2024-09-15 06:00:00,0.0,0.0
2024-09-15 07:00:00,0.0,0.0
2024-09-15 08:00:00,0.0,0.0
2024-09-15 09:00:00,0.0,0.0
2024-09-15 10:00:00,0.052877676526560294,0.052877676526560294
2024-09-15 11:00:00,0.20451688349714978,0.20451688349714978
2024-09-15 12:00:00,0.3545037747289743,0.3545037747289743
2024-09-15 13:00:00,0.6969648999471266,0.6969648999471266
2024-09-15 14:00:00,0.9304790439476789,0.9304790439476789
2024-09-15 15:00:00,0.9114965946533995,0.9114965946533995
2024-09-15 16:00:00,1.3666094935083788,1.3666094935083788
2024-09-15 17:00:00,1.6817659835082936,1.6817659835082936
2024-09-15 18:00:00,1.7876310996403508,1.7876310996403508
2024-09-15 19:00:00,1.3911317400153507,1.3911317400153507
2024-09-15 20:00:00,1.3776963931386468,1.3776963931386468
2024-09-15 21:00:00,1.6693815243026178,1.6693815243026178
2024-09-15 22:00:00,0.0,0.0
2024-09-15 23:00:00,0.0,0.0
2024-09-16 00:00:00,0.0,0.0
2024-09-16 01:00:00,0.0,0.0
2024-09-16 02:00:00,0.0,0.0
2024-09-16 03:00:00,0.0,0.0
2024-09-16 04:00:00,0.0,0.0
2024-09-16 05:00:00,0.0,0.0
2024-09-16 06:00:00,0.0,0.0
2024-09-16 07:00:00,0.0,0.0
2024-09-16 08:00:00,0.0,0.0
2024-09-16 09:00:00,0.0,0.0
2024-09-16 10:00:00,0.08193061216076493,0.08193061216076493
2024-09-16 11:00:00,0.3076357273192432,0.3076357273192432
2024-09-16 12:00:00,0.4799182268086412,0.4799182268086412
2024-09-16 13:00:00,0.9279182924066893,0.9279182924066893
2024-09-16 14:00:00,1.3903618662476303,1.3903618662476303
2024-09-16 15:00:00,1.709396467871386,1.709396467871386
2024-09-16 16:00:00,1.7251496299717193,1.7251496299717193
2024-09-16 17:00:00,2.165429971222827,2.165429971222827
2024-09-16 18:00:00,2.265011131772612,2.265011131772612
2024-09-16 19:00:00,2.5353097023226066,2.5353097023226066
2024-09-16 20:00:00,2.1841261572741173,2.1841261572741173
2024-09-16 21:00:00,2.308142404472932,2.308142404472932
2024-09-16 22:00:00,0.0,0.0
2024-09-16 23:00:00,0.0,0.0
2024-09-17 00:00:00,0.0,0.0
2024-09-17 01:00:00,0.0,0.0
2024-09-17 02:00:00,0.0,0.0
2024-09-17 03:00:00,0.0,0.0
2024-09-17 04:00:00,0.0,0.0
2024-09-17 05:00:00,0.0,0.0
2024-09-17 06:00:00,0.0,0.0
2024-09-17 07:00:00,0.0,0.0
2024-09-17 08:00:00,0.0,0.0
2024-09-17 09:00:00,0.0,0.0
2024-09-17 10:00:00,0.09498093543390662,0.09498093543390662
2024-09-17 11:00:00,0.299232927905117,0.299232927905117
2024-09-17 12:00:00,0.5776811348636316,0.5776811348636316
2024-09-17 13:00:00,0.9167324649840909,0.9167324649840909
2024-09-17 14:00:00,1.1761854172051123,1.1761854172051123
2024-09-17 15:00:00,1.5461650528816584,1.5461650528816584
2024-09-17 16:00:00,1.908340247216768,1.908340247216768
2024-09-17 17:00:00,2.134021759987181,2.134021759987181
2024-09-17 18:00:00,2.806827324116341,2.806827324116341
2024-09-17 19:00:00,2.1416004312128916,2.1416004312128916
2024-09-17 20:00:00,2.374812207338785,2.374812207338785
2024-09-17 21:00:00,2.8144702069082026,2.8144702069082026
2024-09-17 22:00:00,0.0,0.0
2024-09-17 23:00:00,0.0,0.0
2024-09-18 00:00:00,0.0,0.0
2024-09-18 01:00:00,0.0,0.0
2024-09-18 02:00:00,0.0,0.0
2024-09-18 03:00:00,0.0,0.0
2024-09-18 04:00:00,0.0,0.0
2024-09-18 05:00:00,0.0,0.0
2024-09-18 06:00:00,0.0,0.0
2024-09-18 07:00:00,0.0,0.0
2024-09-18 08:00:00,0.0,0.0
2024-09-18 09:00:00,0.0,0.0
2024-09-18 10:00:00,0.0926054891220954,0.0926054891220954
2024-09-18 11:00:00,0.3683393169159948,0.3683393169159948
2024-09-18 12:00:00,0.6235462121846319,0.6235462121846319
2024-09-18 13:00:00,0.8701353558569601,0.8701353558569601
2024-09-18 14:00:00,1.509638845153728,1.509638845153728
2024-09-18 15:00:00,1.7042333105162595,1.7042333105162595
2024-09-18 16:00:00,2.3194094088520436,2.3194094088520436
2024-09-18 17:00:00,2.3459745811477086,2.3459745811477086
2024-09-18 18:00:00,2.448029377385445,2.448029377385445
2024-09-18 19:00:00,2.6651680331127263,2.6651680331127263
2024-09-18 20:00:00,2.0911599742713074,2.0911599742713074
2024-09-18 21:00:00,2.7337002106760657,2.7337002106760657
2024-09-18 22:00:00,0.0,0.0
2024-09-18 23:00:00,0.0,0.0
2024-09-19 00:00:00,0.0,0.0
2024-09-19 01:00:00,0.0,0.0
2024-09-19 02:00:00,0.0,0.0
2024-09-19 03:00:00,0.0,0.0
2024-09-19 04:00:00,0.0,0.0
2024-09-19 05:00:00,0.0,0.0
2024-09-19 06:00:00,0.0,0.0
2024-09-19 07:00:00,0.0,0.0
2024-09-19 08:00:00,0.0,0.0
2024-09-19 09:00:00,0.0,0.0
2024-09-19 10:00:00,0.09335331957330002,0.09335331957330002
2024-09-19 11:00:00,0.2816171252423246,0.2816171252423246
2024-09-19 12:00:00,0.5050961075257081,0.5050961075257081
2024-09-19 13:00:00,1.001341435710774,1.001341435710774
2024-09-19 14:00:00,1.1057804383555008,1.1057804383555008
2024-09-19 15:00:00,1.3186200466404576,1.3186200466404576
2024-09-19 16:00:00,1.81475948601467,1.81475948601467
2024-09-19 17:00:00,2.516535214587499,2.516535214587499
2024-09-19 18:00:00,2.619756928311321,2.619756928311321
2024-09-19 19:00:00,2.385462428083533,2.385462428083533
2024-09-19 20:00:00,2.5070845673400854,2.5070845673400854
2024-09-19 21:00:00,2.0486724425549268,2.0486724425549268
2024-09-19 22:00:00,0.0,0.0
2024-09-19 23:00:00,0.0,0.0
2024-09-20 00:00:00,0.0,0.0
2024-09-20 01:00:00,0.0,0.0
2024-09-20 02:00:00,0.0,0.0
2024-09-20 03:00:00,0.0,0.0
2024-09-20 04:00:00,0.0,0.0
2024-09-20 05:00:00,0.0,0.0
2024-09-20 06:00:00,0.0,0.0
2024-09-20 07:00:00,0.0,0.0
2024-09-20 08:00:00,0.0,0.0
2024-09-20 09:00:00,0.0,0.0
2024-09-20 10:00:00,0.09300636401164326,0.09300636401164326
2024-09-20 11:00:00,0.34005060482387195,0.34005060482387195
2024-09-20 12:00:00,0.6725518017771647,0.6725518017771647
2024-09-20 13:00:00,1.0487375932553786,1.0487375932553786
2024-09-20 14:00:00,1.377338137702012,1.377338137702012
2024-09-20 15:00:00,1.498255857451095,1.498255857451095
2024-09-20 16:00:00,2.354936375343559,2.354936375343559
2024-09-20 17:00:00,2.673281445697569,2.673281445697569
2024-09-20 18:00:00,2.865095122767564,2.865095122767564
2024-09-20 19:00:00,2.847371412438523,2.847371412438523
2024-09-20 20:00:00,2.1760514571947147,2.1760514571947147
2024-09-20 21:00:00,3.0782928763447632,3.0782928763447632
2024-09-20 22:00:00,0.0,0.0
2024-09-20 23:00:00,0.0,0.0
2024-09-21 00:00:00,0.0,0.0
2024-09-21 01:00:00,0.0,0.0
2024-09-21 02:00:00,0.0,0.0
2024-09-21 03:00:00,0.0,0.0
2024-09-21 04:00:00,0.0,0.0
2024-09-21 05:00:00,0.0,0.0
2024-09-21 06:00:00,0.0,0.0
2024-09-21 07:00:00,0.0,0.0
2024-09-21 08:00:00,0.0,0.0
2024-09-21 09:00:00,0.0,0.0
2024-09-21 10:00:00,0.05666214073009556,0.05666214073009556
2024-09-21 11:00:00,0.24611771745919875,0.24611771745919875
2024-09-21 12:00:00,0.3486161181656108,0.3486161181656108
2024-09-21 13:00:00,0.631653978480053,0.631653978480053
2024-09-21 14:00:00,0.9261547055202872,0.9261547055202872
2024-09-21 15:00:00,1.071095985663855,1.071095985663855
2024-09-21 16:00:00,1.4376341516678495,1.4376341516678495
2024-09-21 17:00:00,1.7268594231013141,1.7268594231013141
2024-09-21 18:00:00,1.4801419021937352,1.4801419021937352
2024-09-21 19:00:00,1.4453812231043388,1.4453812231043388
2024-09-21 20:00:00,1.5985003306171208,1.5985003306171208
2024-09-21 21:00:00,1.830071186653678,1.830071186653678
2024-09-21 22:00:00,0.0,0.0
2024-09-21 23:00:00,0.0,0.0
2024-09-22 00:00:00,0.0,0.0
2024-09-22 01:00:00,0.0,0.0
2024-09-22 02:00:00,0.0,0.0
2024-09-22 03:00:00,0.0,0.0
2024-09-22 04:00:00,0.0,0.0
2024-09-22 05:00:00,0.0,0.0
2024-09-22 06:00:00,0.0,0.0
2024-09-22 07:00:00,0.0,0.0
2024-09-22 08:00:00,0.0,0.0
2024-09-22 09:00:00,0.0,0.0
2024-09-22 10:00:00,0.06635714866658321,0.06635714866658321
2024-09-22 11:00:00,0.20302933701691758,0.20302933701691758
2024-09-22 12:00:00,0.38399367086244407,0.38399367086244407
2024-09-22 13:00:00,0.5946842022002257,0.5946842022002257
2024-09-22 14:00:00,0.8307373902795627,0.8307373902795627
2024-09-22 15:00:00,0.877973752538503,0.877973752538503
2024-09-22 16:00:00,1.43645641295626,1.43645641295626
2024-09-22 17:00:00,1.6134818286674517,1.6134818286674517
2024-09-22 18:00:00,1.7580598150131022,1.7580598150131022
2024-09-22 19:00:00,1.7696753383938422,1.7696753383938422
2024-09-22 20:00:00,1.3105543641789292,1.3105543641789292
2024-09-22 21:00:00,1.7706373279283518,1.7706373279283518
2024-09-22 22:00:00,0.0,0.0
2024-09-22 23:00:00,0.0,0.0
2024-09-23 00:00:00,0.0,0.0
2024-09-23 01:00:00,0.0,0.0
2024-09-23 02:00:00,0.0,0.0
2024-09-23 03:00:00,0.0,0.0
2024-09-23 04:00:00,0.0,0.0
2024-09-23 05:00:00,0.0,0.0
2024-09-23 06:00:00,0.0,0.0
2024-09-23 07:00:00,0.0,0.0
2024-09-23 08:00:00,0.0,0.0
2024-09-23 09:00:00,0.0,0.0
2024-09-23 10:00:00,0.108485454358009,0.108485454358009
2024-09-23 11:00:00,0.32588115706122844,0.32588115706122844
2024-09-23 12:00:00,0.6210892855248965,0.6210892855248965
2024-09-23 13:00:00,1.0907985296971083,1.0907985296971083
2024-09-23 14:00:00,1.5394912210312197,1.5394912210312197
2024-09-23 15:00:00,1.8787013731646516,1.8787013731646516
2024-09-23 16:00:00,2.3997133249373,2.3997133249373
2024-09-23 17:00:00,2.407526805054287,2.407526805054287
2024-09-23 18:00:00,2.6036113331657216,2.6036113331657216
2024-09-23 19:00:00,2.681597438655071,2.681597438655071
2024-09-23 20:00:00,2.1710724042941822,2.1710724042941822
2024-09-23 21:00:00,2.9247733242979326,2.9247733242979326
2024-09-23 22:00:00,0.0,0.0
2024-09-23 23:00:00,0.0,0.0
2024-09-24 00:00:00,0.0,0.0
2024-09-24 01:00:00,0.0,0.0
2024-09-24 02:00:00,0.0,0.0
2024-09-24 03:00:00,0.0,0.0
2024-09-24 04:00:00,0.0,0.0
2024-09-24 05:00:00,0.0,0.0
2024-09-24 06:00:00,0.0,0.0
2024-09-24 07:00:00,0.0,0.0
2024-09-24 08:00:00,0.0,0.0
2024-09-24 09:00:00,0.0,0.0
2024-09-24 10:00:00,0.09550248660399684,0.09550248660399684
2024-09-24 11:00:00,0.3173439654511828,0.3173439654511828
2024-09-24 12:00:00,0.6962932123967441,0.6962932123967441
2024-09-24 13:00:00,0.8610490895857142,0.8610490895857142
2024-09-24 14:00:00,1.5295516075662174,1.5295516075662174
2024-09-24 15:00:00,1.6326749107541276,1.6326749107541276
2024-09-24 16:00:00,2.0178098369683335,2.0178098369683335
2024-09-24 17:00:00,2.2224276001439396,2.2224276001439396
2024-09-24 18:00:00,2.806925906911374,2.806925906911374
2024-09-24 19:00:00,2.680108359572913,2.680108359572913
2024-09-24 20:00:00,2.32049977089083,2.32049977089083
2024-09-24 21:00:00,2.693634846371124,2.693634846371124
2024-09-24 22:00:00,0.0,0.0
2024-09-24 23:00:00,0.0,0.0
2024-09-25 00:00:00,0.0,0.0
2024-09-25 01:00:00,0.0,0.0
2024-09-25 02:00:00,0.0,0.0
2024-09-25 03:00:00,0.0,0.0
2024-09-25 04:00:00,0.0,0.0
2024-09-25 05:00:00,0.0,0.0
2024-09-25 06:00:00,0.0,0.0
2024-09-25 07:00:00,0.0,0.0
2024-09-25 08:00:00,0.0,0.0
2024-09-25 09:00:00,0.0,0.0
2024-09-25 10:00:00,0.08026843586704513,0.08026843586704513
2024-09-25 11:00:00,0.36548612964173255,0.36548612964173255
2024-09-25 12:00:00,0.6781804337387276,0.6781804337387276
2024-09-25 13:00:00,1.017808944889713,1.017808944889713
2024-09-25 14:00:00,1.3981960767565977,1.3981960767565977
2024-09-25 15:00:00,1.6591030369308077,1.6591030369308077
2024-09-25 16:00:00,1.9842356641110044,1.9842356641110044
2024-09-25 17:00:00,2.2229501544263317,2.2229501544263317
2024-09-25 18:00:00,2.9070924018191966,2.9070924018191966
2024-09-25 19:00:00,2.3049855218180357,2.3049855218180357
2024-09-25 20:00:00,2.270470393937805,2.270470393937805
2024-09-25 21:00:00,2.3840133396782615,2.3840133396782615
2024-09-25 22:00:00,0.0,0.0
2024-09-25 23:00:00,0.0,0.0
2024-09-26 00:00:00,0.0,0.0
2024-09-26 01:00:00,0.0,0.0
2024-09-26 02:00:00,0.0,0.0
2024-09-26 03:00:00,0.0,0.0
2024-09-26 04:00:00,0.0,0.0
2024-09-26 05:00:00,0.0,0.0
2024-09-26 06:00:00,0.0,0.0
2024-09-26 07:00:00,0.0,0.0
2024-09-26 08:00:00,0.0,0.0
2024-09-26 09:00:00,0.0,0.0
2024-09-26 10:00:00,0.09536739895404432,0.09536739895404432
2024-09-26 11:00:00,0.30266710286024584,0.30266710286024584
2024-09-26 12:00:00,0.6468055859031264,0.6468055859031264
2024-09-26 13:00:00,0.9534624410404762,0.9534624410404762
2024-09-26 14:00:00,1.1536291426567515,1.1536291426567515
2024-09-26 15:00:00,1.5164650219596263,1.5164650219596263
2024-09-26 16:00:00,1.6623943310975673,1.6623943310975673
2024-09-26 17:00:00,2.3323310695328616,2.3323310695328616
2024-09-26 18:00:00,2.745983092384927,2.745983092384927
2024-09-26 19:00:00,2.118054588255164,2.118054588255164
2024-09-26 20:00:00,2.5886167585294944,2.5886167585294944
2024-09-26 21:00:00,2.191685676128522,2.191685676128522
2024-09-26 22:00:00,0.0,0.0
2024-09-26 23:00:00,0.0,0.0
2024-09-27 00:00:00,0.0,0.0
2024-09-27 01:00:00,0.0,0.0
2024-09-27 02:00:00,0.0,0.0
2024-09-27 03:00:00,0.0,0.0
2024-09-27 04:00:00,0.0,0.0
2024-09-27 05:00:00,0.0,0.0
2024-09-27 06:00:00,0.0,0.0
2024-09-27 07:00:00,0.0,0.0
2024-09-27 08:00:00,0.0,0.0
2024-09-27 09:00:00,0.0,0.0
2024-09-27 10:00:00,0.1027239024344377,0.1027239024344377
2024-09-27 11:00:00,0.29000071815189093,0.29000071815189093
2024-09-27 12:00:00,0.6842896792366654,0.6842896792366654
2024-09-27 13:00:00,0.8527114397387434,0.8527114397387434
2024-09-27 14:00:00,1.3309591189407675,1.3309591189407675
2024-09-27 15:00:00,1.6853395850954478,1.6853395850954478
2024-09-27 16:00:00,1.9456475796512926,1.9456475796512926
2024-09-27 17:00:00,2.6996088854212967,2.6996088854212967
2024-09-27 18:00:00,2.809564241575306,2.809564241575306
2024-09-27 19:00:00,2.689035328284194,2.689035328284194
2024-09-27 20:00:00,2.1905189011989044,2.1905189011989044
2024-09-27 21:00:00,2.3946446074406498,2.3946446074406498
2024-09-27 22:00:00,0.0,0.0
2024-09-27 23:00:00,0.0,0.0
2024-09-28 00:00:00,0.0,0.0
2024-09-28 01:00:00,0.0,0.0
2024-09-28 02:00:00,0.0,0.0
2024-09-28 03:00:00,0.0,0.0
2024-09-28 04:00:00,0.0,0.0
2024-09-28 05:00:00,0.0,0.0
2024-09-28 06:00:00,0.0,0.0
2024-09-28 07:00:00,0.0,0.0
2024-09-28 08:00:00,0.0,0.0
2024-09-28 09:00:00,0.0,0.0
2024-09-28 10:00:00,0.060911772439243,0.060911772439243
2024-09-28 11:00:00,0.19815657665594633,0.19815657665594633
2024-09-28 12:00:00,0.4044267062296227,0.4044267062296227
2024-09-28 13:00:00,0.7083298540807696,0.7083298540807696
2024-09-28 14:00:00,0.7794375015189194,0.7794375015189194
2024-09-28 15:00:00,1.143379135626775,1.143379135626775
2024-09-28 16:00:00,1.203645509859675,1.203645509859675
2024-09-28 17:00:00,1.4765272024158775,1.4765272024158775
2024-09-28 18:00:00,1.8709675546019016,1.8709675546019016
2024-09-28 19:00:00,1.3405952933104917,1.3405952933104917
2024-09-28 20:00:00,1.6734751987640857,1.6734751987640857
2024-09-28 21:00:00,1.49341486117797,1.49341486117797
2024-09-28 22:00:00,0.0,0.0
2024-09-28 23:00:00,0.0,0.0
2024-09-29 00:00:00,0.0,0.0
2024-09-29 01:00:00,0.0,0.0
2024-09-29 02:00:00,0.0,0.0
2024-09-29 03:00:00,0.0,0.0
2024-09-29 04:00:00,0.0,0.0
2024-09-29 05:00:00,0.0,0.0
2024-09-29 06:00:00,0.0,0.0
2024-09-29 07:00:00,0.0,0.0
2024-09-29 08:00:00,0.0,0.0
2024-09-29 09:00:00,0.0,0.0
2024-09-29 10:00:00,0.07278913860258061,0.07278913860258061
2024-09-29 11:00:00,0.241738886659818,0.241738886659818
2024-09-29 12:00:00,0.46026528847975534,0.46026528847975534
2024-09-29 13:00:00,0.6198283695049241,0.6198283695049241
2024-09-29 14:00:00,0.9678600926675917,0.9678600926675917
2024-09-29 15:00:00,1.2089042302086992,1.2089042302086992
2024-09-29 16:00:00,1.3500724671657796,1.3500724671657796
2024-09-29 17:00:00,1.938613090487408,1.938613090487408
2024-09-29 18:00:00,1.705464266607219,1.705464266607219
2024-09-29 19:00:00,1.595792891700619,1.595792891700619
2024-09-29 20:00:00,1.477489915931519,1.477489915931519
2024-09-29 21:00:00,1.767015891898636,1.767015891898636
2024-09-29 22:00:00,0.0,0.0
2024-09-29 23:00:00,0.0,0.0
2024-09-30 00:00:00,0.0,0.0
2024-09-30 01:00:00,0.0,0.0
2024-09-30 02:00:00,0.0,0.0
2024-09-30 03:00:00,0.0,0.0
2024-09-30 04:00:00,0.0,0.0
2024-09-30 05:00:00,0.0,0.0
2024-09-30 06:00:00,0.0,0.0
2024-09-30 07:00:00,0.0,0.0
2024-09-30 08:00:00,0.0,0.0
2024-09-30 09:00:00,0.0,0.0
2024-09-30 10:00:00,0.09128090521087695,0.09128090521087695
2024-09-30 11:00:00,0.3373651408808648,0.3373651408808648
2024-09-30 12:00:00,0.6768591316764518,0.6768591316764518
2024-09-30 13:00:00,0.9095073357217935,0.9095073357217935
2024-09-30 14:00:00,1.4959256884925585,1.4959256884925585
2024-09-30 15:00:00,1.6235944651624714,1.6235944651624714
2024-09-30 16:00:00,1.8497438241222697,1.8497438241222697
2024-09-30 17:00:00,2.1798345172426212,2.1798345172426212
2024-09-30 18:00:00,2.6414611419672216,2.6414611419672216
2024-09-30 19:00:00,2.2615128306171624,2.2615128306171624
2024-09-30 20:00:00,2.5237635570715056,2.5237635570715056
2024-09-30 21:00:00,2.760542433367334,2.760542433367334
2024-09-30 22:00:00,0.0,0.0
2024-09-30 23:00:00,0.0,0.0
2024-10-01 00:00:00,0.0,0.0
2024-10-01 01:00:00,0.0,0.0
2024-10-01 02:00:00,0.0,0.0
2024-10-01 03:00:00,0.0,0.0
2024-10-01 04:00:00,0.0,0.0
2024-10-01 05:00:00,0.0,0.0
2024-10-01 06:00:00,0.0,0.0
2024-10-01 07:00:00,0.0,0.0
2024-10-01 08:00:00,0.0,0.0
2024-10-01 09:00:00,0.0,0.0
2024-10-01 10:00:00,0.09652922395293723,0.09652922395293723
2024-10-01 11:00:00,0.33682127492875974,0.33682127492875974
2024-10-01 12:00:00,0.5207897598337515,0.5207897598337515
2024-10-01 13:00:00,0.952025181575092,0.952025181575092
2024-10-01 14:00:00,1.2661731161499916,1.2661731161499916
2024-10-01 15:00:00,1.8396190900929135,1.8396190900929135
2024-10-01 16:00:00,1.7928592974424156,1.7928592974424156
2024-10-01 17:00:00,2.6206290891219406,2.6206290891219406
2024-10-01 18:00:00,2.5671822411115706,2.5671822411115706
2024-10-01 19:00:00,2.4917228477209057,2.4917228477209057
2024-10-01 20:00:00,2.740824934860221,2.740824934860221
2024-10-01 21:00:00,2.5075717165538975,2.5075717165538975
2024-10-01 22:00:00,0.0,0.0
2024-10-01 23:00:00,0.0,0.0
2024-10-02 00:00:00,0.0,0.0
2024-10-02 01:00:00,0.0,0.0
2024-10-02 02:00:00,0.0,0.0
2024-10-02 03:00:00,0.0,0.0
2024-10-02 04:00:00,0.0,0.0
2024-10-02 05:00:00,0.0,0.0
2024-10-02 06:00:00,0.0,0.0
2024-10-02 07:00:00,0.0,0.0
2024-10-02 08:00:00,0.0,0.0
2024-10-02 09:00:00,0.0,0.0
2024-10-02 10:00:00,0.0894260560176191,0.0894260560176191
2024-10-02 11:00:00,0.35292591724025274,0.35292591724025274
2024-10-02 12:00:00,0.5537507218656574,0.5537507218656574
2024-10-02 13:00:00,0.9776457748050984,0.9776457748050984
2024-10-02 14:00:00,1.2752878670002292,1.2752878670002292
2024-10-02 15:00:00,1.3819247912372827,1.3819247912372827
2024-10-02 16:00:00,2.162166757139168,2.162166757139168
2024-10-02 17:00:00,2.7220818237167816,2.7220818237167816
2024-10-02 18:00:00,2.9849021616001448,2.9849021616001448
2024-10-02 19:00:00,2.2163951344209027,2.2163951344209027
2024-10-02 20:00:00,2.601197891981238,2.601197891981238
2024-10-02 21:00:00,3.006715655918608,3.006715655918608
2024-10-02 22:00:00,0.0,0.0
2024-10-02 23:00:00,0.0,0.0
2024-10-03 00:00:00,0.0,0.0
2024-10-03 01:00:00,0.0,0.0
2024-10-03 02:00:00,0.0,0.0
2024-10-03 03:00:00,0.0,0.0
2024-10-03 04:00:00,0.0,0.0
2024-10-03 05:00:00,0.0,0.0
2024-10-03 06:00:00,0.0,0.0
2024-10-03 07:00:00,0.0,0.0
2024-10-03 08:00:00,0.0,0.0
2024-10-03 09:00:00,0.0,0.0
2024-10-03 10:00:00,0.08919474252477688,0.08919474252477688
2024-10-03 11:00:00,0.3319112612736683,0.3319112612736683
2024-10-03 12:00:00,0.6456700391780812,0.6456700391780812
2024-10-03 13:00:00,0.9013738312613606,0.9013738312613606
2024-10-03 14:00:00,1.6928465865988533,1.6928465865988533
2024-10-03 15:00:00,1.7243988991667742,1.7243988991667742
2024-10-03 16:00:00,1.9754270279333312,1.9754270279333312
2024-10-03 17:00:00,2.5408411565667635,2.5408411565667635
2024-10-03 18:00:00,3.013867985609237,3.013867985609237
2024-10-03 19:00:00,2.7143122555491965,2.7143122555491965
2024-10-03 20:00:00,2.5562650705968633,2.5562650705968633
2024-10-03 21:00:00,2.6793262913303333,2.6793262913303333
2024-10-03 22:00:00,0.0,0.0
2024-10-03 23:00:00,0.0,0.0
2024-10-04 00:00:00,0.0,0.0
2024-10-04 01:00:00,0.0,0.0
2024-10-04 02:00:00,0.0,0.0
2024-10-04 03:00:00,0.0,0.0
2024-10-04 04:00:00,0.0,0.0
2024-10-04 05:00:00,0.0,0.0
2024-10-04 06:00:00,0.0,0.0
2024-10-04 07:00:00,0.0,0.0
2024-10-04 08:00:00,0.0,0.0
2024-10-04 09:00:00,0.0,0.0
2024-10-04 10:00:00,0.08355708421588752,0.08355708421588752
2024-10-04 11:00:00,0.34449129063222267,0.34449129063222267
2024-10-04 12:00:00,0.5859647960071589,0.5859647960071589
2024-10-04 13:00:00,0.9358710346573658,0.9358710346573658
2024-10-04 14:00:00,1.6022006199007326,1.6022006199007326
2024-10-04 15:00:00,1.4769418651563906,1.4769418651563906
2024-10-04 16:00:00,2.2728765753755087,2.2728765753755087
2024-10-04 17:00:00,2.421333243542557,2.421333243542557
2024-10-04 18:00:00,2.2558277474155912,2.2558277474155912
2024-10-04 19:00:00,2.1365314304123264,2.1365314304123264
2024-10-04 20:00:00,2.401609729770343,2.401609729770343
2024-10-04 21:00:00,2.6433542449858622,2.6433542449858622
2024-10-04 22:00:00,0.0,0.0
2024-10-04 23:00:00,0.0,0.0
2024-10-05 00:00:00,0.0,0.0
2024-10-05 01:00:00,0.0,0.0
2024-10-05 02:00:00,0.0,0.0
2024-10-05 03:00:00,0.0,0.0
2024-10-05 04:00:00,0.0,0.0
2024-10-05 05:00:00,0.0,0.0
2024-10-05 06:00:00,0.0,0.0
2024-10-05 07:00:00,0.0,0.0
2024-10-05 08:00:00,0.0,0.0
2024-10-05 09:00:00,0.0,0.0
2024-10-05 10:00:00,0.05816617967447235,0.05816617967447235
2024-10-05 11:00:00,0.1909311932368403,0.1909311932368403
2024-10-05 12:00:00,0.4261505267661734,0.4261505267661734
2024-10-05 13:00:00,0.6150441520571643,0.6150441520571643
2024-10-05 14:00:00,0.8744291525869973,0.8744291525869973
2024-10-05 15:00:00,1.255666314381815,1.255666314381815
2024-10-05 16:00:00,1.2490019806522301,1.2490019806522301
2024-10-05 17:00:00,1.4911093732184488,1.4911093732184488
2024-10-05 18:00:00,1.9956617368764051,1.9956617368764051
2024-10-05 19:00:00,1.5621976353232239,1.5621976353232239
2024-10-05 20:00:00,1.5898661915483596,1.5898661915483596
2024-10-05 21:00:00,1.5682835537887152,1.5682835537887152
2024-10-05 22:00:00,0.0,0.0
2024-10-05 23:00:00,0.0,0.0
2024-10-06 00:00:00,0.0,0.0
2024-10-06 01:00:00,0.0,0.0
2024-10-06 02:00:00,0.0,0.0
2024-10-06 03:00:00,0.0,0.0
2024-10-06 04:00:00,0.0,0.0
2024-10-06 05:00:00,0.0,0.0
2024-10-06 06:00:00,0.0,0.0
2024-10-06 07:00:00,0.0,0.0
2024-10-06 08:00:00,0.0,0.0
2024-10-06 09:00:00,0.0,0.0
2024-10-06 10:00:00,0.06405464040353945,0.06405464040353945
2024-10-06 11:00:00,0.2508657586802828,0.2508657586802828
2024-10-06 12:00:00,0.47409007559112315,0.47409007559112315
2024-10-06 13:00:00,0.5793963520198235,0.5793963520198235
2024-10-06 14:00:00,0.947864823296831,0.947864823296831
2024-10-06 15:00:00,1.0314625973707316,1.0314625973707316
2024-10-06 16:00:00,1.638102709578714,1.638102709578714
2024-10-06 17:00:00,2.0163919870486207,2.0163919870486207
2024-10-06 18:00:00,1.9752981687210198,1.9752981687210198
2024-10-06 19:00:00,1.603676116588899,1.603676116588899
2024-10-06 20:00:00,1.9208549159799322,1.9208549159799322
2024-10-06 21:00:00,1.5864893895875172,1.5864893895875172
2024-10-06 22:00:00,0.0,0.0
2024-10-06 23:00:00,0.0,0.0
2024-10-07 00:00:00,0.0,0.0
2024-10-07 01:00:00,0.0,0.0
2024-10-07 02:00:00,0.0,0.0
2024-10-07 03:00:00,0.0,0.0
2024-10-07 04:00:00,0.0,0.0
2024-10-07 05:00:00,0.0,0.0
2024-10-07 06:00:00,0.0,0.0
2024-10-07 07:00:00,0.0,0.0
2024-10-07 08:00:00,0.0,0.0
2024-10-07 09:00:00,0.0,0.0
2024-10-07 10:00:00,0.10379208514227044,0.10379208514227044
2024-10-07 11:00:00,0.31070636099696836,0.31070636099696836
2024-10-07 12:00:00,0.5577646283606081,0.5577646283606081
2024-10-07 13:00:00,1.1272828904525845,1.1272828904525845
2024-10-07 14:00:00,1.45443451374777,1.45443451374777
2024-10-07 15:00:00,1.5985728974233357,1.5985728974233357
2024-10-07 16:00:00,1.9085971993793458,1.9085971993793458
2024-10-07 17:00:00,3.0189160457101876,3.0189160457101876
2024-10-07 18:00:00,2.8402937992807944,2.8402937992807944
2024-10-07 19:00:00,2.3009949308973585,2.3009949308973585
2024-10-07 20:00:00,2.183760073403364,2.183760073403364
2024-10-07 21:00:00,2.4731881619772746,2.4731881619772746
2024-10-07 22:00:00,0.0,0.0
2024-10-07 23:00:00,0.0,0.0
2024-10-08 00:00:00,0.0,0.0
2024-10-08 01:00:00,0.0,0.0
2024-10-08 02:00:00,0.0,0.0
2024-10-08 03:00:00,0.0,0.0
2024-10-08 04:00:00,0.0,0.0
2024-10-08 05:00:00,0.0,0.0
2024-10-08 06:00:00,0.0,0.0
2024-10-08 07:00:00,0.0,0.0
2024-10-08 08:00:00,0.0,0.0
2024-10-08 09:00:00,0.0,0.0
2024-10-08 10:00:00,0.0770925416580364,0.0770925416580364
2024-10-08 11:00:00,0.3148334923153404,0.3148334923153404
2024-10-08 12:00:00,0.49314002290537273,0.49314002290537273
2024-10-08 13:00:00,0.7784425964077077,0.7784425964077077
2024-10-08 14:00:00,1.1163774326325864,1.1163774326325864
2024-10-08 15:00:00,1.5357614116800653,1.5357614116800653
2024-10-08 16:00:00,2.04589029051616,2.04589029051616
2024-10-08 17:00:00,2.1787635790083555,2.1787635790083555
2024-10-08 18:00:00,2.6911259346923826,2.6911259346923826
2024-10-08 19:00:00,2.442919948720236,2.442919948720236
2024-10-08 20:00:00,1.9421270398708548,1.9421270398708548
2024-10-08 21:00:00,2.3615480264151496,2.3615480264151496
2024-10-08 22:00:00,0.0,0.0
2024-10-08 23:00:00,0.0,0.0
2024-10-09 00:00:00,0.0,0.0
2024-10-09 01:00:00,0.0,0.0
2024-10-09 02:00:00,0.0,0.0
2024-10-09 03:00:00,0.0,0.0
2024-10-09 04:00:00,0.0,0.0
2024-10-09 05:00:00,0.0,0.0
2024-10-09 06:00:00,0.0,0.0
2024-10-09 07:00:00,0.0,0.0
2024-10-09 08:00:00,0.0,0.0
2024-10-09 09:00:00,0.0,0.0
2024-10-09 10:00:00,0.09517108024749021,0.09517108024749021
2024-10-09 11:00:00,0.3665836431110732,0.3665836431110732
2024-10-09 12:00:00,0.6950710950080483,0.6950710950080483
2024-10-09 13:00:00,0.8894300649816173,0.8894300649816173
2024-10-09 14:00:00,1.3234182742413372,1.3234182742413372
2024-10-09 15:00:00,1.4291471111859657,1.4291471111859657
2024-10-09 16:00:00,2.382794189771411,2.382794189771411
2024-10-09 17:00:00,2.822878597086671,2.822878597086671
2024-10-09 18:00:00,2.624501181350559,2.624501181350559
2024-10-09 19:00:00,2.5463462063239835,2.5463462063239835
2024-10-09 20:00:00,2.5113385723470247,2.5113385723470247
2024-10-09 21:00:00,2.494221813165287,2.494221813165287
2024-10-09 22:00:00,0.0,0.0
2024-10-09 23:00:00,0.0,0.0
2024-10-10 00:00:00,0.0,0.0
2024-10-10 01:00:00,0.0,0.0
2024-10-10 02:00:00,0.0,0.0
2024-10-10 03:00:00,0.0,0.0
2024-10-10 04:00:00,0.0,0.0
2024-10-10 05:00:00,0.0,0.0
2024-10-10 06:00:00,0.0,0.0
2024-10-10 07:00:00,0.0,0.0
2024-10-10 08:00:00,0.0,0.0
2024-10-10 09:00:00,0.0,0.0
2024-10-10 10:00:00,0.08383106291088277,0.08383106291088277
2024-10-10 11:00:00,0.2780250207699832,0.2780250207699832
2024-10-10 12:00:00,0.4717693630197425,0.4717693630197425
2024-10-10 13:00:00,0.9476340842968982,0.9476340842968982
2024-10-10 14:00:00,1.3475387288647214,1.3475387288647214
2024-10-10 15:00:00,1.5680014643416538,1.5680014643416538
2024-10-10 16:00:00,1.846183406290318,1.846183406290318
2024-10-10 17:00:00,2.4558543606976935,2.4558543606976935
2024-10-10 18:00:00,2.4413646078692057,2.4413646078692057
2024-10-10 19:00:00,2.0779096692984296,2.0779096692984296
2024-10-10 20:00:00,2.2448508792961555,2.2448508792961555
2024-10-10 21:00:00,2.448761478682418,2.448761478682418
2024-10-10 22:00:00,0.0,0.0
2024-10-10 23:00:00,0.0,0.0
2024-10-11 00:00:00,0.0,0.0
2024-10-11 01:00:00,0.0,0.0
2024-10-11 02:00:00,0.0,0.0
2024-10-11 03:00:00,0.0,0.0
2024-10-11 04:00:00,0.0,0.0
2024-10-11 05:00:00,0.0,0.0
2024-10-11 06:00:00,0.0,0.0
2024-10-11 07:00:00,0.0,0.0
2024-10-11 08:00:00,0.0,0.0
2024-10-11 09:00:00,0.0,0.0
2024-10-11 10:00:00,0.09597973606318082,0.09597973606318082
2024-10-11 11:00:00,0.31630523435107133,0.31630523435107133
2024-10-11 12:00:00,0.509490014671171,0.509490014671171
2024-10-11 13:00:00,1.0536910306215332,1.0536910306215332
2024-10-11 14:00:00,1.3556922229806752,1.3556922229806752
2024-10-11 15:00:00,1.730704915294759,1.730704915294759
2024-10-11 16:00:00,2.1730007528408564,2.1730007528408564
2024-10-11 17:00:00,2.0942498552395192,2.0942498552395192
2024-10-11 18:00:00,2.31000573696899,2.31000573696899
2024-10-11 19:00:00,2.229547557013331,2.229547557013331
2024-10-11 20:00:00,2.345401912620109,2.345401912620109
2024-10-11 21:00:00,2.2095098598382013,2.2095098598382013
2024-10-11 22:00:00,0.0,0.0
2024-10-11 23:00:00,0.0,0.0
2024-10-12 00:00:00,0.0,0.0
2024-10-12 01:00:00,0.0,0.0
2024-10-12 02:00:00,0.0,0.0
2024-10-12 03:00:00,0.0,0.0
2024-10-12 04:00:00,0.0,0.0
2024-10-12 05:00:00,0.0,0.0
2024-10-12 06:00:00,0.0,0.0
2024-10-12 07:00:00,0.0,0.0
2024-10-12 08:00:00,0.0,0.0
2024-10-12 09:00:00,0.0,0.0
2024-10-12 10:00:00,0.06573350400816232,0.06573350400816232
2024-10-12 11:00:00,0.2436464572449725,0.2436464572449725
2024-10-12 12:00:00,0.3364966616782075,0.3364966616782075
2024-10-12 13:00:00,0.7118461120480506,0.7118461120480506
2024-10-12 14:00:00,0.8433085076999127,0.8433085076999127
2024-10-12 15:00:00,1.1018859853323841,1.1018859853323841
2024-10-12 16:00:00,1.1934165874449434,1.1934165874449434
2024-10-12 17:00:00,1.8146841914195968,1.8146841914195968
2024-10-12 18:00:00,1.8523141349438035,1.8523141349438035
2024-10-12 19:00:00,1.8120045726125378,1.8120045726125378
2024-10-12 20:00:00,1.800820748424159,1.800820748424159
2024-10-12 21:00:00,1.495592047760237,1.495592047760237
2024-10-12 22:00:00,0.0,0.0
2024-10-12 23:00:00,0.0,0.0
2024-10-13 00:00:00,0.0,0.0
2024-10-13 01:00:00,0.0,0.0
2024-10-13 02:00:00,0.0,0.0
2024-10-13 03:00:00,0.0,0.0
2024-10-13 04:00:00,0.0,0.0
2024-10-13 05:00:00,0.0,0.0
2024-10-13 06:00:00,0.0,0.0
2024-10-13 07:00:00,0.0,0.0
2024-10-13 08:00:00,0.0,0.0
2024-10-13 09:00:00,0.0,0.0
2024-10-13 10:00:00,0.05780922829626509,0.05780922829626509
2024-10-13 11:00:00,0.21341030511862968,0.21341030511862968
2024-10-13 12:00:00,0.33406550893758896,0.33406550893758896
2024-10-13 13:00:00,0.6227663188973982,0.6227663188973982
2024-10-13 14:00:00,0.8536415916212837,0.8536415916212837
2024-10-13 15:00:00,0.9752700503315884,0.9752700503315884
2024-10-13 16:00:00,1.222245626779759,1.222245626779759
2024-10-13 17:00:00,1.718573901695135,1.718573901695135
2024-10-13 18:00:00,1.632604425349773,1.632604425349773
2024-10-13 19:00:00,1.5382824971063747,1.5382824971063747
2024-10-13 20:00:00,1.3985176234464152,1.3985176234464152
2024-10-13 21:00:00,1.9371596429170173,1.9371596429170173
2024-10-13 22:00:00,0.0,0.0
2024-10-13 23:00:00,0.0,0.0
2024-10-14 00:00:00,0.0,0.0
2024-10-14 01:00:00,0.0,0.0
2024-10-14 02:00:00,0.0,0.0
2024-10-14 03:00:00,0.0,0.0
2024-10-14 04:00:00,0.0,0.0
2024-10-14 05:00:00,0.0,0.0
2024-10-14 06:00:00,0.0,0.0
2024-10-14 07:00:00,0.0,0.0
2024-10-14 08:00:00,0.0,0.0
2024-10-14 09:00:00,0.0,0.0
2024-10-14 10:00:00,0.08922135567789599,0.08922135567789599
2024-10-14 11:00:00,0.33706576985094605,0.33706576985094605
2024-10-14 12:00:00,0.6244147337187668,0.6244147337187668
2024-10-14 13:00:00,0.7710651326164629,0.7710651326164629
2024-10-14 14:00:00,1.4588112831498685,1.4588112831498685
2024-10-14 15:00:00,1.5658464960112095,1.5658464960112095
2024-10-14 16:00:00,1.9106371620831983,1.9106371620831983
2024-10-14 17:00:00,2.2683914707637647,2.2683914707637647
2024-10-14 18:00:00,2.2456275412896227,2.2456275412896227
2024-10-14 19:00:00,2.4307477488738787,2.4307477488738787
2024-10-14 20:00:00,2.30768493099061,2.30768493099061
2024-10-14 21:00:00,2.1925536539543438,2.1925536539543438
2024-10-14 22:00:00,0.0,0.0
2024-10-14 23:00:00,0.0,0.0
2024-10-15 00:00:00,0.0,0.0
2024-10-15 01:00:00,0.0,0.0
2024-10-15 02:00:00,0.0,0.0
2024-10-15 03:00:00,0.0,0.0
2024-10-15 04:00:00,0.0,0.0
2024-10-15 05:00:00,0.0,0.0
2024-10-15 06:00:00,0.0,0.0
2024-10-15 07:00:00,0.0,0.0
2024-10-15 08:00:00,0.0,0.0
2024-10-15 09:00:00,0.0,0.0
2024-10-15 10:00:00,0.07790250149956163,0.07790250149956163
2024-10-15 11:00:00,0.35841663472028146,0.35841663472028146
2024-10-15 12:00:00,0.5840576407055538,0.5840576407055538
2024-10-15 13:00:00,0.8266194652683542,0.8266194652683542
2024-10-15 14:00:00,1.3666012884676644,1.3666012884676644
2024-10-15 15:00:00,1.655204122343002,1.655204122343002
2024-10-15 16:00:00,1.873457004268386,1.873457004268386
2024-10-15 17:00:00,2.1160320730143716,2.1160320730143716
2024-10-15 18:00:00,2.607735849125925,2.607735849125925
2024-10-15 19:00:00,2.0456852163885375,2.0456852163885375
2024-10-15 20:00:00,2.302335243403698,2.302335243403698
2024-10-15 21:00:00,2.8163874395476034,2.8163874395476034
2024-10-15 22:00:00,0.0,0.0
2024-10-15 23:00:00,0.0,0.0
2024-10-16 00:00:00,0.0,0.0
2024-10-16 01:00:00,0.0,0.0
2024-10-16 02:00:00,0.0,0.0
2024-10-16 03:00:00,0.0,0.0
2024-10-16 04:00:00,0.0,0.0
2024-10-16 05:00:00,0.0,0.0
2024-10-16 06:00:00,0.0,0.0
2024-10-16 07:00:00,0.0,0.0
2024-10-16 08:00:00,0.0,0.0
2024-10-16 09:00:00,0.0,0.0
2024-10-16 10:00:00,0.07528786775439845,0.07528786775439845
2024-10-16 11:00:00,0.3236680766068348,0.3236680766068348
2024-10-16 12:00:00,0.5221571831901833,0.5221571831901833
2024-10-16 13:00:00,0.8031557364113473,0.8031557364113473
2024-10-16 14:00:00,1.053562918269245,1.053562918269245
2024-10-16 15:00:00,1.3878446887460942,1.3878446887460942
2024-10-16 16:00:00,1.7918301226976956,1.7918301226976956
2024-10-16 17:00:00,2.1815322048449532,2.1815322048449532
2024-10-16 18:00:00,2.123959654832476,2.123959654832476
2024-10-16 19:00:00,2.06240858480426,2.06240858480426
2024-10-16 20:00:00,2.2163571747775777,2.2163571747775777
2024-10-16 21:00:00,2.5939949702330445,2.5939949702330445
2024-10-16 22:00:00,0.0,0.0
2024-10-16 23:00:00,0.0,0.0
2024-10-17 00:00:00,0.0,0.0
2024-10-17 01:00:00,0.0,0.0
2024-10-17 02:00:00,0.0,0.0
2024-10-17 03:00:00,0.0,0.0
2024-10-17 04:00:00,0.0,0.0
2024-10-17 05:00:00,0.0,0.0
2024-10-17 06:00:00,0.0,0.0
2024-10-17 07:00:00,0.0,0.0
2024-10-17 08:00:00,0.0,0.0
2024-10-17 09:00:00,0.0,0.0
2024-10-17 10:00:00,0.08542102379867118,0.08542102379867118
2024-10-17 11:00:00,0.32819339754479165,0.32819339754479165
2024-10-17 12:00:00,0.6494984278741351,0.6494984278741351
2024-10-17 13:00:00,0.9964160474360404,0.9964160474360404
2024-10-17 14:00:00,1.5876735471914794,1.5876735471914794
2024-10-17 15:00:00,1.8764185496892223,1.8764185496892223
2024-10-17 16:00:00,2.095843004312896,2.095843004312896
2024-10-17 17:00:00,3.0218193991335185,3.0218193991335185
2024-10-17 18:00:00,2.3333510872706857,2.3333510872706857
2024-10-17 19:00:00,2.3556512139487706,2.3556512139487706
2024-10-17 20:00:00,2.437714460432825,2.437714460432825
2024-10-17 21:00:00,2.798440447686673,2.798440447686673
2024-10-17 22:00:00,0.0,0.0
2024-10-17 23:00:00,0.0,0.0
2024-10-18 00:00:00,0.0,0.0
2024-10-18 01:00:00,0.0,0.0
2024-10-18 02:00:00,0.0,0.0
2024-10-18 03:00:00,0.0,0.0
2024-10-18 04:00:00,0.0,0.0
2024-10-18 05:00:00,0.0,0.0
2024-10-18 06:00:00,0.0,0.0
2024-10-18 07:00:00,0.0,0.0
2024-10-18 08:00:00,0.0,0.0
2024-10-18 09:00:00,0.0,0.0
2024-10-18 10:00:00,0.10264427206788035,0.10264427206788035
2024-10-18 11:00:00,0.36331536157751954,0.36331536157751954
2024-10-18 12:00:00,0.7155609658058862,0.7155609658058862
2024-10-18 13:00:00,1.0231904624523407,1.0231904624523407
2024-10-18 14:00:00,1.5281657900253987,1.5281657900253987
2024-10-18 15:00:00,1.687605432338047,1.687605432338047
2024-10-18 16:00:00,2.2547430477972332,2.2547430477972332
2024-10-18 17:00:00,2.6283161651593594,2.6283161651593594
2024-10-18 18:00:00,2.4218491981281227,2.4218491981281227
2024-10-18 19:00:00,2.9369547454443,2.9369547454443
2024-10-18 20:00:00,2.7052636265521746,2.7052636265521746
2024-10-18 21:00:00,2.8617729293465746,2.8617729293465746
2024-10-18 22:00:00,0.0,0.0
2024-10-18 23:00:00,0.0,0.0
2024-10-19 00:00:00,0.0,0.0
2024-10-19 01:00:00,0.0,0.0
2024-10-19 02:00:00,0.0,0.0
2024-10-19 03:00:00,0.0,0.0
2024-10-19 04:00:00,0.0,0.0
2024-10-19 05:00:00,0.0,0.0
2024-10-19 06:00:00,0.0,0.0
2024-10-19 07:00:00,0.0,0.0
2024-10-19 08:00:00,0.0,0.0
2024-10-19 09:00:00,0.0,0.0
2024-10-19 10:00:00,0.057770996538606595,0.057770996538606595
2024-10-19 11:00:00,0.2393871052807644,0.2393871052807644
2024-10-19 12:00:00,0.3853747516792164,0.3853747516792164
2024-10-19 13:00:00,0.6001307659784112,0.6001307659784112
2024-10-19 14:00:00,0.8415059551902492,0.8415059551902492
2024-10-19 15:00:00,1.1689381283772202,1.1689381283772202
2024-10-19 16:00:00,1.205351250781969,1.205351250781969
2024-10-19 17:00:00,1.8071258394969907,1.8071258394969907
2024-10-19 18:00:00,1.5152487607398974,1.5152487607398974
2024-10-19 19:00:00,1.6412816010127154,1.6412816010127154
2024-10-19 20:00:00,1.535200861547305,1.535200861547305
2024-10-19 21:00:00,1.4998671109978423,1.4998671109978423
2024-10-19 22:00:00,0.0,0.0
2024-10-19 23:00:00,0.0,0.0
2024-10-20 00:00:00,0.0,0.0
2024-10-20 01:00:00,0.0,0.0
2024-10-20 02:00:00,0.0,0.0
2024-10-20 03:00:00,0.0,0.0
2024-10-20 04:00:00,0.0,0.0
2024-10-20 05:00:00,0.0,0.0
2024-10-20 06:00:00,0.0,0.0
2024-10-20 07:00:00,0.0,0.0
2024-10-20 08:00:00,0.0,0.0
2024-10-20 09:00:00,0.0,0.0
2024-10-20 10:00:00,0.07174073309530159,0.07174073309530159
2024-10-20 11:00:00,0.20842800576441847,0.20842800576441847
2024-10-20 12:00:00,0.36844414354862987,0.36844414354862987
2024-10-20 13:00:00,0.6448381589025067,0.6448381589025067
2024-10-20 14:00:00,1.0601576225259242,1.0601576225259242
2024-10-20 15:00:00,1.209976420260155,1.209976420260155
2024-10-20 16:00:00,1.650444926083762,1.650444926083762
2024-10-20 17:00:00,1.7282075442887628,1.7282075442887628
2024-10-20 18:00:00,1.706376588875754,1.706376588875754
2024-10-20 19:00:00,1.6624848602641595,1.6624848602641595
2024-10-20 20:00:00,1.8531925647690863,1.8531925647690863
2024-10-20 21:00:00,1.7060996522652176,1.7060996522652176
2024-10-20 22:00:00,0.0,0.0
2024-10-20 23:00:00,0.0,0.0
2024-10-21 00:00:00,0.0,0.0
2024-10-21 01:00:00,0.0,0.0
2024-10-21 02:00:00,0.0,0.0
2024-10-21 03:00:00,0.0,0.0
2024-10-21 04:00:00,0.0,0.0
2024-10-21 05:00:00,0.0,0.0
2024-10-21 06:00:00,0.0,0.0
2024-10-21 07:00:00,0.0,0.0
2024-10-21 08:00:00,0.0,0.0
2024-10-21 09:00:00,0.0,0.0
2024-10-21 10:00:00,0.0965761952352327,0.0965761952352327
2024-10-21 11:00:00,0.3883029492408103,0.3883029492408103
2024-10-21 12:00:00,0.6178780312396581,0.6178780312396581
2024-10-21 13:00:00,0.9558894955605258,0.9558894955605258
2024-10-21 14:00:00,1.4129502548763826,1.4129502548763826
2024-10-21 15:00:00,1.4360577617551138,1.4360577617551138
2024-10-21 16:00:00,2.1247788170156183,2.1247788170156183
2024-10-21 17:00:00,2.754339206451467,2.754339206451467
2024-10-21 18:00:00,2.348473827699901,2.348473827699901
2024-10-21 19:00:00,2.325094517289298,2.325094517289298
2024-10-21 20:00:00,2.6491725919243305,2.6491725919243305
2024-10-21 21:00:00,2.952352881079115,2.952352881079115
2024-10-21 22:00:00,0.0,0.0
2024-10-21 23:00:00,0.0,0.0
2024-10-22 00:00:00,0.0,0.0
2024-10-22 01:00:00,0.0,0.0
2024-10-22 02:00:00,0.0,0.0
2024-10-22 03:00:00,0.0,0.0
2024-10-22 04:00:00,0.0,0.0
2024-10-22 05:00:00,0.0,0.0
2024-10-22 06:00:00,0.0,0.0
2024-10-22 07:00:00,0.0,0.0
2024-10-22 08:00:00,0.0,0.0
2024-10-22 09:00:00,0.0,0.0
2024-10-22 10:00:00,0.08481623550178263,0.08481623550178263
2024-10-22 11:00:00,0.3243144651958239,0.3243144651958239
2024-10-22 12:00:00,0.6738871827861792,0.6738871827861792
2024-10-22 13:00:00,0.8897132137113325,0.8897132137113325
2024-10-22 14:00:00,1.4941883916448815,1.4941883916448815
2024-10-22 15:00:00,1.7236316428575726,1.7236316428575726
2024-10-22 16:00:00,2.141243119511468,2.141243119511468
2024-10-22 17:00:00,2.6399188185084106,2.6399188185084106
2024-10-22 18:00:00,2.821646530830399,2.821646530830399
2024-10-22 19:00:00,2.804482027422249,2.804482027422249
2024-10-22 20:00:00,2.2570743039878223,2.2570743039878223
2024-10-22 21:00:00,3.001834483323313,3.001834483323313
2024-10-22 22:00:00,0.0,0.0
2024-10-22 23:00:00,0.0,0.0
2024-10-23 00:00:00,0.0,0.0
2024-10-23 01:00:00,0.0,0.0
2024-10-23 02:00:00,0.0,0.0
2024-10-23 03:00:00,0.0,0.0
2024-10-23 04:00:00,0.0,0.0
2024-10-23 05:00:00,0.0,0.0
2024-10-23 06:00:00,0.0,0.0
2024-10-23 07:00:00,0.0,0.0
2024-10-23 08:00:00,0.0,0.0
2024-10-23 09:00:00,0.0,0.0
2024-10-23 10:00:00,0.08603318239989856,0.08603318239989856
2024-10-23 11:00:00,0.3584626414235303,0.3584626414235303
2024-10-23 12:00:00,0.5680129606358951,0.5680129606358951
2024-10-23 13:00:00,0.8312444465140404,0.8312444465140404
2024-10-23 14:00:00,1.5535783382197743,1.5535783382197743
2024-10-23 15:00:00,1.5768946004049993,1.5768946004049993
2024-10-23 16:00:00,1.8923175622619608,1.8923175622619608
2024-10-23 17:00:00,2.782463827836809,2.782463827836809
2024-10-23 18:00:00,2.846834825737008,2.846834825737008
2024-10-23 19:00:00,2.3777535552471405,2.3777535552471405
2024-10-23 20:00:00,2.219925224018547,2.219925224018547
2024-10-23 21:00:00,2.560426451605485,2.560426451605485
2024-10-23 22:00:00,0.0,0.0
2024-10-23 23:00:00,0.0,0.0
2024-10-24 00:00:00,0.0,0.0
2024-10-24 01:00:00,0.0,0.0
2024-10-24 02:00:00,0.0,0.0
2024-10-24 03:00:00,0.0,0.0
2024-10-24 04:00:00,0.0,0.0
2024-10-24 05:00:00,0.0,0.0
2024-10-24 06:00:00,0.0,0.0
2024-10-24 07:00:00,0.0,0.0
2024-10-24 08:00:00,0.0,0.0
2024-10-24 09:00:00,0.0,0.0
2024-10-24 10:00:00,0.07989354176153442,0.07989354176153442
2024-10-24 11:00:00,0.2640302268293991,0.2640302268293991
2024-10-24 12:00:00,0.5541211337521793,0.5541211337521793
2024-10-24 13:00:00,1.0161686092674047,1.0161686092674047
2024-10-24 14:00:00,1.348589894581719,1.348589894581719
2024-10-24 15:00:00,1.3359382533680515,1.3359382533680515
2024-10-24 16:00:00,1.882501632742148,1.882501632742148
2024-10-24 17:00:00,2.631580926541108,2.631580926541108
2024-10-24 18:00:00,2.0628471891645805,2.0628471891645805
2024-10-24 19:00:00,2.3390082221447983,2.3390082221447983
2024-10-24 20:00:00,2.3715783983697647,2.3715783983697647
2024-10-24 21:00:00,2.577648323763535,2.577648323763535
2024-10-24 22:00:00,0.0,0.0
2024-10-24 23:00:00,0.0,0.0
2024-10-25 00:00:00,0.0,0.0
2024-10-25 01:00:00,0.0,0.0
2024-10-25 02:00:00,0.0,0.0
2024-10-25 03:00:00,0.0,0.0
2024-10-25 04:00:00,0.0,0.0
2024-10-25 05:00:00,0.0,0.0
2024-10-25 06:00:00,0.0,0.0
2024-10-25 07:00:00,0.0,0.0
2024-10-25 08:00:00,0.0,0.0
2024-10-25 09:00:00,0.0,0.0
2024-10-25 10:00:00,0.0908355613075536,0.0908355613075536
2024-10-25 11:00:00,0.35584198970205205,0.35584198970205205
2024-10-25 12:00:00,0.6137332310610217,0.6137332310610217
2024-10-25 13:00:00,0.9078161330545309,0.9078161330545309
2024-10-25 14:00:00,1.4558331693761462,1.4558331693761462
2024-10-25 15:00:00,1.6121729183970896,1.6121729183970896
2024-10-25 16:00:00,1.792255371513585,1.792255371513585
2024-10-25 17:00:00,2.196598034356604,2.196598034356604
2024-10-25 18:00:00,2.437172611913751,2.437172611913751
2024-10-25 19:00:00,2.2029209729075534,2.2029209729075534
2024-10-25 20:00:00,2.15159550510126,2.15159550510126
2024-10-25 21:00:00,2.2373656700524007,2.2373656700524007
2024-10-25 22:00:00,0.0,0.0
2024-10-25 23:00:00,0.0,0.0
2024-10-26 00:00:00,0.0,0.0
2024-10-26 01:00:00,0.0,0.0
2024-10-26 02:00:00,0.0,0.0
2024-10-26 03:00:00,0.0,0.0
2024-10-26 04:00:00,0.0,0.0
2024-10-26 05:00:00,0.0,0.0
2024-10-26 06:00:00,0.0,0.0
2024-10-26 07:00:00,0.0,0.0
2024-10-26 08:00:00,0.0,0.0
2024-10-26 09:00:00,0.0,0.0
2024-10-26 10:00:00,0.057432505752646,0.057432505752646
2024-10-26 11:00:00,0.19414039902328217,0.19414039902328217
2024-10-26 12:00:00,0.418344948575909,0.418344948575909
2024-10-26 13:00:00,0.6147874056184425,0.6147874056184425
2024-10-26 14:00:00,1.0140332213600467,1.0140332213600467
2024-10-26 15:00:00,1.1169867091405614,1.1169867091405614
2024-10-26 16:00:00,1.5080563150089874,1.5080563150089874
2024-10-26 17:00:00,1.7585144277470854,1.7585144277470854
2024-10-26 18:00:00,1.8638912742060236,1.8638912742060236
2024-10-26 19:00:00,1.7178041547002305,1.7178041547002305
2024-10-26 20:00:00,1.588141597308982,1.588141597308982
2024-10-26 21:00:00,1.8535415282345828,1.8535415282345828
2024-10-26 22:00:00,0.0,0.0
2024-10-26 23:00:00,0.0,0.0
2024-10-27 00:00:00,0.0,0.0
2024-10-27 01:00:00,0.0,0.0
2024-10-27 02:00:00,0.0,0.0
2024-10-27 03:00:00,0.0,0.0
2024-10-27 04:00:00,0.0,0.0
2024-10-27 05:00:00,0.0,0.0
2024-10-27 06:00:00,0.0,0.0
2024-10-27 07:00:00,0.0,0.0
2024-10-27 08:00:00,0.0,0.0
2024-10-27 09:00:00,0.0,0.0
2024-10-27 10:00:00,0.07267280598973705,0.07267280598973705
2024-10-27 11:00:00,0.2524033949761954,0.2524033949761954
2024-10-27 12:00:00,0.3760276700758223,0.3760276700758223
2024-10-27 13:00:00,0.659614523054737,0.659614523054737
2024-10-27 14:00:00,0.9539887952896291,0.9539887952896291
2024-10-27 15:00:00,1.085809995755821,1.085809995755821
2024-10-27 16:00:00,1.424666614110566,1.424666614110566
2024-10-27 17:00:00,1.8784384867472537,1.8784384867472537
2024-10-27 18:00:00,1.8888723649194163,1.8888723649194163
2024-10-27 19:00:00,1.6360997706110716,1.6360997706110716
2024-10-27 20:00:00,1.7966428448717755,1.7966428448717755
2024-10-27 21:00:00,1.7318267743506124,1.7318267743506124
2024-10-27 22:00:00,0.0,0.0
2024-10-27 23:00:00,0.0,0.0
2024-10-28 00:00:00,0.0,0.0
2024-10-28 01:00:00,0.0,0.0
2024-10-28 02:00:00,0.0,0.0
2024-10-28 03:00:00,0.0,0.0
2024-10-28 04:00:00,0.0,0.0
2024-10-28 05:00:00,0.0,0.0
2024-10-28 06:00:00,0.0,0.0
2024-10-28 07:00:00,0.0,0.0
2024-10-28 08:00:00,0.0,0.0
2024-10-28 09:00:00,0.0,0.0
2024-10-28 10:00:00,0.09688341863950486,0.09688341863950486
2024-10-28 11:00:00,0.2841608942611266,0.2841608942611266
2024-10-28 12:00:00,0.5621304164588373,0.5621304164588373
2024-10-28 13:00:00,0.9464115678427885,0.9464115678427885
2024-10-28 14:00:00,1.1478544679719462,1.1478544679719462
2024-10-28 15:00:00,1.617216063204677,1.617216063204677
2024-10-28 16:00:00,1.984885890170453,1.984885890170453
2024-10-28 17:00:00,2.376509471951786,2.376509471951786
2024-10-28 18:00:00,2.4346893465156505,2.4346893465156505
2024-10-28 19:00:00,2.587791808679045,2.587791808679045
2024-10-28 20:00:00,2.5325876623245946,2.5325876623245946
2024-10-28 21:00:00,2.1758757456611044,2.1758757456611044
2024-10-28 22:00:00,0.0,0.0
2024-10-28 23:00:00,0.0,0.0
2024-10-29 00:00:00,0.0,0.0
2024-10-29 01:00:00,0.0,0.0
2024-10-29 02:00:00,0.0,0.0
2024-10-29 03:00:00,0.0,0.0
2024-10-29 04:00:00,0.0,0.0
2024-10-29 05:00:00,0.0,0.0
2024-10-29 06:00:00,0.0,0.0
2024-10-29 07:00:00,0.0,0.0
2024-10-29 08:00:00,0.0,0.0
2024-10-29 09:00:00,0.0,0.0
2024-10-29 10:00:00,0.10867462976728604,0.10867462976728604
2024-10-29 11:00:00,0.3238923243694949,0.3238923243694949
2024-10-29 12:00:00,0.635251422143655,0.635251422143655
2024-10-29 13:00:00,1.087288555177747,1.087288555177747
2024-10-29 14:00:00,1.3166484847057904,1.3166484847057904
2024-10-29 15:00:00,1.8570108291185783,1.8570108291185783
2024-10-29 16:00:00,2.201624109090287,2.201624109090287
2024-10-29 17:00:00,2.4086410895507826,2.4086410895507826
2024-10-29 18:00:00,3.030449612835347,3.030449612835347
2024-10-29 19:00:00,2.5174418505676024,2.5174418505676024
2024-10-29 20:00:00,2.3014105117627195,2.3014105117627195
2024-10-29 21:00:00,2.5292700747786427,2.5292700747786427
2024-10-29 22:00:00,0.0,0.0
2024-10-29 23:00:00,0.0,0.0
2024-10-30 00:00:00,0.0,0.0
2024-10-30 01:00:00,0.0,0.0
2024-10-30 02:00:00,0.0,0.0
2024-10-30 03:00:00,0.0,0.0
2024-10-30 04:00:00,0.0,0.0
2024-10-30 05:00:00,0.0,0.0
2024-10-30 06:00:00,0.0,0.0
2024-10-30 07:00:00,0.0,0.0
2024-10-30 08:00:00,0.0,0.0
2024-10-30 09:00:00,0.0,0.0
2024-10-30 10:00:00,0.08585546580934124,0.08585546580934124
2024-10-30 11:00:00,0.30939421303110937,0.30939421303110937
2024-10-30 12:00:00,0.5778679609066983,0.5778679609066983
2024-10-30 13:00:00,0.8097900973569042,0.8097900973569042
2024-10-30 14:00:00,1.183072347910025,1.183072347910025
2024-10-30 15:00:00,1.549055381677447,1.549055381677447
2024-10-30 16:00:00,1.803190284988989,1.803190284988989
2024-10-30 17:00:00,2.5162143315847847,2.5162143315847847
2024-10-30 18:00:00,2.3624554106675717,2.3624554106675717
2024-10-30 19:00:00,2.1226708139271886,2.1226708139271886
2024-10-30 20:00:00,2.40155597128788,2.40155597128788
2024-10-30 21:00:00,2.4256759573799704,2.4256759573799704
2024-10-30 22:00:00,0.0,0.0
2024-10-30 23:00:00,0.0,0.0
2024-10-31 00:00:00,0.0,0.0
2024-10-31 01:00:00,0.0,0.0
2024-10-31 02:00:00,0.0,0.0
2024-10-31 03:00:00,0.0,0.0
2024-10-31 04:00:00,0.0,0.0
2024-10-31 05:00:00,0.0,0.0
2024-10-31 06:00:00,0.0,0.0
2024-10-31 07:00:00,0.0,0.0
2024-10-31 08:00:00,0.0,0.0
2024-10-31 09:00:00,0.0,0.0
2024-10-31 10:00:00,0.0922675404871775,0.0922675404871775
2024-10-31 11:00:00,0.3607662956757855,0.3607662956757855
2024-10-31 12:00:00,0.6361586638967587,0.6361586638967587
2024-10-31 13:00:00,1.01512632580192,1.01512632580192
2024-10-31 14:00:00,1.425141338681873,1.425141338681873
2024-10-31 15:00:00,1.6199783393058134,1.6199783393058134
2024-10-31 16:00:00,2.1815075575208813,2.1815075575208813
2024-10-31 17:00:00,2.5323368199727696,2.5323368199727696
2024-10-31 18:00:00,2.1667741497948456,2.1667741497948456
2024-10-31 19:00:00,2.4001946130076206,2.4001946130076206
2024-10-31 20:00:00,2.04277186031594,2.04277186031594
2024-10-31 21:00:00,2.874309479596427,2.874309479596427
2024-10-31 22:00:00,0.0,0.0
2024-10-31 23:00:00,0.0,0.0
2024-11-01 00:00:00,0.0,0.0
2024-11-01 01:00:00,0.0,0.0
2024-11-01 02:00:00,0.0,0.0
2024-11-01 03:00:00,0.0,0.0
2024-11-01 04:00:00,0.0,0.0
2024-11-01 05:00:00,0.0,0.0
2024-11-01 06:00:00,0.0,0.0
2024-11-01 07:00:00,0.0,0.0
2024-11-01 08:00:00,0.0,0.0
2024-11-01 09:00:00,0.0,0.0
2024-11-01 10:00:00,0.08934388963262165,0.08934388963262165
2024-11-01 11:00:00,0.2851992518830008,0.2851992518830008
2024-11-01 12:00:00,0.4728908761969532,0.4728908761969532
2024-11-01 13:00:00,0.995636263867665,0.995636263867665
2024-11-01 14:00:00,1.4591484466999924,1.4591484466999924
2024-11-01 15:00:00,1.3129300754778948,1.3129300754778948
2024-11-01 16:00:00,1.965615830279119,1.965615830279119
2024-11-01 17:00:00,2.2804589186095723,2.2804589186095723
2024-11-01 18:00:00,2.115959713162596,2.115959713162596
2024-11-01 19:00:00,2.564470970210086,2.564470970210086
2024-11-01 20:00:00,2.4961960569477863,2.4961960569477863
2024-11-01 21:00:00,2.7620758757533683,2.7620758757533683
2024-11-01 22:00:00,0.0,0.0
2024-11-01 23:00:00,0.0,0.0
2024-11-02 00:00:00,0.0,0.0
2024-11-02 01:00:00,0.0,0.0
2024-11-02 02:00:00,0.0,0.0
2024-11-02 03:00:00,0.0,0.0
2024-11-02 04:00:00,0.0,0.0
2024-11-02 05:00:00,0.0,0.0
2024-11-02 06:00:00,0.0,0.0
2024-11-02 07:00:00,0.0,0.0
2024-11-02 08:00:00,0.0,0.0
2024-11-02 09:00:00,0.0,0.0
2024-11-02 10:00:00,0.06218555584057661,0.06218555584057661
2024-11-02 11:00:00,0.20372473801901536,0.20372473801901536
2024-11-02 12:00:00,0.46369435577164864,0.46369435577164864
2024-11-02 13:00:00,0.6414260276770494,0.6414260276770494
2024-11-02 14:00:00,1.0442497698977318,1.0442497698977318
2024-11-02 15:00:00,1.184329124534404,1.184329124534404
2024-11-02 16:00:00,1.4352109857262598,1.4352109857262598
2024-11-02 17:00:00,1.8860373701464566,1.8860373701464566
2024-11-02 18:00:00,1.9708456005457045,1.9708456005457045
2024-11-02 19:00:00,1.7942556429675063,1.7942556429675063
2024-11-02 20:00:00,1.7688883430345177,1.7688883430345177
2024-11-02 21:00:00,1.8627754866774877,1.8627754866774877
2024-11-02 22:00:00,0.0,0.0
2024-11-02 23:00:00,0.0,0.0
2024-11-03 00:00:00,0.0,0.0
2024-11-03 01:00:00,0.0,0.0
2024-11-03 02:00:00,0.0,0.0
2024-11-03 03:00:00,0.0,0.0
2024-11-03 04:00:00,0.0,0.0
2024-11-03 05:00:00,0.0,0.0
2024-11-03 06:00:00,0.0,0.0
2024-11-03 07:00:00,0.0,0.0
2024-11-03 08:00:00,0.0,0.0
2024-11-03 09:00:00,0.0,0.0
2024-11-03 10:00:00,0.06936166463883343,0.06936166463883343
2024-11-03 11:00:00,0.24625039138348961,0.24625039138348961
2024-11-03 12:00:00,0.41445925656665433,0.41445925656665433
2024-11-03 13:00:00,0.7354899202099974,0.7354899202099974
2024-11-03 14:00:00,0.9830782316648922,0.9830782316648922
2024-11-03 15:00:00,1.2169702794858936,1.2169702794858936
2024-11-03 16:00:00,1.2371905171293416,1.2371905171293416
2024-11-03 17:00:00,1.93543306211874,1.93543306211874
2024-11-03 18:00:00,1.835045997394897,1.835045997394897
2024-11-03 19:00:00,1.553404882896353,1.553404882896353
2024-11-03 20:00:00,1.8786700358842539,1.8786700358842539
2024-11-03 21:00:00,1.885347661275821,1.885347661275821
2024-11-03 22:00:00,0.0,0.0
2024-11-03 23:00:00,0.0,0.0
2024-11-04 00:00:00,0.0,0.0
2024-11-04 01:00:00,0.0,0.0
2024-11-04 02:00:00,0.0,0.0
2024-11-04 03:00:00,0.0,0.0
2024-11-04 04:00:00,0.0,0.0
2024-11-04 05:00:00,0.0,0.0
2024-11-04 06:00:00,0.0,0.0
2024-11-04 07:00:00,0.0,0.0
2024-11-04 08:00:00,0.0,0.0
2024-11-04 09:00:00,0.0,0.0
2024-11-04 10:00:00,0.08935139853295725,0.08935139853295725
2024-11-04 11:00:00,0.31473886520777317,0.31473886520777317
2024-11-04 12:00:00,0.5629953600663083,0.5629953600663083
2024-11-04 13:00:00,1.0558326837221257,1.0558326837221257
2024-11-04 14:00:00,1.287378569326364,1.287378569326364
2024-11-04 15:00:00,1.5435724164440732,1.5435724164440732
2024-11-04 16:00:00,1.8822468388675948,1.8822468388675948
2024-11-04 17:00:00,2.6268442814553232,2.6268442814553232
2024-11-04 18:00:00,2.7836745861459735,2.7836745861459735
2024-11-04 19:00:00,2.1578240059823575,2.1578240059823575
2024-11-04 20:00:00,2.2009869347272817,2.2009869347272817
2024-11-04 21:00:00,2.2866459657581273,2.2866459657581273
2024-11-04 22:00:00,0.0,0.0
2024-11-04 23:00:00,0.0,0.0
2024-11-05 00:00:00,0.0,0.0
2024-11-05 01:00:00,0.0,0.0
2024-11-05 02:00:00,0.0,0.0
2024-11-05 03:00:00,0.0,0.0
2024-11-05 04:00:00,0.0,0.0
2024-11-05 05:00:00,0.0,0.0
2024-11-05 06:00:00,0.0,0.0
2024-11-05 07:00:00,0.0,0.0
2024-11-05 08:00:00,0.0,0.0
2024-11-05 09:00:00,0.0,0.0
2024-11-05 10:00:00,0.1039329285541857,0.1039329285541857
2024-11-05 11:00:00,0.2969116836191844,0.2969116836191844
2024-11-05 12:00:00,0.5439644184180084,0.5439644184180084
2024-11-05 13:00:00,1.1025041382004843,1.1025041382004843
2024-11-05 14:00:00,1.4173290258297302,1.4173290258297302
2024-11-05 15:00:00,1.6066313790832671,1.6066313790832671
2024-11-05 16:00:00,2.1370186974296668,2.1370186974296668
2024-11-05 17:00:00,2.272956225532293,2.272956225532293
2024-11-05 18:00:00,2.7709587305132417,2.7709587305132417
2024-11-05 19:00:00,2.8401698921319034,2.8401698921319034
2024-11-05 20:00:00,2.611690040030828,2.611690040030828
2024-11-05 21:00:00,2.6808052753856435,2.6808052753856435
2024-11-05 22:00:00,0.0,0.0
2024-11-05 23:00:00,0.0,0.0
2024-11-06 00:00:00,0.0,0.0
2024-11-06 01:00:00,0.0,0.0
2024-11-06 02:00:00,0.0,0.0
2024-11-06 03:00:00,0.0,0.0
2024-11-06 04:00:00,0.0,0.0
2024-11-06 05:00:00,0.0,0.0
2024-11-06 06:00:00,0.0,0.0
2024-11-06 07:00:00,0.0,0.0
2024-11-06 08:00:00,0.0,0.0
2024-11-06 09:00:00,0.0,0.0
2024-11-06 10:00:00,0.08490831228345391,0.08490831228345391
2024-11-06 11:00:00,0.3271924687074149,0.3271924687074149
2024-11-06 12:00:00,0.46645555076523126,0.46645555076523126
2024-11-06 13:00:00,0.9300626247027574,0.9300626247027574
2024-11-06 14:00:00,1.1061034235378546,1.1061034235378546
2024-11-06 15:00:00,1.3606318604559542,1.3606318604559542
2024-11-06 16:00:00,1.7288216433481356,1.7288216433481356
2024-11-06 17:00:00,2.0635196898892665,2.0635196898892665
2024-11-06 18:00:00,2.0020688627824303,2.0020688627824303
2024-11-06 19:00:00,2.3384986790904105,2.3384986790904105
2024-11-06 20:00:00,2.3316062018685524,2.3316062018685524
2024-11-06 21:00:00,2.6892443450146004,2.6892443450146004
2024-11-06 22:00:00,0.0,0.0
2024-11-06 23:00:00,0.0,0.0
2024-11-07 00:00:00,0.0,0.0
2024-11-07 01:00:00,0.0,0.0
2024-11-07 02:00:00,0.0,0.0
2024-11-07 03:00:00,0.0,0.0
2024-11-07 04:00:00,0.0,0.0
2024-11-07 05:00:00,0.0,0.0
2024-11-07 06:00:00,0.0,0.0
2024-11-07 07:00:00,0.0,0.0
2024-11-07 08:00:00,0.0,0.0
2024-11-07 09:00:00,0.0,0.0
2024-11-07 10:00:00,0.07864360287474997,0.07864360287474997
2024-11-07 11:00:00,0.29210669327359456,0.29210669327359456
2024-11-07 12:00:00,0.5850292725234844,0.5850292725234844
2024-11-07 13:00:00,0.9373238613490325,0.9373238613490325
2024-11-07 14:00:00,1.228361943807978,1.228361943807978
2024-11-07 15:00:00,1.3564225442336948,1.3564225442336948
2024-11-07 16:00:00,1.6375851507587935,1.6375851507587935
2024-11-07 17:00:00,1.9566672323907448,1.9566672323907448
2024-11-07 18:00:00,2.062258474220669,2.062258474220669
2024-11-07 19:00:00,1.9791036326269678,1.9791036326269678
2024-11-07 20:00:00,2.3029356816621056,2.3029356816621056
2024-11-07 21:00:00,2.6066185737680447,2.6066185737680447
2024-11-07 22:00:00,0.0,0.0
2024-11-07 23:00:00,0.0,0.0
2024-11-08 00:00:00,0.0,0.0
2024-11-08 01:00:00,0.0,0.0
2024-11-08 02:00:00,0.0,0.0
2024-11-08 03:00:00,0.0,0.0
2024-11-08 04:00:00,0.0,0.0
2024-11-08 05:00:00,0.0,0.0
2024-11-08 06:00:00,0.0,0.0
2024-11-08 07:00:00,0.0,0.0
2024-11-08 08:00:00,0.0,0.0
2024-11-08 09:00:00,0.0,0.0
2024-11-08 10:00:00,0.10528175898117371,0.10528175898117371
2024-11-08 11:00:00,0.36021858857160516,0.36021858857160516
2024-11-08 12:00:00,0.7096524498287408,0.7096524498287408
2024-11-08 13:00:00,0.9039907270521829,0.9039907270521829
2024-11-08 14:00:00,1.6471879643875142,1.6471879643875142
2024-11-08 15:00:00,1.7756814053911214,1.7756814053911214
2024-11-08 16:00:00,1.996614779203791,1.996614779203791
2024-11-08 17:00:00,3.119409577084216,3.119409577084216
2024-11-08 18:00:00,3.131361199400833,3.131361199400833
2024-11-08 19:00:00,2.879987863206619,2.879987863206619
2024-11-08 20:00:00,2.9026502853289045,2.9026502853289045
2024-11-08 21:00:00,2.72205240405417,2.72205240405417
2024-11-08 22:00:00,0.0,0.0
2024-11-08 23:00:00,0.0,0.0
2024-11-09 00:00:00,0.0,0.0
2024-11-09 01:00:00,0.0,0.0
2024-11-09 02:00:00,0.0,0.0
2024-11-09 03:00:00,0.0,0.0
2024-11-09 04:00:00,0.0,0.0
2024-11-09 05:00:00,0.0,0.0
2024-11-09 06:00:00,0.0,0.0
2024-11-09 07:00:00,0.0,0.0
2024-11-09 08:00:00,0.0,0.0
2024-11-09 09:00:00,0.0,0.0
2024-11-09 10:00:00,0.0686449066345031,0.0686449066345031
2024-11-09 11:00:00,0.2233057813458612,0.2233057813458612
2024-11-09 12:00:00,0.4806880626876853,0.4806880626876853
2024-11-09 13:00:00,0.7134635654419417,0.7134635654419417
2024-11-09 14:00:00,1.067658978201641,1.067658978201641
2024-11-09 15:00:00,1.120343377666053,1.120343377666053
2024-11-09 16:00:00,1.4145929337352996,1.4145929337352996
2024-11-09 17:00:00,1.563137341279277,1.563137341279277
2024-11-09 18:00:00,1.8774684770820653,1.8774684770820653
2024-11-09 19:00:00,1.887959558396969,1.887959558396969
2024-11-09 20:00:00,1.9775442797752683,1.9775442797752683
2024-11-09 21:00:00,2.1163520886211784,2.1163520886211784
2024-11-09 22:00:00,0.0,0.0
2024-11-09 23:00:00,0.0,0.0
2024-11-10 00:00:00,0.0,0.0
2024-11-10 01:00:00,0.0,0.0
2024-11-10 02:00:00,0.0,0.0
2024-11-10 03:00:00,0.0,0.0
2024-11-10 04:00:00,0.0,0.0
2024-11-10 05:00:00,0.0,0.0
2024-11-10 06:00:00,0.0,0.0
2024-11-10 07:00:00,0.0,0.0
2024-11-10 08:00:00,0.0,0.0
2024-11-10 09:00:00,0.0,0.0
2024-11-10 10:00:00,0.051790856647232035,0.051790856647232035
2024-11-10 11:00:00,0.21113543448980898,0.21113543448980898
2024-11-10 12:00:00,0.3963582117348823,0.3963582117348823
2024-11-10 13:00:00,0.6666912700199473,0.6666912700199473
2024-11-10 14:00:00,0.8766845442199456,0.8766845442199456
2024-11-10 15:00:00,0.9892409917256398,0.9892409917256398
2024-11-10 16:00:00,1.3832235631017062,1.3832235631017062
2024-11-10 17:00:00,1.7422465282760535,1.7422465282760535
2024-11-10 18:00:00,1.5587293391615586,1.5587293391615586
2024-11-10 19:00:00,1.3515222590931797,1.3515222590931797
2024-11-10 20:00:00,1.7724518486749141,1.7724518486749141
2024-11-10 21:00:00,1.8383259328604507,1.8383259328604507
2024-11-10 22:00:00,0.0,0.0
2024-11-10 23:00:00,0.0,0.0
2024-11-11 00:00:00,0.0,0.0
2024-11-11 01:00:00,0.0,0.0
2024-11-11 02:00:00,0.0,0.0
2024-11-11 03:00:00,0.0,0.0
2024-11-11 04:00:00,0.0,0.0
2024-11-11 05:00:00,0.0,0.0
2024-11-11 06:00:00,0.0,0.0
2024-11-11 07:00:00,0.0,0.0
2024-11-11 08:00:00,0.0,0.0
2024-11-11 09:00:00,0.0,0.0
2024-11-11 10:00:00,0.08086734408039538,0.08086734408039538
2024-11-11 11:00:00,0.3734069162769104,0.3734069162769104
2024-11-11 12:00:00,0.6174425772293912,0.6174425772293912
2024-11-11 13:00:00,1.0527249112837471,1.0527249112837471
2024-11-11 14:00:00,1.1810159808075777,1.1810159808075777
2024-11-11 15:00:00,1.731005243454201,1.731005243454201
2024-11-11 16:00:00,2.0102154162079926,2.0102154162079926
2024-11-11 17:00:00,2.655521713158144,2.655521713158144
2024-11-11 18:00:00,2.456203617727354,2.456203617727354
2024-11-11 19:00:00,2.507421557922614,2.507421557922614
2024-11-11 20:00:00,2.0620549683878373,2.0620549683878373
2024-11-11 21:00:00,2.259992302059735,2.259992302059735
2024-11-11 22:00:00,0.0,0.0
2024-11-11 23:00:00,0.0,0.0
2024-11-12 00:00:00,0.0,0.0
2024-11-12 01:00:00,0.0,0.0
2024-11-12 02:00:00,0.0,0.0
2024-11-12 03:00:00,0.0,0.0
2024-11-12 04:00:00,0.0,0.0
2024-11-12 05:00:00,0.0,0.0
2024-11-12 06:00:00,0.0,0.0
2024-11-12 07:00:00,0.0,0.0
2024-11-12 08:00:00,0.0,0.0
2024-11-12 09:00:00,0.0,0.0
2024-11-12 10:00:00,0.09074046652684936,0.09074046652684936
2024-11-12 11:00:00,0.25905003821606737,0.25905003821606737
2024-11-12 12:00:00,0.4713388961473952,0.4713388961473952
2024-11-12 13:00:00,0.9081621751511659,0.9081621751511659
2024-11-12 14:00:00,1.2050112063897942,1.2050112063897942
2024-11-12 15:00:00,1.54630389676354,1.54630389676354
2024-11-12 16:00:00,1.5964309044561222,1.5964309044561222
2024-11-12 17:00:00,1.932125007131014,1.932125007131014
2024-11-12 18:00:00,2.407771089276827,2.407771089276827
2024-11-12 19:00:00,2.4619365845158456,2.4619365845158456
2024-11-12 20:00:00,1.8646085253502935,1.8646085253502935
2024-11-12 21:00:00,2.57173159873211,2.57173159873211
2024-11-12 22:00:00,0.0,0.0
2024-11-12 23:00:00,0.0,0.0
2024-11-13 00:00:00,0.0,0.0
2024-11-13 01:00:00,0.0,0.0
2024-11-13 02:00:00,0.0,0.0
2024-11-13 03:00:00,0.0,0.0
2024-11-13 04:00:00,0.0,0.0
2024-11-13 05:00:00,0.0,0.0
2024-11-13 06:00:00,0.0,0.0
2024-11-13 07:00:00,0.0,0.0
2024-11-13 08:00:00,0.0,0.0
2024-11-13 09:00:00,0.0,0.0
2024-11-13 10:00:00,0.07891394013907277,0.07891394013907277
2024-11-13 11:00:00,0.35132216208209516,0.35132216208209516
2024-11-13 12:00:00,0.5972607797053918,0.5972607797053918
2024-11-13 13:00:00,1.0492030647059916,1.0492030647059916
2024-11-13 14:00:00,1.2715335665200167,1.2715335665200167
2024-11-13 15:00:00,1.4801809888278257,1.4801809888278257
2024-11-13 16:00:00,1.881912645289912,1.881912645289912
2024-11-13 17:00:00,2.12710920057867,2.12710920057867
2024-11-13 18:00:00,2.2727530225493666,2.2727530225493666
2024-11-13 19:00:00,2.7323878977513556,2.7323878977513556
2024-11-13 20:00:00,2.178457268123188,2.178457268123188
2024-11-13 21:00:00,2.2025047065841146,2.2025047065841146
2024-11-13 22:00:00,0.0,0.0
2024-11-13 23:00:00,0.0,0.0
2024-11-14 00:00:00,0.0,0.0
2024-11-14 01:00:00,0.0,0.0
2024-11-14 02:00:00,0.0,0.0
2024-11-14 03:00:00,0.0,0.0
2024-11-14 04:00:00,0.0,0.0
2024-11-14 05:00:00,0.0,0.0
2024-11-14 06:00:00,0.0,0.0
2024-11-14 07:00:00,0.0,0.0
2024-11-14 08:00:00,0.0,0.0
2024-11-14 09:00:00,0.0,0.0
2024-11-14 10:00:00,0.0887543325323394,0.0887543325323394
2024-11-14 11:00:00,0.303226646710069,0.303226646710069
2024-11-14 12:00:00,0.5925886915816947,0.5925886915816947
2024-11-14 13:00:00,1.0005211932429878,1.0005211932429878
2024-11-14 14:00:00,1.1992447993263133,1.1992447993263133
2024-11-14 15:00:00,1.7885506998241512,1.7885506998241512
2024-11-14 16:00:00,2.1320063538355027,2.1320063538355027
2024-11-14 17:00:00,2.203393927934488,2.203393927934488
2024-11-14 18:00:00,2.822928322220357,2.822928322220357
2024-11-14 19:00:00,2.572538245043255,2.572538245043255
2024-11-14 20:00:00,2.240579478928532,2.240579478928532
2024-11-14 21:00:00,2.609159753571289,2.609159753571289
2024-11-14 22:00:00,0.0,0.0
2024-11-14 23:00:00,0.0,0.0
2024-11-15 00:00:00,0.0,0.0
2024-11-15 01:00:00,0.0,0.0
2024-11-15 02:00:00,0.0,0.0
2024-11-15 03:00:00,0.0,0.0
2024-11-15 04:00:00,0.0,0.0
2024-11-15 05:00:00,0.0,0.0
2024-11-15 06:00:00,0.0,0.0
2024-11-15 07:00:00,0.0,0.0
2024-11-15 08:00:00,0.0,0.0
2024-11-15 09:00:00,0.0,0.0
2024-11-15 10:00:00,0.09025715805242399,0.09025715805242399
2024-11-15 11:00:00,0.26686028330023476,0.26686028330023476
2024-11-15 12:00:00,0.6065291368701597,0.6065291368701597
2024-11-15 13:00:00,0.8401630120101142,0.8401630120101142
2024-11-15 14:00:00,1.4198742409982998,1.4198742409982998
2024-11-15 15:00:00,1.4682074800458176,1.4682074800458176
2024-11-15 16:00:00,1.6350906821190314,1.6350906821190314
2024-11-15 17:00:00,2.70461517890577,2.70461517890577
2024-11-15 18:00:00,2.609903184318844,2.609903184318844
2024-11-15 19:00:00,2.166954155592757,2.166954155592757
2024-11-15 20:00:00,2.0931247054121465,2.0931247054121465
2024-11-15 21:00:00,2.5210462730781473,2.5210462730781473
2024-11-15 22:00:00,0.0,0.0
2024-11-15 23:00:00,0.0,0.0
2024-11-16 00:00:00,0.0,0.0
2024-11-16 01:00:00,0.0,0.0
2024-11-16 02:00:00,0.0,0.0
2024-11-16 03:00:00,0.0,0.0
2024-11-16 04:00:00,0.0,0.0
2024-11-16 05:00:00,0.0,0.0
2024-11-16 06:00:00,0.0,0.0
2024-11-16 07:00:00,0.0,0.0
2024-11-16 08:00:00,0.0,0.0
2024-11-16 09:00:00,0.0,0.0
2024-11-16 10:00:00,0.06884076687956674,0.06884076687956674
2024-11-16 11:00:00,0.21675489640172768,0.21675489640172768
2024-11-16 12:00:00,0.4472058325956657,0.4472058325956657
2024-11-16 13:00:00,0.6328476167466609,0.6328476167466609
2024-11-16 14:00:00,1.1211693684988562,1.1211693684988562
2024-11-16 15:00:00,1.013668557968632,1.013668557968632
2024-11-16 16:00:00,1.489209622007004,1.489209622007004
2024-11-16 17:00:00,1.6071472876895396,1.6071472876895396
2024-11-16 18:00:00,1.9848261319619482,1.9848261319619482
2024-11-16 19:00:00,1.999892038058732,1.999892038058732
2024-11-16 20:00:00,1.9251536764927462,1.9251536764927462
2024-11-16 21:00:00,1.8390737289101222,1.8390737289101222
2024-11-16 22:00:00,0.0,0.0
2024-11-16 23:00:00,0.0,0.0
2024-11-17 00:00:00,0.0,0.0
2024-11-17 01:00:00,0.0,0.0
2024-11-17 02:00:00,0.0,0.0
2024-11-17 03:00:00,0.0,0.0
2024-11-17 04:00:00,0.0,0.0
2024-11-17 05:00:00,0.0,0.0
2024-11-17 06:00:00,0.0,0.0
2024-11-17 07:00:00,0.0,0.0
2024-11-17 08:00:00,0.0,0.0
2024-11-17 09:00:00,0.0,0.0
2024-11-17 10:00:00,0.06768684066446673,0.06768684066446673
2024-11-17 11:00:00,0.23147172579621833,0.23147172579621833
2024-11-17 12:00:00,0.3736058019399302,0.3736058019399302
2024-11-17 13:00:00,0.7382122025487838,0.7382122025487838
2024-11-17 14:00:00,1.0577918666731103,1.0577918666731103
2024-11-17 15:00:00,1.026785466498479,1.026785466498479
2024-11-17 16:00:00,1.342901503010049,1.342901503010049
2024-11-17 17:00:00,1.958292131849255,1.958292131849255
2024-11-17 18:00:00,1.661251637460624,1.661251637460624
2024-11-17 19:00:00,1.8512277496210274,1.8512277496210274
2024-11-17 20:00:00,1.8470417552063438,1.8470417552063438
2024-11-17 21:00:00,1.8101993384806552,1.8101993384806552
2024-11-17 22:00:00,0.0,0.0
2024-11-17 23:00:00,0.0,0.0
2024-11-18 00:00:00,0.0,0.0
2024-11-18 01:00:00,0.0,0.0
2024-11-18 02:00:00,0.0,0.0
2024-11-18 03:00:00,0.0,0.0
2024-11-18 04:00:00,0.0,0.0
2024-11-18 05:00:00,0.0,0.0
2024-11-18 06:00:00,0.0,0.0
2024-11-18 07:00:00,0.0,0.0
2024-11-18 08:00:00,0.0,0.0
2024-11-18 09:00:00,0.0,0.0
2024-11-18 10:00:00,0.08128152705823666,0.08128152705823666
2024-11-18 11:00:00,0.35587336401625175,0.35587336401625175
2024-11-18 12:00:00,0.5008607456232131,0.5008607456232131
2024-11-18 13:00:00,0.8136762411902135,0.8136762411902135
2024-11-18 14:00:00,1.372067701688266,1.372067701688266
2024-11-18 15:00:00,1.535690557902385,1.535690557902385
2024-11-18 16:00:00,1.7898105346487765,1.7898105346487765
2024-11-18 17:00:00,2.271294726615971,2.271294726615971
2024-11-18 18:00:00,2.1948863619946994,2.1948863619946994
2024-11-18 19:00:00,2.5623289511348712,2.5623289511348712
2024-11-18 20:00:00,2.332623427509015,2.332623427509015
2024-11-18 21:00:00,2.3045923581002756,2.3045923581002756
2024-11-18 22:00:00,0.0,0.0
2024-11-18 23:00:00,0.0,0.0
2024-11-19 00:00:00,0.0,0.0
2024-11-19 01:00:00,0.0,0.0
2024-11-19 02:00:00,0.0,0.0
2024-11-19 03:00:00,0.0,0.0
2024-11-19 04:00:00,0.0,0.0
2024-11-19 05:00:00,0.0,0.0
2024-11-19 06:00:00,0.0,0.0
2024-11-19 07:00:00,0.0,0.0
2024-11-19 08:00:00,0.0,0.0
2024-11-19 09:00:00,0.0,0.0
2024-11-19 10:00:00,0.10337645160638476,0.10337645160638476
2024-11-19 11:00:00,0.3464861810679689,0.3464861810679689
2024-11-19 12:00:00,0.7138730091171062,0.7138730091171062
2024-11-19 13:00:00,0.9214587615487398,0.9214587615487398
2024-11-19 14:00:00,1.4601304357949063,1.4601304357949063
2024-11-19 15:00:00,1.6028988511139741,1.6028988511139741
2024-11-19 16:00:00,2.341539764293642,2.341539764293642
2024-11-19 17:00:00,2.340116580572601,2.340116580572601
2024-11-19 18:00:00,2.658333449693007,2.658333449693007
2024-11-19 19:00:00,2.7681998602006677,2.7681998602006677
2024-11-19 20:00:00,2.3904793143207863,2.3904793143207863
2024-11-19 21:00:00,2.551223306269701,2.551223306269701
2024-11-19 22:00:00,0.0,0.0
2024-11-19 23:00:00,0.0,0.0
2024-11-20 00:00:00,0.0,0.0
2024-11-20 01:00:00,0.0,0.0
2024-11-20 02:00:00,0.0,0.0
2024-11-20 03:00:00,0.0,0.0
2024-11-20 04:00:00,0.0,0.0
2024-11-20 05:00:00,0.0,0.0
2024-11-20 06:00:00,0.0,0.0
2024-11-20 07:00:00,0.0,0.0
2024-11-20 08:00:00,0.0,0.0
2024-11-20 09:00:00,0.0,0.0
2024-11-20 10:00:00,0.08982594682205941,0.08982594682205941
2024-11-20 11:00:00,0.30891378514284634,0.30891378514284634
2024-11-20 12:00:00,0.5274367140188639,0.5274367140188639
2024-11-20 13:00:00,0.7674182630045349,0.7674182630045349
2024-11-20 14:00:00,1.1910198013017739,1.1910198013017739
2024-11-20 15:00:00,1.5541048432464217,1.5541048432464217
2024-11-20 16:00:00,1.676534576135402,1.676534576135402
2024-11-20 17:00:00,2.487852037834665,2.487852037834665
2024-11-20 18:00:00,2.641305329583219,2.641305329583219
2024-11-20 19:00:00,2.1493271216364036,2.1493271216364036
2024-11-20 20:00:00,1.9686424612074807,1.9686424612074807
2024-11-20 21:00:00,2.1927072419328124,2.1927072419328124
2024-11-20 22:00:00,0.0,0.0
2024-11-20 23:00:00,0.0,0.0
2024-11-21 00:00:00,0.0,0.0
2024-11-21 01:00:00,0.0,0.0
2024-11-21 02:00:00,0.0,0.0
2024-11-21 03:00:00,0.0,0.0
2024-11-21 04:00:00,0.0,0.0
2024-11-21 05:00:00,0.0,0.0
2024-11-21 06:00:00,0.0,0.0
2024-11-21 07:00:00,0.0,0.0
2024-11-21 08:00:00,0.0,0.0
2024-11-21 09:00:00,0.0,0.0
2024-11-21 10:00:00,0.08566527382020171,0.08566527382020171
2024-11-21 11:00:00,0.2918198245657547,0.2918198245657547
2024-11-21 12:00:00,0.6140470124304254,0.6140470124304254
2024-11-21 13:00:00,1.0343075910529913,1.0343075910529913
2024-11-21 14:00:00,1.4140405476957085,1.4140405476957085
2024-11-21 15:00:00,1.3751110977846102,1.3751110977846102
2024-11-21 16:00:00,1.9020288156180805,1.9020288156180805
2024-11-21 17:00:00,2.7626598514667493,2.7626598514667493
2024-11-21 18:00:00,2.7732380130007344,2.7732380130007344
2024-11-21 19:00:00,2.0802223766167294,2.0802223766167294
2024-11-21 20:00:00,2.3928080367929936,2.3928080367929936
2024-11-21 21:00:00,2.5873253961675653,2.5873253961675653
2024-11-21 22:00:00,0.0,0.0
2024-11-21 23:00:00,0.0,0.0
2024-11-22 00:00:00,0.0,0.0
2024-11-22 01:00:00,0.0,0.0
2024-11-22 02:00:00,0.0,0.0
2024-11-22 03:00:00,0.0,0.0
2024-11-22 04:00:00,0.0,0.0
2024-11-22 05:00:00,0.0,0.0
2024-11-22 06:00:00,0.0,0.0
2024-11-22 07:00:00,0.0,0.0
2024-11-22 08:00:00,0.0,0.0
2024-11-22 09:00:00,0.0,0.0
2024-11-22 10:00:00,0.09203478508280927,0.09203478508280927
2024-11-22 11:00:00,0.3462669892667165,0.3462669892667165
2024-11-22 12:00:00,0.5731568871282463,0.5731568871282463
2024-11-22 13:00:00,0.9709555091063282,0.9709555091063282
2024-11-22 14:00:00,1.4391573902981114,1.4391573902981114
2024-11-22 15:00:00,1.4636630764344978,1.4636630764344978
2024-11-22 16:00:00,2.330797492586012,2.330797492586012
2024-11-22 17:00:00,2.317268098055937,2.317268098055937
2024-11-22 18:00:00,2.199854919667471,2.199854919667471
2024-11-22 19:00:00,2.7564359635936246,2.7564359635936246
2024-11-22 20:00:00,2.357069539910404,2.357069539910404
2024-11-22 21:00:00,2.550306460160531,2.550306460160531
2024-11-22 22:00:00,0.0,0.0
2024-11-22 23:00:00,0.0,0.0
2024-11-23 00:00:00,0.0,0.0
2024-11-23 01:00:00,0.0,0.0
2024-11-23 02:00:00,0.0,0.0
2024-11-23 03:00:00,0.0,0.0
2024-11-23 04:00:00,0.0,0.0
2024-11-23 05:00:00,0.0,0.0
2024-11-23 06:00:00,0.0,0.0
2024-11-23 07:00:00,0.0,0.0
2024-11-23 08:00:00,0.0,0.0
2024-11-23 09:00:00,0.0,0.0
2024-11-23 10:00:00,0.05428056425962533,0.05428056425962533
2024-11-23 11:00:00,0.19723230043935921,0.19723230043935921
2024-11-23 12:00:00,0.44368977512454094,0.44368977512454094
2024-11-23 13:00:00,0.63705351277567,0.63705351277567
2024-11-23 14:00:00,1.0226542558377234,1.0226542558377234
2024-11-23 15:00:00,1.1347872550930995,1.1347872550930995
2024-11-23 16:00:00,1.2249182928886775,1.2249182928886775
2024-11-23 17:00:00,1.6215092428160724,1.6215092428160724
2024-11-23 18:00:00,1.9420063627291217,1.9420063627291217
2024-11-23 19:00:00,1.3747982505875134,1.3747982505875134
2024-11-23 20:00:00,1.6928583982638514,1.6928583982638514
2024-11-23 21:00:00,1.9866126259002799,1.9866126259002799
2024-11-23 22:00:00,0.0,0.0
2024-11-23 23:00:00,0.0,0.0
2024-11-24 00:00:00,0.0,0.0
2024-11-24 01:00:00,0.0,0.0
2024-11-24 02:00:00,0.0,0.0
2024-11-24 03:00:00,0.0,0.0
2024-11-24 04:00:00,0.0,0.0
2024-11-24 05:00:00,0.0,0.0
2024-11-24 06:00:00,0.0,0.0
2024-11-24 07:00:00,0.0,0.0
2024-11-24 08:00:00,0.0,0.0
2024-11-24 09:00:00,0.0,0.0
2024-11-24 10:00:00,0.0700403355446819,0.0700403355446819
2024-11-24 11:00:00,0.234971350155203,0.234971350155203
2024-11-24 12:00:00,0.42722163943688796,0.42722163943688796
2024-11-24 13:00:00,0.5925212901794563,0.5925212901794563
2024-11-24 14:00:00,0.973188956172535,0.973188956172535
2024-11-24 15:00:00,1.0672830995818792,1.0672830995818792
2024-11-24 16:00:00,1.2829914148466537,1.2829914148466537
2024-11-24 17:00:00,1.7934445290241297,1.7934445290241297
2024-11-24 18:00:00,1.5086196933483618,1.5086196933483618
2024-11-24 19:00:00,1.5611330134514168,1.5611330134514168
2024-11-24 20:00:00,1.7344422634980114,1.7344422634980114
2024-11-24 21:00:00,1.7852277185330647,1.7852277185330647
2024-11-24 22:00:00,0.0,0.0
2024-11-24 23:00:00,0.0,0.0
2024-11-25 00:00:00,0.0,0.0
2024-11-25 01:00:00,0.0,0.0
2024-11-25 02:00:00,0.0,0.0
2024-11-25 03:00:00,0.0,0.0
2024-11-25 04:00:00,0.0,0.0
2024-11-25 05:00:00,0.0,0.0
2024-11-25 06:00:00,0.0,0.0
2024-11-25 07:00:00,0.0,0.0
2024-11-25 08:00:00,0.0,0.0
2024-11-25 09:00:00,0.0,0.0
2024-11-25 10:00:00,0.0725875604771987,0.0725875604771987
2024-11-25 11:00:00,0.2790773053697863,0.2790773053697863
2024-11-25 12:00:00,0.49319060843027085,0.49319060843027085
2024-11-25 13:00:00,0.9698767025074162,0.9698767025074162
2024-11-25 14:00:00,1.1151074181005218,1.1151074181005218
2024-11-25 15:00:00,1.6825307654472674,1.6825307654472674
2024-11-25 16:00:00,1.6187677898412691,1.6187677898412691
2024-11-25 17:00:00,2.4417832766254235,2.4417832766254235
2024-11-25 18:00:00,2.2402219051489785,2.2402219051489785
2024-11-25 19:00:00,2.245560418470076,2.245560418470076
2024-11-25 20:00:00,2.2041229995800125,2.2041229995800125
2024-11-25 21:00:00,2.6329873281421725,2.6329873281421725
2024-11-25 22:00:00,0.0,0.0
2024-11-25 23:00:00,0.0,0.0
2024-11-26 00:00:00,0.0,0.0
2024-11-26 01:00:00,0.0,0.0
2024-11-26 02:00:00,0.0,0.0
2024-11-26 03:00:00,0.0,0.0
2024-11-26 04:00:00,0.0,0.0
2024-11-26 05:00:00,0.0,0.0
2024-11-26 06:00:00,0.0,0.0
2024-11-26 07:00:00,0.0,0.0
2024-11-26 08:00:00,0.0,0.0
2024-11-26 09:00:00,0.0,0.0
2024-11-26 10:00:00,0.09896094754798805,0.09896094754798805
2024-11-26 11:00:00,0.35440257305325507,0.35440257305325507
2024-11-26 12:00:00,0.629900748851404,0.629900748851404
2024-11-26 13:00:00,1.1234948032779084,1.1234948032779084
2024-11-26 14:00:00,1.4348659540339208,1.4348659540339208
2024-11-26 15:00:00,1.5708027874818264,1.5708027874818264
2024-11-26 16:00:00,2.1133696050575828,2.1133696050575828
2024-11-26 17:00:00,2.229802396753336,2.229802396753336
2024-11-26 18:00:00,2.6960898151018555,2.6960898151018555
2024-11-26 19:00:00,2.7838380449171543,2.7838380449171543
2024-11-26 20:00:00,2.0937395220523776,2.0937395220523776
2024-11-26 21:00:00,2.9644831697503946,2.9644831697503946
2024-11-26 22:00:00,0.0,0.0
2024-11-26 23:00:00,0.0,0.0
2024-11-27 00:00:00,0.0,0.0
2024-11-27 01:00:00,0.0,0.0
2024-11-27 02:00:00,0.0,0.0
2024-11-27 03:00:00,0.0,0.0
2024-11-27 04:00:00,0.0,0.0
2024-11-27 05:00:00,0.0,0.0
2024-11-27 06:00:00,0.0,0.0
2024-11-27 07:00:00,0.0,0.0
2024-11-27 08:00:00,0.0,0.0
2024-11-27 09:00:00,0.0,0.0
2024-11-27 10:00:00,0.10725401770788577,0.10725401770788577
2024-11-27 11:00:00,0.292289290535549,0.292289290535549
2024-11-27 12:00:00,0.5769083489566582,0.5769083489566582
2024-11-27 13:00:00,1.052578768311071,1.052578768311071
2024-11-27 14:00:00,1.420331065256453,1.420331065256453
2024-11-27 15:00:00,1.4871370782237436,1.4871370782237436
2024-11-27 16:00:00,2.297956720525446,2.297956720525446
2024-11-27 17:00:00,2.294356165396532,2.294356165396532
2024-11-27 18:00:00,2.7275691943300258,2.7275691943300258
2024-11-27 19:00:00,2.5868908797095993,2.5868908797095993
2024-11-27 20:00:00,2.616824976665017,2.616824976665017
2024-11-27 21:00:00,2.594184430912047,2.594184430912047
2024-11-27 22:00:00,0.0,0.0
2024-11-27 23:00:00,0.0,0.0
2024-11-28 00:00:00,0.0,0.0
2024-11-28 01:00:00,0.0,0.0
2024-11-28 02:00:00,0.0,0.0
2024-11-28 03:00:00,0.0,0.0
2024-11-28 04:00:00,0.0,0.0
2024-11-28 05:00:00,0.0,0.0
2024-11-28 06:00:00,0.0,0.0
2024-11-28 07:00:00,0.0,0.0
2024-11-28 08:00:00,0.0,0.0
2024-11-28 09:00:00,0.0,0.0
2024-11-28 10:00:00,0.0956677876481255,0.0956677876481255
2024-11-28 11:00:00,0.34089142924673355,0.34089142924673355
2024-11-28 12:00:00,0.5670199812945457,0.5670199812945457
2024-11-28 13:00:00,1.1355059475045775,1.1355059475045775
2024-11-28 14:00:00,1.2731780018472552,1.2731780018472552
2024-11-28 15:00:00,1.575002036716846,1.575002036716846
2024-11-28 16:00:00,2.2302265785079127,2.2302265785079127
2024-11-28 17:00:00,2.8596685810815146,2.8596685810815146
2024-11-28 18:00:00,2.9806039422502066,2.9806039422502066
2024-11-28 19:00:00,2.5090349000071437,2.5090349000071437
2024-11-28 20:00:00,2.4356251183123376,2.4356251183123376
2024-11-28 21:00:00,2.611502565504163,2.611502565504163
2024-11-28 22:00:00,0.0,0.0
2024-11-28 23:00:00,0.0,0.0
2024-11-29 00:00:00,0.0,0.0
2024-11-29 01:00:00,0.0,0.0
2024-11-29 02:00:00,0.0,0.0
2024-11-29 03:00:00,0.0,0.0
2024-11-29 04:00:00,0.0,0.0
2024-11-29 05:00:00,0.0,0.0
2024-11-29 06:00:00,0.0,0.0
2024-11-29 07:00:00,0.0,0.0
2024-11-29 08:00:00,0.0,0.0
2024-11-29 09:00:00,0.0,0.0
2024-11-29 10:00:00,0.07880846780767359,0.07880846780767359
2024-11-29 11:00:00,0.3522854327185537,0.3522854327185537
2024-11-29 12:00:00,0.5187189790017767,0.5187189790017767
2024-11-29 13:00:00,0.941582684399707,0.941582684399707
2024-11-29 14:00:00,1.3245009479178798,1.3245009479178798
2024-11-29 15:00:00,1.3566687082789242,1.3566687082789242
2024-11-29 16:00:00,1.834877408975374,1.834877408975374
2024-11-29 17:00:00,2.5998593335990345,2.5998593335990345
2024-11-29 18:00:00,2.2213603315506214,2.2213603315506214
2024-11-29 19:00:00,2.61134132576858,2.61134132576858
2024-11-29 20:00:00,2.1310467183016435,2.1310467183016435
2024-11-29 21:00:00,2.5739261286308794,2.5739261286308794
2024-11-29 22:00:00,0.0,0.0
2024-11-29 23:00:00,0.0,0.0
2024-11-30 00:00:00,0.0,0.0
2024-11-30 01:00:00,0.0,0.0
2024-11-30 02:00:00,0.0,0.0
2024-11-30 03:00:00,0.0,0.0
2024-11-30 04:00:00,0.0,0.0
2024-11-30 05:00:00,0.0,0.0
2024-11-30 06:00:00,0.0,0.0
2024-11-30 07:00:00,0.0,0.0
2024-11-30 08:00:00,0.0,0.0
2024-11-30 09:00:00,0.0,0.0
2024-11-30 10:00:00,0.06396488210905449,0.06396488210905449
2024-11-30 11:00:00,0.21254156443823924,0.21254156443823924
2024-11-30 12:00:00,0.42581207748178207,0.42581207748178207
2024-11-30 13:00:00,0.7227986197009821,0.7227986197009821
2024-11-30 14:00:00,1.0367031274804448,1.0367031274804448
2024-11-30 15:00:00,1.2018096037043127,1.2018096037043127
2024-11-30 16:00:00,1.536629922016166,1.536629922016166
2024-11-30 17:00:00,1.5488148314396444,1.5488148314396444
2024-11-30 18:00:00,1.8065539583363408,1.8065539583363408
2024-11-30 19:00:00,1.577675760727829,1.577675760727829
2024-11-30 20:00:00,1.894971667365615,1.894971667365615
2024-11-30 21:00:00,1.9933924528055744,1.9933924528055744
2024-11-30 22:00:00,0.0,0.0
2024-11-30 23:00:00,0.0,0.0
2024-12-01 00:00:00,0.0,0.0
2024-12-01 01:00:00,0.0,0.0
2024-12-01 02:00:00,0.0,0.0
2024-12-01 03:00:00,0.0,0.0
2024-12-01 04:00:00,0.0,0.0
2024-12-01 05:00:00,0.0,0.0
2024-12-01 06:00:00,0.0,0.0
2024-12-01 07:00:00,0.0,0.0
2024-12-01 08:00:00,0.0,0.0
2024-12-01 09:00:00,0.0,0.0
2024-12-01 10:00:00,0.056062522137430716,0.056062522137430716
2024-12-01 11:00:00,0.22919667828304124,0.22919667828304124
2024-12-01 12:00:00,0.38776011260614124,0.38776011260614124
2024-12-01 13:00:00,0.6751531552254137,0.6751531552254137
2024-12-01 14:00:00,0.8755483501447912,0.8755483501447912
2024-12-01 15:00:00,1.1170036012277007,1.1170036012277007
2024-12-01 16:00:00,1.1749585022324067,1.1749585022324067
2024-12-01 17:00:00,1.6618707945564577,1.6618707945564577
2024-12-01 18:00:00,1.9224438038163478,1.9224438038163478
2024-12-01 19:00:00,1.6332503881289193,1.6332503881289193
2024-12-01 20:00:00,1.634934769039818,1.634934769039818
2024-12-01 21:00:00,1.851207028995134,1.851207028995134
2024-12-01 22:00:00,0.0,0.0
2024-12-01 23:00:00,0.0,0.0
2024-12-02 00:00:00,0.0,0.0
2024-12-02 01:00:00,0.0,0.0
2024-12-02 02:00:00,0.0,0.0
2024-12-02 03:00:00,0.0,0.0
2024-12-02 04:00:00,0.0,0.0
2024-12-02 05:00:00,0.0,0.0
2024-12-02 06:00:00,0.0,0.0
2024-12-02 07:00:00,0.0,0.0
2024-12-02 08:00:00,0.0,0.0
2024-12-02 09:00:00,0.0,0.0
2024-12-02 10:00:00,0.09208809257510871,0.09208809257510871
2024-12-02 11:00:00,0.2853463735793181,0.2853463735793181
2024-12-02 12:00:00,0.5793148722051259,0.5793148722051259
2024-12-02 13:00:00,0.9946501262112772,0.9946501262112772
2024-12-02 14:00:00,1.5050688362198485,1.5050688362198485
2024-12-02 15:00:00,1.394203957737434,1.394203957737434
2024-12-02 16:00:00,1.8293049517427153,1.8293049517427153
2024-12-02 17:00:00,2.3241114096032836,2.3241114096032836
2024-12-02 18:00:00,2.5614108118505277,2.5614108118505277
2024-12-02 19:00:00,2.074678226722311,2.074678226722311
2024-12-02 20:00:00,2.093659512745167,2.093659512745167
2024-12-02 21:00:00,2.7301626312599017,2.7301626312599017
2024-12-02 22:00:00,0.0,0.0
2024-12-02 23:00:00,0.0,0.0
2024-12-03 00:00:00,0.0,0.0
2024-12-03 01:00:00,0.0,0.0
2024-12-03 02:00:00,0.0,0.0
2024-12-03 03:00:00,0.0,0.0
2024-12-03 04:00:00,0.0,0.0
2024-12-03 05:00:00,0.0,0.0
2024-12-03 06:00:00,0.0,0.0
2024-12-03 07:00:00,0.0,0.0
2024-12-03 08:00:00,0.0,0.0
2024-12-03 09:00:00,0.0,0.0
2024-12-03 10:00:00,0.09428596845339471,0.09428596845339471
2024-12-03 11:00:00,0.3494733075832914,0.3494733075832914
2024-12-03 12:00:00,0.5912206058036358,0.5912206058036358
2024-12-03 13:00:00,0.9499847386732982,0.9499847386732982
2024-12-03 14:00:00,1.2720521380596974,1.2720521380596974
2024-12-03 15:00:00,1.4227112901767294,1.4227112901767294
2024-12-03 16:00:00,1.9370575527043643,1.9370575527043643
2024-12-03 17:00:00,2.1607539964036797,2.1607539964036797
2024-12-03 18:00:00,2.5885193172473495,2.5885193172473495
2024-12-03 19:00:00,2.300770799567193,2.300770799567193
2024-12-03 20:00:00,2.0763859192309737,2.0763859192309737
2024-12-03 21:00:00,2.577165213275039,2.577165213275039
2024-12-03 22:00:00,0.0,0.0
2024-12-03 23:00:00,0.0,0.0
2024-12-04 00:00:00,0.0,0.0
2024-12-04 01:00:00,0.0,0.0
2024-12-04 02:00:00,0.0,0.0
2024-12-04 03:00:00,0.0,0.0
2024-12-04 04:00:00,0.0,0.0
2024-12-04 05:00:00,0.0,0.0
2024-12-04 06:00:00,0.0,0.0
2024-12-04 07:00:00,0.0,0.0
2024-12-04 08:00:00,0.0,0.0
2024-12-04 09:00:00,0.0,0.0
2024-12-04 10:00:00,0.0982323019385214,0.0982323019385214
2024-12-04 11:00:00,0.28116621701363864,0.28116621701363864
2024-12-04 12:00:00,0.599333238572718,0.599333238572718
2024-12-04 13:00:00,0.8453414493892683,0.8453414493892683
2024-12-04 14:00:00,1.449409538981609,1.449409538981609
2024-12-04 15:00:00,1.5752164673089042,1.5752164673089042
2024-12-04 16:00:00,1.7604542153170777,1.7604542153170777
2024-12-04 17:00:00,2.5403693550403794,2.5403693550403794
2024-12-04 18:00:00,2.844462499686708,2.844462499686708
2024-12-04 19:00:00,2.274876384706534,2.274876384706534
2024-12-04 20:00:00,2.046406953582165,2.046406953582165
2024-12-04 21:00:00,2.9281961400864813,2.9281961400864813
2024-12-04 22:00:00,0.0,0.0
2024-12-04 23:00:00,0.0,0.0
2024-12-05 00:00:00,0.0,0.0
2024-12-05 01:00:00,0.0,0.0
2024-12-05 02:00:00,0.0,0.0
2024-12-05 03:00:00,0.0,0.0
2024-12-05 04:00:00,0.0,0.0
2024-12-05 05:00:00,0.0,0.0
2024-12-05 06:00:00,0.0,0.0
2024-12-05 07:00:00,0.0,0.0
2024-12-05 08:00:00,0.0,0.0
2024-12-05 09:00:00,0.0,0.0
2024-12-05 10:00:00,0.0899778092572544,0.0899778092572544
2024-12-05 11:00:00,0.2996872339894018,0.2996872339894018
2024-12-05 12:00:00,0.6081080505633226,0.6081080505633226
2024-12-05 13:00:00,0.9053014915683675,0.9053014915683675
2024-12-05 14:00:00,1.4335311881477084,1.4335311881477084
2024-12-05 15:00:00,1.786811589921123,1.786811589921123
2024-12-05 16:00:00,1.8461794366006736,1.8461794366006736
2024-12-05 17:00:00,2.8356388611116543,2.8356388611116543
2024-12-05 18:00:00,2.3146992578897447,2.3146992578897447
2024-12-05 19:00:00,2.087248200582816,2.087248200582816
2024-12-05 20:00:00,2.1534971349175587,2.1534971349175587
2024-12-05 21:00:00,2.835667522440536,2.835667522440536
2024-12-05 22:00:00,0.0,0.0
2024-12-05 23:00:00,0.0,0.0
2024-12-06 00:00:00,0.0,0.0
2024-12-06 01:00:00,0.0,0.0
2024-12-06 02:00:00,0.0,0.0
2024-12-06 03:00:00,0.0,0.0
2024-12-06 04:00:00,0.0,0.0
2024-12-06 05:00:00,0.0,0.0
2024-12-06 06:00:00,0.0,0.0
2024-12-06 07:00:00,0.0,0.0
2024-12-06 08:00:00,0.0,0.0
2024-12-06 09:00:00,0.0,0.0
2024-12-06 10:00:00,0.08354416328284728,0.08354416328284728
2024-12-06 11:00:00,0.29870747496695305,0.29870747496695305
2024-12-06 12:00:00,0.692699051214733,0.692699051214733
2024-12-06 13:00:00,1.0882905640517766,1.0882905640517766
2024-12-06 14:00:00,1.5152444816597483,1.5152444816597483
2024-12-06 15:00:00,1.8603655096940965,1.8603655096940965
2024-12-06 16:00:00,2.066971381263565,2.066971381263565
2024-12-06 17:00:00,2.8880388955711385,2.8880388955711385
2024-12-06 18:00:00,2.3578272854558047,2.3578272854558047
2024-12-06 19:00:00,2.2387992453493943,2.2387992453493943
2024-12-06 20:00:00,2.4589196161819387,2.4589196161819387
2024-12-06 21:00:00,2.541265493282613,2.541265493282613
2024-12-06 22:00:00,0.0,0.0
2024-12-06 23:00:00,0.0,0.0
2024-12-07 00:00:00,0.0,0.0
2024-12-07 01:00:00,0.0,0.0
2024-12-07 02:00:00,0.0,0.0
2024-12-07 03:00:00,0.0,0.0
2024-12-07 04:00:00,0.0,0.0
2024-12-07 05:00:00,0.0,0.0
2024-12-07 06:00:00,0.0,0.0
2024-12-07 07:00:00,0.0,0.0
2024-12-07 08:00:00,0.0,0.0
2024-12-07 09:00:00,0.0,0.0
2024-12-07 10:00:00,0.05262530689079575,0.05262530689079575
2024-12-07 11:00:00,0.18733328362265522,0.18733328362265522
2024-12-07 12:00:00,0.41029425931554536,0.41029425931554536
2024-12-07 13:00:00,0.5627500760356834,0.5627500760356834
2024-12-07 14:00:00,0.8131912105255923,0.8131912105255923
2024-12-07 15:00:00,0.981793638143542,0.981793638143542
2024-12-07 16:00:00,1.2841381447649816,1.2841381447649816
2024-12-07 17:00:00,1.633840288498766,1.633840288498766
2024-12-07 18:00:00,1.731277214954761,1.731277214954761
2024-12-07 19:00:00,1.597492085790345,1.597492085790345
2024-12-07 20:00:00,1.5323572852012912,1.5323572852012912
2024-12-07 21:00:00,1.6293346488627851,1.6293346488627851
2024-12-07 22:00:00,0.0,0.0
2024-12-07 23:00:00,0.0,0.0
2024-12-08 00:00:00,0.0,0.0
2024-12-08 01:00:00,0.0,0.0
2024-12-08 02:00:00,0.0,0.0
2024-12-08 03:00:00,0.0,0.0
2024-12-08 04:00:00,0.0,0.0
2024-12-08 05:00:00,0.0,0.0
2024-12-08 06:00:00,0.0,0.0
2024-12-08 07:00:00,0.0,0.0
2024-12-08 08:00:00,0.0,0.0
2024-12-08 09:00:00,0.0,0.0
2024-12-08 10:00:00,0.05585801412354035,0.05585801412354035
2024-12-08 11:00:00,0.20204530521694833,0.20204530521694833
2024-12-08 12:00:00,0.43434936953761344,0.43434936953761344
2024-12-08 13:00:00,0.5982965300025079,0.5982965300025079
2024-12-08 14:00:00,0.7857851487069828,0.7857851487069828
2024-12-08 15:00:00,0.9180516209376132,0.9180516209376132
2024-12-08 16:00:00,1.5449242488260981,1.5449242488260981
2024-12-08 17:00:00,1.7231050285207912,1.7231050285207912
2024-12-08 18:00:00,1.7106699980169726,1.7106699980169726
2024-12-08 19:00:00,1.821824052463616,1.821824052463616
2024-12-08 20:00:00,1.5315972295253266,1.5315972295253266
2024-12-08 21:00:00,1.9056338569165931,1.9056338569165931
2024-12-08 22:00:00,0.0,0.0
2024-12-08 23:00:00,0.0,0.0
2024-12-09 00:00:00,0.0,0.0
2024-12-09 01:00:00,0.0,0.0
2024-12-09 02:00:00,0.0,0.0
2024-12-09 03:00:00,0.0,0.0
2024-12-09 04:00:00,0.0,0.0
2024-12-09 05:00:00,0.0,0.0
2024-12-09 06:00:00,0.0,0.0
2024-12-09 07:00:00,0.0,0.0
2024-12-09 08:00:00,0.0,0.0
2024-12-09 09:00:00,0.0,0.0
2024-12-09 10:00:00,0.09238386130210863,0.09238386130210863
2024-12-09 11:00:00,0.3869342361536208,0.3869342361536208
2024-12-09 12:00:00,0.6183726058117117,0.6183726058117117
2024-12-09 13:00:00,1.0274946695089957,1.0274946695089957
2024-12-09 14:00:00,1.5021638404196267,1.5021638404196267
2024-12-09 15:00:00,1.6547700484318772,1.6547700484318772
2024-12-09 16:00:00,2.1299210378856412,2.1299210378856412
2024-12-09 17:00:00,2.4018575082588653,2.4018575082588653
2024-12-09 18:00:00,2.5461398215350144,2.5461398215350144
2024-12-09 19:00:00,2.656816643303229,2.656816643303229
2024-12-09 20:00:00,2.1372848098362804,2.1372848098362804
2024-12-09 21:00:00,2.8718706878416147,2.8718706878416147
2024-12-09 22:00:00,0.0,0.0
2024-12-09 23:00:00,0.0,0.0
2024-12-10 00:00:00,0.0,0.0
2024-12-10 01:00:00,0.0,0.0
2024-12-10 02:00:00,0.0,0.0
2024-12-10 03:00:00,0.0,0.0
2024-12-10 04:00:00,0.0,0.0
2024-12-10 05:00:00,0.0,0.0
2024-12-10 06:00:00,0.0,0.0
2024-12-10 07:00:00,0.0,0.0
2024-12-10 08:00:00,0.0,0.0
2024-12-10 09:00:00,0.0,0.0
2024-12-10 10:00:00,0.08126199642361664,0.08126199642361664
2024-12-10 11:00:00,0.35162646004581144,0.35162646004581144
2024-12-10 12:00:00,0.6006916825542555,0.6006916825542555
2024-12-10 13:00:00,0.9881799516247493,0.9881799516247493
2024-12-10 14:00:00,1.2705078943932708,1.2705078943932708
2024-12-10 15:00:00,1.7439205566741505,1.7439205566741505
2024-12-10 16:00:00,1.852515130125571,1.852515130125571
2024-12-10 17:00:00,2.8770887593140158,2.8770887593140158
2024-12-10 18:00:00,2.578838476530017,2.578838476530017
2024-12-10 19:00:00,2.5662760611796664,2.5662760611796664
2024-12-10 20:00:00,2.7511899622131755,2.7511899622131755
2024-12-10 21:00:00,2.8577191203532384,2.8577191203532384
2024-12-10 22:00:00,0.0,0.0
2024-12-10 23:00:00,0.0,0.0
2024-12-11 00:00:00,0.0,0.0
2024-12-11 01:00:00,0.0,0.0
2024-12-11 02:00:00,0.0,0.0
2024-12-11 03:00:00,0.0,0.0
2024-12-11 04:00:00,0.0,0.0
2024-12-11 05:00:00,0.0,0.0
2024-12-11 06:00:00,0.0,0.0
2024-12-11 07:00:00,0.0,0.0
2024-12-11 08:00:00,0.0,0.0
2024-12-11 09:00:00,0.0,0.0
2024-12-11 10:00:00,0.08777745033849779,0.08777745033849779
2024-12-11 11:00:00,0.35985343309136025,0.35985343309136025
2024-12-11 12:00:00,0.5664771489029492,0.5664771489029492
2024-12-11 13:00:00,0.8306875858338604,0.8306875858338604
2024-12-11 14:00:00,1.2744151670326052,1.2744151670326052
2024-12-11 15:00:00,1.5114987432698717,1.5114987432698717
2024-12-11 16:00:00,2.015740993599624,2.015740993599624
2024-12-11 17:00:00,2.297402603403948,2.297402603403948
2024-12-11 18:00:00,2.536168889210617,2.536168889210617
2024-12-11 19:00:00,2.6450884656603595,2.6450884656603595
2024-12-11 20:00:00,2.279984579524258,2.279984579524258
2024-12-11 21:00:00,2.664382653796424,2.664382653796424
2024-12-11 22:00:00,0.0,0.0
2024-12-11 23:00:00,0.0,0.0
2024-12-12 00:00:00,0.0,0.0
2024-12-12 01:00:00,0.0,0.0
2024-12-12 02:00:00,0.0,0.0
2024-12-12 03:00:00,0.0,0.0
2024-12-12 04:00:00,0.0,0.0
2024-12-12 05:00:00,0.0,0.0
2024-12-12 06:00:00,0.0,0.0
2024-12-12 07:00:00,0.0,0.0
2024-12-12 08:00:00,0.0,0.0
2024-12-12 09:00:00,0.0,0.0
2024-12-12 10:00:00,0.0814209757663493,0.0814209757663493
2024-12-12 11:00:00,0.2770520734139207,0.2770520734139207
2024-12-12 12:00:00,0.6131525954289069,0.6131525954289069
2024-12-12 13:00:00,0.7942668763258696,0.7942668763258696
2024-12-12 14:00:00,1.4355787632159436,1.4355787632159436
2024-12-12 15:00:00,1.2964903285001066,1.2964903285001066
2024-12-12 16:00:00,1.7767641794821623,1.7767641794821623
2024-12-12 17:00:00,2.1126433005746956,2.1126433005746956
2024-12-12 18:00:00,2.5350278224115366,2.5350278224115366
2024-12-12 19:00:00,2.2735758178138568,2.2735758178138568
2024-12-12 20:00:00,2.538485087164292,2.538485087164292
2024-12-12 21:00:00,2.3513092702490708,2.3513092702490708
2024-12-12 22:00:00,0.0,0.0
2024-12-12 23:00:00,0.0,0.0
2024-12-13 00:00:00,0.0,0.0
2024-12-13 01:00:00,0.0,0.0
2024-12-13 02:00:00,0.0,0.0
2024-12-13 03:00:00,0.0,0.0
2024-12-13 04:00:00,0.0,0.0
2024-12-13 05:00:00,0.0,0.0
2024-12-13 06:00:00,0.0,0.0
2024-12-13 07:00:00,0.0,0.0
2024-12-13 08:00:00,0.0,0.0
2024-12-13 09:00:00,0.0,0.0
2024-12-13 10:00:00,0.09975933474063053,0.09975933474063053
2024-12-13 11:00:00,0.3236355316571853,0.3236355316571853
2024-12-13 12:00:00,0.5808871400789042,0.5808871400789042
2024-12-13 13:00:00,1.0503082670886263,1.0503082670886263
2024-12-13 14:00:00,1.4075604416938536,1.4075604416938536
2024-12-13 15:00:00,1.656614755021397,1.656614755021397
2024-12-13 16:00:00,1.853803596900864,1.853803596900864
2024-12-13 17:00:00,2.48163617237046,2.48163617237046
2024-12-13 18:00:00,2.4573839054560063,2.4573839054560063
2024-12-13 19:00:00,2.5319901632183273,2.5319901632183273
2024-12-13 20:00:00,2.171073049126876,2.171073049126876
2024-12-13 21:00:00,2.5350161972792176,2.5350161972792176
2024-12-13 22:00:00,0.0,0.0
2024-12-13 23:00:00,0.0,0.0
2024-12-14 00:00:00,0.0,0.0
2024-12-14 01:00:00,0.0,0.0
2024-12-14 02:00:00,0.0,0.0
2024-12-14 03:00:00,0.0,0.0
2024-12-14 04:00:00,0.0,0.0
2024-12-14 05:00:00,0.0,0.0
2024-12-14 06:00:00,0.0,0.0
2024-12-14 07:00:00,0.0,0.0
2024-12-14 08:00:00,0.0,0.0
2024-12-14 09:00:00,0.0,0.0
2024-12-14 10:00:00,0.055857716780232505,0.055857716780232505
2024-12-14 11:00:00,0.23427857900531965,0.23427857900531965
2024-12-14 12:00:00,0.4311852163655767,0.4311852163655767
2024-12-14 13:00:00,0.7409802311426001,0.7409802311426001
2024-12-14 14:00:00,0.8731807853467024,0.8731807853467024
2024-12-14 15:00:00,1.130913461818294,1.130913461818294
2024-12-14 16:00:00,1.5912007172655627,1.5912007172655627
2024-12-14 17:00:00,1.8540735789711484,1.8540735789711484
2024-12-14 18:00:00,2.0015324558727774,2.0015324558727774
2024-12-14 19:00:00,1.6846070782712532,1.6846070782712532
2024-12-14 20:00:00,1.9580953849186504,1.9580953849186504
2024-12-14 21:00:00,1.6584450230321552,1.6584450230321552
2024-12-14 22:00:00,0.0,0.0
2024-12-14 23:00:00,0.0,0.0
2024-12-15 00:00:00,0.0,0.0
2024-12-15 01:00:00,0.0,0.0
2024-12-15 02:00:00,0.0,0.0
2024-12-15 03:00:00,0.0,0.0
2024-12-15 04:00:00,0.0,0.0
2024-12-15 05:00:00,0.0,0.0
2024-12-15 06:00:00,0.0,0.0
2024-12-15 07:00:00,0.0,0.0
2024-12-15 08:00:00,0.0,0.0
2024-12-15 09:00:00,0.0,0.0
2024-12-15 10:00:00,0.0673451273948643,0.0673451273948643
2024-12-15 11:00:00,0.19073905530152435,0.19073905530152435
2024-12-15 12:00:00,0.41213912323232976,0.41213912323232976
2024-12-15 13:00:00,0.7363253154712299,0.7363253154712299
2024-12-15 14:00:00,0.9712727021131088,0.9712727021131088
2024-12-15 15:00:00,1.0278251600164672,1.0278251600164672
2024-12-15 16:00:00,1.2548205683757394,1.2548205683757394
2024-12-15 17:00:00,1.8268182952212038,1.8268182952212038
2024-12-15 18:00:00,1.8977291881426177,1.8977291881426177
2024-12-15 19:00:00,1.8601684686621252,1.8601684686621252
2024-12-15 20:00:00,1.838452650978082,1.838452650978082
2024-12-15 21:00:00,1.703760789394118,1.703760789394118
2024-12-15 22:00:00,0.0,0.0
2024-12-15 23:00:00,0.0,0.0
2024-12-16 00:00:00,0.0,0.0
2024-12-16 01:00:00,0.0,0.0
2024-12-16 02:00:00,0.0,0.0
2024-12-16 03:00:00,0.0,0.0
2024-12-16 04:00:00,0.0,0.0
2024-12-16 05:00:00,0.0,0.0
2024-12-16 06:00:00,0.0,0.0
2024-12-16 07:00:00,0.0,0.0
2024-12-16 08:00:00,0.0,0.0
2024-12-16 09:00:00,0.0,0.0
2024-12-16 10:00:00,0.08844970421290028,0.08844970421290028
2024-12-16 11:00:00,0.31265785342836827,0.31265785342836827
2024-12-16 12:00:00,0.5932188733618359,0.5932188733618359
2024-12-16 13:00:00,0.8314957086413053,0.8314957086413053
2024-12-16 14:00:00,1.1095397962614675,1.1095397962614675
2024-12-16 15:00:00,1.4029058709953324,1.4029058709953324
2024-12-16 16:00:00,2.073934438463219,2.073934438463219
2024-12-16 17:00:00,2.085989397540372,2.085989397540372
2024-12-16 18:00:00,2.0876127174782897,2.0876127174782897
2024-12-16 19:00:00,2.472855226994509,2.472855226994509
2024-12-16 20:00:00,2.4520965528469763,2.4520965528469763
2024-12-16 21:00:00,2.1113621270612954,2.1113621270612954
2024-12-16 22:00:00,0.0,0.0
2024-12-16 23:00:00,0.0,0.0
2024-12-17 00:00:00,0.0,0.0
2024-12-17 01:00:00,0.0,0.0
2024-12-17 02:00:00,0.0,0.0
2024-12-17 03:00:00,0.0,0.0
2024-12-17 04:00:00,0.0,0.0
2024-12-17 05:00:00,0.0,0.0
2024-12-17 06:00:00,0.0,0.0
2024-12-17 07:00:00,0.0,0.0
2024-12-17 08:00:00,0.0,0.0
2024-12-17 09:00:00,0.0,0.0
2024-12-17 10:00:00,0.09422641138990674,0.09422641138990674
2024-12-17 11:00:00,0.2967417045925595,0.2967417045925595
2024-12-17 12:00:00,0.6696151289535681,0.6696151289535681
2024-12-17 13:00:00,0.9294084350894374,0.9294084350894374
2024-12-17 14:00:00,1.3176913816432243,1.3176913816432243
2024-12-17 15:00:00,1.5718753516691635,1.5718753516691635
2024-12-17 16:00:00,1.9157282827037747,1.9157282827037747
2024-12-17 17:00:00,2.5486752054814326,2.5486752054814326
2024-12-17 18:00:00,2.400207679530115,2.400207679530115
2024-12-17 19:00:00,2.185924230384702,2.185924230384702
2024-12-17 20:00:00,2.6489371287232633,2.6489371287232633
2024-12-17 21:00:00,2.89302841890461,2.89302841890461
2024-12-17 22:00:00,0.0,0.0
2024-12-17 23:00:00,0.0,0.0
2024-12-18 00:00:00,0.0,0.0
2024-12-18 01:00:00,0.0,0.0
2024-12-18 02:00:00,0.0,0.0
2024-12-18 03:00:00,0.0,0.0
2024-12-18 04:00:00,0.0,0.0
2024-12-18 05:00:00,0.0,0.0
2024-12-18 06:00:00,0.0,0.0
2024-12-18 07:00:00,0.0,0.0
2024-12-18 08:00:00,0.0,0.0
2024-12-18 09:00:00,0.0,0.0
2024-12-18 10:00:00,0.07671277403530193,0.07671277403530193
2024-12-18 11:00:00,0.32940755249464204,0.32940755249464204
2024-12-18 12:00:00,0.5556193344939213,0.5556193344939213
2024-12-18 13:00:00,0.9981126118869181,0.9981126118869181
2024-12-18 14:00:00,1.3417750546985479,1.3417750546985479
2024-12-18 15:00:00,1.374967823178876,1.374967823178876
2024-12-18 16:00:00,1.6623286949291534,1.6623286949291534
2024-12-18 17:00:00,2.230470265985314,2.230470265985314
2024-12-18 18:00:00,2.6416685643957076,2.6416685643957076
2024-12-18 19:00:00,2.564643616169824,2.564643616169824
2024-12-18 20:00:00,2.2015184264614946,2.2015184264614946
2024-12-18 21:00:00,2.5518699950939796,2.5518699950939796
2024-12-18 22:00:00,0.0,0.0
2024-12-18 23:00:00,0.0,0.0
2024-12-19 00:00:00,0.0,0.0
2024-12-19 01:00:00,0.0,0.0
2024-12-19 02:00:00,0.0,0.0
2024-12-19 03:00:00,0.0,0.0
2024-12-19 04:00:00,0.0,0.0
2024-12-19 05:00:00,0.0,0.0
2024-12-19 06:00:00,0.0,0.0
2024-12-19 07:00:00,0.0,0.0
2024-12-19 08:00:00,0.0,0.0
2024-12-19 09:00:00,0.0,0.0
2024-12-19 10:00:00,0.10884390103794417,0.10884390103794417
2024-12-19 11:00:00,0.3396884187617653,0.3396884187617653
2024-12-19 12:00:00,0.7155142679240757,0.7155142679240757
2024-12-19 13:00:00,1.0059543718284707,1.0059543718284707
2024-12-19 14:00:00,1.5930106690034116,1.5930106690034116
2024-12-19 15:00:00,1.93432300922666,1.93432300922666
2024-12-19 16:00:00,2.1989891169678946,2.1989891169678946
2024-12-19 17:00:00,2.5591232250446385,2.5591232250446385
2024-12-19 18:00:00,2.3810836732950555,2.3810836732950555
2024-12-19 19:00:00,2.8363328813384636,2.8363328813384636
2024-12-19 20:00:00,2.664004153377469,2.664004153377469
2024-12-19 21:00:00,2.607342458359918,2.607342458359918
2024-12-19 22:00:00,0.0,0.0
2024-12-19 23:00:00,0.0,0.0
2024-12-20 00:00:00,0.0,0.0
2024-12-20 01:00:00,0.0,0.0
2024-12-20 02:00:00,0.0,0.0
2024-12-20 03:00:00,0.0,0.0
2024-12-20 04:00:00,0.0,0.0
2024-12-20 05:00:00,0.0,0.0
2024-12-20 06:00:00,0.0,0.0
2024-12-20 07:00:00,0.0,0.0
2024-12-20 08:00:00,0.0,0.0
2024-12-20 09:00:00,0.0,0.0
2024-12-20 10:00:00,0.08157239252031812,0.08157239252031812
2024-12-20 11:00:00,0.3225983069199211,0.3225983069199211
2024-12-20 12:00:00,0.6646085145980669,0.6646085145980669
2024-12-20 13:00:00,1.1228328426778675,1.1228328426778675
2024-12-20 14:00:00,1.2403661284589482,1.2403661284589482
2024-12-20 15:00:00,1.546757034265353,1.546757034265353
2024-12-20 16:00:00,2.2460069676666796,2.2460069676666796
2024-12-20 17:00:00,2.5015172540577755,2.5015172540577755
2024-12-20 18:00:00,2.420901934580396,2.420901934580396
2024-12-20 19:00:00,2.2375819572901223,2.2375819572901223
2024-12-20 20:00:00,2.6380232428917254,2.6380232428917254
2024-12-20 21:00:00,2.845528802695739,2.845528802695739
2024-12-20 22:00:00,0.0,0.0
2024-12-20 23:00:00,0.0,0.0
2024-12-21 00:00:00,0.0,0.0
2024-12-21 01:00:00,0.0,0.0
2024-12-21 02:00:00,0.0,0.0
2024-12-21 03:00:00,0.0,0.0
2024-12-21 04:00:00,0.0,0.0
2024-12-21 05:00:00,0.0,0.0
2024-12-21 06:00:00,0.0,0.0
2024-12-21 07:00:00,0.0,0.0
2024-12-21 08:00:00,0.0,0.0
2024-12-21 09:00:00,0.0,0.0
2024-12-21 10:00:00,0.06493743874769513,0.06493743874769513
2024-12-21 11:00:00,0.2102311805991046,0.2102311805991046
2024-12-21 12:00:00,0.3365307638873727,0.3365307638873727
2024-12-21 13:00:00,0.5426220239903629,0.5426220239903629
2024-12-21 14:00:00,0.9246867203184586,0.9246867203184586
2024-12-21 15:00:00,1.1753921861222654,1.1753921861222654
2024-12-21 16:00:00,1.2755782071154114,1.2755782071154114
2024-12-21 17:00:00,1.7222906700910476,1.7222906700910476
2024-12-21 18:00:00,1.6918648103473963,1.6918648103473963
2024-12-21 19:00:00,1.760220074309232,1.760220074309232
2024-12-21 20:00:00,1.7160102737470866,1.7160102737470866
2024-12-21 21:00:00,1.5505565367166683,1.5505565367166683
2024-12-21 22:00:00,0.0,0.0
2024-12-21 23:00:00,0.0,0.0
2024-12-22 00:00:00,0.0,0.0
2024-12-22 01:00:00,0.0,0.0
2024-12-22 02:00:00,0.0,0.0
2024-12-22 03:00:00,0.0,0.0
2024-12-22 04:00:00,0.0,0.0
2024-12-22 05:00:00,0.0,0.0
2024-12-22 06:00:00,0.0,0.0
2024-12-22 07:00:00,0.0,0.0
2024-12-22 08:00:00,0.0,0.0
2024-12-22 09:00:00,0.0,0.0
2024-12-22 10:00:00,0.06640755989986385,0.06640755989986385
2024-12-22 11:00:00,0.24761918998684293,0.24761918998684293
2024-12-22 12:00:00,0.4822351232005965,0.4822351232005965
2024-12-22 13:00:00,0.7067653880184509,0.7067653880184509
2024-12-22 14:00:00,0.8830739859835632,0.8830739859835632
2024-12-22 15:00:00,1.3188022040090759,1.3188022040090759
2024-12-22 16:00:00,1.50132202445401,1.50132202445401
2024-12-22 17:00:00,1.7184099691168289,1.7184099691168289
2024-12-22 18:00:00,2.0944111759219903,2.0944111759219903
2024-12-22 19:00:00,1.5637238401275757,1.5637238401275757
2024-12-22 20:00:00,1.5360276988313974,1.5360276988313974
2024-12-22 21:00:00,1.928088519982784,1.928088519982784
2024-12-22 22:00:00,0.0,0.0
2024-12-22 23:00:00,0.0,0.0
2024-12-23 00:00:00,0.0,0.0
2024-12-23 01:00:00,0.0,0.0
2024-12-23 02:00:00,0.0,0.0
2024-12-23 03:00:00,0.0,0.0
2024-12-23 04:00:00,0.0,0.0
2024-12-23 05:00:00,0.0,0.0
2024-12-23 06:00:00,0.0,0.0
2024-12-23 07:00:00,0.0,0.0
2024-12-23 08:00:00,0.0,0.0
2024-12-23 09:00:00,0.0,0.0
2024-12-23 10:00:00,0.081641831760832,0.081641831760832
2024-12-23 11:00:00,0.38666937020275466,0.38666937020275466
2024-12-23 12:00:00,0.6147046555792399,0.6147046555792399
2024-12-23 13:00:00,1.0913029542137216,1.0913029542137216
2024-12-23 14:00:00,1.5693950225158853,1.5693950225158853
2024-12-23 15:00:00,1.543158063261247,1.543158063261247
2024-12-23 16:00:00,2.1616642967081208,2.1616642967081208
2024-12-23 17:00:00,3.0406167196303926,3.0406167196303926
2024-12-23 18:00:00,2.5392082165336225,2.5392082165336225
2024-12-23 19:00:00,2.7446496356621477,2.7446496356621477
2024-12-23 20:00:00,2.90371571177467,2.90371571177467
2024-12-23 21:00:00,2.6716934764903333,2.6716934764903333
2024-12-23 22:00:00,0.0,0.0
2024-12-23 23:00:00,0.0,0.0
2024-12-24 00:00:00,0.0,0.0
2024-12-24 01:00:00,0.0,0.0
2024-12-24 02:00:00,0.0,0.0
2024-12-24 03:00:00,0.0,0.0
2024-12-24 04:00:00,0.0,0.0
2024-12-24 05:00:00,0.0,0.0
2024-12-24 06:00:00,0.0,0.0
2024-12-24 07:00:00,0.0,0.0
2024-12-24 08:00:00,0.0,0.0
2024-12-24 09:00:00,0.0,0.0
2024-12-24 10:00:00,0.08596612129981686,0.08596612129981686
2024-12-24 11:00:00,0.3801169004680079,0.3801169004680079
2024-12-24 12:00:00,0.6054733564181044,0.6054733564181044
2024-12-24 13:00:00,0.9592793816837173,0.9592793816837173
2024-12-24 14:00:00,1.54653798047711,1.54653798047711
2024-12-24 15:00:00,1.7360111964892633,1.7360111964892633
2024-12-24 16:00:00,2.0057539127525863,2.0057539127525863
2024-12-24 17:00:00,2.5555812442358454,2.5555812442358454
2024-12-24 18:00:00,2.5996544605314647,2.5996544605314647
2024-12-24 19:00:00,2.2387125331139415,2.2387125331139415
2024-12-24 20:00:00,2.2939503858181833,2.2939503858181833
2024-12-24 21:00:00,2.757366248751275,2.757366248751275
2024-12-24 22:00:00,0.0,0.0
2024-12-24 23:00:00,0.0,0.0
2024-12-25 00:00:00,0.0,0.0
2024-12-25 01:00:00,0.0,0.0
2024-12-25 02:00:00,0.0,0.0
2024-12-25 03:00:00,0.0,0.0
2024-12-25 04:00:00,0.0,0.0
2024-12-25 05:00:00,0.0,0.0
2024-12-25 06:00:00,0.0,0.0
2024-12-25 07:00:00,0.0,0.0
2024-12-25 08:00:00,0.0,0.0
2024-12-25 09:00:00,0.0,0.0
2024-12-25 10:00:00,0.09761899030694811,0.09761899030694811
2024-12-25 11:00:00,0.3303345806879054,0.3303345806879054
2024-12-25 12:00:00,0.5448249083353741,0.5448249083353741
2024-12-25 13:00:00,0.8439695941498816,0.8439695941498816
2024-12-25 14:00:00,1.1458706753786867,1.1458706753786867
2024-12-25 15:00:00,1.4341960935044162,1.4341960935044162
2024-12-25 16:00:00,1.724607670736389,1.724607670736389
2024-12-25 17:00:00,2.3298386933219546,2.3298386933219546
2024-12-25 18:00:00,2.6082190622348542,2.6082190622348542
2024-12-25 19:00:00,2.4528013032188625,2.4528013032188625
2024-12-25 20:00:00,2.171063136525964,2.171063136525964
2024-12-25 21:00:00,2.5144733221648514,2.5144733221648514
2024-12-25 22:00:00,0.0,0.0
2024-12-25 23:00:00,0.0,0.0
2024-12-26 00:00:00,0.0,0.0
2024-12-26 01:00:00,0.0,0.0
2024-12-26 02:00:00,0.0,0.0
2024-12-26 03:00:00,0.0,0.0
2024-12-26 04:00:00,0.0,0.0
2024-12-26 05:00:00,0.0,0.0
2024-12-26 06:00:00,0.0,0.0
2024-12-26 07:00:00,0.0,0.0
2024-12-26 08:00:00,0.0,0.0
2024-12-26 09:00:00,0.0,0.0
2024-12-26 10:00:00,0.08318955137110472,0.08318955137110472
2024-12-26 11:00:00,0.36883865714810643,0.36883865714810643
2024-12-26 12:00:00,0.5821334437723197,0.5821334437723197
2024-12-26 13:00:00,0.8903596559641613,0.8903596559641613
2024-12-26 14:00:00,1.4106448763040293,1.4106448763040293
2024-12-26 15:00:00,1.57486376368197,1.57486376368197
2024-12-26 16:00:00,2.258202214339596,2.258202214339596
2024-12-26 17:00:00,2.1768162153387167,2.1768162153387167
2024-12-26 18:00:00,2.7424793235944005,2.7424793235944005
2024-12-26 19:00:00,2.2216869734051126,2.2216869734051126
2024-12-26 20:00:00,2.5726671328441704,2.5726671328441704
2024-12-26 21:00:00,2.8415435197032863,2.8415435197032863
2024-12-26 22:00:00,0.0,0.0
2024-12-26 23:00:00,0.0,0.0
2024-12-27 00:00:00,0.0,0.0
2024-12-27 01:00:00,0.0,0.0
2024-12-27 02:00:00,0.0,0.0
2024-12-27 03:00:00,0.0,0.0
2024-12-27 04:00:00,0.0,0.0
2024-12-27 05:00:00,0.0,0.0
2024-12-27 06:00:00,0.0,0.0
2024-12-27 07:00:00,0.0,0.0
2024-12-27 08:00:00,0.0,0.0
2024-12-27 09:00:00,0.0,0.0
2024-12-27 10:00:00,0.09874057793364012,0.09874057793364012
2024-12-27 11:00:00,0.3840134158085868,0.3840134158085868
2024-12-27 12:00:00,0.6598146368071607,0.6598146368071607
2024-12-27 13:00:00,0.9170832578277666,0.9170832578277666
2024-12-27 14:00:00,1.2069224205887776,1.2069224205887776
2024-12-27 15:00:00,1.8727123811363122,1.8727123811363122
2024-12-27 16:00:00,2.2022117222796234,2.2022117222796234
2024-12-27 17:00:00,2.8342289733301294,2.8342289733301294
2024-12-27 18:00:00,2.8584870471449353,2.8584870471449353
2024-12-27 19:00:00,2.6534604138486526,2.6534604138486526
2024-12-27 20:00:00,2.638867816438461,2.638867816438461
2024-12-27 21:00:00,3.025256355664555,3.025256355664555
2024-12-27 22:00:00,0.0,0.0
2024-12-27 23:00:00,0.0,0.0
2024-12-28 00:00:00,0.0,0.0
2024-12-28 01:00:00,0.0,0.0
2024-12-28 02:00:00,0.0,0.0
2024-12-28 03:00:00,0.0,0.0
2024-12-28 04:00:00,0.0,0.0
2024-12-28 05:00:00,0.0,0.0
2024-12-28 06:00:00,0.0,0.0
2024-12-28 07:00:00,0.0,0.0
2024-12-28 08:00:00,0.0,0.0
2024-12-28 09:00:00,0.0,0.0
2024-12-28 10:00:00,0.05524038857255556,0.05524038857255556
2024-12-28 11:00:00,0.21306860301995148,0.21306860301995148
2024-12-28 12:00:00,0.3859667880214694,0.3859667880214694
2024-12-28 13:00:00,0.6746349528479902,0.6746349528479902
2024-12-28 14:00:00,0.9983956807226445,0.9983956807226445
2024-12-28 15:00:00,0.9044375051368521,0.9044375051368521
2024-12-28 16:00:00,1.1872357413052983,1.1872357413052983
2024-12-28 17:00:00,1.569110742698127,1.569110742698127
2024-12-28 18:00:00,1.543756427904226,1.543756427904226
2024-12-28 19:00:00,1.5081676942523257,1.5081676942523257
2024-12-28 20:00:00,1.323973253027793,1.323973253027793
2024-12-28 21:00:00,1.4587625468791883,1.4587625468791883
2024-12-28 22:00:00,0.0,0.0
2024-12-28 23:00:00,0.0,0.0
2024-12-29 00:00:00,0.0,0.0
2024-12-29 01:00:00,0.0,0.0
2024-12-29 02:00:00,0.0,0.0
2024-12-29 03:00:00,0.0,0.0
2024-12-29 04:00:00,0.0,0.0
2024-12-29 05:00:00,0.0,0.0
2024-12-29 06:00:00,0.0,0.0
2024-12-29 07:00:00,0.0,0.0
2024-12-29 08:00:00,0.0,0.0
2024-12-29 09:00:00,0.0,0.0
2024-12-29 10:00:00,0.0697816861475008,0.0697816861475008
2024-12-29 11:00:00,0.21422643847118064,0.21422643847118064
2024-12-29 12:00:00,0.3933681835043702,0.3933681835043702
2024-12-29 13:00:00,0.7686019518724994,0.7686019518724994
2024-12-29 14:00:00,1.1026252021643363,1.1026252021643363
2024-12-29 15:00:00,1.2112716860627253,1.2112716860627253
2024-12-29 16:00:00,1.3051156013942526,1.3051156013942526
2024-12-29 17:00:00,1.7536567707678223,1.7536567707678223
2024-12-29 18:00:00,1.69791729222497,1.69791729222497
2024-12-29 19:00:00,1.8288280435545854,1.8288280435545854
2024-12-29 20:00:00,1.866635873380902,1.866635873380902
2024-12-29 21:00:00,1.6788630797822652,1.6788630797822652
2024-12-29 22:00:00,0.0,0.0
2024-12-29 23:00:00,0.0,0.0
2024-12-30 00:00:00,0.0,0.0
2024-12-30 01:00:00,0.0,0.0
2024-12-30 02:00:00,0.0,0.0
2024-12-30 03:00:00,0.0,0.0
2024-12-30 04:00:00,0.0,0.0
2024-12-30 05:00:00,0.0,0.0
2024-12-30 06:00:00,0.0,0.0
2024-12-30 07:00:00,0.0,0.0
2024-12-30 08:00:00,0.0,0.0
2024-12-30 09:00:00,0.0,0.0
2024-12-30 10:00:00,0.09767346668456972,0.09767346668456972
2024-12-30 11:00:00,0.3542452490898185,0.3542452490898185
2024-12-30 12:00:00,0.590838448376902,0.590838448376902
2024-12-30 13:00:00,0.8543388624274073,0.8543388624274073
2024-12-30 14:00:00,1.4080924884254693,1.4080924884254693
2024-12-30 15:00:00,1.439058134589561,1.439058134589561
2024-12-30 16:00:00,2.079021883460591,2.079021883460591
2024-12-30 17:00:00,2.601060375868114,2.601060375868114
2024-12-30 18:00:00,2.409094876719517,2.409094876719517
2024-12-30 19:00:00,2.7291428806150893,2.7291428806150893
2024-12-30 20:00:00,2.6424404309175387,2.6424404309175387
2024-12-30 21:00:00,2.768033684456693,2.768033684456693
2024-12-30 22:00:00,0.0,0.0
2024-12-30 23:00:00,0.0,0.0
