timestamp,power_kw,energy_kwh
2024-01-01 00:00:00,0.0,0.0
2024-01-01 01:00:00,0.0,0.0
2024-01-01 02:00:00,0.0,0.0
2024-01-01 03:00:00,0.0,0.0
2024-01-01 04:00:00,0.0,0.0
2024-01-01 05:00:00,0.0,0.0
2024-01-01 06:00:00,0.0,0.0
2024-01-01 07:00:00,0.0,0.0
2024-01-01 08:00:00,0.0,0.0
2024-01-01 09:00:00,0.0,0.0
2024-01-01 10:00:00,0.1656952645249845,0.1656952645249845
2024-01-01 11:00:00,0.5503144824312978,0.5503144824312978
2024-01-01 12:00:00,1.2837078402599285,1.2837078402599285
2024-01-01 13:00:00,1.5732761829584367,1.5732761829584367
2024-01-01 14:00:00,2.869478184912448,2.869478184912448
2024-01-01 15:00:00,2.8689144590797317,2.8689144590797317
2024-01-01 16:00:00,3.3176331775766923,3.3176331775766923
2024-01-01 17:00:00,4.925586263146851,4.925586263146851
2024-01-01 18:00:00,3.9968715173380716,3.9968715173380716
2024-01-01 19:00:00,3.2908181008221544,3.2908181008221544
2024-01-01 20:00:00,4.17901940839739,4.17901940839739
2024-01-01 21:00:00,3.7469741186511603,3.7469741186511603
2024-01-01 22:00:00,0.0,0.0
2024-01-01 23:00:00,0.0,0.0
2024-01-02 00:00:00,0.0,0.0
2024-01-02 01:00:00,0.0,0.0
2024-01-02 02:00:00,0.0,0.0
2024-01-02 03:00:00,0.0,0.0
2024-01-02 04:00:00,0.0,0.0
2024-01-02 05:00:00,0.0,0.0
2024-01-02 06:00:00,0.0,0.0
2024-01-02 07:00:00,0.0,0.0
2024-01-02 08:00:00,0.0,0.0
2024-01-02 09:00:00,0.0,0.0
2024-01-02 10:00:00,0.1443682462496,0.1443682462496
2024-01-02 11:00:00,0.6832585031386907,0.6832585031386907
2024-01-02 12:00:00,1.1699511984900963,1.1699511984900963
2024-01-02 13:00:00,2.1260102783109716,2.1260102783109716
2024-01-02 14:00:00,3.1777171998720024,3.1777171998720024
2024-01-02 15:00:00,3.2664331632450176,3.2664331632450176
2024-01-02 16:00:00,4.012077257713121,4.012077257713121
2024-01-02 17:00:00,4.135175867699542,4.135175867699542
2024-01-02 18:00:00,4.167016430855312,4.167016430855312
2024-01-02 19:00:00,3.7445839804875534,3.7445839804875534
2024-01-02 20:00:00,4.042249618008332,4.042249618008332
2024-01-02 21:00:00,3.978009563336386,3.978009563336386
2024-01-02 22:00:00,0.0,0.0
2024-01-02 23:00:00,0.0,0.0
2024-01-03 00:00:00,0.0,0.0
2024-01-03 01:00:00,0.0,0.0
2024-01-03 02:00:00,0.0,0.0
2024-01-03 03:00:00,0.0,0.0
2024-01-03 04:00:00,0.0,0.0
2024-01-03 05:00:00,0.0,0.0
2024-01-03 06:00:00,0.0,0.0
2024-01-03 07:00:00,0.0,0.0
2024-01-03 08:00:00,0.0,0.0
2024-01-03 09:00:00,0.0,0.0
2024-01-03 10:00:00,0.1425278241682787,0.1425278241682787
2024-01-03 11:00:00,0.5848357025442817,0.5848357025442817
2024-01-03 12:00:00,1.2096337025936466,1.2096337025936466
2024-01-03 13:00:00,1.636429896051959,1.636429896051959
2024-01-03 14:00:00,2.894130888962342,2.894130888962342
2024-01-03 15:00:00,3.3314430129530277,3.3314430129530277
2024-01-03 16:00:00,3.68799434471064,3.68799434471064
2024-01-03 17:00:00,5.273271067504305,5.273271067504305
2024-01-03 18:00:00,3.986317867588252,3.986317867588252
2024-01-03 19:00:00,4.5028333110011065,4.5028333110011065
2024-01-03 20:00:00,4.022247888094574,4.022247888094574
2024-01-03 21:00:00,3.7498055677569306,3.7498055677569306
2024-01-03 22:00:00,0.0,0.0
2024-01-03 23:00:00,0.0,0.0
2024-01-04 00:00:00,0.0,0.0
2024-01-04 01:00:00,0.0,0.0
2024-01-04 02:00:00,0.0,0.0
2024-01-04 03:00:00,0.0,0.0
2024-01-04 04:00:00,0.0,0.0
2024-01-04 05:00:00,0.0,0.0
2024-01-04 06:00:00,0.0,0.0
2024-01-04 07:00:00,0.0,0.0
2024-01-04 08:00:00,0.0,0.0
2024-01-04 09:00:00,0.0,0.0
2024-01-04 10:00:00,0.14655666731772182,0.14655666731772182
2024-01-04 11:00:00,0.5650626793469934,0.5650626793469934
2024-01-04 12:00:00,1.3664327471193831,1.3664327471193831
2024-01-04 13:00:00,2.26032203353721,2.26032203353721
2024-01-04 14:00:00,3.016159940937762,3.016159940937762
2024-01-04 15:00:00,3.0115734928050752,3.0115734928050752
2024-01-04 16:00:00,3.81582253502608,3.81582253502608
2024-01-04 17:00:00,4.846472505612223,4.846472505612223
2024-01-04 18:00:00,5.075003448637683,5.075003448637683
2024-01-04 19:00:00,3.8504396276031154,3.8504396276031154
2024-01-04 20:00:00,3.6999197851120877,3.6999197851120877
2024-01-04 21:00:00,4.664500447414552,4.664500447414552
2024-01-04 22:00:00,0.0,0.0
2024-01-04 23:00:00,0.0,0.0
2024-01-05 00:00:00,0.0,0.0
2024-01-05 01:00:00,0.0,0.0
2024-01-05 02:00:00,0.0,0.0
2024-01-05 03:00:00,0.0,0.0
2024-01-05 04:00:00,0.0,0.0
2024-01-05 05:00:00,0.0,0.0
2024-01-05 06:00:00,0.0,0.0
2024-01-05 07:00:00,0.0,0.0
2024-01-05 08:00:00,0.0,0.0
2024-01-05 09:00:00,0.0,0.0
2024-01-05 10:00:00,0.17772550913021365,0.17772550913021365
2024-01-05 11:00:00,0.6564955090996025,0.6564955090996025
2024-01-05 12:00:00,1.1416442500674073,1.1416442500674073
2024-01-05 13:00:00,2.2272680812417462,2.2272680812417462
2024-01-05 14:00:00,3.274564726642609,3.274564726642609
2024-01-05 15:00:00,3.192586372343172,3.192586372343172
2024-01-05 16:00:00,4.241587336579945,4.241587336579945
2024-01-05 17:00:00,4.770720478499969,4.770720478499969
2024-01-05 18:00:00,4.953785529934936,4.953785529934936
2024-01-05 19:00:00,4.117852053344423,4.117852053344423
2024-01-05 20:00:00,3.913193763362829,3.913193763362829
2024-01-05 21:00:00,4.5649833476689015,4.5649833476689015
2024-01-05 22:00:00,0.0,0.0
2024-01-05 23:00:00,0.0,0.0
2024-01-06 00:00:00,0.0,0.0
2024-01-06 01:00:00,0.0,0.0
2024-01-06 02:00:00,0.0,0.0
2024-01-06 03:00:00,0.0,0.0
2024-01-06 04:00:00,0.0,0.0
2024-01-06 05:00:00,0.0,0.0
2024-01-06 06:00:00,0.0,0.0
2024-01-06 07:00:00,0.0,0.0
2024-01-06 08:00:00,0.0,0.0
2024-01-06 09:00:00,0.0,0.0
2024-01-06 10:00:00,0.115704456128613,0.115704456128613
2024-01-06 11:00:00,0.47522615473928614,0.47522615473928614
2024-01-06 12:00:00,0.8805872314229563,0.8805872314229563
2024-01-06 13:00:00,1.2990656376970982,1.2990656376970982
2024-01-06 14:00:00,1.7813381535644797,1.7813381535644797
2024-01-06 15:00:00,2.2405279459591574,2.2405279459591574
2024-01-06 16:00:00,2.9998379878755057,2.9998379878755057
2024-01-06 17:00:00,3.6744528848785594,3.6744528848785594
2024-01-06 18:00:00,3.5399159371450013,3.5399159371450013
2024-01-06 19:00:00,2.8668082007724465,2.8668082007724465
2024-01-06 20:00:00,2.8159265482345237,2.8159265482345237
2024-01-06 21:00:00,2.4951309180119505,2.4951309180119505
2024-01-06 22:00:00,0.0,0.0
2024-01-06 23:00:00,0.0,0.0
2024-01-07 00:00:00,0.0,0.0
2024-01-07 01:00:00,0.0,0.0
2024-01-07 02:00:00,0.0,0.0
2024-01-07 03:00:00,0.0,0.0
2024-01-07 04:00:00,0.0,0.0
2024-01-07 05:00:00,0.0,0.0
2024-01-07 06:00:00,0.0,0.0
2024-01-07 07:00:00,0.0,0.0
2024-01-07 08:00:00,0.0,0.0
2024-01-07 09:00:00,0.0,0.0
2024-01-07 10:00:00,0.10456561103228468,0.10456561103228468
2024-01-07 11:00:00,0.4554989352859574,0.4554989352859574
2024-01-07 12:00:00,0.86412259901645,0.86412259901645
2024-01-07 13:00:00,1.1866744691129623,1.1866744691129623
2024-01-07 14:00:00,2.2738955881246445,2.2738955881246445
2024-01-07 15:00:00,2.2275358137342867,2.2275358137342867
2024-01-07 16:00:00,3.1277764008714772,3.1277764008714772
2024-01-07 17:00:00,3.4830615951214385,3.4830615951214385
2024-01-07 18:00:00,2.8943523737151673,2.8943523737151673
2024-01-07 19:00:00,3.401061142963187,3.401061142963187
2024-01-07 20:00:00,2.9181561149823136,2.9181561149823136
2024-01-07 21:00:00,2.7412114922269613,2.7412114922269613
2024-01-07 22:00:00,0.0,0.0
2024-01-07 23:00:00,0.0,0.0
2024-01-08 00:00:00,0.0,0.0
2024-01-08 01:00:00,0.0,0.0
2024-01-08 02:00:00,0.0,0.0
2024-01-08 03:00:00,0.0,0.0
2024-01-08 04:00:00,0.0,0.0
2024-01-08 05:00:00,0.0,0.0
2024-01-08 06:00:00,0.0,0.0
2024-01-08 07:00:00,0.0,0.0
2024-01-08 08:00:00,0.0,0.0
2024-01-08 09:00:00,0.0,0.0
2024-01-08 10:00:00,0.13374684685481641,0.13374684685481641
2024-01-08 11:00:00,0.5640034040034658,0.5640034040034658
2024-01-08 12:00:00,1.1164602331810047,1.1164602331810047
2024-01-08 13:00:00,1.6503153078414263,1.6503153078414263
2024-01-08 14:00:00,2.681162654717987,2.681162654717987
2024-01-08 15:00:00,3.107210196411013,3.107210196411013
2024-01-08 16:00:00,3.2081932581435204,3.2081932581435204
2024-01-08 17:00:00,3.9919528815454597,3.9919528815454597
2024-01-08 18:00:00,3.83425110302129,3.83425110302129
2024-01-08 19:00:00,4.044361599696796,4.044361599696796
2024-01-08 20:00:00,3.438961589641554,3.438961589641554
2024-01-08 21:00:00,3.534998116958737,3.534998116958737
2024-01-08 22:00:00,0.0,0.0
2024-01-08 23:00:00,0.0,0.0
2024-01-09 00:00:00,0.0,0.0
2024-01-09 01:00:00,0.0,0.0
2024-01-09 02:00:00,0.0,0.0
2024-01-09 03:00:00,0.0,0.0
2024-01-09 04:00:00,0.0,0.0
2024-01-09 05:00:00,0.0,0.0
2024-01-09 06:00:00,0.0,0.0
2024-01-09 07:00:00,0.0,0.0
2024-01-09 08:00:00,0.0,0.0
2024-01-09 09:00:00,0.0,0.0
2024-01-09 10:00:00,0.15101753952464364,0.15101753952464364
2024-01-09 11:00:00,0.6356688248071729,0.6356688248071729
2024-01-09 12:00:00,1.316575528144719,1.316575528144719
2024-01-09 13:00:00,1.832266491990059,1.832266491990059
2024-01-09 14:00:00,3.2536110787800805,3.2536110787800805
2024-01-09 15:00:00,3.6726571822871663,3.6726571822871663
2024-01-09 16:00:00,4.077102209550821,4.077102209550821
2024-01-09 17:00:00,5.67389486811223,5.67389486811223
2024-01-09 18:00:00,5.557191112082938,5.557191112082938
2024-01-09 19:00:00,4.035963402441222,4.035963402441222
2024-01-09 20:00:00,4.273047902479763,4.273047902479763
2024-01-09 21:00:00,4.933444478356564,4.933444478356564
2024-01-09 22:00:00,0.0,0.0
2024-01-09 23:00:00,0.0,0.0
2024-01-10 00:00:00,0.0,0.0
2024-01-10 01:00:00,0.0,0.0
2024-01-10 02:00:00,0.0,0.0
2024-01-10 03:00:00,0.0,0.0
2024-01-10 04:00:00,0.0,0.0
2024-01-10 05:00:00,0.0,0.0
2024-01-10 06:00:00,0.0,0.0
2024-01-10 07:00:00,0.0,0.0
2024-01-10 08:00:00,0.0,0.0
2024-01-10 09:00:00,0.0,0.0
2024-01-10 10:00:00,0.1360301178375043,0.1360301178375043
2024-01-10 11:00:00,0.5067568544500773,0.5067568544500773
2024-01-10 12:00:00,1.026849204952606,1.026849204952606
2024-01-10 13:00:00,1.9456010049633272,1.9456010049633272
2024-01-10 14:00:00,2.364690702762337,2.364690702762337
2024-01-10 15:00:00,3.319965801136001,3.319965801136001
2024-01-10 16:00:00,3.396861542114268,3.396861542114268
2024-01-10 17:00:00,3.7749369464210623,3.7749369464210623
2024-01-10 18:00:00,4.259736182515451,4.259736182515451
2024-01-10 19:00:00,3.706069590573753,3.706069590573753
2024-01-10 20:00:00,3.9018202218529052,3.9018202218529052
2024-01-10 21:00:00,4.14124525481821,4.14124525481821
2024-01-10 22:00:00,0.0,0.0
2024-01-10 23:00:00,0.0,0.0
2024-01-11 00:00:00,0.0,0.0
2024-01-11 01:00:00,0.0,0.0
2024-01-11 02:00:00,0.0,0.0
2024-01-11 03:00:00,0.0,0.0
2024-01-11 04:00:00,0.0,0.0
2024-01-11 05:00:00,0.0,0.0
2024-01-11 06:00:00,0.0,0.0
2024-01-11 07:00:00,0.0,0.0
2024-01-11 08:00:00,0.0,0.0
2024-01-11 09:00:00,0.0,0.0
2024-01-11 10:00:00,0.1533598331818733,0.1533598331818733
2024-01-11 11:00:00,0.5699329339627792,0.5699329339627792
2024-01-11 12:00:00,1.3083791061361818,1.3083791061361818
2024-01-11 13:00:00,2.293363369485023,2.293363369485023
2024-01-11 14:00:00,3.0340260787382736,3.0340260787382736
2024-01-11 15:00:00,3.83838585058766,3.83838585058766
2024-01-11 16:00:00,4.403760643983551,4.403760643983551
2024-01-11 17:00:00,5.477952983124755,5.477952983124755
2024-01-11 18:00:00,5.368702664480391,5.368702664480391
2024-01-11 19:00:00,4.5934655809277745,4.5934655809277745
2024-01-11 20:00:00,4.508980745263056,4.508980745263056
2024-01-11 21:00:00,4.444333240092757,4.444333240092757
2024-01-11 22:00:00,0.0,0.0
2024-01-11 23:00:00,0.0,0.0
2024-01-12 00:00:00,0.0,0.0
2024-01-12 01:00:00,0.0,0.0
2024-01-12 02:00:00,0.0,0.0
2024-01-12 03:00:00,0.0,0.0
2024-01-12 04:00:00,0.0,0.0
2024-01-12 05:00:00,0.0,0.0
2024-01-12 06:00:00,0.0,0.0
2024-01-12 07:00:00,0.0,0.0
2024-01-12 08:00:00,0.0,0.0
2024-01-12 09:00:00,0.0,0.0
2024-01-12 10:00:00,0.14453387533149506,0.14453387533149506
2024-01-12 11:00:00,0.6731494269135395,0.6731494269135395
2024-01-12 12:00:00,1.1273521094309926,1.1273521094309926
2024-01-12 13:00:00,1.7436589239025464,1.7436589239025464
2024-01-12 14:00:00,3.1529345928781134,3.1529345928781134
2024-01-12 15:00:00,3.349528489440085,3.349528489440085
2024-01-12 16:00:00,4.560479431258612,4.560479431258612
2024-01-12 17:00:00,4.6721264881730855,4.6721264881730855
2024-01-12 18:00:00,4.1216547035505515,4.1216547035505515
2024-01-12 19:00:00,3.8244134003346026,3.8244134003346026
2024-01-12 20:00:00,4.387449259133136,4.387449259133136
2024-01-12 21:00:00,4.0047752126378136,4.0047752126378136
2024-01-12 22:00:00,0.0,0.0
2024-01-12 23:00:00,0.0,0.0
2024-01-13 00:00:00,0.0,0.0
2024-01-13 01:00:00,0.0,0.0
2024-01-13 02:00:00,0.0,0.0
2024-01-13 03:00:00,0.0,0.0
2024-01-13 04:00:00,0.0,0.0
2024-01-13 05:00:00,0.0,0.0
2024-01-13 06:00:00,0.0,0.0
2024-01-13 07:00:00,0.0,0.0
2024-01-13 08:00:00,0.0,0.0
2024-01-13 09:00:00,0.0,0.0
2024-01-13 10:00:00,0.11865784867902396,0.11865784867902396
2024-01-13 11:00:00,0.4006878331699636,0.4006878331699636
2024-01-13 12:00:00,0.9411672216265925,0.9411672216265925
2024-01-13 13:00:00,1.2862788395980955,1.2862788395980955
2024-01-13 14:00:00,1.8341582172032216,1.8341582172032216
2024-01-13 15:00:00,2.556477872419865,2.556477872419865
2024-01-13 16:00:00,2.578623988710016,2.578623988710016
2024-01-13 17:00:00,3.691594227924168,3.691594227924168
2024-01-13 18:00:00,3.2896754569286544,3.2896754569286544
2024-01-13 19:00:00,3.1714283146459326,3.1714283146459326
2024-01-13 20:00:00,2.5528007281653977,2.5528007281653977
2024-01-13 21:00:00,2.769976397937294,2.769976397937294
2024-01-13 22:00:00,0.0,0.0
2024-01-13 23:00:00,0.0,0.0
2024-01-14 00:00:00,0.0,0.0
2024-01-14 01:00:00,0.0,0.0
2024-01-14 02:00:00,0.0,0.0
2024-01-14 03:00:00,0.0,0.0
2024-01-14 04:00:00,0.0,0.0
2024-01-14 05:00:00,0.0,0.0
2024-01-14 06:00:00,0.0,0.0
2024-01-14 07:00:00,0.0,0.0
2024-01-14 08:00:00,0.0,0.0
2024-01-14 09:00:00,0.0,0.0
2024-01-14 10:00:00,0.11172566545800823,0.11172566545800823
2024-01-14 11:00:00,0.4933590775302153,0.4933590775302153
2024-01-14 12:00:00,0.995463810335262,0.995463810335262
2024-01-14 13:00:00,1.2898260094547151,1.2898260094547151
2024-01-14 14:00:00,2.2408651616979562,2.2408651616979562
2024-01-14 15:00:00,2.7596795771637885,2.7596795771637885
2024-01-14 16:00:00,3.2965134042676105,3.2965134042676105
2024-01-14 17:00:00,2.949269319076181,2.949269319076181
2024-01-14 18:00:00,3.5058495062204997,3.5058495062204997
2024-01-14 19:00:00,3.264677820901985,3.264677820901985
2024-01-14 20:00:00,3.1252422255336403,3.1252422255336403
2024-01-14 21:00:00,2.6285326378347116,2.6285326378347116
2024-01-14 22:00:00,0.0,0.0
2024-01-14 23:00:00,0.0,0.0
2024-01-15 00:00:00,0.0,0.0
2024-01-15 01:00:00,0.0,0.0
2024-01-15 02:00:00,0.0,0.0
2024-01-15 03:00:00,0.0,0.0
2024-01-15 04:00:00,0.0,0.0
2024-01-15 05:00:00,0.0,0.0
2024-01-15 06:00:00,0.0,0.0
2024-01-15 07:00:00,0.0,0.0
2024-01-15 08:00:00,0.0,0.0
2024-01-15 09:00:00,0.0,0.0
2024-01-15 10:00:00,0.16231487710299716,0.16231487710299716
2024-01-15 11:00:00,0.5927884824439403,0.5927884824439403
2024-01-15 12:00:00,1.3647026592442704,1.3647026592442704
2024-01-15 13:00:00,2.0200688178698907,2.0200688178698907
2024-01-15 14:00:00,2.7852859669077508,2.7852859669077508
2024-01-15 15:00:00,3.29724664056303,3.29724664056303
2024-01-15 16:00:00,3.6602648174448795,3.6602648174448795
2024-01-15 17:00:00,5.0793887849779535,5.0793887849779535
2024-01-15 18:00:00,5.071683017520701,5.071683017520701
2024-01-15 19:00:00,3.9008045505477615,3.9008045505477615
2024-01-15 20:00:00,3.85129436487999,3.85129436487999
2024-01-15 21:00:00,3.834883887884596,3.834883887884596
2024-01-15 22:00:00,0.0,0.0
2024-01-15 23:00:00,0.0,0.0
2024-01-16 00:00:00,0.0,0.0
2024-01-16 01:00:00,0.0,0.0
2024-01-16 02:00:00,0.0,0.0
2024-01-16 03:00:00,0.0,0.0
2024-01-16 04:00:00,0.0,0.0
2024-01-16 05:00:00,0.0,0.0
2024-01-16 06:00:00,0.0,0.0
2024-01-16 07:00:00,0.0,0.0
2024-01-16 08:00:00,0.0,0.0
2024-01-16 09:00:00,0.0,0.0
2024-01-16 10:00:00,0.15778827474242177,0.15778827474242177
2024-01-16 11:00:00,0.7127792075676851,0.7127792075676851
2024-01-16 12:00:00,1.3998015436886808,1.3998015436886808
2024-01-16 13:00:00,2.1156704348028765,2.1156704348028765
2024-01-16 14:00:00,3.0907117124327534,3.0907117124327534
2024-01-16 15:00:00,3.2385838217793643,3.2385838217793643
2024-01-16 16:00:00,4.500219092295295,4.500219092295295
2024-01-16 17:00:00,4.238458172373273,4.238458172373273
2024-01-16 18:00:00,4.41686248840575,4.41686248840575
2024-01-16 19:00:00,4.322448650843501,4.322448650843501
2024-01-16 20:00:00,3.663022758761374,3.663022758761374
2024-01-16 21:00:00,4.017000253872773,4.017000253872773
2024-01-16 22:00:00,0.0,0.0
2024-01-16 23:00:00,0.0,0.0
2024-01-17 00:00:00,0.0,0.0
2024-01-17 01:00:00,0.0,0.0
2024-01-17 02:00:00,0.0,0.0
2024-01-17 03:00:00,0.0,0.0
2024-01-17 04:00:00,0.0,0.0
2024-01-17 05:00:00,0.0,0.0
2024-01-17 06:00:00,0.0,0.0
2024-01-17 07:00:00,0.0,0.0
2024-01-17 08:00:00,0.0,0.0
2024-01-17 09:00:00,0.0,0.0
2024-01-17 10:00:00,0.17037179502493305,0.17037179502493305
2024-01-17 11:00:00,0.5866551340887367,0.5866551340887367
2024-01-17 12:00:00,1.266448525419791,1.266448525419791
2024-01-17 13:00:00,2.0289004970959867,2.0289004970959867
2024-01-17 14:00:00,3.5252068017173497,3.5252068017173497
2024-01-17 15:00:00,3.524626506781075,3.524626506781075
2024-01-17 16:00:00,4.002817670102154,4.002817670102154
2024-01-17 17:00:00,5.073869851194633,5.073869851194633
2024-01-17 18:00:00,4.5268411015085706,4.5268411015085706
2024-01-17 19:00:00,4.878837747240194,4.878837747240194
2024-01-17 20:00:00,4.82750603833319,4.82750603833319
2024-01-17 21:00:00,3.954573071924038,3.954573071924038
2024-01-17 22:00:00,0.0,0.0
2024-01-17 23:00:00,0.0,0.0
2024-01-18 00:00:00,0.0,0.0
2024-01-18 01:00:00,0.0,0.0
2024-01-18 02:00:00,0.0,0.0
2024-01-18 03:00:00,0.0,0.0
2024-01-18 04:00:00,0.0,0.0
2024-01-18 05:00:00,0.0,0.0
2024-01-18 06:00:00,0.0,0.0
2024-01-18 07:00:00,0.0,0.0
2024-01-18 08:00:00,0.0,0.0
2024-01-18 09:00:00,0.0,0.0
2024-01-18 10:00:00,0.13953389203204372,0.13953389203204372
2024-01-18 11:00:00,0.5828914171549832,0.5828914171549832
2024-01-18 12:00:00,1.1458849435870648,1.1458849435870648
2024-01-18 13:00:00,1.6851608021024274,1.6851608021024274
2024-01-18 14:00:00,2.3638714677205486,2.3638714677205486
2024-01-18 15:00:00,3.1536932204701915,3.1536932204701915
2024-01-18 16:00:00,3.381336499665137,3.381336499665137
2024-01-18 17:00:00,4.2797734137281696,4.2797734137281696
2024-01-18 18:00:00,4.212075432382984,4.212075432382984
2024-01-18 19:00:00,4.040009274585035,4.040009274585035
2024-01-18 20:00:00,4.459937917037538,4.459937917037538
2024-01-18 21:00:00,4.370340264160876,4.370340264160876
2024-01-18 22:00:00,0.0,0.0
2024-01-18 23:00:00,0.0,0.0
2024-01-19 00:00:00,0.0,0.0
2024-01-19 01:00:00,0.0,0.0
2024-01-19 02:00:00,0.0,0.0
2024-01-19 03:00:00,0.0,0.0
2024-01-19 04:00:00,0.0,0.0
2024-01-19 05:00:00,0.0,0.0
2024-01-19 06:00:00,0.0,0.0
2024-01-19 07:00:00,0.0,0.0
2024-01-19 08:00:00,0.0,0.0
2024-01-19 09:00:00,0.0,0.0
2024-01-19 10:00:00,0.16448509102428377,0.16448509102428377
2024-01-19 11:00:00,0.5861449538632617,0.5861449538632617
2024-01-19 12:00:00,1.065039793679661,1.065039793679661
2024-01-19 13:00:00,1.5323813424871697,1.5323813424871697
2024-01-19 14:00:00,2.854444937311162,2.854444937311162
2024-01-19 15:00:00,3.3008214276230223,3.3008214276230223
2024-01-19 16:00:00,3.8654995295580705,3.8654995295580705
2024-01-19 17:00:00,4.899719860374586,4.899719860374586
2024-01-19 18:00:00,4.07463740101059,4.07463740101059
2024-01-19 19:00:00,4.234884262262654,4.234884262262654
2024-01-19 20:00:00,3.8919481752116813,3.8919481752116813
2024-01-19 21:00:00,4.068473030577764,4.068473030577764
2024-01-19 22:00:00,0.0,0.0
2024-01-19 23:00:00,0.0,0.0
2024-01-20 00:00:00,0.0,0.0
2024-01-20 01:00:00,0.0,0.0
2024-01-20 02:00:00,0.0,0.0
2024-01-20 03:00:00,0.0,0.0
2024-01-20 04:00:00,0.0,0.0
2024-01-20 05:00:00,0.0,0.0
2024-01-20 06:00:00,0.0,0.0
2024-01-20 07:00:00,0.0,0.0
2024-01-20 08:00:00,0.0,0.0
2024-01-20 09:00:00,0.0,0.0
2024-01-20 10:00:00,0.09874582621933713,0.09874582621933713
2024-01-20 11:00:00,0.42699947925565107,0.42699947925565107
2024-01-20 12:00:00,0.8368732455948552,0.8368732455948552
2024-01-20 13:00:00,1.1727686021294794,1.1727686021294794
2024-01-20 14:00:00,1.8159028081521948,1.8159028081521948
2024-01-20 15:00:00,2.1675114199842023,2.1675114199842023
2024-01-20 16:00:00,3.1549506173291673,3.1549506173291673
2024-01-20 17:00:00,3.5803271460828676,3.5803271460828676
2024-01-20 18:00:00,3.0240006368092853,3.0240006368092853
2024-01-20 19:00:00,2.3968518438190687,2.3968518438190687
2024-01-20 20:00:00,2.863631891377162,2.863631891377162
2024-01-20 21:00:00,2.749447793117742,2.749447793117742
2024-01-20 22:00:00,0.0,0.0
2024-01-20 23:00:00,0.0,0.0
2024-01-21 00:00:00,0.0,0.0
2024-01-21 01:00:00,0.0,0.0
2024-01-21 02:00:00,0.0,0.0
2024-01-21 03:00:00,0.0,0.0
2024-01-21 04:00:00,0.0,0.0
2024-01-21 05:00:00,0.0,0.0
2024-01-21 06:00:00,0.0,0.0
2024-01-21 07:00:00,0.0,0.0
2024-01-21 08:00:00,0.0,0.0
2024-01-21 09:00:00,0.0,0.0
2024-01-21 10:00:00,0.11425896097689417,0.11425896097689417
2024-01-21 11:00:00,0.3790568037207562,0.3790568037207562
2024-01-21 12:00:00,0.7832605798320662,0.7832605798320662
2024-01-21 13:00:00,1.306712801816223,1.306712801816223
2024-01-21 14:00:00,2.0166827536860423,2.0166827536860423
2024-01-21 15:00:00,2.2793787459107167,2.2793787459107167
2024-01-21 16:00:00,2.9870477263659088,2.9870477263659088
2024-01-21 17:00:00,3.565620552833439,3.565620552833439
2024-01-21 18:00:00,3.4333828457723823,3.4333828457723823
2024-01-21 19:00:00,3.021807736410626,3.021807736410626
2024-01-21 20:00:00,2.9800869779868813,2.9800869779868813
2024-01-21 21:00:00,2.7045365596109607,2.7045365596109607
2024-01-21 22:00:00,0.0,0.0
2024-01-21 23:00:00,0.0,0.0
2024-01-22 00:00:00,0.0,0.0
2024-01-22 01:00:00,0.0,0.0
2024-01-22 02:00:00,0.0,0.0
2024-01-22 03:00:00,0.0,0.0
2024-01-22 04:00:00,0.0,0.0
2024-01-22 05:00:00,0.0,0.0
2024-01-22 06:00:00,0.0,0.0
2024-01-22 07:00:00,0.0,0.0
2024-01-22 08:00:00,0.0,0.0
2024-01-22 09:00:00,0.0,0.0
2024-01-22 10:00:00,0.16582647953124371,0.16582647953124371
2024-01-22 11:00:00,0.696619988051136,0.696619988051136
2024-01-22 12:00:00,1.3531395850046544,1.3531395850046544
2024-01-22 13:00:00,1.973199331765968,1.973199331765968
2024-01-22 14:00:00,3.221629128839481,3.221629128839481
2024-01-22 15:00:00,3.8091696616472626,3.8091696616472626
2024-01-22 16:00:00,3.7727095841073774,3.7727095841073774
2024-01-22 17:00:00,4.990052871651107,4.990052871651107
2024-01-22 18:00:00,4.148774139401517,4.148774139401517
2024-01-22 19:00:00,4.015896667367145,4.015896667367145
2024-01-22 20:00:00,4.604718677541324,4.604718677541324
2024-01-22 21:00:00,4.707919547933694,4.707919547933694
2024-01-22 22:00:00,0.0,0.0
2024-01-22 23:00:00,0.0,0.0
2024-01-23 00:00:00,0.0,0.0
2024-01-23 01:00:00,0.0,0.0
2024-01-23 02:00:00,0.0,0.0
2024-01-23 03:00:00,0.0,0.0
2024-01-23 04:00:00,0.0,0.0
2024-01-23 05:00:00,0.0,0.0
2024-01-23 06:00:00,0.0,0.0
2024-01-23 07:00:00,0.0,0.0
2024-01-23 08:00:00,0.0,0.0
2024-01-23 09:00:00,0.0,0.0
2024-01-23 10:00:00,0.13042360092209687,0.13042360092209687
2024-01-23 11:00:00,0.54395849932654,0.54395849932654
2024-01-23 12:00:00,1.031655223194826,1.031655223194826
2024-01-23 13:00:00,1.6605402342287472,1.6605402342287472
2024-01-23 14:00:00,2.88042499339884,2.88042499339884
2024-01-23 15:00:00,2.882082277235984,2.882082277235984
2024-01-23 16:00:00,3.451561032244535,3.451561032244535
2024-01-23 17:00:00,3.927282443981487,3.927282443981487
2024-01-23 18:00:00,3.637051014139341,3.637051014139341
2024-01-23 19:00:00,4.198147237103894,4.198147237103894
2024-01-23 20:00:00,3.9755974580654128,3.9755974580654128
2024-01-23 21:00:00,3.765497786453198,3.765497786453198
2024-01-23 22:00:00,0.0,0.0
2024-01-23 23:00:00,0.0,0.0
2024-01-24 00:00:00,0.0,0.0
2024-01-24 01:00:00,0.0,0.0
2024-01-24 02:00:00,0.0,0.0
2024-01-24 03:00:00,0.0,0.0
2024-01-24 04:00:00,0.0,0.0
2024-01-24 05:00:00,0.0,0.0
2024-01-24 06:00:00,0.0,0.0
2024-01-24 07:00:00,0.0,0.0
2024-01-24 08:00:00,0.0,0.0
2024-01-24 09:00:00,0.0,0.0
2024-01-24 10:00:00,0.17364205801331212,0.17364205801331212
2024-01-24 11:00:00,0.5633429977424415,0.5633429977424415
2024-01-24 12:00:00,1.1421487599093119,1.1421487599093119
2024-01-24 13:00:00,1.6267919055327325,1.6267919055327325
2024-01-24 14:00:00,2.44259283462042,2.44259283462042
2024-01-24 15:00:00,2.9715228273182706,2.9715228273182706
2024-01-24 16:00:00,3.6426828235663153,3.6426828235663153
2024-01-24 17:00:00,4.354734101933571,4.354734101933571
2024-01-24 18:00:00,4.0963752933872115,4.0963752933872115
2024-01-24 19:00:00,3.621414881955299,3.621414881955299
2024-01-24 20:00:00,4.193181595894062,4.193181595894062
2024-01-24 21:00:00,4.612925092087385,4.612925092087385
2024-01-24 22:00:00,0.0,0.0
2024-01-24 23:00:00,0.0,0.0
2024-01-25 00:00:00,0.0,0.0
2024-01-25 01:00:00,0.0,0.0
2024-01-25 02:00:00,0.0,0.0
2024-01-25 03:00:00,0.0,0.0
2024-01-25 04:00:00,0.0,0.0
2024-01-25 05:00:00,0.0,0.0
2024-01-25 06:00:00,0.0,0.0
2024-01-25 07:00:00,0.0,0.0
2024-01-25 08:00:00,0.0,0.0
2024-01-25 09:00:00,0.0,0.0
2024-01-25 10:00:00,0.17074796596985783,0.17074796596985783
2024-01-25 11:00:00,0.6624202860151125,0.6624202860151125
2024-01-25 12:00:00,1.3761466707613288,1.3761466707613288
2024-01-25 13:00:00,2.0816158520252133,2.0816158520252133
2024-01-25 14:00:00,2.9746214188159206,2.9746214188159206
2024-01-25 15:00:00,3.6929298201364755,3.6929298201364755
2024-01-25 16:00:00,3.7048873934604476,3.7048873934604476
2024-01-25 17:00:00,5.429586400869158,5.429586400869158
2024-01-25 18:00:00,5.219215269651848,5.219215269651848
2024-01-25 19:00:00,4.391450598198963,4.391450598198963
2024-01-25 20:00:00,3.678118742471023,3.678118742471023
2024-01-25 21:00:00,4.0213391005603265,4.0213391005603265
2024-01-25 22:00:00,0.0,0.0
2024-01-25 23:00:00,0.0,0.0
2024-01-26 00:00:00,0.0,0.0
2024-01-26 01:00:00,0.0,0.0
2024-01-26 02:00:00,0.0,0.0
2024-01-26 03:00:00,0.0,0.0
2024-01-26 04:00:00,0.0,0.0
2024-01-26 05:00:00,0.0,0.0
2024-01-26 06:00:00,0.0,0.0
2024-01-26 07:00:00,0.0,0.0
2024-01-26 08:00:00,0.0,0.0
2024-01-26 09:00:00,0.0,0.0
2024-01-26 10:00:00,0.16932841895336137,0.16932841895336137
2024-01-26 11:00:00,0.6638684787803504,0.6638684787803504
2024-01-26 12:00:00,1.2024323511670787,1.2024323511670787
2024-01-26 13:00:00,2.201124373853003,2.201124373853003
2024-01-26 14:00:00,3.2767461886160025,3.2767461886160025
2024-01-26 15:00:00,3.5073389594890183,3.5073389594890183
2024-01-26 16:00:00,3.7458745529642408,3.7458745529642408
2024-01-26 17:00:00,4.11991548659967,4.11991548659967
2024-01-26 18:00:00,4.970027759768707,4.970027759768707
2024-01-26 19:00:00,4.625847990214668,4.625847990214668
2024-01-26 20:00:00,4.2356966728802945,4.2356966728802945
2024-01-26 21:00:00,3.681597083294716,3.681597083294716
2024-01-26 22:00:00,0.0,0.0
2024-01-26 23:00:00,0.0,0.0
2024-01-27 00:00:00,0.0,0.0
2024-01-27 01:00:00,0.0,0.0
2024-01-27 02:00:00,0.0,0.0
2024-01-27 03:00:00,0.0,0.0
2024-01-27 04:00:00,0.0,0.0
2024-01-27 05:00:00,0.0,0.0
2024-01-27 06:00:00,0.0,0.0
2024-01-27 07:00:00,0.0,0.0
2024-01-27 08:00:00,0.0,0.0
2024-01-27 09:00:00,0.0,0.0
2024-01-27 10:00:00,0.11491984519280012,0.11491984519280012
2024-01-27 11:00:00,0.41105667295260473,0.41105667295260473
2024-01-27 12:00:00,0.9707541847457157,0.9707541847457157
2024-01-27 13:00:00,1.4294143059701119,1.4294143059701119
2024-01-27 14:00:00,1.8248752099243046,1.8248752099243046
2024-01-27 15:00:00,2.6204084533630128,2.6204084533630128
2024-01-27 16:00:00,3.100330795819116,3.100330795819116
2024-01-27 17:00:00,3.313325129219252,3.313325129219252
2024-01-27 18:00:00,3.046659041833386,3.046659041833386
2024-01-27 19:00:00,3.044063255888983,3.044063255888983
2024-01-27 20:00:00,3.267205359766106,3.267205359766106
2024-01-27 21:00:00,2.5501429888595277,2.5501429888595277
2024-01-27 22:00:00,0.0,0.0
2024-01-27 23:00:00,0.0,0.0
2024-01-28 00:00:00,0.0,0.0
2024-01-28 01:00:00,0.0,0.0
2024-01-28 02:00:00,0.0,0.0
2024-01-28 03:00:00,0.0,0.0
2024-01-28 04:00:00,0.0,0.0
2024-01-28 05:00:00,0.0,0.0
2024-01-28 06:00:00,0.0,0.0
2024-01-28 07:00:00,0.0,0.0
2024-01-28 08:00:00,0.0,0.0
2024-01-28 09:00:00,0.0,0.0
2024-01-28 10:00:00,0.11081531773819381,0.11081531773819381
2024-01-28 11:00:00,0.3606250594083163,0.3606250594083163
2024-01-28 12:00:00,0.7685226773254883,0.7685226773254883
2024-01-28 13:00:00,1.4605488146769945,1.4605488146769945
2024-01-28 14:00:00,2.1955157795949036,2.1955157795949036
2024-01-28 15:00:00,2.155871806052841,2.155871806052841
2024-01-28 16:00:00,3.1882313783409755,3.1882313783409755
2024-01-28 17:00:00,3.3331043570844865,3.3331043570844865
2024-01-28 18:00:00,3.6323776706943973,3.6323776706943973
2024-01-28 19:00:00,3.2066118394308547,3.2066118394308547
2024-01-28 20:00:00,2.9169454955685725,2.9169454955685725
2024-01-28 21:00:00,2.830716602032382,2.830716602032382
2024-01-28 22:00:00,0.0,0.0
2024-01-28 23:00:00,0.0,0.0
2024-01-29 00:00:00,0.0,0.0
2024-01-29 01:00:00,0.0,0.0
2024-01-29 02:00:00,0.0,0.0
2024-01-29 03:00:00,0.0,0.0
2024-01-29 04:00:00,0.0,0.0
2024-01-29 05:00:00,0.0,0.0
2024-01-29 06:00:00,0.0,0.0
2024-01-29 07:00:00,0.0,0.0
2024-01-29 08:00:00,0.0,0.0
2024-01-29 09:00:00,0.0,0.0
2024-01-29 10:00:00,0.144185339188234,0.144185339188234
2024-01-29 11:00:00,0.5883986091335602,0.5883986091335602
2024-01-29 12:00:00,1.1883562803183156,1.1883562803183156
2024-01-29 13:00:00,1.7103022515209056,1.7103022515209056
2024-01-29 14:00:00,3.0466381965742815,3.0466381965742815
2024-01-29 15:00:00,3.355594087305268,3.355594087305268
2024-01-29 16:00:00,3.9278022028255046,3.9278022028255046
2024-01-29 17:00:00,4.455408448597906,4.455408448597906
2024-01-29 18:00:00,4.343475988654986,4.343475988654986
2024-01-29 19:00:00,3.941432479713662,3.941432479713662
2024-01-29 20:00:00,4.04484693696891,4.04484693696891
2024-01-29 21:00:00,3.8619224135857526,3.8619224135857526
2024-01-29 22:00:00,0.0,0.0
2024-01-29 23:00:00,0.0,0.0
2024-01-30 00:00:00,0.0,0.0
2024-01-30 01:00:00,0.0,0.0
2024-01-30 02:00:00,0.0,0.0
2024-01-30 03:00:00,0.0,0.0
2024-01-30 04:00:00,0.0,0.0
2024-01-30 05:00:00,0.0,0.0
2024-01-30 06:00:00,0.0,0.0
2024-01-30 07:00:00,0.0,0.0
2024-01-30 08:00:00,0.0,0.0
2024-01-30 09:00:00,0.0,0.0
2024-01-30 10:00:00,0.15359636841975208,0.15359636841975208
2024-01-30 11:00:00,0.5225334683358419,0.5225334683358419
2024-01-30 12:00:00,1.2367296434614108,1.2367296434614108
2024-01-30 13:00:00,1.763629468515615,1.763629468515615
2024-01-30 14:00:00,2.5419440985488797,2.5419440985488797
2024-01-30 15:00:00,2.890625011917383,2.890625011917383
2024-01-30 16:00:00,4.460208174613872,4.460208174613872
2024-01-30 17:00:00,4.3239861550783605,4.3239861550783605
2024-01-30 18:00:00,4.852838209552017,4.852838209552017
2024-01-30 19:00:00,4.4944117635808425,4.4944117635808425
2024-01-30 20:00:00,4.112972724315367,4.112972724315367
2024-01-30 21:00:00,3.7124417743700677,3.7124417743700677
2024-01-30 22:00:00,0.0,0.0
2024-01-30 23:00:00,0.0,0.0
2024-01-31 00:00:00,0.0,0.0
2024-01-31 01:00:00,0.0,0.0
2024-01-31 02:00:00,0.0,0.0
2024-01-31 03:00:00,0.0,0.0
2024-01-31 04:00:00,0.0,0.0
2024-01-31 05:00:00,0.0,0.0
2024-01-31 06:00:00,0.0,0.0
2024-01-31 07:00:00,0.0,0.0
2024-01-31 08:00:00,0.0,0.0
2024-01-31 09:00:00,0.0,0.0
2024-01-31 10:00:00,0.15677990190080307,0.15677990190080307
2024-01-31 11:00:00,0.5969004124737228,0.5969004124737228
2024-01-31 12:00:00,1.2550231052881538,1.2550231052881538
2024-01-31 13:00:00,2.1877809930519017,2.1877809930519017
2024-01-31 14:00:00,2.7076184231280402,2.7076184231280402
2024-01-31 15:00:00,3.324093181431982,3.324093181431982
2024-01-31 16:00:00,4.64793192735535,4.64793192735535
2024-01-31 17:00:00,4.259631791932607,4.259631791932607
2024-01-31 18:00:00,4.250308794839144,4.250308794839144
2024-01-31 19:00:00,4.688243057066218,4.688243057066218
2024-01-31 20:00:00,4.383201771059439,4.383201771059439
2024-01-31 21:00:00,4.492457856477007,4.492457856477007
2024-01-31 22:00:00,0.0,0.0
2024-01-31 23:00:00,0.0,0.0
2024-02-01 00:00:00,0.0,0.0
2024-02-01 01:00:00,0.0,0.0
2024-02-01 02:00:00,0.0,0.0
2024-02-01 03:00:00,0.0,0.0
2024-02-01 04:00:00,0.0,0.0
2024-02-01 05:00:00,0.0,0.0
2024-02-01 06:00:00,0.0,0.0
2024-02-01 07:00:00,0.0,0.0
2024-02-01 08:00:00,0.0,0.0
2024-02-01 09:00:00,0.0,0.0
2024-02-01 10:00:00,0.151208056086119,0.151208056086119
2024-02-01 11:00:00,0.6881933905447024,0.6881933905447024
2024-02-01 12:00:00,1.3902380021125826,1.3902380021125826
2024-02-01 13:00:00,1.9381637126799975,1.9381637126799975
2024-02-01 14:00:00,2.5582362656749043,2.5582362656749043
2024-02-01 15:00:00,3.2947077725699563,3.2947077725699563
2024-02-01 16:00:00,4.105285059852201,4.105285059852201
2024-02-01 17:00:00,4.320161267447988,4.320161267447988
2024-02-01 18:00:00,4.060873202693903,4.060873202693903
2024-02-01 19:00:00,3.977425009077129,3.977425009077129
2024-02-01 20:00:00,3.9723568698363447,3.9723568698363447
2024-02-01 21:00:00,4.4465300577153695,4.4465300577153695
2024-02-01 22:00:00,0.0,0.0
2024-02-01 23:00:00,0.0,0.0
2024-02-02 00:00:00,0.0,0.0
2024-02-02 01:00:00,0.0,0.0
2024-02-02 02:00:00,0.0,0.0
2024-02-02 03:00:00,0.0,0.0
2024-02-02 04:00:00,0.0,0.0
2024-02-02 05:00:00,0.0,0.0
2024-02-02 06:00:00,0.0,0.0
2024-02-02 07:00:00,0.0,0.0
2024-02-02 08:00:00,0.0,0.0
2024-02-02 09:00:00,0.0,0.0
2024-02-02 10:00:00,0.14392040484372634,0.14392040484372634
2024-02-02 11:00:00,0.499250089239789,0.499250089239789
2024-02-02 12:00:00,1.1969077709539455,1.1969077709539455
2024-02-02 13:00:00,1.8545927611583752,1.8545927611583752
2024-02-02 14:00:00,2.8221427161660517,2.8221427161660517
2024-02-02 15:00:00,3.0960240549127875,3.0960240549127875
2024-02-02 16:00:00,3.9906581138331276,3.9906581138331276
2024-02-02 17:00:00,3.984703438931309,3.984703438931309
2024-02-02 18:00:00,4.6423036682377505,4.6423036682377505
2024-02-02 19:00:00,3.300374210302832,3.300374210302832
2024-02-02 20:00:00,3.4286669533901044,3.4286669533901044
2024-02-02 21:00:00,4.308971068514532,4.308971068514532
2024-02-02 22:00:00,0.0,0.0
2024-02-02 23:00:00,0.0,0.0
2024-02-03 00:00:00,0.0,0.0
2024-02-03 01:00:00,0.0,0.0
2024-02-03 02:00:00,0.0,0.0
2024-02-03 03:00:00,0.0,0.0
2024-02-03 04:00:00,0.0,0.0
2024-02-03 05:00:00,0.0,0.0
2024-02-03 06:00:00,0.0,0.0
2024-02-03 07:00:00,0.0,0.0
2024-02-03 08:00:00,0.0,0.0
2024-02-03 09:00:00,0.0,0.0
2024-02-03 10:00:00,0.09553829881203535,0.09553829881203535
2024-02-03 11:00:00,0.4145282749867209,0.4145282749867209
2024-02-03 12:00:00,0.8003218422464544,0.8003218422464544
2024-02-03 13:00:00,1.3808261214833855,1.3808261214833855
2024-02-03 14:00:00,1.926597549995715,1.926597549995715
2024-02-03 15:00:00,2.5870326227890224,2.5870326227890224
2024-02-03 16:00:00,2.8093995765144015,2.8093995765144015
2024-02-03 17:00:00,3.1404379279103916,3.1404379279103916
2024-02-03 18:00:00,3.478268651743415,3.478268651743415
2024-02-03 19:00:00,2.9379012384638914,2.9379012384638914
2024-02-03 20:00:00,2.655280705042704,2.655280705042704
2024-02-03 21:00:00,3.060615057937704,3.060615057937704
2024-02-03 22:00:00,0.0,0.0
2024-02-03 23:00:00,0.0,0.0
2024-02-04 00:00:00,0.0,0.0
2024-02-04 01:00:00,0.0,0.0
2024-02-04 02:00:00,0.0,0.0
2024-02-04 03:00:00,0.0,0.0
2024-02-04 04:00:00,0.0,0.0
2024-02-04 05:00:00,0.0,0.0
2024-02-04 06:00:00,0.0,0.0
2024-02-04 07:00:00,0.0,0.0
2024-02-04 08:00:00,0.0,0.0
2024-02-04 09:00:00,0.0,0.0
2024-02-04 10:00:00,0.11913011811582189,0.11913011811582189
2024-02-04 11:00:00,0.48386553498325935,0.48386553498325935
2024-02-04 12:00:00,0.9637727314007375,0.9637727314007375
2024-02-04 13:00:00,1.3550596832656308,1.3550596832656308
2024-02-04 14:00:00,1.7865693091799768,1.7865693091799768
2024-02-04 15:00:00,2.041818230844946,2.041818230844946
2024-02-04 16:00:00,2.7031356660091546,2.7031356660091546
2024-02-04 17:00:00,3.3435432285804367,3.3435432285804367
2024-02-04 18:00:00,3.103045168196653,3.103045168196653
2024-02-04 19:00:00,3.017646904896447,3.017646904896447
2024-02-04 20:00:00,3.0988975245239736,3.0988975245239736
2024-02-04 21:00:00,2.6159309696117536,2.6159309696117536
2024-02-04 22:00:00,0.0,0.0
2024-02-04 23:00:00,0.0,0.0
2024-02-05 00:00:00,0.0,0.0
2024-02-05 01:00:00,0.0,0.0
2024-02-05 02:00:00,0.0,0.0
2024-02-05 03:00:00,0.0,0.0
2024-02-05 04:00:00,0.0,0.0
2024-02-05 05:00:00,0.0,0.0
2024-02-05 06:00:00,0.0,0.0
2024-02-05 07:00:00,0.0,0.0
2024-02-05 08:00:00,0.0,0.0
2024-02-05 09:00:00,0.0,0.0
2024-02-05 10:00:00,0.17188680869740203,0.17188680869740203
2024-02-05 11:00:00,0.5194560614046854,0.5194560614046854
2024-02-05 12:00:00,1.2460958655502288,1.2460958655502288
2024-02-05 13:00:00,1.5544927615971644,1.5544927615971644
2024-02-05 14:00:00,2.764636973046413,2.764636973046413
2024-02-05 15:00:00,2.7469421595324293,2.7469421595324293
2024-02-05 16:00:00,3.4527904415298716,3.4527904415298716
2024-02-05 17:00:00,4.079211625909259,4.079211625909259
2024-02-05 18:00:00,4.955424166262946,4.955424166262946
2024-02-05 19:00:00,4.057218841177274,4.057218841177274
2024-02-05 20:00:00,4.079050909717362,4.079050909717362
2024-02-05 21:00:00,3.717268934836781,3.717268934836781
2024-02-05 22:00:00,0.0,0.0
2024-02-05 23:00:00,0.0,0.0
2024-02-06 00:00:00,0.0,0.0
2024-02-06 01:00:00,0.0,0.0
2024-02-06 02:00:00,0.0,0.0
2024-02-06 03:00:00,0.0,0.0
2024-02-06 04:00:00,0.0,0.0
2024-02-06 05:00:00,0.0,0.0
2024-02-06 06:00:00,0.0,0.0
2024-02-06 07:00:00,0.0,0.0
2024-02-06 08:00:00,0.0,0.0
2024-02-06 09:00:00,0.0,0.0
2024-02-06 10:00:00,0.1647849333150339,0.1647849333150339
2024-02-06 11:00:00,0.6057672072361405,0.6057672072361405
2024-02-06 12:00:00,1.2624054031598424,1.2624054031598424
2024-02-06 13:00:00,2.135444520045536,2.135444520045536
2024-02-06 14:00:00,2.457066989610061,2.457066989610061
2024-02-06 15:00:00,2.8047714769783623,2.8047714769783623
2024-02-06 16:00:00,4.345156476028374,4.345156476028374
2024-02-06 17:00:00,4.685819248370491,4.685819248370491
2024-02-06 18:00:00,4.552123264927341,4.552123264927341
2024-02-06 19:00:00,4.485742309212473,4.485742309212473
2024-02-06 20:00:00,3.6471547771355826,3.6471547771355826
2024-02-06 21:00:00,4.211932573760573,4.211932573760573
2024-02-06 22:00:00,0.0,0.0
2024-02-06 23:00:00,0.0,0.0
2024-02-07 00:00:00,0.0,0.0
2024-02-07 01:00:00,0.0,0.0
2024-02-07 02:00:00,0.0,0.0
2024-02-07 03:00:00,0.0,0.0
2024-02-07 04:00:00,0.0,0.0
2024-02-07 05:00:00,0.0,0.0
2024-02-07 06:00:00,0.0,0.0
2024-02-07 07:00:00,0.0,0.0
2024-02-07 08:00:00,0.0,0.0
2024-02-07 09:00:00,0.0,0.0
2024-02-07 10:00:00,0.1709080755690271,0.1709080755690271
2024-02-07 11:00:00,0.5718894671179523,0.5718894671179523
2024-02-07 12:00:00,1.3334833924105671,1.3334833924105671
2024-02-07 13:00:00,2.1608478525484642,2.1608478525484642
2024-02-07 14:00:00,2.542013696437545,2.542013696437545
2024-02-07 15:00:00,3.4060115061131535,3.4060115061131535
2024-02-07 16:00:00,4.289629469923526,4.289629469923526
2024-02-07 17:00:00,4.428655429494357,4.428655429494357
2024-02-07 18:00:00,4.462320375924887,4.462320375924887
2024-02-07 19:00:00,4.371927281194169,4.371927281194169
2024-02-07 20:00:00,3.9009536135192575,3.9009536135192575
2024-02-07 21:00:00,3.625013382998302,3.625013382998302
2024-02-07 22:00:00,0.0,0.0
2024-02-07 23:00:00,0.0,0.0
2024-02-08 00:00:00,0.0,0.0
2024-02-08 01:00:00,0.0,0.0
2024-02-08 02:00:00,0.0,0.0
2024-02-08 03:00:00,0.0,0.0
2024-02-08 04:00:00,0.0,0.0
2024-02-08 05:00:00,0.0,0.0
2024-02-08 06:00:00,0.0,0.0
2024-02-08 07:00:00,0.0,0.0
2024-02-08 08:00:00,0.0,0.0
2024-02-08 09:00:00,0.0,0.0
2024-02-08 10:00:00,0.14496297035490957,0.14496297035490957
2024-02-08 11:00:00,0.6106701551181265,0.6106701551181265
2024-02-08 12:00:00,0.9865007866959228,0.9865007866959228
2024-02-08 13:00:00,1.80405692743338,1.80405692743338
2024-02-08 14:00:00,2.8662995222978997,2.8662995222978997
2024-02-08 15:00:00,3.3825716566363737,3.3825716566363737
2024-02-08 16:00:00,3.905219176940824,3.905219176940824
2024-02-08 17:00:00,4.750349250479205,4.750349250479205
2024-02-08 18:00:00,3.8498160353377386,3.8498160353377386
2024-02-08 19:00:00,3.572443442746729,3.572443442746729
2024-02-08 20:00:00,3.475241972365536,3.475241972365536
2024-02-08 21:00:00,3.7559066093936186,3.7559066093936186
2024-02-08 22:00:00,0.0,0.0
2024-02-08 23:00:00,0.0,0.0
2024-02-09 00:00:00,0.0,0.0
2024-02-09 01:00:00,0.0,0.0
2024-02-09 02:00:00,0.0,0.0
2024-02-09 03:00:00,0.0,0.0
2024-02-09 04:00:00,0.0,0.0
2024-02-09 05:00:00,0.0,0.0
2024-02-09 06:00:00,0.0,0.0
2024-02-09 07:00:00,0.0,0.0
2024-02-09 08:00:00,0.0,0.0
2024-02-09 09:00:00,0.0,0.0
2024-02-09 10:00:00,0.15235868937896907,0.15235868937896907
2024-02-09 11:00:00,0.5492713335421816,0.5492713335421816
2024-02-09 12:00:00,1.0795684010670195,1.0795684010670195
2024-02-09 13:00:00,2.0879449881258223,2.0879449881258223
2024-02-09 14:00:00,2.9053540260067554,2.9053540260067554
2024-02-09 15:00:00,3.487738477935824,3.487738477935824
2024-02-09 16:00:00,4.617732393039711,4.617732393039711
2024-02-09 17:00:00,4.748204002612583,4.748204002612583
2024-02-09 18:00:00,4.140368423655909,4.140368423655909
2024-02-09 19:00:00,4.318984642329278,4.318984642329278
2024-02-09 20:00:00,4.368633937395396,4.368633937395396
2024-02-09 21:00:00,4.017884721903923,4.017884721903923
2024-02-09 22:00:00,0.0,0.0
2024-02-09 23:00:00,0.0,0.0
2024-02-10 00:00:00,0.0,0.0
2024-02-10 01:00:00,0.0,0.0
2024-02-10 02:00:00,0.0,0.0
2024-02-10 03:00:00,0.0,0.0
2024-02-10 04:00:00,0.0,0.0
2024-02-10 05:00:00,0.0,0.0
2024-02-10 06:00:00,0.0,0.0
2024-02-10 07:00:00,0.0,0.0
2024-02-10 08:00:00,0.0,0.0
2024-02-10 09:00:00,0.0,0.0
2024-02-10 10:00:00,0.09516637381191272,0.09516637381191272
2024-02-10 11:00:00,0.40936620877478924,0.40936620877478924
2024-02-10 12:00:00,0.8792788215749312,0.8792788215749312
2024-02-10 13:00:00,1.1643223741129067,1.1643223741129067
2024-02-10 14:00:00,2.1925765369711745,2.1925765369711745
2024-02-10 15:00:00,2.2044698932508493,2.2044698932508493
2024-02-10 16:00:00,2.9967922805873477,2.9967922805873477
2024-02-10 17:00:00,3.1536433595229023,3.1536433595229023
2024-02-10 18:00:00,3.3703300603073454,3.3703300603073454
2024-02-10 19:00:00,2.8633812300300376,2.8633812300300376
2024-02-10 20:00:00,2.4808756989453893,2.4808756989453893
2024-02-10 21:00:00,3.1991143713176906,3.1991143713176906
2024-02-10 22:00:00,0.0,0.0
2024-02-10 23:00:00,0.0,0.0
2024-02-11 00:00:00,0.0,0.0
2024-02-11 01:00:00,0.0,0.0
2024-02-11 02:00:00,0.0,0.0
2024-02-11 03:00:00,0.0,0.0
2024-02-11 04:00:00,0.0,0.0
2024-02-11 05:00:00,0.0,0.0
2024-02-11 06:00:00,0.0,0.0
2024-02-11 07:00:00,0.0,0.0
2024-02-11 08:00:00,0.0,0.0
2024-02-11 09:00:00,0.0,0.0
2024-02-11 10:00:00,0.11411140851490453,0.11411140851490453
2024-02-11 11:00:00,0.3833206919982655,0.3833206919982655
2024-02-11 12:00:00,0.8894126276591107,0.8894126276591107
2024-02-11 13:00:00,1.37853047805556,1.37853047805556
2024-02-11 14:00:00,1.7866118660018604,1.7866118660018604
2024-02-11 15:00:00,2.5100888327366286,2.5100888327366286
2024-02-11 16:00:00,2.6784842812373157,2.6784842812373157
2024-02-11 17:00:00,3.4392907278914833,3.4392907278914833
2024-02-11 18:00:00,3.2820633251508893,3.2820633251508893
2024-02-11 19:00:00,3.263217835728094,3.263217835728094
2024-02-11 20:00:00,2.7023052652852337,2.7023052652852337
2024-02-11 21:00:00,2.6862916392781937,2.6862916392781937
2024-02-11 22:00:00,0.0,0.0
2024-02-11 23:00:00,0.0,0.0
2024-02-12 00:00:00,0.0,0.0
2024-02-12 01:00:00,0.0,0.0
2024-02-12 02:00:00,0.0,0.0
2024-02-12 03:00:00,0.0,0.0
2024-02-12 04:00:00,0.0,0.0
2024-02-12 05:00:00,0.0,0.0
2024-02-12 06:00:00,0.0,0.0
2024-02-12 07:00:00,0.0,0.0
2024-02-12 08:00:00,0.0,0.0
2024-02-12 09:00:00,0.0,0.0
2024-02-12 10:00:00,0.1688968133658884,0.1688968133658884
2024-02-12 11:00:00,0.49881812388135227,0.49881812388135227
2024-02-12 12:00:00,1.2958981031381236,1.2958981031381236
2024-02-12 13:00:00,1.7374579441610483,1.7374579441610483
2024-02-12 14:00:00,2.8435203716597135,2.8435203716597135
2024-02-12 15:00:00,3.015141236241362,3.015141236241362
2024-02-12 16:00:00,4.286895100859326,4.286895100859326
2024-02-12 17:00:00,4.874005380796915,4.874005380796915
2024-02-12 18:00:00,3.8688984216596807,3.8688984216596807
2024-02-12 19:00:00,4.092904329609665,4.092904329609665
2024-02-12 20:00:00,3.2681720610513025,3.2681720610513025
2024-02-12 21:00:00,3.61227089470511,3.61227089470511
2024-02-12 22:00:00,0.0,0.0
2024-02-12 23:00:00,0.0,0.0
2024-02-13 00:00:00,0.0,0.0
2024-02-13 01:00:00,0.0,0.0
2024-02-13 02:00:00,0.0,0.0
2024-02-13 03:00:00,0.0,0.0
2024-02-13 04:00:00,0.0,0.0
2024-02-13 05:00:00,0.0,0.0
2024-02-13 06:00:00,0.0,0.0
2024-02-13 07:00:00,0.0,0.0
2024-02-13 08:00:00,0.0,0.0
2024-02-13 09:00:00,0.0,0.0
2024-02-13 10:00:00,0.13846162933907247,0.13846162933907247
2024-02-13 11:00:00,0.5040578160134381,0.5040578160134381
2024-02-13 12:00:00,1.2292713077660151,1.2292713077660151
2024-02-13 13:00:00,1.7450228655749525,1.7450228655749525
2024-02-13 14:00:00,2.6567400074033825,2.6567400074033825
2024-02-13 15:00:00,3.130157924439865,3.130157924439865
2024-02-13 16:00:00,4.397416074499137,4.397416074499137
2024-02-13 17:00:00,4.395568566990484,4.395568566990484
2024-02-13 18:00:00,3.9301604613378935,3.9301604613378935
2024-02-13 19:00:00,3.7130453766976275,3.7130453766976275
2024-02-13 20:00:00,4.0749809527486,4.0749809527486
2024-02-13 21:00:00,4.639068339005915,4.639068339005915
2024-02-13 22:00:00,0.0,0.0
2024-02-13 23:00:00,0.0,0.0
2024-02-14 00:00:00,0.0,0.0
2024-02-14 01:00:00,0.0,0.0
2024-02-14 02:00:00,0.0,0.0
2024-02-14 03:00:00,0.0,0.0
2024-02-14 04:00:00,0.0,0.0
2024-02-14 05:00:00,0.0,0.0
2024-02-14 06:00:00,0.0,0.0
2024-02-14 07:00:00,0.0,0.0
2024-02-14 08:00:00,0.0,0.0
2024-02-14 09:00:00,0.0,0.0
2024-02-14 10:00:00,0.14923633378484202,0.14923633378484202
2024-02-14 11:00:00,0.648674713939254,0.648674713939254
2024-02-14 12:00:00,1.2723305512147118,1.2723305512147118
2024-02-14 13:00:00,2.0600302633462717,2.0600302633462717
2024-02-14 14:00:00,2.8643930803901707,2.8643930803901707
2024-02-14 15:00:00,3.1509435883882717,3.1509435883882717
2024-02-14 16:00:00,3.620174488674723,3.620174488674723
2024-02-14 17:00:00,5.054101461566868,5.054101461566868
2024-02-14 18:00:00,4.011307829862811,4.011307829862811
2024-02-14 19:00:00,3.8326424297604236,3.8326424297604236
2024-02-14 20:00:00,4.289364237505772,4.289364237505772
2024-02-14 21:00:00,4.468936345881333,4.468936345881333
2024-02-14 22:00:00,0.0,0.0
2024-02-14 23:00:00,0.0,0.0
2024-02-15 00:00:00,0.0,0.0
2024-02-15 01:00:00,0.0,0.0
2024-02-15 02:00:00,0.0,0.0
2024-02-15 03:00:00,0.0,0.0
2024-02-15 04:00:00,0.0,0.0
2024-02-15 05:00:00,0.0,0.0
2024-02-15 06:00:00,0.0,0.0
2024-02-15 07:00:00,0.0,0.0
2024-02-15 08:00:00,0.0,0.0
2024-02-15 09:00:00,0.0,0.0
2024-02-15 10:00:00,0.13185626438719136,0.13185626438719136
2024-02-15 11:00:00,0.5635079462061071,0.5635079462061071
2024-02-15 12:00:00,1.1361870176779882,1.1361870176779882
2024-02-15 13:00:00,1.7253311371002646,1.7253311371002646
2024-02-15 14:00:00,2.7668219770517966,2.7668219770517966
2024-02-15 15:00:00,3.504791223245946,3.504791223245946
2024-02-15 16:00:00,4.223096044209709,4.223096044209709
2024-02-15 17:00:00,4.913542495456123,4.913542495456123
2024-02-15 18:00:00,3.878082209121972,3.878082209121972
2024-02-15 19:00:00,4.351418423465521,4.351418423465521
2024-02-15 20:00:00,3.5752372578052225,3.5752372578052225
2024-02-15 21:00:00,3.3131375012485984,3.3131375012485984
2024-02-15 22:00:00,0.0,0.0
2024-02-15 23:00:00,0.0,0.0
2024-02-16 00:00:00,0.0,0.0
2024-02-16 01:00:00,0.0,0.0
2024-02-16 02:00:00,0.0,0.0
2024-02-16 03:00:00,0.0,0.0
2024-02-16 04:00:00,0.0,0.0
2024-02-16 05:00:00,0.0,0.0
2024-02-16 06:00:00,0.0,0.0
2024-02-16 07:00:00,0.0,0.0
2024-02-16 08:00:00,0.0,0.0
2024-02-16 09:00:00,0.0,0.0
2024-02-16 10:00:00,0.15048208615388595,0.15048208615388595
2024-02-16 11:00:00,0.7320808565323624,0.7320808565323624
2024-02-16 12:00:00,1.2270781415023195,1.2270781415023195
2024-02-16 13:00:00,1.8086434952016472,1.8086434952016472
2024-02-16 14:00:00,2.654878093599729,2.654878093599729
2024-02-16 15:00:00,3.0889349133813084,3.0889349133813084
2024-02-16 16:00:00,4.97379963878263,4.97379963878263
2024-02-16 17:00:00,5.55833264037796,5.55833264037796
2024-02-16 18:00:00,4.864423150177534,4.864423150177534
2024-02-16 19:00:00,4.549352102830532,4.549352102830532
2024-02-16 20:00:00,4.738962872047634,4.738962872047634
2024-02-16 21:00:00,4.445775184706501,4.445775184706501
2024-02-16 22:00:00,0.0,0.0
2024-02-16 23:00:00,0.0,0.0
2024-02-17 00:00:00,0.0,0.0
2024-02-17 01:00:00,0.0,0.0
2024-02-17 02:00:00,0.0,0.0
2024-02-17 03:00:00,0.0,0.0
2024-02-17 04:00:00,0.0,0.0
2024-02-17 05:00:00,0.0,0.0
2024-02-17 06:00:00,0.0,0.0
2024-02-17 07:00:00,0.0,0.0
2024-02-17 08:00:00,0.0,0.0
2024-02-17 09:00:00,0.0,0.0
2024-02-17 10:00:00,0.1107450567433895,0.1107450567433895
2024-02-17 11:00:00,0.42160291096213964,0.42160291096213964
2024-02-17 12:00:00,0.7129423448425565,0.7129423448425565
2024-02-17 13:00:00,1.2297590034781751,1.2297590034781751
2024-02-17 14:00:00,1.8761525589604686,1.8761525589604686
2024-02-17 15:00:00,2.4707026352449786,2.4707026352449786
2024-02-17 16:00:00,3.105233875343757,3.105233875343757
2024-02-17 17:00:00,2.6952373254672324,2.6952373254672324
2024-02-17 18:00:00,3.3954038726027176,3.3954038726027176
2024-02-17 19:00:00,2.8185391527015917,2.8185391527015917
2024-02-17 20:00:00,2.335455920799079,2.335455920799079
2024-02-17 21:00:00,2.6725514066594434,2.6725514066594434
2024-02-17 22:00:00,0.0,0.0
2024-02-17 23:00:00,0.0,0.0
2024-02-18 00:00:00,0.0,0.0
2024-02-18 01:00:00,0.0,0.0
2024-02-18 02:00:00,0.0,0.0
2024-02-18 03:00:00,0.0,0.0
2024-02-18 04:00:00,0.0,0.0
2024-02-18 05:00:00,0.0,0.0
2024-02-18 06:00:00,0.0,0.0
2024-02-18 07:00:00,0.0,0.0
2024-02-18 08:00:00,0.0,0.0
2024-02-18 09:00:00,0.0,0.0
2024-02-18 10:00:00,0.1213283219417794,0.1213283219417794
2024-02-18 11:00:00,0.40079493484283635,0.40079493484283635
2024-02-18 12:00:00,0.8953972643223745,0.8953972643223745
2024-02-18 13:00:00,1.5006899664901403,1.5006899664901403
2024-02-18 14:00:00,2.0729634051868535,2.0729634051868535
2024-02-18 15:00:00,2.471708012862594,2.471708012862594
2024-02-18 16:00:00,3.1543041651792745,3.1543041651792745
2024-02-18 17:00:00,3.5826691402326674,3.5826691402326674
2024-02-18 18:00:00,3.1605345703535743,3.1605345703535743
2024-02-18 19:00:00,3.0447389404418517,3.0447389404418517
2024-02-18 20:00:00,2.864371014998491,2.864371014998491
2024-02-18 21:00:00,2.882703122152185,2.882703122152185
2024-02-18 22:00:00,0.0,0.0
2024-02-18 23:00:00,0.0,0.0
2024-02-19 00:00:00,0.0,0.0
2024-02-19 01:00:00,0.0,0.0
2024-02-19 02:00:00,0.0,0.0
2024-02-19 03:00:00,0.0,0.0
2024-02-19 04:00:00,0.0,0.0
2024-02-19 05:00:00,0.0,0.0
2024-02-19 06:00:00,0.0,0.0
2024-02-19 07:00:00,0.0,0.0
2024-02-19 08:00:00,0.0,0.0
2024-02-19 09:00:00,0.0,0.0
2024-02-19 10:00:00,0.14792915235754783,0.14792915235754783
2024-02-19 11:00:00,0.5272030098998888,0.5272030098998888
2024-02-19 12:00:00,1.0381554278325735,1.0381554278325735
2024-02-19 13:00:00,1.9334402167945948,1.9334402167945948
2024-02-19 14:00:00,2.874753820227393,2.874753820227393
2024-02-19 15:00:00,2.7105254827978538,2.7105254827978538
2024-02-19 16:00:00,3.2746719175651062,3.2746719175651062
2024-02-19 17:00:00,4.680210287945362,4.680210287945362
2024-02-19 18:00:00,3.7597872072742113,3.7597872072742113
2024-02-19 19:00:00,4.174885227835538,4.174885227835538
2024-02-19 20:00:00,3.4584903201664425,3.4584903201664425
2024-02-19 21:00:00,3.6593252188154746,3.6593252188154746
2024-02-19 22:00:00,0.0,0.0
2024-02-19 23:00:00,0.0,0.0
2024-02-20 00:00:00,0.0,0.0
2024-02-20 01:00:00,0.0,0.0
2024-02-20 02:00:00,0.0,0.0
2024-02-20 03:00:00,0.0,0.0
2024-02-20 04:00:00,0.0,0.0
2024-02-20 05:00:00,0.0,0.0
2024-02-20 06:00:00,0.0,0.0
2024-02-20 07:00:00,0.0,0.0
2024-02-20 08:00:00,0.0,0.0
2024-02-20 09:00:00,0.0,0.0
2024-02-20 10:00:00,0.16683268619348546,0.16683268619348546
2024-02-20 11:00:00,0.5239779651200006,0.5239779651200006
2024-02-20 12:00:00,1.0146008416585517,1.0146008416585517
2024-02-20 13:00:00,1.5283115706572636,1.5283115706572636
2024-02-20 14:00:00,2.862649579580591,2.862649579580591
2024-02-20 15:00:00,2.8110224151024576,2.8110224151024576
2024-02-20 16:00:00,4.264157027235405,4.264157027235405
2024-02-20 17:00:00,4.9764623335034885,4.9764623335034885
2024-02-20 18:00:00,3.8674134929498742,3.8674134929498742
2024-02-20 19:00:00,3.583584813208203,3.583584813208203
2024-02-20 20:00:00,3.8671555329332263,3.8671555329332263
2024-02-20 21:00:00,3.8130840591567434,3.8130840591567434
2024-02-20 22:00:00,0.0,0.0
2024-02-20 23:00:00,0.0,0.0
2024-02-21 00:00:00,0.0,0.0
2024-02-21 01:00:00,0.0,0.0
2024-02-21 02:00:00,0.0,0.0
2024-02-21 03:00:00,0.0,0.0
2024-02-21 04:00:00,0.0,0.0
2024-02-21 05:00:00,0.0,0.0
2024-02-21 06:00:00,0.0,0.0
2024-02-21 07:00:00,0.0,0.0
2024-02-21 08:00:00,0.0,0.0
2024-02-21 09:00:00,0.0,0.0
2024-02-21 10:00:00,0.18282416851711306,0.18282416851711306
2024-02-21 11:00:00,0.6679396205089407,0.6679396205089407
2024-02-21 12:00:00,1.1835259327340435,1.1835259327340435
2024-02-21 13:00:00,2.1705995123655133,2.1705995123655133
2024-02-21 14:00:00,3.1717581122406693,3.1717581122406693
2024-02-21 15:00:00,3.5174291390213814,3.5174291390213814
2024-02-21 16:00:00,4.575346261686637,4.575346261686637
2024-02-21 17:00:00,4.616705846506248,4.616705846506248
2024-02-21 18:00:00,4.827582458585058,4.827582458585058
2024-02-21 19:00:00,3.908649423863319,3.908649423863319
2024-02-21 20:00:00,4.293577224634238,4.293577224634238
2024-02-21 21:00:00,4.431599530920861,4.431599530920861
2024-02-21 22:00:00,0.0,0.0
2024-02-21 23:00:00,0.0,0.0
2024-02-22 00:00:00,0.0,0.0
2024-02-22 01:00:00,0.0,0.0
2024-02-22 02:00:00,0.0,0.0
2024-02-22 03:00:00,0.0,0.0
2024-02-22 04:00:00,0.0,0.0
2024-02-22 05:00:00,0.0,0.0
2024-02-22 06:00:00,0.0,0.0
2024-02-22 07:00:00,0.0,0.0
2024-02-22 08:00:00,0.0,0.0
2024-02-22 09:00:00,0.0,0.0
2024-02-22 10:00:00,0.16478149786667026,0.16478149786667026
2024-02-22 11:00:00,0.7283716493129033,0.7283716493129033
2024-02-22 12:00:00,1.1310026454809585,1.1310026454809585
2024-02-22 13:00:00,2.1592773666782357,2.1592773666782357
2024-02-22 14:00:00,3.260618075043271,3.260618075043271
2024-02-22 15:00:00,3.3864676448012982,3.3864676448012982
2024-02-22 16:00:00,3.9884008802041984,3.9884008802041984
2024-02-22 17:00:00,4.437279312173704,4.437279312173704
2024-02-22 18:00:00,5.690391142888834,5.690391142888834
2024-02-22 19:00:00,4.656036055512929,4.656036055512929
2024-02-22 20:00:00,4.26435247523113,4.26435247523113
2024-02-22 21:00:00,4.941844296558361,4.941844296558361
2024-02-22 22:00:00,0.0,0.0
2024-02-22 23:00:00,0.0,0.0
2024-02-23 00:00:00,0.0,0.0
2024-02-23 01:00:00,0.0,0.0
2024-02-23 02:00:00,0.0,0.0
2024-02-23 03:00:00,0.0,0.0
2024-02-23 04:00:00,0.0,0.0
2024-02-23 05:00:00,0.0,0.0
2024-02-23 06:00:00,0.0,0.0
2024-02-23 07:00:00,0.0,0.0
2024-02-23 08:00:00,0.0,0.0
2024-02-23 09:00:00,0.0,0.0
2024-02-23 10:00:00,0.13283015173427515,0.13283015173427515
2024-02-23 11:00:00,0.5889059376929595,0.5889059376929595
2024-02-23 12:00:00,1.1482498579923173,1.1482498579923173
2024-02-23 13:00:00,1.92167809698454,1.92167809698454
2024-02-23 14:00:00,2.5225784672820093,2.5225784672820093
2024-02-23 15:00:00,2.8521312596588992,2.8521312596588992
2024-02-23 16:00:00,4.084479422557386,4.084479422557386
2024-02-23 17:00:00,4.63959604637791,4.63959604637791
2024-02-23 18:00:00,4.2196245432723645,4.2196245432723645
2024-02-23 19:00:00,3.7735292757013976,3.7735292757013976
2024-02-23 20:00:00,3.4122362557467194,3.4122362557467194
2024-02-23 21:00:00,3.865758433855765,3.865758433855765
2024-02-23 22:00:00,0.0,0.0
2024-02-23 23:00:00,0.0,0.0
2024-02-24 00:00:00,0.0,0.0
2024-02-24 01:00:00,0.0,0.0
2024-02-24 02:00:00,0.0,0.0
2024-02-24 03:00:00,0.0,0.0
2024-02-24 04:00:00,0.0,0.0
2024-02-24 05:00:00,0.0,0.0
2024-02-24 06:00:00,0.0,0.0
2024-02-24 07:00:00,0.0,0.0
2024-02-24 08:00:00,0.0,0.0
2024-02-24 09:00:00,0.0,0.0
2024-02-24 10:00:00,0.11015353871720376,0.11015353871720376
2024-02-24 11:00:00,0.42820442914933904,0.42820442914933904
2024-02-24 12:00:00,0.9516956843481759,0.9516956843481759
2024-02-24 13:00:00,1.1810892931517571,1.1810892931517571
2024-02-24 14:00:00,2.0544511096351883,2.0544511096351883
2024-02-24 15:00:00,2.009210444911805,2.009210444911805
2024-02-24 16:00:00,2.588753238818544,2.588753238818544
2024-02-24 17:00:00,3.0160203403456434,3.0160203403456434
2024-02-24 18:00:00,3.4739619942694824,3.4739619942694824
2024-02-24 19:00:00,2.4910936583383982,2.4910936583383982
2024-02-24 20:00:00,3.2802415086228165,3.2802415086228165
2024-02-24 21:00:00,2.871452313335728,2.871452313335728
2024-02-24 22:00:00,0.0,0.0
2024-02-24 23:00:00,0.0,0.0
2024-02-25 00:00:00,0.0,0.0
2024-02-25 01:00:00,0.0,0.0
2024-02-25 02:00:00,0.0,0.0
2024-02-25 03:00:00,0.0,0.0
2024-02-25 04:00:00,0.0,0.0
2024-02-25 05:00:00,0.0,0.0
2024-02-25 06:00:00,0.0,0.0
2024-02-25 07:00:00,0.0,0.0
2024-02-25 08:00:00,0.0,0.0
2024-02-25 09:00:00,0.0,0.0
2024-02-25 10:00:00,0.11095736060114637,0.11095736060114637
2024-02-25 11:00:00,0.4420338364578374,0.4420338364578374
2024-02-25 12:00:00,0.9183977279305673,0.9183977279305673
2024-02-25 13:00:00,1.184428909613346,1.184428909613346
2024-02-25 14:00:00,1.72566460253653,1.72566460253653
2024-02-25 15:00:00,1.973092110023552,1.973092110023552
2024-02-25 16:00:00,2.5601551141194503,2.5601551141194503
2024-02-25 17:00:00,3.3336217047572845,3.3336217047572845
2024-02-25 18:00:00,3.074025092596478,3.074025092596478
2024-02-25 19:00:00,2.668526185547203,2.668526185547203
2024-02-25 20:00:00,3.1439303870041186,3.1439303870041186
2024-02-25 21:00:00,3.1804632655193577,3.1804632655193577
2024-02-25 22:00:00,0.0,0.0
2024-02-25 23:00:00,0.0,0.0
2024-02-26 00:00:00,0.0,0.0
2024-02-26 01:00:00,0.0,0.0
2024-02-26 02:00:00,0.0,0.0
2024-02-26 03:00:00,0.0,0.0
2024-02-26 04:00:00,0.0,0.0
2024-02-26 05:00:00,0.0,0.0
2024-02-26 06:00:00,0.0,0.0
2024-02-26 07:00:00,0.0,0.0
2024-02-26 08:00:00,0.0,0.0
2024-02-26 09:00:00,0.0,0.0
2024-02-26 10:00:00,0.13085759484715456,0.13085759484715456
2024-02-26 11:00:00,0.5784881409792452,0.5784881409792452
2024-02-26 12:00:00,1.1181615259692417,1.1181615259692417
2024-02-26 13:00:00,1.5505255950569137,1.5505255950569137
2024-02-26 14:00:00,2.9879747007615562,2.9879747007615562
2024-02-26 15:00:00,3.4484344835808027,3.4484344835808027
2024-02-26 16:00:00,3.968149363485197,3.968149363485197
2024-02-26 17:00:00,4.895324443067106,4.895324443067106
2024-02-26 18:00:00,4.37436353589022,4.37436353589022
2024-02-26 19:00:00,3.5121677682526995,3.5121677682526995
2024-02-26 20:00:00,3.9269654831557,3.9269654831557
2024-02-26 21:00:00,3.739293334424427,3.739293334424427
2024-02-26 22:00:00,0.0,0.0
2024-02-26 23:00:00,0.0,0.0
2024-02-27 00:00:00,0.0,0.0
2024-02-27 01:00:00,0.0,0.0
2024-02-27 02:00:00,0.0,0.0
2024-02-27 03:00:00,0.0,0.0
2024-02-27 04:00:00,0.0,0.0
2024-02-27 05:00:00,0.0,0.0
2024-02-27 06:00:00,0.0,0.0
2024-02-27 07:00:00,0.0,0.0
2024-02-27 08:00:00,0.0,0.0
2024-02-27 09:00:00,0.0,0.0
2024-02-27 10:00:00,0.1366624694114374,0.1366624694114374
2024-02-27 11:00:00,0.5117215007644205,0.5117215007644205
2024-02-27 12:00:00,1.0599336191291973,1.0599336191291973
2024-02-27 13:00:00,1.8792188765074995,1.8792188765074995
2024-02-27 14:00:00,2.8387877151358345,2.8387877151358345
2024-02-27 15:00:00,3.0017973285776454,3.0017973285776454
2024-02-27 16:00:00,4.269664353856485,4.269664353856485
2024-02-27 17:00:00,4.888651802433769,4.888651802433769
2024-02-27 18:00:00,5.1229589176441745,5.1229589176441745
2024-02-27 19:00:00,3.8973396188396223,3.8973396188396223
2024-02-27 20:00:00,3.826428502819437,3.826428502819437
2024-02-27 21:00:00,4.605211357110538,4.605211357110538
2024-02-27 22:00:00,0.0,0.0
2024-02-27 23:00:00,0.0,0.0
2024-02-28 00:00:00,0.0,0.0
2024-02-28 01:00:00,0.0,0.0
2024-02-28 02:00:00,0.0,0.0
2024-02-28 03:00:00,0.0,0.0
2024-02-28 04:00:00,0.0,0.0
2024-02-28 05:00:00,0.0,0.0
2024-02-28 06:00:00,0.0,0.0
2024-02-28 07:00:00,0.0,0.0
2024-02-28 08:00:00,0.0,0.0
2024-02-28 09:00:00,0.0,0.0
2024-02-28 10:00:00,0.17101281444974184,0.17101281444974184
2024-02-28 11:00:00,0.5479909516247928,0.5479909516247928
2024-02-28 12:00:00,1.1209979486881605,1.1209979486881605
2024-02-28 13:00:00,2.069046750553242,2.069046750553242
2024-02-28 14:00:00,3.3463742323009518,3.3463742323009518
2024-02-28 15:00:00,3.382610214148146,3.382610214148146
2024-02-28 16:00:00,3.6778710908359105,3.6778710908359105
2024-02-28 17:00:00,4.379416082728728,4.379416082728728
2024-02-28 18:00:00,4.305384451471752,4.305384451471752
2024-02-28 19:00:00,4.721394381041234,4.721394381041234
2024-02-28 20:00:00,4.081932303184896,4.081932303184896
2024-02-28 21:00:00,4.812947789093615,4.812947789093615
2024-02-28 22:00:00,0.0,0.0
2024-02-28 23:00:00,0.0,0.0
2024-02-29 00:00:00,0.0,0.0
2024-02-29 01:00:00,0.0,0.0
2024-02-29 02:00:00,0.0,0.0
2024-02-29 03:00:00,0.0,0.0
2024-02-29 04:00:00,0.0,0.0
2024-02-29 05:00:00,0.0,0.0
2024-02-29 06:00:00,0.0,0.0
2024-02-29 07:00:00,0.0,0.0
2024-02-29 08:00:00,0.0,0.0
2024-02-29 09:00:00,0.0,0.0
2024-02-29 10:00:00,0.14421920317784925,0.14421920317784925
2024-02-29 11:00:00,0.5325785281508579,0.5325785281508579
2024-02-29 12:00:00,1.2408048576333641,1.2408048576333641
2024-02-29 13:00:00,1.9067731611931038,1.9067731611931038
2024-02-29 14:00:00,2.682516896411711,2.682516896411711
2024-02-29 15:00:00,3.4120030858246055,3.4120030858246055
2024-02-29 16:00:00,3.63374204507316,3.63374204507316
2024-02-29 17:00:00,3.693809610992141,3.693809610992141
2024-02-29 18:00:00,3.6066641557054115,3.6066641557054115
2024-02-29 19:00:00,4.068756894787512,4.068756894787512
2024-02-29 20:00:00,3.5757362261116423,3.5757362261116423
2024-02-29 21:00:00,4.1642992242863786,4.1642992242863786
2024-02-29 22:00:00,0.0,0.0
2024-02-29 23:00:00,0.0,0.0
2024-03-01 00:00:00,0.0,0.0
2024-03-01 01:00:00,0.0,0.0
2024-03-01 02:00:00,0.0,0.0
2024-03-01 03:00:00,0.0,0.0
2024-03-01 04:00:00,0.0,0.0
2024-03-01 05:00:00,0.0,0.0
2024-03-01 06:00:00,0.0,0.0
2024-03-01 07:00:00,0.0,0.0
2024-03-01 08:00:00,0.0,0.0
2024-03-01 09:00:00,0.0,0.0
2024-03-01 10:00:00,0.15491553906450592,0.15491553906450592
2024-03-01 11:00:00,0.5363539574589096,0.5363539574589096
2024-03-01 12:00:00,1.2720815927204938,1.2720815927204938
2024-03-01 13:00:00,1.8293814080934223,1.8293814080934223
2024-03-01 14:00:00,2.995798372443074,2.995798372443074
2024-03-01 15:00:00,3.3671871311990347,3.3671871311990347
2024-03-01 16:00:00,3.618516655260403,3.618516655260403
2024-03-01 17:00:00,4.269492419043252,4.269492419043252
2024-03-01 18:00:00,4.916398706234419,4.916398706234419
2024-03-01 19:00:00,4.070682949141075,4.070682949141075
2024-03-01 20:00:00,4.0763576451052455,4.0763576451052455
2024-03-01 21:00:00,3.5530598566943903,3.5530598566943903
2024-03-01 22:00:00,0.0,0.0
2024-03-01 23:00:00,0.0,0.0
2024-03-02 00:00:00,0.0,0.0
2024-03-02 01:00:00,0.0,0.0
2024-03-02 02:00:00,0.0,0.0
2024-03-02 03:00:00,0.0,0.0
2024-03-02 04:00:00,0.0,0.0
2024-03-02 05:00:00,0.0,0.0
2024-03-02 06:00:00,0.0,0.0
2024-03-02 07:00:00,0.0,0.0
2024-03-02 08:00:00,0.0,0.0
2024-03-02 09:00:00,0.0,0.0
2024-03-02 10:00:00,0.1008746026150733,0.1008746026150733
2024-03-02 11:00:00,0.41797555198153985,0.41797555198153985
2024-03-02 12:00:00,0.7987481569840039,0.7987481569840039
2024-03-02 13:00:00,1.219234759392741,1.219234759392741
2024-03-02 14:00:00,1.8915617539378935,1.8915617539378935
2024-03-02 15:00:00,2.105329837647395,2.105329837647395
2024-03-02 16:00:00,2.9369135160100726,2.9369135160100726
2024-03-02 17:00:00,3.7735837328429342,3.7735837328429342
2024-03-02 18:00:00,3.4611977265608895,3.4611977265608895
2024-03-02 19:00:00,2.625141029707699,2.625141029707699
2024-03-02 20:00:00,2.9109820716845407,2.9109820716845407
2024-03-02 21:00:00,3.0030524469816107,3.0030524469816107
2024-03-02 22:00:00,0.0,0.0
2024-03-02 23:00:00,0.0,0.0
2024-03-03 00:00:00,0.0,0.0
2024-03-03 01:00:00,0.0,0.0
2024-03-03 02:00:00,0.0,0.0
2024-03-03 03:00:00,0.0,0.0
2024-03-03 04:00:00,0.0,0.0
2024-03-03 05:00:00,0.0,0.0
2024-03-03 06:00:00,0.0,0.0
2024-03-03 07:00:00,0.0,0.0
2024-03-03 08:00:00,0.0,0.0
2024-03-03 09:00:00,0.0,0.0
2024-03-03 10:00:00,0.09424196530837704,0.09424196530837704
2024-03-03 11:00:00,0.4407910494282853,0.4407910494282853
2024-03-03 12:00:00,0.7480163404608322,0.7480163404608322
2024-03-03 13:00:00,1.3530509506001194,1.3530509506001194
2024-03-03 14:00:00,1.8993205632572394,1.8993205632572394
2024-03-03 15:00:00,1.9417436195848625,1.9417436195848625
2024-03-03 16:00:00,2.4717196861964403,2.4717196861964403
2024-03-03 17:00:00,3.0815742422214956,3.0815742422214956
2024-03-03 18:00:00,3.2419375533440067,3.2419375533440067
2024-03-03 19:00:00,2.5184027665731508,2.5184027665731508
2024-03-03 20:00:00,2.4689521635590213,2.4689521635590213
2024-03-03 21:00:00,2.733707905771427,2.733707905771427
2024-03-03 22:00:00,0.0,0.0
2024-03-03 23:00:00,0.0,0.0
2024-03-04 00:00:00,0.0,0.0
2024-03-04 01:00:00,0.0,0.0
2024-03-04 02:00:00,0.0,0.0
2024-03-04 03:00:00,0.0,0.0
2024-03-04 04:00:00,0.0,0.0
2024-03-04 05:00:00,0.0,0.0
2024-03-04 06:00:00,0.0,0.0
2024-03-04 07:00:00,0.0,0.0
2024-03-04 08:00:00,0.0,0.0
2024-03-04 09:00:00,0.0,0.0
2024-03-04 10:00:00,0.16030898216132136,0.16030898216132136
2024-03-04 11:00:00,0.6605727073643064,0.6605727073643064
2024-03-04 12:00:00,1.3795948889314313,1.3795948889314313
2024-03-04 13:00:00,2.072073853644341,2.072073853644341
2024-03-04 14:00:00,3.3218149493202174,3.3218149493202174
2024-03-04 15:00:00,3.1572754639263185,3.1572754639263185
2024-03-04 16:00:00,4.534623048015688,4.534623048015688
2024-03-04 17:00:00,5.393635955635457,5.393635955635457
2024-03-04 18:00:00,4.506291931672377,4.506291931672377
2024-03-04 19:00:00,4.618365788915801,4.618365788915801
2024-03-04 20:00:00,4.805734171257976,4.805734171257976
2024-03-04 21:00:00,4.491524337329623,4.491524337329623
2024-03-04 22:00:00,0.0,0.0
2024-03-04 23:00:00,0.0,0.0
2024-03-05 00:00:00,0.0,0.0
2024-03-05 01:00:00,0.0,0.0
2024-03-05 02:00:00,0.0,0.0
2024-03-05 03:00:00,0.0,0.0
2024-03-05 04:00:00,0.0,0.0
2024-03-05 05:00:00,0.0,0.0
2024-03-05 06:00:00,0.0,0.0
2024-03-05 07:00:00,0.0,0.0
2024-03-05 08:00:00,0.0,0.0
2024-03-05 09:00:00,0.0,0.0
2024-03-05 10:00:00,0.172996887073943,0.172996887073943
2024-03-05 11:00:00,0.5535971350800104,0.5535971350800104
2024-03-05 12:00:00,1.0807199879411142,1.0807199879411142
2024-03-05 13:00:00,2.1444132658417816,2.1444132658417816
2024-03-05 14:00:00,2.947696646634621,2.947696646634621
2024-03-05 15:00:00,3.220269722227603,3.220269722227603
2024-03-05 16:00:00,4.262500300991028,4.262500300991028
2024-03-05 17:00:00,5.042283003031926,5.042283003031926
2024-03-05 18:00:00,4.234970334763872,4.234970334763872
2024-03-05 19:00:00,4.264265286465635,4.264265286465635
2024-03-05 20:00:00,3.74632161237954,3.74632161237954
2024-03-05 21:00:00,4.766307376643429,4.766307376643429
2024-03-05 22:00:00,0.0,0.0
2024-03-05 23:00:00,0.0,0.0
2024-03-06 00:00:00,0.0,0.0
2024-03-06 01:00:00,0.0,0.0
2024-03-06 02:00:00,0.0,0.0
2024-03-06 03:00:00,0.0,0.0
2024-03-06 04:00:00,0.0,0.0
2024-03-06 05:00:00,0.0,0.0
2024-03-06 06:00:00,0.0,0.0
2024-03-06 07:00:00,0.0,0.0
2024-03-06 08:00:00,0.0,0.0
2024-03-06 09:00:00,0.0,0.0
2024-03-06 10:00:00,0.14574184312193583,0.14574184312193583
2024-03-06 11:00:00,0.6862650736107436,0.6862650736107436
2024-03-06 12:00:00,1.3903518589039305,1.3903518589039305
2024-03-06 13:00:00,2.014002926779651,2.014002926779651
2024-03-06 14:00:00,2.889426977789161,2.889426977789161
2024-03-06 15:00:00,3.616546063633119,3.616546063633119
2024-03-06 16:00:00,4.898314441780018,4.898314441780018
2024-03-06 17:00:00,4.3642180350729,4.3642180350729
2024-03-06 18:00:00,4.542096753266158,4.542096753266158
2024-03-06 19:00:00,4.487284079337362,4.487284079337362
2024-03-06 20:00:00,4.70267359607471,4.70267359607471
2024-03-06 21:00:00,4.534121449633652,4.534121449633652
2024-03-06 22:00:00,0.0,0.0
2024-03-06 23:00:00,0.0,0.0
2024-03-07 00:00:00,0.0,0.0
2024-03-07 01:00:00,0.0,0.0
2024-03-07 02:00:00,0.0,0.0
2024-03-07 03:00:00,0.0,0.0
2024-03-07 04:00:00,0.0,0.0
2024-03-07 05:00:00,0.0,0.0
2024-03-07 06:00:00,0.0,0.0
2024-03-07 07:00:00,0.0,0.0
2024-03-07 08:00:00,0.0,0.0
2024-03-07 09:00:00,0.0,0.0
2024-03-07 10:00:00,0.1734551568133824,0.1734551568133824
2024-03-07 11:00:00,0.5401379771262338,0.5401379771262338
2024-03-07 12:00:00,1.0654171472532512,1.0654171472532512
2024-03-07 13:00:00,1.8086138879863296,1.8086138879863296
2024-03-07 14:00:00,3.2274582739567865,3.2274582739567865
2024-03-07 15:00:00,3.4602136538591566,3.4602136538591566
2024-03-07 16:00:00,4.259862688890538,4.259862688890538
2024-03-07 17:00:00,4.4444410799024725,4.4444410799024725
2024-03-07 18:00:00,4.270392329364365,4.270392329364365
2024-03-07 19:00:00,4.585378192888154,4.585378192888154
2024-03-07 20:00:00,3.9514684604430217,3.9514684604430217
2024-03-07 21:00:00,4.357177407756176,4.357177407756176
2024-03-07 22:00:00,0.0,0.0
2024-03-07 23:00:00,0.0,0.0
2024-03-08 00:00:00,0.0,0.0
2024-03-08 01:00:00,0.0,0.0
2024-03-08 02:00:00,0.0,0.0
2024-03-08 03:00:00,0.0,0.0
2024-03-08 04:00:00,0.0,0.0
2024-03-08 05:00:00,0.0,0.0
2024-03-08 06:00:00,0.0,0.0
2024-03-08 07:00:00,0.0,0.0
2024-03-08 08:00:00,0.0,0.0
2024-03-08 09:00:00,0.0,0.0
2024-03-08 10:00:00,0.13436848687501052,0.13436848687501052
2024-03-08 11:00:00,0.4990918818899932,0.4990918818899932
2024-03-08 12:00:00,1.043644620630142,1.043644620630142
2024-03-08 13:00:00,1.7388172957944295,1.7388172957944295
2024-03-08 14:00:00,2.707363542659278,2.707363542659278
2024-03-08 15:00:00,2.8833794469654186,2.8833794469654186
2024-03-08 16:00:00,4.310628787592875,4.310628787592875
2024-03-08 17:00:00,5.016446531851066,5.016446531851066
2024-03-08 18:00:00,4.090669359981853,4.090669359981853
2024-03-08 19:00:00,4.368883039590886,4.368883039590886
2024-03-08 20:00:00,4.244976249365323,4.244976249365323
2024-03-08 21:00:00,4.385851058519211,4.385851058519211
2024-03-08 22:00:00,0.0,0.0
2024-03-08 23:00:00,0.0,0.0
2024-03-09 00:00:00,0.0,0.0
2024-03-09 01:00:00,0.0,0.0
2024-03-09 02:00:00,0.0,0.0
2024-03-09 03:00:00,0.0,0.0
2024-03-09 04:00:00,0.0,0.0
2024-03-09 05:00:00,0.0,0.0
2024-03-09 06:00:00,0.0,0.0
2024-03-09 07:00:00,0.0,0.0
2024-03-09 08:00:00,0.0,0.0
2024-03-09 09:00:00,0.0,0.0
2024-03-09 10:00:00,0.11832174308086649,0.11832174308086649
2024-03-09 11:00:00,0.3738205646977151,0.3738205646977151
2024-03-09 12:00:00,0.8736094681093086,0.8736094681093086
2024-03-09 13:00:00,1.5208030727538697,1.5208030727538697
2024-03-09 14:00:00,2.286342597645924,2.286342597645924
2024-03-09 15:00:00,2.0955512404457384,2.0955512404457384
2024-03-09 16:00:00,2.666136942116981,2.666136942116981
2024-03-09 17:00:00,2.9572613752647916,2.9572613752647916
2024-03-09 18:00:00,3.5185272859144696,3.5185272859144696
2024-03-09 19:00:00,2.6013747665978064,2.6013747665978064
2024-03-09 20:00:00,2.5222330037795797,2.5222330037795797
2024-03-09 21:00:00,2.8457884035548116,2.8457884035548116
2024-03-09 22:00:00,0.0,0.0
2024-03-09 23:00:00,0.0,0.0
2024-03-10 00:00:00,0.0,0.0
2024-03-10 01:00:00,0.0,0.0
2024-03-10 02:00:00,0.0,0.0
2024-03-10 03:00:00,0.0,0.0
2024-03-10 04:00:00,0.0,0.0
2024-03-10 05:00:00,0.0,0.0
2024-03-10 06:00:00,0.0,0.0
2024-03-10 07:00:00,0.0,0.0
2024-03-10 08:00:00,0.0,0.0
2024-03-10 09:00:00,0.0,0.0
2024-03-10 10:00:00,0.11266953382952347,0.11266953382952347
2024-03-10 11:00:00,0.48588580965053796,0.48588580965053796
2024-03-10 12:00:00,0.753855450856703,0.753855450856703
2024-03-10 13:00:00,1.5171108181480435,1.5171108181480435
2024-03-10 14:00:00,2.310234814829572,2.310234814829572
2024-03-10 15:00:00,2.5000797608103924,2.5000797608103924
2024-03-10 16:00:00,2.6667051413403327,2.6667051413403327
2024-03-10 17:00:00,3.7441422269646822,3.7441422269646822
2024-03-10 18:00:00,3.73080308161074,3.73080308161074
2024-03-10 19:00:00,2.687842460184622,2.687842460184622
2024-03-10 20:00:00,3.348412623192684,3.348412623192684
2024-03-10 21:00:00,3.3429797036839415,3.3429797036839415
2024-03-10 22:00:00,0.0,0.0
2024-03-10 23:00:00,0.0,0.0
2024-03-11 00:00:00,0.0,0.0
2024-03-11 01:00:00,0.0,0.0
2024-03-11 02:00:00,0.0,0.0
2024-03-11 03:00:00,0.0,0.0
2024-03-11 04:00:00,0.0,0.0
2024-03-11 05:00:00,0.0,0.0
2024-03-11 06:00:00,0.0,0.0
2024-03-11 07:00:00,0.0,0.0
2024-03-11 08:00:00,0.0,0.0
2024-03-11 09:00:00,0.0,0.0
2024-03-11 10:00:00,0.14593203534752336,0.14593203534752336
2024-03-11 11:00:00,0.6542631244014979,0.6542631244014979
2024-03-11 12:00:00,1.116137672009735,1.116137672009735
2024-03-11 13:00:00,1.7929320888226474,1.7929320888226474
2024-03-11 14:00:00,3.162823800004384,3.162823800004384
2024-03-11 15:00:00,3.5433579801030075,3.5433579801030075
2024-03-11 16:00:00,4.276186441943614,4.276186441943614
2024-03-11 17:00:00,4.240369643905572,4.240369643905572
2024-03-11 18:00:00,4.632807156160384,4.632807156160384
2024-03-11 19:00:00,4.122096431591841,4.122096431591841
2024-03-11 20:00:00,3.8555024903418276,3.8555024903418276
2024-03-11 21:00:00,3.458057921272754,3.458057921272754
2024-03-11 22:00:00,0.0,0.0
2024-03-11 23:00:00,0.0,0.0
2024-03-12 00:00:00,0.0,0.0
2024-03-12 01:00:00,0.0,0.0
2024-03-12 02:00:00,0.0,0.0
2024-03-12 03:00:00,0.0,0.0
2024-03-12 04:00:00,0.0,0.0
2024-03-12 05:00:00,0.0,0.0
2024-03-12 06:00:00,0.0,0.0
2024-03-12 07:00:00,0.0,0.0
2024-03-12 08:00:00,0.0,0.0
2024-03-12 09:00:00,0.0,0.0
2024-03-12 10:00:00,0.18952001139651714,0.18952001139651714
2024-03-12 11:00:00,0.7016235674008783,0.7016235674008783
2024-03-12 12:00:00,1.3317433717308493,1.3317433717308493
2024-03-12 13:00:00,1.794134351963711,1.794134351963711
2024-03-12 14:00:00,2.8101750290973326,2.8101750290973326
2024-03-12 15:00:00,3.3230500522046302,3.3230500522046302
2024-03-12 16:00:00,5.087224409936314,5.087224409936314
2024-03-12 17:00:00,5.328529725833577,5.328529725833577
2024-03-12 18:00:00,5.75462620547317,5.75462620547317
2024-03-12 19:00:00,4.543899082611014,4.543899082611014
2024-03-12 20:00:00,3.906895639305788,3.906895639305788
2024-03-12 21:00:00,4.496408384075397,4.496408384075397
2024-03-12 22:00:00,0.0,0.0
2024-03-12 23:00:00,0.0,0.0
2024-03-13 00:00:00,0.0,0.0
2024-03-13 01:00:00,0.0,0.0
2024-03-13 02:00:00,0.0,0.0
2024-03-13 03:00:00,0.0,0.0
2024-03-13 04:00:00,0.0,0.0
2024-03-13 05:00:00,0.0,0.0
2024-03-13 06:00:00,0.0,0.0
2024-03-13 07:00:00,0.0,0.0
2024-03-13 08:00:00,0.0,0.0
2024-03-13 09:00:00,0.0,0.0
2024-03-13 10:00:00,0.1486340079164748,0.1486340079164748
2024-03-13 11:00:00,0.4931681236995864,0.4931681236995864
2024-03-13 12:00:00,1.088004317671463,1.088004317671463
2024-03-13 13:00:00,1.8660668474841415,1.8660668474841415
2024-03-13 14:00:00,2.55932350108888,2.55932350108888
2024-03-13 15:00:00,2.732704279644746,2.732704279644746
2024-03-13 16:00:00,4.195151290660086,4.195151290660086
2024-03-13 17:00:00,4.774664066586645,4.774664066586645
2024-03-13 18:00:00,4.8866878430395655,4.8866878430395655
2024-03-13 19:00:00,4.346105134641126,4.346105134641126
2024-03-13 20:00:00,3.9085642500078546,3.9085642500078546
2024-03-13 21:00:00,3.8584201120307755,3.8584201120307755
2024-03-13 22:00:00,0.0,0.0
2024-03-13 23:00:00,0.0,0.0
2024-03-14 00:00:00,0.0,0.0
2024-03-14 01:00:00,0.0,0.0
2024-03-14 02:00:00,0.0,0.0
2024-03-14 03:00:00,0.0,0.0
2024-03-14 04:00:00,0.0,0.0
2024-03-14 05:00:00,0.0,0.0
2024-03-14 06:00:00,0.0,0.0
2024-03-14 07:00:00,0.0,0.0
2024-03-14 08:00:00,0.0,0.0
2024-03-14 09:00:00,0.0,0.0
2024-03-14 10:00:00,0.16773618706676377,0.16773618706676377
2024-03-14 11:00:00,0.5687578025834774,0.5687578025834774
2024-03-14 12:00:00,1.1682717110079488,1.1682717110079488
2024-03-14 13:00:00,1.6487442576006803,1.6487442576006803
2024-03-14 14:00:00,3.1143238106414426,3.1143238106414426
2024-03-14 15:00:00,3.6478898734927316,3.6478898734927316
2024-03-14 16:00:00,3.6955561219364914,3.6955561219364914
2024-03-14 17:00:00,5.069030797484256,5.069030797484256
2024-03-14 18:00:00,5.13624277490768,5.13624277490768
2024-03-14 19:00:00,3.575646893600973,3.575646893600973
2024-03-14 20:00:00,4.682094727198403,4.682094727198403
2024-03-14 21:00:00,3.5180560127006673,3.5180560127006673
2024-03-14 22:00:00,0.0,0.0
2024-03-14 23:00:00,0.0,0.0
2024-03-15 00:00:00,0.0,0.0
2024-03-15 01:00:00,0.0,0.0
2024-03-15 02:00:00,0.0,0.0
2024-03-15 03:00:00,0.0,0.0
2024-03-15 04:00:00,0.0,0.0
2024-03-15 05:00:00,0.0,0.0
2024-03-15 06:00:00,0.0,0.0
2024-03-15 07:00:00,0.0,0.0
2024-03-15 08:00:00,0.0,0.0
2024-03-15 09:00:00,0.0,0.0
2024-03-15 10:00:00,0.15578699044176872,0.15578699044176872
2024-03-15 11:00:00,0.7291955788781902,0.7291955788781902
2024-03-15 12:00:00,1.28675354396113,1.28675354396113
2024-03-15 13:00:00,2.050972464198691,2.050972464198691
2024-03-15 14:00:00,2.740298984004207,2.740298984004207
2024-03-15 15:00:00,4.012434992876556,4.012434992876556
2024-03-15 16:00:00,3.8841573285536244,3.8841573285536244
2024-03-15 17:00:00,4.447853135229384,4.447853135229384
2024-03-15 18:00:00,5.504099292994592,5.504099292994592
2024-03-15 19:00:00,3.9665819325864278,3.9665819325864278
2024-03-15 20:00:00,4.862057780444566,4.862057780444566
2024-03-15 21:00:00,4.329140510400434,4.329140510400434
2024-03-15 22:00:00,0.0,0.0
2024-03-15 23:00:00,0.0,0.0
2024-03-16 00:00:00,0.0,0.0
2024-03-16 01:00:00,0.0,0.0
2024-03-16 02:00:00,0.0,0.0
2024-03-16 03:00:00,0.0,0.0
2024-03-16 04:00:00,0.0,0.0
2024-03-16 05:00:00,0.0,0.0
2024-03-16 06:00:00,0.0,0.0
2024-03-16 07:00:00,0.0,0.0
2024-03-16 08:00:00,0.0,0.0
2024-03-16 09:00:00,0.0,0.0
2024-03-16 10:00:00,0.11746012959521834,0.11746012959521834
2024-03-16 11:00:00,0.4617008914850782,0.4617008914850782
2024-03-16 12:00:00,0.8699322451302804,0.8699322451302804
2024-03-16 13:00:00,1.2746269964347474,1.2746269964347474
2024-03-16 14:00:00,2.1170490565740985,2.1170490565740985
2024-03-16 15:00:00,2.1273633451888934,2.1273633451888934
2024-03-16 16:00:00,3.27491379224374,3.27491379224374
2024-03-16 17:00:00,3.5188702134517063,3.5188702134517063
2024-03-16 18:00:00,3.520976034437037,3.520976034437037
2024-03-16 19:00:00,3.093816056397679,3.093816056397679
2024-03-16 20:00:00,3.164789813327918,3.164789813327918
2024-03-16 21:00:00,2.469817792259842,2.469817792259842
2024-03-16 22:00:00,0.0,0.0
2024-03-16 23:00:00,0.0,0.0
2024-03-17 00:00:00,0.0,0.0
2024-03-17 01:00:00,0.0,0.0
2024-03-17 02:00:00,0.0,0.0
2024-03-17 03:00:00,0.0,0.0
2024-03-17 04:00:00,0.0,0.0
2024-03-17 05:00:00,0.0,0.0
2024-03-17 06:00:00,0.0,0.0
2024-03-17 07:00:00,0.0,0.0
2024-03-17 08:00:00,0.0,0.0
2024-03-17 09:00:00,0.0,0.0
2024-03-17 10:00:00,0.11765064814593931,0.11765064814593931
2024-03-17 11:00:00,0.43633049270912866,0.43633049270912866
2024-03-17 12:00:00,0.7702534504658036,0.7702534504658036
2024-03-17 13:00:00,1.293841997686129,1.293841997686129
2024-03-17 14:00:00,1.9443585009495457,1.9443585009495457
2024-03-17 15:00:00,1.9793072730955958,1.9793072730955958
2024-03-17 16:00:00,3.199988109658109,3.199988109658109
2024-03-17 17:00:00,2.803018368520261,2.803018368520261
2024-03-17 18:00:00,3.6149363131578407,3.6149363131578407
2024-03-17 19:00:00,2.4096296309558407,2.4096296309558407
2024-03-17 20:00:00,3.001871479013495,3.001871479013495
2024-03-17 21:00:00,2.666912579354063,2.666912579354063
2024-03-17 22:00:00,0.0,0.0
2024-03-17 23:00:00,0.0,0.0
2024-03-18 00:00:00,0.0,0.0
2024-03-18 01:00:00,0.0,0.0
2024-03-18 02:00:00,0.0,0.0
2024-03-18 03:00:00,0.0,0.0
2024-03-18 04:00:00,0.0,0.0
2024-03-18 05:00:00,0.0,0.0
2024-03-18 06:00:00,0.0,0.0
2024-03-18 07:00:00,0.0,0.0
2024-03-18 08:00:00,0.0,0.0
2024-03-18 09:00:00,0.0,0.0
2024-03-18 10:00:00,0.12281811232967403,0.12281811232967403
2024-03-18 11:00:00,0.526998744874575,0.526998744874575
2024-03-18 12:00:00,1.0152126378136912,1.0152126378136912
2024-03-18 13:00:00,1.9521288943057191,1.9521288943057191
2024-03-18 14:00:00,2.2633980438931105,2.2633980438931105
2024-03-18 15:00:00,3.1916199156651386,3.1916199156651386
2024-03-18 16:00:00,3.750407446988518,3.750407446988518
2024-03-18 17:00:00,4.615131925182766,4.615131925182766
2024-03-18 18:00:00,3.8153457838825715,3.8153457838825715
2024-03-18 19:00:00,4.093138580223545,4.093138580223545
2024-03-18 20:00:00,4.206001479306284,4.206001479306284
2024-03-18 21:00:00,3.434776317564793,3.434776317564793
2024-03-18 22:00:00,0.0,0.0
2024-03-18 23:00:00,0.0,0.0
2024-03-19 00:00:00,0.0,0.0
2024-03-19 01:00:00,0.0,0.0
2024-03-19 02:00:00,0.0,0.0
2024-03-19 03:00:00,0.0,0.0
2024-03-19 04:00:00,0.0,0.0
2024-03-19 05:00:00,0.0,0.0
2024-03-19 06:00:00,0.0,0.0
2024-03-19 07:00:00,0.0,0.0
2024-03-19 08:00:00,0.0,0.0
2024-03-19 09:00:00,0.0,0.0
2024-03-19 10:00:00,0.1374438206702551,0.1374438206702551
2024-03-19 11:00:00,0.5868729280243786,0.5868729280243786
2024-03-19 12:00:00,1.0269980230379399,1.0269980230379399
2024-03-19 13:00:00,1.6486412696808137,1.6486412696808137
2024-03-19 14:00:00,2.682840935244021,2.682840935244021
2024-03-19 15:00:00,3.6580718663182044,3.6580718663182044
2024-03-19 16:00:00,3.9686187761986127,3.9686187761986127
2024-03-19 17:00:00,4.283673185519726,4.283673185519726
2024-03-19 18:00:00,4.783535757718194,4.783535757718194
2024-03-19 19:00:00,4.279502634571769,4.279502634571769
2024-03-19 20:00:00,4.017747403080708,4.017747403080708
2024-03-19 21:00:00,3.838033458208351,3.838033458208351
2024-03-19 22:00:00,0.0,0.0
2024-03-19 23:00:00,0.0,0.0
2024-03-20 00:00:00,0.0,0.0
2024-03-20 01:00:00,0.0,0.0
2024-03-20 02:00:00,0.0,0.0
2024-03-20 03:00:00,0.0,0.0
2024-03-20 04:00:00,0.0,0.0
2024-03-20 05:00:00,0.0,0.0
2024-03-20 06:00:00,0.0,0.0
2024-03-20 07:00:00,0.0,0.0
2024-03-20 08:00:00,0.0,0.0
2024-03-20 09:00:00,0.0,0.0
2024-03-20 10:00:00,0.1648962132999963,0.1648962132999963
2024-03-20 11:00:00,0.5691476096961195,0.5691476096961195
2024-03-20 12:00:00,1.3396406493868696,1.3396406493868696
2024-03-20 13:00:00,1.945431624371925,1.945431624371925
2024-03-20 14:00:00,2.426893015743409,2.426893015743409
2024-03-20 15:00:00,3.309384344355923,3.309384344355923
2024-03-20 16:00:00,3.5636041272897914,3.5636041272897914
2024-03-20 17:00:00,4.559438218055869,4.559438218055869
2024-03-20 18:00:00,3.9307971053341735,3.9307971053341735
2024-03-20 19:00:00,4.126555536556567,4.126555536556567
2024-03-20 20:00:00,3.929676574472873,3.929676574472873
2024-03-20 21:00:00,4.10292453193332,4.10292453193332
2024-03-20 22:00:00,0.0,0.0
2024-03-20 23:00:00,0.0,0.0
2024-03-21 00:00:00,0.0,0.0
2024-03-21 01:00:00,0.0,0.0
2024-03-21 02:00:00,0.0,0.0
2024-03-21 03:00:00,0.0,0.0
2024-03-21 04:00:00,0.0,0.0
2024-03-21 05:00:00,0.0,0.0
2024-03-21 06:00:00,0.0,0.0
2024-03-21 07:00:00,0.0,0.0
2024-03-21 08:00:00,0.0,0.0
2024-03-21 09:00:00,0.0,0.0
2024-03-21 10:00:00,0.14950574778938067,0.14950574778938067
2024-03-21 11:00:00,0.5404752102964195,0.5404752102964195
2024-03-21 12:00:00,1.1816382303200954,1.1816382303200954
2024-03-21 13:00:00,1.6458845188248423,1.6458845188248423
2024-03-21 14:00:00,2.8279742854856114,2.8279742854856114
2024-03-21 15:00:00,3.659196477354092,3.659196477354092
2024-03-21 16:00:00,4.587100939903674,4.587100939903674
2024-03-21 17:00:00,4.642528308024611,4.642528308024611
2024-03-21 18:00:00,4.9597647806312875,4.9597647806312875
2024-03-21 19:00:00,4.312096706352001,4.312096706352001
2024-03-21 20:00:00,4.480106207343944,4.480106207343944
2024-03-21 21:00:00,4.4508781887310755,4.4508781887310755
2024-03-21 22:00:00,0.0,0.0
2024-03-21 23:00:00,0.0,0.0
2024-03-22 00:00:00,0.0,0.0
2024-03-22 01:00:00,0.0,0.0
2024-03-22 02:00:00,0.0,0.0
2024-03-22 03:00:00,0.0,0.0
2024-03-22 04:00:00,0.0,0.0
2024-03-22 05:00:00,0.0,0.0
2024-03-22 06:00:00,0.0,0.0
2024-03-22 07:00:00,0.0,0.0
2024-03-22 08:00:00,0.0,0.0
2024-03-22 09:00:00,0.0,0.0
2024-03-22 10:00:00,0.16025007970374738,0.16025007970374738
2024-03-22 11:00:00,0.5910060943736447,0.5910060943736447
2024-03-22 12:00:00,1.0219232595907868,1.0219232595907868
2024-03-22 13:00:00,1.827654004748499,1.827654004748499
2024-03-22 14:00:00,2.747152750209238,2.747152750209238
2024-03-22 15:00:00,3.348411798744507,3.348411798744507
2024-03-22 16:00:00,4.279721392797408,4.279721392797408
2024-03-22 17:00:00,4.01786870916438,4.01786870916438
2024-03-22 18:00:00,4.701029867472338,4.701029867472338
2024-03-22 19:00:00,3.444468898975178,3.444468898975178
2024-03-22 20:00:00,3.6932330673993214,3.6932330673993214
2024-03-22 21:00:00,3.860174566397597,3.860174566397597
2024-03-22 22:00:00,0.0,0.0
2024-03-22 23:00:00,0.0,0.0
2024-03-23 00:00:00,0.0,0.0
2024-03-23 01:00:00,0.0,0.0
2024-03-23 02:00:00,0.0,0.0
2024-03-23 03:00:00,0.0,0.0
2024-03-23 04:00:00,0.0,0.0
2024-03-23 05:00:00,0.0,0.0
2024-03-23 06:00:00,0.0,0.0
2024-03-23 07:00:00,0.0,0.0
2024-03-23 08:00:00,0.0,0.0
2024-03-23 09:00:00,0.0,0.0
2024-03-23 10:00:00,0.1016518124447585,0.1016518124447585
2024-03-23 11:00:00,0.4099875546280996,0.4099875546280996
2024-03-23 12:00:00,0.9114144432277025,0.9114144432277025
2024-03-23 13:00:00,1.1796336007941461,1.1796336007941461
2024-03-23 14:00:00,1.7390143061577426,1.7390143061577426
2024-03-23 15:00:00,2.015621144311595,2.015621144311595
2024-03-23 16:00:00,2.814149401626194,2.814149401626194
2024-03-23 17:00:00,2.728173689581581,2.728173689581581
2024-03-23 18:00:00,2.7027259725939676,2.7027259725939676
2024-03-23 19:00:00,2.4720059381814314,2.4720059381814314
2024-03-23 20:00:00,2.7011260871666227,2.7011260871666227
2024-03-23 21:00:00,2.9858776061015786,2.9858776061015786
2024-03-23 22:00:00,0.0,0.0
2024-03-23 23:00:00,0.0,0.0
2024-03-24 00:00:00,0.0,0.0
2024-03-24 01:00:00,0.0,0.0
2024-03-24 02:00:00,0.0,0.0
2024-03-24 03:00:00,0.0,0.0
2024-03-24 04:00:00,0.0,0.0
2024-03-24 05:00:00,0.0,0.0
2024-03-24 06:00:00,0.0,0.0
2024-03-24 07:00:00,0.0,0.0
2024-03-24 08:00:00,0.0,0.0
2024-03-24 09:00:00,0.0,0.0
2024-03-24 10:00:00,0.13522151203923244,0.13522151203923244
2024-03-24 11:00:00,0.48971882749712636,0.48971882749712636
2024-03-24 12:00:00,0.8094344503286747,0.8094344503286747
2024-03-24 13:00:00,1.4272013100948349,1.4272013100948349
2024-03-24 14:00:00,2.074657353497659,2.074657353497659
2024-03-24 15:00:00,2.566021357259565,2.566021357259565
2024-03-24 16:00:00,3.268347473423296,3.268347473423296
2024-03-24 17:00:00,3.7932473823285684,3.7932473823285684
2024-03-24 18:00:00,3.1706473667513153,3.1706473667513153
2024-03-24 19:00:00,3.4729202904520737,3.4729202904520737
2024-03-24 20:00:00,2.7920152285368243,2.7920152285368243
2024-03-24 21:00:00,2.7476875218453496,2.7476875218453496
2024-03-24 22:00:00,0.0,0.0
2024-03-24 23:00:00,0.0,0.0
2024-03-25 00:00:00,0.0,0.0
2024-03-25 01:00:00,0.0,0.0
2024-03-25 02:00:00,0.0,0.0
2024-03-25 03:00:00,0.0,0.0
2024-03-25 04:00:00,0.0,0.0
2024-03-25 05:00:00,0.0,0.0
2024-03-25 06:00:00,0.0,0.0
2024-03-25 07:00:00,0.0,0.0
2024-03-25 08:00:00,0.0,0.0
2024-03-25 09:00:00,0.0,0.0
2024-03-25 10:00:00,0.15614988171239438,0.15614988171239438
2024-03-25 11:00:00,0.6802296056574494,0.6802296056574494
2024-03-25 12:00:00,1.1882996716462801,1.1882996716462801
2024-03-25 13:00:00,1.6532831089220084,1.6532831089220084
2024-03-25 14:00:00,2.9404858677960153,2.9404858677960153
2024-03-25 15:00:00,2.9112148269927958,2.9112148269927958
2024-03-25 16:00:00,4.357517895641363,4.357517895641363
2024-03-25 17:00:00,5.342069556713964,5.342069556713964
2024-03-25 18:00:00,4.844027960236561,4.844027960236561
2024-03-25 19:00:00,3.7249529853867243,3.7249529853867243
2024-03-25 20:00:00,3.642373321681718,3.642373321681718
2024-03-25 21:00:00,3.9660589153900134,3.9660589153900134
2024-03-25 22:00:00,0.0,0.0
2024-03-25 23:00:00,0.0,0.0
2024-03-26 00:00:00,0.0,0.0
2024-03-26 01:00:00,0.0,0.0
2024-03-26 02:00:00,0.0,0.0
2024-03-26 03:00:00,0.0,0.0
2024-03-26 04:00:00,0.0,0.0
2024-03-26 05:00:00,0.0,0.0
2024-03-26 06:00:00,0.0,0.0
2024-03-26 07:00:00,0.0,0.0
2024-03-26 08:00:00,0.0,0.0
2024-03-26 09:00:00,0.0,0.0
2024-03-26 10:00:00,0.16618236921598267,0.16618236921598267
2024-03-26 11:00:00,0.5995936598201427,0.5995936598201427
2024-03-26 12:00:00,1.376501138046753,1.376501138046753
2024-03-26 13:00:00,1.7211798365895201,1.7211798365895201
2024-03-26 14:00:00,3.3457820396951687,3.3457820396951687
2024-03-26 15:00:00,3.4551827836183002,3.4551827836183002
2024-03-26 16:00:00,3.7676943425616183,3.7676943425616183
2024-03-26 17:00:00,4.379801025988455,4.379801025988455
2024-03-26 18:00:00,5.523305447232977,5.523305447232977
2024-03-26 19:00:00,4.366508652172945,4.366508652172945
2024-03-26 20:00:00,4.674668427704298,4.674668427704298
2024-03-26 21:00:00,4.891740459215477,4.891740459215477
2024-03-26 22:00:00,0.0,0.0
2024-03-26 23:00:00,0.0,0.0
2024-03-27 00:00:00,0.0,0.0
2024-03-27 01:00:00,0.0,0.0
2024-03-27 02:00:00,0.0,0.0
2024-03-27 03:00:00,0.0,0.0
2024-03-27 04:00:00,0.0,0.0
2024-03-27 05:00:00,0.0,0.0
2024-03-27 06:00:00,0.0,0.0
2024-03-27 07:00:00,0.0,0.0
2024-03-27 08:00:00,0.0,0.0
2024-03-27 09:00:00,0.0,0.0
2024-03-27 10:00:00,0.17321379838567155,0.17321379838567155
2024-03-27 11:00:00,0.5421595974008384,0.5421595974008384
2024-03-27 12:00:00,1.1415160609896562,1.1415160609896562
2024-03-27 13:00:00,1.8368292396889954,1.8368292396889954
2024-03-27 14:00:00,3.1988980521096924,3.1988980521096924
2024-03-27 15:00:00,3.153468335924955,3.153468335924955
2024-03-27 16:00:00,4.70549785539474,4.70549785539474
2024-03-27 17:00:00,5.212774660813576,5.212774660813576
2024-03-27 18:00:00,5.45112797200576,5.45112797200576
2024-03-27 19:00:00,4.433760127075752,4.433760127075752
2024-03-27 20:00:00,4.391304288343555,4.391304288343555
2024-03-27 21:00:00,4.4078908961774745,4.4078908961774745
2024-03-27 22:00:00,0.0,0.0
2024-03-27 23:00:00,0.0,0.0
2024-03-28 00:00:00,0.0,0.0
2024-03-28 01:00:00,0.0,0.0
2024-03-28 02:00:00,0.0,0.0
2024-03-28 03:00:00,0.0,0.0
2024-03-28 04:00:00,0.0,0.0
2024-03-28 05:00:00,0.0,0.0
2024-03-28 06:00:00,0.0,0.0
2024-03-28 07:00:00,0.0,0.0
2024-03-28 08:00:00,0.0,0.0
2024-03-28 09:00:00,0.0,0.0
2024-03-28 10:00:00,0.17421891500167033,0.17421891500167033
2024-03-28 11:00:00,0.733062100690486,0.733062100690486
2024-03-28 12:00:00,1.2109385306673415,1.2109385306673415
2024-03-28 13:00:00,1.7706171293863617,1.7706171293863617
2024-03-28 14:00:00,3.485798316820281,3.485798316820281
2024-03-28 15:00:00,3.6045245898738463,3.6045245898738463
2024-03-28 16:00:00,5.088802231949987,5.088802231949987
2024-03-28 17:00:00,5.533216663590361,5.533216663590361
2024-03-28 18:00:00,5.075388905548552,5.075388905548552
2024-03-28 19:00:00,4.336852706785819,4.336852706785819
2024-03-28 20:00:00,4.356172783239193,4.356172783239193
2024-03-28 21:00:00,3.999330930211777,3.999330930211777
2024-03-28 22:00:00,0.0,0.0
2024-03-28 23:00:00,0.0,0.0
2024-03-29 00:00:00,0.0,0.0
2024-03-29 01:00:00,0.0,0.0
2024-03-29 02:00:00,0.0,0.0
2024-03-29 03:00:00,0.0,0.0
2024-03-29 04:00:00,0.0,0.0
2024-03-29 05:00:00,0.0,0.0
2024-03-29 06:00:00,0.0,0.0
2024-03-29 07:00:00,0.0,0.0
2024-03-29 08:00:00,0.0,0.0
2024-03-29 09:00:00,0.0,0.0
2024-03-29 10:00:00,0.17357157973978146,0.17357157973978146
2024-03-29 11:00:00,0.6214939109263697,0.6214939109263697
2024-03-29 12:00:00,1.3580700143828783,1.3580700143828783
2024-03-29 13:00:00,1.9473188350161001,1.9473188350161001
2024-03-29 14:00:00,3.4344472047120984,3.4344472047120984
2024-03-29 15:00:00,3.5930535512090924,3.5930535512090924
2024-03-29 16:00:00,4.8546995886482085,4.8546995886482085
2024-03-29 17:00:00,5.684268882798133,5.684268882798133
2024-03-29 18:00:00,4.757817222915744,4.757817222915744
2024-03-29 19:00:00,4.651037407819337,4.651037407819337
2024-03-29 20:00:00,4.960855620573637,4.960855620573637
2024-03-29 21:00:00,5.175129799850323,5.175129799850323
2024-03-29 22:00:00,0.0,0.0
2024-03-29 23:00:00,0.0,0.0
2024-03-30 00:00:00,0.0,0.0
2024-03-30 01:00:00,0.0,0.0
2024-03-30 02:00:00,0.0,0.0
2024-03-30 03:00:00,0.0,0.0
2024-03-30 04:00:00,0.0,0.0
2024-03-30 05:00:00,0.0,0.0
2024-03-30 06:00:00,0.0,0.0
2024-03-30 07:00:00,0.0,0.0
2024-03-30 08:00:00,0.0,0.0
2024-03-30 09:00:00,0.0,0.0
2024-03-30 10:00:00,0.1009145199727685,0.1009145199727685
2024-03-30 11:00:00,0.4002359574111223,0.4002359574111223
2024-03-30 12:00:00,0.8406231707758504,0.8406231707758504
2024-03-30 13:00:00,1.4299009753837606,1.4299009753837606
2024-03-30 14:00:00,2.0753213634303034,2.0753213634303034
2024-03-30 15:00:00,2.05077567137243,2.05077567137243
2024-03-30 16:00:00,2.6185392952708417,2.6185392952708417
2024-03-30 17:00:00,3.5662959567296615,3.5662959567296615
2024-03-30 18:00:00,2.957942657792299,2.957942657792299
2024-03-30 19:00:00,2.5953082579628037,2.5953082579628037
2024-03-30 20:00:00,2.416616618622937,2.416616618622937
2024-03-30 21:00:00,3.116819430149101,3.116819430149101
2024-03-30 22:00:00,0.0,0.0
2024-03-30 23:00:00,0.0,0.0
2024-03-31 00:00:00,0.0,0.0
2024-03-31 01:00:00,0.0,0.0
2024-03-31 02:00:00,0.0,0.0
2024-03-31 03:00:00,0.0,0.0
2024-03-31 04:00:00,0.0,0.0
2024-03-31 05:00:00,0.0,0.0
2024-03-31 06:00:00,0.0,0.0
2024-03-31 07:00:00,0.0,0.0
2024-03-31 08:00:00,0.0,0.0
2024-03-31 09:00:00,0.0,0.0
2024-03-31 10:00:00,0.10037040621823363,0.10037040621823363
2024-03-31 11:00:00,0.39254605443854,0.39254605443854
2024-03-31 12:00:00,0.7557922167115222,0.7557922167115222
2024-03-31 13:00:00,1.1370499056238805,1.1370499056238805
2024-03-31 14:00:00,1.760476628911358,1.760476628911358
2024-03-31 15:00:00,2.138520115412462,2.138520115412462
2024-03-31 16:00:00,2.6185997210883967,2.6185997210883967
2024-03-31 17:00:00,3.108474032676177,3.108474032676177
2024-03-31 18:00:00,3.1186645060162066,3.1186645060162066
2024-03-31 19:00:00,3.0555064313754303,3.0555064313754303
2024-03-31 20:00:00,2.756356813854897,2.756356813854897
2024-03-31 21:00:00,2.8925353317154014,2.8925353317154014
2024-03-31 22:00:00,0.0,0.0
2024-03-31 23:00:00,0.0,0.0
2024-04-01 00:00:00,0.0,0.0
2024-04-01 01:00:00,0.0,0.0
2024-04-01 02:00:00,0.0,0.0
2024-04-01 03:00:00,0.0,0.0
2024-04-01 04:00:00,0.0,0.0
2024-04-01 05:00:00,0.0,0.0
2024-04-01 06:00:00,0.0,0.0
2024-04-01 07:00:00,0.0,0.0
2024-04-01 08:00:00,0.0,0.0
2024-04-01 09:00:00,0.0,0.0
2024-04-01 10:00:00,0.16026896308502878,0.16026896308502878
2024-04-01 11:00:00,0.529268086612132,0.529268086612132
2024-04-01 12:00:00,1.1298529019224195,1.1298529019224195
2024-04-01 13:00:00,2.016035924313256,2.016035924313256
2024-04-01 14:00:00,3.0877101829352767,3.0877101829352767
2024-04-01 15:00:00,3.7011110655283863,3.7011110655283863
2024-04-01 16:00:00,4.449106979174975,4.449106979174975
2024-04-01 17:00:00,4.910262701051377,4.910262701051377
2024-04-01 18:00:00,5.236195769180557,5.236195769180557
2024-04-01 19:00:00,4.140380013540682,4.140380013540682
2024-04-01 20:00:00,4.290959492939289,4.290959492939289
2024-04-01 21:00:00,4.619493019504529,4.619493019504529
2024-04-01 22:00:00,0.0,0.0
2024-04-01 23:00:00,0.0,0.0
2024-04-02 00:00:00,0.0,0.0
2024-04-02 01:00:00,0.0,0.0
2024-04-02 02:00:00,0.0,0.0
2024-04-02 03:00:00,0.0,0.0
2024-04-02 04:00:00,0.0,0.0
2024-04-02 05:00:00,0.0,0.0
2024-04-02 06:00:00,0.0,0.0
2024-04-02 07:00:00,0.0,0.0
2024-04-02 08:00:00,0.0,0.0
2024-04-02 09:00:00,0.0,0.0
2024-04-02 10:00:00,0.14232286817310624,0.14232286817310624
2024-04-02 11:00:00,0.6730616424137689,0.6730616424137689
2024-04-02 12:00:00,1.2419558447299806,1.2419558447299806
2024-04-02 13:00:00,2.0587132604385627,2.0587132604385627
2024-04-02 14:00:00,2.4617642348785767,2.4617642348785767
2024-04-02 15:00:00,3.1183900492041134,3.1183900492041134
2024-04-02 16:00:00,3.5942021776670625,3.5942021776670625
2024-04-02 17:00:00,3.9926324706866785,3.9926324706866785
2024-04-02 18:00:00,3.992895951352223,3.992895951352223
2024-04-02 19:00:00,4.143781924199986,4.143781924199986
2024-04-02 20:00:00,3.618131703160078,3.618131703160078
2024-04-02 21:00:00,4.557721825176735,4.557721825176735
2024-04-02 22:00:00,0.0,0.0
2024-04-02 23:00:00,0.0,0.0
2024-04-03 00:00:00,0.0,0.0
2024-04-03 01:00:00,0.0,0.0
2024-04-03 02:00:00,0.0,0.0
2024-04-03 03:00:00,0.0,0.0
2024-04-03 04:00:00,0.0,0.0
2024-04-03 05:00:00,0.0,0.0
2024-04-03 06:00:00,0.0,0.0
2024-04-03 07:00:00,0.0,0.0
2024-04-03 08:00:00,0.0,0.0
2024-04-03 09:00:00,0.0,0.0
2024-04-03 10:00:00,0.192371501938201,0.192371501938201
2024-04-03 11:00:00,0.7034987748166444,0.7034987748166444
2024-04-03 12:00:00,1.3049634544511117,1.3049634544511117
2024-04-03 13:00:00,2.0941233539736968,2.0941233539736968
2024-04-03 14:00:00,2.9711988017949227,2.9711988017949227
2024-04-03 15:00:00,3.137881135314015,3.137881135314015
2024-04-03 16:00:00,4.330008979333479,4.330008979333479
2024-04-03 17:00:00,4.646837899573525,4.646837899573525
2024-04-03 18:00:00,5.186488596300581,5.186488596300581
2024-04-03 19:00:00,4.585491262232455,4.585491262232455
2024-04-03 20:00:00,4.945237825162036,4.945237825162036
2024-04-03 21:00:00,3.8746046869643016,3.8746046869643016
2024-04-03 22:00:00,0.0,0.0
2024-04-03 23:00:00,0.0,0.0
2024-04-04 00:00:00,0.0,0.0
2024-04-04 01:00:00,0.0,0.0
2024-04-04 02:00:00,0.0,0.0
2024-04-04 03:00:00,0.0,0.0
2024-04-04 04:00:00,0.0,0.0
2024-04-04 05:00:00,0.0,0.0
2024-04-04 06:00:00,0.0,0.0
2024-04-04 07:00:00,0.0,0.0
2024-04-04 08:00:00,0.0,0.0
2024-04-04 09:00:00,0.0,0.0
2024-04-04 10:00:00,0.17970100391155633,0.17970100391155633
2024-04-04 11:00:00,0.5446048215628925,0.5446048215628925
2024-04-04 12:00:00,1.1864661353136785,1.1864661353136785
2024-04-04 13:00:00,1.8693378997364534,1.8693378997364534
2024-04-04 14:00:00,3.010956319498169,3.010956319498169
2024-04-04 15:00:00,3.4381004506821644,3.4381004506821644
2024-04-04 16:00:00,4.353986988472148,4.353986988472148
2024-04-04 17:00:00,5.301659880507358,5.301659880507358
2024-04-04 18:00:00,4.487314423225072,4.487314423225072
2024-04-04 19:00:00,4.097020220729024,4.097020220729024
2024-04-04 20:00:00,4.689813286289759,4.689813286289759
2024-04-04 21:00:00,3.7097316422496385,3.7097316422496385
2024-04-04 22:00:00,0.0,0.0
2024-04-04 23:00:00,0.0,0.0
2024-04-05 00:00:00,0.0,0.0
2024-04-05 01:00:00,0.0,0.0
2024-04-05 02:00:00,0.0,0.0
2024-04-05 03:00:00,0.0,0.0
2024-04-05 04:00:00,0.0,0.0
2024-04-05 05:00:00,0.0,0.0
2024-04-05 06:00:00,0.0,0.0
2024-04-05 07:00:00,0.0,0.0
2024-04-05 08:00:00,0.0,0.0
2024-04-05 09:00:00,0.0,0.0
2024-04-05 10:00:00,0.1528096580128942,0.1528096580128942
2024-04-05 11:00:00,0.6782805902427597,0.6782805902427597
2024-04-05 12:00:00,1.1630804098458198,1.1630804098458198
2024-04-05 13:00:00,2.1369698641545134,2.1369698641545134
2024-04-05 14:00:00,3.328734362297469,3.328734362297469
2024-04-05 15:00:00,3.51603753456138,3.51603753456138
2024-04-05 16:00:00,4.899692205662886,4.899692205662886
2024-04-05 17:00:00,4.490974324827396,4.490974324827396
2024-04-05 18:00:00,4.729450894500244,4.729450894500244
2024-04-05 19:00:00,4.869255872699631,4.869255872699631
2024-04-05 20:00:00,3.914165539086706,3.914165539086706
2024-04-05 21:00:00,4.237345208908323,4.237345208908323
2024-04-05 22:00:00,0.0,0.0
2024-04-05 23:00:00,0.0,0.0
2024-04-06 00:00:00,0.0,0.0
2024-04-06 01:00:00,0.0,0.0
2024-04-06 02:00:00,0.0,0.0
2024-04-06 03:00:00,0.0,0.0
2024-04-06 04:00:00,0.0,0.0
2024-04-06 05:00:00,0.0,0.0
2024-04-06 06:00:00,0.0,0.0
2024-04-06 07:00:00,0.0,0.0
2024-04-06 08:00:00,0.0,0.0
2024-04-06 09:00:00,0.0,0.0
2024-04-06 10:00:00,0.11947747327376995,0.11947747327376995
2024-04-06 11:00:00,0.4526197134233263,0.4526197134233263
2024-04-06 12:00:00,0.7830392266019799,0.7830392266019799
2024-04-06 13:00:00,1.2830889419765417,1.2830889419765417
2024-04-06 14:00:00,1.9305105297467264,1.9305105297467264
2024-04-06 15:00:00,2.130126540503554,2.130126540503554
2024-04-06 16:00:00,2.9048716681930875,2.9048716681930875
2024-04-06 17:00:00,3.443926507923962,3.443926507923962
2024-04-06 18:00:00,3.1984355412368246,3.1984355412368246
2024-04-06 19:00:00,3.259310304022452,3.259310304022452
2024-04-06 20:00:00,3.0371956677397485,3.0371956677397485
2024-04-06 21:00:00,2.849142718068296,2.849142718068296
2024-04-06 22:00:00,0.0,0.0
2024-04-06 23:00:00,0.0,0.0
2024-04-07 00:00:00,0.0,0.0
2024-04-07 01:00:00,0.0,0.0
2024-04-07 02:00:00,0.0,0.0
2024-04-07 03:00:00,0.0,0.0
2024-04-07 04:00:00,0.0,0.0
2024-04-07 05:00:00,0.0,0.0
2024-04-07 06:00:00,0.0,0.0
2024-04-07 07:00:00,0.0,0.0
2024-04-07 08:00:00,0.0,0.0
2024-04-07 09:00:00,0.0,0.0
2024-04-07 10:00:00,0.10255955966782523,0.10255955966782523
2024-04-07 11:00:00,0.48186740214413537,0.48186740214413537
2024-04-07 12:00:00,0.880795954988491,0.880795954988491
2024-04-07 13:00:00,1.1665493046244408,1.1665493046244408
2024-04-07 14:00:00,2.18094323734895,2.18094323734895
2024-04-07 15:00:00,2.4678489602906017,2.4678489602906017
2024-04-07 16:00:00,2.8916685571784373,2.8916685571784373
2024-04-07 17:00:00,2.9702393228938933,2.9702393228938933
2024-04-07 18:00:00,3.494431881113447,3.494431881113447
2024-04-07 19:00:00,2.5139813612217146,2.5139813612217146
2024-04-07 20:00:00,2.768299082380967,2.768299082380967
2024-04-07 21:00:00,3.1526136679677204,3.1526136679677204
2024-04-07 22:00:00,0.0,0.0
2024-04-07 23:00:00,0.0,0.0
2024-04-08 00:00:00,0.0,0.0
2024-04-08 01:00:00,0.0,0.0
2024-04-08 02:00:00,0.0,0.0
2024-04-08 03:00:00,0.0,0.0
2024-04-08 04:00:00,0.0,0.0
2024-04-08 05:00:00,0.0,0.0
2024-04-08 06:00:00,0.0,0.0
2024-04-08 07:00:00,0.0,0.0
2024-04-08 08:00:00,0.0,0.0
2024-04-08 09:00:00,0.0,0.0
2024-04-08 10:00:00,0.1486143980868607,0.1486143980868607
2024-04-08 11:00:00,0.5547161347715436,0.5547161347715436
2024-04-08 12:00:00,1.2181420257124622,1.2181420257124622
2024-04-08 13:00:00,1.5241792331492672,1.5241792331492672
2024-04-08 14:00:00,2.2700010925968788,2.2700010925968788
2024-04-08 15:00:00,3.1011127768624838,3.1011127768624838
2024-04-08 16:00:00,4.149732629473701,4.149732629473701
2024-04-08 17:00:00,4.73181340132073,4.73181340132073
2024-04-08 18:00:00,4.032357486604436,4.032357486604436
2024-04-08 19:00:00,3.94438180126016,3.94438180126016
2024-04-08 20:00:00,3.570288246912316,3.570288246912316
2024-04-08 21:00:00,3.5404634337257885,3.5404634337257885
2024-04-08 22:00:00,0.0,0.0
2024-04-08 23:00:00,0.0,0.0
2024-04-09 00:00:00,0.0,0.0
2024-04-09 01:00:00,0.0,0.0
2024-04-09 02:00:00,0.0,0.0
2024-04-09 03:00:00,0.0,0.0
2024-04-09 04:00:00,0.0,0.0
2024-04-09 05:00:00,0.0,0.0
2024-04-09 06:00:00,0.0,0.0
2024-04-09 07:00:00,0.0,0.0
2024-04-09 08:00:00,0.0,0.0
2024-04-09 09:00:00,0.0,0.0
2024-04-09 10:00:00,0.15691808989801365,0.15691808989801365
2024-04-09 11:00:00,0.5838791117217347,0.5838791117217347
2024-04-09 12:00:00,1.1239702188689031,1.1239702188689031
2024-04-09 13:00:00,1.9713417817698036,1.9713417817698036
2024-04-09 14:00:00,2.856851953869024,2.856851953869024
2024-04-09 15:00:00,3.021168935905571,3.021168935905571
2024-04-09 16:00:00,3.374338496779274,3.374338496779274
2024-04-09 17:00:00,4.840959636854916,4.840959636854916
2024-04-09 18:00:00,4.933164190240753,4.933164190240753
2024-04-09 19:00:00,3.9716014354456837,3.9716014354456837
2024-04-09 20:00:00,4.131934625064243,4.131934625064243
2024-04-09 21:00:00,3.885813761153203,3.885813761153203
2024-04-09 22:00:00,0.0,0.0
2024-04-09 23:00:00,0.0,0.0
2024-04-10 00:00:00,0.0,0.0
2024-04-10 01:00:00,0.0,0.0
2024-04-10 02:00:00,0.0,0.0
2024-04-10 03:00:00,0.0,0.0
2024-04-10 04:00:00,0.0,0.0
2024-04-10 05:00:00,0.0,0.0
2024-04-10 06:00:00,0.0,0.0
2024-04-10 07:00:00,0.0,0.0
2024-04-10 08:00:00,0.0,0.0
2024-04-10 09:00:00,0.0,0.0
2024-04-10 10:00:00,0.14333288113441484,0.14333288113441484
2024-04-10 11:00:00,0.6017059755166912,0.6017059755166912
2024-04-10 12:00:00,1.361696449667777,1.361696449667777
2024-04-10 13:00:00,2.169181459361425,2.169181459361425
2024-04-10 14:00:00,3.1817412764033732,3.1817412764033732
2024-04-10 15:00:00,3.9121520592217176,3.9121520592217176
2024-04-10 16:00:00,4.583150272995203,4.583150272995203
2024-04-10 17:00:00,5.187744813934331,5.187744813934331
2024-04-10 18:00:00,4.672973084406414,4.672973084406414
2024-04-10 19:00:00,3.9892598357896007,3.9892598357896007
2024-04-10 20:00:00,4.199961097616135,4.199961097616135
2024-04-10 21:00:00,4.655525458123356,4.655525458123356
2024-04-10 22:00:00,0.0,0.0
2024-04-10 23:00:00,0.0,0.0
2024-04-11 00:00:00,0.0,0.0
2024-04-11 01:00:00,0.0,0.0
2024-04-11 02:00:00,0.0,0.0
2024-04-11 03:00:00,0.0,0.0
2024-04-11 04:00:00,0.0,0.0
2024-04-11 05:00:00,0.0,0.0
2024-04-11 06:00:00,0.0,0.0
2024-04-11 07:00:00,0.0,0.0
2024-04-11 08:00:00,0.0,0.0
2024-04-11 09:00:00,0.0,0.0
2024-04-11 10:00:00,0.1651041103968755,0.1651041103968755
2024-04-11 11:00:00,0.574450966869836,0.574450966869836
2024-04-11 12:00:00,1.123403302011488,1.123403302011488
2024-04-11 13:00:00,2.0694865850369304,2.0694865850369304
2024-04-11 14:00:00,2.838125854654758,2.838125854654758
2024-04-11 15:00:00,3.4685871619250914,3.4685871619250914
2024-04-11 16:00:00,3.913703250958369,3.913703250958369
2024-04-11 17:00:00,4.851323993814758,4.851323993814758
2024-04-11 18:00:00,4.617057124325705,4.617057124325705
2024-04-11 19:00:00,3.6271386077605765,3.6271386077605765
2024-04-11 20:00:00,4.484345834151127,4.484345834151127
2024-04-11 21:00:00,4.325608955688898,4.325608955688898
2024-04-11 22:00:00,0.0,0.0
2024-04-11 23:00:00,0.0,0.0
2024-04-12 00:00:00,0.0,0.0
2024-04-12 01:00:00,0.0,0.0
2024-04-12 02:00:00,0.0,0.0
2024-04-12 03:00:00,0.0,0.0
2024-04-12 04:00:00,0.0,0.0
2024-04-12 05:00:00,0.0,0.0
2024-04-12 06:00:00,0.0,0.0
2024-04-12 07:00:00,0.0,0.0
2024-04-12 08:00:00,0.0,0.0
2024-04-12 09:00:00,0.0,0.0
2024-04-12 10:00:00,0.16156256815841036,0.16156256815841036
2024-04-12 11:00:00,0.630966260478228,0.630966260478228
2024-04-12 12:00:00,1.3790078005639705,1.3790078005639705
2024-04-12 13:00:00,1.7682684286686141,1.7682684286686141
2024-04-12 14:00:00,2.4799715507585645,2.4799715507585645
2024-04-12 15:00:00,3.0620849890598265,3.0620849890598265
2024-04-12 16:00:00,4.757829669203557,4.757829669203557
2024-04-12 17:00:00,4.314684511274192,4.314684511274192
2024-04-12 18:00:00,4.9215685974416035,4.9215685974416035
2024-04-12 19:00:00,4.505534720509418,4.505534720509418
2024-04-12 20:00:00,4.542743973076125,4.542743973076125
2024-04-12 21:00:00,3.5932251223677736,3.5932251223677736
2024-04-12 22:00:00,0.0,0.0
2024-04-12 23:00:00,0.0,0.0
2024-04-13 00:00:00,0.0,0.0
2024-04-13 01:00:00,0.0,0.0
2024-04-13 02:00:00,0.0,0.0
2024-04-13 03:00:00,0.0,0.0
2024-04-13 04:00:00,0.0,0.0
2024-04-13 05:00:00,0.0,0.0
2024-04-13 06:00:00,0.0,0.0
2024-04-13 07:00:00,0.0,0.0
2024-04-13 08:00:00,0.0,0.0
2024-04-13 09:00:00,0.0,0.0
2024-04-13 10:00:00,0.10077520837270992,0.10077520837270992
2024-04-13 11:00:00,0.4015409850383668,0.4015409850383668
2024-04-13 12:00:00,0.7435846181960182,0.7435846181960182
2024-04-13 13:00:00,1.2808462304443753,1.2808462304443753
2024-04-13 14:00:00,2.14186752798673,2.14186752798673
2024-04-13 15:00:00,2.3237021736259633,2.3237021736259633
2024-04-13 16:00:00,3.0792819411066867,3.0792819411066867
2024-04-13 17:00:00,2.9918957512487663,2.9918957512487663
2024-04-13 18:00:00,3.1411800535787977,3.1411800535787977
2024-04-13 19:00:00,2.8890016896680386,2.8890016896680386
2024-04-13 20:00:00,2.939884116923377,2.939884116923377
2024-04-13 21:00:00,2.643750705449579,2.643750705449579
2024-04-13 22:00:00,0.0,0.0
2024-04-13 23:00:00,0.0,0.0
2024-04-14 00:00:00,0.0,0.0
2024-04-14 01:00:00,0.0,0.0
2024-04-14 02:00:00,0.0,0.0
2024-04-14 03:00:00,0.0,0.0
2024-04-14 04:00:00,0.0,0.0
2024-04-14 05:00:00,0.0,0.0
2024-04-14 06:00:00,0.0,0.0
2024-04-14 07:00:00,0.0,0.0
2024-04-14 08:00:00,0.0,0.0
2024-04-14 09:00:00,0.0,0.0
2024-04-14 10:00:00,0.09583808566254587,0.09583808566254587
2024-04-14 11:00:00,0.3835180287638349,0.3835180287638349
2024-04-14 12:00:00,0.9214130222926818,0.9214130222926818
2024-04-14 13:00:00,1.3440654820498705,1.3440654820498705
2024-04-14 14:00:00,1.7970556321102535,1.7970556321102535
2024-04-14 15:00:00,2.4877887035196564,2.4877887035196564
2024-04-14 16:00:00,2.7153158418580907,2.7153158418580907
2024-04-14 17:00:00,2.96274670374765,2.96274670374765
2024-04-14 18:00:00,3.448092042516872,3.448092042516872
2024-04-14 19:00:00,2.8878962603639775,2.8878962603639775
2024-04-14 20:00:00,2.740326021180985,2.740326021180985
2024-04-14 21:00:00,2.8228732098783254,2.8228732098783254
2024-04-14 22:00:00,0.0,0.0
2024-04-14 23:00:00,0.0,0.0
2024-04-15 00:00:00,0.0,0.0
2024-04-15 01:00:00,0.0,0.0
2024-04-15 02:00:00,0.0,0.0
2024-04-15 03:00:00,0.0,0.0
2024-04-15 04:00:00,0.0,0.0
2024-04-15 05:00:00,0.0,0.0
2024-04-15 06:00:00,0.0,0.0
2024-04-15 07:00:00,0.0,0.0
2024-04-15 08:00:00,0.0,0.0
2024-04-15 09:00:00,0.0,0.0
2024-04-15 10:00:00,0.15188452804553698,0.15188452804553698
2024-04-15 11:00:00,0.6480321574326781,0.6480321574326781
2024-04-15 12:00:00,1.0388989899610825,1.0388989899610825
2024-04-15 13:00:00,1.87192069471644,1.87192069471644
2024-04-15 14:00:00,2.8633982706170094,2.8633982706170094
2024-04-15 15:00:00,2.9628732993769358,2.9628732993769358
2024-04-15 16:00:00,3.4976337974076444,3.4976337974076444
2024-04-15 17:00:00,4.562655076703271,4.562655076703271
2024-04-15 18:00:00,4.4884953704708845,4.4884953704708845
2024-04-15 19:00:00,4.144778035835297,4.144778035835297
2024-04-15 20:00:00,3.627309013660135,3.627309013660135
2024-04-15 21:00:00,3.6388664178283303,3.6388664178283303
2024-04-15 22:00:00,0.0,0.0
2024-04-15 23:00:00,0.0,0.0
2024-04-16 00:00:00,0.0,0.0
2024-04-16 01:00:00,0.0,0.0
2024-04-16 02:00:00,0.0,0.0
2024-04-16 03:00:00,0.0,0.0
2024-04-16 04:00:00,0.0,0.0
2024-04-16 05:00:00,0.0,0.0
2024-04-16 06:00:00,0.0,0.0
2024-04-16 07:00:00,0.0,0.0
2024-04-16 08:00:00,0.0,0.0
2024-04-16 09:00:00,0.0,0.0
2024-04-16 10:00:00,0.1485806619117098,0.1485806619117098
2024-04-16 11:00:00,0.6653624672161187,0.6653624672161187
2024-04-16 12:00:00,1.2856887861171182,1.2856887861171182
2024-04-16 13:00:00,2.2451407789045357,2.2451407789045357
2024-04-16 14:00:00,3.372167157414972,3.372167157414972
2024-04-16 15:00:00,3.7786336348659946,3.7786336348659946
2024-04-16 16:00:00,4.002887514904224,4.002887514904224
2024-04-16 17:00:00,4.718162342907523,4.718162342907523
2024-04-16 18:00:00,4.454214517388385,4.454214517388385
2024-04-16 19:00:00,5.141336956378367,5.141336956378367
2024-04-16 20:00:00,4.000409697054151,4.000409697054151
2024-04-16 21:00:00,5.2076978710585236,5.2076978710585236
2024-04-16 22:00:00,0.0,0.0
2024-04-16 23:00:00,0.0,0.0
2024-04-17 00:00:00,0.0,0.0
2024-04-17 01:00:00,0.0,0.0
2024-04-17 02:00:00,0.0,0.0
2024-04-17 03:00:00,0.0,0.0
2024-04-17 04:00:00,0.0,0.0
2024-04-17 05:00:00,0.0,0.0
2024-04-17 06:00:00,0.0,0.0
2024-04-17 07:00:00,0.0,0.0
2024-04-17 08:00:00,0.0,0.0
2024-04-17 09:00:00,0.0,0.0
2024-04-17 10:00:00,0.1787939191462588,0.1787939191462588
2024-04-17 11:00:00,0.6695530790802706,0.6695530790802706
2024-04-17 12:00:00,1.1622543873689941,1.1622543873689941
2024-04-17 13:00:00,2.0214182475868383,2.0214182475868383
2024-04-17 14:00:00,2.4716597075881173,2.4716597075881173
2024-04-17 15:00:00,3.189193945389536,3.189193945389536
2024-04-17 16:00:00,4.6651879039912645,4.6651879039912645
2024-04-17 17:00:00,4.2322729299841235,4.2322729299841235
2024-04-17 18:00:00,4.474133464615714,4.474133464615714
2024-04-17 19:00:00,3.5272307025081893,3.5272307025081893
2024-04-17 20:00:00,3.5609550786322375,3.5609550786322375
2024-04-17 21:00:00,3.7671450262755366,3.7671450262755366
2024-04-17 22:00:00,0.0,0.0
2024-04-17 23:00:00,0.0,0.0
2024-04-18 00:00:00,0.0,0.0
2024-04-18 01:00:00,0.0,0.0
2024-04-18 02:00:00,0.0,0.0
2024-04-18 03:00:00,0.0,0.0
2024-04-18 04:00:00,0.0,0.0
2024-04-18 05:00:00,0.0,0.0
2024-04-18 06:00:00,0.0,0.0
2024-04-18 07:00:00,0.0,0.0
2024-04-18 08:00:00,0.0,0.0
2024-04-18 09:00:00,0.0,0.0
2024-04-18 10:00:00,0.15373980795884817,0.15373980795884817
2024-04-18 11:00:00,0.6797301679625056,0.6797301679625056
2024-04-18 12:00:00,1.1532786655327987,1.1532786655327987
2024-04-18 13:00:00,2.0581771825972246,2.0581771825972246
2024-04-18 14:00:00,3.197239500306648,3.197239500306648
2024-04-18 15:00:00,3.774331110542985,3.774331110542985
2024-04-18 16:00:00,3.9989474947569192,3.9989474947569192
2024-04-18 17:00:00,4.969167937827433,4.969167937827433
2024-04-18 18:00:00,4.925348273997828,4.925348273997828
2024-04-18 19:00:00,4.85812030677096,4.85812030677096
2024-04-18 20:00:00,4.380370349635766,4.380370349635766
2024-04-18 21:00:00,4.359558433885746,4.359558433885746
2024-04-18 22:00:00,0.0,0.0
2024-04-18 23:00:00,0.0,0.0
2024-04-19 00:00:00,0.0,0.0
2024-04-19 01:00:00,0.0,0.0
2024-04-19 02:00:00,0.0,0.0
2024-04-19 03:00:00,0.0,0.0
2024-04-19 04:00:00,0.0,0.0
2024-04-19 05:00:00,0.0,0.0
2024-04-19 06:00:00,0.0,0.0
2024-04-19 07:00:00,0.0,0.0
2024-04-19 08:00:00,0.0,0.0
2024-04-19 09:00:00,0.0,0.0
2024-04-19 10:00:00,0.18428954216151044,0.18428954216151044
2024-04-19 11:00:00,0.5500825113507232,0.5500825113507232
2024-04-19 12:00:00,1.2804244750382765,1.2804244750382765
2024-04-19 13:00:00,1.92836820183676,1.92836820183676
2024-04-19 14:00:00,2.494524215831622,2.494524215831622
2024-04-19 15:00:00,3.0755547818626328,3.0755547818626328
2024-04-19 16:00:00,3.8274656902710045,3.8274656902710045
2024-04-19 17:00:00,4.140613501172939,4.140613501172939
2024-04-19 18:00:00,5.356407976119481,5.356407976119481
2024-04-19 19:00:00,4.769348597575224,4.769348597575224
2024-04-19 20:00:00,4.685124385773879,4.685124385773879
2024-04-19 21:00:00,4.87588219658404,4.87588219658404
2024-04-19 22:00:00,0.0,0.0
2024-04-19 23:00:00,0.0,0.0
2024-04-20 00:00:00,0.0,0.0
2024-04-20 01:00:00,0.0,0.0
2024-04-20 02:00:00,0.0,0.0
2024-04-20 03:00:00,0.0,0.0
2024-04-20 04:00:00,0.0,0.0
2024-04-20 05:00:00,0.0,0.0
2024-04-20 06:00:00,0.0,0.0
2024-04-20 07:00:00,0.0,0.0
2024-04-20 08:00:00,0.0,0.0
2024-04-20 09:00:00,0.0,0.0
2024-04-20 10:00:00,0.10957919275901794,0.10957919275901794
2024-04-20 11:00:00,0.3959816912973831,0.3959816912973831
2024-04-20 12:00:00,0.8093134209342027,0.8093134209342027
2024-04-20 13:00:00,1.3299545290696906,1.3299545290696906
2024-04-20 14:00:00,1.8936130155653261,1.8936130155653261
2024-04-20 15:00:00,2.5149430573031593,2.5149430573031593
2024-04-20 16:00:00,2.7815617922567046,2.7815617922567046
2024-04-20 17:00:00,3.551514077279828,3.551514077279828
2024-04-20 18:00:00,3.4105077602392297,3.4105077602392297
2024-04-20 19:00:00,3.05846285323676,3.05846285323676
2024-04-20 20:00:00,2.9588125012013764,2.9588125012013764
2024-04-20 21:00:00,2.8685694261892087,2.8685694261892087
2024-04-20 22:00:00,0.0,0.0
2024-04-20 23:00:00,0.0,0.0
2024-04-21 00:00:00,0.0,0.0
2024-04-21 01:00:00,0.0,0.0
2024-04-21 02:00:00,0.0,0.0
2024-04-21 03:00:00,0.0,0.0
2024-04-21 04:00:00,0.0,0.0
2024-04-21 05:00:00,0.0,0.0
2024-04-21 06:00:00,0.0,0.0
2024-04-21 07:00:00,0.0,0.0
2024-04-21 08:00:00,0.0,0.0
2024-04-21 09:00:00,0.0,0.0
2024-04-21 10:00:00,0.11924430650715868,0.11924430650715868
2024-04-21 11:00:00,0.34631988265841557,0.34631988265841557
2024-04-21 12:00:00,0.8074903843550443,0.8074903843550443
2024-04-21 13:00:00,1.1294168919520724,1.1294168919520724
2024-04-21 14:00:00,1.812842922250753,1.812842922250753
2024-04-21 15:00:00,1.900327095542517,1.900327095542517
2024-04-21 16:00:00,2.405877914837513,2.405877914837513
2024-04-21 17:00:00,3.3203853680360518,3.3203853680360518
2024-04-21 18:00:00,3.2333987593292455,3.2333987593292455
2024-04-21 19:00:00,2.499326080079947,2.499326080079947
2024-04-21 20:00:00,3.073990558629129,3.073990558629129
2024-04-21 21:00:00,2.9398790602399383,2.9398790602399383
2024-04-21 22:00:00,0.0,0.0
2024-04-21 23:00:00,0.0,0.0
2024-04-22 00:00:00,0.0,0.0
2024-04-22 01:00:00,0.0,0.0
2024-04-22 02:00:00,0.0,0.0
2024-04-22 03:00:00,0.0,0.0
2024-04-22 04:00:00,0.0,0.0
2024-04-22 05:00:00,0.0,0.0
2024-04-22 06:00:00,0.0,0.0
2024-04-22 07:00:00,0.0,0.0
2024-04-22 08:00:00,0.0,0.0
2024-04-22 09:00:00,0.0,0.0
2024-04-22 10:00:00,0.12986484645290822,0.12986484645290822
2024-04-22 11:00:00,0.558442936605386,0.558442936605386
2024-04-22 12:00:00,1.2282422836183773,1.2282422836183773
2024-04-22 13:00:00,2.05789490059027,2.05789490059027
2024-04-22 14:00:00,2.9423644633960513,2.9423644633960513
2024-04-22 15:00:00,2.807721740125248,2.807721740125248
2024-04-22 16:00:00,4.466381965656126,4.466381965656126
2024-04-22 17:00:00,4.917722124172567,4.917722124172567
2024-04-22 18:00:00,4.0074879372101915,4.0074879372101915
2024-04-22 19:00:00,4.4280514431766544,4.4280514431766544
2024-04-22 20:00:00,4.176517762538283,4.176517762538283
2024-04-22 21:00:00,4.318170378621518,4.318170378621518
2024-04-22 22:00:00,0.0,0.0
2024-04-22 23:00:00,0.0,0.0
2024-04-23 00:00:00,0.0,0.0
2024-04-23 01:00:00,0.0,0.0
2024-04-23 02:00:00,0.0,0.0
2024-04-23 03:00:00,0.0,0.0
2024-04-23 04:00:00,0.0,0.0
2024-04-23 05:00:00,0.0,0.0
2024-04-23 06:00:00,0.0,0.0
2024-04-23 07:00:00,0.0,0.0
2024-04-23 08:00:00,0.0,0.0
2024-04-23 09:00:00,0.0,0.0
2024-04-23 10:00:00,0.1584235490776241,0.1584235490776241
2024-04-23 11:00:00,0.6648882357718134,0.6648882357718134
2024-04-23 12:00:00,1.3078039396195962,1.3078039396195962
2024-04-23 13:00:00,2.176267058709672,2.176267058709672
2024-04-23 14:00:00,3.174396744852354,3.174396744852354
2024-04-23 15:00:00,3.5029151490719728,3.5029151490719728
2024-04-23 16:00:00,3.782771589180065,3.782771589180065
2024-04-23 17:00:00,4.442792926341652,4.442792926341652
2024-04-23 18:00:00,4.6474138633176105,4.6474138633176105
2024-04-23 19:00:00,4.463389338899667,4.463389338899667
2024-04-23 20:00:00,4.719831457643574,4.719831457643574
2024-04-23 21:00:00,5.0084619106715955,5.0084619106715955
2024-04-23 22:00:00,0.0,0.0
2024-04-23 23:00:00,0.0,0.0
2024-04-24 00:00:00,0.0,0.0
2024-04-24 01:00:00,0.0,0.0
2024-04-24 02:00:00,0.0,0.0
2024-04-24 03:00:00,0.0,0.0
2024-04-24 04:00:00,0.0,0.0
2024-04-24 05:00:00,0.0,0.0
2024-04-24 06:00:00,0.0,0.0
2024-04-24 07:00:00,0.0,0.0
2024-04-24 08:00:00,0.0,0.0
2024-04-24 09:00:00,0.0,0.0
2024-04-24 10:00:00,0.1847833994593746,0.1847833994593746
2024-04-24 11:00:00,0.7112624537630527,0.7112624537630527
2024-04-24 12:00:00,1.269744694039048,1.269744694039048
2024-04-24 13:00:00,1.8338191603578378,1.8338191603578378
2024-04-24 14:00:00,2.500599269221598,2.500599269221598
2024-04-24 15:00:00,2.896203902516923,2.896203902516923
2024-04-24 16:00:00,4.129457321439146,4.129457321439146
2024-04-24 17:00:00,5.175614591943064,5.175614591943064
2024-04-24 18:00:00,5.349952420812916,5.349952420812916
2024-04-24 19:00:00,3.7528475040161693,3.7528475040161693
2024-04-24 20:00:00,4.178354990020619,4.178354990020619
2024-04-24 21:00:00,4.255805651044265,4.255805651044265
2024-04-24 22:00:00,0.0,0.0
2024-04-24 23:00:00,0.0,0.0
2024-04-25 00:00:00,0.0,0.0
2024-04-25 01:00:00,0.0,0.0
2024-04-25 02:00:00,0.0,0.0
2024-04-25 03:00:00,0.0,0.0
2024-04-25 04:00:00,0.0,0.0
2024-04-25 05:00:00,0.0,0.0
2024-04-25 06:00:00,0.0,0.0
2024-04-25 07:00:00,0.0,0.0
2024-04-25 08:00:00,0.0,0.0
2024-04-25 09:00:00,0.0,0.0
2024-04-25 10:00:00,0.17040268394707392,0.17040268394707392
2024-04-25 11:00:00,0.7499846852540004,0.7499846852540004
2024-04-25 12:00:00,1.2141552822863606,1.2141552822863606
2024-04-25 13:00:00,2.06148127084735,2.06148127084735
2024-04-25 14:00:00,2.7479329956218397,2.7479329956218397
2024-04-25 15:00:00,3.3768777829736476,3.3768777829736476
2024-04-25 16:00:00,5.002665144407747,5.002665144407747
2024-04-25 17:00:00,5.381407318810424,5.381407318810424
2024-04-25 18:00:00,5.1712163206876065,5.1712163206876065
2024-04-25 19:00:00,3.9209045012834967,3.9209045012834967
2024-04-25 20:00:00,4.909733640834147,4.909733640834147
2024-04-25 21:00:00,4.232842024606146,4.232842024606146
2024-04-25 22:00:00,0.0,0.0
2024-04-25 23:00:00,0.0,0.0
2024-04-26 00:00:00,0.0,0.0
2024-04-26 01:00:00,0.0,0.0
2024-04-26 02:00:00,0.0,0.0
2024-04-26 03:00:00,0.0,0.0
2024-04-26 04:00:00,0.0,0.0
2024-04-26 05:00:00,0.0,0.0
2024-04-26 06:00:00,0.0,0.0
2024-04-26 07:00:00,0.0,0.0
2024-04-26 08:00:00,0.0,0.0
2024-04-26 09:00:00,0.0,0.0
2024-04-26 10:00:00,0.14055339834168115,0.14055339834168115
2024-04-26 11:00:00,0.613014441088976,0.613014441088976
2024-04-26 12:00:00,1.1125337440933336,1.1125337440933336
2024-04-26 13:00:00,1.6180903867997585,1.6180903867997585
2024-04-26 14:00:00,2.687765594461089,2.687765594461089
2024-04-26 15:00:00,3.3312920924592384,3.3312920924592384
2024-04-26 16:00:00,4.458132106777133,4.458132106777133
2024-04-26 17:00:00,4.590260212693865,4.590260212693865
2024-04-26 18:00:00,5.273009473776202,5.273009473776202
2024-04-26 19:00:00,3.7340584181517023,3.7340584181517023
2024-04-26 20:00:00,4.128644305927221,4.128644305927221
2024-04-26 21:00:00,3.8611990944049603,3.8611990944049603
2024-04-26 22:00:00,0.0,0.0
2024-04-26 23:00:00,0.0,0.0
2024-04-27 00:00:00,0.0,0.0
2024-04-27 01:00:00,0.0,0.0
2024-04-27 02:00:00,0.0,0.0
2024-04-27 03:00:00,0.0,0.0
2024-04-27 04:00:00,0.0,0.0
2024-04-27 05:00:00,0.0,0.0
2024-04-27 06:00:00,0.0,0.0
2024-04-27 07:00:00,0.0,0.0
2024-04-27 08:00:00,0.0,0.0
2024-04-27 09:00:00,0.0,0.0
2024-04-27 10:00:00,0.12724760602316065,0.12724760602316065
2024-04-27 11:00:00,0.45243541583665203,0.45243541583665203
2024-04-27 12:00:00,0.9504473338177314,0.9504473338177314
2024-04-27 13:00:00,1.1982096151789023,1.1982096151789023
2024-04-27 14:00:00,2.4081322250363906,2.4081322250363906
2024-04-27 15:00:00,2.2210094527864204,2.2210094527864204
2024-04-27 16:00:00,2.943559552970529,2.943559552970529
2024-04-27 17:00:00,3.9413235209347763,3.9413235209347763
2024-04-27 18:00:00,3.6810393411195483,3.6810393411195483
2024-04-27 19:00:00,3.0597937848596013,3.0597937848596013
2024-04-27 20:00:00,3.3876327415128515,3.3876327415128515
2024-04-27 21:00:00,2.6907665082833168,2.6907665082833168
2024-04-27 22:00:00,0.0,0.0
2024-04-27 23:00:00,0.0,0.0
2024-04-28 00:00:00,0.0,0.0
2024-04-28 01:00:00,0.0,0.0
2024-04-28 02:00:00,0.0,0.0
2024-04-28 03:00:00,0.0,0.0
2024-04-28 04:00:00,0.0,0.0
2024-04-28 05:00:00,0.0,0.0
2024-04-28 06:00:00,0.0,0.0
2024-04-28 07:00:00,0.0,0.0
2024-04-28 08:00:00,0.0,0.0
2024-04-28 09:00:00,0.0,0.0
2024-04-28 10:00:00,0.11834337854266112,0.11834337854266112
2024-04-28 11:00:00,0.44555006972903405,0.44555006972903405
2024-04-28 12:00:00,0.891054581677336,0.891054581677336
2024-04-28 13:00:00,1.3062209274508783,1.3062209274508783
2024-04-28 14:00:00,2.170068689200223,2.170068689200223
2024-04-28 15:00:00,2.2983299022589563,2.2983299022589563
2024-04-28 16:00:00,2.7139910688161097,2.7139910688161097
2024-04-28 17:00:00,2.8630956090948443,2.8630956090948443
2024-04-28 18:00:00,3.4122229355916143,3.4122229355916143
2024-04-28 19:00:00,2.6578989695673663,2.6578989695673663
2024-04-28 20:00:00,3.0113402795525106,3.0113402795525106
2024-04-28 21:00:00,3.216199394958979,3.216199394958979
2024-04-28 22:00:00,0.0,0.0
2024-04-28 23:00:00,0.0,0.0
2024-04-29 00:00:00,0.0,0.0
2024-04-29 01:00:00,0.0,0.0
2024-04-29 02:00:00,0.0,0.0
2024-04-29 03:00:00,0.0,0.0
2024-04-29 04:00:00,0.0,0.0
2024-04-29 05:00:00,0.0,0.0
2024-04-29 06:00:00,0.0,0.0
2024-04-29 07:00:00,0.0,0.0
2024-04-29 08:00:00,0.0,0.0
2024-04-29 09:00:00,0.0,0.0
2024-04-29 10:00:00,0.12609779062066487,0.12609779062066487
2024-04-29 11:00:00,0.5530670979007152,0.5530670979007152
2024-04-29 12:00:00,1.1993796159715595,1.1993796159715595
2024-04-29 13:00:00,1.894040728260512,1.894040728260512
2024-04-29 14:00:00,2.6053825955191807,2.6053825955191807
2024-04-29 15:00:00,3.156721118710102,3.156721118710102
2024-04-29 16:00:00,4.1833119073436,4.1833119073436
2024-04-29 17:00:00,4.8580458293548325,4.8580458293548325
2024-04-29 18:00:00,4.487648510092047,4.487648510092047
2024-04-29 19:00:00,4.0360587804462185,4.0360587804462185
2024-04-29 20:00:00,3.363750365092219,3.363750365092219
2024-04-29 21:00:00,3.786171275672357,3.786171275672357
2024-04-29 22:00:00,0.0,0.0
2024-04-29 23:00:00,0.0,0.0
2024-04-30 00:00:00,0.0,0.0
2024-04-30 01:00:00,0.0,0.0
2024-04-30 02:00:00,0.0,0.0
2024-04-30 03:00:00,0.0,0.0
2024-04-30 04:00:00,0.0,0.0
2024-04-30 05:00:00,0.0,0.0
2024-04-30 06:00:00,0.0,0.0
2024-04-30 07:00:00,0.0,0.0
2024-04-30 08:00:00,0.0,0.0
2024-04-30 09:00:00,0.0,0.0
2024-04-30 10:00:00,0.17144666021030733,0.17144666021030733
2024-04-30 11:00:00,0.5850473392213063,0.5850473392213063
2024-04-30 12:00:00,1.1584255214567525,1.1584255214567525
2024-04-30 13:00:00,1.5986656065843574,1.5986656065843574
2024-04-30 14:00:00,2.5199504050094688,2.5199504050094688
2024-04-30 15:00:00,3.328130878124205,3.328130878124205
2024-04-30 16:00:00,3.564383579966902,3.564383579966902
2024-04-30 17:00:00,5.074966128283529,5.074966128283529
2024-04-30 18:00:00,4.072641029663761,4.072641029663761
2024-04-30 19:00:00,3.4457532481626045,3.4457532481626045
2024-04-30 20:00:00,3.6258655847605636,3.6258655847605636
2024-04-30 21:00:00,3.4542866467334874,3.4542866467334874
2024-04-30 22:00:00,0.0,0.0
2024-04-30 23:00:00,0.0,0.0
2024-05-01 00:00:00,0.0,0.0
2024-05-01 01:00:00,0.0,0.0
2024-05-01 02:00:00,0.0,0.0
2024-05-01 03:00:00,0.0,0.0
2024-05-01 04:00:00,0.0,0.0
2024-05-01 05:00:00,0.0,0.0
2024-05-01 06:00:00,0.0,0.0
2024-05-01 07:00:00,0.0,0.0
2024-05-01 08:00:00,0.0,0.0
2024-05-01 09:00:00,0.0,0.0
2024-05-01 10:00:00,0.14364892666420542,0.14364892666420542
2024-05-01 11:00:00,0.5030767925074854,0.5030767925074854
2024-05-01 12:00:00,1.0712353522314544,1.0712353522314544
2024-05-01 13:00:00,1.9441712222200451,1.9441712222200451
2024-05-01 14:00:00,2.6527454367696204,2.6527454367696204
2024-05-01 15:00:00,3.211541627818931,3.211541627818931
2024-05-01 16:00:00,3.5600013798529235,3.5600013798529235
2024-05-01 17:00:00,3.9158470384681707,3.9158470384681707
2024-05-01 18:00:00,4.07120625533083,4.07120625533083
2024-05-01 19:00:00,3.882553650817607,3.882553650817607
2024-05-01 20:00:00,4.329909319927434,4.329909319927434
2024-05-01 21:00:00,4.291933302294669,4.291933302294669
2024-05-01 22:00:00,0.0,0.0
2024-05-01 23:00:00,0.0,0.0
2024-05-02 00:00:00,0.0,0.0
2024-05-02 01:00:00,0.0,0.0
2024-05-02 02:00:00,0.0,0.0
2024-05-02 03:00:00,0.0,0.0
2024-05-02 04:00:00,0.0,0.0
2024-05-02 05:00:00,0.0,0.0
2024-05-02 06:00:00,0.0,0.0
2024-05-02 07:00:00,0.0,0.0
2024-05-02 08:00:00,0.0,0.0
2024-05-02 09:00:00,0.0,0.0
2024-05-02 10:00:00,0.1706580205222126,0.1706580205222126
2024-05-02 11:00:00,0.5333791670935981,0.5333791670935981
2024-05-02 12:00:00,1.2282324950526868,1.2282324950526868
2024-05-02 13:00:00,2.019306710302176,2.019306710302176
2024-05-02 14:00:00,2.7599907055827058,2.7599907055827058
2024-05-02 15:00:00,3.1167698754792825,3.1167698754792825
2024-05-02 16:00:00,3.494108535796565,3.494108535796565
2024-05-02 17:00:00,4.736135814518786,4.736135814518786
2024-05-02 18:00:00,4.895977248170157,4.895977248170157
2024-05-02 19:00:00,4.41980533272451,4.41980533272451
2024-05-02 20:00:00,3.5232129419261033,3.5232129419261033
2024-05-02 21:00:00,4.419347023231954,4.419347023231954
2024-05-02 22:00:00,0.0,0.0
2024-05-02 23:00:00,0.0,0.0
2024-05-03 00:00:00,0.0,0.0
2024-05-03 01:00:00,0.0,0.0
2024-05-03 02:00:00,0.0,0.0
2024-05-03 03:00:00,0.0,0.0
2024-05-03 04:00:00,0.0,0.0
2024-05-03 05:00:00,0.0,0.0
2024-05-03 06:00:00,0.0,0.0
2024-05-03 07:00:00,0.0,0.0
2024-05-03 08:00:00,0.0,0.0
2024-05-03 09:00:00,0.0,0.0
2024-05-03 10:00:00,0.16395541521186396,0.16395541521186396
2024-05-03 11:00:00,0.49324355772373674,0.49324355772373674
2024-05-03 12:00:00,1.1191279719949654,1.1191279719949654
2024-05-03 13:00:00,1.7777933900961826,1.7777933900961826
2024-05-03 14:00:00,2.7984911294133163,2.7984911294133163
2024-05-03 15:00:00,3.266772412933458,3.266772412933458
2024-05-03 16:00:00,4.331842956785894,4.331842956785894
2024-05-03 17:00:00,4.10084116850011,4.10084116850011
2024-05-03 18:00:00,3.8491167545961975,3.8491167545961975
2024-05-03 19:00:00,3.498088146953988,3.498088146953988
2024-05-03 20:00:00,4.374947380854959,4.374947380854959
2024-05-03 21:00:00,3.9781626431176234,3.9781626431176234
2024-05-03 22:00:00,0.0,0.0
2024-05-03 23:00:00,0.0,0.0
2024-05-04 00:00:00,0.0,0.0
2024-05-04 01:00:00,0.0,0.0
2024-05-04 02:00:00,0.0,0.0
2024-05-04 03:00:00,0.0,0.0
2024-05-04 04:00:00,0.0,0.0
2024-05-04 05:00:00,0.0,0.0
2024-05-04 06:00:00,0.0,0.0
2024-05-04 07:00:00,0.0,0.0
2024-05-04 08:00:00,0.0,0.0
2024-05-04 09:00:00,0.0,0.0
2024-05-04 10:00:00,0.10787040012100614,0.10787040012100614
2024-05-04 11:00:00,0.49116140642449,0.49116140642449
2024-05-04 12:00:00,0.8524874312905395,0.8524874312905395
2024-05-04 13:00:00,1.2868219682784428,1.2868219682784428
2024-05-04 14:00:00,2.0110415111957716,2.0110415111957716
2024-05-04 15:00:00,2.498852477500487,2.498852477500487
2024-05-04 16:00:00,3.296708336459387,3.296708336459387
2024-05-04 17:00:00,3.7866815531731284,3.7866815531731284
2024-05-04 18:00:00,3.2542553024558027,3.2542553024558027
2024-05-04 19:00:00,2.8619322529724753,2.8619322529724753
2024-05-04 20:00:00,2.753934793257823,2.753934793257823
2024-05-04 21:00:00,3.18946559803578,3.18946559803578
2024-05-04 22:00:00,0.0,0.0
2024-05-04 23:00:00,0.0,0.0
2024-05-05 00:00:00,0.0,0.0
2024-05-05 01:00:00,0.0,0.0
2024-05-05 02:00:00,0.0,0.0
2024-05-05 03:00:00,0.0,0.0
2024-05-05 04:00:00,0.0,0.0
2024-05-05 05:00:00,0.0,0.0
2024-05-05 06:00:00,0.0,0.0
2024-05-05 07:00:00,0.0,0.0
2024-05-05 08:00:00,0.0,0.0
2024-05-05 09:00:00,0.0,0.0
2024-05-05 10:00:00,0.10717565658349831,0.10717565658349831
2024-05-05 11:00:00,0.4748363873079475,0.4748363873079475
2024-05-05 12:00:00,0.9529378091978994,0.9529378091978994
2024-05-05 13:00:00,1.3638795367180498,1.3638795367180498
2024-05-05 14:00:00,2.104914519037609,2.104914519037609
2024-05-05 15:00:00,2.5285224360547573,2.5285224360547573
2024-05-05 16:00:00,3.1235188271251846,3.1235188271251846
2024-05-05 17:00:00,2.999027008186466,2.999027008186466
2024-05-05 18:00:00,3.239610012935272,3.239610012935272
2024-05-05 19:00:00,2.5690054542698473,2.5690054542698473
2024-05-05 20:00:00,3.140328020377156,3.140328020377156
2024-05-05 21:00:00,3.0489038504514503,3.0489038504514503
2024-05-05 22:00:00,0.0,0.0
2024-05-05 23:00:00,0.0,0.0
2024-05-06 00:00:00,0.0,0.0
2024-05-06 01:00:00,0.0,0.0
2024-05-06 02:00:00,0.0,0.0
2024-05-06 03:00:00,0.0,0.0
2024-05-06 04:00:00,0.0,0.0
2024-05-06 05:00:00,0.0,0.0
2024-05-06 06:00:00,0.0,0.0
2024-05-06 07:00:00,0.0,0.0
2024-05-06 08:00:00,0.0,0.0
2024-05-06 09:00:00,0.0,0.0
2024-05-06 10:00:00,0.1467608620939855,0.1467608620939855
2024-05-06 11:00:00,0.5327076393183913,0.5327076393183913
2024-05-06 12:00:00,1.2219673257660322,1.2219673257660322
2024-05-06 13:00:00,2.1522733143204236,2.1522733143204236
2024-05-06 14:00:00,2.9976083243572407,2.9976083243572407
2024-05-06 15:00:00,3.2765774733073454,3.2765774733073454
2024-05-06 16:00:00,4.547271021821263,4.547271021821263
2024-05-06 17:00:00,4.737302639844795,4.737302639844795
2024-05-06 18:00:00,4.561790775534338,4.561790775534338
2024-05-06 19:00:00,4.254342740059696,4.254342740059696
2024-05-06 20:00:00,4.117153691603144,4.117153691603144
2024-05-06 21:00:00,4.337867035869429,4.337867035869429
2024-05-06 22:00:00,0.0,0.0
2024-05-06 23:00:00,0.0,0.0
2024-05-07 00:00:00,0.0,0.0
2024-05-07 01:00:00,0.0,0.0
2024-05-07 02:00:00,0.0,0.0
2024-05-07 03:00:00,0.0,0.0
2024-05-07 04:00:00,0.0,0.0
2024-05-07 05:00:00,0.0,0.0
2024-05-07 06:00:00,0.0,0.0
2024-05-07 07:00:00,0.0,0.0
2024-05-07 08:00:00,0.0,0.0
2024-05-07 09:00:00,0.0,0.0
2024-05-07 10:00:00,0.1652740449174586,0.1652740449174586
2024-05-07 11:00:00,0.6182370294652512,0.6182370294652512
2024-05-07 12:00:00,1.2100010767004332,1.2100010767004332
2024-05-07 13:00:00,1.8504268674199946,1.8504268674199946
2024-05-07 14:00:00,2.721150598428807,2.721150598428807
2024-05-07 15:00:00,3.629325711975866,3.629325711975866
2024-05-07 16:00:00,4.632692559036596,4.632692559036596
2024-05-07 17:00:00,4.941418005283562,4.941418005283562
2024-05-07 18:00:00,4.244790411447084,4.244790411447084
2024-05-07 19:00:00,4.516519405671808,4.516519405671808
2024-05-07 20:00:00,4.4100644177152875,4.4100644177152875
2024-05-07 21:00:00,3.6217264075582305,3.6217264075582305
2024-05-07 22:00:00,0.0,0.0
2024-05-07 23:00:00,0.0,0.0
2024-05-08 00:00:00,0.0,0.0
2024-05-08 01:00:00,0.0,0.0
2024-05-08 02:00:00,0.0,0.0
2024-05-08 03:00:00,0.0,0.0
2024-05-08 04:00:00,0.0,0.0
2024-05-08 05:00:00,0.0,0.0
2024-05-08 06:00:00,0.0,0.0
2024-05-08 07:00:00,0.0,0.0
2024-05-08 08:00:00,0.0,0.0
2024-05-08 09:00:00,0.0,0.0
2024-05-08 10:00:00,0.1667399226406946,0.1667399226406946
2024-05-08 11:00:00,0.6100107808087193,0.6100107808087193
2024-05-08 12:00:00,1.1658987657507087,1.1658987657507087
2024-05-08 13:00:00,2.1939496355081833,2.1939496355081833
2024-05-08 14:00:00,3.406465360915511,3.406465360915511
2024-05-08 15:00:00,3.3050918776930027,3.3050918776930027
2024-05-08 16:00:00,4.163611083721607,4.163611083721607
2024-05-08 17:00:00,4.275021194045504,4.275021194045504
2024-05-08 18:00:00,4.993682018242804,4.993682018242804
2024-05-08 19:00:00,3.6679642333575058,3.6679642333575058
2024-05-08 20:00:00,4.277828101212972,4.277828101212972
2024-05-08 21:00:00,3.8913738932567643,3.8913738932567643
2024-05-08 22:00:00,0.0,0.0
2024-05-08 23:00:00,0.0,0.0
2024-05-09 00:00:00,0.0,0.0
2024-05-09 01:00:00,0.0,0.0
2024-05-09 02:00:00,0.0,0.0
2024-05-09 03:00:00,0.0,0.0
2024-05-09 04:00:00,0.0,0.0
2024-05-09 05:00:00,0.0,0.0
2024-05-09 06:00:00,0.0,0.0
2024-05-09 07:00:00,0.0,0.0
2024-05-09 08:00:00,0.0,0.0
2024-05-09 09:00:00,0.0,0.0
2024-05-09 10:00:00,0.15564972656885048,0.15564972656885048
2024-05-09 11:00:00,0.6257805822837104,0.6257805822837104
2024-05-09 12:00:00,1.0939039028330713,1.0939039028330713
2024-05-09 13:00:00,1.6073879499454986,1.6073879499454986
2024-05-09 14:00:00,2.3372251113933893,2.3372251113933893
2024-05-09 15:00:00,3.4329929214010813,3.4329929214010813
2024-05-09 16:00:00,3.5194757313505884,3.5194757313505884
2024-05-09 17:00:00,4.801455612927817,4.801455612927817
2024-05-09 18:00:00,3.830409006182881,3.830409006182881
2024-05-09 19:00:00,3.208762745926644,3.208762745926644
2024-05-09 20:00:00,3.4467089199925653,3.4467089199925653
2024-05-09 21:00:00,3.8029608811000326,3.8029608811000326
2024-05-09 22:00:00,0.0,0.0
2024-05-09 23:00:00,0.0,0.0
2024-05-10 00:00:00,0.0,0.0
2024-05-10 01:00:00,0.0,0.0
2024-05-10 02:00:00,0.0,0.0
2024-05-10 03:00:00,0.0,0.0
2024-05-10 04:00:00,0.0,0.0
2024-05-10 05:00:00,0.0,0.0
2024-05-10 06:00:00,0.0,0.0
2024-05-10 07:00:00,0.0,0.0
2024-05-10 08:00:00,0.0,0.0
2024-05-10 09:00:00,0.0,0.0
2024-05-10 10:00:00,0.15711777073759128,0.15711777073759128
2024-05-10 11:00:00,0.5250647960120263,0.5250647960120263
2024-05-10 12:00:00,1.135321510695865,1.135321510695865
2024-05-10 13:00:00,2.180423517499918,2.180423517499918
2024-05-10 14:00:00,3.260203218786672,3.260203218786672
2024-05-10 15:00:00,2.8858558989365317,2.8858558989365317
2024-05-10 16:00:00,4.814794371497914,4.814794371497914
2024-05-10 17:00:00,5.110972708302776,5.110972708302776
2024-05-10 18:00:00,3.9586440707060504,3.9586440707060504
2024-05-10 19:00:00,4.635541843328727,4.635541843328727
2024-05-10 20:00:00,4.701806535920521,4.701806535920521
2024-05-10 21:00:00,4.352041712716382,4.352041712716382
2024-05-10 22:00:00,0.0,0.0
2024-05-10 23:00:00,0.0,0.0
2024-05-11 00:00:00,0.0,0.0
2024-05-11 01:00:00,0.0,0.0
2024-05-11 02:00:00,0.0,0.0
2024-05-11 03:00:00,0.0,0.0
2024-05-11 04:00:00,0.0,0.0
2024-05-11 05:00:00,0.0,0.0
2024-05-11 06:00:00,0.0,0.0
2024-05-11 07:00:00,0.0,0.0
2024-05-11 08:00:00,0.0,0.0
2024-05-11 09:00:00,0.0,0.0
2024-05-11 10:00:00,0.10313780963835863,0.10313780963835863
2024-05-11 11:00:00,0.4837369529310001,0.4837369529310001
2024-05-11 12:00:00,0.8915742626308982,0.8915742626308982
2024-05-11 13:00:00,1.293451311663771,1.293451311663771
2024-05-11 14:00:00,2.1657057728781997,2.1657057728781997
2024-05-11 15:00:00,2.1344120825758486,2.1344120825758486
2024-05-11 16:00:00,2.5886613814024253,2.5886613814024253
2024-05-11 17:00:00,2.8861161604294754,2.8861161604294754
2024-05-11 18:00:00,3.3421575103242076,3.3421575103242076
2024-05-11 19:00:00,3.2277791779490963,3.2277791779490963
2024-05-11 20:00:00,2.6547972449244925,2.6547972449244925
2024-05-11 21:00:00,3.166076594140885,3.166076594140885
2024-05-11 22:00:00,0.0,0.0
2024-05-11 23:00:00,0.0,0.0
2024-05-12 00:00:00,0.0,0.0
2024-05-12 01:00:00,0.0,0.0
2024-05-12 02:00:00,0.0,0.0
2024-05-12 03:00:00,0.0,0.0
2024-05-12 04:00:00,0.0,0.0
2024-05-12 05:00:00,0.0,0.0
2024-05-12 06:00:00,0.0,0.0
2024-05-12 07:00:00,0.0,0.0
2024-05-12 08:00:00,0.0,0.0
2024-05-12 09:00:00,0.0,0.0
2024-05-12 10:00:00,0.09996575767378336,0.09996575767378336
2024-05-12 11:00:00,0.46606561469154534,0.46606561469154534
2024-05-12 12:00:00,0.8480428562825246,0.8480428562825246
2024-05-12 13:00:00,1.5251559024063828,1.5251559024063828
2024-05-12 14:00:00,2.0203655007506804,2.0203655007506804
2024-05-12 15:00:00,2.5927887628834956,2.5927887628834956
2024-05-12 16:00:00,2.6531959305852353,2.6531959305852353
2024-05-12 17:00:00,2.9828284599114983,2.9828284599114983
2024-05-12 18:00:00,3.074247819195885,3.074247819195885
2024-05-12 19:00:00,2.6529984057583222,2.6529984057583222
2024-05-12 20:00:00,3.347866727188153,3.347866727188153
2024-05-12 21:00:00,3.245376979405801,3.245376979405801
2024-05-12 22:00:00,0.0,0.0
2024-05-12 23:00:00,0.0,0.0
2024-05-13 00:00:00,0.0,0.0
2024-05-13 01:00:00,0.0,0.0
2024-05-13 02:00:00,0.0,0.0
2024-05-13 03:00:00,0.0,0.0
2024-05-13 04:00:00,0.0,0.0
2024-05-13 05:00:00,0.0,0.0
2024-05-13 06:00:00,0.0,0.0
2024-05-13 07:00:00,0.0,0.0
2024-05-13 08:00:00,0.0,0.0
2024-05-13 09:00:00,0.0,0.0
2024-05-13 10:00:00,0.15129225835052362,0.15129225835052362
2024-05-13 11:00:00,0.6410853481912696,0.6410853481912696
2024-05-13 12:00:00,1.2254825280762365,1.2254825280762365
2024-05-13 13:00:00,1.655656580184303,1.655656580184303
2024-05-13 14:00:00,2.5107722326305595,2.5107722326305595
2024-05-13 15:00:00,3.529784562796286,3.529784562796286
2024-05-13 16:00:00,4.497322776731929,4.497322776731929
2024-05-13 17:00:00,4.139118076175142,4.139118076175142
2024-05-13 18:00:00,5.052207857605254,5.052207857605254
2024-05-13 19:00:00,3.923702598407453,3.923702598407453
2024-05-13 20:00:00,3.5876519252252193,3.5876519252252193
2024-05-13 21:00:00,3.9719990431769503,3.9719990431769503
2024-05-13 22:00:00,0.0,0.0
2024-05-13 23:00:00,0.0,0.0
2024-05-14 00:00:00,0.0,0.0
2024-05-14 01:00:00,0.0,0.0
2024-05-14 02:00:00,0.0,0.0
2024-05-14 03:00:00,0.0,0.0
2024-05-14 04:00:00,0.0,0.0
2024-05-14 05:00:00,0.0,0.0
2024-05-14 06:00:00,0.0,0.0
2024-05-14 07:00:00,0.0,0.0
2024-05-14 08:00:00,0.0,0.0
2024-05-14 09:00:00,0.0,0.0
2024-05-14 10:00:00,0.1538270088825969,0.1538270088825969
2024-05-14 11:00:00,0.6346603394746766,0.6346603394746766
2024-05-14 12:00:00,1.0628846717842844,1.0628846717842844
2024-05-14 13:00:00,1.7907266058560363,1.7907266058560363
2024-05-14 14:00:00,2.5792188034725028,2.5792188034725028
2024-05-14 15:00:00,2.892778057709326,2.892778057709326
2024-05-14 16:00:00,4.497068723891265,4.497068723891265
2024-05-14 17:00:00,4.1263684937238905,4.1263684937238905
2024-05-14 18:00:00,4.146013658636965,4.146013658636965
2024-05-14 19:00:00,3.9092599448441785,3.9092599448441785
2024-05-14 20:00:00,3.8255418115885806,3.8255418115885806
2024-05-14 21:00:00,4.658432746713782,4.658432746713782
2024-05-14 22:00:00,0.0,0.0
2024-05-14 23:00:00,0.0,0.0
2024-05-15 00:00:00,0.0,0.0
2024-05-15 01:00:00,0.0,0.0
2024-05-15 02:00:00,0.0,0.0
2024-05-15 03:00:00,0.0,0.0
2024-05-15 04:00:00,0.0,0.0
2024-05-15 05:00:00,0.0,0.0
2024-05-15 06:00:00,0.0,0.0
2024-05-15 07:00:00,0.0,0.0
2024-05-15 08:00:00,0.0,0.0
2024-05-15 09:00:00,0.0,0.0
2024-05-15 10:00:00,0.16070247928406195,0.16070247928406195
2024-05-15 11:00:00,0.5227844461953256,0.5227844461953256
2024-05-15 12:00:00,0.9841872837376217,0.9841872837376217
2024-05-15 13:00:00,1.8521013678345242,1.8521013678345242
2024-05-15 14:00:00,2.4617592996111513,2.4617592996111513
2024-05-15 15:00:00,3.5022654508736464,3.5022654508736464
2024-05-15 16:00:00,4.432227903622229,4.432227903622229
2024-05-15 17:00:00,3.8601228697608936,3.8601228697608936
2024-05-15 18:00:00,3.938451467777046,3.938451467777046
2024-05-15 19:00:00,3.508998290621388,3.508998290621388
2024-05-15 20:00:00,4.324750913735073,4.324750913735073
2024-05-15 21:00:00,3.4102347056912095,3.4102347056912095
2024-05-15 22:00:00,0.0,0.0
2024-05-15 23:00:00,0.0,0.0
2024-05-16 00:00:00,0.0,0.0
2024-05-16 01:00:00,0.0,0.0
2024-05-16 02:00:00,0.0,0.0
2024-05-16 03:00:00,0.0,0.0
2024-05-16 04:00:00,0.0,0.0
2024-05-16 05:00:00,0.0,0.0
2024-05-16 06:00:00,0.0,0.0
2024-05-16 07:00:00,0.0,0.0
2024-05-16 08:00:00,0.0,0.0
2024-05-16 09:00:00,0.0,0.0
2024-05-16 10:00:00,0.1459104559652874,0.1459104559652874
2024-05-16 11:00:00,0.6818438635387261,0.6818438635387261
2024-05-16 12:00:00,1.3876337770490703,1.3876337770490703
2024-05-16 13:00:00,1.9890015198931124,1.9890015198931124
2024-05-16 14:00:00,3.318838093024696,3.318838093024696
2024-05-16 15:00:00,3.272737346320323,3.272737346320323
2024-05-16 16:00:00,4.4938704747700555,4.4938704747700555
2024-05-16 17:00:00,4.038379722275203,4.038379722275203
2024-05-16 18:00:00,4.370329605381361,4.370329605381361
2024-05-16 19:00:00,4.237254959653307,4.237254959653307
2024-05-16 20:00:00,4.631193551557427,4.631193551557427
2024-05-16 21:00:00,4.7947745707326455,4.7947745707326455
2024-05-16 22:00:00,0.0,0.0
2024-05-16 23:00:00,0.0,0.0
2024-05-17 00:00:00,0.0,0.0
2024-05-17 01:00:00,0.0,0.0
2024-05-17 02:00:00,0.0,0.0
2024-05-17 03:00:00,0.0,0.0
2024-05-17 04:00:00,0.0,0.0
2024-05-17 05:00:00,0.0,0.0
2024-05-17 06:00:00,0.0,0.0
2024-05-17 07:00:00,0.0,0.0
2024-05-17 08:00:00,0.0,0.0
2024-05-17 09:00:00,0.0,0.0
2024-05-17 10:00:00,0.17056187845380003,0.17056187845380003
2024-05-17 11:00:00,0.6662415231314073,0.6662415231314073
2024-05-17 12:00:00,1.2810342412706526,1.2810342412706526
2024-05-17 13:00:00,2.273381480962521,2.273381480962521
2024-05-17 14:00:00,3.323891923610981,3.323891923610981
2024-05-17 15:00:00,3.771416895592444,3.771416895592444
2024-05-17 16:00:00,4.195202974000436,4.195202974000436
2024-05-17 17:00:00,4.914506875261397,4.914506875261397
2024-05-17 18:00:00,5.419171065341182,5.419171065341182
2024-05-17 19:00:00,4.898843577077177,4.898843577077177
2024-05-17 20:00:00,4.987063791655101,4.987063791655101
2024-05-17 21:00:00,4.710803516571177,4.710803516571177
2024-05-17 22:00:00,0.0,0.0
2024-05-17 23:00:00,0.0,0.0
2024-05-18 00:00:00,0.0,0.0
2024-05-18 01:00:00,0.0,0.0
2024-05-18 02:00:00,0.0,0.0
2024-05-18 03:00:00,0.0,0.0
2024-05-18 04:00:00,0.0,0.0
2024-05-18 05:00:00,0.0,0.0
2024-05-18 06:00:00,0.0,0.0
2024-05-18 07:00:00,0.0,0.0
2024-05-18 08:00:00,0.0,0.0
2024-05-18 09:00:00,0.0,0.0
2024-05-18 10:00:00,0.11645253629919644,0.11645253629919644
2024-05-18 11:00:00,0.3841880273946641,0.3841880273946641
2024-05-18 12:00:00,0.9789621861921307,0.9789621861921307
2024-05-18 13:00:00,1.5652268992731349,1.5652268992731349
2024-05-18 14:00:00,2.249579997516948,2.249579997516948
2024-05-18 15:00:00,2.0642391913641354,2.0642391913641354
2024-05-18 16:00:00,3.2570902939610007,3.2570902939610007
2024-05-18 17:00:00,3.1439175683716107,3.1439175683716107
2024-05-18 18:00:00,3.8073355118075405,3.8073355118075405
2024-05-18 19:00:00,2.5757093272938953,2.5757093272938953
2024-05-18 20:00:00,2.6058358200208054,2.6058358200208054
2024-05-18 21:00:00,2.7235227620646563,2.7235227620646563
2024-05-18 22:00:00,0.0,0.0
2024-05-18 23:00:00,0.0,0.0
2024-05-19 00:00:00,0.0,0.0
2024-05-19 01:00:00,0.0,0.0
2024-05-19 02:00:00,0.0,0.0
2024-05-19 03:00:00,0.0,0.0
2024-05-19 04:00:00,0.0,0.0
2024-05-19 05:00:00,0.0,0.0
2024-05-19 06:00:00,0.0,0.0
2024-05-19 07:00:00,0.0,0.0
2024-05-19 08:00:00,0.0,0.0
2024-05-19 09:00:00,0.0,0.0
2024-05-19 10:00:00,0.11393066327151899,0.11393066327151899
2024-05-19 11:00:00,0.4282418002402238,0.4282418002402238
2024-05-19 12:00:00,0.9449500516655711,0.9449500516655711
2024-05-19 13:00:00,1.266709172818257,1.266709172818257
2024-05-19 14:00:00,1.9041235396430527,1.9041235396430527
2024-05-19 15:00:00,2.261820837908665,2.261820837908665
2024-05-19 16:00:00,2.9973048783968648,2.9973048783968648
2024-05-19 17:00:00,3.0730312107147912,3.0730312107147912
2024-05-19 18:00:00,3.516744611562622,3.516744611562622
2024-05-19 19:00:00,2.8046605237472693,2.8046605237472693
2024-05-19 20:00:00,2.88940019560435,2.88940019560435
2024-05-19 21:00:00,3.0531403673872743,3.0531403673872743
2024-05-19 22:00:00,0.0,0.0
2024-05-19 23:00:00,0.0,0.0
2024-05-20 00:00:00,0.0,0.0
2024-05-20 01:00:00,0.0,0.0
2024-05-20 02:00:00,0.0,0.0
2024-05-20 03:00:00,0.0,0.0
2024-05-20 04:00:00,0.0,0.0
2024-05-20 05:00:00,0.0,0.0
2024-05-20 06:00:00,0.0,0.0
2024-05-20 07:00:00,0.0,0.0
2024-05-20 08:00:00,0.0,0.0
2024-05-20 09:00:00,0.0,0.0
2024-05-20 10:00:00,0.18334780244672516,0.18334780244672516
2024-05-20 11:00:00,0.5364364159608497,0.5364364159608497
2024-05-20 12:00:00,1.3980610954419759,1.3980610954419759
2024-05-20 13:00:00,2.0754890292988875,2.0754890292988875
2024-05-20 14:00:00,3.1969136630560886,3.1969136630560886
2024-05-20 15:00:00,3.287562966889628,3.287562966889628
2024-05-20 16:00:00,4.053240152813966,4.053240152813966
2024-05-20 17:00:00,4.10315524878971,4.10315524878971
2024-05-20 18:00:00,5.1651860528387985,5.1651860528387985
2024-05-20 19:00:00,3.7868807761943417,3.7868807761943417
2024-05-20 20:00:00,3.8753195125513225,3.8753195125513225
2024-05-20 21:00:00,3.9954078999001337,3.9954078999001337
2024-05-20 22:00:00,0.0,0.0
2024-05-20 23:00:00,0.0,0.0
2024-05-21 00:00:00,0.0,0.0
2024-05-21 01:00:00,0.0,0.0
2024-05-21 02:00:00,0.0,0.0
2024-05-21 03:00:00,0.0,0.0
2024-05-21 04:00:00,0.0,0.0
2024-05-21 05:00:00,0.0,0.0
2024-05-21 06:00:00,0.0,0.0
2024-05-21 07:00:00,0.0,0.0
2024-05-21 08:00:00,0.0,0.0
2024-05-21 09:00:00,0.0,0.0
2024-05-21 10:00:00,0.1516003800693753,0.1516003800693753
2024-05-21 11:00:00,0.6372457178466466,0.6372457178466466
2024-05-21 12:00:00,1.038254026651249,1.038254026651249
2024-05-21 13:00:00,2.1327014254240493,2.1327014254240493
2024-05-21 14:00:00,3.111150623597968,3.111150623597968
2024-05-21 15:00:00,3.0978609048548975,3.0978609048548975
2024-05-21 16:00:00,3.9823504412606168,3.9823504412606168
2024-05-21 17:00:00,5.226420124270644,5.226420124270644
2024-05-21 18:00:00,5.13650759666464,5.13650759666464
2024-05-21 19:00:00,3.8973641348854215,3.8973641348854215
2024-05-21 20:00:00,3.500582445044029,3.500582445044029
2024-05-21 21:00:00,4.689900813415304,4.689900813415304
2024-05-21 22:00:00,0.0,0.0
2024-05-21 23:00:00,0.0,0.0
2024-05-22 00:00:00,0.0,0.0
2024-05-22 01:00:00,0.0,0.0
2024-05-22 02:00:00,0.0,0.0
2024-05-22 03:00:00,0.0,0.0
2024-05-22 04:00:00,0.0,0.0
2024-05-22 05:00:00,0.0,0.0
2024-05-22 06:00:00,0.0,0.0
2024-05-22 07:00:00,0.0,0.0
2024-05-22 08:00:00,0.0,0.0
2024-05-22 09:00:00,0.0,0.0
2024-05-22 10:00:00,0.14282787651366594,0.14282787651366594
2024-05-22 11:00:00,0.5415795995201492,0.5415795995201492
2024-05-22 12:00:00,1.174441986602458,1.174441986602458
2024-05-22 13:00:00,1.5946627775351039,1.5946627775351039
2024-05-22 14:00:00,2.8065788520806314,2.8065788520806314
2024-05-22 15:00:00,3.055239676853373,3.055239676853373
2024-05-22 16:00:00,3.806653362389072,3.806653362389072
2024-05-22 17:00:00,4.037113825038769,4.037113825038769
2024-05-22 18:00:00,4.397205768939904,4.397205768939904
2024-05-22 19:00:00,3.361526804618091,3.361526804618091
2024-05-22 20:00:00,4.035462826376916,4.035462826376916
2024-05-22 21:00:00,3.710407945970645,3.710407945970645
2024-05-22 22:00:00,0.0,0.0
2024-05-22 23:00:00,0.0,0.0
2024-05-23 00:00:00,0.0,0.0
2024-05-23 01:00:00,0.0,0.0
2024-05-23 02:00:00,0.0,0.0
2024-05-23 03:00:00,0.0,0.0
2024-05-23 04:00:00,0.0,0.0
2024-05-23 05:00:00,0.0,0.0
2024-05-23 06:00:00,0.0,0.0
2024-05-23 07:00:00,0.0,0.0
2024-05-23 08:00:00,0.0,0.0
2024-05-23 09:00:00,0.0,0.0
2024-05-23 10:00:00,0.15031821484445418,0.15031821484445418
2024-05-23 11:00:00,0.6662261819208971,0.6662261819208971
2024-05-23 12:00:00,1.3341422178079894,1.3341422178079894
2024-05-23 13:00:00,2.1804732652714724,2.1804732652714724
2024-05-23 14:00:00,3.1998865931165166,3.1998865931165166
2024-05-23 15:00:00,3.1876395232781496,3.1876395232781496
2024-05-23 16:00:00,3.837445400107213,3.837445400107213
2024-05-23 17:00:00,4.757931141180308,4.757931141180308
2024-05-23 18:00:00,4.681836896151452,4.681836896151452
2024-05-23 19:00:00,4.662802512316001,4.662802512316001
2024-05-23 20:00:00,4.546535217847201,4.546535217847201
2024-05-23 21:00:00,4.875501703864026,4.875501703864026
2024-05-23 22:00:00,0.0,0.0
2024-05-23 23:00:00,0.0,0.0
2024-05-24 00:00:00,0.0,0.0
2024-05-24 01:00:00,0.0,0.0
2024-05-24 02:00:00,0.0,0.0
2024-05-24 03:00:00,0.0,0.0
2024-05-24 04:00:00,0.0,0.0
2024-05-24 05:00:00,0.0,0.0
2024-05-24 06:00:00,0.0,0.0
2024-05-24 07:00:00,0.0,0.0
2024-05-24 08:00:00,0.0,0.0
2024-05-24 09:00:00,0.0,0.0
2024-05-24 10:00:00,0.15903143375203624,0.15903143375203624
2024-05-24 11:00:00,0.6285265853818816,0.6285265853818816
2024-05-24 12:00:00,1.218125435769432,1.218125435769432
2024-05-24 13:00:00,2.0267323193685955,2.0267323193685955
2024-05-24 14:00:00,2.7674464953820603,2.7674464953820603
2024-05-24 15:00:00,3.026071993324331,3.026071993324331
2024-05-24 16:00:00,4.158105807532487,4.158105807532487
2024-05-24 17:00:00,4.440720286506677,4.440720286506677
2024-05-24 18:00:00,4.132244724691657,4.132244724691657
2024-05-24 19:00:00,4.05513910308298,4.05513910308298
2024-05-24 20:00:00,3.7307568540708735,3.7307568540708735
2024-05-24 21:00:00,4.119233861159397,4.119233861159397
2024-05-24 22:00:00,0.0,0.0
2024-05-24 23:00:00,0.0,0.0
2024-05-25 00:00:00,0.0,0.0
2024-05-25 01:00:00,0.0,0.0
2024-05-25 02:00:00,0.0,0.0
2024-05-25 03:00:00,0.0,0.0
2024-05-25 04:00:00,0.0,0.0
2024-05-25 05:00:00,0.0,0.0
2024-05-25 06:00:00,0.0,0.0
2024-05-25 07:00:00,0.0,0.0
2024-05-25 08:00:00,0.0,0.0
2024-05-25 09:00:00,0.0,0.0
2024-05-25 10:00:00,0.11274678405527096,0.11274678405527096
2024-05-25 11:00:00,0.3880015023188434,0.3880015023188434
2024-05-25 12:00:00,0.8098466001410183,0.8098466001410183
2024-05-25 13:00:00,1.4103716630576253,1.4103716630576253
2024-05-25 14:00:00,1.7988919261291074,1.7988919261291074
2024-05-25 15:00:00,2.1826814240459136,2.1826814240459136
2024-05-25 16:00:00,2.9515572236171708,2.9515572236171708
2024-05-25 17:00:00,3.5523488550011235,3.5523488550011235
2024-05-25 18:00:00,3.0504465648174492,3.0504465648174492
2024-05-25 19:00:00,3.072847715222406,3.072847715222406
2024-05-25 20:00:00,3.1579723518167553,3.1579723518167553
2024-05-25 21:00:00,3.295110753983138,3.295110753983138
2024-05-25 22:00:00,0.0,0.0
2024-05-25 23:00:00,0.0,0.0
2024-05-26 00:00:00,0.0,0.0
2024-05-26 01:00:00,0.0,0.0
2024-05-26 02:00:00,0.0,0.0
2024-05-26 03:00:00,0.0,0.0
2024-05-26 04:00:00,0.0,0.0
2024-05-26 05:00:00,0.0,0.0
2024-05-26 06:00:00,0.0,0.0
2024-05-26 07:00:00,0.0,0.0
2024-05-26 08:00:00,0.0,0.0
2024-05-26 09:00:00,0.0,0.0
2024-05-26 10:00:00,0.10202174042353084,0.10202174042353084
2024-05-26 11:00:00,0.4066760739612877,0.4066760739612877
2024-05-26 12:00:00,0.830926081548129,0.830926081548129
2024-05-26 13:00:00,1.227354898664349,1.227354898664349
2024-05-26 14:00:00,2.1168125858283102,2.1168125858283102
2024-05-26 15:00:00,2.691667226921743,2.691667226921743
2024-05-26 16:00:00,2.6624382435188365,2.6624382435188365
2024-05-26 17:00:00,3.8098644557644383,3.8098644557644383
2024-05-26 18:00:00,3.898240684699127,3.898240684699127
2024-05-26 19:00:00,2.7443599656220776,2.7443599656220776
2024-05-26 20:00:00,2.6288679124701146,2.6288679124701146
2024-05-26 21:00:00,3.0941854621588782,3.0941854621588782
2024-05-26 22:00:00,0.0,0.0
2024-05-26 23:00:00,0.0,0.0
2024-05-27 00:00:00,0.0,0.0
2024-05-27 01:00:00,0.0,0.0
2024-05-27 02:00:00,0.0,0.0
2024-05-27 03:00:00,0.0,0.0
2024-05-27 04:00:00,0.0,0.0
2024-05-27 05:00:00,0.0,0.0
2024-05-27 06:00:00,0.0,0.0
2024-05-27 07:00:00,0.0,0.0
2024-05-27 08:00:00,0.0,0.0
2024-05-27 09:00:00,0.0,0.0
2024-05-27 10:00:00,0.13134779441333566,0.13134779441333566
2024-05-27 11:00:00,0.5842332685131648,0.5842332685131648
2024-05-27 12:00:00,0.9471536463602279,0.9471536463602279
2024-05-27 13:00:00,1.5744019818253605,1.5744019818253605
2024-05-27 14:00:00,2.4297418681562992,2.4297418681562992
2024-05-27 15:00:00,3.3508503485259107,3.3508503485259107
2024-05-27 16:00:00,4.254845893552945,4.254845893552945
2024-05-27 17:00:00,3.9337646480155675,3.9337646480155675
2024-05-27 18:00:00,4.150231970564432,4.150231970564432
2024-05-27 19:00:00,4.242384263422824,4.242384263422824
2024-05-27 20:00:00,3.898199202575215,3.898199202575215
2024-05-27 21:00:00,3.2801101598442663,3.2801101598442663
2024-05-27 22:00:00,0.0,0.0
2024-05-27 23:00:00,0.0,0.0
2024-05-28 00:00:00,0.0,0.0
2024-05-28 01:00:00,0.0,0.0
2024-05-28 02:00:00,0.0,0.0
2024-05-28 03:00:00,0.0,0.0
2024-05-28 04:00:00,0.0,0.0
2024-05-28 05:00:00,0.0,0.0
2024-05-28 06:00:00,0.0,0.0
2024-05-28 07:00:00,0.0,0.0
2024-05-28 08:00:00,0.0,0.0
2024-05-28 09:00:00,0.0,0.0
2024-05-28 10:00:00,0.14518388946020033,0.14518388946020033
2024-05-28 11:00:00,0.6169161443688792,0.6169161443688792
2024-05-28 12:00:00,1.1903780203981917,1.1903780203981917
2024-05-28 13:00:00,1.7500709906462715,1.7500709906462715
2024-05-28 14:00:00,2.7825006655765856,2.7825006655765856
2024-05-28 15:00:00,3.375304603152497,3.375304603152497
2024-05-28 16:00:00,4.220739008861434,4.220739008861434
2024-05-28 17:00:00,4.827154997589639,4.827154997589639
2024-05-28 18:00:00,4.899976336656687,4.899976336656687
2024-05-28 19:00:00,4.211057099335063,4.211057099335063
2024-05-28 20:00:00,3.558114070115369,3.558114070115369
2024-05-28 21:00:00,4.407000974166737,4.407000974166737
2024-05-28 22:00:00,0.0,0.0
2024-05-28 23:00:00,0.0,0.0
2024-05-29 00:00:00,0.0,0.0
2024-05-29 01:00:00,0.0,0.0
2024-05-29 02:00:00,0.0,0.0
2024-05-29 03:00:00,0.0,0.0
2024-05-29 04:00:00,0.0,0.0
2024-05-29 05:00:00,0.0,0.0
2024-05-29 06:00:00,0.0,0.0
2024-05-29 07:00:00,0.0,0.0
2024-05-29 08:00:00,0.0,0.0
2024-05-29 09:00:00,0.0,0.0
2024-05-29 10:00:00,0.15309128892144233,0.15309128892144233
2024-05-29 11:00:00,0.749713793589395,0.749713793589395
2024-05-29 12:00:00,1.4026922126731827,1.4026922126731827
2024-05-29 13:00:00,2.324548492055492,2.324548492055492
2024-05-29 14:00:00,3.0585846290047436,3.0585846290047436
2024-05-29 15:00:00,3.66123032504087,3.66123032504087
2024-05-29 16:00:00,3.9319215384580004,3.9319215384580004
2024-05-29 17:00:00,5.0623890809467795,5.0623890809467795
2024-05-29 18:00:00,5.201740017613404,5.201740017613404
2024-05-29 19:00:00,3.9506606816320167,3.9506606816320167
2024-05-29 20:00:00,5.145499136228217,5.145499136228217
2024-05-29 21:00:00,3.882445205831059,3.882445205831059
2024-05-29 22:00:00,0.0,0.0
2024-05-29 23:00:00,0.0,0.0
2024-05-30 00:00:00,0.0,0.0
2024-05-30 01:00:00,0.0,0.0
2024-05-30 02:00:00,0.0,0.0
2024-05-30 03:00:00,0.0,0.0
2024-05-30 04:00:00,0.0,0.0
2024-05-30 05:00:00,0.0,0.0
2024-05-30 06:00:00,0.0,0.0
2024-05-30 07:00:00,0.0,0.0
2024-05-30 08:00:00,0.0,0.0
2024-05-30 09:00:00,0.0,0.0
2024-05-30 10:00:00,0.13507970457363372,0.13507970457363372
2024-05-30 11:00:00,0.6855117091273272,0.6855117091273272
2024-05-30 12:00:00,1.1117051732674152,1.1117051732674152
2024-05-30 13:00:00,1.9263579864869311,1.9263579864869311
2024-05-30 14:00:00,2.44606836310551,2.44606836310551
2024-05-30 15:00:00,2.907242780441332,2.907242780441332
2024-05-30 16:00:00,3.757034057877859,3.757034057877859
2024-05-30 17:00:00,4.113753006320348,4.113753006320348
2024-05-30 18:00:00,4.651483670557715,4.651483670557715
2024-05-30 19:00:00,3.959052387082525,3.959052387082525
2024-05-30 20:00:00,4.462278435979019,4.462278435979019
2024-05-30 21:00:00,3.67286379214756,3.67286379214756
2024-05-30 22:00:00,0.0,0.0
2024-05-30 23:00:00,0.0,0.0
2024-05-31 00:00:00,0.0,0.0
2024-05-31 01:00:00,0.0,0.0
2024-05-31 02:00:00,0.0,0.0
2024-05-31 03:00:00,0.0,0.0
2024-05-31 04:00:00,0.0,0.0
2024-05-31 05:00:00,0.0,0.0
2024-05-31 06:00:00,0.0,0.0
2024-05-31 07:00:00,0.0,0.0
2024-05-31 08:00:00,0.0,0.0
2024-05-31 09:00:00,0.0,0.0
2024-05-31 10:00:00,0.14471842028502763,0.14471842028502763
2024-05-31 11:00:00,0.6573364975754198,0.6573364975754198
2024-05-31 12:00:00,0.994807065897212,0.994807065897212
2024-05-31 13:00:00,1.544895094304929,1.544895094304929
2024-05-31 14:00:00,2.9730064859669896,2.9730064859669896
2024-05-31 15:00:00,2.9105546553195323,2.9105546553195323
2024-05-31 16:00:00,3.572567885163571,3.572567885163571
2024-05-31 17:00:00,4.901700937130577,4.901700937130577
2024-05-31 18:00:00,4.405724112228542,4.405724112228542
2024-05-31 19:00:00,4.0014395468233115,4.0014395468233115
2024-05-31 20:00:00,3.3020593683064887,3.3020593683064887
2024-05-31 21:00:00,3.647152283011788,3.647152283011788
2024-05-31 22:00:00,0.0,0.0
2024-05-31 23:00:00,0.0,0.0
2024-06-01 00:00:00,0.0,0.0
2024-06-01 01:00:00,0.0,0.0
2024-06-01 02:00:00,0.0,0.0
2024-06-01 03:00:00,0.0,0.0
2024-06-01 04:00:00,0.0,0.0
2024-06-01 05:00:00,0.0,0.0
2024-06-01 06:00:00,0.0,0.0
2024-06-01 07:00:00,0.0,0.0
2024-06-01 08:00:00,0.0,0.0
2024-06-01 09:00:00,0.0,0.0
2024-06-01 10:00:00,0.09427384383464843,0.09427384383464843
2024-06-01 11:00:00,0.4227189123689102,0.4227189123689102
2024-06-01 12:00:00,0.8631275647057665,0.8631275647057665
2024-06-01 13:00:00,1.3745082771518689,1.3745082771518689
2024-06-01 14:00:00,2.0209144340591694,2.0209144340591694
2024-06-01 15:00:00,2.216133228567453,2.216133228567453
2024-06-01 16:00:00,2.861558064071274,2.861558064071274
2024-06-01 17:00:00,3.656450135388604,3.656450135388604
2024-06-01 18:00:00,3.0122440091556983,3.0122440091556983
2024-06-01 19:00:00,3.0543871187303924,3.0543871187303924
2024-06-01 20:00:00,2.9100328439699825,2.9100328439699825
2024-06-01 21:00:00,2.8112085970062095,2.8112085970062095
2024-06-01 22:00:00,0.0,0.0
2024-06-01 23:00:00,0.0,0.0
2024-06-02 00:00:00,0.0,0.0
2024-06-02 01:00:00,0.0,0.0
2024-06-02 02:00:00,0.0,0.0
2024-06-02 03:00:00,0.0,0.0
2024-06-02 04:00:00,0.0,0.0
2024-06-02 05:00:00,0.0,0.0
2024-06-02 06:00:00,0.0,0.0
2024-06-02 07:00:00,0.0,0.0
2024-06-02 08:00:00,0.0,0.0
2024-06-02 09:00:00,0.0,0.0
2024-06-02 10:00:00,0.12086480894359888,0.12086480894359888
2024-06-02 11:00:00,0.48474059066958725,0.48474059066958725
2024-06-02 12:00:00,0.9054686939397107,0.9054686939397107
2024-06-02 13:00:00,1.4254069870049668,1.4254069870049668
2024-06-02 14:00:00,2.3291310391802655,2.3291310391802655
2024-06-02 15:00:00,2.242604863347437,2.242604863347437
2024-06-02 16:00:00,3.222878068201575,3.222878068201575
2024-06-02 17:00:00,3.8070585455932426,3.8070585455932426
2024-06-02 18:00:00,3.806608362722567,3.806608362722567
2024-06-02 19:00:00,2.933455025539318,2.933455025539318
2024-06-02 20:00:00,3.308607692068933,3.308607692068933
2024-06-02 21:00:00,3.034924618345911,3.034924618345911
2024-06-02 22:00:00,0.0,0.0
2024-06-02 23:00:00,0.0,0.0
2024-06-03 00:00:00,0.0,0.0
2024-06-03 01:00:00,0.0,0.0
2024-06-03 02:00:00,0.0,0.0
2024-06-03 03:00:00,0.0,0.0
2024-06-03 04:00:00,0.0,0.0
2024-06-03 05:00:00,0.0,0.0
2024-06-03 06:00:00,0.0,0.0
2024-06-03 07:00:00,0.0,0.0
2024-06-03 08:00:00,0.0,0.0
2024-06-03 09:00:00,0.0,0.0
2024-06-03 10:00:00,0.15533135196937392,0.15533135196937392
2024-06-03 11:00:00,0.5556778322903942,0.5556778322903942
2024-06-03 12:00:00,1.2467727304606686,1.2467727304606686
2024-06-03 13:00:00,1.8383197325692726,1.8383197325692726
2024-06-03 14:00:00,3.2395806477535514,3.2395806477535514
2024-06-03 15:00:00,2.9540596172918763,2.9540596172918763
2024-06-03 16:00:00,3.6067083090752083,3.6067083090752083
2024-06-03 17:00:00,4.406465878893195,4.406465878893195
2024-06-03 18:00:00,4.176960923624469,4.176960923624469
2024-06-03 19:00:00,4.6450513327303415,4.6450513327303415
2024-06-03 20:00:00,4.126080647431121,4.126080647431121
2024-06-03 21:00:00,3.9395996243602864,3.9395996243602864
2024-06-03 22:00:00,0.0,0.0
2024-06-03 23:00:00,0.0,0.0
2024-06-04 00:00:00,0.0,0.0
2024-06-04 01:00:00,0.0,0.0
2024-06-04 02:00:00,0.0,0.0
2024-06-04 03:00:00,0.0,0.0
2024-06-04 04:00:00,0.0,0.0
2024-06-04 05:00:00,0.0,0.0
2024-06-04 06:00:00,0.0,0.0
2024-06-04 07:00:00,0.0,0.0
2024-06-04 08:00:00,0.0,0.0
2024-06-04 09:00:00,0.0,0.0
2024-06-04 10:00:00,0.1431789515065462,0.1431789515065462
2024-06-04 11:00:00,0.561294063806951,0.561294063806951
2024-06-04 12:00:00,1.0761943858599823,1.0761943858599823
2024-06-04 13:00:00,1.7691018799360532,1.7691018799360532
2024-06-04 14:00:00,2.900711449147646,2.900711449147646
2024-06-04 15:00:00,3.016932455005556,3.016932455005556
2024-06-04 16:00:00,4.453643139119365,4.453643139119365
2024-06-04 17:00:00,4.015080354727343,4.015080354727343
2024-06-04 18:00:00,4.2768250581454454,4.2768250581454454
2024-06-04 19:00:00,3.966555459575286,3.966555459575286
2024-06-04 20:00:00,3.9059341756526633,3.9059341756526633
2024-06-04 21:00:00,4.435288980007384,4.435288980007384
2024-06-04 22:00:00,0.0,0.0
2024-06-04 23:00:00,0.0,0.0
2024-06-05 00:00:00,0.0,0.0
2024-06-05 01:00:00,0.0,0.0
2024-06-05 02:00:00,0.0,0.0
2024-06-05 03:00:00,0.0,0.0
2024-06-05 04:00:00,0.0,0.0
2024-06-05 05:00:00,0.0,0.0
2024-06-05 06:00:00,0.0,0.0
2024-06-05 07:00:00,0.0,0.0
2024-06-05 08:00:00,0.0,0.0
2024-06-05 09:00:00,0.0,0.0
2024-06-05 10:00:00,0.1493546717714574,0.1493546717714574
2024-06-05 11:00:00,0.581293501022581,0.581293501022581
2024-06-05 12:00:00,1.3190965041160412,1.3190965041160412
2024-06-05 13:00:00,2.161884999015305,2.161884999015305
2024-06-05 14:00:00,2.909910450355912,2.909910450355912
2024-06-05 15:00:00,3.755274979364307,3.755274979364307
2024-06-05 16:00:00,4.101058932511046,4.101058932511046
2024-06-05 17:00:00,4.597220557688103,4.597220557688103
2024-06-05 18:00:00,4.9615216172496925,4.9615216172496925
2024-06-05 19:00:00,3.6037115401971596,3.6037115401971596
2024-06-05 20:00:00,3.7206721259518227,3.7206721259518227
2024-06-05 21:00:00,4.522231697560588,4.522231697560588
2024-06-05 22:00:00,0.0,0.0
2024-06-05 23:00:00,0.0,0.0
2024-06-06 00:00:00,0.0,0.0
2024-06-06 01:00:00,0.0,0.0
2024-06-06 02:00:00,0.0,0.0
2024-06-06 03:00:00,0.0,0.0
2024-06-06 04:00:00,0.0,0.0
2024-06-06 05:00:00,0.0,0.0
2024-06-06 06:00:00,0.0,0.0
2024-06-06 07:00:00,0.0,0.0
2024-06-06 08:00:00,0.0,0.0
2024-06-06 09:00:00,0.0,0.0
2024-06-06 10:00:00,0.15854449498174022,0.15854449498174022
2024-06-06 11:00:00,0.5322133051145815,0.5322133051145815
2024-06-06 12:00:00,1.1432801114080349,1.1432801114080349
2024-06-06 13:00:00,1.7313066458008093,1.7313066458008093
2024-06-06 14:00:00,2.3957973363381457,2.3957973363381457
2024-06-06 15:00:00,3.3323307115529146,3.3323307115529146
2024-06-06 16:00:00,3.637773511825104,3.637773511825104
2024-06-06 17:00:00,4.2321271196810075,4.2321271196810075
2024-06-06 18:00:00,3.766183259987515,3.766183259987515
2024-06-06 19:00:00,3.906932396367464,3.906932396367464
2024-06-06 20:00:00,4.086019544824686,4.086019544824686
2024-06-06 21:00:00,3.7089647350540935,3.7089647350540935
2024-06-06 22:00:00,0.0,0.0
2024-06-06 23:00:00,0.0,0.0
2024-06-07 00:00:00,0.0,0.0
2024-06-07 01:00:00,0.0,0.0
2024-06-07 02:00:00,0.0,0.0
2024-06-07 03:00:00,0.0,0.0
2024-06-07 04:00:00,0.0,0.0
2024-06-07 05:00:00,0.0,0.0
2024-06-07 06:00:00,0.0,0.0
2024-06-07 07:00:00,0.0,0.0
2024-06-07 08:00:00,0.0,0.0
2024-06-07 09:00:00,0.0,0.0
2024-06-07 10:00:00,0.1555022466427844,0.1555022466427844
2024-06-07 11:00:00,0.5630914222217919,0.5630914222217919
2024-06-07 12:00:00,1.3686315587764075,1.3686315587764075
2024-06-07 13:00:00,2.1285895171734697,2.1285895171734697
2024-06-07 14:00:00,3.229609275678152,3.229609275678152
2024-06-07 15:00:00,3.6218213387883162,3.6218213387883162
2024-06-07 16:00:00,4.270903523553964,4.270903523553964
2024-06-07 17:00:00,4.617568898858021,4.617568898858021
2024-06-07 18:00:00,4.3095978413032165,4.3095978413032165
2024-06-07 19:00:00,3.928321901349396,3.928321901349396
2024-06-07 20:00:00,4.569168974385473,4.569168974385473
2024-06-07 21:00:00,4.821490953703891,4.821490953703891
2024-06-07 22:00:00,0.0,0.0
2024-06-07 23:00:00,0.0,0.0
2024-06-08 00:00:00,0.0,0.0
2024-06-08 01:00:00,0.0,0.0
2024-06-08 02:00:00,0.0,0.0
2024-06-08 03:00:00,0.0,0.0
2024-06-08 04:00:00,0.0,0.0
2024-06-08 05:00:00,0.0,0.0
2024-06-08 06:00:00,0.0,0.0
2024-06-08 07:00:00,0.0,0.0
2024-06-08 08:00:00,0.0,0.0
2024-06-08 09:00:00,0.0,0.0
2024-06-08 10:00:00,0.1233669297327055,0.1233669297327055
2024-06-08 11:00:00,0.3960073785242397,0.3960073785242397
2024-06-08 12:00:00,0.9375433175546417,0.9375433175546417
2024-06-08 13:00:00,1.5316450261267494,1.5316450261267494
2024-06-08 14:00:00,2.3120602617691257,2.3120602617691257
2024-06-08 15:00:00,2.27383412138377,2.27383412138377
2024-06-08 16:00:00,2.7073144819423414,2.7073144819423414
2024-06-08 17:00:00,3.3482340385032803,3.3482340385032803
2024-06-08 18:00:00,3.050134007286045,3.050134007286045
2024-06-08 19:00:00,2.875913927409768,2.875913927409768
2024-06-08 20:00:00,3.0564240308062973,3.0564240308062973
2024-06-08 21:00:00,3.1688541532410706,3.1688541532410706
2024-06-08 22:00:00,0.0,0.0
2024-06-08 23:00:00,0.0,0.0
2024-06-09 00:00:00,0.0,0.0
2024-06-09 01:00:00,0.0,0.0
2024-06-09 02:00:00,0.0,0.0
2024-06-09 03:00:00,0.0,0.0
2024-06-09 04:00:00,0.0,0.0
2024-06-09 05:00:00,0.0,0.0
2024-06-09 06:00:00,0.0,0.0
2024-06-09 07:00:00,0.0,0.0
2024-06-09 08:00:00,0.0,0.0
2024-06-09 09:00:00,0.0,0.0
2024-06-09 10:00:00,0.12527770777429872,0.12527770777429872
2024-06-09 11:00:00,0.47848032137288965,0.47848032137288965
2024-06-09 12:00:00,0.8775955737483451,0.8775955737483451
2024-06-09 13:00:00,1.4331415912400096,1.4331415912400096
2024-06-09 14:00:00,2.171170822905932,2.171170822905932
2024-06-09 15:00:00,2.5980237782343365,2.5980237782343365
2024-06-09 16:00:00,3.0718542876468833,3.0718542876468833
2024-06-09 17:00:00,3.4381154205282223,3.4381154205282223
2024-06-09 18:00:00,3.584455702521095,3.584455702521095
2024-06-09 19:00:00,2.7126706169535235,2.7126706169535235
2024-06-09 20:00:00,3.1538202235288813,3.1538202235288813
2024-06-09 21:00:00,2.736087971176563,2.736087971176563
2024-06-09 22:00:00,0.0,0.0
2024-06-09 23:00:00,0.0,0.0
2024-06-10 00:00:00,0.0,0.0
2024-06-10 01:00:00,0.0,0.0
2024-06-10 02:00:00,0.0,0.0
2024-06-10 03:00:00,0.0,0.0
2024-06-10 04:00:00,0.0,0.0
2024-06-10 05:00:00,0.0,0.0
2024-06-10 06:00:00,0.0,0.0
2024-06-10 07:00:00,0.0,0.0
2024-06-10 08:00:00,0.0,0.0
2024-06-10 09:00:00,0.0,0.0
2024-06-10 10:00:00,0.15209062691122965,0.15209062691122965
2024-06-10 11:00:00,0.6181190269893564,0.6181190269893564
2024-06-10 12:00:00,1.149471948541857,1.149471948541857
2024-06-10 13:00:00,2.0438237513348514,2.0438237513348514
2024-06-10 14:00:00,2.6023558646519604,2.6023558646519604
2024-06-10 15:00:00,4.055714459187862,4.055714459187862
2024-06-10 16:00:00,4.343012875642759,4.343012875642759
2024-06-10 17:00:00,5.166839207749641,5.166839207749641
2024-06-10 18:00:00,4.60932453896216,4.60932453896216
2024-06-10 19:00:00,4.041633918139591,4.041633918139591
2024-06-10 20:00:00,4.826423309972094,4.826423309972094
2024-06-10 21:00:00,4.778275972905222,4.778275972905222
2024-06-10 22:00:00,0.0,0.0
2024-06-10 23:00:00,0.0,0.0
2024-06-11 00:00:00,0.0,0.0
2024-06-11 01:00:00,0.0,0.0
2024-06-11 02:00:00,0.0,0.0
2024-06-11 03:00:00,0.0,0.0
2024-06-11 04:00:00,0.0,0.0
2024-06-11 05:00:00,0.0,0.0
2024-06-11 06:00:00,0.0,0.0
2024-06-11 07:00:00,0.0,0.0
2024-06-11 08:00:00,0.0,0.0
2024-06-11 09:00:00,0.0,0.0
2024-06-11 10:00:00,0.1406964016394982,0.1406964016394982
2024-06-11 11:00:00,0.5354971100054122,0.5354971100054122
2024-06-11 12:00:00,1.2233359568237043,1.2233359568237043
2024-06-11 13:00:00,1.9828382775211348,1.9828382775211348
2024-06-11 14:00:00,2.7076794133146143,2.7076794133146143
2024-06-11 15:00:00,3.5095294701808313,3.5095294701808313
2024-06-11 16:00:00,3.4341057236059527,3.4341057236059527
2024-06-11 17:00:00,3.9988843531861207,3.9988843531861207
2024-06-11 18:00:00,3.778404536504163,3.778404536504163
2024-06-11 19:00:00,3.747830534949043,3.747830534949043
2024-06-11 20:00:00,3.973981718835939,3.973981718835939
2024-06-11 21:00:00,3.5341459674242155,3.5341459674242155
2024-06-11 22:00:00,0.0,0.0
2024-06-11 23:00:00,0.0,0.0
2024-06-12 00:00:00,0.0,0.0
2024-06-12 01:00:00,0.0,0.0
2024-06-12 02:00:00,0.0,0.0
2024-06-12 03:00:00,0.0,0.0
2024-06-12 04:00:00,0.0,0.0
2024-06-12 05:00:00,0.0,0.0
2024-06-12 06:00:00,0.0,0.0
2024-06-12 07:00:00,0.0,0.0
2024-06-12 08:00:00,0.0,0.0
2024-06-12 09:00:00,0.0,0.0
2024-06-12 10:00:00,0.1428294562217834,0.1428294562217834
2024-06-12 11:00:00,0.6346705006695742,0.6346705006695742
2024-06-12 12:00:00,1.1436118019277406,1.1436118019277406
2024-06-12 13:00:00,1.9851994561238073,1.9851994561238073
2024-06-12 14:00:00,3.2235269730717295,3.2235269730717295
2024-06-12 15:00:00,3.292387652873648,3.292387652873648
2024-06-12 16:00:00,4.866614945346736,4.866614945346736
2024-06-12 17:00:00,5.170006070437048,5.170006070437048
2024-06-12 18:00:00,5.17244685411269,5.17244685411269
2024-06-12 19:00:00,3.7125227033303796,3.7125227033303796
2024-06-12 20:00:00,4.766433377150768,4.766433377150768
2024-06-12 21:00:00,3.6725202443464093,3.6725202443464093
2024-06-12 22:00:00,0.0,0.0
2024-06-12 23:00:00,0.0,0.0
2024-06-13 00:00:00,0.0,0.0
2024-06-13 01:00:00,0.0,0.0
2024-06-13 02:00:00,0.0,0.0
2024-06-13 03:00:00,0.0,0.0
2024-06-13 04:00:00,0.0,0.0
2024-06-13 05:00:00,0.0,0.0
2024-06-13 06:00:00,0.0,0.0
2024-06-13 07:00:00,0.0,0.0
2024-06-13 08:00:00,0.0,0.0
2024-06-13 09:00:00,0.0,0.0
2024-06-13 10:00:00,0.14151975965764688,0.14151975965764688
2024-06-13 11:00:00,0.538298402970715,0.538298402970715
2024-06-13 12:00:00,1.1964002748995821,1.1964002748995821
2024-06-13 13:00:00,1.9901186329417218,1.9901186329417218
2024-06-13 14:00:00,2.808145471134204,2.808145471134204
2024-06-13 15:00:00,3.4158584435014974,3.4158584435014974
2024-06-13 16:00:00,4.434114131050889,4.434114131050889
2024-06-13 17:00:00,4.121476801331698,4.121476801331698
2024-06-13 18:00:00,4.349500128399579,4.349500128399579
2024-06-13 19:00:00,3.9359842508021927,3.9359842508021927
2024-06-13 20:00:00,3.493979566851171,3.493979566851171
2024-06-13 21:00:00,4.218063422272693,4.218063422272693
2024-06-13 22:00:00,0.0,0.0
2024-06-13 23:00:00,0.0,0.0
2024-06-14 00:00:00,0.0,0.0
2024-06-14 01:00:00,0.0,0.0
2024-06-14 02:00:00,0.0,0.0
2024-06-14 03:00:00,0.0,0.0
2024-06-14 04:00:00,0.0,0.0
2024-06-14 05:00:00,0.0,0.0
2024-06-14 06:00:00,0.0,0.0
2024-06-14 07:00:00,0.0,0.0
2024-06-14 08:00:00,0.0,0.0
2024-06-14 09:00:00,0.0,0.0
2024-06-14 10:00:00,0.14763539667302059,0.14763539667302059
2024-06-14 11:00:00,0.6207739459214688,0.6207739459214688
2024-06-14 12:00:00,1.1466386788576748,1.1466386788576748
2024-06-14 13:00:00,1.8023382571640976,1.8023382571640976
2024-06-14 14:00:00,2.6481471741565783,2.6481471741565783
2024-06-14 15:00:00,3.2705976464950113,3.2705976464950113
2024-06-14 16:00:00,4.148811566380593,4.148811566380593
2024-06-14 17:00:00,4.715957885982591,4.715957885982591
2024-06-14 18:00:00,4.762171979153304,4.762171979153304
2024-06-14 19:00:00,4.2149232427753756,4.2149232427753756
2024-06-14 20:00:00,3.949997852540194,3.949997852540194
2024-06-14 21:00:00,4.674081357439739,4.674081357439739
2024-06-14 22:00:00,0.0,0.0
2024-06-14 23:00:00,0.0,0.0
2024-06-15 00:00:00,0.0,0.0
2024-06-15 01:00:00,0.0,0.0
2024-06-15 02:00:00,0.0,0.0
2024-06-15 03:00:00,0.0,0.0
2024-06-15 04:00:00,0.0,0.0
2024-06-15 05:00:00,0.0,0.0
2024-06-15 06:00:00,0.0,0.0
2024-06-15 07:00:00,0.0,0.0
2024-06-15 08:00:00,0.0,0.0
2024-06-15 09:00:00,0.0,0.0
2024-06-15 10:00:00,0.12574977428641157,0.12574977428641157
2024-06-15 11:00:00,0.4090765862759709,0.4090765862759709
2024-06-15 12:00:00,0.771353450375425,0.771353450375425
2024-06-15 13:00:00,1.1700919734623991,1.1700919734623991
2024-06-15 14:00:00,2.09298807196633,2.09298807196633
2024-06-15 15:00:00,2.3755823521974877,2.3755823521974877
2024-06-15 16:00:00,3.0745323305161607,3.0745323305161607
2024-06-15 17:00:00,3.7385420254571375,3.7385420254571375
2024-06-15 18:00:00,2.8248091264526245,2.8248091264526245
2024-06-15 19:00:00,2.6228405715943626,2.6228405715943626
2024-06-15 20:00:00,2.6587809328477383,2.6587809328477383
2024-06-15 21:00:00,2.8666412535755956,2.8666412535755956
2024-06-15 22:00:00,0.0,0.0
2024-06-15 23:00:00,0.0,0.0
2024-06-16 00:00:00,0.0,0.0
2024-06-16 01:00:00,0.0,0.0
2024-06-16 02:00:00,0.0,0.0
2024-06-16 03:00:00,0.0,0.0
2024-06-16 04:00:00,0.0,0.0
2024-06-16 05:00:00,0.0,0.0
2024-06-16 06:00:00,0.0,0.0
2024-06-16 07:00:00,0.0,0.0
2024-06-16 08:00:00,0.0,0.0
2024-06-16 09:00:00,0.0,0.0
2024-06-16 10:00:00,0.12708667741779936,0.12708667741779936
2024-06-16 11:00:00,0.4545313059224522,0.4545313059224522
2024-06-16 12:00:00,0.8591951558413151,0.8591951558413151
2024-06-16 13:00:00,1.44684586570059,1.44684586570059
2024-06-16 14:00:00,2.3946082368682005,2.3946082368682005
2024-06-16 15:00:00,2.1064172548914004,2.1064172548914004
2024-06-16 16:00:00,2.8966931327155843,2.8966931327155843
2024-06-16 17:00:00,3.0557191521928493,3.0557191521928493
2024-06-16 18:00:00,3.8360663105697004,3.8360663105697004
2024-06-16 19:00:00,3.0314163040112545,3.0314163040112545
2024-06-16 20:00:00,2.6626880986521932,2.6626880986521932
2024-06-16 21:00:00,3.1404654133430014,3.1404654133430014
2024-06-16 22:00:00,0.0,0.0
2024-06-16 23:00:00,0.0,0.0
2024-06-17 00:00:00,0.0,0.0
2024-06-17 01:00:00,0.0,0.0
2024-06-17 02:00:00,0.0,0.0
2024-06-17 03:00:00,0.0,0.0
2024-06-17 04:00:00,0.0,0.0
2024-06-17 05:00:00,0.0,0.0
2024-06-17 06:00:00,0.0,0.0
2024-06-17 07:00:00,0.0,0.0
2024-06-17 08:00:00,0.0,0.0
2024-06-17 09:00:00,0.0,0.0
2024-06-17 10:00:00,0.1942738412945622,0.1942738412945622
2024-06-17 11:00:00,0.6173245461510819,0.6173245461510819
2024-06-17 12:00:00,1.2728047563140104,1.2728047563140104
2024-06-17 13:00:00,1.897678468966821,1.897678468966821
2024-06-17 14:00:00,3.382728389128202,3.382728389128202
2024-06-17 15:00:00,3.2267032820566532,3.2267032820566532
2024-06-17 16:00:00,3.9757563952980353,3.9757563952980353
2024-06-17 17:00:00,5.568747075552905,5.568747075552905
2024-06-17 18:00:00,4.4773498094036075,4.4773498094036075
2024-06-17 19:00:00,4.855995936612641,4.855995936612641
2024-06-17 20:00:00,4.4958338631489445,4.4958338631489445
2024-06-17 21:00:00,4.887721427441591,4.887721427441591
2024-06-17 22:00:00,0.0,0.0
2024-06-17 23:00:00,0.0,0.0
2024-06-18 00:00:00,0.0,0.0
2024-06-18 01:00:00,0.0,0.0
2024-06-18 02:00:00,0.0,0.0
2024-06-18 03:00:00,0.0,0.0
2024-06-18 04:00:00,0.0,0.0
2024-06-18 05:00:00,0.0,0.0
2024-06-18 06:00:00,0.0,0.0
2024-06-18 07:00:00,0.0,0.0
2024-06-18 08:00:00,0.0,0.0
2024-06-18 09:00:00,0.0,0.0
2024-06-18 10:00:00,0.16213634416680248,0.16213634416680248
2024-06-18 11:00:00,0.5558704230993924,0.5558704230993924
2024-06-18 12:00:00,1.1351886358097902,1.1351886358097902
2024-06-18 13:00:00,1.6860327128580312,1.6860327128580312
2024-06-18 14:00:00,2.6165360078534037,2.6165360078534037
2024-06-18 15:00:00,2.7481393192764085,2.7481393192764085
2024-06-18 16:00:00,4.100780514307859,4.100780514307859
2024-06-18 17:00:00,4.031972802202647,4.031972802202647
2024-06-18 18:00:00,4.713690879837889,4.713690879837889
2024-06-18 19:00:00,3.384613587866599,3.384613587866599
2024-06-18 20:00:00,3.4113999977963503,3.4113999977963503
2024-06-18 21:00:00,3.7289376981676647,3.7289376981676647
2024-06-18 22:00:00,0.0,0.0
2024-06-18 23:00:00,0.0,0.0
2024-06-19 00:00:00,0.0,0.0
2024-06-19 01:00:00,0.0,0.0
2024-06-19 02:00:00,0.0,0.0
2024-06-19 03:00:00,0.0,0.0
2024-06-19 04:00:00,0.0,0.0
2024-06-19 05:00:00,0.0,0.0
2024-06-19 06:00:00,0.0,0.0
2024-06-19 07:00:00,0.0,0.0
2024-06-19 08:00:00,0.0,0.0
2024-06-19 09:00:00,0.0,0.0
2024-06-19 10:00:00,0.15030578480728982,0.15030578480728982
2024-06-19 11:00:00,0.7157461299912925,0.7157461299912925
2024-06-19 12:00:00,1.268859051361455,1.268859051361455
2024-06-19 13:00:00,2.1047912024239794,2.1047912024239794
2024-06-19 14:00:00,2.6396418461144076,2.6396418461144076
2024-06-19 15:00:00,3.5560739253156264,3.5560739253156264
2024-06-19 16:00:00,4.806505585608196,4.806505585608196
2024-06-19 17:00:00,4.144290111777432,4.144290111777432
2024-06-19 18:00:00,4.8458165092587855,4.8458165092587855
2024-06-19 19:00:00,3.9218053755800804,3.9218053755800804
2024-06-19 20:00:00,4.2241267816814245,4.2241267816814245
2024-06-19 21:00:00,4.72116368207964,4.72116368207964
2024-06-19 22:00:00,0.0,0.0
2024-06-19 23:00:00,0.0,0.0
2024-06-20 00:00:00,0.0,0.0
2024-06-20 01:00:00,0.0,0.0
2024-06-20 02:00:00,0.0,0.0
2024-06-20 03:00:00,0.0,0.0
2024-06-20 04:00:00,0.0,0.0
2024-06-20 05:00:00,0.0,0.0
2024-06-20 06:00:00,0.0,0.0
2024-06-20 07:00:00,0.0,0.0
2024-06-20 08:00:00,0.0,0.0
2024-06-20 09:00:00,0.0,0.0
2024-06-20 10:00:00,0.16593706407882977,0.16593706407882977
2024-06-20 11:00:00,0.49287278077779123,0.49287278077779123
2024-06-20 12:00:00,1.1034375944292132,1.1034375944292132
2024-06-20 13:00:00,1.6255747201566404,1.6255747201566404
2024-06-20 14:00:00,2.570110111229766,2.570110111229766
2024-06-20 15:00:00,2.921769273698506,2.921769273698506
2024-06-20 16:00:00,4.388457685435478,4.388457685435478
2024-06-20 17:00:00,4.7426066760036605,4.7426066760036605
2024-06-20 18:00:00,4.847142647116002,4.847142647116002
2024-06-20 19:00:00,4.105717988025916,4.105717988025916
2024-06-20 20:00:00,3.661860737297405,3.661860737297405
2024-06-20 21:00:00,3.5444667915887114,3.5444667915887114
2024-06-20 22:00:00,0.0,0.0
2024-06-20 23:00:00,0.0,0.0
2024-06-21 00:00:00,0.0,0.0
2024-06-21 01:00:00,0.0,0.0
2024-06-21 02:00:00,0.0,0.0
2024-06-21 03:00:00,0.0,0.0
2024-06-21 04:00:00,0.0,0.0
2024-06-21 05:00:00,0.0,0.0
2024-06-21 06:00:00,0.0,0.0
2024-06-21 07:00:00,0.0,0.0
2024-06-21 08:00:00,0.0,0.0
2024-06-21 09:00:00,0.0,0.0
2024-06-21 10:00:00,0.18601704848155015,0.18601704848155015
2024-06-21 11:00:00,0.6922997456055415,0.6922997456055415
2024-06-21 12:00:00,1.3331435186944884,1.3331435186944884
2024-06-21 13:00:00,2.0674581994299355,2.0674581994299355
2024-06-21 14:00:00,2.754464554277214,2.754464554277214
2024-06-21 15:00:00,3.8402437837713514,3.8402437837713514
2024-06-21 16:00:00,4.342154358813049,4.342154358813049
2024-06-21 17:00:00,4.305907506981971,4.305907506981971
2024-06-21 18:00:00,5.3841876755335685,5.3841876755335685
2024-06-21 19:00:00,4.212612089552601,4.212612089552601
2024-06-21 20:00:00,3.776486099294145,3.776486099294145
2024-06-21 21:00:00,4.573315350087305,4.573315350087305
2024-06-21 22:00:00,0.0,0.0
2024-06-21 23:00:00,0.0,0.0
2024-06-22 00:00:00,0.0,0.0
2024-06-22 01:00:00,0.0,0.0
2024-06-22 02:00:00,0.0,0.0
2024-06-22 03:00:00,0.0,0.0
2024-06-22 04:00:00,0.0,0.0
2024-06-22 05:00:00,0.0,0.0
2024-06-22 06:00:00,0.0,0.0
2024-06-22 07:00:00,0.0,0.0
2024-06-22 08:00:00,0.0,0.0
2024-06-22 09:00:00,0.0,0.0
2024-06-22 10:00:00,0.10647814953942927,0.10647814953942927
2024-06-22 11:00:00,0.44959427323308815,0.44959427323308815
2024-06-22 12:00:00,0.754372751695303,0.754372751695303
2024-06-22 13:00:00,1.1449347135475563,1.1449347135475563
2024-06-22 14:00:00,1.6477491399511874,1.6477491399511874
2024-06-22 15:00:00,2.310527168400877,2.310527168400877
2024-06-22 16:00:00,2.6754838975865196,2.6754838975865196
2024-06-22 17:00:00,3.312817559072166,3.312817559072166
2024-06-22 18:00:00,3.298639711631037,3.298639711631037
2024-06-22 19:00:00,2.3882093674331792,2.3882093674331792
2024-06-22 20:00:00,2.7030473516010414,2.7030473516010414
2024-06-22 21:00:00,3.2049716672757036,3.2049716672757036
2024-06-22 22:00:00,0.0,0.0
2024-06-22 23:00:00,0.0,0.0
2024-06-23 00:00:00,0.0,0.0
2024-06-23 01:00:00,0.0,0.0
2024-06-23 02:00:00,0.0,0.0
2024-06-23 03:00:00,0.0,0.0
2024-06-23 04:00:00,0.0,0.0
2024-06-23 05:00:00,0.0,0.0
2024-06-23 06:00:00,0.0,0.0
2024-06-23 07:00:00,0.0,0.0
2024-06-23 08:00:00,0.0,0.0
2024-06-23 09:00:00,0.0,0.0
2024-06-23 10:00:00,0.10828885052122621,0.10828885052122621
2024-06-23 11:00:00,0.4179508696075422,0.4179508696075422
2024-06-23 12:00:00,0.976998992597506,0.976998992597506
2024-06-23 13:00:00,1.3992308777151654,1.3992308777151654
2024-06-23 14:00:00,1.8316689744836985,1.8316689744836985
2024-06-23 15:00:00,2.675788004651672,2.675788004651672
2024-06-23 16:00:00,2.721573450959845,2.721573450959845
2024-06-23 17:00:00,3.460583463533425,3.460583463533425
2024-06-23 18:00:00,3.420763444351135,3.420763444351135
2024-06-23 19:00:00,3.1782515617285934,3.1782515617285934
2024-06-23 20:00:00,2.7940813469860295,2.7940813469860295
2024-06-23 21:00:00,3.094440612063012,3.094440612063012
2024-06-23 22:00:00,0.0,0.0
2024-06-23 23:00:00,0.0,0.0
2024-06-24 00:00:00,0.0,0.0
2024-06-24 01:00:00,0.0,0.0
2024-06-24 02:00:00,0.0,0.0
2024-06-24 03:00:00,0.0,0.0
2024-06-24 04:00:00,0.0,0.0
2024-06-24 05:00:00,0.0,0.0
2024-06-24 06:00:00,0.0,0.0
2024-06-24 07:00:00,0.0,0.0
2024-06-24 08:00:00,0.0,0.0
2024-06-24 09:00:00,0.0,0.0
2024-06-24 10:00:00,0.15036566587799507,0.15036566587799507
2024-06-24 11:00:00,0.624293957500047,0.624293957500047
2024-06-24 12:00:00,1.4176744214257186,1.4176744214257186
2024-06-24 13:00:00,2.2916979216645683,2.2916979216645683
2024-06-24 14:00:00,3.2261303112574615,3.2261303112574615
2024-06-24 15:00:00,3.6870048777175373,3.6870048777175373
2024-06-24 16:00:00,4.354896025019482,4.354896025019482
2024-06-24 17:00:00,5.01161359597749,5.01161359597749
2024-06-24 18:00:00,4.893194581076764,4.893194581076764
2024-06-24 19:00:00,3.8363744968230122,3.8363744968230122
2024-06-24 20:00:00,3.7987674654757697,3.7987674654757697
2024-06-24 21:00:00,4.656645759427684,4.656645759427684
2024-06-24 22:00:00,0.0,0.0
2024-06-24 23:00:00,0.0,0.0
2024-06-25 00:00:00,0.0,0.0
2024-06-25 01:00:00,0.0,0.0
2024-06-25 02:00:00,0.0,0.0
2024-06-25 03:00:00,0.0,0.0
2024-06-25 04:00:00,0.0,0.0
2024-06-25 05:00:00,0.0,0.0
2024-06-25 06:00:00,0.0,0.0
2024-06-25 07:00:00,0.0,0.0
2024-06-25 08:00:00,0.0,0.0
2024-06-25 09:00:00,0.0,0.0
2024-06-25 10:00:00,0.17921263190849637,0.17921263190849637
2024-06-25 11:00:00,0.5866266856440469,0.5866266856440469
2024-06-25 12:00:00,1.3385773835628507,1.3385773835628507
2024-06-25 13:00:00,1.8142259654471151,1.8142259654471151
2024-06-25 14:00:00,3.2368255382576168,3.2368255382576168
2024-06-25 15:00:00,3.436424139260595,3.436424139260595
2024-06-25 16:00:00,4.13191106504092,4.13191106504092
2024-06-25 17:00:00,4.8133600668434715,4.8133600668434715
2024-06-25 18:00:00,5.273859845497409,5.273859845497409
2024-06-25 19:00:00,4.947804772547397,4.947804772547397
2024-06-25 20:00:00,3.7684849105131537,3.7684849105131537
2024-06-25 21:00:00,4.032632745773575,4.032632745773575
2024-06-25 22:00:00,0.0,0.0
2024-06-25 23:00:00,0.0,0.0
2024-06-26 00:00:00,0.0,0.0
2024-06-26 01:00:00,0.0,0.0
2024-06-26 02:00:00,0.0,0.0
2024-06-26 03:00:00,0.0,0.0
2024-06-26 04:00:00,0.0,0.0
2024-06-26 05:00:00,0.0,0.0
2024-06-26 06:00:00,0.0,0.0
2024-06-26 07:00:00,0.0,0.0
2024-06-26 08:00:00,0.0,0.0
2024-06-26 09:00:00,0.0,0.0
2024-06-26 10:00:00,0.16349334254391187,0.16349334254391187
2024-06-26 11:00:00,0.6310765343323177,0.6310765343323177
2024-06-26 12:00:00,1.2899050223053288,1.2899050223053288
2024-06-26 13:00:00,1.9178161222827865,1.9178161222827865
2024-06-26 14:00:00,2.5036695597299086,2.5036695597299086
2024-06-26 15:00:00,2.797815370319908,2.797815370319908
2024-06-26 16:00:00,3.635166771833187,3.635166771833187
2024-06-26 17:00:00,4.971492874112959,4.971492874112959
2024-06-26 18:00:00,4.3137130997166375,4.3137130997166375
2024-06-26 19:00:00,3.993904774923738,3.993904774923738
2024-06-26 20:00:00,3.3843556476814887,3.3843556476814887
2024-06-26 21:00:00,3.9922712853109132,3.9922712853109132
2024-06-26 22:00:00,0.0,0.0
2024-06-26 23:00:00,0.0,0.0
2024-06-27 00:00:00,0.0,0.0
2024-06-27 01:00:00,0.0,0.0
2024-06-27 02:00:00,0.0,0.0
2024-06-27 03:00:00,0.0,0.0
2024-06-27 04:00:00,0.0,0.0
2024-06-27 05:00:00,0.0,0.0
2024-06-27 06:00:00,0.0,0.0
2024-06-27 07:00:00,0.0,0.0
2024-06-27 08:00:00,0.0,0.0
2024-06-27 09:00:00,0.0,0.0
2024-06-27 10:00:00,0.14540151630656512,0.14540151630656512
2024-06-27 11:00:00,0.6587700408595311,0.6587700408595311
2024-06-27 12:00:00,1.167099928606652,1.167099928606652
2024-06-27 13:00:00,1.6749331893313786,1.6749331893313786
2024-06-27 14:00:00,3.06673156689047,3.06673156689047
2024-06-27 15:00:00,2.826479761637382,2.826479761637382
2024-06-27 16:00:00,4.237785491571957,4.237785491571957
2024-06-27 17:00:00,4.813838880152161,4.813838880152161
2024-06-27 18:00:00,4.231428699565537,4.231428699565537
2024-06-27 19:00:00,3.5869367292685412,3.5869367292685412
2024-06-27 20:00:00,3.9302584049102056,3.9302584049102056
2024-06-27 21:00:00,4.358948583452428,4.358948583452428
2024-06-27 22:00:00,0.0,0.0
2024-06-27 23:00:00,0.0,0.0
2024-06-28 00:00:00,0.0,0.0
2024-06-28 01:00:00,0.0,0.0
2024-06-28 02:00:00,0.0,0.0
2024-06-28 03:00:00,0.0,0.0
2024-06-28 04:00:00,0.0,0.0
2024-06-28 05:00:00,0.0,0.0
2024-06-28 06:00:00,0.0,0.0
2024-06-28 07:00:00,0.0,0.0
2024-06-28 08:00:00,0.0,0.0
2024-06-28 09:00:00,0.0,0.0
2024-06-28 10:00:00,0.14598190911495965,0.14598190911495965
2024-06-28 11:00:00,0.5371018287187468,0.5371018287187468
2024-06-28 12:00:00,1.0881480141947792,1.0881480141947792
2024-06-28 13:00:00,1.5126756071428014,1.5126756071428014
2024-06-28 14:00:00,2.472145853701202,2.472145853701202
2024-06-28 15:00:00,2.823527229630423,2.823527229630423
2024-06-28 16:00:00,4.097668208726171,4.097668208726171
2024-06-28 17:00:00,4.476390787701905,4.476390787701905
2024-06-28 18:00:00,4.424874110027834,4.424874110027834
2024-06-28 19:00:00,3.789737489714051,3.789737489714051
2024-06-28 20:00:00,3.5957589759284225,3.5957589759284225
2024-06-28 21:00:00,3.534173297674668,3.534173297674668
2024-06-28 22:00:00,0.0,0.0
2024-06-28 23:00:00,0.0,0.0
2024-06-29 00:00:00,0.0,0.0
2024-06-29 01:00:00,0.0,0.0
2024-06-29 02:00:00,0.0,0.0
2024-06-29 03:00:00,0.0,0.0
2024-06-29 04:00:00,0.0,0.0
2024-06-29 05:00:00,0.0,0.0
2024-06-29 06:00:00,0.0,0.0
2024-06-29 07:00:00,0.0,0.0
2024-06-29 08:00:00,0.0,0.0
2024-06-29 09:00:00,0.0,0.0
2024-06-29 10:00:00,0.09774575820328381,0.09774575820328381
2024-06-29 11:00:00,0.40874132633297816,0.40874132633297816
2024-06-29 12:00:00,0.8891038988321279,0.8891038988321279
2024-06-29 13:00:00,1.4230146406998636,1.4230146406998636
2024-06-29 14:00:00,1.8571176317081646,1.8571176317081646
2024-06-29 15:00:00,2.2123536916720985,2.2123536916720985
2024-06-29 16:00:00,2.6433709576150597,2.6433709576150597
2024-06-29 17:00:00,3.013821328307989,3.013821328307989
2024-06-29 18:00:00,2.845512297440691,2.845512297440691
2024-06-29 19:00:00,2.3591852562572297,2.3591852562572297
2024-06-29 20:00:00,2.6822739253993197,2.6822739253993197
2024-06-29 21:00:00,2.7659616972527483,2.7659616972527483
2024-06-29 22:00:00,0.0,0.0
2024-06-29 23:00:00,0.0,0.0
2024-06-30 00:00:00,0.0,0.0
2024-06-30 01:00:00,0.0,0.0
2024-06-30 02:00:00,0.0,0.0
2024-06-30 03:00:00,0.0,0.0
2024-06-30 04:00:00,0.0,0.0
2024-06-30 05:00:00,0.0,0.0
2024-06-30 06:00:00,0.0,0.0
2024-06-30 07:00:00,0.0,0.0
2024-06-30 08:00:00,0.0,0.0
2024-06-30 09:00:00,0.0,0.0
2024-06-30 10:00:00,0.10831816975862145,0.10831816975862145
2024-06-30 11:00:00,0.4429411147185519,0.4429411147185519
2024-06-30 12:00:00,0.8774788736194775,0.8774788736194775
2024-06-30 13:00:00,1.4241223051631549,1.4241223051631549
2024-06-30 14:00:00,1.8295127288216493,1.8295127288216493
2024-06-30 15:00:00,2.1328727912634413,2.1328727912634413
2024-06-30 16:00:00,3.2454316750963956,3.2454316750963956
2024-06-30 17:00:00,3.1379158458549767,3.1379158458549767
2024-06-30 18:00:00,3.4636359413154514,3.4636359413154514
2024-06-30 19:00:00,2.8833803828143463,2.8833803828143463
2024-06-30 20:00:00,2.527355802413986,2.527355802413986
2024-06-30 21:00:00,3.2238530938514605,3.2238530938514605
2024-06-30 22:00:00,0.0,0.0
2024-06-30 23:00:00,0.0,0.0
2024-07-01 00:00:00,0.0,0.0
2024-07-01 01:00:00,0.0,0.0
2024-07-01 02:00:00,0.0,0.0
2024-07-01 03:00:00,0.0,0.0
2024-07-01 04:00:00,0.0,0.0
2024-07-01 05:00:00,0.0,0.0
2024-07-01 06:00:00,0.0,0.0
2024-07-01 07:00:00,0.0,0.0
2024-07-01 08:00:00,0.0,0.0
2024-07-01 09:00:00,0.0,0.0
2024-07-01 10:00:00,0.15924953911601727,0.15924953911601727
2024-07-01 11:00:00,0.6216581964977493,0.6216581964977493
2024-07-01 12:00:00,1.3194727018530912,1.3194727018530912
2024-07-01 13:00:00,1.9882871397767101,1.9882871397767101
2024-07-01 14:00:00,2.5788885538914954,2.5788885538914954
2024-07-01 15:00:00,3.360457211700274,3.360457211700274
2024-07-01 16:00:00,3.462156660904218,3.462156660904218
2024-07-01 17:00:00,3.9453737401700315,3.9453737401700315
2024-07-01 18:00:00,4.3316199309851715,4.3316199309851715
2024-07-01 19:00:00,3.8394088660900723,3.8394088660900723
2024-07-01 20:00:00,3.900018375529529,3.900018375529529
2024-07-01 21:00:00,3.9194712335197415,3.9194712335197415
2024-07-01 22:00:00,0.0,0.0
2024-07-01 23:00:00,0.0,0.0
2024-07-02 00:00:00,0.0,0.0
2024-07-02 01:00:00,0.0,0.0
2024-07-02 02:00:00,0.0,0.0
2024-07-02 03:00:00,0.0,0.0
2024-07-02 04:00:00,0.0,0.0
2024-07-02 05:00:00,0.0,0.0
2024-07-02 06:00:00,0.0,0.0
2024-07-02 07:00:00,0.0,0.0
2024-07-02 08:00:00,0.0,0.0
2024-07-02 09:00:00,0.0,0.0
2024-07-02 10:00:00,0.15674926029489916,0.15674926029489916
2024-07-02 11:00:00,0.5501326879608948,0.5501326879608948
2024-07-02 12:00:00,1.200205300668461,1.200205300668461
2024-07-02 13:00:00,1.9584339151590962,1.9584339151590962
2024-07-02 14:00:00,2.4583995756067507,2.4583995756067507
2024-07-02 15:00:00,3.2930363636565327,3.2930363636565327
2024-07-02 16:00:00,4.031773933771379,4.031773933771379
2024-07-02 17:00:00,4.65780564904864,4.65780564904864
2024-07-02 18:00:00,3.7716922004833635,3.7716922004833635
2024-07-02 19:00:00,4.086519896100539,4.086519896100539
2024-07-02 20:00:00,4.156918518917617,4.156918518917617
2024-07-02 21:00:00,4.098881830420988,4.098881830420988
2024-07-02 22:00:00,0.0,0.0
2024-07-02 23:00:00,0.0,0.0
2024-07-03 00:00:00,0.0,0.0
2024-07-03 01:00:00,0.0,0.0
2024-07-03 02:00:00,0.0,0.0
2024-07-03 03:00:00,0.0,0.0
2024-07-03 04:00:00,0.0,0.0
2024-07-03 05:00:00,0.0,0.0
2024-07-03 06:00:00,0.0,0.0
2024-07-03 07:00:00,0.0,0.0
2024-07-03 08:00:00,0.0,0.0
2024-07-03 09:00:00,0.0,0.0
2024-07-03 10:00:00,0.147019660727564,0.147019660727564
2024-07-03 11:00:00,0.5947646559488461,0.5947646559488461
2024-07-03 12:00:00,1.3346492861705288,1.3346492861705288
2024-07-03 13:00:00,1.8318405135188784,1.8318405135188784
2024-07-03 14:00:00,3.344994410233769,3.344994410233769
2024-07-03 15:00:00,3.2059221423188338,3.2059221423188338
2024-07-03 16:00:00,4.612302637378254,4.612302637378254
2024-07-03 17:00:00,4.919769073367176,4.919769073367176
2024-07-03 18:00:00,4.412923784230056,4.412923784230056
2024-07-03 19:00:00,4.354197835605668,4.354197835605668
2024-07-03 20:00:00,4.874693791157416,4.874693791157416
2024-07-03 21:00:00,4.930472297613765,4.930472297613765
2024-07-03 22:00:00,0.0,0.0
2024-07-03 23:00:00,0.0,0.0
2024-07-04 00:00:00,0.0,0.0
2024-07-04 01:00:00,0.0,0.0
2024-07-04 02:00:00,0.0,0.0
2024-07-04 03:00:00,0.0,0.0
2024-07-04 04:00:00,0.0,0.0
2024-07-04 05:00:00,0.0,0.0
2024-07-04 06:00:00,0.0,0.0
2024-07-04 07:00:00,0.0,0.0
2024-07-04 08:00:00,0.0,0.0
2024-07-04 09:00:00,0.0,0.0
2024-07-04 10:00:00,0.14262290298621175,0.14262290298621175
2024-07-04 11:00:00,0.5121404391148671,0.5121404391148671
2024-07-04 12:00:00,1.0570018853404193,1.0570018853404193
2024-07-04 13:00:00,1.5784265038641072,1.5784265038641072
2024-07-04 14:00:00,2.9058399602639264,2.9058399602639264
2024-07-04 15:00:00,2.8677849570833933,2.8677849570833933
2024-07-04 16:00:00,3.845320421804645,3.845320421804645
2024-07-04 17:00:00,4.9402816569321955,4.9402816569321955
2024-07-04 18:00:00,4.925517379028078,4.925517379028078
2024-07-04 19:00:00,4.1339484069509105,4.1339484069509105
2024-07-04 20:00:00,4.149931470759647,4.149931470759647
2024-07-04 21:00:00,4.378260880501506,4.378260880501506
2024-07-04 22:00:00,0.0,0.0
2024-07-04 23:00:00,0.0,0.0
2024-07-05 00:00:00,0.0,0.0
2024-07-05 01:00:00,0.0,0.0
2024-07-05 02:00:00,0.0,0.0
2024-07-05 03:00:00,0.0,0.0
2024-07-05 04:00:00,0.0,0.0
2024-07-05 05:00:00,0.0,0.0
2024-07-05 06:00:00,0.0,0.0
2024-07-05 07:00:00,0.0,0.0
2024-07-05 08:00:00,0.0,0.0
2024-07-05 09:00:00,0.0,0.0
2024-07-05 10:00:00,0.14313318153597832,0.14313318153597832
2024-07-05 11:00:00,0.5104715210268853,0.5104715210268853
2024-07-05 12:00:00,1.1705333408214234,1.1705333408214234
2024-07-05 13:00:00,1.901995722996674,1.901995722996674
2024-07-05 14:00:00,2.283874732905057,2.283874732905057
2024-07-05 15:00:00,3.307006842437321,3.307006842437321
2024-07-05 16:00:00,4.2061806308433445,4.2061806308433445
2024-07-05 17:00:00,4.840296121972514,4.840296121972514
2024-07-05 18:00:00,4.619276465697203,4.619276465697203
2024-07-05 19:00:00,3.7863253747166925,3.7863253747166925
2024-07-05 20:00:00,3.2528376447649143,3.2528376447649143
2024-07-05 21:00:00,3.3040178635069464,3.3040178635069464
2024-07-05 22:00:00,0.0,0.0
2024-07-05 23:00:00,0.0,0.0
2024-07-06 00:00:00,0.0,0.0
2024-07-06 01:00:00,0.0,0.0
2024-07-06 02:00:00,0.0,0.0
2024-07-06 03:00:00,0.0,0.0
2024-07-06 04:00:00,0.0,0.0
2024-07-06 05:00:00,0.0,0.0
2024-07-06 06:00:00,0.0,0.0
2024-07-06 07:00:00,0.0,0.0
2024-07-06 08:00:00,0.0,0.0
2024-07-06 09:00:00,0.0,0.0
2024-07-06 10:00:00,0.10536350288200953,0.10536350288200953
2024-07-06 11:00:00,0.47681279092807993,0.47681279092807993
2024-07-06 12:00:00,0.8299816788698937,0.8299816788698937
2024-07-06 13:00:00,1.3851802871280021,1.3851802871280021
2024-07-06 14:00:00,1.8359283476413009,1.8359283476413009
2024-07-06 15:00:00,2.6869639573078445,2.6869639573078445
2024-07-06 16:00:00,3.228694038558701,3.228694038558701
2024-07-06 17:00:00,3.1689126799415366,3.1689126799415366
2024-07-06 18:00:00,3.5427474625152855,3.5427474625152855
2024-07-06 19:00:00,2.9895661958075657,2.9895661958075657
2024-07-06 20:00:00,3.351274792770614,3.351274792770614
2024-07-06 21:00:00,3.5453378001445133,3.5453378001445133
2024-07-06 22:00:00,0.0,0.0
2024-07-06 23:00:00,0.0,0.0
2024-07-07 00:00:00,0.0,0.0
2024-07-07 01:00:00,0.0,0.0
2024-07-07 02:00:00,0.0,0.0
2024-07-07 03:00:00,0.0,0.0
2024-07-07 04:00:00,0.0,0.0
2024-07-07 05:00:00,0.0,0.0
2024-07-07 06:00:00,0.0,0.0
2024-07-07 07:00:00,0.0,0.0
2024-07-07 08:00:00,0.0,0.0
2024-07-07 09:00:00,0.0,0.0
2024-07-07 10:00:00,0.09498017946562297,0.09498017946562297
2024-07-07 11:00:00,0.41189334989851617,0.41189334989851617
2024-07-07 12:00:00,0.8648293084574432,0.8648293084574432
2024-07-07 13:00:00,1.132133124873377,1.132133124873377
2024-07-07 14:00:00,2.1865592439166153,2.1865592439166153
2024-07-07 15:00:00,2.412030109663217,2.412030109663217
2024-07-07 16:00:00,3.201133323213366,3.201133323213366
2024-07-07 17:00:00,2.9579037900774376,2.9579037900774376
2024-07-07 18:00:00,3.053984550909578,3.053984550909578
2024-07-07 19:00:00,2.5467521472481947,2.5467521472481947
2024-07-07 20:00:00,2.5791718551672385,2.5791718551672385
2024-07-07 21:00:00,2.5077881917548144,2.5077881917548144
2024-07-07 22:00:00,0.0,0.0
2024-07-07 23:00:00,0.0,0.0
2024-07-08 00:00:00,0.0,0.0
2024-07-08 01:00:00,0.0,0.0
2024-07-08 02:00:00,0.0,0.0
2024-07-08 03:00:00,0.0,0.0
2024-07-08 04:00:00,0.0,0.0
2024-07-08 05:00:00,0.0,0.0
2024-07-08 06:00:00,0.0,0.0
2024-07-08 07:00:00,0.0,0.0
2024-07-08 08:00:00,0.0,0.0
2024-07-08 09:00:00,0.0,0.0
2024-07-08 10:00:00,0.16601305848656414,0.16601305848656414
2024-07-08 11:00:00,0.4958217328888237,0.4958217328888237
2024-07-08 12:00:00,1.0581315020083937,1.0581315020083937
2024-07-08 13:00:00,1.6143033995191478,1.6143033995191478
2024-07-08 14:00:00,2.9805539468451028,2.9805539468451028
2024-07-08 15:00:00,3.0832166272631976,3.0832166272631976
2024-07-08 16:00:00,4.417559756103466,4.417559756103466
2024-07-08 17:00:00,4.764955918806494,4.764955918806494
2024-07-08 18:00:00,4.623145864754372,4.623145864754372
2024-07-08 19:00:00,3.437602319685069,3.437602319685069
2024-07-08 20:00:00,3.6353406515282205,3.6353406515282205
2024-07-08 21:00:00,4.239439790766572,4.239439790766572
2024-07-08 22:00:00,0.0,0.0
2024-07-08 23:00:00,0.0,0.0
2024-07-09 00:00:00,0.0,0.0
2024-07-09 01:00:00,0.0,0.0
2024-07-09 02:00:00,0.0,0.0
2024-07-09 03:00:00,0.0,0.0
2024-07-09 04:00:00,0.0,0.0
2024-07-09 05:00:00,0.0,0.0
2024-07-09 06:00:00,0.0,0.0
2024-07-09 07:00:00,0.0,0.0
2024-07-09 08:00:00,0.0,0.0
2024-07-09 09:00:00,0.0,0.0
2024-07-09 10:00:00,0.17810967944057196,0.17810967944057196
2024-07-09 11:00:00,0.6718795117184178,0.6718795117184178
2024-07-09 12:00:00,1.4257197478333052,1.4257197478333052
2024-07-09 13:00:00,2.006514711331299,2.006514711331299
2024-07-09 14:00:00,3.0659967631982763,3.0659967631982763
2024-07-09 15:00:00,3.6245917913151944,3.6245917913151944
2024-07-09 16:00:00,3.9546569274193955,3.9546569274193955
2024-07-09 17:00:00,5.199439874331202,5.199439874331202
2024-07-09 18:00:00,5.401888720736311,5.401888720736311
2024-07-09 19:00:00,4.137896851062346,4.137896851062346
2024-07-09 20:00:00,4.936410085353769,4.936410085353769
2024-07-09 21:00:00,4.207795613884948,4.207795613884948
2024-07-09 22:00:00,0.0,0.0
2024-07-09 23:00:00,0.0,0.0
2024-07-10 00:00:00,0.0,0.0
2024-07-10 01:00:00,0.0,0.0
2024-07-10 02:00:00,0.0,0.0
2024-07-10 03:00:00,0.0,0.0
2024-07-10 04:00:00,0.0,0.0
2024-07-10 05:00:00,0.0,0.0
2024-07-10 06:00:00,0.0,0.0
2024-07-10 07:00:00,0.0,0.0
2024-07-10 08:00:00,0.0,0.0
2024-07-10 09:00:00,0.0,0.0
2024-07-10 10:00:00,0.15445111570306536,0.15445111570306536
2024-07-10 11:00:00,0.6148497615400004,0.6148497615400004
2024-07-10 12:00:00,1.2966758396691256,1.2966758396691256
2024-07-10 13:00:00,2.04944704163302,2.04944704163302
2024-07-10 14:00:00,2.9977690273129443,2.9977690273129443
2024-07-10 15:00:00,3.3083710450741464,3.3083710450741464
2024-07-10 16:00:00,4.368537913192861,4.368537913192861
2024-07-10 17:00:00,5.172945496838351,5.172945496838351
2024-07-10 18:00:00,4.680728492315323,4.680728492315323
2024-07-10 19:00:00,4.33992449033927,4.33992449033927
2024-07-10 20:00:00,4.133835681224928,4.133835681224928
2024-07-10 21:00:00,4.1285460790331765,4.1285460790331765
2024-07-10 22:00:00,0.0,0.0
2024-07-10 23:00:00,0.0,0.0
2024-07-11 00:00:00,0.0,0.0
2024-07-11 01:00:00,0.0,0.0
2024-07-11 02:00:00,0.0,0.0
2024-07-11 03:00:00,0.0,0.0
2024-07-11 04:00:00,0.0,0.0
2024-07-11 05:00:00,0.0,0.0
2024-07-11 06:00:00,0.0,0.0
2024-07-11 07:00:00,0.0,0.0
2024-07-11 08:00:00,0.0,0.0
2024-07-11 09:00:00,0.0,0.0
2024-07-11 10:00:00,0.1695346532580883,0.1695346532580883
2024-07-11 11:00:00,0.6692795077759421,0.6692795077759421
2024-07-11 12:00:00,1.1722357826971084,1.1722357826971084
2024-07-11 13:00:00,1.841469673536121,1.841469673536121
2024-07-11 14:00:00,3.366631648340033,3.366631648340033
2024-07-11 15:00:00,3.9170197456987688,3.9170197456987688
2024-07-11 16:00:00,4.793362208329244,4.793362208329244
2024-07-11 17:00:00,4.344682537119581,4.344682537119581
2024-07-11 18:00:00,5.315248718632442,5.315248718632442
2024-07-11 19:00:00,3.6800708158741497,3.6800708158741497
2024-07-11 20:00:00,4.432637954462267,4.432637954462267
2024-07-11 21:00:00,4.599056260068579,4.599056260068579
2024-07-11 22:00:00,0.0,0.0
2024-07-11 23:00:00,0.0,0.0
2024-07-12 00:00:00,0.0,0.0
2024-07-12 01:00:00,0.0,0.0
2024-07-12 02:00:00,0.0,0.0
2024-07-12 03:00:00,0.0,0.0
2024-07-12 04:00:00,0.0,0.0
2024-07-12 05:00:00,0.0,0.0
2024-07-12 06:00:00,0.0,0.0
2024-07-12 07:00:00,0.0,0.0
2024-07-12 08:00:00,0.0,0.0
2024-07-12 09:00:00,0.0,0.0
2024-07-12 10:00:00,0.1820132143772226,0.1820132143772226
2024-07-12 11:00:00,0.6433342290095544,0.6433342290095544
2024-07-12 12:00:00,1.1159758802708761,1.1159758802708761
2024-07-12 13:00:00,2.078805776643432,2.078805776643432
2024-07-12 14:00:00,2.9578988656339154,2.9578988656339154
2024-07-12 15:00:00,3.7580670863002927,3.7580670863002927
2024-07-12 16:00:00,4.365435119376113,4.365435119376113
2024-07-12 17:00:00,5.1291405935667935,5.1291405935667935
2024-07-12 18:00:00,4.399174821519314,4.399174821519314
2024-07-12 19:00:00,4.713178679806873,4.713178679806873
2024-07-12 20:00:00,4.652178392921329,4.652178392921329
2024-07-12 21:00:00,4.18906093173273,4.18906093173273
2024-07-12 22:00:00,0.0,0.0
2024-07-12 23:00:00,0.0,0.0
2024-07-13 00:00:00,0.0,0.0
2024-07-13 01:00:00,0.0,0.0
2024-07-13 02:00:00,0.0,0.0
2024-07-13 03:00:00,0.0,0.0
2024-07-13 04:00:00,0.0,0.0
2024-07-13 05:00:00,0.0,0.0
2024-07-13 06:00:00,0.0,0.0
2024-07-13 07:00:00,0.0,0.0
2024-07-13 08:00:00,0.0,0.0
2024-07-13 09:00:00,0.0,0.0
2024-07-13 10:00:00,0.11008416888202703,0.11008416888202703
2024-07-13 11:00:00,0.4478175835079996,0.4478175835079996
2024-07-13 12:00:00,0.6943592096594707,0.6943592096594707
2024-07-13 13:00:00,1.0576858123235398,1.0576858123235398
2024-07-13 14:00:00,1.6648264715255965,1.6648264715255965
2024-07-13 15:00:00,2.0518029768627457,2.0518029768627457
2024-07-13 16:00:00,2.7405726516069766,2.7405726516069766
2024-07-13 17:00:00,2.5850280652511866,2.5850280652511866
2024-07-13 18:00:00,3.179974730620898,3.179974730620898
2024-07-13 19:00:00,3.0300815909936247,3.0300815909936247
2024-07-13 20:00:00,2.469112342795492,2.469112342795492
2024-07-13 21:00:00,2.308599287953425,2.308599287953425
2024-07-13 22:00:00,0.0,0.0
2024-07-13 23:00:00,0.0,0.0
2024-07-14 00:00:00,0.0,0.0
2024-07-14 01:00:00,0.0,0.0
2024-07-14 02:00:00,0.0,0.0
2024-07-14 03:00:00,0.0,0.0
2024-07-14 04:00:00,0.0,0.0
2024-07-14 05:00:00,0.0,0.0
2024-07-14 06:00:00,0.0,0.0
2024-07-14 07:00:00,0.0,0.0
2024-07-14 08:00:00,0.0,0.0
2024-07-14 09:00:00,0.0,0.0
2024-07-14 10:00:00,0.11272726948262657,0.11272726948262657
2024-07-14 11:00:00,0.42398001136943986,0.42398001136943986
2024-07-14 12:00:00,0.8362482873229626,0.8362482873229626
2024-07-14 13:00:00,1.1194534739557316,1.1194534739557316
2024-07-14 14:00:00,1.7479583559892395,1.7479583559892395
2024-07-14 15:00:00,2.208217876427068,2.208217876427068
2024-07-14 16:00:00,2.374229553879735,2.374229553879735
2024-07-14 17:00:00,2.6316124638854808,2.6316124638854808
2024-07-14 18:00:00,2.609801542949352,2.609801542949352
2024-07-14 19:00:00,3.012458428267244,3.012458428267244
2024-07-14 20:00:00,2.8309307276644917,2.8309307276644917
2024-07-14 21:00:00,2.9918795108213145,2.9918795108213145
2024-07-14 22:00:00,0.0,0.0
2024-07-14 23:00:00,0.0,0.0
2024-07-15 00:00:00,0.0,0.0
2024-07-15 01:00:00,0.0,0.0
2024-07-15 02:00:00,0.0,0.0
2024-07-15 03:00:00,0.0,0.0
2024-07-15 04:00:00,0.0,0.0
2024-07-15 05:00:00,0.0,0.0
2024-07-15 06:00:00,0.0,0.0
2024-07-15 07:00:00,0.0,0.0
2024-07-15 08:00:00,0.0,0.0
2024-07-15 09:00:00,0.0,0.0
2024-07-15 10:00:00,0.14432983920057235,0.14432983920057235
2024-07-15 11:00:00,0.6495606628332469,0.6495606628332469
2024-07-15 12:00:00,1.1009207184538103,1.1009207184538103
2024-07-15 13:00:00,2.1184445682870447,2.1184445682870447
2024-07-15 14:00:00,2.509055821381098,2.509055821381098
2024-07-15 15:00:00,2.871656237005105,2.871656237005105
2024-07-15 16:00:00,4.160619642180587,4.160619642180587
2024-07-15 17:00:00,4.2829636098689035,4.2829636098689035
2024-07-15 18:00:00,4.074333876395578,4.074333876395578
2024-07-15 19:00:00,3.5583553466157967,3.5583553466157967
2024-07-15 20:00:00,4.140496978225219,4.140496978225219
2024-07-15 21:00:00,3.8648828087606537,3.8648828087606537
2024-07-15 22:00:00,0.0,0.0
2024-07-15 23:00:00,0.0,0.0
2024-07-16 00:00:00,0.0,0.0
2024-07-16 01:00:00,0.0,0.0
2024-07-16 02:00:00,0.0,0.0
2024-07-16 03:00:00,0.0,0.0
2024-07-16 04:00:00,0.0,0.0
2024-07-16 05:00:00,0.0,0.0
2024-07-16 06:00:00,0.0,0.0
2024-07-16 07:00:00,0.0,0.0
2024-07-16 08:00:00,0.0,0.0
2024-07-16 09:00:00,0.0,0.0
2024-07-16 10:00:00,0.15893271808295056,0.15893271808295056
2024-07-16 11:00:00,0.4866344850793367,0.4866344850793367
2024-07-16 12:00:00,1.115047833331517,1.115047833331517
2024-07-16 13:00:00,1.6973679014613676,1.6973679014613676
2024-07-16 14:00:00,2.7185228895688045,2.7185228895688045
2024-07-16 15:00:00,2.7584036330191433,2.7584036330191433
2024-07-16 16:00:00,3.352772141075134,3.352772141075134
2024-07-16 17:00:00,4.812973160300734,4.812973160300734
2024-07-16 18:00:00,4.129590913140612,4.129590913140612
2024-07-16 19:00:00,3.401071712478812,3.401071712478812
2024-07-16 20:00:00,3.2921516975281957,3.2921516975281957
2024-07-16 21:00:00,3.863267814766884,3.863267814766884
2024-07-16 22:00:00,0.0,0.0
2024-07-16 23:00:00,0.0,0.0
2024-07-17 00:00:00,0.0,0.0
2024-07-17 01:00:00,0.0,0.0
2024-07-17 02:00:00,0.0,0.0
2024-07-17 03:00:00,0.0,0.0
2024-07-17 04:00:00,0.0,0.0
2024-07-17 05:00:00,0.0,0.0
2024-07-17 06:00:00,0.0,0.0
2024-07-17 07:00:00,0.0,0.0
2024-07-17 08:00:00,0.0,0.0
2024-07-17 09:00:00,0.0,0.0
2024-07-17 10:00:00,0.1787166596482149,0.1787166596482149
2024-07-17 11:00:00,0.6759783355363553,0.6759783355363553
2024-07-17 12:00:00,1.4535309503031535,1.4535309503031535
2024-07-17 13:00:00,1.756499634813484,1.756499634813484
2024-07-17 14:00:00,3.1322965427581595,3.1322965427581595
2024-07-17 15:00:00,3.2057663678107886,3.2057663678107886
2024-07-17 16:00:00,4.1688461384821185,4.1688461384821185
2024-07-17 17:00:00,5.762625378030201,5.762625378030201
2024-07-17 18:00:00,4.279504422196452,4.279504422196452
2024-07-17 19:00:00,4.198726714681368,4.198726714681368
2024-07-17 20:00:00,4.001632562291732,4.001632562291732
2024-07-17 21:00:00,4.623935625174263,4.623935625174263
2024-07-17 22:00:00,0.0,0.0
2024-07-17 23:00:00,0.0,0.0
2024-07-18 00:00:00,0.0,0.0
2024-07-18 01:00:00,0.0,0.0
2024-07-18 02:00:00,0.0,0.0
2024-07-18 03:00:00,0.0,0.0
2024-07-18 04:00:00,0.0,0.0
2024-07-18 05:00:00,0.0,0.0
2024-07-18 06:00:00,0.0,0.0
2024-07-18 07:00:00,0.0,0.0
2024-07-18 08:00:00,0.0,0.0
2024-07-18 09:00:00,0.0,0.0
2024-07-18 10:00:00,0.18213835840200227,0.18213835840200227
2024-07-18 11:00:00,0.6571179484298117,0.6571179484298117
2024-07-18 12:00:00,1.469342956577354,1.469342956577354
2024-07-18 13:00:00,1.927528877124745,1.927528877124745
2024-07-18 14:00:00,2.7568420442075285,2.7568420442075285
2024-07-18 15:00:00,3.8800174350625225,3.8800174350625225
2024-07-18 16:00:00,3.80123280961045,3.80123280961045
2024-07-18 17:00:00,5.4257419838234915,5.4257419838234915
2024-07-18 18:00:00,4.216060552084805,4.216060552084805
2024-07-18 19:00:00,4.080566286499299,4.080566286499299
2024-07-18 20:00:00,4.180970418051443,4.180970418051443
2024-07-18 21:00:00,4.191462894417167,4.191462894417167
2024-07-18 22:00:00,0.0,0.0
2024-07-18 23:00:00,0.0,0.0
2024-07-19 00:00:00,0.0,0.0
2024-07-19 01:00:00,0.0,0.0
2024-07-19 02:00:00,0.0,0.0
2024-07-19 03:00:00,0.0,0.0
2024-07-19 04:00:00,0.0,0.0
2024-07-19 05:00:00,0.0,0.0
2024-07-19 06:00:00,0.0,0.0
2024-07-19 07:00:00,0.0,0.0
2024-07-19 08:00:00,0.0,0.0
2024-07-19 09:00:00,0.0,0.0
2024-07-19 10:00:00,0.1398467133274697,0.1398467133274697
2024-07-19 11:00:00,0.5797947482016754,0.5797947482016754
2024-07-19 12:00:00,1.0340522186629149,1.0340522186629149
2024-07-19 13:00:00,1.4851360152162414,1.4851360152162414
2024-07-19 14:00:00,2.4833617871729867,2.4833617871729867
2024-07-19 15:00:00,3.026926198263979,3.026926198263979
2024-07-19 16:00:00,4.142277888931825,4.142277888931825
2024-07-19 17:00:00,4.028402372728564,4.028402372728564
2024-07-19 18:00:00,4.638257041692757,4.638257041692757
2024-07-19 19:00:00,3.731916661986371,3.731916661986371
2024-07-19 20:00:00,3.9280860893182674,3.9280860893182674
2024-07-19 21:00:00,3.2129388586078442,3.2129388586078442
2024-07-19 22:00:00,0.0,0.0
2024-07-19 23:00:00,0.0,0.0
2024-07-20 00:00:00,0.0,0.0
2024-07-20 01:00:00,0.0,0.0
2024-07-20 02:00:00,0.0,0.0
2024-07-20 03:00:00,0.0,0.0
2024-07-20 04:00:00,0.0,0.0
2024-07-20 05:00:00,0.0,0.0
2024-07-20 06:00:00,0.0,0.0
2024-07-20 07:00:00,0.0,0.0
2024-07-20 08:00:00,0.0,0.0
2024-07-20 09:00:00,0.0,0.0
2024-07-20 10:00:00,0.09393767961279532,0.09393767961279532
2024-07-20 11:00:00,0.4454375765349998,0.4454375765349998
2024-07-20 12:00:00,0.8562406320355068,0.8562406320355068
2024-07-20 13:00:00,1.4675681604224227,1.4675681604224227
2024-07-20 14:00:00,1.9887630206938196,1.9887630206938196
2024-07-20 15:00:00,2.1095897935303713,2.1095897935303713
2024-07-20 16:00:00,3.0865865509328363,3.0865865509328363
2024-07-20 17:00:00,3.6422178635330527,3.6422178635330527
2024-07-20 18:00:00,3.532241354499894,3.532241354499894
2024-07-20 19:00:00,2.6180422826131493,2.6180422826131493
2024-07-20 20:00:00,2.665906243206176,2.665906243206176
2024-07-20 21:00:00,3.0513008309738128,3.0513008309738128
2024-07-20 22:00:00,0.0,0.0
2024-07-20 23:00:00,0.0,0.0
2024-07-21 00:00:00,0.0,0.0
2024-07-21 01:00:00,0.0,0.0
2024-07-21 02:00:00,0.0,0.0
2024-07-21 03:00:00,0.0,0.0
2024-07-21 04:00:00,0.0,0.0
2024-07-21 05:00:00,0.0,0.0
2024-07-21 06:00:00,0.0,0.0
2024-07-21 07:00:00,0.0,0.0
2024-07-21 08:00:00,0.0,0.0
2024-07-21 09:00:00,0.0,0.0
2024-07-21 10:00:00,0.09128741864165754,0.09128741864165754
2024-07-21 11:00:00,0.46027836240558123,0.46027836240558123
2024-07-21 12:00:00,0.7013748491657064,0.7013748491657064
2024-07-21 13:00:00,1.3393377710221772,1.3393377710221772
2024-07-21 14:00:00,2.1318346091424587,2.1318346091424587
2024-07-21 15:00:00,2.3633306493925788,2.3633306493925788
2024-07-21 16:00:00,2.4804402674159642,2.4804402674159642
2024-07-21 17:00:00,2.822379919620074,2.822379919620074
2024-07-21 18:00:00,2.641091672808393,2.641091672808393
2024-07-21 19:00:00,2.41417812531749,2.41417812531749
2024-07-21 20:00:00,2.3612603724927674,2.3612603724927674
2024-07-21 21:00:00,2.3888478714517607,2.3888478714517607
2024-07-21 22:00:00,0.0,0.0
2024-07-21 23:00:00,0.0,0.0
2024-07-22 00:00:00,0.0,0.0
2024-07-22 01:00:00,0.0,0.0
2024-07-22 02:00:00,0.0,0.0
2024-07-22 03:00:00,0.0,0.0
2024-07-22 04:00:00,0.0,0.0
2024-07-22 05:00:00,0.0,0.0
2024-07-22 06:00:00,0.0,0.0
2024-07-22 07:00:00,0.0,0.0
2024-07-22 08:00:00,0.0,0.0
2024-07-22 09:00:00,0.0,0.0
2024-07-22 10:00:00,0.17145637293349897,0.17145637293349897
2024-07-22 11:00:00,0.5731429416059027,0.5731429416059027
2024-07-22 12:00:00,1.1688068156534936,1.1688068156534936
2024-07-22 13:00:00,2.024381907970394,2.024381907970394
2024-07-22 14:00:00,2.8584456222622445,2.8584456222622445
2024-07-22 15:00:00,3.4414508974560585,3.4414508974560585
2024-07-22 16:00:00,3.585372233346462,3.585372233346462
2024-07-22 17:00:00,4.0306911893631305,4.0306911893631305
2024-07-22 18:00:00,4.585361636646986,4.585361636646986
2024-07-22 19:00:00,4.41144674175942,4.41144674175942
2024-07-22 20:00:00,3.810992360032371,3.810992360032371
2024-07-22 21:00:00,4.655765923174404,4.655765923174404
2024-07-22 22:00:00,0.0,0.0
2024-07-22 23:00:00,0.0,0.0
2024-07-23 00:00:00,0.0,0.0
2024-07-23 01:00:00,0.0,0.0
2024-07-23 02:00:00,0.0,0.0
2024-07-23 03:00:00,0.0,0.0
2024-07-23 04:00:00,0.0,0.0
2024-07-23 05:00:00,0.0,0.0
2024-07-23 06:00:00,0.0,0.0
2024-07-23 07:00:00,0.0,0.0
2024-07-23 08:00:00,0.0,0.0
2024-07-23 09:00:00,0.0,0.0
2024-07-23 10:00:00,0.18088759412435862,0.18088759412435862
2024-07-23 11:00:00,0.7372582971551512,0.7372582971551512
2024-07-23 12:00:00,1.1821589230934078,1.1821589230934078
2024-07-23 13:00:00,1.8582290072228986,1.8582290072228986
2024-07-23 14:00:00,3.378988095809256,3.378988095809256
2024-07-23 15:00:00,3.1029411311396857,3.1029411311396857
2024-07-23 16:00:00,4.831950671415243,4.831950671415243
2024-07-23 17:00:00,4.421995225912378,4.421995225912378
2024-07-23 18:00:00,4.86676169437793,4.86676169437793
2024-07-23 19:00:00,4.4808597484351,4.4808597484351
2024-07-23 20:00:00,4.718862918735256,4.718862918735256
2024-07-23 21:00:00,3.9178621394712776,3.9178621394712776
2024-07-23 22:00:00,0.0,0.0
2024-07-23 23:00:00,0.0,0.0
2024-07-24 00:00:00,0.0,0.0
2024-07-24 01:00:00,0.0,0.0
2024-07-24 02:00:00,0.0,0.0
2024-07-24 03:00:00,0.0,0.0
2024-07-24 04:00:00,0.0,0.0
2024-07-24 05:00:00,0.0,0.0
2024-07-24 06:00:00,0.0,0.0
2024-07-24 07:00:00,0.0,0.0
2024-07-24 08:00:00,0.0,0.0
2024-07-24 09:00:00,0.0,0.0
2024-07-24 10:00:00,0.19190812812325328,0.19190812812325328
2024-07-24 11:00:00,0.5855992881250792,0.5855992881250792
2024-07-24 12:00:00,1.4706975270375031,1.4706975270375031
2024-07-24 13:00:00,1.8570195803053628,1.8570195803053628
2024-07-24 14:00:00,2.9521766712951827,2.9521766712951827
2024-07-24 15:00:00,3.931481228823031,3.931481228823031
2024-07-24 16:00:00,5.028330676414096,5.028330676414096
2024-07-24 17:00:00,5.029805655292745,5.029805655292745
2024-07-24 18:00:00,5.540989479070879,5.540989479070879
2024-07-24 19:00:00,4.771567058623481,4.771567058623481
2024-07-24 20:00:00,4.811115701617589,4.811115701617589
2024-07-24 21:00:00,4.88220811348495,4.88220811348495
2024-07-24 22:00:00,0.0,0.0
2024-07-24 23:00:00,0.0,0.0
2024-07-25 00:00:00,0.0,0.0
2024-07-25 01:00:00,0.0,0.0
2024-07-25 02:00:00,0.0,0.0
2024-07-25 03:00:00,0.0,0.0
2024-07-25 04:00:00,0.0,0.0
2024-07-25 05:00:00,0.0,0.0
2024-07-25 06:00:00,0.0,0.0
2024-07-25 07:00:00,0.0,0.0
2024-07-25 08:00:00,0.0,0.0
2024-07-25 09:00:00,0.0,0.0
2024-07-25 10:00:00,0.16484465192632589,0.16484465192632589
2024-07-25 11:00:00,0.6017676577042754,0.6017676577042754
2024-07-25 12:00:00,1.1985762974489966,1.1985762974489966
2024-07-25 13:00:00,2.013503198406749,2.013503198406749
2024-07-25 14:00:00,2.8566946987834236,2.8566946987834236
2024-07-25 15:00:00,2.6671450394979406,2.6671450394979406
2024-07-25 16:00:00,3.5628395590838324,3.5628395590838324
2024-07-25 17:00:00,4.524191241964391,4.524191241964391
2024-07-25 18:00:00,4.481317235213638,4.481317235213638
2024-07-25 19:00:00,4.193489466662203,4.193489466662203
2024-07-25 20:00:00,3.4287695659227757,3.4287695659227757
2024-07-25 21:00:00,4.433520091374733,4.433520091374733
2024-07-25 22:00:00,0.0,0.0
2024-07-25 23:00:00,0.0,0.0
2024-07-26 00:00:00,0.0,0.0
2024-07-26 01:00:00,0.0,0.0
2024-07-26 02:00:00,0.0,0.0
2024-07-26 03:00:00,0.0,0.0
2024-07-26 04:00:00,0.0,0.0
2024-07-26 05:00:00,0.0,0.0
2024-07-26 06:00:00,0.0,0.0
2024-07-26 07:00:00,0.0,0.0
2024-07-26 08:00:00,0.0,0.0
2024-07-26 09:00:00,0.0,0.0
2024-07-26 10:00:00,0.1375702954101661,0.1375702954101661
2024-07-26 11:00:00,0.6773548665070739,0.6773548665070739
2024-07-26 12:00:00,1.1288004156323752,1.1288004156323752
2024-07-26 13:00:00,2.144382633967385,2.144382633967385
2024-07-26 14:00:00,2.488905747811848,2.488905747811848
2024-07-26 15:00:00,3.478403217297586,3.478403217297586
2024-07-26 16:00:00,4.4040761066668015,4.4040761066668015
2024-07-26 17:00:00,4.201287083093114,4.201287083093114
2024-07-26 18:00:00,4.868113691517425,4.868113691517425
2024-07-26 19:00:00,3.972555442759816,3.972555442759816
2024-07-26 20:00:00,3.9722729614159293,3.9722729614159293
2024-07-26 21:00:00,4.650143835541426,4.650143835541426
2024-07-26 22:00:00,0.0,0.0
2024-07-26 23:00:00,0.0,0.0
2024-07-27 00:00:00,0.0,0.0
2024-07-27 01:00:00,0.0,0.0
2024-07-27 02:00:00,0.0,0.0
2024-07-27 03:00:00,0.0,0.0
2024-07-27 04:00:00,0.0,0.0
2024-07-27 05:00:00,0.0,0.0
2024-07-27 06:00:00,0.0,0.0
2024-07-27 07:00:00,0.0,0.0
2024-07-27 08:00:00,0.0,0.0
2024-07-27 09:00:00,0.0,0.0
2024-07-27 10:00:00,0.11682430578446985,0.11682430578446985
2024-07-27 11:00:00,0.4134317446491915,0.4134317446491915
2024-07-27 12:00:00,0.7436751698101978,0.7436751698101978
2024-07-27 13:00:00,1.1610010725856423,1.1610010725856423
2024-07-27 14:00:00,2.0003776531897057,2.0003776531897057
2024-07-27 15:00:00,2.393625215936048,2.393625215936048
2024-07-27 16:00:00,3.134751997243053,3.134751997243053
2024-07-27 17:00:00,3.6100381904619807,3.6100381904619807
2024-07-27 18:00:00,3.7785434216232314,3.7785434216232314
2024-07-27 19:00:00,3.2347474987955844,3.2347474987955844
2024-07-27 20:00:00,2.8142788950895583,2.8142788950895583
2024-07-27 21:00:00,3.0144214905549087,3.0144214905549087
2024-07-27 22:00:00,0.0,0.0
2024-07-27 23:00:00,0.0,0.0
2024-07-28 00:00:00,0.0,0.0
2024-07-28 01:00:00,0.0,0.0
2024-07-28 02:00:00,0.0,0.0
2024-07-28 03:00:00,0.0,0.0
2024-07-28 04:00:00,0.0,0.0
2024-07-28 05:00:00,0.0,0.0
2024-07-28 06:00:00,0.0,0.0
2024-07-28 07:00:00,0.0,0.0
2024-07-28 08:00:00,0.0,0.0
2024-07-28 09:00:00,0.0,0.0
2024-07-28 10:00:00,0.11668917699638304,0.11668917699638304
2024-07-28 11:00:00,0.374128090577137,0.374128090577137
2024-07-28 12:00:00,0.7947098140049793,0.7947098140049793
2024-07-28 13:00:00,1.2502445247320106,1.2502445247320106
2024-07-28 14:00:00,1.8609047896812467,1.8609047896812467
2024-07-28 15:00:00,2.2458208641791133,2.2458208641791133
2024-07-28 16:00:00,2.7893603234450675,2.7893603234450675
2024-07-28 17:00:00,3.5041589243277182,3.5041589243277182
2024-07-28 18:00:00,3.3404277253408443,3.3404277253408443
2024-07-28 19:00:00,2.8144112350374315,2.8144112350374315
2024-07-28 20:00:00,2.6212907312076736,2.6212907312076736
2024-07-28 21:00:00,2.8520782815020946,2.8520782815020946
2024-07-28 22:00:00,0.0,0.0
2024-07-28 23:00:00,0.0,0.0
2024-07-29 00:00:00,0.0,0.0
2024-07-29 01:00:00,0.0,0.0
2024-07-29 02:00:00,0.0,0.0
2024-07-29 03:00:00,0.0,0.0
2024-07-29 04:00:00,0.0,0.0
2024-07-29 05:00:00,0.0,0.0
2024-07-29 06:00:00,0.0,0.0
2024-07-29 07:00:00,0.0,0.0
2024-07-29 08:00:00,0.0,0.0
2024-07-29 09:00:00,0.0,0.0
2024-07-29 10:00:00,0.1636128774946063,0.1636128774946063
2024-07-29 11:00:00,0.5799335560294269,0.5799335560294269
2024-07-29 12:00:00,1.0563026737105197,1.0563026737105197
2024-07-29 13:00:00,1.9694210039825644,1.9694210039825644
2024-07-29 14:00:00,2.287347942203995,2.287347942203995
2024-07-29 15:00:00,3.4478051681253366,3.4478051681253366
2024-07-29 16:00:00,4.202923412446823,4.202923412446823
2024-07-29 17:00:00,3.8916544591683033,3.8916544591683033
2024-07-29 18:00:00,3.745081985020344,3.745081985020344
2024-07-29 19:00:00,4.33766467754301,4.33766467754301
2024-07-29 20:00:00,3.330071712677866,3.330071712677866
2024-07-29 21:00:00,4.433507638215734,4.433507638215734
2024-07-29 22:00:00,0.0,0.0
2024-07-29 23:00:00,0.0,0.0
2024-07-30 00:00:00,0.0,0.0
2024-07-30 01:00:00,0.0,0.0
2024-07-30 02:00:00,0.0,0.0
2024-07-30 03:00:00,0.0,0.0
2024-07-30 04:00:00,0.0,0.0
2024-07-30 05:00:00,0.0,0.0
2024-07-30 06:00:00,0.0,0.0
2024-07-30 07:00:00,0.0,0.0
2024-07-30 08:00:00,0.0,0.0
2024-07-30 09:00:00,0.0,0.0
2024-07-30 10:00:00,0.1490751111024599,0.1490751111024599
2024-07-30 11:00:00,0.7053177032360178,0.7053177032360178
2024-07-30 12:00:00,1.2343292426273116,1.2343292426273116
2024-07-30 13:00:00,2.1863714488435737,2.1863714488435737
2024-07-30 14:00:00,3.2208836510983136,3.2208836510983136
2024-07-30 15:00:00,3.632670698301415,3.632670698301415
2024-07-30 16:00:00,4.24535913622871,4.24535913622871
2024-07-30 17:00:00,4.110155983552414,4.110155983552414
2024-07-30 18:00:00,4.486217983662357,4.486217983662357
2024-07-30 19:00:00,4.418006562097495,4.418006562097495
2024-07-30 20:00:00,4.002935714570673,4.002935714570673
2024-07-30 21:00:00,3.76295669217831,3.76295669217831
2024-07-30 22:00:00,0.0,0.0
2024-07-30 23:00:00,0.0,0.0
2024-07-31 00:00:00,0.0,0.0
2024-07-31 01:00:00,0.0,0.0
2024-07-31 02:00:00,0.0,0.0
2024-07-31 03:00:00,0.0,0.0
2024-07-31 04:00:00,0.0,0.0
2024-07-31 05:00:00,0.0,0.0
2024-07-31 06:00:00,0.0,0.0
2024-07-31 07:00:00,0.0,0.0
2024-07-31 08:00:00,0.0,0.0
2024-07-31 09:00:00,0.0,0.0
2024-07-31 10:00:00,0.13542064137528434,0.13542064137528434
2024-07-31 11:00:00,0.6426335761380196,0.6426335761380196
2024-07-31 12:00:00,1.2554183716987286,1.2554183716987286
2024-07-31 13:00:00,1.9102821173690985,1.9102821173690985
2024-07-31 14:00:00,2.3516660839916717,2.3516660839916717
2024-07-31 15:00:00,3.501132141023697,3.501132141023697
2024-07-31 16:00:00,3.5898932170042532,3.5898932170042532
2024-07-31 17:00:00,4.521854198060259,4.521854198060259
2024-07-31 18:00:00,4.80031513696762,4.80031513696762
2024-07-31 19:00:00,4.083939700218352,4.083939700218352
2024-07-31 20:00:00,4.31231095751968,4.31231095751968
2024-07-31 21:00:00,4.241906271669511,4.241906271669511
2024-07-31 22:00:00,0.0,0.0
2024-07-31 23:00:00,0.0,0.0
2024-08-01 00:00:00,0.0,0.0
2024-08-01 01:00:00,0.0,0.0
2024-08-01 02:00:00,0.0,0.0
2024-08-01 03:00:00,0.0,0.0
2024-08-01 04:00:00,0.0,0.0
2024-08-01 05:00:00,0.0,0.0
2024-08-01 06:00:00,0.0,0.0
2024-08-01 07:00:00,0.0,0.0
2024-08-01 08:00:00,0.0,0.0
2024-08-01 09:00:00,0.0,0.0
2024-08-01 10:00:00,0.165564996564537,0.165564996564537
2024-08-01 11:00:00,0.5369399094477472,0.5369399094477472
2024-08-01 12:00:00,1.1729162563964748,1.1729162563964748
2024-08-01 13:00:00,1.9564167227454723,1.9564167227454723
2024-08-01 14:00:00,2.7814633990273796,2.7814633990273796
2024-08-01 15:00:00,3.617277910578197,3.617277910578197
2024-08-01 16:00:00,4.532521080710476,4.532521080710476
2024-08-01 17:00:00,4.548790101091266,4.548790101091266
2024-08-01 18:00:00,5.121744807868761,5.121744807868761
2024-08-01 19:00:00,3.739185952526583,3.739185952526583
2024-08-01 20:00:00,3.676367687267279,3.676367687267279
2024-08-01 21:00:00,4.259299080965653,4.259299080965653
2024-08-01 22:00:00,0.0,0.0
2024-08-01 23:00:00,0.0,0.0
2024-08-02 00:00:00,0.0,0.0
2024-08-02 01:00:00,0.0,0.0
2024-08-02 02:00:00,0.0,0.0
2024-08-02 03:00:00,0.0,0.0
2024-08-02 04:00:00,0.0,0.0
2024-08-02 05:00:00,0.0,0.0
2024-08-02 06:00:00,0.0,0.0
2024-08-02 07:00:00,0.0,0.0
2024-08-02 08:00:00,0.0,0.0
2024-08-02 09:00:00,0.0,0.0
2024-08-02 10:00:00,0.16685499604804277,0.16685499604804277
2024-08-02 11:00:00,0.5646647050432145,0.5646647050432145
2024-08-02 12:00:00,1.3353117853891041,1.3353117853891041
2024-08-02 13:00:00,2.0239400973170536,2.0239400973170536
2024-08-02 14:00:00,2.439976068299299,2.439976068299299
2024-08-02 15:00:00,3.612755441648333,3.612755441648333
2024-08-02 16:00:00,3.726134874036454,3.726134874036454
2024-08-02 17:00:00,5.113560553916442,5.113560553916442
2024-08-02 18:00:00,4.668408403835757,4.668408403835757
2024-08-02 19:00:00,3.876594673301488,3.876594673301488
2024-08-02 20:00:00,3.9127491397436356,3.9127491397436356
2024-08-02 21:00:00,4.121916682216269,4.121916682216269
2024-08-02 22:00:00,0.0,0.0
2024-08-02 23:00:00,0.0,0.0
2024-08-03 00:00:00,0.0,0.0
2024-08-03 01:00:00,0.0,0.0
2024-08-03 02:00:00,0.0,0.0
2024-08-03 03:00:00,0.0,0.0
2024-08-03 04:00:00,0.0,0.0
2024-08-03 05:00:00,0.0,0.0
2024-08-03 06:00:00,0.0,0.0
2024-08-03 07:00:00,0.0,0.0
2024-08-03 08:00:00,0.0,0.0
2024-08-03 09:00:00,0.0,0.0
2024-08-03 10:00:00,0.10576964403332136,0.10576964403332136
2024-08-03 11:00:00,0.40384631330374243,0.40384631330374243
2024-08-03 12:00:00,0.7347832939943441,0.7347832939943441
2024-08-03 13:00:00,1.2386365835715027,1.2386365835715027
2024-08-03 14:00:00,2.1355167437348817,2.1355167437348817
2024-08-03 15:00:00,2.1184388243986385,2.1184388243986385
2024-08-03 16:00:00,3.1536706120975535,3.1536706120975535
2024-08-03 17:00:00,3.6603786558989504,3.6603786558989504
2024-08-03 18:00:00,2.9245170321474974,2.9245170321474974
2024-08-03 19:00:00,2.7496341058199634,2.7496341058199634
2024-08-03 20:00:00,2.518054370742206,2.518054370742206
2024-08-03 21:00:00,3.0371071593486274,3.0371071593486274
2024-08-03 22:00:00,0.0,0.0
2024-08-03 23:00:00,0.0,0.0
2024-08-04 00:00:00,0.0,0.0
2024-08-04 01:00:00,0.0,0.0
2024-08-04 02:00:00,0.0,0.0
2024-08-04 03:00:00,0.0,0.0
2024-08-04 04:00:00,0.0,0.0
2024-08-04 05:00:00,0.0,0.0
2024-08-04 06:00:00,0.0,0.0
2024-08-04 07:00:00,0.0,0.0
2024-08-04 08:00:00,0.0,0.0
2024-08-04 09:00:00,0.0,0.0
2024-08-04 10:00:00,0.11007791105691396,0.11007791105691396
2024-08-04 11:00:00,0.4412044773559403,0.4412044773559403
2024-08-04 12:00:00,0.9654031093827545,0.9654031093827545
2024-08-04 13:00:00,1.526860691298551,1.526860691298551
2024-08-04 14:00:00,1.8435910388532188,1.8435910388532188
2024-08-04 15:00:00,2.059285414363858,2.059285414363858
2024-08-04 16:00:00,2.9212217238555604,2.9212217238555604
2024-08-04 17:00:00,3.2790264823164463,3.2790264823164463
2024-08-04 18:00:00,3.631520804303687,3.631520804303687
2024-08-04 19:00:00,2.536347739096918,2.536347739096918
2024-08-04 20:00:00,3.2161591429884027,3.2161591429884027
2024-08-04 21:00:00,3.05559337007215,3.05559337007215
2024-08-04 22:00:00,0.0,0.0
2024-08-04 23:00:00,0.0,0.0
2024-08-05 00:00:00,0.0,0.0
2024-08-05 01:00:00,0.0,0.0
2024-08-05 02:00:00,0.0,0.0
2024-08-05 03:00:00,0.0,0.0
2024-08-05 04:00:00,0.0,0.0
2024-08-05 05:00:00,0.0,0.0
2024-08-05 06:00:00,0.0,0.0
2024-08-05 07:00:00,0.0,0.0
2024-08-05 08:00:00,0.0,0.0
2024-08-05 09:00:00,0.0,0.0
2024-08-05 10:00:00,0.16380111645129514,0.16380111645129514
2024-08-05 11:00:00,0.5866596395413617,0.5866596395413617
2024-08-05 12:00:00,1.1387998144954719,1.1387998144954719
2024-08-05 13:00:00,1.934303183516979,1.934303183516979
2024-08-05 14:00:00,3.0799556670284414,3.0799556670284414
2024-08-05 15:00:00,3.2929481621948558,3.2929481621948558
2024-08-05 16:00:00,3.8513418749496195,3.8513418749496195
2024-08-05 17:00:00,4.5580305420942,4.5580305420942
2024-08-05 18:00:00,4.506952904451805,4.506952904451805
2024-08-05 19:00:00,4.442543545293986,4.442543545293986
2024-08-05 20:00:00,4.049239437532228,4.049239437532228
2024-08-05 21:00:00,4.438727265849442,4.438727265849442
2024-08-05 22:00:00,0.0,0.0
2024-08-05 23:00:00,0.0,0.0
2024-08-06 00:00:00,0.0,0.0
2024-08-06 01:00:00,0.0,0.0
2024-08-06 02:00:00,0.0,0.0
2024-08-06 03:00:00,0.0,0.0
2024-08-06 04:00:00,0.0,0.0
2024-08-06 05:00:00,0.0,0.0
2024-08-06 06:00:00,0.0,0.0
2024-08-06 07:00:00,0.0,0.0
2024-08-06 08:00:00,0.0,0.0
2024-08-06 09:00:00,0.0,0.0
2024-08-06 10:00:00,0.15398960236914425,0.15398960236914425
2024-08-06 11:00:00,0.6270763754672973,0.6270763754672973
2024-08-06 12:00:00,1.273765567250553,1.273765567250553
2024-08-06 13:00:00,2.1115844980161693,2.1115844980161693
2024-08-06 14:00:00,3.2008164737378193,3.2008164737378193
2024-08-06 15:00:00,3.7171234766547356,3.7171234766547356
2024-08-06 16:00:00,4.67841856166442,4.67841856166442
2024-08-06 17:00:00,4.8377724162613385,4.8377724162613385
2024-08-06 18:00:00,4.334137501054104,4.334137501054104
2024-08-06 19:00:00,4.760452558880483,4.760452558880483
2024-08-06 20:00:00,4.066307453808079,4.066307453808079
2024-08-06 21:00:00,3.8441879401501033,3.8441879401501033
2024-08-06 22:00:00,0.0,0.0
2024-08-06 23:00:00,0.0,0.0
2024-08-07 00:00:00,0.0,0.0
2024-08-07 01:00:00,0.0,0.0
2024-08-07 02:00:00,0.0,0.0
2024-08-07 03:00:00,0.0,0.0
2024-08-07 04:00:00,0.0,0.0
2024-08-07 05:00:00,0.0,0.0
2024-08-07 06:00:00,0.0,0.0
2024-08-07 07:00:00,0.0,0.0
2024-08-07 08:00:00,0.0,0.0
2024-08-07 09:00:00,0.0,0.0
2024-08-07 10:00:00,0.15348837009825958,0.15348837009825958
2024-08-07 11:00:00,0.6278823284126269,0.6278823284126269
2024-08-07 12:00:00,1.1173837340923498,1.1173837340923498
2024-08-07 13:00:00,1.9455291225482336,1.9455291225482336
2024-08-07 14:00:00,3.0738286624569047,3.0738286624569047
2024-08-07 15:00:00,3.243311690541602,3.243311690541602
2024-08-07 16:00:00,3.5281806420449917,3.5281806420449917
2024-08-07 17:00:00,4.473234571399903,4.473234571399903
2024-08-07 18:00:00,4.849447519683229,4.849447519683229
2024-08-07 19:00:00,4.272740692311516,4.272740692311516
2024-08-07 20:00:00,4.0170957865088175,4.0170957865088175
2024-08-07 21:00:00,4.687369017943336,4.687369017943336
2024-08-07 22:00:00,0.0,0.0
2024-08-07 23:00:00,0.0,0.0
2024-08-08 00:00:00,0.0,0.0
2024-08-08 01:00:00,0.0,0.0
2024-08-08 02:00:00,0.0,0.0
2024-08-08 03:00:00,0.0,0.0
2024-08-08 04:00:00,0.0,0.0
2024-08-08 05:00:00,0.0,0.0
2024-08-08 06:00:00,0.0,0.0
2024-08-08 07:00:00,0.0,0.0
2024-08-08 08:00:00,0.0,0.0
2024-08-08 09:00:00,0.0,0.0
2024-08-08 10:00:00,0.14574358442903954,0.14574358442903954
2024-08-08 11:00:00,0.5717636287269215,0.5717636287269215
2024-08-08 12:00:00,1.0152164889269326,1.0152164889269326
2024-08-08 13:00:00,2.0601150290385357,2.0601150290385357
2024-08-08 14:00:00,2.3471360959728202,2.3471360959728202
2024-08-08 15:00:00,3.5447412376284717,3.5447412376284717
2024-08-08 16:00:00,3.4699746026993865,3.4699746026993865
2024-08-08 17:00:00,4.910015755598634,4.910015755598634
2024-08-08 18:00:00,4.451770980668626,4.451770980668626
2024-08-08 19:00:00,3.535259448695135,3.535259448695135
2024-08-08 20:00:00,3.5823654642515184,3.5823654642515184
2024-08-08 21:00:00,3.776086035978905,3.776086035978905
2024-08-08 22:00:00,0.0,0.0
2024-08-08 23:00:00,0.0,0.0
2024-08-09 00:00:00,0.0,0.0
2024-08-09 01:00:00,0.0,0.0
2024-08-09 02:00:00,0.0,0.0
2024-08-09 03:00:00,0.0,0.0
2024-08-09 04:00:00,0.0,0.0
2024-08-09 05:00:00,0.0,0.0
2024-08-09 06:00:00,0.0,0.0
2024-08-09 07:00:00,0.0,0.0
2024-08-09 08:00:00,0.0,0.0
2024-08-09 09:00:00,0.0,0.0
2024-08-09 10:00:00,0.1531174243125243,0.1531174243125243
2024-08-09 11:00:00,0.6325931587090378,0.6325931587090378
2024-08-09 12:00:00,1.3255334001993402,1.3255334001993402
2024-08-09 13:00:00,1.9376525876032256,1.9376525876032256
2024-08-09 14:00:00,2.792277458706046,2.792277458706046
2024-08-09 15:00:00,3.4800434400676084,3.4800434400676084
2024-08-09 16:00:00,3.578132369013251,3.578132369013251
2024-08-09 17:00:00,4.767423988154942,4.767423988154942
2024-08-09 18:00:00,4.609449479352227,4.609449479352227
2024-08-09 19:00:00,3.9499997068267714,3.9499997068267714
2024-08-09 20:00:00,4.310503498537838,4.310503498537838
2024-08-09 21:00:00,4.186381541096621,4.186381541096621
2024-08-09 22:00:00,0.0,0.0
2024-08-09 23:00:00,0.0,0.0
2024-08-10 00:00:00,0.0,0.0
2024-08-10 01:00:00,0.0,0.0
2024-08-10 02:00:00,0.0,0.0
2024-08-10 03:00:00,0.0,0.0
2024-08-10 04:00:00,0.0,0.0
2024-08-10 05:00:00,0.0,0.0
2024-08-10 06:00:00,0.0,0.0
2024-08-10 07:00:00,0.0,0.0
2024-08-10 08:00:00,0.0,0.0
2024-08-10 09:00:00,0.0,0.0
2024-08-10 10:00:00,0.10350764833541765,0.10350764833541765
2024-08-10 11:00:00,0.431092370158908,0.431092370158908
2024-08-10 12:00:00,0.9133945721448669,0.9133945721448669
2024-08-10 13:00:00,1.4642043407585892,1.4642043407585892
2024-08-10 14:00:00,2.3162339877023577,2.3162339877023577
2024-08-10 15:00:00,2.661437085293935,2.661437085293935
2024-08-10 16:00:00,2.7655442019419367,2.7655442019419367
2024-08-10 17:00:00,3.2750505621454242,3.2750505621454242
2024-08-10 18:00:00,3.5371641666686005,3.5371641666686005
2024-08-10 19:00:00,2.617932730639163,2.617932730639163
2024-08-10 20:00:00,3.353886745523051,3.353886745523051
2024-08-10 21:00:00,3.211225815244641,3.211225815244641
2024-08-10 22:00:00,0.0,0.0
2024-08-10 23:00:00,0.0,0.0
2024-08-11 00:00:00,0.0,0.0
2024-08-11 01:00:00,0.0,0.0
2024-08-11 02:00:00,0.0,0.0
2024-08-11 03:00:00,0.0,0.0
2024-08-11 04:00:00,0.0,0.0
2024-08-11 05:00:00,0.0,0.0
2024-08-11 06:00:00,0.0,0.0
2024-08-11 07:00:00,0.0,0.0
2024-08-11 08:00:00,0.0,0.0
2024-08-11 09:00:00,0.0,0.0
2024-08-11 10:00:00,0.0930236976791941,0.0930236976791941
2024-08-11 11:00:00,0.39350830301985196,0.39350830301985196
2024-08-11 12:00:00,0.9018272690831644,0.9018272690831644
2024-08-11 13:00:00,1.1312883563736085,1.1312883563736085
2024-08-11 14:00:00,1.6712028135978376,1.6712028135978376
2024-08-11 15:00:00,2.1555460405689173,2.1555460405689173
2024-08-11 16:00:00,2.8963291950898404,2.8963291950898404
2024-08-11 17:00:00,2.78798414152517,2.78798414152517
2024-08-11 18:00:00,3.3606722011851553,3.3606722011851553
2024-08-11 19:00:00,3.0126203304251034,3.0126203304251034
2024-08-11 20:00:00,2.7527014762277062,2.7527014762277062
2024-08-11 21:00:00,2.3825478189071094,2.3825478189071094
2024-08-11 22:00:00,0.0,0.0
2024-08-11 23:00:00,0.0,0.0
2024-08-12 00:00:00,0.0,0.0
2024-08-12 01:00:00,0.0,0.0
2024-08-12 02:00:00,0.0,0.0
2024-08-12 03:00:00,0.0,0.0
2024-08-12 04:00:00,0.0,0.0
2024-08-12 05:00:00,0.0,0.0
2024-08-12 06:00:00,0.0,0.0
2024-08-12 07:00:00,0.0,0.0
2024-08-12 08:00:00,0.0,0.0
2024-08-12 09:00:00,0.0,0.0
2024-08-12 10:00:00,0.17649888583141704,0.17649888583141704
2024-08-12 11:00:00,0.6129769796943184,0.6129769796943184
2024-08-12 12:00:00,1.3223962991206306,1.3223962991206306
2024-08-12 13:00:00,1.855550581676305,1.855550581676305
2024-08-12 14:00:00,2.4902788474033004,2.4902788474033004
2024-08-12 15:00:00,2.9653631598611003,2.9653631598611003
2024-08-12 16:00:00,4.446113707202,4.446113707202
2024-08-12 17:00:00,5.110419211150036,5.110419211150036
2024-08-12 18:00:00,4.517011408875926,4.517011408875926
2024-08-12 19:00:00,4.033939259437675,4.033939259437675
2024-08-12 20:00:00,3.9895766241286887,3.9895766241286887
2024-08-12 21:00:00,3.514406574918076,3.514406574918076
2024-08-12 22:00:00,0.0,0.0
2024-08-12 23:00:00,0.0,0.0
2024-08-13 00:00:00,0.0,0.0
2024-08-13 01:00:00,0.0,0.0
2024-08-13 02:00:00,0.0,0.0
2024-08-13 03:00:00,0.0,0.0
2024-08-13 04:00:00,0.0,0.0
2024-08-13 05:00:00,0.0,0.0
2024-08-13 06:00:00,0.0,0.0
2024-08-13 07:00:00,0.0,0.0
2024-08-13 08:00:00,0.0,0.0
2024-08-13 09:00:00,0.0,0.0
2024-08-13 10:00:00,0.13988043122500676,0.13988043122500676
2024-08-13 11:00:00,0.5162107847016465,0.5162107847016465
2024-08-13 12:00:00,1.073321583594448,1.073321583594448
2024-08-13 13:00:00,1.5040290217449277,1.5040290217449277
2024-08-13 14:00:00,2.8650532159688202,2.8650532159688202
2024-08-13 15:00:00,3.3797198088362417,3.3797198088362417
2024-08-13 16:00:00,3.989306746060948,3.989306746060948
2024-08-13 17:00:00,4.1605470351103655,4.1605470351103655
2024-08-13 18:00:00,4.332216670689408,4.332216670689408
2024-08-13 19:00:00,3.7705498835596756,3.7705498835596756
2024-08-13 20:00:00,3.2189222979858783,3.2189222979858783
2024-08-13 21:00:00,3.6528768381894303,3.6528768381894303
2024-08-13 22:00:00,0.0,0.0
2024-08-13 23:00:00,0.0,0.0
2024-08-14 00:00:00,0.0,0.0
2024-08-14 01:00:00,0.0,0.0
2024-08-14 02:00:00,0.0,0.0
2024-08-14 03:00:00,0.0,0.0
2024-08-14 04:00:00,0.0,0.0
2024-08-14 05:00:00,0.0,0.0
2024-08-14 06:00:00,0.0,0.0
2024-08-14 07:00:00,0.0,0.0
2024-08-14 08:00:00,0.0,0.0
2024-08-14 09:00:00,0.0,0.0
2024-08-14 10:00:00,0.17196181541808137,0.17196181541808137
2024-08-14 11:00:00,0.5404869926305758,0.5404869926305758
2024-08-14 12:00:00,1.1289444808029938,1.1289444808029938
2024-08-14 13:00:00,1.7741366738252253,1.7741366738252253
2024-08-14 14:00:00,2.694594326874224,2.694594326874224
2024-08-14 15:00:00,3.2746015813691893,3.2746015813691893
2024-08-14 16:00:00,3.5197859010460446,3.5197859010460446
2024-08-14 17:00:00,4.905099033819211,4.905099033819211
2024-08-14 18:00:00,3.9741045447711825,3.9741045447711825
2024-08-14 19:00:00,4.345206207725909,4.345206207725909
2024-08-14 20:00:00,3.4024170323960976,3.4024170323960976
2024-08-14 21:00:00,4.383108682828594,4.383108682828594
2024-08-14 22:00:00,0.0,0.0
2024-08-14 23:00:00,0.0,0.0
2024-08-15 00:00:00,0.0,0.0
2024-08-15 01:00:00,0.0,0.0
2024-08-15 02:00:00,0.0,0.0
2024-08-15 03:00:00,0.0,0.0
2024-08-15 04:00:00,0.0,0.0
2024-08-15 05:00:00,0.0,0.0
2024-08-15 06:00:00,0.0,0.0
2024-08-15 07:00:00,0.0,0.0
2024-08-15 08:00:00,0.0,0.0
2024-08-15 09:00:00,0.0,0.0
2024-08-15 10:00:00,0.1627358544607975,0.1627358544607975
2024-08-15 11:00:00,0.5378714073482158,0.5378714073482158
2024-08-15 12:00:00,1.1626059855217905,1.1626059855217905
2024-08-15 13:00:00,1.9418171428635231,1.9418171428635231
2024-08-15 14:00:00,2.3180372478209152,2.3180372478209152
2024-08-15 15:00:00,3.2633576661279724,3.2633576661279724
2024-08-15 16:00:00,3.4923409335844116,3.4923409335844116
2024-08-15 17:00:00,4.641484486430078,4.641484486430078
2024-08-15 18:00:00,3.876017098031181,3.876017098031181
2024-08-15 19:00:00,3.276341520090585,3.276341520090585
2024-08-15 20:00:00,3.435537944817712,3.435537944817712
2024-08-15 21:00:00,4.032873333895303,4.032873333895303
2024-08-15 22:00:00,0.0,0.0
2024-08-15 23:00:00,0.0,0.0
2024-08-16 00:00:00,0.0,0.0
2024-08-16 01:00:00,0.0,0.0
2024-08-16 02:00:00,0.0,0.0
2024-08-16 03:00:00,0.0,0.0
2024-08-16 04:00:00,0.0,0.0
2024-08-16 05:00:00,0.0,0.0
2024-08-16 06:00:00,0.0,0.0
2024-08-16 07:00:00,0.0,0.0
2024-08-16 08:00:00,0.0,0.0
2024-08-16 09:00:00,0.0,0.0
2024-08-16 10:00:00,0.14648356926360376,0.14648356926360376
2024-08-16 11:00:00,0.7260750763068453,0.7260750763068453
2024-08-16 12:00:00,1.4498765662296889,1.4498765662296889
2024-08-16 13:00:00,2.042271999184316,2.042271999184316
2024-08-16 14:00:00,3.1952740791197995,3.1952740791197995
2024-08-16 15:00:00,2.9890061384881865,2.9890061384881865
2024-08-16 16:00:00,4.293960407921115,4.293960407921115
2024-08-16 17:00:00,5.4500304210110055,5.4500304210110055
2024-08-16 18:00:00,4.128786212957602,4.128786212957602
2024-08-16 19:00:00,4.01864053290583,4.01864053290583
2024-08-16 20:00:00,4.10715911736139,4.10715911736139
2024-08-16 21:00:00,4.5856353032351125,4.5856353032351125
2024-08-16 22:00:00,0.0,0.0
2024-08-16 23:00:00,0.0,0.0
2024-08-17 00:00:00,0.0,0.0
2024-08-17 01:00:00,0.0,0.0
2024-08-17 02:00:00,0.0,0.0
2024-08-17 03:00:00,0.0,0.0
2024-08-17 04:00:00,0.0,0.0
2024-08-17 05:00:00,0.0,0.0
2024-08-17 06:00:00,0.0,0.0
2024-08-17 07:00:00,0.0,0.0
2024-08-17 08:00:00,0.0,0.0
2024-08-17 09:00:00,0.0,0.0
2024-08-17 10:00:00,0.11793940137032431,0.11793940137032431
2024-08-17 11:00:00,0.4249155399399267,0.4249155399399267
2024-08-17 12:00:00,0.8028972968660266,0.8028972968660266
2024-08-17 13:00:00,1.135368865310134,1.135368865310134
2024-08-17 14:00:00,1.9544433449827499,1.9544433449827499
2024-08-17 15:00:00,2.0485451269453168,2.0485451269453168
2024-08-17 16:00:00,2.918296547985207,2.918296547985207
2024-08-17 17:00:00,2.7959544101207596,2.7959544101207596
2024-08-17 18:00:00,3.299300290492546,3.299300290492546
2024-08-17 19:00:00,2.599682956958295,2.599682956958295
2024-08-17 20:00:00,2.752000836193693,2.752000836193693
2024-08-17 21:00:00,2.5065976039251514,2.5065976039251514
2024-08-17 22:00:00,0.0,0.0
2024-08-17 23:00:00,0.0,0.0
2024-08-18 00:00:00,0.0,0.0
2024-08-18 01:00:00,0.0,0.0
2024-08-18 02:00:00,0.0,0.0
2024-08-18 03:00:00,0.0,0.0
2024-08-18 04:00:00,0.0,0.0
2024-08-18 05:00:00,0.0,0.0
2024-08-18 06:00:00,0.0,0.0
2024-08-18 07:00:00,0.0,0.0
2024-08-18 08:00:00,0.0,0.0
2024-08-18 09:00:00,0.0,0.0
2024-08-18 10:00:00,0.10685411615873566,0.10685411615873566
2024-08-18 11:00:00,0.42055331422274767,0.42055331422274767
2024-08-18 12:00:00,0.8526716686720659,0.8526716686720659
2024-08-18 13:00:00,1.2711901392439002,1.2711901392439002
2024-08-18 14:00:00,2.042986935434167,2.042986935434167
2024-08-18 15:00:00,2.451728449056332,2.451728449056332
2024-08-18 16:00:00,2.9080487512729802,2.9080487512729802
2024-08-18 17:00:00,3.340273578872195,3.340273578872195
2024-08-18 18:00:00,3.5546440825868517,3.5546440825868517
2024-08-18 19:00:00,2.841995489982539,2.841995489982539
2024-08-18 20:00:00,2.777365463946833,2.777365463946833
2024-08-18 21:00:00,2.6708862524911825,2.6708862524911825
2024-08-18 22:00:00,0.0,0.0
2024-08-18 23:00:00,0.0,0.0
2024-08-19 00:00:00,0.0,0.0
2024-08-19 01:00:00,0.0,0.0
2024-08-19 02:00:00,0.0,0.0
2024-08-19 03:00:00,0.0,0.0
2024-08-19 04:00:00,0.0,0.0
2024-08-19 05:00:00,0.0,0.0
2024-08-19 06:00:00,0.0,0.0
2024-08-19 07:00:00,0.0,0.0
2024-08-19 08:00:00,0.0,0.0
2024-08-19 09:00:00,0.0,0.0
2024-08-19 10:00:00,0.1509977729831273,0.1509977729831273
2024-08-19 11:00:00,0.5794094184042515,0.5794094184042515
2024-08-19 12:00:00,1.1257840976901987,1.1257840976901987
2024-08-19 13:00:00,1.7782709666071077,1.7782709666071077
2024-08-19 14:00:00,2.543365531264364,2.543365531264364
2024-08-19 15:00:00,3.0228826663652795,3.0228826663652795
2024-08-19 16:00:00,4.145205586806872,4.145205586806872
2024-08-19 17:00:00,4.600532848699667,4.600532848699667
2024-08-19 18:00:00,5.075598267671498,5.075598267671498
2024-08-19 19:00:00,4.410536109221055,4.410536109221055
2024-08-19 20:00:00,3.423417595070913,3.423417595070913
2024-08-19 21:00:00,3.7444573948968176,3.7444573948968176
2024-08-19 22:00:00,0.0,0.0
2024-08-19 23:00:00,0.0,0.0
2024-08-20 00:00:00,0.0,0.0
2024-08-20 01:00:00,0.0,0.0
2024-08-20 02:00:00,0.0,0.0
2024-08-20 03:00:00,0.0,0.0
2024-08-20 04:00:00,0.0,0.0
2024-08-20 05:00:00,0.0,0.0
2024-08-20 06:00:00,0.0,0.0
2024-08-20 07:00:00,0.0,0.0
2024-08-20 08:00:00,0.0,0.0
2024-08-20 09:00:00,0.0,0.0
2024-08-20 10:00:00,0.1376358308044263,0.1376358308044263
2024-08-20 11:00:00,0.684555042764732,0.684555042764732
2024-08-20 12:00:00,1.086500883642191,1.086500883642191
2024-08-20 13:00:00,1.7381006144477522,1.7381006144477522
2024-08-20 14:00:00,2.9141650595882718,2.9141650595882718
2024-08-20 15:00:00,2.9844784233979844,2.9844784233979844
2024-08-20 16:00:00,3.776136986121227,3.776136986121227
2024-08-20 17:00:00,4.042087167633051,4.042087167633051
2024-08-20 18:00:00,5.252752646405119,5.252752646405119
2024-08-20 19:00:00,4.198380227083956,4.198380227083956
2024-08-20 20:00:00,4.112435417778365,4.112435417778365
2024-08-20 21:00:00,4.616279703345482,4.616279703345482
2024-08-20 22:00:00,0.0,0.0
2024-08-20 23:00:00,0.0,0.0
2024-08-21 00:00:00,0.0,0.0
2024-08-21 01:00:00,0.0,0.0
2024-08-21 02:00:00,0.0,0.0
2024-08-21 03:00:00,0.0,0.0
2024-08-21 04:00:00,0.0,0.0
2024-08-21 05:00:00,0.0,0.0
2024-08-21 06:00:00,0.0,0.0
2024-08-21 07:00:00,0.0,0.0
2024-08-21 08:00:00,0.0,0.0
2024-08-21 09:00:00,0.0,0.0
2024-08-21 10:00:00,0.1622699636529209,0.1622699636529209
2024-08-21 11:00:00,0.6532179286482966,0.6532179286482966
2024-08-21 12:00:00,1.1771878855780469,1.1771878855780469
2024-08-21 13:00:00,1.8636881238637577,1.8636881238637577
2024-08-21 14:00:00,3.01887240941434,3.01887240941434
2024-08-21 15:00:00,3.0273176528633883,3.0273176528633883
2024-08-21 16:00:00,4.269984614715796,4.269984614715796
2024-08-21 17:00:00,4.8134798824112375,4.8134798824112375
2024-08-21 18:00:00,5.004642851498717,5.004642851498717
2024-08-21 19:00:00,4.54132398724967,4.54132398724967
2024-08-21 20:00:00,4.610139769277814,4.610139769277814
2024-08-21 21:00:00,3.666752042825705,3.666752042825705
2024-08-21 22:00:00,0.0,0.0
2024-08-21 23:00:00,0.0,0.0
2024-08-22 00:00:00,0.0,0.0
2024-08-22 01:00:00,0.0,0.0
2024-08-22 02:00:00,0.0,0.0
2024-08-22 03:00:00,0.0,0.0
2024-08-22 04:00:00,0.0,0.0
2024-08-22 05:00:00,0.0,0.0
2024-08-22 06:00:00,0.0,0.0
2024-08-22 07:00:00,0.0,0.0
2024-08-22 08:00:00,0.0,0.0
2024-08-22 09:00:00,0.0,0.0
2024-08-22 10:00:00,0.13439568005773728,0.13439568005773728
2024-08-22 11:00:00,0.6069886042182786,0.6069886042182786
2024-08-22 12:00:00,1.352742050607807,1.352742050607807
2024-08-22 13:00:00,1.7244976580825309,1.7244976580825309
2024-08-22 14:00:00,2.992496436593072,2.992496436593072
2024-08-22 15:00:00,3.2469379593366194,3.2469379593366194
2024-08-22 16:00:00,3.8044376571158063,3.8044376571158063
2024-08-22 17:00:00,4.417839384532713,4.417839384532713
2024-08-22 18:00:00,4.5607576486954615,4.5607576486954615
2024-08-22 19:00:00,4.293935641846478,4.293935641846478
2024-08-22 20:00:00,4.037276692962463,4.037276692962463
2024-08-22 21:00:00,4.56132979487144,4.56132979487144
2024-08-22 22:00:00,0.0,0.0
2024-08-22 23:00:00,0.0,0.0
2024-08-23 00:00:00,0.0,0.0
2024-08-23 01:00:00,0.0,0.0
2024-08-23 02:00:00,0.0,0.0
2024-08-23 03:00:00,0.0,0.0
2024-08-23 04:00:00,0.0,0.0
2024-08-23 05:00:00,0.0,0.0
2024-08-23 06:00:00,0.0,0.0
2024-08-23 07:00:00,0.0,0.0
2024-08-23 08:00:00,0.0,0.0
2024-08-23 09:00:00,0.0,0.0
2024-08-23 10:00:00,0.17290065518252523,0.17290065518252523
2024-08-23 11:00:00,0.5598034312142159,0.5598034312142159
2024-08-23 12:00:00,1.0639418462669286,1.0639418462669286
2024-08-23 13:00:00,1.694183950905948,1.694183950905948
2024-08-23 14:00:00,2.8952579330862775,2.8952579330862775
2024-08-23 15:00:00,2.930735923865511,2.930735923865511
2024-08-23 16:00:00,3.897499022484904,3.897499022484904
2024-08-23 17:00:00,5.1580973663539655,5.1580973663539655
2024-08-23 18:00:00,4.52084473709398,4.52084473709398
2024-08-23 19:00:00,4.743065133276135,4.743065133276135
2024-08-23 20:00:00,4.453404363222742,4.453404363222742
2024-08-23 21:00:00,3.8989723625283355,3.8989723625283355
2024-08-23 22:00:00,0.0,0.0
2024-08-23 23:00:00,0.0,0.0
2024-08-24 00:00:00,0.0,0.0
2024-08-24 01:00:00,0.0,0.0
2024-08-24 02:00:00,0.0,0.0
2024-08-24 03:00:00,0.0,0.0
2024-08-24 04:00:00,0.0,0.0
2024-08-24 05:00:00,0.0,0.0
2024-08-24 06:00:00,0.0,0.0
2024-08-24 07:00:00,0.0,0.0
2024-08-24 08:00:00,0.0,0.0
2024-08-24 09:00:00,0.0,0.0
2024-08-24 10:00:00,0.10377442026620046,0.10377442026620046
2024-08-24 11:00:00,0.4730630026243982,0.4730630026243982
2024-08-24 12:00:00,0.9057838019279878,0.9057838019279878
2024-08-24 13:00:00,1.2349287117394567,1.2349287117394567
2024-08-24 14:00:00,2.0835918377336586,2.0835918377336586
2024-08-24 15:00:00,2.5231053291146663,2.5231053291146663
2024-08-24 16:00:00,2.959480827170271,2.959480827170271
2024-08-24 17:00:00,3.1570747645975263,3.1570747645975263
2024-08-24 18:00:00,3.5117850137804996,3.5117850137804996
2024-08-24 19:00:00,3.110599442122882,3.110599442122882
2024-08-24 20:00:00,2.522752917522572,2.522752917522572
2024-08-24 21:00:00,2.7537237119460793,2.7537237119460793
2024-08-24 22:00:00,0.0,0.0
2024-08-24 23:00:00,0.0,0.0
2024-08-25 00:00:00,0.0,0.0
2024-08-25 01:00:00,0.0,0.0
2024-08-25 02:00:00,0.0,0.0
2024-08-25 03:00:00,0.0,0.0
2024-08-25 04:00:00,0.0,0.0
2024-08-25 05:00:00,0.0,0.0
2024-08-25 06:00:00,0.0,0.0
2024-08-25 07:00:00,0.0,0.0
2024-08-25 08:00:00,0.0,0.0
2024-08-25 09:00:00,0.0,0.0
2024-08-25 10:00:00,0.1292996136970788,0.1292996136970788
2024-08-25 11:00:00,0.4963638511006325,0.4963638511006325
2024-08-25 12:00:00,0.8614683322480134,0.8614683322480134
2024-08-25 13:00:00,1.5429925817205188,1.5429925817205188
2024-08-25 14:00:00,1.920436272648802,1.920436272648802
2024-08-25 15:00:00,2.823641796778131,2.823641796778131
2024-08-25 16:00:00,3.4532196632703984,3.4532196632703984
2024-08-25 17:00:00,3.486685330080179,3.486685330080179
2024-08-25 18:00:00,3.322747202160621,3.322747202160621
2024-08-25 19:00:00,3.4581558534221912,3.4581558534221912
2024-08-25 20:00:00,2.662328912330715,2.662328912330715
2024-08-25 21:00:00,3.0975499101436283,3.0975499101436283
2024-08-25 22:00:00,0.0,0.0
2024-08-25 23:00:00,0.0,0.0
2024-08-26 00:00:00,0.0,0.0
2024-08-26 01:00:00,0.0,0.0
2024-08-26 02:00:00,0.0,0.0
2024-08-26 03:00:00,0.0,0.0
2024-08-26 04:00:00,0.0,0.0
2024-08-26 05:00:00,0.0,0.0
2024-08-26 06:00:00,0.0,0.0
2024-08-26 07:00:00,0.0,0.0
2024-08-26 08:00:00,0.0,0.0
2024-08-26 09:00:00,0.0,0.0
2024-08-26 10:00:00,0.16553748113014954,0.16553748113014954
2024-08-26 11:00:00,0.628187619373347,0.628187619373347
2024-08-26 12:00:00,1.095945012835015,1.095945012835015
2024-08-26 13:00:00,1.9878099406001601,1.9878099406001601
2024-08-26 14:00:00,2.944693949243661,2.944693949243661
2024-08-26 15:00:00,2.6309660101025267,2.6309660101025267
2024-08-26 16:00:00,3.3197554800297127,3.3197554800297127
2024-08-26 17:00:00,4.563731805793328,4.563731805793328
2024-08-26 18:00:00,4.6159064298974615,4.6159064298974615
2024-08-26 19:00:00,3.486227999657714,3.486227999657714
2024-08-26 20:00:00,3.7756830903080094,3.7756830903080094
2024-08-26 21:00:00,3.8761176930421914,3.8761176930421914
2024-08-26 22:00:00,0.0,0.0
2024-08-26 23:00:00,0.0,0.0
2024-08-27 00:00:00,0.0,0.0
2024-08-27 01:00:00,0.0,0.0
2024-08-27 02:00:00,0.0,0.0
2024-08-27 03:00:00,0.0,0.0
2024-08-27 04:00:00,0.0,0.0
2024-08-27 05:00:00,0.0,0.0
2024-08-27 06:00:00,0.0,0.0
2024-08-27 07:00:00,0.0,0.0
2024-08-27 08:00:00,0.0,0.0
2024-08-27 09:00:00,0.0,0.0
2024-08-27 10:00:00,0.14807629492404922,0.14807629492404922
2024-08-27 11:00:00,0.49267102256393475,0.49267102256393475
2024-08-27 12:00:00,0.9894501162601392,0.9894501162601392
2024-08-27 13:00:00,1.6851893038533932,1.6851893038533932
2024-08-27 14:00:00,2.6110816568379103,2.6110816568379103
2024-08-27 15:00:00,3.198126768990337,3.198126768990337
2024-08-27 16:00:00,4.4483097105246845,4.4483097105246845
2024-08-27 17:00:00,4.2520350946955325,4.2520350946955325
2024-08-27 18:00:00,3.7618981319396223,3.7618981319396223
2024-08-27 19:00:00,3.9037068462483426,3.9037068462483426
2024-08-27 20:00:00,3.699478458971573,3.699478458971573
2024-08-27 21:00:00,4.390880528723117,4.390880528723117
2024-08-27 22:00:00,0.0,0.0
2024-08-27 23:00:00,0.0,0.0
2024-08-28 00:00:00,0.0,0.0
2024-08-28 01:00:00,0.0,0.0
2024-08-28 02:00:00,0.0,0.0
2024-08-28 03:00:00,0.0,0.0
2024-08-28 04:00:00,0.0,0.0
2024-08-28 05:00:00,0.0,0.0
2024-08-28 06:00:00,0.0,0.0
2024-08-28 07:00:00,0.0,0.0
2024-08-28 08:00:00,0.0,0.0
2024-08-28 09:00:00,0.0,0.0
2024-08-28 10:00:00,0.15601082865850202,0.15601082865850202
2024-08-28 11:00:00,0.7206874624468353,0.7206874624468353
2024-08-28 12:00:00,1.32368833797976,1.32368833797976
2024-08-28 13:00:00,2.221438132399923,2.221438132399923
2024-08-28 14:00:00,2.812646113850511,2.812646113850511
2024-08-28 15:00:00,3.5102538336575817,3.5102538336575817
2024-08-28 16:00:00,4.245298619278496,4.245298619278496
2024-08-28 17:00:00,4.739329355281578,4.739329355281578
2024-08-28 18:00:00,4.164003678169913,4.164003678169913
2024-08-28 19:00:00,3.9109982115476214,3.9109982115476214
2024-08-28 20:00:00,4.7516006642500574,4.7516006642500574
2024-08-28 21:00:00,4.794057664944265,4.794057664944265
2024-08-28 22:00:00,0.0,0.0
2024-08-28 23:00:00,0.0,0.0
2024-08-29 00:00:00,0.0,0.0
2024-08-29 01:00:00,0.0,0.0
2024-08-29 02:00:00,0.0,0.0
2024-08-29 03:00:00,0.0,0.0
2024-08-29 04:00:00,0.0,0.0
2024-08-29 05:00:00,0.0,0.0
2024-08-29 06:00:00,0.0,0.0
2024-08-29 07:00:00,0.0,0.0
2024-08-29 08:00:00,0.0,0.0
2024-08-29 09:00:00,0.0,0.0
2024-08-29 10:00:00,0.13607509499841788,0.13607509499841788
2024-08-29 11:00:00,0.5680690407525285,0.5680690407525285
2024-08-29 12:00:00,1.0568877130512984,1.0568877130512984
2024-08-29 13:00:00,1.9605528989610495,1.9605528989610495
2024-08-29 14:00:00,2.6699936429950384,2.6699936429950384
2024-08-29 15:00:00,3.3179545041700735,3.3179545041700735
2024-08-29 16:00:00,3.9662355692920332,3.9662355692920332
2024-08-29 17:00:00,4.01458266107752,4.01458266107752
2024-08-29 18:00:00,4.244299674860044,4.244299674860044
2024-08-29 19:00:00,4.190579336063261,4.190579336063261
2024-08-29 20:00:00,3.6360333599443884,3.6360333599443884
2024-08-29 21:00:00,3.6402812540341793,3.6402812540341793
2024-08-29 22:00:00,0.0,0.0
2024-08-29 23:00:00,0.0,0.0
2024-08-30 00:00:00,0.0,0.0
2024-08-30 01:00:00,0.0,0.0
2024-08-30 02:00:00,0.0,0.0
2024-08-30 03:00:00,0.0,0.0
2024-08-30 04:00:00,0.0,0.0
2024-08-30 05:00:00,0.0,0.0
2024-08-30 06:00:00,0.0,0.0
2024-08-30 07:00:00,0.0,0.0
2024-08-30 08:00:00,0.0,0.0
2024-08-30 09:00:00,0.0,0.0
2024-08-30 10:00:00,0.19242564654761696,0.19242564654761696
2024-08-30 11:00:00,0.5756689939560324,0.5756689939560324
2024-08-30 12:00:00,1.3616005220224157,1.3616005220224157
2024-08-30 13:00:00,2.270628792792788,2.270628792792788
2024-08-30 14:00:00,3.107119797091863,3.107119797091863
2024-08-30 15:00:00,4.040113120675034,4.040113120675034
2024-08-30 16:00:00,4.60284331283931,4.60284331283931
2024-08-30 17:00:00,5.250745028507141,5.250745028507141
2024-08-30 18:00:00,5.374592100780114,5.374592100780114
2024-08-30 19:00:00,3.986362872923401,3.986362872923401
2024-08-30 20:00:00,4.467952023706526,4.467952023706526
2024-08-30 21:00:00,4.60391084707471,4.60391084707471
2024-08-30 22:00:00,0.0,0.0
2024-08-30 23:00:00,0.0,0.0
2024-08-31 00:00:00,0.0,0.0
2024-08-31 01:00:00,0.0,0.0
2024-08-31 02:00:00,0.0,0.0
2024-08-31 03:00:00,0.0,0.0
2024-08-31 04:00:00,0.0,0.0
2024-08-31 05:00:00,0.0,0.0
2024-08-31 06:00:00,0.0,0.0
2024-08-31 07:00:00,0.0,0.0
2024-08-31 08:00:00,0.0,0.0
2024-08-31 09:00:00,0.0,0.0
2024-08-31 10:00:00,0.10497816930693749,0.10497816930693749
2024-08-31 11:00:00,0.3830693698487384,0.3830693698487384
2024-08-31 12:00:00,0.8189575055823162,0.8189575055823162
2024-08-31 13:00:00,1.1766777592284625,1.1766777592284625
2024-08-31 14:00:00,2.22852429324437,2.22852429324437
2024-08-31 15:00:00,2.4587549134394595,2.4587549134394595
2024-08-31 16:00:00,3.0729146313633064,3.0729146313633064
2024-08-31 17:00:00,3.7437867267540565,3.7437867267540565
2024-08-31 18:00:00,3.6637121139112376,3.6637121139112376
2024-08-31 19:00:00,2.8904046256978053,2.8904046256978053
2024-08-31 20:00:00,3.0753852194099833,3.0753852194099833
2024-08-31 21:00:00,2.9666140778055325,2.9666140778055325
2024-08-31 22:00:00,0.0,0.0
2024-08-31 23:00:00,0.0,0.0
2024-09-01 00:00:00,0.0,0.0
2024-09-01 01:00:00,0.0,0.0
2024-09-01 02:00:00,0.0,0.0
2024-09-01 03:00:00,0.0,0.0
2024-09-01 04:00:00,0.0,0.0
2024-09-01 05:00:00,0.0,0.0
2024-09-01 06:00:00,0.0,0.0
2024-09-01 07:00:00,0.0,0.0
2024-09-01 08:00:00,0.0,0.0
2024-09-01 09:00:00,0.0,0.0
2024-09-01 10:00:00,0.09664996601919106,0.09664996601919106
2024-09-01 11:00:00,0.37954382962468436,0.37954382962468436
2024-09-01 12:00:00,0.7427219759244049,0.7427219759244049
2024-09-01 13:00:00,1.329884358272687,1.329884358272687
2024-09-01 14:00:00,1.7722499291109615,1.7722499291109615
2024-09-01 15:00:00,1.9697347201611486,1.9697347201611486
2024-09-01 16:00:00,2.6379316688875027,2.6379316688875027
2024-09-01 17:00:00,3.336554636268004,3.336554636268004
2024-09-01 18:00:00,3.068476132579773,3.068476132579773
2024-09-01 19:00:00,2.49260383794012,2.49260383794012
2024-09-01 20:00:00,2.4195417047264014,2.4195417047264014
2024-09-01 21:00:00,3.0181993113386216,3.0181993113386216
2024-09-01 22:00:00,0.0,0.0
2024-09-01 23:00:00,0.0,0.0
2024-09-02 00:00:00,0.0,0.0
2024-09-02 01:00:00,0.0,0.0
2024-09-02 02:00:00,0.0,0.0
2024-09-02 03:00:00,0.0,0.0
2024-09-02 04:00:00,0.0,0.0
2024-09-02 05:00:00,0.0,0.0
2024-09-02 06:00:00,0.0,0.0
2024-09-02 07:00:00,0.0,0.0
2024-09-02 08:00:00,0.0,0.0
2024-09-02 09:00:00,0.0,0.0
2024-09-02 10:00:00,0.14295765786385042,0.14295765786385042
2024-09-02 11:00:00,0.5766327180265843,0.5766327180265843
2024-09-02 12:00:00,1.1379046594360003,1.1379046594360003
2024-09-02 13:00:00,1.8654574734449714,1.8654574734449714
2024-09-02 14:00:00,2.8489795293190583,2.8489795293190583
2024-09-02 15:00:00,3.4937372608882162,3.4937372608882162
2024-09-02 16:00:00,4.282330691070175,4.282330691070175
2024-09-02 17:00:00,4.795446274168869,4.795446274168869
2024-09-02 18:00:00,4.82171427671342,4.82171427671342
2024-09-02 19:00:00,3.8298179570025783,3.8298179570025783
2024-09-02 20:00:00,3.7787842766104855,3.7787842766104855
2024-09-02 21:00:00,3.8189940651421077,3.8189940651421077
2024-09-02 22:00:00,0.0,0.0
2024-09-02 23:00:00,0.0,0.0
2024-09-03 00:00:00,0.0,0.0
2024-09-03 01:00:00,0.0,0.0
2024-09-03 02:00:00,0.0,0.0
2024-09-03 03:00:00,0.0,0.0
2024-09-03 04:00:00,0.0,0.0
2024-09-03 05:00:00,0.0,0.0
2024-09-03 06:00:00,0.0,0.0
2024-09-03 07:00:00,0.0,0.0
2024-09-03 08:00:00,0.0,0.0
2024-09-03 09:00:00,0.0,0.0
2024-09-03 10:00:00,0.15151935409401587,0.15151935409401587
2024-09-03 11:00:00,0.5721350530086998,0.5721350530086998
2024-09-03 12:00:00,1.3285758333138318,1.3285758333138318
2024-09-03 13:00:00,1.5614730532877206,1.5614730532877206
2024-09-03 14:00:00,3.130403712604447,3.130403712604447
2024-09-03 15:00:00,2.9327666538998924,2.9327666538998924
2024-09-03 16:00:00,3.5902533193224495,3.5902533193224495
2024-09-03 17:00:00,4.811523757385679,4.811523757385679
2024-09-03 18:00:00,4.471617398270549,4.471617398270549
2024-09-03 19:00:00,4.404097098924779,4.404097098924779
2024-09-03 20:00:00,3.9941696013981782,3.9941696013981782
2024-09-03 21:00:00,4.0065580940020284,4.0065580940020284
2024-09-03 22:00:00,0.0,0.0
2024-09-03 23:00:00,0.0,0.0
2024-09-04 00:00:00,0.0,0.0
2024-09-04 01:00:00,0.0,0.0
2024-09-04 02:00:00,0.0,0.0
2024-09-04 03:00:00,0.0,0.0
2024-09-04 04:00:00,0.0,0.0
2024-09-04 05:00:00,0.0,0.0
2024-09-04 06:00:00,0.0,0.0
2024-09-04 07:00:00,0.0,0.0
2024-09-04 08:00:00,0.0,0.0
2024-09-04 09:00:00,0.0,0.0
2024-09-04 10:00:00,0.13895240375015439,0.13895240375015439
2024-09-04 11:00:00,0.6649834947995037,0.6649834947995037
2024-09-04 12:00:00,1.260829001726387,1.260829001726387
2024-09-04 13:00:00,2.1454080546068304,2.1454080546068304
2024-09-04 14:00:00,3.2323375482705745,3.2323375482705745
2024-09-04 15:00:00,3.079597088200947,3.079597088200947
2024-09-04 16:00:00,3.690624232031859,3.690624232031859
2024-09-04 17:00:00,4.372339091267666,4.372339091267666
2024-09-04 18:00:00,5.107368468945693,5.107368468945693
2024-09-04 19:00:00,4.691920237421819,4.691920237421819
2024-09-04 20:00:00,4.483484242923645,4.483484242923645
2024-09-04 21:00:00,4.70189248749599,4.70189248749599
2024-09-04 22:00:00,0.0,0.0
2024-09-04 23:00:00,0.0,0.0
2024-09-05 00:00:00,0.0,0.0
2024-09-05 01:00:00,0.0,0.0
2024-09-05 02:00:00,0.0,0.0
2024-09-05 03:00:00,0.0,0.0
2024-09-05 04:00:00,0.0,0.0
2024-09-05 05:00:00,0.0,0.0
2024-09-05 06:00:00,0.0,0.0
2024-09-05 07:00:00,0.0,0.0
2024-09-05 08:00:00,0.0,0.0
2024-09-05 09:00:00,0.0,0.0
2024-09-05 10:00:00,0.19352067037120554,0.19352067037120554
2024-09-05 11:00:00,0.6672165618067322,0.6672165618067322
2024-09-05 12:00:00,1.4516881739750738,1.4516881739750738
2024-09-05 13:00:00,2.053600490863999,2.053600490863999
2024-09-05 14:00:00,2.7026835191938856,2.7026835191938856
2024-09-05 15:00:00,3.8308929590164964,3.8308929590164964
2024-09-05 16:00:00,3.944894369946984,3.944894369946984
2024-09-05 17:00:00,4.935062956119273,4.935062956119273
2024-09-05 18:00:00,5.115963337783165,5.115963337783165
2024-09-05 19:00:00,4.847027972726128,4.847027972726128
2024-09-05 20:00:00,5.015140524710839,5.015140524710839
2024-09-05 21:00:00,4.141056016722695,4.141056016722695
2024-09-05 22:00:00,0.0,0.0
2024-09-05 23:00:00,0.0,0.0
2024-09-06 00:00:00,0.0,0.0
2024-09-06 01:00:00,0.0,0.0
2024-09-06 02:00:00,0.0,0.0
2024-09-06 03:00:00,0.0,0.0
2024-09-06 04:00:00,0.0,0.0
2024-09-06 05:00:00,0.0,0.0
2024-09-06 06:00:00,0.0,0.0
2024-09-06 07:00:00,0.0,0.0
2024-09-06 08:00:00,0.0,0.0
2024-09-06 09:00:00,0.0,0.0
2024-09-06 10:00:00,0.158849626430577,0.158849626430577
2024-09-06 11:00:00,0.6704708272213123,0.6704708272213123
2024-09-06 12:00:00,1.4528054420140535,1.4528054420140535
2024-09-06 13:00:00,2.0776525016883145,2.0776525016883145
2024-09-06 14:00:00,3.238303748509557,3.238303748509557
2024-09-06 15:00:00,3.1278585986672787,3.1278585986672787
2024-09-06 16:00:00,3.9603771251928124,3.9603771251928124
2024-09-06 17:00:00,5.014642812238879,5.014642812238879
2024-09-06 18:00:00,4.756715468573818,4.756715468573818
2024-09-06 19:00:00,3.8035307091900723,3.8035307091900723
2024-09-06 20:00:00,4.608848012123186,4.608848012123186
2024-09-06 21:00:00,4.636051612758331,4.636051612758331
2024-09-06 22:00:00,0.0,0.0
2024-09-06 23:00:00,0.0,0.0
2024-09-07 00:00:00,0.0,0.0
2024-09-07 01:00:00,0.0,0.0
2024-09-07 02:00:00,0.0,0.0
2024-09-07 03:00:00,0.0,0.0
2024-09-07 04:00:00,0.0,0.0
2024-09-07 05:00:00,0.0,0.0
2024-09-07 06:00:00,0.0,0.0
2024-09-07 07:00:00,0.0,0.0
2024-09-07 08:00:00,0.0,0.0
2024-09-07 09:00:00,0.0,0.0
2024-09-07 10:00:00,0.09242168287685576,0.09242168287685576
2024-09-07 11:00:00,0.4007962020372654,0.4007962020372654
2024-09-07 12:00:00,0.7571495603132656,0.7571495603132656
2024-09-07 13:00:00,1.2125123470939294,1.2125123470939294
2024-09-07 14:00:00,1.9099695742578964,1.9099695742578964
2024-09-07 15:00:00,2.304041031971547,2.304041031971547
2024-09-07 16:00:00,3.1264216710991186,3.1264216710991186
2024-09-07 17:00:00,2.8062320271412684,2.8062320271412684
2024-09-07 18:00:00,3.115871847048969,3.115871847048969
2024-09-07 19:00:00,3.107285323160171,3.107285323160171
2024-09-07 20:00:00,2.7591038693792433,2.7591038693792433
2024-09-07 21:00:00,2.873128288006776,2.873128288006776
2024-09-07 22:00:00,0.0,0.0
2024-09-07 23:00:00,0.0,0.0
2024-09-08 00:00:00,0.0,0.0
2024-09-08 01:00:00,0.0,0.0
2024-09-08 02:00:00,0.0,0.0
2024-09-08 03:00:00,0.0,0.0
2024-09-08 04:00:00,0.0,0.0
2024-09-08 05:00:00,0.0,0.0
2024-09-08 06:00:00,0.0,0.0
2024-09-08 07:00:00,0.0,0.0
2024-09-08 08:00:00,0.0,0.0
2024-09-08 09:00:00,0.0,0.0
2024-09-08 10:00:00,0.1025022270361301,0.1025022270361301
2024-09-08 11:00:00,0.4403730392506223,0.4403730392506223
2024-09-08 12:00:00,0.7800720476313289,0.7800720476313289
2024-09-08 13:00:00,1.128976003637135,1.128976003637135
2024-09-08 14:00:00,2.1210015968643594,2.1210015968643594
2024-09-08 15:00:00,2.0725553144173143,2.0725553144173143
2024-09-08 16:00:00,3.094306530694361,3.094306530694361
2024-09-08 17:00:00,3.4515727402141927,3.4515727402141927
2024-09-08 18:00:00,3.395460348172977,3.395460348172977
2024-09-08 19:00:00,2.944133704091079,2.944133704091079
2024-09-08 20:00:00,3.2015490007691847,3.2015490007691847
2024-09-08 21:00:00,2.5404649198954505,2.5404649198954505
2024-09-08 22:00:00,0.0,0.0
2024-09-08 23:00:00,0.0,0.0
2024-09-09 00:00:00,0.0,0.0
2024-09-09 01:00:00,0.0,0.0
2024-09-09 02:00:00,0.0,0.0
2024-09-09 03:00:00,0.0,0.0
2024-09-09 04:00:00,0.0,0.0
2024-09-09 05:00:00,0.0,0.0
2024-09-09 06:00:00,0.0,0.0
2024-09-09 07:00:00,0.0,0.0
2024-09-09 08:00:00,0.0,0.0
2024-09-09 09:00:00,0.0,0.0
2024-09-09 10:00:00,0.1697396615978462,0.1697396615978462
2024-09-09 11:00:00,0.6481124973013589,0.6481124973013589
2024-09-09 12:00:00,1.2991451709091866,1.2991451709091866
2024-09-09 13:00:00,2.0527996686436487,2.0527996686436487
2024-09-09 14:00:00,2.8346196450679306,2.8346196450679306
2024-09-09 15:00:00,3.154162194595094,3.154162194595094
2024-09-09 16:00:00,4.5064688487017674,4.5064688487017674
2024-09-09 17:00:00,4.88538437454726,4.88538437454726
2024-09-09 18:00:00,4.19222048372253,4.19222048372253
2024-09-09 19:00:00,4.004062193458778,4.004062193458778
2024-09-09 20:00:00,3.700469525768323,3.700469525768323
2024-09-09 21:00:00,4.495995697890133,4.495995697890133
2024-09-09 22:00:00,0.0,0.0
2024-09-09 23:00:00,0.0,0.0
2024-09-10 00:00:00,0.0,0.0
2024-09-10 01:00:00,0.0,0.0
2024-09-10 02:00:00,0.0,0.0
2024-09-10 03:00:00,0.0,0.0
2024-09-10 04:00:00,0.0,0.0
2024-09-10 05:00:00,0.0,0.0
2024-09-10 06:00:00,0.0,0.0
2024-09-10 07:00:00,0.0,0.0
2024-09-10 08:00:00,0.0,0.0
2024-09-10 09:00:00,0.0,0.0
2024-09-10 10:00:00,0.18215130538158814,0.18215130538158814
2024-09-10 11:00:00,0.6080131986038995,0.6080131986038995
2024-09-10 12:00:00,1.1535872558882496,1.1535872558882496
2024-09-10 13:00:00,2.0341282375822236,2.0341282375822236
2024-09-10 14:00:00,3.3198157672887123,3.3198157672887123
2024-09-10 15:00:00,3.916131458950545,3.916131458950545
2024-09-10 16:00:00,4.884621842903457,4.884621842903457
2024-09-10 17:00:00,5.435553274078705,5.435553274078705
2024-09-10 18:00:00,4.608109883797493,4.608109883797493
2024-09-10 19:00:00,4.286507525255444,4.286507525255444
2024-09-10 20:00:00,4.1215419964702,4.1215419964702
2024-09-10 21:00:00,4.899051317671097,4.899051317671097
2024-09-10 22:00:00,0.0,0.0
2024-09-10 23:00:00,0.0,0.0
2024-09-11 00:00:00,0.0,0.0
2024-09-11 01:00:00,0.0,0.0
2024-09-11 02:00:00,0.0,0.0
2024-09-11 03:00:00,0.0,0.0
2024-09-11 04:00:00,0.0,0.0
2024-09-11 05:00:00,0.0,0.0
2024-09-11 06:00:00,0.0,0.0
2024-09-11 07:00:00,0.0,0.0
2024-09-11 08:00:00,0.0,0.0
2024-09-11 09:00:00,0.0,0.0
2024-09-11 10:00:00,0.14299812760962619,0.14299812760962619
2024-09-11 11:00:00,0.6166271307921406,0.6166271307921406
2024-09-11 12:00:00,1.2524020854607931,1.2524020854607931
2024-09-11 13:00:00,1.7333706931369652,1.7333706931369652
2024-09-11 14:00:00,2.3145553203409124,2.3145553203409124
2024-09-11 15:00:00,2.7320590328271073,2.7320590328271073
2024-09-11 16:00:00,3.691683606543374,3.691683606543374
2024-09-11 17:00:00,5.023683379045433,5.023683379045433
2024-09-11 18:00:00,4.238266256814754,4.238266256814754
2024-09-11 19:00:00,4.164573106116066,4.164573106116066
2024-09-11 20:00:00,4.395589870200542,4.395589870200542
2024-09-11 21:00:00,3.7552778358642684,3.7552778358642684
2024-09-11 22:00:00,0.0,0.0
2024-09-11 23:00:00,0.0,0.0
2024-09-12 00:00:00,0.0,0.0
2024-09-12 01:00:00,0.0,0.0
2024-09-12 02:00:00,0.0,0.0
2024-09-12 03:00:00,0.0,0.0
2024-09-12 04:00:00,0.0,0.0
2024-09-12 05:00:00,0.0,0.0
2024-09-12 06:00:00,0.0,0.0
2024-09-12 07:00:00,0.0,0.0
2024-09-12 08:00:00,0.0,0.0
2024-09-12 09:00:00,0.0,0.0
2024-09-12 10:00:00,0.17756404036122778,0.17756404036122778
2024-09-12 11:00:00,0.5935417475637313,0.5935417475637313
2024-09-12 12:00:00,1.3103571081857568,1.3103571081857568
2024-09-12 13:00:00,2.1048794403927817,2.1048794403927817
2024-09-12 14:00:00,3.191521368033688,3.191521368033688
2024-09-12 15:00:00,3.0403140218562204,3.0403140218562204
2024-09-12 16:00:00,4.409360270924057,4.409360270924057
2024-09-12 17:00:00,4.356335096735158,4.356335096735158
2024-09-12 18:00:00,4.168096502651727,4.168096502651727
2024-09-12 19:00:00,4.197999911998979,4.197999911998979
2024-09-12 20:00:00,4.800900163556315,4.800900163556315
2024-09-12 21:00:00,4.861930947255923,4.861930947255923
2024-09-12 22:00:00,0.0,0.0
2024-09-12 23:00:00,0.0,0.0
2024-09-13 00:00:00,0.0,0.0
2024-09-13 01:00:00,0.0,0.0
2024-09-13 02:00:00,0.0,0.0
2024-09-13 03:00:00,0.0,0.0
2024-09-13 04:00:00,0.0,0.0
2024-09-13 05:00:00,0.0,0.0
2024-09-13 06:00:00,0.0,0.0
2024-09-13 07:00:00,0.0,0.0
2024-09-13 08:00:00,0.0,0.0
2024-09-13 09:00:00,0.0,0.0
2024-09-13 10:00:00,0.1536994166563992,0.1536994166563992
2024-09-13 11:00:00,0.48922671283722025,0.48922671283722025
2024-09-13 12:00:00,1.1058964299570646,1.1058964299570646
2024-09-13 13:00:00,1.912819677469279,1.912819677469279
2024-09-13 14:00:00,2.5454687186928577,2.5454687186928577
2024-09-13 15:00:00,3.2092142350899,3.2092142350899
2024-09-13 16:00:00,4.530007588408795,4.530007588408795
2024-09-13 17:00:00,3.917401513170048,3.917401513170048
2024-09-13 18:00:00,4.07573381878428,4.07573381878428
2024-09-13 19:00:00,4.09680662765075,4.09680662765075
2024-09-13 20:00:00,4.004127355134921,4.004127355134921
2024-09-13 21:00:00,4.510529858176172,4.510529858176172
2024-09-13 22:00:00,0.0,0.0
2024-09-13 23:00:00,0.0,0.0
2024-09-14 00:00:00,0.0,0.0
2024-09-14 01:00:00,0.0,0.0
2024-09-14 02:00:00,0.0,0.0
2024-09-14 03:00:00,0.0,0.0
2024-09-14 04:00:00,0.0,0.0
2024-09-14 05:00:00,0.0,0.0
2024-09-14 06:00:00,0.0,0.0
2024-09-14 07:00:00,0.0,0.0
2024-09-14 08:00:00,0.0,0.0
2024-09-14 09:00:00,0.0,0.0
2024-09-14 10:00:00,0.11732955580454456,0.11732955580454456
2024-09-14 11:00:00,0.4840966958244803,0.4840966958244803
2024-09-14 12:00:00,0.7262679065709903,0.7262679065709903
2024-09-14 13:00:00,1.5040872396958689,1.5040872396958689
2024-09-14 14:00:00,2.1127836357844254,2.1127836357844254
2024-09-14 15:00:00,2.5902241371294554,2.5902241371294554
2024-09-14 16:00:00,2.947111896245504,2.947111896245504
2024-09-14 17:00:00,3.2186411487581017,3.2186411487581017
2024-09-14 18:00:00,3.498194663753622,3.498194663753622
2024-09-14 19:00:00,2.9001204860775798,2.9001204860775798
2024-09-14 20:00:00,3.2024325683006793,3.2024325683006793
2024-09-14 21:00:00,3.2443815382213184,3.2443815382213184
2024-09-14 22:00:00,0.0,0.0
2024-09-14 23:00:00,0.0,0.0
2024-09-15 00:00:00,0.0,0.0
2024-09-15 01:00:00,0.0,0.0
2024-09-15 02:00:00,0.0,0.0
2024-09-15 03:00:00,0.0,0.0
2024-09-15 04:00:00,0.0,0.0
2024-09-15 05:00:00,0.0,0.0
2024-09-15 06:00:00,0.0,0.0
2024-09-15 07:00:00,0.0,0.0
2024-09-15 08:00:00,0.0,0.0
2024-09-15 09:00:00,0.0,0.0
2024-09-15 10:00:00,0.09482881512599159,0.09482881512599159
2024-09-15 11:00:00,0.37852686796339086,0.37852686796339086
2024-09-15 12:00:00,0.7212049461886174,0.7212049461886174
2024-09-15 13:00:00,1.1833450206540004,1.1833450206540004
2024-09-15 14:00:00,2.287794895492648,2.287794895492648
2024-09-15 15:00:00,2.330034128412506,2.330034128412506
2024-09-15 16:00:00,2.52504542857882,2.52504542857882
2024-09-15 17:00:00,3.302146605111941,3.302146605111941
2024-09-15 18:00:00,3.3046257477765484,3.3046257477765484
2024-09-15 19:00:00,2.883842768722423,2.883842768722423
2024-09-15 20:00:00,2.707983863162137,2.707983863162137
2024-09-15 21:00:00,3.0250305698106077,3.0250305698106077
2024-09-15 22:00:00,0.0,0.0
2024-09-15 23:00:00,0.0,0.0
2024-09-16 00:00:00,0.0,0.0
2024-09-16 01:00:00,0.0,0.0
2024-09-16 02:00:00,0.0,0.0
2024-09-16 03:00:00,0.0,0.0
2024-09-16 04:00:00,0.0,0.0
2024-09-16 05:00:00,0.0,0.0
2024-09-16 06:00:00,0.0,0.0
2024-09-16 07:00:00,0.0,0.0
2024-09-16 08:00:00,0.0,0.0
2024-09-16 09:00:00,0.0,0.0
2024-09-16 10:00:00,0.17143488156335923,0.17143488156335923
2024-09-16 11:00:00,0.5723720619422911,0.5723720619422911
2024-09-16 12:00:00,1.5267062141603742,1.5267062141603742
2024-09-16 13:00:00,2.1367923834080718,2.1367923834080718
2024-09-16 14:00:00,2.7455730113381454,2.7455730113381454
2024-09-16 15:00:00,3.2984121487693523,3.2984121487693523
2024-09-16 16:00:00,4.9095273746060455,4.9095273746060455
2024-09-16 17:00:00,5.473919613671062,5.473919613671062
2024-09-16 18:00:00,4.862129765541771,4.862129765541771
2024-09-16 19:00:00,4.017831778474771,4.017831778474771
2024-09-16 20:00:00,4.547924535135504,4.547924535135504
2024-09-16 21:00:00,4.257498069584152,4.257498069584152
2024-09-16 22:00:00,0.0,0.0
2024-09-16 23:00:00,0.0,0.0
2024-09-17 00:00:00,0.0,0.0
2024-09-17 01:00:00,0.0,0.0
2024-09-17 02:00:00,0.0,0.0
2024-09-17 03:00:00,0.0,0.0
2024-09-17 04:00:00,0.0,0.0
2024-09-17 05:00:00,0.0,0.0
2024-09-17 06:00:00,0.0,0.0
2024-09-17 07:00:00,0.0,0.0
2024-09-17 08:00:00,0.0,0.0
2024-09-17 09:00:00,0.0,0.0
2024-09-17 10:00:00,0.1840354971136659,0.1840354971136659
2024-09-17 11:00:00,0.6138345820983092,0.6138345820983092
2024-09-17 12:00:00,1.3374485951245323,1.3374485951245323
2024-09-17 13:00:00,1.6949079292943678,1.6949079292943678
2024-09-17 14:00:00,2.574974801650188,2.574974801650188
2024-09-17 15:00:00,3.285378314187314,3.285378314187314
2024-09-17 16:00:00,4.715849099127285,4.715849099127285
2024-09-17 17:00:00,5.515488735970869,5.515488735970869
2024-09-17 18:00:00,5.108455039736122,5.108455039736122
2024-09-17 19:00:00,4.5581038727707135,4.5581038727707135
2024-09-17 20:00:00,3.696316758100145,3.696316758100145
2024-09-17 21:00:00,4.924024565783744,4.924024565783744
2024-09-17 22:00:00,0.0,0.0
2024-09-17 23:00:00,0.0,0.0
2024-09-18 00:00:00,0.0,0.0
2024-09-18 01:00:00,0.0,0.0
2024-09-18 02:00:00,0.0,0.0
2024-09-18 03:00:00,0.0,0.0
2024-09-18 04:00:00,0.0,0.0
2024-09-18 05:00:00,0.0,0.0
2024-09-18 06:00:00,0.0,0.0
2024-09-18 07:00:00,0.0,0.0
2024-09-18 08:00:00,0.0,0.0
2024-09-18 09:00:00,0.0,0.0
2024-09-18 10:00:00,0.14409439947811414,0.14409439947811414
2024-09-18 11:00:00,0.5854753392460258,0.5854753392460258
2024-09-18 12:00:00,1.260994736324978,1.260994736324978
2024-09-18 13:00:00,1.7074144277279317,1.7074144277279317
2024-09-18 14:00:00,2.8171700246079734,2.8171700246079734
2024-09-18 15:00:00,3.072871968017719,3.072871968017719
2024-09-18 16:00:00,4.113244460233961,4.113244460233961
2024-09-18 17:00:00,4.698475328335036,4.698475328335036
2024-09-18 18:00:00,4.319945141927846,4.319945141927846
2024-09-18 19:00:00,3.2946824375499695,3.2946824375499695
2024-09-18 20:00:00,4.228991061307419,4.228991061307419
2024-09-18 21:00:00,3.971964819270743,3.971964819270743
2024-09-18 22:00:00,0.0,0.0
2024-09-18 23:00:00,0.0,0.0
2024-09-19 00:00:00,0.0,0.0
2024-09-19 01:00:00,0.0,0.0
2024-09-19 02:00:00,0.0,0.0
2024-09-19 03:00:00,0.0,0.0
2024-09-19 04:00:00,0.0,0.0
2024-09-19 05:00:00,0.0,0.0
2024-09-19 06:00:00,0.0,0.0
2024-09-19 07:00:00,0.0,0.0
2024-09-19 08:00:00,0.0,0.0
2024-09-19 09:00:00,0.0,0.0
2024-09-19 10:00:00,0.15810453310579053,0.15810453310579053
2024-09-19 11:00:00,0.5800302615185076,0.5800302615185076
2024-09-19 12:00:00,1.121479656787361,1.121479656787361
2024-09-19 13:00:00,2.012146165693977,2.012146165693977
2024-09-19 14:00:00,2.536976741737176,2.536976741737176
2024-09-19 15:00:00,3.0211292313980973,3.0211292313980973
2024-09-19 16:00:00,4.177452583130304,4.177452583130304
2024-09-19 17:00:00,4.386409018024327,4.386409018024327
2024-09-19 18:00:00,4.515456108719137,4.515456108719137
2024-09-19 19:00:00,4.366553892026027,4.366553892026027
2024-09-19 20:00:00,4.05202365579203,4.05202365579203
2024-09-19 21:00:00,3.475177941398609,3.475177941398609
2024-09-19 22:00:00,0.0,0.0
2024-09-19 23:00:00,0.0,0.0
2024-09-20 00:00:00,0.0,0.0
2024-09-20 01:00:00,0.0,0.0
2024-09-20 02:00:00,0.0,0.0
2024-09-20 03:00:00,0.0,0.0
2024-09-20 04:00:00,0.0,0.0
2024-09-20 05:00:00,0.0,0.0
2024-09-20 06:00:00,0.0,0.0
2024-09-20 07:00:00,0.0,0.0
2024-09-20 08:00:00,0.0,0.0
2024-09-20 09:00:00,0.0,0.0
2024-09-20 10:00:00,0.13297219605096527,0.13297219605096527
2024-09-20 11:00:00,0.536589122651687,0.536589122651687
2024-09-20 12:00:00,1.1817863793027854,1.1817863793027854
2024-09-20 13:00:00,1.7249869466242291,1.7249869466242291
2024-09-20 14:00:00,2.8799900445398934,2.8799900445398934
2024-09-20 15:00:00,2.588918325195746,2.588918325195746
2024-09-20 16:00:00,3.5928398415845613,3.5928398415845613
2024-09-20 17:00:00,4.360352543162677,4.360352543162677
2024-09-20 18:00:00,4.394027655053032,4.394027655053032
2024-09-20 19:00:00,3.720338153826482,3.720338153826482
2024-09-20 20:00:00,3.6111650631009415,3.6111650631009415
2024-09-20 21:00:00,3.2918015162013954,3.2918015162013954
2024-09-20 22:00:00,0.0,0.0
2024-09-20 23:00:00,0.0,0.0
2024-09-21 00:00:00,0.0,0.0
2024-09-21 01:00:00,0.0,0.0
2024-09-21 02:00:00,0.0,0.0
2024-09-21 03:00:00,0.0,0.0
2024-09-21 04:00:00,0.0,0.0
2024-09-21 05:00:00,0.0,0.0
2024-09-21 06:00:00,0.0,0.0
2024-09-21 07:00:00,0.0,0.0
2024-09-21 08:00:00,0.0,0.0
2024-09-21 09:00:00,0.0,0.0
2024-09-21 10:00:00,0.12584756045860604,0.12584756045860604
2024-09-21 11:00:00,0.4070957862831071,0.4070957862831071
2024-09-21 12:00:00,0.8161718868584092,0.8161718868584092
2024-09-21 13:00:00,1.3925559437754773,1.3925559437754773
2024-09-21 14:00:00,2.1376009836837624,2.1376009836837624
2024-09-21 15:00:00,2.3102062805242394,2.3102062805242394
2024-09-21 16:00:00,3.1438647285882793,3.1438647285882793
2024-09-21 17:00:00,3.617547037238038,3.617547037238038
2024-09-21 18:00:00,3.0468871895451723,3.0468871895451723
2024-09-21 19:00:00,2.79779565002875,2.79779565002875
2024-09-21 20:00:00,3.1718751498857953,3.1718751498857953
2024-09-21 21:00:00,3.424205128244107,3.424205128244107
2024-09-21 22:00:00,0.0,0.0
2024-09-21 23:00:00,0.0,0.0
2024-09-22 00:00:00,0.0,0.0
2024-09-22 01:00:00,0.0,0.0
2024-09-22 02:00:00,0.0,0.0
2024-09-22 03:00:00,0.0,0.0
2024-09-22 04:00:00,0.0,0.0
2024-09-22 05:00:00,0.0,0.0
2024-09-22 06:00:00,0.0,0.0
2024-09-22 07:00:00,0.0,0.0
2024-09-22 08:00:00,0.0,0.0
2024-09-22 09:00:00,0.0,0.0
2024-09-22 10:00:00,0.10961873315769699,0.10961873315769699
2024-09-22 11:00:00,0.43359902541443907,0.43359902541443907
2024-09-22 12:00:00,0.738488652735869,0.738488652735869
2024-09-22 13:00:00,1.253114151536248,1.253114151536248
2024-09-22 14:00:00,1.8283606535461514,1.8283606535461514
2024-09-22 15:00:00,2.670256334258376,2.670256334258376
2024-09-22 16:00:00,2.6220260494838707,2.6220260494838707
2024-09-22 17:00:00,3.41849761922579,3.41849761922579
2024-09-22 18:00:00,3.163962372208807,3.163962372208807
2024-09-22 19:00:00,2.705151227743585,2.705151227743585
2024-09-22 20:00:00,3.202040972434083,3.202040972434083
2024-09-22 21:00:00,3.0803954856992126,3.0803954856992126
2024-09-22 22:00:00,0.0,0.0
2024-09-22 23:00:00,0.0,0.0
2024-09-23 00:00:00,0.0,0.0
2024-09-23 01:00:00,0.0,0.0
2024-09-23 02:00:00,0.0,0.0
2024-09-23 03:00:00,0.0,0.0
2024-09-23 04:00:00,0.0,0.0
2024-09-23 05:00:00,0.0,0.0
2024-09-23 06:00:00,0.0,0.0
2024-09-23 07:00:00,0.0,0.0
2024-09-23 08:00:00,0.0,0.0
2024-09-23 09:00:00,0.0,0.0
2024-09-23 10:00:00,0.15296983111053614,0.15296983111053614
2024-09-23 11:00:00,0.5262169841363938,0.5262169841363938
2024-09-23 12:00:00,1.0889746738343526,1.0889746738343526
2024-09-23 13:00:00,1.8324933509323726,1.8324933509323726
2024-09-23 14:00:00,2.3323265922637977,2.3323265922637977
2024-09-23 15:00:00,3.5263784605494903,3.5263784605494903
2024-09-23 16:00:00,4.0635621463295735,4.0635621463295735
2024-09-23 17:00:00,4.42260175552266,4.42260175552266
2024-09-23 18:00:00,4.673559355789746,4.673559355789746
2024-09-23 19:00:00,3.5403184634872336,3.5403184634872336
2024-09-23 20:00:00,3.337709304152441,3.337709304152441
2024-09-23 21:00:00,4.089179334150226,4.089179334150226
2024-09-23 22:00:00,0.0,0.0
2024-09-23 23:00:00,0.0,0.0
2024-09-24 00:00:00,0.0,0.0
2024-09-24 01:00:00,0.0,0.0
2024-09-24 02:00:00,0.0,0.0
2024-09-24 03:00:00,0.0,0.0
2024-09-24 04:00:00,0.0,0.0
2024-09-24 05:00:00,0.0,0.0
2024-09-24 06:00:00,0.0,0.0
2024-09-24 07:00:00,0.0,0.0
2024-09-24 08:00:00,0.0,0.0
2024-09-24 09:00:00,0.0,0.0
2024-09-24 10:00:00,0.15327067451278367,0.15327067451278367
2024-09-24 11:00:00,0.744876540361628,0.744876540361628
2024-09-24 12:00:00,1.1598936842625462,1.1598936842625462
2024-09-24 13:00:00,1.845405073978921,1.845405073978921
2024-09-24 14:00:00,2.696356585884283,2.696356585884283
2024-09-24 15:00:00,3.4820513557243906,3.4820513557243906
2024-09-24 16:00:00,4.652908340761096,4.652908340761096
2024-09-24 17:00:00,5.246649715896288,5.246649715896288
2024-09-24 18:00:00,5.5001364249753975,5.5001364249753975
2024-09-24 19:00:00,4.475543083955469,4.475543083955469
2024-09-24 20:00:00,4.459029928924591,4.459029928924591
2024-09-24 21:00:00,4.2738056250180785,4.2738056250180785
2024-09-24 22:00:00,0.0,0.0
2024-09-24 23:00:00,0.0,0.0
2024-09-25 00:00:00,0.0,0.0
2024-09-25 01:00:00,0.0,0.0
2024-09-25 02:00:00,0.0,0.0
2024-09-25 03:00:00,0.0,0.0
2024-09-25 04:00:00,0.0,0.0
2024-09-25 05:00:00,0.0,0.0
2024-09-25 06:00:00,0.0,0.0
2024-09-25 07:00:00,0.0,0.0
2024-09-25 08:00:00,0.0,0.0
2024-09-25 09:00:00,0.0,0.0
2024-09-25 10:00:00,0.16534829983493002,0.16534829983493002
2024-09-25 11:00:00,0.6606161160075708,0.6606161160075708
2024-09-25 12:00:00,1.158919543318421,1.158919543318421
2024-09-25 13:00:00,1.6850881754950926,1.6850881754950926
2024-09-25 14:00:00,2.9687617148992924,2.9687617148992924
2024-09-25 15:00:00,3.393986507278519,3.393986507278519
2024-09-25 16:00:00,4.271603951982107,4.271603951982107
2024-09-25 17:00:00,4.445831021814925,4.445831021814925
2024-09-25 18:00:00,4.565408533185991,4.565408533185991
2024-09-25 19:00:00,3.4473200646414135,3.4473200646414135
2024-09-25 20:00:00,3.677658408764556,3.677658408764556
2024-09-25 21:00:00,4.549065390280693,4.549065390280693
2024-09-25 22:00:00,0.0,0.0
2024-09-25 23:00:00,0.0,0.0
2024-09-26 00:00:00,0.0,0.0
2024-09-26 01:00:00,0.0,0.0
2024-09-26 02:00:00,0.0,0.0
2024-09-26 03:00:00,0.0,0.0
2024-09-26 04:00:00,0.0,0.0
2024-09-26 05:00:00,0.0,0.0
2024-09-26 06:00:00,0.0,0.0
2024-09-26 07:00:00,0.0,0.0
2024-09-26 08:00:00,0.0,0.0
2024-09-26 09:00:00,0.0,0.0
2024-09-26 10:00:00,0.15350394203278342,0.15350394203278342
2024-09-26 11:00:00,0.5160732755370809,0.5160732755370809
2024-09-26 12:00:00,1.1988411768338767,1.1988411768338767
2024-09-26 13:00:00,2.0041760704298484,2.0041760704298484
2024-09-26 14:00:00,2.4871323727956125,2.4871323727956125
2024-09-26 15:00:00,2.8575743442407466,2.8575743442407466
2024-09-26 16:00:00,3.3654703426943184,3.3654703426943184
2024-09-26 17:00:00,3.7617118605285857,3.7617118605285857
2024-09-26 18:00:00,4.223859968465288,4.223859968465288
2024-09-26 19:00:00,3.851000129801396,3.851000129801396
2024-09-26 20:00:00,3.502176595057656,3.502176595057656
2024-09-26 21:00:00,3.7172366203646834,3.7172366203646834
2024-09-26 22:00:00,0.0,0.0
2024-09-26 23:00:00,0.0,0.0
2024-09-27 00:00:00,0.0,0.0
2024-09-27 01:00:00,0.0,0.0
2024-09-27 02:00:00,0.0,0.0
2024-09-27 03:00:00,0.0,0.0
2024-09-27 04:00:00,0.0,0.0
2024-09-27 05:00:00,0.0,0.0
2024-09-27 06:00:00,0.0,0.0
2024-09-27 07:00:00,0.0,0.0
2024-09-27 08:00:00,0.0,0.0
2024-09-27 09:00:00,0.0,0.0
2024-09-27 10:00:00,0.16406596101977128,0.16406596101977128
2024-09-27 11:00:00,0.5235621538529743,0.5235621538529743
2024-09-27 12:00:00,1.1874533241983887,1.1874533241983887
2024-09-27 13:00:00,1.6140405568923386,1.6140405568923386
2024-09-27 14:00:00,2.578607391118853,2.578607391118853
2024-09-27 15:00:00,2.935751757968883,2.935751757968883
2024-09-27 16:00:00,4.203148805809716,4.203148805809716
2024-09-27 17:00:00,4.702719370410445,4.702719370410445
2024-09-27 18:00:00,4.96035017984757,4.96035017984757
2024-09-27 19:00:00,4.025838292900778,4.025838292900778
2024-09-27 20:00:00,4.300754255694075,4.300754255694075
2024-09-27 21:00:00,4.538164788554993,4.538164788554993
2024-09-27 22:00:00,0.0,0.0
2024-09-27 23:00:00,0.0,0.0
2024-09-28 00:00:00,0.0,0.0
2024-09-28 01:00:00,0.0,0.0
2024-09-28 02:00:00,0.0,0.0
2024-09-28 03:00:00,0.0,0.0
2024-09-28 04:00:00,0.0,0.0
2024-09-28 05:00:00,0.0,0.0
2024-09-28 06:00:00,0.0,0.0
2024-09-28 07:00:00,0.0,0.0
2024-09-28 08:00:00,0.0,0.0
2024-09-28 09:00:00,0.0,0.0
2024-09-28 10:00:00,0.11927514495228816,0.11927514495228816
2024-09-28 11:00:00,0.3996922750174271,0.3996922750174271
2024-09-28 12:00:00,0.8279572536118082,0.8279572536118082
2024-09-28 13:00:00,1.4788081975049365,1.4788081975049365
2024-09-28 14:00:00,1.86965908350759,1.86965908350759
2024-09-28 15:00:00,2.4775696319840996,2.4775696319840996
2024-09-28 16:00:00,2.657946634333171,2.657946634333171
2024-09-28 17:00:00,2.7269437170296666,2.7269437170296666
2024-09-28 18:00:00,3.2367022711562354,3.2367022711562354
2024-09-28 19:00:00,2.7733887821763523,2.7733887821763523
2024-09-28 20:00:00,3.0359999939017692,3.0359999939017692
2024-09-28 21:00:00,2.4136775070154797,2.4136775070154797
2024-09-28 22:00:00,0.0,0.0
2024-09-28 23:00:00,0.0,0.0
2024-09-29 00:00:00,0.0,0.0
2024-09-29 01:00:00,0.0,0.0
2024-09-29 02:00:00,0.0,0.0
2024-09-29 03:00:00,0.0,0.0
2024-09-29 04:00:00,0.0,0.0
2024-09-29 05:00:00,0.0,0.0
2024-09-29 06:00:00,0.0,0.0
2024-09-29 07:00:00,0.0,0.0
2024-09-29 08:00:00,0.0,0.0
2024-09-29 09:00:00,0.0,0.0
2024-09-29 10:00:00,0.10834131451629968,0.10834131451629968
2024-09-29 11:00:00,0.3855914205715021,0.3855914205715021
2024-09-29 12:00:00,0.8961531126793822,0.8961531126793822
2024-09-29 13:00:00,1.3827253054655153,1.3827253054655153
2024-09-29 14:00:00,2.0272685042937932,2.0272685042937932
2024-09-29 15:00:00,2.5274048802561366,2.5274048802561366
2024-09-29 16:00:00,2.870035239538539,2.870035239538539
2024-09-29 17:00:00,3.6032639580062122,3.6032639580062122
2024-09-29 18:00:00,2.9456863430838354,2.9456863430838354
2024-09-29 19:00:00,3.2484538172080244,3.2484538172080244
2024-09-29 20:00:00,2.605295853702116,2.605295853702116
2024-09-29 21:00:00,2.6033680502544816,2.6033680502544816
2024-09-29 22:00:00,0.0,0.0
2024-09-29 23:00:00,0.0,0.0
2024-09-30 00:00:00,0.0,0.0
2024-09-30 01:00:00,0.0,0.0
2024-09-30 02:00:00,0.0,0.0
2024-09-30 03:00:00,0.0,0.0
2024-09-30 04:00:00,0.0,0.0
2024-09-30 05:00:00,0.0,0.0
2024-09-30 06:00:00,0.0,0.0
2024-09-30 07:00:00,0.0,0.0
2024-09-30 08:00:00,0.0,0.0
2024-09-30 09:00:00,0.0,0.0
2024-09-30 10:00:00,0.12609824523808788,0.12609824523808788
2024-09-30 11:00:00,0.5853256891490645,0.5853256891490645
2024-09-30 12:00:00,1.1275661948049345,1.1275661948049345
2024-09-30 13:00:00,1.692996545729293,1.692996545729293
2024-09-30 14:00:00,2.4417912953061784,2.4417912953061784
2024-09-30 15:00:00,3.4513389535387793,3.4513389535387793
2024-09-30 16:00:00,3.588299202004875,3.588299202004875
2024-09-30 17:00:00,4.897125147132891,4.897125147132891
2024-09-30 18:00:00,3.93975114420168,3.93975114420168
2024-09-30 19:00:00,4.355354858875767,4.355354858875767
2024-09-30 20:00:00,3.730490171602679,3.730490171602679
2024-09-30 21:00:00,3.914994736994493,3.914994736994493
2024-09-30 22:00:00,0.0,0.0
2024-09-30 23:00:00,0.0,0.0
2024-10-01 00:00:00,0.0,0.0
2024-10-01 01:00:00,0.0,0.0
2024-10-01 02:00:00,0.0,0.0
2024-10-01 03:00:00,0.0,0.0
2024-10-01 04:00:00,0.0,0.0
2024-10-01 05:00:00,0.0,0.0
2024-10-01 06:00:00,0.0,0.0
2024-10-01 07:00:00,0.0,0.0
2024-10-01 08:00:00,0.0,0.0
2024-10-01 09:00:00,0.0,0.0
2024-10-01 10:00:00,0.16165294216939827,0.16165294216939827
2024-10-01 11:00:00,0.5396426523817927,0.5396426523817927
2024-10-01 12:00:00,1.2106460661177672,1.2106460661177672
2024-10-01 13:00:00,1.6128692150391215,1.6128692150391215
2024-10-01 14:00:00,3.092435582162763,3.092435582162763
2024-10-01 15:00:00,3.262298539308788,3.262298539308788
2024-10-01 16:00:00,3.9521975695531846,3.9521975695531846
2024-10-01 17:00:00,4.871183526639324,4.871183526639324
2024-10-01 18:00:00,4.803832299152468,4.803832299152468
2024-10-01 19:00:00,3.4371478869885066,3.4371478869885066
2024-10-01 20:00:00,3.689597305382246,3.689597305382246
2024-10-01 21:00:00,3.9227941930066414,3.9227941930066414
2024-10-01 22:00:00,0.0,0.0
2024-10-01 23:00:00,0.0,0.0
2024-10-02 00:00:00,0.0,0.0
2024-10-02 01:00:00,0.0,0.0
2024-10-02 02:00:00,0.0,0.0
2024-10-02 03:00:00,0.0,0.0
2024-10-02 04:00:00,0.0,0.0
2024-10-02 05:00:00,0.0,0.0
2024-10-02 06:00:00,0.0,0.0
2024-10-02 07:00:00,0.0,0.0
2024-10-02 08:00:00,0.0,0.0
2024-10-02 09:00:00,0.0,0.0
2024-10-02 10:00:00,0.17563037825558464,0.17563037825558464
2024-10-02 11:00:00,0.6043637794352228,0.6043637794352228
2024-10-02 12:00:00,1.2863773844199737,1.2863773844199737
2024-10-02 13:00:00,1.6425217215003818,1.6425217215003818
2024-10-02 14:00:00,2.9441138785593948,2.9441138785593948
2024-10-02 15:00:00,3.2583259111374576,3.2583259111374576
2024-10-02 16:00:00,4.2624895339549935,4.2624895339549935
2024-10-02 17:00:00,3.9837381225395174,3.9837381225395174
2024-10-02 18:00:00,5.0598836170704935,5.0598836170704935
2024-10-02 19:00:00,3.8681450059667264,3.8681450059667264
2024-10-02 20:00:00,4.30203258278044,4.30203258278044
2024-10-02 21:00:00,4.623124402627525,4.623124402627525
2024-10-02 22:00:00,0.0,0.0
2024-10-02 23:00:00,0.0,0.0
2024-10-03 00:00:00,0.0,0.0
2024-10-03 01:00:00,0.0,0.0
2024-10-03 02:00:00,0.0,0.0
2024-10-03 03:00:00,0.0,0.0
2024-10-03 04:00:00,0.0,0.0
2024-10-03 05:00:00,0.0,0.0
2024-10-03 06:00:00,0.0,0.0
2024-10-03 07:00:00,0.0,0.0
2024-10-03 08:00:00,0.0,0.0
2024-10-03 09:00:00,0.0,0.0
2024-10-03 10:00:00,0.16624118402858976,0.16624118402858976
2024-10-03 11:00:00,0.5755671497799235,0.5755671497799235
2024-10-03 12:00:00,1.2413356044534585,1.2413356044534585
2024-10-03 13:00:00,2.049050327641159,2.049050327641159
2024-10-03 14:00:00,2.678805440644359,2.678805440644359
2024-10-03 15:00:00,2.7704619631105785,2.7704619631105785
2024-10-03 16:00:00,4.244813533412279,4.244813533412279
2024-10-03 17:00:00,3.916673002208351,3.916673002208351
2024-10-03 18:00:00,5.114058383630474,5.114058383630474
2024-10-03 19:00:00,3.608162681853376,3.608162681853376
2024-10-03 20:00:00,3.8626380540282774,3.8626380540282774
2024-10-03 21:00:00,4.616417973800833,4.616417973800833
2024-10-03 22:00:00,0.0,0.0
2024-10-03 23:00:00,0.0,0.0
2024-10-04 00:00:00,0.0,0.0
2024-10-04 01:00:00,0.0,0.0
2024-10-04 02:00:00,0.0,0.0
2024-10-04 03:00:00,0.0,0.0
2024-10-04 04:00:00,0.0,0.0
2024-10-04 05:00:00,0.0,0.0
2024-10-04 06:00:00,0.0,0.0
2024-10-04 07:00:00,0.0,0.0
2024-10-04 08:00:00,0.0,0.0
2024-10-04 09:00:00,0.0,0.0
2024-10-04 10:00:00,0.13435935196799298,0.13435935196799298
2024-10-04 11:00:00,0.5673953754523636,0.5673953754523636
2024-10-04 12:00:00,1.0188977356796518,1.0188977356796518
2024-10-04 13:00:00,1.5876499253443672,1.5876499253443672
2024-10-04 14:00:00,2.277960585602299,2.277960585602299
2024-10-04 15:00:00,3.4940715822803945,3.4940715822803945
2024-10-04 16:00:00,3.3950737169102836,3.3950737169102836
2024-10-04 17:00:00,4.179621998645313,4.179621998645313
2024-10-04 18:00:00,4.140596781299666,4.140596781299666
2024-10-04 19:00:00,3.541456070804463,3.541456070804463
2024-10-04 20:00:00,4.102233376595695,4.102233376595695
2024-10-04 21:00:00,3.6373643673428666,3.6373643673428666
2024-10-04 22:00:00,0.0,0.0
2024-10-04 23:00:00,0.0,0.0
2024-10-05 00:00:00,0.0,0.0
2024-10-05 01:00:00,0.0,0.0
2024-10-05 02:00:00,0.0,0.0
2024-10-05 03:00:00,0.0,0.0
2024-10-05 04:00:00,0.0,0.0
2024-10-05 05:00:00,0.0,0.0
2024-10-05 06:00:00,0.0,0.0
2024-10-05 07:00:00,0.0,0.0
2024-10-05 08:00:00,0.0,0.0
2024-10-05 09:00:00,0.0,0.0
2024-10-05 10:00:00,0.1309057578615489,0.1309057578615489
2024-10-05 11:00:00,0.3922376891569427,0.3922376891569427
2024-10-05 12:00:00,0.9111528230224517,0.9111528230224517
2024-10-05 13:00:00,1.233765343796464,1.233765343796464
2024-10-05 14:00:00,1.9514666740217144,1.9514666740217144
2024-10-05 15:00:00,2.3509433210993094,2.3509433210993094
2024-10-05 16:00:00,2.8979374714169435,2.8979374714169435
2024-10-05 17:00:00,3.651949860510945,3.651949860510945
2024-10-05 18:00:00,2.9667502916601505,2.9667502916601505
2024-10-05 19:00:00,3.112519945160024,3.112519945160024
2024-10-05 20:00:00,3.0887101750365042,3.0887101750365042
2024-10-05 21:00:00,3.3215708038718774,3.3215708038718774
2024-10-05 22:00:00,0.0,0.0
2024-10-05 23:00:00,0.0,0.0
2024-10-06 00:00:00,0.0,0.0
2024-10-06 01:00:00,0.0,0.0
2024-10-06 02:00:00,0.0,0.0
2024-10-06 03:00:00,0.0,0.0
2024-10-06 04:00:00,0.0,0.0
2024-10-06 05:00:00,0.0,0.0
2024-10-06 06:00:00,0.0,0.0
2024-10-06 07:00:00,0.0,0.0
2024-10-06 08:00:00,0.0,0.0
2024-10-06 09:00:00,0.0,0.0
2024-10-06 10:00:00,0.10530356669259118,0.10530356669259118
2024-10-06 11:00:00,0.478812103207452,0.478812103207452
2024-10-06 12:00:00,0.9100142640435024,0.9100142640435024
2024-10-06 13:00:00,1.3496327878902337,1.3496327878902337
2024-10-06 14:00:00,2.325469847206911,2.325469847206911
2024-10-06 15:00:00,2.6020787829077023,2.6020787829077023
2024-10-06 16:00:00,2.6690059121565604,2.6690059121565604
2024-10-06 17:00:00,3.558680354722311,3.558680354722311
2024-10-06 18:00:00,3.606914077576605,3.606914077576605
2024-10-06 19:00:00,2.977858536180429,2.977858536180429
2024-10-06 20:00:00,2.7487649894988824,2.7487649894988824
2024-10-06 21:00:00,2.7506907213779583,2.7506907213779583
2024-10-06 22:00:00,0.0,0.0
2024-10-06 23:00:00,0.0,0.0
2024-10-07 00:00:00,0.0,0.0
2024-10-07 01:00:00,0.0,0.0
2024-10-07 02:00:00,0.0,0.0
2024-10-07 03:00:00,0.0,0.0
2024-10-07 04:00:00,0.0,0.0
2024-10-07 05:00:00,0.0,0.0
2024-10-07 06:00:00,0.0,0.0
2024-10-07 07:00:00,0.0,0.0
2024-10-07 08:00:00,0.0,0.0
2024-10-07 09:00:00,0.0,0.0
2024-10-07 10:00:00,0.13718978568825269,0.13718978568825269
2024-10-07 11:00:00,0.5562460788497677,0.5562460788497677
2024-10-07 12:00:00,1.3017286790482876,1.3017286790482876
2024-10-07 13:00:00,1.9030807453864025,1.9030807453864025
2024-10-07 14:00:00,2.9556758335402606,2.9556758335402606
2024-10-07 15:00:00,2.839617235888543,2.839617235888543
2024-10-07 16:00:00,4.648066190898986,4.648066190898986
2024-10-07 17:00:00,4.785344007659953,4.785344007659953
2024-10-07 18:00:00,5.092786349299893,5.092786349299893
2024-10-07 19:00:00,4.673298296335264,4.673298296335264
2024-10-07 20:00:00,4.395971756572618,4.395971756572618
2024-10-07 21:00:00,3.5818985318137537,3.5818985318137537
2024-10-07 22:00:00,0.0,0.0
2024-10-07 23:00:00,0.0,0.0
2024-10-08 00:00:00,0.0,0.0
2024-10-08 01:00:00,0.0,0.0
2024-10-08 02:00:00,0.0,0.0
2024-10-08 03:00:00,0.0,0.0
2024-10-08 04:00:00,0.0,0.0
2024-10-08 05:00:00,0.0,0.0
2024-10-08 06:00:00,0.0,0.0
2024-10-08 07:00:00,0.0,0.0
2024-10-08 08:00:00,0.0,0.0
2024-10-08 09:00:00,0.0,0.0
2024-10-08 10:00:00,0.14953188156165875,0.14953188156165875
2024-10-08 11:00:00,0.6096359586147586,0.6096359586147586
2024-10-08 12:00:00,1.2338445230622448,1.2338445230622448
2024-10-08 13:00:00,1.9836013273367654,1.9836013273367654
2024-10-08 14:00:00,2.843794288956527,2.843794288956527
2024-10-08 15:00:00,2.801844159771346,2.801844159771346
2024-10-08 16:00:00,3.5304545245983765,3.5304545245983765
2024-10-08 17:00:00,4.218088037030661,4.218088037030661
2024-10-08 18:00:00,4.436752224197519,4.436752224197519
2024-10-08 19:00:00,3.7777390306972936,3.7777390306972936
2024-10-08 20:00:00,3.2805271905389413,3.2805271905389413
2024-10-08 21:00:00,3.8027009066773565,3.8027009066773565
2024-10-08 22:00:00,0.0,0.0
2024-10-08 23:00:00,0.0,0.0
2024-10-09 00:00:00,0.0,0.0
2024-10-09 01:00:00,0.0,0.0
2024-10-09 02:00:00,0.0,0.0
2024-10-09 03:00:00,0.0,0.0
2024-10-09 04:00:00,0.0,0.0
2024-10-09 05:00:00,0.0,0.0
2024-10-09 06:00:00,0.0,0.0
2024-10-09 07:00:00,0.0,0.0
2024-10-09 08:00:00,0.0,0.0
2024-10-09 09:00:00,0.0,0.0
2024-10-09 10:00:00,0.14200518860412228,0.14200518860412228
2024-10-09 11:00:00,0.6110539262944172,0.6110539262944172
2024-10-09 12:00:00,1.1865172880852504,1.1865172880852504
2024-10-09 13:00:00,1.7980335598404389,1.7980335598404389
2024-10-09 14:00:00,3.067389963358261,3.067389963358261
2024-10-09 15:00:00,3.8276271672268427,3.8276271672268427
2024-10-09 16:00:00,3.8299698191784106,3.8299698191784106
2024-10-09 17:00:00,5.129893392521536,5.129893392521536
2024-10-09 18:00:00,4.908590234431681,4.908590234431681
2024-10-09 19:00:00,4.407867386704081,4.407867386704081
2024-10-09 20:00:00,4.640333859993379,4.640333859993379
2024-10-09 21:00:00,4.1055391813109665,4.1055391813109665
2024-10-09 22:00:00,0.0,0.0
2024-10-09 23:00:00,0.0,0.0
2024-10-10 00:00:00,0.0,0.0
2024-10-10 01:00:00,0.0,0.0
2024-10-10 02:00:00,0.0,0.0
2024-10-10 03:00:00,0.0,0.0
2024-10-10 04:00:00,0.0,0.0
2024-10-10 05:00:00,0.0,0.0
2024-10-10 06:00:00,0.0,0.0
2024-10-10 07:00:00,0.0,0.0
2024-10-10 08:00:00,0.0,0.0
2024-10-10 09:00:00,0.0,0.0
2024-10-10 10:00:00,0.17142871252501624,0.17142871252501624
2024-10-10 11:00:00,0.652713775276441,0.652713775276441
2024-10-10 12:00:00,1.2956015447932752,1.2956015447932752
2024-10-10 13:00:00,1.907069005413489,1.907069005413489
2024-10-10 14:00:00,2.547968000389037,2.547968000389037
2024-10-10 15:00:00,2.8599675087145995,2.8599675087145995
2024-10-10 16:00:00,4.529710189087036,4.529710189087036
2024-10-10 17:00:00,5.070859429643624,5.070859429643624
2024-10-10 18:00:00,4.418002637006493,4.418002637006493
2024-10-10 19:00:00,3.9675590908983764,3.9675590908983764
2024-10-10 20:00:00,3.336290505176321,3.336290505176321
2024-10-10 21:00:00,3.5546127324684558,3.5546127324684558
2024-10-10 22:00:00,0.0,0.0
2024-10-10 23:00:00,0.0,0.0
2024-10-11 00:00:00,0.0,0.0
2024-10-11 01:00:00,0.0,0.0
2024-10-11 02:00:00,0.0,0.0
2024-10-11 03:00:00,0.0,0.0
2024-10-11 04:00:00,0.0,0.0
2024-10-11 05:00:00,0.0,0.0
2024-10-11 06:00:00,0.0,0.0
2024-10-11 07:00:00,0.0,0.0
2024-10-11 08:00:00,0.0,0.0
2024-10-11 09:00:00,0.0,0.0
2024-10-11 10:00:00,0.15209200905129663,0.15209200905129663
2024-10-11 11:00:00,0.6064591444081078,0.6064591444081078
2024-10-11 12:00:00,1.1712727298773764,1.1712727298773764
2024-10-11 13:00:00,1.7753561634413095,1.7753561634413095
2024-10-11 14:00:00,2.6435834402561555,2.6435834402561555
2024-10-11 15:00:00,3.222657661756462,3.222657661756462
2024-10-11 16:00:00,4.389612171575237,4.389612171575237
2024-10-11 17:00:00,4.149041694978456,4.149041694978456
2024-10-11 18:00:00,5.095029736535002,5.095029736535002
2024-10-11 19:00:00,4.242063713339097,4.242063713339097
2024-10-11 20:00:00,3.5966885716855503,3.5966885716855503
2024-10-11 21:00:00,3.5439899226619223,3.5439899226619223
2024-10-11 22:00:00,0.0,0.0
2024-10-11 23:00:00,0.0,0.0
2024-10-12 00:00:00,0.0,0.0
2024-10-12 01:00:00,0.0,0.0
2024-10-12 02:00:00,0.0,0.0
2024-10-12 03:00:00,0.0,0.0
2024-10-12 04:00:00,0.0,0.0
2024-10-12 05:00:00,0.0,0.0
2024-10-12 06:00:00,0.0,0.0
2024-10-12 07:00:00,0.0,0.0
2024-10-12 08:00:00,0.0,0.0
2024-10-12 09:00:00,0.0,0.0
2024-10-12 10:00:00,0.11776838684907434,0.11776838684907434
2024-10-12 11:00:00,0.4049939830292712,0.4049939830292712
2024-10-12 12:00:00,0.9863189680466556,0.9863189680466556
2024-10-12 13:00:00,1.3052148925639189,1.3052148925639189
2024-10-12 14:00:00,1.825096901086386,1.825096901086386
2024-10-12 15:00:00,2.693281962871641,2.693281962871641
2024-10-12 16:00:00,3.128329655468893,3.128329655468893
2024-10-12 17:00:00,3.579351889872022,3.579351889872022
2024-10-12 18:00:00,2.822133450195283,2.822133450195283
2024-10-12 19:00:00,2.7297288427171993,2.7297288427171993
2024-10-12 20:00:00,3.315628650157663,3.315628650157663
2024-10-12 21:00:00,2.6599588106694205,2.6599588106694205
2024-10-12 22:00:00,0.0,0.0
2024-10-12 23:00:00,0.0,0.0
2024-10-13 00:00:00,0.0,0.0
2024-10-13 01:00:00,0.0,0.0
2024-10-13 02:00:00,0.0,0.0
2024-10-13 03:00:00,0.0,0.0
2024-10-13 04:00:00,0.0,0.0
2024-10-13 05:00:00,0.0,0.0
2024-10-13 06:00:00,0.0,0.0
2024-10-13 07:00:00,0.0,0.0
2024-10-13 08:00:00,0.0,0.0
2024-10-13 09:00:00,0.0,0.0
2024-10-13 10:00:00,0.11484456172438295,0.11484456172438295
2024-10-13 11:00:00,0.47284287369119377,0.47284287369119377
2024-10-13 12:00:00,0.8645450653599752,0.8645450653599752
2024-10-13 13:00:00,1.1204866908953648,1.1204866908953648
2024-10-13 14:00:00,1.6829656367543655,1.6829656367543655
2024-10-13 15:00:00,2.278488814150424,2.278488814150424
2024-10-13 16:00:00,3.248149106583105,3.248149106583105
2024-10-13 17:00:00,2.9910581907743876,2.9910581907743876
2024-10-13 18:00:00,3.0293603349817775,3.0293603349817775
2024-10-13 19:00:00,3.0609970421007113,3.0609970421007113
2024-10-13 20:00:00,3.071154773956248,3.071154773956248
2024-10-13 21:00:00,3.2366425363621545,3.2366425363621545
2024-10-13 22:00:00,0.0,0.0
2024-10-13 23:00:00,0.0,0.0
2024-10-14 00:00:00,0.0,0.0
2024-10-14 01:00:00,0.0,0.0
2024-10-14 02:00:00,0.0,0.0
2024-10-14 03:00:00,0.0,0.0
2024-10-14 04:00:00,0.0,0.0
2024-10-14 05:00:00,0.0,0.0
2024-10-14 06:00:00,0.0,0.0
2024-10-14 07:00:00,0.0,0.0
2024-10-14 08:00:00,0.0,0.0
2024-10-14 09:00:00,0.0,0.0
2024-10-14 10:00:00,0.18521918706040508,0.18521918706040508
2024-10-14 11:00:00,0.7010162039844031,0.7010162039844031
2024-10-14 12:00:00,1.1460077481834672,1.1460077481834672
2024-10-14 13:00:00,1.9202247609458347,1.9202247609458347
2024-10-14 14:00:00,3.3935365102144677,3.3935365102144677
2024-10-14 15:00:00,4.025757613475555,4.025757613475555
2024-10-14 16:00:00,4.33352670479794,4.33352670479794
2024-10-14 17:00:00,4.700422323918998,4.700422323918998
2024-10-14 18:00:00,4.618364110322194,4.618364110322194
2024-10-14 19:00:00,4.509906747147702,4.509906747147702
2024-10-14 20:00:00,4.175010025445268,4.175010025445268
2024-10-14 21:00:00,3.8684899431550632,3.8684899431550632
2024-10-14 22:00:00,0.0,0.0
2024-10-14 23:00:00,0.0,0.0
2024-10-15 00:00:00,0.0,0.0
2024-10-15 01:00:00,0.0,0.0
2024-10-15 02:00:00,0.0,0.0
2024-10-15 03:00:00,0.0,0.0
2024-10-15 04:00:00,0.0,0.0
2024-10-15 05:00:00,0.0,0.0
2024-10-15 06:00:00,0.0,0.0
2024-10-15 07:00:00,0.0,0.0
2024-10-15 08:00:00,0.0,0.0
2024-10-15 09:00:00,0.0,0.0
2024-10-15 10:00:00,0.17199303272273941,0.17199303272273941
2024-10-15 11:00:00,0.5612748099091407,0.5612748099091407
2024-10-15 12:00:00,1.2051303998225287,1.2051303998225287
2024-10-15 13:00:00,1.7194402448281512,1.7194402448281512
2024-10-15 14:00:00,2.9496737674239375,2.9496737674239375
2024-10-15 15:00:00,3.8144931520035015,3.8144931520035015
2024-10-15 16:00:00,4.407255755484002,4.407255755484002
2024-10-15 17:00:00,5.0717483982902545,5.0717483982902545
2024-10-15 18:00:00,4.426773407699884,4.426773407699884
2024-10-15 19:00:00,4.156878970489583,4.156878970489583
2024-10-15 20:00:00,4.507934783403404,4.507934783403404
2024-10-15 21:00:00,3.792570896053267,3.792570896053267
2024-10-15 22:00:00,0.0,0.0
2024-10-15 23:00:00,0.0,0.0
2024-10-16 00:00:00,0.0,0.0
2024-10-16 01:00:00,0.0,0.0
2024-10-16 02:00:00,0.0,0.0
2024-10-16 03:00:00,0.0,0.0
2024-10-16 04:00:00,0.0,0.0
2024-10-16 05:00:00,0.0,0.0
2024-10-16 06:00:00,0.0,0.0
2024-10-16 07:00:00,0.0,0.0
2024-10-16 08:00:00,0.0,0.0
2024-10-16 09:00:00,0.0,0.0
2024-10-16 10:00:00,0.15064070335614385,0.15064070335614385
2024-10-16 11:00:00,0.6162208257945733,0.6162208257945733
2024-10-16 12:00:00,1.0415081094749166,1.0415081094749166
2024-10-16 13:00:00,1.6814836401089326,1.6814836401089326
2024-10-16 14:00:00,3.1051671747014358,3.1051671747014358
2024-10-16 15:00:00,2.7446594462422045,2.7446594462422045
2024-10-16 16:00:00,3.87927938907473,3.87927938907473
2024-10-16 17:00:00,4.141881412181005,4.141881412181005
2024-10-16 18:00:00,3.7227589560787226,3.7227589560787226
2024-10-16 19:00:00,3.932930916427556,3.932930916427556
2024-10-16 20:00:00,3.936982693177423,3.936982693177423
2024-10-16 21:00:00,3.7222402773033885,3.7222402773033885
2024-10-16 22:00:00,0.0,0.0
2024-10-16 23:00:00,0.0,0.0
2024-10-17 00:00:00,0.0,0.0
2024-10-17 01:00:00,0.0,0.0
2024-10-17 02:00:00,0.0,0.0
2024-10-17 03:00:00,0.0,0.0
2024-10-17 04:00:00,0.0,0.0
2024-10-17 05:00:00,0.0,0.0
2024-10-17 06:00:00,0.0,0.0
2024-10-17 07:00:00,0.0,0.0
2024-10-17 08:00:00,0.0,0.0
2024-10-17 09:00:00,0.0,0.0
2024-10-17 10:00:00,0.14239677132775508,0.14239677132775508
2024-10-17 11:00:00,0.5157095464461702,0.5157095464461702
2024-10-17 12:00:00,1.3759589639296312,1.3759589639296312
2024-10-17 13:00:00,2.0183438705375885,2.0183438705375885
2024-10-17 14:00:00,2.833536150520547,2.833536150520547
2024-10-17 15:00:00,3.6229181866363183,3.6229181866363183
2024-10-17 16:00:00,3.6146715753517684,3.6146715753517684
2024-10-17 17:00:00,4.95652571190742,4.95652571190742
2024-10-17 18:00:00,5.204863806403714,5.204863806403714
2024-10-17 19:00:00,4.445733336602849,4.445733336602849
2024-10-17 20:00:00,3.9816876420030747,3.9816876420030747
2024-10-17 21:00:00,3.932913378354188,3.932913378354188
2024-10-17 22:00:00,0.0,0.0
2024-10-17 23:00:00,0.0,0.0
2024-10-18 00:00:00,0.0,0.0
2024-10-18 01:00:00,0.0,0.0
2024-10-18 02:00:00,0.0,0.0
2024-10-18 03:00:00,0.0,0.0
2024-10-18 04:00:00,0.0,0.0
2024-10-18 05:00:00,0.0,0.0
2024-10-18 06:00:00,0.0,0.0
2024-10-18 07:00:00,0.0,0.0
2024-10-18 08:00:00,0.0,0.0
2024-10-18 09:00:00,0.0,0.0
2024-10-18 10:00:00,0.1794913582499192,0.1794913582499192
2024-10-18 11:00:00,0.6567218448032324,0.6567218448032324
2024-10-18 12:00:00,1.473601177338137,1.473601177338137
2024-10-18 13:00:00,1.990057912573536,1.990057912573536
2024-10-18 14:00:00,3.121787596999635,3.121787596999635
2024-10-18 15:00:00,3.1986362898576823,3.1986362898576823
2024-10-18 16:00:00,4.5233621619535205,4.5233621619535205
2024-10-18 17:00:00,4.479450338837588,4.479450338837588
2024-10-18 18:00:00,5.139623887015932,5.139623887015932
2024-10-18 19:00:00,4.347919451649501,4.347919451649501
2024-10-18 20:00:00,4.831045941804104,4.831045941804104
2024-10-18 21:00:00,4.405613693922708,4.405613693922708
2024-10-18 22:00:00,0.0,0.0
2024-10-18 23:00:00,0.0,0.0
2024-10-19 00:00:00,0.0,0.0
2024-10-19 01:00:00,0.0,0.0
2024-10-19 02:00:00,0.0,0.0
2024-10-19 03:00:00,0.0,0.0
2024-10-19 04:00:00,0.0,0.0
2024-10-19 05:00:00,0.0,0.0
2024-10-19 06:00:00,0.0,0.0
2024-10-19 07:00:00,0.0,0.0
2024-10-19 08:00:00,0.0,0.0
2024-10-19 09:00:00,0.0,0.0
2024-10-19 10:00:00,0.1139036783868894,0.1139036783868894
2024-10-19 11:00:00,0.40451585945436425,0.40451585945436425
2024-10-19 12:00:00,0.8148622618761077,0.8148622618761077
2024-10-19 13:00:00,1.4175889815599672,1.4175889815599672
2024-10-19 14:00:00,2.218285628436331,2.218285628436331
2024-10-19 15:00:00,2.652488010969255,2.652488010969255
2024-10-19 16:00:00,2.8076279059739964,2.8076279059739964
2024-10-19 17:00:00,2.9255804156885166,2.9255804156885166
2024-10-19 18:00:00,3.2670724231785315,3.2670724231785315
2024-10-19 19:00:00,3.0216264012826812,3.0216264012826812
2024-10-19 20:00:00,3.1641857016692025,3.1641857016692025
2024-10-19 21:00:00,3.224147674702069,3.224147674702069
2024-10-19 22:00:00,0.0,0.0
2024-10-19 23:00:00,0.0,0.0
2024-10-20 00:00:00,0.0,0.0
2024-10-20 01:00:00,0.0,0.0
2024-10-20 02:00:00,0.0,0.0
2024-10-20 03:00:00,0.0,0.0
2024-10-20 04:00:00,0.0,0.0
2024-10-20 05:00:00,0.0,0.0
2024-10-20 06:00:00,0.0,0.0
2024-10-20 07:00:00,0.0,0.0
2024-10-20 08:00:00,0.0,0.0
2024-10-20 09:00:00,0.0,0.0
2024-10-20 10:00:00,0.134076376270924,0.134076376270924
2024-10-20 11:00:00,0.44882095124279514,0.44882095124279514
2024-10-20 12:00:00,0.9922813641297231,0.9922813641297231
2024-10-20 13:00:00,1.2413222243272288,1.2413222243272288
2024-10-20 14:00:00,2.1539679029683287,2.1539679029683287
2024-10-20 15:00:00,2.7843254863781577,2.7843254863781577
2024-10-20 16:00:00,3.438000070354272,3.438000070354272
2024-10-20 17:00:00,3.646834918581363,3.646834918581363
2024-10-20 18:00:00,3.0865605150015014,3.0865605150015014
2024-10-20 19:00:00,2.7659764983062782,2.7659764983062782
2024-10-20 20:00:00,3.227121406539975,3.227121406539975
2024-10-20 21:00:00,2.944093926000339,2.944093926000339
2024-10-20 22:00:00,0.0,0.0
2024-10-20 23:00:00,0.0,0.0
2024-10-21 00:00:00,0.0,0.0
2024-10-21 01:00:00,0.0,0.0
2024-10-21 02:00:00,0.0,0.0
2024-10-21 03:00:00,0.0,0.0
2024-10-21 04:00:00,0.0,0.0
2024-10-21 05:00:00,0.0,0.0
2024-10-21 06:00:00,0.0,0.0
2024-10-21 07:00:00,0.0,0.0
2024-10-21 08:00:00,0.0,0.0
2024-10-21 09:00:00,0.0,0.0
2024-10-21 10:00:00,0.14885935412244442,0.14885935412244442
2024-10-21 11:00:00,0.5719105463024762,0.5719105463024762
2024-10-21 12:00:00,1.1062708769016216,1.1062708769016216
2024-10-21 13:00:00,1.60448559079486,1.60448559079486
2024-10-21 14:00:00,2.9018842737523944,2.9018842737523944
2024-10-21 15:00:00,2.935624834129601,2.935624834129601
2024-10-21 16:00:00,3.8519796329868896,3.8519796329868896
2024-10-21 17:00:00,4.285415865652867,4.285415865652867
2024-10-21 18:00:00,4.578667526361535,4.578667526361535
2024-10-21 19:00:00,3.7335450481802224,3.7335450481802224
2024-10-21 20:00:00,3.65378866125253,3.65378866125253
2024-10-21 21:00:00,3.709480834152974,3.709480834152974
2024-10-21 22:00:00,0.0,0.0
2024-10-21 23:00:00,0.0,0.0
2024-10-22 00:00:00,0.0,0.0
2024-10-22 01:00:00,0.0,0.0
2024-10-22 02:00:00,0.0,0.0
2024-10-22 03:00:00,0.0,0.0
2024-10-22 04:00:00,0.0,0.0
2024-10-22 05:00:00,0.0,0.0
2024-10-22 06:00:00,0.0,0.0
2024-10-22 07:00:00,0.0,0.0
2024-10-22 08:00:00,0.0,0.0
2024-10-22 09:00:00,0.0,0.0
2024-10-22 10:00:00,0.18005209362669136,0.18005209362669136
2024-10-22 11:00:00,0.5651488234015904,0.5651488234015904
2024-10-22 12:00:00,1.3326273137487963,1.3326273137487963
2024-10-22 13:00:00,1.9447195374320396,1.9447195374320396
2024-10-22 14:00:00,3.24481869519478,3.24481869519478
2024-10-22 15:00:00,3.4938139481369705,3.4938139481369705
2024-10-22 16:00:00,5.188060738644801,5.188060738644801
2024-10-22 17:00:00,5.561257157790194,5.561257157790194
2024-10-22 18:00:00,5.313458727720189,5.313458727720189
2024-10-22 19:00:00,4.46349198246802,4.46349198246802
2024-10-22 20:00:00,4.572050637678956,4.572050637678956
2024-10-22 21:00:00,4.435547232306684,4.435547232306684
2024-10-22 22:00:00,0.0,0.0
2024-10-22 23:00:00,0.0,0.0
2024-10-23 00:00:00,0.0,0.0
2024-10-23 01:00:00,0.0,0.0
2024-10-23 02:00:00,0.0,0.0
2024-10-23 03:00:00,0.0,0.0
2024-10-23 04:00:00,0.0,0.0
2024-10-23 05:00:00,0.0,0.0
2024-10-23 06:00:00,0.0,0.0
2024-10-23 07:00:00,0.0,0.0
2024-10-23 08:00:00,0.0,0.0
2024-10-23 09:00:00,0.0,0.0
2024-10-23 10:00:00,0.18105568148928605,0.18105568148928605
2024-10-23 11:00:00,0.6744262545147952,0.6744262545147952
2024-10-23 12:00:00,1.1990441614932015,1.1990441614932015
2024-10-23 13:00:00,2.1201875980071745,2.1201875980071745
2024-10-23 14:00:00,2.9589335057918547,2.9589335057918547
2024-10-23 15:00:00,3.860876525821174,3.860876525821174
2024-10-23 16:00:00,5.200280870776325,5.200280870776325
2024-10-23 17:00:00,5.472109572513485,5.472109572513485
2024-10-23 18:00:00,4.705559494473248,4.705559494473248
2024-10-23 19:00:00,4.44826154227045,4.44826154227045
2024-10-23 20:00:00,4.590638289680389,4.590638289680389
2024-10-23 21:00:00,4.877133224127347,4.877133224127347
2024-10-23 22:00:00,0.0,0.0
2024-10-23 23:00:00,0.0,0.0
2024-10-24 00:00:00,0.0,0.0
2024-10-24 01:00:00,0.0,0.0
2024-10-24 02:00:00,0.0,0.0
2024-10-24 03:00:00,0.0,0.0
2024-10-24 04:00:00,0.0,0.0
2024-10-24 05:00:00,0.0,0.0
2024-10-24 06:00:00,0.0,0.0
2024-10-24 07:00:00,0.0,0.0
2024-10-24 08:00:00,0.0,0.0
2024-10-24 09:00:00,0.0,0.0
2024-10-24 10:00:00,0.17653333073570374,0.17653333073570374
2024-10-24 11:00:00,0.6056522228910843,0.6056522228910843
2024-10-24 12:00:00,1.2296208340737804,1.2296208340737804
2024-10-24 13:00:00,2.20703645289199,2.20703645289199
2024-10-24 14:00:00,2.711662134829313,2.711662134829313
2024-10-24 15:00:00,3.3166923538230764,3.3166923538230764
2024-10-24 16:00:00,4.720302761414883,4.720302761414883
2024-10-24 17:00:00,4.289693790071063,4.289693790071063
2024-10-24 18:00:00,4.97261384454736,4.97261384454736
2024-10-24 19:00:00,3.8366416606484868,3.8366416606484868
2024-10-24 20:00:00,4.733763737772427,4.733763737772427
2024-10-24 21:00:00,4.631593850968999,4.631593850968999
2024-10-24 22:00:00,0.0,0.0
2024-10-24 23:00:00,0.0,0.0
2024-10-25 00:00:00,0.0,0.0
2024-10-25 01:00:00,0.0,0.0
2024-10-25 02:00:00,0.0,0.0
2024-10-25 03:00:00,0.0,0.0
2024-10-25 04:00:00,0.0,0.0
2024-10-25 05:00:00,0.0,0.0
2024-10-25 06:00:00,0.0,0.0
2024-10-25 07:00:00,0.0,0.0
2024-10-25 08:00:00,0.0,0.0
2024-10-25 09:00:00,0.0,0.0
2024-10-25 10:00:00,0.1712159682505933,0.1712159682505933
2024-10-25 11:00:00,0.5927072596045532,0.5927072596045532
2024-10-25 12:00:00,1.1025245420839023,1.1025245420839023
2024-10-25 13:00:00,2.246534794081098,2.246534794081098
2024-10-25 14:00:00,2.59176208298322,2.59176208298322
2024-10-25 15:00:00,3.79168113728298,3.79168113728298
2024-10-25 16:00:00,4.574940296558932,4.574940296558932
2024-10-25 17:00:00,4.731658849245129,4.731658849245129
2024-10-25 18:00:00,5.174820886476863,5.174820886476863
2024-10-25 19:00:00,4.610014044026762,4.610014044026762
2024-10-25 20:00:00,4.763853337006703,4.763853337006703
2024-10-25 21:00:00,4.397848107436771,4.397848107436771
2024-10-25 22:00:00,0.0,0.0
2024-10-25 23:00:00,0.0,0.0
2024-10-26 00:00:00,0.0,0.0
2024-10-26 01:00:00,0.0,0.0
2024-10-26 02:00:00,0.0,0.0
2024-10-26 03:00:00,0.0,0.0
2024-10-26 04:00:00,0.0,0.0
2024-10-26 05:00:00,0.0,0.0
2024-10-26 06:00:00,0.0,0.0
2024-10-26 07:00:00,0.0,0.0
2024-10-26 08:00:00,0.0,0.0
2024-10-26 09:00:00,0.0,0.0
2024-10-26 10:00:00,0.11684520956527839,0.11684520956527839
2024-10-26 11:00:00,0.3452657823072641,0.3452657823072641
2024-10-26 12:00:00,0.7425766363360645,0.7425766363360645
2024-10-26 13:00:00,1.2155330499555734,1.2155330499555734
2024-10-26 14:00:00,1.6177968770360556,1.6177968770360556
2024-10-26 15:00:00,2.386754170015779,2.386754170015779
2024-10-26 16:00:00,3.0255092839513447,3.0255092839513447
2024-10-26 17:00:00,2.9764290645421507,2.9764290645421507
2024-10-26 18:00:00,2.7707912468155467,2.7707912468155467
2024-10-26 19:00:00,3.0147246472861537,3.0147246472861537
2024-10-26 20:00:00,2.8467067475678496,2.8467067475678496
2024-10-26 21:00:00,2.760142660670939,2.760142660670939
2024-10-26 22:00:00,0.0,0.0
2024-10-26 23:00:00,0.0,0.0
2024-10-27 00:00:00,0.0,0.0
2024-10-27 01:00:00,0.0,0.0
2024-10-27 02:00:00,0.0,0.0
2024-10-27 03:00:00,0.0,0.0
2024-10-27 04:00:00,0.0,0.0
2024-10-27 05:00:00,0.0,0.0
2024-10-27 06:00:00,0.0,0.0
2024-10-27 07:00:00,0.0,0.0
2024-10-27 08:00:00,0.0,0.0
2024-10-27 09:00:00,0.0,0.0
2024-10-27 10:00:00,0.09369754082497139,0.09369754082497139
2024-10-27 11:00:00,0.457439048604883,0.457439048604883
2024-10-27 12:00:00,0.9305155311023999,0.9305155311023999
2024-10-27 13:00:00,1.3365639517509968,1.3365639517509968
2024-10-27 14:00:00,1.7071497490536054,1.7071497490536054
2024-10-27 15:00:00,2.3359655743943346,2.3359655743943346
2024-10-27 16:00:00,2.694038749329031,2.694038749329031
2024-10-27 17:00:00,2.958329928625423,2.958329928625423
2024-10-27 18:00:00,2.6797756412905325,2.6797756412905325
2024-10-27 19:00:00,2.944697137979461,2.944697137979461
2024-10-27 20:00:00,2.8187463011270224,2.8187463011270224
2024-10-27 21:00:00,2.7615206492137556,2.7615206492137556
2024-10-27 22:00:00,0.0,0.0
2024-10-27 23:00:00,0.0,0.0
2024-10-28 00:00:00,0.0,0.0
2024-10-28 01:00:00,0.0,0.0
2024-10-28 02:00:00,0.0,0.0
2024-10-28 03:00:00,0.0,0.0
2024-10-28 04:00:00,0.0,0.0
2024-10-28 05:00:00,0.0,0.0
2024-10-28 06:00:00,0.0,0.0
2024-10-28 07:00:00,0.0,0.0
2024-10-28 08:00:00,0.0,0.0
2024-10-28 09:00:00,0.0,0.0
2024-10-28 10:00:00,0.14407501990216318,0.14407501990216318
2024-10-28 11:00:00,0.5892746529183264,0.5892746529183264
2024-10-28 12:00:00,1.3105716795718896,1.3105716795718896
2024-10-28 13:00:00,1.652640408434018,1.652640408434018
2024-10-28 14:00:00,2.7515238785526464,2.7515238785526464
2024-10-28 15:00:00,2.8760082107533704,2.8760082107533704
2024-10-28 16:00:00,3.9978844798376962,3.9978844798376962
2024-10-28 17:00:00,4.727905785909009,4.727905785909009
2024-10-28 18:00:00,3.9772198918672443,3.9772198918672443
2024-10-28 19:00:00,3.522433588984684,3.522433588984684
2024-10-28 20:00:00,4.3363894057755825,4.3363894057755825
2024-10-28 21:00:00,3.9996234192063556,3.9996234192063556
2024-10-28 22:00:00,0.0,0.0
2024-10-28 23:00:00,0.0,0.0
2024-10-29 00:00:00,0.0,0.0
2024-10-29 01:00:00,0.0,0.0
2024-10-29 02:00:00,0.0,0.0
2024-10-29 03:00:00,0.0,0.0
2024-10-29 04:00:00,0.0,0.0
2024-10-29 05:00:00,0.0,0.0
2024-10-29 06:00:00,0.0,0.0
2024-10-29 07:00:00,0.0,0.0
2024-10-29 08:00:00,0.0,0.0
2024-10-29 09:00:00,0.0,0.0
2024-10-29 10:00:00,0.16597300356786787,0.16597300356786787
2024-10-29 11:00:00,0.5186371671604345,0.5186371671604345
2024-10-29 12:00:00,1.0982198258411555,1.0982198258411555
2024-10-29 13:00:00,1.753222449883499,1.753222449883499
2024-10-29 14:00:00,2.665809287874642,2.665809287874642
2024-10-29 15:00:00,2.7210925003769373,2.7210925003769373
2024-10-29 16:00:00,3.920673857306769,3.920673857306769
2024-10-29 17:00:00,4.557466298713224,4.557466298713224
2024-10-29 18:00:00,4.79142803614826,4.79142803614826
2024-10-29 19:00:00,4.001122519402772,4.001122519402772
2024-10-29 20:00:00,3.8706511322464237,3.8706511322464237
2024-10-29 21:00:00,3.5031431356753577,3.5031431356753577
2024-10-29 22:00:00,0.0,0.0
2024-10-29 23:00:00,0.0,0.0
2024-10-30 00:00:00,0.0,0.0
2024-10-30 01:00:00,0.0,0.0
2024-10-30 02:00:00,0.0,0.0
2024-10-30 03:00:00,0.0,0.0
2024-10-30 04:00:00,0.0,0.0
2024-10-30 05:00:00,0.0,0.0
2024-10-30 06:00:00,0.0,0.0
2024-10-30 07:00:00,0.0,0.0
2024-10-30 08:00:00,0.0,0.0
2024-10-30 09:00:00,0.0,0.0
2024-10-30 10:00:00,0.18463105043745562,0.18463105043745562
2024-10-30 11:00:00,0.6873366161284435,0.6873366161284435
2024-10-30 12:00:00,1.1294470154873573,1.1294470154873573
2024-10-30 13:00:00,2.0791578674440077,2.0791578674440077
2024-10-30 14:00:00,2.9176496292288068,2.9176496292288068
2024-10-30 15:00:00,3.8247294637864893,3.8247294637864893
2024-10-30 16:00:00,4.4148327249940404,4.4148327249940404
2024-10-30 17:00:00,4.350042812811205,4.350042812811205
2024-10-30 18:00:00,4.295476315037334,4.295476315037334
2024-10-30 19:00:00,4.776800898713559,4.776800898713559
2024-10-30 20:00:00,4.723457821238127,4.723457821238127
2024-10-30 21:00:00,4.2348220739054145,4.2348220739054145
2024-10-30 22:00:00,0.0,0.0
2024-10-30 23:00:00,0.0,0.0
2024-10-31 00:00:00,0.0,0.0
2024-10-31 01:00:00,0.0,0.0
2024-10-31 02:00:00,0.0,0.0
2024-10-31 03:00:00,0.0,0.0
2024-10-31 04:00:00,0.0,0.0
2024-10-31 05:00:00,0.0,0.0
2024-10-31 06:00:00,0.0,0.0
2024-10-31 07:00:00,0.0,0.0
2024-10-31 08:00:00,0.0,0.0
2024-10-31 09:00:00,0.0,0.0
2024-10-31 10:00:00,0.1707286213912674,0.1707286213912674
2024-10-31 11:00:00,0.5669883420172114,0.5669883420172114
2024-10-31 12:00:00,1.2473776713975344,1.2473776713975344
2024-10-31 13:00:00,2.279329644720927,2.279329644720927
2024-10-31 14:00:00,3.1484362383368225,3.1484362383368225
2024-10-31 15:00:00,3.5785292332416785,3.5785292332416785
2024-10-31 16:00:00,3.779619325460553,3.779619325460553
2024-10-31 17:00:00,4.639355005279834,4.639355005279834
2024-10-31 18:00:00,4.836876837567523,4.836876837567523
2024-10-31 19:00:00,4.4853797816328616,4.4853797816328616
2024-10-31 20:00:00,4.77183044671253,4.77183044671253
2024-10-31 21:00:00,4.316579248779651,4.316579248779651
2024-10-31 22:00:00,0.0,0.0
2024-10-31 23:00:00,0.0,0.0
2024-11-01 00:00:00,0.0,0.0
2024-11-01 01:00:00,0.0,0.0
2024-11-01 02:00:00,0.0,0.0
2024-11-01 03:00:00,0.0,0.0
2024-11-01 04:00:00,0.0,0.0
2024-11-01 05:00:00,0.0,0.0
2024-11-01 06:00:00,0.0,0.0
2024-11-01 07:00:00,0.0,0.0
2024-11-01 08:00:00,0.0,0.0
2024-11-01 09:00:00,0.0,0.0
2024-11-01 10:00:00,0.1367473461790738,0.1367473461790738
2024-11-01 11:00:00,0.4947380393131035,0.4947380393131035
2024-11-01 12:00:00,1.1844829038840108,1.1844829038840108
2024-11-01 13:00:00,1.8619119027969178,1.8619119027969178
2024-11-01 14:00:00,2.7669430718978036,2.7669430718978036
2024-11-01 15:00:00,3.1381211636600583,3.1381211636600583
2024-11-01 16:00:00,4.195872022749926,4.195872022749926
2024-11-01 17:00:00,4.6732691286821675,4.6732691286821675
2024-11-01 18:00:00,4.75220673857906,4.75220673857906
2024-11-01 19:00:00,4.010813072473009,4.010813072473009
2024-11-01 20:00:00,3.633531014159913,3.633531014159913
2024-11-01 21:00:00,3.8804456312019378,3.8804456312019378
2024-11-01 22:00:00,0.0,0.0
2024-11-01 23:00:00,0.0,0.0
2024-11-02 00:00:00,0.0,0.0
2024-11-02 01:00:00,0.0,0.0
2024-11-02 02:00:00,0.0,0.0
2024-11-02 03:00:00,0.0,0.0
2024-11-02 04:00:00,0.0,0.0
2024-11-02 05:00:00,0.0,0.0
2024-11-02 06:00:00,0.0,0.0
2024-11-02 07:00:00,0.0,0.0
2024-11-02 08:00:00,0.0,0.0
2024-11-02 09:00:00,0.0,0.0
2024-11-02 10:00:00,0.11085652169511485,0.11085652169511485
2024-11-02 11:00:00,0.48177800721964076,0.48177800721964076
2024-11-02 12:00:00,0.8259213495751947,0.8259213495751947
2024-11-02 13:00:00,1.3808315027228992,1.3808315027228992
2024-11-02 14:00:00,2.058123668513953,2.058123668513953
2024-11-02 15:00:00,2.488179810259978,2.488179810259978
2024-11-02 16:00:00,3.496883537264239,3.496883537264239
2024-11-02 17:00:00,3.0005072699058473,3.0005072699058473
2024-11-02 18:00:00,3.3560126639718884,3.3560126639718884
2024-11-02 19:00:00,3.399913186747011,3.399913186747011
2024-11-02 20:00:00,2.8570400280714936,2.8570400280714936
2024-11-02 21:00:00,3.2555406807800082,3.2555406807800082
2024-11-02 22:00:00,0.0,0.0
2024-11-02 23:00:00,0.0,0.0
2024-11-03 00:00:00,0.0,0.0
2024-11-03 01:00:00,0.0,0.0
2024-11-03 02:00:00,0.0,0.0
2024-11-03 03:00:00,0.0,0.0
2024-11-03 04:00:00,0.0,0.0
2024-11-03 05:00:00,0.0,0.0
2024-11-03 06:00:00,0.0,0.0
2024-11-03 07:00:00,0.0,0.0
2024-11-03 08:00:00,0.0,0.0
2024-11-03 09:00:00,0.0,0.0
2024-11-03 10:00:00,0.09833481996750643,0.09833481996750643
2024-11-03 11:00:00,0.35505557266805393,0.35505557266805393
2024-11-03 12:00:00,0.9105500696206296,0.9105500696206296
2024-11-03 13:00:00,1.3410056057243593,1.3410056057243593
2024-11-03 14:00:00,1.970628974343939,1.970628974343939
2024-11-03 15:00:00,2.323049918962004,2.323049918962004
2024-11-03 16:00:00,2.6841104139329217,2.6841104139329217
2024-11-03 17:00:00,2.8797505446107805,2.8797505446107805
2024-11-03 18:00:00,3.034753741106488,3.034753741106488
2024-11-03 19:00:00,2.9523836963592807,2.9523836963592807
2024-11-03 20:00:00,3.069552237185799,3.069552237185799
2024-11-03 21:00:00,2.8193992129156764,2.8193992129156764
2024-11-03 22:00:00,0.0,0.0
2024-11-03 23:00:00,0.0,0.0
2024-11-04 00:00:00,0.0,0.0
2024-11-04 01:00:00,0.0,0.0
2024-11-04 02:00:00,0.0,0.0
2024-11-04 03:00:00,0.0,0.0
2024-11-04 04:00:00,0.0,0.0
2024-11-04 05:00:00,0.0,0.0
2024-11-04 06:00:00,0.0,0.0
2024-11-04 07:00:00,0.0,0.0
2024-11-04 08:00:00,0.0,0.0
2024-11-04 09:00:00,0.0,0.0
2024-11-04 10:00:00,0.1686906950414251,0.1686906950414251
2024-11-04 11:00:00,0.6911298160646754,0.6911298160646754
2024-11-04 12:00:00,1.3333828346785195,1.3333828346785195
2024-11-04 13:00:00,2.145845449316513,2.145845449316513
2024-11-04 14:00:00,2.668164486155307,2.668164486155307
2024-11-04 15:00:00,3.5570037458145425,3.5570037458145425
2024-11-04 16:00:00,4.163487182052472,4.163487182052472
2024-11-04 17:00:00,5.198937964436731,5.198937964436731
2024-11-04 18:00:00,4.908033195195729,4.908033195195729
2024-11-04 19:00:00,3.6800549357927275,3.6800549357927275
2024-11-04 20:00:00,4.2985200816625975,4.2985200816625975
2024-11-04 21:00:00,4.632753966044755,4.632753966044755
2024-11-04 22:00:00,0.0,0.0
2024-11-04 23:00:00,0.0,0.0
2024-11-05 00:00:00,0.0,0.0
2024-11-05 01:00:00,0.0,0.0
2024-11-05 02:00:00,0.0,0.0
2024-11-05 03:00:00,0.0,0.0
2024-11-05 04:00:00,0.0,0.0
2024-11-05 05:00:00,0.0,0.0
2024-11-05 06:00:00,0.0,0.0
2024-11-05 07:00:00,0.0,0.0
2024-11-05 08:00:00,0.0,0.0
2024-11-05 09:00:00,0.0,0.0
2024-11-05 10:00:00,0.1663976362976685,0.1663976362976685
2024-11-05 11:00:00,0.5652093081580736,0.5652093081580736
2024-11-05 12:00:00,1.336011519494474,1.336011519494474
2024-11-05 13:00:00,1.8062026350081835,1.8062026350081835
2024-11-05 14:00:00,3.513624674080928,3.513624674080928
2024-11-05 15:00:00,3.087110712374112,3.087110712374112
2024-11-05 16:00:00,3.8888387550735874,3.8888387550735874
2024-11-05 17:00:00,5.403775262131432,5.403775262131432
2024-11-05 18:00:00,4.3362060101463324,4.3362060101463324
2024-11-05 19:00:00,4.241507398275102,4.241507398275102
2024-11-05 20:00:00,4.934390849242517,4.934390849242517
2024-11-05 21:00:00,4.819001119406257,4.819001119406257
2024-11-05 22:00:00,0.0,0.0
2024-11-05 23:00:00,0.0,0.0
2024-11-06 00:00:00,0.0,0.0
2024-11-06 01:00:00,0.0,0.0
2024-11-06 02:00:00,0.0,0.0
2024-11-06 03:00:00,0.0,0.0
2024-11-06 04:00:00,0.0,0.0
2024-11-06 05:00:00,0.0,0.0
2024-11-06 06:00:00,0.0,0.0
2024-11-06 07:00:00,0.0,0.0
2024-11-06 08:00:00,0.0,0.0
2024-11-06 09:00:00,0.0,0.0
2024-11-06 10:00:00,0.16621944116709741,0.16621944116709741
2024-11-06 11:00:00,0.5474619057708244,0.5474619057708244
2024-11-06 12:00:00,1.3725270190111156,1.3725270190111156
2024-11-06 13:00:00,2.060063733916679,2.060063733916679
2024-11-06 14:00:00,2.729866733711194,2.729866733711194
2024-11-06 15:00:00,3.4504726841736013,3.4504726841736013
2024-11-06 16:00:00,4.761159247248108,4.761159247248108
2024-11-06 17:00:00,4.632764572439413,4.632764572439413
2024-11-06 18:00:00,4.503699247520044,4.503699247520044
2024-11-06 19:00:00,4.5358922019178065,4.5358922019178065
2024-11-06 20:00:00,3.5458789086452627,3.5458789086452627
2024-11-06 21:00:00,4.465848454181771,4.465848454181771
2024-11-06 22:00:00,0.0,0.0
2024-11-06 23:00:00,0.0,0.0
2024-11-07 00:00:00,0.0,0.0
2024-11-07 01:00:00,0.0,0.0
2024-11-07 02:00:00,0.0,0.0
2024-11-07 03:00:00,0.0,0.0
2024-11-07 04:00:00,0.0,0.0
2024-11-07 05:00:00,0.0,0.0
2024-11-07 06:00:00,0.0,0.0
2024-11-07 07:00:00,0.0,0.0
2024-11-07 08:00:00,0.0,0.0
2024-11-07 09:00:00,0.0,0.0
2024-11-07 10:00:00,0.17309145983025753,0.17309145983025753
2024-11-07 11:00:00,0.6199685066845276,0.6199685066845276
2024-11-07 12:00:00,1.050087722397306,1.050087722397306
2024-11-07 13:00:00,1.9901254446168448,1.9901254446168448
2024-11-07 14:00:00,2.778196753384472,2.778196753384472
2024-11-07 15:00:00,3.55522532668511,3.55522532668511
2024-11-07 16:00:00,4.2875462530687765,4.2875462530687765
2024-11-07 17:00:00,3.91344591239931,3.91344591239931
2024-11-07 18:00:00,4.043331403322796,4.043331403322796
2024-11-07 19:00:00,3.8577058242450573,3.8577058242450573
2024-11-07 20:00:00,4.021457879486187,4.021457879486187
2024-11-07 21:00:00,4.632832167460904,4.632832167460904
2024-11-07 22:00:00,0.0,0.0
2024-11-07 23:00:00,0.0,0.0
2024-11-08 00:00:00,0.0,0.0
2024-11-08 01:00:00,0.0,0.0
2024-11-08 02:00:00,0.0,0.0
2024-11-08 03:00:00,0.0,0.0
2024-11-08 04:00:00,0.0,0.0
2024-11-08 05:00:00,0.0,0.0
2024-11-08 06:00:00,0.0,0.0
2024-11-08 07:00:00,0.0,0.0
2024-11-08 08:00:00,0.0,0.0
2024-11-08 09:00:00,0.0,0.0
2024-11-08 10:00:00,0.16426361055642677,0.16426361055642677
2024-11-08 11:00:00,0.5422414633117532,0.5422414633117532
2024-11-08 12:00:00,1.1608798184581244,1.1608798184581244
2024-11-08 13:00:00,1.786404475574855,1.786404475574855
2024-11-08 14:00:00,3.0073163505368634,3.0073163505368634
2024-11-08 15:00:00,3.4224885879523774,3.4224885879523774
2024-11-08 16:00:00,3.923619450373233,3.923619450373233
2024-11-08 17:00:00,4.428217874003137,4.428217874003137
2024-11-08 18:00:00,4.673350525676811,4.673350525676811
2024-11-08 19:00:00,4.546372607375676,4.546372607375676
2024-11-08 20:00:00,3.6639874044875134,3.6639874044875134
2024-11-08 21:00:00,4.469066455380715,4.469066455380715
2024-11-08 22:00:00,0.0,0.0
2024-11-08 23:00:00,0.0,0.0
2024-11-09 00:00:00,0.0,0.0
2024-11-09 01:00:00,0.0,0.0
2024-11-09 02:00:00,0.0,0.0
2024-11-09 03:00:00,0.0,0.0
2024-11-09 04:00:00,0.0,0.0
2024-11-09 05:00:00,0.0,0.0
2024-11-09 06:00:00,0.0,0.0
2024-11-09 07:00:00,0.0,0.0
2024-11-09 08:00:00,0.0,0.0
2024-11-09 09:00:00,0.0,0.0
2024-11-09 10:00:00,0.115185053626042,0.115185053626042
2024-11-09 11:00:00,0.42348261577832197,0.42348261577832197
2024-11-09 12:00:00,0.7334825426050017,0.7334825426050017
2024-11-09 13:00:00,1.232122527276784,1.232122527276784
2024-11-09 14:00:00,1.7056682888385004,1.7056682888385004
2024-11-09 15:00:00,2.579038163423411,2.579038163423411
2024-11-09 16:00:00,2.7294909358491064,2.7294909358491064
2024-11-09 17:00:00,2.8400989550499176,2.8400989550499176
2024-11-09 18:00:00,2.7231446991700485,2.7231446991700485
2024-11-09 19:00:00,2.932037362620371,2.932037362620371
2024-11-09 20:00:00,2.945243208560794,2.945243208560794
2024-11-09 21:00:00,3.3106641787533,3.3106641787533
2024-11-09 22:00:00,0.0,0.0
2024-11-09 23:00:00,0.0,0.0
2024-11-10 00:00:00,0.0,0.0
2024-11-10 01:00:00,0.0,0.0
2024-11-10 02:00:00,0.0,0.0
2024-11-10 03:00:00,0.0,0.0
2024-11-10 04:00:00,0.0,0.0
2024-11-10 05:00:00,0.0,0.0
2024-11-10 06:00:00,0.0,0.0
2024-11-10 07:00:00,0.0,0.0
2024-11-10 08:00:00,0.0,0.0
2024-11-10 09:00:00,0.0,0.0
2024-11-10 10:00:00,0.11187297678767623,0.11187297678767623
2024-11-10 11:00:00,0.48476476244667754,0.48476476244667754
2024-11-10 12:00:00,1.0125731217962246,1.0125731217962246
2024-11-10 13:00:00,1.4546994098973618,1.4546994098973618
2024-11-10 14:00:00,2.3508307890732865,2.3508307890732865
2024-11-10 15:00:00,2.342225191431393,2.342225191431393
2024-11-10 16:00:00,2.856924621292556,2.856924621292556
2024-11-10 17:00:00,3.038600633383048,3.038600633383048
2024-11-10 18:00:00,3.357511205873326,3.357511205873326
2024-11-10 19:00:00,2.8207254844106577,2.8207254844106577
2024-11-10 20:00:00,2.6295022368654886,2.6295022368654886
2024-11-10 21:00:00,3.414634668146282,3.414634668146282
2024-11-10 22:00:00,0.0,0.0
2024-11-10 23:00:00,0.0,0.0
2024-11-11 00:00:00,0.0,0.0
2024-11-11 01:00:00,0.0,0.0
2024-11-11 02:00:00,0.0,0.0
2024-11-11 03:00:00,0.0,0.0
2024-11-11 04:00:00,0.0,0.0
2024-11-11 05:00:00,0.0,0.0
2024-11-11 06:00:00,0.0,0.0
2024-11-11 07:00:00,0.0,0.0
2024-11-11 08:00:00,0.0,0.0
2024-11-11 09:00:00,0.0,0.0
2024-11-11 10:00:00,0.16098012196122052,0.16098012196122052
2024-11-11 11:00:00,0.4988702041228555,0.4988702041228555
2024-11-11 12:00:00,1.10163027707197,1.10163027707197
2024-11-11 13:00:00,1.8136135956226416,1.8136135956226416
2024-11-11 14:00:00,2.8537477435371654,2.8537477435371654
2024-11-11 15:00:00,2.642797102321104,2.642797102321104
2024-11-11 16:00:00,3.916224297775857,3.916224297775857
2024-11-11 17:00:00,4.417537521628985,4.417537521628985
2024-11-11 18:00:00,3.8303437111672967,3.8303437111672967
2024-11-11 19:00:00,3.208527218261355,3.208527218261355
2024-11-11 20:00:00,4.127077164267919,4.127077164267919
2024-11-11 21:00:00,3.725793742016975,3.725793742016975
2024-11-11 22:00:00,0.0,0.0
2024-11-11 23:00:00,0.0,0.0
2024-11-12 00:00:00,0.0,0.0
2024-11-12 01:00:00,0.0,0.0
2024-11-12 02:00:00,0.0,0.0
2024-11-12 03:00:00,0.0,0.0
2024-11-12 04:00:00,0.0,0.0
2024-11-12 05:00:00,0.0,0.0
2024-11-12 06:00:00,0.0,0.0
2024-11-12 07:00:00,0.0,0.0
2024-11-12 08:00:00,0.0,0.0
2024-11-12 09:00:00,0.0,0.0
2024-11-12 10:00:00,0.13581709062247033,0.13581709062247033
2024-11-12 11:00:00,0.6696813655667659,0.6696813655667659
2024-11-12 12:00:00,1.0768278768096395,1.0768278768096395
2024-11-12 13:00:00,1.7325022844700584,1.7325022844700584
2024-11-12 14:00:00,2.9500195068809383,2.9500195068809383
2024-11-12 15:00:00,3.509476941846749,3.509476941846749
2024-11-12 16:00:00,4.570607898501849,4.570607898501849
2024-11-12 17:00:00,4.399881947474326,4.399881947474326
2024-11-12 18:00:00,5.1618680619636805,5.1618680619636805
2024-11-12 19:00:00,3.5128043339803012,3.5128043339803012
2024-11-12 20:00:00,4.384735568775498,4.384735568775498
2024-11-12 21:00:00,3.7735851478813047,3.7735851478813047
2024-11-12 22:00:00,0.0,0.0
2024-11-12 23:00:00,0.0,0.0
2024-11-13 00:00:00,0.0,0.0
2024-11-13 01:00:00,0.0,0.0
2024-11-13 02:00:00,0.0,0.0
2024-11-13 03:00:00,0.0,0.0
2024-11-13 04:00:00,0.0,0.0
2024-11-13 05:00:00,0.0,0.0
2024-11-13 06:00:00,0.0,0.0
2024-11-13 07:00:00,0.0,0.0
2024-11-13 08:00:00,0.0,0.0
2024-11-13 09:00:00,0.0,0.0
2024-11-13 10:00:00,0.1680737419822105,0.1680737419822105
2024-11-13 11:00:00,0.5818206945101755,0.5818206945101755
2024-11-13 12:00:00,1.2175516050844009,1.2175516050844009
2024-11-13 13:00:00,1.9910589953858924,1.9910589953858924
2024-11-13 14:00:00,2.737129799113218,2.737129799113218
2024-11-13 15:00:00,3.680212830517601,3.680212830517601
2024-11-13 16:00:00,4.323580000145958,4.323580000145958
2024-11-13 17:00:00,5.612885068546842,5.612885068546842
2024-11-13 18:00:00,4.4839848719223045,4.4839848719223045
2024-11-13 19:00:00,4.1674075582337595,4.1674075582337595
2024-11-13 20:00:00,4.858056320269466,4.858056320269466
2024-11-13 21:00:00,4.876677692116987,4.876677692116987
2024-11-13 22:00:00,0.0,0.0
2024-11-13 23:00:00,0.0,0.0
2024-11-14 00:00:00,0.0,0.0
2024-11-14 01:00:00,0.0,0.0
2024-11-14 02:00:00,0.0,0.0
2024-11-14 03:00:00,0.0,0.0
2024-11-14 04:00:00,0.0,0.0
2024-11-14 05:00:00,0.0,0.0
2024-11-14 06:00:00,0.0,0.0
2024-11-14 07:00:00,0.0,0.0
2024-11-14 08:00:00,0.0,0.0
2024-11-14 09:00:00,0.0,0.0
2024-11-14 10:00:00,0.16688427667696284,0.16688427667696284
2024-11-14 11:00:00,0.5327958049886763,0.5327958049886763
2024-11-14 12:00:00,1.0975161915225031,1.0975161915225031
2024-11-14 13:00:00,1.6324770627289669,1.6324770627289669
2024-11-14 14:00:00,3.0043558222528484,3.0043558222528484
2024-11-14 15:00:00,2.9251782136423867,2.9251782136423867
2024-11-14 16:00:00,4.359120938478927,4.359120938478927
2024-11-14 17:00:00,5.065541542144149,5.065541542144149
2024-11-14 18:00:00,4.407113604897235,4.407113604897235
2024-11-14 19:00:00,4.206438952525675,4.206438952525675
2024-11-14 20:00:00,4.496185892696974,4.496185892696974
2024-11-14 21:00:00,4.386575740315475,4.386575740315475
2024-11-14 22:00:00,0.0,0.0
2024-11-14 23:00:00,0.0,0.0
2024-11-15 00:00:00,0.0,0.0
2024-11-15 01:00:00,0.0,0.0
2024-11-15 02:00:00,0.0,0.0
2024-11-15 03:00:00,0.0,0.0
2024-11-15 04:00:00,0.0,0.0
2024-11-15 05:00:00,0.0,0.0
2024-11-15 06:00:00,0.0,0.0
2024-11-15 07:00:00,0.0,0.0
2024-11-15 08:00:00,0.0,0.0
2024-11-15 09:00:00,0.0,0.0
2024-11-15 10:00:00,0.15735717663227014,0.15735717663227014
2024-11-15 11:00:00,0.5891675950521794,0.5891675950521794
2024-11-15 12:00:00,1.255070182063335,1.255070182063335
2024-11-15 13:00:00,1.9380626341764893,1.9380626341764893
2024-11-15 14:00:00,2.5104123838855044,2.5104123838855044
2024-11-15 15:00:00,3.2469329482385625,3.2469329482385625
2024-11-15 16:00:00,4.479847710382239,4.479847710382239
2024-11-15 17:00:00,4.524074971037464,4.524074971037464
2024-11-15 18:00:00,5.337344695545432,5.337344695545432
2024-11-15 19:00:00,3.7895130990447337,3.7895130990447337
2024-11-15 20:00:00,4.11900476286308,4.11900476286308
2024-11-15 21:00:00,4.400568982976756,4.400568982976756
2024-11-15 22:00:00,0.0,0.0
2024-11-15 23:00:00,0.0,0.0
2024-11-16 00:00:00,0.0,0.0
2024-11-16 01:00:00,0.0,0.0
2024-11-16 02:00:00,0.0,0.0
2024-11-16 03:00:00,0.0,0.0
2024-11-16 04:00:00,0.0,0.0
2024-11-16 05:00:00,0.0,0.0
2024-11-16 06:00:00,0.0,0.0
2024-11-16 07:00:00,0.0,0.0
2024-11-16 08:00:00,0.0,0.0
2024-11-16 09:00:00,0.0,0.0
2024-11-16 10:00:00,0.10935273793207323,0.10935273793207323
2024-11-16 11:00:00,0.40130118995171715,0.40130118995171715
2024-11-16 12:00:00,0.7588625825355271,0.7588625825355271
2024-11-16 13:00:00,1.34556058232708,1.34556058232708
2024-11-16 14:00:00,1.8192333294895162,1.8192333294895162
2024-11-16 15:00:00,2.013695799845367,2.013695799845367
2024-11-16 16:00:00,3.232522537131465,3.232522537131465
2024-11-16 17:00:00,3.559062215692794,3.559062215692794
2024-11-16 18:00:00,3.6476907941022767,3.6476907941022767
2024-11-16 19:00:00,2.7181639748688498,2.7181639748688498
2024-11-16 20:00:00,3.1909898364143063,3.1909898364143063
2024-11-16 21:00:00,2.823863311549968,2.823863311549968
2024-11-16 22:00:00,0.0,0.0
2024-11-16 23:00:00,0.0,0.0
2024-11-17 00:00:00,0.0,0.0
2024-11-17 01:00:00,0.0,0.0
2024-11-17 02:00:00,0.0,0.0
2024-11-17 03:00:00,0.0,0.0
2024-11-17 04:00:00,0.0,0.0
2024-11-17 05:00:00,0.0,0.0
2024-11-17 06:00:00,0.0,0.0
2024-11-17 07:00:00,0.0,0.0
2024-11-17 08:00:00,0.0,0.0
2024-11-17 09:00:00,0.0,0.0
2024-11-17 10:00:00,0.09525376544729068,0.09525376544729068
2024-11-17 11:00:00,0.449253704488158,0.449253704488158
2024-11-17 12:00:00,0.8991063825105975,0.8991063825105975
2024-11-17 13:00:00,1.1302612718695784,1.1302612718695784
2024-11-17 14:00:00,1.9647360179633127,1.9647360179633127
2024-11-17 15:00:00,2.0107864031450915,2.0107864031450915
2024-11-17 16:00:00,2.759813089098893,2.759813089098893
2024-11-17 17:00:00,3.764772574226761,3.764772574226761
2024-11-17 18:00:00,3.682219152318729,3.682219152318729
2024-11-17 19:00:00,3.0428728968292993,3.0428728968292993
2024-11-17 20:00:00,2.77268456730463,2.77268456730463
2024-11-17 21:00:00,2.838258979805487,2.838258979805487
2024-11-17 22:00:00,0.0,0.0
2024-11-17 23:00:00,0.0,0.0
2024-11-18 00:00:00,0.0,0.0
2024-11-18 01:00:00,0.0,0.0
2024-11-18 02:00:00,0.0,0.0
2024-11-18 03:00:00,0.0,0.0
2024-11-18 04:00:00,0.0,0.0
2024-11-18 05:00:00,0.0,0.0
2024-11-18 06:00:00,0.0,0.0
2024-11-18 07:00:00,0.0,0.0
2024-11-18 08:00:00,0.0,0.0
2024-11-18 09:00:00,0.0,0.0
2024-11-18 10:00:00,0.17198844767902127,0.17198844767902127
2024-11-18 11:00:00,0.5573528718593098,0.5573528718593098
2024-11-18 12:00:00,1.4679538847578277,1.4679538847578277
2024-11-18 13:00:00,2.1202134180136705,2.1202134180136705
2024-11-18 14:00:00,3.3737281888064303,3.3737281888064303
2024-11-18 15:00:00,3.139573483684023,3.139573483684023
2024-11-18 16:00:00,4.9803810122859895,4.9803810122859895
2024-11-18 17:00:00,5.249626302007071,5.249626302007071
2024-11-18 18:00:00,4.874452692931679,4.874452692931679
2024-11-18 19:00:00,3.7016500208674397,3.7016500208674397
2024-11-18 20:00:00,4.0067884325076255,4.0067884325076255
2024-11-18 21:00:00,4.834950126158428,4.834950126158428
2024-11-18 22:00:00,0.0,0.0
2024-11-18 23:00:00,0.0,0.0
2024-11-19 00:00:00,0.0,0.0
2024-11-19 01:00:00,0.0,0.0
2024-11-19 02:00:00,0.0,0.0
2024-11-19 03:00:00,0.0,0.0
2024-11-19 04:00:00,0.0,0.0
2024-11-19 05:00:00,0.0,0.0
2024-11-19 06:00:00,0.0,0.0
2024-11-19 07:00:00,0.0,0.0
2024-11-19 08:00:00,0.0,0.0
2024-11-19 09:00:00,0.0,0.0
2024-11-19 10:00:00,0.14733182319472216,0.14733182319472216
2024-11-19 11:00:00,0.5622463601033445,0.5622463601033445
2024-11-19 12:00:00,1.3451865736740516,1.3451865736740516
2024-11-19 13:00:00,1.817984274276651,1.817984274276651
2024-11-19 14:00:00,2.733747788687588,2.733747788687588
2024-11-19 15:00:00,3.7201760610669146,3.7201760610669146
2024-11-19 16:00:00,4.131949502664896,4.131949502664896
2024-11-19 17:00:00,4.2413441796819455,4.2413441796819455
2024-11-19 18:00:00,4.715204114905109,4.715204114905109
2024-11-19 19:00:00,4.364546387772842,4.364546387772842
2024-11-19 20:00:00,4.413720914949856,4.413720914949856
2024-11-19 21:00:00,3.7690134422572377,3.7690134422572377
2024-11-19 22:00:00,0.0,0.0
2024-11-19 23:00:00,0.0,0.0
2024-11-20 00:00:00,0.0,0.0
2024-11-20 01:00:00,0.0,0.0
2024-11-20 02:00:00,0.0,0.0
2024-11-20 03:00:00,0.0,0.0
2024-11-20 04:00:00,0.0,0.0
2024-11-20 05:00:00,0.0,0.0
2024-11-20 06:00:00,0.0,0.0
2024-11-20 07:00:00,0.0,0.0
2024-11-20 08:00:00,0.0,0.0
2024-11-20 09:00:00,0.0,0.0
2024-11-20 10:00:00,0.15119741978027743,0.15119741978027743
2024-11-20 11:00:00,0.6860467994999219,0.6860467994999219
2024-11-20 12:00:00,1.070428534582353,1.070428534582353
2024-11-20 13:00:00,1.9079236284658732,1.9079236284658732
2024-11-20 14:00:00,2.9184803871475395,2.9184803871475395
2024-11-20 15:00:00,2.947992814044703,2.947992814044703
2024-11-20 16:00:00,4.172641250076456,4.172641250076456
2024-11-20 17:00:00,5.18713757819512,5.18713757819512
2024-11-20 18:00:00,4.037796440295256,4.037796440295256
2024-11-20 19:00:00,3.6688735821546623,3.6688735821546623
2024-11-20 20:00:00,3.7554095917281947,3.7554095917281947
2024-11-20 21:00:00,4.419811259541774,4.419811259541774
2024-11-20 22:00:00,0.0,0.0
2024-11-20 23:00:00,0.0,0.0
2024-11-21 00:00:00,0.0,0.0
2024-11-21 01:00:00,0.0,0.0
2024-11-21 02:00:00,0.0,0.0
2024-11-21 03:00:00,0.0,0.0
2024-11-21 04:00:00,0.0,0.0
2024-11-21 05:00:00,0.0,0.0
2024-11-21 06:00:00,0.0,0.0
2024-11-21 07:00:00,0.0,0.0
2024-11-21 08:00:00,0.0,0.0
2024-11-21 09:00:00,0.0,0.0
2024-11-21 10:00:00,0.14386599028189523,0.14386599028189523
2024-11-21 11:00:00,0.5572989435340682,0.5572989435340682
2024-11-21 12:00:00,1.4580242772812615,1.4580242772812615
2024-11-21 13:00:00,2.1977140694111568,2.1977140694111568
2024-11-21 14:00:00,3.0212368287840445,3.0212368287840445
2024-11-21 15:00:00,3.1869217216621624,3.1869217216621624
2024-11-21 16:00:00,3.8061852529254323,3.8061852529254323
2024-11-21 17:00:00,5.632387170027164,5.632387170027164
2024-11-21 18:00:00,4.156720442276642,4.156720442276642
2024-11-21 19:00:00,3.9854205718821376,3.9854205718821376
2024-11-21 20:00:00,4.572562831680146,4.572562831680146
2024-11-21 21:00:00,4.972724355861433,4.972724355861433
2024-11-21 22:00:00,0.0,0.0
2024-11-21 23:00:00,0.0,0.0
2024-11-22 00:00:00,0.0,0.0
2024-11-22 01:00:00,0.0,0.0
2024-11-22 02:00:00,0.0,0.0
2024-11-22 03:00:00,0.0,0.0
2024-11-22 04:00:00,0.0,0.0
2024-11-22 05:00:00,0.0,0.0
2024-11-22 06:00:00,0.0,0.0
2024-11-22 07:00:00,0.0,0.0
2024-11-22 08:00:00,0.0,0.0
2024-11-22 09:00:00,0.0,0.0
2024-11-22 10:00:00,0.16713697464064498,0.16713697464064498
2024-11-22 11:00:00,0.569975439030355,0.569975439030355
2024-11-22 12:00:00,1.2118019591119933,1.2118019591119933
2024-11-22 13:00:00,1.9040222338464114,1.9040222338464114
2024-11-22 14:00:00,2.995178759426732,2.995178759426732
2024-11-22 15:00:00,3.269348029769791,3.269348029769791
2024-11-22 16:00:00,4.176241439529879,4.176241439529879
2024-11-22 17:00:00,4.52869631300045,4.52869631300045
2024-11-22 18:00:00,4.608321197893243,4.608321197893243
2024-11-22 19:00:00,3.8835504708503494,3.8835504708503494
2024-11-22 20:00:00,4.284652645319254,4.284652645319254
2024-11-22 21:00:00,4.386837341926274,4.386837341926274
2024-11-22 22:00:00,0.0,0.0
2024-11-22 23:00:00,0.0,0.0
2024-11-23 00:00:00,0.0,0.0
2024-11-23 01:00:00,0.0,0.0
2024-11-23 02:00:00,0.0,0.0
2024-11-23 03:00:00,0.0,0.0
2024-11-23 04:00:00,0.0,0.0
2024-11-23 05:00:00,0.0,0.0
2024-11-23 06:00:00,0.0,0.0
2024-11-23 07:00:00,0.0,0.0
2024-11-23 08:00:00,0.0,0.0
2024-11-23 09:00:00,0.0,0.0
2024-11-23 10:00:00,0.10469462873787475,0.10469462873787475
2024-11-23 11:00:00,0.45512362438672804,0.45512362438672804
2024-11-23 12:00:00,0.738542628841926,0.738542628841926
2024-11-23 13:00:00,1.1855794791093732,1.1855794791093732
2024-11-23 14:00:00,1.7988444647732953,1.7988444647732953
2024-11-23 15:00:00,2.357306977861641,2.357306977861641
2024-11-23 16:00:00,3.0470102099256136,3.0470102099256136
2024-11-23 17:00:00,3.525301912295605,3.525301912295605
2024-11-23 18:00:00,3.5496700254193305,3.5496700254193305
2024-11-23 19:00:00,3.1253887883829687,3.1253887883829687
2024-11-23 20:00:00,2.967882393328178,2.967882393328178
2024-11-23 21:00:00,3.2096081527604285,3.2096081527604285
2024-11-23 22:00:00,0.0,0.0
2024-11-23 23:00:00,0.0,0.0
2024-11-24 00:00:00,0.0,0.0
2024-11-24 01:00:00,0.0,0.0
2024-11-24 02:00:00,0.0,0.0
2024-11-24 03:00:00,0.0,0.0
2024-11-24 04:00:00,0.0,0.0
2024-11-24 05:00:00,0.0,0.0
2024-11-24 06:00:00,0.0,0.0
2024-11-24 07:00:00,0.0,0.0
2024-11-24 08:00:00,0.0,0.0
2024-11-24 09:00:00,0.0,0.0
2024-11-24 10:00:00,0.08944588018007497,0.08944588018007497
2024-11-24 11:00:00,0.42199277211530317,0.42199277211530317
2024-11-24 12:00:00,0.908867423603119,0.908867423603119
2024-11-24 13:00:00,1.3469357638252704,1.3469357638252704
2024-11-24 14:00:00,2.068235500074097,2.068235500074097
2024-11-24 15:00:00,2.044728247132193,2.044728247132193
2024-11-24 16:00:00,2.7038804954229314,2.7038804954229314
2024-11-24 17:00:00,2.7286885096798263,2.7286885096798263
2024-11-24 18:00:00,2.920149261772255,2.920149261772255
2024-11-24 19:00:00,2.2915878122388866,2.2915878122388866
2024-11-24 20:00:00,2.9178907905931415,2.9178907905931415
2024-11-24 21:00:00,3.102288799398388,3.102288799398388
2024-11-24 22:00:00,0.0,0.0
2024-11-24 23:00:00,0.0,0.0
2024-11-25 00:00:00,0.0,0.0
2024-11-25 01:00:00,0.0,0.0
2024-11-25 02:00:00,0.0,0.0
2024-11-25 03:00:00,0.0,0.0
2024-11-25 04:00:00,0.0,0.0
2024-11-25 05:00:00,0.0,0.0
2024-11-25 06:00:00,0.0,0.0
2024-11-25 07:00:00,0.0,0.0
2024-11-25 08:00:00,0.0,0.0
2024-11-25 09:00:00,0.0,0.0
2024-11-25 10:00:00,0.16511355526724394,0.16511355526724394
2024-11-25 11:00:00,0.583100668686326,0.583100668686326
2024-11-25 12:00:00,1.3260943678245838,1.3260943678245838
2024-11-25 13:00:00,2.111264666834538,2.111264666834538
2024-11-25 14:00:00,2.6434626856322883,2.6434626856322883
2024-11-25 15:00:00,3.6082177997309826,3.6082177997309826
2024-11-25 16:00:00,3.7471567417371734,3.7471567417371734
2024-11-25 17:00:00,4.1668713043885885,4.1668713043885885
2024-11-25 18:00:00,4.524310338151435,4.524310338151435
2024-11-25 19:00:00,3.882404799072621,3.882404799072621
2024-11-25 20:00:00,4.705335760044225,4.705335760044225
2024-11-25 21:00:00,4.543652075634926,4.543652075634926
2024-11-25 22:00:00,0.0,0.0
2024-11-25 23:00:00,0.0,0.0
2024-11-26 00:00:00,0.0,0.0
2024-11-26 01:00:00,0.0,0.0
2024-11-26 02:00:00,0.0,0.0
2024-11-26 03:00:00,0.0,0.0
2024-11-26 04:00:00,0.0,0.0
2024-11-26 05:00:00,0.0,0.0
2024-11-26 06:00:00,0.0,0.0
2024-11-26 07:00:00,0.0,0.0
2024-11-26 08:00:00,0.0,0.0
2024-11-26 09:00:00,0.0,0.0
2024-11-26 10:00:00,0.14919026440489727,0.14919026440489727
2024-11-26 11:00:00,0.612906743594038,0.612906743594038
2024-11-26 12:00:00,1.1134453825434905,1.1134453825434905
2024-11-26 13:00:00,1.6734029409027007,1.6734029409027007
2024-11-26 14:00:00,3.36220986595192,3.36220986595192
2024-11-26 15:00:00,3.9388390740048522,3.9388390740048522
2024-11-26 16:00:00,4.897284634632965,4.897284634632965
2024-11-26 17:00:00,4.498199306152777,4.498199306152777
2024-11-26 18:00:00,4.983166801224956,4.983166801224956
2024-11-26 19:00:00,4.261662266875794,4.261662266875794
2024-11-26 20:00:00,4.264462389972401,4.264462389972401
2024-11-26 21:00:00,4.237341763426176,4.237341763426176
2024-11-26 22:00:00,0.0,0.0
2024-11-26 23:00:00,0.0,0.0
2024-11-27 00:00:00,0.0,0.0
2024-11-27 01:00:00,0.0,0.0
2024-11-27 02:00:00,0.0,0.0
2024-11-27 03:00:00,0.0,0.0
2024-11-27 04:00:00,0.0,0.0
2024-11-27 05:00:00,0.0,0.0
2024-11-27 06:00:00,0.0,0.0
2024-11-27 07:00:00,0.0,0.0
2024-11-27 08:00:00,0.0,0.0
2024-11-27 09:00:00,0.0,0.0
2024-11-27 10:00:00,0.18880014369810877,0.18880014369810877
2024-11-27 11:00:00,0.6963496031317521,0.6963496031317521
2024-11-27 12:00:00,1.3920483922146827,1.3920483922146827
2024-11-27 13:00:00,1.82599396015795,1.82599396015795
2024-11-27 14:00:00,3.173569816328026,3.173569816328026
2024-11-27 15:00:00,3.484921846400604,3.484921846400604
2024-11-27 16:00:00,4.609588722025227,4.609588722025227
2024-11-27 17:00:00,5.093549253482553,5.093549253482553
2024-11-27 18:00:00,4.230252376864339,4.230252376864339
2024-11-27 19:00:00,4.1659798410255116,4.1659798410255116
2024-11-27 20:00:00,4.322932342544952,4.322932342544952
2024-11-27 21:00:00,4.44112753876167,4.44112753876167
2024-11-27 22:00:00,0.0,0.0
2024-11-27 23:00:00,0.0,0.0
2024-11-28 00:00:00,0.0,0.0
2024-11-28 01:00:00,0.0,0.0
2024-11-28 02:00:00,0.0,0.0
2024-11-28 03:00:00,0.0,0.0
2024-11-28 04:00:00,0.0,0.0
2024-11-28 05:00:00,0.0,0.0
2024-11-28 06:00:00,0.0,0.0
2024-11-28 07:00:00,0.0,0.0
2024-11-28 08:00:00,0.0,0.0
2024-11-28 09:00:00,0.0,0.0
2024-11-28 10:00:00,0.13762941763099212,0.13762941763099212
2024-11-28 11:00:00,0.6175973573615959,0.6175973573615959
2024-11-28 12:00:00,1.0230471069471703,1.0230471069471703
2024-11-28 13:00:00,2.0465981941975553,2.0465981941975553
2024-11-28 14:00:00,2.8234874657368816,2.8234874657368816
2024-11-28 15:00:00,3.2855363272126223,3.2855363272126223
2024-11-28 16:00:00,3.7742813902863204,3.7742813902863204
2024-11-28 17:00:00,4.518766903827377,4.518766903827377
2024-11-28 18:00:00,4.359709252521171,4.359709252521171
2024-11-28 19:00:00,4.486081904837591,4.486081904837591
2024-11-28 20:00:00,3.45537014731862,3.45537014731862
2024-11-28 21:00:00,3.965427472232748,3.965427472232748
2024-11-28 22:00:00,0.0,0.0
2024-11-28 23:00:00,0.0,0.0
2024-11-29 00:00:00,0.0,0.0
2024-11-29 01:00:00,0.0,0.0
2024-11-29 02:00:00,0.0,0.0
2024-11-29 03:00:00,0.0,0.0
2024-11-29 04:00:00,0.0,0.0
2024-11-29 05:00:00,0.0,0.0
2024-11-29 06:00:00,0.0,0.0
2024-11-29 07:00:00,0.0,0.0
2024-11-29 08:00:00,0.0,0.0
2024-11-29 09:00:00,0.0,0.0
2024-11-29 10:00:00,0.13787702009143912,0.13787702009143912
2024-11-29 11:00:00,0.5699865680793043,0.5699865680793043
2024-11-29 12:00:00,1.1515890825084563,1.1515890825084563
2024-11-29 13:00:00,1.677546964763017,1.677546964763017
2024-11-29 14:00:00,2.5461797581383037,2.5461797581383037
2024-11-29 15:00:00,3.7619640761057713,3.7619640761057713
2024-11-29 16:00:00,4.473592259706624,4.473592259706624
2024-11-29 17:00:00,4.450803028694212,4.450803028694212
2024-11-29 18:00:00,4.304571324890275,4.304571324890275
2024-11-29 19:00:00,3.572657005504396,3.572657005504396
2024-11-29 20:00:00,3.972011101981561,3.972011101981561
2024-11-29 21:00:00,3.9559249448323914,3.9559249448323914
2024-11-29 22:00:00,0.0,0.0
2024-11-29 23:00:00,0.0,0.0
2024-11-30 00:00:00,0.0,0.0
2024-11-30 01:00:00,0.0,0.0
2024-11-30 02:00:00,0.0,0.0
2024-11-30 03:00:00,0.0,0.0
2024-11-30 04:00:00,0.0,0.0
2024-11-30 05:00:00,0.0,0.0
2024-11-30 06:00:00,0.0,0.0
2024-11-30 07:00:00,0.0,0.0
2024-11-30 08:00:00,0.0,0.0
2024-11-30 09:00:00,0.0,0.0
2024-11-30 10:00:00,0.0950958739809671,0.0950958739809671
2024-11-30 11:00:00,0.39996617731788026,0.39996617731788026
2024-11-30 12:00:00,0.9404161425370373,0.9404161425370373
2024-11-30 13:00:00,1.367852925766367,1.367852925766367
2024-11-30 14:00:00,1.9973385435072077,1.9973385435072077
2024-11-30 15:00:00,2.2873170892265313,2.2873170892265313
2024-11-30 16:00:00,2.9742295867821014,2.9742295867821014
2024-11-30 17:00:00,3.3636215432200385,3.3636215432200385
2024-11-30 18:00:00,2.7722043671430803,2.7722043671430803
2024-11-30 19:00:00,2.681815886175912,2.681815886175912
2024-11-30 20:00:00,2.8497932472994445,2.8497932472994445
2024-11-30 21:00:00,3.0656819253983056,3.0656819253983056
2024-11-30 22:00:00,0.0,0.0
2024-11-30 23:00:00,0.0,0.0
2024-12-01 00:00:00,0.0,0.0
2024-12-01 01:00:00,0.0,0.0
2024-12-01 02:00:00,0.0,0.0
2024-12-01 03:00:00,0.0,0.0
2024-12-01 04:00:00,0.0,0.0
2024-12-01 05:00:00,0.0,0.0
2024-12-01 06:00:00,0.0,0.0
2024-12-01 07:00:00,0.0,0.0
2024-12-01 08:00:00,0.0,0.0
2024-12-01 09:00:00,0.0,0.0
2024-12-01 10:00:00,0.1237191436183992,0.1237191436183992
2024-12-01 11:00:00,0.40675254678575806,0.40675254678575806
2024-12-01 12:00:00,0.7750958062158407,0.7750958062158407
2024-12-01 13:00:00,1.2454257676957752,1.2454257676957752
2024-12-01 14:00:00,1.8119083884762166,1.8119083884762166
2024-12-01 15:00:00,2.277539127922623,2.277539127922623
2024-12-01 16:00:00,2.616368180214612,2.616368180214612
2024-12-01 17:00:00,2.8921047570054723,2.8921047570054723
2024-12-01 18:00:00,3.219665097094965,3.219665097094965
2024-12-01 19:00:00,2.9842518226875274,2.9842518226875274
2024-12-01 20:00:00,2.995145268393186,2.995145268393186
2024-12-01 21:00:00,2.5828983223831963,2.5828983223831963
2024-12-01 22:00:00,0.0,0.0
2024-12-01 23:00:00,0.0,0.0
2024-12-02 00:00:00,0.0,0.0
2024-12-02 01:00:00,0.0,0.0
2024-12-02 02:00:00,0.0,0.0
2024-12-02 03:00:00,0.0,0.0
2024-12-02 04:00:00,0.0,0.0
2024-12-02 05:00:00,0.0,0.0
2024-12-02 06:00:00,0.0,0.0
2024-12-02 07:00:00,0.0,0.0
2024-12-02 08:00:00,0.0,0.0
2024-12-02 09:00:00,0.0,0.0
2024-12-02 10:00:00,0.17474731332114343,0.17474731332114343
2024-12-02 11:00:00,0.7082276145846258,0.7082276145846258
2024-12-02 12:00:00,1.2390036360260615,1.2390036360260615
2024-12-02 13:00:00,1.7672586979625677,1.7672586979625677
2024-12-02 14:00:00,3.0935130183450155,3.0935130183450155
2024-12-02 15:00:00,3.571677435484105,3.571677435484105
2024-12-02 16:00:00,4.2942527469123775,4.2942527469123775
2024-12-02 17:00:00,4.461644115003402,4.461644115003402
2024-12-02 18:00:00,4.93665183371675,4.93665183371675
2024-12-02 19:00:00,3.8143466117221605,3.8143466117221605
2024-12-02 20:00:00,4.546828679687368,4.546828679687368
2024-12-02 21:00:00,4.809094022246578,4.809094022246578
2024-12-02 22:00:00,0.0,0.0
2024-12-02 23:00:00,0.0,0.0
2024-12-03 00:00:00,0.0,0.0
2024-12-03 01:00:00,0.0,0.0
2024-12-03 02:00:00,0.0,0.0
2024-12-03 03:00:00,0.0,0.0
2024-12-03 04:00:00,0.0,0.0
2024-12-03 05:00:00,0.0,0.0
2024-12-03 06:00:00,0.0,0.0
2024-12-03 07:00:00,0.0,0.0
2024-12-03 08:00:00,0.0,0.0
2024-12-03 09:00:00,0.0,0.0
2024-12-03 10:00:00,0.1631604211259968,0.1631604211259968
2024-12-03 11:00:00,0.5724644871395378,0.5724644871395378
2024-12-03 12:00:00,1.107626067620066,1.107626067620066
2024-12-03 13:00:00,1.868117046335164,1.868117046335164
2024-12-03 14:00:00,2.5492685591693363,2.5492685591693363
2024-12-03 15:00:00,3.051561014125347,3.051561014125347
2024-12-03 16:00:00,4.5006386196695445,4.5006386196695445
2024-12-03 17:00:00,4.73663619498021,4.73663619498021
2024-12-03 18:00:00,4.403222361621342,4.403222361621342
2024-12-03 19:00:00,3.871488854072007,3.871488854072007
2024-12-03 20:00:00,4.244776123451373,4.244776123451373
2024-12-03 21:00:00,4.020391468257057,4.020391468257057
2024-12-03 22:00:00,0.0,0.0
2024-12-03 23:00:00,0.0,0.0
2024-12-04 00:00:00,0.0,0.0
2024-12-04 01:00:00,0.0,0.0
2024-12-04 02:00:00,0.0,0.0
2024-12-04 03:00:00,0.0,0.0
2024-12-04 04:00:00,0.0,0.0
2024-12-04 05:00:00,0.0,0.0
2024-12-04 06:00:00,0.0,0.0
2024-12-04 07:00:00,0.0,0.0
2024-12-04 08:00:00,0.0,0.0
2024-12-04 09:00:00,0.0,0.0
2024-12-04 10:00:00,0.15983502663472635,0.15983502663472635
2024-12-04 11:00:00,0.5379483573891755,0.5379483573891755
2024-12-04 12:00:00,1.2922728896808462,1.2922728896808462
2024-12-04 13:00:00,1.5067802306170446,1.5067802306170446
2024-12-04 14:00:00,2.738557157468635,2.738557157468635
2024-12-04 15:00:00,3.10815642926044,3.10815642926044
2024-12-04 16:00:00,4.350090992800699,4.350090992800699
2024-12-04 17:00:00,3.9911893105124903,3.9911893105124903
2024-12-04 18:00:00,3.7843822285045454,3.7843822285045454
2024-12-04 19:00:00,4.226230882043376,4.226230882043376
2024-12-04 20:00:00,3.662598754836189,3.662598754836189
2024-12-04 21:00:00,3.6854730023298035,3.6854730023298035
2024-12-04 22:00:00,0.0,0.0
2024-12-04 23:00:00,0.0,0.0
2024-12-05 00:00:00,0.0,0.0
2024-12-05 01:00:00,0.0,0.0
2024-12-05 02:00:00,0.0,0.0
2024-12-05 03:00:00,0.0,0.0
2024-12-05 04:00:00,0.0,0.0
2024-12-05 05:00:00,0.0,0.0
2024-12-05 06:00:00,0.0,0.0
2024-12-05 07:00:00,0.0,0.0
2024-12-05 08:00:00,0.0,0.0
2024-12-05 09:00:00,0.0,0.0
2024-12-05 10:00:00,0.15879525629420735,0.15879525629420735
2024-12-05 11:00:00,0.6244561411657242,0.6244561411657242
2024-12-05 12:00:00,1.404322422048083,1.404322422048083
2024-12-05 13:00:00,1.7439207157552044,1.7439207157552044
2024-12-05 14:00:00,2.8237411622694575,2.8237411622694575
2024-12-05 15:00:00,3.3977404145827266,3.3977404145827266
2024-12-05 16:00:00,4.914481965874503,4.914481965874503
2024-12-05 17:00:00,4.69480500508485,4.69480500508485
2024-12-05 18:00:00,4.589667174942164,4.589667174942164
2024-12-05 19:00:00,4.743424638296136,4.743424638296136
2024-12-05 20:00:00,4.4068326295295766,4.4068326295295766
2024-12-05 21:00:00,3.832896808100929,3.832896808100929
2024-12-05 22:00:00,0.0,0.0
2024-12-05 23:00:00,0.0,0.0
2024-12-06 00:00:00,0.0,0.0
2024-12-06 01:00:00,0.0,0.0
2024-12-06 02:00:00,0.0,0.0
2024-12-06 03:00:00,0.0,0.0
2024-12-06 04:00:00,0.0,0.0
2024-12-06 05:00:00,0.0,0.0
2024-12-06 06:00:00,0.0,0.0
2024-12-06 07:00:00,0.0,0.0
2024-12-06 08:00:00,0.0,0.0
2024-12-06 09:00:00,0.0,0.0
2024-12-06 10:00:00,0.1682283126152414,0.1682283126152414
2024-12-06 11:00:00,0.5280118915443177,0.5280118915443177
2024-12-06 12:00:00,1.1624827253176215,1.1624827253176215
2024-12-06 13:00:00,1.7205000354205904,1.7205000354205904
2024-12-06 14:00:00,3.182466697065719,3.182466697065719
2024-12-06 15:00:00,3.51844902287714,3.51844902287714
2024-12-06 16:00:00,4.140989658474303,4.140989658474303
2024-12-06 17:00:00,4.498715961133655,4.498715961133655
2024-12-06 18:00:00,5.073536666896767,5.073536666896767
2024-12-06 19:00:00,3.689236422359739,3.689236422359739
2024-12-06 20:00:00,3.5484671446657465,3.5484671446657465
2024-12-06 21:00:00,4.56073501821368,4.56073501821368
2024-12-06 22:00:00,0.0,0.0
2024-12-06 23:00:00,0.0,0.0
2024-12-07 00:00:00,0.0,0.0
2024-12-07 01:00:00,0.0,0.0
2024-12-07 02:00:00,0.0,0.0
2024-12-07 03:00:00,0.0,0.0
2024-12-07 04:00:00,0.0,0.0
2024-12-07 05:00:00,0.0,0.0
2024-12-07 06:00:00,0.0,0.0
2024-12-07 07:00:00,0.0,0.0
2024-12-07 08:00:00,0.0,0.0
2024-12-07 09:00:00,0.0,0.0
2024-12-07 10:00:00,0.12156235633472477,0.12156235633472477
2024-12-07 11:00:00,0.39942968994241296,0.39942968994241296
2024-12-07 12:00:00,0.7212869445645153,0.7212869445645153
2024-12-07 13:00:00,1.14193884658316,1.14193884658316
2024-12-07 14:00:00,1.8296722925678,1.8296722925678
2024-12-07 15:00:00,1.9965174692880632,1.9965174692880632
2024-12-07 16:00:00,3.0261747449057963,3.0261747449057963
2024-12-07 17:00:00,2.663704789855823,2.663704789855823
2024-12-07 18:00:00,3.0001187861827807,3.0001187861827807
2024-12-07 19:00:00,3.0469483986511467,3.0469483986511467
2024-12-07 20:00:00,2.426898131333236,2.426898131333236
2024-12-07 21:00:00,2.8438403815017725,2.8438403815017725
2024-12-07 22:00:00,0.0,0.0
2024-12-07 23:00:00,0.0,0.0
2024-12-08 00:00:00,0.0,0.0
2024-12-08 01:00:00,0.0,0.0
2024-12-08 02:00:00,0.0,0.0
2024-12-08 03:00:00,0.0,0.0
2024-12-08 04:00:00,0.0,0.0
2024-12-08 05:00:00,0.0,0.0
2024-12-08 06:00:00,0.0,0.0
2024-12-08 07:00:00,0.0,0.0
2024-12-08 08:00:00,0.0,0.0
2024-12-08 09:00:00,0.0,0.0
2024-12-08 10:00:00,0.11389332946849288,0.11389332946849288
2024-12-08 11:00:00,0.43212834919220333,0.43212834919220333
2024-12-08 12:00:00,0.7399539061281704,0.7399539061281704
2024-12-08 13:00:00,1.4128904230720634,1.4128904230720634
2024-12-08 14:00:00,2.0408732500796223,2.0408732500796223
2024-12-08 15:00:00,2.4507231909818112,2.4507231909818112
2024-12-08 16:00:00,3.1798150503742337,3.1798150503742337
2024-12-08 17:00:00,3.2307795445396383,3.2307795445396383
2024-12-08 18:00:00,3.5914258433313013,3.5914258433313013
2024-12-08 19:00:00,2.4713638539685876,2.4713638539685876
2024-12-08 20:00:00,2.3872196129347185,2.3872196129347185
2024-12-08 21:00:00,2.69939527445572,2.69939527445572
2024-12-08 22:00:00,0.0,0.0
2024-12-08 23:00:00,0.0,0.0
2024-12-09 00:00:00,0.0,0.0
2024-12-09 01:00:00,0.0,0.0
2024-12-09 02:00:00,0.0,0.0
2024-12-09 03:00:00,0.0,0.0
2024-12-09 04:00:00,0.0,0.0
2024-12-09 05:00:00,0.0,0.0
2024-12-09 06:00:00,0.0,0.0
2024-12-09 07:00:00,0.0,0.0
2024-12-09 08:00:00,0.0,0.0
2024-12-09 09:00:00,0.0,0.0
2024-12-09 10:00:00,0.13911433420922598,0.13911433420922598
2024-12-09 11:00:00,0.49514039937416837,0.49514039937416837
2024-12-09 12:00:00,1.2356312654306896,1.2356312654306896
2024-12-09 13:00:00,1.5432486785798079,1.5432486785798079
2024-12-09 14:00:00,2.6958363863329255,2.6958363863329255
2024-12-09 15:00:00,3.304286290631674,3.304286290631674
2024-12-09 16:00:00,3.7549611803547953,3.7549611803547953
2024-12-09 17:00:00,4.275438520372467,4.275438520372467
2024-12-09 18:00:00,4.895432306811071,4.895432306811071
2024-12-09 19:00:00,4.378120956477258,4.378120956477258
2024-12-09 20:00:00,4.335641694409865,4.335641694409865
2024-12-09 21:00:00,4.267957396037848,4.267957396037848
2024-12-09 22:00:00,0.0,0.0
2024-12-09 23:00:00,0.0,0.0
2024-12-10 00:00:00,0.0,0.0
2024-12-10 01:00:00,0.0,0.0
2024-12-10 02:00:00,0.0,0.0
2024-12-10 03:00:00,0.0,0.0
2024-12-10 04:00:00,0.0,0.0
2024-12-10 05:00:00,0.0,0.0
2024-12-10 06:00:00,0.0,0.0
2024-12-10 07:00:00,0.0,0.0
2024-12-10 08:00:00,0.0,0.0
2024-12-10 09:00:00,0.0,0.0
2024-12-10 10:00:00,0.1550559450804325,0.1550559450804325
2024-12-10 11:00:00,0.5272186866902956,0.5272186866902956
2024-12-10 12:00:00,1.1664931008449637,1.1664931008449637
2024-12-10 13:00:00,1.7001124649828099,1.7001124649828099
2024-12-10 14:00:00,2.4565237351552667,2.4565237351552667
2024-12-10 15:00:00,3.0590559550953778,3.0590559550953778
2024-12-10 16:00:00,4.150448538797661,4.150448538797661
2024-12-10 17:00:00,4.294650233119542,4.294650233119542
2024-12-10 18:00:00,4.061172115546392,4.061172115546392
2024-12-10 19:00:00,4.018618062226643,4.018618062226643
2024-12-10 20:00:00,3.6534932506062057,3.6534932506062057
2024-12-10 21:00:00,3.628739068158559,3.628739068158559
2024-12-10 22:00:00,0.0,0.0
2024-12-10 23:00:00,0.0,0.0
2024-12-11 00:00:00,0.0,0.0
2024-12-11 01:00:00,0.0,0.0
2024-12-11 02:00:00,0.0,0.0
2024-12-11 03:00:00,0.0,0.0
2024-12-11 04:00:00,0.0,0.0
2024-12-11 05:00:00,0.0,0.0
2024-12-11 06:00:00,0.0,0.0
2024-12-11 07:00:00,0.0,0.0
2024-12-11 08:00:00,0.0,0.0
2024-12-11 09:00:00,0.0,0.0
2024-12-11 10:00:00,0.16613165811250516,0.16613165811250516
2024-12-11 11:00:00,0.6376570449344681,0.6376570449344681
2024-12-11 12:00:00,1.2884474087130093,1.2884474087130093
2024-12-11 13:00:00,1.9026687651362861,1.9026687651362861
2024-12-11 14:00:00,3.0538146264031187,3.0538146264031187
2024-12-11 15:00:00,3.042564427004799,3.042564427004799
2024-12-11 16:00:00,4.516965178937416,4.516965178937416
2024-12-11 17:00:00,4.93336405205657,4.93336405205657
2024-12-11 18:00:00,4.7734201587773315,4.7734201587773315
2024-12-11 19:00:00,4.10542391199721,4.10542391199721
2024-12-11 20:00:00,4.5005118087762925,4.5005118087762925
2024-12-11 21:00:00,4.3839883457510425,4.3839883457510425
2024-12-11 22:00:00,0.0,0.0
2024-12-11 23:00:00,0.0,0.0
2024-12-12 00:00:00,0.0,0.0
2024-12-12 01:00:00,0.0,0.0
2024-12-12 02:00:00,0.0,0.0
2024-12-12 03:00:00,0.0,0.0
2024-12-12 04:00:00,0.0,0.0
2024-12-12 05:00:00,0.0,0.0
2024-12-12 06:00:00,0.0,0.0
2024-12-12 07:00:00,0.0,0.0
2024-12-12 08:00:00,0.0,0.0
2024-12-12 09:00:00,0.0,0.0
2024-12-12 10:00:00,0.13091951240684047,0.13091951240684047
2024-12-12 11:00:00,0.624897148598711,0.624897148598711
2024-12-12 12:00:00,1.1381340277906669,1.1381340277906669
2024-12-12 13:00:00,1.6811076683709334,1.6811076683709334
2024-12-12 14:00:00,2.7885116683725926,2.7885116683725926
2024-12-12 15:00:00,2.8504424699325837,2.8504424699325837
2024-12-12 16:00:00,4.316126259913128,4.316126259913128
2024-12-12 17:00:00,3.839997873338208,3.839997873338208
2024-12-12 18:00:00,4.642356367737757,4.642356367737757
2024-12-12 19:00:00,4.26464429160514,4.26464429160514
2024-12-12 20:00:00,3.738251997817948,3.738251997817948
2024-12-12 21:00:00,4.230514366442533,4.230514366442533
2024-12-12 22:00:00,0.0,0.0
2024-12-12 23:00:00,0.0,0.0
2024-12-13 00:00:00,0.0,0.0
2024-12-13 01:00:00,0.0,0.0
2024-12-13 02:00:00,0.0,0.0
2024-12-13 03:00:00,0.0,0.0
2024-12-13 04:00:00,0.0,0.0
2024-12-13 05:00:00,0.0,0.0
2024-12-13 06:00:00,0.0,0.0
2024-12-13 07:00:00,0.0,0.0
2024-12-13 08:00:00,0.0,0.0
2024-12-13 09:00:00,0.0,0.0
2024-12-13 10:00:00,0.17555078054963769,0.17555078054963769
2024-12-13 11:00:00,0.6746313180743193,0.6746313180743193
2024-12-13 12:00:00,1.1888273134506078,1.1888273134506078
2024-12-13 13:00:00,1.6921806423808956,1.6921806423808956
2024-12-13 14:00:00,2.8507260545976507,2.8507260545976507
2024-12-13 15:00:00,3.202147493141187,3.202147493141187
2024-12-13 16:00:00,3.4955333637382466,3.4955333637382466
2024-12-13 17:00:00,5.187181695972661,5.187181695972661
2024-12-13 18:00:00,4.246340517933825,4.246340517933825
2024-12-13 19:00:00,3.8496841682272267,3.8496841682272267
2024-12-13 20:00:00,3.9927720530318087,3.9927720530318087
2024-12-13 21:00:00,4.493582946317246,4.493582946317246
2024-12-13 22:00:00,0.0,0.0
2024-12-13 23:00:00,0.0,0.0
2024-12-14 00:00:00,0.0,0.0
2024-12-14 01:00:00,0.0,0.0
2024-12-14 02:00:00,0.0,0.0
2024-12-14 03:00:00,0.0,0.0
2024-12-14 04:00:00,0.0,0.0
2024-12-14 05:00:00,0.0,0.0
2024-12-14 06:00:00,0.0,0.0
2024-12-14 07:00:00,0.0,0.0
2024-12-14 08:00:00,0.0,0.0
2024-12-14 09:00:00,0.0,0.0
2024-12-14 10:00:00,0.10644733223448824,0.10644733223448824
2024-12-14 11:00:00,0.44399237962735305,0.44399237962735305
2024-12-14 12:00:00,0.8018124733213092,0.8018124733213092
2024-12-14 13:00:00,1.2925053469993988,1.2925053469993988
2024-12-14 14:00:00,2.0137099166742116,2.0137099166742116
2024-12-14 15:00:00,2.0391232898531015,2.0391232898531015
2024-12-14 16:00:00,3.0198145039251907,3.0198145039251907
2024-12-14 17:00:00,3.8598300064439353,3.8598300064439353
2024-12-14 18:00:00,3.236029186940406,3.236029186940406
2024-12-14 19:00:00,2.749760331172594,2.749760331172594
2024-12-14 20:00:00,2.7357008079202503,2.7357008079202503
2024-12-14 21:00:00,3.0104455589178807,3.0104455589178807
2024-12-14 22:00:00,0.0,0.0
2024-12-14 23:00:00,0.0,0.0
2024-12-15 00:00:00,0.0,0.0
2024-12-15 01:00:00,0.0,0.0
2024-12-15 02:00:00,0.0,0.0
2024-12-15 03:00:00,0.0,0.0
2024-12-15 04:00:00,0.0,0.0
2024-12-15 05:00:00,0.0,0.0
2024-12-15 06:00:00,0.0,0.0
2024-12-15 07:00:00,0.0,0.0
2024-12-15 08:00:00,0.0,0.0
2024-12-15 09:00:00,0.0,0.0
2024-12-15 10:00:00,0.12654330050059912,0.12654330050059912
2024-12-15 11:00:00,0.43705448521872414,0.43705448521872414
2024-12-15 12:00:00,0.9283228698983725,0.9283228698983725
2024-12-15 13:00:00,1.3909028361283213,1.3909028361283213
2024-12-15 14:00:00,2.2460399517720497,2.2460399517720497
2024-12-15 15:00:00,2.477545231119664,2.477545231119664
2024-12-15 16:00:00,2.5413603820213306,2.5413603820213306
2024-12-15 17:00:00,3.2155646422018,3.2155646422018
2024-12-15 18:00:00,3.724934113437565,3.724934113437565
2024-12-15 19:00:00,2.8754197629734763,2.8754197629734763
2024-12-15 20:00:00,3.210999188507014,3.210999188507014
2024-12-15 21:00:00,3.292904645552272,3.292904645552272
2024-12-15 22:00:00,0.0,0.0
2024-12-15 23:00:00,0.0,0.0
2024-12-16 00:00:00,0.0,0.0
2024-12-16 01:00:00,0.0,0.0
2024-12-16 02:00:00,0.0,0.0
2024-12-16 03:00:00,0.0,0.0
2024-12-16 04:00:00,0.0,0.0
2024-12-16 05:00:00,0.0,0.0
2024-12-16 06:00:00,0.0,0.0
2024-12-16 07:00:00,0.0,0.0
2024-12-16 08:00:00,0.0,0.0
2024-12-16 09:00:00,0.0,0.0
2024-12-16 10:00:00,0.15645563923957367,0.15645563923957367
2024-12-16 11:00:00,0.5365724718497368,0.5365724718497368
2024-12-16 12:00:00,1.3109552880851183,1.3109552880851183
2024-12-16 13:00:00,1.6194993964886002,1.6194993964886002
2024-12-16 14:00:00,2.7819351004009465,2.7819351004009465
2024-12-16 15:00:00,3.575305553025634,3.575305553025634
2024-12-16 16:00:00,4.105239563027403,4.105239563027403
2024-12-16 17:00:00,4.89887540628313,4.89887540628313
2024-12-16 18:00:00,4.146683742102332,4.146683742102332
2024-12-16 19:00:00,3.9217905009686898,3.9217905009686898
2024-12-16 20:00:00,4.2492417082145995,4.2492417082145995
2024-12-16 21:00:00,4.522875975291156,4.522875975291156
2024-12-16 22:00:00,0.0,0.0
2024-12-16 23:00:00,0.0,0.0
2024-12-17 00:00:00,0.0,0.0
2024-12-17 01:00:00,0.0,0.0
2024-12-17 02:00:00,0.0,0.0
2024-12-17 03:00:00,0.0,0.0
2024-12-17 04:00:00,0.0,0.0
2024-12-17 05:00:00,0.0,0.0
2024-12-17 06:00:00,0.0,0.0
2024-12-17 07:00:00,0.0,0.0
2024-12-17 08:00:00,0.0,0.0
2024-12-17 09:00:00,0.0,0.0
2024-12-17 10:00:00,0.16886029765241314,0.16886029765241314
2024-12-17 11:00:00,0.6278058081869919,0.6278058081869919
2024-12-17 12:00:00,1.2153690838352698,1.2153690838352698
2024-12-17 13:00:00,1.9945679192270032,1.9945679192270032
2024-12-17 14:00:00,2.4192747671686528,2.4192747671686528
2024-12-17 15:00:00,3.4227077817070137,3.4227077817070137
2024-12-17 16:00:00,3.712202227920438,3.712202227920438
2024-12-17 17:00:00,3.7205782804183882,3.7205782804183882
2024-12-17 18:00:00,3.683820568887444,3.683820568887444
2024-12-17 19:00:00,3.442336435216707,3.442336435216707
2024-12-17 20:00:00,4.123691748552841,4.123691748552841
2024-12-17 21:00:00,4.318193320467061,4.318193320467061
2024-12-17 22:00:00,0.0,0.0
2024-12-17 23:00:00,0.0,0.0
2024-12-18 00:00:00,0.0,0.0
2024-12-18 01:00:00,0.0,0.0
2024-12-18 02:00:00,0.0,0.0
2024-12-18 03:00:00,0.0,0.0
2024-12-18 04:00:00,0.0,0.0
2024-12-18 05:00:00,0.0,0.0
2024-12-18 06:00:00,0.0,0.0
2024-12-18 07:00:00,0.0,0.0
2024-12-18 08:00:00,0.0,0.0
2024-12-18 09:00:00,0.0,0.0
2024-12-18 10:00:00,0.1868382587560345,0.1868382587560345
2024-12-18 11:00:00,0.6307780976616321,0.6307780976616321
2024-12-18 12:00:00,1.4105382218765283,1.4105382218765283
2024-12-18 13:00:00,2.050974307209747,2.050974307209747
2024-12-18 14:00:00,2.7424875203189405,2.7424875203189405
2024-12-18 15:00:00,3.5604683448976004,3.5604683448976004
2024-12-18 16:00:00,4.1398213298892435,4.1398213298892435
2024-12-18 17:00:00,5.194413346478924,5.194413346478924
2024-12-18 18:00:00,4.533460251470713,4.533460251470713
2024-12-18 19:00:00,3.9903364795381218,3.9903364795381218
2024-12-18 20:00:00,4.878505704417847,4.878505704417847
2024-12-18 21:00:00,4.9001054777553055,4.9001054777553055
2024-12-18 22:00:00,0.0,0.0
2024-12-18 23:00:00,0.0,0.0
2024-12-19 00:00:00,0.0,0.0
2024-12-19 01:00:00,0.0,0.0
2024-12-19 02:00:00,0.0,0.0
2024-12-19 03:00:00,0.0,0.0
2024-12-19 04:00:00,0.0,0.0
2024-12-19 05:00:00,0.0,0.0
2024-12-19 06:00:00,0.0,0.0
2024-12-19 07:00:00,0.0,0.0
2024-12-19 08:00:00,0.0,0.0
2024-12-19 09:00:00,0.0,0.0
2024-12-19 10:00:00,0.19555828744644563,0.19555828744644563
2024-12-19 11:00:00,0.6078613437471929,0.6078613437471929
2024-12-19 12:00:00,1.3351313945282286,1.3351313945282286
2024-12-19 13:00:00,2.212287849589828,2.212287849589828
2024-12-19 14:00:00,2.7848584568181436,2.7848584568181436
2024-12-19 15:00:00,3.7457082759104963,3.7457082759104963
2024-12-19 16:00:00,4.595137651799447,4.595137651799447
2024-12-19 17:00:00,5.237897909686689,5.237897909686689
2024-12-19 18:00:00,5.302169175574873,5.302169175574873
2024-12-19 19:00:00,4.374498618831639,4.374498618831639
2024-12-19 20:00:00,4.218062255991041,4.218062255991041
2024-12-19 21:00:00,4.121281333981291,4.121281333981291
2024-12-19 22:00:00,0.0,0.0
2024-12-19 23:00:00,0.0,0.0
2024-12-20 00:00:00,0.0,0.0
2024-12-20 01:00:00,0.0,0.0
2024-12-20 02:00:00,0.0,0.0
2024-12-20 03:00:00,0.0,0.0
2024-12-20 04:00:00,0.0,0.0
2024-12-20 05:00:00,0.0,0.0
2024-12-20 06:00:00,0.0,0.0
2024-12-20 07:00:00,0.0,0.0
2024-12-20 08:00:00,0.0,0.0
2024-12-20 09:00:00,0.0,0.0
2024-12-20 10:00:00,0.14560751970885039,0.14560751970885039
2024-12-20 11:00:00,0.5988890118872432,0.5988890118872432
2024-12-20 12:00:00,1.0689114251392242,1.0689114251392242
2024-12-20 13:00:00,1.7834977298222647,1.7834977298222647
2024-12-20 14:00:00,2.7987341953479867,2.7987341953479867
2024-12-20 15:00:00,3.383999821490748,3.383999821490748
2024-12-20 16:00:00,3.500751017947513,3.500751017947513
2024-12-20 17:00:00,4.944962646600192,4.944962646600192
2024-12-20 18:00:00,4.352182670369797,4.352182670369797
2024-12-20 19:00:00,4.00521820269069,4.00521820269069
2024-12-20 20:00:00,4.433274323229584,4.433274323229584
2024-12-20 21:00:00,3.5762442714349794,3.5762442714349794
2024-12-20 22:00:00,0.0,0.0
2024-12-20 23:00:00,0.0,0.0
2024-12-21 00:00:00,0.0,0.0
2024-12-21 01:00:00,0.0,0.0
2024-12-21 02:00:00,0.0,0.0
2024-12-21 03:00:00,0.0,0.0
2024-12-21 04:00:00,0.0,0.0
2024-12-21 05:00:00,0.0,0.0
2024-12-21 06:00:00,0.0,0.0
2024-12-21 07:00:00,0.0,0.0
2024-12-21 08:00:00,0.0,0.0
2024-12-21 09:00:00,0.0,0.0
2024-12-21 10:00:00,0.11033210321204681,0.11033210321204681
2024-12-21 11:00:00,0.4581954447231064,0.4581954447231064
2024-12-21 12:00:00,0.8185769684947659,0.8185769684947659
2024-12-21 13:00:00,1.3960965888201666,1.3960965888201666
2024-12-21 14:00:00,1.8938843025748289,1.8938843025748289
2024-12-21 15:00:00,2.682450324865515,2.682450324865515
2024-12-21 16:00:00,2.999716021644382,2.999716021644382
2024-12-21 17:00:00,3.3005250125122805,3.3005250125122805
2024-12-21 18:00:00,3.9674980407579272,3.9674980407579272
2024-12-21 19:00:00,3.3658778900432322,3.3658778900432322
2024-12-21 20:00:00,3.117932156506529,3.117932156506529
2024-12-21 21:00:00,3.5268019281884215,3.5268019281884215
2024-12-21 22:00:00,0.0,0.0
2024-12-21 23:00:00,0.0,0.0
2024-12-22 00:00:00,0.0,0.0
2024-12-22 01:00:00,0.0,0.0
2024-12-22 02:00:00,0.0,0.0
2024-12-22 03:00:00,0.0,0.0
2024-12-22 04:00:00,0.0,0.0
2024-12-22 05:00:00,0.0,0.0
2024-12-22 06:00:00,0.0,0.0
2024-12-22 07:00:00,0.0,0.0
2024-12-22 08:00:00,0.0,0.0
2024-12-22 09:00:00,0.0,0.0
2024-12-22 10:00:00,0.11635390144999523,0.11635390144999523
2024-12-22 11:00:00,0.4825361572881334,0.4825361572881334
2024-12-22 12:00:00,0.9231413979135028,0.9231413979135028
2024-12-22 13:00:00,1.4901675831780508,1.4901675831780508
2024-12-22 14:00:00,1.8399897449051985,1.8399897449051985
2024-12-22 15:00:00,2.321937648185153,2.321937648185153
2024-12-22 16:00:00,3.5327254005790794,3.5327254005790794
2024-12-22 17:00:00,3.3850126717190823,3.3850126717190823
2024-12-22 18:00:00,3.140448311688276,3.140448311688276
2024-12-22 19:00:00,3.484614079483903,3.484614079483903
2024-12-22 20:00:00,2.960770825284627,2.960770825284627
2024-12-22 21:00:00,3.065456941362779,3.065456941362779
2024-12-22 22:00:00,0.0,0.0
2024-12-22 23:00:00,0.0,0.0
2024-12-23 00:00:00,0.0,0.0
2024-12-23 01:00:00,0.0,0.0
2024-12-23 02:00:00,0.0,0.0
2024-12-23 03:00:00,0.0,0.0
2024-12-23 04:00:00,0.0,0.0
2024-12-23 05:00:00,0.0,0.0
2024-12-23 06:00:00,0.0,0.0
2024-12-23 07:00:00,0.0,0.0
2024-12-23 08:00:00,0.0,0.0
2024-12-23 09:00:00,0.0,0.0
2024-12-23 10:00:00,0.16378041625242998,0.16378041625242998
2024-12-23 11:00:00,0.640279832873333,0.640279832873333
2024-12-23 12:00:00,1.2144916302972644,1.2144916302972644
2024-12-23 13:00:00,1.5870261385222495,1.5870261385222495
2024-12-23 14:00:00,2.9127538949823175,2.9127538949823175
2024-12-23 15:00:00,3.4501533326291924,3.4501533326291924
2024-12-23 16:00:00,3.752130534192685,3.752130534192685
2024-12-23 17:00:00,4.376977610892697,4.376977610892697
2024-12-23 18:00:00,3.906654610902182,3.906654610902182
2024-12-23 19:00:00,3.6221789608890913,3.6221789608890913
2024-12-23 20:00:00,4.282208007537775,4.282208007537775
2024-12-23 21:00:00,3.4273507513267205,3.4273507513267205
2024-12-23 22:00:00,0.0,0.0
2024-12-23 23:00:00,0.0,0.0
2024-12-24 00:00:00,0.0,0.0
2024-12-24 01:00:00,0.0,0.0
2024-12-24 02:00:00,0.0,0.0
2024-12-24 03:00:00,0.0,0.0
2024-12-24 04:00:00,0.0,0.0
2024-12-24 05:00:00,0.0,0.0
2024-12-24 06:00:00,0.0,0.0
2024-12-24 07:00:00,0.0,0.0
2024-12-24 08:00:00,0.0,0.0
2024-12-24 09:00:00,0.0,0.0
2024-12-24 10:00:00,0.1355327281922458,0.1355327281922458
2024-12-24 11:00:00,0.6467083115906707,0.6467083115906707
2024-12-24 12:00:00,1.07332738515735,1.07332738515735
2024-12-24 13:00:00,1.8639820127486262,1.8639820127486262
2024-12-24 14:00:00,2.5420669172377757,2.5420669172377757
2024-12-24 15:00:00,3.373303125012251,3.373303125012251
2024-12-24 16:00:00,4.176995729840251,4.176995729840251
2024-12-24 17:00:00,4.476486832191846,4.476486832191846
2024-12-24 18:00:00,4.492848905644019,4.492848905644019
2024-12-24 19:00:00,3.597064549467607,3.597064549467607
2024-12-24 20:00:00,3.3616441970633653,3.3616441970633653
2024-12-24 21:00:00,4.339593825110875,4.339593825110875
2024-12-24 22:00:00,0.0,0.0
2024-12-24 23:00:00,0.0,0.0
2024-12-25 00:00:00,0.0,0.0
2024-12-25 01:00:00,0.0,0.0
2024-12-25 02:00:00,0.0,0.0
2024-12-25 03:00:00,0.0,0.0
2024-12-25 04:00:00,0.0,0.0
2024-12-25 05:00:00,0.0,0.0
2024-12-25 06:00:00,0.0,0.0
2024-12-25 07:00:00,0.0,0.0
2024-12-25 08:00:00,0.0,0.0
2024-12-25 09:00:00,0.0,0.0
2024-12-25 10:00:00,0.18793557867975594,0.18793557867975594
2024-12-25 11:00:00,0.7111099257842823,0.7111099257842823
2024-12-25 12:00:00,1.3927647772018608,1.3927647772018608
2024-12-25 13:00:00,2.171415377586271,2.171415377586271
2024-12-25 14:00:00,2.8875675713814513,2.8875675713814513
2024-12-25 15:00:00,3.6853871741612925,3.6853871741612925
2024-12-25 16:00:00,4.562764739000941,4.562764739000941
2024-12-25 17:00:00,5.553814935897563,5.553814935897563
2024-12-25 18:00:00,4.910811965631751,4.910811965631751
2024-12-25 19:00:00,4.167416715701504,4.167416715701504
2024-12-25 20:00:00,4.696072857608303,4.696072857608303
2024-12-25 21:00:00,4.649286308621416,4.649286308621416
2024-12-25 22:00:00,0.0,0.0
2024-12-25 23:00:00,0.0,0.0
2024-12-26 00:00:00,0.0,0.0
2024-12-26 01:00:00,0.0,0.0
2024-12-26 02:00:00,0.0,0.0
2024-12-26 03:00:00,0.0,0.0
2024-12-26 04:00:00,0.0,0.0
2024-12-26 05:00:00,0.0,0.0
2024-12-26 06:00:00,0.0,0.0
2024-12-26 07:00:00,0.0,0.0
2024-12-26 08:00:00,0.0,0.0
2024-12-26 09:00:00,0.0,0.0
2024-12-26 10:00:00,0.15818586168039894,0.15818586168039894
2024-12-26 11:00:00,0.6099029838869966,0.6099029838869966
2024-12-26 12:00:00,1.4246844598587114,1.4246844598587114
2024-12-26 13:00:00,1.7133222837499344,1.7133222837499344
2024-12-26 14:00:00,2.6586211395590174,2.6586211395590174
2024-12-26 15:00:00,3.4961164226554193,3.4961164226554193
2024-12-26 16:00:00,4.505304429533611,4.505304429533611
2024-12-26 17:00:00,4.5939131866875,4.5939131866875
2024-12-26 18:00:00,4.037096584982075,4.037096584982075
2024-12-26 19:00:00,4.1900931193410935,4.1900931193410935
2024-12-26 20:00:00,3.7250110883046563,3.7250110883046563
2024-12-26 21:00:00,3.666110393877364,3.666110393877364
2024-12-26 22:00:00,0.0,0.0
2024-12-26 23:00:00,0.0,0.0
2024-12-27 00:00:00,0.0,0.0
2024-12-27 01:00:00,0.0,0.0
2024-12-27 02:00:00,0.0,0.0
2024-12-27 03:00:00,0.0,0.0
2024-12-27 04:00:00,0.0,0.0
2024-12-27 05:00:00,0.0,0.0
2024-12-27 06:00:00,0.0,0.0
2024-12-27 07:00:00,0.0,0.0
2024-12-27 08:00:00,0.0,0.0
2024-12-27 09:00:00,0.0,0.0
2024-12-27 10:00:00,0.17605053239904603,0.17605053239904603
2024-12-27 11:00:00,0.5805167246866635,0.5805167246866635
2024-12-27 12:00:00,1.1161138346228263,1.1161138346228263
2024-12-27 13:00:00,1.7975752503139326,1.7975752503139326
2024-12-27 14:00:00,2.923147018503179,2.923147018503179
2024-12-27 15:00:00,3.48725137174962,3.48725137174962
2024-12-27 16:00:00,4.320733763209219,4.320733763209219
2024-12-27 17:00:00,5.1819310394985765,5.1819310394985765
2024-12-27 18:00:00,5.178221882117676,5.178221882117676
2024-12-27 19:00:00,3.6703718935336136,3.6703718935336136
2024-12-27 20:00:00,4.5449086076714575,4.5449086076714575
2024-12-27 21:00:00,3.618048740121145,3.618048740121145
2024-12-27 22:00:00,0.0,0.0
2024-12-27 23:00:00,0.0,0.0
2024-12-28 00:00:00,0.0,0.0
2024-12-28 01:00:00,0.0,0.0
2024-12-28 02:00:00,0.0,0.0
2024-12-28 03:00:00,0.0,0.0
2024-12-28 04:00:00,0.0,0.0
2024-12-28 05:00:00,0.0,0.0
2024-12-28 06:00:00,0.0,0.0
2024-12-28 07:00:00,0.0,0.0
2024-12-28 08:00:00,0.0,0.0
2024-12-28 09:00:00,0.0,0.0
2024-12-28 10:00:00,0.10115811924759496,0.10115811924759496
2024-12-28 11:00:00,0.36374906951959285,0.36374906951959285
2024-12-28 12:00:00,0.7457637396931502,0.7457637396931502
2024-12-28 13:00:00,1.1667523337331396,1.1667523337331396
2024-12-28 14:00:00,2.0110614079405402,2.0110614079405402
2024-12-28 15:00:00,2.085358821914278,2.085358821914278
2024-12-28 16:00:00,2.961424499138578,2.961424499138578
2024-12-28 17:00:00,3.376136381416728,3.376136381416728
2024-12-28 18:00:00,3.027995676859368,3.027995676859368
2024-12-28 19:00:00,2.7954165476189723,2.7954165476189723
2024-12-28 20:00:00,2.4643847466716577,2.4643847466716577
2024-12-28 21:00:00,3.022605866665773,3.022605866665773
2024-12-28 22:00:00,0.0,0.0
2024-12-28 23:00:00,0.0,0.0
2024-12-29 00:00:00,0.0,0.0
2024-12-29 01:00:00,0.0,0.0
2024-12-29 02:00:00,0.0,0.0
2024-12-29 03:00:00,0.0,0.0
2024-12-29 04:00:00,0.0,0.0
2024-12-29 05:00:00,0.0,0.0
2024-12-29 06:00:00,0.0,0.0
2024-12-29 07:00:00,0.0,0.0
2024-12-29 08:00:00,0.0,0.0
2024-12-29 09:00:00,0.0,0.0
2024-12-29 10:00:00,0.10252924465199102,0.10252924465199102
2024-12-29 11:00:00,0.374655152058758,0.374655152058758
2024-12-29 12:00:00,0.8738551282424318,0.8738551282424318
2024-12-29 13:00:00,1.1513314311766092,1.1513314311766092
2024-12-29 14:00:00,1.84875083953882,1.84875083953882
2024-12-29 15:00:00,2.3298300873085944,2.3298300873085944
2024-12-29 16:00:00,3.031122604845428,3.031122604845428
2024-12-29 17:00:00,2.9722706291069065,2.9722706291069065
2024-12-29 18:00:00,3.6604941395351243,3.6604941395351243
2024-12-29 19:00:00,2.59717641208304,2.59717641208304
2024-12-29 20:00:00,2.577854435489915,2.577854435489915
2024-12-29 21:00:00,2.622221348246196,2.622221348246196
2024-12-29 22:00:00,0.0,0.0
2024-12-29 23:00:00,0.0,0.0
2024-12-30 00:00:00,0.0,0.0
2024-12-30 01:00:00,0.0,0.0
2024-12-30 02:00:00,0.0,0.0
2024-12-30 03:00:00,0.0,0.0
2024-12-30 04:00:00,0.0,0.0
2024-12-30 05:00:00,0.0,0.0
2024-12-30 06:00:00,0.0,0.0
2024-12-30 07:00:00,0.0,0.0
2024-12-30 08:00:00,0.0,0.0
2024-12-30 09:00:00,0.0,0.0
2024-12-30 10:00:00,0.13191320212681248,0.13191320212681248
2024-12-30 11:00:00,0.5749894230700077,0.5749894230700077
2024-12-30 12:00:00,1.1629670814724724,1.1629670814724724
2024-12-30 13:00:00,1.9481111740982964,1.9481111740982964
2024-12-30 14:00:00,2.58333575335361,2.58333575335361
2024-12-30 15:00:00,2.7635902251489193,2.7635902251489193
2024-12-30 16:00:00,3.623469312600921,3.623469312600921
2024-12-30 17:00:00,4.399265837379974,4.399265837379974
2024-12-30 18:00:00,4.145991010489479,4.145991010489479
2024-12-30 19:00:00,3.237899575438438,3.237899575438438
2024-12-30 20:00:00,4.054221808089294,4.054221808089294
2024-12-30 21:00:00,4.176340378156664,4.176340378156664
2024-12-30 22:00:00,0.0,0.0
2024-12-30 23:00:00,0.0,0.0
