{
  "timestamp": "2026-02-15T22:42:19.098541",
  "note": "Cada episodio = 8,760 timesteps = 1 AÑO COMPLETO. SIN multiplicadores para proyección.",
  "baselines": {
    "CON_SOLAR": {
      "co2_grid_kg_annual": 8470608.0,
      "co2_solar_avoided_kg": 37468929.0
    },
    "SIN_SOLAR": {
      "co2_grid_kg_annual": 45939537.0
    }
  },
  "agents": {
    "PPO": {
      "episodes": 10,
      "co2_per_episode_kg_annual": 4309536.150172028,
      "reduction_vs_baseline_pct": 50.87634972804819
    },
    "A2C": {
      "episodes": 10,
      "co2_per_episode_kg_annual": 4240702.9484044,
      "reduction_vs_baseline_pct": 50.06373743660903
    },
    "SAC": {
      "episodes": 10,
      "co2_per_episode_kg_annual": 5567992.407902988,
      "reduction_vs_baseline_pct": 65.7330903271995
    }
  }
}