{
  "best_agent": "PPO",
  "ranking": [
    {
      "agent": "PPO",
      "co2_avoided_total_kg": 43095361.50172028,
      "co2_avoided_direct_kg": 3567337.003199984,
      "co2_avoided_indirect_kg": 39528024.49852029,
      "episodes": 10,
      "timesteps": 87600
    },
    {
      "agent": "A2C",
      "co2_avoided_total_kg": 42407029.484044,
      "co2_avoided_direct_kg": 2119783.1893548258,
      "co2_avoided_indirect_kg": 40287246.29468918,
      "episodes": 10,
      "timesteps": 87600
    },
    {
      "agent": "SAC",
      "co2_avoided_total_kg": 39087460.361138426,
      "co2_avoided_direct_kg": 1998577.4547036644,
      "co2_avoided_indirect_kg": 37088882.90643476,
      "episodes": 10,
      "timesteps": 280320
    }
  ],
  "best_co2_kg": 43095361.50172028,
  "timestamp": "2026-02-15T22:13:58.440896"
}