timestamp,power_kw,energy_kwh
2024-01-01 00:00:00,0.0,0.0
2024-01-01 01:00:00,0.0,0.0
2024-01-01 02:00:00,0.0,0.0
2024-01-01 03:00:00,0.0,0.0
2024-01-01 04:00:00,0.0,0.0
2024-01-01 05:00:00,0.0,0.0
2024-01-01 06:00:00,0.0,0.0
2024-01-01 07:00:00,0.0,0.0
2024-01-01 08:00:00,0.0,0.0
2024-01-01 09:00:00,0.0,0.0
2024-01-01 10:00:00,0.0968325732244452,0.0968325732244452
2024-01-01 11:00:00,0.4039160119100521,0.4039160119100521
2024-01-01 12:00:00,0.6017181399029755,0.6017181399029755
2024-01-01 13:00:00,1.3258570236356115,1.3258570236356115
2024-01-01 14:00:00,1.6468552885620682,1.6468552885620682
2024-01-01 15:00:00,2.4860129463635756,2.4860129463635756
2024-01-01 16:00:00,2.0359531300551565,2.0359531300551565
2024-01-01 17:00:00,3.102623632772759,3.102623632772759
2024-01-01 18:00:00,3.211546912876888,3.211546912876888
2024-01-01 19:00:00,3.074966680879013,3.074966680879013
2024-01-01 20:00:00,3.3019323632864213,3.3019323632864213
2024-01-01 21:00:00,2.5433944512409488,2.5433944512409488
2024-01-01 22:00:00,0.0,0.0
2024-01-01 23:00:00,0.0,0.0
2024-01-02 00:00:00,0.0,0.0
2024-01-02 01:00:00,0.0,0.0
2024-01-02 02:00:00,0.0,0.0
2024-01-02 03:00:00,0.0,0.0
2024-01-02 04:00:00,0.0,0.0
2024-01-02 05:00:00,0.0,0.0
2024-01-02 06:00:00,0.0,0.0
2024-01-02 07:00:00,0.0,0.0
2024-01-02 08:00:00,0.0,0.0
2024-01-02 09:00:00,0.0,0.0
2024-01-02 10:00:00,0.10098471593216761,0.10098471593216761
2024-01-02 11:00:00,0.3203736388438808,0.3203736388438808
2024-01-02 12:00:00,0.6535753350615685,0.6535753350615685
2024-01-02 13:00:00,1.1613034903089454,1.1613034903089454
2024-01-02 14:00:00,1.5589586071856831,1.5589586071856831
2024-01-02 15:00:00,2.1528660669611437,2.1528660669611437
2024-01-02 16:00:00,2.2643457949740693,2.2643457949740693
2024-01-02 17:00:00,2.6378438421832593,2.6378438421832593
2024-01-02 18:00:00,2.5958286889786937,2.5958286889786937
2024-01-02 19:00:00,2.526549225685644,2.526549225685644
2024-01-02 20:00:00,2.8158508872472408,2.8158508872472408
2024-01-02 21:00:00,3.117377694545225,3.117377694545225
2024-01-02 22:00:00,0.0,0.0
2024-01-02 23:00:00,0.0,0.0
2024-01-03 00:00:00,0.0,0.0
2024-01-03 01:00:00,0.0,0.0
2024-01-03 02:00:00,0.0,0.0
2024-01-03 03:00:00,0.0,0.0
2024-01-03 04:00:00,0.0,0.0
2024-01-03 05:00:00,0.0,0.0
2024-01-03 06:00:00,0.0,0.0
2024-01-03 07:00:00,0.0,0.0
2024-01-03 08:00:00,0.0,0.0
2024-01-03 09:00:00,0.0,0.0
2024-01-03 10:00:00,0.1260824085919273,0.1260824085919273
2024-01-03 11:00:00,0.3600348063236556,0.3600348063236556
2024-01-03 12:00:00,0.6190511621044772,0.6190511621044772
2024-01-03 13:00:00,1.2096292870369858,1.2096292870369858
2024-01-03 14:00:00,1.752144914823818,1.752144914823818
2024-01-03 15:00:00,2.742715795505613,2.742715795505613
2024-01-03 16:00:00,2.5719506141162074,2.5719506141162074
2024-01-03 17:00:00,3.055754627342101,3.055754627342101
2024-01-03 18:00:00,3.3444280868875236,3.3444280868875236
2024-01-03 19:00:00,3.433610040396004,3.433610040396004
2024-01-03 20:00:00,3.188382514111481,3.188382514111481
2024-01-03 21:00:00,3.1908613490000417,3.1908613490000417
2024-01-03 22:00:00,0.0,0.0
2024-01-03 23:00:00,0.0,0.0
2024-01-04 00:00:00,0.0,0.0
2024-01-04 01:00:00,0.0,0.0
2024-01-04 02:00:00,0.0,0.0
2024-01-04 03:00:00,0.0,0.0
2024-01-04 04:00:00,0.0,0.0
2024-01-04 05:00:00,0.0,0.0
2024-01-04 06:00:00,0.0,0.0
2024-01-04 07:00:00,0.0,0.0
2024-01-04 08:00:00,0.0,0.0
2024-01-04 09:00:00,0.0,0.0
2024-01-04 10:00:00,0.10449229243702615,0.10449229243702615
2024-01-04 11:00:00,0.39248742056186436,0.39248742056186436
2024-01-04 12:00:00,0.7625524817981093,0.7625524817981093
2024-01-04 13:00:00,1.2391630148102903,1.2391630148102903
2024-01-04 14:00:00,1.3503264893312201,1.3503264893312201
2024-01-04 15:00:00,1.923603659721305,1.923603659721305
2024-01-04 16:00:00,2.4660503323286536,2.4660503323286536
2024-01-04 17:00:00,2.2696771040106496,2.2696771040106496
2024-01-04 18:00:00,3.1813334315511663,3.1813334315511663
2024-01-04 19:00:00,3.1450108272978157,3.1450108272978157
2024-01-04 20:00:00,2.9539533131291895,2.9539533131291895
2024-01-04 21:00:00,2.6018478419944855,2.6018478419944855
2024-01-04 22:00:00,0.0,0.0
2024-01-04 23:00:00,0.0,0.0
2024-01-05 00:00:00,0.0,0.0
2024-01-05 01:00:00,0.0,0.0
2024-01-05 02:00:00,0.0,0.0
2024-01-05 03:00:00,0.0,0.0
2024-01-05 04:00:00,0.0,0.0
2024-01-05 05:00:00,0.0,0.0
2024-01-05 06:00:00,0.0,0.0
2024-01-05 07:00:00,0.0,0.0
2024-01-05 08:00:00,0.0,0.0
2024-01-05 09:00:00,0.0,0.0
2024-01-05 10:00:00,0.09429460905496165,0.09429460905496165
2024-01-05 11:00:00,0.31448592171859024,0.31448592171859024
2024-01-05 12:00:00,0.6119682056363774,0.6119682056363774
2024-01-05 13:00:00,1.1299084271758082,1.1299084271758082
2024-01-05 14:00:00,1.5550594835215592,1.5550594835215592
2024-01-05 15:00:00,2.46899031150613,2.46899031150613
2024-01-05 16:00:00,2.1181969415083457,2.1181969415083457
2024-01-05 17:00:00,2.363342733088584,2.363342733088584
2024-01-05 18:00:00,2.7145229460857694,2.7145229460857694
2024-01-05 19:00:00,2.434115362248805,2.434115362248805
2024-01-05 20:00:00,2.563332307852544,2.563332307852544
2024-01-05 21:00:00,2.6235962470769905,2.6235962470769905
2024-01-05 22:00:00,0.0,0.0
2024-01-05 23:00:00,0.0,0.0
2024-01-06 00:00:00,0.0,0.0
2024-01-06 01:00:00,0.0,0.0
2024-01-06 02:00:00,0.0,0.0
2024-01-06 03:00:00,0.0,0.0
2024-01-06 04:00:00,0.0,0.0
2024-01-06 05:00:00,0.0,0.0
2024-01-06 06:00:00,0.0,0.0
2024-01-06 07:00:00,0.0,0.0
2024-01-06 08:00:00,0.0,0.0
2024-01-06 09:00:00,0.0,0.0
2024-01-06 10:00:00,0.08529611216542499,0.08529611216542499
2024-01-06 11:00:00,0.2971372878534663,0.2971372878534663
2024-01-06 12:00:00,0.595734918838132,0.595734918838132
2024-01-06 13:00:00,0.972483914755722,0.972483914755722
2024-01-06 14:00:00,1.1626086944696004,1.1626086944696004
2024-01-06 15:00:00,1.883769733881374,1.883769733881374
2024-01-06 16:00:00,1.989937390672125,1.989937390672125
2024-01-06 17:00:00,2.2849428226774138,2.2849428226774138
2024-01-06 18:00:00,2.589607691298681,2.589607691298681
2024-01-06 19:00:00,1.9450495830217314,1.9450495830217314
2024-01-06 20:00:00,2.26014564901972,2.26014564901972
2024-01-06 21:00:00,2.1794158848336367,2.1794158848336367
2024-01-06 22:00:00,0.0,0.0
2024-01-06 23:00:00,0.0,0.0
2024-01-07 00:00:00,0.0,0.0
2024-01-07 01:00:00,0.0,0.0
2024-01-07 02:00:00,0.0,0.0
2024-01-07 03:00:00,0.0,0.0
2024-01-07 04:00:00,0.0,0.0
2024-01-07 05:00:00,0.0,0.0
2024-01-07 06:00:00,0.0,0.0
2024-01-07 07:00:00,0.0,0.0
2024-01-07 08:00:00,0.0,0.0
2024-01-07 09:00:00,0.0,0.0
2024-01-07 10:00:00,0.07630276210186226,0.07630276210186226
2024-01-07 11:00:00,0.28675965454161173,0.28675965454161173
2024-01-07 12:00:00,0.4470320816535159,0.4470320816535159
2024-01-07 13:00:00,0.9159857107453949,0.9159857107453949
2024-01-07 14:00:00,1.1026615334475485,1.1026615334475485
2024-01-07 15:00:00,1.8443026068125086,1.8443026068125086
2024-01-07 16:00:00,1.8746986787214273,1.8746986787214273
2024-01-07 17:00:00,2.078607979691301,2.078607979691301
2024-01-07 18:00:00,1.995926885682852,1.995926885682852
2024-01-07 19:00:00,2.04986102620174,2.04986102620174
2024-01-07 20:00:00,2.426747804774888,2.426747804774888
2024-01-07 21:00:00,1.9914721302909149,1.9914721302909149
2024-01-07 22:00:00,0.0,0.0
2024-01-07 23:00:00,0.0,0.0
2024-01-08 00:00:00,0.0,0.0
2024-01-08 01:00:00,0.0,0.0
2024-01-08 02:00:00,0.0,0.0
2024-01-08 03:00:00,0.0,0.0
2024-01-08 04:00:00,0.0,0.0
2024-01-08 05:00:00,0.0,0.0
2024-01-08 06:00:00,0.0,0.0
2024-01-08 07:00:00,0.0,0.0
2024-01-08 08:00:00,0.0,0.0
2024-01-08 09:00:00,0.0,0.0
2024-01-08 10:00:00,0.11068302432525232,0.11068302432525232
2024-01-08 11:00:00,0.32360391853454934,0.32360391853454934
2024-01-08 12:00:00,0.6167827838651364,0.6167827838651364
2024-01-08 13:00:00,1.2055566942358236,1.2055566942358236
2024-01-08 14:00:00,1.5041484589640366,1.5041484589640366
2024-01-08 15:00:00,2.213166362589658,2.213166362589658
2024-01-08 16:00:00,1.8981725727394445,1.8981725727394445
2024-01-08 17:00:00,2.5283784138366556,2.5283784138366556
2024-01-08 18:00:00,3.310647606003205,3.310647606003205
2024-01-08 19:00:00,3.0762181998169025,3.0762181998169025
2024-01-08 20:00:00,2.963978525174186,2.963978525174186
2024-01-08 21:00:00,3.085610072592793,3.085610072592793
2024-01-08 22:00:00,0.0,0.0
2024-01-08 23:00:00,0.0,0.0
2024-01-09 00:00:00,0.0,0.0
2024-01-09 01:00:00,0.0,0.0
2024-01-09 02:00:00,0.0,0.0
2024-01-09 03:00:00,0.0,0.0
2024-01-09 04:00:00,0.0,0.0
2024-01-09 05:00:00,0.0,0.0
2024-01-09 06:00:00,0.0,0.0
2024-01-09 07:00:00,0.0,0.0
2024-01-09 08:00:00,0.0,0.0
2024-01-09 09:00:00,0.0,0.0
2024-01-09 10:00:00,0.10235830357249258,0.10235830357249258
2024-01-09 11:00:00,0.3814225049463004,0.3814225049463004
2024-01-09 12:00:00,0.7183306188728376,0.7183306188728376
2024-01-09 13:00:00,1.2453196554558603,1.2453196554558603
2024-01-09 14:00:00,1.9765129817350078,1.9765129817350078
2024-01-09 15:00:00,2.796865289744587,2.796865289744587
2024-01-09 16:00:00,2.204833394953219,2.204833394953219
2024-01-09 17:00:00,2.6496078325628756,2.6496078325628756
2024-01-09 18:00:00,2.9273383439116127,2.9273383439116127
2024-01-09 19:00:00,3.168262417104954,3.168262417104954
2024-01-09 20:00:00,3.2194715289197737,3.2194715289197737
2024-01-09 21:00:00,2.751466548873994,2.751466548873994
2024-01-09 22:00:00,0.0,0.0
2024-01-09 23:00:00,0.0,0.0
2024-01-10 00:00:00,0.0,0.0
2024-01-10 01:00:00,0.0,0.0
2024-01-10 02:00:00,0.0,0.0
2024-01-10 03:00:00,0.0,0.0
2024-01-10 04:00:00,0.0,0.0
2024-01-10 05:00:00,0.0,0.0
2024-01-10 06:00:00,0.0,0.0
2024-01-10 07:00:00,0.0,0.0
2024-01-10 08:00:00,0.0,0.0
2024-01-10 09:00:00,0.0,0.0
2024-01-10 10:00:00,0.09680107156738685,0.09680107156738685
2024-01-10 11:00:00,0.3869482926696157,0.3869482926696157
2024-01-10 12:00:00,0.6664153336579235,0.6664153336579235
2024-01-10 13:00:00,1.4281667768034287,1.4281667768034287
2024-01-10 14:00:00,1.4192302868284734,1.4192302868284734
2024-01-10 15:00:00,2.437940964018234,2.437940964018234
2024-01-10 16:00:00,2.635939509120818,2.635939509120818
2024-01-10 17:00:00,2.3808007959120014,2.3808007959120014
2024-01-10 18:00:00,3.2371237626118896,3.2371237626118896
2024-01-10 19:00:00,2.9904956450257565,2.9904956450257565
2024-01-10 20:00:00,2.6380697569250042,2.6380697569250042
2024-01-10 21:00:00,3.1494080906522215,3.1494080906522215
2024-01-10 22:00:00,0.0,0.0
2024-01-10 23:00:00,0.0,0.0
2024-01-11 00:00:00,0.0,0.0
2024-01-11 01:00:00,0.0,0.0
2024-01-11 02:00:00,0.0,0.0
2024-01-11 03:00:00,0.0,0.0
2024-01-11 04:00:00,0.0,0.0
2024-01-11 05:00:00,0.0,0.0
2024-01-11 06:00:00,0.0,0.0
2024-01-11 07:00:00,0.0,0.0
2024-01-11 08:00:00,0.0,0.0
2024-01-11 09:00:00,0.0,0.0
2024-01-11 10:00:00,0.0887817108789629,0.0887817108789629
2024-01-11 11:00:00,0.3352479771592918,0.3352479771592918
2024-01-11 12:00:00,0.6901866798291979,0.6901866798291979
2024-01-11 13:00:00,1.175929071690638,1.175929071690638
2024-01-11 14:00:00,1.6754677217298513,1.6754677217298513
2024-01-11 15:00:00,1.8483177450438653,1.8483177450438653
2024-01-11 16:00:00,2.225518827048071,2.225518827048071
2024-01-11 17:00:00,2.4704240545662706,2.4704240545662706
2024-01-11 18:00:00,2.6056905616480956,2.6056905616480956
2024-01-11 19:00:00,2.590124890279995,2.590124890279995
2024-01-11 20:00:00,2.7807647347575526,2.7807647347575526
2024-01-11 21:00:00,2.625411318975675,2.625411318975675
2024-01-11 22:00:00,0.0,0.0
2024-01-11 23:00:00,0.0,0.0
2024-01-12 00:00:00,0.0,0.0
2024-01-12 01:00:00,0.0,0.0
2024-01-12 02:00:00,0.0,0.0
2024-01-12 03:00:00,0.0,0.0
2024-01-12 04:00:00,0.0,0.0
2024-01-12 05:00:00,0.0,0.0
2024-01-12 06:00:00,0.0,0.0
2024-01-12 07:00:00,0.0,0.0
2024-01-12 08:00:00,0.0,0.0
2024-01-12 09:00:00,0.0,0.0
2024-01-12 10:00:00,0.12155116816417472,0.12155116816417472
2024-01-12 11:00:00,0.4481702093750478,0.4481702093750478
2024-01-12 12:00:00,0.7594382035976555,0.7594382035976555
2024-01-12 13:00:00,1.3204259106832026,1.3204259106832026
2024-01-12 14:00:00,1.8567875792066406,1.8567875792066406
2024-01-12 15:00:00,2.821713344512308,2.821713344512308
2024-01-12 16:00:00,2.433658914703612,2.433658914703612
2024-01-12 17:00:00,2.653808078882746,2.653808078882746
2024-01-12 18:00:00,3.4979322217423094,3.4979322217423094
2024-01-12 19:00:00,3.1342514951229603,3.1342514951229603
2024-01-12 20:00:00,3.334073611334826,3.334073611334826
2024-01-12 21:00:00,3.16720618927264,3.16720618927264
2024-01-12 22:00:00,0.0,0.0
2024-01-12 23:00:00,0.0,0.0
2024-01-13 00:00:00,0.0,0.0
2024-01-13 01:00:00,0.0,0.0
2024-01-13 02:00:00,0.0,0.0
2024-01-13 03:00:00,0.0,0.0
2024-01-13 04:00:00,0.0,0.0
2024-01-13 05:00:00,0.0,0.0
2024-01-13 06:00:00,0.0,0.0
2024-01-13 07:00:00,0.0,0.0
2024-01-13 08:00:00,0.0,0.0
2024-01-13 09:00:00,0.0,0.0
2024-01-13 10:00:00,0.07872687666180726,0.07872687666180726
2024-01-13 11:00:00,0.25001644688946945,0.25001644688946945
2024-01-13 12:00:00,0.5013050980322611,0.5013050980322611
2024-01-13 13:00:00,0.8707367550162103,0.8707367550162103
2024-01-13 14:00:00,1.2765065074761006,1.2765065074761006
2024-01-13 15:00:00,1.6177771703811616,1.6177771703811616
2024-01-13 16:00:00,1.7533822424930556,1.7533822424930556
2024-01-13 17:00:00,1.646616707340963,1.646616707340963
2024-01-13 18:00:00,2.2306783686084466,2.2306783686084466
2024-01-13 19:00:00,1.7635685109767345,1.7635685109767345
2024-01-13 20:00:00,2.161715516835462,2.161715516835462
2024-01-13 21:00:00,1.9008515761440177,1.9008515761440177
2024-01-13 22:00:00,0.0,0.0
2024-01-13 23:00:00,0.0,0.0
2024-01-14 00:00:00,0.0,0.0
2024-01-14 01:00:00,0.0,0.0
2024-01-14 02:00:00,0.0,0.0
2024-01-14 03:00:00,0.0,0.0
2024-01-14 04:00:00,0.0,0.0
2024-01-14 05:00:00,0.0,0.0
2024-01-14 06:00:00,0.0,0.0
2024-01-14 07:00:00,0.0,0.0
2024-01-14 08:00:00,0.0,0.0
2024-01-14 09:00:00,0.0,0.0
2024-01-14 10:00:00,0.07819169588044753,0.07819169588044753
2024-01-14 11:00:00,0.31492074951222193,0.31492074951222193
2024-01-14 12:00:00,0.4972627680201338,0.4972627680201338
2024-01-14 13:00:00,1.0004358892845653,1.0004358892845653
2024-01-14 14:00:00,1.364474117464074,1.364474117464074
2024-01-14 15:00:00,1.5763515114270497,1.5763515114270497
2024-01-14 16:00:00,1.8378222954874077,1.8378222954874077
2024-01-14 17:00:00,1.8327502181963025,1.8327502181963025
2024-01-14 18:00:00,2.5395017119437773,2.5395017119437773
2024-01-14 19:00:00,2.0842723697075294,2.0842723697075294
2024-01-14 20:00:00,2.3221170073576016,2.3221170073576016
2024-01-14 21:00:00,2.4646942670222716,2.4646942670222716
2024-01-14 22:00:00,0.0,0.0
2024-01-14 23:00:00,0.0,0.0
2024-01-15 00:00:00,0.0,0.0
2024-01-15 01:00:00,0.0,0.0
2024-01-15 02:00:00,0.0,0.0
2024-01-15 03:00:00,0.0,0.0
2024-01-15 04:00:00,0.0,0.0
2024-01-15 05:00:00,0.0,0.0
2024-01-15 06:00:00,0.0,0.0
2024-01-15 07:00:00,0.0,0.0
2024-01-15 08:00:00,0.0,0.0
2024-01-15 09:00:00,0.0,0.0
2024-01-15 10:00:00,0.09659160614044505,0.09659160614044505
2024-01-15 11:00:00,0.4395248278376482,0.4395248278376482
2024-01-15 12:00:00,0.7437109961985854,0.7437109961985854
2024-01-15 13:00:00,1.2243161392047235,1.2243161392047235
2024-01-15 14:00:00,1.7162508654085555,1.7162508654085555
2024-01-15 15:00:00,2.485747228783647,2.485747228783647
2024-01-15 16:00:00,2.0785060148612007,2.0785060148612007
2024-01-15 17:00:00,2.666863709996003,2.666863709996003
2024-01-15 18:00:00,3.28092445684512,3.28092445684512
2024-01-15 19:00:00,2.8650363831646897,2.8650363831646897
2024-01-15 20:00:00,2.897011338916998,2.897011338916998
2024-01-15 21:00:00,2.9824432064821673,2.9824432064821673
2024-01-15 22:00:00,0.0,0.0
2024-01-15 23:00:00,0.0,0.0
2024-01-16 00:00:00,0.0,0.0
2024-01-16 01:00:00,0.0,0.0
2024-01-16 02:00:00,0.0,0.0
2024-01-16 03:00:00,0.0,0.0
2024-01-16 04:00:00,0.0,0.0
2024-01-16 05:00:00,0.0,0.0
2024-01-16 06:00:00,0.0,0.0
2024-01-16 07:00:00,0.0,0.0
2024-01-16 08:00:00,0.0,0.0
2024-01-16 09:00:00,0.0,0.0
2024-01-16 10:00:00,0.10578605752577629,0.10578605752577629
2024-01-16 11:00:00,0.45345855834093235,0.45345855834093235
2024-01-16 12:00:00,0.6665250227289097,0.6665250227289097
2024-01-16 13:00:00,1.2693174542134313,1.2693174542134313
2024-01-16 14:00:00,1.6342666881186583,1.6342666881186583
2024-01-16 15:00:00,2.473669655645949,2.473669655645949
2024-01-16 16:00:00,2.6919864014501655,2.6919864014501655
2024-01-16 17:00:00,3.1740892365407847,3.1740892365407847
2024-01-16 18:00:00,3.1507786160488314,3.1507786160488314
2024-01-16 19:00:00,2.9517287769072875,2.9517287769072875
2024-01-16 20:00:00,3.1884197577183993,3.1884197577183993
2024-01-16 21:00:00,3.3928167110574963,3.3928167110574963
2024-01-16 22:00:00,0.0,0.0
2024-01-16 23:00:00,0.0,0.0
2024-01-17 00:00:00,0.0,0.0
2024-01-17 01:00:00,0.0,0.0
2024-01-17 02:00:00,0.0,0.0
2024-01-17 03:00:00,0.0,0.0
2024-01-17 04:00:00,0.0,0.0
2024-01-17 05:00:00,0.0,0.0
2024-01-17 06:00:00,0.0,0.0
2024-01-17 07:00:00,0.0,0.0
2024-01-17 08:00:00,0.0,0.0
2024-01-17 09:00:00,0.0,0.0
2024-01-17 10:00:00,0.11300446736775226,0.11300446736775226
2024-01-17 11:00:00,0.35059427390739817,0.35059427390739817
2024-01-17 12:00:00,0.6414946403246182,0.6414946403246182
2024-01-17 13:00:00,1.4666200019046431,1.4666200019046431
2024-01-17 14:00:00,1.9833801184620592,1.9833801184620592
2024-01-17 15:00:00,2.6663822222921567,2.6663822222921567
2024-01-17 16:00:00,2.7962854201875924,2.7962854201875924
2024-01-17 17:00:00,2.620218998323606,2.620218998323606
2024-01-17 18:00:00,3.453454301543185,3.453454301543185
2024-01-17 19:00:00,3.128355348736326,3.128355348736326
2024-01-17 20:00:00,3.571573731708996,3.571573731708996
2024-01-17 21:00:00,3.198384623924174,3.198384623924174
2024-01-17 22:00:00,0.0,0.0
2024-01-17 23:00:00,0.0,0.0
2024-01-18 00:00:00,0.0,0.0
2024-01-18 01:00:00,0.0,0.0
2024-01-18 02:00:00,0.0,0.0
2024-01-18 03:00:00,0.0,0.0
2024-01-18 04:00:00,0.0,0.0
2024-01-18 05:00:00,0.0,0.0
2024-01-18 06:00:00,0.0,0.0
2024-01-18 07:00:00,0.0,0.0
2024-01-18 08:00:00,0.0,0.0
2024-01-18 09:00:00,0.0,0.0
2024-01-18 10:00:00,0.10623964249405655,0.10623964249405655
2024-01-18 11:00:00,0.41978482938210987,0.41978482938210987
2024-01-18 12:00:00,0.7347923967357033,0.7347923967357033
2024-01-18 13:00:00,1.144683507570861,1.144683507570861
2024-01-18 14:00:00,1.7661111753274992,1.7661111753274992
2024-01-18 15:00:00,2.3139510500416587,2.3139510500416587
2024-01-18 16:00:00,2.1262953621644956,2.1262953621644956
2024-01-18 17:00:00,3.07077480392089,3.07077480392089
2024-01-18 18:00:00,2.9914794472658444,2.9914794472658444
2024-01-18 19:00:00,2.477317320198801,2.477317320198801
2024-01-18 20:00:00,3.3410949879098264,3.3410949879098264
2024-01-18 21:00:00,2.568478784029534,2.568478784029534
2024-01-18 22:00:00,0.0,0.0
2024-01-18 23:00:00,0.0,0.0
2024-01-19 00:00:00,0.0,0.0
2024-01-19 01:00:00,0.0,0.0
2024-01-19 02:00:00,0.0,0.0
2024-01-19 03:00:00,0.0,0.0
2024-01-19 04:00:00,0.0,0.0
2024-01-19 05:00:00,0.0,0.0
2024-01-19 06:00:00,0.0,0.0
2024-01-19 07:00:00,0.0,0.0
2024-01-19 08:00:00,0.0,0.0
2024-01-19 09:00:00,0.0,0.0
2024-01-19 10:00:00,0.11150667913712575,0.11150667913712575
2024-01-19 11:00:00,0.4432468585982615,0.4432468585982615
2024-01-19 12:00:00,0.6773208821691209,0.6773208821691209
2024-01-19 13:00:00,1.2708165309249742,1.2708165309249742
2024-01-19 14:00:00,1.728161743303706,1.728161743303706
2024-01-19 15:00:00,2.7152620905621454,2.7152620905621454
2024-01-19 16:00:00,2.263155434407799,2.263155434407799
2024-01-19 17:00:00,2.5815817727628225,2.5815817727628225
2024-01-19 18:00:00,3.754873669506144,3.754873669506144
2024-01-19 19:00:00,3.5631290731627345,3.5631290731627345
2024-01-19 20:00:00,3.256117384899446,3.256117384899446
2024-01-19 21:00:00,3.3400277658353827,3.3400277658353827
2024-01-19 22:00:00,0.0,0.0
2024-01-19 23:00:00,0.0,0.0
2024-01-20 00:00:00,0.0,0.0
2024-01-20 01:00:00,0.0,0.0
2024-01-20 02:00:00,0.0,0.0
2024-01-20 03:00:00,0.0,0.0
2024-01-20 04:00:00,0.0,0.0
2024-01-20 05:00:00,0.0,0.0
2024-01-20 06:00:00,0.0,0.0
2024-01-20 07:00:00,0.0,0.0
2024-01-20 08:00:00,0.0,0.0
2024-01-20 09:00:00,0.0,0.0
2024-01-20 10:00:00,0.08404729883199116,0.08404729883199116
2024-01-20 11:00:00,0.2448326428060105,0.2448326428060105
2024-01-20 12:00:00,0.5263583178230301,0.5263583178230301
2024-01-20 13:00:00,0.8556051431643309,0.8556051431643309
2024-01-20 14:00:00,1.3364795157764593,1.3364795157764593
2024-01-20 15:00:00,1.9453064015201815,1.9453064015201815
2024-01-20 16:00:00,1.905603012584377,1.905603012584377
2024-01-20 17:00:00,2.312356868253536,2.312356868253536
2024-01-20 18:00:00,2.0947713257956813,2.0947713257956813
2024-01-20 19:00:00,2.0037320470248123,2.0037320470248123
2024-01-20 20:00:00,2.3997518319056916,2.3997518319056916
2024-01-20 21:00:00,1.960037638550919,1.960037638550919
2024-01-20 22:00:00,0.0,0.0
2024-01-20 23:00:00,0.0,0.0
2024-01-21 00:00:00,0.0,0.0
2024-01-21 01:00:00,0.0,0.0
2024-01-21 02:00:00,0.0,0.0
2024-01-21 03:00:00,0.0,0.0
2024-01-21 04:00:00,0.0,0.0
2024-01-21 05:00:00,0.0,0.0
2024-01-21 06:00:00,0.0,0.0
2024-01-21 07:00:00,0.0,0.0
2024-01-21 08:00:00,0.0,0.0
2024-01-21 09:00:00,0.0,0.0
2024-01-21 10:00:00,0.07160506718577186,0.07160506718577186
2024-01-21 11:00:00,0.2772454994246742,0.2772454994246742
2024-01-21 12:00:00,0.4458690452764964,0.4458690452764964
2024-01-21 13:00:00,0.7838649515304825,0.7838649515304825
2024-01-21 14:00:00,1.1223570627287687,1.1223570627287687
2024-01-21 15:00:00,1.4121425489592008,1.4121425489592008
2024-01-21 16:00:00,1.6470942402606605,1.6470942402606605
2024-01-21 17:00:00,1.7182250072929754,1.7182250072929754
2024-01-21 18:00:00,1.911542595180171,1.911542595180171
2024-01-21 19:00:00,1.9816905898387491,1.9816905898387491
2024-01-21 20:00:00,2.1099771126982043,2.1099771126982043
2024-01-21 21:00:00,2.1800380919748474,2.1800380919748474
2024-01-21 22:00:00,0.0,0.0
2024-01-21 23:00:00,0.0,0.0
2024-01-22 00:00:00,0.0,0.0
2024-01-22 01:00:00,0.0,0.0
2024-01-22 02:00:00,0.0,0.0
2024-01-22 03:00:00,0.0,0.0
2024-01-22 04:00:00,0.0,0.0
2024-01-22 05:00:00,0.0,0.0
2024-01-22 06:00:00,0.0,0.0
2024-01-22 07:00:00,0.0,0.0
2024-01-22 08:00:00,0.0,0.0
2024-01-22 09:00:00,0.0,0.0
2024-01-22 10:00:00,0.1205964739131058,0.1205964739131058
2024-01-22 11:00:00,0.3576110839200335,0.3576110839200335
2024-01-22 12:00:00,0.668641491221087,0.668641491221087
2024-01-22 13:00:00,1.1434344451292124,1.1434344451292124
2024-01-22 14:00:00,1.5445223591090382,1.5445223591090382
2024-01-22 15:00:00,2.23794389669643,2.23794389669643
2024-01-22 16:00:00,2.2854097905550987,2.2854097905550987
2024-01-22 17:00:00,2.7821706069332652,2.7821706069332652
2024-01-22 18:00:00,3.6672073940467977,3.6672073940467977
2024-01-22 19:00:00,2.633037628739285,2.633037628739285
2024-01-22 20:00:00,2.963423322398945,2.963423322398945
2024-01-22 21:00:00,2.7779893526680595,2.7779893526680595
2024-01-22 22:00:00,0.0,0.0
2024-01-22 23:00:00,0.0,0.0
2024-01-23 00:00:00,0.0,0.0
2024-01-23 01:00:00,0.0,0.0
2024-01-23 02:00:00,0.0,0.0
2024-01-23 03:00:00,0.0,0.0
2024-01-23 04:00:00,0.0,0.0
2024-01-23 05:00:00,0.0,0.0
2024-01-23 06:00:00,0.0,0.0
2024-01-23 07:00:00,0.0,0.0
2024-01-23 08:00:00,0.0,0.0
2024-01-23 09:00:00,0.0,0.0
2024-01-23 10:00:00,0.10575239398727232,0.10575239398727232
2024-01-23 11:00:00,0.40014018981624583,0.40014018981624583
2024-01-23 12:00:00,0.6154574232999276,0.6154574232999276
2024-01-23 13:00:00,1.3448248529387485,1.3448248529387485
2024-01-23 14:00:00,1.7620918043075013,1.7620918043075013
2024-01-23 15:00:00,2.691995600187083,2.691995600187083
2024-01-23 16:00:00,2.5745013251939506,2.5745013251939506
2024-01-23 17:00:00,3.138737158219603,3.138737158219603
2024-01-23 18:00:00,2.730183650340168,2.730183650340168
2024-01-23 19:00:00,3.308747930691318,3.308747930691318
2024-01-23 20:00:00,3.291402943702659,3.291402943702659
2024-01-23 21:00:00,3.0045792466996333,3.0045792466996333
2024-01-23 22:00:00,0.0,0.0
2024-01-23 23:00:00,0.0,0.0
2024-01-24 00:00:00,0.0,0.0
2024-01-24 01:00:00,0.0,0.0
2024-01-24 02:00:00,0.0,0.0
2024-01-24 03:00:00,0.0,0.0
2024-01-24 04:00:00,0.0,0.0
2024-01-24 05:00:00,0.0,0.0
2024-01-24 06:00:00,0.0,0.0
2024-01-24 07:00:00,0.0,0.0
2024-01-24 08:00:00,0.0,0.0
2024-01-24 09:00:00,0.0,0.0
2024-01-24 10:00:00,0.10115326171120677,0.10115326171120677
2024-01-24 11:00:00,0.3042940523849407,0.3042940523849407
2024-01-24 12:00:00,0.7145785384150382,0.7145785384150382
2024-01-24 13:00:00,1.1357801798876308,1.1357801798876308
2024-01-24 14:00:00,1.417992052003683,1.417992052003683
2024-01-24 15:00:00,2.0517915831298468,2.0517915831298468
2024-01-24 16:00:00,2.50893725235989,2.50893725235989
2024-01-24 17:00:00,2.434410044509329,2.434410044509329
2024-01-24 18:00:00,2.8830515111282846,2.8830515111282846
2024-01-24 19:00:00,3.011323534226518,3.011323534226518
2024-01-24 20:00:00,3.2139214765516564,3.2139214765516564
2024-01-24 21:00:00,3.11521650004266,3.11521650004266
2024-01-24 22:00:00,0.0,0.0
2024-01-24 23:00:00,0.0,0.0
2024-01-25 00:00:00,0.0,0.0
2024-01-25 01:00:00,0.0,0.0
2024-01-25 02:00:00,0.0,0.0
2024-01-25 03:00:00,0.0,0.0
2024-01-25 04:00:00,0.0,0.0
2024-01-25 05:00:00,0.0,0.0
2024-01-25 06:00:00,0.0,0.0
2024-01-25 07:00:00,0.0,0.0
2024-01-25 08:00:00,0.0,0.0
2024-01-25 09:00:00,0.0,0.0
2024-01-25 10:00:00,0.09527681736749756,0.09527681736749756
2024-01-25 11:00:00,0.34301577237991454,0.34301577237991454
2024-01-25 12:00:00,0.8236190023505144,0.8236190023505144
2024-01-25 13:00:00,1.3444358331239454,1.3444358331239454
2024-01-25 14:00:00,1.5939168682493778,1.5939168682493778
2024-01-25 15:00:00,2.383463488934472,2.383463488934472
2024-01-25 16:00:00,2.413873145364232,2.413873145364232
2024-01-25 17:00:00,2.4922943153820962,2.4922943153820962
2024-01-25 18:00:00,3.6464631847875375,3.6464631847875375
2024-01-25 19:00:00,2.867444538314395,2.867444538314395
2024-01-25 20:00:00,3.168568281131283,3.168568281131283
2024-01-25 21:00:00,3.38207451659066,3.38207451659066
2024-01-25 22:00:00,0.0,0.0
2024-01-25 23:00:00,0.0,0.0
2024-01-26 00:00:00,0.0,0.0
2024-01-26 01:00:00,0.0,0.0
2024-01-26 02:00:00,0.0,0.0
2024-01-26 03:00:00,0.0,0.0
2024-01-26 04:00:00,0.0,0.0
2024-01-26 05:00:00,0.0,0.0
2024-01-26 06:00:00,0.0,0.0
2024-01-26 07:00:00,0.0,0.0
2024-01-26 08:00:00,0.0,0.0
2024-01-26 09:00:00,0.0,0.0
2024-01-26 10:00:00,0.10304100529275519,0.10304100529275519
2024-01-26 11:00:00,0.37940257842824276,0.37940257842824276
2024-01-26 12:00:00,0.6377305528572881,0.6377305528572881
2024-01-26 13:00:00,1.217979380918957,1.217979380918957
2024-01-26 14:00:00,1.7296170065539875,1.7296170065539875
2024-01-26 15:00:00,2.3720554228400643,2.3720554228400643
2024-01-26 16:00:00,2.2990655475007435,2.2990655475007435
2024-01-26 17:00:00,2.8049971532565783,2.8049971532565783
2024-01-26 18:00:00,2.7886502745428863,2.7886502745428863
2024-01-26 19:00:00,3.155054960348858,3.155054960348858
2024-01-26 20:00:00,3.0224406921284857,3.0224406921284857
2024-01-26 21:00:00,2.931805800017257,2.931805800017257
2024-01-26 22:00:00,0.0,0.0
2024-01-26 23:00:00,0.0,0.0
2024-01-27 00:00:00,0.0,0.0
2024-01-27 01:00:00,0.0,0.0
2024-01-27 02:00:00,0.0,0.0
2024-01-27 03:00:00,0.0,0.0
2024-01-27 04:00:00,0.0,0.0
2024-01-27 05:00:00,0.0,0.0
2024-01-27 06:00:00,0.0,0.0
2024-01-27 07:00:00,0.0,0.0
2024-01-27 08:00:00,0.0,0.0
2024-01-27 09:00:00,0.0,0.0
2024-01-27 10:00:00,0.06927083342169839,0.06927083342169839
2024-01-27 11:00:00,0.2731156059302714,0.2731156059302714
2024-01-27 12:00:00,0.5311148631597526,0.5311148631597526
2024-01-27 13:00:00,0.8236276448098321,0.8236276448098321
2024-01-27 14:00:00,1.1842740358106514,1.1842740358106514
2024-01-27 15:00:00,1.5429816864661205,1.5429816864661205
2024-01-27 16:00:00,1.5419169274361877,1.5419169274361877
2024-01-27 17:00:00,1.9155002118521178,1.9155002118521178
2024-01-27 18:00:00,2.4063573639642932,2.4063573639642932
2024-01-27 19:00:00,1.8678503386626542,1.8678503386626542
2024-01-27 20:00:00,1.9994394133192506,1.9994394133192506
2024-01-27 21:00:00,1.7174988925916264,1.7174988925916264
2024-01-27 22:00:00,0.0,0.0
2024-01-27 23:00:00,0.0,0.0
2024-01-28 00:00:00,0.0,0.0
2024-01-28 01:00:00,0.0,0.0
2024-01-28 02:00:00,0.0,0.0
2024-01-28 03:00:00,0.0,0.0
2024-01-28 04:00:00,0.0,0.0
2024-01-28 05:00:00,0.0,0.0
2024-01-28 06:00:00,0.0,0.0
2024-01-28 07:00:00,0.0,0.0
2024-01-28 08:00:00,0.0,0.0
2024-01-28 09:00:00,0.0,0.0
2024-01-28 10:00:00,0.06600893295798246,0.06600893295798246
2024-01-28 11:00:00,0.2694874829325977,0.2694874829325977
2024-01-28 12:00:00,0.4379544868685376,0.4379544868685376
2024-01-28 13:00:00,0.8593556454756006,0.8593556454756006
2024-01-28 14:00:00,1.2074927465564074,1.2074927465564074
2024-01-28 15:00:00,1.385268781029429,1.385268781029429
2024-01-28 16:00:00,1.4109225615066003,1.4109225615066003
2024-01-28 17:00:00,1.9662102849284544,1.9662102849284544
2024-01-28 18:00:00,1.8103576778894581,1.8103576778894581
2024-01-28 19:00:00,1.7939374176887148,1.7939374176887148
2024-01-28 20:00:00,1.9857417281146552,1.9857417281146552
2024-01-28 21:00:00,2.2534926374842965,2.2534926374842965
2024-01-28 22:00:00,0.0,0.0
2024-01-28 23:00:00,0.0,0.0
2024-01-29 00:00:00,0.0,0.0
2024-01-29 01:00:00,0.0,0.0
2024-01-29 02:00:00,0.0,0.0
2024-01-29 03:00:00,0.0,0.0
2024-01-29 04:00:00,0.0,0.0
2024-01-29 05:00:00,0.0,0.0
2024-01-29 06:00:00,0.0,0.0
2024-01-29 07:00:00,0.0,0.0
2024-01-29 08:00:00,0.0,0.0
2024-01-29 09:00:00,0.0,0.0
2024-01-29 10:00:00,0.12590297636800588,0.12590297636800588
2024-01-29 11:00:00,0.40335169459536446,0.40335169459536446
2024-01-29 12:00:00,0.6379519284703846,0.6379519284703846
2024-01-29 13:00:00,1.4804973276002014,1.4804973276002014
2024-01-29 14:00:00,1.6246767828753774,1.6246767828753774
2024-01-29 15:00:00,2.2389471808159715,2.2389471808159715
2024-01-29 16:00:00,2.5439623156722204,2.5439623156722204
2024-01-29 17:00:00,2.6950392321043264,2.6950392321043264
2024-01-29 18:00:00,3.1506583970762754,3.1506583970762754
2024-01-29 19:00:00,2.7632078055146656,2.7632078055146656
2024-01-29 20:00:00,2.6817050084673006,2.6817050084673006
2024-01-29 21:00:00,2.6465352317430804,2.6465352317430804
2024-01-29 22:00:00,0.0,0.0
2024-01-29 23:00:00,0.0,0.0
2024-01-30 00:00:00,0.0,0.0
2024-01-30 01:00:00,0.0,0.0
2024-01-30 02:00:00,0.0,0.0
2024-01-30 03:00:00,0.0,0.0
2024-01-30 04:00:00,0.0,0.0
2024-01-30 05:00:00,0.0,0.0
2024-01-30 06:00:00,0.0,0.0
2024-01-30 07:00:00,0.0,0.0
2024-01-30 08:00:00,0.0,0.0
2024-01-30 09:00:00,0.0,0.0
2024-01-30 10:00:00,0.12991436698706865,0.12991436698706865
2024-01-30 11:00:00,0.39577786436708556,0.39577786436708556
2024-01-30 12:00:00,0.6747621029972132,0.6747621029972132
2024-01-30 13:00:00,1.3758071841279895,1.3758071841279895
2024-01-30 14:00:00,1.6032301957434152,1.6032301957434152
2024-01-30 15:00:00,2.367208743973454,2.367208743973454
2024-01-30 16:00:00,2.474023561759503,2.474023561759503
2024-01-30 17:00:00,2.6416265230374147,2.6416265230374147
2024-01-30 18:00:00,2.9238326875373803,2.9238326875373803
2024-01-30 19:00:00,3.0464969917555336,3.0464969917555336
2024-01-30 20:00:00,2.9757164427889258,2.9757164427889258
2024-01-30 21:00:00,3.3441060220148073,3.3441060220148073
2024-01-30 22:00:00,0.0,0.0
2024-01-30 23:00:00,0.0,0.0
2024-01-31 00:00:00,0.0,0.0
2024-01-31 01:00:00,0.0,0.0
2024-01-31 02:00:00,0.0,0.0
2024-01-31 03:00:00,0.0,0.0
2024-01-31 04:00:00,0.0,0.0
2024-01-31 05:00:00,0.0,0.0
2024-01-31 06:00:00,0.0,0.0
2024-01-31 07:00:00,0.0,0.0
2024-01-31 08:00:00,0.0,0.0
2024-01-31 09:00:00,0.0,0.0
2024-01-31 10:00:00,0.11807897619449023,0.11807897619449023
2024-01-31 11:00:00,0.38661100108948315,0.38661100108948315
2024-01-31 12:00:00,0.7694255158384291,0.7694255158384291
2024-01-31 13:00:00,1.399497339338714,1.399497339338714
2024-01-31 14:00:00,1.5986487393440496,1.5986487393440496
2024-01-31 15:00:00,2.3968635897814368,2.3968635897814368
2024-01-31 16:00:00,2.301915212328827,2.301915212328827
2024-01-31 17:00:00,2.4387005474477927,2.4387005474477927
2024-01-31 18:00:00,3.5529470908512,3.5529470908512
2024-01-31 19:00:00,3.2851747797364492,3.2851747797364492
2024-01-31 20:00:00,2.7040271004003356,2.7040271004003356
2024-01-31 21:00:00,3.151131863960759,3.151131863960759
2024-01-31 22:00:00,0.0,0.0
2024-01-31 23:00:00,0.0,0.0
2024-02-01 00:00:00,0.0,0.0
2024-02-01 01:00:00,0.0,0.0
2024-02-01 02:00:00,0.0,0.0
2024-02-01 03:00:00,0.0,0.0
2024-02-01 04:00:00,0.0,0.0
2024-02-01 05:00:00,0.0,0.0
2024-02-01 06:00:00,0.0,0.0
2024-02-01 07:00:00,0.0,0.0
2024-02-01 08:00:00,0.0,0.0
2024-02-01 09:00:00,0.0,0.0
2024-02-01 10:00:00,0.09325362015238932,0.09325362015238932
2024-02-01 11:00:00,0.38719612362185324,0.38719612362185324
2024-02-01 12:00:00,0.6816501948688807,0.6816501948688807
2024-02-01 13:00:00,1.1484034318007326,1.1484034318007326
2024-02-01 14:00:00,1.7849970423205346,1.7849970423205346
2024-02-01 15:00:00,2.6520623981234,2.6520623981234
2024-02-01 16:00:00,2.209978158548058,2.209978158548058
2024-02-01 17:00:00,2.473490366275563,2.473490366275563
2024-02-01 18:00:00,2.9870036097002246,2.9870036097002246
2024-02-01 19:00:00,3.2401213280275822,3.2401213280275822
2024-02-01 20:00:00,3.2341239583316006,3.2341239583316006
2024-02-01 21:00:00,3.140377649968041,3.140377649968041
2024-02-01 22:00:00,0.0,0.0
2024-02-01 23:00:00,0.0,0.0
2024-02-02 00:00:00,0.0,0.0
2024-02-02 01:00:00,0.0,0.0
2024-02-02 02:00:00,0.0,0.0
2024-02-02 03:00:00,0.0,0.0
2024-02-02 04:00:00,0.0,0.0
2024-02-02 05:00:00,0.0,0.0
2024-02-02 06:00:00,0.0,0.0
2024-02-02 07:00:00,0.0,0.0
2024-02-02 08:00:00,0.0,0.0
2024-02-02 09:00:00,0.0,0.0
2024-02-02 10:00:00,0.1184258327999533,0.1184258327999533
2024-02-02 11:00:00,0.4080205229447979,0.4080205229447979
2024-02-02 12:00:00,0.6509297086868644,0.6509297086868644
2024-02-02 13:00:00,1.1935079301435922,1.1935079301435922
2024-02-02 14:00:00,1.5485021914780053,1.5485021914780053
2024-02-02 15:00:00,2.789143499363281,2.789143499363281
2024-02-02 16:00:00,2.260095096560388,2.260095096560388
2024-02-02 17:00:00,2.825436848589115,2.825436848589115
2024-02-02 18:00:00,3.4728829361959144,3.4728829361959144
2024-02-02 19:00:00,3.2211750623959023,3.2211750623959023
2024-02-02 20:00:00,3.3984970072362546,3.3984970072362546
2024-02-02 21:00:00,3.2273376409780163,3.2273376409780163
2024-02-02 22:00:00,0.0,0.0
2024-02-02 23:00:00,0.0,0.0
2024-02-03 00:00:00,0.0,0.0
2024-02-03 01:00:00,0.0,0.0
2024-02-03 02:00:00,0.0,0.0
2024-02-03 03:00:00,0.0,0.0
2024-02-03 04:00:00,0.0,0.0
2024-02-03 05:00:00,0.0,0.0
2024-02-03 06:00:00,0.0,0.0
2024-02-03 07:00:00,0.0,0.0
2024-02-03 08:00:00,0.0,0.0
2024-02-03 09:00:00,0.0,0.0
2024-02-03 10:00:00,0.07045548439685992,0.07045548439685992
2024-02-03 11:00:00,0.2964320478726281,0.2964320478726281
2024-02-03 12:00:00,0.49476995013801306,0.49476995013801306
2024-02-03 13:00:00,0.8854849682832342,0.8854849682832342
2024-02-03 14:00:00,1.118912948849675,1.118912948849675
2024-02-03 15:00:00,1.6509687224990164,1.6509687224990164
2024-02-03 16:00:00,1.5323886741426611,1.5323886741426611
2024-02-03 17:00:00,1.891994523651191,1.891994523651191
2024-02-03 18:00:00,1.9715882962518687,1.9715882962518687
2024-02-03 19:00:00,1.8615931204003142,1.8615931204003142
2024-02-03 20:00:00,1.880644762596602,1.880644762596602
2024-02-03 21:00:00,1.8428437391021453,1.8428437391021453
2024-02-03 22:00:00,0.0,0.0
2024-02-03 23:00:00,0.0,0.0
2024-02-04 00:00:00,0.0,0.0
2024-02-04 01:00:00,0.0,0.0
2024-02-04 02:00:00,0.0,0.0
2024-02-04 03:00:00,0.0,0.0
2024-02-04 04:00:00,0.0,0.0
2024-02-04 05:00:00,0.0,0.0
2024-02-04 06:00:00,0.0,0.0
2024-02-04 07:00:00,0.0,0.0
2024-02-04 08:00:00,0.0,0.0
2024-02-04 09:00:00,0.0,0.0
2024-02-04 10:00:00,0.07329531267559763,0.07329531267559763
2024-02-04 11:00:00,0.24086072778773016,0.24086072778773016
2024-02-04 12:00:00,0.5072154896024376,0.5072154896024376
2024-02-04 13:00:00,0.9552315848078694,0.9552315848078694
2024-02-04 14:00:00,1.161411050571881,1.161411050571881
2024-02-04 15:00:00,1.5528784100309267,1.5528784100309267
2024-02-04 16:00:00,1.5629724480260039,1.5629724480260039
2024-02-04 17:00:00,1.8614737843500873,1.8614737843500873
2024-02-04 18:00:00,1.9817959026050471,1.9817959026050471
2024-02-04 19:00:00,1.9841036166560782,1.9841036166560782
2024-02-04 20:00:00,2.2948615481141372,2.2948615481141372
2024-02-04 21:00:00,2.0734473583257094,2.0734473583257094
2024-02-04 22:00:00,0.0,0.0
2024-02-04 23:00:00,0.0,0.0
2024-02-05 00:00:00,0.0,0.0
2024-02-05 01:00:00,0.0,0.0
2024-02-05 02:00:00,0.0,0.0
2024-02-05 03:00:00,0.0,0.0
2024-02-05 04:00:00,0.0,0.0
2024-02-05 05:00:00,0.0,0.0
2024-02-05 06:00:00,0.0,0.0
2024-02-05 07:00:00,0.0,0.0
2024-02-05 08:00:00,0.0,0.0
2024-02-05 09:00:00,0.0,0.0
2024-02-05 10:00:00,0.1127722919375215,0.1127722919375215
2024-02-05 11:00:00,0.3501694027538044,0.3501694027538044
2024-02-05 12:00:00,0.6021174603682781,0.6021174603682781
2024-02-05 13:00:00,1.0757648601946461,1.0757648601946461
2024-02-05 14:00:00,1.4017943847336338,1.4017943847336338
2024-02-05 15:00:00,2.6347337640893187,2.6347337640893187
2024-02-05 16:00:00,2.1073843382191524,2.1073843382191524
2024-02-05 17:00:00,2.876559147868044,2.876559147868044
2024-02-05 18:00:00,2.915240989970276,2.915240989970276
2024-02-05 19:00:00,3.1107411856282536,3.1107411856282536
2024-02-05 20:00:00,3.2520467322774986,3.2520467322774986
2024-02-05 21:00:00,2.6900195738894093,2.6900195738894093
2024-02-05 22:00:00,0.0,0.0
2024-02-05 23:00:00,0.0,0.0
2024-02-06 00:00:00,0.0,0.0
2024-02-06 01:00:00,0.0,0.0
2024-02-06 02:00:00,0.0,0.0
2024-02-06 03:00:00,0.0,0.0
2024-02-06 04:00:00,0.0,0.0
2024-02-06 05:00:00,0.0,0.0
2024-02-06 06:00:00,0.0,0.0
2024-02-06 07:00:00,0.0,0.0
2024-02-06 08:00:00,0.0,0.0
2024-02-06 09:00:00,0.0,0.0
2024-02-06 10:00:00,0.10992010402174285,0.10992010402174285
2024-02-06 11:00:00,0.31036701638386727,0.31036701638386727
2024-02-06 12:00:00,0.6528615199696153,0.6528615199696153
2024-02-06 13:00:00,1.2469795690940846,1.2469795690940846
2024-02-06 14:00:00,1.4110655303970012,1.4110655303970012
2024-02-06 15:00:00,1.8513092591891471,1.8513092591891471
2024-02-06 16:00:00,2.297088765882885,2.297088765882885
2024-02-06 17:00:00,2.732988619863583,2.732988619863583
2024-02-06 18:00:00,3.1001688836864685,3.1001688836864685
2024-02-06 19:00:00,2.4367150181741586,2.4367150181741586
2024-02-06 20:00:00,2.843599126118536,2.843599126118536
2024-02-06 21:00:00,2.4959048452092953,2.4959048452092953
2024-02-06 22:00:00,0.0,0.0
2024-02-06 23:00:00,0.0,0.0
2024-02-07 00:00:00,0.0,0.0
2024-02-07 01:00:00,0.0,0.0
2024-02-07 02:00:00,0.0,0.0
2024-02-07 03:00:00,0.0,0.0
2024-02-07 04:00:00,0.0,0.0
2024-02-07 05:00:00,0.0,0.0
2024-02-07 06:00:00,0.0,0.0
2024-02-07 07:00:00,0.0,0.0
2024-02-07 08:00:00,0.0,0.0
2024-02-07 09:00:00,0.0,0.0
2024-02-07 10:00:00,0.09484704478659735,0.09484704478659735
2024-02-07 11:00:00,0.37158016862060467,0.37158016862060467
2024-02-07 12:00:00,0.7649168984519685,0.7649168984519685
2024-02-07 13:00:00,1.3476489542305565,1.3476489542305565
2024-02-07 14:00:00,1.5245718077039563,1.5245718077039563
2024-02-07 15:00:00,2.138292179698787,2.138292179698787
2024-02-07 16:00:00,2.1618403812687603,2.1618403812687603
2024-02-07 17:00:00,3.1072091189331075,3.1072091189331075
2024-02-07 18:00:00,3.019678631272432,3.019678631272432
2024-02-07 19:00:00,3.4605188432006875,3.4605188432006875
2024-02-07 20:00:00,3.1561354916522313,3.1561354916522313
2024-02-07 21:00:00,3.4804482144034026,3.4804482144034026
2024-02-07 22:00:00,0.0,0.0
2024-02-07 23:00:00,0.0,0.0
2024-02-08 00:00:00,0.0,0.0
2024-02-08 01:00:00,0.0,0.0
2024-02-08 02:00:00,0.0,0.0
2024-02-08 03:00:00,0.0,0.0
2024-02-08 04:00:00,0.0,0.0
2024-02-08 05:00:00,0.0,0.0
2024-02-08 06:00:00,0.0,0.0
2024-02-08 07:00:00,0.0,0.0
2024-02-08 08:00:00,0.0,0.0
2024-02-08 09:00:00,0.0,0.0
2024-02-08 10:00:00,0.10128474825537279,0.10128474825537279
2024-02-08 11:00:00,0.44461744739893866,0.44461744739893866
2024-02-08 12:00:00,0.7080533239220874,0.7080533239220874
2024-02-08 13:00:00,1.3773052397051324,1.3773052397051324
2024-02-08 14:00:00,1.816525976542993,1.816525976542993
2024-02-08 15:00:00,2.8028392974294927,2.8028392974294927
2024-02-08 16:00:00,2.715810232119702,2.715810232119702
2024-02-08 17:00:00,3.4326812537105473,3.4326812537105473
2024-02-08 18:00:00,3.5895301694072286,3.5895301694072286
2024-02-08 19:00:00,3.0844050504087175,3.0844050504087175
2024-02-08 20:00:00,3.689536373554842,3.689536373554842
2024-02-08 21:00:00,3.253438833132217,3.253438833132217
2024-02-08 22:00:00,0.0,0.0
2024-02-08 23:00:00,0.0,0.0
2024-02-09 00:00:00,0.0,0.0
2024-02-09 01:00:00,0.0,0.0
2024-02-09 02:00:00,0.0,0.0
2024-02-09 03:00:00,0.0,0.0
2024-02-09 04:00:00,0.0,0.0
2024-02-09 05:00:00,0.0,0.0
2024-02-09 06:00:00,0.0,0.0
2024-02-09 07:00:00,0.0,0.0
2024-02-09 08:00:00,0.0,0.0
2024-02-09 09:00:00,0.0,0.0
2024-02-09 10:00:00,0.10163784654924823,0.10163784654924823
2024-02-09 11:00:00,0.3220091886528356,0.3220091886528356
2024-02-09 12:00:00,0.6630118235322742,0.6630118235322742
2024-02-09 13:00:00,1.0461067324757727,1.0461067324757727
2024-02-09 14:00:00,1.6264652604935796,1.6264652604935796
2024-02-09 15:00:00,2.0187016411467553,2.0187016411467553
2024-02-09 16:00:00,1.9249330558253661,1.9249330558253661
2024-02-09 17:00:00,2.3238605930433622,2.3238605930433622
2024-02-09 18:00:00,2.9283333508323968,2.9283333508323968
2024-02-09 19:00:00,2.921450472223853,2.921450472223853
2024-02-09 20:00:00,2.721382603301247,2.721382603301247
2024-02-09 21:00:00,2.6489399692498368,2.6489399692498368
2024-02-09 22:00:00,0.0,0.0
2024-02-09 23:00:00,0.0,0.0
2024-02-10 00:00:00,0.0,0.0
2024-02-10 01:00:00,0.0,0.0
2024-02-10 02:00:00,0.0,0.0
2024-02-10 03:00:00,0.0,0.0
2024-02-10 04:00:00,0.0,0.0
2024-02-10 05:00:00,0.0,0.0
2024-02-10 06:00:00,0.0,0.0
2024-02-10 07:00:00,0.0,0.0
2024-02-10 08:00:00,0.0,0.0
2024-02-10 09:00:00,0.0,0.0
2024-02-10 10:00:00,0.071861291237004,0.071861291237004
2024-02-10 11:00:00,0.3229804589941549,0.3229804589941549
2024-02-10 12:00:00,0.49242041302011325,0.49242041302011325
2024-02-10 13:00:00,0.8921260267649868,0.8921260267649868
2024-02-10 14:00:00,1.1196791570849078,1.1196791570849078
2024-02-10 15:00:00,1.6608743256191911,1.6608743256191911
2024-02-10 16:00:00,1.7610762834798253,1.7610762834798253
2024-02-10 17:00:00,1.8248599967561607,1.8248599967561607
2024-02-10 18:00:00,2.0932019334859286,2.0932019334859286
2024-02-10 19:00:00,2.0311977419207925,2.0311977419207925
2024-02-10 20:00:00,1.9054720635929416,1.9054720635929416
2024-02-10 21:00:00,2.275335016302285,2.275335016302285
2024-02-10 22:00:00,0.0,0.0
2024-02-10 23:00:00,0.0,0.0
2024-02-11 00:00:00,0.0,0.0
2024-02-11 01:00:00,0.0,0.0
2024-02-11 02:00:00,0.0,0.0
2024-02-11 03:00:00,0.0,0.0
2024-02-11 04:00:00,0.0,0.0
2024-02-11 05:00:00,0.0,0.0
2024-02-11 06:00:00,0.0,0.0
2024-02-11 07:00:00,0.0,0.0
2024-02-11 08:00:00,0.0,0.0
2024-02-11 09:00:00,0.0,0.0
2024-02-11 10:00:00,0.07357939596658652,0.07357939596658652
2024-02-11 11:00:00,0.2427953239535445,0.2427953239535445
2024-02-11 12:00:00,0.4376332121093144,0.4376332121093144
2024-02-11 13:00:00,0.8595172049775626,0.8595172049775626
2024-02-11 14:00:00,1.210355559028411,1.210355559028411
2024-02-11 15:00:00,1.6609384442317539,1.6609384442317539
2024-02-11 16:00:00,1.458961983353302,1.458961983353302
2024-02-11 17:00:00,1.6520048302547954,1.6520048302547954
2024-02-11 18:00:00,2.1049035982659867,2.1049035982659867
2024-02-11 19:00:00,1.8059173340464514,1.8059173340464514
2024-02-11 20:00:00,1.8788930521140772,1.8788930521140772
2024-02-11 21:00:00,2.1642011203778675,2.1642011203778675
2024-02-11 22:00:00,0.0,0.0
2024-02-11 23:00:00,0.0,0.0
2024-02-12 00:00:00,0.0,0.0
2024-02-12 01:00:00,0.0,0.0
2024-02-12 02:00:00,0.0,0.0
2024-02-12 03:00:00,0.0,0.0
2024-02-12 04:00:00,0.0,0.0
2024-02-12 05:00:00,0.0,0.0
2024-02-12 06:00:00,0.0,0.0
2024-02-12 07:00:00,0.0,0.0
2024-02-12 08:00:00,0.0,0.0
2024-02-12 09:00:00,0.0,0.0
2024-02-12 10:00:00,0.10892630275732469,0.10892630275732469
2024-02-12 11:00:00,0.41755915930053883,0.41755915930053883
2024-02-12 12:00:00,0.7581516630111859,0.7581516630111859
2024-02-12 13:00:00,1.3784983095655619,1.3784983095655619
2024-02-12 14:00:00,1.5062971478369644,1.5062971478369644
2024-02-12 15:00:00,2.4979927642734014,2.4979927642734014
2024-02-12 16:00:00,2.228791032959592,2.228791032959592
2024-02-12 17:00:00,2.4309432761635708,2.4309432761635708
2024-02-12 18:00:00,2.9090265278809353,2.9090265278809353
2024-02-12 19:00:00,2.7492272892992156,2.7492272892992156
2024-02-12 20:00:00,3.0252413184066342,3.0252413184066342
2024-02-12 21:00:00,2.996240456402439,2.996240456402439
2024-02-12 22:00:00,0.0,0.0
2024-02-12 23:00:00,0.0,0.0
2024-02-13 00:00:00,0.0,0.0
2024-02-13 01:00:00,0.0,0.0
2024-02-13 02:00:00,0.0,0.0
2024-02-13 03:00:00,0.0,0.0
2024-02-13 04:00:00,0.0,0.0
2024-02-13 05:00:00,0.0,0.0
2024-02-13 06:00:00,0.0,0.0
2024-02-13 07:00:00,0.0,0.0
2024-02-13 08:00:00,0.0,0.0
2024-02-13 09:00:00,0.0,0.0
2024-02-13 10:00:00,0.10649427619669732,0.10649427619669732
2024-02-13 11:00:00,0.3060674912167022,0.3060674912167022
2024-02-13 12:00:00,0.706951995935543,0.706951995935543
2024-02-13 13:00:00,1.1581204439830817,1.1581204439830817
2024-02-13 14:00:00,1.6933826757358525,1.6933826757358525
2024-02-13 15:00:00,2.095844032270749,2.095844032270749
2024-02-13 16:00:00,2.290627056524853,2.290627056524853
2024-02-13 17:00:00,2.374552472298016,2.374552472298016
2024-02-13 18:00:00,3.0929425279548197,3.0929425279548197
2024-02-13 19:00:00,3.1050520309349645,3.1050520309349645
2024-02-13 20:00:00,2.6385822383892426,2.6385822383892426
2024-02-13 21:00:00,2.582105405997564,2.582105405997564
2024-02-13 22:00:00,0.0,0.0
2024-02-13 23:00:00,0.0,0.0
2024-02-14 00:00:00,0.0,0.0
2024-02-14 01:00:00,0.0,0.0
2024-02-14 02:00:00,0.0,0.0
2024-02-14 03:00:00,0.0,0.0
2024-02-14 04:00:00,0.0,0.0
2024-02-14 05:00:00,0.0,0.0
2024-02-14 06:00:00,0.0,0.0
2024-02-14 07:00:00,0.0,0.0
2024-02-14 08:00:00,0.0,0.0
2024-02-14 09:00:00,0.0,0.0
2024-02-14 10:00:00,0.11134010330902878,0.11134010330902878
2024-02-14 11:00:00,0.3186170991322227,0.3186170991322227
2024-02-14 12:00:00,0.6488807658795889,0.6488807658795889
2024-02-14 13:00:00,1.1118149561278787,1.1118149561278787
2024-02-14 14:00:00,1.5967225906617064,1.5967225906617064
2024-02-14 15:00:00,2.0773450404282587,2.0773450404282587
2024-02-14 16:00:00,2.4365302950841303,2.4365302950841303
2024-02-14 17:00:00,2.882248969297452,2.882248969297452
2024-02-14 18:00:00,2.859694335710892,2.859694335710892
2024-02-14 19:00:00,2.8919647985159127,2.8919647985159127
2024-02-14 20:00:00,2.9121290866311407,2.9121290866311407
2024-02-14 21:00:00,2.6280998569916796,2.6280998569916796
2024-02-14 22:00:00,0.0,0.0
2024-02-14 23:00:00,0.0,0.0
2024-02-15 00:00:00,0.0,0.0
2024-02-15 01:00:00,0.0,0.0
2024-02-15 02:00:00,0.0,0.0
2024-02-15 03:00:00,0.0,0.0
2024-02-15 04:00:00,0.0,0.0
2024-02-15 05:00:00,0.0,0.0
2024-02-15 06:00:00,0.0,0.0
2024-02-15 07:00:00,0.0,0.0
2024-02-15 08:00:00,0.0,0.0
2024-02-15 09:00:00,0.0,0.0
2024-02-15 10:00:00,0.11767670644862092,0.11767670644862092
2024-02-15 11:00:00,0.40499287749241397,0.40499287749241397
2024-02-15 12:00:00,0.6305273010602666,0.6305273010602666
2024-02-15 13:00:00,1.4358310330355688,1.4358310330355688
2024-02-15 14:00:00,1.7421957905360228,1.7421957905360228
2024-02-15 15:00:00,2.5053412581574586,2.5053412581574586
2024-02-15 16:00:00,2.510609150953477,2.510609150953477
2024-02-15 17:00:00,3.1767112802763253,3.1767112802763253
2024-02-15 18:00:00,3.2887565830930057,3.2887565830930057
2024-02-15 19:00:00,3.2679718394835393,3.2679718394835393
2024-02-15 20:00:00,3.154587852397906,3.154587852397906
2024-02-15 21:00:00,3.3155509393654787,3.3155509393654787
2024-02-15 22:00:00,0.0,0.0
2024-02-15 23:00:00,0.0,0.0
2024-02-16 00:00:00,0.0,0.0
2024-02-16 01:00:00,0.0,0.0
2024-02-16 02:00:00,0.0,0.0
2024-02-16 03:00:00,0.0,0.0
2024-02-16 04:00:00,0.0,0.0
2024-02-16 05:00:00,0.0,0.0
2024-02-16 06:00:00,0.0,0.0
2024-02-16 07:00:00,0.0,0.0
2024-02-16 08:00:00,0.0,0.0
2024-02-16 09:00:00,0.0,0.0
2024-02-16 10:00:00,0.11721580071720865,0.11721580071720865
2024-02-16 11:00:00,0.4145274174574603,0.4145274174574603
2024-02-16 12:00:00,0.7491034087601988,0.7491034087601988
2024-02-16 13:00:00,1.495111356176398,1.495111356176398
2024-02-16 14:00:00,1.785054417754632,1.785054417754632
2024-02-16 15:00:00,2.094885692169233,2.094885692169233
2024-02-16 16:00:00,2.242140249179271,2.242140249179271
2024-02-16 17:00:00,2.636336758724509,2.636336758724509
2024-02-16 18:00:00,3.419319386594987,3.419319386594987
2024-02-16 19:00:00,2.721862621844245,2.721862621844245
2024-02-16 20:00:00,3.48904888009312,3.48904888009312
2024-02-16 21:00:00,2.7404668925857374,2.7404668925857374
2024-02-16 22:00:00,0.0,0.0
2024-02-16 23:00:00,0.0,0.0
2024-02-17 00:00:00,0.0,0.0
2024-02-17 01:00:00,0.0,0.0
2024-02-17 02:00:00,0.0,0.0
2024-02-17 03:00:00,0.0,0.0
2024-02-17 04:00:00,0.0,0.0
2024-02-17 05:00:00,0.0,0.0
2024-02-17 06:00:00,0.0,0.0
2024-02-17 07:00:00,0.0,0.0
2024-02-17 08:00:00,0.0,0.0
2024-02-17 09:00:00,0.0,0.0
2024-02-17 10:00:00,0.08028900759303698,0.08028900759303698
2024-02-17 11:00:00,0.33282180899806724,0.33282180899806724
2024-02-17 12:00:00,0.5592021041492082,0.5592021041492082
2024-02-17 13:00:00,0.948284555925903,0.948284555925903
2024-02-17 14:00:00,1.1049298612049132,1.1049298612049132
2024-02-17 15:00:00,1.7853179247585393,1.7853179247585393
2024-02-17 16:00:00,1.7455407580276536,1.7455407580276536
2024-02-17 17:00:00,1.8464937496252016,1.8464937496252016
2024-02-17 18:00:00,2.659627203491352,2.659627203491352
2024-02-17 19:00:00,1.972200358766222,1.972200358766222
2024-02-17 20:00:00,2.594406912322641,2.594406912322641
2024-02-17 21:00:00,1.9179332339039088,1.9179332339039088
2024-02-17 22:00:00,0.0,0.0
2024-02-17 23:00:00,0.0,0.0
2024-02-18 00:00:00,0.0,0.0
2024-02-18 01:00:00,0.0,0.0
2024-02-18 02:00:00,0.0,0.0
2024-02-18 03:00:00,0.0,0.0
2024-02-18 04:00:00,0.0,0.0
2024-02-18 05:00:00,0.0,0.0
2024-02-18 06:00:00,0.0,0.0
2024-02-18 07:00:00,0.0,0.0
2024-02-18 08:00:00,0.0,0.0
2024-02-18 09:00:00,0.0,0.0
2024-02-18 10:00:00,0.09003168300841546,0.09003168300841546
2024-02-18 11:00:00,0.2617887498861391,0.2617887498861391
2024-02-18 12:00:00,0.5389531230830799,0.5389531230830799
2024-02-18 13:00:00,1.0233465614915587,1.0233465614915587
2024-02-18 14:00:00,1.1709485999759546,1.1709485999759546
2024-02-18 15:00:00,1.7114347376915002,1.7114347376915002
2024-02-18 16:00:00,2.0232888642657976,2.0232888642657976
2024-02-18 17:00:00,1.9656571118009112,1.9656571118009112
2024-02-18 18:00:00,2.208465469735776,2.208465469735776
2024-02-18 19:00:00,1.9412426128460722,1.9412426128460722
2024-02-18 20:00:00,2.35483197976437,2.35483197976437
2024-02-18 21:00:00,2.2041555902984284,2.2041555902984284
2024-02-18 22:00:00,0.0,0.0
2024-02-18 23:00:00,0.0,0.0
2024-02-19 00:00:00,0.0,0.0
2024-02-19 01:00:00,0.0,0.0
2024-02-19 02:00:00,0.0,0.0
2024-02-19 03:00:00,0.0,0.0
2024-02-19 04:00:00,0.0,0.0
2024-02-19 05:00:00,0.0,0.0
2024-02-19 06:00:00,0.0,0.0
2024-02-19 07:00:00,0.0,0.0
2024-02-19 08:00:00,0.0,0.0
2024-02-19 09:00:00,0.0,0.0
2024-02-19 10:00:00,0.11587689534310365,0.11587689534310365
2024-02-19 11:00:00,0.3208023226269128,0.3208023226269128
2024-02-19 12:00:00,0.6548111695229402,0.6548111695229402
2024-02-19 13:00:00,1.2504289354123603,1.2504289354123603
2024-02-19 14:00:00,1.560584483083927,1.560584483083927
2024-02-19 15:00:00,2.362234243013462,2.362234243013462
2024-02-19 16:00:00,2.286916200245852,2.286916200245852
2024-02-19 17:00:00,2.3186623638783046,2.3186623638783046
2024-02-19 18:00:00,2.7025236855597234,2.7025236855597234
2024-02-19 19:00:00,2.9340229402952973,2.9340229402952973
2024-02-19 20:00:00,3.162653211209942,3.162653211209942
2024-02-19 21:00:00,2.4177535615536585,2.4177535615536585
2024-02-19 22:00:00,0.0,0.0
2024-02-19 23:00:00,0.0,0.0
2024-02-20 00:00:00,0.0,0.0
2024-02-20 01:00:00,0.0,0.0
2024-02-20 02:00:00,0.0,0.0
2024-02-20 03:00:00,0.0,0.0
2024-02-20 04:00:00,0.0,0.0
2024-02-20 05:00:00,0.0,0.0
2024-02-20 06:00:00,0.0,0.0
2024-02-20 07:00:00,0.0,0.0
2024-02-20 08:00:00,0.0,0.0
2024-02-20 09:00:00,0.0,0.0
2024-02-20 10:00:00,0.10915451050828223,0.10915451050828223
2024-02-20 11:00:00,0.4826356530949346,0.4826356530949346
2024-02-20 12:00:00,0.7315761076473937,0.7315761076473937
2024-02-20 13:00:00,1.3587476883796303,1.3587476883796303
2024-02-20 14:00:00,1.608583297299692,1.608583297299692
2024-02-20 15:00:00,2.6101351822843255,2.6101351822843255
2024-02-20 16:00:00,2.7049538346941984,2.7049538346941984
2024-02-20 17:00:00,3.0234747186714417,3.0234747186714417
2024-02-20 18:00:00,3.735793853378032,3.735793853378032
2024-02-20 19:00:00,3.077654684794447,3.077654684794447
2024-02-20 20:00:00,3.4313309856668943,3.4313309856668943
2024-02-20 21:00:00,2.9746613625532,2.9746613625532
2024-02-20 22:00:00,0.0,0.0
2024-02-20 23:00:00,0.0,0.0
2024-02-21 00:00:00,0.0,0.0
2024-02-21 01:00:00,0.0,0.0
2024-02-21 02:00:00,0.0,0.0
2024-02-21 03:00:00,0.0,0.0
2024-02-21 04:00:00,0.0,0.0
2024-02-21 05:00:00,0.0,0.0
2024-02-21 06:00:00,0.0,0.0
2024-02-21 07:00:00,0.0,0.0
2024-02-21 08:00:00,0.0,0.0
2024-02-21 09:00:00,0.0,0.0
2024-02-21 10:00:00,0.1139064400078058,0.1139064400078058
2024-02-21 11:00:00,0.36698466616581576,0.36698466616581576
2024-02-21 12:00:00,0.7130197156247442,0.7130197156247442
2024-02-21 13:00:00,1.3412140534216852,1.3412140534216852
2024-02-21 14:00:00,1.3880978486377304,1.3880978486377304
2024-02-21 15:00:00,2.468919772662372,2.468919772662372
2024-02-21 16:00:00,2.5183809322400887,2.5183809322400887
2024-02-21 17:00:00,2.803917989185841,2.803917989185841
2024-02-21 18:00:00,2.940445390113764,2.940445390113764
2024-02-21 19:00:00,2.834542262753099,2.834542262753099
2024-02-21 20:00:00,2.606247583848232,2.606247583848232
2024-02-21 21:00:00,3.0483159656346226,3.0483159656346226
2024-02-21 22:00:00,0.0,0.0
2024-02-21 23:00:00,0.0,0.0
2024-02-22 00:00:00,0.0,0.0
2024-02-22 01:00:00,0.0,0.0
2024-02-22 02:00:00,0.0,0.0
2024-02-22 03:00:00,0.0,0.0
2024-02-22 04:00:00,0.0,0.0
2024-02-22 05:00:00,0.0,0.0
2024-02-22 06:00:00,0.0,0.0
2024-02-22 07:00:00,0.0,0.0
2024-02-22 08:00:00,0.0,0.0
2024-02-22 09:00:00,0.0,0.0
2024-02-22 10:00:00,0.13027982860817627,0.13027982860817627
2024-02-22 11:00:00,0.4413077444550292,0.4413077444550292
2024-02-22 12:00:00,0.8389683221141917,0.8389683221141917
2024-02-22 13:00:00,1.4850345176009396,1.4850345176009396
2024-02-22 14:00:00,1.7436974629234634,1.7436974629234634
2024-02-22 15:00:00,2.496526914327077,2.496526914327077
2024-02-22 16:00:00,2.1953318695723794,2.1953318695723794
2024-02-22 17:00:00,2.9598775249032783,2.9598775249032783
2024-02-22 18:00:00,3.3983648793986796,3.3983648793986796
2024-02-22 19:00:00,3.414631519289321,3.414631519289321
2024-02-22 20:00:00,3.3336773739176313,3.3336773739176313
2024-02-22 21:00:00,2.9780278819861175,2.9780278819861175
2024-02-22 22:00:00,0.0,0.0
2024-02-22 23:00:00,0.0,0.0
2024-02-23 00:00:00,0.0,0.0
2024-02-23 01:00:00,0.0,0.0
2024-02-23 02:00:00,0.0,0.0
2024-02-23 03:00:00,0.0,0.0
2024-02-23 04:00:00,0.0,0.0
2024-02-23 05:00:00,0.0,0.0
2024-02-23 06:00:00,0.0,0.0
2024-02-23 07:00:00,0.0,0.0
2024-02-23 08:00:00,0.0,0.0
2024-02-23 09:00:00,0.0,0.0
2024-02-23 10:00:00,0.09775590872687015,0.09775590872687015
2024-02-23 11:00:00,0.36835573235037194,0.36835573235037194
2024-02-23 12:00:00,0.7361076480000674,0.7361076480000674
2024-02-23 13:00:00,1.3031866430120829,1.3031866430120829
2024-02-23 14:00:00,1.6963199850950643,1.6963199850950643
2024-02-23 15:00:00,2.091216688678311,2.091216688678311
2024-02-23 16:00:00,2.0643199129540246,2.0643199129540246
2024-02-23 17:00:00,2.96186625482752,2.96186625482752
2024-02-23 18:00:00,3.3861788029988977,3.3861788029988977
2024-02-23 19:00:00,2.5542531002415862,2.5542531002415862
2024-02-23 20:00:00,3.370620095889778,3.370620095889778
2024-02-23 21:00:00,3.2286127892018417,3.2286127892018417
2024-02-23 22:00:00,0.0,0.0
2024-02-23 23:00:00,0.0,0.0
2024-02-24 00:00:00,0.0,0.0
2024-02-24 01:00:00,0.0,0.0
2024-02-24 02:00:00,0.0,0.0
2024-02-24 03:00:00,0.0,0.0
2024-02-24 04:00:00,0.0,0.0
2024-02-24 05:00:00,0.0,0.0
2024-02-24 06:00:00,0.0,0.0
2024-02-24 07:00:00,0.0,0.0
2024-02-24 08:00:00,0.0,0.0
2024-02-24 09:00:00,0.0,0.0
2024-02-24 10:00:00,0.07711340189738726,0.07711340189738726
2024-02-24 11:00:00,0.23263143440057696,0.23263143440057696
2024-02-24 12:00:00,0.4630515172492542,0.4630515172492542
2024-02-24 13:00:00,0.9789832727861022,0.9789832727861022
2024-02-24 14:00:00,1.223203608974441,1.223203608974441
2024-02-24 15:00:00,1.4047273226669743,1.4047273226669743
2024-02-24 16:00:00,1.8030689283188595,1.8030689283188595
2024-02-24 17:00:00,1.6295708930260697,1.6295708930260697
2024-02-24 18:00:00,2.272145105532034,2.272145105532034
2024-02-24 19:00:00,1.9110832536904971,1.9110832536904971
2024-02-24 20:00:00,1.928862167660243,1.928862167660243
2024-02-24 21:00:00,2.007345436738617,2.007345436738617
2024-02-24 22:00:00,0.0,0.0
2024-02-24 23:00:00,0.0,0.0
2024-02-25 00:00:00,0.0,0.0
2024-02-25 01:00:00,0.0,0.0
2024-02-25 02:00:00,0.0,0.0
2024-02-25 03:00:00,0.0,0.0
2024-02-25 04:00:00,0.0,0.0
2024-02-25 05:00:00,0.0,0.0
2024-02-25 06:00:00,0.0,0.0
2024-02-25 07:00:00,0.0,0.0
2024-02-25 08:00:00,0.0,0.0
2024-02-25 09:00:00,0.0,0.0
2024-02-25 10:00:00,0.08409147843919433,0.08409147843919433
2024-02-25 11:00:00,0.29212247153645465,0.29212247153645465
2024-02-25 12:00:00,0.526480620966226,0.526480620966226
2024-02-25 13:00:00,1.0804120812121356,1.0804120812121356
2024-02-25 14:00:00,1.1703702205998907,1.1703702205998907
2024-02-25 15:00:00,1.609086902853171,1.609086902853171
2024-02-25 16:00:00,1.6951611206297275,1.6951611206297275
2024-02-25 17:00:00,2.2463450559457803,2.2463450559457803
2024-02-25 18:00:00,2.2298940406702403,2.2298940406702403
2024-02-25 19:00:00,2.315846562746173,2.315846562746173
2024-02-25 20:00:00,2.200569444842646,2.200569444842646
2024-02-25 21:00:00,2.158284745058922,2.158284745058922
2024-02-25 22:00:00,0.0,0.0
2024-02-25 23:00:00,0.0,0.0
2024-02-26 00:00:00,0.0,0.0
2024-02-26 01:00:00,0.0,0.0
2024-02-26 02:00:00,0.0,0.0
2024-02-26 03:00:00,0.0,0.0
2024-02-26 04:00:00,0.0,0.0
2024-02-26 05:00:00,0.0,0.0
2024-02-26 06:00:00,0.0,0.0
2024-02-26 07:00:00,0.0,0.0
2024-02-26 08:00:00,0.0,0.0
2024-02-26 09:00:00,0.0,0.0
2024-02-26 10:00:00,0.1245036567971701,0.1245036567971701
2024-02-26 11:00:00,0.3716769468649193,0.3716769468649193
2024-02-26 12:00:00,0.7236397885965866,0.7236397885965866
2024-02-26 13:00:00,1.2054696297855572,1.2054696297855572
2024-02-26 14:00:00,1.6752672992914763,1.6752672992914763
2024-02-26 15:00:00,2.3807712874812346,2.3807712874812346
2024-02-26 16:00:00,2.7704267099305895,2.7704267099305895
2024-02-26 17:00:00,3.004485583523127,3.004485583523127
2024-02-26 18:00:00,3.4944169855371077,3.4944169855371077
2024-02-26 19:00:00,3.2598093946074074,3.2598093946074074
2024-02-26 20:00:00,3.1778626869065216,3.1778626869065216
2024-02-26 21:00:00,2.9137443833170624,2.9137443833170624
2024-02-26 22:00:00,0.0,0.0
2024-02-26 23:00:00,0.0,0.0
2024-02-27 00:00:00,0.0,0.0
2024-02-27 01:00:00,0.0,0.0
2024-02-27 02:00:00,0.0,0.0
2024-02-27 03:00:00,0.0,0.0
2024-02-27 04:00:00,0.0,0.0
2024-02-27 05:00:00,0.0,0.0
2024-02-27 06:00:00,0.0,0.0
2024-02-27 07:00:00,0.0,0.0
2024-02-27 08:00:00,0.0,0.0
2024-02-27 09:00:00,0.0,0.0
2024-02-27 10:00:00,0.0955093201959251,0.0955093201959251
2024-02-27 11:00:00,0.3686637516029682,0.3686637516029682
2024-02-27 12:00:00,0.6714265864854414,0.6714265864854414
2024-02-27 13:00:00,1.3244060095791605,1.3244060095791605
2024-02-27 14:00:00,1.8240395008065506,1.8240395008065506
2024-02-27 15:00:00,2.742642113406099,2.742642113406099
2024-02-27 16:00:00,2.240231947197563,2.240231947197563
2024-02-27 17:00:00,2.5289687516531862,2.5289687516531862
2024-02-27 18:00:00,3.12296509972203,3.12296509972203
2024-02-27 19:00:00,3.141327435909232,3.141327435909232
2024-02-27 20:00:00,3.2763810246957568,3.2763810246957568
2024-02-27 21:00:00,3.294861037985584,3.294861037985584
2024-02-27 22:00:00,0.0,0.0
2024-02-27 23:00:00,0.0,0.0
2024-02-28 00:00:00,0.0,0.0
2024-02-28 01:00:00,0.0,0.0
2024-02-28 02:00:00,0.0,0.0
2024-02-28 03:00:00,0.0,0.0
2024-02-28 04:00:00,0.0,0.0
2024-02-28 05:00:00,0.0,0.0
2024-02-28 06:00:00,0.0,0.0
2024-02-28 07:00:00,0.0,0.0
2024-02-28 08:00:00,0.0,0.0
2024-02-28 09:00:00,0.0,0.0
2024-02-28 10:00:00,0.11167808872091906,0.11167808872091906
2024-02-28 11:00:00,0.3525941972967641,0.3525941972967641
2024-02-28 12:00:00,0.833677386154511,0.833677386154511
2024-02-28 13:00:00,1.4802440362129763,1.4802440362129763
2024-02-28 14:00:00,1.6342620358399829,1.6342620358399829
2024-02-28 15:00:00,2.4636464084343515,2.4636464084343515
2024-02-28 16:00:00,2.298249705272438,2.298249705272438
2024-02-28 17:00:00,2.8741145534056147,2.8741145534056147
2024-02-28 18:00:00,3.04378174413698,3.04378174413698
2024-02-28 19:00:00,2.9526765988737083,2.9526765988737083
2024-02-28 20:00:00,2.950906627529025,2.950906627529025
2024-02-28 21:00:00,3.039061108464536,3.039061108464536
2024-02-28 22:00:00,0.0,0.0
2024-02-28 23:00:00,0.0,0.0
2024-02-29 00:00:00,0.0,0.0
2024-02-29 01:00:00,0.0,0.0
2024-02-29 02:00:00,0.0,0.0
2024-02-29 03:00:00,0.0,0.0
2024-02-29 04:00:00,0.0,0.0
2024-02-29 05:00:00,0.0,0.0
2024-02-29 06:00:00,0.0,0.0
2024-02-29 07:00:00,0.0,0.0
2024-02-29 08:00:00,0.0,0.0
2024-02-29 09:00:00,0.0,0.0
2024-02-29 10:00:00,0.08792009250130774,0.08792009250130774
2024-02-29 11:00:00,0.42077381497318017,0.42077381497318017
2024-02-29 12:00:00,0.75757472171628,0.75757472171628
2024-02-29 13:00:00,1.296171387603449,1.296171387603449
2024-02-29 14:00:00,1.6270795243883531,1.6270795243883531
2024-02-29 15:00:00,2.5759287190456055,2.5759287190456055
2024-02-29 16:00:00,2.0652281829278247,2.0652281829278247
2024-02-29 17:00:00,2.833898650805522,2.833898650805522
2024-02-29 18:00:00,3.369661950989148,3.369661950989148
2024-02-29 19:00:00,2.8046181920617568,2.8046181920617568
2024-02-29 20:00:00,2.7155376027527462,2.7155376027527462
2024-02-29 21:00:00,2.7716344745387054,2.7716344745387054
2024-02-29 22:00:00,0.0,0.0
2024-02-29 23:00:00,0.0,0.0
2024-03-01 00:00:00,0.0,0.0
2024-03-01 01:00:00,0.0,0.0
2024-03-01 02:00:00,0.0,0.0
2024-03-01 03:00:00,0.0,0.0
2024-03-01 04:00:00,0.0,0.0
2024-03-01 05:00:00,0.0,0.0
2024-03-01 06:00:00,0.0,0.0
2024-03-01 07:00:00,0.0,0.0
2024-03-01 08:00:00,0.0,0.0
2024-03-01 09:00:00,0.0,0.0
2024-03-01 10:00:00,0.12281082591548838,0.12281082591548838
2024-03-01 11:00:00,0.4458419364135179,0.4458419364135179
2024-03-01 12:00:00,0.7088932870455541,0.7088932870455541
2024-03-01 13:00:00,1.2331206083804134,1.2331206083804134
2024-03-01 14:00:00,1.8300293604576836,1.8300293604576836
2024-03-01 15:00:00,2.1559173293722713,2.1559173293722713
2024-03-01 16:00:00,2.3558055587688407,2.3558055587688407
2024-03-01 17:00:00,2.39758962870767,2.39758962870767
2024-03-01 18:00:00,3.539781952352085,3.539781952352085
2024-03-01 19:00:00,2.593074676347858,2.593074676347858
2024-03-01 20:00:00,3.13377353886155,3.13377353886155
2024-03-01 21:00:00,3.460425740997513,3.460425740997513
2024-03-01 22:00:00,0.0,0.0
2024-03-01 23:00:00,0.0,0.0
2024-03-02 00:00:00,0.0,0.0
2024-03-02 01:00:00,0.0,0.0
2024-03-02 02:00:00,0.0,0.0
2024-03-02 03:00:00,0.0,0.0
2024-03-02 04:00:00,0.0,0.0
2024-03-02 05:00:00,0.0,0.0
2024-03-02 06:00:00,0.0,0.0
2024-03-02 07:00:00,0.0,0.0
2024-03-02 08:00:00,0.0,0.0
2024-03-02 09:00:00,0.0,0.0
2024-03-02 10:00:00,0.08189073756899087,0.08189073756899087
2024-03-02 11:00:00,0.27066808029539713,0.27066808029539713
2024-03-02 12:00:00,0.4690549166175125,0.4690549166175125
2024-03-02 13:00:00,0.7719787696717425,0.7719787696717425
2024-03-02 14:00:00,1.095715175613971,1.095715175613971
2024-03-02 15:00:00,1.6022540452888527,1.6022540452888527
2024-03-02 16:00:00,1.5984079340553465,1.5984079340553465
2024-03-02 17:00:00,1.8653934173521174,1.8653934173521174
2024-03-02 18:00:00,2.407916755835933,2.407916755835933
2024-03-02 19:00:00,1.790056205880132,1.790056205880132
2024-03-02 20:00:00,1.9696969576699672,1.9696969576699672
2024-03-02 21:00:00,1.7720229140714394,1.7720229140714394
2024-03-02 22:00:00,0.0,0.0
2024-03-02 23:00:00,0.0,0.0
2024-03-03 00:00:00,0.0,0.0
2024-03-03 01:00:00,0.0,0.0
2024-03-03 02:00:00,0.0,0.0
2024-03-03 03:00:00,0.0,0.0
2024-03-03 04:00:00,0.0,0.0
2024-03-03 05:00:00,0.0,0.0
2024-03-03 06:00:00,0.0,0.0
2024-03-03 07:00:00,0.0,0.0
2024-03-03 08:00:00,0.0,0.0
2024-03-03 09:00:00,0.0,0.0
2024-03-03 10:00:00,0.07660989236979629,0.07660989236979629
2024-03-03 11:00:00,0.24506251038498503,0.24506251038498503
2024-03-03 12:00:00,0.5196578920690469,0.5196578920690469
2024-03-03 13:00:00,0.7692351178871649,0.7692351178871649
2024-03-03 14:00:00,1.0276766407600286,1.0276766407600286
2024-03-03 15:00:00,1.4749229225109555,1.4749229225109555
2024-03-03 16:00:00,1.7413718679896841,1.7413718679896841
2024-03-03 17:00:00,1.7778889233842465,1.7778889233842465
2024-03-03 18:00:00,2.432358036349718,2.432358036349718
2024-03-03 19:00:00,1.7873351400237945,1.7873351400237945
2024-03-03 20:00:00,2.3739936209300274,2.3739936209300274
2024-03-03 21:00:00,1.7425992382980873,1.7425992382980873
2024-03-03 22:00:00,0.0,0.0
2024-03-03 23:00:00,0.0,0.0
2024-03-04 00:00:00,0.0,0.0
2024-03-04 01:00:00,0.0,0.0
2024-03-04 02:00:00,0.0,0.0
2024-03-04 03:00:00,0.0,0.0
2024-03-04 04:00:00,0.0,0.0
2024-03-04 05:00:00,0.0,0.0
2024-03-04 06:00:00,0.0,0.0
2024-03-04 07:00:00,0.0,0.0
2024-03-04 08:00:00,0.0,0.0
2024-03-04 09:00:00,0.0,0.0
2024-03-04 10:00:00,0.08992576693301975,0.08992576693301975
2024-03-04 11:00:00,0.33813313603485,0.33813313603485
2024-03-04 12:00:00,0.5926297014747396,0.5926297014747396
2024-03-04 13:00:00,1.2557732390145266,1.2557732390145266
2024-03-04 14:00:00,1.4000200750135603,1.4000200750135603
2024-03-04 15:00:00,2.410988470061087,2.410988470061087
2024-03-04 16:00:00,2.3133066400323017,2.3133066400323017
2024-03-04 17:00:00,2.353045039905205,2.353045039905205
2024-03-04 18:00:00,2.5046272862915067,2.5046272862915067
2024-03-04 19:00:00,2.4236100706679062,2.4236100706679062
2024-03-04 20:00:00,2.7875451400061775,2.7875451400061775
2024-03-04 21:00:00,2.965080280569955,2.965080280569955
2024-03-04 22:00:00,0.0,0.0
2024-03-04 23:00:00,0.0,0.0
2024-03-05 00:00:00,0.0,0.0
2024-03-05 01:00:00,0.0,0.0
2024-03-05 02:00:00,0.0,0.0
2024-03-05 03:00:00,0.0,0.0
2024-03-05 04:00:00,0.0,0.0
2024-03-05 05:00:00,0.0,0.0
2024-03-05 06:00:00,0.0,0.0
2024-03-05 07:00:00,0.0,0.0
2024-03-05 08:00:00,0.0,0.0
2024-03-05 09:00:00,0.0,0.0
2024-03-05 10:00:00,0.1034307208874603,0.1034307208874603
2024-03-05 11:00:00,0.43705157978878734,0.43705157978878734
2024-03-05 12:00:00,0.8308198129526849,0.8308198129526849
2024-03-05 13:00:00,1.4634638617520968,1.4634638617520968
2024-03-05 14:00:00,2.0296759621562965,2.0296759621562965
2024-03-05 15:00:00,2.8907046724417658,2.8907046724417658
2024-03-05 16:00:00,2.9565864608669385,2.9565864608669385
2024-03-05 17:00:00,3.246413474597522,3.246413474597522
2024-03-05 18:00:00,3.425054937517875,3.425054937517875
2024-03-05 19:00:00,3.070918168933918,3.070918168933918
2024-03-05 20:00:00,2.89728794700431,2.89728794700431
2024-03-05 21:00:00,3.6562273523033326,3.6562273523033326
2024-03-05 22:00:00,0.0,0.0
2024-03-05 23:00:00,0.0,0.0
2024-03-06 00:00:00,0.0,0.0
2024-03-06 01:00:00,0.0,0.0
2024-03-06 02:00:00,0.0,0.0
2024-03-06 03:00:00,0.0,0.0
2024-03-06 04:00:00,0.0,0.0
2024-03-06 05:00:00,0.0,0.0
2024-03-06 06:00:00,0.0,0.0
2024-03-06 07:00:00,0.0,0.0
2024-03-06 08:00:00,0.0,0.0
2024-03-06 09:00:00,0.0,0.0
2024-03-06 10:00:00,0.10395646877097899,0.10395646877097899
2024-03-06 11:00:00,0.30801628737665726,0.30801628737665726
2024-03-06 12:00:00,0.7228774679359782,0.7228774679359782
2024-03-06 13:00:00,1.2645089476893223,1.2645089476893223
2024-03-06 14:00:00,1.4610740068641117,1.4610740068641117
2024-03-06 15:00:00,2.178180763779716,2.178180763779716
2024-03-06 16:00:00,2.1515723242422524,2.1515723242422524
2024-03-06 17:00:00,2.88798459938484,2.88798459938484
2024-03-06 18:00:00,2.9111790513225464,2.9111790513225464
2024-03-06 19:00:00,3.0900340666757224,3.0900340666757224
2024-03-06 20:00:00,3.044479953502402,3.044479953502402
2024-03-06 21:00:00,2.964294519405046,2.964294519405046
2024-03-06 22:00:00,0.0,0.0
2024-03-06 23:00:00,0.0,0.0
2024-03-07 00:00:00,0.0,0.0
2024-03-07 01:00:00,0.0,0.0
2024-03-07 02:00:00,0.0,0.0
2024-03-07 03:00:00,0.0,0.0
2024-03-07 04:00:00,0.0,0.0
2024-03-07 05:00:00,0.0,0.0
2024-03-07 06:00:00,0.0,0.0
2024-03-07 07:00:00,0.0,0.0
2024-03-07 08:00:00,0.0,0.0
2024-03-07 09:00:00,0.0,0.0
2024-03-07 10:00:00,0.1040014618808405,0.1040014618808405
2024-03-07 11:00:00,0.3539509385701928,0.3539509385701928
2024-03-07 12:00:00,0.6452307668565795,0.6452307668565795
2024-03-07 13:00:00,1.139909380559127,1.139909380559127
2024-03-07 14:00:00,1.8663371280278815,1.8663371280278815
2024-03-07 15:00:00,2.1411449464864556,2.1411449464864556
2024-03-07 16:00:00,2.3056172112869184,2.3056172112869184
2024-03-07 17:00:00,2.717651471345818,2.717651471345818
2024-03-07 18:00:00,3.277652585542205,3.277652585542205
2024-03-07 19:00:00,3.129131873324087,3.129131873324087
2024-03-07 20:00:00,2.895771920749331,2.895771920749331
2024-03-07 21:00:00,2.938926258996382,2.938926258996382
2024-03-07 22:00:00,0.0,0.0
2024-03-07 23:00:00,0.0,0.0
2024-03-08 00:00:00,0.0,0.0
2024-03-08 01:00:00,0.0,0.0
2024-03-08 02:00:00,0.0,0.0
2024-03-08 03:00:00,0.0,0.0
2024-03-08 04:00:00,0.0,0.0
2024-03-08 05:00:00,0.0,0.0
2024-03-08 06:00:00,0.0,0.0
2024-03-08 07:00:00,0.0,0.0
2024-03-08 08:00:00,0.0,0.0
2024-03-08 09:00:00,0.0,0.0
2024-03-08 10:00:00,0.10478515974807748,0.10478515974807748
2024-03-08 11:00:00,0.38021455739850757,0.38021455739850757
2024-03-08 12:00:00,0.7948147528599733,0.7948147528599733
2024-03-08 13:00:00,1.2992508046178644,1.2992508046178644
2024-03-08 14:00:00,1.7739276477112933,1.7739276477112933
2024-03-08 15:00:00,2.0445232321659397,2.0445232321659397
2024-03-08 16:00:00,2.718216387996005,2.718216387996005
2024-03-08 17:00:00,2.758196294176147,2.758196294176147
2024-03-08 18:00:00,3.243493770173045,3.243493770173045
2024-03-08 19:00:00,3.20792117872479,3.20792117872479
2024-03-08 20:00:00,2.6493370980377096,2.6493370980377096
2024-03-08 21:00:00,2.5194253126953723,2.5194253126953723
2024-03-08 22:00:00,0.0,0.0
2024-03-08 23:00:00,0.0,0.0
2024-03-09 00:00:00,0.0,0.0
2024-03-09 01:00:00,0.0,0.0
2024-03-09 02:00:00,0.0,0.0
2024-03-09 03:00:00,0.0,0.0
2024-03-09 04:00:00,0.0,0.0
2024-03-09 05:00:00,0.0,0.0
2024-03-09 06:00:00,0.0,0.0
2024-03-09 07:00:00,0.0,0.0
2024-03-09 08:00:00,0.0,0.0
2024-03-09 09:00:00,0.0,0.0
2024-03-09 10:00:00,0.08088659381459679,0.08088659381459679
2024-03-09 11:00:00,0.2534825629330823,0.2534825629330823
2024-03-09 12:00:00,0.4455525287795358,0.4455525287795358
2024-03-09 13:00:00,0.8223119034477656,0.8223119034477656
2024-03-09 14:00:00,1.2149117007064514,1.2149117007064514
2024-03-09 15:00:00,1.4040663948669838,1.4040663948669838
2024-03-09 16:00:00,1.4239711252588725,1.4239711252588725
2024-03-09 17:00:00,1.711187635027942,1.711187635027942
2024-03-09 18:00:00,2.1552619378159235,2.1552619378159235
2024-03-09 19:00:00,2.087739953565026,2.087739953565026
2024-03-09 20:00:00,2.3204773784545303,2.3204773784545303
2024-03-09 21:00:00,1.7005398935609708,1.7005398935609708
2024-03-09 22:00:00,0.0,0.0
2024-03-09 23:00:00,0.0,0.0
2024-03-10 00:00:00,0.0,0.0
2024-03-10 01:00:00,0.0,0.0
2024-03-10 02:00:00,0.0,0.0
2024-03-10 03:00:00,0.0,0.0
2024-03-10 04:00:00,0.0,0.0
2024-03-10 05:00:00,0.0,0.0
2024-03-10 06:00:00,0.0,0.0
2024-03-10 07:00:00,0.0,0.0
2024-03-10 08:00:00,0.0,0.0
2024-03-10 09:00:00,0.0,0.0
2024-03-10 10:00:00,0.06643370985744927,0.06643370985744927
2024-03-10 11:00:00,0.253752933864757,0.253752933864757
2024-03-10 12:00:00,0.49567757139266394,0.49567757139266394
2024-03-10 13:00:00,0.7764026878496577,0.7764026878496577
2024-03-10 14:00:00,1.0035162002152769,1.0035162002152769
2024-03-10 15:00:00,1.3746431154181615,1.3746431154181615
2024-03-10 16:00:00,1.3497034336694549,1.3497034336694549
2024-03-10 17:00:00,1.696155460828634,1.696155460828634
2024-03-10 18:00:00,2.1947010728288343,2.1947010728288343
2024-03-10 19:00:00,1.696069868952549,1.696069868952549
2024-03-10 20:00:00,2.164293595567888,2.164293595567888
2024-03-10 21:00:00,1.9106271483495798,1.9106271483495798
2024-03-10 22:00:00,0.0,0.0
2024-03-10 23:00:00,0.0,0.0
2024-03-11 00:00:00,0.0,0.0
2024-03-11 01:00:00,0.0,0.0
2024-03-11 02:00:00,0.0,0.0
2024-03-11 03:00:00,0.0,0.0
2024-03-11 04:00:00,0.0,0.0
2024-03-11 05:00:00,0.0,0.0
2024-03-11 06:00:00,0.0,0.0
2024-03-11 07:00:00,0.0,0.0
2024-03-11 08:00:00,0.0,0.0
2024-03-11 09:00:00,0.0,0.0
2024-03-11 10:00:00,0.1254274565162351,0.1254274565162351
2024-03-11 11:00:00,0.39948365997261986,0.39948365997261986
2024-03-11 12:00:00,0.6646004241219899,0.6646004241219899
2024-03-11 13:00:00,1.323054916026022,1.323054916026022
2024-03-11 14:00:00,1.6410433034405296,1.6410433034405296
2024-03-11 15:00:00,2.7705603518951976,2.7705603518951976
2024-03-11 16:00:00,2.429518547477163,2.429518547477163
2024-03-11 17:00:00,3.1167407727598255,3.1167407727598255
2024-03-11 18:00:00,3.267033585731478,3.267033585731478
2024-03-11 19:00:00,2.8231197493061133,2.8231197493061133
2024-03-11 20:00:00,3.3144768258649115,3.3144768258649115
2024-03-11 21:00:00,2.636010393041948,2.636010393041948
2024-03-11 22:00:00,0.0,0.0
2024-03-11 23:00:00,0.0,0.0
2024-03-12 00:00:00,0.0,0.0
2024-03-12 01:00:00,0.0,0.0
2024-03-12 02:00:00,0.0,0.0
2024-03-12 03:00:00,0.0,0.0
2024-03-12 04:00:00,0.0,0.0
2024-03-12 05:00:00,0.0,0.0
2024-03-12 06:00:00,0.0,0.0
2024-03-12 07:00:00,0.0,0.0
2024-03-12 08:00:00,0.0,0.0
2024-03-12 09:00:00,0.0,0.0
2024-03-12 10:00:00,0.1037472275704067,0.1037472275704067
2024-03-12 11:00:00,0.3793839331547296,0.3793839331547296
2024-03-12 12:00:00,0.7063942942770971,0.7063942942770971
2024-03-12 13:00:00,1.3524199404392592,1.3524199404392592
2024-03-12 14:00:00,1.9363288910853766,1.9363288910853766
2024-03-12 15:00:00,2.1690266039904675,2.1690266039904675
2024-03-12 16:00:00,2.5556939353985344,2.5556939353985344
2024-03-12 17:00:00,2.532393740734321,2.532393740734321
2024-03-12 18:00:00,3.0523304664033066,3.0523304664033066
2024-03-12 19:00:00,3.2822087990489486,3.2822087990489486
2024-03-12 20:00:00,2.694146003992238,2.694146003992238
2024-03-12 21:00:00,2.579922614824902,2.579922614824902
2024-03-12 22:00:00,0.0,0.0
2024-03-12 23:00:00,0.0,0.0
2024-03-13 00:00:00,0.0,0.0
2024-03-13 01:00:00,0.0,0.0
2024-03-13 02:00:00,0.0,0.0
2024-03-13 03:00:00,0.0,0.0
2024-03-13 04:00:00,0.0,0.0
2024-03-13 05:00:00,0.0,0.0
2024-03-13 06:00:00,0.0,0.0
2024-03-13 07:00:00,0.0,0.0
2024-03-13 08:00:00,0.0,0.0
2024-03-13 09:00:00,0.0,0.0
2024-03-13 10:00:00,0.11257065199910242,0.11257065199910242
2024-03-13 11:00:00,0.3879714466170733,0.3879714466170733
2024-03-13 12:00:00,0.6732376226931179,0.6732376226931179
2024-03-13 13:00:00,1.3010406188431118,1.3010406188431118
2024-03-13 14:00:00,1.5056828304753092,1.5056828304753092
2024-03-13 15:00:00,2.667783647532189,2.667783647532189
2024-03-13 16:00:00,2.3212770191279293,2.3212770191279293
2024-03-13 17:00:00,2.7831634589170005,2.7831634589170005
2024-03-13 18:00:00,2.754832800526692,2.754832800526692
2024-03-13 19:00:00,3.2511557028237816,3.2511557028237816
2024-03-13 20:00:00,3.1709991391402057,3.1709991391402057
2024-03-13 21:00:00,2.5804444325983322,2.5804444325983322
2024-03-13 22:00:00,0.0,0.0
2024-03-13 23:00:00,0.0,0.0
2024-03-14 00:00:00,0.0,0.0
2024-03-14 01:00:00,0.0,0.0
2024-03-14 02:00:00,0.0,0.0
2024-03-14 03:00:00,0.0,0.0
2024-03-14 04:00:00,0.0,0.0
2024-03-14 05:00:00,0.0,0.0
2024-03-14 06:00:00,0.0,0.0
2024-03-14 07:00:00,0.0,0.0
2024-03-14 08:00:00,0.0,0.0
2024-03-14 09:00:00,0.0,0.0
2024-03-14 10:00:00,0.10383523613278729,0.10383523613278729
2024-03-14 11:00:00,0.42632633239534157,0.42632633239534157
2024-03-14 12:00:00,0.6777088376971723,0.6777088376971723
2024-03-14 13:00:00,1.2602403024786628,1.2602403024786628
2024-03-14 14:00:00,1.814024234444531,1.814024234444531
2024-03-14 15:00:00,2.3775987816771282,2.3775987816771282
2024-03-14 16:00:00,2.5621526484605153,2.5621526484605153
2024-03-14 17:00:00,2.7501644749738268,2.7501644749738268
2024-03-14 18:00:00,3.025657955286336,3.025657955286336
2024-03-14 19:00:00,2.964523896145367,2.964523896145367
2024-03-14 20:00:00,3.4905869178308664,3.4905869178308664
2024-03-14 21:00:00,2.62591278139021,2.62591278139021
2024-03-14 22:00:00,0.0,0.0
2024-03-14 23:00:00,0.0,0.0
2024-03-15 00:00:00,0.0,0.0
2024-03-15 01:00:00,0.0,0.0
2024-03-15 02:00:00,0.0,0.0
2024-03-15 03:00:00,0.0,0.0
2024-03-15 04:00:00,0.0,0.0
2024-03-15 05:00:00,0.0,0.0
2024-03-15 06:00:00,0.0,0.0
2024-03-15 07:00:00,0.0,0.0
2024-03-15 08:00:00,0.0,0.0
2024-03-15 09:00:00,0.0,0.0
2024-03-15 10:00:00,0.11135147053487073,0.11135147053487073
2024-03-15 11:00:00,0.48144149726262936,0.48144149726262936
2024-03-15 12:00:00,0.6685946262326159,0.6685946262326159
2024-03-15 13:00:00,1.4978645846876555,1.4978645846876555
2024-03-15 14:00:00,1.8723987625022867,1.8723987625022867
2024-03-15 15:00:00,2.4886108947041685,2.4886108947041685
2024-03-15 16:00:00,2.8873079066821243,2.8873079066821243
2024-03-15 17:00:00,2.8997230934548863,2.8997230934548863
2024-03-15 18:00:00,3.513339248950888,3.513339248950888
2024-03-15 19:00:00,3.430025539526196,3.430025539526196
2024-03-15 20:00:00,3.115552062433424,3.115552062433424
2024-03-15 21:00:00,2.8893765579282937,2.8893765579282937
2024-03-15 22:00:00,0.0,0.0
2024-03-15 23:00:00,0.0,0.0
2024-03-16 00:00:00,0.0,0.0
2024-03-16 01:00:00,0.0,0.0
2024-03-16 02:00:00,0.0,0.0
2024-03-16 03:00:00,0.0,0.0
2024-03-16 04:00:00,0.0,0.0
2024-03-16 05:00:00,0.0,0.0
2024-03-16 06:00:00,0.0,0.0
2024-03-16 07:00:00,0.0,0.0
2024-03-16 08:00:00,0.0,0.0
2024-03-16 09:00:00,0.0,0.0
2024-03-16 10:00:00,0.06867761246095523,0.06867761246095523
2024-03-16 11:00:00,0.260074328687005,0.260074328687005
2024-03-16 12:00:00,0.4561246392791324,0.4561246392791324
2024-03-16 13:00:00,0.9209581958978826,0.9209581958978826
2024-03-16 14:00:00,1.1101312952204156,1.1101312952204156
2024-03-16 15:00:00,1.5250462764317196,1.5250462764317196
2024-03-16 16:00:00,1.6876543816790814,1.6876543816790814
2024-03-16 17:00:00,1.8573029741869225,1.8573029741869225
2024-03-16 18:00:00,1.8276079372386438,1.8276079372386438
2024-03-16 19:00:00,2.0810599313364837,2.0810599313364837
2024-03-16 20:00:00,1.8452052393440523,1.8452052393440523
2024-03-16 21:00:00,2.280871233651722,2.280871233651722
2024-03-16 22:00:00,0.0,0.0
2024-03-16 23:00:00,0.0,0.0
2024-03-17 00:00:00,0.0,0.0
2024-03-17 01:00:00,0.0,0.0
2024-03-17 02:00:00,0.0,0.0
2024-03-17 03:00:00,0.0,0.0
2024-03-17 04:00:00,0.0,0.0
2024-03-17 05:00:00,0.0,0.0
2024-03-17 06:00:00,0.0,0.0
2024-03-17 07:00:00,0.0,0.0
2024-03-17 08:00:00,0.0,0.0
2024-03-17 09:00:00,0.0,0.0
2024-03-17 10:00:00,0.061360381683718386,0.061360381683718386
2024-03-17 11:00:00,0.2651855043374729,0.2651855043374729
2024-03-17 12:00:00,0.46416676124150574,0.46416676124150574
2024-03-17 13:00:00,0.9166364979857576,0.9166364979857576
2024-03-17 14:00:00,0.9879894146661987,0.9879894146661987
2024-03-17 15:00:00,1.4193451771565158,1.4193451771565158
2024-03-17 16:00:00,1.5761542043566603,1.5761542043566603
2024-03-17 17:00:00,1.87634674152083,1.87634674152083
2024-03-17 18:00:00,1.8770137370130502,1.8770137370130502
2024-03-17 19:00:00,2.1867734805694896,2.1867734805694896
2024-03-17 20:00:00,2.2156280315289427,2.2156280315289427
2024-03-17 21:00:00,1.738628876442466,1.738628876442466
2024-03-17 22:00:00,0.0,0.0
2024-03-17 23:00:00,0.0,0.0
2024-03-18 00:00:00,0.0,0.0
2024-03-18 01:00:00,0.0,0.0
2024-03-18 02:00:00,0.0,0.0
2024-03-18 03:00:00,0.0,0.0
2024-03-18 04:00:00,0.0,0.0
2024-03-18 05:00:00,0.0,0.0
2024-03-18 06:00:00,0.0,0.0
2024-03-18 07:00:00,0.0,0.0
2024-03-18 08:00:00,0.0,0.0
2024-03-18 09:00:00,0.0,0.0
2024-03-18 10:00:00,0.10091325346228194,0.10091325346228194
2024-03-18 11:00:00,0.3519484443707384,0.3519484443707384
2024-03-18 12:00:00,0.7518847400213887,0.7518847400213887
2024-03-18 13:00:00,1.3292246352038515,1.3292246352038515
2024-03-18 14:00:00,1.745873760114286,1.745873760114286
2024-03-18 15:00:00,1.980683398800149,1.980683398800149
2024-03-18 16:00:00,2.2207387126981493,2.2207387126981493
2024-03-18 17:00:00,2.5166879501572517,2.5166879501572517
2024-03-18 18:00:00,3.361498938801186,3.361498938801186
2024-03-18 19:00:00,2.6767467040289934,2.6767467040289934
2024-03-18 20:00:00,3.289601514589365,3.289601514589365
2024-03-18 21:00:00,3.0962396066397164,3.0962396066397164
2024-03-18 22:00:00,0.0,0.0
2024-03-18 23:00:00,0.0,0.0
2024-03-19 00:00:00,0.0,0.0
2024-03-19 01:00:00,0.0,0.0
2024-03-19 02:00:00,0.0,0.0
2024-03-19 03:00:00,0.0,0.0
2024-03-19 04:00:00,0.0,0.0
2024-03-19 05:00:00,0.0,0.0
2024-03-19 06:00:00,0.0,0.0
2024-03-19 07:00:00,0.0,0.0
2024-03-19 08:00:00,0.0,0.0
2024-03-19 09:00:00,0.0,0.0
2024-03-19 10:00:00,0.1134894735134243,0.1134894735134243
2024-03-19 11:00:00,0.42290689860535524,0.42290689860535524
2024-03-19 12:00:00,0.7797612304164728,0.7797612304164728
2024-03-19 13:00:00,1.3932333419719878,1.3932333419719878
2024-03-19 14:00:00,1.999528533137728,1.999528533137728
2024-03-19 15:00:00,2.9909969916770702,2.9909969916770702
2024-03-19 16:00:00,2.404230894737615,2.404230894737615
2024-03-19 17:00:00,3.3005418375255333,3.3005418375255333
2024-03-19 18:00:00,3.6027375117321685,3.6027375117321685
2024-03-19 19:00:00,3.4752532699727574,3.4752532699727574
2024-03-19 20:00:00,3.3542413214346793,3.3542413214346793
2024-03-19 21:00:00,3.4620903735505,3.4620903735505
2024-03-19 22:00:00,0.0,0.0
2024-03-19 23:00:00,0.0,0.0
2024-03-20 00:00:00,0.0,0.0
2024-03-20 01:00:00,0.0,0.0
2024-03-20 02:00:00,0.0,0.0
2024-03-20 03:00:00,0.0,0.0
2024-03-20 04:00:00,0.0,0.0
2024-03-20 05:00:00,0.0,0.0
2024-03-20 06:00:00,0.0,0.0
2024-03-20 07:00:00,0.0,0.0
2024-03-20 08:00:00,0.0,0.0
2024-03-20 09:00:00,0.0,0.0
2024-03-20 10:00:00,0.11506254026154537,0.11506254026154537
2024-03-20 11:00:00,0.37018472096027255,0.37018472096027255
2024-03-20 12:00:00,0.8731161813582847,0.8731161813582847
2024-03-20 13:00:00,1.3450011936622301,1.3450011936622301
2024-03-20 14:00:00,2.0633123534089104,2.0633123534089104
2024-03-20 15:00:00,2.9215162300263198,2.9215162300263198
2024-03-20 16:00:00,2.338867149789933,2.338867149789933
2024-03-20 17:00:00,3.148807367989142,3.148807367989142
2024-03-20 18:00:00,3.248780765648668,3.248780765648668
2024-03-20 19:00:00,2.953479954686825,2.953479954686825
2024-03-20 20:00:00,3.399995086098022,3.399995086098022
2024-03-20 21:00:00,3.2903994951044786,3.2903994951044786
2024-03-20 22:00:00,0.0,0.0
2024-03-20 23:00:00,0.0,0.0
2024-03-21 00:00:00,0.0,0.0
2024-03-21 01:00:00,0.0,0.0
2024-03-21 02:00:00,0.0,0.0
2024-03-21 03:00:00,0.0,0.0
2024-03-21 04:00:00,0.0,0.0
2024-03-21 05:00:00,0.0,0.0
2024-03-21 06:00:00,0.0,0.0
2024-03-21 07:00:00,0.0,0.0
2024-03-21 08:00:00,0.0,0.0
2024-03-21 09:00:00,0.0,0.0
2024-03-21 10:00:00,0.11719890583450478,0.11719890583450478
2024-03-21 11:00:00,0.42485653057773853,0.42485653057773853
2024-03-21 12:00:00,0.6290786122058957,0.6290786122058957
2024-03-21 13:00:00,1.3383147564977023,1.3383147564977023
2024-03-21 14:00:00,2.000873237319665,2.000873237319665
2024-03-21 15:00:00,2.16073921628019,2.16073921628019
2024-03-21 16:00:00,2.420908735512747,2.420908735512747
2024-03-21 17:00:00,2.978781314234872,2.978781314234872
2024-03-21 18:00:00,3.769040635749564,3.769040635749564
2024-03-21 19:00:00,2.713084913424313,2.713084913424313
2024-03-21 20:00:00,3.528450442662273,3.528450442662273
2024-03-21 21:00:00,2.945277380028152,2.945277380028152
2024-03-21 22:00:00,0.0,0.0
2024-03-21 23:00:00,0.0,0.0
2024-03-22 00:00:00,0.0,0.0
2024-03-22 01:00:00,0.0,0.0
2024-03-22 02:00:00,0.0,0.0
2024-03-22 03:00:00,0.0,0.0
2024-03-22 04:00:00,0.0,0.0
2024-03-22 05:00:00,0.0,0.0
2024-03-22 06:00:00,0.0,0.0
2024-03-22 07:00:00,0.0,0.0
2024-03-22 08:00:00,0.0,0.0
2024-03-22 09:00:00,0.0,0.0
2024-03-22 10:00:00,0.12290913595596155,0.12290913595596155
2024-03-22 11:00:00,0.3585060285786553,0.3585060285786553
2024-03-22 12:00:00,0.7857230382029693,0.7857230382029693
2024-03-22 13:00:00,1.5262801866724578,1.5262801866724578
2024-03-22 14:00:00,1.7890154214065568,1.7890154214065568
2024-03-22 15:00:00,2.2399976095744294,2.2399976095744294
2024-03-22 16:00:00,2.352551761527257,2.352551761527257
2024-03-22 17:00:00,3.0911879408799567,3.0911879408799567
2024-03-22 18:00:00,3.5495315468052993,3.5495315468052993
2024-03-22 19:00:00,2.8602698633629853,2.8602698633629853
2024-03-22 20:00:00,3.42211957917047,3.42211957917047
2024-03-22 21:00:00,3.0303695460659053,3.0303695460659053
2024-03-22 22:00:00,0.0,0.0
2024-03-22 23:00:00,0.0,0.0
2024-03-23 00:00:00,0.0,0.0
2024-03-23 01:00:00,0.0,0.0
2024-03-23 02:00:00,0.0,0.0
2024-03-23 03:00:00,0.0,0.0
2024-03-23 04:00:00,0.0,0.0
2024-03-23 05:00:00,0.0,0.0
2024-03-23 06:00:00,0.0,0.0
2024-03-23 07:00:00,0.0,0.0
2024-03-23 08:00:00,0.0,0.0
2024-03-23 09:00:00,0.0,0.0
2024-03-23 10:00:00,0.06895607856787335,0.06895607856787335
2024-03-23 11:00:00,0.23895890178031232,0.23895890178031232
2024-03-23 12:00:00,0.5135113188084729,0.5135113188084729
2024-03-23 13:00:00,0.8239714969318651,0.8239714969318651
2024-03-23 14:00:00,1.2590653199647197,1.2590653199647197
2024-03-23 15:00:00,1.7899122215856371,1.7899122215856371
2024-03-23 16:00:00,1.7314391296648055,1.7314391296648055
2024-03-23 17:00:00,1.895032665325141,1.895032665325141
2024-03-23 18:00:00,2.4169511831711836,2.4169511831711836
2024-03-23 19:00:00,2.1936222419169993,2.1936222419169993
2024-03-23 20:00:00,2.0538416100116175,2.0538416100116175
2024-03-23 21:00:00,1.8966997387750615,1.8966997387750615
2024-03-23 22:00:00,0.0,0.0
2024-03-23 23:00:00,0.0,0.0
2024-03-24 00:00:00,0.0,0.0
2024-03-24 01:00:00,0.0,0.0
2024-03-24 02:00:00,0.0,0.0
2024-03-24 03:00:00,0.0,0.0
2024-03-24 04:00:00,0.0,0.0
2024-03-24 05:00:00,0.0,0.0
2024-03-24 06:00:00,0.0,0.0
2024-03-24 07:00:00,0.0,0.0
2024-03-24 08:00:00,0.0,0.0
2024-03-24 09:00:00,0.0,0.0
2024-03-24 10:00:00,0.08557120234088536,0.08557120234088536
2024-03-24 11:00:00,0.2667467621681363,0.2667467621681363
2024-03-24 12:00:00,0.43135443034134585,0.43135443034134585
2024-03-24 13:00:00,0.9407948551417407,0.9407948551417407
2024-03-24 14:00:00,1.0830187131844118,1.0830187131844118
2024-03-24 15:00:00,1.877311206103111,1.877311206103111
2024-03-24 16:00:00,1.8760050751804145,1.8760050751804145
2024-03-24 17:00:00,2.1481945706763916,2.1481945706763916
2024-03-24 18:00:00,1.8836385558757236,1.8836385558757236
2024-03-24 19:00:00,2.3386674374530223,2.3386674374530223
2024-03-24 20:00:00,2.247331777801981,2.247331777801981
2024-03-24 21:00:00,1.7949403980601368,1.7949403980601368
2024-03-24 22:00:00,0.0,0.0
2024-03-24 23:00:00,0.0,0.0
2024-03-25 00:00:00,0.0,0.0
2024-03-25 01:00:00,0.0,0.0
2024-03-25 02:00:00,0.0,0.0
2024-03-25 03:00:00,0.0,0.0
2024-03-25 04:00:00,0.0,0.0
2024-03-25 05:00:00,0.0,0.0
2024-03-25 06:00:00,0.0,0.0
2024-03-25 07:00:00,0.0,0.0
2024-03-25 08:00:00,0.0,0.0
2024-03-25 09:00:00,0.0,0.0
2024-03-25 10:00:00,0.1160478313940687,0.1160478313940687
2024-03-25 11:00:00,0.39399787930748786,0.39399787930748786
2024-03-25 12:00:00,0.6379568505609821,0.6379568505609821
2024-03-25 13:00:00,1.1007122858438962,1.1007122858438962
2024-03-25 14:00:00,1.4637907375943282,1.4637907375943282
2024-03-25 15:00:00,2.6156067721424194,2.6156067721424194
2024-03-25 16:00:00,2.424531610683658,2.424531610683658
2024-03-25 17:00:00,2.617478694875838,2.617478694875838
2024-03-25 18:00:00,3.496000616826529,3.496000616826529
2024-03-25 19:00:00,2.907356427980426,2.907356427980426
2024-03-25 20:00:00,2.880468760739608,2.880468760739608
2024-03-25 21:00:00,2.5682099192841963,2.5682099192841963
2024-03-25 22:00:00,0.0,0.0
2024-03-25 23:00:00,0.0,0.0
2024-03-26 00:00:00,0.0,0.0
2024-03-26 01:00:00,0.0,0.0
2024-03-26 02:00:00,0.0,0.0
2024-03-26 03:00:00,0.0,0.0
2024-03-26 04:00:00,0.0,0.0
2024-03-26 05:00:00,0.0,0.0
2024-03-26 06:00:00,0.0,0.0
2024-03-26 07:00:00,0.0,0.0
2024-03-26 08:00:00,0.0,0.0
2024-03-26 09:00:00,0.0,0.0
2024-03-26 10:00:00,0.11054922572739483,0.11054922572739483
2024-03-26 11:00:00,0.37297583510944005,0.37297583510944005
2024-03-26 12:00:00,0.6445504632084414,0.6445504632084414
2024-03-26 13:00:00,1.2994427661611183,1.2994427661611183
2024-03-26 14:00:00,1.300840307355714,1.300840307355714
2024-03-26 15:00:00,2.2040721479894807,2.2040721479894807
2024-03-26 16:00:00,2.1989261415956567,2.1989261415956567
2024-03-26 17:00:00,2.265381976199162,2.265381976199162
2024-03-26 18:00:00,2.6911657462782927,2.6911657462782927
2024-03-26 19:00:00,2.450418900981816,2.450418900981816
2024-03-26 20:00:00,2.5775707459607395,2.5775707459607395
2024-03-26 21:00:00,2.886346270094863,2.886346270094863
2024-03-26 22:00:00,0.0,0.0
2024-03-26 23:00:00,0.0,0.0
2024-03-27 00:00:00,0.0,0.0
2024-03-27 01:00:00,0.0,0.0
2024-03-27 02:00:00,0.0,0.0
2024-03-27 03:00:00,0.0,0.0
2024-03-27 04:00:00,0.0,0.0
2024-03-27 05:00:00,0.0,0.0
2024-03-27 06:00:00,0.0,0.0
2024-03-27 07:00:00,0.0,0.0
2024-03-27 08:00:00,0.0,0.0
2024-03-27 09:00:00,0.0,0.0
2024-03-27 10:00:00,0.10436051539893962,0.10436051539893962
2024-03-27 11:00:00,0.37369367500164963,0.37369367500164963
2024-03-27 12:00:00,0.6650241232389162,0.6650241232389162
2024-03-27 13:00:00,1.3269938460450956,1.3269938460450956
2024-03-27 14:00:00,1.8671524498392538,1.8671524498392538
2024-03-27 15:00:00,2.4663005943993745,2.4663005943993745
2024-03-27 16:00:00,2.1851875993094776,2.1851875993094776
2024-03-27 17:00:00,2.5007509260355896,2.5007509260355896
2024-03-27 18:00:00,3.6672770527620817,3.6672770527620817
2024-03-27 19:00:00,2.559535490931459,2.559535490931459
2024-03-27 20:00:00,3.4974283069471075,3.4974283069471075
2024-03-27 21:00:00,2.9851792144361364,2.9851792144361364
2024-03-27 22:00:00,0.0,0.0
2024-03-27 23:00:00,0.0,0.0
2024-03-28 00:00:00,0.0,0.0
2024-03-28 01:00:00,0.0,0.0
2024-03-28 02:00:00,0.0,0.0
2024-03-28 03:00:00,0.0,0.0
2024-03-28 04:00:00,0.0,0.0
2024-03-28 05:00:00,0.0,0.0
2024-03-28 06:00:00,0.0,0.0
2024-03-28 07:00:00,0.0,0.0
2024-03-28 08:00:00,0.0,0.0
2024-03-28 09:00:00,0.0,0.0
2024-03-28 10:00:00,0.12495684375863891,0.12495684375863891
2024-03-28 11:00:00,0.42956968573349746,0.42956968573349746
2024-03-28 12:00:00,0.6465484453283286,0.6465484453283286
2024-03-28 13:00:00,1.474737567823267,1.474737567823267
2024-03-28 14:00:00,1.68460645549807,1.68460645549807
2024-03-28 15:00:00,2.378434693922458,2.378434693922458
2024-03-28 16:00:00,2.143995093125552,2.143995093125552
2024-03-28 17:00:00,3.1440043160671944,3.1440043160671944
2024-03-28 18:00:00,3.6625386450691555,3.6625386450691555
2024-03-28 19:00:00,3.4005105819155705,3.4005105819155705
2024-03-28 20:00:00,2.8454890602420413,2.8454890602420413
2024-03-28 21:00:00,2.6969731179725156,2.6969731179725156
2024-03-28 22:00:00,0.0,0.0
2024-03-28 23:00:00,0.0,0.0
2024-03-29 00:00:00,0.0,0.0
2024-03-29 01:00:00,0.0,0.0
2024-03-29 02:00:00,0.0,0.0
2024-03-29 03:00:00,0.0,0.0
2024-03-29 04:00:00,0.0,0.0
2024-03-29 05:00:00,0.0,0.0
2024-03-29 06:00:00,0.0,0.0
2024-03-29 07:00:00,0.0,0.0
2024-03-29 08:00:00,0.0,0.0
2024-03-29 09:00:00,0.0,0.0
2024-03-29 10:00:00,0.10838844473921239,0.10838844473921239
2024-03-29 11:00:00,0.38964646630322364,0.38964646630322364
2024-03-29 12:00:00,0.7641344126665128,0.7641344126665128
2024-03-29 13:00:00,1.1283735214694022,1.1283735214694022
2024-03-29 14:00:00,1.5552212330482398,1.5552212330482398
2024-03-29 15:00:00,2.2965354022662345,2.2965354022662345
2024-03-29 16:00:00,2.345482689543461,2.345482689543461
2024-03-29 17:00:00,2.5073183374641705,2.5073183374641705
2024-03-29 18:00:00,3.0881640515446436,3.0881640515446436
2024-03-29 19:00:00,2.582848319359631,2.582848319359631
2024-03-29 20:00:00,2.846954387798189,2.846954387798189
2024-03-29 21:00:00,3.2723745277193093,3.2723745277193093
2024-03-29 22:00:00,0.0,0.0
2024-03-29 23:00:00,0.0,0.0
2024-03-30 00:00:00,0.0,0.0
2024-03-30 01:00:00,0.0,0.0
2024-03-30 02:00:00,0.0,0.0
2024-03-30 03:00:00,0.0,0.0
2024-03-30 04:00:00,0.0,0.0
2024-03-30 05:00:00,0.0,0.0
2024-03-30 06:00:00,0.0,0.0
2024-03-30 07:00:00,0.0,0.0
2024-03-30 08:00:00,0.0,0.0
2024-03-30 09:00:00,0.0,0.0
2024-03-30 10:00:00,0.07737236923795196,0.07737236923795196
2024-03-30 11:00:00,0.25744372626688866,0.25744372626688866
2024-03-30 12:00:00,0.4450659182691036,0.4450659182691036
2024-03-30 13:00:00,0.806661319978693,0.806661319978693
2024-03-30 14:00:00,1.0991660595440915,1.0991660595440915
2024-03-30 15:00:00,1.39710854498261,1.39710854498261
2024-03-30 16:00:00,1.4674274972941637,1.4674274972941637
2024-03-30 17:00:00,1.8419968189930542,1.8419968189930542
2024-03-30 18:00:00,1.8937989940247182,1.8937989940247182
2024-03-30 19:00:00,2.0061595981238454,2.0061595981238454
2024-03-30 20:00:00,1.8540307835329035,1.8540307835329035
2024-03-30 21:00:00,2.0295988292037426,2.0295988292037426
2024-03-30 22:00:00,0.0,0.0
2024-03-30 23:00:00,0.0,0.0
2024-03-31 00:00:00,0.0,0.0
2024-03-31 01:00:00,0.0,0.0
2024-03-31 02:00:00,0.0,0.0
2024-03-31 03:00:00,0.0,0.0
2024-03-31 04:00:00,0.0,0.0
2024-03-31 05:00:00,0.0,0.0
2024-03-31 06:00:00,0.0,0.0
2024-03-31 07:00:00,0.0,0.0
2024-03-31 08:00:00,0.0,0.0
2024-03-31 09:00:00,0.0,0.0
2024-03-31 10:00:00,0.06722110826656794,0.06722110826656794
2024-03-31 11:00:00,0.26326263928939664,0.26326263928939664
2024-03-31 12:00:00,0.5253689767613514,0.5253689767613514
2024-03-31 13:00:00,0.8600672977694916,0.8600672977694916
2024-03-31 14:00:00,1.3824848571141357,1.3824848571141357
2024-03-31 15:00:00,1.7045446175376935,1.7045446175376935
2024-03-31 16:00:00,1.8045217341883804,1.8045217341883804
2024-03-31 17:00:00,1.847353216013682,1.847353216013682
2024-03-31 18:00:00,2.3985566151998694,2.3985566151998694
2024-03-31 19:00:00,2.006969297643618,2.006969297643618
2024-03-31 20:00:00,2.513158321672016,2.513158321672016
2024-03-31 21:00:00,2.372954349579858,2.372954349579858
2024-03-31 22:00:00,0.0,0.0
2024-03-31 23:00:00,0.0,0.0
2024-04-01 00:00:00,0.0,0.0
2024-04-01 01:00:00,0.0,0.0
2024-04-01 02:00:00,0.0,0.0
2024-04-01 03:00:00,0.0,0.0
2024-04-01 04:00:00,0.0,0.0
2024-04-01 05:00:00,0.0,0.0
2024-04-01 06:00:00,0.0,0.0
2024-04-01 07:00:00,0.0,0.0
2024-04-01 08:00:00,0.0,0.0
2024-04-01 09:00:00,0.0,0.0
2024-04-01 10:00:00,0.09728892132160276,0.09728892132160276
2024-04-01 11:00:00,0.40783772167239823,0.40783772167239823
2024-04-01 12:00:00,0.6087543380297827,0.6087543380297827
2024-04-01 13:00:00,1.3761810488178348,1.3761810488178348
2024-04-01 14:00:00,1.7051699762842032,1.7051699762842032
2024-04-01 15:00:00,2.253755567754327,2.253755567754327
2024-04-01 16:00:00,2.5961414742326094,2.5961414742326094
2024-04-01 17:00:00,2.8856356688531006,2.8856356688531006
2024-04-01 18:00:00,3.4435235621906517,3.4435235621906517
2024-04-01 19:00:00,3.1046461152791296,3.1046461152791296
2024-04-01 20:00:00,2.6034070829842344,2.6034070829842344
2024-04-01 21:00:00,2.9950834695388053,2.9950834695388053
2024-04-01 22:00:00,0.0,0.0
2024-04-01 23:00:00,0.0,0.0
2024-04-02 00:00:00,0.0,0.0
2024-04-02 01:00:00,0.0,0.0
2024-04-02 02:00:00,0.0,0.0
2024-04-02 03:00:00,0.0,0.0
2024-04-02 04:00:00,0.0,0.0
2024-04-02 05:00:00,0.0,0.0
2024-04-02 06:00:00,0.0,0.0
2024-04-02 07:00:00,0.0,0.0
2024-04-02 08:00:00,0.0,0.0
2024-04-02 09:00:00,0.0,0.0
2024-04-02 10:00:00,0.08738263971269174,0.08738263971269174
2024-04-02 11:00:00,0.3348804840450084,0.3348804840450084
2024-04-02 12:00:00,0.7050868459941277,0.7050868459941277
2024-04-02 13:00:00,1.0202528737579089,1.0202528737579089
2024-04-02 14:00:00,1.4482045732111606,1.4482045732111606
2024-04-02 15:00:00,2.043995300409666,2.043995300409666
2024-04-02 16:00:00,2.090234616306958,2.090234616306958
2024-04-02 17:00:00,2.377778717248721,2.377778717248721
2024-04-02 18:00:00,2.847811896476053,2.847811896476053
2024-04-02 19:00:00,3.0038841630654263,3.0038841630654263
2024-04-02 20:00:00,2.984184615712421,2.984184615712421
2024-04-02 21:00:00,2.6502341163866805,2.6502341163866805
2024-04-02 22:00:00,0.0,0.0
2024-04-02 23:00:00,0.0,0.0
2024-04-03 00:00:00,0.0,0.0
2024-04-03 01:00:00,0.0,0.0
2024-04-03 02:00:00,0.0,0.0
2024-04-03 03:00:00,0.0,0.0
2024-04-03 04:00:00,0.0,0.0
2024-04-03 05:00:00,0.0,0.0
2024-04-03 06:00:00,0.0,0.0
2024-04-03 07:00:00,0.0,0.0
2024-04-03 08:00:00,0.0,0.0
2024-04-03 09:00:00,0.0,0.0
2024-04-03 10:00:00,0.1222804622328048,0.1222804622328048
2024-04-03 11:00:00,0.3343971569360699,0.3343971569360699
2024-04-03 12:00:00,0.6963829323807714,0.6963829323807714
2024-04-03 13:00:00,1.221509351704393,1.221509351704393
2024-04-03 14:00:00,1.458574959868285,1.458574959868285
2024-04-03 15:00:00,2.6067947091989327,2.6067947091989327
2024-04-03 16:00:00,2.515663871349646,2.515663871349646
2024-04-03 17:00:00,2.8161105606584633,2.8161105606584633
2024-04-03 18:00:00,3.565715629048023,3.565715629048023
2024-04-03 19:00:00,3.0823866608661517,3.0823866608661517
2024-04-03 20:00:00,3.4300629623828147,3.4300629623828147
2024-04-03 21:00:00,3.121415270580755,3.121415270580755
2024-04-03 22:00:00,0.0,0.0
2024-04-03 23:00:00,0.0,0.0
2024-04-04 00:00:00,0.0,0.0
2024-04-04 01:00:00,0.0,0.0
2024-04-04 02:00:00,0.0,0.0
2024-04-04 03:00:00,0.0,0.0
2024-04-04 04:00:00,0.0,0.0
2024-04-04 05:00:00,0.0,0.0
2024-04-04 06:00:00,0.0,0.0
2024-04-04 07:00:00,0.0,0.0
2024-04-04 08:00:00,0.0,0.0
2024-04-04 09:00:00,0.0,0.0
2024-04-04 10:00:00,0.12530291741090818,0.12530291741090818
2024-04-04 11:00:00,0.45678137107648875,0.45678137107648875
2024-04-04 12:00:00,0.6487653813665221,0.6487653813665221
2024-04-04 13:00:00,1.574825995638736,1.574825995638736
2024-04-04 14:00:00,2.0440418481325073,2.0440418481325073
2024-04-04 15:00:00,2.3520625920040574,2.3520625920040574
2024-04-04 16:00:00,2.8541406719325257,2.8541406719325257
2024-04-04 17:00:00,2.873930142369629,2.873930142369629
2024-04-04 18:00:00,3.6450070513004653,3.6450070513004653
2024-04-04 19:00:00,2.968936012859851,2.968936012859851
2024-04-04 20:00:00,3.728443422811496,3.728443422811496
2024-04-04 21:00:00,3.591644177395307,3.591644177395307
2024-04-04 22:00:00,0.0,0.0
2024-04-04 23:00:00,0.0,0.0
2024-04-05 00:00:00,0.0,0.0
2024-04-05 01:00:00,0.0,0.0
2024-04-05 02:00:00,0.0,0.0
2024-04-05 03:00:00,0.0,0.0
2024-04-05 04:00:00,0.0,0.0
2024-04-05 05:00:00,0.0,0.0
2024-04-05 06:00:00,0.0,0.0
2024-04-05 07:00:00,0.0,0.0
2024-04-05 08:00:00,0.0,0.0
2024-04-05 09:00:00,0.0,0.0
2024-04-05 10:00:00,0.11346320505125117,0.11346320505125117
2024-04-05 11:00:00,0.40073759630856515,0.40073759630856515
2024-04-05 12:00:00,0.632675787319143,0.632675787319143
2024-04-05 13:00:00,1.0822882253821542,1.0822882253821542
2024-04-05 14:00:00,1.643053449584326,1.643053449584326
2024-04-05 15:00:00,2.019142741375856,2.019142741375856
2024-04-05 16:00:00,2.1034084742064896,2.1034084742064896
2024-04-05 17:00:00,2.562510105347137,2.562510105347137
2024-04-05 18:00:00,3.224918748780347,3.224918748780347
2024-04-05 19:00:00,2.6988414176688376,2.6988414176688376
2024-04-05 20:00:00,2.4444062547623995,2.4444062547623995
2024-04-05 21:00:00,2.793548289806898,2.793548289806898
2024-04-05 22:00:00,0.0,0.0
2024-04-05 23:00:00,0.0,0.0
2024-04-06 00:00:00,0.0,0.0
2024-04-06 01:00:00,0.0,0.0
2024-04-06 02:00:00,0.0,0.0
2024-04-06 03:00:00,0.0,0.0
2024-04-06 04:00:00,0.0,0.0
2024-04-06 05:00:00,0.0,0.0
2024-04-06 06:00:00,0.0,0.0
2024-04-06 07:00:00,0.0,0.0
2024-04-06 08:00:00,0.0,0.0
2024-04-06 09:00:00,0.0,0.0
2024-04-06 10:00:00,0.0733746998732551,0.0733746998732551
2024-04-06 11:00:00,0.2555711123334355,0.2555711123334355
2024-04-06 12:00:00,0.4717983893141597,0.4717983893141597
2024-04-06 13:00:00,0.9647230101371544,0.9647230101371544
2024-04-06 14:00:00,1.1490515285900125,1.1490515285900125
2024-04-06 15:00:00,1.4296429454264377,1.4296429454264377
2024-04-06 16:00:00,1.4304680396344536,1.4304680396344536
2024-04-06 17:00:00,2.0816832281735618,2.0816832281735618
2024-04-06 18:00:00,2.408014779169595,2.408014779169595
2024-04-06 19:00:00,1.9396809942280122,1.9396809942280122
2024-04-06 20:00:00,2.2439753470185724,2.2439753470185724
2024-04-06 21:00:00,2.055044030437873,2.055044030437873
2024-04-06 22:00:00,0.0,0.0
2024-04-06 23:00:00,0.0,0.0
2024-04-07 00:00:00,0.0,0.0
2024-04-07 01:00:00,0.0,0.0
2024-04-07 02:00:00,0.0,0.0
2024-04-07 03:00:00,0.0,0.0
2024-04-07 04:00:00,0.0,0.0
2024-04-07 05:00:00,0.0,0.0
2024-04-07 06:00:00,0.0,0.0
2024-04-07 07:00:00,0.0,0.0
2024-04-07 08:00:00,0.0,0.0
2024-04-07 09:00:00,0.0,0.0
2024-04-07 10:00:00,0.07553044372807213,0.07553044372807213
2024-04-07 11:00:00,0.29631056889279767,0.29631056889279767
2024-04-07 12:00:00,0.46680471890221165,0.46680471890221165
2024-04-07 13:00:00,0.7735074194371955,0.7735074194371955
2024-04-07 14:00:00,1.06454972680635,1.06454972680635
2024-04-07 15:00:00,1.8365200557307106,1.8365200557307106
2024-04-07 16:00:00,1.7981537928008884,1.7981537928008884
2024-04-07 17:00:00,1.8995834942584293,1.8995834942584293
2024-04-07 18:00:00,2.3975245837924595,2.3975245837924595
2024-04-07 19:00:00,2.2684865551969478,2.2684865551969478
2024-04-07 20:00:00,2.2928724428157703,2.2928724428157703
2024-04-07 21:00:00,2.3561906235989434,2.3561906235989434
2024-04-07 22:00:00,0.0,0.0
2024-04-07 23:00:00,0.0,0.0
2024-04-08 00:00:00,0.0,0.0
2024-04-08 01:00:00,0.0,0.0
2024-04-08 02:00:00,0.0,0.0
2024-04-08 03:00:00,0.0,0.0
2024-04-08 04:00:00,0.0,0.0
2024-04-08 05:00:00,0.0,0.0
2024-04-08 06:00:00,0.0,0.0
2024-04-08 07:00:00,0.0,0.0
2024-04-08 08:00:00,0.0,0.0
2024-04-08 09:00:00,0.0,0.0
2024-04-08 10:00:00,0.09536435186984556,0.09536435186984556
2024-04-08 11:00:00,0.4005155849287902,0.4005155849287902
2024-04-08 12:00:00,0.6232019104982086,0.6232019104982086
2024-04-08 13:00:00,1.3986625205798189,1.3986625205798189
2024-04-08 14:00:00,1.9800870605769347,1.9800870605769347
2024-04-08 15:00:00,2.7469651300704157,2.7469651300704157
2024-04-08 16:00:00,2.2596399586482026,2.2596399586482026
2024-04-08 17:00:00,2.9869902811963196,2.9869902811963196
2024-04-08 18:00:00,3.060158462063272,3.060158462063272
2024-04-08 19:00:00,3.1089049347509863,3.1089049347509863
2024-04-08 20:00:00,3.1263499422987264,3.1263499422987264
2024-04-08 21:00:00,2.861526283017357,2.861526283017357
2024-04-08 22:00:00,0.0,0.0
2024-04-08 23:00:00,0.0,0.0
2024-04-09 00:00:00,0.0,0.0
2024-04-09 01:00:00,0.0,0.0
2024-04-09 02:00:00,0.0,0.0
2024-04-09 03:00:00,0.0,0.0
2024-04-09 04:00:00,0.0,0.0
2024-04-09 05:00:00,0.0,0.0
2024-04-09 06:00:00,0.0,0.0
2024-04-09 07:00:00,0.0,0.0
2024-04-09 08:00:00,0.0,0.0
2024-04-09 09:00:00,0.0,0.0
2024-04-09 10:00:00,0.1188299908446351,0.1188299908446351
2024-04-09 11:00:00,0.40413476880459087,0.40413476880459087
2024-04-09 12:00:00,0.7788671541853063,0.7788671541853063
2024-04-09 13:00:00,1.2378114063692607,1.2378114063692607
2024-04-09 14:00:00,1.537325833460014,1.537325833460014
2024-04-09 15:00:00,2.1440143667438885,2.1440143667438885
2024-04-09 16:00:00,2.184938197503355,2.184938197503355
2024-04-09 17:00:00,2.463738085887347,2.463738085887347
2024-04-09 18:00:00,3.7793699598022146,3.7793699598022146
2024-04-09 19:00:00,3.3204594091579933,3.3204594091579933
2024-04-09 20:00:00,3.212224828891575,3.212224828891575
2024-04-09 21:00:00,2.875697391239846,2.875697391239846
2024-04-09 22:00:00,0.0,0.0
2024-04-09 23:00:00,0.0,0.0
2024-04-10 00:00:00,0.0,0.0
2024-04-10 01:00:00,0.0,0.0
2024-04-10 02:00:00,0.0,0.0
2024-04-10 03:00:00,0.0,0.0
2024-04-10 04:00:00,0.0,0.0
2024-04-10 05:00:00,0.0,0.0
2024-04-10 06:00:00,0.0,0.0
2024-04-10 07:00:00,0.0,0.0
2024-04-10 08:00:00,0.0,0.0
2024-04-10 09:00:00,0.0,0.0
2024-04-10 10:00:00,0.09501374871362807,0.09501374871362807
2024-04-10 11:00:00,0.3950461280033745,0.3950461280033745
2024-04-10 12:00:00,0.6875191154829167,0.6875191154829167
2024-04-10 13:00:00,1.165409264386859,1.165409264386859
2024-04-10 14:00:00,1.6188548986714477,1.6188548986714477
2024-04-10 15:00:00,2.632275144487699,2.632275144487699
2024-04-10 16:00:00,2.522579239742863,2.522579239742863
2024-04-10 17:00:00,2.3392750184080477,2.3392750184080477
2024-04-10 18:00:00,3.538907007517099,3.538907007517099
2024-04-10 19:00:00,3.0799605691821053,3.0799605691821053
2024-04-10 20:00:00,2.7565281812685254,2.7565281812685254
2024-04-10 21:00:00,3.3036100371013064,3.3036100371013064
2024-04-10 22:00:00,0.0,0.0
2024-04-10 23:00:00,0.0,0.0
2024-04-11 00:00:00,0.0,0.0
2024-04-11 01:00:00,0.0,0.0
2024-04-11 02:00:00,0.0,0.0
2024-04-11 03:00:00,0.0,0.0
2024-04-11 04:00:00,0.0,0.0
2024-04-11 05:00:00,0.0,0.0
2024-04-11 06:00:00,0.0,0.0
2024-04-11 07:00:00,0.0,0.0
2024-04-11 08:00:00,0.0,0.0
2024-04-11 09:00:00,0.0,0.0
2024-04-11 10:00:00,0.10157268448115629,0.10157268448115629
2024-04-11 11:00:00,0.36575452252975693,0.36575452252975693
2024-04-11 12:00:00,0.6459800920322475,0.6459800920322475
2024-04-11 13:00:00,1.147234078630832,1.147234078630832
2024-04-11 14:00:00,1.3630250519752154,1.3630250519752154
2024-04-11 15:00:00,2.322275034540545,2.322275034540545
2024-04-11 16:00:00,2.5680344969151165,2.5680344969151165
2024-04-11 17:00:00,2.6263700128884775,2.6263700128884775
2024-04-11 18:00:00,2.8359892706734353,2.8359892706734353
2024-04-11 19:00:00,2.659019808752349,2.659019808752349
2024-04-11 20:00:00,2.699255338976529,2.699255338976529
2024-04-11 21:00:00,2.782799404644232,2.782799404644232
2024-04-11 22:00:00,0.0,0.0
2024-04-11 23:00:00,0.0,0.0
2024-04-12 00:00:00,0.0,0.0
2024-04-12 01:00:00,0.0,0.0
2024-04-12 02:00:00,0.0,0.0
2024-04-12 03:00:00,0.0,0.0
2024-04-12 04:00:00,0.0,0.0
2024-04-12 05:00:00,0.0,0.0
2024-04-12 06:00:00,0.0,0.0
2024-04-12 07:00:00,0.0,0.0
2024-04-12 08:00:00,0.0,0.0
2024-04-12 09:00:00,0.0,0.0
2024-04-12 10:00:00,0.11362405424535248,0.11362405424535248
2024-04-12 11:00:00,0.46818107573954554,0.46818107573954554
2024-04-12 12:00:00,0.8161167998779233,0.8161167998779233
2024-04-12 13:00:00,1.4884593175727163,1.4884593175727163
2024-04-12 14:00:00,1.6544198137871033,1.6544198137871033
2024-04-12 15:00:00,2.4373397325143826,2.4373397325143826
2024-04-12 16:00:00,2.5128235931482052,2.5128235931482052
2024-04-12 17:00:00,2.842190857485712,2.842190857485712
2024-04-12 18:00:00,3.155307561262872,3.155307561262872
2024-04-12 19:00:00,3.4031017327104167,3.4031017327104167
2024-04-12 20:00:00,3.483301020641688,3.483301020641688
2024-04-12 21:00:00,3.2986097959264424,3.2986097959264424
2024-04-12 22:00:00,0.0,0.0
2024-04-12 23:00:00,0.0,0.0
2024-04-13 00:00:00,0.0,0.0
2024-04-13 01:00:00,0.0,0.0
2024-04-13 02:00:00,0.0,0.0
2024-04-13 03:00:00,0.0,0.0
2024-04-13 04:00:00,0.0,0.0
2024-04-13 05:00:00,0.0,0.0
2024-04-13 06:00:00,0.0,0.0
2024-04-13 07:00:00,0.0,0.0
2024-04-13 08:00:00,0.0,0.0
2024-04-13 09:00:00,0.0,0.0
2024-04-13 10:00:00,0.07196278030617509,0.07196278030617509
2024-04-13 11:00:00,0.24581582259623178,0.24581582259623178
2024-04-13 12:00:00,0.4201549714568387,0.4201549714568387
2024-04-13 13:00:00,0.7485509619651757,0.7485509619651757
2024-04-13 14:00:00,1.055906520723289,1.055906520723289
2024-04-13 15:00:00,1.341433234147176,1.341433234147176
2024-04-13 16:00:00,1.6473129822467758,1.6473129822467758
2024-04-13 17:00:00,2.026793977949132,2.026793977949132
2024-04-13 18:00:00,2.180024558289445,2.180024558289445
2024-04-13 19:00:00,2.2332407122132287,2.2332407122132287
2024-04-13 20:00:00,2.2674819197865217,2.2674819197865217
2024-04-13 21:00:00,2.0161982932488303,2.0161982932488303
2024-04-13 22:00:00,0.0,0.0
2024-04-13 23:00:00,0.0,0.0
2024-04-14 00:00:00,0.0,0.0
2024-04-14 01:00:00,0.0,0.0
2024-04-14 02:00:00,0.0,0.0
2024-04-14 03:00:00,0.0,0.0
2024-04-14 04:00:00,0.0,0.0
2024-04-14 05:00:00,0.0,0.0
2024-04-14 06:00:00,0.0,0.0
2024-04-14 07:00:00,0.0,0.0
2024-04-14 08:00:00,0.0,0.0
2024-04-14 09:00:00,0.0,0.0
2024-04-14 10:00:00,0.07408019098509397,0.07408019098509397
2024-04-14 11:00:00,0.25766660835723865,0.25766660835723865
2024-04-14 12:00:00,0.4747499499362035,0.4747499499362035
2024-04-14 13:00:00,0.7881571571452839,0.7881571571452839
2024-04-14 14:00:00,1.0644446261907101,1.0644446261907101
2024-04-14 15:00:00,1.7605611559453784,1.7605611559453784
2024-04-14 16:00:00,1.719897897426208,1.719897897426208
2024-04-14 17:00:00,1.7961993071520042,1.7961993071520042
2024-04-14 18:00:00,2.191421397717885,2.191421397717885
2024-04-14 19:00:00,1.959041741688407,1.959041741688407
2024-04-14 20:00:00,1.9349052475722395,1.9349052475722395
2024-04-14 21:00:00,1.8049527643623697,1.8049527643623697
2024-04-14 22:00:00,0.0,0.0
2024-04-14 23:00:00,0.0,0.0
2024-04-15 00:00:00,0.0,0.0
2024-04-15 01:00:00,0.0,0.0
2024-04-15 02:00:00,0.0,0.0
2024-04-15 03:00:00,0.0,0.0
2024-04-15 04:00:00,0.0,0.0
2024-04-15 05:00:00,0.0,0.0
2024-04-15 06:00:00,0.0,0.0
2024-04-15 07:00:00,0.0,0.0
2024-04-15 08:00:00,0.0,0.0
2024-04-15 09:00:00,0.0,0.0
2024-04-15 10:00:00,0.08679352614086053,0.08679352614086053
2024-04-15 11:00:00,0.30466925669584666,0.30466925669584666
2024-04-15 12:00:00,0.6448710592184327,0.6448710592184327
2024-04-15 13:00:00,1.2061374742061297,1.2061374742061297
2024-04-15 14:00:00,1.6577832539457873,1.6577832539457873
2024-04-15 15:00:00,2.1354482192305935,2.1354482192305935
2024-04-15 16:00:00,1.952069450094047,1.952069450094047
2024-04-15 17:00:00,2.3935305680638477,2.3935305680638477
2024-04-15 18:00:00,3.107974371423941,3.107974371423941
2024-04-15 19:00:00,2.5044928117355862,2.5044928117355862
2024-04-15 20:00:00,3.0537167622486154,3.0537167622486154
2024-04-15 21:00:00,2.3814785521768873,2.3814785521768873
2024-04-15 22:00:00,0.0,0.0
2024-04-15 23:00:00,0.0,0.0
2024-04-16 00:00:00,0.0,0.0
2024-04-16 01:00:00,0.0,0.0
2024-04-16 02:00:00,0.0,0.0
2024-04-16 03:00:00,0.0,0.0
2024-04-16 04:00:00,0.0,0.0
2024-04-16 05:00:00,0.0,0.0
2024-04-16 06:00:00,0.0,0.0
2024-04-16 07:00:00,0.0,0.0
2024-04-16 08:00:00,0.0,0.0
2024-04-16 09:00:00,0.0,0.0
2024-04-16 10:00:00,0.08971202492831054,0.08971202492831054
2024-04-16 11:00:00,0.38210863288003943,0.38210863288003943
2024-04-16 12:00:00,0.7503465992072669,0.7503465992072669
2024-04-16 13:00:00,1.3482186456590342,1.3482186456590342
2024-04-16 14:00:00,1.5947977476033017,1.5947977476033017
2024-04-16 15:00:00,2.267276016687479,2.267276016687479
2024-04-16 16:00:00,2.463347390757425,2.463347390757425
2024-04-16 17:00:00,3.045933501908412,3.045933501908412
2024-04-16 18:00:00,3.3168248897676813,3.3168248897676813
2024-04-16 19:00:00,2.884844277024383,2.884844277024383
2024-04-16 20:00:00,3.3406191444149047,3.3406191444149047
2024-04-16 21:00:00,3.3241202516253625,3.3241202516253625
2024-04-16 22:00:00,0.0,0.0
2024-04-16 23:00:00,0.0,0.0
2024-04-17 00:00:00,0.0,0.0
2024-04-17 01:00:00,0.0,0.0
2024-04-17 02:00:00,0.0,0.0
2024-04-17 03:00:00,0.0,0.0
2024-04-17 04:00:00,0.0,0.0
2024-04-17 05:00:00,0.0,0.0
2024-04-17 06:00:00,0.0,0.0
2024-04-17 07:00:00,0.0,0.0
2024-04-17 08:00:00,0.0,0.0
2024-04-17 09:00:00,0.0,0.0
2024-04-17 10:00:00,0.10516637093512733,0.10516637093512733
2024-04-17 11:00:00,0.4474893331828052,0.4474893331828052
2024-04-17 12:00:00,0.8083250787590992,0.8083250787590992
2024-04-17 13:00:00,1.414051196836917,1.414051196836917
2024-04-17 14:00:00,2.041104074152158,2.041104074152158
2024-04-17 15:00:00,2.6116695098141545,2.6116695098141545
2024-04-17 16:00:00,2.351159720727334,2.351159720727334
2024-04-17 17:00:00,3.172885454122212,3.172885454122212
2024-04-17 18:00:00,3.3779802909249206,3.3779802909249206
2024-04-17 19:00:00,3.709638150693184,3.709638150693184
2024-04-17 20:00:00,3.645437564571134,3.645437564571134
2024-04-17 21:00:00,2.8949161253274593,2.8949161253274593
2024-04-17 22:00:00,0.0,0.0
2024-04-17 23:00:00,0.0,0.0
2024-04-18 00:00:00,0.0,0.0
2024-04-18 01:00:00,0.0,0.0
2024-04-18 02:00:00,0.0,0.0
2024-04-18 03:00:00,0.0,0.0
2024-04-18 04:00:00,0.0,0.0
2024-04-18 05:00:00,0.0,0.0
2024-04-18 06:00:00,0.0,0.0
2024-04-18 07:00:00,0.0,0.0
2024-04-18 08:00:00,0.0,0.0
2024-04-18 09:00:00,0.0,0.0
2024-04-18 10:00:00,0.10964473861711338,0.10964473861711338
2024-04-18 11:00:00,0.44523650878960525,0.44523650878960525
2024-04-18 12:00:00,0.8509922880660016,0.8509922880660016
2024-04-18 13:00:00,1.332140124110404,1.332140124110404
2024-04-18 14:00:00,2.062970188822718,2.062970188822718
2024-04-18 15:00:00,2.3039176081214636,2.3039176081214636
2024-04-18 16:00:00,2.892836486652315,2.892836486652315
2024-04-18 17:00:00,2.866759832474846,2.866759832474846
2024-04-18 18:00:00,3.099786921204202,3.099786921204202
2024-04-18 19:00:00,3.3839801693084564,3.3839801693084564
2024-04-18 20:00:00,3.0636260830836,3.0636260830836
2024-04-18 21:00:00,2.8784453413232556,2.8784453413232556
2024-04-18 22:00:00,0.0,0.0
2024-04-18 23:00:00,0.0,0.0
2024-04-19 00:00:00,0.0,0.0
2024-04-19 01:00:00,0.0,0.0
2024-04-19 02:00:00,0.0,0.0
2024-04-19 03:00:00,0.0,0.0
2024-04-19 04:00:00,0.0,0.0
2024-04-19 05:00:00,0.0,0.0
2024-04-19 06:00:00,0.0,0.0
2024-04-19 07:00:00,0.0,0.0
2024-04-19 08:00:00,0.0,0.0
2024-04-19 09:00:00,0.0,0.0
2024-04-19 10:00:00,0.09400785394700138,0.09400785394700138
2024-04-19 11:00:00,0.3457383289186018,0.3457383289186018
2024-04-19 12:00:00,0.7487684574454239,0.7487684574454239
2024-04-19 13:00:00,1.1489119016678326,1.1489119016678326
2024-04-19 14:00:00,1.5832005887016434,1.5832005887016434
2024-04-19 15:00:00,2.350091779804444,2.350091779804444
2024-04-19 16:00:00,2.37509447349361,2.37509447349361
2024-04-19 17:00:00,2.4137424969265893,2.4137424969265893
2024-04-19 18:00:00,3.150828050636673,3.150828050636673
2024-04-19 19:00:00,2.9140925068304053,2.9140925068304053
2024-04-19 20:00:00,2.8739088795754637,2.8739088795754637
2024-04-19 21:00:00,3.014088318336796,3.014088318336796
2024-04-19 22:00:00,0.0,0.0
2024-04-19 23:00:00,0.0,0.0
2024-04-20 00:00:00,0.0,0.0
2024-04-20 01:00:00,0.0,0.0
2024-04-20 02:00:00,0.0,0.0
2024-04-20 03:00:00,0.0,0.0
2024-04-20 04:00:00,0.0,0.0
2024-04-20 05:00:00,0.0,0.0
2024-04-20 06:00:00,0.0,0.0
2024-04-20 07:00:00,0.0,0.0
2024-04-20 08:00:00,0.0,0.0
2024-04-20 09:00:00,0.0,0.0
2024-04-20 10:00:00,0.0688820469948648,0.0688820469948648
2024-04-20 11:00:00,0.2633442841574484,0.2633442841574484
2024-04-20 12:00:00,0.4790477049964467,0.4790477049964467
2024-04-20 13:00:00,0.9974932996554037,0.9974932996554037
2024-04-20 14:00:00,1.1214232299252875,1.1214232299252875
2024-04-20 15:00:00,1.7227464156656958,1.7227464156656958
2024-04-20 16:00:00,1.8729261268815829,1.8729261268815829
2024-04-20 17:00:00,1.91168943784182,1.91168943784182
2024-04-20 18:00:00,2.142218251359711,2.142218251359711
2024-04-20 19:00:00,2.477030958948221,2.477030958948221
2024-04-20 20:00:00,2.0945185855174153,2.0945185855174153
2024-04-20 21:00:00,2.4928837937257597,2.4928837937257597
2024-04-20 22:00:00,0.0,0.0
2024-04-20 23:00:00,0.0,0.0
2024-04-21 00:00:00,0.0,0.0
2024-04-21 01:00:00,0.0,0.0
2024-04-21 02:00:00,0.0,0.0
2024-04-21 03:00:00,0.0,0.0
2024-04-21 04:00:00,0.0,0.0
2024-04-21 05:00:00,0.0,0.0
2024-04-21 06:00:00,0.0,0.0
2024-04-21 07:00:00,0.0,0.0
2024-04-21 08:00:00,0.0,0.0
2024-04-21 09:00:00,0.0,0.0
2024-04-21 10:00:00,0.07490768749835894,0.07490768749835894
2024-04-21 11:00:00,0.27781821872709317,0.27781821872709317
2024-04-21 12:00:00,0.5353933439663036,0.5353933439663036
2024-04-21 13:00:00,0.7974811812292302,0.7974811812292302
2024-04-21 14:00:00,1.0319372489525578,1.0319372489525578
2024-04-21 15:00:00,1.497270064615532,1.497270064615532
2024-04-21 16:00:00,1.583012291363674,1.583012291363674
2024-04-21 17:00:00,2.0818064046103264,2.0818064046103264
2024-04-21 18:00:00,2.285349775773392,2.285349775773392
2024-04-21 19:00:00,1.8022750043700004,1.8022750043700004
2024-04-21 20:00:00,2.3438430004941115,2.3438430004941115
2024-04-21 21:00:00,1.8003764985439392,1.8003764985439392
2024-04-21 22:00:00,0.0,0.0
2024-04-21 23:00:00,0.0,0.0
2024-04-22 00:00:00,0.0,0.0
2024-04-22 01:00:00,0.0,0.0
2024-04-22 02:00:00,0.0,0.0
2024-04-22 03:00:00,0.0,0.0
2024-04-22 04:00:00,0.0,0.0
2024-04-22 05:00:00,0.0,0.0
2024-04-22 06:00:00,0.0,0.0
2024-04-22 07:00:00,0.0,0.0
2024-04-22 08:00:00,0.0,0.0
2024-04-22 09:00:00,0.0,0.0
2024-04-22 10:00:00,0.11735806584543725,0.11735806584543725
2024-04-22 11:00:00,0.3474784883706483,0.3474784883706483
2024-04-22 12:00:00,0.7572147788768644,0.7572147788768644
2024-04-22 13:00:00,1.1473424420456602,1.1473424420456602
2024-04-22 14:00:00,1.8219454469456524,1.8219454469456524
2024-04-22 15:00:00,2.119297615458128,2.119297615458128
2024-04-22 16:00:00,2.189882361720538,2.189882361720538
2024-04-22 17:00:00,2.7325026429651933,2.7325026429651933
2024-04-22 18:00:00,2.810439141117155,2.810439141117155
2024-04-22 19:00:00,2.471588605291598,2.471588605291598
2024-04-22 20:00:00,2.793042863902689,2.793042863902689
2024-04-22 21:00:00,2.836424749501331,2.836424749501331
2024-04-22 22:00:00,0.0,0.0
2024-04-22 23:00:00,0.0,0.0
2024-04-23 00:00:00,0.0,0.0
2024-04-23 01:00:00,0.0,0.0
2024-04-23 02:00:00,0.0,0.0
2024-04-23 03:00:00,0.0,0.0
2024-04-23 04:00:00,0.0,0.0
2024-04-23 05:00:00,0.0,0.0
2024-04-23 06:00:00,0.0,0.0
2024-04-23 07:00:00,0.0,0.0
2024-04-23 08:00:00,0.0,0.0
2024-04-23 09:00:00,0.0,0.0
2024-04-23 10:00:00,0.10027035786439896,0.10027035786439896
2024-04-23 11:00:00,0.3228943511058005,0.3228943511058005
2024-04-23 12:00:00,0.6251358427547716,0.6251358427547716
2024-04-23 13:00:00,1.381156515912719,1.381156515912719
2024-04-23 14:00:00,1.7610475129559504,1.7610475129559504
2024-04-23 15:00:00,2.3570906619570358,2.3570906619570358
2024-04-23 16:00:00,2.325318579810193,2.325318579810193
2024-04-23 17:00:00,2.7626114103256363,2.7626114103256363
2024-04-23 18:00:00,3.4647047071001777,3.4647047071001777
2024-04-23 19:00:00,2.788487345512931,2.788487345512931
2024-04-23 20:00:00,3.190185695587386,3.190185695587386
2024-04-23 21:00:00,3.1764248776722845,3.1764248776722845
2024-04-23 22:00:00,0.0,0.0
2024-04-23 23:00:00,0.0,0.0
2024-04-24 00:00:00,0.0,0.0
2024-04-24 01:00:00,0.0,0.0
2024-04-24 02:00:00,0.0,0.0
2024-04-24 03:00:00,0.0,0.0
2024-04-24 04:00:00,0.0,0.0
2024-04-24 05:00:00,0.0,0.0
2024-04-24 06:00:00,0.0,0.0
2024-04-24 07:00:00,0.0,0.0
2024-04-24 08:00:00,0.0,0.0
2024-04-24 09:00:00,0.0,0.0
2024-04-24 10:00:00,0.12147752802869115,0.12147752802869115
2024-04-24 11:00:00,0.3765686894371776,0.3765686894371776
2024-04-24 12:00:00,0.7979589525184738,0.7979589525184738
2024-04-24 13:00:00,1.4323086667684317,1.4323086667684317
2024-04-24 14:00:00,1.8458383958641764,1.8458383958641764
2024-04-24 15:00:00,2.3103266318197204,2.3103266318197204
2024-04-24 16:00:00,2.8848872325027144,2.8848872325027144
2024-04-24 17:00:00,2.751095628809135,2.751095628809135
2024-04-24 18:00:00,3.703423920167498,3.703423920167498
2024-04-24 19:00:00,2.804052699421038,2.804052699421038
2024-04-24 20:00:00,3.0790386036665827,3.0790386036665827
2024-04-24 21:00:00,2.6710864671226364,2.6710864671226364
2024-04-24 22:00:00,0.0,0.0
2024-04-24 23:00:00,0.0,0.0
2024-04-25 00:00:00,0.0,0.0
2024-04-25 01:00:00,0.0,0.0
2024-04-25 02:00:00,0.0,0.0
2024-04-25 03:00:00,0.0,0.0
2024-04-25 04:00:00,0.0,0.0
2024-04-25 05:00:00,0.0,0.0
2024-04-25 06:00:00,0.0,0.0
2024-04-25 07:00:00,0.0,0.0
2024-04-25 08:00:00,0.0,0.0
2024-04-25 09:00:00,0.0,0.0
2024-04-25 10:00:00,0.10154278268856476,0.10154278268856476
2024-04-25 11:00:00,0.3989357229739303,0.3989357229739303
2024-04-25 12:00:00,0.8412933636577503,0.8412933636577503
2024-04-25 13:00:00,1.207867553591367,1.207867553591367
2024-04-25 14:00:00,1.8781956622816993,1.8781956622816993
2024-04-25 15:00:00,2.6767342765722555,2.6767342765722555
2024-04-25 16:00:00,2.3663360440937162,2.3663360440937162
2024-04-25 17:00:00,2.6386329767892036,2.6386329767892036
2024-04-25 18:00:00,3.6542375217182337,3.6542375217182337
2024-04-25 19:00:00,2.9063386530620323,2.9063386530620323
2024-04-25 20:00:00,3.5319998244992306,3.5319998244992306
2024-04-25 21:00:00,3.567392169441449,3.567392169441449
2024-04-25 22:00:00,0.0,0.0
2024-04-25 23:00:00,0.0,0.0
2024-04-26 00:00:00,0.0,0.0
2024-04-26 01:00:00,0.0,0.0
2024-04-26 02:00:00,0.0,0.0
2024-04-26 03:00:00,0.0,0.0
2024-04-26 04:00:00,0.0,0.0
2024-04-26 05:00:00,0.0,0.0
2024-04-26 06:00:00,0.0,0.0
2024-04-26 07:00:00,0.0,0.0
2024-04-26 08:00:00,0.0,0.0
2024-04-26 09:00:00,0.0,0.0
2024-04-26 10:00:00,0.10177113667191175,0.10177113667191175
2024-04-26 11:00:00,0.3598924277794212,0.3598924277794212
2024-04-26 12:00:00,0.8221887538658244,0.8221887538658244
2024-04-26 13:00:00,1.3697941174748878,1.3697941174748878
2024-04-26 14:00:00,1.906901978855092,1.906901978855092
2024-04-26 15:00:00,2.1256593303507922,2.1256593303507922
2024-04-26 16:00:00,2.499191953410103,2.499191953410103
2024-04-26 17:00:00,3.008304987260968,3.008304987260968
2024-04-26 18:00:00,3.7442747270762813,3.7442747270762813
2024-04-26 19:00:00,3.1991180972764366,3.1991180972764366
2024-04-26 20:00:00,2.8478881617541343,2.8478881617541343
2024-04-26 21:00:00,3.3188980063561706,3.3188980063561706
2024-04-26 22:00:00,0.0,0.0
2024-04-26 23:00:00,0.0,0.0
2024-04-27 00:00:00,0.0,0.0
2024-04-27 01:00:00,0.0,0.0
2024-04-27 02:00:00,0.0,0.0
2024-04-27 03:00:00,0.0,0.0
2024-04-27 04:00:00,0.0,0.0
2024-04-27 05:00:00,0.0,0.0
2024-04-27 06:00:00,0.0,0.0
2024-04-27 07:00:00,0.0,0.0
2024-04-27 08:00:00,0.0,0.0
2024-04-27 09:00:00,0.0,0.0
2024-04-27 10:00:00,0.08843605990784008,0.08843605990784008
2024-04-27 11:00:00,0.2745523621882786,0.2745523621882786
2024-04-27 12:00:00,0.5784066548777608,0.5784066548777608
2024-04-27 13:00:00,0.9535412422839414,0.9535412422839414
2024-04-27 14:00:00,1.3373679594779873,1.3373679594779873
2024-04-27 15:00:00,1.8582197816154769,1.8582197816154769
2024-04-27 16:00:00,1.9947688941671444,1.9947688941671444
2024-04-27 17:00:00,2.1629819252152442,2.1629819252152442
2024-04-27 18:00:00,2.494414233984143,2.494414233984143
2024-04-27 19:00:00,2.5090486228546545,2.5090486228546545
2024-04-27 20:00:00,2.4994901076920617,2.4994901076920617
2024-04-27 21:00:00,2.2680830070395896,2.2680830070395896
2024-04-27 22:00:00,0.0,0.0
2024-04-27 23:00:00,0.0,0.0
2024-04-28 00:00:00,0.0,0.0
2024-04-28 01:00:00,0.0,0.0
2024-04-28 02:00:00,0.0,0.0
2024-04-28 03:00:00,0.0,0.0
2024-04-28 04:00:00,0.0,0.0
2024-04-28 05:00:00,0.0,0.0
2024-04-28 06:00:00,0.0,0.0
2024-04-28 07:00:00,0.0,0.0
2024-04-28 08:00:00,0.0,0.0
2024-04-28 09:00:00,0.0,0.0
2024-04-28 10:00:00,0.07963998963402409,0.07963998963402409
2024-04-28 11:00:00,0.27704180030317377,0.27704180030317377
2024-04-28 12:00:00,0.5694284851104767,0.5694284851104767
2024-04-28 13:00:00,0.976840987021197,0.976840987021197
2024-04-28 14:00:00,1.156526135980173,1.156526135980173
2024-04-28 15:00:00,1.87280685487678,1.87280685487678
2024-04-28 16:00:00,1.9134787586311595,1.9134787586311595
2024-04-28 17:00:00,1.9974101688379824,1.9974101688379824
2024-04-28 18:00:00,2.5536185445428257,2.5536185445428257
2024-04-28 19:00:00,2.106910660072687,2.106910660072687
2024-04-28 20:00:00,1.9766725872485194,1.9766725872485194
2024-04-28 21:00:00,2.1202985720250807,2.1202985720250807
2024-04-28 22:00:00,0.0,0.0
2024-04-28 23:00:00,0.0,0.0
2024-04-29 00:00:00,0.0,0.0
2024-04-29 01:00:00,0.0,0.0
2024-04-29 02:00:00,0.0,0.0
2024-04-29 03:00:00,0.0,0.0
2024-04-29 04:00:00,0.0,0.0
2024-04-29 05:00:00,0.0,0.0
2024-04-29 06:00:00,0.0,0.0
2024-04-29 07:00:00,0.0,0.0
2024-04-29 08:00:00,0.0,0.0
2024-04-29 09:00:00,0.0,0.0
2024-04-29 10:00:00,0.11132980562218163,0.11132980562218163
2024-04-29 11:00:00,0.36346625482919154,0.36346625482919154
2024-04-29 12:00:00,0.7056049108569457,0.7056049108569457
2024-04-29 13:00:00,1.2609696173153748,1.2609696173153748
2024-04-29 14:00:00,1.5821997243272266,1.5821997243272266
2024-04-29 15:00:00,2.2646568783285614,2.2646568783285614
2024-04-29 16:00:00,2.10983912602991,2.10983912602991
2024-04-29 17:00:00,2.318443194477582,2.318443194477582
2024-04-29 18:00:00,3.0036430379648498,3.0036430379648498
2024-04-29 19:00:00,2.5870410133153707,2.5870410133153707
2024-04-29 20:00:00,2.751890954639069,2.751890954639069
2024-04-29 21:00:00,3.0005973835888327,3.0005973835888327
2024-04-29 22:00:00,0.0,0.0
2024-04-29 23:00:00,0.0,0.0
2024-04-30 00:00:00,0.0,0.0
2024-04-30 01:00:00,0.0,0.0
2024-04-30 02:00:00,0.0,0.0
2024-04-30 03:00:00,0.0,0.0
2024-04-30 04:00:00,0.0,0.0
2024-04-30 05:00:00,0.0,0.0
2024-04-30 06:00:00,0.0,0.0
2024-04-30 07:00:00,0.0,0.0
2024-04-30 08:00:00,0.0,0.0
2024-04-30 09:00:00,0.0,0.0
2024-04-30 10:00:00,0.09265118725408739,0.09265118725408739
2024-04-30 11:00:00,0.38150730456525067,0.38150730456525067
2024-04-30 12:00:00,0.6666409069344696,0.6666409069344696
2024-04-30 13:00:00,1.3120201450885949,1.3120201450885949
2024-04-30 14:00:00,1.585932305014666,1.585932305014666
2024-04-30 15:00:00,2.268946408818711,2.268946408818711
2024-04-30 16:00:00,2.2203701450467186,2.2203701450467186
2024-04-30 17:00:00,2.2254016236367535,2.2254016236367535
2024-04-30 18:00:00,2.9221133153411105,2.9221133153411105
2024-04-30 19:00:00,2.3744215047495927,2.3744215047495927
2024-04-30 20:00:00,2.9324561203056443,2.9324561203056443
2024-04-30 21:00:00,2.5448932561780793,2.5448932561780793
2024-04-30 22:00:00,0.0,0.0
2024-04-30 23:00:00,0.0,0.0
2024-05-01 00:00:00,0.0,0.0
2024-05-01 01:00:00,0.0,0.0
2024-05-01 02:00:00,0.0,0.0
2024-05-01 03:00:00,0.0,0.0
2024-05-01 04:00:00,0.0,0.0
2024-05-01 05:00:00,0.0,0.0
2024-05-01 06:00:00,0.0,0.0
2024-05-01 07:00:00,0.0,0.0
2024-05-01 08:00:00,0.0,0.0
2024-05-01 09:00:00,0.0,0.0
2024-05-01 10:00:00,0.11323416475788917,0.11323416475788917
2024-05-01 11:00:00,0.34156720050511796,0.34156720050511796
2024-05-01 12:00:00,0.7381411655232588,0.7381411655232588
2024-05-01 13:00:00,1.1414742957614776,1.1414742957614776
2024-05-01 14:00:00,1.5208221882847037,1.5208221882847037
2024-05-01 15:00:00,2.13167489567271,2.13167489567271
2024-05-01 16:00:00,2.1291569625700086,2.1291569625700086
2024-05-01 17:00:00,2.741392527414919,2.741392527414919
2024-05-01 18:00:00,3.182737992640847,3.182737992640847
2024-05-01 19:00:00,3.082614002608596,3.082614002608596
2024-05-01 20:00:00,2.6895426649625076,2.6895426649625076
2024-05-01 21:00:00,2.8599138645788265,2.8599138645788265
2024-05-01 22:00:00,0.0,0.0
2024-05-01 23:00:00,0.0,0.0
2024-05-02 00:00:00,0.0,0.0
2024-05-02 01:00:00,0.0,0.0
2024-05-02 02:00:00,0.0,0.0
2024-05-02 03:00:00,0.0,0.0
2024-05-02 04:00:00,0.0,0.0
2024-05-02 05:00:00,0.0,0.0
2024-05-02 06:00:00,0.0,0.0
2024-05-02 07:00:00,0.0,0.0
2024-05-02 08:00:00,0.0,0.0
2024-05-02 09:00:00,0.0,0.0
2024-05-02 10:00:00,0.09420664951441278,0.09420664951441278
2024-05-02 11:00:00,0.4204841323010297,0.4204841323010297
2024-05-02 12:00:00,0.7616375736278788,0.7616375736278788
2024-05-02 13:00:00,1.1161786078342577,1.1161786078342577
2024-05-02 14:00:00,1.7801888082427682,1.7801888082427682
2024-05-02 15:00:00,2.1474331848581993,2.1474331848581993
2024-05-02 16:00:00,2.1596027890852936,2.1596027890852936
2024-05-02 17:00:00,2.9405282656533447,2.9405282656533447
2024-05-02 18:00:00,3.0910757793269226,3.0910757793269226
2024-05-02 19:00:00,2.9615430533839673,2.9615430533839673
2024-05-02 20:00:00,2.8182341415057626,2.8182341415057626
2024-05-02 21:00:00,2.838242134367928,2.838242134367928
2024-05-02 22:00:00,0.0,0.0
2024-05-02 23:00:00,0.0,0.0
2024-05-03 00:00:00,0.0,0.0
2024-05-03 01:00:00,0.0,0.0
2024-05-03 02:00:00,0.0,0.0
2024-05-03 03:00:00,0.0,0.0
2024-05-03 04:00:00,0.0,0.0
2024-05-03 05:00:00,0.0,0.0
2024-05-03 06:00:00,0.0,0.0
2024-05-03 07:00:00,0.0,0.0
2024-05-03 08:00:00,0.0,0.0
2024-05-03 09:00:00,0.0,0.0
2024-05-03 10:00:00,0.10365977531863882,0.10365977531863882
2024-05-03 11:00:00,0.41917186993544875,0.41917186993544875
2024-05-03 12:00:00,0.7698320894010642,0.7698320894010642
2024-05-03 13:00:00,1.4818601192234964,1.4818601192234964
2024-05-03 14:00:00,1.7521554664374033,1.7521554664374033
2024-05-03 15:00:00,2.5011511349770923,2.5011511349770923
2024-05-03 16:00:00,2.4184394937561993,2.4184394937561993
2024-05-03 17:00:00,3.41786128786379,3.41786128786379
2024-05-03 18:00:00,3.0693251526092906,3.0693251526092906
2024-05-03 19:00:00,3.2505433617652235,3.2505433617652235
2024-05-03 20:00:00,3.0007688621271646,3.0007688621271646
2024-05-03 21:00:00,2.8148665407465403,2.8148665407465403
2024-05-03 22:00:00,0.0,0.0
2024-05-03 23:00:00,0.0,0.0
2024-05-04 00:00:00,0.0,0.0
2024-05-04 01:00:00,0.0,0.0
2024-05-04 02:00:00,0.0,0.0
2024-05-04 03:00:00,0.0,0.0
2024-05-04 04:00:00,0.0,0.0
2024-05-04 05:00:00,0.0,0.0
2024-05-04 06:00:00,0.0,0.0
2024-05-04 07:00:00,0.0,0.0
2024-05-04 08:00:00,0.0,0.0
2024-05-04 09:00:00,0.0,0.0
2024-05-04 10:00:00,0.07391101082934076,0.07391101082934076
2024-05-04 11:00:00,0.2981812263546186,0.2981812263546186
2024-05-04 12:00:00,0.5420579876644203,0.5420579876644203
2024-05-04 13:00:00,0.8698751039143525,0.8698751039143525
2024-05-04 14:00:00,1.1184037041740889,1.1184037041740889
2024-05-04 15:00:00,1.4422090355692787,1.4422090355692787
2024-05-04 16:00:00,1.8477334438287585,1.8477334438287585
2024-05-04 17:00:00,2.1029765129370186,2.1029765129370186
2024-05-04 18:00:00,2.0186275198207015,2.0186275198207015
2024-05-04 19:00:00,1.8877273700958388,1.8877273700958388
2024-05-04 20:00:00,2.3429440268966286,2.3429440268966286
2024-05-04 21:00:00,1.878587750056903,1.878587750056903
2024-05-04 22:00:00,0.0,0.0
2024-05-04 23:00:00,0.0,0.0
2024-05-05 00:00:00,0.0,0.0
2024-05-05 01:00:00,0.0,0.0
2024-05-05 02:00:00,0.0,0.0
2024-05-05 03:00:00,0.0,0.0
2024-05-05 04:00:00,0.0,0.0
2024-05-05 05:00:00,0.0,0.0
2024-05-05 06:00:00,0.0,0.0
2024-05-05 07:00:00,0.0,0.0
2024-05-05 08:00:00,0.0,0.0
2024-05-05 09:00:00,0.0,0.0
2024-05-05 10:00:00,0.08217437979367224,0.08217437979367224
2024-05-05 11:00:00,0.30157763423641604,0.30157763423641604
2024-05-05 12:00:00,0.5111125750638852,0.5111125750638852
2024-05-05 13:00:00,0.8656765642420203,0.8656765642420203
2024-05-05 14:00:00,1.285772797916971,1.285772797916971
2024-05-05 15:00:00,1.5930978908569418,1.5930978908569418
2024-05-05 16:00:00,1.6066571840310404,1.6066571840310404
2024-05-05 17:00:00,1.7186341318344556,1.7186341318344556
2024-05-05 18:00:00,2.46856624942959,2.46856624942959
2024-05-05 19:00:00,1.8497688869566375,1.8497688869566375
2024-05-05 20:00:00,2.425100397389873,2.425100397389873
2024-05-05 21:00:00,2.2296854004327584,2.2296854004327584
2024-05-05 22:00:00,0.0,0.0
2024-05-05 23:00:00,0.0,0.0
2024-05-06 00:00:00,0.0,0.0
2024-05-06 01:00:00,0.0,0.0
2024-05-06 02:00:00,0.0,0.0
2024-05-06 03:00:00,0.0,0.0
2024-05-06 04:00:00,0.0,0.0
2024-05-06 05:00:00,0.0,0.0
2024-05-06 06:00:00,0.0,0.0
2024-05-06 07:00:00,0.0,0.0
2024-05-06 08:00:00,0.0,0.0
2024-05-06 09:00:00,0.0,0.0
2024-05-06 10:00:00,0.1115715261916612,0.1115715261916612
2024-05-06 11:00:00,0.34820483446914063,0.34820483446914063
2024-05-06 12:00:00,0.6836532850861861,0.6836532850861861
2024-05-06 13:00:00,1.23736853516153,1.23736853516153
2024-05-06 14:00:00,1.6396851424921133,1.6396851424921133
2024-05-06 15:00:00,1.9473947296955445,1.9473947296955445
2024-05-06 16:00:00,2.26107099322603,2.26107099322603
2024-05-06 17:00:00,2.851627486865958,2.851627486865958
2024-05-06 18:00:00,3.2517024940364827,3.2517024940364827
2024-05-06 19:00:00,2.7662729879692374,2.7662729879692374
2024-05-06 20:00:00,2.5731606629736206,2.5731606629736206
2024-05-06 21:00:00,2.8645004446505573,2.8645004446505573
2024-05-06 22:00:00,0.0,0.0
2024-05-06 23:00:00,0.0,0.0
2024-05-07 00:00:00,0.0,0.0
2024-05-07 01:00:00,0.0,0.0
2024-05-07 02:00:00,0.0,0.0
2024-05-07 03:00:00,0.0,0.0
2024-05-07 04:00:00,0.0,0.0
2024-05-07 05:00:00,0.0,0.0
2024-05-07 06:00:00,0.0,0.0
2024-05-07 07:00:00,0.0,0.0
2024-05-07 08:00:00,0.0,0.0
2024-05-07 09:00:00,0.0,0.0
2024-05-07 10:00:00,0.10391268541465501,0.10391268541465501
2024-05-07 11:00:00,0.4350610857824483,0.4350610857824483
2024-05-07 12:00:00,0.7114218551969808,0.7114218551969808
2024-05-07 13:00:00,1.2777588860673987,1.2777588860673987
2024-05-07 14:00:00,1.681171866779667,1.681171866779667
2024-05-07 15:00:00,2.1669118525103044,2.1669118525103044
2024-05-07 16:00:00,2.4918767592696063,2.4918767592696063
2024-05-07 17:00:00,2.9497690928659503,2.9497690928659503
2024-05-07 18:00:00,2.9212837117619688,2.9212837117619688
2024-05-07 19:00:00,3.009819161012545,3.009819161012545
2024-05-07 20:00:00,3.6970224674581504,3.6970224674581504
2024-05-07 21:00:00,3.106756727005669,3.106756727005669
2024-05-07 22:00:00,0.0,0.0
2024-05-07 23:00:00,0.0,0.0
2024-05-08 00:00:00,0.0,0.0
2024-05-08 01:00:00,0.0,0.0
2024-05-08 02:00:00,0.0,0.0
2024-05-08 03:00:00,0.0,0.0
2024-05-08 04:00:00,0.0,0.0
2024-05-08 05:00:00,0.0,0.0
2024-05-08 06:00:00,0.0,0.0
2024-05-08 07:00:00,0.0,0.0
2024-05-08 08:00:00,0.0,0.0
2024-05-08 09:00:00,0.0,0.0
2024-05-08 10:00:00,0.11434935765495649,0.11434935765495649
2024-05-08 11:00:00,0.39416916788909945,0.39416916788909945
2024-05-08 12:00:00,0.7356197023087031,0.7356197023087031
2024-05-08 13:00:00,1.3248167186610504,1.3248167186610504
2024-05-08 14:00:00,1.7597064364812516,1.7597064364812516
2024-05-08 15:00:00,2.3635609515947076,2.3635609515947076
2024-05-08 16:00:00,2.423511032728998,2.423511032728998
2024-05-08 17:00:00,2.3816192864178456,2.3816192864178456
2024-05-08 18:00:00,3.126123431947757,3.126123431947757
2024-05-08 19:00:00,3.244681091686192,3.244681091686192
2024-05-08 20:00:00,2.7872676396247265,2.7872676396247265
2024-05-08 21:00:00,2.816759577679939,2.816759577679939
2024-05-08 22:00:00,0.0,0.0
2024-05-08 23:00:00,0.0,0.0
2024-05-09 00:00:00,0.0,0.0
2024-05-09 01:00:00,0.0,0.0
2024-05-09 02:00:00,0.0,0.0
2024-05-09 03:00:00,0.0,0.0
2024-05-09 04:00:00,0.0,0.0
2024-05-09 05:00:00,0.0,0.0
2024-05-09 06:00:00,0.0,0.0
2024-05-09 07:00:00,0.0,0.0
2024-05-09 08:00:00,0.0,0.0
2024-05-09 09:00:00,0.0,0.0
2024-05-09 10:00:00,0.08814174583091798,0.08814174583091798
2024-05-09 11:00:00,0.4117100440677426,0.4117100440677426
2024-05-09 12:00:00,0.7280913093609893,0.7280913093609893
2024-05-09 13:00:00,1.1942006748510348,1.1942006748510348
2024-05-09 14:00:00,1.7672218540502307,1.7672218540502307
2024-05-09 15:00:00,1.968550267107591,1.968550267107591
2024-05-09 16:00:00,1.9534938748609474,1.9534938748609474
2024-05-09 17:00:00,2.60407621502289,2.60407621502289
2024-05-09 18:00:00,3.246686673851971,3.246686673851971
2024-05-09 19:00:00,2.4405524188448764,2.4405524188448764
2024-05-09 20:00:00,2.7532404720998924,2.7532404720998924
2024-05-09 21:00:00,2.5085082086892245,2.5085082086892245
2024-05-09 22:00:00,0.0,0.0
2024-05-09 23:00:00,0.0,0.0
2024-05-10 00:00:00,0.0,0.0
2024-05-10 01:00:00,0.0,0.0
2024-05-10 02:00:00,0.0,0.0
2024-05-10 03:00:00,0.0,0.0
2024-05-10 04:00:00,0.0,0.0
2024-05-10 05:00:00,0.0,0.0
2024-05-10 06:00:00,0.0,0.0
2024-05-10 07:00:00,0.0,0.0
2024-05-10 08:00:00,0.0,0.0
2024-05-10 09:00:00,0.0,0.0
2024-05-10 10:00:00,0.10946354137024386,0.10946354137024386
2024-05-10 11:00:00,0.3473005542492649,0.3473005542492649
2024-05-10 12:00:00,0.7244375954803107,0.7244375954803107
2024-05-10 13:00:00,1.4184071814926134,1.4184071814926134
2024-05-10 14:00:00,1.6438771311372862,1.6438771311372862
2024-05-10 15:00:00,2.076758045101858,2.076758045101858
2024-05-10 16:00:00,2.4895580237248276,2.4895580237248276
2024-05-10 17:00:00,3.1642830924256162,3.1642830924256162
2024-05-10 18:00:00,3.6365737645597065,3.6365737645597065
2024-05-10 19:00:00,2.8901291420099002,2.8901291420099002
2024-05-10 20:00:00,3.0253968646503218,3.0253968646503218
2024-05-10 21:00:00,2.8222945891982425,2.8222945891982425
2024-05-10 22:00:00,0.0,0.0
2024-05-10 23:00:00,0.0,0.0
2024-05-11 00:00:00,0.0,0.0
2024-05-11 01:00:00,0.0,0.0
2024-05-11 02:00:00,0.0,0.0
2024-05-11 03:00:00,0.0,0.0
2024-05-11 04:00:00,0.0,0.0
2024-05-11 05:00:00,0.0,0.0
2024-05-11 06:00:00,0.0,0.0
2024-05-11 07:00:00,0.0,0.0
2024-05-11 08:00:00,0.0,0.0
2024-05-11 09:00:00,0.0,0.0
2024-05-11 10:00:00,0.083346171033107,0.083346171033107
2024-05-11 11:00:00,0.2983982577418335,0.2983982577418335
2024-05-11 12:00:00,0.56383480986012,0.56383480986012
2024-05-11 13:00:00,0.9467335594596364,0.9467335594596364
2024-05-11 14:00:00,1.1071820585238046,1.1071820585238046
2024-05-11 15:00:00,1.9222154367834723,1.9222154367834723
2024-05-11 16:00:00,1.6192799519080783,1.6192799519080783
2024-05-11 17:00:00,1.7419673774637514,1.7419673774637514
2024-05-11 18:00:00,2.233727132639936,2.233727132639936
2024-05-11 19:00:00,2.387249608732574,2.387249608732574
2024-05-11 20:00:00,2.2554512984794814,2.2554512984794814
2024-05-11 21:00:00,2.178945598235019,2.178945598235019
2024-05-11 22:00:00,0.0,0.0
2024-05-11 23:00:00,0.0,0.0
2024-05-12 00:00:00,0.0,0.0
2024-05-12 01:00:00,0.0,0.0
2024-05-12 02:00:00,0.0,0.0
2024-05-12 03:00:00,0.0,0.0
2024-05-12 04:00:00,0.0,0.0
2024-05-12 05:00:00,0.0,0.0
2024-05-12 06:00:00,0.0,0.0
2024-05-12 07:00:00,0.0,0.0
2024-05-12 08:00:00,0.0,0.0
2024-05-12 09:00:00,0.0,0.0
2024-05-12 10:00:00,0.08308866703453095,0.08308866703453095
2024-05-12 11:00:00,0.2726733160911519,0.2726733160911519
2024-05-12 12:00:00,0.5285276929331972,0.5285276929331972
2024-05-12 13:00:00,0.7642445882326914,0.7642445882326914
2024-05-12 14:00:00,1.2158554075380377,1.2158554075380377
2024-05-12 15:00:00,1.3947125495663508,1.3947125495663508
2024-05-12 16:00:00,1.4327055704214509,1.4327055704214509
2024-05-12 17:00:00,2.0609431190769207,2.0609431190769207
2024-05-12 18:00:00,1.9213297768760131,1.9213297768760131
2024-05-12 19:00:00,2.1662386148152737,2.1662386148152737
2024-05-12 20:00:00,2.2989927803816657,2.2989927803816657
2024-05-12 21:00:00,1.7179593350983764,1.7179593350983764
2024-05-12 22:00:00,0.0,0.0
2024-05-12 23:00:00,0.0,0.0
2024-05-13 00:00:00,0.0,0.0
2024-05-13 01:00:00,0.0,0.0
2024-05-13 02:00:00,0.0,0.0
2024-05-13 03:00:00,0.0,0.0
2024-05-13 04:00:00,0.0,0.0
2024-05-13 05:00:00,0.0,0.0
2024-05-13 06:00:00,0.0,0.0
2024-05-13 07:00:00,0.0,0.0
2024-05-13 08:00:00,0.0,0.0
2024-05-13 09:00:00,0.0,0.0
2024-05-13 10:00:00,0.11180648827359294,0.11180648827359294
2024-05-13 11:00:00,0.34004986174049134,0.34004986174049134
2024-05-13 12:00:00,0.6514734513678767,0.6514734513678767
2024-05-13 13:00:00,1.5045309296666671,1.5045309296666671
2024-05-13 14:00:00,1.9362656931628743,1.9362656931628743
2024-05-13 15:00:00,2.5083649639850947,2.5083649639850947
2024-05-13 16:00:00,2.8212352591066328,2.8212352591066328
2024-05-13 17:00:00,2.8064400087287344,2.8064400087287344
2024-05-13 18:00:00,3.240707346690268,3.240707346690268
2024-05-13 19:00:00,2.98817198965399,2.98817198965399
2024-05-13 20:00:00,2.6965835008049654,2.6965835008049654
2024-05-13 21:00:00,2.909870637158019,2.909870637158019
2024-05-13 22:00:00,0.0,0.0
2024-05-13 23:00:00,0.0,0.0
2024-05-14 00:00:00,0.0,0.0
2024-05-14 01:00:00,0.0,0.0
2024-05-14 02:00:00,0.0,0.0
2024-05-14 03:00:00,0.0,0.0
2024-05-14 04:00:00,0.0,0.0
2024-05-14 05:00:00,0.0,0.0
2024-05-14 06:00:00,0.0,0.0
2024-05-14 07:00:00,0.0,0.0
2024-05-14 08:00:00,0.0,0.0
2024-05-14 09:00:00,0.0,0.0
2024-05-14 10:00:00,0.10990267748089048,0.10990267748089048
2024-05-14 11:00:00,0.333380769922532,0.333380769922532
2024-05-14 12:00:00,0.6423706391870867,0.6423706391870867
2024-05-14 13:00:00,1.1883011889847586,1.1883011889847586
2024-05-14 14:00:00,1.7036740877512273,1.7036740877512273
2024-05-14 15:00:00,2.5466824310777953,2.5466824310777953
2024-05-14 16:00:00,2.760692977026401,2.760692977026401
2024-05-14 17:00:00,2.5275216540437926,2.5275216540437926
2024-05-14 18:00:00,3.377136132607007,3.377136132607007
2024-05-14 19:00:00,2.733540045338027,2.733540045338027
2024-05-14 20:00:00,3.1571312604533133,3.1571312604533133
2024-05-14 21:00:00,2.770955329496084,2.770955329496084
2024-05-14 22:00:00,0.0,0.0
2024-05-14 23:00:00,0.0,0.0
2024-05-15 00:00:00,0.0,0.0
2024-05-15 01:00:00,0.0,0.0
2024-05-15 02:00:00,0.0,0.0
2024-05-15 03:00:00,0.0,0.0
2024-05-15 04:00:00,0.0,0.0
2024-05-15 05:00:00,0.0,0.0
2024-05-15 06:00:00,0.0,0.0
2024-05-15 07:00:00,0.0,0.0
2024-05-15 08:00:00,0.0,0.0
2024-05-15 09:00:00,0.0,0.0
2024-05-15 10:00:00,0.13566618706119019,0.13566618706119019
2024-05-15 11:00:00,0.41785584822629146,0.41785584822629146
2024-05-15 12:00:00,0.8696144777896188,0.8696144777896188
2024-05-15 13:00:00,1.2965524645222164,1.2965524645222164
2024-05-15 14:00:00,1.7106830599946357,1.7106830599946357
2024-05-15 15:00:00,2.8320600409896355,2.8320600409896355
2024-05-15 16:00:00,2.928953168140351,2.928953168140351
2024-05-15 17:00:00,3.0164289351885776,3.0164289351885776
2024-05-15 18:00:00,3.020079810216584,3.020079810216584
2024-05-15 19:00:00,3.0963846585787196,3.0963846585787196
2024-05-15 20:00:00,3.648013050428204,3.648013050428204
2024-05-15 21:00:00,3.2382745411467977,3.2382745411467977
2024-05-15 22:00:00,0.0,0.0
2024-05-15 23:00:00,0.0,0.0
2024-05-16 00:00:00,0.0,0.0
2024-05-16 01:00:00,0.0,0.0
2024-05-16 02:00:00,0.0,0.0
2024-05-16 03:00:00,0.0,0.0
2024-05-16 04:00:00,0.0,0.0
2024-05-16 05:00:00,0.0,0.0
2024-05-16 06:00:00,0.0,0.0
2024-05-16 07:00:00,0.0,0.0
2024-05-16 08:00:00,0.0,0.0
2024-05-16 09:00:00,0.0,0.0
2024-05-16 10:00:00,0.09244801756648743,0.09244801756648743
2024-05-16 11:00:00,0.3911351373941684,0.3911351373941684
2024-05-16 12:00:00,0.5520447176727017,0.5520447176727017
2024-05-16 13:00:00,1.2069876863618672,1.2069876863618672
2024-05-16 14:00:00,1.4650242163091436,1.4650242163091436
2024-05-16 15:00:00,2.0861358891859605,2.0861358891859605
2024-05-16 16:00:00,2.1835327304639955,2.1835327304639955
2024-05-16 17:00:00,2.3973626573538183,2.3973626573538183
2024-05-16 18:00:00,2.52387253210073,2.52387253210073
2024-05-16 19:00:00,3.005338077699378,3.005338077699378
2024-05-16 20:00:00,2.520036632308811,2.520036632308811
2024-05-16 21:00:00,2.856440440703115,2.856440440703115
2024-05-16 22:00:00,0.0,0.0
2024-05-16 23:00:00,0.0,0.0
2024-05-17 00:00:00,0.0,0.0
2024-05-17 01:00:00,0.0,0.0
2024-05-17 02:00:00,0.0,0.0
2024-05-17 03:00:00,0.0,0.0
2024-05-17 04:00:00,0.0,0.0
2024-05-17 05:00:00,0.0,0.0
2024-05-17 06:00:00,0.0,0.0
2024-05-17 07:00:00,0.0,0.0
2024-05-17 08:00:00,0.0,0.0
2024-05-17 09:00:00,0.0,0.0
2024-05-17 10:00:00,0.10202086787062484,0.10202086787062484
2024-05-17 11:00:00,0.38319613033858935,0.38319613033858935
2024-05-17 12:00:00,0.6914851933081471,0.6914851933081471
2024-05-17 13:00:00,1.318176290356036,1.318176290356036
2024-05-17 14:00:00,1.4726087992444634,1.4726087992444634
2024-05-17 15:00:00,2.2085072768295126,2.2085072768295126
2024-05-17 16:00:00,2.469313128649919,2.469313128649919
2024-05-17 17:00:00,2.445639001292631,2.445639001292631
2024-05-17 18:00:00,2.708493938631527,2.708493938631527
2024-05-17 19:00:00,2.5842547256142363,2.5842547256142363
2024-05-17 20:00:00,2.7065503963330366,2.7065503963330366
2024-05-17 21:00:00,2.4963637426745886,2.4963637426745886
2024-05-17 22:00:00,0.0,0.0
2024-05-17 23:00:00,0.0,0.0
2024-05-18 00:00:00,0.0,0.0
2024-05-18 01:00:00,0.0,0.0
2024-05-18 02:00:00,0.0,0.0
2024-05-18 03:00:00,0.0,0.0
2024-05-18 04:00:00,0.0,0.0
2024-05-18 05:00:00,0.0,0.0
2024-05-18 06:00:00,0.0,0.0
2024-05-18 07:00:00,0.0,0.0
2024-05-18 08:00:00,0.0,0.0
2024-05-18 09:00:00,0.0,0.0
2024-05-18 10:00:00,0.07128096648692843,0.07128096648692843
2024-05-18 11:00:00,0.26165993447482355,0.26165993447482355
2024-05-18 12:00:00,0.40649676260701506,0.40649676260701506
2024-05-18 13:00:00,0.7997520819760349,0.7997520819760349
2024-05-18 14:00:00,1.0823998723625898,1.0823998723625898
2024-05-18 15:00:00,1.8239353100318618,1.8239353100318618
2024-05-18 16:00:00,1.7345638378456583,1.7345638378456583
2024-05-18 17:00:00,2.1101710056284064,2.1101710056284064
2024-05-18 18:00:00,2.2894796275000795,2.2894796275000795
2024-05-18 19:00:00,2.20586486442458,2.20586486442458
2024-05-18 20:00:00,1.7694927899761876,1.7694927899761876
2024-05-18 21:00:00,2.2265630775186023,2.2265630775186023
2024-05-18 22:00:00,0.0,0.0
2024-05-18 23:00:00,0.0,0.0
2024-05-19 00:00:00,0.0,0.0
2024-05-19 01:00:00,0.0,0.0
2024-05-19 02:00:00,0.0,0.0
2024-05-19 03:00:00,0.0,0.0
2024-05-19 04:00:00,0.0,0.0
2024-05-19 05:00:00,0.0,0.0
2024-05-19 06:00:00,0.0,0.0
2024-05-19 07:00:00,0.0,0.0
2024-05-19 08:00:00,0.0,0.0
2024-05-19 09:00:00,0.0,0.0
2024-05-19 10:00:00,0.08966284235657161,0.08966284235657161
2024-05-19 11:00:00,0.2994691770122494,0.2994691770122494
2024-05-19 12:00:00,0.5310333064537851,0.5310333064537851
2024-05-19 13:00:00,0.9202879079088367,0.9202879079088367
2024-05-19 14:00:00,1.046527882925636,1.046527882925636
2024-05-19 15:00:00,1.4731663057736102,1.4731663057736102
2024-05-19 16:00:00,1.8635134370461526,1.8635134370461526
2024-05-19 17:00:00,2.153667934948933,2.153667934948933
2024-05-19 18:00:00,2.093313937216931,2.093313937216931
2024-05-19 19:00:00,2.1729397487659035,2.1729397487659035
2024-05-19 20:00:00,2.0912482995621553,2.0912482995621553
2024-05-19 21:00:00,2.3013746754081748,2.3013746754081748
2024-05-19 22:00:00,0.0,0.0
2024-05-19 23:00:00,0.0,0.0
2024-05-20 00:00:00,0.0,0.0
2024-05-20 01:00:00,0.0,0.0
2024-05-20 02:00:00,0.0,0.0
2024-05-20 03:00:00,0.0,0.0
2024-05-20 04:00:00,0.0,0.0
2024-05-20 05:00:00,0.0,0.0
2024-05-20 06:00:00,0.0,0.0
2024-05-20 07:00:00,0.0,0.0
2024-05-20 08:00:00,0.0,0.0
2024-05-20 09:00:00,0.0,0.0
2024-05-20 10:00:00,0.10942753482506765,0.10942753482506765
2024-05-20 11:00:00,0.4593803971018959,0.4593803971018959
2024-05-20 12:00:00,0.7745622457824378,0.7745622457824378
2024-05-20 13:00:00,1.3365848940682645,1.3365848940682645
2024-05-20 14:00:00,1.6820914857439846,1.6820914857439846
2024-05-20 15:00:00,2.35011155858567,2.35011155858567
2024-05-20 16:00:00,2.2254544505001808,2.2254544505001808
2024-05-20 17:00:00,3.0540486933842486,3.0540486933842486
2024-05-20 18:00:00,3.343437299501621,3.343437299501621
2024-05-20 19:00:00,2.6931737105599973,2.6931737105599973
2024-05-20 20:00:00,3.0919643636666363,3.0919643636666363
2024-05-20 21:00:00,3.346536842119886,3.346536842119886
2024-05-20 22:00:00,0.0,0.0
2024-05-20 23:00:00,0.0,0.0
2024-05-21 00:00:00,0.0,0.0
2024-05-21 01:00:00,0.0,0.0
2024-05-21 02:00:00,0.0,0.0
2024-05-21 03:00:00,0.0,0.0
2024-05-21 04:00:00,0.0,0.0
2024-05-21 05:00:00,0.0,0.0
2024-05-21 06:00:00,0.0,0.0
2024-05-21 07:00:00,0.0,0.0
2024-05-21 08:00:00,0.0,0.0
2024-05-21 09:00:00,0.0,0.0
2024-05-21 10:00:00,0.11764765969660022,0.11764765969660022
2024-05-21 11:00:00,0.4304032607376742,0.4304032607376742
2024-05-21 12:00:00,0.7352007002436683,0.7352007002436683
2024-05-21 13:00:00,1.2866645452110386,1.2866645452110386
2024-05-21 14:00:00,1.7494890039762154,1.7494890039762154
2024-05-21 15:00:00,2.4201098914676913,2.4201098914676913
2024-05-21 16:00:00,2.6082347435477256,2.6082347435477256
2024-05-21 17:00:00,2.4905702244075134,2.4905702244075134
2024-05-21 18:00:00,2.8088061656102425,2.8088061656102425
2024-05-21 19:00:00,3.1034791622688656,3.1034791622688656
2024-05-21 20:00:00,2.762908584817063,2.762908584817063
2024-05-21 21:00:00,3.3866442394518406,3.3866442394518406
2024-05-21 22:00:00,0.0,0.0
2024-05-21 23:00:00,0.0,0.0
2024-05-22 00:00:00,0.0,0.0
2024-05-22 01:00:00,0.0,0.0
2024-05-22 02:00:00,0.0,0.0
2024-05-22 03:00:00,0.0,0.0
2024-05-22 04:00:00,0.0,0.0
2024-05-22 05:00:00,0.0,0.0
2024-05-22 06:00:00,0.0,0.0
2024-05-22 07:00:00,0.0,0.0
2024-05-22 08:00:00,0.0,0.0
2024-05-22 09:00:00,0.0,0.0
2024-05-22 10:00:00,0.0981429048997703,0.0981429048997703
2024-05-22 11:00:00,0.3603858079375358,0.3603858079375358
2024-05-22 12:00:00,0.8519786021327246,0.8519786021327246
2024-05-22 13:00:00,1.4456657636187744,1.4456657636187744
2024-05-22 14:00:00,1.6716033964772405,1.6716033964772405
2024-05-22 15:00:00,2.2335770980252967,2.2335770980252967
2024-05-22 16:00:00,2.535347328227528,2.535347328227528
2024-05-22 17:00:00,3.0243446042520437,3.0243446042520437
2024-05-22 18:00:00,3.1441551586871452,3.1441551586871452
2024-05-22 19:00:00,3.211343092821538,3.211343092821538
2024-05-22 20:00:00,3.1986007180067544,3.1986007180067544
2024-05-22 21:00:00,3.2932707905001393,3.2932707905001393
2024-05-22 22:00:00,0.0,0.0
2024-05-22 23:00:00,0.0,0.0
2024-05-23 00:00:00,0.0,0.0
2024-05-23 01:00:00,0.0,0.0
2024-05-23 02:00:00,0.0,0.0
2024-05-23 03:00:00,0.0,0.0
2024-05-23 04:00:00,0.0,0.0
2024-05-23 05:00:00,0.0,0.0
2024-05-23 06:00:00,0.0,0.0
2024-05-23 07:00:00,0.0,0.0
2024-05-23 08:00:00,0.0,0.0
2024-05-23 09:00:00,0.0,0.0
2024-05-23 10:00:00,0.1055586277790292,0.1055586277790292
2024-05-23 11:00:00,0.40021858901776663,0.40021858901776663
2024-05-23 12:00:00,0.6000159314285582,0.6000159314285582
2024-05-23 13:00:00,1.2961093352765356,1.2961093352765356
2024-05-23 14:00:00,1.3951760792263739,1.3951760792263739
2024-05-23 15:00:00,2.298862505152292,2.298862505152292
2024-05-23 16:00:00,2.0055155004185345,2.0055155004185345
2024-05-23 17:00:00,2.660943947809965,2.660943947809965
2024-05-23 18:00:00,2.742332075720324,2.742332075720324
2024-05-23 19:00:00,2.646424035664204,2.646424035664204
2024-05-23 20:00:00,2.9552913950352404,2.9552913950352404
2024-05-23 21:00:00,2.785211902146428,2.785211902146428
2024-05-23 22:00:00,0.0,0.0
2024-05-23 23:00:00,0.0,0.0
2024-05-24 00:00:00,0.0,0.0
2024-05-24 01:00:00,0.0,0.0
2024-05-24 02:00:00,0.0,0.0
2024-05-24 03:00:00,0.0,0.0
2024-05-24 04:00:00,0.0,0.0
2024-05-24 05:00:00,0.0,0.0
2024-05-24 06:00:00,0.0,0.0
2024-05-24 07:00:00,0.0,0.0
2024-05-24 08:00:00,0.0,0.0
2024-05-24 09:00:00,0.0,0.0
2024-05-24 10:00:00,0.09909543899212207,0.09909543899212207
2024-05-24 11:00:00,0.39584589591224767,0.39584589591224767
2024-05-24 12:00:00,0.7761794295603509,0.7761794295603509
2024-05-24 13:00:00,1.3029592586611918,1.3029592586611918
2024-05-24 14:00:00,1.655641660700901,1.655641660700901
2024-05-24 15:00:00,2.513445855024107,2.513445855024107
2024-05-24 16:00:00,2.4613858674144065,2.4613858674144065
2024-05-24 17:00:00,2.924157449134805,2.924157449134805
2024-05-24 18:00:00,3.4727385342527266,3.4727385342527266
2024-05-24 19:00:00,3.443462088588522,3.443462088588522
2024-05-24 20:00:00,2.8628929576244437,2.8628929576244437
2024-05-24 21:00:00,3.1154815696684866,3.1154815696684866
2024-05-24 22:00:00,0.0,0.0
2024-05-24 23:00:00,0.0,0.0
2024-05-25 00:00:00,0.0,0.0
2024-05-25 01:00:00,0.0,0.0
2024-05-25 02:00:00,0.0,0.0
2024-05-25 03:00:00,0.0,0.0
2024-05-25 04:00:00,0.0,0.0
2024-05-25 05:00:00,0.0,0.0
2024-05-25 06:00:00,0.0,0.0
2024-05-25 07:00:00,0.0,0.0
2024-05-25 08:00:00,0.0,0.0
2024-05-25 09:00:00,0.0,0.0
2024-05-25 10:00:00,0.08535013227863929,0.08535013227863929
2024-05-25 11:00:00,0.28154963342990436,0.28154963342990436
2024-05-25 12:00:00,0.5663595346453962,0.5663595346453962
2024-05-25 13:00:00,0.9504683382134362,0.9504683382134362
2024-05-25 14:00:00,1.420077895339752,1.420077895339752
2024-05-25 15:00:00,1.5264914874952553,1.5264914874952553
2024-05-25 16:00:00,1.5312748083434353,1.5312748083434353
2024-05-25 17:00:00,1.9953733731907273,1.9953733731907273
2024-05-25 18:00:00,2.6188157441450484,2.6188157441450484
2024-05-25 19:00:00,2.3379431476463934,2.3379431476463934
2024-05-25 20:00:00,2.164475990277773,2.164475990277773
2024-05-25 21:00:00,1.9600329379111394,1.9600329379111394
2024-05-25 22:00:00,0.0,0.0
2024-05-25 23:00:00,0.0,0.0
2024-05-26 00:00:00,0.0,0.0
2024-05-26 01:00:00,0.0,0.0
2024-05-26 02:00:00,0.0,0.0
2024-05-26 03:00:00,0.0,0.0
2024-05-26 04:00:00,0.0,0.0
2024-05-26 05:00:00,0.0,0.0
2024-05-26 06:00:00,0.0,0.0
2024-05-26 07:00:00,0.0,0.0
2024-05-26 08:00:00,0.0,0.0
2024-05-26 09:00:00,0.0,0.0
2024-05-26 10:00:00,0.06137152760924197,0.06137152760924197
2024-05-26 11:00:00,0.27809572170598756,0.27809572170598756
2024-05-26 12:00:00,0.4717687412849306,0.4717687412849306
2024-05-26 13:00:00,0.7229247187659715,0.7229247187659715
2024-05-26 14:00:00,1.1516522545487695,1.1516522545487695
2024-05-26 15:00:00,1.580788638989191,1.580788638989191
2024-05-26 16:00:00,1.5263241555563711,1.5263241555563711
2024-05-26 17:00:00,1.5891246029212347,1.5891246029212347
2024-05-26 18:00:00,2.322998908502398,2.322998908502398
2024-05-26 19:00:00,2.190867652568063,2.190867652568063
2024-05-26 20:00:00,2.261818020164004,2.261818020164004
2024-05-26 21:00:00,2.0272568912499462,2.0272568912499462
2024-05-26 22:00:00,0.0,0.0
2024-05-26 23:00:00,0.0,0.0
2024-05-27 00:00:00,0.0,0.0
2024-05-27 01:00:00,0.0,0.0
2024-05-27 02:00:00,0.0,0.0
2024-05-27 03:00:00,0.0,0.0
2024-05-27 04:00:00,0.0,0.0
2024-05-27 05:00:00,0.0,0.0
2024-05-27 06:00:00,0.0,0.0
2024-05-27 07:00:00,0.0,0.0
2024-05-27 08:00:00,0.0,0.0
2024-05-27 09:00:00,0.0,0.0
2024-05-27 10:00:00,0.11437513594856805,0.11437513594856805
2024-05-27 11:00:00,0.38850879055104626,0.38850879055104626
2024-05-27 12:00:00,0.6671270557994571,0.6671270557994571
2024-05-27 13:00:00,1.2362209367532713,1.2362209367532713
2024-05-27 14:00:00,1.6939444580818395,1.6939444580818395
2024-05-27 15:00:00,2.1795254617802176,2.1795254617802176
2024-05-27 16:00:00,2.932077529077241,2.932077529077241
2024-05-27 17:00:00,3.000311106241078,3.000311106241078
2024-05-27 18:00:00,3.725814423606518,3.725814423606518
2024-05-27 19:00:00,3.112890030976203,3.112890030976203
2024-05-27 20:00:00,3.715510169537714,3.715510169537714
2024-05-27 21:00:00,3.112120713313415,3.112120713313415
2024-05-27 22:00:00,0.0,0.0
2024-05-27 23:00:00,0.0,0.0
2024-05-28 00:00:00,0.0,0.0
2024-05-28 01:00:00,0.0,0.0
2024-05-28 02:00:00,0.0,0.0
2024-05-28 03:00:00,0.0,0.0
2024-05-28 04:00:00,0.0,0.0
2024-05-28 05:00:00,0.0,0.0
2024-05-28 06:00:00,0.0,0.0
2024-05-28 07:00:00,0.0,0.0
2024-05-28 08:00:00,0.0,0.0
2024-05-28 09:00:00,0.0,0.0
2024-05-28 10:00:00,0.10784202289882405,0.10784202289882405
2024-05-28 11:00:00,0.42252944567046746,0.42252944567046746
2024-05-28 12:00:00,0.7188156923391341,0.7188156923391341
2024-05-28 13:00:00,1.267155095446558,1.267155095446558
2024-05-28 14:00:00,1.621153137076398,1.621153137076398
2024-05-28 15:00:00,2.548253908020729,2.548253908020729
2024-05-28 16:00:00,2.5949410344766037,2.5949410344766037
2024-05-28 17:00:00,2.9170241277646562,2.9170241277646562
2024-05-28 18:00:00,3.2906808981925053,3.2906808981925053
2024-05-28 19:00:00,2.880899306929895,2.880899306929895
2024-05-28 20:00:00,3.329614548039828,3.329614548039828
2024-05-28 21:00:00,3.3651958873241354,3.3651958873241354
2024-05-28 22:00:00,0.0,0.0
2024-05-28 23:00:00,0.0,0.0
2024-05-29 00:00:00,0.0,0.0
2024-05-29 01:00:00,0.0,0.0
2024-05-29 02:00:00,0.0,0.0
2024-05-29 03:00:00,0.0,0.0
2024-05-29 04:00:00,0.0,0.0
2024-05-29 05:00:00,0.0,0.0
2024-05-29 06:00:00,0.0,0.0
2024-05-29 07:00:00,0.0,0.0
2024-05-29 08:00:00,0.0,0.0
2024-05-29 09:00:00,0.0,0.0
2024-05-29 10:00:00,0.10499545630882987,0.10499545630882987
2024-05-29 11:00:00,0.4200815428685954,0.4200815428685954
2024-05-29 12:00:00,0.6273985100514473,0.6273985100514473
2024-05-29 13:00:00,1.2487896483745062,1.2487896483745062
2024-05-29 14:00:00,1.6433216036459979,1.6433216036459979
2024-05-29 15:00:00,2.4784654745346675,2.4784654745346675
2024-05-29 16:00:00,2.0412189127400833,2.0412189127400833
2024-05-29 17:00:00,2.794358656393822,2.794358656393822
2024-05-29 18:00:00,3.0614427136777786,3.0614427136777786
2024-05-29 19:00:00,2.8499152527475147,2.8499152527475147
2024-05-29 20:00:00,3.017316986917783,3.017316986917783
2024-05-29 21:00:00,3.0741212741954964,3.0741212741954964
2024-05-29 22:00:00,0.0,0.0
2024-05-29 23:00:00,0.0,0.0
2024-05-30 00:00:00,0.0,0.0
2024-05-30 01:00:00,0.0,0.0
2024-05-30 02:00:00,0.0,0.0
2024-05-30 03:00:00,0.0,0.0
2024-05-30 04:00:00,0.0,0.0
2024-05-30 05:00:00,0.0,0.0
2024-05-30 06:00:00,0.0,0.0
2024-05-30 07:00:00,0.0,0.0
2024-05-30 08:00:00,0.0,0.0
2024-05-30 09:00:00,0.0,0.0
2024-05-30 10:00:00,0.11540013365240251,0.11540013365240251
2024-05-30 11:00:00,0.33567206115212556,0.33567206115212556
2024-05-30 12:00:00,0.7138442193613376,0.7138442193613376
2024-05-30 13:00:00,1.275921524561184,1.275921524561184
2024-05-30 14:00:00,1.7386302554556698,1.7386302554556698
2024-05-30 15:00:00,2.5035397188780206,2.5035397188780206
2024-05-30 16:00:00,2.0857611739758304,2.0857611739758304
2024-05-30 17:00:00,2.5538615325725864,2.5538615325725864
2024-05-30 18:00:00,3.4797518536826293,3.4797518536826293
2024-05-30 19:00:00,2.9758241131278207,2.9758241131278207
2024-05-30 20:00:00,3.3372349127364775,3.3372349127364775
2024-05-30 21:00:00,2.755303325076871,2.755303325076871
2024-05-30 22:00:00,0.0,0.0
2024-05-30 23:00:00,0.0,0.0
2024-05-31 00:00:00,0.0,0.0
2024-05-31 01:00:00,0.0,0.0
2024-05-31 02:00:00,0.0,0.0
2024-05-31 03:00:00,0.0,0.0
2024-05-31 04:00:00,0.0,0.0
2024-05-31 05:00:00,0.0,0.0
2024-05-31 06:00:00,0.0,0.0
2024-05-31 07:00:00,0.0,0.0
2024-05-31 08:00:00,0.0,0.0
2024-05-31 09:00:00,0.0,0.0
2024-05-31 10:00:00,0.09842406402244852,0.09842406402244852
2024-05-31 11:00:00,0.39950625901093734,0.39950625901093734
2024-05-31 12:00:00,0.7599334935603217,0.7599334935603217
2024-05-31 13:00:00,1.1383645320147922,1.1383645320147922
2024-05-31 14:00:00,1.8181131597829714,1.8181131597829714
2024-05-31 15:00:00,2.707727621066866,2.707727621066866
2024-05-31 16:00:00,2.410686599638763,2.410686599638763
2024-05-31 17:00:00,3.152599445875309,3.152599445875309
2024-05-31 18:00:00,2.8296805704169414,2.8296805704169414
2024-05-31 19:00:00,3.026743457660652,3.026743457660652
2024-05-31 20:00:00,3.40590316014651,3.40590316014651
2024-05-31 21:00:00,2.9389608364540596,2.9389608364540596
2024-05-31 22:00:00,0.0,0.0
2024-05-31 23:00:00,0.0,0.0
2024-06-01 00:00:00,0.0,0.0
2024-06-01 01:00:00,0.0,0.0
2024-06-01 02:00:00,0.0,0.0
2024-06-01 03:00:00,0.0,0.0
2024-06-01 04:00:00,0.0,0.0
2024-06-01 05:00:00,0.0,0.0
2024-06-01 06:00:00,0.0,0.0
2024-06-01 07:00:00,0.0,0.0
2024-06-01 08:00:00,0.0,0.0
2024-06-01 09:00:00,0.0,0.0
2024-06-01 10:00:00,0.06520704335884694,0.06520704335884694
2024-06-01 11:00:00,0.259416157499514,0.259416157499514
2024-06-01 12:00:00,0.4509055712070341,0.4509055712070341
2024-06-01 13:00:00,0.9207485530501061,0.9207485530501061
2024-06-01 14:00:00,1.1023539104357885,1.1023539104357885
2024-06-01 15:00:00,1.6960340148282504,1.6960340148282504
2024-06-01 16:00:00,1.831689630591173,1.831689630591173
2024-06-01 17:00:00,1.8343200623229665,1.8343200623229665
2024-06-01 18:00:00,2.3950837834057532,2.3950837834057532
2024-06-01 19:00:00,1.918873693582588,1.918873693582588
2024-06-01 20:00:00,1.9554768344273108,1.9554768344273108
2024-06-01 21:00:00,1.8100196454587347,1.8100196454587347
2024-06-01 22:00:00,0.0,0.0
2024-06-01 23:00:00,0.0,0.0
2024-06-02 00:00:00,0.0,0.0
2024-06-02 01:00:00,0.0,0.0
2024-06-02 02:00:00,0.0,0.0
2024-06-02 03:00:00,0.0,0.0
2024-06-02 04:00:00,0.0,0.0
2024-06-02 05:00:00,0.0,0.0
2024-06-02 06:00:00,0.0,0.0
2024-06-02 07:00:00,0.0,0.0
2024-06-02 08:00:00,0.0,0.0
2024-06-02 09:00:00,0.0,0.0
2024-06-02 10:00:00,0.08010622623795577,0.08010622623795577
2024-06-02 11:00:00,0.2968570270265498,0.2968570270265498
2024-06-02 12:00:00,0.420090586718882,0.420090586718882
2024-06-02 13:00:00,0.8798736595858637,0.8798736595858637
2024-06-02 14:00:00,1.243945087012873,1.243945087012873
2024-06-02 15:00:00,1.4708443392522295,1.4708443392522295
2024-06-02 16:00:00,1.5972185205948437,1.5972185205948437
2024-06-02 17:00:00,1.9504103994292767,1.9504103994292767
2024-06-02 18:00:00,2.0925995227703944,2.0925995227703944
2024-06-02 19:00:00,1.7758450337551666,1.7758450337551666
2024-06-02 20:00:00,1.8418334155999223,1.8418334155999223
2024-06-02 21:00:00,2.0355170393724458,2.0355170393724458
2024-06-02 22:00:00,0.0,0.0
2024-06-02 23:00:00,0.0,0.0
2024-06-03 00:00:00,0.0,0.0
2024-06-03 01:00:00,0.0,0.0
2024-06-03 02:00:00,0.0,0.0
2024-06-03 03:00:00,0.0,0.0
2024-06-03 04:00:00,0.0,0.0
2024-06-03 05:00:00,0.0,0.0
2024-06-03 06:00:00,0.0,0.0
2024-06-03 07:00:00,0.0,0.0
2024-06-03 08:00:00,0.0,0.0
2024-06-03 09:00:00,0.0,0.0
2024-06-03 10:00:00,0.10331271661515323,0.10331271661515323
2024-06-03 11:00:00,0.4085900051497631,0.4085900051497631
2024-06-03 12:00:00,0.7672999804349336,0.7672999804349336
2024-06-03 13:00:00,1.1666502538173342,1.1666502538173342
2024-06-03 14:00:00,1.583880824992439,1.583880824992439
2024-06-03 15:00:00,2.3357022426000618,2.3357022426000618
2024-06-03 16:00:00,2.7008893551192914,2.7008893551192914
2024-06-03 17:00:00,2.6590390110160005,2.6590390110160005
2024-06-03 18:00:00,2.83449382991109,2.83449382991109
2024-06-03 19:00:00,3.2960518748085987,3.2960518748085987
2024-06-03 20:00:00,2.9624521514963584,2.9624521514963584
2024-06-03 21:00:00,3.304412315441937,3.304412315441937
2024-06-03 22:00:00,0.0,0.0
2024-06-03 23:00:00,0.0,0.0
2024-06-04 00:00:00,0.0,0.0
2024-06-04 01:00:00,0.0,0.0
2024-06-04 02:00:00,0.0,0.0
2024-06-04 03:00:00,0.0,0.0
2024-06-04 04:00:00,0.0,0.0
2024-06-04 05:00:00,0.0,0.0
2024-06-04 06:00:00,0.0,0.0
2024-06-04 07:00:00,0.0,0.0
2024-06-04 08:00:00,0.0,0.0
2024-06-04 09:00:00,0.0,0.0
2024-06-04 10:00:00,0.10963027586747819,0.10963027586747819
2024-06-04 11:00:00,0.44007996694188495,0.44007996694188495
2024-06-04 12:00:00,0.7192736669999713,0.7192736669999713
2024-06-04 13:00:00,1.4598075107879298,1.4598075107879298
2024-06-04 14:00:00,1.889194694503761,1.889194694503761
2024-06-04 15:00:00,2.6001003569394,2.6001003569394
2024-06-04 16:00:00,2.8501971314792764,2.8501971314792764
2024-06-04 17:00:00,2.63628665429127,2.63628665429127
2024-06-04 18:00:00,3.064204315941176,3.064204315941176
2024-06-04 19:00:00,2.881670148896528,2.881670148896528
2024-06-04 20:00:00,3.8189572817862785,3.8189572817862785
2024-06-04 21:00:00,3.037929742884726,3.037929742884726
2024-06-04 22:00:00,0.0,0.0
2024-06-04 23:00:00,0.0,0.0
2024-06-05 00:00:00,0.0,0.0
2024-06-05 01:00:00,0.0,0.0
2024-06-05 02:00:00,0.0,0.0
2024-06-05 03:00:00,0.0,0.0
2024-06-05 04:00:00,0.0,0.0
2024-06-05 05:00:00,0.0,0.0
2024-06-05 06:00:00,0.0,0.0
2024-06-05 07:00:00,0.0,0.0
2024-06-05 08:00:00,0.0,0.0
2024-06-05 09:00:00,0.0,0.0
2024-06-05 10:00:00,0.12948063006577354,0.12948063006577354
2024-06-05 11:00:00,0.38401533894239487,0.38401533894239487
2024-06-05 12:00:00,0.7966850707028251,0.7966850707028251
2024-06-05 13:00:00,1.4470091765786983,1.4470091765786983
2024-06-05 14:00:00,1.8970602922749629,1.8970602922749629
2024-06-05 15:00:00,2.186763688234158,2.186763688234158
2024-06-05 16:00:00,2.7862026451242667,2.7862026451242667
2024-06-05 17:00:00,2.8535699523131615,2.8535699523131615
2024-06-05 18:00:00,3.656735241365261,3.656735241365261
2024-06-05 19:00:00,2.957611500585348,2.957611500585348
2024-06-05 20:00:00,3.6091886377423954,3.6091886377423954
2024-06-05 21:00:00,2.8666673439252603,2.8666673439252603
2024-06-05 22:00:00,0.0,0.0
2024-06-05 23:00:00,0.0,0.0
2024-06-06 00:00:00,0.0,0.0
2024-06-06 01:00:00,0.0,0.0
2024-06-06 02:00:00,0.0,0.0
2024-06-06 03:00:00,0.0,0.0
2024-06-06 04:00:00,0.0,0.0
2024-06-06 05:00:00,0.0,0.0
2024-06-06 06:00:00,0.0,0.0
2024-06-06 07:00:00,0.0,0.0
2024-06-06 08:00:00,0.0,0.0
2024-06-06 09:00:00,0.0,0.0
2024-06-06 10:00:00,0.09717390222206561,0.09717390222206561
2024-06-06 11:00:00,0.41862216535605934,0.41862216535605934
2024-06-06 12:00:00,0.7219932256378999,0.7219932256378999
2024-06-06 13:00:00,1.3953641347203567,1.3953641347203567
2024-06-06 14:00:00,1.82588237446363,1.82588237446363
2024-06-06 15:00:00,1.9385047769403814,1.9385047769403814
2024-06-06 16:00:00,2.3701386417153754,2.3701386417153754
2024-06-06 17:00:00,2.893256375440901,2.893256375440901
2024-06-06 18:00:00,3.1850577201608172,3.1850577201608172
2024-06-06 19:00:00,2.476461181924826,2.476461181924826
2024-06-06 20:00:00,3.0918316659094756,3.0918316659094756
2024-06-06 21:00:00,2.8342628045493043,2.8342628045493043
2024-06-06 22:00:00,0.0,0.0
2024-06-06 23:00:00,0.0,0.0
2024-06-07 00:00:00,0.0,0.0
2024-06-07 01:00:00,0.0,0.0
2024-06-07 02:00:00,0.0,0.0
2024-06-07 03:00:00,0.0,0.0
2024-06-07 04:00:00,0.0,0.0
2024-06-07 05:00:00,0.0,0.0
2024-06-07 06:00:00,0.0,0.0
2024-06-07 07:00:00,0.0,0.0
2024-06-07 08:00:00,0.0,0.0
2024-06-07 09:00:00,0.0,0.0
2024-06-07 10:00:00,0.10887668711754908,0.10887668711754908
2024-06-07 11:00:00,0.37539454864418703,0.37539454864418703
2024-06-07 12:00:00,0.6978273975588724,0.6978273975588724
2024-06-07 13:00:00,1.2546296559894865,1.2546296559894865
2024-06-07 14:00:00,1.582787917320566,1.582787917320566
2024-06-07 15:00:00,2.1465336333708023,2.1465336333708023
2024-06-07 16:00:00,1.9858460744004656,1.9858460744004656
2024-06-07 17:00:00,2.8476271078785884,2.8476271078785884
2024-06-07 18:00:00,2.971510461381496,2.971510461381496
2024-06-07 19:00:00,3.0101387425501005,3.0101387425501005
2024-06-07 20:00:00,2.8332814007949834,2.8332814007949834
2024-06-07 21:00:00,2.9044078191270937,2.9044078191270937
2024-06-07 22:00:00,0.0,0.0
2024-06-07 23:00:00,0.0,0.0
2024-06-08 00:00:00,0.0,0.0
2024-06-08 01:00:00,0.0,0.0
2024-06-08 02:00:00,0.0,0.0
2024-06-08 03:00:00,0.0,0.0
2024-06-08 04:00:00,0.0,0.0
2024-06-08 05:00:00,0.0,0.0
2024-06-08 06:00:00,0.0,0.0
2024-06-08 07:00:00,0.0,0.0
2024-06-08 08:00:00,0.0,0.0
2024-06-08 09:00:00,0.0,0.0
2024-06-08 10:00:00,0.07273020493971274,0.07273020493971274
2024-06-08 11:00:00,0.27460083018357406,0.27460083018357406
2024-06-08 12:00:00,0.43515646135305036,0.43515646135305036
2024-06-08 13:00:00,0.9880863939835278,0.9880863939835278
2024-06-08 14:00:00,1.2506251694630242,1.2506251694630242
2024-06-08 15:00:00,1.8028256699138008,1.8028256699138008
2024-06-08 16:00:00,1.804113557643203,1.804113557643203
2024-06-08 17:00:00,1.9136573794597402,1.9136573794597402
2024-06-08 18:00:00,2.0526069482081186,2.0526069482081186
2024-06-08 19:00:00,2.3158408105170776,2.3158408105170776
2024-06-08 20:00:00,2.0156233151233542,2.0156233151233542
2024-06-08 21:00:00,2.313963143997348,2.313963143997348
2024-06-08 22:00:00,0.0,0.0
2024-06-08 23:00:00,0.0,0.0
2024-06-09 00:00:00,0.0,0.0
2024-06-09 01:00:00,0.0,0.0
2024-06-09 02:00:00,0.0,0.0
2024-06-09 03:00:00,0.0,0.0
2024-06-09 04:00:00,0.0,0.0
2024-06-09 05:00:00,0.0,0.0
2024-06-09 06:00:00,0.0,0.0
2024-06-09 07:00:00,0.0,0.0
2024-06-09 08:00:00,0.0,0.0
2024-06-09 09:00:00,0.0,0.0
2024-06-09 10:00:00,0.06735285515494034,0.06735285515494034
2024-06-09 11:00:00,0.23475090039347826,0.23475090039347826
2024-06-09 12:00:00,0.5422839085143623,0.5422839085143623
2024-06-09 13:00:00,0.8387960244343814,0.8387960244343814
2024-06-09 14:00:00,1.3197585814369368,1.3197585814369368
2024-06-09 15:00:00,1.4391644523393252,1.4391644523393252
2024-06-09 16:00:00,1.842413203253008,1.842413203253008
2024-06-09 17:00:00,1.837460862919294,1.837460862919294
2024-06-09 18:00:00,2.3598132588402367,2.3598132588402367
2024-06-09 19:00:00,2.2168418056895627,2.2168418056895627
2024-06-09 20:00:00,1.9762933269495384,1.9762933269495384
2024-06-09 21:00:00,1.9167207105808408,1.9167207105808408
2024-06-09 22:00:00,0.0,0.0
2024-06-09 23:00:00,0.0,0.0
2024-06-10 00:00:00,0.0,0.0
2024-06-10 01:00:00,0.0,0.0
2024-06-10 02:00:00,0.0,0.0
2024-06-10 03:00:00,0.0,0.0
2024-06-10 04:00:00,0.0,0.0
2024-06-10 05:00:00,0.0,0.0
2024-06-10 06:00:00,0.0,0.0
2024-06-10 07:00:00,0.0,0.0
2024-06-10 08:00:00,0.0,0.0
2024-06-10 09:00:00,0.0,0.0
2024-06-10 10:00:00,0.11267700357440488,0.11267700357440488
2024-06-10 11:00:00,0.3156556308811277,0.3156556308811277
2024-06-10 12:00:00,0.6542109068924217,0.6542109068924217
2024-06-10 13:00:00,1.0909304806046334,1.0909304806046334
2024-06-10 14:00:00,1.527743066393247,1.527743066393247
2024-06-10 15:00:00,1.9997257991087154,1.9997257991087154
2024-06-10 16:00:00,2.097042630860473,2.097042630860473
2024-06-10 17:00:00,2.7037033581839487,2.7037033581839487
2024-06-10 18:00:00,3.2249771812791157,3.2249771812791157
2024-06-10 19:00:00,2.7916758347741766,2.7916758347741766
2024-06-10 20:00:00,2.6760410219731203,2.6760410219731203
2024-06-10 21:00:00,2.647182079919884,2.647182079919884
2024-06-10 22:00:00,0.0,0.0
2024-06-10 23:00:00,0.0,0.0
2024-06-11 00:00:00,0.0,0.0
2024-06-11 01:00:00,0.0,0.0
2024-06-11 02:00:00,0.0,0.0
2024-06-11 03:00:00,0.0,0.0
2024-06-11 04:00:00,0.0,0.0
2024-06-11 05:00:00,0.0,0.0
2024-06-11 06:00:00,0.0,0.0
2024-06-11 07:00:00,0.0,0.0
2024-06-11 08:00:00,0.0,0.0
2024-06-11 09:00:00,0.0,0.0
2024-06-11 10:00:00,0.1167257868904758,0.1167257868904758
2024-06-11 11:00:00,0.432860425174247,0.432860425174247
2024-06-11 12:00:00,0.8132869179380742,0.8132869179380742
2024-06-11 13:00:00,1.5061764357105283,1.5061764357105283
2024-06-11 14:00:00,1.9044309611431753,1.9044309611431753
2024-06-11 15:00:00,2.3785977742638007,2.3785977742638007
2024-06-11 16:00:00,2.5640295974187217,2.5640295974187217
2024-06-11 17:00:00,2.977858021567453,2.977858021567453
2024-06-11 18:00:00,3.873286135917781,3.873286135917781
2024-06-11 19:00:00,3.195489005097069,3.195489005097069
2024-06-11 20:00:00,2.8084667491766737,2.8084667491766737
2024-06-11 21:00:00,3.4139868328676624,3.4139868328676624
2024-06-11 22:00:00,0.0,0.0
2024-06-11 23:00:00,0.0,0.0
2024-06-12 00:00:00,0.0,0.0
2024-06-12 01:00:00,0.0,0.0
2024-06-12 02:00:00,0.0,0.0
2024-06-12 03:00:00,0.0,0.0
2024-06-12 04:00:00,0.0,0.0
2024-06-12 05:00:00,0.0,0.0
2024-06-12 06:00:00,0.0,0.0
2024-06-12 07:00:00,0.0,0.0
2024-06-12 08:00:00,0.0,0.0
2024-06-12 09:00:00,0.0,0.0
2024-06-12 10:00:00,0.11687522077833162,0.11687522077833162
2024-06-12 11:00:00,0.3931875483755769,0.3931875483755769
2024-06-12 12:00:00,0.7257607843464138,0.7257607843464138
2024-06-12 13:00:00,1.3815991101755603,1.3815991101755603
2024-06-12 14:00:00,2.0105338505475467,2.0105338505475467
2024-06-12 15:00:00,2.201820628096773,2.201820628096773
2024-06-12 16:00:00,2.32427668056392,2.32427668056392
2024-06-12 17:00:00,3.1999419558118527,3.1999419558118527
2024-06-12 18:00:00,2.972613664953952,2.972613664953952
2024-06-12 19:00:00,3.55644316646515,3.55644316646515
2024-06-12 20:00:00,3.044080380848143,3.044080380848143
2024-06-12 21:00:00,3.251086893554123,3.251086893554123
2024-06-12 22:00:00,0.0,0.0
2024-06-12 23:00:00,0.0,0.0
2024-06-13 00:00:00,0.0,0.0
2024-06-13 01:00:00,0.0,0.0
2024-06-13 02:00:00,0.0,0.0
2024-06-13 03:00:00,0.0,0.0
2024-06-13 04:00:00,0.0,0.0
2024-06-13 05:00:00,0.0,0.0
2024-06-13 06:00:00,0.0,0.0
2024-06-13 07:00:00,0.0,0.0
2024-06-13 08:00:00,0.0,0.0
2024-06-13 09:00:00,0.0,0.0
2024-06-13 10:00:00,0.09886138059502933,0.09886138059502933
2024-06-13 11:00:00,0.3922998163397366,0.3922998163397366
2024-06-13 12:00:00,0.7889164973202574,0.7889164973202574
2024-06-13 13:00:00,1.3212215161714378,1.3212215161714378
2024-06-13 14:00:00,1.8930420594562878,1.8930420594562878
2024-06-13 15:00:00,2.0711321444491433,2.0711321444491433
2024-06-13 16:00:00,2.378629273809954,2.378629273809954
2024-06-13 17:00:00,2.548862660106304,2.548862660106304
2024-06-13 18:00:00,3.123518381483318,3.123518381483318
2024-06-13 19:00:00,3.239195301309152,3.239195301309152
2024-06-13 20:00:00,3.4604984327488717,3.4604984327488717
2024-06-13 21:00:00,2.699780322266002,2.699780322266002
2024-06-13 22:00:00,0.0,0.0
2024-06-13 23:00:00,0.0,0.0
2024-06-14 00:00:00,0.0,0.0
2024-06-14 01:00:00,0.0,0.0
2024-06-14 02:00:00,0.0,0.0
2024-06-14 03:00:00,0.0,0.0
2024-06-14 04:00:00,0.0,0.0
2024-06-14 05:00:00,0.0,0.0
2024-06-14 06:00:00,0.0,0.0
2024-06-14 07:00:00,0.0,0.0
2024-06-14 08:00:00,0.0,0.0
2024-06-14 09:00:00,0.0,0.0
2024-06-14 10:00:00,0.09097903938125494,0.09097903938125494
2024-06-14 11:00:00,0.3809459576332254,0.3809459576332254
2024-06-14 12:00:00,0.5763997901917883,0.5763997901917883
2024-06-14 13:00:00,1.3259441628483366,1.3259441628483366
2024-06-14 14:00:00,1.663824070246491,1.663824070246491
2024-06-14 15:00:00,2.360726049916671,2.360726049916671
2024-06-14 16:00:00,2.316226501573231,2.316226501573231
2024-06-14 17:00:00,2.725969215444267,2.725969215444267
2024-06-14 18:00:00,3.401735578137581,3.401735578137581
2024-06-14 19:00:00,2.8705795616715752,2.8705795616715752
2024-06-14 20:00:00,2.713268560312456,2.713268560312456
2024-06-14 21:00:00,3.0245024269987297,3.0245024269987297
2024-06-14 22:00:00,0.0,0.0
2024-06-14 23:00:00,0.0,0.0
2024-06-15 00:00:00,0.0,0.0
2024-06-15 01:00:00,0.0,0.0
2024-06-15 02:00:00,0.0,0.0
2024-06-15 03:00:00,0.0,0.0
2024-06-15 04:00:00,0.0,0.0
2024-06-15 05:00:00,0.0,0.0
2024-06-15 06:00:00,0.0,0.0
2024-06-15 07:00:00,0.0,0.0
2024-06-15 08:00:00,0.0,0.0
2024-06-15 09:00:00,0.0,0.0
2024-06-15 10:00:00,0.0727531941611424,0.0727531941611424
2024-06-15 11:00:00,0.2849561873441454,0.2849561873441454
2024-06-15 12:00:00,0.48565281116979747,0.48565281116979747
2024-06-15 13:00:00,0.8220607480221979,0.8220607480221979
2024-06-15 14:00:00,1.2466886538783934,1.2466886538783934
2024-06-15 15:00:00,1.747338380689568,1.747338380689568
2024-06-15 16:00:00,1.625589906692753,1.625589906692753
2024-06-15 17:00:00,2.1419585608124345,2.1419585608124345
2024-06-15 18:00:00,1.9713568171134712,1.9713568171134712
2024-06-15 19:00:00,2.070883609283377,2.070883609283377
2024-06-15 20:00:00,2.3482799936758525,2.3482799936758525
2024-06-15 21:00:00,2.200339384046143,2.200339384046143
2024-06-15 22:00:00,0.0,0.0
2024-06-15 23:00:00,0.0,0.0
2024-06-16 00:00:00,0.0,0.0
2024-06-16 01:00:00,0.0,0.0
2024-06-16 02:00:00,0.0,0.0
2024-06-16 03:00:00,0.0,0.0
2024-06-16 04:00:00,0.0,0.0
2024-06-16 05:00:00,0.0,0.0
2024-06-16 06:00:00,0.0,0.0
2024-06-16 07:00:00,0.0,0.0
2024-06-16 08:00:00,0.0,0.0
2024-06-16 09:00:00,0.0,0.0
2024-06-16 10:00:00,0.06557606119227874,0.06557606119227874
2024-06-16 11:00:00,0.27081921533950415,0.27081921533950415
2024-06-16 12:00:00,0.5095015043878736,0.5095015043878736
2024-06-16 13:00:00,0.7863219831382265,0.7863219831382265
2024-06-16 14:00:00,1.232961119587614,1.232961119587614
2024-06-16 15:00:00,1.5971601338703578,1.5971601338703578
2024-06-16 16:00:00,1.4603017000148855,1.4603017000148855
2024-06-16 17:00:00,1.922647849418386,1.922647849418386
2024-06-16 18:00:00,2.155206683450982,2.155206683450982
2024-06-16 19:00:00,2.188160182018881,2.188160182018881
2024-06-16 20:00:00,2.232479804565728,2.232479804565728
2024-06-16 21:00:00,2.0115874471522734,2.0115874471522734
2024-06-16 22:00:00,0.0,0.0
2024-06-16 23:00:00,0.0,0.0
2024-06-17 00:00:00,0.0,0.0
2024-06-17 01:00:00,0.0,0.0
2024-06-17 02:00:00,0.0,0.0
2024-06-17 03:00:00,0.0,0.0
2024-06-17 04:00:00,0.0,0.0
2024-06-17 05:00:00,0.0,0.0
2024-06-17 06:00:00,0.0,0.0
2024-06-17 07:00:00,0.0,0.0
2024-06-17 08:00:00,0.0,0.0
2024-06-17 09:00:00,0.0,0.0
2024-06-17 10:00:00,0.12481514428119692,0.12481514428119692
2024-06-17 11:00:00,0.35812384051580826,0.35812384051580826
2024-06-17 12:00:00,0.7577883447263736,0.7577883447263736
2024-06-17 13:00:00,1.513007269554193,1.513007269554193
2024-06-17 14:00:00,1.8231285665175996,1.8231285665175996
2024-06-17 15:00:00,2.407110894372214,2.407110894372214
2024-06-17 16:00:00,2.374519940372984,2.374519940372984
2024-06-17 17:00:00,2.561121566222769,2.561121566222769
2024-06-17 18:00:00,2.843027213225981,2.843027213225981
2024-06-17 19:00:00,2.971357033011126,2.971357033011126
2024-06-17 20:00:00,3.2796127155635637,3.2796127155635637
2024-06-17 21:00:00,3.5090725291073492,3.5090725291073492
2024-06-17 22:00:00,0.0,0.0
2024-06-17 23:00:00,0.0,0.0
2024-06-18 00:00:00,0.0,0.0
2024-06-18 01:00:00,0.0,0.0
2024-06-18 02:00:00,0.0,0.0
2024-06-18 03:00:00,0.0,0.0
2024-06-18 04:00:00,0.0,0.0
2024-06-18 05:00:00,0.0,0.0
2024-06-18 06:00:00,0.0,0.0
2024-06-18 07:00:00,0.0,0.0
2024-06-18 08:00:00,0.0,0.0
2024-06-18 09:00:00,0.0,0.0
2024-06-18 10:00:00,0.11221746760838486,0.11221746760838486
2024-06-18 11:00:00,0.3540038210999027,0.3540038210999027
2024-06-18 12:00:00,0.660063006773788,0.660063006773788
2024-06-18 13:00:00,1.0809489843431024,1.0809489843431024
2024-06-18 14:00:00,1.6881714307898257,1.6881714307898257
2024-06-18 15:00:00,2.3192689584886135,2.3192689584886135
2024-06-18 16:00:00,2.0844610478718435,2.0844610478718435
2024-06-18 17:00:00,2.6756117299000537,2.6756117299000537
2024-06-18 18:00:00,3.4651210893842874,3.4651210893842874
2024-06-18 19:00:00,3.2437444004606877,3.2437444004606877
2024-06-18 20:00:00,3.190225561451591,3.190225561451591
2024-06-18 21:00:00,2.551508422443986,2.551508422443986
2024-06-18 22:00:00,0.0,0.0
2024-06-18 23:00:00,0.0,0.0
2024-06-19 00:00:00,0.0,0.0
2024-06-19 01:00:00,0.0,0.0
2024-06-19 02:00:00,0.0,0.0
2024-06-19 03:00:00,0.0,0.0
2024-06-19 04:00:00,0.0,0.0
2024-06-19 05:00:00,0.0,0.0
2024-06-19 06:00:00,0.0,0.0
2024-06-19 07:00:00,0.0,0.0
2024-06-19 08:00:00,0.0,0.0
2024-06-19 09:00:00,0.0,0.0
2024-06-19 10:00:00,0.11443260944333594,0.11443260944333594
2024-06-19 11:00:00,0.3782224513174588,0.3782224513174588
2024-06-19 12:00:00,0.7294278073674848,0.7294278073674848
2024-06-19 13:00:00,1.1497108711909452,1.1497108711909452
2024-06-19 14:00:00,1.3752015295623603,1.3752015295623603
2024-06-19 15:00:00,2.2154780031806607,2.2154780031806607
2024-06-19 16:00:00,1.9999059292577674,1.9999059292577674
2024-06-19 17:00:00,2.3645966118417254,2.3645966118417254
2024-06-19 18:00:00,3.0542757980862265,3.0542757980862265
2024-06-19 19:00:00,2.5744925765106412,2.5744925765106412
2024-06-19 20:00:00,2.446309061538694,2.446309061538694
2024-06-19 21:00:00,2.6184348981617824,2.6184348981617824
2024-06-19 22:00:00,0.0,0.0
2024-06-19 23:00:00,0.0,0.0
2024-06-20 00:00:00,0.0,0.0
2024-06-20 01:00:00,0.0,0.0
2024-06-20 02:00:00,0.0,0.0
2024-06-20 03:00:00,0.0,0.0
2024-06-20 04:00:00,0.0,0.0
2024-06-20 05:00:00,0.0,0.0
2024-06-20 06:00:00,0.0,0.0
2024-06-20 07:00:00,0.0,0.0
2024-06-20 08:00:00,0.0,0.0
2024-06-20 09:00:00,0.0,0.0
2024-06-20 10:00:00,0.09440123746392745,0.09440123746392745
2024-06-20 11:00:00,0.3937430527057123,0.3937430527057123
2024-06-20 12:00:00,0.7168408444538563,0.7168408444538563
2024-06-20 13:00:00,1.1997833092393377,1.1997833092393377
2024-06-20 14:00:00,1.810824372987108,1.810824372987108
2024-06-20 15:00:00,2.6148053338976434,2.6148053338976434
2024-06-20 16:00:00,2.077225327840485,2.077225327840485
2024-06-20 17:00:00,2.4486923148760478,2.4486923148760478
2024-06-20 18:00:00,3.5031555714966593,3.5031555714966593
2024-06-20 19:00:00,3.1218558445497875,3.1218558445497875
2024-06-20 20:00:00,2.712492457663884,2.712492457663884
2024-06-20 21:00:00,3.2190223487614182,3.2190223487614182
2024-06-20 22:00:00,0.0,0.0
2024-06-20 23:00:00,0.0,0.0
2024-06-21 00:00:00,0.0,0.0
2024-06-21 01:00:00,0.0,0.0
2024-06-21 02:00:00,0.0,0.0
2024-06-21 03:00:00,0.0,0.0
2024-06-21 04:00:00,0.0,0.0
2024-06-21 05:00:00,0.0,0.0
2024-06-21 06:00:00,0.0,0.0
2024-06-21 07:00:00,0.0,0.0
2024-06-21 08:00:00,0.0,0.0
2024-06-21 09:00:00,0.0,0.0
2024-06-21 10:00:00,0.1118241448158043,0.1118241448158043
2024-06-21 11:00:00,0.4062731136774807,0.4062731136774807
2024-06-21 12:00:00,0.7641971018061036,0.7641971018061036
2024-06-21 13:00:00,1.5232154551322092,1.5232154551322092
2024-06-21 14:00:00,1.99212441246991,1.99212441246991
2024-06-21 15:00:00,2.650830605625341,2.650830605625341
2024-06-21 16:00:00,2.4798584301704265,2.4798584301704265
2024-06-21 17:00:00,2.6654887351842254,2.6654887351842254
2024-06-21 18:00:00,3.008689978093095,3.008689978093095
2024-06-21 19:00:00,2.6564998817275387,2.6564998817275387
2024-06-21 20:00:00,3.0823908197175562,3.0823908197175562
2024-06-21 21:00:00,2.7192748587135247,2.7192748587135247
2024-06-21 22:00:00,0.0,0.0
2024-06-21 23:00:00,0.0,0.0
2024-06-22 00:00:00,0.0,0.0
2024-06-22 01:00:00,0.0,0.0
2024-06-22 02:00:00,0.0,0.0
2024-06-22 03:00:00,0.0,0.0
2024-06-22 04:00:00,0.0,0.0
2024-06-22 05:00:00,0.0,0.0
2024-06-22 06:00:00,0.0,0.0
2024-06-22 07:00:00,0.0,0.0
2024-06-22 08:00:00,0.0,0.0
2024-06-22 09:00:00,0.0,0.0
2024-06-22 10:00:00,0.08470471903910132,0.08470471903910132
2024-06-22 11:00:00,0.2966502028530833,0.2966502028530833
2024-06-22 12:00:00,0.4387657897014562,0.4387657897014562
2024-06-22 13:00:00,1.0471956051946703,1.0471956051946703
2024-06-22 14:00:00,1.344756221877091,1.344756221877091
2024-06-22 15:00:00,1.7799666072565143,1.7799666072565143
2024-06-22 16:00:00,1.7740789153710397,1.7740789153710397
2024-06-22 17:00:00,2.2130263076537546,2.2130263076537546
2024-06-22 18:00:00,2.078457633941905,2.078457633941905
2024-06-22 19:00:00,2.4615787965066898,2.4615787965066898
2024-06-22 20:00:00,2.5312542193389302,2.5312542193389302
2024-06-22 21:00:00,2.1379211491288888,2.1379211491288888
2024-06-22 22:00:00,0.0,0.0
2024-06-22 23:00:00,0.0,0.0
2024-06-23 00:00:00,0.0,0.0
2024-06-23 01:00:00,0.0,0.0
2024-06-23 02:00:00,0.0,0.0
2024-06-23 03:00:00,0.0,0.0
2024-06-23 04:00:00,0.0,0.0
2024-06-23 05:00:00,0.0,0.0
2024-06-23 06:00:00,0.0,0.0
2024-06-23 07:00:00,0.0,0.0
2024-06-23 08:00:00,0.0,0.0
2024-06-23 09:00:00,0.0,0.0
2024-06-23 10:00:00,0.07053325264212001,0.07053325264212001
2024-06-23 11:00:00,0.2979324769784481,0.2979324769784481
2024-06-23 12:00:00,0.5292999457149621,0.5292999457149621
2024-06-23 13:00:00,1.0669910462827195,1.0669910462827195
2024-06-23 14:00:00,1.2189225758889604,1.2189225758889604
2024-06-23 15:00:00,1.7221439841637998,1.7221439841637998
2024-06-23 16:00:00,1.7666952313606101,1.7666952313606101
2024-06-23 17:00:00,2.2461569720923382,2.2461569720923382
2024-06-23 18:00:00,2.36572611792671,2.36572611792671
2024-06-23 19:00:00,2.145478250027911,2.145478250027911
2024-06-23 20:00:00,2.088402542712237,2.088402542712237
2024-06-23 21:00:00,2.502047874152351,2.502047874152351
2024-06-23 22:00:00,0.0,0.0
2024-06-23 23:00:00,0.0,0.0
2024-06-24 00:00:00,0.0,0.0
2024-06-24 01:00:00,0.0,0.0
2024-06-24 02:00:00,0.0,0.0
2024-06-24 03:00:00,0.0,0.0
2024-06-24 04:00:00,0.0,0.0
2024-06-24 05:00:00,0.0,0.0
2024-06-24 06:00:00,0.0,0.0
2024-06-24 07:00:00,0.0,0.0
2024-06-24 08:00:00,0.0,0.0
2024-06-24 09:00:00,0.0,0.0
2024-06-24 10:00:00,0.10139285450699288,0.10139285450699288
2024-06-24 11:00:00,0.318106842061259,0.318106842061259
2024-06-24 12:00:00,0.7121700810986544,0.7121700810986544
2024-06-24 13:00:00,1.1946482254988657,1.1946482254988657
2024-06-24 14:00:00,1.4941003181860195,1.4941003181860195
2024-06-24 15:00:00,2.2340008028641147,2.2340008028641147
2024-06-24 16:00:00,2.0257976748577904,2.0257976748577904
2024-06-24 17:00:00,2.4152296839737577,2.4152296839737577
2024-06-24 18:00:00,2.809103267363044,2.809103267363044
2024-06-24 19:00:00,2.8568593340577797,2.8568593340577797
2024-06-24 20:00:00,2.914207445516869,2.914207445516869
2024-06-24 21:00:00,2.44909666635695,2.44909666635695
2024-06-24 22:00:00,0.0,0.0
2024-06-24 23:00:00,0.0,0.0
2024-06-25 00:00:00,0.0,0.0
2024-06-25 01:00:00,0.0,0.0
2024-06-25 02:00:00,0.0,0.0
2024-06-25 03:00:00,0.0,0.0
2024-06-25 04:00:00,0.0,0.0
2024-06-25 05:00:00,0.0,0.0
2024-06-25 06:00:00,0.0,0.0
2024-06-25 07:00:00,0.0,0.0
2024-06-25 08:00:00,0.0,0.0
2024-06-25 09:00:00,0.0,0.0
2024-06-25 10:00:00,0.12989274132019785,0.12989274132019785
2024-06-25 11:00:00,0.40893821191019747,0.40893821191019747
2024-06-25 12:00:00,0.6883282624380304,0.6883282624380304
2024-06-25 13:00:00,1.198041334805541,1.198041334805541
2024-06-25 14:00:00,1.7126915102584246,1.7126915102584246
2024-06-25 15:00:00,2.612529233267777,2.612529233267777
2024-06-25 16:00:00,2.742502202560203,2.742502202560203
2024-06-25 17:00:00,3.105339213218939,3.105339213218939
2024-06-25 18:00:00,3.091277217950389,3.091277217950389
2024-06-25 19:00:00,3.178910976788841,3.178910976788841
2024-06-25 20:00:00,3.553232047536903,3.553232047536903
2024-06-25 21:00:00,3.480566622231355,3.480566622231355
2024-06-25 22:00:00,0.0,0.0
2024-06-25 23:00:00,0.0,0.0
2024-06-26 00:00:00,0.0,0.0
2024-06-26 01:00:00,0.0,0.0
2024-06-26 02:00:00,0.0,0.0
2024-06-26 03:00:00,0.0,0.0
2024-06-26 04:00:00,0.0,0.0
2024-06-26 05:00:00,0.0,0.0
2024-06-26 06:00:00,0.0,0.0
2024-06-26 07:00:00,0.0,0.0
2024-06-26 08:00:00,0.0,0.0
2024-06-26 09:00:00,0.0,0.0
2024-06-26 10:00:00,0.11744987742310224,0.11744987742310224
2024-06-26 11:00:00,0.43876861341218837,0.43876861341218837
2024-06-26 12:00:00,0.6515704025583327,0.6515704025583327
2024-06-26 13:00:00,1.075954021007983,1.075954021007983
2024-06-26 14:00:00,1.7715477320952877,1.7715477320952877
2024-06-26 15:00:00,2.357111352064289,2.357111352064289
2024-06-26 16:00:00,2.3207032107673666,2.3207032107673666
2024-06-26 17:00:00,2.9112498265747484,2.9112498265747484
2024-06-26 18:00:00,3.612193880743622,3.612193880743622
2024-06-26 19:00:00,2.695142216970982,2.695142216970982
2024-06-26 20:00:00,3.14256645929324,3.14256645929324
2024-06-26 21:00:00,3.0358948565992696,3.0358948565992696
2024-06-26 22:00:00,0.0,0.0
2024-06-26 23:00:00,0.0,0.0
2024-06-27 00:00:00,0.0,0.0
2024-06-27 01:00:00,0.0,0.0
2024-06-27 02:00:00,0.0,0.0
2024-06-27 03:00:00,0.0,0.0
2024-06-27 04:00:00,0.0,0.0
2024-06-27 05:00:00,0.0,0.0
2024-06-27 06:00:00,0.0,0.0
2024-06-27 07:00:00,0.0,0.0
2024-06-27 08:00:00,0.0,0.0
2024-06-27 09:00:00,0.0,0.0
2024-06-27 10:00:00,0.11513177568977283,0.11513177568977283
2024-06-27 11:00:00,0.4755405096737806,0.4755405096737806
2024-06-27 12:00:00,0.8737645802112847,0.8737645802112847
2024-06-27 13:00:00,1.5158559096012838,1.5158559096012838
2024-06-27 14:00:00,1.6391589836294487,1.6391589836294487
2024-06-27 15:00:00,2.522653079062563,2.522653079062563
2024-06-27 16:00:00,2.245015223121237,2.245015223121237
2024-06-27 17:00:00,3.361782430465714,3.361782430465714
2024-06-27 18:00:00,3.106949889467185,3.106949889467185
2024-06-27 19:00:00,3.397789749443315,3.397789749443315
2024-06-27 20:00:00,3.3840090294690346,3.3840090294690346
2024-06-27 21:00:00,3.026723942484818,3.026723942484818
2024-06-27 22:00:00,0.0,0.0
2024-06-27 23:00:00,0.0,0.0
2024-06-28 00:00:00,0.0,0.0
2024-06-28 01:00:00,0.0,0.0
2024-06-28 02:00:00,0.0,0.0
2024-06-28 03:00:00,0.0,0.0
2024-06-28 04:00:00,0.0,0.0
2024-06-28 05:00:00,0.0,0.0
2024-06-28 06:00:00,0.0,0.0
2024-06-28 07:00:00,0.0,0.0
2024-06-28 08:00:00,0.0,0.0
2024-06-28 09:00:00,0.0,0.0
2024-06-28 10:00:00,0.11739043851475764,0.11739043851475764
2024-06-28 11:00:00,0.3668637570000023,0.3668637570000023
2024-06-28 12:00:00,0.7152136031372388,0.7152136031372388
2024-06-28 13:00:00,1.1383575547870195,1.1383575547870195
2024-06-28 14:00:00,1.617568276105555,1.617568276105555
2024-06-28 15:00:00,2.3549778594990025,2.3549778594990025
2024-06-28 16:00:00,2.5535270512884876,2.5535270512884876
2024-06-28 17:00:00,2.8222187713189015,2.8222187713189015
2024-06-28 18:00:00,2.874509533033025,2.874509533033025
2024-06-28 19:00:00,3.101035334239799,3.101035334239799
2024-06-28 20:00:00,3.2561298396619147,3.2561298396619147
2024-06-28 21:00:00,2.9164520645905525,2.9164520645905525
2024-06-28 22:00:00,0.0,0.0
2024-06-28 23:00:00,0.0,0.0
2024-06-29 00:00:00,0.0,0.0
2024-06-29 01:00:00,0.0,0.0
2024-06-29 02:00:00,0.0,0.0
2024-06-29 03:00:00,0.0,0.0
2024-06-29 04:00:00,0.0,0.0
2024-06-29 05:00:00,0.0,0.0
2024-06-29 06:00:00,0.0,0.0
2024-06-29 07:00:00,0.0,0.0
2024-06-29 08:00:00,0.0,0.0
2024-06-29 09:00:00,0.0,0.0
2024-06-29 10:00:00,0.06740212458361039,0.06740212458361039
2024-06-29 11:00:00,0.23143181439703672,0.23143181439703672
2024-06-29 12:00:00,0.48370653402905367,0.48370653402905367
2024-06-29 13:00:00,0.938263961556224,0.938263961556224
2024-06-29 14:00:00,1.3181312883645138,1.3181312883645138
2024-06-29 15:00:00,1.520468203137568,1.520468203137568
2024-06-29 16:00:00,1.4947304920481408,1.4947304920481408
2024-06-29 17:00:00,1.7980897382550562,1.7980897382550562
2024-06-29 18:00:00,2.2467733447100873,2.2467733447100873
2024-06-29 19:00:00,1.7826295194008517,1.7826295194008517
2024-06-29 20:00:00,2.344146686086968,2.344146686086968
2024-06-29 21:00:00,2.153181274118396,2.153181274118396
2024-06-29 22:00:00,0.0,0.0
2024-06-29 23:00:00,0.0,0.0
2024-06-30 00:00:00,0.0,0.0
2024-06-30 01:00:00,0.0,0.0
2024-06-30 02:00:00,0.0,0.0
2024-06-30 03:00:00,0.0,0.0
2024-06-30 04:00:00,0.0,0.0
2024-06-30 05:00:00,0.0,0.0
2024-06-30 06:00:00,0.0,0.0
2024-06-30 07:00:00,0.0,0.0
2024-06-30 08:00:00,0.0,0.0
2024-06-30 09:00:00,0.0,0.0
2024-06-30 10:00:00,0.08157367642385714,0.08157367642385714
2024-06-30 11:00:00,0.3138355958904062,0.3138355958904062
2024-06-30 12:00:00,0.48384586319750994,0.48384586319750994
2024-06-30 13:00:00,0.8980834286350869,0.8980834286350869
2024-06-30 14:00:00,1.3424965805865072,1.3424965805865072
2024-06-30 15:00:00,1.8269432602676248,1.8269432602676248
2024-06-30 16:00:00,1.6271446865798016,1.6271446865798016
2024-06-30 17:00:00,2.2545159263509595,2.2545159263509595
2024-06-30 18:00:00,1.988753283206978,1.988753283206978
2024-06-30 19:00:00,2.2400080871022277,2.2400080871022277
2024-06-30 20:00:00,2.5266713182847322,2.5266713182847322
2024-06-30 21:00:00,1.872179818640336,1.872179818640336
2024-06-30 22:00:00,0.0,0.0
2024-06-30 23:00:00,0.0,0.0
2024-07-01 00:00:00,0.0,0.0
2024-07-01 01:00:00,0.0,0.0
2024-07-01 02:00:00,0.0,0.0
2024-07-01 03:00:00,0.0,0.0
2024-07-01 04:00:00,0.0,0.0
2024-07-01 05:00:00,0.0,0.0
2024-07-01 06:00:00,0.0,0.0
2024-07-01 07:00:00,0.0,0.0
2024-07-01 08:00:00,0.0,0.0
2024-07-01 09:00:00,0.0,0.0
2024-07-01 10:00:00,0.11010706300224396,0.11010706300224396
2024-07-01 11:00:00,0.35717697154841793,0.35717697154841793
2024-07-01 12:00:00,0.7892287062506602,0.7892287062506602
2024-07-01 13:00:00,1.131946743511165,1.131946743511165
2024-07-01 14:00:00,1.854736134907354,1.854736134907354
2024-07-01 15:00:00,2.2149297632912797,2.2149297632912797
2024-07-01 16:00:00,2.5103742395791016,2.5103742395791016
2024-07-01 17:00:00,2.890862339931035,2.890862339931035
2024-07-01 18:00:00,3.160818580836584,3.160818580836584
2024-07-01 19:00:00,2.7732537495364955,2.7732537495364955
2024-07-01 20:00:00,2.7884829948940073,2.7884829948940073
2024-07-01 21:00:00,2.875748289505998,2.875748289505998
2024-07-01 22:00:00,0.0,0.0
2024-07-01 23:00:00,0.0,0.0
2024-07-02 00:00:00,0.0,0.0
2024-07-02 01:00:00,0.0,0.0
2024-07-02 02:00:00,0.0,0.0
2024-07-02 03:00:00,0.0,0.0
2024-07-02 04:00:00,0.0,0.0
2024-07-02 05:00:00,0.0,0.0
2024-07-02 06:00:00,0.0,0.0
2024-07-02 07:00:00,0.0,0.0
2024-07-02 08:00:00,0.0,0.0
2024-07-02 09:00:00,0.0,0.0
2024-07-02 10:00:00,0.11873135857741557,0.11873135857741557
2024-07-02 11:00:00,0.4239937211120469,0.4239937211120469
2024-07-02 12:00:00,0.7478590875269084,0.7478590875269084
2024-07-02 13:00:00,1.2277799565099226,1.2277799565099226
2024-07-02 14:00:00,1.6393259915275327,1.6393259915275327
2024-07-02 15:00:00,2.068909543987531,2.068909543987531
2024-07-02 16:00:00,2.5931924752279434,2.5931924752279434
2024-07-02 17:00:00,2.6321552604457614,2.6321552604457614
2024-07-02 18:00:00,3.121338038790208,3.121338038790208
2024-07-02 19:00:00,2.659580257833708,2.659580257833708
2024-07-02 20:00:00,3.4844475402655983,3.4844475402655983
2024-07-02 21:00:00,2.754363431138679,2.754363431138679
2024-07-02 22:00:00,0.0,0.0
2024-07-02 23:00:00,0.0,0.0
2024-07-03 00:00:00,0.0,0.0
2024-07-03 01:00:00,0.0,0.0
2024-07-03 02:00:00,0.0,0.0
2024-07-03 03:00:00,0.0,0.0
2024-07-03 04:00:00,0.0,0.0
2024-07-03 05:00:00,0.0,0.0
2024-07-03 06:00:00,0.0,0.0
2024-07-03 07:00:00,0.0,0.0
2024-07-03 08:00:00,0.0,0.0
2024-07-03 09:00:00,0.0,0.0
2024-07-03 10:00:00,0.08948052999607584,0.08948052999607584
2024-07-03 11:00:00,0.38743675380052184,0.38743675380052184
2024-07-03 12:00:00,0.6380554187680941,0.6380554187680941
2024-07-03 13:00:00,1.0433757877656837,1.0433757877656837
2024-07-03 14:00:00,1.7880077490815165,1.7880077490815165
2024-07-03 15:00:00,2.2028747877034007,2.2028747877034007
2024-07-03 16:00:00,1.9367121502833633,1.9367121502833633
2024-07-03 17:00:00,2.4998488094581424,2.4998488094581424
2024-07-03 18:00:00,3.2082312790212564,3.2082312790212564
2024-07-03 19:00:00,2.598982330425971,2.598982330425971
2024-07-03 20:00:00,2.4749993624268045,2.4749993624268045
2024-07-03 21:00:00,3.220248140948986,3.220248140948986
2024-07-03 22:00:00,0.0,0.0
2024-07-03 23:00:00,0.0,0.0
2024-07-04 00:00:00,0.0,0.0
2024-07-04 01:00:00,0.0,0.0
2024-07-04 02:00:00,0.0,0.0
2024-07-04 03:00:00,0.0,0.0
2024-07-04 04:00:00,0.0,0.0
2024-07-04 05:00:00,0.0,0.0
2024-07-04 06:00:00,0.0,0.0
2024-07-04 07:00:00,0.0,0.0
2024-07-04 08:00:00,0.0,0.0
2024-07-04 09:00:00,0.0,0.0
2024-07-04 10:00:00,0.1126942073523203,0.1126942073523203
2024-07-04 11:00:00,0.3737316275830079,0.3737316275830079
2024-07-04 12:00:00,0.7140311384513647,0.7140311384513647
2024-07-04 13:00:00,1.166739241879415,1.166739241879415
2024-07-04 14:00:00,1.72164144221373,1.72164144221373
2024-07-04 15:00:00,2.4107469719980057,2.4107469719980057
2024-07-04 16:00:00,2.8634481785585604,2.8634481785585604
2024-07-04 17:00:00,3.05777394431187,3.05777394431187
2024-07-04 18:00:00,3.494579668427366,3.494579668427366
2024-07-04 19:00:00,3.5621696377890975,3.5621696377890975
2024-07-04 20:00:00,2.890129314976785,2.890129314976785
2024-07-04 21:00:00,3.1819978436455885,3.1819978436455885
2024-07-04 22:00:00,0.0,0.0
2024-07-04 23:00:00,0.0,0.0
2024-07-05 00:00:00,0.0,0.0
2024-07-05 01:00:00,0.0,0.0
2024-07-05 02:00:00,0.0,0.0
2024-07-05 03:00:00,0.0,0.0
2024-07-05 04:00:00,0.0,0.0
2024-07-05 05:00:00,0.0,0.0
2024-07-05 06:00:00,0.0,0.0
2024-07-05 07:00:00,0.0,0.0
2024-07-05 08:00:00,0.0,0.0
2024-07-05 09:00:00,0.0,0.0
2024-07-05 10:00:00,0.10919312914263302,0.10919312914263302
2024-07-05 11:00:00,0.3172774988905142,0.3172774988905142
2024-07-05 12:00:00,0.6642185723878952,0.6642185723878952
2024-07-05 13:00:00,1.300410750297308,1.300410750297308
2024-07-05 14:00:00,1.5546601904607942,1.5546601904607942
2024-07-05 15:00:00,2.176711179493705,2.176711179493705
2024-07-05 16:00:00,2.293765948820304,2.293765948820304
2024-07-05 17:00:00,2.297408667264858,2.297408667264858
2024-07-05 18:00:00,2.606904492909418,2.606904492909418
2024-07-05 19:00:00,2.379778989939336,2.379778989939336
2024-07-05 20:00:00,2.7996250647115994,2.7996250647115994
2024-07-05 21:00:00,2.7694792979292595,2.7694792979292595
2024-07-05 22:00:00,0.0,0.0
2024-07-05 23:00:00,0.0,0.0
2024-07-06 00:00:00,0.0,0.0
2024-07-06 01:00:00,0.0,0.0
2024-07-06 02:00:00,0.0,0.0
2024-07-06 03:00:00,0.0,0.0
2024-07-06 04:00:00,0.0,0.0
2024-07-06 05:00:00,0.0,0.0
2024-07-06 06:00:00,0.0,0.0
2024-07-06 07:00:00,0.0,0.0
2024-07-06 08:00:00,0.0,0.0
2024-07-06 09:00:00,0.0,0.0
2024-07-06 10:00:00,0.0838810762869251,0.0838810762869251
2024-07-06 11:00:00,0.29986874582008033,0.29986874582008033
2024-07-06 12:00:00,0.47190803261709974,0.47190803261709974
2024-07-06 13:00:00,0.8482355641534459,0.8482355641534459
2024-07-06 14:00:00,1.2503815682127926,1.2503815682127926
2024-07-06 15:00:00,1.7498407662405455,1.7498407662405455
2024-07-06 16:00:00,1.4768243375197154,1.4768243375197154
2024-07-06 17:00:00,1.8508877188188937,1.8508877188188937
2024-07-06 18:00:00,2.189314210833415,2.189314210833415
2024-07-06 19:00:00,2.0276147436436576,2.0276147436436576
2024-07-06 20:00:00,1.8558464185030081,1.8558464185030081
2024-07-06 21:00:00,2.134848311837127,2.134848311837127
2024-07-06 22:00:00,0.0,0.0
2024-07-06 23:00:00,0.0,0.0
2024-07-07 00:00:00,0.0,0.0
2024-07-07 01:00:00,0.0,0.0
2024-07-07 02:00:00,0.0,0.0
2024-07-07 03:00:00,0.0,0.0
2024-07-07 04:00:00,0.0,0.0
2024-07-07 05:00:00,0.0,0.0
2024-07-07 06:00:00,0.0,0.0
2024-07-07 07:00:00,0.0,0.0
2024-07-07 08:00:00,0.0,0.0
2024-07-07 09:00:00,0.0,0.0
2024-07-07 10:00:00,0.073366548921889,0.073366548921889
2024-07-07 11:00:00,0.3065440787588443,0.3065440787588443
2024-07-07 12:00:00,0.5324640578504192,0.5324640578504192
2024-07-07 13:00:00,0.89444330265525,0.89444330265525
2024-07-07 14:00:00,1.1886435289742856,1.1886435289742856
2024-07-07 15:00:00,1.4444352047030238,1.4444352047030238
2024-07-07 16:00:00,1.8719192799221396,1.8719192799221396
2024-07-07 17:00:00,1.8622354861034565,1.8622354861034565
2024-07-07 18:00:00,2.0911220267128234,2.0911220267128234
2024-07-07 19:00:00,1.9969365251101314,1.9969365251101314
2024-07-07 20:00:00,1.9794502984403468,1.9794502984403468
2024-07-07 21:00:00,2.32301071746965,2.32301071746965
2024-07-07 22:00:00,0.0,0.0
2024-07-07 23:00:00,0.0,0.0
2024-07-08 00:00:00,0.0,0.0
2024-07-08 01:00:00,0.0,0.0
2024-07-08 02:00:00,0.0,0.0
2024-07-08 03:00:00,0.0,0.0
2024-07-08 04:00:00,0.0,0.0
2024-07-08 05:00:00,0.0,0.0
2024-07-08 06:00:00,0.0,0.0
2024-07-08 07:00:00,0.0,0.0
2024-07-08 08:00:00,0.0,0.0
2024-07-08 09:00:00,0.0,0.0
2024-07-08 10:00:00,0.1285559419392907,0.1285559419392907
2024-07-08 11:00:00,0.4450222930685197,0.4450222930685197
2024-07-08 12:00:00,0.6443904224384585,0.6443904224384585
2024-07-08 13:00:00,1.4431346395726883,1.4431346395726883
2024-07-08 14:00:00,1.5510403314904664,1.5510403314904664
2024-07-08 15:00:00,2.460832518063956,2.460832518063956
2024-07-08 16:00:00,2.5372414996794284,2.5372414996794284
2024-07-08 17:00:00,2.968865158075391,2.968865158075391
2024-07-08 18:00:00,2.9137533966135747,2.9137533966135747
2024-07-08 19:00:00,3.3048073571481544,3.3048073571481544
2024-07-08 20:00:00,2.7508795200116345,2.7508795200116345
2024-07-08 21:00:00,3.5023148654329286,3.5023148654329286
2024-07-08 22:00:00,0.0,0.0
2024-07-08 23:00:00,0.0,0.0
2024-07-09 00:00:00,0.0,0.0
2024-07-09 01:00:00,0.0,0.0
2024-07-09 02:00:00,0.0,0.0
2024-07-09 03:00:00,0.0,0.0
2024-07-09 04:00:00,0.0,0.0
2024-07-09 05:00:00,0.0,0.0
2024-07-09 06:00:00,0.0,0.0
2024-07-09 07:00:00,0.0,0.0
2024-07-09 08:00:00,0.0,0.0
2024-07-09 09:00:00,0.0,0.0
2024-07-09 10:00:00,0.1172258686020332,0.1172258686020332
2024-07-09 11:00:00,0.4058465897512977,0.4058465897512977
2024-07-09 12:00:00,0.7601095863797797,0.7601095863797797
2024-07-09 13:00:00,1.2728410128644192,1.2728410128644192
2024-07-09 14:00:00,1.6061526628278544,1.6061526628278544
2024-07-09 15:00:00,2.199326346815842,2.199326346815842
2024-07-09 16:00:00,2.214575789055599,2.214575789055599
2024-07-09 17:00:00,2.7752285435897885,2.7752285435897885
2024-07-09 18:00:00,2.679430064175229,2.679430064175229
2024-07-09 19:00:00,2.5988864702325296,2.5988864702325296
2024-07-09 20:00:00,2.821708330014878,2.821708330014878
2024-07-09 21:00:00,3.097384077019324,3.097384077019324
2024-07-09 22:00:00,0.0,0.0
2024-07-09 23:00:00,0.0,0.0
2024-07-10 00:00:00,0.0,0.0
2024-07-10 01:00:00,0.0,0.0
2024-07-10 02:00:00,0.0,0.0
2024-07-10 03:00:00,0.0,0.0
2024-07-10 04:00:00,0.0,0.0
2024-07-10 05:00:00,0.0,0.0
2024-07-10 06:00:00,0.0,0.0
2024-07-10 07:00:00,0.0,0.0
2024-07-10 08:00:00,0.0,0.0
2024-07-10 09:00:00,0.0,0.0
2024-07-10 10:00:00,0.1256694006527936,0.1256694006527936
2024-07-10 11:00:00,0.37439138293308033,0.37439138293308033
2024-07-10 12:00:00,0.6877710128893466,0.6877710128893466
2024-07-10 13:00:00,1.4715796630138818,1.4715796630138818
2024-07-10 14:00:00,1.9894574617631884,1.9894574617631884
2024-07-10 15:00:00,2.4035108777771894,2.4035108777771894
2024-07-10 16:00:00,2.6205152015489688,2.6205152015489688
2024-07-10 17:00:00,3.0272610746831212,3.0272610746831212
2024-07-10 18:00:00,3.656071774814133,3.656071774814133
2024-07-10 19:00:00,2.8660061531761847,2.8660061531761847
2024-07-10 20:00:00,2.8676102561628656,2.8676102561628656
2024-07-10 21:00:00,3.4212984486371,3.4212984486371
2024-07-10 22:00:00,0.0,0.0
2024-07-10 23:00:00,0.0,0.0
2024-07-11 00:00:00,0.0,0.0
2024-07-11 01:00:00,0.0,0.0
2024-07-11 02:00:00,0.0,0.0
2024-07-11 03:00:00,0.0,0.0
2024-07-11 04:00:00,0.0,0.0
2024-07-11 05:00:00,0.0,0.0
2024-07-11 06:00:00,0.0,0.0
2024-07-11 07:00:00,0.0,0.0
2024-07-11 08:00:00,0.0,0.0
2024-07-11 09:00:00,0.0,0.0
2024-07-11 10:00:00,0.10671786101006155,0.10671786101006155
2024-07-11 11:00:00,0.4035264892487503,0.4035264892487503
2024-07-11 12:00:00,0.7218075738331778,0.7218075738331778
2024-07-11 13:00:00,1.1779455066665152,1.1779455066665152
2024-07-11 14:00:00,1.8217336327129312,1.8217336327129312
2024-07-11 15:00:00,2.363212794849105,2.363212794849105
2024-07-11 16:00:00,2.2229444914250815,2.2229444914250815
2024-07-11 17:00:00,2.863328841164452,2.863328841164452
2024-07-11 18:00:00,3.8245924040727726,3.8245924040727726
2024-07-11 19:00:00,3.556503584566869,3.556503584566869
2024-07-11 20:00:00,2.9706979953734294,2.9706979953734294
2024-07-11 21:00:00,2.876588321729351,2.876588321729351
2024-07-11 22:00:00,0.0,0.0
2024-07-11 23:00:00,0.0,0.0
2024-07-12 00:00:00,0.0,0.0
2024-07-12 01:00:00,0.0,0.0
2024-07-12 02:00:00,0.0,0.0
2024-07-12 03:00:00,0.0,0.0
2024-07-12 04:00:00,0.0,0.0
2024-07-12 05:00:00,0.0,0.0
2024-07-12 06:00:00,0.0,0.0
2024-07-12 07:00:00,0.0,0.0
2024-07-12 08:00:00,0.0,0.0
2024-07-12 09:00:00,0.0,0.0
2024-07-12 10:00:00,0.12162279371625624,0.12162279371625624
2024-07-12 11:00:00,0.4101048586305733,0.4101048586305733
2024-07-12 12:00:00,0.6091777374134064,0.6091777374134064
2024-07-12 13:00:00,1.3001227015646553,1.3001227015646553
2024-07-12 14:00:00,1.8179731377423263,1.8179731377423263
2024-07-12 15:00:00,2.350314835645601,2.350314835645601
2024-07-12 16:00:00,2.2261633084791623,2.2261633084791623
2024-07-12 17:00:00,3.1716555782692404,3.1716555782692404
2024-07-12 18:00:00,2.78050862977667,2.78050862977667
2024-07-12 19:00:00,2.586351427827281,2.586351427827281
2024-07-12 20:00:00,3.212412861770918,3.212412861770918
2024-07-12 21:00:00,2.840284526627625,2.840284526627625
2024-07-12 22:00:00,0.0,0.0
2024-07-12 23:00:00,0.0,0.0
2024-07-13 00:00:00,0.0,0.0
2024-07-13 01:00:00,0.0,0.0
2024-07-13 02:00:00,0.0,0.0
2024-07-13 03:00:00,0.0,0.0
2024-07-13 04:00:00,0.0,0.0
2024-07-13 05:00:00,0.0,0.0
2024-07-13 06:00:00,0.0,0.0
2024-07-13 07:00:00,0.0,0.0
2024-07-13 08:00:00,0.0,0.0
2024-07-13 09:00:00,0.0,0.0
2024-07-13 10:00:00,0.06725989441177659,0.06725989441177659
2024-07-13 11:00:00,0.28498809936662417,0.28498809936662417
2024-07-13 12:00:00,0.4799459743682299,0.4799459743682299
2024-07-13 13:00:00,0.8249421127937241,0.8249421127937241
2024-07-13 14:00:00,1.2924810196515841,1.2924810196515841
2024-07-13 15:00:00,1.6784992993405476,1.6784992993405476
2024-07-13 16:00:00,1.589789267901295,1.589789267901295
2024-07-13 17:00:00,2.1262954097146776,2.1262954097146776
2024-07-13 18:00:00,2.2049004638288903,2.2049004638288903
2024-07-13 19:00:00,2.02406060855422,2.02406060855422
2024-07-13 20:00:00,2.278961898389022,2.278961898389022
2024-07-13 21:00:00,2.357050572656475,2.357050572656475
2024-07-13 22:00:00,0.0,0.0
2024-07-13 23:00:00,0.0,0.0
2024-07-14 00:00:00,0.0,0.0
2024-07-14 01:00:00,0.0,0.0
2024-07-14 02:00:00,0.0,0.0
2024-07-14 03:00:00,0.0,0.0
2024-07-14 04:00:00,0.0,0.0
2024-07-14 05:00:00,0.0,0.0
2024-07-14 06:00:00,0.0,0.0
2024-07-14 07:00:00,0.0,0.0
2024-07-14 08:00:00,0.0,0.0
2024-07-14 09:00:00,0.0,0.0
2024-07-14 10:00:00,0.08398601551199196,0.08398601551199196
2024-07-14 11:00:00,0.3340351670334404,0.3340351670334404
2024-07-14 12:00:00,0.5912813896481778,0.5912813896481778
2024-07-14 13:00:00,0.8257323683607904,0.8257323683607904
2024-07-14 14:00:00,1.3842862943396275,1.3842862943396275
2024-07-14 15:00:00,1.9840888917977086,1.9840888917977086
2024-07-14 16:00:00,1.6809271715692105,1.6809271715692105
2024-07-14 17:00:00,2.37068644993787,2.37068644993787
2024-07-14 18:00:00,2.3346736415336506,2.3346736415336506
2024-07-14 19:00:00,2.393125602892046,2.393125602892046
2024-07-14 20:00:00,1.9791551219699939,1.9791551219699939
2024-07-14 21:00:00,2.011454174566645,2.011454174566645
2024-07-14 22:00:00,0.0,0.0
2024-07-14 23:00:00,0.0,0.0
2024-07-15 00:00:00,0.0,0.0
2024-07-15 01:00:00,0.0,0.0
2024-07-15 02:00:00,0.0,0.0
2024-07-15 03:00:00,0.0,0.0
2024-07-15 04:00:00,0.0,0.0
2024-07-15 05:00:00,0.0,0.0
2024-07-15 06:00:00,0.0,0.0
2024-07-15 07:00:00,0.0,0.0
2024-07-15 08:00:00,0.0,0.0
2024-07-15 09:00:00,0.0,0.0
2024-07-15 10:00:00,0.10276947668188369,0.10276947668188369
2024-07-15 11:00:00,0.450958997066568,0.450958997066568
2024-07-15 12:00:00,0.8079159821434685,0.8079159821434685
2024-07-15 13:00:00,1.4423283615003761,1.4423283615003761
2024-07-15 14:00:00,1.819948933939052,1.819948933939052
2024-07-15 15:00:00,2.6173457375609033,2.6173457375609033
2024-07-15 16:00:00,2.431699671701218,2.431699671701218
2024-07-15 17:00:00,2.6480211630794326,2.6480211630794326
2024-07-15 18:00:00,3.2637118088981825,3.2637118088981825
2024-07-15 19:00:00,3.2616657942675156,3.2616657942675156
2024-07-15 20:00:00,3.0054166495743218,3.0054166495743218
2024-07-15 21:00:00,2.881833885187769,2.881833885187769
2024-07-15 22:00:00,0.0,0.0
2024-07-15 23:00:00,0.0,0.0
2024-07-16 00:00:00,0.0,0.0
2024-07-16 01:00:00,0.0,0.0
2024-07-16 02:00:00,0.0,0.0
2024-07-16 03:00:00,0.0,0.0
2024-07-16 04:00:00,0.0,0.0
2024-07-16 05:00:00,0.0,0.0
2024-07-16 06:00:00,0.0,0.0
2024-07-16 07:00:00,0.0,0.0
2024-07-16 08:00:00,0.0,0.0
2024-07-16 09:00:00,0.0,0.0
2024-07-16 10:00:00,0.09544763144263488,0.09544763144263488
2024-07-16 11:00:00,0.43969440626389505,0.43969440626389505
2024-07-16 12:00:00,0.7440324873264744,0.7440324873264744
2024-07-16 13:00:00,1.143226730439019,1.143226730439019
2024-07-16 14:00:00,1.684270966944019,1.684270966944019
2024-07-16 15:00:00,2.5552440845649875,2.5552440845649875
2024-07-16 16:00:00,2.174164426110616,2.174164426110616
2024-07-16 17:00:00,2.5270289430725144,2.5270289430725144
2024-07-16 18:00:00,2.900938220872329,2.900938220872329
2024-07-16 19:00:00,3.3025153811671837,3.3025153811671837
2024-07-16 20:00:00,2.769888348926303,2.769888348926303
2024-07-16 21:00:00,3.1993433526983597,3.1993433526983597
2024-07-16 22:00:00,0.0,0.0
2024-07-16 23:00:00,0.0,0.0
2024-07-17 00:00:00,0.0,0.0
2024-07-17 01:00:00,0.0,0.0
2024-07-17 02:00:00,0.0,0.0
2024-07-17 03:00:00,0.0,0.0
2024-07-17 04:00:00,0.0,0.0
2024-07-17 05:00:00,0.0,0.0
2024-07-17 06:00:00,0.0,0.0
2024-07-17 07:00:00,0.0,0.0
2024-07-17 08:00:00,0.0,0.0
2024-07-17 09:00:00,0.0,0.0
2024-07-17 10:00:00,0.11007954454842249,0.11007954454842249
2024-07-17 11:00:00,0.34600053634033656,0.34600053634033656
2024-07-17 12:00:00,0.6296508941588461,0.6296508941588461
2024-07-17 13:00:00,1.109193959914807,1.109193959914807
2024-07-17 14:00:00,1.4579569663358427,1.4579569663358427
2024-07-17 15:00:00,2.0503646663425354,2.0503646663425354
2024-07-17 16:00:00,2.3475424214929452,2.3475424214929452
2024-07-17 17:00:00,2.3441607554551025,2.3441607554551025
2024-07-17 18:00:00,2.6414609084530003,2.6414609084530003
2024-07-17 19:00:00,2.9923635021050363,2.9923635021050363
2024-07-17 20:00:00,3.1684270210318504,3.1684270210318504
2024-07-17 21:00:00,2.714365385724812,2.714365385724812
2024-07-17 22:00:00,0.0,0.0
2024-07-17 23:00:00,0.0,0.0
2024-07-18 00:00:00,0.0,0.0
2024-07-18 01:00:00,0.0,0.0
2024-07-18 02:00:00,0.0,0.0
2024-07-18 03:00:00,0.0,0.0
2024-07-18 04:00:00,0.0,0.0
2024-07-18 05:00:00,0.0,0.0
2024-07-18 06:00:00,0.0,0.0
2024-07-18 07:00:00,0.0,0.0
2024-07-18 08:00:00,0.0,0.0
2024-07-18 09:00:00,0.0,0.0
2024-07-18 10:00:00,0.10313890932297523,0.10313890932297523
2024-07-18 11:00:00,0.35125970308552235,0.35125970308552235
2024-07-18 12:00:00,0.8098811645370192,0.8098811645370192
2024-07-18 13:00:00,1.2207760717018483,1.2207760717018483
2024-07-18 14:00:00,1.9603926971903984,1.9603926971903984
2024-07-18 15:00:00,2.694504999525026,2.694504999525026
2024-07-18 16:00:00,2.58200365942185,2.58200365942185
2024-07-18 17:00:00,3.1673894435363907,3.1673894435363907
2024-07-18 18:00:00,3.563327717169933,3.563327717169933
2024-07-18 19:00:00,3.1810421615387927,3.1810421615387927
2024-07-18 20:00:00,3.2109944632617857,3.2109944632617857
2024-07-18 21:00:00,3.271878415080913,3.271878415080913
2024-07-18 22:00:00,0.0,0.0
2024-07-18 23:00:00,0.0,0.0
2024-07-19 00:00:00,0.0,0.0
2024-07-19 01:00:00,0.0,0.0
2024-07-19 02:00:00,0.0,0.0
2024-07-19 03:00:00,0.0,0.0
2024-07-19 04:00:00,0.0,0.0
2024-07-19 05:00:00,0.0,0.0
2024-07-19 06:00:00,0.0,0.0
2024-07-19 07:00:00,0.0,0.0
2024-07-19 08:00:00,0.0,0.0
2024-07-19 09:00:00,0.0,0.0
2024-07-19 10:00:00,0.09832072521542463,0.09832072521542463
2024-07-19 11:00:00,0.40211810585111296,0.40211810585111296
2024-07-19 12:00:00,0.7096640598760982,0.7096640598760982
2024-07-19 13:00:00,1.3261406024434144,1.3261406024434144
2024-07-19 14:00:00,1.62072133881575,1.62072133881575
2024-07-19 15:00:00,2.0091238621278302,2.0091238621278302
2024-07-19 16:00:00,2.334388393658574,2.334388393658574
2024-07-19 17:00:00,2.4764525981767034,2.4764525981767034
2024-07-19 18:00:00,3.080805276688691,3.080805276688691
2024-07-19 19:00:00,2.6881380002221307,2.6881380002221307
2024-07-19 20:00:00,3.0867398078183927,3.0867398078183927
2024-07-19 21:00:00,2.8135573882253055,2.8135573882253055
2024-07-19 22:00:00,0.0,0.0
2024-07-19 23:00:00,0.0,0.0
2024-07-20 00:00:00,0.0,0.0
2024-07-20 01:00:00,0.0,0.0
2024-07-20 02:00:00,0.0,0.0
2024-07-20 03:00:00,0.0,0.0
2024-07-20 04:00:00,0.0,0.0
2024-07-20 05:00:00,0.0,0.0
2024-07-20 06:00:00,0.0,0.0
2024-07-20 07:00:00,0.0,0.0
2024-07-20 08:00:00,0.0,0.0
2024-07-20 09:00:00,0.0,0.0
2024-07-20 10:00:00,0.07124273313251839,0.07124273313251839
2024-07-20 11:00:00,0.3029785114002646,0.3029785114002646
2024-07-20 12:00:00,0.49850393856664216,0.49850393856664216
2024-07-20 13:00:00,0.8724976241758481,0.8724976241758481
2024-07-20 14:00:00,1.1333579319466485,1.1333579319466485
2024-07-20 15:00:00,1.8857310403698206,1.8857310403698206
2024-07-20 16:00:00,1.5091067387765982,1.5091067387765982
2024-07-20 17:00:00,2.1532185107227875,2.1532185107227875
2024-07-20 18:00:00,2.1350350412514194,2.1350350412514194
2024-07-20 19:00:00,2.0284440525224134,2.0284440525224134
2024-07-20 20:00:00,2.353451349065614,2.353451349065614
2024-07-20 21:00:00,2.1508123710552267,2.1508123710552267
2024-07-20 22:00:00,0.0,0.0
2024-07-20 23:00:00,0.0,0.0
2024-07-21 00:00:00,0.0,0.0
2024-07-21 01:00:00,0.0,0.0
2024-07-21 02:00:00,0.0,0.0
2024-07-21 03:00:00,0.0,0.0
2024-07-21 04:00:00,0.0,0.0
2024-07-21 05:00:00,0.0,0.0
2024-07-21 06:00:00,0.0,0.0
2024-07-21 07:00:00,0.0,0.0
2024-07-21 08:00:00,0.0,0.0
2024-07-21 09:00:00,0.0,0.0
2024-07-21 10:00:00,0.07108252859058262,0.07108252859058262
2024-07-21 11:00:00,0.26837111114066226,0.26837111114066226
2024-07-21 12:00:00,0.5037829244180169,0.5037829244180169
2024-07-21 13:00:00,0.9179973236200304,0.9179973236200304
2024-07-21 14:00:00,1.279066618936506,1.279066618936506
2024-07-21 15:00:00,1.5771372776894597,1.5771372776894597
2024-07-21 16:00:00,1.729172751277281,1.729172751277281
2024-07-21 17:00:00,1.6900817361771652,1.6900817361771652
2024-07-21 18:00:00,2.4281649713130755,2.4281649713130755
2024-07-21 19:00:00,2.1678796990138567,2.1678796990138567
2024-07-21 20:00:00,2.193546243006322,2.193546243006322
2024-07-21 21:00:00,1.8007259384020156,1.8007259384020156
2024-07-21 22:00:00,0.0,0.0
2024-07-21 23:00:00,0.0,0.0
2024-07-22 00:00:00,0.0,0.0
2024-07-22 01:00:00,0.0,0.0
2024-07-22 02:00:00,0.0,0.0
2024-07-22 03:00:00,0.0,0.0
2024-07-22 04:00:00,0.0,0.0
2024-07-22 05:00:00,0.0,0.0
2024-07-22 06:00:00,0.0,0.0
2024-07-22 07:00:00,0.0,0.0
2024-07-22 08:00:00,0.0,0.0
2024-07-22 09:00:00,0.0,0.0
2024-07-22 10:00:00,0.10154947485059,0.10154947485059
2024-07-22 11:00:00,0.3349119729092082,0.3349119729092082
2024-07-22 12:00:00,0.5794786593294414,0.5794786593294414
2024-07-22 13:00:00,1.0952170227041569,1.0952170227041569
2024-07-22 14:00:00,1.5154805907242455,1.5154805907242455
2024-07-22 15:00:00,2.2838738916441987,2.2838738916441987
2024-07-22 16:00:00,2.294837722068994,2.294837722068994
2024-07-22 17:00:00,2.585409945718675,2.585409945718675
2024-07-22 18:00:00,2.8854959295968143,2.8854959295968143
2024-07-22 19:00:00,2.7128477257437718,2.7128477257437718
2024-07-22 20:00:00,2.464979176482198,2.464979176482198
2024-07-22 21:00:00,2.590703846597682,2.590703846597682
2024-07-22 22:00:00,0.0,0.0
2024-07-22 23:00:00,0.0,0.0
2024-07-23 00:00:00,0.0,0.0
2024-07-23 01:00:00,0.0,0.0
2024-07-23 02:00:00,0.0,0.0
2024-07-23 03:00:00,0.0,0.0
2024-07-23 04:00:00,0.0,0.0
2024-07-23 05:00:00,0.0,0.0
2024-07-23 06:00:00,0.0,0.0
2024-07-23 07:00:00,0.0,0.0
2024-07-23 08:00:00,0.0,0.0
2024-07-23 09:00:00,0.0,0.0
2024-07-23 10:00:00,0.0926048597704515,0.0926048597704515
2024-07-23 11:00:00,0.3823293692101086,0.3823293692101086
2024-07-23 12:00:00,0.7821484280952963,0.7821484280952963
2024-07-23 13:00:00,1.1296985898703722,1.1296985898703722
2024-07-23 14:00:00,1.6990425503316218,1.6990425503316218
2024-07-23 15:00:00,2.0301346747575053,2.0301346747575053
2024-07-23 16:00:00,2.4183327489643514,2.4183327489643514
2024-07-23 17:00:00,2.985147930069626,2.985147930069626
2024-07-23 18:00:00,2.8613441546965848,2.8613441546965848
2024-07-23 19:00:00,2.8364676086019713,2.8364676086019713
2024-07-23 20:00:00,2.953789979781391,2.953789979781391
2024-07-23 21:00:00,3.2750660425628495,3.2750660425628495
2024-07-23 22:00:00,0.0,0.0
2024-07-23 23:00:00,0.0,0.0
2024-07-24 00:00:00,0.0,0.0
2024-07-24 01:00:00,0.0,0.0
2024-07-24 02:00:00,0.0,0.0
2024-07-24 03:00:00,0.0,0.0
2024-07-24 04:00:00,0.0,0.0
2024-07-24 05:00:00,0.0,0.0
2024-07-24 06:00:00,0.0,0.0
2024-07-24 07:00:00,0.0,0.0
2024-07-24 08:00:00,0.0,0.0
2024-07-24 09:00:00,0.0,0.0
2024-07-24 10:00:00,0.11168350466976038,0.11168350466976038
2024-07-24 11:00:00,0.35916531848958433,0.35916531848958433
2024-07-24 12:00:00,0.6912619150446485,0.6912619150446485
2024-07-24 13:00:00,1.0425805659566008,1.0425805659566008
2024-07-24 14:00:00,1.3917520337155036,1.3917520337155036
2024-07-24 15:00:00,2.1577367092498805,2.1577367092498805
2024-07-24 16:00:00,2.109916399775744,2.109916399775744
2024-07-24 17:00:00,2.3461967250862936,2.3461967250862936
2024-07-24 18:00:00,2.7778185814449774,2.7778185814449774
2024-07-24 19:00:00,2.8823023046695937,2.8823023046695937
2024-07-24 20:00:00,2.935542810903361,2.935542810903361
2024-07-24 21:00:00,2.4296608023198365,2.4296608023198365
2024-07-24 22:00:00,0.0,0.0
2024-07-24 23:00:00,0.0,0.0
2024-07-25 00:00:00,0.0,0.0
2024-07-25 01:00:00,0.0,0.0
2024-07-25 02:00:00,0.0,0.0
2024-07-25 03:00:00,0.0,0.0
2024-07-25 04:00:00,0.0,0.0
2024-07-25 05:00:00,0.0,0.0
2024-07-25 06:00:00,0.0,0.0
2024-07-25 07:00:00,0.0,0.0
2024-07-25 08:00:00,0.0,0.0
2024-07-25 09:00:00,0.0,0.0
2024-07-25 10:00:00,0.11653885268434044,0.11653885268434044
2024-07-25 11:00:00,0.38487550690378197,0.38487550690378197
2024-07-25 12:00:00,0.711422394102017,0.711422394102017
2024-07-25 13:00:00,1.1361078898050343,1.1361078898050343
2024-07-25 14:00:00,1.8115737809537793,1.8115737809537793
2024-07-25 15:00:00,2.413590114496522,2.413590114496522
2024-07-25 16:00:00,2.097514900174334,2.097514900174334
2024-07-25 17:00:00,2.9518091133689746,2.9518091133689746
2024-07-25 18:00:00,2.9069491910530534,2.9069491910530534
2024-07-25 19:00:00,2.4430576153529864,2.4430576153529864
2024-07-25 20:00:00,2.784467097662866,2.784467097662866
2024-07-25 21:00:00,3.082617153705496,3.082617153705496
2024-07-25 22:00:00,0.0,0.0
2024-07-25 23:00:00,0.0,0.0
2024-07-26 00:00:00,0.0,0.0
2024-07-26 01:00:00,0.0,0.0
2024-07-26 02:00:00,0.0,0.0
2024-07-26 03:00:00,0.0,0.0
2024-07-26 04:00:00,0.0,0.0
2024-07-26 05:00:00,0.0,0.0
2024-07-26 06:00:00,0.0,0.0
2024-07-26 07:00:00,0.0,0.0
2024-07-26 08:00:00,0.0,0.0
2024-07-26 09:00:00,0.0,0.0
2024-07-26 10:00:00,0.11527418395464488,0.11527418395464488
2024-07-26 11:00:00,0.3737474429686188,0.3737474429686188
2024-07-26 12:00:00,0.7725081522753804,0.7725081522753804
2024-07-26 13:00:00,1.0860371796265733,1.0860371796265733
2024-07-26 14:00:00,1.4483329335606268,1.4483329335606268
2024-07-26 15:00:00,2.613205848555461,2.613205848555461
2024-07-26 16:00:00,2.31570571836175,2.31570571836175
2024-07-26 17:00:00,2.766738682494882,2.766738682494882
2024-07-26 18:00:00,3.5587921080143725,3.5587921080143725
2024-07-26 19:00:00,2.6358128717294047,2.6358128717294047
2024-07-26 20:00:00,3.1685809730155396,3.1685809730155396
2024-07-26 21:00:00,3.195029546242174,3.195029546242174
2024-07-26 22:00:00,0.0,0.0
2024-07-26 23:00:00,0.0,0.0
2024-07-27 00:00:00,0.0,0.0
2024-07-27 01:00:00,0.0,0.0
2024-07-27 02:00:00,0.0,0.0
2024-07-27 03:00:00,0.0,0.0
2024-07-27 04:00:00,0.0,0.0
2024-07-27 05:00:00,0.0,0.0
2024-07-27 06:00:00,0.0,0.0
2024-07-27 07:00:00,0.0,0.0
2024-07-27 08:00:00,0.0,0.0
2024-07-27 09:00:00,0.0,0.0
2024-07-27 10:00:00,0.06581968584444271,0.06581968584444271
2024-07-27 11:00:00,0.26182258987015944,0.26182258987015944
2024-07-27 12:00:00,0.48478345790000055,0.48478345790000055
2024-07-27 13:00:00,0.7819723119591155,0.7819723119591155
2024-07-27 14:00:00,1.1096375780593069,1.1096375780593069
2024-07-27 15:00:00,1.6612827594046997,1.6612827594046997
2024-07-27 16:00:00,1.6057277217390482,1.6057277217390482
2024-07-27 17:00:00,2.063752702944145,2.063752702944145
2024-07-27 18:00:00,1.8882193423058258,1.8882193423058258
2024-07-27 19:00:00,2.0332551471989913,2.0332551471989913
2024-07-27 20:00:00,1.7261367572848478,1.7261367572848478
2024-07-27 21:00:00,1.69354526656421,1.69354526656421
2024-07-27 22:00:00,0.0,0.0
2024-07-27 23:00:00,0.0,0.0
2024-07-28 00:00:00,0.0,0.0
2024-07-28 01:00:00,0.0,0.0
2024-07-28 02:00:00,0.0,0.0
2024-07-28 03:00:00,0.0,0.0
2024-07-28 04:00:00,0.0,0.0
2024-07-28 05:00:00,0.0,0.0
2024-07-28 06:00:00,0.0,0.0
2024-07-28 07:00:00,0.0,0.0
2024-07-28 08:00:00,0.0,0.0
2024-07-28 09:00:00,0.0,0.0
2024-07-28 10:00:00,0.07171482181786674,0.07171482181786674
2024-07-28 11:00:00,0.24727424669506357,0.24727424669506357
2024-07-28 12:00:00,0.5176289366037035,0.5176289366037035
2024-07-28 13:00:00,0.8855182850323188,0.8855182850323188
2024-07-28 14:00:00,1.2491027769373364,1.2491027769373364
2024-07-28 15:00:00,1.4844155698514552,1.4844155698514552
2024-07-28 16:00:00,1.402989212336862,1.402989212336862
2024-07-28 17:00:00,1.9445144343801828,1.9445144343801828
2024-07-28 18:00:00,2.2351752820705446,2.2351752820705446
2024-07-28 19:00:00,1.8938976940482644,1.8938976940482644
2024-07-28 20:00:00,1.8138264269375242,1.8138264269375242
2024-07-28 21:00:00,1.7026787429493613,1.7026787429493613
2024-07-28 22:00:00,0.0,0.0
2024-07-28 23:00:00,0.0,0.0
2024-07-29 00:00:00,0.0,0.0
2024-07-29 01:00:00,0.0,0.0
2024-07-29 02:00:00,0.0,0.0
2024-07-29 03:00:00,0.0,0.0
2024-07-29 04:00:00,0.0,0.0
2024-07-29 05:00:00,0.0,0.0
2024-07-29 06:00:00,0.0,0.0
2024-07-29 07:00:00,0.0,0.0
2024-07-29 08:00:00,0.0,0.0
2024-07-29 09:00:00,0.0,0.0
2024-07-29 10:00:00,0.09937398061317851,0.09937398061317851
2024-07-29 11:00:00,0.3900162371150775,0.3900162371150775
2024-07-29 12:00:00,0.6431376376471276,0.6431376376471276
2024-07-29 13:00:00,1.2270334837704011,1.2270334837704011
2024-07-29 14:00:00,1.5752433004097819,1.5752433004097819
2024-07-29 15:00:00,2.145511295384573,2.145511295384573
2024-07-29 16:00:00,2.4003201311301843,2.4003201311301843
2024-07-29 17:00:00,2.2473764421678197,2.2473764421678197
2024-07-29 18:00:00,3.1337733556097627,3.1337733556097627
2024-07-29 19:00:00,2.821319113388073,2.821319113388073
2024-07-29 20:00:00,3.1761954185709347,3.1761954185709347
2024-07-29 21:00:00,2.55928591188446,2.55928591188446
2024-07-29 22:00:00,0.0,0.0
2024-07-29 23:00:00,0.0,0.0
2024-07-30 00:00:00,0.0,0.0
2024-07-30 01:00:00,0.0,0.0
2024-07-30 02:00:00,0.0,0.0
2024-07-30 03:00:00,0.0,0.0
2024-07-30 04:00:00,0.0,0.0
2024-07-30 05:00:00,0.0,0.0
2024-07-30 06:00:00,0.0,0.0
2024-07-30 07:00:00,0.0,0.0
2024-07-30 08:00:00,0.0,0.0
2024-07-30 09:00:00,0.0,0.0
2024-07-30 10:00:00,0.11649089851082466,0.11649089851082466
2024-07-30 11:00:00,0.40670813929252236,0.40670813929252236
2024-07-30 12:00:00,0.7172499068109343,0.7172499068109343
2024-07-30 13:00:00,1.0523843433583981,1.0523843433583981
2024-07-30 14:00:00,1.4656481472589442,1.4656481472589442
2024-07-30 15:00:00,2.051863300594364,2.051863300594364
2024-07-30 16:00:00,2.523077369568078,2.523077369568078
2024-07-30 17:00:00,2.973668584944827,2.973668584944827
2024-07-30 18:00:00,3.1799814855090696,3.1799814855090696
2024-07-30 19:00:00,3.118020322104526,3.118020322104526
2024-07-30 20:00:00,2.8859450427132303,2.8859450427132303
2024-07-30 21:00:00,2.5220115937233705,2.5220115937233705
2024-07-30 22:00:00,0.0,0.0
2024-07-30 23:00:00,0.0,0.0
2024-07-31 00:00:00,0.0,0.0
2024-07-31 01:00:00,0.0,0.0
2024-07-31 02:00:00,0.0,0.0
2024-07-31 03:00:00,0.0,0.0
2024-07-31 04:00:00,0.0,0.0
2024-07-31 05:00:00,0.0,0.0
2024-07-31 06:00:00,0.0,0.0
2024-07-31 07:00:00,0.0,0.0
2024-07-31 08:00:00,0.0,0.0
2024-07-31 09:00:00,0.0,0.0
2024-07-31 10:00:00,0.10676866858192506,0.10676866858192506
2024-07-31 11:00:00,0.37361959090102614,0.37361959090102614
2024-07-31 12:00:00,0.6915097501339706,0.6915097501339706
2024-07-31 13:00:00,1.2945866179587564,1.2945866179587564
2024-07-31 14:00:00,1.8157062077850228,1.8157062077850228
2024-07-31 15:00:00,2.516272972229276,2.516272972229276
2024-07-31 16:00:00,2.2035173550281537,2.2035173550281537
2024-07-31 17:00:00,2.573554270923747,2.573554270923747
2024-07-31 18:00:00,3.6517017418005864,3.6517017418005864
2024-07-31 19:00:00,3.4976288328277656,3.4976288328277656
2024-07-31 20:00:00,3.5689101301726742,3.5689101301726742
2024-07-31 21:00:00,2.727840150343918,2.727840150343918
2024-07-31 22:00:00,0.0,0.0
2024-07-31 23:00:00,0.0,0.0
2024-08-01 00:00:00,0.0,0.0
2024-08-01 01:00:00,0.0,0.0
2024-08-01 02:00:00,0.0,0.0
2024-08-01 03:00:00,0.0,0.0
2024-08-01 04:00:00,0.0,0.0
2024-08-01 05:00:00,0.0,0.0
2024-08-01 06:00:00,0.0,0.0
2024-08-01 07:00:00,0.0,0.0
2024-08-01 08:00:00,0.0,0.0
2024-08-01 09:00:00,0.0,0.0
2024-08-01 10:00:00,0.11627206918928756,0.11627206918928756
2024-08-01 11:00:00,0.3790822241103086,0.3790822241103086
2024-08-01 12:00:00,0.7102649116188474,0.7102649116188474
2024-08-01 13:00:00,1.6166735481711947,1.6166735481711947
2024-08-01 14:00:00,1.5661580936096615,1.5661580936096615
2024-08-01 15:00:00,2.8742600671526004,2.8742600671526004
2024-08-01 16:00:00,2.735981581033445,2.735981581033445
2024-08-01 17:00:00,2.6283872456042876,2.6283872456042876
2024-08-01 18:00:00,3.4189282467188202,3.4189282467188202
2024-08-01 19:00:00,3.572985570343963,3.572985570343963
2024-08-01 20:00:00,3.4829720702378686,3.4829720702378686
2024-08-01 21:00:00,3.6996978579079007,3.6996978579079007
2024-08-01 22:00:00,0.0,0.0
2024-08-01 23:00:00,0.0,0.0
2024-08-02 00:00:00,0.0,0.0
2024-08-02 01:00:00,0.0,0.0
2024-08-02 02:00:00,0.0,0.0
2024-08-02 03:00:00,0.0,0.0
2024-08-02 04:00:00,0.0,0.0
2024-08-02 05:00:00,0.0,0.0
2024-08-02 06:00:00,0.0,0.0
2024-08-02 07:00:00,0.0,0.0
2024-08-02 08:00:00,0.0,0.0
2024-08-02 09:00:00,0.0,0.0
2024-08-02 10:00:00,0.10265071241076203,0.10265071241076203
2024-08-02 11:00:00,0.43604295581642044,0.43604295581642044
2024-08-02 12:00:00,0.7147658047671768,0.7147658047671768
2024-08-02 13:00:00,1.5280582281809818,1.5280582281809818
2024-08-02 14:00:00,2.0077813587711444,2.0077813587711444
2024-08-02 15:00:00,2.818168197484699,2.818168197484699
2024-08-02 16:00:00,2.494022667781251,2.494022667781251
2024-08-02 17:00:00,3.2858254816056007,3.2858254816056007
2024-08-02 18:00:00,2.865787410545704,2.865787410545704
2024-08-02 19:00:00,3.241375249650508,3.241375249650508
2024-08-02 20:00:00,3.659036016444513,3.659036016444513
2024-08-02 21:00:00,2.6634700182787947,2.6634700182787947
2024-08-02 22:00:00,0.0,0.0
2024-08-02 23:00:00,0.0,0.0
2024-08-03 00:00:00,0.0,0.0
2024-08-03 01:00:00,0.0,0.0
2024-08-03 02:00:00,0.0,0.0
2024-08-03 03:00:00,0.0,0.0
2024-08-03 04:00:00,0.0,0.0
2024-08-03 05:00:00,0.0,0.0
2024-08-03 06:00:00,0.0,0.0
2024-08-03 07:00:00,0.0,0.0
2024-08-03 08:00:00,0.0,0.0
2024-08-03 09:00:00,0.0,0.0
2024-08-03 10:00:00,0.06282703161743458,0.06282703161743458
2024-08-03 11:00:00,0.2832082823928879,0.2832082823928879
2024-08-03 12:00:00,0.455821721406867,0.455821721406867
2024-08-03 13:00:00,0.9150285546386573,0.9150285546386573
2024-08-03 14:00:00,1.2472435405497189,1.2472435405497189
2024-08-03 15:00:00,1.4938415354299164,1.4938415354299164
2024-08-03 16:00:00,1.4427357907940734,1.4427357907940734
2024-08-03 17:00:00,1.6824044329165675,1.6824044329165675
2024-08-03 18:00:00,2.2436183208632174,2.2436183208632174
2024-08-03 19:00:00,1.800078819581384,1.800078819581384
2024-08-03 20:00:00,1.911651018861827,1.911651018861827
2024-08-03 21:00:00,2.0259271287466887,2.0259271287466887
2024-08-03 22:00:00,0.0,0.0
2024-08-03 23:00:00,0.0,0.0
2024-08-04 00:00:00,0.0,0.0
2024-08-04 01:00:00,0.0,0.0
2024-08-04 02:00:00,0.0,0.0
2024-08-04 03:00:00,0.0,0.0
2024-08-04 04:00:00,0.0,0.0
2024-08-04 05:00:00,0.0,0.0
2024-08-04 06:00:00,0.0,0.0
2024-08-04 07:00:00,0.0,0.0
2024-08-04 08:00:00,0.0,0.0
2024-08-04 09:00:00,0.0,0.0
2024-08-04 10:00:00,0.07664279253408456,0.07664279253408456
2024-08-04 11:00:00,0.30968695764562343,0.30968695764562343
2024-08-04 12:00:00,0.5378263159854137,0.5378263159854137
2024-08-04 13:00:00,0.8421991363941205,0.8421991363941205
2024-08-04 14:00:00,1.0419693226661213,1.0419693226661213
2024-08-04 15:00:00,1.537082164124845,1.537082164124845
2024-08-04 16:00:00,1.6331845156112093,1.6331845156112093
2024-08-04 17:00:00,1.698512622190705,1.698512622190705
2024-08-04 18:00:00,2.0676482470088438,2.0676482470088438
2024-08-04 19:00:00,2.2628116751901386,2.2628116751901386
2024-08-04 20:00:00,2.1879359643543315,2.1879359643543315
2024-08-04 21:00:00,1.7961863356539478,1.7961863356539478
2024-08-04 22:00:00,0.0,0.0
2024-08-04 23:00:00,0.0,0.0
2024-08-05 00:00:00,0.0,0.0
2024-08-05 01:00:00,0.0,0.0
2024-08-05 02:00:00,0.0,0.0
2024-08-05 03:00:00,0.0,0.0
2024-08-05 04:00:00,0.0,0.0
2024-08-05 05:00:00,0.0,0.0
2024-08-05 06:00:00,0.0,0.0
2024-08-05 07:00:00,0.0,0.0
2024-08-05 08:00:00,0.0,0.0
2024-08-05 09:00:00,0.0,0.0
2024-08-05 10:00:00,0.1035016002616646,0.1035016002616646
2024-08-05 11:00:00,0.32558751887602777,0.32558751887602777
2024-08-05 12:00:00,0.5567512315661001,0.5567512315661001
2024-08-05 13:00:00,1.0072175636225538,1.0072175636225538
2024-08-05 14:00:00,1.4435549286299911,1.4435549286299911
2024-08-05 15:00:00,2.4703204106346233,2.4703204106346233
2024-08-05 16:00:00,2.1835943779387645,2.1835943779387645
2024-08-05 17:00:00,2.379105796516792,2.379105796516792
2024-08-05 18:00:00,3.038555773420735,3.038555773420735
2024-08-05 19:00:00,2.4090912281003374,2.4090912281003374
2024-08-05 20:00:00,3.0895944001589153,3.0895944001589153
2024-08-05 21:00:00,3.1146128945076126,3.1146128945076126
2024-08-05 22:00:00,0.0,0.0
2024-08-05 23:00:00,0.0,0.0
2024-08-06 00:00:00,0.0,0.0
2024-08-06 01:00:00,0.0,0.0
2024-08-06 02:00:00,0.0,0.0
2024-08-06 03:00:00,0.0,0.0
2024-08-06 04:00:00,0.0,0.0
2024-08-06 05:00:00,0.0,0.0
2024-08-06 06:00:00,0.0,0.0
2024-08-06 07:00:00,0.0,0.0
2024-08-06 08:00:00,0.0,0.0
2024-08-06 09:00:00,0.0,0.0
2024-08-06 10:00:00,0.13451084867169957,0.13451084867169957
2024-08-06 11:00:00,0.41915186546160715,0.41915186546160715
2024-08-06 12:00:00,0.8479970377520306,0.8479970377520306
2024-08-06 13:00:00,1.1936844918291787,1.1936844918291787
2024-08-06 14:00:00,1.5595280953549249,1.5595280953549249
2024-08-06 15:00:00,2.3229776466778693,2.3229776466778693
2024-08-06 16:00:00,2.434274464368391,2.434274464368391
2024-08-06 17:00:00,3.3563590843949798,3.3563590843949798
2024-08-06 18:00:00,3.084617380949022,3.084617380949022
2024-08-06 19:00:00,3.5342577624047005,3.5342577624047005
2024-08-06 20:00:00,3.513466579064971,3.513466579064971
2024-08-06 21:00:00,3.2096979635165415,3.2096979635165415
2024-08-06 22:00:00,0.0,0.0
2024-08-06 23:00:00,0.0,0.0
2024-08-07 00:00:00,0.0,0.0
2024-08-07 01:00:00,0.0,0.0
2024-08-07 02:00:00,0.0,0.0
2024-08-07 03:00:00,0.0,0.0
2024-08-07 04:00:00,0.0,0.0
2024-08-07 05:00:00,0.0,0.0
2024-08-07 06:00:00,0.0,0.0
2024-08-07 07:00:00,0.0,0.0
2024-08-07 08:00:00,0.0,0.0
2024-08-07 09:00:00,0.0,0.0
2024-08-07 10:00:00,0.11021708196244852,0.11021708196244852
2024-08-07 11:00:00,0.36848937400121423,0.36848937400121423
2024-08-07 12:00:00,0.7072613351786284,0.7072613351786284
2024-08-07 13:00:00,1.1994631910282694,1.1994631910282694
2024-08-07 14:00:00,1.7176663742924838,1.7176663742924838
2024-08-07 15:00:00,2.597973326479515,2.597973326479515
2024-08-07 16:00:00,2.484592730036174,2.484592730036174
2024-08-07 17:00:00,2.7419855615179873,2.7419855615179873
2024-08-07 18:00:00,2.734107882054001,2.734107882054001
2024-08-07 19:00:00,2.5040782070707803,2.5040782070707803
2024-08-07 20:00:00,2.516005590292538,2.516005590292538
2024-08-07 21:00:00,2.862969989470156,2.862969989470156
2024-08-07 22:00:00,0.0,0.0
2024-08-07 23:00:00,0.0,0.0
2024-08-08 00:00:00,0.0,0.0
2024-08-08 01:00:00,0.0,0.0
2024-08-08 02:00:00,0.0,0.0
2024-08-08 03:00:00,0.0,0.0
2024-08-08 04:00:00,0.0,0.0
2024-08-08 05:00:00,0.0,0.0
2024-08-08 06:00:00,0.0,0.0
2024-08-08 07:00:00,0.0,0.0
2024-08-08 08:00:00,0.0,0.0
2024-08-08 09:00:00,0.0,0.0
2024-08-08 10:00:00,0.08862179949075351,0.08862179949075351
2024-08-08 11:00:00,0.34000737491736255,0.34000737491736255
2024-08-08 12:00:00,0.6812797475367821,0.6812797475367821
2024-08-08 13:00:00,1.0808834213079763,1.0808834213079763
2024-08-08 14:00:00,1.416769452255933,1.416769452255933
2024-08-08 15:00:00,2.476396365089597,2.476396365089597
2024-08-08 16:00:00,2.465242971694943,2.465242971694943
2024-08-08 17:00:00,2.4026938721706035,2.4026938721706035
2024-08-08 18:00:00,3.023650567582467,3.023650567582467
2024-08-08 19:00:00,3.2342090513103923,3.2342090513103923
2024-08-08 20:00:00,2.994192515420092,2.994192515420092
2024-08-08 21:00:00,3.0320655097067863,3.0320655097067863
2024-08-08 22:00:00,0.0,0.0
2024-08-08 23:00:00,0.0,0.0
2024-08-09 00:00:00,0.0,0.0
2024-08-09 01:00:00,0.0,0.0
2024-08-09 02:00:00,0.0,0.0
2024-08-09 03:00:00,0.0,0.0
2024-08-09 04:00:00,0.0,0.0
2024-08-09 05:00:00,0.0,0.0
2024-08-09 06:00:00,0.0,0.0
2024-08-09 07:00:00,0.0,0.0
2024-08-09 08:00:00,0.0,0.0
2024-08-09 09:00:00,0.0,0.0
2024-08-09 10:00:00,0.11073371956017125,0.11073371956017125
2024-08-09 11:00:00,0.42379422242285536,0.42379422242285536
2024-08-09 12:00:00,0.6660909232432598,0.6660909232432598
2024-08-09 13:00:00,1.3630730082136158,1.3630730082136158
2024-08-09 14:00:00,1.9812747996677271,1.9812747996677271
2024-08-09 15:00:00,2.1989960446215697,2.1989960446215697
2024-08-09 16:00:00,2.512300567245526,2.512300567245526
2024-08-09 17:00:00,3.2092661262900064,3.2092661262900064
2024-08-09 18:00:00,2.998168920984634,2.998168920984634
2024-08-09 19:00:00,2.7341698654380213,2.7341698654380213
2024-08-09 20:00:00,3.2404646396909156,3.2404646396909156
2024-08-09 21:00:00,3.5995515044477773,3.5995515044477773
2024-08-09 22:00:00,0.0,0.0
2024-08-09 23:00:00,0.0,0.0
2024-08-10 00:00:00,0.0,0.0
2024-08-10 01:00:00,0.0,0.0
2024-08-10 02:00:00,0.0,0.0
2024-08-10 03:00:00,0.0,0.0
2024-08-10 04:00:00,0.0,0.0
2024-08-10 05:00:00,0.0,0.0
2024-08-10 06:00:00,0.0,0.0
2024-08-10 07:00:00,0.0,0.0
2024-08-10 08:00:00,0.0,0.0
2024-08-10 09:00:00,0.0,0.0
2024-08-10 10:00:00,0.085615345792616,0.085615345792616
2024-08-10 11:00:00,0.3064672943299238,0.3064672943299238
2024-08-10 12:00:00,0.5760177057868485,0.5760177057868485
2024-08-10 13:00:00,0.8898209524312092,0.8898209524312092
2024-08-10 14:00:00,1.2067673086001316,1.2067673086001316
2024-08-10 15:00:00,1.6244032591524427,1.6244032591524427
2024-08-10 16:00:00,1.8056480612430235,1.8056480612430235
2024-08-10 17:00:00,1.7811584182168014,1.7811584182168014
2024-08-10 18:00:00,2.648441435409993,2.648441435409993
2024-08-10 19:00:00,2.103663078756619,2.103663078756619
2024-08-10 20:00:00,2.1605476556020493,2.1605476556020493
2024-08-10 21:00:00,2.1625802615006497,2.1625802615006497
2024-08-10 22:00:00,0.0,0.0
2024-08-10 23:00:00,0.0,0.0
2024-08-11 00:00:00,0.0,0.0
2024-08-11 01:00:00,0.0,0.0
2024-08-11 02:00:00,0.0,0.0
2024-08-11 03:00:00,0.0,0.0
2024-08-11 04:00:00,0.0,0.0
2024-08-11 05:00:00,0.0,0.0
2024-08-11 06:00:00,0.0,0.0
2024-08-11 07:00:00,0.0,0.0
2024-08-11 08:00:00,0.0,0.0
2024-08-11 09:00:00,0.0,0.0
2024-08-11 10:00:00,0.07003492232845121,0.07003492232845121
2024-08-11 11:00:00,0.3236649611670539,0.3236649611670539
2024-08-11 12:00:00,0.5099835791713387,0.5099835791713387
2024-08-11 13:00:00,0.9415301352744055,0.9415301352744055
2024-08-11 14:00:00,1.1237141625144744,1.1237141625144744
2024-08-11 15:00:00,1.7530419091083702,1.7530419091083702
2024-08-11 16:00:00,1.7453830082140607,1.7453830082140607
2024-08-11 17:00:00,2.2365031466864935,2.2365031466864935
2024-08-11 18:00:00,2.0786178679886977,2.0786178679886977
2024-08-11 19:00:00,2.300953244992691,2.300953244992691
2024-08-11 20:00:00,2.5991467843962597,2.5991467843962597
2024-08-11 21:00:00,2.080140767034771,2.080140767034771
2024-08-11 22:00:00,0.0,0.0
2024-08-11 23:00:00,0.0,0.0
2024-08-12 00:00:00,0.0,0.0
2024-08-12 01:00:00,0.0,0.0
2024-08-12 02:00:00,0.0,0.0
2024-08-12 03:00:00,0.0,0.0
2024-08-12 04:00:00,0.0,0.0
2024-08-12 05:00:00,0.0,0.0
2024-08-12 06:00:00,0.0,0.0
2024-08-12 07:00:00,0.0,0.0
2024-08-12 08:00:00,0.0,0.0
2024-08-12 09:00:00,0.0,0.0
2024-08-12 10:00:00,0.12082298644365785,0.12082298644365785
2024-08-12 11:00:00,0.40676202425484176,0.40676202425484176
2024-08-12 12:00:00,0.6489131161772393,0.6489131161772393
2024-08-12 13:00:00,1.1609516076120439,1.1609516076120439
2024-08-12 14:00:00,1.5265427614392675,1.5265427614392675
2024-08-12 15:00:00,2.236304294917595,2.236304294917595
2024-08-12 16:00:00,2.4012062477252774,2.4012062477252774
2024-08-12 17:00:00,2.3943297427043513,2.3943297427043513
2024-08-12 18:00:00,3.4355172258989795,3.4355172258989795
2024-08-12 19:00:00,2.9605077004400817,2.9605077004400817
2024-08-12 20:00:00,3.1050706732454225,3.1050706732454225
2024-08-12 21:00:00,3.1074619439326443,3.1074619439326443
2024-08-12 22:00:00,0.0,0.0
2024-08-12 23:00:00,0.0,0.0
2024-08-13 00:00:00,0.0,0.0
2024-08-13 01:00:00,0.0,0.0
2024-08-13 02:00:00,0.0,0.0
2024-08-13 03:00:00,0.0,0.0
2024-08-13 04:00:00,0.0,0.0
2024-08-13 05:00:00,0.0,0.0
2024-08-13 06:00:00,0.0,0.0
2024-08-13 07:00:00,0.0,0.0
2024-08-13 08:00:00,0.0,0.0
2024-08-13 09:00:00,0.0,0.0
2024-08-13 10:00:00,0.10610711272503057,0.10610711272503057
2024-08-13 11:00:00,0.4304522381962935,0.4304522381962935
2024-08-13 12:00:00,0.7771276942081001,0.7771276942081001
2024-08-13 13:00:00,1.2335341998412173,1.2335341998412173
2024-08-13 14:00:00,1.8433698810125836,1.8433698810125836
2024-08-13 15:00:00,2.5764704592800918,2.5764704592800918
2024-08-13 16:00:00,2.092750496023829,2.092750496023829
2024-08-13 17:00:00,2.5393133381481126,2.5393133381481126
2024-08-13 18:00:00,2.900268588708019,2.900268588708019
2024-08-13 19:00:00,2.510045608795534,2.510045608795534
2024-08-13 20:00:00,3.045384919677235,3.045384919677235
2024-08-13 21:00:00,3.024826108317802,3.024826108317802
2024-08-13 22:00:00,0.0,0.0
2024-08-13 23:00:00,0.0,0.0
2024-08-14 00:00:00,0.0,0.0
2024-08-14 01:00:00,0.0,0.0
2024-08-14 02:00:00,0.0,0.0
2024-08-14 03:00:00,0.0,0.0
2024-08-14 04:00:00,0.0,0.0
2024-08-14 05:00:00,0.0,0.0
2024-08-14 06:00:00,0.0,0.0
2024-08-14 07:00:00,0.0,0.0
2024-08-14 08:00:00,0.0,0.0
2024-08-14 09:00:00,0.0,0.0
2024-08-14 10:00:00,0.09952070266142402,0.09952070266142402
2024-08-14 11:00:00,0.33860238980080876,0.33860238980080876
2024-08-14 12:00:00,0.6789540339521616,0.6789540339521616
2024-08-14 13:00:00,1.3555043290938253,1.3555043290938253
2024-08-14 14:00:00,1.3943878432276353,1.3943878432276353
2024-08-14 15:00:00,2.5257824934269055,2.5257824934269055
2024-08-14 16:00:00,2.3939565785422556,2.3939565785422556
2024-08-14 17:00:00,2.279824891133974,2.279824891133974
2024-08-14 18:00:00,2.9966678212553504,2.9966678212553504
2024-08-14 19:00:00,2.431009078194438,2.431009078194438
2024-08-14 20:00:00,3.0520226168646243,3.0520226168646243
2024-08-14 21:00:00,2.453341481183188,2.453341481183188
2024-08-14 22:00:00,0.0,0.0
2024-08-14 23:00:00,0.0,0.0
2024-08-15 00:00:00,0.0,0.0
2024-08-15 01:00:00,0.0,0.0
2024-08-15 02:00:00,0.0,0.0
2024-08-15 03:00:00,0.0,0.0
2024-08-15 04:00:00,0.0,0.0
2024-08-15 05:00:00,0.0,0.0
2024-08-15 06:00:00,0.0,0.0
2024-08-15 07:00:00,0.0,0.0
2024-08-15 08:00:00,0.0,0.0
2024-08-15 09:00:00,0.0,0.0
2024-08-15 10:00:00,0.10371809560288664,0.10371809560288664
2024-08-15 11:00:00,0.4019457121934135,0.4019457121934135
2024-08-15 12:00:00,0.7831562961981631,0.7831562961981631
2024-08-15 13:00:00,1.4360175067548742,1.4360175067548742
2024-08-15 14:00:00,1.99129132371942,1.99129132371942
2024-08-15 15:00:00,2.2207364280225996,2.2207364280225996
2024-08-15 16:00:00,2.7937931470748016,2.7937931470748016
2024-08-15 17:00:00,3.076466443780129,3.076466443780129
2024-08-15 18:00:00,3.9554667201583773,3.9554667201583773
2024-08-15 19:00:00,3.541327736471302,3.541327736471302
2024-08-15 20:00:00,3.1453278526803796,3.1453278526803796
2024-08-15 21:00:00,2.7896397369615658,2.7896397369615658
2024-08-15 22:00:00,0.0,0.0
2024-08-15 23:00:00,0.0,0.0
2024-08-16 00:00:00,0.0,0.0
2024-08-16 01:00:00,0.0,0.0
2024-08-16 02:00:00,0.0,0.0
2024-08-16 03:00:00,0.0,0.0
2024-08-16 04:00:00,0.0,0.0
2024-08-16 05:00:00,0.0,0.0
2024-08-16 06:00:00,0.0,0.0
2024-08-16 07:00:00,0.0,0.0
2024-08-16 08:00:00,0.0,0.0
2024-08-16 09:00:00,0.0,0.0
2024-08-16 10:00:00,0.10210456929202015,0.10210456929202015
2024-08-16 11:00:00,0.40146706673048577,0.40146706673048577
2024-08-16 12:00:00,0.7368078563696406,0.7368078563696406
2024-08-16 13:00:00,1.4309222994075155,1.4309222994075155
2024-08-16 14:00:00,1.6676240113011718,1.6676240113011718
2024-08-16 15:00:00,2.1766383745859357,2.1766383745859357
2024-08-16 16:00:00,2.2492611222959185,2.2492611222959185
2024-08-16 17:00:00,2.578029301823267,2.578029301823267
2024-08-16 18:00:00,3.7533963471157423,3.7533963471157423
2024-08-16 19:00:00,2.7305519283107365,2.7305519283107365
2024-08-16 20:00:00,3.075267097900374,3.075267097900374
2024-08-16 21:00:00,3.062791872444073,3.062791872444073
2024-08-16 22:00:00,0.0,0.0
2024-08-16 23:00:00,0.0,0.0
2024-08-17 00:00:00,0.0,0.0
2024-08-17 01:00:00,0.0,0.0
2024-08-17 02:00:00,0.0,0.0
2024-08-17 03:00:00,0.0,0.0
2024-08-17 04:00:00,0.0,0.0
2024-08-17 05:00:00,0.0,0.0
2024-08-17 06:00:00,0.0,0.0
2024-08-17 07:00:00,0.0,0.0
2024-08-17 08:00:00,0.0,0.0
2024-08-17 09:00:00,0.0,0.0
2024-08-17 10:00:00,0.07292821338535976,0.07292821338535976
2024-08-17 11:00:00,0.3151914347692534,0.3151914347692534
2024-08-17 12:00:00,0.48204438131596894,0.48204438131596894
2024-08-17 13:00:00,0.9829443246266777,0.9829443246266777
2024-08-17 14:00:00,1.1471871562628235,1.1471871562628235
2024-08-17 15:00:00,1.7660151542923048,1.7660151542923048
2024-08-17 16:00:00,1.7005035350654276,1.7005035350654276
2024-08-17 17:00:00,1.980904353370463,1.980904353370463
2024-08-17 18:00:00,2.234353543382188,2.234353543382188
2024-08-17 19:00:00,2.3301287926065344,2.3301287926065344
2024-08-17 20:00:00,2.2687256923302073,2.2687256923302073
2024-08-17 21:00:00,2.156487158362722,2.156487158362722
2024-08-17 22:00:00,0.0,0.0
2024-08-17 23:00:00,0.0,0.0
2024-08-18 00:00:00,0.0,0.0
2024-08-18 01:00:00,0.0,0.0
2024-08-18 02:00:00,0.0,0.0
2024-08-18 03:00:00,0.0,0.0
2024-08-18 04:00:00,0.0,0.0
2024-08-18 05:00:00,0.0,0.0
2024-08-18 06:00:00,0.0,0.0
2024-08-18 07:00:00,0.0,0.0
2024-08-18 08:00:00,0.0,0.0
2024-08-18 09:00:00,0.0,0.0
2024-08-18 10:00:00,0.08409333746076247,0.08409333746076247
2024-08-18 11:00:00,0.27510153207681837,0.27510153207681837
2024-08-18 12:00:00,0.5149703462638505,0.5149703462638505
2024-08-18 13:00:00,1.0417638066580137,1.0417638066580137
2024-08-18 14:00:00,1.094633160032799,1.094633160032799
2024-08-18 15:00:00,1.5033759118371306,1.5033759118371306
2024-08-18 16:00:00,1.9757057123315551,1.9757057123315551
2024-08-18 17:00:00,2.071811536681685,2.071811536681685
2024-08-18 18:00:00,2.4239643373708923,2.4239643373708923
2024-08-18 19:00:00,1.936539761960954,1.936539761960954
2024-08-18 20:00:00,2.3910045727030442,2.3910045727030442
2024-08-18 21:00:00,2.2245650464144378,2.2245650464144378
2024-08-18 22:00:00,0.0,0.0
2024-08-18 23:00:00,0.0,0.0
2024-08-19 00:00:00,0.0,0.0
2024-08-19 01:00:00,0.0,0.0
2024-08-19 02:00:00,0.0,0.0
2024-08-19 03:00:00,0.0,0.0
2024-08-19 04:00:00,0.0,0.0
2024-08-19 05:00:00,0.0,0.0
2024-08-19 06:00:00,0.0,0.0
2024-08-19 07:00:00,0.0,0.0
2024-08-19 08:00:00,0.0,0.0
2024-08-19 09:00:00,0.0,0.0
2024-08-19 10:00:00,0.11178129071823786,0.11178129071823786
2024-08-19 11:00:00,0.44078686909088205,0.44078686909088205
2024-08-19 12:00:00,0.7980267543050243,0.7980267543050243
2024-08-19 13:00:00,1.327271228220528,1.327271228220528
2024-08-19 14:00:00,1.70637954647431,1.70637954647431
2024-08-19 15:00:00,2.278102501309644,2.278102501309644
2024-08-19 16:00:00,2.2924211762435758,2.2924211762435758
2024-08-19 17:00:00,2.633538096275619,2.633538096275619
2024-08-19 18:00:00,3.65652829568839,3.65652829568839
2024-08-19 19:00:00,3.250789155257306,3.250789155257306
2024-08-19 20:00:00,3.6913915275876965,3.6913915275876965
2024-08-19 21:00:00,2.859637629975917,2.859637629975917
2024-08-19 22:00:00,0.0,0.0
2024-08-19 23:00:00,0.0,0.0
2024-08-20 00:00:00,0.0,0.0
2024-08-20 01:00:00,0.0,0.0
2024-08-20 02:00:00,0.0,0.0
2024-08-20 03:00:00,0.0,0.0
2024-08-20 04:00:00,0.0,0.0
2024-08-20 05:00:00,0.0,0.0
2024-08-20 06:00:00,0.0,0.0
2024-08-20 07:00:00,0.0,0.0
2024-08-20 08:00:00,0.0,0.0
2024-08-20 09:00:00,0.0,0.0
2024-08-20 10:00:00,0.10837977114451529,0.10837977114451529
2024-08-20 11:00:00,0.466225158240975,0.466225158240975
2024-08-20 12:00:00,0.7689410827532867,0.7689410827532867
2024-08-20 13:00:00,1.5120014494252305,1.5120014494252305
2024-08-20 14:00:00,1.7219362263613043,1.7219362263613043
2024-08-20 15:00:00,2.604961453167493,2.604961453167493
2024-08-20 16:00:00,2.269950185495012,2.269950185495012
2024-08-20 17:00:00,2.595399796790818,2.595399796790818
2024-08-20 18:00:00,3.480108571619455,3.480108571619455
2024-08-20 19:00:00,3.2017469909963747,3.2017469909963747
2024-08-20 20:00:00,3.619912291683579,3.619912291683579
2024-08-20 21:00:00,3.3336755311460493,3.3336755311460493
2024-08-20 22:00:00,0.0,0.0
2024-08-20 23:00:00,0.0,0.0
2024-08-21 00:00:00,0.0,0.0
2024-08-21 01:00:00,0.0,0.0
2024-08-21 02:00:00,0.0,0.0
2024-08-21 03:00:00,0.0,0.0
2024-08-21 04:00:00,0.0,0.0
2024-08-21 05:00:00,0.0,0.0
2024-08-21 06:00:00,0.0,0.0
2024-08-21 07:00:00,0.0,0.0
2024-08-21 08:00:00,0.0,0.0
2024-08-21 09:00:00,0.0,0.0
2024-08-21 10:00:00,0.1099940185302357,0.1099940185302357
2024-08-21 11:00:00,0.35087428909483875,0.35087428909483875
2024-08-21 12:00:00,0.7000205156382494,0.7000205156382494
2024-08-21 13:00:00,0.9899584119675928,0.9899584119675928
2024-08-21 14:00:00,1.3440239957028484,1.3440239957028484
2024-08-21 15:00:00,2.309377409640884,2.309377409640884
2024-08-21 16:00:00,2.4470039265043293,2.4470039265043293
2024-08-21 17:00:00,2.2285031820757273,2.2285031820757273
2024-08-21 18:00:00,3.1384445612465712,3.1384445612465712
2024-08-21 19:00:00,2.342333545128136,2.342333545128136
2024-08-21 20:00:00,2.655476053013973,2.655476053013973
2024-08-21 21:00:00,2.9295470712453135,2.9295470712453135
2024-08-21 22:00:00,0.0,0.0
2024-08-21 23:00:00,0.0,0.0
2024-08-22 00:00:00,0.0,0.0
2024-08-22 01:00:00,0.0,0.0
2024-08-22 02:00:00,0.0,0.0
2024-08-22 03:00:00,0.0,0.0
2024-08-22 04:00:00,0.0,0.0
2024-08-22 05:00:00,0.0,0.0
2024-08-22 06:00:00,0.0,0.0
2024-08-22 07:00:00,0.0,0.0
2024-08-22 08:00:00,0.0,0.0
2024-08-22 09:00:00,0.0,0.0
2024-08-22 10:00:00,0.11537839918150401,0.11537839918150401
2024-08-22 11:00:00,0.37918804252953225,0.37918804252953225
2024-08-22 12:00:00,0.755956537224147,0.755956537224147
2024-08-22 13:00:00,1.3948298864747402,1.3948298864747402
2024-08-22 14:00:00,1.6474806137591833,1.6474806137591833
2024-08-22 15:00:00,2.179031915666064,2.179031915666064
2024-08-22 16:00:00,2.5681850949008354,2.5681850949008354
2024-08-22 17:00:00,2.4676580167630298,2.4676580167630298
2024-08-22 18:00:00,2.888690585590024,2.888690585590024
2024-08-22 19:00:00,2.970485545922665,2.970485545922665
2024-08-22 20:00:00,2.5190976001339074,2.5190976001339074
2024-08-22 21:00:00,2.5284566222581963,2.5284566222581963
2024-08-22 22:00:00,0.0,0.0
2024-08-22 23:00:00,0.0,0.0
2024-08-23 00:00:00,0.0,0.0
2024-08-23 01:00:00,0.0,0.0
2024-08-23 02:00:00,0.0,0.0
2024-08-23 03:00:00,0.0,0.0
2024-08-23 04:00:00,0.0,0.0
2024-08-23 05:00:00,0.0,0.0
2024-08-23 06:00:00,0.0,0.0
2024-08-23 07:00:00,0.0,0.0
2024-08-23 08:00:00,0.0,0.0
2024-08-23 09:00:00,0.0,0.0
2024-08-23 10:00:00,0.1301295451666666,0.1301295451666666
2024-08-23 11:00:00,0.36786221061011265,0.36786221061011265
2024-08-23 12:00:00,0.6640205373334366,0.6640205373334366
2024-08-23 13:00:00,1.4643376106734904,1.4643376106734904
2024-08-23 14:00:00,1.5255809871453743,1.5255809871453743
2024-08-23 15:00:00,2.54634009132706,2.54634009132706
2024-08-23 16:00:00,2.7032465569596997,2.7032465569596997
2024-08-23 17:00:00,2.8717696419706815,2.8717696419706815
2024-08-23 18:00:00,3.335486851006019,3.335486851006019
2024-08-23 19:00:00,3.1256371248883923,3.1256371248883923
2024-08-23 20:00:00,3.0795420919118697,3.0795420919118697
2024-08-23 21:00:00,3.1222058929790197,3.1222058929790197
2024-08-23 22:00:00,0.0,0.0
2024-08-23 23:00:00,0.0,0.0
2024-08-24 00:00:00,0.0,0.0
2024-08-24 01:00:00,0.0,0.0
2024-08-24 02:00:00,0.0,0.0
2024-08-24 03:00:00,0.0,0.0
2024-08-24 04:00:00,0.0,0.0
2024-08-24 05:00:00,0.0,0.0
2024-08-24 06:00:00,0.0,0.0
2024-08-24 07:00:00,0.0,0.0
2024-08-24 08:00:00,0.0,0.0
2024-08-24 09:00:00,0.0,0.0
2024-08-24 10:00:00,0.0792252758398216,0.0792252758398216
2024-08-24 11:00:00,0.2984574582024154,0.2984574582024154
2024-08-24 12:00:00,0.5337107848773606,0.5337107848773606
2024-08-24 13:00:00,0.8453071879082803,0.8453071879082803
2024-08-24 14:00:00,1.2009410465684867,1.2009410465684867
2024-08-24 15:00:00,1.7859523186918094,1.7859523186918094
2024-08-24 16:00:00,1.8702424543416019,1.8702424543416019
2024-08-24 17:00:00,1.9593064264846283,1.9593064264846283
2024-08-24 18:00:00,1.9261567155941648,1.9261567155941648
2024-08-24 19:00:00,2.0599288118885872,2.0599288118885872
2024-08-24 20:00:00,2.248289478156396,2.248289478156396
2024-08-24 21:00:00,1.8908171523826547,1.8908171523826547
2024-08-24 22:00:00,0.0,0.0
2024-08-24 23:00:00,0.0,0.0
2024-08-25 00:00:00,0.0,0.0
2024-08-25 01:00:00,0.0,0.0
2024-08-25 02:00:00,0.0,0.0
2024-08-25 03:00:00,0.0,0.0
2024-08-25 04:00:00,0.0,0.0
2024-08-25 05:00:00,0.0,0.0
2024-08-25 06:00:00,0.0,0.0
2024-08-25 07:00:00,0.0,0.0
2024-08-25 08:00:00,0.0,0.0
2024-08-25 09:00:00,0.0,0.0
2024-08-25 10:00:00,0.07435184957542305,0.07435184957542305
2024-08-25 11:00:00,0.23155153541298631,0.23155153541298631
2024-08-25 12:00:00,0.46695209073853117,0.46695209073853117
2024-08-25 13:00:00,0.7333765699773078,0.7333765699773078
2024-08-25 14:00:00,0.9707583491121302,0.9707583491121302
2024-08-25 15:00:00,1.4336624386701922,1.4336624386701922
2024-08-25 16:00:00,1.5663494088414178,1.5663494088414178
2024-08-25 17:00:00,2.0209800194380567,2.0209800194380567
2024-08-25 18:00:00,2.2268014232740208,2.2268014232740208
2024-08-25 19:00:00,2.085988079684831,2.085988079684831
2024-08-25 20:00:00,1.7778597470716089,1.7778597470716089
2024-08-25 21:00:00,1.8066762532115614,1.8066762532115614
2024-08-25 22:00:00,0.0,0.0
2024-08-25 23:00:00,0.0,0.0
2024-08-26 00:00:00,0.0,0.0
2024-08-26 01:00:00,0.0,0.0
2024-08-26 02:00:00,0.0,0.0
2024-08-26 03:00:00,0.0,0.0
2024-08-26 04:00:00,0.0,0.0
2024-08-26 05:00:00,0.0,0.0
2024-08-26 06:00:00,0.0,0.0
2024-08-26 07:00:00,0.0,0.0
2024-08-26 08:00:00,0.0,0.0
2024-08-26 09:00:00,0.0,0.0
2024-08-26 10:00:00,0.12679569763326845,0.12679569763326845
2024-08-26 11:00:00,0.43818939095453163,0.43818939095453163
2024-08-26 12:00:00,0.7963568051929426,0.7963568051929426
2024-08-26 13:00:00,1.1283233909721717,1.1283233909721717
2024-08-26 14:00:00,1.9563165052246378,1.9563165052246378
2024-08-26 15:00:00,2.4257116110184835,2.4257116110184835
2024-08-26 16:00:00,2.163429913452115,2.163429913452115
2024-08-26 17:00:00,2.6858477878662645,2.6858477878662645
2024-08-26 18:00:00,2.8745355345006307,2.8745355345006307
2024-08-26 19:00:00,2.888966833875279,2.888966833875279
2024-08-26 20:00:00,2.7892655361092005,2.7892655361092005
2024-08-26 21:00:00,2.8319139657243206,2.8319139657243206
2024-08-26 22:00:00,0.0,0.0
2024-08-26 23:00:00,0.0,0.0
2024-08-27 00:00:00,0.0,0.0
2024-08-27 01:00:00,0.0,0.0
2024-08-27 02:00:00,0.0,0.0
2024-08-27 03:00:00,0.0,0.0
2024-08-27 04:00:00,0.0,0.0
2024-08-27 05:00:00,0.0,0.0
2024-08-27 06:00:00,0.0,0.0
2024-08-27 07:00:00,0.0,0.0
2024-08-27 08:00:00,0.0,0.0
2024-08-27 09:00:00,0.0,0.0
2024-08-27 10:00:00,0.11649936970279959,0.11649936970279959
2024-08-27 11:00:00,0.41030514480466324,0.41030514480466324
2024-08-27 12:00:00,0.7271077731338317,0.7271077731338317
2024-08-27 13:00:00,1.1431700508561202,1.1431700508561202
2024-08-27 14:00:00,1.576981837404549,1.576981837404549
2024-08-27 15:00:00,2.1297572045967423,2.1297572045967423
2024-08-27 16:00:00,2.5083395893519724,2.5083395893519724
2024-08-27 17:00:00,2.5249156799287573,2.5249156799287573
2024-08-27 18:00:00,3.2705035609675286,3.2705035609675286
2024-08-27 19:00:00,2.7305260690838598,2.7305260690838598
2024-08-27 20:00:00,2.575521031925716,2.575521031925716
2024-08-27 21:00:00,3.2305017763730324,3.2305017763730324
2024-08-27 22:00:00,0.0,0.0
2024-08-27 23:00:00,0.0,0.0
2024-08-28 00:00:00,0.0,0.0
2024-08-28 01:00:00,0.0,0.0
2024-08-28 02:00:00,0.0,0.0
2024-08-28 03:00:00,0.0,0.0
2024-08-28 04:00:00,0.0,0.0
2024-08-28 05:00:00,0.0,0.0
2024-08-28 06:00:00,0.0,0.0
2024-08-28 07:00:00,0.0,0.0
2024-08-28 08:00:00,0.0,0.0
2024-08-28 09:00:00,0.0,0.0
2024-08-28 10:00:00,0.11188303848080211,0.11188303848080211
2024-08-28 11:00:00,0.4313385070880611,0.4313385070880611
2024-08-28 12:00:00,0.7859758697943645,0.7859758697943645
2024-08-28 13:00:00,1.4126944043419387,1.4126944043419387
2024-08-28 14:00:00,1.9123646692121803,1.9123646692121803
2024-08-28 15:00:00,2.6868338275483192,2.6868338275483192
2024-08-28 16:00:00,2.2630505973996984,2.2630505973996984
2024-08-28 17:00:00,2.538922567217847,2.538922567217847
2024-08-28 18:00:00,3.086248807312244,3.086248807312244
2024-08-28 19:00:00,2.6184306658693406,2.6184306658693406
2024-08-28 20:00:00,3.389543658036717,3.389543658036717
2024-08-28 21:00:00,2.975452713363796,2.975452713363796
2024-08-28 22:00:00,0.0,0.0
2024-08-28 23:00:00,0.0,0.0
2024-08-29 00:00:00,0.0,0.0
2024-08-29 01:00:00,0.0,0.0
2024-08-29 02:00:00,0.0,0.0
2024-08-29 03:00:00,0.0,0.0
2024-08-29 04:00:00,0.0,0.0
2024-08-29 05:00:00,0.0,0.0
2024-08-29 06:00:00,0.0,0.0
2024-08-29 07:00:00,0.0,0.0
2024-08-29 08:00:00,0.0,0.0
2024-08-29 09:00:00,0.0,0.0
2024-08-29 10:00:00,0.12093576136066789,0.12093576136066789
2024-08-29 11:00:00,0.4134114145012907,0.4134114145012907
2024-08-29 12:00:00,0.7821700350445884,0.7821700350445884
2024-08-29 13:00:00,1.1595495835734513,1.1595495835734513
2024-08-29 14:00:00,1.4993006694257083,1.4993006694257083
2024-08-29 15:00:00,2.0770276026999364,2.0770276026999364
2024-08-29 16:00:00,2.226720108631462,2.226720108631462
2024-08-29 17:00:00,2.9242257718988784,2.9242257718988784
2024-08-29 18:00:00,3.2193517918028647,3.2193517918028647
2024-08-29 19:00:00,3.1509780741578832,3.1509780741578832
2024-08-29 20:00:00,3.5324040908304672,3.5324040908304672
2024-08-29 21:00:00,2.7098294791358684,2.7098294791358684
2024-08-29 22:00:00,0.0,0.0
2024-08-29 23:00:00,0.0,0.0
2024-08-30 00:00:00,0.0,0.0
2024-08-30 01:00:00,0.0,0.0
2024-08-30 02:00:00,0.0,0.0
2024-08-30 03:00:00,0.0,0.0
2024-08-30 04:00:00,0.0,0.0
2024-08-30 05:00:00,0.0,0.0
2024-08-30 06:00:00,0.0,0.0
2024-08-30 07:00:00,0.0,0.0
2024-08-30 08:00:00,0.0,0.0
2024-08-30 09:00:00,0.0,0.0
2024-08-30 10:00:00,0.12372704484927786,0.12372704484927786
2024-08-30 11:00:00,0.3483844284928757,0.3483844284928757
2024-08-30 12:00:00,0.7657948679191618,0.7657948679191618
2024-08-30 13:00:00,1.1728821954050472,1.1728821954050472
2024-08-30 14:00:00,1.8996220505852879,1.8996220505852879
2024-08-30 15:00:00,2.5078268233989625,2.5078268233989625
2024-08-30 16:00:00,2.2570691386547885,2.2570691386547885
2024-08-30 17:00:00,2.5214548552772253,2.5214548552772253
2024-08-30 18:00:00,3.0724898686416466,3.0724898686416466
2024-08-30 19:00:00,3.541451038750448,3.541451038750448
2024-08-30 20:00:00,2.835792272485566,2.835792272485566
2024-08-30 21:00:00,3.077948694740533,3.077948694740533
2024-08-30 22:00:00,0.0,0.0
2024-08-30 23:00:00,0.0,0.0
2024-08-31 00:00:00,0.0,0.0
2024-08-31 01:00:00,0.0,0.0
2024-08-31 02:00:00,0.0,0.0
2024-08-31 03:00:00,0.0,0.0
2024-08-31 04:00:00,0.0,0.0
2024-08-31 05:00:00,0.0,0.0
2024-08-31 06:00:00,0.0,0.0
2024-08-31 07:00:00,0.0,0.0
2024-08-31 08:00:00,0.0,0.0
2024-08-31 09:00:00,0.0,0.0
2024-08-31 10:00:00,0.08131384432845781,0.08131384432845781
2024-08-31 11:00:00,0.2757517453787396,0.2757517453787396
2024-08-31 12:00:00,0.5268062865693751,0.5268062865693751
2024-08-31 13:00:00,0.8187803519107156,0.8187803519107156
2024-08-31 14:00:00,1.3860670351940672,1.3860670351940672
2024-08-31 15:00:00,1.5504101397800876,1.5504101397800876
2024-08-31 16:00:00,1.6017846669238396,1.6017846669238396
2024-08-31 17:00:00,2.0750975339104363,2.0750975339104363
2024-08-31 18:00:00,2.340815002962577,2.340815002962577
2024-08-31 19:00:00,1.877896150509394,1.877896150509394
2024-08-31 20:00:00,2.265321692349319,2.265321692349319
2024-08-31 21:00:00,2.2768689497072905,2.2768689497072905
2024-08-31 22:00:00,0.0,0.0
2024-08-31 23:00:00,0.0,0.0
2024-09-01 00:00:00,0.0,0.0
2024-09-01 01:00:00,0.0,0.0
2024-09-01 02:00:00,0.0,0.0
2024-09-01 03:00:00,0.0,0.0
2024-09-01 04:00:00,0.0,0.0
2024-09-01 05:00:00,0.0,0.0
2024-09-01 06:00:00,0.0,0.0
2024-09-01 07:00:00,0.0,0.0
2024-09-01 08:00:00,0.0,0.0
2024-09-01 09:00:00,0.0,0.0
2024-09-01 10:00:00,0.06988082046158438,0.06988082046158438
2024-09-01 11:00:00,0.28766574038352655,0.28766574038352655
2024-09-01 12:00:00,0.41275050909359134,0.41275050909359134
2024-09-01 13:00:00,0.7659507729494373,0.7659507729494373
2024-09-01 14:00:00,1.152979658188334,1.152979658188334
2024-09-01 15:00:00,1.438169486695935,1.438169486695935
2024-09-01 16:00:00,1.4369283078481714,1.4369283078481714
2024-09-01 17:00:00,2.0681601239620173,2.0681601239620173
2024-09-01 18:00:00,2.068280387469049,2.068280387469049
2024-09-01 19:00:00,1.7972113841316668,1.7972113841316668
2024-09-01 20:00:00,2.0296706861457188,2.0296706861457188
2024-09-01 21:00:00,1.718692200663859,1.718692200663859
2024-09-01 22:00:00,0.0,0.0
2024-09-01 23:00:00,0.0,0.0
2024-09-02 00:00:00,0.0,0.0
2024-09-02 01:00:00,0.0,0.0
2024-09-02 02:00:00,0.0,0.0
2024-09-02 03:00:00,0.0,0.0
2024-09-02 04:00:00,0.0,0.0
2024-09-02 05:00:00,0.0,0.0
2024-09-02 06:00:00,0.0,0.0
2024-09-02 07:00:00,0.0,0.0
2024-09-02 08:00:00,0.0,0.0
2024-09-02 09:00:00,0.0,0.0
2024-09-02 10:00:00,0.11666234580509281,0.11666234580509281
2024-09-02 11:00:00,0.3216808583522106,0.3216808583522106
2024-09-02 12:00:00,0.7208238596761031,0.7208238596761031
2024-09-02 13:00:00,1.0720177528644506,1.0720177528644506
2024-09-02 14:00:00,1.620362002533804,1.620362002533804
2024-09-02 15:00:00,2.120758122885598,2.120758122885598
2024-09-02 16:00:00,2.1464661516334482,2.1464661516334482
2024-09-02 17:00:00,2.4958286116299955,2.4958286116299955
2024-09-02 18:00:00,3.1771019429405936,3.1771019429405936
2024-09-02 19:00:00,2.6884716155187545,2.6884716155187545
2024-09-02 20:00:00,3.240122550640695,3.240122550640695
2024-09-02 21:00:00,2.5432873602737467,2.5432873602737467
2024-09-02 22:00:00,0.0,0.0
2024-09-02 23:00:00,0.0,0.0
2024-09-03 00:00:00,0.0,0.0
2024-09-03 01:00:00,0.0,0.0
2024-09-03 02:00:00,0.0,0.0
2024-09-03 03:00:00,0.0,0.0
2024-09-03 04:00:00,0.0,0.0
2024-09-03 05:00:00,0.0,0.0
2024-09-03 06:00:00,0.0,0.0
2024-09-03 07:00:00,0.0,0.0
2024-09-03 08:00:00,0.0,0.0
2024-09-03 09:00:00,0.0,0.0
2024-09-03 10:00:00,0.12012296460912933,0.12012296460912933
2024-09-03 11:00:00,0.47488934341008504,0.47488934341008504
2024-09-03 12:00:00,0.8187957665483077,0.8187957665483077
2024-09-03 13:00:00,1.450756469350921,1.450756469350921
2024-09-03 14:00:00,1.9406408897094372,1.9406408897094372
2024-09-03 15:00:00,2.7844718752944297,2.7844718752944297
2024-09-03 16:00:00,2.550739669699764,2.550739669699764
2024-09-03 17:00:00,3.2256719299532235,3.2256719299532235
2024-09-03 18:00:00,3.8586887524854037,3.8586887524854037
2024-09-03 19:00:00,3.488741873864816,3.488741873864816
2024-09-03 20:00:00,3.518603469727033,3.518603469727033
2024-09-03 21:00:00,3.5874506546445386,3.5874506546445386
2024-09-03 22:00:00,0.0,0.0
2024-09-03 23:00:00,0.0,0.0
2024-09-04 00:00:00,0.0,0.0
2024-09-04 01:00:00,0.0,0.0
2024-09-04 02:00:00,0.0,0.0
2024-09-04 03:00:00,0.0,0.0
2024-09-04 04:00:00,0.0,0.0
2024-09-04 05:00:00,0.0,0.0
2024-09-04 06:00:00,0.0,0.0
2024-09-04 07:00:00,0.0,0.0
2024-09-04 08:00:00,0.0,0.0
2024-09-04 09:00:00,0.0,0.0
2024-09-04 10:00:00,0.11204875616830134,0.11204875616830134
2024-09-04 11:00:00,0.34356712464811245,0.34356712464811245
2024-09-04 12:00:00,0.8156355420055447,0.8156355420055447
2024-09-04 13:00:00,1.2868724331504422,1.2868724331504422
2024-09-04 14:00:00,1.7230443393887496,1.7230443393887496
2024-09-04 15:00:00,2.5656339940747235,2.5656339940747235
2024-09-04 16:00:00,2.6932147900078065,2.6932147900078065
2024-09-04 17:00:00,2.8915296991095656,2.8915296991095656
2024-09-04 18:00:00,3.3537610414905403,3.3537610414905403
2024-09-04 19:00:00,2.6418082654584576,2.6418082654584576
2024-09-04 20:00:00,2.6929681126055747,2.6929681126055747
2024-09-04 21:00:00,2.812757802807734,2.812757802807734
2024-09-04 22:00:00,0.0,0.0
2024-09-04 23:00:00,0.0,0.0
2024-09-05 00:00:00,0.0,0.0
2024-09-05 01:00:00,0.0,0.0
2024-09-05 02:00:00,0.0,0.0
2024-09-05 03:00:00,0.0,0.0
2024-09-05 04:00:00,0.0,0.0
2024-09-05 05:00:00,0.0,0.0
2024-09-05 06:00:00,0.0,0.0
2024-09-05 07:00:00,0.0,0.0
2024-09-05 08:00:00,0.0,0.0
2024-09-05 09:00:00,0.0,0.0
2024-09-05 10:00:00,0.0983499168212752,0.0983499168212752
2024-09-05 11:00:00,0.3209819373556578,0.3209819373556578
2024-09-05 12:00:00,0.6736790886779932,0.6736790886779932
2024-09-05 13:00:00,1.1026695920753915,1.1026695920753915
2024-09-05 14:00:00,1.3715759571901047,1.3715759571901047
2024-09-05 15:00:00,2.293041786187712,2.293041786187712
2024-09-05 16:00:00,2.1506338307041286,2.1506338307041286
2024-09-05 17:00:00,2.438817417817353,2.438817417817353
2024-09-05 18:00:00,3.3417585645075594,3.3417585645075594
2024-09-05 19:00:00,2.452520413250576,2.452520413250576
2024-09-05 20:00:00,2.8163699152140262,2.8163699152140262
2024-09-05 21:00:00,2.9693652843244784,2.9693652843244784
2024-09-05 22:00:00,0.0,0.0
2024-09-05 23:00:00,0.0,0.0
2024-09-06 00:00:00,0.0,0.0
2024-09-06 01:00:00,0.0,0.0
2024-09-06 02:00:00,0.0,0.0
2024-09-06 03:00:00,0.0,0.0
2024-09-06 04:00:00,0.0,0.0
2024-09-06 05:00:00,0.0,0.0
2024-09-06 06:00:00,0.0,0.0
2024-09-06 07:00:00,0.0,0.0
2024-09-06 08:00:00,0.0,0.0
2024-09-06 09:00:00,0.0,0.0
2024-09-06 10:00:00,0.11273070423311328,0.11273070423311328
2024-09-06 11:00:00,0.3874019141332173,0.3874019141332173
2024-09-06 12:00:00,0.7445151402505165,0.7445151402505165
2024-09-06 13:00:00,1.5077695377718914,1.5077695377718914
2024-09-06 14:00:00,1.6542212594252803,1.6542212594252803
2024-09-06 15:00:00,2.5141345094341077,2.5141345094341077
2024-09-06 16:00:00,2.5418456078128617,2.5418456078128617
2024-09-06 17:00:00,3.112541692412846,3.112541692412846
2024-09-06 18:00:00,3.378302527074889,3.378302527074889
2024-09-06 19:00:00,2.8938363222026573,2.8938363222026573
2024-09-06 20:00:00,3.1208928671257676,3.1208928671257676
2024-09-06 21:00:00,2.8576776270910553,2.8576776270910553
2024-09-06 22:00:00,0.0,0.0
2024-09-06 23:00:00,0.0,0.0
2024-09-07 00:00:00,0.0,0.0
2024-09-07 01:00:00,0.0,0.0
2024-09-07 02:00:00,0.0,0.0
2024-09-07 03:00:00,0.0,0.0
2024-09-07 04:00:00,0.0,0.0
2024-09-07 05:00:00,0.0,0.0
2024-09-07 06:00:00,0.0,0.0
2024-09-07 07:00:00,0.0,0.0
2024-09-07 08:00:00,0.0,0.0
2024-09-07 09:00:00,0.0,0.0
2024-09-07 10:00:00,0.08166273498764268,0.08166273498764268
2024-09-07 11:00:00,0.2740555190121615,0.2740555190121615
2024-09-07 12:00:00,0.5162875899903843,0.5162875899903843
2024-09-07 13:00:00,0.741386648452495,0.741386648452495
2024-09-07 14:00:00,1.1393650613418411,1.1393650613418411
2024-09-07 15:00:00,1.3376928090702618,1.3376928090702618
2024-09-07 16:00:00,1.5273598535565964,1.5273598535565964
2024-09-07 17:00:00,2.0949629959918856,2.0949629959918856
2024-09-07 18:00:00,2.0163181090288713,2.0163181090288713
2024-09-07 19:00:00,2.0049552478899564,2.0049552478899564
2024-09-07 20:00:00,2.0307444718002103,2.0307444718002103
2024-09-07 21:00:00,1.859100834377727,1.859100834377727
2024-09-07 22:00:00,0.0,0.0
2024-09-07 23:00:00,0.0,0.0
2024-09-08 00:00:00,0.0,0.0
2024-09-08 01:00:00,0.0,0.0
2024-09-08 02:00:00,0.0,0.0
2024-09-08 03:00:00,0.0,0.0
2024-09-08 04:00:00,0.0,0.0
2024-09-08 05:00:00,0.0,0.0
2024-09-08 06:00:00,0.0,0.0
2024-09-08 07:00:00,0.0,0.0
2024-09-08 08:00:00,0.0,0.0
2024-09-08 09:00:00,0.0,0.0
2024-09-08 10:00:00,0.08345340055516734,0.08345340055516734
2024-09-08 11:00:00,0.29174274900048536,0.29174274900048536
2024-09-08 12:00:00,0.4953560538215394,0.4953560538215394
2024-09-08 13:00:00,0.8075991618827415,0.8075991618827415
2024-09-08 14:00:00,1.3192709118759136,1.3192709118759136
2024-09-08 15:00:00,1.4630807904935377,1.4630807904935377
2024-09-08 16:00:00,1.8729960791209763,1.8729960791209763
2024-09-08 17:00:00,2.049763728768331,2.049763728768331
2024-09-08 18:00:00,2.0711038864593307,2.0711038864593307
2024-09-08 19:00:00,2.1679597109871565,2.1679597109871565
2024-09-08 20:00:00,2.3221008219712824,2.3221008219712824
2024-09-08 21:00:00,2.0677209847797244,2.0677209847797244
2024-09-08 22:00:00,0.0,0.0
2024-09-08 23:00:00,0.0,0.0
2024-09-09 00:00:00,0.0,0.0
2024-09-09 01:00:00,0.0,0.0
2024-09-09 02:00:00,0.0,0.0
2024-09-09 03:00:00,0.0,0.0
2024-09-09 04:00:00,0.0,0.0
2024-09-09 05:00:00,0.0,0.0
2024-09-09 06:00:00,0.0,0.0
2024-09-09 07:00:00,0.0,0.0
2024-09-09 08:00:00,0.0,0.0
2024-09-09 09:00:00,0.0,0.0
2024-09-09 10:00:00,0.12954600606009886,0.12954600606009886
2024-09-09 11:00:00,0.4276114428514322,0.4276114428514322
2024-09-09 12:00:00,0.8419467599641955,0.8419467599641955
2024-09-09 13:00:00,1.225053171499209,1.225053171499209
2024-09-09 14:00:00,1.942683454005857,1.942683454005857
2024-09-09 15:00:00,2.274414376154957,2.274414376154957
2024-09-09 16:00:00,2.3552724611784797,2.3552724611784797
2024-09-09 17:00:00,3.3254437352621924,3.3254437352621924
2024-09-09 18:00:00,3.333134680597,3.333134680597
2024-09-09 19:00:00,2.985521697882084,2.985521697882084
2024-09-09 20:00:00,3.3580455326053436,3.3580455326053436
2024-09-09 21:00:00,3.392833421426253,3.392833421426253
2024-09-09 22:00:00,0.0,0.0
2024-09-09 23:00:00,0.0,0.0
2024-09-10 00:00:00,0.0,0.0
2024-09-10 01:00:00,0.0,0.0
2024-09-10 02:00:00,0.0,0.0
2024-09-10 03:00:00,0.0,0.0
2024-09-10 04:00:00,0.0,0.0
2024-09-10 05:00:00,0.0,0.0
2024-09-10 06:00:00,0.0,0.0
2024-09-10 07:00:00,0.0,0.0
2024-09-10 08:00:00,0.0,0.0
2024-09-10 09:00:00,0.0,0.0
2024-09-10 10:00:00,0.10190760913802022,0.10190760913802022
2024-09-10 11:00:00,0.3554372307153643,0.3554372307153643
2024-09-10 12:00:00,0.8186572782586254,0.8186572782586254
2024-09-10 13:00:00,1.1453784876670787,1.1453784876670787
2024-09-10 14:00:00,1.8195733531905682,1.8195733531905682
2024-09-10 15:00:00,2.300273675581002,2.300273675581002
2024-09-10 16:00:00,2.1121137511893435,2.1121137511893435
2024-09-10 17:00:00,2.627990869776743,2.627990869776743
2024-09-10 18:00:00,3.5962507877605963,3.5962507877605963
2024-09-10 19:00:00,2.6152231330462947,2.6152231330462947
2024-09-10 20:00:00,2.8770153060041452,2.8770153060041452
2024-09-10 21:00:00,3.28814879185974,3.28814879185974
2024-09-10 22:00:00,0.0,0.0
2024-09-10 23:00:00,0.0,0.0
2024-09-11 00:00:00,0.0,0.0
2024-09-11 01:00:00,0.0,0.0
2024-09-11 02:00:00,0.0,0.0
2024-09-11 03:00:00,0.0,0.0
2024-09-11 04:00:00,0.0,0.0
2024-09-11 05:00:00,0.0,0.0
2024-09-11 06:00:00,0.0,0.0
2024-09-11 07:00:00,0.0,0.0
2024-09-11 08:00:00,0.0,0.0
2024-09-11 09:00:00,0.0,0.0
2024-09-11 10:00:00,0.09498033018750528,0.09498033018750528
2024-09-11 11:00:00,0.3984177465085862,0.3984177465085862
2024-09-11 12:00:00,0.7513592364376946,0.7513592364376946
2024-09-11 13:00:00,1.201568074336785,1.201568074336785
2024-09-11 14:00:00,1.7269927087625683,1.7269927087625683
2024-09-11 15:00:00,2.076476713892127,2.076476713892127
2024-09-11 16:00:00,2.714337141326088,2.714337141326088
2024-09-11 17:00:00,2.842055156548982,2.842055156548982
2024-09-11 18:00:00,3.632471557841332,3.632471557841332
2024-09-11 19:00:00,3.0645640512321948,3.0645640512321948
2024-09-11 20:00:00,3.404575306130718,3.404575306130718
2024-09-11 21:00:00,3.4117128093093982,3.4117128093093982
2024-09-11 22:00:00,0.0,0.0
2024-09-11 23:00:00,0.0,0.0
2024-09-12 00:00:00,0.0,0.0
2024-09-12 01:00:00,0.0,0.0
2024-09-12 02:00:00,0.0,0.0
2024-09-12 03:00:00,0.0,0.0
2024-09-12 04:00:00,0.0,0.0
2024-09-12 05:00:00,0.0,0.0
2024-09-12 06:00:00,0.0,0.0
2024-09-12 07:00:00,0.0,0.0
2024-09-12 08:00:00,0.0,0.0
2024-09-12 09:00:00,0.0,0.0
2024-09-12 10:00:00,0.09224105264706937,0.09224105264706937
2024-09-12 11:00:00,0.41412252014123446,0.41412252014123446
2024-09-12 12:00:00,0.7246121339001347,0.7246121339001347
2024-09-12 13:00:00,1.2498295744550751,1.2498295744550751
2024-09-12 14:00:00,1.5324478096865826,1.5324478096865826
2024-09-12 15:00:00,2.449126623872118,2.449126623872118
2024-09-12 16:00:00,2.629675115912285,2.629675115912285
2024-09-12 17:00:00,2.405165410777729,2.405165410777729
2024-09-12 18:00:00,2.6156856941829805,2.6156856941829805
2024-09-12 19:00:00,2.4397766593032655,2.4397766593032655
2024-09-12 20:00:00,3.386280849914279,3.386280849914279
2024-09-12 21:00:00,2.9292275638624705,2.9292275638624705
2024-09-12 22:00:00,0.0,0.0
2024-09-12 23:00:00,0.0,0.0
2024-09-13 00:00:00,0.0,0.0
2024-09-13 01:00:00,0.0,0.0
2024-09-13 02:00:00,0.0,0.0
2024-09-13 03:00:00,0.0,0.0
2024-09-13 04:00:00,0.0,0.0
2024-09-13 05:00:00,0.0,0.0
2024-09-13 06:00:00,0.0,0.0
2024-09-13 07:00:00,0.0,0.0
2024-09-13 08:00:00,0.0,0.0
2024-09-13 09:00:00,0.0,0.0
2024-09-13 10:00:00,0.09757524186279087,0.09757524186279087
2024-09-13 11:00:00,0.3811399179129612,0.3811399179129612
2024-09-13 12:00:00,0.6929017815400004,0.6929017815400004
2024-09-13 13:00:00,1.3257141464957516,1.3257141464957516
2024-09-13 14:00:00,1.6745480610879648,1.6745480610879648
2024-09-13 15:00:00,2.0607993846881216,2.0607993846881216
2024-09-13 16:00:00,2.333201755253454,2.333201755253454
2024-09-13 17:00:00,3.016016317696903,3.016016317696903
2024-09-13 18:00:00,2.630903511838711,2.630903511838711
2024-09-13 19:00:00,2.4647021489060656,2.4647021489060656
2024-09-13 20:00:00,2.719573684080956,2.719573684080956
2024-09-13 21:00:00,3.0969081954762756,3.0969081954762756
2024-09-13 22:00:00,0.0,0.0
2024-09-13 23:00:00,0.0,0.0
2024-09-14 00:00:00,0.0,0.0
2024-09-14 01:00:00,0.0,0.0
2024-09-14 02:00:00,0.0,0.0
2024-09-14 03:00:00,0.0,0.0
2024-09-14 04:00:00,0.0,0.0
2024-09-14 05:00:00,0.0,0.0
2024-09-14 06:00:00,0.0,0.0
2024-09-14 07:00:00,0.0,0.0
2024-09-14 08:00:00,0.0,0.0
2024-09-14 09:00:00,0.0,0.0
2024-09-14 10:00:00,0.0747059602594247,0.0747059602594247
2024-09-14 11:00:00,0.3040698544986248,0.3040698544986248
2024-09-14 12:00:00,0.4841907560734061,0.4841907560734061
2024-09-14 13:00:00,0.7788583395957288,0.7788583395957288
2024-09-14 14:00:00,1.0300373264325304,1.0300373264325304
2024-09-14 15:00:00,1.489864678106221,1.489864678106221
2024-09-14 16:00:00,1.748514383692712,1.748514383692712
2024-09-14 17:00:00,1.7053415771584821,1.7053415771584821
2024-09-14 18:00:00,1.9720256865425672,1.9720256865425672
2024-09-14 19:00:00,2.307086844478562,2.307086844478562
2024-09-14 20:00:00,2.239855471797162,2.239855471797162
2024-09-14 21:00:00,1.954620375152919,1.954620375152919
2024-09-14 22:00:00,0.0,0.0
2024-09-14 23:00:00,0.0,0.0
2024-09-15 00:00:00,0.0,0.0
2024-09-15 01:00:00,0.0,0.0
2024-09-15 02:00:00,0.0,0.0
2024-09-15 03:00:00,0.0,0.0
2024-09-15 04:00:00,0.0,0.0
2024-09-15 05:00:00,0.0,0.0
2024-09-15 06:00:00,0.0,0.0
2024-09-15 07:00:00,0.0,0.0
2024-09-15 08:00:00,0.0,0.0
2024-09-15 09:00:00,0.0,0.0
2024-09-15 10:00:00,0.07104581936354894,0.07104581936354894
2024-09-15 11:00:00,0.25521394053275603,0.25521394053275603
2024-09-15 12:00:00,0.5041502928951788,0.5041502928951788
2024-09-15 13:00:00,0.8947506902096022,0.8947506902096022
2024-09-15 14:00:00,1.2353259958976717,1.2353259958976717
2024-09-15 15:00:00,1.6432093994948769,1.6432093994948769
2024-09-15 16:00:00,1.803794503080536,1.803794503080536
2024-09-15 17:00:00,1.9006277100434161,1.9006277100434161
2024-09-15 18:00:00,2.134509535101913,2.134509535101913
2024-09-15 19:00:00,1.8231688217784963,1.8231688217784963
2024-09-15 20:00:00,2.372570474159008,2.372570474159008
2024-09-15 21:00:00,2.1262887870183267,2.1262887870183267
2024-09-15 22:00:00,0.0,0.0
2024-09-15 23:00:00,0.0,0.0
2024-09-16 00:00:00,0.0,0.0
2024-09-16 01:00:00,0.0,0.0
2024-09-16 02:00:00,0.0,0.0
2024-09-16 03:00:00,0.0,0.0
2024-09-16 04:00:00,0.0,0.0
2024-09-16 05:00:00,0.0,0.0
2024-09-16 06:00:00,0.0,0.0
2024-09-16 07:00:00,0.0,0.0
2024-09-16 08:00:00,0.0,0.0
2024-09-16 09:00:00,0.0,0.0
2024-09-16 10:00:00,0.09457690955267864,0.09457690955267864
2024-09-16 11:00:00,0.40789054219157045,0.40789054219157045
2024-09-16 12:00:00,0.5861134838223034,0.5861134838223034
2024-09-16 13:00:00,1.1390930096766319,1.1390930096766319
2024-09-16 14:00:00,1.849666809813845,1.849666809813845
2024-09-16 15:00:00,2.383706720897563,2.383706720897563
2024-09-16 16:00:00,2.27128089716222,2.27128089716222
2024-09-16 17:00:00,2.8687354078459153,2.8687354078459153
2024-09-16 18:00:00,2.973777437143387,2.973777437143387
2024-09-16 19:00:00,2.7505328965584233,2.7505328965584233
2024-09-16 20:00:00,3.1798945561438057,3.1798945561438057
2024-09-16 21:00:00,2.855710890957445,2.855710890957445
2024-09-16 22:00:00,0.0,0.0
2024-09-16 23:00:00,0.0,0.0
2024-09-17 00:00:00,0.0,0.0
2024-09-17 01:00:00,0.0,0.0
2024-09-17 02:00:00,0.0,0.0
2024-09-17 03:00:00,0.0,0.0
2024-09-17 04:00:00,0.0,0.0
2024-09-17 05:00:00,0.0,0.0
2024-09-17 06:00:00,0.0,0.0
2024-09-17 07:00:00,0.0,0.0
2024-09-17 08:00:00,0.0,0.0
2024-09-17 09:00:00,0.0,0.0
2024-09-17 10:00:00,0.1144472691277737,0.1144472691277737
2024-09-17 11:00:00,0.445678182190939,0.445678182190939
2024-09-17 12:00:00,0.7530703090526841,0.7530703090526841
2024-09-17 13:00:00,1.4533552135710386,1.4533552135710386
2024-09-17 14:00:00,1.7372951677535513,1.7372951677535513
2024-09-17 15:00:00,2.7039706570476216,2.7039706570476216
2024-09-17 16:00:00,2.557665451850426,2.557665451850426
2024-09-17 17:00:00,2.6099234240098346,2.6099234240098346
2024-09-17 18:00:00,3.490982335943859,3.490982335943859
2024-09-17 19:00:00,3.3307596937095987,3.3307596937095987
2024-09-17 20:00:00,3.0140003692976935,3.0140003692976935
2024-09-17 21:00:00,3.3383043222863984,3.3383043222863984
2024-09-17 22:00:00,0.0,0.0
2024-09-17 23:00:00,0.0,0.0
2024-09-18 00:00:00,0.0,0.0
2024-09-18 01:00:00,0.0,0.0
2024-09-18 02:00:00,0.0,0.0
2024-09-18 03:00:00,0.0,0.0
2024-09-18 04:00:00,0.0,0.0
2024-09-18 05:00:00,0.0,0.0
2024-09-18 06:00:00,0.0,0.0
2024-09-18 07:00:00,0.0,0.0
2024-09-18 08:00:00,0.0,0.0
2024-09-18 09:00:00,0.0,0.0
2024-09-18 10:00:00,0.1192979970973866,0.1192979970973866
2024-09-18 11:00:00,0.3523014157642258,0.3523014157642258
2024-09-18 12:00:00,0.7727664472467024,0.7727664472467024
2024-09-18 13:00:00,1.3293250890954098,1.3293250890954098
2024-09-18 14:00:00,1.581652005216057,1.581652005216057
2024-09-18 15:00:00,2.524861871319058,2.524861871319058
2024-09-18 16:00:00,2.6341967379984745,2.6341967379984745
2024-09-18 17:00:00,3.0215613130510603,3.0215613130510603
2024-09-18 18:00:00,3.0193645359483785,3.0193645359483785
2024-09-18 19:00:00,3.210937216215234,3.210937216215234
2024-09-18 20:00:00,3.127613574204626,3.127613574204626
2024-09-18 21:00:00,2.5097105295088746,2.5097105295088746
2024-09-18 22:00:00,0.0,0.0
2024-09-18 23:00:00,0.0,0.0
2024-09-19 00:00:00,0.0,0.0
2024-09-19 01:00:00,0.0,0.0
2024-09-19 02:00:00,0.0,0.0
2024-09-19 03:00:00,0.0,0.0
2024-09-19 04:00:00,0.0,0.0
2024-09-19 05:00:00,0.0,0.0
2024-09-19 06:00:00,0.0,0.0
2024-09-19 07:00:00,0.0,0.0
2024-09-19 08:00:00,0.0,0.0
2024-09-19 09:00:00,0.0,0.0
2024-09-19 10:00:00,0.10110235447076699,0.10110235447076699
2024-09-19 11:00:00,0.3499248776745756,0.3499248776745756
2024-09-19 12:00:00,0.6846043110923602,0.6846043110923602
2024-09-19 13:00:00,1.485651038573095,1.485651038573095
2024-09-19 14:00:00,1.75122379451446,1.75122379451446
2024-09-19 15:00:00,2.2569948810706446,2.2569948810706446
2024-09-19 16:00:00,2.5661901684467776,2.5661901684467776
2024-09-19 17:00:00,3.0854054239029045,3.0854054239029045
2024-09-19 18:00:00,3.619745364176015,3.619745364176015
2024-09-19 19:00:00,3.507122970633133,3.507122970633133
2024-09-19 20:00:00,3.2618953330935394,3.2618953330935394
2024-09-19 21:00:00,3.0098155769014125,3.0098155769014125
2024-09-19 22:00:00,0.0,0.0
2024-09-19 23:00:00,0.0,0.0
2024-09-20 00:00:00,0.0,0.0
2024-09-20 01:00:00,0.0,0.0
2024-09-20 02:00:00,0.0,0.0
2024-09-20 03:00:00,0.0,0.0
2024-09-20 04:00:00,0.0,0.0
2024-09-20 05:00:00,0.0,0.0
2024-09-20 06:00:00,0.0,0.0
2024-09-20 07:00:00,0.0,0.0
2024-09-20 08:00:00,0.0,0.0
2024-09-20 09:00:00,0.0,0.0
2024-09-20 10:00:00,0.11739470828807684,0.11739470828807684
2024-09-20 11:00:00,0.4696036354240591,0.4696036354240591
2024-09-20 12:00:00,0.6537521841603295,0.6537521841603295
2024-09-20 13:00:00,1.3999916961456629,1.3999916961456629
2024-09-20 14:00:00,1.681190854375452,1.681190854375452
2024-09-20 15:00:00,2.4082692091622007,2.4082692091622007
2024-09-20 16:00:00,2.1897522094182165,2.1897522094182165
2024-09-20 17:00:00,2.7142368839170454,2.7142368839170454
2024-09-20 18:00:00,3.6899253656965105,3.6899253656965105
2024-09-20 19:00:00,2.7009593458795367,2.7009593458795367
2024-09-20 20:00:00,3.02166259622846,3.02166259622846
2024-09-20 21:00:00,3.583925450486006,3.583925450486006
2024-09-20 22:00:00,0.0,0.0
2024-09-20 23:00:00,0.0,0.0
2024-09-21 00:00:00,0.0,0.0
2024-09-21 01:00:00,0.0,0.0
2024-09-21 02:00:00,0.0,0.0
2024-09-21 03:00:00,0.0,0.0
2024-09-21 04:00:00,0.0,0.0
2024-09-21 05:00:00,0.0,0.0
2024-09-21 06:00:00,0.0,0.0
2024-09-21 07:00:00,0.0,0.0
2024-09-21 08:00:00,0.0,0.0
2024-09-21 09:00:00,0.0,0.0
2024-09-21 10:00:00,0.06912815410637815,0.06912815410637815
2024-09-21 11:00:00,0.28195249736877614,0.28195249736877614
2024-09-21 12:00:00,0.5156038208480467,0.5156038208480467
2024-09-21 13:00:00,0.8900945806393825,0.8900945806393825
2024-09-21 14:00:00,1.373257709517115,1.373257709517115
2024-09-21 15:00:00,1.9868519708851027,1.9868519708851027
2024-09-21 16:00:00,1.6933466155067152,1.6933466155067152
2024-09-21 17:00:00,2.090849327581969,2.090849327581969
2024-09-21 18:00:00,2.7021953456448804,2.7021953456448804
2024-09-21 19:00:00,2.013348825632971,2.013348825632971
2024-09-21 20:00:00,2.1013234492386537,2.1013234492386537
2024-09-21 21:00:00,2.1545171980094757,2.1545171980094757
2024-09-21 22:00:00,0.0,0.0
2024-09-21 23:00:00,0.0,0.0
2024-09-22 00:00:00,0.0,0.0
2024-09-22 01:00:00,0.0,0.0
2024-09-22 02:00:00,0.0,0.0
2024-09-22 03:00:00,0.0,0.0
2024-09-22 04:00:00,0.0,0.0
2024-09-22 05:00:00,0.0,0.0
2024-09-22 06:00:00,0.0,0.0
2024-09-22 07:00:00,0.0,0.0
2024-09-22 08:00:00,0.0,0.0
2024-09-22 09:00:00,0.0,0.0
2024-09-22 10:00:00,0.09159733778846685,0.09159733778846685
2024-09-22 11:00:00,0.2987010696194629,0.2987010696194629
2024-09-22 12:00:00,0.4757241222486641,0.4757241222486641
2024-09-22 13:00:00,1.069534464631131,1.069534464631131
2024-09-22 14:00:00,1.1872157845801496,1.1872157845801496
2024-09-22 15:00:00,1.7518241614612822,1.7518241614612822
2024-09-22 16:00:00,1.9084803726244537,1.9084803726244537
2024-09-22 17:00:00,2.2007514008029876,2.2007514008029876
2024-09-22 18:00:00,2.3266179161403735,2.3266179161403735
2024-09-22 19:00:00,2.223736748251988,2.223736748251988
2024-09-22 20:00:00,2.5869431651467996,2.5869431651467996
2024-09-22 21:00:00,2.205835426295278,2.205835426295278
2024-09-22 22:00:00,0.0,0.0
2024-09-22 23:00:00,0.0,0.0
2024-09-23 00:00:00,0.0,0.0
2024-09-23 01:00:00,0.0,0.0
2024-09-23 02:00:00,0.0,0.0
2024-09-23 03:00:00,0.0,0.0
2024-09-23 04:00:00,0.0,0.0
2024-09-23 05:00:00,0.0,0.0
2024-09-23 06:00:00,0.0,0.0
2024-09-23 07:00:00,0.0,0.0
2024-09-23 08:00:00,0.0,0.0
2024-09-23 09:00:00,0.0,0.0
2024-09-23 10:00:00,0.12191699381363248,0.12191699381363248
2024-09-23 11:00:00,0.36921216532576295,0.36921216532576295
2024-09-23 12:00:00,0.7474310769663132,0.7474310769663132
2024-09-23 13:00:00,1.3066235417037209,1.3066235417037209
2024-09-23 14:00:00,1.5578787269201446,1.5578787269201446
2024-09-23 15:00:00,2.5353230210612696,2.5353230210612696
2024-09-23 16:00:00,2.640663154571524,2.640663154571524
2024-09-23 17:00:00,3.12714243839532,3.12714243839532
2024-09-23 18:00:00,3.0659210552086917,3.0659210552086917
2024-09-23 19:00:00,2.726617615518801,2.726617615518801
2024-09-23 20:00:00,3.5413356126248954,3.5413356126248954
2024-09-23 21:00:00,3.4519770373739695,3.4519770373739695
2024-09-23 22:00:00,0.0,0.0
2024-09-23 23:00:00,0.0,0.0
2024-09-24 00:00:00,0.0,0.0
2024-09-24 01:00:00,0.0,0.0
2024-09-24 02:00:00,0.0,0.0
2024-09-24 03:00:00,0.0,0.0
2024-09-24 04:00:00,0.0,0.0
2024-09-24 05:00:00,0.0,0.0
2024-09-24 06:00:00,0.0,0.0
2024-09-24 07:00:00,0.0,0.0
2024-09-24 08:00:00,0.0,0.0
2024-09-24 09:00:00,0.0,0.0
2024-09-24 10:00:00,0.12865806082135314,0.12865806082135314
2024-09-24 11:00:00,0.41539242458950754,0.41539242458950754
2024-09-24 12:00:00,0.8307008349806843,0.8307008349806843
2024-09-24 13:00:00,1.4658894340104265,1.4658894340104265
2024-09-24 14:00:00,1.7367620655128004,1.7367620655128004
2024-09-24 15:00:00,2.172447215245718,2.172447215245718
2024-09-24 16:00:00,2.3573276840997472,2.3573276840997472
2024-09-24 17:00:00,3.061893311795748,3.061893311795748
2024-09-24 18:00:00,3.549416903491019,3.549416903491019
2024-09-24 19:00:00,2.864508886057993,2.864508886057993
2024-09-24 20:00:00,3.324629215788435,3.324629215788435
2024-09-24 21:00:00,2.73962866479412,2.73962866479412
2024-09-24 22:00:00,0.0,0.0
2024-09-24 23:00:00,0.0,0.0
2024-09-25 00:00:00,0.0,0.0
2024-09-25 01:00:00,0.0,0.0
2024-09-25 02:00:00,0.0,0.0
2024-09-25 03:00:00,0.0,0.0
2024-09-25 04:00:00,0.0,0.0
2024-09-25 05:00:00,0.0,0.0
2024-09-25 06:00:00,0.0,0.0
2024-09-25 07:00:00,0.0,0.0
2024-09-25 08:00:00,0.0,0.0
2024-09-25 09:00:00,0.0,0.0
2024-09-25 10:00:00,0.08743728066260234,0.08743728066260234
2024-09-25 11:00:00,0.34864920530349985,0.34864920530349985
2024-09-25 12:00:00,0.5652207263292635,0.5652207263292635
2024-09-25 13:00:00,1.3156351503609651,1.3156351503609651
2024-09-25 14:00:00,1.8079603590228377,1.8079603590228377
2024-09-25 15:00:00,2.041824543820492,2.041824543820492
2024-09-25 16:00:00,2.4495374806053625,2.4495374806053625
2024-09-25 17:00:00,2.9153145650924226,2.9153145650924226
2024-09-25 18:00:00,2.804616521931044,2.804616521931044
2024-09-25 19:00:00,2.9193497954916783,2.9193497954916783
2024-09-25 20:00:00,2.6637234464221664,2.6637234464221664
2024-09-25 21:00:00,2.4429466541084044,2.4429466541084044
2024-09-25 22:00:00,0.0,0.0
2024-09-25 23:00:00,0.0,0.0
2024-09-26 00:00:00,0.0,0.0
2024-09-26 01:00:00,0.0,0.0
2024-09-26 02:00:00,0.0,0.0
2024-09-26 03:00:00,0.0,0.0
2024-09-26 04:00:00,0.0,0.0
2024-09-26 05:00:00,0.0,0.0
2024-09-26 06:00:00,0.0,0.0
2024-09-26 07:00:00,0.0,0.0
2024-09-26 08:00:00,0.0,0.0
2024-09-26 09:00:00,0.0,0.0
2024-09-26 10:00:00,0.1112303152290387,0.1112303152290387
2024-09-26 11:00:00,0.43941831309459867,0.43941831309459867
2024-09-26 12:00:00,0.8340424797985131,0.8340424797985131
2024-09-26 13:00:00,1.2118450128396854,1.2118450128396854
2024-09-26 14:00:00,1.844474672107198,1.844474672107198
2024-09-26 15:00:00,2.8823174467188704,2.8823174467188704
2024-09-26 16:00:00,2.2995627389077393,2.2995627389077393
2024-09-26 17:00:00,3.0692927113611765,3.0692927113611765
2024-09-26 18:00:00,3.1240420785050382,3.1240420785050382
2024-09-26 19:00:00,3.1168645437448115,3.1168645437448115
2024-09-26 20:00:00,3.5114912637809397,3.5114912637809397
2024-09-26 21:00:00,3.530195704486861,3.530195704486861
2024-09-26 22:00:00,0.0,0.0
2024-09-26 23:00:00,0.0,0.0
2024-09-27 00:00:00,0.0,0.0
2024-09-27 01:00:00,0.0,0.0
2024-09-27 02:00:00,0.0,0.0
2024-09-27 03:00:00,0.0,0.0
2024-09-27 04:00:00,0.0,0.0
2024-09-27 05:00:00,0.0,0.0
2024-09-27 06:00:00,0.0,0.0
2024-09-27 07:00:00,0.0,0.0
2024-09-27 08:00:00,0.0,0.0
2024-09-27 09:00:00,0.0,0.0
2024-09-27 10:00:00,0.11974373437740098,0.11974373437740098
2024-09-27 11:00:00,0.3730851586285862,0.3730851586285862
2024-09-27 12:00:00,0.8393770968038398,0.8393770968038398
2024-09-27 13:00:00,1.3257277720094789,1.3257277720094789
2024-09-27 14:00:00,1.6764861791802543,1.6764861791802543
2024-09-27 15:00:00,2.3889433742908546,2.3889433742908546
2024-09-27 16:00:00,2.2897659058087294,2.2897659058087294
2024-09-27 17:00:00,2.7178264051255914,2.7178264051255914
2024-09-27 18:00:00,3.2997739260648364,3.2997739260648364
2024-09-27 19:00:00,2.744765605267213,2.744765605267213
2024-09-27 20:00:00,3.2942003717046693,3.2942003717046693
2024-09-27 21:00:00,2.90277836915085,2.90277836915085
2024-09-27 22:00:00,0.0,0.0
2024-09-27 23:00:00,0.0,0.0
2024-09-28 00:00:00,0.0,0.0
2024-09-28 01:00:00,0.0,0.0
2024-09-28 02:00:00,0.0,0.0
2024-09-28 03:00:00,0.0,0.0
2024-09-28 04:00:00,0.0,0.0
2024-09-28 05:00:00,0.0,0.0
2024-09-28 06:00:00,0.0,0.0
2024-09-28 07:00:00,0.0,0.0
2024-09-28 08:00:00,0.0,0.0
2024-09-28 09:00:00,0.0,0.0
2024-09-28 10:00:00,0.0710139657444009,0.0710139657444009
2024-09-28 11:00:00,0.28342572973606067,0.28342572973606067
2024-09-28 12:00:00,0.5222100675037528,0.5222100675037528
2024-09-28 13:00:00,0.7409993332212337,0.7409993332212337
2024-09-28 14:00:00,1.1521274316082648,1.1521274316082648
2024-09-28 15:00:00,1.4216647283809423,1.4216647283809423
2024-09-28 16:00:00,1.4268607012714485,1.4268607012714485
2024-09-28 17:00:00,1.783695238679225,1.783695238679225
2024-09-28 18:00:00,1.874279584952517,1.874279584952517
2024-09-28 19:00:00,2.266361808534239,2.266361808534239
2024-09-28 20:00:00,2.1889982633591654,2.1889982633591654
2024-09-28 21:00:00,2.105473270718915,2.105473270718915
2024-09-28 22:00:00,0.0,0.0
2024-09-28 23:00:00,0.0,0.0
2024-09-29 00:00:00,0.0,0.0
2024-09-29 01:00:00,0.0,0.0
2024-09-29 02:00:00,0.0,0.0
2024-09-29 03:00:00,0.0,0.0
2024-09-29 04:00:00,0.0,0.0
2024-09-29 05:00:00,0.0,0.0
2024-09-29 06:00:00,0.0,0.0
2024-09-29 07:00:00,0.0,0.0
2024-09-29 08:00:00,0.0,0.0
2024-09-29 09:00:00,0.0,0.0
2024-09-29 10:00:00,0.06868824146717017,0.06868824146717017
2024-09-29 11:00:00,0.23362999764292144,0.23362999764292144
2024-09-29 12:00:00,0.5164388927920864,0.5164388927920864
2024-09-29 13:00:00,0.9857668689275354,0.9857668689275354
2024-09-29 14:00:00,1.22063375584608,1.22063375584608
2024-09-29 15:00:00,1.5275418887912133,1.5275418887912133
2024-09-29 16:00:00,1.4680372945792644,1.4680372945792644
2024-09-29 17:00:00,2.0365293183993054,2.0365293183993054
2024-09-29 18:00:00,2.2576623643349762,2.2576623643349762
2024-09-29 19:00:00,1.826192472505357,1.826192472505357
2024-09-29 20:00:00,2.3482256620223065,2.3482256620223065
2024-09-29 21:00:00,2.0742712784116226,2.0742712784116226
2024-09-29 22:00:00,0.0,0.0
2024-09-29 23:00:00,0.0,0.0
2024-09-30 00:00:00,0.0,0.0
2024-09-30 01:00:00,0.0,0.0
2024-09-30 02:00:00,0.0,0.0
2024-09-30 03:00:00,0.0,0.0
2024-09-30 04:00:00,0.0,0.0
2024-09-30 05:00:00,0.0,0.0
2024-09-30 06:00:00,0.0,0.0
2024-09-30 07:00:00,0.0,0.0
2024-09-30 08:00:00,0.0,0.0
2024-09-30 09:00:00,0.0,0.0
2024-09-30 10:00:00,0.09896376008144389,0.09896376008144389
2024-09-30 11:00:00,0.3479878818241485,0.3479878818241485
2024-09-30 12:00:00,0.7611928460201651,0.7611928460201651
2024-09-30 13:00:00,1.0640391156189077,1.0640391156189077
2024-09-30 14:00:00,1.7251254584778009,1.7251254584778009
2024-09-30 15:00:00,2.161616817899362,2.161616817899362
2024-09-30 16:00:00,1.9347281280789002,1.9347281280789002
2024-09-30 17:00:00,2.8437669639650003,2.8437669639650003
2024-09-30 18:00:00,3.4231521172392343,3.4231521172392343
2024-09-30 19:00:00,3.072781494726308,3.072781494726308
2024-09-30 20:00:00,2.987052198537586,2.987052198537586
2024-09-30 21:00:00,3.016126440504334,3.016126440504334
2024-09-30 22:00:00,0.0,0.0
2024-09-30 23:00:00,0.0,0.0
2024-10-01 00:00:00,0.0,0.0
2024-10-01 01:00:00,0.0,0.0
2024-10-01 02:00:00,0.0,0.0
2024-10-01 03:00:00,0.0,0.0
2024-10-01 04:00:00,0.0,0.0
2024-10-01 05:00:00,0.0,0.0
2024-10-01 06:00:00,0.0,0.0
2024-10-01 07:00:00,0.0,0.0
2024-10-01 08:00:00,0.0,0.0
2024-10-01 09:00:00,0.0,0.0
2024-10-01 10:00:00,0.1329325882134139,0.1329325882134139
2024-10-01 11:00:00,0.36087595729974076,0.36087595729974076
2024-10-01 12:00:00,0.6540730452769304,0.6540730452769304
2024-10-01 13:00:00,1.5040194249240473,1.5040194249240473
2024-10-01 14:00:00,1.7403850980201339,1.7403850980201339
2024-10-01 15:00:00,2.705819245511318,2.705819245511318
2024-10-01 16:00:00,2.652568971577433,2.652568971577433
2024-10-01 17:00:00,3.1395155651586175,3.1395155651586175
2024-10-01 18:00:00,3.43812245282836,3.43812245282836
2024-10-01 19:00:00,3.3788051702638784,3.3788051702638784
2024-10-01 20:00:00,3.3508676862273443,3.3508676862273443
2024-10-01 21:00:00,3.107030929688934,3.107030929688934
2024-10-01 22:00:00,0.0,0.0
2024-10-01 23:00:00,0.0,0.0
2024-10-02 00:00:00,0.0,0.0
2024-10-02 01:00:00,0.0,0.0
2024-10-02 02:00:00,0.0,0.0
2024-10-02 03:00:00,0.0,0.0
2024-10-02 04:00:00,0.0,0.0
2024-10-02 05:00:00,0.0,0.0
2024-10-02 06:00:00,0.0,0.0
2024-10-02 07:00:00,0.0,0.0
2024-10-02 08:00:00,0.0,0.0
2024-10-02 09:00:00,0.0,0.0
2024-10-02 10:00:00,0.10746192119460368,0.10746192119460368
2024-10-02 11:00:00,0.41211968743481264,0.41211968743481264
2024-10-02 12:00:00,0.6545355520273487,0.6545355520273487
2024-10-02 13:00:00,1.3567075077200097,1.3567075077200097
2024-10-02 14:00:00,1.4573131000431396,1.4573131000431396
2024-10-02 15:00:00,2.3645882845990087,2.3645882845990087
2024-10-02 16:00:00,2.5664449376959992,2.5664449376959992
2024-10-02 17:00:00,2.6843845341188506,2.6843845341188506
2024-10-02 18:00:00,3.2908295771313187,3.2908295771313187
2024-10-02 19:00:00,2.922580776933286,2.922580776933286
2024-10-02 20:00:00,2.6223628993703834,2.6223628993703834
2024-10-02 21:00:00,3.2050005169152667,3.2050005169152667
2024-10-02 22:00:00,0.0,0.0
2024-10-02 23:00:00,0.0,0.0
2024-10-03 00:00:00,0.0,0.0
2024-10-03 01:00:00,0.0,0.0
2024-10-03 02:00:00,0.0,0.0
2024-10-03 03:00:00,0.0,0.0
2024-10-03 04:00:00,0.0,0.0
2024-10-03 05:00:00,0.0,0.0
2024-10-03 06:00:00,0.0,0.0
2024-10-03 07:00:00,0.0,0.0
2024-10-03 08:00:00,0.0,0.0
2024-10-03 09:00:00,0.0,0.0
2024-10-03 10:00:00,0.10267250246668488,0.10267250246668488
2024-10-03 11:00:00,0.34020891833567707,0.34020891833567707
2024-10-03 12:00:00,0.5730867417530362,0.5730867417530362
2024-10-03 13:00:00,1.1776950082624282,1.1776950082624282
2024-10-03 14:00:00,1.4906483811246045,1.4906483811246045
2024-10-03 15:00:00,2.27083616134077,2.27083616134077
2024-10-03 16:00:00,2.032109093771486,2.032109093771486
2024-10-03 17:00:00,2.281725846298052,2.281725846298052
2024-10-03 18:00:00,2.786311147339817,2.786311147339817
2024-10-03 19:00:00,3.0727461364889015,3.0727461364889015
2024-10-03 20:00:00,2.571674081821873,2.571674081821873
2024-10-03 21:00:00,2.5746989520931196,2.5746989520931196
2024-10-03 22:00:00,0.0,0.0
2024-10-03 23:00:00,0.0,0.0
2024-10-04 00:00:00,0.0,0.0
2024-10-04 01:00:00,0.0,0.0
2024-10-04 02:00:00,0.0,0.0
2024-10-04 03:00:00,0.0,0.0
2024-10-04 04:00:00,0.0,0.0
2024-10-04 05:00:00,0.0,0.0
2024-10-04 06:00:00,0.0,0.0
2024-10-04 07:00:00,0.0,0.0
2024-10-04 08:00:00,0.0,0.0
2024-10-04 09:00:00,0.0,0.0
2024-10-04 10:00:00,0.10999016987082391,0.10999016987082391
2024-10-04 11:00:00,0.33088988019029414,0.33088988019029414
2024-10-04 12:00:00,0.6136847086891856,0.6136847086891856
2024-10-04 13:00:00,1.3058498077377847,1.3058498077377847
2024-10-04 14:00:00,1.8421532381105634,1.8421532381105634
2024-10-04 15:00:00,2.0136633905878285,2.0136633905878285
2024-10-04 16:00:00,2.7036627359060277,2.7036627359060277
2024-10-04 17:00:00,2.691403042168382,2.691403042168382
2024-10-04 18:00:00,3.005593228078326,3.005593228078326
2024-10-04 19:00:00,3.0676992974562376,3.0676992974562376
2024-10-04 20:00:00,3.4381110442220093,3.4381110442220093
2024-10-04 21:00:00,2.663346713477246,2.663346713477246
2024-10-04 22:00:00,0.0,0.0
2024-10-04 23:00:00,0.0,0.0
2024-10-05 00:00:00,0.0,0.0
2024-10-05 01:00:00,0.0,0.0
2024-10-05 02:00:00,0.0,0.0
2024-10-05 03:00:00,0.0,0.0
2024-10-05 04:00:00,0.0,0.0
2024-10-05 05:00:00,0.0,0.0
2024-10-05 06:00:00,0.0,0.0
2024-10-05 07:00:00,0.0,0.0
2024-10-05 08:00:00,0.0,0.0
2024-10-05 09:00:00,0.0,0.0
2024-10-05 10:00:00,0.09042569517294373,0.09042569517294373
2024-10-05 11:00:00,0.29011221667801107,0.29011221667801107
2024-10-05 12:00:00,0.5675348989189306,0.5675348989189306
2024-10-05 13:00:00,0.798101944099407,0.798101944099407
2024-10-05 14:00:00,1.2302775645112218,1.2302775645112218
2024-10-05 15:00:00,1.9773193769626554,1.9773193769626554
2024-10-05 16:00:00,1.676640612190035,1.676640612190035
2024-10-05 17:00:00,2.0238843501583883,2.0238843501583883
2024-10-05 18:00:00,2.1875749581462234,2.1875749581462234
2024-10-05 19:00:00,2.3098227134439786,2.3098227134439786
2024-10-05 20:00:00,1.9087708557741574,1.9087708557741574
2024-10-05 21:00:00,2.228765509819223,2.228765509819223
2024-10-05 22:00:00,0.0,0.0
2024-10-05 23:00:00,0.0,0.0
2024-10-06 00:00:00,0.0,0.0
2024-10-06 01:00:00,0.0,0.0
2024-10-06 02:00:00,0.0,0.0
2024-10-06 03:00:00,0.0,0.0
2024-10-06 04:00:00,0.0,0.0
2024-10-06 05:00:00,0.0,0.0
2024-10-06 06:00:00,0.0,0.0
2024-10-06 07:00:00,0.0,0.0
2024-10-06 08:00:00,0.0,0.0
2024-10-06 09:00:00,0.0,0.0
2024-10-06 10:00:00,0.06721089966062879,0.06721089966062879
2024-10-06 11:00:00,0.28008826127603975,0.28008826127603975
2024-10-06 12:00:00,0.5541374534286259,0.5541374534286259
2024-10-06 13:00:00,0.8695424404895027,0.8695424404895027
2024-10-06 14:00:00,1.2778062600595046,1.2778062600595046
2024-10-06 15:00:00,1.4875517792537563,1.4875517792537563
2024-10-06 16:00:00,1.9323757091800882,1.9323757091800882
2024-10-06 17:00:00,2.025982216619408,2.025982216619408
2024-10-06 18:00:00,2.3084965816521423,2.3084965816521423
2024-10-06 19:00:00,2.1317095338702785,2.1317095338702785
2024-10-06 20:00:00,2.4039213860423785,2.4039213860423785
2024-10-06 21:00:00,1.9712584830104458,1.9712584830104458
2024-10-06 22:00:00,0.0,0.0
2024-10-06 23:00:00,0.0,0.0
2024-10-07 00:00:00,0.0,0.0
2024-10-07 01:00:00,0.0,0.0
2024-10-07 02:00:00,0.0,0.0
2024-10-07 03:00:00,0.0,0.0
2024-10-07 04:00:00,0.0,0.0
2024-10-07 05:00:00,0.0,0.0
2024-10-07 06:00:00,0.0,0.0
2024-10-07 07:00:00,0.0,0.0
2024-10-07 08:00:00,0.0,0.0
2024-10-07 09:00:00,0.0,0.0
2024-10-07 10:00:00,0.12468409655524752,0.12468409655524752
2024-10-07 11:00:00,0.4387036082202181,0.4387036082202181
2024-10-07 12:00:00,0.8334086655966719,0.8334086655966719
2024-10-07 13:00:00,1.4222956149698491,1.4222956149698491
2024-10-07 14:00:00,1.906661411875729,1.906661411875729
2024-10-07 15:00:00,2.2221866382340147,2.2221866382340147
2024-10-07 16:00:00,2.749763806921108,2.749763806921108
2024-10-07 17:00:00,3.0528410903390406,3.0528410903390406
2024-10-07 18:00:00,3.401288274614005,3.401288274614005
2024-10-07 19:00:00,3.4516684365404684,3.4516684365404684
2024-10-07 20:00:00,2.857290899891868,2.857290899891868
2024-10-07 21:00:00,3.5393968208044306,3.5393968208044306
2024-10-07 22:00:00,0.0,0.0
2024-10-07 23:00:00,0.0,0.0
2024-10-08 00:00:00,0.0,0.0
2024-10-08 01:00:00,0.0,0.0
2024-10-08 02:00:00,0.0,0.0
2024-10-08 03:00:00,0.0,0.0
2024-10-08 04:00:00,0.0,0.0
2024-10-08 05:00:00,0.0,0.0
2024-10-08 06:00:00,0.0,0.0
2024-10-08 07:00:00,0.0,0.0
2024-10-08 08:00:00,0.0,0.0
2024-10-08 09:00:00,0.0,0.0
2024-10-08 10:00:00,0.10096907430015141,0.10096907430015141
2024-10-08 11:00:00,0.43366497228746964,0.43366497228746964
2024-10-08 12:00:00,0.641532233157742,0.641532233157742
2024-10-08 13:00:00,1.4085330241887644,1.4085330241887644
2024-10-08 14:00:00,1.5760821599478514,1.5760821599478514
2024-10-08 15:00:00,2.2797444347837628,2.2797444347837628
2024-10-08 16:00:00,2.4618762752276346,2.4618762752276346
2024-10-08 17:00:00,2.6767946178406845,2.6767946178406845
2024-10-08 18:00:00,2.8284207307868408,2.8284207307868408
2024-10-08 19:00:00,3.178585291327344,3.178585291327344
2024-10-08 20:00:00,2.778801059732652,2.778801059732652
2024-10-08 21:00:00,3.2093635678711663,3.2093635678711663
2024-10-08 22:00:00,0.0,0.0
2024-10-08 23:00:00,0.0,0.0
2024-10-09 00:00:00,0.0,0.0
2024-10-09 01:00:00,0.0,0.0
2024-10-09 02:00:00,0.0,0.0
2024-10-09 03:00:00,0.0,0.0
2024-10-09 04:00:00,0.0,0.0
2024-10-09 05:00:00,0.0,0.0
2024-10-09 06:00:00,0.0,0.0
2024-10-09 07:00:00,0.0,0.0
2024-10-09 08:00:00,0.0,0.0
2024-10-09 09:00:00,0.0,0.0
2024-10-09 10:00:00,0.09694965394025354,0.09694965394025354
2024-10-09 11:00:00,0.31904138592330744,0.31904138592330744
2024-10-09 12:00:00,0.6805619077936732,0.6805619077936732
2024-10-09 13:00:00,1.0381613093800828,1.0381613093800828
2024-10-09 14:00:00,1.5729270158744697,1.5729270158744697
2024-10-09 15:00:00,1.9798113641413815,1.9798113641413815
2024-10-09 16:00:00,1.9404029232839848,1.9404029232839848
2024-10-09 17:00:00,2.582896725795116,2.582896725795116
2024-10-09 18:00:00,2.8030391572450997,2.8030391572450997
2024-10-09 19:00:00,2.7680871149379263,2.7680871149379263
2024-10-09 20:00:00,2.574022858328436,2.574022858328436
2024-10-09 21:00:00,3.181812596170784,3.181812596170784
2024-10-09 22:00:00,0.0,0.0
2024-10-09 23:00:00,0.0,0.0
2024-10-10 00:00:00,0.0,0.0
2024-10-10 01:00:00,0.0,0.0
2024-10-10 02:00:00,0.0,0.0
2024-10-10 03:00:00,0.0,0.0
2024-10-10 04:00:00,0.0,0.0
2024-10-10 05:00:00,0.0,0.0
2024-10-10 06:00:00,0.0,0.0
2024-10-10 07:00:00,0.0,0.0
2024-10-10 08:00:00,0.0,0.0
2024-10-10 09:00:00,0.0,0.0
2024-10-10 10:00:00,0.12416815479626614,0.12416815479626614
2024-10-10 11:00:00,0.34869178417125535,0.34869178417125535
2024-10-10 12:00:00,0.7894202223147402,0.7894202223147402
2024-10-10 13:00:00,1.4076185821761025,1.4076185821761025
2024-10-10 14:00:00,1.7648729622108352,1.7648729622108352
2024-10-10 15:00:00,2.1666448259708075,2.1666448259708075
2024-10-10 16:00:00,2.8166406605733676,2.8166406605733676
2024-10-10 17:00:00,3.244806893414943,3.244806893414943
2024-10-10 18:00:00,3.160200731684831,3.160200731684831
2024-10-10 19:00:00,2.944576434697175,2.944576434697175
2024-10-10 20:00:00,3.2367243385725812,3.2367243385725812
2024-10-10 21:00:00,3.4622315364842833,3.4622315364842833
2024-10-10 22:00:00,0.0,0.0
2024-10-10 23:00:00,0.0,0.0
2024-10-11 00:00:00,0.0,0.0
2024-10-11 01:00:00,0.0,0.0
2024-10-11 02:00:00,0.0,0.0
2024-10-11 03:00:00,0.0,0.0
2024-10-11 04:00:00,0.0,0.0
2024-10-11 05:00:00,0.0,0.0
2024-10-11 06:00:00,0.0,0.0
2024-10-11 07:00:00,0.0,0.0
2024-10-11 08:00:00,0.0,0.0
2024-10-11 09:00:00,0.0,0.0
2024-10-11 10:00:00,0.11266633308385947,0.11266633308385947
2024-10-11 11:00:00,0.35529904481348085,0.35529904481348085
2024-10-11 12:00:00,0.6395291960018679,0.6395291960018679
2024-10-11 13:00:00,1.460551165801656,1.460551165801656
2024-10-11 14:00:00,1.5276297089705442,1.5276297089705442
2024-10-11 15:00:00,2.3893450343943288,2.3893450343943288
2024-10-11 16:00:00,2.732566175573186,2.732566175573186
2024-10-11 17:00:00,2.8946362593777293,2.8946362593777293
2024-10-11 18:00:00,3.180409316041859,3.180409316041859
2024-10-11 19:00:00,2.8560223502425455,2.8560223502425455
2024-10-11 20:00:00,2.749061964706084,2.749061964706084
2024-10-11 21:00:00,3.344212873120414,3.344212873120414
2024-10-11 22:00:00,0.0,0.0
2024-10-11 23:00:00,0.0,0.0
2024-10-12 00:00:00,0.0,0.0
2024-10-12 01:00:00,0.0,0.0
2024-10-12 02:00:00,0.0,0.0
2024-10-12 03:00:00,0.0,0.0
2024-10-12 04:00:00,0.0,0.0
2024-10-12 05:00:00,0.0,0.0
2024-10-12 06:00:00,0.0,0.0
2024-10-12 07:00:00,0.0,0.0
2024-10-12 08:00:00,0.0,0.0
2024-10-12 09:00:00,0.0,0.0
2024-10-12 10:00:00,0.07868253333186678,0.07868253333186678
2024-10-12 11:00:00,0.315875955636393,0.315875955636393
2024-10-12 12:00:00,0.48088685349795113,0.48088685349795113
2024-10-12 13:00:00,0.9419332079679922,0.9419332079679922
2024-10-12 14:00:00,1.0913152868065987,1.0913152868065987
2024-10-12 15:00:00,1.856911433571234,1.856911433571234
2024-10-12 16:00:00,1.8078269216161027,1.8078269216161027
2024-10-12 17:00:00,2.162676814744222,2.162676814744222
2024-10-12 18:00:00,2.1700011853654546,2.1700011853654546
2024-10-12 19:00:00,2.2758441092498405,2.2758441092498405
2024-10-12 20:00:00,2.007685029490764,2.007685029490764
2024-10-12 21:00:00,2.1192200664698304,2.1192200664698304
2024-10-12 22:00:00,0.0,0.0
2024-10-12 23:00:00,0.0,0.0
2024-10-13 00:00:00,0.0,0.0
2024-10-13 01:00:00,0.0,0.0
2024-10-13 02:00:00,0.0,0.0
2024-10-13 03:00:00,0.0,0.0
2024-10-13 04:00:00,0.0,0.0
2024-10-13 05:00:00,0.0,0.0
2024-10-13 06:00:00,0.0,0.0
2024-10-13 07:00:00,0.0,0.0
2024-10-13 08:00:00,0.0,0.0
2024-10-13 09:00:00,0.0,0.0
2024-10-13 10:00:00,0.08687092971030977,0.08687092971030977
2024-10-13 11:00:00,0.313002238133822,0.313002238133822
2024-10-13 12:00:00,0.4758304654231576,0.4758304654231576
2024-10-13 13:00:00,0.8492174784453331,0.8492174784453331
2024-10-13 14:00:00,1.412171401012623,1.412171401012623
2024-10-13 15:00:00,1.6481126601298617,1.6481126601298617
2024-10-13 16:00:00,1.8646666412825177,1.8646666412825177
2024-10-13 17:00:00,2.2081254427012627,2.2081254427012627
2024-10-13 18:00:00,2.3716603914763623,2.3716603914763623
2024-10-13 19:00:00,1.9178174176070681,1.9178174176070681
2024-10-13 20:00:00,2.1541717625332653,2.1541717625332653
2024-10-13 21:00:00,2.4951408173336325,2.4951408173336325
2024-10-13 22:00:00,0.0,0.0
2024-10-13 23:00:00,0.0,0.0
2024-10-14 00:00:00,0.0,0.0
2024-10-14 01:00:00,0.0,0.0
2024-10-14 02:00:00,0.0,0.0
2024-10-14 03:00:00,0.0,0.0
2024-10-14 04:00:00,0.0,0.0
2024-10-14 05:00:00,0.0,0.0
2024-10-14 06:00:00,0.0,0.0
2024-10-14 07:00:00,0.0,0.0
2024-10-14 08:00:00,0.0,0.0
2024-10-14 09:00:00,0.0,0.0
2024-10-14 10:00:00,0.09396054807017659,0.09396054807017659
2024-10-14 11:00:00,0.3249507361543062,0.3249507361543062
2024-10-14 12:00:00,0.7231018925818804,0.7231018925818804
2024-10-14 13:00:00,1.3374461463195262,1.3374461463195262
2024-10-14 14:00:00,1.3840978209046428,1.3840978209046428
2024-10-14 15:00:00,2.518444850202827,2.518444850202827
2024-10-14 16:00:00,2.2243159729647592,2.2243159729647592
2024-10-14 17:00:00,2.2906838475957465,2.2906838475957465
2024-10-14 18:00:00,2.851728932136615,2.851728932136615
2024-10-14 19:00:00,2.8112162818468485,2.8112162818468485
2024-10-14 20:00:00,2.6517174979111524,2.6517174979111524
2024-10-14 21:00:00,3.0180870196863503,3.0180870196863503
2024-10-14 22:00:00,0.0,0.0
2024-10-14 23:00:00,0.0,0.0
2024-10-15 00:00:00,0.0,0.0
2024-10-15 01:00:00,0.0,0.0
2024-10-15 02:00:00,0.0,0.0
2024-10-15 03:00:00,0.0,0.0
2024-10-15 04:00:00,0.0,0.0
2024-10-15 05:00:00,0.0,0.0
2024-10-15 06:00:00,0.0,0.0
2024-10-15 07:00:00,0.0,0.0
2024-10-15 08:00:00,0.0,0.0
2024-10-15 09:00:00,0.0,0.0
2024-10-15 10:00:00,0.1094059478547555,0.1094059478547555
2024-10-15 11:00:00,0.3577999288220185,0.3577999288220185
2024-10-15 12:00:00,0.7276403553845249,0.7276403553845249
2024-10-15 13:00:00,1.3349835643882675,1.3349835643882675
2024-10-15 14:00:00,1.4194727897470198,1.4194727897470198
2024-10-15 15:00:00,2.0251925848415966,2.0251925848415966
2024-10-15 16:00:00,2.1619934649890205,2.1619934649890205
2024-10-15 17:00:00,2.7963393690068052,2.7963393690068052
2024-10-15 18:00:00,3.258559286585342,3.258559286585342
2024-10-15 19:00:00,2.7960438412964046,2.7960438412964046
2024-10-15 20:00:00,2.7807880567694023,2.7807880567694023
2024-10-15 21:00:00,2.6409596708985563,2.6409596708985563
2024-10-15 22:00:00,0.0,0.0
2024-10-15 23:00:00,0.0,0.0
2024-10-16 00:00:00,0.0,0.0
2024-10-16 01:00:00,0.0,0.0
2024-10-16 02:00:00,0.0,0.0
2024-10-16 03:00:00,0.0,0.0
2024-10-16 04:00:00,0.0,0.0
2024-10-16 05:00:00,0.0,0.0
2024-10-16 06:00:00,0.0,0.0
2024-10-16 07:00:00,0.0,0.0
2024-10-16 08:00:00,0.0,0.0
2024-10-16 09:00:00,0.0,0.0
2024-10-16 10:00:00,0.1266452645407547,0.1266452645407547
2024-10-16 11:00:00,0.4453966222206064,0.4453966222206064
2024-10-16 12:00:00,0.6336963361239243,0.6336963361239243
2024-10-16 13:00:00,1.2802541986124578,1.2802541986124578
2024-10-16 14:00:00,1.478746529066102,1.478746529066102
2024-10-16 15:00:00,2.6221812068698633,2.6221812068698633
2024-10-16 16:00:00,2.7303828665325405,2.7303828665325405
2024-10-16 17:00:00,2.8198349514103205,2.8198349514103205
2024-10-16 18:00:00,2.9411555646417105,2.9411555646417105
2024-10-16 19:00:00,2.9935616379331855,2.9935616379331855
2024-10-16 20:00:00,2.7775969935438956,2.7775969935438956
2024-10-16 21:00:00,2.6709273932352873,2.6709273932352873
2024-10-16 22:00:00,0.0,0.0
2024-10-16 23:00:00,0.0,0.0
2024-10-17 00:00:00,0.0,0.0
2024-10-17 01:00:00,0.0,0.0
2024-10-17 02:00:00,0.0,0.0
2024-10-17 03:00:00,0.0,0.0
2024-10-17 04:00:00,0.0,0.0
2024-10-17 05:00:00,0.0,0.0
2024-10-17 06:00:00,0.0,0.0
2024-10-17 07:00:00,0.0,0.0
2024-10-17 08:00:00,0.0,0.0
2024-10-17 09:00:00,0.0,0.0
2024-10-17 10:00:00,0.11242730844676446,0.11242730844676446
2024-10-17 11:00:00,0.4080601047663923,0.4080601047663923
2024-10-17 12:00:00,0.6898246906880345,0.6898246906880345
2024-10-17 13:00:00,1.3186189801576673,1.3186189801576673
2024-10-17 14:00:00,2.005477734265396,2.005477734265396
2024-10-17 15:00:00,2.7349156221010547,2.7349156221010547
2024-10-17 16:00:00,2.237430267588098,2.237430267588098
2024-10-17 17:00:00,3.2692977834491685,3.2692977834491685
2024-10-17 18:00:00,3.337242123544667,3.337242123544667
2024-10-17 19:00:00,3.4204786508677216,3.4204786508677216
2024-10-17 20:00:00,3.1968590675348865,3.1968590675348865
2024-10-17 21:00:00,3.4863696784897793,3.4863696784897793
2024-10-17 22:00:00,0.0,0.0
2024-10-17 23:00:00,0.0,0.0
2024-10-18 00:00:00,0.0,0.0
2024-10-18 01:00:00,0.0,0.0
2024-10-18 02:00:00,0.0,0.0
2024-10-18 03:00:00,0.0,0.0
2024-10-18 04:00:00,0.0,0.0
2024-10-18 05:00:00,0.0,0.0
2024-10-18 06:00:00,0.0,0.0
2024-10-18 07:00:00,0.0,0.0
2024-10-18 08:00:00,0.0,0.0
2024-10-18 09:00:00,0.0,0.0
2024-10-18 10:00:00,0.10933501997367989,0.10933501997367989
2024-10-18 11:00:00,0.4606306345460915,0.4606306345460915
2024-10-18 12:00:00,0.7532635602957721,0.7532635602957721
2024-10-18 13:00:00,1.335264743606787,1.335264743606787
2024-10-18 14:00:00,1.545813899348052,1.545813899348052
2024-10-18 15:00:00,2.252981446551082,2.252981446551082
2024-10-18 16:00:00,2.299625241765279,2.299625241765279
2024-10-18 17:00:00,2.9723495262482635,2.9723495262482635
2024-10-18 18:00:00,2.9920240468286057,2.9920240468286057
2024-10-18 19:00:00,3.313550223194043,3.313550223194043
2024-10-18 20:00:00,2.956256932743752,2.956256932743752
2024-10-18 21:00:00,3.3316584243526037,3.3316584243526037
2024-10-18 22:00:00,0.0,0.0
2024-10-18 23:00:00,0.0,0.0
2024-10-19 00:00:00,0.0,0.0
2024-10-19 01:00:00,0.0,0.0
2024-10-19 02:00:00,0.0,0.0
2024-10-19 03:00:00,0.0,0.0
2024-10-19 04:00:00,0.0,0.0
2024-10-19 05:00:00,0.0,0.0
2024-10-19 06:00:00,0.0,0.0
2024-10-19 07:00:00,0.0,0.0
2024-10-19 08:00:00,0.0,0.0
2024-10-19 09:00:00,0.0,0.0
2024-10-19 10:00:00,0.08633364591863697,0.08633364591863697
2024-10-19 11:00:00,0.30826605371258475,0.30826605371258475
2024-10-19 12:00:00,0.5264533828828666,0.5264533828828666
2024-10-19 13:00:00,0.7666994704582211,0.7666994704582211
2024-10-19 14:00:00,1.0121780678428405,1.0121780678428405
2024-10-19 15:00:00,1.8929412278569715,1.8929412278569715
2024-10-19 16:00:00,1.8330421665526775,1.8330421665526775
2024-10-19 17:00:00,1.9246479741382028,1.9246479741382028
2024-10-19 18:00:00,2.150836677853828,2.150836677853828
2024-10-19 19:00:00,1.8724436510708038,1.8724436510708038
2024-10-19 20:00:00,2.14471216617264,2.14471216617264
2024-10-19 21:00:00,2.173243089571637,2.173243089571637
2024-10-19 22:00:00,0.0,0.0
2024-10-19 23:00:00,0.0,0.0
2024-10-20 00:00:00,0.0,0.0
2024-10-20 01:00:00,0.0,0.0
2024-10-20 02:00:00,0.0,0.0
2024-10-20 03:00:00,0.0,0.0
2024-10-20 04:00:00,0.0,0.0
2024-10-20 05:00:00,0.0,0.0
2024-10-20 06:00:00,0.0,0.0
2024-10-20 07:00:00,0.0,0.0
2024-10-20 08:00:00,0.0,0.0
2024-10-20 09:00:00,0.0,0.0
2024-10-20 10:00:00,0.08113582460199842,0.08113582460199842
2024-10-20 11:00:00,0.2417376153857875,0.2417376153857875
2024-10-20 12:00:00,0.4239021916663973,0.4239021916663973
2024-10-20 13:00:00,0.8348414325344077,0.8348414325344077
2024-10-20 14:00:00,1.15539634570891,1.15539634570891
2024-10-20 15:00:00,1.7560423118179112,1.7560423118179112
2024-10-20 16:00:00,1.7947940037012171,1.7947940037012171
2024-10-20 17:00:00,1.940288005820401,1.940288005820401
2024-10-20 18:00:00,2.361425737682159,2.361425737682159
2024-10-20 19:00:00,2.0814954456510515,2.0814954456510515
2024-10-20 20:00:00,1.938065315904106,1.938065315904106
2024-10-20 21:00:00,2.199180868172184,2.199180868172184
2024-10-20 22:00:00,0.0,0.0
2024-10-20 23:00:00,0.0,0.0
2024-10-21 00:00:00,0.0,0.0
2024-10-21 01:00:00,0.0,0.0
2024-10-21 02:00:00,0.0,0.0
2024-10-21 03:00:00,0.0,0.0
2024-10-21 04:00:00,0.0,0.0
2024-10-21 05:00:00,0.0,0.0
2024-10-21 06:00:00,0.0,0.0
2024-10-21 07:00:00,0.0,0.0
2024-10-21 08:00:00,0.0,0.0
2024-10-21 09:00:00,0.0,0.0
2024-10-21 10:00:00,0.12500803288015186,0.12500803288015186
2024-10-21 11:00:00,0.39712136962908506,0.39712136962908506
2024-10-21 12:00:00,0.8070324566625681,0.8070324566625681
2024-10-21 13:00:00,1.1917556201075896,1.1917556201075896
2024-10-21 14:00:00,1.7512569761378995,1.7512569761378995
2024-10-21 15:00:00,2.1841971460153515,2.1841971460153515
2024-10-21 16:00:00,2.849583496932391,2.849583496932391
2024-10-21 17:00:00,2.811747597886556,2.811747597886556
2024-10-21 18:00:00,3.0451091279215694,3.0451091279215694
2024-10-21 19:00:00,2.8192911723569924,2.8192911723569924
2024-10-21 20:00:00,2.8686070591674624,2.8686070591674624
2024-10-21 21:00:00,2.798006447622186,2.798006447622186
2024-10-21 22:00:00,0.0,0.0
2024-10-21 23:00:00,0.0,0.0
2024-10-22 00:00:00,0.0,0.0
2024-10-22 01:00:00,0.0,0.0
2024-10-22 02:00:00,0.0,0.0
2024-10-22 03:00:00,0.0,0.0
2024-10-22 04:00:00,0.0,0.0
2024-10-22 05:00:00,0.0,0.0
2024-10-22 06:00:00,0.0,0.0
2024-10-22 07:00:00,0.0,0.0
2024-10-22 08:00:00,0.0,0.0
2024-10-22 09:00:00,0.0,0.0
2024-10-22 10:00:00,0.1088918508604103,0.1088918508604103
2024-10-22 11:00:00,0.45379760875662345,0.45379760875662345
2024-10-22 12:00:00,0.8319441228524372,0.8319441228524372
2024-10-22 13:00:00,1.4216983152946507,1.4216983152946507
2024-10-22 14:00:00,2.0232270725084445,2.0232270725084445
2024-10-22 15:00:00,2.7164419415453422,2.7164419415453422
2024-10-22 16:00:00,2.7798928724050143,2.7798928724050143
2024-10-22 17:00:00,2.922227124154942,2.922227124154942
2024-10-22 18:00:00,3.3207441898052994,3.3207441898052994
2024-10-22 19:00:00,3.00196451089136,3.00196451089136
2024-10-22 20:00:00,3.2125060475810394,3.2125060475810394
2024-10-22 21:00:00,3.2350235201927764,3.2350235201927764
2024-10-22 22:00:00,0.0,0.0
2024-10-22 23:00:00,0.0,0.0
2024-10-23 00:00:00,0.0,0.0
2024-10-23 01:00:00,0.0,0.0
2024-10-23 02:00:00,0.0,0.0
2024-10-23 03:00:00,0.0,0.0
2024-10-23 04:00:00,0.0,0.0
2024-10-23 05:00:00,0.0,0.0
2024-10-23 06:00:00,0.0,0.0
2024-10-23 07:00:00,0.0,0.0
2024-10-23 08:00:00,0.0,0.0
2024-10-23 09:00:00,0.0,0.0
2024-10-23 10:00:00,0.11878863366429426,0.11878863366429426
2024-10-23 11:00:00,0.4256475185194613,0.4256475185194613
2024-10-23 12:00:00,0.6109946492323792,0.6109946492323792
2024-10-23 13:00:00,1.0775616162879627,1.0775616162879627
2024-10-23 14:00:00,1.8433942300914063,1.8433942300914063
2024-10-23 15:00:00,2.179583914892142,2.179583914892142
2024-10-23 16:00:00,2.1760259109290434,2.1760259109290434
2024-10-23 17:00:00,3.024070742736768,3.024070742736768
2024-10-23 18:00:00,2.949657702854352,2.949657702854352
2024-10-23 19:00:00,2.928949161773618,2.928949161773618
2024-10-23 20:00:00,3.411216754065818,3.411216754065818
2024-10-23 21:00:00,3.1208679945598345,3.1208679945598345
2024-10-23 22:00:00,0.0,0.0
2024-10-23 23:00:00,0.0,0.0
2024-10-24 00:00:00,0.0,0.0
2024-10-24 01:00:00,0.0,0.0
2024-10-24 02:00:00,0.0,0.0
2024-10-24 03:00:00,0.0,0.0
2024-10-24 04:00:00,0.0,0.0
2024-10-24 05:00:00,0.0,0.0
2024-10-24 06:00:00,0.0,0.0
2024-10-24 07:00:00,0.0,0.0
2024-10-24 08:00:00,0.0,0.0
2024-10-24 09:00:00,0.0,0.0
2024-10-24 10:00:00,0.11949778362263704,0.11949778362263704
2024-10-24 11:00:00,0.39357196655903115,0.39357196655903115
2024-10-24 12:00:00,0.7303907363444491,0.7303907363444491
2024-10-24 13:00:00,1.1016201929258156,1.1016201929258156
2024-10-24 14:00:00,1.5546507608066247,1.5546507608066247
2024-10-24 15:00:00,2.1196468235493846,2.1196468235493846
2024-10-24 16:00:00,1.989303762727696,1.989303762727696
2024-10-24 17:00:00,2.803752663239934,2.803752663239934
2024-10-24 18:00:00,2.6232370770736066,2.6232370770736066
2024-10-24 19:00:00,3.187573946406265,3.187573946406265
2024-10-24 20:00:00,3.0972525823730663,3.0972525823730663
2024-10-24 21:00:00,2.9113619814465457,2.9113619814465457
2024-10-24 22:00:00,0.0,0.0
2024-10-24 23:00:00,0.0,0.0
2024-10-25 00:00:00,0.0,0.0
2024-10-25 01:00:00,0.0,0.0
2024-10-25 02:00:00,0.0,0.0
2024-10-25 03:00:00,0.0,0.0
2024-10-25 04:00:00,0.0,0.0
2024-10-25 05:00:00,0.0,0.0
2024-10-25 06:00:00,0.0,0.0
2024-10-25 07:00:00,0.0,0.0
2024-10-25 08:00:00,0.0,0.0
2024-10-25 09:00:00,0.0,0.0
2024-10-25 10:00:00,0.09432944554939758,0.09432944554939758
2024-10-25 11:00:00,0.3684852357359933,0.3684852357359933
2024-10-25 12:00:00,0.7511839048765745,0.7511839048765745
2024-10-25 13:00:00,1.3194200753621403,1.3194200753621403
2024-10-25 14:00:00,1.6845994369821007,1.6845994369821007
2024-10-25 15:00:00,2.507573059126016,2.507573059126016
2024-10-25 16:00:00,2.191174837179377,2.191174837179377
2024-10-25 17:00:00,2.947913660963056,2.947913660963056
2024-10-25 18:00:00,3.4390802828564877,3.4390802828564877
2024-10-25 19:00:00,2.4812384566393626,2.4812384566393626
2024-10-25 20:00:00,3.3141016965730032,3.3141016965730032
2024-10-25 21:00:00,3.2749985776469055,3.2749985776469055
2024-10-25 22:00:00,0.0,0.0
2024-10-25 23:00:00,0.0,0.0
2024-10-26 00:00:00,0.0,0.0
2024-10-26 01:00:00,0.0,0.0
2024-10-26 02:00:00,0.0,0.0
2024-10-26 03:00:00,0.0,0.0
2024-10-26 04:00:00,0.0,0.0
2024-10-26 05:00:00,0.0,0.0
2024-10-26 06:00:00,0.0,0.0
2024-10-26 07:00:00,0.0,0.0
2024-10-26 08:00:00,0.0,0.0
2024-10-26 09:00:00,0.0,0.0
2024-10-26 10:00:00,0.07897653497395594,0.07897653497395594
2024-10-26 11:00:00,0.26297557716753966,0.26297557716753966
2024-10-26 12:00:00,0.4129501121477445,0.4129501121477445
2024-10-26 13:00:00,0.8495660842960009,0.8495660842960009
2024-10-26 14:00:00,1.144282394939977,1.144282394939977
2024-10-26 15:00:00,1.7451910916325972,1.7451910916325972
2024-10-26 16:00:00,1.4316963650952483,1.4316963650952483
2024-10-26 17:00:00,1.64733823552381,1.64733823552381
2024-10-26 18:00:00,2.2244388121154075,2.2244388121154075
2024-10-26 19:00:00,1.8900466412842591,1.8900466412842591
2024-10-26 20:00:00,2.135836742702173,2.135836742702173
2024-10-26 21:00:00,1.7803580077412728,1.7803580077412728
2024-10-26 22:00:00,0.0,0.0
2024-10-26 23:00:00,0.0,0.0
2024-10-27 00:00:00,0.0,0.0
2024-10-27 01:00:00,0.0,0.0
2024-10-27 02:00:00,0.0,0.0
2024-10-27 03:00:00,0.0,0.0
2024-10-27 04:00:00,0.0,0.0
2024-10-27 05:00:00,0.0,0.0
2024-10-27 06:00:00,0.0,0.0
2024-10-27 07:00:00,0.0,0.0
2024-10-27 08:00:00,0.0,0.0
2024-10-27 09:00:00,0.0,0.0
2024-10-27 10:00:00,0.0789976956662109,0.0789976956662109
2024-10-27 11:00:00,0.29923153723857004,0.29923153723857004
2024-10-27 12:00:00,0.48059662224627214,0.48059662224627214
2024-10-27 13:00:00,0.7906079740327719,0.7906079740327719
2024-10-27 14:00:00,1.2825435971235213,1.2825435971235213
2024-10-27 15:00:00,1.6027575385382062,1.6027575385382062
2024-10-27 16:00:00,1.689222399189066,1.689222399189066
2024-10-27 17:00:00,1.8589828111390574,1.8589828111390574
2024-10-27 18:00:00,1.9225697319622683,1.9225697319622683
2024-10-27 19:00:00,1.8831840789493017,1.8831840789493017
2024-10-27 20:00:00,2.40723977471113,2.40723977471113
2024-10-27 21:00:00,2.1251053513631373,2.1251053513631373
2024-10-27 22:00:00,0.0,0.0
2024-10-27 23:00:00,0.0,0.0
2024-10-28 00:00:00,0.0,0.0
2024-10-28 01:00:00,0.0,0.0
2024-10-28 02:00:00,0.0,0.0
2024-10-28 03:00:00,0.0,0.0
2024-10-28 04:00:00,0.0,0.0
2024-10-28 05:00:00,0.0,0.0
2024-10-28 06:00:00,0.0,0.0
2024-10-28 07:00:00,0.0,0.0
2024-10-28 08:00:00,0.0,0.0
2024-10-28 09:00:00,0.0,0.0
2024-10-28 10:00:00,0.10448712693936221,0.10448712693936221
2024-10-28 11:00:00,0.37624974571274894,0.37624974571274894
2024-10-28 12:00:00,0.8298525169275643,0.8298525169275643
2024-10-28 13:00:00,1.5703564909024816,1.5703564909024816
2024-10-28 14:00:00,1.5730131808615408,1.5730131808615408
2024-10-28 15:00:00,2.29142403943809,2.29142403943809
2024-10-28 16:00:00,2.5112975734491605,2.5112975734491605
2024-10-28 17:00:00,3.373621949490206,3.373621949490206
2024-10-28 18:00:00,3.001396281135172,3.001396281135172
2024-10-28 19:00:00,2.7520246346278845,2.7520246346278845
2024-10-28 20:00:00,3.7119811627426187,3.7119811627426187
2024-10-28 21:00:00,3.14275834456798,3.14275834456798
2024-10-28 22:00:00,0.0,0.0
2024-10-28 23:00:00,0.0,0.0
2024-10-29 00:00:00,0.0,0.0
2024-10-29 01:00:00,0.0,0.0
2024-10-29 02:00:00,0.0,0.0
2024-10-29 03:00:00,0.0,0.0
2024-10-29 04:00:00,0.0,0.0
2024-10-29 05:00:00,0.0,0.0
2024-10-29 06:00:00,0.0,0.0
2024-10-29 07:00:00,0.0,0.0
2024-10-29 08:00:00,0.0,0.0
2024-10-29 09:00:00,0.0,0.0
2024-10-29 10:00:00,0.10889121834456698,0.10889121834456698
2024-10-29 11:00:00,0.34975422190264666,0.34975422190264666
2024-10-29 12:00:00,0.8252943758638355,0.8252943758638355
2024-10-29 13:00:00,1.4120469827941382,1.4120469827941382
2024-10-29 14:00:00,1.6246986342467733,1.6246986342467733
2024-10-29 15:00:00,2.274560944804741,2.274560944804741
2024-10-29 16:00:00,2.757992426008357,2.757992426008357
2024-10-29 17:00:00,3.08809195204953,3.08809195204953
2024-10-29 18:00:00,2.982846101767882,2.982846101767882
2024-10-29 19:00:00,2.784947091514586,2.784947091514586
2024-10-29 20:00:00,3.426446115321534,3.426446115321534
2024-10-29 21:00:00,3.4024771302882475,3.4024771302882475
2024-10-29 22:00:00,0.0,0.0
2024-10-29 23:00:00,0.0,0.0
2024-10-30 00:00:00,0.0,0.0
2024-10-30 01:00:00,0.0,0.0
2024-10-30 02:00:00,0.0,0.0
2024-10-30 03:00:00,0.0,0.0
2024-10-30 04:00:00,0.0,0.0
2024-10-30 05:00:00,0.0,0.0
2024-10-30 06:00:00,0.0,0.0
2024-10-30 07:00:00,0.0,0.0
2024-10-30 08:00:00,0.0,0.0
2024-10-30 09:00:00,0.0,0.0
2024-10-30 10:00:00,0.11665699065757607,0.11665699065757607
2024-10-30 11:00:00,0.33503475932341936,0.33503475932341936
2024-10-30 12:00:00,0.6215832214162853,0.6215832214162853
2024-10-30 13:00:00,1.164470513448305,1.164470513448305
2024-10-30 14:00:00,1.4078934365619387,1.4078934365619387
2024-10-30 15:00:00,2.0489454249336045,2.0489454249336045
2024-10-30 16:00:00,2.22357772103227,2.22357772103227
2024-10-30 17:00:00,2.678435018028135,2.678435018028135
2024-10-30 18:00:00,3.088138048115392,3.088138048115392
2024-10-30 19:00:00,2.402633304966601,2.402633304966601
2024-10-30 20:00:00,3.1677965865597475,3.1677965865597475
2024-10-30 21:00:00,2.665780436093107,2.665780436093107
2024-10-30 22:00:00,0.0,0.0
2024-10-30 23:00:00,0.0,0.0
2024-10-31 00:00:00,0.0,0.0
2024-10-31 01:00:00,0.0,0.0
2024-10-31 02:00:00,0.0,0.0
2024-10-31 03:00:00,0.0,0.0
2024-10-31 04:00:00,0.0,0.0
2024-10-31 05:00:00,0.0,0.0
2024-10-31 06:00:00,0.0,0.0
2024-10-31 07:00:00,0.0,0.0
2024-10-31 08:00:00,0.0,0.0
2024-10-31 09:00:00,0.0,0.0
2024-10-31 10:00:00,0.11296779688684305,0.11296779688684305
2024-10-31 11:00:00,0.42591795077023914,0.42591795077023914
2024-10-31 12:00:00,0.6027917705350025,0.6027917705350025
2024-10-31 13:00:00,1.2997938290809143,1.2997938290809143
2024-10-31 14:00:00,1.570922786444768,1.570922786444768
2024-10-31 15:00:00,2.2040825017995584,2.2040825017995584
2024-10-31 16:00:00,1.959116670792725,1.959116670792725
2024-10-31 17:00:00,3.0440363116886244,3.0440363116886244
2024-10-31 18:00:00,3.1541023293491115,3.1541023293491115
2024-10-31 19:00:00,2.953428953479082,2.953428953479082
2024-10-31 20:00:00,3.313402872126148,3.313402872126148
2024-10-31 21:00:00,2.629009461392641,2.629009461392641
2024-10-31 22:00:00,0.0,0.0
2024-10-31 23:00:00,0.0,0.0
2024-11-01 00:00:00,0.0,0.0
2024-11-01 01:00:00,0.0,0.0
2024-11-01 02:00:00,0.0,0.0
2024-11-01 03:00:00,0.0,0.0
2024-11-01 04:00:00,0.0,0.0
2024-11-01 05:00:00,0.0,0.0
2024-11-01 06:00:00,0.0,0.0
2024-11-01 07:00:00,0.0,0.0
2024-11-01 08:00:00,0.0,0.0
2024-11-01 09:00:00,0.0,0.0
2024-11-01 10:00:00,0.10162710099424742,0.10162710099424742
2024-11-01 11:00:00,0.42811426711695505,0.42811426711695505
2024-11-01 12:00:00,0.7029592959416242,0.7029592959416242
2024-11-01 13:00:00,1.3164118401432423,1.3164118401432423
2024-11-01 14:00:00,1.6011480893374208,1.6011480893374208
2024-11-01 15:00:00,2.058008374000266,2.058008374000266
2024-11-01 16:00:00,2.4455727761016632,2.4455727761016632
2024-11-01 17:00:00,2.5632907929236537,2.5632907929236537
2024-11-01 18:00:00,3.3758723169525537,3.3758723169525537
2024-11-01 19:00:00,2.871393840090195,2.871393840090195
2024-11-01 20:00:00,3.0627934724630927,3.0627934724630927
2024-11-01 21:00:00,3.0332860190440925,3.0332860190440925
2024-11-01 22:00:00,0.0,0.0
2024-11-01 23:00:00,0.0,0.0
2024-11-02 00:00:00,0.0,0.0
2024-11-02 01:00:00,0.0,0.0
2024-11-02 02:00:00,0.0,0.0
2024-11-02 03:00:00,0.0,0.0
2024-11-02 04:00:00,0.0,0.0
2024-11-02 05:00:00,0.0,0.0
2024-11-02 06:00:00,0.0,0.0
2024-11-02 07:00:00,0.0,0.0
2024-11-02 08:00:00,0.0,0.0
2024-11-02 09:00:00,0.0,0.0
2024-11-02 10:00:00,0.06977099404036272,0.06977099404036272
2024-11-02 11:00:00,0.28226617759232087,0.28226617759232087
2024-11-02 12:00:00,0.48120881660742537,0.48120881660742537
2024-11-02 13:00:00,0.7879810457189844,0.7879810457189844
2024-11-02 14:00:00,1.245746529386691,1.245746529386691
2024-11-02 15:00:00,1.7911072336267022,1.7911072336267022
2024-11-02 16:00:00,1.5727698410960493,1.5727698410960493
2024-11-02 17:00:00,1.74681249022395,1.74681249022395
2024-11-02 18:00:00,2.336515008634699,2.336515008634699
2024-11-02 19:00:00,1.8330269618007913,1.8330269618007913
2024-11-02 20:00:00,2.159455301169994,2.159455301169994
2024-11-02 21:00:00,2.0808579596500154,2.0808579596500154
2024-11-02 22:00:00,0.0,0.0
2024-11-02 23:00:00,0.0,0.0
2024-11-03 00:00:00,0.0,0.0
2024-11-03 01:00:00,0.0,0.0
2024-11-03 02:00:00,0.0,0.0
2024-11-03 03:00:00,0.0,0.0
2024-11-03 04:00:00,0.0,0.0
2024-11-03 05:00:00,0.0,0.0
2024-11-03 06:00:00,0.0,0.0
2024-11-03 07:00:00,0.0,0.0
2024-11-03 08:00:00,0.0,0.0
2024-11-03 09:00:00,0.0,0.0
2024-11-03 10:00:00,0.07792500875816255,0.07792500875816255
2024-11-03 11:00:00,0.24828248123384694,0.24828248123384694
2024-11-03 12:00:00,0.4915561451708053,0.4915561451708053
2024-11-03 13:00:00,0.9564595658223273,0.9564595658223273
2024-11-03 14:00:00,1.0533892594969354,1.0533892594969354
2024-11-03 15:00:00,1.5949863263208162,1.5949863263208162
2024-11-03 16:00:00,1.5120705984545466,1.5120705984545466
2024-11-03 17:00:00,2.0349436526039826,2.0349436526039826
2024-11-03 18:00:00,1.9915976493642429,1.9915976493642429
2024-11-03 19:00:00,2.272272449476274,2.272272449476274
2024-11-03 20:00:00,1.7784310023297598,1.7784310023297598
2024-11-03 21:00:00,2.2290321356594838,2.2290321356594838
2024-11-03 22:00:00,0.0,0.0
2024-11-03 23:00:00,0.0,0.0
2024-11-04 00:00:00,0.0,0.0
2024-11-04 01:00:00,0.0,0.0
2024-11-04 02:00:00,0.0,0.0
2024-11-04 03:00:00,0.0,0.0
2024-11-04 04:00:00,0.0,0.0
2024-11-04 05:00:00,0.0,0.0
2024-11-04 06:00:00,0.0,0.0
2024-11-04 07:00:00,0.0,0.0
2024-11-04 08:00:00,0.0,0.0
2024-11-04 09:00:00,0.0,0.0
2024-11-04 10:00:00,0.09761639235102203,0.09761639235102203
2024-11-04 11:00:00,0.4113379728052841,0.4113379728052841
2024-11-04 12:00:00,0.8002855034373882,0.8002855034373882
2024-11-04 13:00:00,1.484116917862347,1.484116917862347
2024-11-04 14:00:00,1.5389899775913998,1.5389899775913998
2024-11-04 15:00:00,2.630607493753009,2.630607493753009
2024-11-04 16:00:00,2.271798688985134,2.271798688985134
2024-11-04 17:00:00,2.6144260465344558,2.6144260465344558
2024-11-04 18:00:00,2.8604432168251757,2.8604432168251757
2024-11-04 19:00:00,3.505653819834183,3.505653819834183
2024-11-04 20:00:00,3.399928352160249,3.399928352160249
2024-11-04 21:00:00,2.9359755970336074,2.9359755970336074
2024-11-04 22:00:00,0.0,0.0
2024-11-04 23:00:00,0.0,0.0
2024-11-05 00:00:00,0.0,0.0
2024-11-05 01:00:00,0.0,0.0
2024-11-05 02:00:00,0.0,0.0
2024-11-05 03:00:00,0.0,0.0
2024-11-05 04:00:00,0.0,0.0
2024-11-05 05:00:00,0.0,0.0
2024-11-05 06:00:00,0.0,0.0
2024-11-05 07:00:00,0.0,0.0
2024-11-05 08:00:00,0.0,0.0
2024-11-05 09:00:00,0.0,0.0
2024-11-05 10:00:00,0.10245483751236545,0.10245483751236545
2024-11-05 11:00:00,0.43409048547526385,0.43409048547526385
2024-11-05 12:00:00,0.5950938428086553,0.5950938428086553
2024-11-05 13:00:00,1.218354166341269,1.218354166341269
2024-11-05 14:00:00,1.8470823058058508,1.8470823058058508
2024-11-05 15:00:00,2.2551390952537926,2.2551390952537926
2024-11-05 16:00:00,2.224354905583023,2.224354905583023
2024-11-05 17:00:00,2.392162445601968,2.392162445601968
2024-11-05 18:00:00,3.179740613606637,3.179740613606637
2024-11-05 19:00:00,2.715476608622987,2.715476608622987
2024-11-05 20:00:00,3.0286051593135834,3.0286051593135834
2024-11-05 21:00:00,3.2557839088972376,3.2557839088972376
2024-11-05 22:00:00,0.0,0.0
2024-11-05 23:00:00,0.0,0.0
2024-11-06 00:00:00,0.0,0.0
2024-11-06 01:00:00,0.0,0.0
2024-11-06 02:00:00,0.0,0.0
2024-11-06 03:00:00,0.0,0.0
2024-11-06 04:00:00,0.0,0.0
2024-11-06 05:00:00,0.0,0.0
2024-11-06 06:00:00,0.0,0.0
2024-11-06 07:00:00,0.0,0.0
2024-11-06 08:00:00,0.0,0.0
2024-11-06 09:00:00,0.0,0.0
2024-11-06 10:00:00,0.12258467894571409,0.12258467894571409
2024-11-06 11:00:00,0.37232490033458854,0.37232490033458854
2024-11-06 12:00:00,0.6711936532828489,0.6711936532828489
2024-11-06 13:00:00,1.1026155399222886,1.1026155399222886
2024-11-06 14:00:00,1.527490165893779,1.527490165893779
2024-11-06 15:00:00,2.1296993881865443,2.1296993881865443
2024-11-06 16:00:00,2.1651468923304766,2.1651468923304766
2024-11-06 17:00:00,2.4860818651675465,2.4860818651675465
2024-11-06 18:00:00,3.0240457880109877,3.0240457880109877
2024-11-06 19:00:00,3.1006091550086428,3.1006091550086428
2024-11-06 20:00:00,3.3920261252178845,3.3920261252178845
2024-11-06 21:00:00,2.697448492734346,2.697448492734346
2024-11-06 22:00:00,0.0,0.0
2024-11-06 23:00:00,0.0,0.0
2024-11-07 00:00:00,0.0,0.0
2024-11-07 01:00:00,0.0,0.0
2024-11-07 02:00:00,0.0,0.0
2024-11-07 03:00:00,0.0,0.0
2024-11-07 04:00:00,0.0,0.0
2024-11-07 05:00:00,0.0,0.0
2024-11-07 06:00:00,0.0,0.0
2024-11-07 07:00:00,0.0,0.0
2024-11-07 08:00:00,0.0,0.0
2024-11-07 09:00:00,0.0,0.0
2024-11-07 10:00:00,0.11013136441262367,0.11013136441262367
2024-11-07 11:00:00,0.35905280963473274,0.35905280963473274
2024-11-07 12:00:00,0.6657060136285368,0.6657060136285368
2024-11-07 13:00:00,1.2695668616028881,1.2695668616028881
2024-11-07 14:00:00,1.6378645373315104,1.6378645373315104
2024-11-07 15:00:00,2.11273078579855,2.11273078579855
2024-11-07 16:00:00,2.2664270397666963,2.2664270397666963
2024-11-07 17:00:00,2.955421220139932,2.955421220139932
2024-11-07 18:00:00,3.667666587777172,3.667666587777172
2024-11-07 19:00:00,2.7826882926079834,2.7826882926079834
2024-11-07 20:00:00,2.879817861985099,2.879817861985099
2024-11-07 21:00:00,3.2995782628778008,3.2995782628778008
2024-11-07 22:00:00,0.0,0.0
2024-11-07 23:00:00,0.0,0.0
2024-11-08 00:00:00,0.0,0.0
2024-11-08 01:00:00,0.0,0.0
2024-11-08 02:00:00,0.0,0.0
2024-11-08 03:00:00,0.0,0.0
2024-11-08 04:00:00,0.0,0.0
2024-11-08 05:00:00,0.0,0.0
2024-11-08 06:00:00,0.0,0.0
2024-11-08 07:00:00,0.0,0.0
2024-11-08 08:00:00,0.0,0.0
2024-11-08 09:00:00,0.0,0.0
2024-11-08 10:00:00,0.08761088512934473,0.08761088512934473
2024-11-08 11:00:00,0.3978556617517584,0.3978556617517584
2024-11-08 12:00:00,0.710195047251906,0.710195047251906
2024-11-08 13:00:00,1.3486777678132,1.3486777678132
2024-11-08 14:00:00,1.4042649928274842,1.4042649928274842
2024-11-08 15:00:00,2.212018449975716,2.212018449975716
2024-11-08 16:00:00,2.1671829807919836,2.1671829807919836
2024-11-08 17:00:00,2.7262945958458396,2.7262945958458396
2024-11-08 18:00:00,2.6569519033612337,2.6569519033612337
2024-11-08 19:00:00,2.3817410245388153,2.3817410245388153
2024-11-08 20:00:00,2.688131396086588,2.688131396086588
2024-11-08 21:00:00,2.958807826900037,2.958807826900037
2024-11-08 22:00:00,0.0,0.0
2024-11-08 23:00:00,0.0,0.0
2024-11-09 00:00:00,0.0,0.0
2024-11-09 01:00:00,0.0,0.0
2024-11-09 02:00:00,0.0,0.0
2024-11-09 03:00:00,0.0,0.0
2024-11-09 04:00:00,0.0,0.0
2024-11-09 05:00:00,0.0,0.0
2024-11-09 06:00:00,0.0,0.0
2024-11-09 07:00:00,0.0,0.0
2024-11-09 08:00:00,0.0,0.0
2024-11-09 09:00:00,0.0,0.0
2024-11-09 10:00:00,0.06807969261388809,0.06807969261388809
2024-11-09 11:00:00,0.2719846072751209,0.2719846072751209
2024-11-09 12:00:00,0.525520643511333,0.525520643511333
2024-11-09 13:00:00,1.0361802042725772,1.0361802042725772
2024-11-09 14:00:00,1.1904427271993987,1.1904427271993987
2024-11-09 15:00:00,1.5498786072420168,1.5498786072420168
2024-11-09 16:00:00,1.80334441479388,1.80334441479388
2024-11-09 17:00:00,1.8534297418704961,1.8534297418704961
2024-11-09 18:00:00,2.108192366849731,2.108192366849731
2024-11-09 19:00:00,2.192894695501833,2.192894695501833
2024-11-09 20:00:00,1.8846141610407727,1.8846141610407727
2024-11-09 21:00:00,2.0474375921046977,2.0474375921046977
2024-11-09 22:00:00,0.0,0.0
2024-11-09 23:00:00,0.0,0.0
2024-11-10 00:00:00,0.0,0.0
2024-11-10 01:00:00,0.0,0.0
2024-11-10 02:00:00,0.0,0.0
2024-11-10 03:00:00,0.0,0.0
2024-11-10 04:00:00,0.0,0.0
2024-11-10 05:00:00,0.0,0.0
2024-11-10 06:00:00,0.0,0.0
2024-11-10 07:00:00,0.0,0.0
2024-11-10 08:00:00,0.0,0.0
2024-11-10 09:00:00,0.0,0.0
2024-11-10 10:00:00,0.07764361195691641,0.07764361195691641
2024-11-10 11:00:00,0.29111038610134005,0.29111038610134005
2024-11-10 12:00:00,0.5755927213159912,0.5755927213159912
2024-11-10 13:00:00,0.982005614748292,0.982005614748292
2024-11-10 14:00:00,1.126054419951368,1.126054419951368
2024-11-10 15:00:00,1.530486578753943,1.530486578753943
2024-11-10 16:00:00,1.730764270186266,1.730764270186266
2024-11-10 17:00:00,1.9708968908196305,1.9708968908196305
2024-11-10 18:00:00,2.006859874357636,2.006859874357636
2024-11-10 19:00:00,2.084735096810831,2.084735096810831
2024-11-10 20:00:00,2.4789133202043567,2.4789133202043567
2024-11-10 21:00:00,2.1471584956618925,2.1471584956618925
2024-11-10 22:00:00,0.0,0.0
2024-11-10 23:00:00,0.0,0.0
2024-11-11 00:00:00,0.0,0.0
2024-11-11 01:00:00,0.0,0.0
2024-11-11 02:00:00,0.0,0.0
2024-11-11 03:00:00,0.0,0.0
2024-11-11 04:00:00,0.0,0.0
2024-11-11 05:00:00,0.0,0.0
2024-11-11 06:00:00,0.0,0.0
2024-11-11 07:00:00,0.0,0.0
2024-11-11 08:00:00,0.0,0.0
2024-11-11 09:00:00,0.0,0.0
2024-11-11 10:00:00,0.09435885656310297,0.09435885656310297
2024-11-11 11:00:00,0.41821443632328376,0.41821443632328376
2024-11-11 12:00:00,0.7192095128690035,0.7192095128690035
2024-11-11 13:00:00,1.341334225522175,1.341334225522175
2024-11-11 14:00:00,1.7232579281721911,1.7232579281721911
2024-11-11 15:00:00,2.5735204664374463,2.5735204664374463
2024-11-11 16:00:00,2.4239918186151614,2.4239918186151614
2024-11-11 17:00:00,2.449902190589285,2.449902190589285
2024-11-11 18:00:00,2.8019807795738214,2.8019807795738214
2024-11-11 19:00:00,2.5901406171745736,2.5901406171745736
2024-11-11 20:00:00,3.540274473861685,3.540274473861685
2024-11-11 21:00:00,3.4445707200738664,3.4445707200738664
2024-11-11 22:00:00,0.0,0.0
2024-11-11 23:00:00,0.0,0.0
2024-11-12 00:00:00,0.0,0.0
2024-11-12 01:00:00,0.0,0.0
2024-11-12 02:00:00,0.0,0.0
2024-11-12 03:00:00,0.0,0.0
2024-11-12 04:00:00,0.0,0.0
2024-11-12 05:00:00,0.0,0.0
2024-11-12 06:00:00,0.0,0.0
2024-11-12 07:00:00,0.0,0.0
2024-11-12 08:00:00,0.0,0.0
2024-11-12 09:00:00,0.0,0.0
2024-11-12 10:00:00,0.0930934538420674,0.0930934538420674
2024-11-12 11:00:00,0.35063001287426954,0.35063001287426954
2024-11-12 12:00:00,0.5926040299771439,0.5926040299771439
2024-11-12 13:00:00,1.324036455015983,1.324036455015983
2024-11-12 14:00:00,1.7137933002684558,1.7137933002684558
2024-11-12 15:00:00,2.0028144952475824,2.0028144952475824
2024-11-12 16:00:00,2.15887214053148,2.15887214053148
2024-11-12 17:00:00,2.6068673239163975,2.6068673239163975
2024-11-12 18:00:00,2.6261902808409157,2.6261902808409157
2024-11-12 19:00:00,2.8097219049563082,2.8097219049563082
2024-11-12 20:00:00,2.721934219712937,2.721934219712937
2024-11-12 21:00:00,2.3361814945533204,2.3361814945533204
2024-11-12 22:00:00,0.0,0.0
2024-11-12 23:00:00,0.0,0.0
2024-11-13 00:00:00,0.0,0.0
2024-11-13 01:00:00,0.0,0.0
2024-11-13 02:00:00,0.0,0.0
2024-11-13 03:00:00,0.0,0.0
2024-11-13 04:00:00,0.0,0.0
2024-11-13 05:00:00,0.0,0.0
2024-11-13 06:00:00,0.0,0.0
2024-11-13 07:00:00,0.0,0.0
2024-11-13 08:00:00,0.0,0.0
2024-11-13 09:00:00,0.0,0.0
2024-11-13 10:00:00,0.10723815069094575,0.10723815069094575
2024-11-13 11:00:00,0.3925320312244206,0.3925320312244206
2024-11-13 12:00:00,0.8375682018794476,0.8375682018794476
2024-11-13 13:00:00,1.4134775470328587,1.4134775470328587
2024-11-13 14:00:00,2.0074791100145966,2.0074791100145966
2024-11-13 15:00:00,2.3973611510106707,2.3973611510106707
2024-11-13 16:00:00,2.850111381803012,2.850111381803012
2024-11-13 17:00:00,3.210870622717119,3.210870622717119
2024-11-13 18:00:00,3.8455222047343995,3.8455222047343995
2024-11-13 19:00:00,2.9180168713267256,2.9180168713267256
2024-11-13 20:00:00,3.697216289426985,3.697216289426985
2024-11-13 21:00:00,3.3303614855940786,3.3303614855940786
2024-11-13 22:00:00,0.0,0.0
2024-11-13 23:00:00,0.0,0.0
2024-11-14 00:00:00,0.0,0.0
2024-11-14 01:00:00,0.0,0.0
2024-11-14 02:00:00,0.0,0.0
2024-11-14 03:00:00,0.0,0.0
2024-11-14 04:00:00,0.0,0.0
2024-11-14 05:00:00,0.0,0.0
2024-11-14 06:00:00,0.0,0.0
2024-11-14 07:00:00,0.0,0.0
2024-11-14 08:00:00,0.0,0.0
2024-11-14 09:00:00,0.0,0.0
2024-11-14 10:00:00,0.09993745623783035,0.09993745623783035
2024-11-14 11:00:00,0.3151649458167387,0.3151649458167387
2024-11-14 12:00:00,0.6610122067225688,0.6610122067225688
2024-11-14 13:00:00,1.2179264197968116,1.2179264197968116
2024-11-14 14:00:00,1.5651070119510773,1.5651070119510773
2024-11-14 15:00:00,2.3062055343920576,2.3062055343920576
2024-11-14 16:00:00,1.9915302759025793,1.9915302759025793
2024-11-14 17:00:00,2.91532081383431,2.91532081383431
2024-11-14 18:00:00,2.76292382660931,2.76292382660931
2024-11-14 19:00:00,2.7500396248476093,2.7500396248476093
2024-11-14 20:00:00,3.197120587071313,3.197120587071313
2024-11-14 21:00:00,2.998229705775857,2.998229705775857
2024-11-14 22:00:00,0.0,0.0
2024-11-14 23:00:00,0.0,0.0
2024-11-15 00:00:00,0.0,0.0
2024-11-15 01:00:00,0.0,0.0
2024-11-15 02:00:00,0.0,0.0
2024-11-15 03:00:00,0.0,0.0
2024-11-15 04:00:00,0.0,0.0
2024-11-15 05:00:00,0.0,0.0
2024-11-15 06:00:00,0.0,0.0
2024-11-15 07:00:00,0.0,0.0
2024-11-15 08:00:00,0.0,0.0
2024-11-15 09:00:00,0.0,0.0
2024-11-15 10:00:00,0.12659394314014064,0.12659394314014064
2024-11-15 11:00:00,0.42691552074454087,0.42691552074454087
2024-11-15 12:00:00,0.6799827319098193,0.6799827319098193
2024-11-15 13:00:00,1.572910624875184,1.572910624875184
2024-11-15 14:00:00,1.6839149484340883,1.6839149484340883
2024-11-15 15:00:00,2.6267874361263828,2.6267874361263828
2024-11-15 16:00:00,2.8966178008179,2.8966178008179
2024-11-15 17:00:00,3.1915941760767343,3.1915941760767343
2024-11-15 18:00:00,3.203782696151889,3.203782696151889
2024-11-15 19:00:00,3.735676981764302,3.735676981764302
2024-11-15 20:00:00,2.9392683146051737,2.9392683146051737
2024-11-15 21:00:00,3.56355613110956,3.56355613110956
2024-11-15 22:00:00,0.0,0.0
2024-11-15 23:00:00,0.0,0.0
2024-11-16 00:00:00,0.0,0.0
2024-11-16 01:00:00,0.0,0.0
2024-11-16 02:00:00,0.0,0.0
2024-11-16 03:00:00,0.0,0.0
2024-11-16 04:00:00,0.0,0.0
2024-11-16 05:00:00,0.0,0.0
2024-11-16 06:00:00,0.0,0.0
2024-11-16 07:00:00,0.0,0.0
2024-11-16 08:00:00,0.0,0.0
2024-11-16 09:00:00,0.0,0.0
2024-11-16 10:00:00,0.07660039171491388,0.07660039171491388
2024-11-16 11:00:00,0.25323103804876196,0.25323103804876196
2024-11-16 12:00:00,0.4247891277139365,0.4247891277139365
2024-11-16 13:00:00,0.8773097032613507,0.8773097032613507
2024-11-16 14:00:00,1.084229427624208,1.084229427624208
2024-11-16 15:00:00,1.7834939497551592,1.7834939497551592
2024-11-16 16:00:00,1.8309078488149984,1.8309078488149984
2024-11-16 17:00:00,1.9094150701105124,1.9094150701105124
2024-11-16 18:00:00,2.013586810934404,2.013586810934404
2024-11-16 19:00:00,2.022552544596279,2.022552544596279
2024-11-16 20:00:00,2.3032164387370693,2.3032164387370693
2024-11-16 21:00:00,2.1186242888729825,2.1186242888729825
2024-11-16 22:00:00,0.0,0.0
2024-11-16 23:00:00,0.0,0.0
2024-11-17 00:00:00,0.0,0.0
2024-11-17 01:00:00,0.0,0.0
2024-11-17 02:00:00,0.0,0.0
2024-11-17 03:00:00,0.0,0.0
2024-11-17 04:00:00,0.0,0.0
2024-11-17 05:00:00,0.0,0.0
2024-11-17 06:00:00,0.0,0.0
2024-11-17 07:00:00,0.0,0.0
2024-11-17 08:00:00,0.0,0.0
2024-11-17 09:00:00,0.0,0.0
2024-11-17 10:00:00,0.07067214935237082,0.07067214935237082
2024-11-17 11:00:00,0.29298848558367324,0.29298848558367324
2024-11-17 12:00:00,0.5006250563537921,0.5006250563537921
2024-11-17 13:00:00,0.9008720992625637,0.9008720992625637
2024-11-17 14:00:00,1.2476143850656152,1.2476143850656152
2024-11-17 15:00:00,1.4633620989496021,1.4633620989496021
2024-11-17 16:00:00,1.7262969618116286,1.7262969618116286
2024-11-17 17:00:00,2.04839263085128,2.04839263085128
2024-11-17 18:00:00,2.4317277184193014,2.4317277184193014
2024-11-17 19:00:00,1.9351819751501824,1.9351819751501824
2024-11-17 20:00:00,2.1391999156654222,2.1391999156654222
2024-11-17 21:00:00,1.801094454663786,1.801094454663786
2024-11-17 22:00:00,0.0,0.0
2024-11-17 23:00:00,0.0,0.0
2024-11-18 00:00:00,0.0,0.0
2024-11-18 01:00:00,0.0,0.0
2024-11-18 02:00:00,0.0,0.0
2024-11-18 03:00:00,0.0,0.0
2024-11-18 04:00:00,0.0,0.0
2024-11-18 05:00:00,0.0,0.0
2024-11-18 06:00:00,0.0,0.0
2024-11-18 07:00:00,0.0,0.0
2024-11-18 08:00:00,0.0,0.0
2024-11-18 09:00:00,0.0,0.0
2024-11-18 10:00:00,0.10051683812107098,0.10051683812107098
2024-11-18 11:00:00,0.3090242232751652,0.3090242232751652
2024-11-18 12:00:00,0.6088516353132112,0.6088516353132112
2024-11-18 13:00:00,1.3378508223879577,1.3378508223879577
2024-11-18 14:00:00,1.5147665752275103,1.5147665752275103
2024-11-18 15:00:00,2.0854923180061298,2.0854923180061298
2024-11-18 16:00:00,1.9144519296881475,1.9144519296881475
2024-11-18 17:00:00,2.4731943744189846,2.4731943744189846
2024-11-18 18:00:00,2.706935306869143,2.706935306869143
2024-11-18 19:00:00,2.7732536094129787,2.7732536094129787
2024-11-18 20:00:00,3.004441270868737,3.004441270868737
2024-11-18 21:00:00,2.404905362207638,2.404905362207638
2024-11-18 22:00:00,0.0,0.0
2024-11-18 23:00:00,0.0,0.0
2024-11-19 00:00:00,0.0,0.0
2024-11-19 01:00:00,0.0,0.0
2024-11-19 02:00:00,0.0,0.0
2024-11-19 03:00:00,0.0,0.0
2024-11-19 04:00:00,0.0,0.0
2024-11-19 05:00:00,0.0,0.0
2024-11-19 06:00:00,0.0,0.0
2024-11-19 07:00:00,0.0,0.0
2024-11-19 08:00:00,0.0,0.0
2024-11-19 09:00:00,0.0,0.0
2024-11-19 10:00:00,0.10637690701312363,0.10637690701312363
2024-11-19 11:00:00,0.3952753951531304,0.3952753951531304
2024-11-19 12:00:00,0.7472974720492882,0.7472974720492882
2024-11-19 13:00:00,1.2053685936366358,1.2053685936366358
2024-11-19 14:00:00,1.5774931539974222,1.5774931539974222
2024-11-19 15:00:00,2.2013760124541966,2.2013760124541966
2024-11-19 16:00:00,2.344623262956779,2.344623262956779
2024-11-19 17:00:00,3.0005099715837296,3.0005099715837296
2024-11-19 18:00:00,3.3150306849997357,3.3150306849997357
2024-11-19 19:00:00,2.883740790472267,2.883740790472267
2024-11-19 20:00:00,3.6126782490305716,3.6126782490305716
2024-11-19 21:00:00,3.219325073690976,3.219325073690976
2024-11-19 22:00:00,0.0,0.0
2024-11-19 23:00:00,0.0,0.0
2024-11-20 00:00:00,0.0,0.0
2024-11-20 01:00:00,0.0,0.0
2024-11-20 02:00:00,0.0,0.0
2024-11-20 03:00:00,0.0,0.0
2024-11-20 04:00:00,0.0,0.0
2024-11-20 05:00:00,0.0,0.0
2024-11-20 06:00:00,0.0,0.0
2024-11-20 07:00:00,0.0,0.0
2024-11-20 08:00:00,0.0,0.0
2024-11-20 09:00:00,0.0,0.0
2024-11-20 10:00:00,0.11301828077930817,0.11301828077930817
2024-11-20 11:00:00,0.38459391990091474,0.38459391990091474
2024-11-20 12:00:00,0.7340517284463774,0.7340517284463774
2024-11-20 13:00:00,1.0331175596129152,1.0331175596129152
2024-11-20 14:00:00,1.5288916251825668,1.5288916251825668
2024-11-20 15:00:00,2.4347491260251393,2.4347491260251393
2024-11-20 16:00:00,2.2166082897577835,2.2166082897577835
2024-11-20 17:00:00,2.3799025681379673,2.3799025681379673
2024-11-20 18:00:00,3.2630179052560115,3.2630179052560115
2024-11-20 19:00:00,2.90716886211206,2.90716886211206
2024-11-20 20:00:00,2.921060886445021,2.921060886445021
2024-11-20 21:00:00,2.6908328698486463,2.6908328698486463
2024-11-20 22:00:00,0.0,0.0
2024-11-20 23:00:00,0.0,0.0
2024-11-21 00:00:00,0.0,0.0
2024-11-21 01:00:00,0.0,0.0
2024-11-21 02:00:00,0.0,0.0
2024-11-21 03:00:00,0.0,0.0
2024-11-21 04:00:00,0.0,0.0
2024-11-21 05:00:00,0.0,0.0
2024-11-21 06:00:00,0.0,0.0
2024-11-21 07:00:00,0.0,0.0
2024-11-21 08:00:00,0.0,0.0
2024-11-21 09:00:00,0.0,0.0
2024-11-21 10:00:00,0.10049516614968317,0.10049516614968317
2024-11-21 11:00:00,0.3547280596853535,0.3547280596853535
2024-11-21 12:00:00,0.5942787697939744,0.5942787697939744
2024-11-21 13:00:00,1.1314083392112373,1.1314083392112373
2024-11-21 14:00:00,1.4530563553450697,1.4530563553450697
2024-11-21 15:00:00,1.9899979872993623,1.9899979872993623
2024-11-21 16:00:00,2.5725755429292456,2.5725755429292456
2024-11-21 17:00:00,2.3597624981372043,2.3597624981372043
2024-11-21 18:00:00,3.057679754999686,3.057679754999686
2024-11-21 19:00:00,2.7119455121372567,2.7119455121372567
2024-11-21 20:00:00,2.9202743453150988,2.9202743453150988
2024-11-21 21:00:00,2.8782879964701866,2.8782879964701866
2024-11-21 22:00:00,0.0,0.0
2024-11-21 23:00:00,0.0,0.0
2024-11-22 00:00:00,0.0,0.0
2024-11-22 01:00:00,0.0,0.0
2024-11-22 02:00:00,0.0,0.0
2024-11-22 03:00:00,0.0,0.0
2024-11-22 04:00:00,0.0,0.0
2024-11-22 05:00:00,0.0,0.0
2024-11-22 06:00:00,0.0,0.0
2024-11-22 07:00:00,0.0,0.0
2024-11-22 08:00:00,0.0,0.0
2024-11-22 09:00:00,0.0,0.0
2024-11-22 10:00:00,0.11219277603578395,0.11219277603578395
2024-11-22 11:00:00,0.4275831214710806,0.4275831214710806
2024-11-22 12:00:00,0.6918341058448294,0.6918341058448294
2024-11-22 13:00:00,1.1810713260803454,1.1810713260803454
2024-11-22 14:00:00,1.3821474674552054,1.3821474674552054
2024-11-22 15:00:00,2.3075286518973908,2.3075286518973908
2024-11-22 16:00:00,2.0465633969931605,2.0465633969931605
2024-11-22 17:00:00,2.5389658205295262,2.5389658205295262
2024-11-22 18:00:00,3.195509711176053,3.195509711176053
2024-11-22 19:00:00,2.6847687441697885,2.6847687441697885
2024-11-22 20:00:00,2.7190341315225113,2.7190341315225113
2024-11-22 21:00:00,2.9674271566044275,2.9674271566044275
2024-11-22 22:00:00,0.0,0.0
2024-11-22 23:00:00,0.0,0.0
2024-11-23 00:00:00,0.0,0.0
2024-11-23 01:00:00,0.0,0.0
2024-11-23 02:00:00,0.0,0.0
2024-11-23 03:00:00,0.0,0.0
2024-11-23 04:00:00,0.0,0.0
2024-11-23 05:00:00,0.0,0.0
2024-11-23 06:00:00,0.0,0.0
2024-11-23 07:00:00,0.0,0.0
2024-11-23 08:00:00,0.0,0.0
2024-11-23 09:00:00,0.0,0.0
2024-11-23 10:00:00,0.06904735459980063,0.06904735459980063
2024-11-23 11:00:00,0.25554412150698036,0.25554412150698036
2024-11-23 12:00:00,0.5562925498331392,0.5562925498331392
2024-11-23 13:00:00,0.9841970385465008,0.9841970385465008
2024-11-23 14:00:00,1.1961828898539726,1.1961828898539726
2024-11-23 15:00:00,1.6440927583953722,1.6440927583953722
2024-11-23 16:00:00,1.788108947425777,1.788108947425777
2024-11-23 17:00:00,2.1617233981201376,2.1617233981201376
2024-11-23 18:00:00,2.2427714834102965,2.2427714834102965
2024-11-23 19:00:00,1.978634307377788,1.978634307377788
2024-11-23 20:00:00,2.578404417281344,2.578404417281344
2024-11-23 21:00:00,1.9766712294613955,1.9766712294613955
2024-11-23 22:00:00,0.0,0.0
2024-11-23 23:00:00,0.0,0.0
2024-11-24 00:00:00,0.0,0.0
2024-11-24 01:00:00,0.0,0.0
2024-11-24 02:00:00,0.0,0.0
2024-11-24 03:00:00,0.0,0.0
2024-11-24 04:00:00,0.0,0.0
2024-11-24 05:00:00,0.0,0.0
2024-11-24 06:00:00,0.0,0.0
2024-11-24 07:00:00,0.0,0.0
2024-11-24 08:00:00,0.0,0.0
2024-11-24 09:00:00,0.0,0.0
2024-11-24 10:00:00,0.0679208944240342,0.0679208944240342
2024-11-24 11:00:00,0.30338127580807484,0.30338127580807484
2024-11-24 12:00:00,0.4720306169810377,0.4720306169810377
2024-11-24 13:00:00,0.840720303167105,0.840720303167105
2024-11-24 14:00:00,1.1564712653917397,1.1564712653917397
2024-11-24 15:00:00,1.8850082997318163,1.8850082997318163
2024-11-24 16:00:00,1.6105145557308216,1.6105145557308216
2024-11-24 17:00:00,2.1823082454873557,2.1823082454873557
2024-11-24 18:00:00,2.506726877859075,2.506726877859075
2024-11-24 19:00:00,1.9593211585442813,1.9593211585442813
2024-11-24 20:00:00,2.194186563438768,2.194186563438768
2024-11-24 21:00:00,2.16967295922213,2.16967295922213
2024-11-24 22:00:00,0.0,0.0
2024-11-24 23:00:00,0.0,0.0
2024-11-25 00:00:00,0.0,0.0
2024-11-25 01:00:00,0.0,0.0
2024-11-25 02:00:00,0.0,0.0
2024-11-25 03:00:00,0.0,0.0
2024-11-25 04:00:00,0.0,0.0
2024-11-25 05:00:00,0.0,0.0
2024-11-25 06:00:00,0.0,0.0
2024-11-25 07:00:00,0.0,0.0
2024-11-25 08:00:00,0.0,0.0
2024-11-25 09:00:00,0.0,0.0
2024-11-25 10:00:00,0.10504965426172531,0.10504965426172531
2024-11-25 11:00:00,0.392083551760837,0.392083551760837
2024-11-25 12:00:00,0.8269211757969389,0.8269211757969389
2024-11-25 13:00:00,1.3832028318715426,1.3832028318715426
2024-11-25 14:00:00,1.5166731277869294,1.5166731277869294
2024-11-25 15:00:00,2.1520381731116487,2.1520381731116487
2024-11-25 16:00:00,2.1868260918125735,2.1868260918125735
2024-11-25 17:00:00,3.1507469820914302,3.1507469820914302
2024-11-25 18:00:00,2.899735264731483,2.899735264731483
2024-11-25 19:00:00,2.9842217464242498,2.9842217464242498
2024-11-25 20:00:00,3.2557684910372284,3.2557684910372284
2024-11-25 21:00:00,3.3271173805732337,3.3271173805732337
2024-11-25 22:00:00,0.0,0.0
2024-11-25 23:00:00,0.0,0.0
2024-11-26 00:00:00,0.0,0.0
2024-11-26 01:00:00,0.0,0.0
2024-11-26 02:00:00,0.0,0.0
2024-11-26 03:00:00,0.0,0.0
2024-11-26 04:00:00,0.0,0.0
2024-11-26 05:00:00,0.0,0.0
2024-11-26 06:00:00,0.0,0.0
2024-11-26 07:00:00,0.0,0.0
2024-11-26 08:00:00,0.0,0.0
2024-11-26 09:00:00,0.0,0.0
2024-11-26 10:00:00,0.08965587616198795,0.08965587616198795
2024-11-26 11:00:00,0.374001851779524,0.374001851779524
2024-11-26 12:00:00,0.7004926765722365,0.7004926765722365
2024-11-26 13:00:00,1.0730609620802283,1.0730609620802283
2024-11-26 14:00:00,1.5914863650140691,1.5914863650140691
2024-11-26 15:00:00,2.1346221180192417,2.1346221180192417
2024-11-26 16:00:00,2.537497390725451,2.537497390725451
2024-11-26 17:00:00,2.227570358159246,2.227570358159246
2024-11-26 18:00:00,2.836078908473996,2.836078908473996
2024-11-26 19:00:00,2.664052974858993,2.664052974858993
2024-11-26 20:00:00,2.7919566496729544,2.7919566496729544
2024-11-26 21:00:00,2.5858766184788653,2.5858766184788653
2024-11-26 22:00:00,0.0,0.0
2024-11-26 23:00:00,0.0,0.0
2024-11-27 00:00:00,0.0,0.0
2024-11-27 01:00:00,0.0,0.0
2024-11-27 02:00:00,0.0,0.0
2024-11-27 03:00:00,0.0,0.0
2024-11-27 04:00:00,0.0,0.0
2024-11-27 05:00:00,0.0,0.0
2024-11-27 06:00:00,0.0,0.0
2024-11-27 07:00:00,0.0,0.0
2024-11-27 08:00:00,0.0,0.0
2024-11-27 09:00:00,0.0,0.0
2024-11-27 10:00:00,0.10396040641442143,0.10396040641442143
2024-11-27 11:00:00,0.3964110224069381,0.3964110224069381
2024-11-27 12:00:00,0.6213462888028057,0.6213462888028057
2024-11-27 13:00:00,1.0388026576396376,1.0388026576396376
2024-11-27 14:00:00,1.4927268782947545,1.4927268782947545
2024-11-27 15:00:00,2.3996987761960877,2.3996987761960877
2024-11-27 16:00:00,1.9795183855137461,1.9795183855137461
2024-11-27 17:00:00,2.889383484598826,2.889383484598826
2024-11-27 18:00:00,3.000747870699381,3.000747870699381
2024-11-27 19:00:00,3.0188838173013264,3.0188838173013264
2024-11-27 20:00:00,2.8622489808567964,2.8622489808567964
2024-11-27 21:00:00,3.068492666841039,3.068492666841039
2024-11-27 22:00:00,0.0,0.0
2024-11-27 23:00:00,0.0,0.0
2024-11-28 00:00:00,0.0,0.0
2024-11-28 01:00:00,0.0,0.0
2024-11-28 02:00:00,0.0,0.0
2024-11-28 03:00:00,0.0,0.0
2024-11-28 04:00:00,0.0,0.0
2024-11-28 05:00:00,0.0,0.0
2024-11-28 06:00:00,0.0,0.0
2024-11-28 07:00:00,0.0,0.0
2024-11-28 08:00:00,0.0,0.0
2024-11-28 09:00:00,0.0,0.0
2024-11-28 10:00:00,0.13140818249037228,0.13140818249037228
2024-11-28 11:00:00,0.36322435798279556,0.36322435798279556
2024-11-28 12:00:00,0.7027889483052905,0.7027889483052905
2024-11-28 13:00:00,1.5660102978406374,1.5660102978406374
2024-11-28 14:00:00,1.9980443832759693,1.9980443832759693
2024-11-28 15:00:00,2.248959649727818,2.248959649727818
2024-11-28 16:00:00,2.8786083400399733,2.8786083400399733
2024-11-28 17:00:00,3.29343933697624,3.29343933697624
2024-11-28 18:00:00,3.4041390237064784,3.4041390237064784
2024-11-28 19:00:00,3.549283653231085,3.549283653231085
2024-11-28 20:00:00,3.278226630131994,3.278226630131994
2024-11-28 21:00:00,2.870227959114468,2.870227959114468
2024-11-28 22:00:00,0.0,0.0
2024-11-28 23:00:00,0.0,0.0
2024-11-29 00:00:00,0.0,0.0
2024-11-29 01:00:00,0.0,0.0
2024-11-29 02:00:00,0.0,0.0
2024-11-29 03:00:00,0.0,0.0
2024-11-29 04:00:00,0.0,0.0
2024-11-29 05:00:00,0.0,0.0
2024-11-29 06:00:00,0.0,0.0
2024-11-29 07:00:00,0.0,0.0
2024-11-29 08:00:00,0.0,0.0
2024-11-29 09:00:00,0.0,0.0
2024-11-29 10:00:00,0.11355713745004299,0.11355713745004299
2024-11-29 11:00:00,0.40783623842707056,0.40783623842707056
2024-11-29 12:00:00,0.7797933804577145,0.7797933804577145
2024-11-29 13:00:00,1.1203408263167438,1.1203408263167438
2024-11-29 14:00:00,1.4396260936500482,1.4396260936500482
2024-11-29 15:00:00,2.5945812702526267,2.5945812702526267
2024-11-29 16:00:00,2.2146378720889976,2.2146378720889976
2024-11-29 17:00:00,2.7706858181503007,2.7706858181503007
2024-11-29 18:00:00,3.502011927207753,3.502011927207753
2024-11-29 19:00:00,3.0280051730011173,3.0280051730011173
2024-11-29 20:00:00,2.755444813197784,2.755444813197784
2024-11-29 21:00:00,2.5654078131996236,2.5654078131996236
2024-11-29 22:00:00,0.0,0.0
2024-11-29 23:00:00,0.0,0.0
2024-11-30 00:00:00,0.0,0.0
2024-11-30 01:00:00,0.0,0.0
2024-11-30 02:00:00,0.0,0.0
2024-11-30 03:00:00,0.0,0.0
2024-11-30 04:00:00,0.0,0.0
2024-11-30 05:00:00,0.0,0.0
2024-11-30 06:00:00,0.0,0.0
2024-11-30 07:00:00,0.0,0.0
2024-11-30 08:00:00,0.0,0.0
2024-11-30 09:00:00,0.0,0.0
2024-11-30 10:00:00,0.07820077125299428,0.07820077125299428
2024-11-30 11:00:00,0.26573942407084805,0.26573942407084805
2024-11-30 12:00:00,0.4936229626463582,0.4936229626463582
2024-11-30 13:00:00,1.0378937449593992,1.0378937449593992
2024-11-30 14:00:00,1.3145756028676034,1.3145756028676034
2024-11-30 15:00:00,1.5094400923170337,1.5094400923170337
2024-11-30 16:00:00,2.0279732754698445,2.0279732754698445
2024-11-30 17:00:00,2.082114061112974,2.082114061112974
2024-11-30 18:00:00,2.4817497336700476,2.4817497336700476
2024-11-30 19:00:00,2.2932492029894704,2.2932492029894704
2024-11-30 20:00:00,1.9879414623302927,1.9879414623302927
2024-11-30 21:00:00,2.4835919539951514,2.4835919539951514
2024-11-30 22:00:00,0.0,0.0
2024-11-30 23:00:00,0.0,0.0
2024-12-01 00:00:00,0.0,0.0
2024-12-01 01:00:00,0.0,0.0
2024-12-01 02:00:00,0.0,0.0
2024-12-01 03:00:00,0.0,0.0
2024-12-01 04:00:00,0.0,0.0
2024-12-01 05:00:00,0.0,0.0
2024-12-01 06:00:00,0.0,0.0
2024-12-01 07:00:00,0.0,0.0
2024-12-01 08:00:00,0.0,0.0
2024-12-01 09:00:00,0.0,0.0
2024-12-01 10:00:00,0.07627003262088992,0.07627003262088992
2024-12-01 11:00:00,0.2946807401299335,0.2946807401299335
2024-12-01 12:00:00,0.5007599560998237,0.5007599560998237
2024-12-01 13:00:00,0.8421523492219462,0.8421523492219462
2024-12-01 14:00:00,1.189784252407279,1.189784252407279
2024-12-01 15:00:00,1.6723398650713892,1.6723398650713892
2024-12-01 16:00:00,1.6865893117597193,1.6865893117597193
2024-12-01 17:00:00,2.0712969077590437,2.0712969077590437
2024-12-01 18:00:00,2.170226668879084,2.170226668879084
2024-12-01 19:00:00,1.9669554811026542,1.9669554811026542
2024-12-01 20:00:00,2.1636548122146113,2.1636548122146113
2024-12-01 21:00:00,2.1940836905990535,2.1940836905990535
2024-12-01 22:00:00,0.0,0.0
2024-12-01 23:00:00,0.0,0.0
2024-12-02 00:00:00,0.0,0.0
2024-12-02 01:00:00,0.0,0.0
2024-12-02 02:00:00,0.0,0.0
2024-12-02 03:00:00,0.0,0.0
2024-12-02 04:00:00,0.0,0.0
2024-12-02 05:00:00,0.0,0.0
2024-12-02 06:00:00,0.0,0.0
2024-12-02 07:00:00,0.0,0.0
2024-12-02 08:00:00,0.0,0.0
2024-12-02 09:00:00,0.0,0.0
2024-12-02 10:00:00,0.11017892285631734,0.11017892285631734
2024-12-02 11:00:00,0.4098806096889353,0.4098806096889353
2024-12-02 12:00:00,0.655131761743179,0.655131761743179
2024-12-02 13:00:00,1.3215878640389402,1.3215878640389402
2024-12-02 14:00:00,1.699437114654226,1.699437114654226
2024-12-02 15:00:00,1.9775765283462132,1.9775765283462132
2024-12-02 16:00:00,1.8895132429452035,1.8895132429452035
2024-12-02 17:00:00,2.8099796927282736,2.8099796927282736
2024-12-02 18:00:00,2.975597508453996,2.975597508453996
2024-12-02 19:00:00,2.942853826167002,2.942853826167002
2024-12-02 20:00:00,2.9222418055423107,2.9222418055423107
2024-12-02 21:00:00,2.506596245821398,2.506596245821398
2024-12-02 22:00:00,0.0,0.0
2024-12-02 23:00:00,0.0,0.0
2024-12-03 00:00:00,0.0,0.0
2024-12-03 01:00:00,0.0,0.0
2024-12-03 02:00:00,0.0,0.0
2024-12-03 03:00:00,0.0,0.0
2024-12-03 04:00:00,0.0,0.0
2024-12-03 05:00:00,0.0,0.0
2024-12-03 06:00:00,0.0,0.0
2024-12-03 07:00:00,0.0,0.0
2024-12-03 08:00:00,0.0,0.0
2024-12-03 09:00:00,0.0,0.0
2024-12-03 10:00:00,0.09860836891132745,0.09860836891132745
2024-12-03 11:00:00,0.3731986600672198,0.3731986600672198
2024-12-03 12:00:00,0.723121282402909,0.723121282402909
2024-12-03 13:00:00,1.3297677987407353,1.3297677987407353
2024-12-03 14:00:00,1.9432719269202445,1.9432719269202445
2024-12-03 15:00:00,2.8333832554058964,2.8333832554058964
2024-12-03 16:00:00,2.3804073995426407,2.3804073995426407
2024-12-03 17:00:00,3.270728097800104,3.270728097800104
2024-12-03 18:00:00,3.064067840169833,3.064067840169833
2024-12-03 19:00:00,2.7944798824646244,2.7944798824646244
2024-12-03 20:00:00,3.364146287250424,3.364146287250424
2024-12-03 21:00:00,2.988757378680639,2.988757378680639
2024-12-03 22:00:00,0.0,0.0
2024-12-03 23:00:00,0.0,0.0
2024-12-04 00:00:00,0.0,0.0
2024-12-04 01:00:00,0.0,0.0
2024-12-04 02:00:00,0.0,0.0
2024-12-04 03:00:00,0.0,0.0
2024-12-04 04:00:00,0.0,0.0
2024-12-04 05:00:00,0.0,0.0
2024-12-04 06:00:00,0.0,0.0
2024-12-04 07:00:00,0.0,0.0
2024-12-04 08:00:00,0.0,0.0
2024-12-04 09:00:00,0.0,0.0
2024-12-04 10:00:00,0.12033300920898762,0.12033300920898762
2024-12-04 11:00:00,0.37632088271825404,0.37632088271825404
2024-12-04 12:00:00,0.7332767844412448,0.7332767844412448
2024-12-04 13:00:00,1.4483361388891143,1.4483361388891143
2024-12-04 14:00:00,1.6542935067836664,1.6542935067836664
2024-12-04 15:00:00,2.6460915692521336,2.6460915692521336
2024-12-04 16:00:00,2.610263045371185,2.610263045371185
2024-12-04 17:00:00,2.6701806314958914,2.6701806314958914
2024-12-04 18:00:00,3.3720263402372175,3.3720263402372175
2024-12-04 19:00:00,2.9598559994753924,2.9598559994753924
2024-12-04 20:00:00,2.965773207759394,2.965773207759394
2024-12-04 21:00:00,3.206623429825894,3.206623429825894
2024-12-04 22:00:00,0.0,0.0
2024-12-04 23:00:00,0.0,0.0
2024-12-05 00:00:00,0.0,0.0
2024-12-05 01:00:00,0.0,0.0
2024-12-05 02:00:00,0.0,0.0
2024-12-05 03:00:00,0.0,0.0
2024-12-05 04:00:00,0.0,0.0
2024-12-05 05:00:00,0.0,0.0
2024-12-05 06:00:00,0.0,0.0
2024-12-05 07:00:00,0.0,0.0
2024-12-05 08:00:00,0.0,0.0
2024-12-05 09:00:00,0.0,0.0
2024-12-05 10:00:00,0.09137542698156091,0.09137542698156091
2024-12-05 11:00:00,0.31298485838426665,0.31298485838426665
2024-12-05 12:00:00,0.6402213699139889,0.6402213699139889
2024-12-05 13:00:00,1.308961915132565,1.308961915132565
2024-12-05 14:00:00,1.592667962134124,1.592667962134124
2024-12-05 15:00:00,2.0387428464967567,2.0387428464967567
2024-12-05 16:00:00,2.169810977531017,2.169810977531017
2024-12-05 17:00:00,2.266698598532502,2.266698598532502
2024-12-05 18:00:00,2.8600655233469157,2.8600655233469157
2024-12-05 19:00:00,2.661392590970665,2.661392590970665
2024-12-05 20:00:00,2.65138677707305,2.65138677707305
2024-12-05 21:00:00,2.5373797800676794,2.5373797800676794
2024-12-05 22:00:00,0.0,0.0
2024-12-05 23:00:00,0.0,0.0
2024-12-06 00:00:00,0.0,0.0
2024-12-06 01:00:00,0.0,0.0
2024-12-06 02:00:00,0.0,0.0
2024-12-06 03:00:00,0.0,0.0
2024-12-06 04:00:00,0.0,0.0
2024-12-06 05:00:00,0.0,0.0
2024-12-06 06:00:00,0.0,0.0
2024-12-06 07:00:00,0.0,0.0
2024-12-06 08:00:00,0.0,0.0
2024-12-06 09:00:00,0.0,0.0
2024-12-06 10:00:00,0.107249430228957,0.107249430228957
2024-12-06 11:00:00,0.3216089807721102,0.3216089807721102
2024-12-06 12:00:00,0.6541973707326407,0.6541973707326407
2024-12-06 13:00:00,1.2508610605756147,1.2508610605756147
2024-12-06 14:00:00,1.6380723375075825,1.6380723375075825
2024-12-06 15:00:00,2.524145089116617,2.524145089116617
2024-12-06 16:00:00,2.201536741022421,2.201536741022421
2024-12-06 17:00:00,2.478063893064834,2.478063893064834
2024-12-06 18:00:00,3.169201078838683,3.169201078838683
2024-12-06 19:00:00,2.3955504736958178,2.3955504736958178
2024-12-06 20:00:00,2.8331633940808123,2.8331633940808123
2024-12-06 21:00:00,3.077347126985392,3.077347126985392
2024-12-06 22:00:00,0.0,0.0
2024-12-06 23:00:00,0.0,0.0
2024-12-07 00:00:00,0.0,0.0
2024-12-07 01:00:00,0.0,0.0
2024-12-07 02:00:00,0.0,0.0
2024-12-07 03:00:00,0.0,0.0
2024-12-07 04:00:00,0.0,0.0
2024-12-07 05:00:00,0.0,0.0
2024-12-07 06:00:00,0.0,0.0
2024-12-07 07:00:00,0.0,0.0
2024-12-07 08:00:00,0.0,0.0
2024-12-07 09:00:00,0.0,0.0
2024-12-07 10:00:00,0.06672108504139247,0.06672108504139247
2024-12-07 11:00:00,0.2268594236642528,0.2268594236642528
2024-12-07 12:00:00,0.5178248648064161,0.5178248648064161
2024-12-07 13:00:00,0.7859092478344397,0.7859092478344397
2024-12-07 14:00:00,1.035956489427678,1.035956489427678
2024-12-07 15:00:00,1.4693650744545754,1.4693650744545754
2024-12-07 16:00:00,1.5310600346058132,1.5310600346058132
2024-12-07 17:00:00,1.7503911033496338,1.7503911033496338
2024-12-07 18:00:00,1.9657680505139516,1.9657680505139516
2024-12-07 19:00:00,1.7586460928915457,1.7586460928915457
2024-12-07 20:00:00,2.2090770768159955,2.2090770768159955
2024-12-07 21:00:00,2.2534785242541444,2.2534785242541444
2024-12-07 22:00:00,0.0,0.0
2024-12-07 23:00:00,0.0,0.0
2024-12-08 00:00:00,0.0,0.0
2024-12-08 01:00:00,0.0,0.0
2024-12-08 02:00:00,0.0,0.0
2024-12-08 03:00:00,0.0,0.0
2024-12-08 04:00:00,0.0,0.0
2024-12-08 05:00:00,0.0,0.0
2024-12-08 06:00:00,0.0,0.0
2024-12-08 07:00:00,0.0,0.0
2024-12-08 08:00:00,0.0,0.0
2024-12-08 09:00:00,0.0,0.0
2024-12-08 10:00:00,0.06715830047132813,0.06715830047132813
2024-12-08 11:00:00,0.25784747084970017,0.25784747084970017
2024-12-08 12:00:00,0.45439621237234645,0.45439621237234645
2024-12-08 13:00:00,0.9294092634679504,0.9294092634679504
2024-12-08 14:00:00,1.2191272890808809,1.2191272890808809
2024-12-08 15:00:00,1.6754477759936435,1.6754477759936435
2024-12-08 16:00:00,1.8108386322947931,1.8108386322947931
2024-12-08 17:00:00,1.6488771486993121,1.6488771486993121
2024-12-08 18:00:00,2.312615987171784,2.312615987171784
2024-12-08 19:00:00,2.156635868029288,2.156635868029288
2024-12-08 20:00:00,2.101012350049771,2.101012350049771
2024-12-08 21:00:00,2.282112981635958,2.282112981635958
2024-12-08 22:00:00,0.0,0.0
2024-12-08 23:00:00,0.0,0.0
2024-12-09 00:00:00,0.0,0.0
2024-12-09 01:00:00,0.0,0.0
2024-12-09 02:00:00,0.0,0.0
2024-12-09 03:00:00,0.0,0.0
2024-12-09 04:00:00,0.0,0.0
2024-12-09 05:00:00,0.0,0.0
2024-12-09 06:00:00,0.0,0.0
2024-12-09 07:00:00,0.0,0.0
2024-12-09 08:00:00,0.0,0.0
2024-12-09 09:00:00,0.0,0.0
2024-12-09 10:00:00,0.09518712767310311,0.09518712767310311
2024-12-09 11:00:00,0.4209744791740693,0.4209744791740693
2024-12-09 12:00:00,0.5942810193139144,0.5942810193139144
2024-12-09 13:00:00,1.2466588153074591,1.2466588153074591
2024-12-09 14:00:00,1.7145342886489316,1.7145342886489316
2024-12-09 15:00:00,2.222180813605442,2.222180813605442
2024-12-09 16:00:00,2.036983358823458,2.036983358823458
2024-12-09 17:00:00,2.8823412667308643,2.8823412667308643
2024-12-09 18:00:00,3.3292155544816717,3.3292155544816717
2024-12-09 19:00:00,2.7125865122812733,2.7125865122812733
2024-12-09 20:00:00,2.5255291634171857,2.5255291634171857
2024-12-09 21:00:00,3.237014443568275,3.237014443568275
2024-12-09 22:00:00,0.0,0.0
2024-12-09 23:00:00,0.0,0.0
2024-12-10 00:00:00,0.0,0.0
2024-12-10 01:00:00,0.0,0.0
2024-12-10 02:00:00,0.0,0.0
2024-12-10 03:00:00,0.0,0.0
2024-12-10 04:00:00,0.0,0.0
2024-12-10 05:00:00,0.0,0.0
2024-12-10 06:00:00,0.0,0.0
2024-12-10 07:00:00,0.0,0.0
2024-12-10 08:00:00,0.0,0.0
2024-12-10 09:00:00,0.0,0.0
2024-12-10 10:00:00,0.11636042800255483,0.11636042800255483
2024-12-10 11:00:00,0.3456037303816488,0.3456037303816488
2024-12-10 12:00:00,0.6429909337203373,0.6429909337203373
2024-12-10 13:00:00,1.1027697622027837,1.1027697622027837
2024-12-10 14:00:00,1.7818722298634941,1.7818722298634941
2024-12-10 15:00:00,2.4936975769267,2.4936975769267
2024-12-10 16:00:00,2.616262450650196,2.616262450650196
2024-12-10 17:00:00,2.743267146497758,2.743267146497758
2024-12-10 18:00:00,3.0776192504062787,3.0776192504062787
2024-12-10 19:00:00,2.977947503969847,2.977947503969847
2024-12-10 20:00:00,2.5760511182318653,2.5760511182318653
2024-12-10 21:00:00,3.192532547464692,3.192532547464692
2024-12-10 22:00:00,0.0,0.0
2024-12-10 23:00:00,0.0,0.0
2024-12-11 00:00:00,0.0,0.0
2024-12-11 01:00:00,0.0,0.0
2024-12-11 02:00:00,0.0,0.0
2024-12-11 03:00:00,0.0,0.0
2024-12-11 04:00:00,0.0,0.0
2024-12-11 05:00:00,0.0,0.0
2024-12-11 06:00:00,0.0,0.0
2024-12-11 07:00:00,0.0,0.0
2024-12-11 08:00:00,0.0,0.0
2024-12-11 09:00:00,0.0,0.0
2024-12-11 10:00:00,0.12181966910996808,0.12181966910996808
2024-12-11 11:00:00,0.3767777298112696,0.3767777298112696
2024-12-11 12:00:00,0.7462856252663601,0.7462856252663601
2024-12-11 13:00:00,1.2427070297039997,1.2427070297039997
2024-12-11 14:00:00,1.5997825954036171,1.5997825954036171
2024-12-11 15:00:00,2.9557444675997573,2.9557444675997573
2024-12-11 16:00:00,2.4377877637643866,2.4377877637643866
2024-12-11 17:00:00,2.560865482328006,2.560865482328006
2024-12-11 18:00:00,3.1537545868956953,3.1537545868956953
2024-12-11 19:00:00,3.0858355283934467,3.0858355283934467
2024-12-11 20:00:00,2.829360809728463,2.829360809728463
2024-12-11 21:00:00,3.354322895851648,3.354322895851648
2024-12-11 22:00:00,0.0,0.0
2024-12-11 23:00:00,0.0,0.0
2024-12-12 00:00:00,0.0,0.0
2024-12-12 01:00:00,0.0,0.0
2024-12-12 02:00:00,0.0,0.0
2024-12-12 03:00:00,0.0,0.0
2024-12-12 04:00:00,0.0,0.0
2024-12-12 05:00:00,0.0,0.0
2024-12-12 06:00:00,0.0,0.0
2024-12-12 07:00:00,0.0,0.0
2024-12-12 08:00:00,0.0,0.0
2024-12-12 09:00:00,0.0,0.0
2024-12-12 10:00:00,0.11610994483503412,0.11610994483503412
2024-12-12 11:00:00,0.39207792517402806,0.39207792517402806
2024-12-12 12:00:00,0.6536845681087653,0.6536845681087653
2024-12-12 13:00:00,1.3749741778579674,1.3749741778579674
2024-12-12 14:00:00,1.6151231670629278,1.6151231670629278
2024-12-12 15:00:00,2.236746178464549,2.236746178464549
2024-12-12 16:00:00,2.3227659483801344,2.3227659483801344
2024-12-12 17:00:00,3.0091968789028516,3.0091968789028516
2024-12-12 18:00:00,3.1699608010234646,3.1699608010234646
2024-12-12 19:00:00,3.127832474430346,3.127832474430346
2024-12-12 20:00:00,3.323046637129922,3.323046637129922
2024-12-12 21:00:00,2.7821367802243198,2.7821367802243198
2024-12-12 22:00:00,0.0,0.0
2024-12-12 23:00:00,0.0,0.0
2024-12-13 00:00:00,0.0,0.0
2024-12-13 01:00:00,0.0,0.0
2024-12-13 02:00:00,0.0,0.0
2024-12-13 03:00:00,0.0,0.0
2024-12-13 04:00:00,0.0,0.0
2024-12-13 05:00:00,0.0,0.0
2024-12-13 06:00:00,0.0,0.0
2024-12-13 07:00:00,0.0,0.0
2024-12-13 08:00:00,0.0,0.0
2024-12-13 09:00:00,0.0,0.0
2024-12-13 10:00:00,0.12395409267960025,0.12395409267960025
2024-12-13 11:00:00,0.3796789217939503,0.3796789217939503
2024-12-13 12:00:00,0.789085341944938,0.789085341944938
2024-12-13 13:00:00,1.2799734822949491,1.2799734822949491
2024-12-13 14:00:00,1.478625598924684,1.478625598924684
2024-12-13 15:00:00,2.7472485344995725,2.7472485344995725
2024-12-13 16:00:00,2.2951327314667167,2.2951327314667167
2024-12-13 17:00:00,2.626311508958597,2.626311508958597
2024-12-13 18:00:00,3.6054109569650254,3.6054109569650254
2024-12-13 19:00:00,3.224165537699686,3.224165537699686
2024-12-13 20:00:00,2.969820861141301,2.969820861141301
2024-12-13 21:00:00,3.2892513092537428,3.2892513092537428
2024-12-13 22:00:00,0.0,0.0
2024-12-13 23:00:00,0.0,0.0
2024-12-14 00:00:00,0.0,0.0
2024-12-14 01:00:00,0.0,0.0
2024-12-14 02:00:00,0.0,0.0
2024-12-14 03:00:00,0.0,0.0
2024-12-14 04:00:00,0.0,0.0
2024-12-14 05:00:00,0.0,0.0
2024-12-14 06:00:00,0.0,0.0
2024-12-14 07:00:00,0.0,0.0
2024-12-14 08:00:00,0.0,0.0
2024-12-14 09:00:00,0.0,0.0
2024-12-14 10:00:00,0.06731955635797833,0.06731955635797833
2024-12-14 11:00:00,0.3010509323220396,0.3010509323220396
2024-12-14 12:00:00,0.5280628664728789,0.5280628664728789
2024-12-14 13:00:00,0.7619124048190246,0.7619124048190246
2024-12-14 14:00:00,1.2340545053150958,1.2340545053150958
2024-12-14 15:00:00,1.6514541934641374,1.6514541934641374
2024-12-14 16:00:00,1.582150136820145,1.582150136820145
2024-12-14 17:00:00,1.6585164521947409,1.6585164521947409
2024-12-14 18:00:00,2.235582889998778,2.235582889998778
2024-12-14 19:00:00,2.0256843074201325,2.0256843074201325
2024-12-14 20:00:00,2.2820645991621866,2.2820645991621866
2024-12-14 21:00:00,1.9587338974515514,1.9587338974515514
2024-12-14 22:00:00,0.0,0.0
2024-12-14 23:00:00,0.0,0.0
2024-12-15 00:00:00,0.0,0.0
2024-12-15 01:00:00,0.0,0.0
2024-12-15 02:00:00,0.0,0.0
2024-12-15 03:00:00,0.0,0.0
2024-12-15 04:00:00,0.0,0.0
2024-12-15 05:00:00,0.0,0.0
2024-12-15 06:00:00,0.0,0.0
2024-12-15 07:00:00,0.0,0.0
2024-12-15 08:00:00,0.0,0.0
2024-12-15 09:00:00,0.0,0.0
2024-12-15 10:00:00,0.06952743707316142,0.06952743707316142
2024-12-15 11:00:00,0.2926283027877715,0.2926283027877715
2024-12-15 12:00:00,0.4343777118246208,0.4343777118246208
2024-12-15 13:00:00,0.9611284799571125,0.9611284799571125
2024-12-15 14:00:00,1.1905767927376336,1.1905767927376336
2024-12-15 15:00:00,1.5873096219436156,1.5873096219436156
2024-12-15 16:00:00,1.5231361944779396,1.5231361944779396
2024-12-15 17:00:00,1.588628767129103,1.588628767129103
2024-12-15 18:00:00,2.372776045687478,2.372776045687478
2024-12-15 19:00:00,2.0355220889647834,2.0355220889647834
2024-12-15 20:00:00,2.030050882226541,2.030050882226541
2024-12-15 21:00:00,2.0548426894864087,2.0548426894864087
2024-12-15 22:00:00,0.0,0.0
2024-12-15 23:00:00,0.0,0.0
2024-12-16 00:00:00,0.0,0.0
2024-12-16 01:00:00,0.0,0.0
2024-12-16 02:00:00,0.0,0.0
2024-12-16 03:00:00,0.0,0.0
2024-12-16 04:00:00,0.0,0.0
2024-12-16 05:00:00,0.0,0.0
2024-12-16 06:00:00,0.0,0.0
2024-12-16 07:00:00,0.0,0.0
2024-12-16 08:00:00,0.0,0.0
2024-12-16 09:00:00,0.0,0.0
2024-12-16 10:00:00,0.09769411675478722,0.09769411675478722
2024-12-16 11:00:00,0.3940821508209848,0.3940821508209848
2024-12-16 12:00:00,0.7450960088046616,0.7450960088046616
2024-12-16 13:00:00,1.455535311944956,1.455535311944956
2024-12-16 14:00:00,1.5583986933455942,1.5583986933455942
2024-12-16 15:00:00,2.2048213195705006,2.2048213195705006
2024-12-16 16:00:00,2.4052074206353553,2.4052074206353553
2024-12-16 17:00:00,2.9533692981153017,2.9533692981153017
2024-12-16 18:00:00,3.0172136610733142,3.0172136610733142
2024-12-16 19:00:00,2.9899897976964955,2.9899897976964955
2024-12-16 20:00:00,2.730385972066194,2.730385972066194
2024-12-16 21:00:00,3.383874708841162,3.383874708841162
2024-12-16 22:00:00,0.0,0.0
2024-12-16 23:00:00,0.0,0.0
2024-12-17 00:00:00,0.0,0.0
2024-12-17 01:00:00,0.0,0.0
2024-12-17 02:00:00,0.0,0.0
2024-12-17 03:00:00,0.0,0.0
2024-12-17 04:00:00,0.0,0.0
2024-12-17 05:00:00,0.0,0.0
2024-12-17 06:00:00,0.0,0.0
2024-12-17 07:00:00,0.0,0.0
2024-12-17 08:00:00,0.0,0.0
2024-12-17 09:00:00,0.0,0.0
2024-12-17 10:00:00,0.11245979492423851,0.11245979492423851
2024-12-17 11:00:00,0.3779699140960723,0.3779699140960723
2024-12-17 12:00:00,0.7969364960250799,0.7969364960250799
2024-12-17 13:00:00,1.2559548038800703,1.2559548038800703
2024-12-17 14:00:00,1.621233544324822,1.621233544324822
2024-12-17 15:00:00,2.1787966702683703,2.1787966702683703
2024-12-17 16:00:00,2.452825275762096,2.452825275762096
2024-12-17 17:00:00,2.987152656770758,2.987152656770758
2024-12-17 18:00:00,3.5741825953128377,3.5741825953128377
2024-12-17 19:00:00,2.6128489774900086,2.6128489774900086
2024-12-17 20:00:00,2.5878149751034614,2.5878149751034614
2024-12-17 21:00:00,3.361945014852725,3.361945014852725
2024-12-17 22:00:00,0.0,0.0
2024-12-17 23:00:00,0.0,0.0
2024-12-18 00:00:00,0.0,0.0
2024-12-18 01:00:00,0.0,0.0
2024-12-18 02:00:00,0.0,0.0
2024-12-18 03:00:00,0.0,0.0
2024-12-18 04:00:00,0.0,0.0
2024-12-18 05:00:00,0.0,0.0
2024-12-18 06:00:00,0.0,0.0
2024-12-18 07:00:00,0.0,0.0
2024-12-18 08:00:00,0.0,0.0
2024-12-18 09:00:00,0.0,0.0
2024-12-18 10:00:00,0.13452352302853549,0.13452352302853549
2024-12-18 11:00:00,0.39313996560610565,0.39313996560610565
2024-12-18 12:00:00,0.7055382357136579,0.7055382357136579
2024-12-18 13:00:00,1.204311086372241,1.204311086372241
2024-12-18 14:00:00,1.6120964687185542,1.6120964687185542
2024-12-18 15:00:00,2.392586939453177,2.392586939453177
2024-12-18 16:00:00,2.9476059906552723,2.9476059906552723
2024-12-18 17:00:00,2.6919630997998176,2.6919630997998176
2024-12-18 18:00:00,3.0294529392981513,3.0294529392981513
2024-12-18 19:00:00,3.7044058194979694,3.7044058194979694
2024-12-18 20:00:00,2.9463239801949097,2.9463239801949097
2024-12-18 21:00:00,2.9330567594978816,2.9330567594978816
2024-12-18 22:00:00,0.0,0.0
2024-12-18 23:00:00,0.0,0.0
2024-12-19 00:00:00,0.0,0.0
2024-12-19 01:00:00,0.0,0.0
2024-12-19 02:00:00,0.0,0.0
2024-12-19 03:00:00,0.0,0.0
2024-12-19 04:00:00,0.0,0.0
2024-12-19 05:00:00,0.0,0.0
2024-12-19 06:00:00,0.0,0.0
2024-12-19 07:00:00,0.0,0.0
2024-12-19 08:00:00,0.0,0.0
2024-12-19 09:00:00,0.0,0.0
2024-12-19 10:00:00,0.09067093410006365,0.09067093410006365
2024-12-19 11:00:00,0.331550047460307,0.331550047460307
2024-12-19 12:00:00,0.7686129288813217,0.7686129288813217
2024-12-19 13:00:00,1.2027400186916946,1.2027400186916946
2024-12-19 14:00:00,1.5596870419167892,1.5596870419167892
2024-12-19 15:00:00,2.5518720289433885,2.5518720289433885
2024-12-19 16:00:00,2.717445498603313,2.717445498603313
2024-12-19 17:00:00,3.053101992219917,3.053101992219917
2024-12-19 18:00:00,3.5645240367162416,3.5645240367162416
2024-12-19 19:00:00,2.5603442099180365,2.5603442099180365
2024-12-19 20:00:00,2.927859731893902,2.927859731893902
2024-12-19 21:00:00,2.7097004483866183,2.7097004483866183
2024-12-19 22:00:00,0.0,0.0
2024-12-19 23:00:00,0.0,0.0
2024-12-20 00:00:00,0.0,0.0
2024-12-20 01:00:00,0.0,0.0
2024-12-20 02:00:00,0.0,0.0
2024-12-20 03:00:00,0.0,0.0
2024-12-20 04:00:00,0.0,0.0
2024-12-20 05:00:00,0.0,0.0
2024-12-20 06:00:00,0.0,0.0
2024-12-20 07:00:00,0.0,0.0
2024-12-20 08:00:00,0.0,0.0
2024-12-20 09:00:00,0.0,0.0
2024-12-20 10:00:00,0.12788658375872008,0.12788658375872008
2024-12-20 11:00:00,0.42280835250817944,0.42280835250817944
2024-12-20 12:00:00,0.7511118039150017,0.7511118039150017
2024-12-20 13:00:00,1.2392323759099377,1.2392323759099377
2024-12-20 14:00:00,1.7302742352913865,1.7302742352913865
2024-12-20 15:00:00,2.3919917299618643,2.3919917299618643
2024-12-20 16:00:00,2.3845081708749962,2.3845081708749962
2024-12-20 17:00:00,3.2601279896831805,3.2601279896831805
2024-12-20 18:00:00,3.647671521012075,3.647671521012075
2024-12-20 19:00:00,2.8277417721353295,2.8277417721353295
2024-12-20 20:00:00,3.0094277088910064,3.0094277088910064
2024-12-20 21:00:00,3.126218418334171,3.126218418334171
2024-12-20 22:00:00,0.0,0.0
2024-12-20 23:00:00,0.0,0.0
2024-12-21 00:00:00,0.0,0.0
2024-12-21 01:00:00,0.0,0.0
2024-12-21 02:00:00,0.0,0.0
2024-12-21 03:00:00,0.0,0.0
2024-12-21 04:00:00,0.0,0.0
2024-12-21 05:00:00,0.0,0.0
2024-12-21 06:00:00,0.0,0.0
2024-12-21 07:00:00,0.0,0.0
2024-12-21 08:00:00,0.0,0.0
2024-12-21 09:00:00,0.0,0.0
2024-12-21 10:00:00,0.06697699496886321,0.06697699496886321
2024-12-21 11:00:00,0.28303259448579954,0.28303259448579954
2024-12-21 12:00:00,0.5028484493695099,0.5028484493695099
2024-12-21 13:00:00,0.9567480217228934,0.9567480217228934
2024-12-21 14:00:00,1.0952073799351867,1.0952073799351867
2024-12-21 15:00:00,1.5930519082018817,1.5930519082018817
2024-12-21 16:00:00,1.4877026736363679,1.4877026736363679
2024-12-21 17:00:00,1.8197314571139869,1.8197314571139869
2024-12-21 18:00:00,2.2213924731169676,2.2213924731169676
2024-12-21 19:00:00,1.674629773567786,1.674629773567786
2024-12-21 20:00:00,2.234985859875533,2.234985859875533
2024-12-21 21:00:00,2.0184521700451477,2.0184521700451477
2024-12-21 22:00:00,0.0,0.0
2024-12-21 23:00:00,0.0,0.0
2024-12-22 00:00:00,0.0,0.0
2024-12-22 01:00:00,0.0,0.0
2024-12-22 02:00:00,0.0,0.0
2024-12-22 03:00:00,0.0,0.0
2024-12-22 04:00:00,0.0,0.0
2024-12-22 05:00:00,0.0,0.0
2024-12-22 06:00:00,0.0,0.0
2024-12-22 07:00:00,0.0,0.0
2024-12-22 08:00:00,0.0,0.0
2024-12-22 09:00:00,0.0,0.0
2024-12-22 10:00:00,0.09294442098599952,0.09294442098599952
2024-12-22 11:00:00,0.30253685144560566,0.30253685144560566
2024-12-22 12:00:00,0.4972366348407681,0.4972366348407681
2024-12-22 13:00:00,1.0671207467194623,1.0671207467194623
2024-12-22 14:00:00,1.4206027565565196,1.4206027565565196
2024-12-22 15:00:00,1.6716311401760298,1.6716311401760298
2024-12-22 16:00:00,1.758448290690669,1.758448290690669
2024-12-22 17:00:00,2.0813070082847145,2.0813070082847145
2024-12-22 18:00:00,2.3368906725622147,2.3368906725622147
2024-12-22 19:00:00,2.281936424027438,2.281936424027438
2024-12-22 20:00:00,2.571494952583477,2.571494952583477
2024-12-22 21:00:00,2.5152836641495186,2.5152836641495186
2024-12-22 22:00:00,0.0,0.0
2024-12-22 23:00:00,0.0,0.0
2024-12-23 00:00:00,0.0,0.0
2024-12-23 01:00:00,0.0,0.0
2024-12-23 02:00:00,0.0,0.0
2024-12-23 03:00:00,0.0,0.0
2024-12-23 04:00:00,0.0,0.0
2024-12-23 05:00:00,0.0,0.0
2024-12-23 06:00:00,0.0,0.0
2024-12-23 07:00:00,0.0,0.0
2024-12-23 08:00:00,0.0,0.0
2024-12-23 09:00:00,0.0,0.0
2024-12-23 10:00:00,0.09911200810670134,0.09911200810670134
2024-12-23 11:00:00,0.3293671405171287,0.3293671405171287
2024-12-23 12:00:00,0.5618570079417102,0.5618570079417102
2024-12-23 13:00:00,1.1369928991234832,1.1369928991234832
2024-12-23 14:00:00,1.7410532442215887,1.7410532442215887
2024-12-23 15:00:00,2.1228554272031155,2.1228554272031155
2024-12-23 16:00:00,2.486871979444485,2.486871979444485
2024-12-23 17:00:00,2.244747754322106,2.244747754322106
2024-12-23 18:00:00,2.9213819901645484,2.9213819901645484
2024-12-23 19:00:00,2.5806775591318942,2.5806775591318942
2024-12-23 20:00:00,2.7640173158568833,2.7640173158568833
2024-12-23 21:00:00,2.9283792571009566,2.9283792571009566
2024-12-23 22:00:00,0.0,0.0
2024-12-23 23:00:00,0.0,0.0
2024-12-24 00:00:00,0.0,0.0
2024-12-24 01:00:00,0.0,0.0
2024-12-24 02:00:00,0.0,0.0
2024-12-24 03:00:00,0.0,0.0
2024-12-24 04:00:00,0.0,0.0
2024-12-24 05:00:00,0.0,0.0
2024-12-24 06:00:00,0.0,0.0
2024-12-24 07:00:00,0.0,0.0
2024-12-24 08:00:00,0.0,0.0
2024-12-24 09:00:00,0.0,0.0
2024-12-24 10:00:00,0.10651478584075601,0.10651478584075601
2024-12-24 11:00:00,0.3235971171284415,0.3235971171284415
2024-12-24 12:00:00,0.6024729257115471,0.6024729257115471
2024-12-24 13:00:00,1.0651526777960154,1.0651526777960154
2024-12-24 14:00:00,1.4862424664630782,1.4862424664630782
2024-12-24 15:00:00,1.9754520322807785,1.9754520322807785
2024-12-24 16:00:00,2.418514109769983,2.418514109769983
2024-12-24 17:00:00,2.6547969206814153,2.6547969206814153
2024-12-24 18:00:00,3.016394375224891,3.016394375224891
2024-12-24 19:00:00,2.893294940921971,2.893294940921971
2024-12-24 20:00:00,2.6283451769868473,2.6283451769868473
2024-12-24 21:00:00,2.754359887672952,2.754359887672952
2024-12-24 22:00:00,0.0,0.0
2024-12-24 23:00:00,0.0,0.0
2024-12-25 00:00:00,0.0,0.0
2024-12-25 01:00:00,0.0,0.0
2024-12-25 02:00:00,0.0,0.0
2024-12-25 03:00:00,0.0,0.0
2024-12-25 04:00:00,0.0,0.0
2024-12-25 05:00:00,0.0,0.0
2024-12-25 06:00:00,0.0,0.0
2024-12-25 07:00:00,0.0,0.0
2024-12-25 08:00:00,0.0,0.0
2024-12-25 09:00:00,0.0,0.0
2024-12-25 10:00:00,0.11988560175989586,0.11988560175989586
2024-12-25 11:00:00,0.43360423413680205,0.43360423413680205
2024-12-25 12:00:00,0.6802266358508171,0.6802266358508171
2024-12-25 13:00:00,1.231448096920117,1.231448096920117
2024-12-25 14:00:00,1.6537433672764874,1.6537433672764874
2024-12-25 15:00:00,2.1983578761319835,2.1983578761319835
2024-12-25 16:00:00,2.482392254275389,2.482392254275389
2024-12-25 17:00:00,3.2160010685025804,3.2160010685025804
2024-12-25 18:00:00,3.4878582038115007,3.4878582038115007
2024-12-25 19:00:00,2.8182560322244146,2.8182560322244146
2024-12-25 20:00:00,2.971852150735742,2.971852150735742
2024-12-25 21:00:00,2.7543585803136654,2.7543585803136654
2024-12-25 22:00:00,0.0,0.0
2024-12-25 23:00:00,0.0,0.0
2024-12-26 00:00:00,0.0,0.0
2024-12-26 01:00:00,0.0,0.0
2024-12-26 02:00:00,0.0,0.0
2024-12-26 03:00:00,0.0,0.0
2024-12-26 04:00:00,0.0,0.0
2024-12-26 05:00:00,0.0,0.0
2024-12-26 06:00:00,0.0,0.0
2024-12-26 07:00:00,0.0,0.0
2024-12-26 08:00:00,0.0,0.0
2024-12-26 09:00:00,0.0,0.0
2024-12-26 10:00:00,0.1308730654623273,0.1308730654623273
2024-12-26 11:00:00,0.4067374925544727,0.4067374925544727
2024-12-26 12:00:00,0.7846567942467317,0.7846567942467317
2024-12-26 13:00:00,1.5751364698485342,1.5751364698485342
2024-12-26 14:00:00,1.848973512864967,1.848973512864967
2024-12-26 15:00:00,2.705220935942098,2.705220935942098
2024-12-26 16:00:00,2.8832016555049136,2.8832016555049136
2024-12-26 17:00:00,2.9424900080842535,2.9424900080842535
2024-12-26 18:00:00,2.9712600886009937,2.9712600886009937
2024-12-26 19:00:00,3.13488803707715,3.13488803707715
2024-12-26 20:00:00,2.929027513787755,2.929027513787755
2024-12-26 21:00:00,3.5840073575827147,3.5840073575827147
2024-12-26 22:00:00,0.0,0.0
2024-12-26 23:00:00,0.0,0.0
2024-12-27 00:00:00,0.0,0.0
2024-12-27 01:00:00,0.0,0.0
2024-12-27 02:00:00,0.0,0.0
2024-12-27 03:00:00,0.0,0.0
2024-12-27 04:00:00,0.0,0.0
2024-12-27 05:00:00,0.0,0.0
2024-12-27 06:00:00,0.0,0.0
2024-12-27 07:00:00,0.0,0.0
2024-12-27 08:00:00,0.0,0.0
2024-12-27 09:00:00,0.0,0.0
2024-12-27 10:00:00,0.11330800538183726,0.11330800538183726
2024-12-27 11:00:00,0.4142737366015596,0.4142737366015596
2024-12-27 12:00:00,0.6124381724875305,0.6124381724875305
2024-12-27 13:00:00,1.355284813360769,1.355284813360769
2024-12-27 14:00:00,1.8290183503643775,1.8290183503643775
2024-12-27 15:00:00,2.464291881524719,2.464291881524719
2024-12-27 16:00:00,2.6748228012143698,2.6748228012143698
2024-12-27 17:00:00,2.3919063053545786,2.3919063053545786
2024-12-27 18:00:00,2.808288564199578,2.808288564199578
2024-12-27 19:00:00,3.349674139966089,3.349674139966089
2024-12-27 20:00:00,3.352835625399749,3.352835625399749
2024-12-27 21:00:00,2.7233157856371886,2.7233157856371886
2024-12-27 22:00:00,0.0,0.0
2024-12-27 23:00:00,0.0,0.0
2024-12-28 00:00:00,0.0,0.0
2024-12-28 01:00:00,0.0,0.0
2024-12-28 02:00:00,0.0,0.0
2024-12-28 03:00:00,0.0,0.0
2024-12-28 04:00:00,0.0,0.0
2024-12-28 05:00:00,0.0,0.0
2024-12-28 06:00:00,0.0,0.0
2024-12-28 07:00:00,0.0,0.0
2024-12-28 08:00:00,0.0,0.0
2024-12-28 09:00:00,0.0,0.0
2024-12-28 10:00:00,0.07017912726498714,0.07017912726498714
2024-12-28 11:00:00,0.2744161532475389,0.2744161532475389
2024-12-28 12:00:00,0.48297706524652917,0.48297706524652917
2024-12-28 13:00:00,0.8743814014308561,0.8743814014308561
2024-12-28 14:00:00,1.2287021916461913,1.2287021916461913
2024-12-28 15:00:00,1.4785297521653733,1.4785297521653733
2024-12-28 16:00:00,1.7407627500594913,1.7407627500594913
2024-12-28 17:00:00,1.7254969248566907,1.7254969248566907
2024-12-28 18:00:00,2.0572621433169367,2.0572621433169367
2024-12-28 19:00:00,2.1225574421893834,2.1225574421893834
2024-12-28 20:00:00,2.2505665802302133,2.2505665802302133
2024-12-28 21:00:00,1.9080517621231123,1.9080517621231123
2024-12-28 22:00:00,0.0,0.0
2024-12-28 23:00:00,0.0,0.0
2024-12-29 00:00:00,0.0,0.0
2024-12-29 01:00:00,0.0,0.0
2024-12-29 02:00:00,0.0,0.0
2024-12-29 03:00:00,0.0,0.0
2024-12-29 04:00:00,0.0,0.0
2024-12-29 05:00:00,0.0,0.0
2024-12-29 06:00:00,0.0,0.0
2024-12-29 07:00:00,0.0,0.0
2024-12-29 08:00:00,0.0,0.0
2024-12-29 09:00:00,0.0,0.0
2024-12-29 10:00:00,0.08484297324833213,0.08484297324833213
2024-12-29 11:00:00,0.31147918360977184,0.31147918360977184
2024-12-29 12:00:00,0.43858172542272605,0.43858172542272605
2024-12-29 13:00:00,0.773418141530568,0.773418141530568
2024-12-29 14:00:00,1.1365792836161424,1.1365792836161424
2024-12-29 15:00:00,1.5597574881945355,1.5597574881945355
2024-12-29 16:00:00,1.6589602532658831,1.6589602532658831
2024-12-29 17:00:00,1.7663680490134936,1.7663680490134936
2024-12-29 18:00:00,2.4361641998545673,2.4361641998545673
2024-12-29 19:00:00,2.200744406752712,2.200744406752712
2024-12-29 20:00:00,2.098851936021842,2.098851936021842
2024-12-29 21:00:00,2.241707504720784,2.241707504720784
2024-12-29 22:00:00,0.0,0.0
2024-12-29 23:00:00,0.0,0.0
2024-12-30 00:00:00,0.0,0.0
2024-12-30 01:00:00,0.0,0.0
2024-12-30 02:00:00,0.0,0.0
2024-12-30 03:00:00,0.0,0.0
2024-12-30 04:00:00,0.0,0.0
2024-12-30 05:00:00,0.0,0.0
2024-12-30 06:00:00,0.0,0.0
2024-12-30 07:00:00,0.0,0.0
2024-12-30 08:00:00,0.0,0.0
2024-12-30 09:00:00,0.0,0.0
2024-12-30 10:00:00,0.1076481039623139,0.1076481039623139
2024-12-30 11:00:00,0.4122241627875677,0.4122241627875677
2024-12-30 12:00:00,0.7955997199361666,0.7955997199361666
2024-12-30 13:00:00,1.2837440650375869,1.2837440650375869
2024-12-30 14:00:00,1.7697662313895042,1.7697662313895042
2024-12-30 15:00:00,2.574070488390965,2.574070488390965
2024-12-30 16:00:00,2.2761340550357962,2.2761340550357962
2024-12-30 17:00:00,2.7125998058415353,2.7125998058415353
2024-12-30 18:00:00,3.499185750732231,3.499185750732231
2024-12-30 19:00:00,3.065570433719313,3.065570433719313
2024-12-30 20:00:00,2.5940069629600857,2.5940069629600857
2024-12-30 21:00:00,3.3098244867722637,3.3098244867722637
2024-12-30 22:00:00,0.0,0.0
2024-12-30 23:00:00,0.0,0.0
