timestamp,power_kw,energy_kwh
2024-01-01 00:00:00,0.0,0.0
2024-01-01 01:00:00,0.0,0.0
2024-01-01 02:00:00,0.0,0.0
2024-01-01 03:00:00,0.0,0.0
2024-01-01 04:00:00,0.0,0.0
2024-01-01 05:00:00,0.0,0.0
2024-01-01 06:00:00,0.0,0.0
2024-01-01 07:00:00,0.0,0.0
2024-01-01 08:00:00,0.0,0.0
2024-01-01 09:00:00,0.0,0.0
2024-01-01 10:00:00,0.09316322769074735,0.09316322769074735
2024-01-01 11:00:00,0.36611974787281726,0.36611974787281726
2024-01-01 12:00:00,0.8621056374319529,0.8621056374319529
2024-01-01 13:00:00,1.6813991696036625,1.6813991696036625
2024-01-01 14:00:00,2.3211804348737934,2.3211804348737934
2024-01-01 15:00:00,2.215017322568113,2.215017322568113
2024-01-01 16:00:00,2.530593880639728,2.530593880639728
2024-01-01 17:00:00,3.1909358515616284,3.1909358515616284
2024-01-01 18:00:00,2.9675006458017603,2.9675006458017603
2024-01-01 19:00:00,3.370144809142666,3.370144809142666
2024-01-01 20:00:00,3.090876576574946,3.090876576574946
2024-01-01 21:00:00,2.8020602745945618,2.8020602745945618
2024-01-01 22:00:00,0.0,0.0
2024-01-01 23:00:00,0.0,0.0
2024-01-02 00:00:00,0.0,0.0
2024-01-02 01:00:00,0.0,0.0
2024-01-02 02:00:00,0.0,0.0
2024-01-02 03:00:00,0.0,0.0
2024-01-02 04:00:00,0.0,0.0
2024-01-02 05:00:00,0.0,0.0
2024-01-02 06:00:00,0.0,0.0
2024-01-02 07:00:00,0.0,0.0
2024-01-02 08:00:00,0.0,0.0
2024-01-02 09:00:00,0.0,0.0
2024-01-02 10:00:00,0.1006944722628879,0.1006944722628879
2024-01-02 11:00:00,0.4615812491860758,0.4615812491860758
2024-01-02 12:00:00,0.8182646864625304,0.8182646864625304
2024-01-02 13:00:00,1.3829640754196586,1.3829640754196586
2024-01-02 14:00:00,2.4077078672542944,2.4077078672542944
2024-01-02 15:00:00,2.113180993952383,2.113180993952383
2024-01-02 16:00:00,2.556520857013887,2.556520857013887
2024-01-02 17:00:00,3.1294565488343804,3.1294565488343804
2024-01-02 18:00:00,2.8584250375972156,2.8584250375972156
2024-01-02 19:00:00,3.1935306830367756,3.1935306830367756
2024-01-02 20:00:00,3.8238405027918887,3.8238405027918887
2024-01-02 21:00:00,2.9855945317973096,2.9855945317973096
2024-01-02 22:00:00,0.0,0.0
2024-01-02 23:00:00,0.0,0.0
2024-01-03 00:00:00,0.0,0.0
2024-01-03 01:00:00,0.0,0.0
2024-01-03 02:00:00,0.0,0.0
2024-01-03 03:00:00,0.0,0.0
2024-01-03 04:00:00,0.0,0.0
2024-01-03 05:00:00,0.0,0.0
2024-01-03 06:00:00,0.0,0.0
2024-01-03 07:00:00,0.0,0.0
2024-01-03 08:00:00,0.0,0.0
2024-01-03 09:00:00,0.0,0.0
2024-01-03 10:00:00,0.11610594538091365,0.11610594538091365
2024-01-03 11:00:00,0.38225505549125166,0.38225505549125166
2024-01-03 12:00:00,0.8022426507930867,0.8022426507930867
2024-01-03 13:00:00,1.6644518480826815,1.6644518480826815
2024-01-03 14:00:00,2.0927552357476347,2.0927552357476347
2024-01-03 15:00:00,2.324490454335388,2.324490454335388
2024-01-03 16:00:00,3.1237498419684955,3.1237498419684955
2024-01-03 17:00:00,2.532281457948017,2.532281457948017
2024-01-03 18:00:00,2.8596676791889277,2.8596676791889277
2024-01-03 19:00:00,3.1122568696058748,3.1122568696058748
2024-01-03 20:00:00,3.3587979334748495,3.3587979334748495
2024-01-03 21:00:00,2.6963155951135316,2.6963155951135316
2024-01-03 22:00:00,0.0,0.0
2024-01-03 23:00:00,0.0,0.0
2024-01-04 00:00:00,0.0,0.0
2024-01-04 01:00:00,0.0,0.0
2024-01-04 02:00:00,0.0,0.0
2024-01-04 03:00:00,0.0,0.0
2024-01-04 04:00:00,0.0,0.0
2024-01-04 05:00:00,0.0,0.0
2024-01-04 06:00:00,0.0,0.0
2024-01-04 07:00:00,0.0,0.0
2024-01-04 08:00:00,0.0,0.0
2024-01-04 09:00:00,0.0,0.0
2024-01-04 10:00:00,0.11511784894140038,0.11511784894140038
2024-01-04 11:00:00,0.3575731576630141,0.3575731576630141
2024-01-04 12:00:00,0.7034103363104363,0.7034103363104363
2024-01-04 13:00:00,1.3330271504694065,1.3330271504694065
2024-01-04 14:00:00,1.8024610304937163,1.8024610304937163
2024-01-04 15:00:00,2.467478379592041,2.467478379592041
2024-01-04 16:00:00,3.0215445472794404,3.0215445472794404
2024-01-04 17:00:00,2.4905099511221356,2.4905099511221356
2024-01-04 18:00:00,2.9668652851810053,2.9668652851810053
2024-01-04 19:00:00,3.3700769633855896,3.3700769633855896
2024-01-04 20:00:00,3.8716033664797314,3.8716033664797314
2024-01-04 21:00:00,3.4324126843468723,3.4324126843468723
2024-01-04 22:00:00,0.0,0.0
2024-01-04 23:00:00,0.0,0.0
2024-01-05 00:00:00,0.0,0.0
2024-01-05 01:00:00,0.0,0.0
2024-01-05 02:00:00,0.0,0.0
2024-01-05 03:00:00,0.0,0.0
2024-01-05 04:00:00,0.0,0.0
2024-01-05 05:00:00,0.0,0.0
2024-01-05 06:00:00,0.0,0.0
2024-01-05 07:00:00,0.0,0.0
2024-01-05 08:00:00,0.0,0.0
2024-01-05 09:00:00,0.0,0.0
2024-01-05 10:00:00,0.08987182713575037,0.08987182713575037
2024-01-05 11:00:00,0.40730726861443306,0.40730726861443306
2024-01-05 12:00:00,0.6168277204957656,0.6168277204957656
2024-01-05 13:00:00,1.3024419425848723,1.3024419425848723
2024-01-05 14:00:00,1.7138173130854408,1.7138173130854408
2024-01-05 15:00:00,2.135429647668944,2.135429647668944
2024-01-05 16:00:00,2.375756706416836,2.375756706416836
2024-01-05 17:00:00,2.4219754315645323,2.4219754315645323
2024-01-05 18:00:00,2.9942033948687685,2.9942033948687685
2024-01-05 19:00:00,3.2335373259066023,3.2335373259066023
2024-01-05 20:00:00,3.030649591913665,3.030649591913665
2024-01-05 21:00:00,2.803864083431077,2.803864083431077
2024-01-05 22:00:00,0.0,0.0
2024-01-05 23:00:00,0.0,0.0
2024-01-06 00:00:00,0.0,0.0
2024-01-06 01:00:00,0.0,0.0
2024-01-06 02:00:00,0.0,0.0
2024-01-06 03:00:00,0.0,0.0
2024-01-06 04:00:00,0.0,0.0
2024-01-06 05:00:00,0.0,0.0
2024-01-06 06:00:00,0.0,0.0
2024-01-06 07:00:00,0.0,0.0
2024-01-06 08:00:00,0.0,0.0
2024-01-06 09:00:00,0.0,0.0
2024-01-06 10:00:00,0.06023937433140896,0.06023937433140896
2024-01-06 11:00:00,0.24334057650351248,0.24334057650351248
2024-01-06 12:00:00,0.541751829688662,0.541751829688662
2024-01-06 13:00:00,0.8744523276034886,0.8744523276034886
2024-01-06 14:00:00,1.4910167961497955,1.4910167961497955
2024-01-06 15:00:00,1.3653533970983363,1.3653533970983363
2024-01-06 16:00:00,1.6465437559359193,1.6465437559359193
2024-01-06 17:00:00,1.683888678888578,1.683888678888578
2024-01-06 18:00:00,1.9421863157998502,1.9421863157998502
2024-01-06 19:00:00,2.200382608730121,2.200382608730121
2024-01-06 20:00:00,2.0690324539092138,2.0690324539092138
2024-01-06 21:00:00,1.9953508044142725,1.9953508044142725
2024-01-06 22:00:00,0.0,0.0
2024-01-06 23:00:00,0.0,0.0
2024-01-07 00:00:00,0.0,0.0
2024-01-07 01:00:00,0.0,0.0
2024-01-07 02:00:00,0.0,0.0
2024-01-07 03:00:00,0.0,0.0
2024-01-07 04:00:00,0.0,0.0
2024-01-07 05:00:00,0.0,0.0
2024-01-07 06:00:00,0.0,0.0
2024-01-07 07:00:00,0.0,0.0
2024-01-07 08:00:00,0.0,0.0
2024-01-07 09:00:00,0.0,0.0
2024-01-07 10:00:00,0.07863813589164073,0.07863813589164073
2024-01-07 11:00:00,0.28196448825902326,0.28196448825902326
2024-01-07 12:00:00,0.577534324990145,0.577534324990145
2024-01-07 13:00:00,0.9142716063528642,0.9142716063528642
2024-01-07 14:00:00,1.3405778231108023,1.3405778231108023
2024-01-07 15:00:00,1.5977853666508568,1.5977853666508568
2024-01-07 16:00:00,1.7625494969042195,1.7625494969042195
2024-01-07 17:00:00,1.7178234260716403,1.7178234260716403
2024-01-07 18:00:00,2.284624274102682,2.284624274102682
2024-01-07 19:00:00,2.1338946969573644,2.1338946969573644
2024-01-07 20:00:00,2.521557222261903,2.521557222261903
2024-01-07 21:00:00,1.8250692184671329,1.8250692184671329
2024-01-07 22:00:00,0.0,0.0
2024-01-07 23:00:00,0.0,0.0
2024-01-08 00:00:00,0.0,0.0
2024-01-08 01:00:00,0.0,0.0
2024-01-08 02:00:00,0.0,0.0
2024-01-08 03:00:00,0.0,0.0
2024-01-08 04:00:00,0.0,0.0
2024-01-08 05:00:00,0.0,0.0
2024-01-08 06:00:00,0.0,0.0
2024-01-08 07:00:00,0.0,0.0
2024-01-08 08:00:00,0.0,0.0
2024-01-08 09:00:00,0.0,0.0
2024-01-08 10:00:00,0.08036629708363435,0.08036629708363435
2024-01-08 11:00:00,0.35476306222043624,0.35476306222043624
2024-01-08 12:00:00,0.756409197721973,0.756409197721973
2024-01-08 13:00:00,1.3535722678346676,1.3535722678346676
2024-01-08 14:00:00,1.7084974342620227,1.7084974342620227
2024-01-08 15:00:00,1.939127692678044,1.939127692678044
2024-01-08 16:00:00,2.2007889518688764,2.2007889518688764
2024-01-08 17:00:00,2.6249079670668927,2.6249079670668927
2024-01-08 18:00:00,2.910072561643089,2.910072561643089
2024-01-08 19:00:00,2.5012172501581986,2.5012172501581986
2024-01-08 20:00:00,3.1508089040197396,3.1508089040197396
2024-01-08 21:00:00,2.871004529442015,2.871004529442015
2024-01-08 22:00:00,0.0,0.0
2024-01-08 23:00:00,0.0,0.0
2024-01-09 00:00:00,0.0,0.0
2024-01-09 01:00:00,0.0,0.0
2024-01-09 02:00:00,0.0,0.0
2024-01-09 03:00:00,0.0,0.0
2024-01-09 04:00:00,0.0,0.0
2024-01-09 05:00:00,0.0,0.0
2024-01-09 06:00:00,0.0,0.0
2024-01-09 07:00:00,0.0,0.0
2024-01-09 08:00:00,0.0,0.0
2024-01-09 09:00:00,0.0,0.0
2024-01-09 10:00:00,0.11279747243480875,0.11279747243480875
2024-01-09 11:00:00,0.4429875581413624,0.4429875581413624
2024-01-09 12:00:00,0.6467311926664434,0.6467311926664434
2024-01-09 13:00:00,1.2762897498565033,1.2762897498565033
2024-01-09 14:00:00,2.0143401295039505,2.0143401295039505
2024-01-09 15:00:00,2.2139389435720735,2.2139389435720735
2024-01-09 16:00:00,2.5287896104700054,2.5287896104700054
2024-01-09 17:00:00,2.9013948987793516,2.9013948987793516
2024-01-09 18:00:00,3.044237165718751,3.044237165718751
2024-01-09 19:00:00,3.1934798124333836,3.1934798124333836
2024-01-09 20:00:00,3.491084668044188,3.491084668044188
2024-01-09 21:00:00,2.8050607375137857,2.8050607375137857
2024-01-09 22:00:00,0.0,0.0
2024-01-09 23:00:00,0.0,0.0
2024-01-10 00:00:00,0.0,0.0
2024-01-10 01:00:00,0.0,0.0
2024-01-10 02:00:00,0.0,0.0
2024-01-10 03:00:00,0.0,0.0
2024-01-10 04:00:00,0.0,0.0
2024-01-10 05:00:00,0.0,0.0
2024-01-10 06:00:00,0.0,0.0
2024-01-10 07:00:00,0.0,0.0
2024-01-10 08:00:00,0.0,0.0
2024-01-10 09:00:00,0.0,0.0
2024-01-10 10:00:00,0.10026034498657725,0.10026034498657725
2024-01-10 11:00:00,0.3487955217513149,0.3487955217513149
2024-01-10 12:00:00,0.71356268856582,0.71356268856582
2024-01-10 13:00:00,1.4494968399929902,1.4494968399929902
2024-01-10 14:00:00,1.644183279797357,1.644183279797357
2024-01-10 15:00:00,1.6968669143437105,1.6968669143437105
2024-01-10 16:00:00,2.4657252394679134,2.4657252394679134
2024-01-10 17:00:00,2.666738744281456,2.666738744281456
2024-01-10 18:00:00,2.9687865141375336,2.9687865141375336
2024-01-10 19:00:00,2.463145357634737,2.463145357634737
2024-01-10 20:00:00,2.646059409548035,2.646059409548035
2024-01-10 21:00:00,2.8842982020391617,2.8842982020391617
2024-01-10 22:00:00,0.0,0.0
2024-01-10 23:00:00,0.0,0.0
2024-01-11 00:00:00,0.0,0.0
2024-01-11 01:00:00,0.0,0.0
2024-01-11 02:00:00,0.0,0.0
2024-01-11 03:00:00,0.0,0.0
2024-01-11 04:00:00,0.0,0.0
2024-01-11 05:00:00,0.0,0.0
2024-01-11 06:00:00,0.0,0.0
2024-01-11 07:00:00,0.0,0.0
2024-01-11 08:00:00,0.0,0.0
2024-01-11 09:00:00,0.0,0.0
2024-01-11 10:00:00,0.09257977169242404,0.09257977169242404
2024-01-11 11:00:00,0.3505848090598565,0.3505848090598565
2024-01-11 12:00:00,0.7806918021352991,0.7806918021352991
2024-01-11 13:00:00,1.3315971277161314,1.3315971277161314
2024-01-11 14:00:00,1.9685426786011746,1.9685426786011746
2024-01-11 15:00:00,2.3168682521436175,2.3168682521436175
2024-01-11 16:00:00,2.6636022355715205,2.6636022355715205
2024-01-11 17:00:00,3.1245222492074345,3.1245222492074345
2024-01-11 18:00:00,2.6306783705921655,2.6306783705921655
2024-01-11 19:00:00,3.0908218000642984,3.0908218000642984
2024-01-11 20:00:00,3.1573914179202007,3.1573914179202007
2024-01-11 21:00:00,3.2839193522320027,3.2839193522320027
2024-01-11 22:00:00,0.0,0.0
2024-01-11 23:00:00,0.0,0.0
2024-01-12 00:00:00,0.0,0.0
2024-01-12 01:00:00,0.0,0.0
2024-01-12 02:00:00,0.0,0.0
2024-01-12 03:00:00,0.0,0.0
2024-01-12 04:00:00,0.0,0.0
2024-01-12 05:00:00,0.0,0.0
2024-01-12 06:00:00,0.0,0.0
2024-01-12 07:00:00,0.0,0.0
2024-01-12 08:00:00,0.0,0.0
2024-01-12 09:00:00,0.0,0.0
2024-01-12 10:00:00,0.11608314671895655,0.11608314671895655
2024-01-12 11:00:00,0.3907711025879225,0.3907711025879225
2024-01-12 12:00:00,0.7987216416359384,0.7987216416359384
2024-01-12 13:00:00,1.3125704501591933,1.3125704501591933
2024-01-12 14:00:00,2.2038523912948222,2.2038523912948222
2024-01-12 15:00:00,2.422978765097822,2.422978765097822
2024-01-12 16:00:00,2.8912880912537693,2.8912880912537693
2024-01-12 17:00:00,2.8546506899638167,2.8546506899638167
2024-01-12 18:00:00,2.910303491517099,2.910303491517099
2024-01-12 19:00:00,2.7642545721368075,2.7642545721368075
2024-01-12 20:00:00,4.039824001948596,4.039824001948596
2024-01-12 21:00:00,3.329102724142232,3.329102724142232
2024-01-12 22:00:00,0.0,0.0
2024-01-12 23:00:00,0.0,0.0
2024-01-13 00:00:00,0.0,0.0
2024-01-13 01:00:00,0.0,0.0
2024-01-13 02:00:00,0.0,0.0
2024-01-13 03:00:00,0.0,0.0
2024-01-13 04:00:00,0.0,0.0
2024-01-13 05:00:00,0.0,0.0
2024-01-13 06:00:00,0.0,0.0
2024-01-13 07:00:00,0.0,0.0
2024-01-13 08:00:00,0.0,0.0
2024-01-13 09:00:00,0.0,0.0
2024-01-13 10:00:00,0.06792010556681292,0.06792010556681292
2024-01-13 11:00:00,0.23447782995221883,0.23447782995221883
2024-01-13 12:00:00,0.4660615541644257,0.4660615541644257
2024-01-13 13:00:00,0.9227196969616048,0.9227196969616048
2024-01-13 14:00:00,1.2857984125440776,1.2857984125440776
2024-01-13 15:00:00,1.3809170228092225,1.3809170228092225
2024-01-13 16:00:00,1.7693671714027022,1.7693671714027022
2024-01-13 17:00:00,1.764460213987415,1.764460213987415
2024-01-13 18:00:00,2.2272452813910912,2.2272452813910912
2024-01-13 19:00:00,2.109381784150664,2.109381784150664
2024-01-13 20:00:00,2.5230547275535766,2.5230547275535766
2024-01-13 21:00:00,2.158087047265516,2.158087047265516
2024-01-13 22:00:00,0.0,0.0
2024-01-13 23:00:00,0.0,0.0
2024-01-14 00:00:00,0.0,0.0
2024-01-14 01:00:00,0.0,0.0
2024-01-14 02:00:00,0.0,0.0
2024-01-14 03:00:00,0.0,0.0
2024-01-14 04:00:00,0.0,0.0
2024-01-14 05:00:00,0.0,0.0
2024-01-14 06:00:00,0.0,0.0
2024-01-14 07:00:00,0.0,0.0
2024-01-14 08:00:00,0.0,0.0
2024-01-14 09:00:00,0.0,0.0
2024-01-14 10:00:00,0.06425456732918639,0.06425456732918639
2024-01-14 11:00:00,0.3090055872111209,0.3090055872111209
2024-01-14 12:00:00,0.5817946501953062,0.5817946501953062
2024-01-14 13:00:00,1.0147277710049534,1.0147277710049534
2024-01-14 14:00:00,1.2974192469576105,1.2974192469576105
2024-01-14 15:00:00,1.3288424554832234,1.3288424554832234
2024-01-14 16:00:00,1.8688692545460268,1.8688692545460268
2024-01-14 17:00:00,1.6500108375487628,1.6500108375487628
2024-01-14 18:00:00,2.012770590677297,2.012770590677297
2024-01-14 19:00:00,2.160304375355443,2.160304375355443
2024-01-14 20:00:00,2.6068722580025607,2.6068722580025607
2024-01-14 21:00:00,2.160596842460832,2.160596842460832
2024-01-14 22:00:00,0.0,0.0
2024-01-14 23:00:00,0.0,0.0
2024-01-15 00:00:00,0.0,0.0
2024-01-15 01:00:00,0.0,0.0
2024-01-15 02:00:00,0.0,0.0
2024-01-15 03:00:00,0.0,0.0
2024-01-15 04:00:00,0.0,0.0
2024-01-15 05:00:00,0.0,0.0
2024-01-15 06:00:00,0.0,0.0
2024-01-15 07:00:00,0.0,0.0
2024-01-15 08:00:00,0.0,0.0
2024-01-15 09:00:00,0.0,0.0
2024-01-15 10:00:00,0.09914145988911433,0.09914145988911433
2024-01-15 11:00:00,0.44312562251233556,0.44312562251233556
2024-01-15 12:00:00,0.6967196488483638,0.6967196488483638
2024-01-15 13:00:00,1.499163564465943,1.499163564465943
2024-01-15 14:00:00,1.898531275669503,1.898531275669503
2024-01-15 15:00:00,2.2427196625888364,2.2427196625888364
2024-01-15 16:00:00,2.526311341814601,2.526311341814601
2024-01-15 17:00:00,3.0395808210827315,3.0395808210827315
2024-01-15 18:00:00,2.7759621784455324,2.7759621784455324
2024-01-15 19:00:00,3.2683538924068323,3.2683538924068323
2024-01-15 20:00:00,3.4567693354453564,3.4567693354453564
2024-01-15 21:00:00,3.2844824109487494,3.2844824109487494
2024-01-15 22:00:00,0.0,0.0
2024-01-15 23:00:00,0.0,0.0
2024-01-16 00:00:00,0.0,0.0
2024-01-16 01:00:00,0.0,0.0
2024-01-16 02:00:00,0.0,0.0
2024-01-16 03:00:00,0.0,0.0
2024-01-16 04:00:00,0.0,0.0
2024-01-16 05:00:00,0.0,0.0
2024-01-16 06:00:00,0.0,0.0
2024-01-16 07:00:00,0.0,0.0
2024-01-16 08:00:00,0.0,0.0
2024-01-16 09:00:00,0.0,0.0
2024-01-16 10:00:00,0.09299819094910984,0.09299819094910984
2024-01-16 11:00:00,0.3465334769310017,0.3465334769310017
2024-01-16 12:00:00,0.6820576680153699,0.6820576680153699
2024-01-16 13:00:00,1.2476879724818413,1.2476879724818413
2024-01-16 14:00:00,1.7720181949468274,1.7720181949468274
2024-01-16 15:00:00,1.9649025696728983,1.9649025696728983
2024-01-16 16:00:00,2.2820727146959503,2.2820727146959503
2024-01-16 17:00:00,2.1534563002081173,2.1534563002081173
2024-01-16 18:00:00,2.4684068898290596,2.4684068898290596
2024-01-16 19:00:00,2.9170391069704684,2.9170391069704684
2024-01-16 20:00:00,2.9872276285160835,2.9872276285160835
2024-01-16 21:00:00,2.422281354917556,2.422281354917556
2024-01-16 22:00:00,0.0,0.0
2024-01-16 23:00:00,0.0,0.0
2024-01-17 00:00:00,0.0,0.0
2024-01-17 01:00:00,0.0,0.0
2024-01-17 02:00:00,0.0,0.0
2024-01-17 03:00:00,0.0,0.0
2024-01-17 04:00:00,0.0,0.0
2024-01-17 05:00:00,0.0,0.0
2024-01-17 06:00:00,0.0,0.0
2024-01-17 07:00:00,0.0,0.0
2024-01-17 08:00:00,0.0,0.0
2024-01-17 09:00:00,0.0,0.0
2024-01-17 10:00:00,0.11959815846443606,0.11959815846443606
2024-01-17 11:00:00,0.47348234439102777,0.47348234439102777
2024-01-17 12:00:00,0.8226633409590768,0.8226633409590768
2024-01-17 13:00:00,1.5620368058707463,1.5620368058707463
2024-01-17 14:00:00,2.0505732179106446,2.0505732179106446
2024-01-17 15:00:00,2.5386035912583855,2.5386035912583855
2024-01-17 16:00:00,2.8947173593455076,2.8947173593455076
2024-01-17 17:00:00,2.9672910907298147,2.9672910907298147
2024-01-17 18:00:00,3.561255648038456,3.561255648038456
2024-01-17 19:00:00,3.457751443999655,3.457751443999655
2024-01-17 20:00:00,3.0324356038268316,3.0324356038268316
2024-01-17 21:00:00,2.9017637686327142,2.9017637686327142
2024-01-17 22:00:00,0.0,0.0
2024-01-17 23:00:00,0.0,0.0
2024-01-18 00:00:00,0.0,0.0
2024-01-18 01:00:00,0.0,0.0
2024-01-18 02:00:00,0.0,0.0
2024-01-18 03:00:00,0.0,0.0
2024-01-18 04:00:00,0.0,0.0
2024-01-18 05:00:00,0.0,0.0
2024-01-18 06:00:00,0.0,0.0
2024-01-18 07:00:00,0.0,0.0
2024-01-18 08:00:00,0.0,0.0
2024-01-18 09:00:00,0.0,0.0
2024-01-18 10:00:00,0.09789390224801064,0.09789390224801064
2024-01-18 11:00:00,0.397814072431155,0.397814072431155
2024-01-18 12:00:00,0.7418819181267111,0.7418819181267111
2024-01-18 13:00:00,1.348474575371322,1.348474575371322
2024-01-18 14:00:00,1.8575484529850632,1.8575484529850632
2024-01-18 15:00:00,1.7003075991595504,1.7003075991595504
2024-01-18 16:00:00,2.599010252418203,2.599010252418203
2024-01-18 17:00:00,2.5876472184063104,2.5876472184063104
2024-01-18 18:00:00,2.525399417717809,2.525399417717809
2024-01-18 19:00:00,2.6300573694833496,2.6300573694833496
2024-01-18 20:00:00,2.523307642075553,2.523307642075553
2024-01-18 21:00:00,2.2529601269629302,2.2529601269629302
2024-01-18 22:00:00,0.0,0.0
2024-01-18 23:00:00,0.0,0.0
2024-01-19 00:00:00,0.0,0.0
2024-01-19 01:00:00,0.0,0.0
2024-01-19 02:00:00,0.0,0.0
2024-01-19 03:00:00,0.0,0.0
2024-01-19 04:00:00,0.0,0.0
2024-01-19 05:00:00,0.0,0.0
2024-01-19 06:00:00,0.0,0.0
2024-01-19 07:00:00,0.0,0.0
2024-01-19 08:00:00,0.0,0.0
2024-01-19 09:00:00,0.0,0.0
2024-01-19 10:00:00,0.10327538021797457,0.10327538021797457
2024-01-19 11:00:00,0.36987835740559505,0.36987835740559505
2024-01-19 12:00:00,0.7702098315505219,0.7702098315505219
2024-01-19 13:00:00,1.4932217553706355,1.4932217553706355
2024-01-19 14:00:00,2.0480417687307053,2.0480417687307053
2024-01-19 15:00:00,1.94217795101925,1.94217795101925
2024-01-19 16:00:00,2.5542326882558277,2.5542326882558277
2024-01-19 17:00:00,2.909465553769578,2.909465553769578
2024-01-19 18:00:00,2.73326561409394,2.73326561409394
2024-01-19 19:00:00,2.4548784245372297,2.4548784245372297
2024-01-19 20:00:00,3.5039509059741807,3.5039509059741807
2024-01-19 21:00:00,3.140322104098567,3.140322104098567
2024-01-19 22:00:00,0.0,0.0
2024-01-19 23:00:00,0.0,0.0
2024-01-20 00:00:00,0.0,0.0
2024-01-20 01:00:00,0.0,0.0
2024-01-20 02:00:00,0.0,0.0
2024-01-20 03:00:00,0.0,0.0
2024-01-20 04:00:00,0.0,0.0
2024-01-20 05:00:00,0.0,0.0
2024-01-20 06:00:00,0.0,0.0
2024-01-20 07:00:00,0.0,0.0
2024-01-20 08:00:00,0.0,0.0
2024-01-20 09:00:00,0.0,0.0
2024-01-20 10:00:00,0.06184544542476905,0.06184544542476905
2024-01-20 11:00:00,0.24517669799230762,0.24517669799230762
2024-01-20 12:00:00,0.488513559888796,0.488513559888796
2024-01-20 13:00:00,1.0967021166781048,1.0967021166781048
2024-01-20 14:00:00,1.1686239309861626,1.1686239309861626
2024-01-20 15:00:00,1.3306746340338467,1.3306746340338467
2024-01-20 16:00:00,2.015888872726476,2.015888872726476
2024-01-20 17:00:00,2.0128223593645376,2.0128223593645376
2024-01-20 18:00:00,2.183543491824194,2.183543491824194
2024-01-20 19:00:00,2.2534430623675132,2.2534430623675132
2024-01-20 20:00:00,2.6110267402141396,2.6110267402141396
2024-01-20 21:00:00,1.933460466492579,1.933460466492579
2024-01-20 22:00:00,0.0,0.0
2024-01-20 23:00:00,0.0,0.0
2024-01-21 00:00:00,0.0,0.0
2024-01-21 01:00:00,0.0,0.0
2024-01-21 02:00:00,0.0,0.0
2024-01-21 03:00:00,0.0,0.0
2024-01-21 04:00:00,0.0,0.0
2024-01-21 05:00:00,0.0,0.0
2024-01-21 06:00:00,0.0,0.0
2024-01-21 07:00:00,0.0,0.0
2024-01-21 08:00:00,0.0,0.0
2024-01-21 09:00:00,0.0,0.0
2024-01-21 10:00:00,0.06962645768870164,0.06962645768870164
2024-01-21 11:00:00,0.2758156388513773,0.2758156388513773
2024-01-21 12:00:00,0.42908789726490876,0.42908789726490876
2024-01-21 13:00:00,0.9134608914318783,0.9134608914318783
2024-01-21 14:00:00,1.1228090974406728,1.1228090974406728
2024-01-21 15:00:00,1.2213409406898867,1.2213409406898867
2024-01-21 16:00:00,1.8271776340164823,1.8271776340164823
2024-01-21 17:00:00,1.7864605824962023,1.7864605824962023
2024-01-21 18:00:00,1.8688369493689003,1.8688369493689003
2024-01-21 19:00:00,2.1809383604661225,2.1809383604661225
2024-01-21 20:00:00,2.313878900058046,2.313878900058046
2024-01-21 21:00:00,1.7810516565952066,1.7810516565952066
2024-01-21 22:00:00,0.0,0.0
2024-01-21 23:00:00,0.0,0.0
2024-01-22 00:00:00,0.0,0.0
2024-01-22 01:00:00,0.0,0.0
2024-01-22 02:00:00,0.0,0.0
2024-01-22 03:00:00,0.0,0.0
2024-01-22 04:00:00,0.0,0.0
2024-01-22 05:00:00,0.0,0.0
2024-01-22 06:00:00,0.0,0.0
2024-01-22 07:00:00,0.0,0.0
2024-01-22 08:00:00,0.0,0.0
2024-01-22 09:00:00,0.0,0.0
2024-01-22 10:00:00,0.09789297841049015,0.09789297841049015
2024-01-22 11:00:00,0.42784142999657304,0.42784142999657304
2024-01-22 12:00:00,0.9035155457971763,0.9035155457971763
2024-01-22 13:00:00,1.599859636821532,1.599859636821532
2024-01-22 14:00:00,1.9944644362221584,1.9944644362221584
2024-01-22 15:00:00,2.050265777579291,2.050265777579291
2024-01-22 16:00:00,3.135555023568419,3.135555023568419
2024-01-22 17:00:00,3.2414510493221242,3.2414510493221242
2024-01-22 18:00:00,3.270845161510112,3.270845161510112
2024-01-22 19:00:00,2.8391943437794236,2.8391943437794236
2024-01-22 20:00:00,3.410166188112208,3.410166188112208
2024-01-22 21:00:00,2.8005072184086655,2.8005072184086655
2024-01-22 22:00:00,0.0,0.0
2024-01-22 23:00:00,0.0,0.0
2024-01-23 00:00:00,0.0,0.0
2024-01-23 01:00:00,0.0,0.0
2024-01-23 02:00:00,0.0,0.0
2024-01-23 03:00:00,0.0,0.0
2024-01-23 04:00:00,0.0,0.0
2024-01-23 05:00:00,0.0,0.0
2024-01-23 06:00:00,0.0,0.0
2024-01-23 07:00:00,0.0,0.0
2024-01-23 08:00:00,0.0,0.0
2024-01-23 09:00:00,0.0,0.0
2024-01-23 10:00:00,0.1070000218063503,0.1070000218063503
2024-01-23 11:00:00,0.3278998811376085,0.3278998811376085
2024-01-23 12:00:00,0.682748059066527,0.682748059066527
2024-01-23 13:00:00,1.384046482226658,1.384046482226658
2024-01-23 14:00:00,1.6509254303391723,1.6509254303391723
2024-01-23 15:00:00,1.805749024708529,1.805749024708529
2024-01-23 16:00:00,2.6472841894699064,2.6472841894699064
2024-01-23 17:00:00,2.3052664639285925,2.3052664639285925
2024-01-23 18:00:00,3.0355833529354954,3.0355833529354954
2024-01-23 19:00:00,2.434704297957818,2.434704297957818
2024-01-23 20:00:00,3.110413971993343,3.110413971993343
2024-01-23 21:00:00,2.846679009872763,2.846679009872763
2024-01-23 22:00:00,0.0,0.0
2024-01-23 23:00:00,0.0,0.0
2024-01-24 00:00:00,0.0,0.0
2024-01-24 01:00:00,0.0,0.0
2024-01-24 02:00:00,0.0,0.0
2024-01-24 03:00:00,0.0,0.0
2024-01-24 04:00:00,0.0,0.0
2024-01-24 05:00:00,0.0,0.0
2024-01-24 06:00:00,0.0,0.0
2024-01-24 07:00:00,0.0,0.0
2024-01-24 08:00:00,0.0,0.0
2024-01-24 09:00:00,0.0,0.0
2024-01-24 10:00:00,0.08093610018830454,0.08093610018830454
2024-01-24 11:00:00,0.33421358122289124,0.33421358122289124
2024-01-24 12:00:00,0.6813524563050792,0.6813524563050792
2024-01-24 13:00:00,1.2342518192006462,1.2342518192006462
2024-01-24 14:00:00,1.6206251773648097,1.6206251773648097
2024-01-24 15:00:00,1.9692693589814092,1.9692693589814092
2024-01-24 16:00:00,2.2529556645738404,2.2529556645738404
2024-01-24 17:00:00,2.36461139829202,2.36461139829202
2024-01-24 18:00:00,3.083386437861245,3.083386437861245
2024-01-24 19:00:00,2.563226779765285,2.563226779765285
2024-01-24 20:00:00,2.9061361485811044,2.9061361485811044
2024-01-24 21:00:00,2.796883881696868,2.796883881696868
2024-01-24 22:00:00,0.0,0.0
2024-01-24 23:00:00,0.0,0.0
2024-01-25 00:00:00,0.0,0.0
2024-01-25 01:00:00,0.0,0.0
2024-01-25 02:00:00,0.0,0.0
2024-01-25 03:00:00,0.0,0.0
2024-01-25 04:00:00,0.0,0.0
2024-01-25 05:00:00,0.0,0.0
2024-01-25 06:00:00,0.0,0.0
2024-01-25 07:00:00,0.0,0.0
2024-01-25 08:00:00,0.0,0.0
2024-01-25 09:00:00,0.0,0.0
2024-01-25 10:00:00,0.0933474076204278,0.0933474076204278
2024-01-25 11:00:00,0.3975832988281353,0.3975832988281353
2024-01-25 12:00:00,0.7250254653212902,0.7250254653212902
2024-01-25 13:00:00,1.3012737995650538,1.3012737995650538
2024-01-25 14:00:00,1.686672922346782,1.686672922346782
2024-01-25 15:00:00,2.3390995756009483,2.3390995756009483
2024-01-25 16:00:00,2.593776523089315,2.593776523089315
2024-01-25 17:00:00,2.5370433959293104,2.5370433959293104
2024-01-25 18:00:00,2.988488412699561,2.988488412699561
2024-01-25 19:00:00,2.4612235033435,2.4612235033435
2024-01-25 20:00:00,3.2487311316811422,3.2487311316811422
2024-01-25 21:00:00,2.65496165973063,2.65496165973063
2024-01-25 22:00:00,0.0,0.0
2024-01-25 23:00:00,0.0,0.0
2024-01-26 00:00:00,0.0,0.0
2024-01-26 01:00:00,0.0,0.0
2024-01-26 02:00:00,0.0,0.0
2024-01-26 03:00:00,0.0,0.0
2024-01-26 04:00:00,0.0,0.0
2024-01-26 05:00:00,0.0,0.0
2024-01-26 06:00:00,0.0,0.0
2024-01-26 07:00:00,0.0,0.0
2024-01-26 08:00:00,0.0,0.0
2024-01-26 09:00:00,0.0,0.0
2024-01-26 10:00:00,0.09695429164742933,0.09695429164742933
2024-01-26 11:00:00,0.3503554431160429,0.3503554431160429
2024-01-26 12:00:00,0.6770454484829737,0.6770454484829737
2024-01-26 13:00:00,1.3619361390228228,1.3619361390228228
2024-01-26 14:00:00,1.8631780177727137,1.8631780177727137
2024-01-26 15:00:00,1.9506431068183256,1.9506431068183256
2024-01-26 16:00:00,2.41447465439059,2.41447465439059
2024-01-26 17:00:00,2.5438469582125998,2.5438469582125998
2024-01-26 18:00:00,3.01813232956844,3.01813232956844
2024-01-26 19:00:00,3.1167625901907257,3.1167625901907257
2024-01-26 20:00:00,3.3203711076073246,3.3203711076073246
2024-01-26 21:00:00,2.9556207630570657,2.9556207630570657
2024-01-26 22:00:00,0.0,0.0
2024-01-26 23:00:00,0.0,0.0
2024-01-27 00:00:00,0.0,0.0
2024-01-27 01:00:00,0.0,0.0
2024-01-27 02:00:00,0.0,0.0
2024-01-27 03:00:00,0.0,0.0
2024-01-27 04:00:00,0.0,0.0
2024-01-27 05:00:00,0.0,0.0
2024-01-27 06:00:00,0.0,0.0
2024-01-27 07:00:00,0.0,0.0
2024-01-27 08:00:00,0.0,0.0
2024-01-27 09:00:00,0.0,0.0
2024-01-27 10:00:00,0.06654793326087685,0.06654793326087685
2024-01-27 11:00:00,0.31060770414225075,0.31060770414225075
2024-01-27 12:00:00,0.4816211560950474,0.4816211560950474
2024-01-27 13:00:00,1.082492018086991,1.082492018086991
2024-01-27 14:00:00,1.3528426567504568,1.3528426567504568
2024-01-27 15:00:00,1.6438709986203452,1.6438709986203452
2024-01-27 16:00:00,1.6124355482290418,1.6124355482290418
2024-01-27 17:00:00,2.1584171369370866,2.1584171369370866
2024-01-27 18:00:00,1.9926518953139365,1.9926518953139365
2024-01-27 19:00:00,2.454725063748854,2.454725063748854
2024-01-27 20:00:00,2.2808296203839604,2.2808296203839604
2024-01-27 21:00:00,2.2205233437409295,2.2205233437409295
2024-01-27 22:00:00,0.0,0.0
2024-01-27 23:00:00,0.0,0.0
2024-01-28 00:00:00,0.0,0.0
2024-01-28 01:00:00,0.0,0.0
2024-01-28 02:00:00,0.0,0.0
2024-01-28 03:00:00,0.0,0.0
2024-01-28 04:00:00,0.0,0.0
2024-01-28 05:00:00,0.0,0.0
2024-01-28 06:00:00,0.0,0.0
2024-01-28 07:00:00,0.0,0.0
2024-01-28 08:00:00,0.0,0.0
2024-01-28 09:00:00,0.0,0.0
2024-01-28 10:00:00,0.07197331946146175,0.07197331946146175
2024-01-28 11:00:00,0.27307738254591135,0.27307738254591135
2024-01-28 12:00:00,0.5178520096131691,0.5178520096131691
2024-01-28 13:00:00,0.885146229594283,0.885146229594283
2024-01-28 14:00:00,1.510460262791993,1.510460262791993
2024-01-28 15:00:00,1.5041648613191254,1.5041648613191254
2024-01-28 16:00:00,1.7827816699709822,1.7827816699709822
2024-01-28 17:00:00,1.9988251702725839,1.9988251702725839
2024-01-28 18:00:00,1.9266003861007106,1.9266003861007106
2024-01-28 19:00:00,2.277940539910655,2.277940539910655
2024-01-28 20:00:00,2.039827380347915,2.039827380347915
2024-01-28 21:00:00,1.7872909782260376,1.7872909782260376
2024-01-28 22:00:00,0.0,0.0
2024-01-28 23:00:00,0.0,0.0
2024-01-29 00:00:00,0.0,0.0
2024-01-29 01:00:00,0.0,0.0
2024-01-29 02:00:00,0.0,0.0
2024-01-29 03:00:00,0.0,0.0
2024-01-29 04:00:00,0.0,0.0
2024-01-29 05:00:00,0.0,0.0
2024-01-29 06:00:00,0.0,0.0
2024-01-29 07:00:00,0.0,0.0
2024-01-29 08:00:00,0.0,0.0
2024-01-29 09:00:00,0.0,0.0
2024-01-29 10:00:00,0.08986342071826076,0.08986342071826076
2024-01-29 11:00:00,0.33891251492749747,0.33891251492749747
2024-01-29 12:00:00,0.6642075673479967,0.6642075673479967
2024-01-29 13:00:00,1.4101513013956577,1.4101513013956577
2024-01-29 14:00:00,2.0114095824774423,2.0114095824774423
2024-01-29 15:00:00,2.2114304104694114,2.2114304104694114
2024-01-29 16:00:00,2.330271152047913,2.330271152047913
2024-01-29 17:00:00,2.5326291810609516,2.5326291810609516
2024-01-29 18:00:00,2.771151885624045,2.771151885624045
2024-01-29 19:00:00,2.9710007509494276,2.9710007509494276
2024-01-29 20:00:00,2.509127167120366,2.509127167120366
2024-01-29 21:00:00,2.6955225536408096,2.6955225536408096
2024-01-29 22:00:00,0.0,0.0
2024-01-29 23:00:00,0.0,0.0
2024-01-30 00:00:00,0.0,0.0
2024-01-30 01:00:00,0.0,0.0
2024-01-30 02:00:00,0.0,0.0
2024-01-30 03:00:00,0.0,0.0
2024-01-30 04:00:00,0.0,0.0
2024-01-30 05:00:00,0.0,0.0
2024-01-30 06:00:00,0.0,0.0
2024-01-30 07:00:00,0.0,0.0
2024-01-30 08:00:00,0.0,0.0
2024-01-30 09:00:00,0.0,0.0
2024-01-30 10:00:00,0.10009347744503369,0.10009347744503369
2024-01-30 11:00:00,0.3870450201029462,0.3870450201029462
2024-01-30 12:00:00,0.6526003789578786,0.6526003789578786
2024-01-30 13:00:00,1.2779076919661656,1.2779076919661656
2024-01-30 14:00:00,1.7079783539846083,1.7079783539846083
2024-01-30 15:00:00,1.9261695434379997,1.9261695434379997
2024-01-30 16:00:00,2.2832654054226738,2.2832654054226738
2024-01-30 17:00:00,2.159556754213709,2.159556754213709
2024-01-30 18:00:00,2.6216703435203192,2.6216703435203192
2024-01-30 19:00:00,2.5221551508667237,2.5221551508667237
2024-01-30 20:00:00,2.7945043595659853,2.7945043595659853
2024-01-30 21:00:00,2.6447610135606685,2.6447610135606685
2024-01-30 22:00:00,0.0,0.0
2024-01-30 23:00:00,0.0,0.0
2024-01-31 00:00:00,0.0,0.0
2024-01-31 01:00:00,0.0,0.0
2024-01-31 02:00:00,0.0,0.0
2024-01-31 03:00:00,0.0,0.0
2024-01-31 04:00:00,0.0,0.0
2024-01-31 05:00:00,0.0,0.0
2024-01-31 06:00:00,0.0,0.0
2024-01-31 07:00:00,0.0,0.0
2024-01-31 08:00:00,0.0,0.0
2024-01-31 09:00:00,0.0,0.0
2024-01-31 10:00:00,0.1060264857369522,0.1060264857369522
2024-01-31 11:00:00,0.3593997860061708,0.3593997860061708
2024-01-31 12:00:00,0.8309150338445253,0.8309150338445253
2024-01-31 13:00:00,1.3510610865638546,1.3510610865638546
2024-01-31 14:00:00,1.961575132720403,1.961575132720403
2024-01-31 15:00:00,2.454901784678955,2.454901784678955
2024-01-31 16:00:00,2.9732287893922704,2.9732287893922704
2024-01-31 17:00:00,2.49738425144293,2.49738425144293
2024-01-31 18:00:00,3.4226681343042533,3.4226681343042533
2024-01-31 19:00:00,2.626965135972014,2.626965135972014
2024-01-31 20:00:00,3.8864759766723327,3.8864759766723327
2024-01-31 21:00:00,3.056886993508419,3.056886993508419
2024-01-31 22:00:00,0.0,0.0
2024-01-31 23:00:00,0.0,0.0
2024-02-01 00:00:00,0.0,0.0
2024-02-01 01:00:00,0.0,0.0
2024-02-01 02:00:00,0.0,0.0
2024-02-01 03:00:00,0.0,0.0
2024-02-01 04:00:00,0.0,0.0
2024-02-01 05:00:00,0.0,0.0
2024-02-01 06:00:00,0.0,0.0
2024-02-01 07:00:00,0.0,0.0
2024-02-01 08:00:00,0.0,0.0
2024-02-01 09:00:00,0.0,0.0
2024-02-01 10:00:00,0.08997112777748247,0.08997112777748247
2024-02-01 11:00:00,0.3917275679355606,0.3917275679355606
2024-02-01 12:00:00,0.7659181459541515,0.7659181459541515
2024-02-01 13:00:00,1.5245698923488915,1.5245698923488915
2024-02-01 14:00:00,1.853252622029484,1.853252622029484
2024-02-01 15:00:00,1.9082455123644595,1.9082455123644595
2024-02-01 16:00:00,2.532901300377541,2.532901300377541
2024-02-01 17:00:00,2.221132426963928,2.221132426963928
2024-02-01 18:00:00,2.5797005205945265,2.5797005205945265
2024-02-01 19:00:00,3.0366975233508793,3.0366975233508793
2024-02-01 20:00:00,3.3619079117230917,3.3619079117230917
2024-02-01 21:00:00,2.7830079914539265,2.7830079914539265
2024-02-01 22:00:00,0.0,0.0
2024-02-01 23:00:00,0.0,0.0
2024-02-02 00:00:00,0.0,0.0
2024-02-02 01:00:00,0.0,0.0
2024-02-02 02:00:00,0.0,0.0
2024-02-02 03:00:00,0.0,0.0
2024-02-02 04:00:00,0.0,0.0
2024-02-02 05:00:00,0.0,0.0
2024-02-02 06:00:00,0.0,0.0
2024-02-02 07:00:00,0.0,0.0
2024-02-02 08:00:00,0.0,0.0
2024-02-02 09:00:00,0.0,0.0
2024-02-02 10:00:00,0.11133679609340247,0.11133679609340247
2024-02-02 11:00:00,0.3406489031760746,0.3406489031760746
2024-02-02 12:00:00,0.773853310752659,0.773853310752659
2024-02-02 13:00:00,1.360712250976924,1.360712250976924
2024-02-02 14:00:00,2.11205059788044,2.11205059788044
2024-02-02 15:00:00,2.0802743921242066,2.0802743921242066
2024-02-02 16:00:00,2.342229588888808,2.342229588888808
2024-02-02 17:00:00,3.0822635404441594,3.0822635404441594
2024-02-02 18:00:00,2.588386132098575,2.588386132098575
2024-02-02 19:00:00,2.557367051126337,2.557367051126337
2024-02-02 20:00:00,3.1439300839717457,3.1439300839717457
2024-02-02 21:00:00,2.948927324156399,2.948927324156399
2024-02-02 22:00:00,0.0,0.0
2024-02-02 23:00:00,0.0,0.0
2024-02-03 00:00:00,0.0,0.0
2024-02-03 01:00:00,0.0,0.0
2024-02-03 02:00:00,0.0,0.0
2024-02-03 03:00:00,0.0,0.0
2024-02-03 04:00:00,0.0,0.0
2024-02-03 05:00:00,0.0,0.0
2024-02-03 06:00:00,0.0,0.0
2024-02-03 07:00:00,0.0,0.0
2024-02-03 08:00:00,0.0,0.0
2024-02-03 09:00:00,0.0,0.0
2024-02-03 10:00:00,0.07025357622152094,0.07025357622152094
2024-02-03 11:00:00,0.22713342896422034,0.22713342896422034
2024-02-03 12:00:00,0.5367231545135978,0.5367231545135978
2024-02-03 13:00:00,0.9194443543581783,0.9194443543581783
2024-02-03 14:00:00,1.2945389353546173,1.2945389353546173
2024-02-03 15:00:00,1.27757992045365,1.27757992045365
2024-02-03 16:00:00,1.6142505301833943,1.6142505301833943
2024-02-03 17:00:00,1.6859789310372126,1.6859789310372126
2024-02-03 18:00:00,1.6421027924350686,1.6421027924350686
2024-02-03 19:00:00,2.2272451312095187,2.2272451312095187
2024-02-03 20:00:00,2.248234757339352,2.248234757339352
2024-02-03 21:00:00,1.7315285971630057,1.7315285971630057
2024-02-03 22:00:00,0.0,0.0
2024-02-03 23:00:00,0.0,0.0
2024-02-04 00:00:00,0.0,0.0
2024-02-04 01:00:00,0.0,0.0
2024-02-04 02:00:00,0.0,0.0
2024-02-04 03:00:00,0.0,0.0
2024-02-04 04:00:00,0.0,0.0
2024-02-04 05:00:00,0.0,0.0
2024-02-04 06:00:00,0.0,0.0
2024-02-04 07:00:00,0.0,0.0
2024-02-04 08:00:00,0.0,0.0
2024-02-04 09:00:00,0.0,0.0
2024-02-04 10:00:00,0.06905844403774784,0.06905844403774784
2024-02-04 11:00:00,0.2833574166808965,0.2833574166808965
2024-02-04 12:00:00,0.4787050987106452,0.4787050987106452
2024-02-04 13:00:00,0.837949320615996,0.837949320615996
2024-02-04 14:00:00,1.2245394388244653,1.2245394388244653
2024-02-04 15:00:00,1.3624477964513844,1.3624477964513844
2024-02-04 16:00:00,1.9638545249035664,1.9638545249035664
2024-02-04 17:00:00,1.8904218797922694,1.8904218797922694
2024-02-04 18:00:00,2.1179101246625183,2.1179101246625183
2024-02-04 19:00:00,1.8804174811989318,1.8804174811989318
2024-02-04 20:00:00,2.0326882974614104,2.0326882974614104
2024-02-04 21:00:00,1.771073998836175,1.771073998836175
2024-02-04 22:00:00,0.0,0.0
2024-02-04 23:00:00,0.0,0.0
2024-02-05 00:00:00,0.0,0.0
2024-02-05 01:00:00,0.0,0.0
2024-02-05 02:00:00,0.0,0.0
2024-02-05 03:00:00,0.0,0.0
2024-02-05 04:00:00,0.0,0.0
2024-02-05 05:00:00,0.0,0.0
2024-02-05 06:00:00,0.0,0.0
2024-02-05 07:00:00,0.0,0.0
2024-02-05 08:00:00,0.0,0.0
2024-02-05 09:00:00,0.0,0.0
2024-02-05 10:00:00,0.11410527706829468,0.11410527706829468
2024-02-05 11:00:00,0.4508301443253033,0.4508301443253033
2024-02-05 12:00:00,0.6926007973527473,0.6926007973527473
2024-02-05 13:00:00,1.4142168786339975,1.4142168786339975
2024-02-05 14:00:00,2.247049946507266,2.247049946507266
2024-02-05 15:00:00,2.4378084916822162,2.4378084916822162
2024-02-05 16:00:00,2.517194805463476,2.517194805463476
2024-02-05 17:00:00,2.982081187064714,2.982081187064714
2024-02-05 18:00:00,3.1074897056809156,3.1074897056809156
2024-02-05 19:00:00,3.0106505058838144,3.0106505058838144
2024-02-05 20:00:00,2.924907370076029,2.924907370076029
2024-02-05 21:00:00,2.8764197444232393,2.8764197444232393
2024-02-05 22:00:00,0.0,0.0
2024-02-05 23:00:00,0.0,0.0
2024-02-06 00:00:00,0.0,0.0
2024-02-06 01:00:00,0.0,0.0
2024-02-06 02:00:00,0.0,0.0
2024-02-06 03:00:00,0.0,0.0
2024-02-06 04:00:00,0.0,0.0
2024-02-06 05:00:00,0.0,0.0
2024-02-06 06:00:00,0.0,0.0
2024-02-06 07:00:00,0.0,0.0
2024-02-06 08:00:00,0.0,0.0
2024-02-06 09:00:00,0.0,0.0
2024-02-06 10:00:00,0.08380768533471322,0.08380768533471322
2024-02-06 11:00:00,0.42552618111844587,0.42552618111844587
2024-02-06 12:00:00,0.7248325400668578,0.7248325400668578
2024-02-06 13:00:00,1.3218779018244904,1.3218779018244904
2024-02-06 14:00:00,2.0679191612717847,2.0679191612717847
2024-02-06 15:00:00,2.4014482257863823,2.4014482257863823
2024-02-06 16:00:00,2.4075823896587853,2.4075823896587853
2024-02-06 17:00:00,2.9091171162363834,2.9091171162363834
2024-02-06 18:00:00,2.9732517485341896,2.9732517485341896
2024-02-06 19:00:00,2.9484058741093317,2.9484058741093317
2024-02-06 20:00:00,3.2511180186986937,3.2511180186986937
2024-02-06 21:00:00,2.657085824823814,2.657085824823814
2024-02-06 22:00:00,0.0,0.0
2024-02-06 23:00:00,0.0,0.0
2024-02-07 00:00:00,0.0,0.0
2024-02-07 01:00:00,0.0,0.0
2024-02-07 02:00:00,0.0,0.0
2024-02-07 03:00:00,0.0,0.0
2024-02-07 04:00:00,0.0,0.0
2024-02-07 05:00:00,0.0,0.0
2024-02-07 06:00:00,0.0,0.0
2024-02-07 07:00:00,0.0,0.0
2024-02-07 08:00:00,0.0,0.0
2024-02-07 09:00:00,0.0,0.0
2024-02-07 10:00:00,0.08222866292682,0.08222866292682
2024-02-07 11:00:00,0.37120098291739584,0.37120098291739584
2024-02-07 12:00:00,0.7125176383079008,0.7125176383079008
2024-02-07 13:00:00,1.331073735472506,1.331073735472506
2024-02-07 14:00:00,1.5442463503314843,1.5442463503314843
2024-02-07 15:00:00,1.716772510740665,1.716772510740665
2024-02-07 16:00:00,2.205887723558081,2.205887723558081
2024-02-07 17:00:00,2.2936015721966725,2.2936015721966725
2024-02-07 18:00:00,2.4135112344032468,2.4135112344032468
2024-02-07 19:00:00,2.5622305761245507,2.5622305761245507
2024-02-07 20:00:00,3.074145927975571,3.074145927975571
2024-02-07 21:00:00,2.596493551675455,2.596493551675455
2024-02-07 22:00:00,0.0,0.0
2024-02-07 23:00:00,0.0,0.0
2024-02-08 00:00:00,0.0,0.0
2024-02-08 01:00:00,0.0,0.0
2024-02-08 02:00:00,0.0,0.0
2024-02-08 03:00:00,0.0,0.0
2024-02-08 04:00:00,0.0,0.0
2024-02-08 05:00:00,0.0,0.0
2024-02-08 06:00:00,0.0,0.0
2024-02-08 07:00:00,0.0,0.0
2024-02-08 08:00:00,0.0,0.0
2024-02-08 09:00:00,0.0,0.0
2024-02-08 10:00:00,0.09470132984857814,0.09470132984857814
2024-02-08 11:00:00,0.35949117854062324,0.35949117854062324
2024-02-08 12:00:00,0.5854753785764925,0.5854753785764925
2024-02-08 13:00:00,1.157110608723355,1.157110608723355
2024-02-08 14:00:00,1.8949598524361,1.8949598524361
2024-02-08 15:00:00,2.2594911131646684,2.2594911131646684
2024-02-08 16:00:00,2.3163126759866097,2.3163126759866097
2024-02-08 17:00:00,2.2671776392555607,2.2671776392555607
2024-02-08 18:00:00,2.3901542967904534,2.3901542967904534
2024-02-08 19:00:00,3.024293352025872,3.024293352025872
2024-02-08 20:00:00,3.0596733234691404,3.0596733234691404
2024-02-08 21:00:00,2.4034296446652585,2.4034296446652585
2024-02-08 22:00:00,0.0,0.0
2024-02-08 23:00:00,0.0,0.0
2024-02-09 00:00:00,0.0,0.0
2024-02-09 01:00:00,0.0,0.0
2024-02-09 02:00:00,0.0,0.0
2024-02-09 03:00:00,0.0,0.0
2024-02-09 04:00:00,0.0,0.0
2024-02-09 05:00:00,0.0,0.0
2024-02-09 06:00:00,0.0,0.0
2024-02-09 07:00:00,0.0,0.0
2024-02-09 08:00:00,0.0,0.0
2024-02-09 09:00:00,0.0,0.0
2024-02-09 10:00:00,0.10663683935172161,0.10663683935172161
2024-02-09 11:00:00,0.46141096969945583,0.46141096969945583
2024-02-09 12:00:00,0.6947661892417138,0.6947661892417138
2024-02-09 13:00:00,1.4042333112339918,1.4042333112339918
2024-02-09 14:00:00,1.948051334146891,1.948051334146891
2024-02-09 15:00:00,2.6146038125455946,2.6146038125455946
2024-02-09 16:00:00,2.948155786028646,2.948155786028646
2024-02-09 17:00:00,2.4848060543747708,2.4848060543747708
2024-02-09 18:00:00,3.0881337699664972,3.0881337699664972
2024-02-09 19:00:00,3.3251203705382446,3.3251203705382446
2024-02-09 20:00:00,3.627507353529151,3.627507353529151
2024-02-09 21:00:00,2.809882158219276,2.809882158219276
2024-02-09 22:00:00,0.0,0.0
2024-02-09 23:00:00,0.0,0.0
2024-02-10 00:00:00,0.0,0.0
2024-02-10 01:00:00,0.0,0.0
2024-02-10 02:00:00,0.0,0.0
2024-02-10 03:00:00,0.0,0.0
2024-02-10 04:00:00,0.0,0.0
2024-02-10 05:00:00,0.0,0.0
2024-02-10 06:00:00,0.0,0.0
2024-02-10 07:00:00,0.0,0.0
2024-02-10 08:00:00,0.0,0.0
2024-02-10 09:00:00,0.0,0.0
2024-02-10 10:00:00,0.0754736484806627,0.0754736484806627
2024-02-10 11:00:00,0.2419604123603344,0.2419604123603344
2024-02-10 12:00:00,0.5835787640640174,0.5835787640640174
2024-02-10 13:00:00,0.9867687507752309,0.9867687507752309
2024-02-10 14:00:00,1.5862174735739574,1.5862174735739574
2024-02-10 15:00:00,1.6198155029714796,1.6198155029714796
2024-02-10 16:00:00,1.8767501436561023,1.8767501436561023
2024-02-10 17:00:00,2.023959191027559,2.023959191027559
2024-02-10 18:00:00,1.8489326498568432,1.8489326498568432
2024-02-10 19:00:00,2.055510899082698,2.055510899082698
2024-02-10 20:00:00,2.374518520711662,2.374518520711662
2024-02-10 21:00:00,2.183093922249311,2.183093922249311
2024-02-10 22:00:00,0.0,0.0
2024-02-10 23:00:00,0.0,0.0
2024-02-11 00:00:00,0.0,0.0
2024-02-11 01:00:00,0.0,0.0
2024-02-11 02:00:00,0.0,0.0
2024-02-11 03:00:00,0.0,0.0
2024-02-11 04:00:00,0.0,0.0
2024-02-11 05:00:00,0.0,0.0
2024-02-11 06:00:00,0.0,0.0
2024-02-11 07:00:00,0.0,0.0
2024-02-11 08:00:00,0.0,0.0
2024-02-11 09:00:00,0.0,0.0
2024-02-11 10:00:00,0.06314285358043172,0.06314285358043172
2024-02-11 11:00:00,0.24378708278301442,0.24378708278301442
2024-02-11 12:00:00,0.5595311767269837,0.5595311767269837
2024-02-11 13:00:00,0.8805773541373393,0.8805773541373393
2024-02-11 14:00:00,1.4923771120622504,1.4923771120622504
2024-02-11 15:00:00,1.2838026042666082,1.2838026042666082
2024-02-11 16:00:00,2.0277983972857316,2.0277983972857316
2024-02-11 17:00:00,2.0790671841100705,2.0790671841100705
2024-02-11 18:00:00,2.141511019689804,2.141511019689804
2024-02-11 19:00:00,1.9254619645979707,1.9254619645979707
2024-02-11 20:00:00,2.3888499642788115,2.3888499642788115
2024-02-11 21:00:00,1.8298634195187367,1.8298634195187367
2024-02-11 22:00:00,0.0,0.0
2024-02-11 23:00:00,0.0,0.0
2024-02-12 00:00:00,0.0,0.0
2024-02-12 01:00:00,0.0,0.0
2024-02-12 02:00:00,0.0,0.0
2024-02-12 03:00:00,0.0,0.0
2024-02-12 04:00:00,0.0,0.0
2024-02-12 05:00:00,0.0,0.0
2024-02-12 06:00:00,0.0,0.0
2024-02-12 07:00:00,0.0,0.0
2024-02-12 08:00:00,0.0,0.0
2024-02-12 09:00:00,0.0,0.0
2024-02-12 10:00:00,0.10746343814451115,0.10746343814451115
2024-02-12 11:00:00,0.3771577296071109,0.3771577296071109
2024-02-12 12:00:00,0.666432943017849,0.666432943017849
2024-02-12 13:00:00,1.3058615858906841,1.3058615858906841
2024-02-12 14:00:00,2.3732861528013625,2.3732861528013625
2024-02-12 15:00:00,2.04695874577256,2.04695874577256
2024-02-12 16:00:00,2.625589571429064,2.625589571429064
2024-02-12 17:00:00,2.70143501296533,2.70143501296533
2024-02-12 18:00:00,3.1222353808677337,3.1222353808677337
2024-02-12 19:00:00,2.6780380352894007,2.6780380352894007
2024-02-12 20:00:00,3.885827065049586,3.885827065049586
2024-02-12 21:00:00,3.176142527997314,3.176142527997314
2024-02-12 22:00:00,0.0,0.0
2024-02-12 23:00:00,0.0,0.0
2024-02-13 00:00:00,0.0,0.0
2024-02-13 01:00:00,0.0,0.0
2024-02-13 02:00:00,0.0,0.0
2024-02-13 03:00:00,0.0,0.0
2024-02-13 04:00:00,0.0,0.0
2024-02-13 05:00:00,0.0,0.0
2024-02-13 06:00:00,0.0,0.0
2024-02-13 07:00:00,0.0,0.0
2024-02-13 08:00:00,0.0,0.0
2024-02-13 09:00:00,0.0,0.0
2024-02-13 10:00:00,0.10565832646964383,0.10565832646964383
2024-02-13 11:00:00,0.3871161945696957,0.3871161945696957
2024-02-13 12:00:00,0.7254824600486888,0.7254824600486888
2024-02-13 13:00:00,1.5089491541100855,1.5089491541100855
2024-02-13 14:00:00,2.0705432043659626,2.0705432043659626
2024-02-13 15:00:00,2.116694758455125,2.116694758455125
2024-02-13 16:00:00,2.344389431768627,2.344389431768627
2024-02-13 17:00:00,2.8135911906793534,2.8135911906793534
2024-02-13 18:00:00,2.738076350069184,2.738076350069184
2024-02-13 19:00:00,2.435606664595012,2.435606664595012
2024-02-13 20:00:00,2.8500222940730957,2.8500222940730957
2024-02-13 21:00:00,2.4891751592613134,2.4891751592613134
2024-02-13 22:00:00,0.0,0.0
2024-02-13 23:00:00,0.0,0.0
2024-02-14 00:00:00,0.0,0.0
2024-02-14 01:00:00,0.0,0.0
2024-02-14 02:00:00,0.0,0.0
2024-02-14 03:00:00,0.0,0.0
2024-02-14 04:00:00,0.0,0.0
2024-02-14 05:00:00,0.0,0.0
2024-02-14 06:00:00,0.0,0.0
2024-02-14 07:00:00,0.0,0.0
2024-02-14 08:00:00,0.0,0.0
2024-02-14 09:00:00,0.0,0.0
2024-02-14 10:00:00,0.08562845092260811,0.08562845092260811
2024-02-14 11:00:00,0.31562598065872405,0.31562598065872405
2024-02-14 12:00:00,0.6175117676616966,0.6175117676616966
2024-02-14 13:00:00,1.3740543879297777,1.3740543879297777
2024-02-14 14:00:00,1.7496203397243981,1.7496203397243981
2024-02-14 15:00:00,2.0507675115479302,2.0507675115479302
2024-02-14 16:00:00,2.1415840101449857,2.1415840101449857
2024-02-14 17:00:00,2.307044749473498,2.307044749473498
2024-02-14 18:00:00,2.460775526962609,2.460775526962609
2024-02-14 19:00:00,2.5487977024016044,2.5487977024016044
2024-02-14 20:00:00,2.94106739455049,2.94106739455049
2024-02-14 21:00:00,2.6980854582283924,2.6980854582283924
2024-02-14 22:00:00,0.0,0.0
2024-02-14 23:00:00,0.0,0.0
2024-02-15 00:00:00,0.0,0.0
2024-02-15 01:00:00,0.0,0.0
2024-02-15 02:00:00,0.0,0.0
2024-02-15 03:00:00,0.0,0.0
2024-02-15 04:00:00,0.0,0.0
2024-02-15 05:00:00,0.0,0.0
2024-02-15 06:00:00,0.0,0.0
2024-02-15 07:00:00,0.0,0.0
2024-02-15 08:00:00,0.0,0.0
2024-02-15 09:00:00,0.0,0.0
2024-02-15 10:00:00,0.10763733086413635,0.10763733086413635
2024-02-15 11:00:00,0.4567305747334366,0.4567305747334366
2024-02-15 12:00:00,0.7177812446125368,0.7177812446125368
2024-02-15 13:00:00,1.5739082047107824,1.5739082047107824
2024-02-15 14:00:00,1.8574242531530427,1.8574242531530427
2024-02-15 15:00:00,2.504281797020434,2.504281797020434
2024-02-15 16:00:00,2.7011402809113583,2.7011402809113583
2024-02-15 17:00:00,2.7449731098870833,2.7449731098870833
2024-02-15 18:00:00,2.8313801595677917,2.8313801595677917
2024-02-15 19:00:00,3.459451445812057,3.459451445812057
2024-02-15 20:00:00,2.892498879431812,2.892498879431812
2024-02-15 21:00:00,3.212728460460042,3.212728460460042
2024-02-15 22:00:00,0.0,0.0
2024-02-15 23:00:00,0.0,0.0
2024-02-16 00:00:00,0.0,0.0
2024-02-16 01:00:00,0.0,0.0
2024-02-16 02:00:00,0.0,0.0
2024-02-16 03:00:00,0.0,0.0
2024-02-16 04:00:00,0.0,0.0
2024-02-16 05:00:00,0.0,0.0
2024-02-16 06:00:00,0.0,0.0
2024-02-16 07:00:00,0.0,0.0
2024-02-16 08:00:00,0.0,0.0
2024-02-16 09:00:00,0.0,0.0
2024-02-16 10:00:00,0.08554247553262224,0.08554247553262224
2024-02-16 11:00:00,0.390239510591674,0.390239510591674
2024-02-16 12:00:00,0.7316662804415016,0.7316662804415016
2024-02-16 13:00:00,1.3306887257889823,1.3306887257889823
2024-02-16 14:00:00,1.8843251364013327,1.8843251364013327
2024-02-16 15:00:00,2.214857789779153,2.214857789779153
2024-02-16 16:00:00,2.3450134939495784,2.3450134939495784
2024-02-16 17:00:00,2.563032545279515,2.563032545279515
2024-02-16 18:00:00,2.442498627465131,2.442498627465131
2024-02-16 19:00:00,2.9891532518476978,2.9891532518476978
2024-02-16 20:00:00,3.274071524242564,3.274071524242564
2024-02-16 21:00:00,2.441305990535434,2.441305990535434
2024-02-16 22:00:00,0.0,0.0
2024-02-16 23:00:00,0.0,0.0
2024-02-17 00:00:00,0.0,0.0
2024-02-17 01:00:00,0.0,0.0
2024-02-17 02:00:00,0.0,0.0
2024-02-17 03:00:00,0.0,0.0
2024-02-17 04:00:00,0.0,0.0
2024-02-17 05:00:00,0.0,0.0
2024-02-17 06:00:00,0.0,0.0
2024-02-17 07:00:00,0.0,0.0
2024-02-17 08:00:00,0.0,0.0
2024-02-17 09:00:00,0.0,0.0
2024-02-17 10:00:00,0.07285722916037023,0.07285722916037023
2024-02-17 11:00:00,0.23692792559558346,0.23692792559558346
2024-02-17 12:00:00,0.45695177323166425,0.45695177323166425
2024-02-17 13:00:00,1.0360787728152572,1.0360787728152572
2024-02-17 14:00:00,1.3658969090225255,1.3658969090225255
2024-02-17 15:00:00,1.5200058852377567,1.5200058852377567
2024-02-17 16:00:00,1.7787971180648103,1.7787971180648103
2024-02-17 17:00:00,1.897792730652477,1.897792730652477
2024-02-17 18:00:00,2.083614293856637,2.083614293856637
2024-02-17 19:00:00,2.37332974307923,2.37332974307923
2024-02-17 20:00:00,2.0458092785021145,2.0458092785021145
2024-02-17 21:00:00,2.1133144296866098,2.1133144296866098
2024-02-17 22:00:00,0.0,0.0
2024-02-17 23:00:00,0.0,0.0
2024-02-18 00:00:00,0.0,0.0
2024-02-18 01:00:00,0.0,0.0
2024-02-18 02:00:00,0.0,0.0
2024-02-18 03:00:00,0.0,0.0
2024-02-18 04:00:00,0.0,0.0
2024-02-18 05:00:00,0.0,0.0
2024-02-18 06:00:00,0.0,0.0
2024-02-18 07:00:00,0.0,0.0
2024-02-18 08:00:00,0.0,0.0
2024-02-18 09:00:00,0.0,0.0
2024-02-18 10:00:00,0.06207010349528738,0.06207010349528738
2024-02-18 11:00:00,0.23485112468952696,0.23485112468952696
2024-02-18 12:00:00,0.4163374409384278,0.4163374409384278
2024-02-18 13:00:00,0.8898620982273189,0.8898620982273189
2024-02-18 14:00:00,1.1933380024071654,1.1933380024071654
2024-02-18 15:00:00,1.535594757386381,1.535594757386381
2024-02-18 16:00:00,1.8276184877943253,1.8276184877943253
2024-02-18 17:00:00,1.916746439174939,1.916746439174939
2024-02-18 18:00:00,2.119315996228319,2.119315996228319
2024-02-18 19:00:00,2.2040009911556986,2.2040009911556986
2024-02-18 20:00:00,1.8196044307079369,1.8196044307079369
2024-02-18 21:00:00,1.7782896118254785,1.7782896118254785
2024-02-18 22:00:00,0.0,0.0
2024-02-18 23:00:00,0.0,0.0
2024-02-19 00:00:00,0.0,0.0
2024-02-19 01:00:00,0.0,0.0
2024-02-19 02:00:00,0.0,0.0
2024-02-19 03:00:00,0.0,0.0
2024-02-19 04:00:00,0.0,0.0
2024-02-19 05:00:00,0.0,0.0
2024-02-19 06:00:00,0.0,0.0
2024-02-19 07:00:00,0.0,0.0
2024-02-19 08:00:00,0.0,0.0
2024-02-19 09:00:00,0.0,0.0
2024-02-19 10:00:00,0.10874995691944525,0.10874995691944525
2024-02-19 11:00:00,0.3571663723803617,0.3571663723803617
2024-02-19 12:00:00,0.6638986597780143,0.6638986597780143
2024-02-19 13:00:00,1.2710498695433798,1.2710498695433798
2024-02-19 14:00:00,2.0207282652059955,2.0207282652059955
2024-02-19 15:00:00,2.0794706743754032,2.0794706743754032
2024-02-19 16:00:00,2.4610134249142908,2.4610134249142908
2024-02-19 17:00:00,2.4006382698368007,2.4006382698368007
2024-02-19 18:00:00,2.680255922599275,2.680255922599275
2024-02-19 19:00:00,3.2264270117628056,3.2264270117628056
2024-02-19 20:00:00,3.356992864496235,3.356992864496235
2024-02-19 21:00:00,2.985726560987718,2.985726560987718
2024-02-19 22:00:00,0.0,0.0
2024-02-19 23:00:00,0.0,0.0
2024-02-20 00:00:00,0.0,0.0
2024-02-20 01:00:00,0.0,0.0
2024-02-20 02:00:00,0.0,0.0
2024-02-20 03:00:00,0.0,0.0
2024-02-20 04:00:00,0.0,0.0
2024-02-20 05:00:00,0.0,0.0
2024-02-20 06:00:00,0.0,0.0
2024-02-20 07:00:00,0.0,0.0
2024-02-20 08:00:00,0.0,0.0
2024-02-20 09:00:00,0.0,0.0
2024-02-20 10:00:00,0.10178996764471977,0.10178996764471977
2024-02-20 11:00:00,0.42462079381475526,0.42462079381475526
2024-02-20 12:00:00,0.8896021666896611,0.8896021666896611
2024-02-20 13:00:00,1.4698665449228017,1.4698665449228017
2024-02-20 14:00:00,2.347451101220295,2.347451101220295
2024-02-20 15:00:00,2.2809920749187595,2.2809920749187595
2024-02-20 16:00:00,2.6938797204214033,2.6938797204214033
2024-02-20 17:00:00,3.2941347477175746,3.2941347477175746
2024-02-20 18:00:00,2.939538551323059,2.939538551323059
2024-02-20 19:00:00,2.8833737365976666,2.8833737365976666
2024-02-20 20:00:00,3.14773498280362,3.14773498280362
2024-02-20 21:00:00,3.16494293900696,3.16494293900696
2024-02-20 22:00:00,0.0,0.0
2024-02-20 23:00:00,0.0,0.0
2024-02-21 00:00:00,0.0,0.0
2024-02-21 01:00:00,0.0,0.0
2024-02-21 02:00:00,0.0,0.0
2024-02-21 03:00:00,0.0,0.0
2024-02-21 04:00:00,0.0,0.0
2024-02-21 05:00:00,0.0,0.0
2024-02-21 06:00:00,0.0,0.0
2024-02-21 07:00:00,0.0,0.0
2024-02-21 08:00:00,0.0,0.0
2024-02-21 09:00:00,0.0,0.0
2024-02-21 10:00:00,0.0815188593345835,0.0815188593345835
2024-02-21 11:00:00,0.35279204432066413,0.35279204432066413
2024-02-21 12:00:00,0.6520356464321795,0.6520356464321795
2024-02-21 13:00:00,1.3247204322859325,1.3247204322859325
2024-02-21 14:00:00,2.0573561687116757,2.0573561687116757
2024-02-21 15:00:00,2.1941544406990947,2.1941544406990947
2024-02-21 16:00:00,2.5212777238288204,2.5212777238288204
2024-02-21 17:00:00,2.730721327558362,2.730721327558362
2024-02-21 18:00:00,3.116175573615811,3.116175573615811
2024-02-21 19:00:00,3.052953737323043,3.052953737323043
2024-02-21 20:00:00,2.8066498779178417,2.8066498779178417
2024-02-21 21:00:00,2.8322733867139,2.8322733867139
2024-02-21 22:00:00,0.0,0.0
2024-02-21 23:00:00,0.0,0.0
2024-02-22 00:00:00,0.0,0.0
2024-02-22 01:00:00,0.0,0.0
2024-02-22 02:00:00,0.0,0.0
2024-02-22 03:00:00,0.0,0.0
2024-02-22 04:00:00,0.0,0.0
2024-02-22 05:00:00,0.0,0.0
2024-02-22 06:00:00,0.0,0.0
2024-02-22 07:00:00,0.0,0.0
2024-02-22 08:00:00,0.0,0.0
2024-02-22 09:00:00,0.0,0.0
2024-02-22 10:00:00,0.10467561488138433,0.10467561488138433
2024-02-22 11:00:00,0.4632589198866855,0.4632589198866855
2024-02-22 12:00:00,0.7829541580815679,0.7829541580815679
2024-02-22 13:00:00,1.3438817117905653,1.3438817117905653
2024-02-22 14:00:00,2.155763534945587,2.155763534945587
2024-02-22 15:00:00,2.0838776544492474,2.0838776544492474
2024-02-22 16:00:00,3.0909582222372443,3.0909582222372443
2024-02-22 17:00:00,3.1255308219075952,3.1255308219075952
2024-02-22 18:00:00,3.4207606508219093,3.4207606508219093
2024-02-22 19:00:00,3.5024165331636765,3.5024165331636765
2024-02-22 20:00:00,3.420556653021896,3.420556653021896
2024-02-22 21:00:00,2.921747129139758,2.921747129139758
2024-02-22 22:00:00,0.0,0.0
2024-02-22 23:00:00,0.0,0.0
2024-02-23 00:00:00,0.0,0.0
2024-02-23 01:00:00,0.0,0.0
2024-02-23 02:00:00,0.0,0.0
2024-02-23 03:00:00,0.0,0.0
2024-02-23 04:00:00,0.0,0.0
2024-02-23 05:00:00,0.0,0.0
2024-02-23 06:00:00,0.0,0.0
2024-02-23 07:00:00,0.0,0.0
2024-02-23 08:00:00,0.0,0.0
2024-02-23 09:00:00,0.0,0.0
2024-02-23 10:00:00,0.09018304710654426,0.09018304710654426
2024-02-23 11:00:00,0.3740592118438212,0.3740592118438212
2024-02-23 12:00:00,0.7923753143898092,0.7923753143898092
2024-02-23 13:00:00,1.586827719248136,1.586827719248136
2024-02-23 14:00:00,2.1689153090526716,2.1689153090526716
2024-02-23 15:00:00,2.2361901563282016,2.2361901563282016
2024-02-23 16:00:00,2.3804653592476592,2.3804653592476592
2024-02-23 17:00:00,3.23636446722909,3.23636446722909
2024-02-23 18:00:00,3.047954688448169,3.047954688448169
2024-02-23 19:00:00,3.1553823882646617,3.1553823882646617
2024-02-23 20:00:00,3.555329967400038,3.555329967400038
2024-02-23 21:00:00,3.5411937988191022,3.5411937988191022
2024-02-23 22:00:00,0.0,0.0
2024-02-23 23:00:00,0.0,0.0
2024-02-24 00:00:00,0.0,0.0
2024-02-24 01:00:00,0.0,0.0
2024-02-24 02:00:00,0.0,0.0
2024-02-24 03:00:00,0.0,0.0
2024-02-24 04:00:00,0.0,0.0
2024-02-24 05:00:00,0.0,0.0
2024-02-24 06:00:00,0.0,0.0
2024-02-24 07:00:00,0.0,0.0
2024-02-24 08:00:00,0.0,0.0
2024-02-24 09:00:00,0.0,0.0
2024-02-24 10:00:00,0.056852471364462115,0.056852471364462115
2024-02-24 11:00:00,0.27832792666112505,0.27832792666112505
2024-02-24 12:00:00,0.4524090585778556,0.4524090585778556
2024-02-24 13:00:00,0.9409743686553899,0.9409743686553899
2024-02-24 14:00:00,1.164409052864747,1.164409052864747
2024-02-24 15:00:00,1.2111579591386974,1.2111579591386974
2024-02-24 16:00:00,1.9152616152799273,1.9152616152799273
2024-02-24 17:00:00,2.0255937455722073,2.0255937455722073
2024-02-24 18:00:00,1.762252957342994,1.762252957342994
2024-02-24 19:00:00,2.212984090776061,2.212984090776061
2024-02-24 20:00:00,1.986267331888353,1.986267331888353
2024-02-24 21:00:00,2.196257749010506,2.196257749010506
2024-02-24 22:00:00,0.0,0.0
2024-02-24 23:00:00,0.0,0.0
2024-02-25 00:00:00,0.0,0.0
2024-02-25 01:00:00,0.0,0.0
2024-02-25 02:00:00,0.0,0.0
2024-02-25 03:00:00,0.0,0.0
2024-02-25 04:00:00,0.0,0.0
2024-02-25 05:00:00,0.0,0.0
2024-02-25 06:00:00,0.0,0.0
2024-02-25 07:00:00,0.0,0.0
2024-02-25 08:00:00,0.0,0.0
2024-02-25 09:00:00,0.0,0.0
2024-02-25 10:00:00,0.06868513436294606,0.06868513436294606
2024-02-25 11:00:00,0.22120688081574055,0.22120688081574055
2024-02-25 12:00:00,0.5029697031512791,0.5029697031512791
2024-02-25 13:00:00,0.8832009442945968,0.8832009442945968
2024-02-25 14:00:00,1.352049582399405,1.352049582399405
2024-02-25 15:00:00,1.2917492600847602,1.2917492600847602
2024-02-25 16:00:00,1.8104975932946774,1.8104975932946774
2024-02-25 17:00:00,1.6303713949998389,1.6303713949998389
2024-02-25 18:00:00,2.0127889201324773,2.0127889201324773
2024-02-25 19:00:00,1.862384977312905,1.862384977312905
2024-02-25 20:00:00,2.0437939856468192,2.0437939856468192
2024-02-25 21:00:00,2.0274131117971472,2.0274131117971472
2024-02-25 22:00:00,0.0,0.0
2024-02-25 23:00:00,0.0,0.0
2024-02-26 00:00:00,0.0,0.0
2024-02-26 01:00:00,0.0,0.0
2024-02-26 02:00:00,0.0,0.0
2024-02-26 03:00:00,0.0,0.0
2024-02-26 04:00:00,0.0,0.0
2024-02-26 05:00:00,0.0,0.0
2024-02-26 06:00:00,0.0,0.0
2024-02-26 07:00:00,0.0,0.0
2024-02-26 08:00:00,0.0,0.0
2024-02-26 09:00:00,0.0,0.0
2024-02-26 10:00:00,0.10210449581816462,0.10210449581816462
2024-02-26 11:00:00,0.41458031384830213,0.41458031384830213
2024-02-26 12:00:00,0.8263367121957337,0.8263367121957337
2024-02-26 13:00:00,1.5503595382307354,1.5503595382307354
2024-02-26 14:00:00,1.9412790160224704,1.9412790160224704
2024-02-26 15:00:00,2.421496684705229,2.421496684705229
2024-02-26 16:00:00,2.320726117021273,2.320726117021273
2024-02-26 17:00:00,2.6800953108083276,2.6800953108083276
2024-02-26 18:00:00,3.1403610909226733,3.1403610909226733
2024-02-26 19:00:00,2.7507981359106606,2.7507981359106606
2024-02-26 20:00:00,3.5447800692195437,3.5447800692195437
2024-02-26 21:00:00,2.5410155415686924,2.5410155415686924
2024-02-26 22:00:00,0.0,0.0
2024-02-26 23:00:00,0.0,0.0
2024-02-27 00:00:00,0.0,0.0
2024-02-27 01:00:00,0.0,0.0
2024-02-27 02:00:00,0.0,0.0
2024-02-27 03:00:00,0.0,0.0
2024-02-27 04:00:00,0.0,0.0
2024-02-27 05:00:00,0.0,0.0
2024-02-27 06:00:00,0.0,0.0
2024-02-27 07:00:00,0.0,0.0
2024-02-27 08:00:00,0.0,0.0
2024-02-27 09:00:00,0.0,0.0
2024-02-27 10:00:00,0.08970375988368293,0.08970375988368293
2024-02-27 11:00:00,0.45539986833467033,0.45539986833467033
2024-02-27 12:00:00,0.859866582728804,0.859866582728804
2024-02-27 13:00:00,1.560380580727721,1.560380580727721
2024-02-27 14:00:00,2.3467885528847625,2.3467885528847625
2024-02-27 15:00:00,2.2592932588030177,2.2592932588030177
2024-02-27 16:00:00,3.1691202293499745,3.1691202293499745
2024-02-27 17:00:00,2.512551024130664,2.512551024130664
2024-02-27 18:00:00,3.464695795634046,3.464695795634046
2024-02-27 19:00:00,2.704077506789484,2.704077506789484
2024-02-27 20:00:00,3.806183922490391,3.806183922490391
2024-02-27 21:00:00,3.0524835839175997,3.0524835839175997
2024-02-27 22:00:00,0.0,0.0
2024-02-27 23:00:00,0.0,0.0
2024-02-28 00:00:00,0.0,0.0
2024-02-28 01:00:00,0.0,0.0
2024-02-28 02:00:00,0.0,0.0
2024-02-28 03:00:00,0.0,0.0
2024-02-28 04:00:00,0.0,0.0
2024-02-28 05:00:00,0.0,0.0
2024-02-28 06:00:00,0.0,0.0
2024-02-28 07:00:00,0.0,0.0
2024-02-28 08:00:00,0.0,0.0
2024-02-28 09:00:00,0.0,0.0
2024-02-28 10:00:00,0.09130177688196911,0.09130177688196911
2024-02-28 11:00:00,0.34088920318256866,0.34088920318256866
2024-02-28 12:00:00,0.595372046707616,0.595372046707616
2024-02-28 13:00:00,1.4221640565511038,1.4221640565511038
2024-02-28 14:00:00,1.8811716576001185,1.8811716576001185
2024-02-28 15:00:00,1.9104684863614645,1.9104684863614645
2024-02-28 16:00:00,2.061317504482325,2.061317504482325
2024-02-28 17:00:00,2.5022465757968404,2.5022465757968404
2024-02-28 18:00:00,2.5756344950331624,2.5756344950331624
2024-02-28 19:00:00,2.5579808492114067,2.5579808492114067
2024-02-28 20:00:00,3.2710409503170914,3.2710409503170914
2024-02-28 21:00:00,2.909465055256429,2.909465055256429
2024-02-28 22:00:00,0.0,0.0
2024-02-28 23:00:00,0.0,0.0
2024-02-29 00:00:00,0.0,0.0
2024-02-29 01:00:00,0.0,0.0
2024-02-29 02:00:00,0.0,0.0
2024-02-29 03:00:00,0.0,0.0
2024-02-29 04:00:00,0.0,0.0
2024-02-29 05:00:00,0.0,0.0
2024-02-29 06:00:00,0.0,0.0
2024-02-29 07:00:00,0.0,0.0
2024-02-29 08:00:00,0.0,0.0
2024-02-29 09:00:00,0.0,0.0
2024-02-29 10:00:00,0.10267570553665338,0.10267570553665338
2024-02-29 11:00:00,0.44925364664064593,0.44925364664064593
2024-02-29 12:00:00,0.8748027961467729,0.8748027961467729
2024-02-29 13:00:00,1.3793066514654224,1.3793066514654224
2024-02-29 14:00:00,2.1890547463859913,2.1890547463859913
2024-02-29 15:00:00,2.409901902509168,2.409901902509168
2024-02-29 16:00:00,2.386061105383571,2.386061105383571
2024-02-29 17:00:00,2.8636693016262287,2.8636693016262287
2024-02-29 18:00:00,2.6275138632054524,2.6275138632054524
2024-02-29 19:00:00,3.2296946926875516,3.2296946926875516
2024-02-29 20:00:00,3.7357082966596384,3.7357082966596384
2024-02-29 21:00:00,3.380293450983631,3.380293450983631
2024-02-29 22:00:00,0.0,0.0
2024-02-29 23:00:00,0.0,0.0
2024-03-01 00:00:00,0.0,0.0
2024-03-01 01:00:00,0.0,0.0
2024-03-01 02:00:00,0.0,0.0
2024-03-01 03:00:00,0.0,0.0
2024-03-01 04:00:00,0.0,0.0
2024-03-01 05:00:00,0.0,0.0
2024-03-01 06:00:00,0.0,0.0
2024-03-01 07:00:00,0.0,0.0
2024-03-01 08:00:00,0.0,0.0
2024-03-01 09:00:00,0.0,0.0
2024-03-01 10:00:00,0.09747507899360505,0.09747507899360505
2024-03-01 11:00:00,0.3539131102848683,0.3539131102848683
2024-03-01 12:00:00,0.6050096136606647,0.6050096136606647
2024-03-01 13:00:00,1.5180639605486665,1.5180639605486665
2024-03-01 14:00:00,1.6265067490070446,1.6265067490070446
2024-03-01 15:00:00,1.7746218560512235,1.7746218560512235
2024-03-01 16:00:00,2.4537011095587693,2.4537011095587693
2024-03-01 17:00:00,2.5949836656742526,2.5949836656742526
2024-03-01 18:00:00,3.069522189397013,3.069522189397013
2024-03-01 19:00:00,2.4333822979959465,2.4333822979959465
2024-03-01 20:00:00,3.488192748115647,3.488192748115647
2024-03-01 21:00:00,2.9326431143265075,2.9326431143265075
2024-03-01 22:00:00,0.0,0.0
2024-03-01 23:00:00,0.0,0.0
2024-03-02 00:00:00,0.0,0.0
2024-03-02 01:00:00,0.0,0.0
2024-03-02 02:00:00,0.0,0.0
2024-03-02 03:00:00,0.0,0.0
2024-03-02 04:00:00,0.0,0.0
2024-03-02 05:00:00,0.0,0.0
2024-03-02 06:00:00,0.0,0.0
2024-03-02 07:00:00,0.0,0.0
2024-03-02 08:00:00,0.0,0.0
2024-03-02 09:00:00,0.0,0.0
2024-03-02 10:00:00,0.06881120694753463,0.06881120694753463
2024-03-02 11:00:00,0.2523268130401099,0.2523268130401099
2024-03-02 12:00:00,0.5269852872605926,0.5269852872605926
2024-03-02 13:00:00,1.0016308735111978,1.0016308735111978
2024-03-02 14:00:00,1.197572404402465,1.197572404402465
2024-03-02 15:00:00,1.5349548253523646,1.5349548253523646
2024-03-02 16:00:00,1.8419580124123294,1.8419580124123294
2024-03-02 17:00:00,1.7577766687993275,1.7577766687993275
2024-03-02 18:00:00,2.0398678008479254,2.0398678008479254
2024-03-02 19:00:00,2.1021670176726945,2.1021670176726945
2024-03-02 20:00:00,2.3773176639677525,2.3773176639677525
2024-03-02 21:00:00,2.232159726321869,2.232159726321869
2024-03-02 22:00:00,0.0,0.0
2024-03-02 23:00:00,0.0,0.0
2024-03-03 00:00:00,0.0,0.0
2024-03-03 01:00:00,0.0,0.0
2024-03-03 02:00:00,0.0,0.0
2024-03-03 03:00:00,0.0,0.0
2024-03-03 04:00:00,0.0,0.0
2024-03-03 05:00:00,0.0,0.0
2024-03-03 06:00:00,0.0,0.0
2024-03-03 07:00:00,0.0,0.0
2024-03-03 08:00:00,0.0,0.0
2024-03-03 09:00:00,0.0,0.0
2024-03-03 10:00:00,0.06182638874516849,0.06182638874516849
2024-03-03 11:00:00,0.2723109283594929,0.2723109283594929
2024-03-03 12:00:00,0.44971878301211554,0.44971878301211554
2024-03-03 13:00:00,0.9634073001571957,0.9634073001571957
2024-03-03 14:00:00,1.5090560791558567,1.5090560791558567
2024-03-03 15:00:00,1.3405295397015564,1.3405295397015564
2024-03-03 16:00:00,1.7559121395998851,1.7559121395998851
2024-03-03 17:00:00,1.6191915335273968,1.6191915335273968
2024-03-03 18:00:00,1.868815461893558,1.868815461893558
2024-03-03 19:00:00,2.0468210242315688,2.0468210242315688
2024-03-03 20:00:00,2.43763040327496,2.43763040327496
2024-03-03 21:00:00,2.243353736588943,2.243353736588943
2024-03-03 22:00:00,0.0,0.0
2024-03-03 23:00:00,0.0,0.0
2024-03-04 00:00:00,0.0,0.0
2024-03-04 01:00:00,0.0,0.0
2024-03-04 02:00:00,0.0,0.0
2024-03-04 03:00:00,0.0,0.0
2024-03-04 04:00:00,0.0,0.0
2024-03-04 05:00:00,0.0,0.0
2024-03-04 06:00:00,0.0,0.0
2024-03-04 07:00:00,0.0,0.0
2024-03-04 08:00:00,0.0,0.0
2024-03-04 09:00:00,0.0,0.0
2024-03-04 10:00:00,0.11694260055086708,0.11694260055086708
2024-03-04 11:00:00,0.4083732150888907,0.4083732150888907
2024-03-04 12:00:00,0.8703718744296383,0.8703718744296383
2024-03-04 13:00:00,1.2908520443269154,1.2908520443269154
2024-03-04 14:00:00,2.2478405093512586,2.2478405093512586
2024-03-04 15:00:00,2.1974330175210763,2.1974330175210763
2024-03-04 16:00:00,3.0113189669249523,3.0113189669249523
2024-03-04 17:00:00,2.6126892197099294,2.6126892197099294
2024-03-04 18:00:00,3.00198439840462,3.00198439840462
2024-03-04 19:00:00,2.823657933642433,2.823657933642433
2024-03-04 20:00:00,3.5820344156420596,3.5820344156420596
2024-03-04 21:00:00,3.3183205281257884,3.3183205281257884
2024-03-04 22:00:00,0.0,0.0
2024-03-04 23:00:00,0.0,0.0
2024-03-05 00:00:00,0.0,0.0
2024-03-05 01:00:00,0.0,0.0
2024-03-05 02:00:00,0.0,0.0
2024-03-05 03:00:00,0.0,0.0
2024-03-05 04:00:00,0.0,0.0
2024-03-05 05:00:00,0.0,0.0
2024-03-05 06:00:00,0.0,0.0
2024-03-05 07:00:00,0.0,0.0
2024-03-05 08:00:00,0.0,0.0
2024-03-05 09:00:00,0.0,0.0
2024-03-05 10:00:00,0.11535664011669876,0.11535664011669876
2024-03-05 11:00:00,0.35604228423386436,0.35604228423386436
2024-03-05 12:00:00,0.7444586055573448,0.7444586055573448
2024-03-05 13:00:00,1.525575421495591,1.525575421495591
2024-03-05 14:00:00,1.85015441293285,1.85015441293285
2024-03-05 15:00:00,2.4217520453019445,2.4217520453019445
2024-03-05 16:00:00,2.679048201372232,2.679048201372232
2024-03-05 17:00:00,2.4083473665411943,2.4083473665411943
2024-03-05 18:00:00,2.6291101965265886,2.6291101965265886
2024-03-05 19:00:00,3.1197787092513067,3.1197787092513067
2024-03-05 20:00:00,3.5294360464669503,3.5294360464669503
2024-03-05 21:00:00,3.434905581517747,3.434905581517747
2024-03-05 22:00:00,0.0,0.0
2024-03-05 23:00:00,0.0,0.0
2024-03-06 00:00:00,0.0,0.0
2024-03-06 01:00:00,0.0,0.0
2024-03-06 02:00:00,0.0,0.0
2024-03-06 03:00:00,0.0,0.0
2024-03-06 04:00:00,0.0,0.0
2024-03-06 05:00:00,0.0,0.0
2024-03-06 06:00:00,0.0,0.0
2024-03-06 07:00:00,0.0,0.0
2024-03-06 08:00:00,0.0,0.0
2024-03-06 09:00:00,0.0,0.0
2024-03-06 10:00:00,0.09253293380356117,0.09253293380356117
2024-03-06 11:00:00,0.3922907501862066,0.3922907501862066
2024-03-06 12:00:00,0.772921406362142,0.772921406362142
2024-03-06 13:00:00,1.6991901523896922,1.6991901523896922
2024-03-06 14:00:00,2.0112328824447245,2.0112328824447245
2024-03-06 15:00:00,2.19510558212444,2.19510558212444
2024-03-06 16:00:00,2.8815590085344356,2.8815590085344356
2024-03-06 17:00:00,3.0665614989125705,3.0665614989125705
2024-03-06 18:00:00,3.0094554896487917,3.0094554896487917
2024-03-06 19:00:00,2.8536858024001583,2.8536858024001583
2024-03-06 20:00:00,3.865757688278967,3.865757688278967
2024-03-06 21:00:00,2.844737159428528,2.844737159428528
2024-03-06 22:00:00,0.0,0.0
2024-03-06 23:00:00,0.0,0.0
2024-03-07 00:00:00,0.0,0.0
2024-03-07 01:00:00,0.0,0.0
2024-03-07 02:00:00,0.0,0.0
2024-03-07 03:00:00,0.0,0.0
2024-03-07 04:00:00,0.0,0.0
2024-03-07 05:00:00,0.0,0.0
2024-03-07 06:00:00,0.0,0.0
2024-03-07 07:00:00,0.0,0.0
2024-03-07 08:00:00,0.0,0.0
2024-03-07 09:00:00,0.0,0.0
2024-03-07 10:00:00,0.10380769249609315,0.10380769249609315
2024-03-07 11:00:00,0.34430200803562655,0.34430200803562655
2024-03-07 12:00:00,0.7171760343213931,0.7171760343213931
2024-03-07 13:00:00,1.2735994563419821,1.2735994563419821
2024-03-07 14:00:00,1.6301709966133688,1.6301709966133688
2024-03-07 15:00:00,2.027257348581385,2.027257348581385
2024-03-07 16:00:00,2.13493927378641,2.13493927378641
2024-03-07 17:00:00,2.8437759888498277,2.8437759888498277
2024-03-07 18:00:00,2.870620131956183,2.870620131956183
2024-03-07 19:00:00,2.7247230622833514,2.7247230622833514
2024-03-07 20:00:00,3.365406998624079,3.365406998624079
2024-03-07 21:00:00,2.4672295278232053,2.4672295278232053
2024-03-07 22:00:00,0.0,0.0
2024-03-07 23:00:00,0.0,0.0
2024-03-08 00:00:00,0.0,0.0
2024-03-08 01:00:00,0.0,0.0
2024-03-08 02:00:00,0.0,0.0
2024-03-08 03:00:00,0.0,0.0
2024-03-08 04:00:00,0.0,0.0
2024-03-08 05:00:00,0.0,0.0
2024-03-08 06:00:00,0.0,0.0
2024-03-08 07:00:00,0.0,0.0
2024-03-08 08:00:00,0.0,0.0
2024-03-08 09:00:00,0.0,0.0
2024-03-08 10:00:00,0.0806136720409774,0.0806136720409774
2024-03-08 11:00:00,0.30723067132056264,0.30723067132056264
2024-03-08 12:00:00,0.7432478676840215,0.7432478676840215
2024-03-08 13:00:00,1.3682989098129446,1.3682989098129446
2024-03-08 14:00:00,1.8278371131739766,1.8278371131739766
2024-03-08 15:00:00,1.8241685494239348,1.8241685494239348
2024-03-08 16:00:00,2.2969604783577795,2.2969604783577795
2024-03-08 17:00:00,2.477814220992844,2.477814220992844
2024-03-08 18:00:00,2.6388015135581284,2.6388015135581284
2024-03-08 19:00:00,2.4660767212511066,2.4660767212511066
2024-03-08 20:00:00,3.3074235410967083,3.3074235410967083
2024-03-08 21:00:00,2.6417337165928987,2.6417337165928987
2024-03-08 22:00:00,0.0,0.0
2024-03-08 23:00:00,0.0,0.0
2024-03-09 00:00:00,0.0,0.0
2024-03-09 01:00:00,0.0,0.0
2024-03-09 02:00:00,0.0,0.0
2024-03-09 03:00:00,0.0,0.0
2024-03-09 04:00:00,0.0,0.0
2024-03-09 05:00:00,0.0,0.0
2024-03-09 06:00:00,0.0,0.0
2024-03-09 07:00:00,0.0,0.0
2024-03-09 08:00:00,0.0,0.0
2024-03-09 09:00:00,0.0,0.0
2024-03-09 10:00:00,0.05729113758150449,0.05729113758150449
2024-03-09 11:00:00,0.22660361180724314,0.22660361180724314
2024-03-09 12:00:00,0.4229798964179875,0.4229798964179875
2024-03-09 13:00:00,0.9737055659028357,0.9737055659028357
2024-03-09 14:00:00,1.3180544741519014,1.3180544741519014
2024-03-09 15:00:00,1.2727895475434199,1.2727895475434199
2024-03-09 16:00:00,1.562009999962935,1.562009999962935
2024-03-09 17:00:00,1.5870270966722417,1.5870270966722417
2024-03-09 18:00:00,2.0560993707846813,2.0560993707846813
2024-03-09 19:00:00,1.8426577028406148,1.8426577028406148
2024-03-09 20:00:00,2.096079640025835,2.096079640025835
2024-03-09 21:00:00,2.0044522405397314,2.0044522405397314
2024-03-09 22:00:00,0.0,0.0
2024-03-09 23:00:00,0.0,0.0
2024-03-10 00:00:00,0.0,0.0
2024-03-10 01:00:00,0.0,0.0
2024-03-10 02:00:00,0.0,0.0
2024-03-10 03:00:00,0.0,0.0
2024-03-10 04:00:00,0.0,0.0
2024-03-10 05:00:00,0.0,0.0
2024-03-10 06:00:00,0.0,0.0
2024-03-10 07:00:00,0.0,0.0
2024-03-10 08:00:00,0.0,0.0
2024-03-10 09:00:00,0.0,0.0
2024-03-10 10:00:00,0.05914643026325799,0.05914643026325799
2024-03-10 11:00:00,0.2497884955078121,0.2497884955078121
2024-03-10 12:00:00,0.5309039343266838,0.5309039343266838
2024-03-10 13:00:00,1.0238502837995165,1.0238502837995165
2024-03-10 14:00:00,1.4861944000448173,1.4861944000448173
2024-03-10 15:00:00,1.4394004214853902,1.4394004214853902
2024-03-10 16:00:00,1.9387554772483715,1.9387554772483715
2024-03-10 17:00:00,1.7872824738913364,1.7872824738913364
2024-03-10 18:00:00,1.9613777142398239,1.9613777142398239
2024-03-10 19:00:00,1.9663121294544699,1.9663121294544699
2024-03-10 20:00:00,2.5585540027264138,2.5585540027264138
2024-03-10 21:00:00,1.7620854328610234,1.7620854328610234
2024-03-10 22:00:00,0.0,0.0
2024-03-10 23:00:00,0.0,0.0
2024-03-11 00:00:00,0.0,0.0
2024-03-11 01:00:00,0.0,0.0
2024-03-11 02:00:00,0.0,0.0
2024-03-11 03:00:00,0.0,0.0
2024-03-11 04:00:00,0.0,0.0
2024-03-11 05:00:00,0.0,0.0
2024-03-11 06:00:00,0.0,0.0
2024-03-11 07:00:00,0.0,0.0
2024-03-11 08:00:00,0.0,0.0
2024-03-11 09:00:00,0.0,0.0
2024-03-11 10:00:00,0.09402107424106251,0.09402107424106251
2024-03-11 11:00:00,0.3638541776350148,0.3638541776350148
2024-03-11 12:00:00,0.7780137099789927,0.7780137099789927
2024-03-11 13:00:00,1.2723073004721446,1.2723073004721446
2024-03-11 14:00:00,1.692011470252812,1.692011470252812
2024-03-11 15:00:00,1.9055399899998042,1.9055399899998042
2024-03-11 16:00:00,2.3893852343621877,2.3893852343621877
2024-03-11 17:00:00,2.5202627161973026,2.5202627161973026
2024-03-11 18:00:00,3.2535441894185224,3.2535441894185224
2024-03-11 19:00:00,2.5216839015477754,2.5216839015477754
2024-03-11 20:00:00,3.5005558805283608,3.5005558805283608
2024-03-11 21:00:00,2.464501122619128,2.464501122619128
2024-03-11 22:00:00,0.0,0.0
2024-03-11 23:00:00,0.0,0.0
2024-03-12 00:00:00,0.0,0.0
2024-03-12 01:00:00,0.0,0.0
2024-03-12 02:00:00,0.0,0.0
2024-03-12 03:00:00,0.0,0.0
2024-03-12 04:00:00,0.0,0.0
2024-03-12 05:00:00,0.0,0.0
2024-03-12 06:00:00,0.0,0.0
2024-03-12 07:00:00,0.0,0.0
2024-03-12 08:00:00,0.0,0.0
2024-03-12 09:00:00,0.0,0.0
2024-03-12 10:00:00,0.11077800635995567,0.11077800635995567
2024-03-12 11:00:00,0.42763422311288146,0.42763422311288146
2024-03-12 12:00:00,0.8447067303296368,0.8447067303296368
2024-03-12 13:00:00,1.545319350213541,1.545319350213541
2024-03-12 14:00:00,2.041796678626908,2.041796678626908
2024-03-12 15:00:00,1.9186075297946326,1.9186075297946326
2024-03-12 16:00:00,2.417106916918888,2.417106916918888
2024-03-12 17:00:00,2.6765353539981596,2.6765353539981596
2024-03-12 18:00:00,3.1042800353303903,3.1042800353303903
2024-03-12 19:00:00,2.9496926894253486,2.9496926894253486
2024-03-12 20:00:00,2.9197268940724808,2.9197268940724808
2024-03-12 21:00:00,2.9092456905056254,2.9092456905056254
2024-03-12 22:00:00,0.0,0.0
2024-03-12 23:00:00,0.0,0.0
2024-03-13 00:00:00,0.0,0.0
2024-03-13 01:00:00,0.0,0.0
2024-03-13 02:00:00,0.0,0.0
2024-03-13 03:00:00,0.0,0.0
2024-03-13 04:00:00,0.0,0.0
2024-03-13 05:00:00,0.0,0.0
2024-03-13 06:00:00,0.0,0.0
2024-03-13 07:00:00,0.0,0.0
2024-03-13 08:00:00,0.0,0.0
2024-03-13 09:00:00,0.0,0.0
2024-03-13 10:00:00,0.1093553776529203,0.1093553776529203
2024-03-13 11:00:00,0.3390780931894067,0.3390780931894067
2024-03-13 12:00:00,0.7818778861701835,0.7818778861701835
2024-03-13 13:00:00,1.5655684597238473,1.5655684597238473
2024-03-13 14:00:00,2.168103064838424,2.168103064838424
2024-03-13 15:00:00,1.901328431487256,1.901328431487256
2024-03-13 16:00:00,2.7430765688972842,2.7430765688972842
2024-03-13 17:00:00,2.4384996869802475,2.4384996869802475
2024-03-13 18:00:00,2.5406277579798715,2.5406277579798715
2024-03-13 19:00:00,2.4793429089650285,2.4793429089650285
2024-03-13 20:00:00,3.587300344450047,3.587300344450047
2024-03-13 21:00:00,2.876712768771271,2.876712768771271
2024-03-13 22:00:00,0.0,0.0
2024-03-13 23:00:00,0.0,0.0
2024-03-14 00:00:00,0.0,0.0
2024-03-14 01:00:00,0.0,0.0
2024-03-14 02:00:00,0.0,0.0
2024-03-14 03:00:00,0.0,0.0
2024-03-14 04:00:00,0.0,0.0
2024-03-14 05:00:00,0.0,0.0
2024-03-14 06:00:00,0.0,0.0
2024-03-14 07:00:00,0.0,0.0
2024-03-14 08:00:00,0.0,0.0
2024-03-14 09:00:00,0.0,0.0
2024-03-14 10:00:00,0.10970812654606747,0.10970812654606747
2024-03-14 11:00:00,0.3620135585737616,0.3620135585737616
2024-03-14 12:00:00,0.7068971275971896,0.7068971275971896
2024-03-14 13:00:00,1.5048254294471624,1.5048254294471624
2024-03-14 14:00:00,2.035400240916132,2.035400240916132
2024-03-14 15:00:00,2.0949487114794474,2.0949487114794474
2024-03-14 16:00:00,2.894192532469618,2.894192532469618
2024-03-14 17:00:00,3.051154509703596,3.051154509703596
2024-03-14 18:00:00,3.0896566367169958,3.0896566367169958
2024-03-14 19:00:00,3.551866266333007,3.551866266333007
2024-03-14 20:00:00,3.3740082076941493,3.3740082076941493
2024-03-14 21:00:00,2.7548163593645354,2.7548163593645354
2024-03-14 22:00:00,0.0,0.0
2024-03-14 23:00:00,0.0,0.0
2024-03-15 00:00:00,0.0,0.0
2024-03-15 01:00:00,0.0,0.0
2024-03-15 02:00:00,0.0,0.0
2024-03-15 03:00:00,0.0,0.0
2024-03-15 04:00:00,0.0,0.0
2024-03-15 05:00:00,0.0,0.0
2024-03-15 06:00:00,0.0,0.0
2024-03-15 07:00:00,0.0,0.0
2024-03-15 08:00:00,0.0,0.0
2024-03-15 09:00:00,0.0,0.0
2024-03-15 10:00:00,0.0933566645759333,0.0933566645759333
2024-03-15 11:00:00,0.4555897813311757,0.4555897813311757
2024-03-15 12:00:00,0.7273827085578355,0.7273827085578355
2024-03-15 13:00:00,1.52397950875258,1.52397950875258
2024-03-15 14:00:00,1.796476178692125,1.796476178692125
2024-03-15 15:00:00,2.020067106400519,2.020067106400519
2024-03-15 16:00:00,2.7604787918925284,2.7604787918925284
2024-03-15 17:00:00,2.550919327343755,2.550919327343755
2024-03-15 18:00:00,3.3831770867643516,3.3831770867643516
2024-03-15 19:00:00,2.6565003752900855,2.6565003752900855
2024-03-15 20:00:00,2.951626270523435,2.951626270523435
2024-03-15 21:00:00,3.141104273649615,3.141104273649615
2024-03-15 22:00:00,0.0,0.0
2024-03-15 23:00:00,0.0,0.0
2024-03-16 00:00:00,0.0,0.0
2024-03-16 01:00:00,0.0,0.0
2024-03-16 02:00:00,0.0,0.0
2024-03-16 03:00:00,0.0,0.0
2024-03-16 04:00:00,0.0,0.0
2024-03-16 05:00:00,0.0,0.0
2024-03-16 06:00:00,0.0,0.0
2024-03-16 07:00:00,0.0,0.0
2024-03-16 08:00:00,0.0,0.0
2024-03-16 09:00:00,0.0,0.0
2024-03-16 10:00:00,0.061356597364441746,0.061356597364441746
2024-03-16 11:00:00,0.2682478657825419,0.2682478657825419
2024-03-16 12:00:00,0.5310451403648844,0.5310451403648844
2024-03-16 13:00:00,0.9647012737401799,0.9647012737401799
2024-03-16 14:00:00,1.1505562322332268,1.1505562322332268
2024-03-16 15:00:00,1.2438615079288013,1.2438615079288013
2024-03-16 16:00:00,1.973586445356027,1.973586445356027
2024-03-16 17:00:00,1.917492207527283,1.917492207527283
2024-03-16 18:00:00,1.6868751371062265,1.6868751371062265
2024-03-16 19:00:00,2.1650251082950813,2.1650251082950813
2024-03-16 20:00:00,2.412921374917235,2.412921374917235
2024-03-16 21:00:00,2.2097995560122334,2.2097995560122334
2024-03-16 22:00:00,0.0,0.0
2024-03-16 23:00:00,0.0,0.0
2024-03-17 00:00:00,0.0,0.0
2024-03-17 01:00:00,0.0,0.0
2024-03-17 02:00:00,0.0,0.0
2024-03-17 03:00:00,0.0,0.0
2024-03-17 04:00:00,0.0,0.0
2024-03-17 05:00:00,0.0,0.0
2024-03-17 06:00:00,0.0,0.0
2024-03-17 07:00:00,0.0,0.0
2024-03-17 08:00:00,0.0,0.0
2024-03-17 09:00:00,0.0,0.0
2024-03-17 10:00:00,0.06373837523854295,0.06373837523854295
2024-03-17 11:00:00,0.2337875560197916,0.2337875560197916
2024-03-17 12:00:00,0.5424601519568757,0.5424601519568757
2024-03-17 13:00:00,1.0115227235010027,1.0115227235010027
2024-03-17 14:00:00,1.2797594615930847,1.2797594615930847
2024-03-17 15:00:00,1.3344272190337199,1.3344272190337199
2024-03-17 16:00:00,1.8981119882768094,1.8981119882768094
2024-03-17 17:00:00,1.9359569046485299,1.9359569046485299
2024-03-17 18:00:00,1.843565189183886,1.843565189183886
2024-03-17 19:00:00,1.873954972791349,1.873954972791349
2024-03-17 20:00:00,2.1690750574806574,2.1690750574806574
2024-03-17 21:00:00,2.186580869461231,2.186580869461231
2024-03-17 22:00:00,0.0,0.0
2024-03-17 23:00:00,0.0,0.0
2024-03-18 00:00:00,0.0,0.0
2024-03-18 01:00:00,0.0,0.0
2024-03-18 02:00:00,0.0,0.0
2024-03-18 03:00:00,0.0,0.0
2024-03-18 04:00:00,0.0,0.0
2024-03-18 05:00:00,0.0,0.0
2024-03-18 06:00:00,0.0,0.0
2024-03-18 07:00:00,0.0,0.0
2024-03-18 08:00:00,0.0,0.0
2024-03-18 09:00:00,0.0,0.0
2024-03-18 10:00:00,0.11619906838259796,0.11619906838259796
2024-03-18 11:00:00,0.42626931993846995,0.42626931993846995
2024-03-18 12:00:00,0.7158552060121062,0.7158552060121062
2024-03-18 13:00:00,1.6827924694608727,1.6827924694608727
2024-03-18 14:00:00,1.8069270331552738,1.8069270331552738
2024-03-18 15:00:00,2.535148812335508,2.535148812335508
2024-03-18 16:00:00,2.5216035672915025,2.5216035672915025
2024-03-18 17:00:00,3.1852483180576616,3.1852483180576616
2024-03-18 18:00:00,3.1172473185593277,3.1172473185593277
2024-03-18 19:00:00,3.3634263561254554,3.3634263561254554
2024-03-18 20:00:00,2.927638227166606,2.927638227166606
2024-03-18 21:00:00,3.304090626393353,3.304090626393353
2024-03-18 22:00:00,0.0,0.0
2024-03-18 23:00:00,0.0,0.0
2024-03-19 00:00:00,0.0,0.0
2024-03-19 01:00:00,0.0,0.0
2024-03-19 02:00:00,0.0,0.0
2024-03-19 03:00:00,0.0,0.0
2024-03-19 04:00:00,0.0,0.0
2024-03-19 05:00:00,0.0,0.0
2024-03-19 06:00:00,0.0,0.0
2024-03-19 07:00:00,0.0,0.0
2024-03-19 08:00:00,0.0,0.0
2024-03-19 09:00:00,0.0,0.0
2024-03-19 10:00:00,0.08469093090104327,0.08469093090104327
2024-03-19 11:00:00,0.43724072475043185,0.43724072475043185
2024-03-19 12:00:00,0.8092602296726752,0.8092602296726752
2024-03-19 13:00:00,1.4857924832521492,1.4857924832521492
2024-03-19 14:00:00,2.1577052759669817,2.1577052759669817
2024-03-19 15:00:00,2.3649330986169663,2.3649330986169663
2024-03-19 16:00:00,2.34068142236464,2.34068142236464
2024-03-19 17:00:00,2.285610208786777,2.285610208786777
2024-03-19 18:00:00,2.9155332884442533,2.9155332884442533
2024-03-19 19:00:00,3.1060252835775457,3.1060252835775457
2024-03-19 20:00:00,3.1201065299242496,3.1201065299242496
2024-03-19 21:00:00,2.774141419233796,2.774141419233796
2024-03-19 22:00:00,0.0,0.0
2024-03-19 23:00:00,0.0,0.0
2024-03-20 00:00:00,0.0,0.0
2024-03-20 01:00:00,0.0,0.0
2024-03-20 02:00:00,0.0,0.0
2024-03-20 03:00:00,0.0,0.0
2024-03-20 04:00:00,0.0,0.0
2024-03-20 05:00:00,0.0,0.0
2024-03-20 06:00:00,0.0,0.0
2024-03-20 07:00:00,0.0,0.0
2024-03-20 08:00:00,0.0,0.0
2024-03-20 09:00:00,0.0,0.0
2024-03-20 10:00:00,0.07877583744045248,0.07877583744045248
2024-03-20 11:00:00,0.36292501085439,0.36292501085439
2024-03-20 12:00:00,0.7830372752410153,0.7830372752410153
2024-03-20 13:00:00,1.3875535130986156,1.3875535130986156
2024-03-20 14:00:00,1.7217475873484136,1.7217475873484136
2024-03-20 15:00:00,1.7678289651448373,1.7678289651448373
2024-03-20 16:00:00,2.334594152794812,2.334594152794812
2024-03-20 17:00:00,2.6815684130055857,2.6815684130055857
2024-03-20 18:00:00,3.036183284070003,3.036183284070003
2024-03-20 19:00:00,2.3779457260771633,2.3779457260771633
2024-03-20 20:00:00,3.371857610569607,3.371857610569607
2024-03-20 21:00:00,2.8404514535285927,2.8404514535285927
2024-03-20 22:00:00,0.0,0.0
2024-03-20 23:00:00,0.0,0.0
2024-03-21 00:00:00,0.0,0.0
2024-03-21 01:00:00,0.0,0.0
2024-03-21 02:00:00,0.0,0.0
2024-03-21 03:00:00,0.0,0.0
2024-03-21 04:00:00,0.0,0.0
2024-03-21 05:00:00,0.0,0.0
2024-03-21 06:00:00,0.0,0.0
2024-03-21 07:00:00,0.0,0.0
2024-03-21 08:00:00,0.0,0.0
2024-03-21 09:00:00,0.0,0.0
2024-03-21 10:00:00,0.10222769131987335,0.10222769131987335
2024-03-21 11:00:00,0.43554132326897566,0.43554132326897566
2024-03-21 12:00:00,0.6706019537273032,0.6706019537273032
2024-03-21 13:00:00,1.4245752338568771,1.4245752338568771
2024-03-21 14:00:00,2.026013331151121,2.026013331151121
2024-03-21 15:00:00,2.5329401196678685,2.5329401196678685
2024-03-21 16:00:00,2.4906108857489184,2.4906108857489184
2024-03-21 17:00:00,2.888201158576815,2.888201158576815
2024-03-21 18:00:00,3.1235574402584705,3.1235574402584705
2024-03-21 19:00:00,3.122021763005512,3.122021763005512
2024-03-21 20:00:00,3.9204713388657377,3.9204713388657377
2024-03-21 21:00:00,2.7516676389551638,2.7516676389551638
2024-03-21 22:00:00,0.0,0.0
2024-03-21 23:00:00,0.0,0.0
2024-03-22 00:00:00,0.0,0.0
2024-03-22 01:00:00,0.0,0.0
2024-03-22 02:00:00,0.0,0.0
2024-03-22 03:00:00,0.0,0.0
2024-03-22 04:00:00,0.0,0.0
2024-03-22 05:00:00,0.0,0.0
2024-03-22 06:00:00,0.0,0.0
2024-03-22 07:00:00,0.0,0.0
2024-03-22 08:00:00,0.0,0.0
2024-03-22 09:00:00,0.0,0.0
2024-03-22 10:00:00,0.09758790702344738,0.09758790702344738
2024-03-22 11:00:00,0.37728684681577024,0.37728684681577024
2024-03-22 12:00:00,0.8001669891847725,0.8001669891847725
2024-03-22 13:00:00,1.3246982096459115,1.3246982096459115
2024-03-22 14:00:00,1.748536587104723,1.748536587104723
2024-03-22 15:00:00,1.9490904504851505,1.9490904504851505
2024-03-22 16:00:00,2.1259817130282346,2.1259817130282346
2024-03-22 17:00:00,2.4216141351589067,2.4216141351589067
2024-03-22 18:00:00,2.8859841224537743,2.8859841224537743
2024-03-22 19:00:00,2.676190228631816,2.676190228631816
2024-03-22 20:00:00,3.2364279399333893,3.2364279399333893
2024-03-22 21:00:00,2.6528272072786967,2.6528272072786967
2024-03-22 22:00:00,0.0,0.0
2024-03-22 23:00:00,0.0,0.0
2024-03-23 00:00:00,0.0,0.0
2024-03-23 01:00:00,0.0,0.0
2024-03-23 02:00:00,0.0,0.0
2024-03-23 03:00:00,0.0,0.0
2024-03-23 04:00:00,0.0,0.0
2024-03-23 05:00:00,0.0,0.0
2024-03-23 06:00:00,0.0,0.0
2024-03-23 07:00:00,0.0,0.0
2024-03-23 08:00:00,0.0,0.0
2024-03-23 09:00:00,0.0,0.0
2024-03-23 10:00:00,0.07560983677483682,0.07560983677483682
2024-03-23 11:00:00,0.23563058444206839,0.23563058444206839
2024-03-23 12:00:00,0.5172536160555532,0.5172536160555532
2024-03-23 13:00:00,0.8996048210894659,0.8996048210894659
2024-03-23 14:00:00,1.2706094543987796,1.2706094543987796
2024-03-23 15:00:00,1.2891956054146416,1.2891956054146416
2024-03-23 16:00:00,1.7607340081577874,1.7607340081577874
2024-03-23 17:00:00,1.6803275202693035,1.6803275202693035
2024-03-23 18:00:00,2.126902368896916,2.126902368896916
2024-03-23 19:00:00,1.9143664384904537,1.9143664384904537
2024-03-23 20:00:00,2.402423653925411,2.402423653925411
2024-03-23 21:00:00,1.8691311868681146,1.8691311868681146
2024-03-23 22:00:00,0.0,0.0
2024-03-23 23:00:00,0.0,0.0
2024-03-24 00:00:00,0.0,0.0
2024-03-24 01:00:00,0.0,0.0
2024-03-24 02:00:00,0.0,0.0
2024-03-24 03:00:00,0.0,0.0
2024-03-24 04:00:00,0.0,0.0
2024-03-24 05:00:00,0.0,0.0
2024-03-24 06:00:00,0.0,0.0
2024-03-24 07:00:00,0.0,0.0
2024-03-24 08:00:00,0.0,0.0
2024-03-24 09:00:00,0.0,0.0
2024-03-24 10:00:00,0.06497870331450141,0.06497870331450141
2024-03-24 11:00:00,0.2684661407035673,0.2684661407035673
2024-03-24 12:00:00,0.5582568008436624,0.5582568008436624
2024-03-24 13:00:00,1.0254396316205139,1.0254396316205139
2024-03-24 14:00:00,1.342692687845641,1.342692687845641
2024-03-24 15:00:00,1.5318200457746407,1.5318200457746407
2024-03-24 16:00:00,1.6252292018963435,1.6252292018963435
2024-03-24 17:00:00,1.5370416591715832,1.5370416591715832
2024-03-24 18:00:00,1.8565692922450996,1.8565692922450996
2024-03-24 19:00:00,1.8438869547919576,1.8438869547919576
2024-03-24 20:00:00,2.3243916695155282,2.3243916695155282
2024-03-24 21:00:00,1.7583071926827156,1.7583071926827156
2024-03-24 22:00:00,0.0,0.0
2024-03-24 23:00:00,0.0,0.0
2024-03-25 00:00:00,0.0,0.0
2024-03-25 01:00:00,0.0,0.0
2024-03-25 02:00:00,0.0,0.0
2024-03-25 03:00:00,0.0,0.0
2024-03-25 04:00:00,0.0,0.0
2024-03-25 05:00:00,0.0,0.0
2024-03-25 06:00:00,0.0,0.0
2024-03-25 07:00:00,0.0,0.0
2024-03-25 08:00:00,0.0,0.0
2024-03-25 09:00:00,0.0,0.0
2024-03-25 10:00:00,0.10042545703522036,0.10042545703522036
2024-03-25 11:00:00,0.4336497864338702,0.4336497864338702
2024-03-25 12:00:00,0.8327800405167651,0.8327800405167651
2024-03-25 13:00:00,1.5161035435238153,1.5161035435238153
2024-03-25 14:00:00,1.8404442391926368,1.8404442391926368
2024-03-25 15:00:00,2.1339682781560443,2.1339682781560443
2024-03-25 16:00:00,2.549782889461184,2.549782889461184
2024-03-25 17:00:00,2.625420752496062,2.625420752496062
2024-03-25 18:00:00,3.1318005087755396,3.1318005087755396
2024-03-25 19:00:00,3.2934985911338983,3.2934985911338983
2024-03-25 20:00:00,3.8148359890146897,3.8148359890146897
2024-03-25 21:00:00,3.420427215517784,3.420427215517784
2024-03-25 22:00:00,0.0,0.0
2024-03-25 23:00:00,0.0,0.0
2024-03-26 00:00:00,0.0,0.0
2024-03-26 01:00:00,0.0,0.0
2024-03-26 02:00:00,0.0,0.0
2024-03-26 03:00:00,0.0,0.0
2024-03-26 04:00:00,0.0,0.0
2024-03-26 05:00:00,0.0,0.0
2024-03-26 06:00:00,0.0,0.0
2024-03-26 07:00:00,0.0,0.0
2024-03-26 08:00:00,0.0,0.0
2024-03-26 09:00:00,0.0,0.0
2024-03-26 10:00:00,0.08359205515732829,0.08359205515732829
2024-03-26 11:00:00,0.32019542023572434,0.32019542023572434
2024-03-26 12:00:00,0.7038217196235328,0.7038217196235328
2024-03-26 13:00:00,1.4524512656193667,1.4524512656193667
2024-03-26 14:00:00,1.8312927145199691,1.8312927145199691
2024-03-26 15:00:00,1.9594364507014481,1.9594364507014481
2024-03-26 16:00:00,2.5865458924554288,2.5865458924554288
2024-03-26 17:00:00,2.3121448885065456,2.3121448885065456
2024-03-26 18:00:00,3.133512268686662,3.133512268686662
2024-03-26 19:00:00,2.657181966918031,2.657181966918031
2024-03-26 20:00:00,3.4926979749963523,3.4926979749963523
2024-03-26 21:00:00,2.369099521820848,2.369099521820848
2024-03-26 22:00:00,0.0,0.0
2024-03-26 23:00:00,0.0,0.0
2024-03-27 00:00:00,0.0,0.0
2024-03-27 01:00:00,0.0,0.0
2024-03-27 02:00:00,0.0,0.0
2024-03-27 03:00:00,0.0,0.0
2024-03-27 04:00:00,0.0,0.0
2024-03-27 05:00:00,0.0,0.0
2024-03-27 06:00:00,0.0,0.0
2024-03-27 07:00:00,0.0,0.0
2024-03-27 08:00:00,0.0,0.0
2024-03-27 09:00:00,0.0,0.0
2024-03-27 10:00:00,0.0929665422194563,0.0929665422194563
2024-03-27 11:00:00,0.39696408391632515,0.39696408391632515
2024-03-27 12:00:00,0.8159035047223624,0.8159035047223624
2024-03-27 13:00:00,1.3943148016916593,1.3943148016916593
2024-03-27 14:00:00,2.278274030624362,2.278274030624362
2024-03-27 15:00:00,2.353608786215933,2.353608786215933
2024-03-27 16:00:00,2.836118033299159,2.836118033299159
2024-03-27 17:00:00,2.934356419111489,2.934356419111489
2024-03-27 18:00:00,3.0695825087097854,3.0695825087097854
2024-03-27 19:00:00,3.150494800330484,3.150494800330484
2024-03-27 20:00:00,3.679462762832603,3.679462762832603
2024-03-27 21:00:00,3.6095075083803563,3.6095075083803563
2024-03-27 22:00:00,0.0,0.0
2024-03-27 23:00:00,0.0,0.0
2024-03-28 00:00:00,0.0,0.0
2024-03-28 01:00:00,0.0,0.0
2024-03-28 02:00:00,0.0,0.0
2024-03-28 03:00:00,0.0,0.0
2024-03-28 04:00:00,0.0,0.0
2024-03-28 05:00:00,0.0,0.0
2024-03-28 06:00:00,0.0,0.0
2024-03-28 07:00:00,0.0,0.0
2024-03-28 08:00:00,0.0,0.0
2024-03-28 09:00:00,0.0,0.0
2024-03-28 10:00:00,0.07814182439610262,0.07814182439610262
2024-03-28 11:00:00,0.3534863936513257,0.3534863936513257
2024-03-28 12:00:00,0.7811329269882306,0.7811329269882306
2024-03-28 13:00:00,1.4590127609115284,1.4590127609115284
2024-03-28 14:00:00,2.0323264814891306,2.0323264814891306
2024-03-28 15:00:00,1.8950768386739223,1.8950768386739223
2024-03-28 16:00:00,2.2719227021442383,2.2719227021442383
2024-03-28 17:00:00,2.7494641406552773,2.7494641406552773
2024-03-28 18:00:00,2.9253282912434586,2.9253282912434586
2024-03-28 19:00:00,3.1258528967505756,3.1258528967505756
2024-03-28 20:00:00,3.4931897865155324,3.4931897865155324
2024-03-28 21:00:00,3.1109712298588823,3.1109712298588823
2024-03-28 22:00:00,0.0,0.0
2024-03-28 23:00:00,0.0,0.0
2024-03-29 00:00:00,0.0,0.0
2024-03-29 01:00:00,0.0,0.0
2024-03-29 02:00:00,0.0,0.0
2024-03-29 03:00:00,0.0,0.0
2024-03-29 04:00:00,0.0,0.0
2024-03-29 05:00:00,0.0,0.0
2024-03-29 06:00:00,0.0,0.0
2024-03-29 07:00:00,0.0,0.0
2024-03-29 08:00:00,0.0,0.0
2024-03-29 09:00:00,0.0,0.0
2024-03-29 10:00:00,0.1127380891167808,0.1127380891167808
2024-03-29 11:00:00,0.4045457815965563,0.4045457815965563
2024-03-29 12:00:00,0.8527442837246154,0.8527442837246154
2024-03-29 13:00:00,1.442351813640411,1.442351813640411
2024-03-29 14:00:00,1.7820863336200914,1.7820863336200914
2024-03-29 15:00:00,2.5859675453344066,2.5859675453344066
2024-03-29 16:00:00,2.893155577955633,2.893155577955633
2024-03-29 17:00:00,3.194854153296568,3.194854153296568
2024-03-29 18:00:00,3.382018132287978,3.382018132287978
2024-03-29 19:00:00,2.884438209752861,2.884438209752861
2024-03-29 20:00:00,3.3637502720405927,3.3637502720405927
2024-03-29 21:00:00,2.978434710790849,2.978434710790849
2024-03-29 22:00:00,0.0,0.0
2024-03-29 23:00:00,0.0,0.0
2024-03-30 00:00:00,0.0,0.0
2024-03-30 01:00:00,0.0,0.0
2024-03-30 02:00:00,0.0,0.0
2024-03-30 03:00:00,0.0,0.0
2024-03-30 04:00:00,0.0,0.0
2024-03-30 05:00:00,0.0,0.0
2024-03-30 06:00:00,0.0,0.0
2024-03-30 07:00:00,0.0,0.0
2024-03-30 08:00:00,0.0,0.0
2024-03-30 09:00:00,0.0,0.0
2024-03-30 10:00:00,0.06524376311153385,0.06524376311153385
2024-03-30 11:00:00,0.25925050528863486,0.25925050528863486
2024-03-30 12:00:00,0.576923919377018,0.576923919377018
2024-03-30 13:00:00,1.0328681847591872,1.0328681847591872
2024-03-30 14:00:00,1.318554537399079,1.318554537399079
2024-03-30 15:00:00,1.4884419465121215,1.4884419465121215
2024-03-30 16:00:00,1.7524168394684136,1.7524168394684136
2024-03-30 17:00:00,1.8128586523984571,1.8128586523984571
2024-03-30 18:00:00,1.9820227208111652,1.9820227208111652
2024-03-30 19:00:00,1.9373688962758908,1.9373688962758908
2024-03-30 20:00:00,1.9053273720775692,1.9053273720775692
2024-03-30 21:00:00,2.0807560055930248,2.0807560055930248
2024-03-30 22:00:00,0.0,0.0
2024-03-30 23:00:00,0.0,0.0
2024-03-31 00:00:00,0.0,0.0
2024-03-31 01:00:00,0.0,0.0
2024-03-31 02:00:00,0.0,0.0
2024-03-31 03:00:00,0.0,0.0
2024-03-31 04:00:00,0.0,0.0
2024-03-31 05:00:00,0.0,0.0
2024-03-31 06:00:00,0.0,0.0
2024-03-31 07:00:00,0.0,0.0
2024-03-31 08:00:00,0.0,0.0
2024-03-31 09:00:00,0.0,0.0
2024-03-31 10:00:00,0.06315874614191287,0.06315874614191287
2024-03-31 11:00:00,0.2879960901670644,0.2879960901670644
2024-03-31 12:00:00,0.5653136195842652,0.5653136195842652
2024-03-31 13:00:00,1.0451373695701829,1.0451373695701829
2024-03-31 14:00:00,1.6033864206898472,1.6033864206898472
2024-03-31 15:00:00,1.536499197464193,1.536499197464193
2024-03-31 16:00:00,1.654595979313236,1.654595979313236
2024-03-31 17:00:00,2.114617963429175,2.114617963429175
2024-03-31 18:00:00,2.2835846093520127,2.2835846093520127
2024-03-31 19:00:00,2.209217765168918,2.209217765168918
2024-03-31 20:00:00,2.109519771552525,2.109519771552525
2024-03-31 21:00:00,2.086714257500875,2.086714257500875
2024-03-31 22:00:00,0.0,0.0
2024-03-31 23:00:00,0.0,0.0
2024-04-01 00:00:00,0.0,0.0
2024-04-01 01:00:00,0.0,0.0
2024-04-01 02:00:00,0.0,0.0
2024-04-01 03:00:00,0.0,0.0
2024-04-01 04:00:00,0.0,0.0
2024-04-01 05:00:00,0.0,0.0
2024-04-01 06:00:00,0.0,0.0
2024-04-01 07:00:00,0.0,0.0
2024-04-01 08:00:00,0.0,0.0
2024-04-01 09:00:00,0.0,0.0
2024-04-01 10:00:00,0.08605840163051828,0.08605840163051828
2024-04-01 11:00:00,0.3734276528420919,0.3734276528420919
2024-04-01 12:00:00,0.680788501089694,0.680788501089694
2024-04-01 13:00:00,1.2032319876640865,1.2032319876640865
2024-04-01 14:00:00,1.9949735076662853,1.9949735076662853
2024-04-01 15:00:00,2.056829121222206,2.056829121222206
2024-04-01 16:00:00,2.840706072705666,2.840706072705666
2024-04-01 17:00:00,2.756546708253275,2.756546708253275
2024-04-01 18:00:00,2.9403161370258233,2.9403161370258233
2024-04-01 19:00:00,2.707315829477358,2.707315829477358
2024-04-01 20:00:00,3.0012322025952303,3.0012322025952303
2024-04-01 21:00:00,2.698529195053286,2.698529195053286
2024-04-01 22:00:00,0.0,0.0
2024-04-01 23:00:00,0.0,0.0
2024-04-02 00:00:00,0.0,0.0
2024-04-02 01:00:00,0.0,0.0
2024-04-02 02:00:00,0.0,0.0
2024-04-02 03:00:00,0.0,0.0
2024-04-02 04:00:00,0.0,0.0
2024-04-02 05:00:00,0.0,0.0
2024-04-02 06:00:00,0.0,0.0
2024-04-02 07:00:00,0.0,0.0
2024-04-02 08:00:00,0.0,0.0
2024-04-02 09:00:00,0.0,0.0
2024-04-02 10:00:00,0.10982090493253388,0.10982090493253388
2024-04-02 11:00:00,0.44349873179014526,0.44349873179014526
2024-04-02 12:00:00,0.7616498750932347,0.7616498750932347
2024-04-02 13:00:00,1.6070766737014524,1.6070766737014524
2024-04-02 14:00:00,2.079090381224874,2.079090381224874
2024-04-02 15:00:00,1.9615844725372755,1.9615844725372755
2024-04-02 16:00:00,2.717508672165436,2.717508672165436
2024-04-02 17:00:00,3.04616466540321,3.04616466540321
2024-04-02 18:00:00,3.0329024910380533,3.0329024910380533
2024-04-02 19:00:00,3.232116157704787,3.232116157704787
2024-04-02 20:00:00,3.2843552327974788,3.2843552327974788
2024-04-02 21:00:00,2.808847477955749,2.808847477955749
2024-04-02 22:00:00,0.0,0.0
2024-04-02 23:00:00,0.0,0.0
2024-04-03 00:00:00,0.0,0.0
2024-04-03 01:00:00,0.0,0.0
2024-04-03 02:00:00,0.0,0.0
2024-04-03 03:00:00,0.0,0.0
2024-04-03 04:00:00,0.0,0.0
2024-04-03 05:00:00,0.0,0.0
2024-04-03 06:00:00,0.0,0.0
2024-04-03 07:00:00,0.0,0.0
2024-04-03 08:00:00,0.0,0.0
2024-04-03 09:00:00,0.0,0.0
2024-04-03 10:00:00,0.11204940611449092,0.11204940611449092
2024-04-03 11:00:00,0.4510818557951243,0.4510818557951243
2024-04-03 12:00:00,0.68882139595537,0.68882139595537
2024-04-03 13:00:00,1.4954512873797359,1.4954512873797359
2024-04-03 14:00:00,2.074913739168621,2.074913739168621
2024-04-03 15:00:00,2.5095563333588697,2.5095563333588697
2024-04-03 16:00:00,2.454279676309971,2.454279676309971
2024-04-03 17:00:00,2.8115685355414968,2.8115685355414968
2024-04-03 18:00:00,3.466133588704325,3.466133588704325
2024-04-03 19:00:00,3.480870678169912,3.480870678169912
2024-04-03 20:00:00,3.5741040291028408,3.5741040291028408
2024-04-03 21:00:00,3.166813784955686,3.166813784955686
2024-04-03 22:00:00,0.0,0.0
2024-04-03 23:00:00,0.0,0.0
2024-04-04 00:00:00,0.0,0.0
2024-04-04 01:00:00,0.0,0.0
2024-04-04 02:00:00,0.0,0.0
2024-04-04 03:00:00,0.0,0.0
2024-04-04 04:00:00,0.0,0.0
2024-04-04 05:00:00,0.0,0.0
2024-04-04 06:00:00,0.0,0.0
2024-04-04 07:00:00,0.0,0.0
2024-04-04 08:00:00,0.0,0.0
2024-04-04 09:00:00,0.0,0.0
2024-04-04 10:00:00,0.10148726002853793,0.10148726002853793
2024-04-04 11:00:00,0.3979149913334171,0.3979149913334171
2024-04-04 12:00:00,0.7006944236730964,0.7006944236730964
2024-04-04 13:00:00,1.4807007556073748,1.4807007556073748
2024-04-04 14:00:00,1.9882414650672438,1.9882414650672438
2024-04-04 15:00:00,2.114004483375754,2.114004483375754
2024-04-04 16:00:00,2.5820247816753428,2.5820247816753428
2024-04-04 17:00:00,2.723835953908848,2.723835953908848
2024-04-04 18:00:00,3.020529136931635,3.020529136931635
2024-04-04 19:00:00,2.674908246861429,2.674908246861429
2024-04-04 20:00:00,3.0109737539356476,3.0109737539356476
2024-04-04 21:00:00,2.945667600499314,2.945667600499314
2024-04-04 22:00:00,0.0,0.0
2024-04-04 23:00:00,0.0,0.0
2024-04-05 00:00:00,0.0,0.0
2024-04-05 01:00:00,0.0,0.0
2024-04-05 02:00:00,0.0,0.0
2024-04-05 03:00:00,0.0,0.0
2024-04-05 04:00:00,0.0,0.0
2024-04-05 05:00:00,0.0,0.0
2024-04-05 06:00:00,0.0,0.0
2024-04-05 07:00:00,0.0,0.0
2024-04-05 08:00:00,0.0,0.0
2024-04-05 09:00:00,0.0,0.0
2024-04-05 10:00:00,0.0893213251529066,0.0893213251529066
2024-04-05 11:00:00,0.4363641058822374,0.4363641058822374
2024-04-05 12:00:00,0.8431439113194966,0.8431439113194966
2024-04-05 13:00:00,1.665448144841308,1.665448144841308
2024-04-05 14:00:00,2.3478520026789047,2.3478520026789047
2024-04-05 15:00:00,2.215815989327242,2.215815989327242
2024-04-05 16:00:00,3.147797631033197,3.147797631033197
2024-04-05 17:00:00,2.8574146555341193,2.8574146555341193
2024-04-05 18:00:00,2.673220774824771,2.673220774824771
2024-04-05 19:00:00,3.0288024290079845,3.0288024290079845
2024-04-05 20:00:00,3.3185437701078637,3.3185437701078637
2024-04-05 21:00:00,3.209562419717765,3.209562419717765
2024-04-05 22:00:00,0.0,0.0
2024-04-05 23:00:00,0.0,0.0
2024-04-06 00:00:00,0.0,0.0
2024-04-06 01:00:00,0.0,0.0
2024-04-06 02:00:00,0.0,0.0
2024-04-06 03:00:00,0.0,0.0
2024-04-06 04:00:00,0.0,0.0
2024-04-06 05:00:00,0.0,0.0
2024-04-06 06:00:00,0.0,0.0
2024-04-06 07:00:00,0.0,0.0
2024-04-06 08:00:00,0.0,0.0
2024-04-06 09:00:00,0.0,0.0
2024-04-06 10:00:00,0.06772728339436501,0.06772728339436501
2024-04-06 11:00:00,0.23333071067555292,0.23333071067555292
2024-04-06 12:00:00,0.4711283849730905,0.4711283849730905
2024-04-06 13:00:00,0.8051408477387293,0.8051408477387293
2024-04-06 14:00:00,1.4754858017478363,1.4754858017478363
2024-04-06 15:00:00,1.4778068583946542,1.4778068583946542
2024-04-06 16:00:00,1.545636584294456,1.545636584294456
2024-04-06 17:00:00,1.8003067390352814,1.8003067390352814
2024-04-06 18:00:00,2.160158857154656,2.160158857154656
2024-04-06 19:00:00,1.784429772163466,1.784429772163466
2024-04-06 20:00:00,2.3388277634662598,2.3388277634662598
2024-04-06 21:00:00,1.765596818137048,1.765596818137048
2024-04-06 22:00:00,0.0,0.0
2024-04-06 23:00:00,0.0,0.0
2024-04-07 00:00:00,0.0,0.0
2024-04-07 01:00:00,0.0,0.0
2024-04-07 02:00:00,0.0,0.0
2024-04-07 03:00:00,0.0,0.0
2024-04-07 04:00:00,0.0,0.0
2024-04-07 05:00:00,0.0,0.0
2024-04-07 06:00:00,0.0,0.0
2024-04-07 07:00:00,0.0,0.0
2024-04-07 08:00:00,0.0,0.0
2024-04-07 09:00:00,0.0,0.0
2024-04-07 10:00:00,0.06219107724201426,0.06219107724201426
2024-04-07 11:00:00,0.24722677630842088,0.24722677630842088
2024-04-07 12:00:00,0.5424061424825988,0.5424061424825988
2024-04-07 13:00:00,1.0158603032853837,1.0158603032853837
2024-04-07 14:00:00,1.3962202737616751,1.3962202737616751
2024-04-07 15:00:00,1.378114267363247,1.378114267363247
2024-04-07 16:00:00,1.8171897846961698,1.8171897846961698
2024-04-07 17:00:00,1.7970739255169925,1.7970739255169925
2024-04-07 18:00:00,1.6527580964918214,1.6527580964918214
2024-04-07 19:00:00,2.0249104722231044,2.0249104722231044
2024-04-07 20:00:00,1.8401939039254869,1.8401939039254869
2024-04-07 21:00:00,1.9106900356848449,1.9106900356848449
2024-04-07 22:00:00,0.0,0.0
2024-04-07 23:00:00,0.0,0.0
2024-04-08 00:00:00,0.0,0.0
2024-04-08 01:00:00,0.0,0.0
2024-04-08 02:00:00,0.0,0.0
2024-04-08 03:00:00,0.0,0.0
2024-04-08 04:00:00,0.0,0.0
2024-04-08 05:00:00,0.0,0.0
2024-04-08 06:00:00,0.0,0.0
2024-04-08 07:00:00,0.0,0.0
2024-04-08 08:00:00,0.0,0.0
2024-04-08 09:00:00,0.0,0.0
2024-04-08 10:00:00,0.10051811185884177,0.10051811185884177
2024-04-08 11:00:00,0.3122380893951648,0.3122380893951648
2024-04-08 12:00:00,0.6020622070476039,0.6020622070476039
2024-04-08 13:00:00,1.2026899444466397,1.2026899444466397
2024-04-08 14:00:00,1.8758963160966435,1.8758963160966435
2024-04-08 15:00:00,2.1716420848903177,2.1716420848903177
2024-04-08 16:00:00,2.429382290593671,2.429382290593671
2024-04-08 17:00:00,2.702619233056499,2.702619233056499
2024-04-08 18:00:00,2.3127141711492127,2.3127141711492127
2024-04-08 19:00:00,2.3724545323887227,2.3724545323887227
2024-04-08 20:00:00,2.6733227899090726,2.6733227899090726
2024-04-08 21:00:00,2.404835417215436,2.404835417215436
2024-04-08 22:00:00,0.0,0.0
2024-04-08 23:00:00,0.0,0.0
2024-04-09 00:00:00,0.0,0.0
2024-04-09 01:00:00,0.0,0.0
2024-04-09 02:00:00,0.0,0.0
2024-04-09 03:00:00,0.0,0.0
2024-04-09 04:00:00,0.0,0.0
2024-04-09 05:00:00,0.0,0.0
2024-04-09 06:00:00,0.0,0.0
2024-04-09 07:00:00,0.0,0.0
2024-04-09 08:00:00,0.0,0.0
2024-04-09 09:00:00,0.0,0.0
2024-04-09 10:00:00,0.08565622428779314,0.08565622428779314
2024-04-09 11:00:00,0.3952623240050198,0.3952623240050198
2024-04-09 12:00:00,0.7249281676410937,0.7249281676410937
2024-04-09 13:00:00,1.4817156728600205,1.4817156728600205
2024-04-09 14:00:00,1.6237909765027267,1.6237909765027267
2024-04-09 15:00:00,1.9456193108281525,1.9456193108281525
2024-04-09 16:00:00,2.0902913939976986,2.0902913939976986
2024-04-09 17:00:00,2.3577437051561034,2.3577437051561034
2024-04-09 18:00:00,2.6379457026073445,2.6379457026073445
2024-04-09 19:00:00,2.3566157181522542,2.3566157181522542
2024-04-09 20:00:00,3.457630113434451,3.457630113434451
2024-04-09 21:00:00,2.643959624810961,2.643959624810961
2024-04-09 22:00:00,0.0,0.0
2024-04-09 23:00:00,0.0,0.0
2024-04-10 00:00:00,0.0,0.0
2024-04-10 01:00:00,0.0,0.0
2024-04-10 02:00:00,0.0,0.0
2024-04-10 03:00:00,0.0,0.0
2024-04-10 04:00:00,0.0,0.0
2024-04-10 05:00:00,0.0,0.0
2024-04-10 06:00:00,0.0,0.0
2024-04-10 07:00:00,0.0,0.0
2024-04-10 08:00:00,0.0,0.0
2024-04-10 09:00:00,0.0,0.0
2024-04-10 10:00:00,0.08139250860424482,0.08139250860424482
2024-04-10 11:00:00,0.37615818105925314,0.37615818105925314
2024-04-10 12:00:00,0.5841158887025022,0.5841158887025022
2024-04-10 13:00:00,1.4149699301030212,1.4149699301030212
2024-04-10 14:00:00,1.5910247988667496,1.5910247988667496
2024-04-10 15:00:00,1.653647011595551,1.653647011595551
2024-04-10 16:00:00,2.048985510530973,2.048985510530973
2024-04-10 17:00:00,2.467182132488792,2.467182132488792
2024-04-10 18:00:00,2.9794030617100735,2.9794030617100735
2024-04-10 19:00:00,2.616218486920706,2.616218486920706
2024-04-10 20:00:00,2.7730152495679334,2.7730152495679334
2024-04-10 21:00:00,2.7138394504495165,2.7138394504495165
2024-04-10 22:00:00,0.0,0.0
2024-04-10 23:00:00,0.0,0.0
2024-04-11 00:00:00,0.0,0.0
2024-04-11 01:00:00,0.0,0.0
2024-04-11 02:00:00,0.0,0.0
2024-04-11 03:00:00,0.0,0.0
2024-04-11 04:00:00,0.0,0.0
2024-04-11 05:00:00,0.0,0.0
2024-04-11 06:00:00,0.0,0.0
2024-04-11 07:00:00,0.0,0.0
2024-04-11 08:00:00,0.0,0.0
2024-04-11 09:00:00,0.0,0.0
2024-04-11 10:00:00,0.11161444347071951,0.11161444347071951
2024-04-11 11:00:00,0.41388561915511507,0.41388561915511507
2024-04-11 12:00:00,0.7721359155365369,0.7721359155365369
2024-04-11 13:00:00,1.7455785029590718,1.7455785029590718
2024-04-11 14:00:00,2.1743557096637893,2.1743557096637893
2024-04-11 15:00:00,2.2238163190914606,2.2238163190914606
2024-04-11 16:00:00,3.1731682165981683,3.1731682165981683
2024-04-11 17:00:00,2.71741303145117,2.71741303145117
2024-04-11 18:00:00,2.894271552582166,2.894271552582166
2024-04-11 19:00:00,2.9180877268142296,2.9180877268142296
2024-04-11 20:00:00,3.1132084575073824,3.1132084575073824
2024-04-11 21:00:00,3.164821216565752,3.164821216565752
2024-04-11 22:00:00,0.0,0.0
2024-04-11 23:00:00,0.0,0.0
2024-04-12 00:00:00,0.0,0.0
2024-04-12 01:00:00,0.0,0.0
2024-04-12 02:00:00,0.0,0.0
2024-04-12 03:00:00,0.0,0.0
2024-04-12 04:00:00,0.0,0.0
2024-04-12 05:00:00,0.0,0.0
2024-04-12 06:00:00,0.0,0.0
2024-04-12 07:00:00,0.0,0.0
2024-04-12 08:00:00,0.0,0.0
2024-04-12 09:00:00,0.0,0.0
2024-04-12 10:00:00,0.09534510327257341,0.09534510327257341
2024-04-12 11:00:00,0.40183575170487557,0.40183575170487557
2024-04-12 12:00:00,0.6249723669160406,0.6249723669160406
2024-04-12 13:00:00,1.4912237148340874,1.4912237148340874
2024-04-12 14:00:00,2.1462121197680912,2.1462121197680912
2024-04-12 15:00:00,2.193320903945905,2.193320903945905
2024-04-12 16:00:00,2.408210999462029,2.408210999462029
2024-04-12 17:00:00,2.38828282626538,2.38828282626538
2024-04-12 18:00:00,2.5239932406500563,2.5239932406500563
2024-04-12 19:00:00,3.0888671322468353,3.0888671322468353
2024-04-12 20:00:00,3.219533526918831,3.219533526918831
2024-04-12 21:00:00,2.7162499069380948,2.7162499069380948
2024-04-12 22:00:00,0.0,0.0
2024-04-12 23:00:00,0.0,0.0
2024-04-13 00:00:00,0.0,0.0
2024-04-13 01:00:00,0.0,0.0
2024-04-13 02:00:00,0.0,0.0
2024-04-13 03:00:00,0.0,0.0
2024-04-13 04:00:00,0.0,0.0
2024-04-13 05:00:00,0.0,0.0
2024-04-13 06:00:00,0.0,0.0
2024-04-13 07:00:00,0.0,0.0
2024-04-13 08:00:00,0.0,0.0
2024-04-13 09:00:00,0.0,0.0
2024-04-13 10:00:00,0.06521699028610663,0.06521699028610663
2024-04-13 11:00:00,0.2729656386397539,0.2729656386397539
2024-04-13 12:00:00,0.4680595929131414,0.4680595929131414
2024-04-13 13:00:00,0.8687914676364952,0.8687914676364952
2024-04-13 14:00:00,1.1604636309168652,1.1604636309168652
2024-04-13 15:00:00,1.3047689452281384,1.3047689452281384
2024-04-13 16:00:00,1.8962216366752147,1.8962216366752147
2024-04-13 17:00:00,1.708751632024592,1.708751632024592
2024-04-13 18:00:00,1.9781343488869814,1.9781343488869814
2024-04-13 19:00:00,2.0227469422601323,2.0227469422601323
2024-04-13 20:00:00,2.2831632983152574,2.2831632983152574
2024-04-13 21:00:00,2.151621180218584,2.151621180218584
2024-04-13 22:00:00,0.0,0.0
2024-04-13 23:00:00,0.0,0.0
2024-04-14 00:00:00,0.0,0.0
2024-04-14 01:00:00,0.0,0.0
2024-04-14 02:00:00,0.0,0.0
2024-04-14 03:00:00,0.0,0.0
2024-04-14 04:00:00,0.0,0.0
2024-04-14 05:00:00,0.0,0.0
2024-04-14 06:00:00,0.0,0.0
2024-04-14 07:00:00,0.0,0.0
2024-04-14 08:00:00,0.0,0.0
2024-04-14 09:00:00,0.0,0.0
2024-04-14 10:00:00,0.0737424917198291,0.0737424917198291
2024-04-14 11:00:00,0.2633630302787628,0.2633630302787628
2024-04-14 12:00:00,0.4841278925813515,0.4841278925813515
2024-04-14 13:00:00,0.8844685394911905,0.8844685394911905
2024-04-14 14:00:00,1.4658920240488686,1.4658920240488686
2024-04-14 15:00:00,1.4723589360274398,1.4723589360274398
2024-04-14 16:00:00,1.8456133766156633,1.8456133766156633
2024-04-14 17:00:00,2.0760635610147378,2.0760635610147378
2024-04-14 18:00:00,1.7114203760291817,1.7114203760291817
2024-04-14 19:00:00,2.0101188880944485,2.0101188880944485
2024-04-14 20:00:00,2.1782929755693172,2.1782929755693172
2024-04-14 21:00:00,2.2169824252692227,2.2169824252692227
2024-04-14 22:00:00,0.0,0.0
2024-04-14 23:00:00,0.0,0.0
2024-04-15 00:00:00,0.0,0.0
2024-04-15 01:00:00,0.0,0.0
2024-04-15 02:00:00,0.0,0.0
2024-04-15 03:00:00,0.0,0.0
2024-04-15 04:00:00,0.0,0.0
2024-04-15 05:00:00,0.0,0.0
2024-04-15 06:00:00,0.0,0.0
2024-04-15 07:00:00,0.0,0.0
2024-04-15 08:00:00,0.0,0.0
2024-04-15 09:00:00,0.0,0.0
2024-04-15 10:00:00,0.100714531617335,0.100714531617335
2024-04-15 11:00:00,0.37554380313140484,0.37554380313140484
2024-04-15 12:00:00,0.7629262324714454,0.7629262324714454
2024-04-15 13:00:00,1.1620015086313402,1.1620015086313402
2024-04-15 14:00:00,2.020376893221301,2.020376893221301
2024-04-15 15:00:00,1.6830181602990635,1.6830181602990635
2024-04-15 16:00:00,2.206392435119571,2.206392435119571
2024-04-15 17:00:00,2.3137237170291463,2.3137237170291463
2024-04-15 18:00:00,2.4424086594003236,2.4424086594003236
2024-04-15 19:00:00,2.803294717634637,2.803294717634637
2024-04-15 20:00:00,2.655384125783296,2.655384125783296
2024-04-15 21:00:00,2.816025880987913,2.816025880987913
2024-04-15 22:00:00,0.0,0.0
2024-04-15 23:00:00,0.0,0.0
2024-04-16 00:00:00,0.0,0.0
2024-04-16 01:00:00,0.0,0.0
2024-04-16 02:00:00,0.0,0.0
2024-04-16 03:00:00,0.0,0.0
2024-04-16 04:00:00,0.0,0.0
2024-04-16 05:00:00,0.0,0.0
2024-04-16 06:00:00,0.0,0.0
2024-04-16 07:00:00,0.0,0.0
2024-04-16 08:00:00,0.0,0.0
2024-04-16 09:00:00,0.0,0.0
2024-04-16 10:00:00,0.08785436806162905,0.08785436806162905
2024-04-16 11:00:00,0.41915966469047566,0.41915966469047566
2024-04-16 12:00:00,0.7122525948043285,0.7122525948043285
2024-04-16 13:00:00,1.586642373141894,1.586642373141894
2024-04-16 14:00:00,1.9786315844745619,1.9786315844745619
2024-04-16 15:00:00,2.0862320886730443,2.0862320886730443
2024-04-16 16:00:00,2.8597054489098865,2.8597054489098865
2024-04-16 17:00:00,2.96299612375865,2.96299612375865
2024-04-16 18:00:00,3.0380305905026206,3.0380305905026206
2024-04-16 19:00:00,2.6427460090608887,2.6427460090608887
2024-04-16 20:00:00,3.3304484363442763,3.3304484363442763
2024-04-16 21:00:00,2.787655638034031,2.787655638034031
2024-04-16 22:00:00,0.0,0.0
2024-04-16 23:00:00,0.0,0.0
2024-04-17 00:00:00,0.0,0.0
2024-04-17 01:00:00,0.0,0.0
2024-04-17 02:00:00,0.0,0.0
2024-04-17 03:00:00,0.0,0.0
2024-04-17 04:00:00,0.0,0.0
2024-04-17 05:00:00,0.0,0.0
2024-04-17 06:00:00,0.0,0.0
2024-04-17 07:00:00,0.0,0.0
2024-04-17 08:00:00,0.0,0.0
2024-04-17 09:00:00,0.0,0.0
2024-04-17 10:00:00,0.10177697390498473,0.10177697390498473
2024-04-17 11:00:00,0.32909539132131904,0.32909539132131904
2024-04-17 12:00:00,0.6968564644690902,0.6968564644690902
2024-04-17 13:00:00,1.4348041680211727,1.4348041680211727
2024-04-17 14:00:00,1.8077458460008389,1.8077458460008389
2024-04-17 15:00:00,1.902703429299438,1.902703429299438
2024-04-17 16:00:00,2.1666470741231074,2.1666470741231074
2024-04-17 17:00:00,2.387772217849607,2.387772217849607
2024-04-17 18:00:00,3.0643637232400267,3.0643637232400267
2024-04-17 19:00:00,3.108136551651324,3.108136551651324
2024-04-17 20:00:00,3.1917824875930902,3.1917824875930902
2024-04-17 21:00:00,2.6502844864510458,2.6502844864510458
2024-04-17 22:00:00,0.0,0.0
2024-04-17 23:00:00,0.0,0.0
2024-04-18 00:00:00,0.0,0.0
2024-04-18 01:00:00,0.0,0.0
2024-04-18 02:00:00,0.0,0.0
2024-04-18 03:00:00,0.0,0.0
2024-04-18 04:00:00,0.0,0.0
2024-04-18 05:00:00,0.0,0.0
2024-04-18 06:00:00,0.0,0.0
2024-04-18 07:00:00,0.0,0.0
2024-04-18 08:00:00,0.0,0.0
2024-04-18 09:00:00,0.0,0.0
2024-04-18 10:00:00,0.1121257568207692,0.1121257568207692
2024-04-18 11:00:00,0.43749266537903386,0.43749266537903386
2024-04-18 12:00:00,0.7765121479341126,0.7765121479341126
2024-04-18 13:00:00,1.5906555295765,1.5906555295765
2024-04-18 14:00:00,1.8121710051820341,1.8121710051820341
2024-04-18 15:00:00,2.2895788416371197,2.2895788416371197
2024-04-18 16:00:00,2.8099261922501184,2.8099261922501184
2024-04-18 17:00:00,2.560232997417633,2.560232997417633
2024-04-18 18:00:00,2.934170107747192,2.934170107747192
2024-04-18 19:00:00,2.8662909289558116,2.8662909289558116
2024-04-18 20:00:00,3.5116333707105256,3.5116333707105256
2024-04-18 21:00:00,2.6852974427026304,2.6852974427026304
2024-04-18 22:00:00,0.0,0.0
2024-04-18 23:00:00,0.0,0.0
2024-04-19 00:00:00,0.0,0.0
2024-04-19 01:00:00,0.0,0.0
2024-04-19 02:00:00,0.0,0.0
2024-04-19 03:00:00,0.0,0.0
2024-04-19 04:00:00,0.0,0.0
2024-04-19 05:00:00,0.0,0.0
2024-04-19 06:00:00,0.0,0.0
2024-04-19 07:00:00,0.0,0.0
2024-04-19 08:00:00,0.0,0.0
2024-04-19 09:00:00,0.0,0.0
2024-04-19 10:00:00,0.09491226508205952,0.09491226508205952
2024-04-19 11:00:00,0.47251335888654167,0.47251335888654167
2024-04-19 12:00:00,0.6806854417522119,0.6806854417522119
2024-04-19 13:00:00,1.3094307487127594,1.3094307487127594
2024-04-19 14:00:00,2.248843476295109,2.248843476295109
2024-04-19 15:00:00,2.069117857605711,2.069117857605711
2024-04-19 16:00:00,2.7348351995260662,2.7348351995260662
2024-04-19 17:00:00,2.5849400731310515,2.5849400731310515
2024-04-19 18:00:00,2.894743592166813,2.894743592166813
2024-04-19 19:00:00,3.0977472860217583,3.0977472860217583
2024-04-19 20:00:00,3.0964759508237085,3.0964759508237085
2024-04-19 21:00:00,3.1667537756552666,3.1667537756552666
2024-04-19 22:00:00,0.0,0.0
2024-04-19 23:00:00,0.0,0.0
2024-04-20 00:00:00,0.0,0.0
2024-04-20 01:00:00,0.0,0.0
2024-04-20 02:00:00,0.0,0.0
2024-04-20 03:00:00,0.0,0.0
2024-04-20 04:00:00,0.0,0.0
2024-04-20 05:00:00,0.0,0.0
2024-04-20 06:00:00,0.0,0.0
2024-04-20 07:00:00,0.0,0.0
2024-04-20 08:00:00,0.0,0.0
2024-04-20 09:00:00,0.0,0.0
2024-04-20 10:00:00,0.07686036952395077,0.07686036952395077
2024-04-20 11:00:00,0.3124516407947993,0.3124516407947993
2024-04-20 12:00:00,0.5591498781647332,0.5591498781647332
2024-04-20 13:00:00,1.0031398240555591,1.0031398240555591
2024-04-20 14:00:00,1.5562854830887822,1.5562854830887822
2024-04-20 15:00:00,1.7515392480539234,1.7515392480539234
2024-04-20 16:00:00,2.0956742625881537,2.0956742625881537
2024-04-20 17:00:00,2.127467450388055,2.127467450388055
2024-04-20 18:00:00,2.4388091570835124,2.4388091570835124
2024-04-20 19:00:00,1.8589640934995162,1.8589640934995162
2024-04-20 20:00:00,2.470537558105811,2.470537558105811
2024-04-20 21:00:00,1.85128387055675,1.85128387055675
2024-04-20 22:00:00,0.0,0.0
2024-04-20 23:00:00,0.0,0.0
2024-04-21 00:00:00,0.0,0.0
2024-04-21 01:00:00,0.0,0.0
2024-04-21 02:00:00,0.0,0.0
2024-04-21 03:00:00,0.0,0.0
2024-04-21 04:00:00,0.0,0.0
2024-04-21 05:00:00,0.0,0.0
2024-04-21 06:00:00,0.0,0.0
2024-04-21 07:00:00,0.0,0.0
2024-04-21 08:00:00,0.0,0.0
2024-04-21 09:00:00,0.0,0.0
2024-04-21 10:00:00,0.06072747994722442,0.06072747994722442
2024-04-21 11:00:00,0.25452215525987254,0.25452215525987254
2024-04-21 12:00:00,0.47667482300180014,0.47667482300180014
2024-04-21 13:00:00,1.0382315775054958,1.0382315775054958
2024-04-21 14:00:00,1.5132751547911911,1.5132751547911911
2024-04-21 15:00:00,1.520372148119416,1.520372148119416
2024-04-21 16:00:00,1.9217219980507263,1.9217219980507263
2024-04-21 17:00:00,1.6768377865017257,1.6768377865017257
2024-04-21 18:00:00,2.027540515951081,2.027540515951081
2024-04-21 19:00:00,2.0449305033818965,2.0449305033818965
2024-04-21 20:00:00,2.243211198459187,2.243211198459187
2024-04-21 21:00:00,2.2799405191170714,2.2799405191170714
2024-04-21 22:00:00,0.0,0.0
2024-04-21 23:00:00,0.0,0.0
2024-04-22 00:00:00,0.0,0.0
2024-04-22 01:00:00,0.0,0.0
2024-04-22 02:00:00,0.0,0.0
2024-04-22 03:00:00,0.0,0.0
2024-04-22 04:00:00,0.0,0.0
2024-04-22 05:00:00,0.0,0.0
2024-04-22 06:00:00,0.0,0.0
2024-04-22 07:00:00,0.0,0.0
2024-04-22 08:00:00,0.0,0.0
2024-04-22 09:00:00,0.0,0.0
2024-04-22 10:00:00,0.0958228213066755,0.0958228213066755
2024-04-22 11:00:00,0.35400255488478577,0.35400255488478577
2024-04-22 12:00:00,0.6872137502509847,0.6872137502509847
2024-04-22 13:00:00,1.2713026268460956,1.2713026268460956
2024-04-22 14:00:00,2.0603030093470465,2.0603030093470465
2024-04-22 15:00:00,2.2884421743447443,2.2884421743447443
2024-04-22 16:00:00,2.5835530744468946,2.5835530744468946
2024-04-22 17:00:00,2.66726683908778,2.66726683908778
2024-04-22 18:00:00,3.2988935925396152,3.2988935925396152
2024-04-22 19:00:00,2.5839332100834427,2.5839332100834427
2024-04-22 20:00:00,3.1608419361721944,3.1608419361721944
2024-04-22 21:00:00,3.2028678540592668,3.2028678540592668
2024-04-22 22:00:00,0.0,0.0
2024-04-22 23:00:00,0.0,0.0
2024-04-23 00:00:00,0.0,0.0
2024-04-23 01:00:00,0.0,0.0
2024-04-23 02:00:00,0.0,0.0
2024-04-23 03:00:00,0.0,0.0
2024-04-23 04:00:00,0.0,0.0
2024-04-23 05:00:00,0.0,0.0
2024-04-23 06:00:00,0.0,0.0
2024-04-23 07:00:00,0.0,0.0
2024-04-23 08:00:00,0.0,0.0
2024-04-23 09:00:00,0.0,0.0
2024-04-23 10:00:00,0.09768130156161849,0.09768130156161849
2024-04-23 11:00:00,0.40517519823028386,0.40517519823028386
2024-04-23 12:00:00,0.6819607990116828,0.6819607990116828
2024-04-23 13:00:00,1.3562477468925298,1.3562477468925298
2024-04-23 14:00:00,2.177556862667698,2.177556862667698
2024-04-23 15:00:00,2.4128232558642653,2.4128232558642653
2024-04-23 16:00:00,2.4586037578529356,2.4586037578529356
2024-04-23 17:00:00,2.5646026488712184,2.5646026488712184
2024-04-23 18:00:00,3.457044659046443,3.457044659046443
2024-04-23 19:00:00,2.7739096104486007,2.7739096104486007
2024-04-23 20:00:00,2.9750910574534686,2.9750910574534686
2024-04-23 21:00:00,3.1838928712171786,3.1838928712171786
2024-04-23 22:00:00,0.0,0.0
2024-04-23 23:00:00,0.0,0.0
2024-04-24 00:00:00,0.0,0.0
2024-04-24 01:00:00,0.0,0.0
2024-04-24 02:00:00,0.0,0.0
2024-04-24 03:00:00,0.0,0.0
2024-04-24 04:00:00,0.0,0.0
2024-04-24 05:00:00,0.0,0.0
2024-04-24 06:00:00,0.0,0.0
2024-04-24 07:00:00,0.0,0.0
2024-04-24 08:00:00,0.0,0.0
2024-04-24 09:00:00,0.0,0.0
2024-04-24 10:00:00,0.11562715678369541,0.11562715678369541
2024-04-24 11:00:00,0.4085569690834999,0.4085569690834999
2024-04-24 12:00:00,0.7054929076110659,0.7054929076110659
2024-04-24 13:00:00,1.7070015043093614,1.7070015043093614
2024-04-24 14:00:00,2.073723077773663,2.073723077773663
2024-04-24 15:00:00,1.9754671537694637,1.9754671537694637
2024-04-24 16:00:00,2.9260976263262104,2.9260976263262104
2024-04-24 17:00:00,2.487824655078906,2.487824655078906
2024-04-24 18:00:00,3.010433718355159,3.010433718355159
2024-04-24 19:00:00,2.8685366306412714,2.8685366306412714
2024-04-24 20:00:00,3.1239205779672083,3.1239205779672083
2024-04-24 21:00:00,2.9094704465453587,2.9094704465453587
2024-04-24 22:00:00,0.0,0.0
2024-04-24 23:00:00,0.0,0.0
2024-04-25 00:00:00,0.0,0.0
2024-04-25 01:00:00,0.0,0.0
2024-04-25 02:00:00,0.0,0.0
2024-04-25 03:00:00,0.0,0.0
2024-04-25 04:00:00,0.0,0.0
2024-04-25 05:00:00,0.0,0.0
2024-04-25 06:00:00,0.0,0.0
2024-04-25 07:00:00,0.0,0.0
2024-04-25 08:00:00,0.0,0.0
2024-04-25 09:00:00,0.0,0.0
2024-04-25 10:00:00,0.08369664529125796,0.08369664529125796
2024-04-25 11:00:00,0.3245415091750246,0.3245415091750246
2024-04-25 12:00:00,0.6489008214106436,0.6489008214106436
2024-04-25 13:00:00,1.1251314562841748,1.1251314562841748
2024-04-25 14:00:00,2.0423956906074525,2.0423956906074525
2024-04-25 15:00:00,1.8703259251961613,1.8703259251961613
2024-04-25 16:00:00,2.288914890415934,2.288914890415934
2024-04-25 17:00:00,2.361820292079721,2.361820292079721
2024-04-25 18:00:00,3.0271976750441674,3.0271976750441674
2024-04-25 19:00:00,2.5171447310167903,2.5171447310167903
2024-04-25 20:00:00,3.0708379092698106,3.0708379092698106
2024-04-25 21:00:00,2.9426096562776816,2.9426096562776816
2024-04-25 22:00:00,0.0,0.0
2024-04-25 23:00:00,0.0,0.0
2024-04-26 00:00:00,0.0,0.0
2024-04-26 01:00:00,0.0,0.0
2024-04-26 02:00:00,0.0,0.0
2024-04-26 03:00:00,0.0,0.0
2024-04-26 04:00:00,0.0,0.0
2024-04-26 05:00:00,0.0,0.0
2024-04-26 06:00:00,0.0,0.0
2024-04-26 07:00:00,0.0,0.0
2024-04-26 08:00:00,0.0,0.0
2024-04-26 09:00:00,0.0,0.0
2024-04-26 10:00:00,0.10152967593488973,0.10152967593488973
2024-04-26 11:00:00,0.3405903044428325,0.3405903044428325
2024-04-26 12:00:00,0.5981371381978808,0.5981371381978808
2024-04-26 13:00:00,1.4858672300318556,1.4858672300318556
2024-04-26 14:00:00,2.0063101946160935,2.0063101946160935
2024-04-26 15:00:00,2.0661895053505663,2.0661895053505663
2024-04-26 16:00:00,2.119631678580641,2.119631678580641
2024-04-26 17:00:00,2.7728586177363153,2.7728586177363153
2024-04-26 18:00:00,2.93826084215284,2.93826084215284
2024-04-26 19:00:00,2.7746332513071126,2.7746332513071126
2024-04-26 20:00:00,3.4227910980072576,3.4227910980072576
2024-04-26 21:00:00,3.2025795642021917,3.2025795642021917
2024-04-26 22:00:00,0.0,0.0
2024-04-26 23:00:00,0.0,0.0
2024-04-27 00:00:00,0.0,0.0
2024-04-27 01:00:00,0.0,0.0
2024-04-27 02:00:00,0.0,0.0
2024-04-27 03:00:00,0.0,0.0
2024-04-27 04:00:00,0.0,0.0
2024-04-27 05:00:00,0.0,0.0
2024-04-27 06:00:00,0.0,0.0
2024-04-27 07:00:00,0.0,0.0
2024-04-27 08:00:00,0.0,0.0
2024-04-27 09:00:00,0.0,0.0
2024-04-27 10:00:00,0.06819087898578101,0.06819087898578101
2024-04-27 11:00:00,0.2814801062765571,0.2814801062765571
2024-04-27 12:00:00,0.4095403553977104,0.4095403553977104
2024-04-27 13:00:00,0.9359789376884603,0.9359789376884603
2024-04-27 14:00:00,1.331453345528673,1.331453345528673
2024-04-27 15:00:00,1.5614482824354088,1.5614482824354088
2024-04-27 16:00:00,1.705465199519564,1.705465199519564
2024-04-27 17:00:00,1.691254702321095,1.691254702321095
2024-04-27 18:00:00,1.7014757074608988,1.7014757074608988
2024-04-27 19:00:00,1.6394643610183306,1.6394643610183306
2024-04-27 20:00:00,2.1018571880128363,2.1018571880128363
2024-04-27 21:00:00,1.6591413621319655,1.6591413621319655
2024-04-27 22:00:00,0.0,0.0
2024-04-27 23:00:00,0.0,0.0
2024-04-28 00:00:00,0.0,0.0
2024-04-28 01:00:00,0.0,0.0
2024-04-28 02:00:00,0.0,0.0
2024-04-28 03:00:00,0.0,0.0
2024-04-28 04:00:00,0.0,0.0
2024-04-28 05:00:00,0.0,0.0
2024-04-28 06:00:00,0.0,0.0
2024-04-28 07:00:00,0.0,0.0
2024-04-28 08:00:00,0.0,0.0
2024-04-28 09:00:00,0.0,0.0
2024-04-28 10:00:00,0.06701957239941833,0.06701957239941833
2024-04-28 11:00:00,0.28772746194218013,0.28772746194218013
2024-04-28 12:00:00,0.5431765286762049,0.5431765286762049
2024-04-28 13:00:00,1.0847565594363981,1.0847565594363981
2024-04-28 14:00:00,1.5690364665934402,1.5690364665934402
2024-04-28 15:00:00,1.612317953868393,1.612317953868393
2024-04-28 16:00:00,1.6071620720668076,1.6071620720668076
2024-04-28 17:00:00,1.935551907853895,1.935551907853895
2024-04-28 18:00:00,2.209827829473271,2.209827829473271
2024-04-28 19:00:00,2.3955971621694876,2.3955971621694876
2024-04-28 20:00:00,2.350130251917223,2.350130251917223
2024-04-28 21:00:00,1.923259479322948,1.923259479322948
2024-04-28 22:00:00,0.0,0.0
2024-04-28 23:00:00,0.0,0.0
2024-04-29 00:00:00,0.0,0.0
2024-04-29 01:00:00,0.0,0.0
2024-04-29 02:00:00,0.0,0.0
2024-04-29 03:00:00,0.0,0.0
2024-04-29 04:00:00,0.0,0.0
2024-04-29 05:00:00,0.0,0.0
2024-04-29 06:00:00,0.0,0.0
2024-04-29 07:00:00,0.0,0.0
2024-04-29 08:00:00,0.0,0.0
2024-04-29 09:00:00,0.0,0.0
2024-04-29 10:00:00,0.0958041029084683,0.0958041029084683
2024-04-29 11:00:00,0.3714846647869919,0.3714846647869919
2024-04-29 12:00:00,0.8271627037040843,0.8271627037040843
2024-04-29 13:00:00,1.582855776222824,1.582855776222824
2024-04-29 14:00:00,1.9656812691863672,1.9656812691863672
2024-04-29 15:00:00,2.113498444046849,2.113498444046849
2024-04-29 16:00:00,2.400958677502569,2.400958677502569
2024-04-29 17:00:00,2.9122020363039383,2.9122020363039383
2024-04-29 18:00:00,3.031177442477561,3.031177442477561
2024-04-29 19:00:00,2.8651622981927947,2.8651622981927947
2024-04-29 20:00:00,3.882958756425882,3.882958756425882
2024-04-29 21:00:00,2.8720175413291904,2.8720175413291904
2024-04-29 22:00:00,0.0,0.0
2024-04-29 23:00:00,0.0,0.0
2024-04-30 00:00:00,0.0,0.0
2024-04-30 01:00:00,0.0,0.0
2024-04-30 02:00:00,0.0,0.0
2024-04-30 03:00:00,0.0,0.0
2024-04-30 04:00:00,0.0,0.0
2024-04-30 05:00:00,0.0,0.0
2024-04-30 06:00:00,0.0,0.0
2024-04-30 07:00:00,0.0,0.0
2024-04-30 08:00:00,0.0,0.0
2024-04-30 09:00:00,0.0,0.0
2024-04-30 10:00:00,0.08486864346202459,0.08486864346202459
2024-04-30 11:00:00,0.3252758150061897,0.3252758150061897
2024-04-30 12:00:00,0.6736361407042215,0.6736361407042215
2024-04-30 13:00:00,1.5123672348281914,1.5123672348281914
2024-04-30 14:00:00,1.623491232575994,1.623491232575994
2024-04-30 15:00:00,1.806982680799952,1.806982680799952
2024-04-30 16:00:00,2.500864683467732,2.500864683467732
2024-04-30 17:00:00,2.377505615173894,2.377505615173894
2024-04-30 18:00:00,3.0090934578383304,3.0090934578383304
2024-04-30 19:00:00,3.1117694686275366,3.1117694686275366
2024-04-30 20:00:00,3.029886180489979,3.029886180489979
2024-04-30 21:00:00,2.5450262744080128,2.5450262744080128
2024-04-30 22:00:00,0.0,0.0
2024-04-30 23:00:00,0.0,0.0
2024-05-01 00:00:00,0.0,0.0
2024-05-01 01:00:00,0.0,0.0
2024-05-01 02:00:00,0.0,0.0
2024-05-01 03:00:00,0.0,0.0
2024-05-01 04:00:00,0.0,0.0
2024-05-01 05:00:00,0.0,0.0
2024-05-01 06:00:00,0.0,0.0
2024-05-01 07:00:00,0.0,0.0
2024-05-01 08:00:00,0.0,0.0
2024-05-01 09:00:00,0.0,0.0
2024-05-01 10:00:00,0.09538336347513532,0.09538336347513532
2024-05-01 11:00:00,0.3958524156970999,0.3958524156970999
2024-05-01 12:00:00,0.8165375449969775,0.8165375449969775
2024-05-01 13:00:00,1.5952286192776715,1.5952286192776715
2024-05-01 14:00:00,2.2962037706974376,2.2962037706974376
2024-05-01 15:00:00,2.062729960751939,2.062729960751939
2024-05-01 16:00:00,2.8123895292057233,2.8123895292057233
2024-05-01 17:00:00,2.9332515604275864,2.9332515604275864
2024-05-01 18:00:00,2.7000628751736775,2.7000628751736775
2024-05-01 19:00:00,3.306626755224967,3.306626755224967
2024-05-01 20:00:00,3.303896528626219,3.303896528626219
2024-05-01 21:00:00,2.68976621512444,2.68976621512444
2024-05-01 22:00:00,0.0,0.0
2024-05-01 23:00:00,0.0,0.0
2024-05-02 00:00:00,0.0,0.0
2024-05-02 01:00:00,0.0,0.0
2024-05-02 02:00:00,0.0,0.0
2024-05-02 03:00:00,0.0,0.0
2024-05-02 04:00:00,0.0,0.0
2024-05-02 05:00:00,0.0,0.0
2024-05-02 06:00:00,0.0,0.0
2024-05-02 07:00:00,0.0,0.0
2024-05-02 08:00:00,0.0,0.0
2024-05-02 09:00:00,0.0,0.0
2024-05-02 10:00:00,0.09666381443410836,0.09666381443410836
2024-05-02 11:00:00,0.4114711217637139,0.4114711217637139
2024-05-02 12:00:00,0.8154415933626783,0.8154415933626783
2024-05-02 13:00:00,1.3368329580605596,1.3368329580605596
2024-05-02 14:00:00,2.3010060994048764,2.3010060994048764
2024-05-02 15:00:00,2.4804873368108282,2.4804873368108282
2024-05-02 16:00:00,2.463266300173938,2.463266300173938
2024-05-02 17:00:00,2.9675069875997595,2.9675069875997595
2024-05-02 18:00:00,2.8150668499465445,2.8150668499465445
2024-05-02 19:00:00,3.0184984634143794,3.0184984634143794
2024-05-02 20:00:00,3.8425656860284323,3.8425656860284323
2024-05-02 21:00:00,3.4781657761762586,3.4781657761762586
2024-05-02 22:00:00,0.0,0.0
2024-05-02 23:00:00,0.0,0.0
2024-05-03 00:00:00,0.0,0.0
2024-05-03 01:00:00,0.0,0.0
2024-05-03 02:00:00,0.0,0.0
2024-05-03 03:00:00,0.0,0.0
2024-05-03 04:00:00,0.0,0.0
2024-05-03 05:00:00,0.0,0.0
2024-05-03 06:00:00,0.0,0.0
2024-05-03 07:00:00,0.0,0.0
2024-05-03 08:00:00,0.0,0.0
2024-05-03 09:00:00,0.0,0.0
2024-05-03 10:00:00,0.0814634516461967,0.0814634516461967
2024-05-03 11:00:00,0.3958755577343846,0.3958755577343846
2024-05-03 12:00:00,0.6726751122709115,0.6726751122709115
2024-05-03 13:00:00,1.2010590793052527,1.2010590793052527
2024-05-03 14:00:00,1.9701346302221894,1.9701346302221894
2024-05-03 15:00:00,1.7070352500568797,1.7070352500568797
2024-05-03 16:00:00,2.4631247218953134,2.4631247218953134
2024-05-03 17:00:00,2.2796525509981755,2.2796525509981755
2024-05-03 18:00:00,2.719475093193502,2.719475093193502
2024-05-03 19:00:00,2.4112391524584957,2.4112391524584957
2024-05-03 20:00:00,3.0017961125335875,3.0017961125335875
2024-05-03 21:00:00,2.6726653201918427,2.6726653201918427
2024-05-03 22:00:00,0.0,0.0
2024-05-03 23:00:00,0.0,0.0
2024-05-04 00:00:00,0.0,0.0
2024-05-04 01:00:00,0.0,0.0
2024-05-04 02:00:00,0.0,0.0
2024-05-04 03:00:00,0.0,0.0
2024-05-04 04:00:00,0.0,0.0
2024-05-04 05:00:00,0.0,0.0
2024-05-04 06:00:00,0.0,0.0
2024-05-04 07:00:00,0.0,0.0
2024-05-04 08:00:00,0.0,0.0
2024-05-04 09:00:00,0.0,0.0
2024-05-04 10:00:00,0.06771002530997196,0.06771002530997196
2024-05-04 11:00:00,0.24872844191862947,0.24872844191862947
2024-05-04 12:00:00,0.5219367797856356,0.5219367797856356
2024-05-04 13:00:00,1.0181745190333957,1.0181745190333957
2024-05-04 14:00:00,1.5699196884551088,1.5699196884551088
2024-05-04 15:00:00,1.7330954208005045,1.7330954208005045
2024-05-04 16:00:00,1.9807952397581208,1.9807952397581208
2024-05-04 17:00:00,1.9357856993108444,1.9357856993108444
2024-05-04 18:00:00,2.2477451127522006,2.2477451127522006
2024-05-04 19:00:00,2.041399771424134,2.041399771424134
2024-05-04 20:00:00,2.1823028832425284,2.1823028832425284
2024-05-04 21:00:00,2.416176814673303,2.416176814673303
2024-05-04 22:00:00,0.0,0.0
2024-05-04 23:00:00,0.0,0.0
2024-05-05 00:00:00,0.0,0.0
2024-05-05 01:00:00,0.0,0.0
2024-05-05 02:00:00,0.0,0.0
2024-05-05 03:00:00,0.0,0.0
2024-05-05 04:00:00,0.0,0.0
2024-05-05 05:00:00,0.0,0.0
2024-05-05 06:00:00,0.0,0.0
2024-05-05 07:00:00,0.0,0.0
2024-05-05 08:00:00,0.0,0.0
2024-05-05 09:00:00,0.0,0.0
2024-05-05 10:00:00,0.06620826634698242,0.06620826634698242
2024-05-05 11:00:00,0.23868903009104733,0.23868903009104733
2024-05-05 12:00:00,0.5138899173685596,0.5138899173685596
2024-05-05 13:00:00,1.010608849301004,1.010608849301004
2024-05-05 14:00:00,1.20506501624254,1.20506501624254
2024-05-05 15:00:00,1.6847259343814684,1.6847259343814684
2024-05-05 16:00:00,1.5563099462240337,1.5563099462240337
2024-05-05 17:00:00,2.0400973042801596,2.0400973042801596
2024-05-05 18:00:00,1.8452731131606883,1.8452731131606883
2024-05-05 19:00:00,1.9822172969220069,1.9822172969220069
2024-05-05 20:00:00,2.3956911439518667,2.3956911439518667
2024-05-05 21:00:00,1.8434624932696657,1.8434624932696657
2024-05-05 22:00:00,0.0,0.0
2024-05-05 23:00:00,0.0,0.0
2024-05-06 00:00:00,0.0,0.0
2024-05-06 01:00:00,0.0,0.0
2024-05-06 02:00:00,0.0,0.0
2024-05-06 03:00:00,0.0,0.0
2024-05-06 04:00:00,0.0,0.0
2024-05-06 05:00:00,0.0,0.0
2024-05-06 06:00:00,0.0,0.0
2024-05-06 07:00:00,0.0,0.0
2024-05-06 08:00:00,0.0,0.0
2024-05-06 09:00:00,0.0,0.0
2024-05-06 10:00:00,0.09347030309311041,0.09347030309311041
2024-05-06 11:00:00,0.46535272101794944,0.46535272101794944
2024-05-06 12:00:00,0.7012759397340776,0.7012759397340776
2024-05-06 13:00:00,1.3443302399938846,1.3443302399938846
2024-05-06 14:00:00,2.3621200610461033,2.3621200610461033
2024-05-06 15:00:00,2.504159151783862,2.504159151783862
2024-05-06 16:00:00,2.8407117254534024,2.8407117254534024
2024-05-06 17:00:00,3.3436032111356777,3.3436032111356777
2024-05-06 18:00:00,3.101121778428227,3.101121778428227
2024-05-06 19:00:00,3.4715274916288292,3.4715274916288292
2024-05-06 20:00:00,4.05930168598893,4.05930168598893
2024-05-06 21:00:00,2.8257698586852933,2.8257698586852933
2024-05-06 22:00:00,0.0,0.0
2024-05-06 23:00:00,0.0,0.0
2024-05-07 00:00:00,0.0,0.0
2024-05-07 01:00:00,0.0,0.0
2024-05-07 02:00:00,0.0,0.0
2024-05-07 03:00:00,0.0,0.0
2024-05-07 04:00:00,0.0,0.0
2024-05-07 05:00:00,0.0,0.0
2024-05-07 06:00:00,0.0,0.0
2024-05-07 07:00:00,0.0,0.0
2024-05-07 08:00:00,0.0,0.0
2024-05-07 09:00:00,0.0,0.0
2024-05-07 10:00:00,0.09953656354712685,0.09953656354712685
2024-05-07 11:00:00,0.3851168925412749,0.3851168925412749
2024-05-07 12:00:00,0.6868996497256566,0.6868996497256566
2024-05-07 13:00:00,1.2919604821861603,1.2919604821861603
2024-05-07 14:00:00,1.8587196605129443,1.8587196605129443
2024-05-07 15:00:00,1.9366065962213392,1.9366065962213392
2024-05-07 16:00:00,2.638083871922883,2.638083871922883
2024-05-07 17:00:00,2.4622862447151626,2.4622862447151626
2024-05-07 18:00:00,2.7723499421639506,2.7723499421639506
2024-05-07 19:00:00,2.601000853628433,2.601000853628433
2024-05-07 20:00:00,3.27195427141268,3.27195427141268
2024-05-07 21:00:00,2.7757994973681672,2.7757994973681672
2024-05-07 22:00:00,0.0,0.0
2024-05-07 23:00:00,0.0,0.0
2024-05-08 00:00:00,0.0,0.0
2024-05-08 01:00:00,0.0,0.0
2024-05-08 02:00:00,0.0,0.0
2024-05-08 03:00:00,0.0,0.0
2024-05-08 04:00:00,0.0,0.0
2024-05-08 05:00:00,0.0,0.0
2024-05-08 06:00:00,0.0,0.0
2024-05-08 07:00:00,0.0,0.0
2024-05-08 08:00:00,0.0,0.0
2024-05-08 09:00:00,0.0,0.0
2024-05-08 10:00:00,0.10480316256823195,0.10480316256823195
2024-05-08 11:00:00,0.39638505587547895,0.39638505587547895
2024-05-08 12:00:00,0.7213992725684363,0.7213992725684363
2024-05-08 13:00:00,1.2626761465077805,1.2626761465077805
2024-05-08 14:00:00,1.6280018155155218,1.6280018155155218
2024-05-08 15:00:00,2.111911453233758,2.111911453233758
2024-05-08 16:00:00,2.5004652184453864,2.5004652184453864
2024-05-08 17:00:00,2.3897955537523554,2.3897955537523554
2024-05-08 18:00:00,2.802030567277116,2.802030567277116
2024-05-08 19:00:00,2.4609919337247574,2.4609919337247574
2024-05-08 20:00:00,3.010315543859673,3.010315543859673
2024-05-08 21:00:00,2.867389898178183,2.867389898178183
2024-05-08 22:00:00,0.0,0.0
2024-05-08 23:00:00,0.0,0.0
2024-05-09 00:00:00,0.0,0.0
2024-05-09 01:00:00,0.0,0.0
2024-05-09 02:00:00,0.0,0.0
2024-05-09 03:00:00,0.0,0.0
2024-05-09 04:00:00,0.0,0.0
2024-05-09 05:00:00,0.0,0.0
2024-05-09 06:00:00,0.0,0.0
2024-05-09 07:00:00,0.0,0.0
2024-05-09 08:00:00,0.0,0.0
2024-05-09 09:00:00,0.0,0.0
2024-05-09 10:00:00,0.09692840241999143,0.09692840241999143
2024-05-09 11:00:00,0.3668475219065194,0.3668475219065194
2024-05-09 12:00:00,0.7754058508056797,0.7754058508056797
2024-05-09 13:00:00,1.2312241846593963,1.2312241846593963
2024-05-09 14:00:00,2.0120440214175743,2.0120440214175743
2024-05-09 15:00:00,1.982835106313185,1.982835106313185
2024-05-09 16:00:00,2.575537090671319,2.575537090671319
2024-05-09 17:00:00,2.291844232319534,2.291844232319534
2024-05-09 18:00:00,2.9648833863785646,2.9648833863785646
2024-05-09 19:00:00,3.022666978260569,3.022666978260569
2024-05-09 20:00:00,3.203158207571402,3.203158207571402
2024-05-09 21:00:00,2.9549030178957656,2.9549030178957656
2024-05-09 22:00:00,0.0,0.0
2024-05-09 23:00:00,0.0,0.0
2024-05-10 00:00:00,0.0,0.0
2024-05-10 01:00:00,0.0,0.0
2024-05-10 02:00:00,0.0,0.0
2024-05-10 03:00:00,0.0,0.0
2024-05-10 04:00:00,0.0,0.0
2024-05-10 05:00:00,0.0,0.0
2024-05-10 06:00:00,0.0,0.0
2024-05-10 07:00:00,0.0,0.0
2024-05-10 08:00:00,0.0,0.0
2024-05-10 09:00:00,0.0,0.0
2024-05-10 10:00:00,0.10792221746319107,0.10792221746319107
2024-05-10 11:00:00,0.3549566633620393,0.3549566633620393
2024-05-10 12:00:00,0.8004436689519379,0.8004436689519379
2024-05-10 13:00:00,1.3952940244276624,1.3952940244276624
2024-05-10 14:00:00,1.9342809682832751,1.9342809682832751
2024-05-10 15:00:00,2.4265781901976973,2.4265781901976973
2024-05-10 16:00:00,2.3074101746354945,2.3074101746354945
2024-05-10 17:00:00,3.0672552811038445,3.0672552811038445
2024-05-10 18:00:00,2.80171839271797,2.80171839271797
2024-05-10 19:00:00,3.3215837475510086,3.3215837475510086
2024-05-10 20:00:00,3.14304121066402,3.14304121066402
2024-05-10 21:00:00,2.800263613019181,2.800263613019181
2024-05-10 22:00:00,0.0,0.0
2024-05-10 23:00:00,0.0,0.0
2024-05-11 00:00:00,0.0,0.0
2024-05-11 01:00:00,0.0,0.0
2024-05-11 02:00:00,0.0,0.0
2024-05-11 03:00:00,0.0,0.0
2024-05-11 04:00:00,0.0,0.0
2024-05-11 05:00:00,0.0,0.0
2024-05-11 06:00:00,0.0,0.0
2024-05-11 07:00:00,0.0,0.0
2024-05-11 08:00:00,0.0,0.0
2024-05-11 09:00:00,0.0,0.0
2024-05-11 10:00:00,0.07970304427135386,0.07970304427135386
2024-05-11 11:00:00,0.27785577260333294,0.27785577260333294
2024-05-11 12:00:00,0.43970863749264566,0.43970863749264566
2024-05-11 13:00:00,0.9955249471799551,0.9955249471799551
2024-05-11 14:00:00,1.3199974869443254,1.3199974869443254
2024-05-11 15:00:00,1.540539842100952,1.540539842100952
2024-05-11 16:00:00,2.049322940894783,2.049322940894783
2024-05-11 17:00:00,1.6909505397149307,1.6909505397149307
2024-05-11 18:00:00,1.9574726263223363,1.9574726263223363
2024-05-11 19:00:00,1.840218826350115,1.840218826350115
2024-05-11 20:00:00,2.375175381817652,2.375175381817652
2024-05-11 21:00:00,1.7656988555260655,1.7656988555260655
2024-05-11 22:00:00,0.0,0.0
2024-05-11 23:00:00,0.0,0.0
2024-05-12 00:00:00,0.0,0.0
2024-05-12 01:00:00,0.0,0.0
2024-05-12 02:00:00,0.0,0.0
2024-05-12 03:00:00,0.0,0.0
2024-05-12 04:00:00,0.0,0.0
2024-05-12 05:00:00,0.0,0.0
2024-05-12 06:00:00,0.0,0.0
2024-05-12 07:00:00,0.0,0.0
2024-05-12 08:00:00,0.0,0.0
2024-05-12 09:00:00,0.0,0.0
2024-05-12 10:00:00,0.07998767412861779,0.07998767412861779
2024-05-12 11:00:00,0.2754009642968963,0.2754009642968963
2024-05-12 12:00:00,0.5019682898320305,0.5019682898320305
2024-05-12 13:00:00,1.1039825326141235,1.1039825326141235
2024-05-12 14:00:00,1.28098014414673,1.28098014414673
2024-05-12 15:00:00,1.398447369819796,1.398447369819796
2024-05-12 16:00:00,1.6680574132234478,1.6680574132234478
2024-05-12 17:00:00,2.1102955430062447,2.1102955430062447
2024-05-12 18:00:00,2.3472468642724555,2.3472468642724555
2024-05-12 19:00:00,2.3408886930364803,2.3408886930364803
2024-05-12 20:00:00,2.2977203999629747,2.2977203999629747
2024-05-12 21:00:00,2.220040423564918,2.220040423564918
2024-05-12 22:00:00,0.0,0.0
2024-05-12 23:00:00,0.0,0.0
2024-05-13 00:00:00,0.0,0.0
2024-05-13 01:00:00,0.0,0.0
2024-05-13 02:00:00,0.0,0.0
2024-05-13 03:00:00,0.0,0.0
2024-05-13 04:00:00,0.0,0.0
2024-05-13 05:00:00,0.0,0.0
2024-05-13 06:00:00,0.0,0.0
2024-05-13 07:00:00,0.0,0.0
2024-05-13 08:00:00,0.0,0.0
2024-05-13 09:00:00,0.0,0.0
2024-05-13 10:00:00,0.11457887596760007,0.11457887596760007
2024-05-13 11:00:00,0.3919180361404943,0.3919180361404943
2024-05-13 12:00:00,0.8861376685751122,0.8861376685751122
2024-05-13 13:00:00,1.5270719800436166,1.5270719800436166
2024-05-13 14:00:00,2.3280993325042894,2.3280993325042894
2024-05-13 15:00:00,2.449317516299884,2.449317516299884
2024-05-13 16:00:00,2.6273672151451604,2.6273672151451604
2024-05-13 17:00:00,2.67926794074465,2.67926794074465
2024-05-13 18:00:00,2.7280741701635485,2.7280741701635485
2024-05-13 19:00:00,3.0120538487874855,3.0120538487874855
2024-05-13 20:00:00,3.5428465963629825,3.5428465963629825
2024-05-13 21:00:00,3.5272004022267227,3.5272004022267227
2024-05-13 22:00:00,0.0,0.0
2024-05-13 23:00:00,0.0,0.0
2024-05-14 00:00:00,0.0,0.0
2024-05-14 01:00:00,0.0,0.0
2024-05-14 02:00:00,0.0,0.0
2024-05-14 03:00:00,0.0,0.0
2024-05-14 04:00:00,0.0,0.0
2024-05-14 05:00:00,0.0,0.0
2024-05-14 06:00:00,0.0,0.0
2024-05-14 07:00:00,0.0,0.0
2024-05-14 08:00:00,0.0,0.0
2024-05-14 09:00:00,0.0,0.0
2024-05-14 10:00:00,0.1010573948614343,0.1010573948614343
2024-05-14 11:00:00,0.33655140591793253,0.33655140591793253
2024-05-14 12:00:00,0.6440423609631174,0.6440423609631174
2024-05-14 13:00:00,1.429037242524911,1.429037242524911
2024-05-14 14:00:00,1.7791388627527203,1.7791388627527203
2024-05-14 15:00:00,1.8806292607232162,1.8806292607232162
2024-05-14 16:00:00,2.8763842085780436,2.8763842085780436
2024-05-14 17:00:00,2.563740796150292,2.563740796150292
2024-05-14 18:00:00,2.589288801404633,2.589288801404633
2024-05-14 19:00:00,3.1371035739025124,3.1371035739025124
2024-05-14 20:00:00,3.119994372519205,3.119994372519205
2024-05-14 21:00:00,3.147403863794976,3.147403863794976
2024-05-14 22:00:00,0.0,0.0
2024-05-14 23:00:00,0.0,0.0
2024-05-15 00:00:00,0.0,0.0
2024-05-15 01:00:00,0.0,0.0
2024-05-15 02:00:00,0.0,0.0
2024-05-15 03:00:00,0.0,0.0
2024-05-15 04:00:00,0.0,0.0
2024-05-15 05:00:00,0.0,0.0
2024-05-15 06:00:00,0.0,0.0
2024-05-15 07:00:00,0.0,0.0
2024-05-15 08:00:00,0.0,0.0
2024-05-15 09:00:00,0.0,0.0
2024-05-15 10:00:00,0.08387519165339118,0.08387519165339118
2024-05-15 11:00:00,0.3189770268895879,0.3189770268895879
2024-05-15 12:00:00,0.7266915077256327,0.7266915077256327
2024-05-15 13:00:00,1.4452530325003379,1.4452530325003379
2024-05-15 14:00:00,1.768272090227499,1.768272090227499
2024-05-15 15:00:00,2.1647674288392933,2.1647674288392933
2024-05-15 16:00:00,2.6252890378105023,2.6252890378105023
2024-05-15 17:00:00,2.5846556477685865,2.5846556477685865
2024-05-15 18:00:00,2.818927062453513,2.818927062453513
2024-05-15 19:00:00,3.076764904146805,3.076764904146805
2024-05-15 20:00:00,3.035763708560462,3.035763708560462
2024-05-15 21:00:00,2.381932738936847,2.381932738936847
2024-05-15 22:00:00,0.0,0.0
2024-05-15 23:00:00,0.0,0.0
2024-05-16 00:00:00,0.0,0.0
2024-05-16 01:00:00,0.0,0.0
2024-05-16 02:00:00,0.0,0.0
2024-05-16 03:00:00,0.0,0.0
2024-05-16 04:00:00,0.0,0.0
2024-05-16 05:00:00,0.0,0.0
2024-05-16 06:00:00,0.0,0.0
2024-05-16 07:00:00,0.0,0.0
2024-05-16 08:00:00,0.0,0.0
2024-05-16 09:00:00,0.0,0.0
2024-05-16 10:00:00,0.09755697716502132,0.09755697716502132
2024-05-16 11:00:00,0.4149536990785114,0.4149536990785114
2024-05-16 12:00:00,0.6846213782987606,0.6846213782987606
2024-05-16 13:00:00,1.2479931677698404,1.2479931677698404
2024-05-16 14:00:00,1.7100524581368404,1.7100524581368404
2024-05-16 15:00:00,2.279491089014989,2.279491089014989
2024-05-16 16:00:00,2.8560864622043156,2.8560864622043156
2024-05-16 17:00:00,2.5521698375750503,2.5521698375750503
2024-05-16 18:00:00,3.0447253030715884,3.0447253030715884
2024-05-16 19:00:00,2.713156518684231,2.713156518684231
2024-05-16 20:00:00,3.1803160463264297,3.1803160463264297
2024-05-16 21:00:00,3.146425421057225,3.146425421057225
2024-05-16 22:00:00,0.0,0.0
2024-05-16 23:00:00,0.0,0.0
2024-05-17 00:00:00,0.0,0.0
2024-05-17 01:00:00,0.0,0.0
2024-05-17 02:00:00,0.0,0.0
2024-05-17 03:00:00,0.0,0.0
2024-05-17 04:00:00,0.0,0.0
2024-05-17 05:00:00,0.0,0.0
2024-05-17 06:00:00,0.0,0.0
2024-05-17 07:00:00,0.0,0.0
2024-05-17 08:00:00,0.0,0.0
2024-05-17 09:00:00,0.0,0.0
2024-05-17 10:00:00,0.10487337912659175,0.10487337912659175
2024-05-17 11:00:00,0.3946737703146625,0.3946737703146625
2024-05-17 12:00:00,0.798062593571383,0.798062593571383
2024-05-17 13:00:00,1.7263846181018037,1.7263846181018037
2024-05-17 14:00:00,1.9537662301570498,1.9537662301570498
2024-05-17 15:00:00,2.322729634414437,2.322729634414437
2024-05-17 16:00:00,3.044168630166592,3.044168630166592
2024-05-17 17:00:00,2.5516607775244133,2.5516607775244133
2024-05-17 18:00:00,2.9006805436293974,2.9006805436293974
2024-05-17 19:00:00,3.406575678978551,3.406575678978551
2024-05-17 20:00:00,3.7623530353443106,3.7623530353443106
2024-05-17 21:00:00,3.303728986286527,3.303728986286527
2024-05-17 22:00:00,0.0,0.0
2024-05-17 23:00:00,0.0,0.0
2024-05-18 00:00:00,0.0,0.0
2024-05-18 01:00:00,0.0,0.0
2024-05-18 02:00:00,0.0,0.0
2024-05-18 03:00:00,0.0,0.0
2024-05-18 04:00:00,0.0,0.0
2024-05-18 05:00:00,0.0,0.0
2024-05-18 06:00:00,0.0,0.0
2024-05-18 07:00:00,0.0,0.0
2024-05-18 08:00:00,0.0,0.0
2024-05-18 09:00:00,0.0,0.0
2024-05-18 10:00:00,0.06897822936375764,0.06897822936375764
2024-05-18 11:00:00,0.25240084005727353,0.25240084005727353
2024-05-18 12:00:00,0.4376355925636787,0.4376355925636787
2024-05-18 13:00:00,1.021892638870584,1.021892638870584
2024-05-18 14:00:00,1.1652978727284509,1.1652978727284509
2024-05-18 15:00:00,1.4660256596289645,1.4660256596289645
2024-05-18 16:00:00,1.6398384727230042,1.6398384727230042
2024-05-18 17:00:00,1.6283431813047007,1.6283431813047007
2024-05-18 18:00:00,2.0102555532570823,2.0102555532570823
2024-05-18 19:00:00,2.080297172314056,2.080297172314056
2024-05-18 20:00:00,2.3313779973377966,2.3313779973377966
2024-05-18 21:00:00,2.009711405003034,2.009711405003034
2024-05-18 22:00:00,0.0,0.0
2024-05-18 23:00:00,0.0,0.0
2024-05-19 00:00:00,0.0,0.0
2024-05-19 01:00:00,0.0,0.0
2024-05-19 02:00:00,0.0,0.0
2024-05-19 03:00:00,0.0,0.0
2024-05-19 04:00:00,0.0,0.0
2024-05-19 05:00:00,0.0,0.0
2024-05-19 06:00:00,0.0,0.0
2024-05-19 07:00:00,0.0,0.0
2024-05-19 08:00:00,0.0,0.0
2024-05-19 09:00:00,0.0,0.0
2024-05-19 10:00:00,0.0692113622037112,0.0692113622037112
2024-05-19 11:00:00,0.27983610728204417,0.27983610728204417
2024-05-19 12:00:00,0.533249804630424,0.533249804630424
2024-05-19 13:00:00,0.8901246845237801,0.8901246845237801
2024-05-19 14:00:00,1.3586436831266246,1.3586436831266246
2024-05-19 15:00:00,1.570123082065829,1.570123082065829
2024-05-19 16:00:00,1.5959575461324877,1.5959575461324877
2024-05-19 17:00:00,2.1940177972161434,2.1940177972161434
2024-05-19 18:00:00,2.340864252712881,2.340864252712881
2024-05-19 19:00:00,2.0252977694061167,2.0252977694061167
2024-05-19 20:00:00,2.408085167072867,2.408085167072867
2024-05-19 21:00:00,2.0589365265535298,2.0589365265535298
2024-05-19 22:00:00,0.0,0.0
2024-05-19 23:00:00,0.0,0.0
2024-05-20 00:00:00,0.0,0.0
2024-05-20 01:00:00,0.0,0.0
2024-05-20 02:00:00,0.0,0.0
2024-05-20 03:00:00,0.0,0.0
2024-05-20 04:00:00,0.0,0.0
2024-05-20 05:00:00,0.0,0.0
2024-05-20 06:00:00,0.0,0.0
2024-05-20 07:00:00,0.0,0.0
2024-05-20 08:00:00,0.0,0.0
2024-05-20 09:00:00,0.0,0.0
2024-05-20 10:00:00,0.08573209996756025,0.08573209996756025
2024-05-20 11:00:00,0.3293547352382312,0.3293547352382312
2024-05-20 12:00:00,0.5708690088073288,0.5708690088073288
2024-05-20 13:00:00,1.2994180383415599,1.2994180383415599
2024-05-20 14:00:00,1.7593736643148337,1.7593736643148337
2024-05-20 15:00:00,1.7465309331059906,1.7465309331059906
2024-05-20 16:00:00,2.11789379492061,2.11789379492061
2024-05-20 17:00:00,2.191111850996094,2.191111850996094
2024-05-20 18:00:00,2.295343428688124,2.295343428688124
2024-05-20 19:00:00,2.850925548249655,2.850925548249655
2024-05-20 20:00:00,3.2108072963640577,3.2108072963640577
2024-05-20 21:00:00,2.6146825831910063,2.6146825831910063
2024-05-20 22:00:00,0.0,0.0
2024-05-20 23:00:00,0.0,0.0
2024-05-21 00:00:00,0.0,0.0
2024-05-21 01:00:00,0.0,0.0
2024-05-21 02:00:00,0.0,0.0
2024-05-21 03:00:00,0.0,0.0
2024-05-21 04:00:00,0.0,0.0
2024-05-21 05:00:00,0.0,0.0
2024-05-21 06:00:00,0.0,0.0
2024-05-21 07:00:00,0.0,0.0
2024-05-21 08:00:00,0.0,0.0
2024-05-21 09:00:00,0.0,0.0
2024-05-21 10:00:00,0.10439168094791586,0.10439168094791586
2024-05-21 11:00:00,0.391255002760732,0.391255002760732
2024-05-21 12:00:00,0.6097801998040692,0.6097801998040692
2024-05-21 13:00:00,1.452587184886504,1.452587184886504
2024-05-21 14:00:00,1.8635389509324762,1.8635389509324762
2024-05-21 15:00:00,2.274605917730862,2.274605917730862
2024-05-21 16:00:00,2.1849645734962273,2.1849645734962273
2024-05-21 17:00:00,2.475756729455726,2.475756729455726
2024-05-21 18:00:00,2.470549016938947,2.470549016938947
2024-05-21 19:00:00,3.015470318929713,3.015470318929713
2024-05-21 20:00:00,3.5564952566011536,3.5564952566011536
2024-05-21 21:00:00,2.5838964302209586,2.5838964302209586
2024-05-21 22:00:00,0.0,0.0
2024-05-21 23:00:00,0.0,0.0
2024-05-22 00:00:00,0.0,0.0
2024-05-22 01:00:00,0.0,0.0
2024-05-22 02:00:00,0.0,0.0
2024-05-22 03:00:00,0.0,0.0
2024-05-22 04:00:00,0.0,0.0
2024-05-22 05:00:00,0.0,0.0
2024-05-22 06:00:00,0.0,0.0
2024-05-22 07:00:00,0.0,0.0
2024-05-22 08:00:00,0.0,0.0
2024-05-22 09:00:00,0.0,0.0
2024-05-22 10:00:00,0.08334187006924862,0.08334187006924862
2024-05-22 11:00:00,0.3869951286340659,0.3869951286340659
2024-05-22 12:00:00,0.6672776640176666,0.6672776640176666
2024-05-22 13:00:00,1.2555618922473382,1.2555618922473382
2024-05-22 14:00:00,1.867002854866642,1.867002854866642
2024-05-22 15:00:00,2.2457114335741415,2.2457114335741415
2024-05-22 16:00:00,2.1602620574318028,2.1602620574318028
2024-05-22 17:00:00,2.164883741230237,2.164883741230237
2024-05-22 18:00:00,2.8292050452983677,2.8292050452983677
2024-05-22 19:00:00,3.0188844409550106,3.0188844409550106
2024-05-22 20:00:00,2.565691392713266,2.565691392713266
2024-05-22 21:00:00,2.9455267605810733,2.9455267605810733
2024-05-22 22:00:00,0.0,0.0
2024-05-22 23:00:00,0.0,0.0
2024-05-23 00:00:00,0.0,0.0
2024-05-23 01:00:00,0.0,0.0
2024-05-23 02:00:00,0.0,0.0
2024-05-23 03:00:00,0.0,0.0
2024-05-23 04:00:00,0.0,0.0
2024-05-23 05:00:00,0.0,0.0
2024-05-23 06:00:00,0.0,0.0
2024-05-23 07:00:00,0.0,0.0
2024-05-23 08:00:00,0.0,0.0
2024-05-23 09:00:00,0.0,0.0
2024-05-23 10:00:00,0.08393649394517058,0.08393649394517058
2024-05-23 11:00:00,0.3589264824909788,0.3589264824909788
2024-05-23 12:00:00,0.740963065082017,0.740963065082017
2024-05-23 13:00:00,1.4161424919975545,1.4161424919975545
2024-05-23 14:00:00,2.0598810880510947,2.0598810880510947
2024-05-23 15:00:00,1.7504949971808603,1.7504949971808603
2024-05-23 16:00:00,2.7831028377235767,2.7831028377235767
2024-05-23 17:00:00,2.3863632339243024,2.3863632339243024
2024-05-23 18:00:00,3.018416044512984,3.018416044512984
2024-05-23 19:00:00,3.0128413361139113,3.0128413361139113
2024-05-23 20:00:00,3.1558565457835623,3.1558565457835623
2024-05-23 21:00:00,3.0295863785061248,3.0295863785061248
2024-05-23 22:00:00,0.0,0.0
2024-05-23 23:00:00,0.0,0.0
2024-05-24 00:00:00,0.0,0.0
2024-05-24 01:00:00,0.0,0.0
2024-05-24 02:00:00,0.0,0.0
2024-05-24 03:00:00,0.0,0.0
2024-05-24 04:00:00,0.0,0.0
2024-05-24 05:00:00,0.0,0.0
2024-05-24 06:00:00,0.0,0.0
2024-05-24 07:00:00,0.0,0.0
2024-05-24 08:00:00,0.0,0.0
2024-05-24 09:00:00,0.0,0.0
2024-05-24 10:00:00,0.083471556381441,0.083471556381441
2024-05-24 11:00:00,0.37781337180448554,0.37781337180448554
2024-05-24 12:00:00,0.7678775703863566,0.7678775703863566
2024-05-24 13:00:00,1.5357120366790258,1.5357120366790258
2024-05-24 14:00:00,1.833856573638487,1.833856573638487
2024-05-24 15:00:00,1.9507502575477313,1.9507502575477313
2024-05-24 16:00:00,2.700651595779784,2.700651595779784
2024-05-24 17:00:00,2.8191801051487926,2.8191801051487926
2024-05-24 18:00:00,2.37923263294965,2.37923263294965
2024-05-24 19:00:00,2.7568264486508287,2.7568264486508287
2024-05-24 20:00:00,2.9782035512899103,2.9782035512899103
2024-05-24 21:00:00,2.54718281086666,2.54718281086666
2024-05-24 22:00:00,0.0,0.0
2024-05-24 23:00:00,0.0,0.0
2024-05-25 00:00:00,0.0,0.0
2024-05-25 01:00:00,0.0,0.0
2024-05-25 02:00:00,0.0,0.0
2024-05-25 03:00:00,0.0,0.0
2024-05-25 04:00:00,0.0,0.0
2024-05-25 05:00:00,0.0,0.0
2024-05-25 06:00:00,0.0,0.0
2024-05-25 07:00:00,0.0,0.0
2024-05-25 08:00:00,0.0,0.0
2024-05-25 09:00:00,0.0,0.0
2024-05-25 10:00:00,0.05583883188884958,0.05583883188884958
2024-05-25 11:00:00,0.23555410293622409,0.23555410293622409
2024-05-25 12:00:00,0.44571901978435635,0.44571901978435635
2024-05-25 13:00:00,0.8183011577358266,0.8183011577358266
2024-05-25 14:00:00,1.3590300724964646,1.3590300724964646
2024-05-25 15:00:00,1.478480008121895,1.478480008121895
2024-05-25 16:00:00,1.6163529966875125,1.6163529966875125
2024-05-25 17:00:00,1.9327792972655045,1.9327792972655045
2024-05-25 18:00:00,1.8926875068035536,1.8926875068035536
2024-05-25 19:00:00,1.6578112435846302,1.6578112435846302
2024-05-25 20:00:00,2.057969761128951,2.057969761128951
2024-05-25 21:00:00,2.0980754601377702,2.0980754601377702
2024-05-25 22:00:00,0.0,0.0
2024-05-25 23:00:00,0.0,0.0
2024-05-26 00:00:00,0.0,0.0
2024-05-26 01:00:00,0.0,0.0
2024-05-26 02:00:00,0.0,0.0
2024-05-26 03:00:00,0.0,0.0
2024-05-26 04:00:00,0.0,0.0
2024-05-26 05:00:00,0.0,0.0
2024-05-26 06:00:00,0.0,0.0
2024-05-26 07:00:00,0.0,0.0
2024-05-26 08:00:00,0.0,0.0
2024-05-26 09:00:00,0.0,0.0
2024-05-26 10:00:00,0.06689146963844722,0.06689146963844722
2024-05-26 11:00:00,0.2246136087314845,0.2246136087314845
2024-05-26 12:00:00,0.41553385261936016,0.41553385261936016
2024-05-26 13:00:00,0.9130381018349076,0.9130381018349076
2024-05-26 14:00:00,1.404008405021546,1.404008405021546
2024-05-26 15:00:00,1.626350755186745,1.626350755186745
2024-05-26 16:00:00,1.8679561248262662,1.8679561248262662
2024-05-26 17:00:00,1.7333615774726672,1.7333615774726672
2024-05-26 18:00:00,1.7892663026960534,1.7892663026960534
2024-05-26 19:00:00,1.8783853529046137,1.8783853529046137
2024-05-26 20:00:00,2.4572702917016715,2.4572702917016715
2024-05-26 21:00:00,2.1166184918542705,2.1166184918542705
2024-05-26 22:00:00,0.0,0.0
2024-05-26 23:00:00,0.0,0.0
2024-05-27 00:00:00,0.0,0.0
2024-05-27 01:00:00,0.0,0.0
2024-05-27 02:00:00,0.0,0.0
2024-05-27 03:00:00,0.0,0.0
2024-05-27 04:00:00,0.0,0.0
2024-05-27 05:00:00,0.0,0.0
2024-05-27 06:00:00,0.0,0.0
2024-05-27 07:00:00,0.0,0.0
2024-05-27 08:00:00,0.0,0.0
2024-05-27 09:00:00,0.0,0.0
2024-05-27 10:00:00,0.09761165186928547,0.09761165186928547
2024-05-27 11:00:00,0.4282304691557069,0.4282304691557069
2024-05-27 12:00:00,0.7511018898356348,0.7511018898356348
2024-05-27 13:00:00,1.4077145819069965,1.4077145819069965
2024-05-27 14:00:00,2.0328107133336664,2.0328107133336664
2024-05-27 15:00:00,2.4565407010291644,2.4565407010291644
2024-05-27 16:00:00,2.9783316784104445,2.9783316784104445
2024-05-27 17:00:00,2.7380343492721346,2.7380343492721346
2024-05-27 18:00:00,3.353011518859526,3.353011518859526
2024-05-27 19:00:00,2.690607446069218,2.690607446069218
2024-05-27 20:00:00,3.9200069988718758,3.9200069988718758
2024-05-27 21:00:00,2.7827190527819097,2.7827190527819097
2024-05-27 22:00:00,0.0,0.0
2024-05-27 23:00:00,0.0,0.0
2024-05-28 00:00:00,0.0,0.0
2024-05-28 01:00:00,0.0,0.0
2024-05-28 02:00:00,0.0,0.0
2024-05-28 03:00:00,0.0,0.0
2024-05-28 04:00:00,0.0,0.0
2024-05-28 05:00:00,0.0,0.0
2024-05-28 06:00:00,0.0,0.0
2024-05-28 07:00:00,0.0,0.0
2024-05-28 08:00:00,0.0,0.0
2024-05-28 09:00:00,0.0,0.0
2024-05-28 10:00:00,0.08833595715333453,0.08833595715333453
2024-05-28 11:00:00,0.3891813798361621,0.3891813798361621
2024-05-28 12:00:00,0.7197547092033493,0.7197547092033493
2024-05-28 13:00:00,1.310645355748179,1.310645355748179
2024-05-28 14:00:00,2.107953227185917,2.107953227185917
2024-05-28 15:00:00,2.1264460803762404,2.1264460803762404
2024-05-28 16:00:00,2.5784062810444324,2.5784062810444324
2024-05-28 17:00:00,2.759305577704309,2.759305577704309
2024-05-28 18:00:00,3.056290849291868,3.056290849291868
2024-05-28 19:00:00,3.1006251212923104,3.1006251212923104
2024-05-28 20:00:00,3.4659781604094593,3.4659781604094593
2024-05-28 21:00:00,2.488167198858973,2.488167198858973
2024-05-28 22:00:00,0.0,0.0
2024-05-28 23:00:00,0.0,0.0
2024-05-29 00:00:00,0.0,0.0
2024-05-29 01:00:00,0.0,0.0
2024-05-29 02:00:00,0.0,0.0
2024-05-29 03:00:00,0.0,0.0
2024-05-29 04:00:00,0.0,0.0
2024-05-29 05:00:00,0.0,0.0
2024-05-29 06:00:00,0.0,0.0
2024-05-29 07:00:00,0.0,0.0
2024-05-29 08:00:00,0.0,0.0
2024-05-29 09:00:00,0.0,0.0
2024-05-29 10:00:00,0.10310368023742354,0.10310368023742354
2024-05-29 11:00:00,0.4448663577960562,0.4448663577960562
2024-05-29 12:00:00,0.8155478447627383,0.8155478447627383
2024-05-29 13:00:00,1.4465676671495618,1.4465676671495618
2024-05-29 14:00:00,1.816402347746284,1.816402347746284
2024-05-29 15:00:00,2.070214707936785,2.070214707936785
2024-05-29 16:00:00,2.6660760444293357,2.6660760444293357
2024-05-29 17:00:00,2.9102948451452773,2.9102948451452773
2024-05-29 18:00:00,3.160004771432812,3.160004771432812
2024-05-29 19:00:00,2.587815703079864,2.587815703079864
2024-05-29 20:00:00,3.5772315272363358,3.5772315272363358
2024-05-29 21:00:00,2.694320514017362,2.694320514017362
2024-05-29 22:00:00,0.0,0.0
2024-05-29 23:00:00,0.0,0.0
2024-05-30 00:00:00,0.0,0.0
2024-05-30 01:00:00,0.0,0.0
2024-05-30 02:00:00,0.0,0.0
2024-05-30 03:00:00,0.0,0.0
2024-05-30 04:00:00,0.0,0.0
2024-05-30 05:00:00,0.0,0.0
2024-05-30 06:00:00,0.0,0.0
2024-05-30 07:00:00,0.0,0.0
2024-05-30 08:00:00,0.0,0.0
2024-05-30 09:00:00,0.0,0.0
2024-05-30 10:00:00,0.10634445860479308,0.10634445860479308
2024-05-30 11:00:00,0.44111235490068734,0.44111235490068734
2024-05-30 12:00:00,0.6634390156763668,0.6634390156763668
2024-05-30 13:00:00,1.5534855580742173,1.5534855580742173
2024-05-30 14:00:00,2.2464831975306314,2.2464831975306314
2024-05-30 15:00:00,2.09227554927383,2.09227554927383
2024-05-30 16:00:00,2.457869608772451,2.457869608772451
2024-05-30 17:00:00,2.8335894533431354,2.8335894533431354
2024-05-30 18:00:00,2.8376699309323437,2.8376699309323437
2024-05-30 19:00:00,3.3143047213859984,3.3143047213859984
2024-05-30 20:00:00,2.9560475108511786,2.9560475108511786
2024-05-30 21:00:00,3.3567928910682068,3.3567928910682068
2024-05-30 22:00:00,0.0,0.0
2024-05-30 23:00:00,0.0,0.0
2024-05-31 00:00:00,0.0,0.0
2024-05-31 01:00:00,0.0,0.0
2024-05-31 02:00:00,0.0,0.0
2024-05-31 03:00:00,0.0,0.0
2024-05-31 04:00:00,0.0,0.0
2024-05-31 05:00:00,0.0,0.0
2024-05-31 06:00:00,0.0,0.0
2024-05-31 07:00:00,0.0,0.0
2024-05-31 08:00:00,0.0,0.0
2024-05-31 09:00:00,0.0,0.0
2024-05-31 10:00:00,0.1161149450055116,0.1161149450055116
2024-05-31 11:00:00,0.4228783530951362,0.4228783530951362
2024-05-31 12:00:00,0.6779673333831133,0.6779673333831133
2024-05-31 13:00:00,1.6602685827120358,1.6602685827120358
2024-05-31 14:00:00,2.011151499515373,2.011151499515373
2024-05-31 15:00:00,2.5726372944478912,2.5726372944478912
2024-05-31 16:00:00,2.6084908946445635,2.6084908946445635
2024-05-31 17:00:00,2.704359004594746,2.704359004594746
2024-05-31 18:00:00,2.840672521963821,2.840672521963821
2024-05-31 19:00:00,2.9849137347583303,2.9849137347583303
2024-05-31 20:00:00,3.495433878060478,3.495433878060478
2024-05-31 21:00:00,3.284467823310907,3.284467823310907
2024-05-31 22:00:00,0.0,0.0
2024-05-31 23:00:00,0.0,0.0
2024-06-01 00:00:00,0.0,0.0
2024-06-01 01:00:00,0.0,0.0
2024-06-01 02:00:00,0.0,0.0
2024-06-01 03:00:00,0.0,0.0
2024-06-01 04:00:00,0.0,0.0
2024-06-01 05:00:00,0.0,0.0
2024-06-01 06:00:00,0.0,0.0
2024-06-01 07:00:00,0.0,0.0
2024-06-01 08:00:00,0.0,0.0
2024-06-01 09:00:00,0.0,0.0
2024-06-01 10:00:00,0.06599595567988144,0.06599595567988144
2024-06-01 11:00:00,0.2908218742248919,0.2908218742248919
2024-06-01 12:00:00,0.5420252498351922,0.5420252498351922
2024-06-01 13:00:00,0.9098127207488448,0.9098127207488448
2024-06-01 14:00:00,1.3906073695575303,1.3906073695575303
2024-06-01 15:00:00,1.2346153053567916,1.2346153053567916
2024-06-01 16:00:00,1.7010178356321843,1.7010178356321843
2024-06-01 17:00:00,1.890347380984513,1.890347380984513
2024-06-01 18:00:00,1.9395851705699232,1.9395851705699232
2024-06-01 19:00:00,1.9729000393217888,1.9729000393217888
2024-06-01 20:00:00,1.9222218020654573,1.9222218020654573
2024-06-01 21:00:00,2.1524844659980467,2.1524844659980467
2024-06-01 22:00:00,0.0,0.0
2024-06-01 23:00:00,0.0,0.0
2024-06-02 00:00:00,0.0,0.0
2024-06-02 01:00:00,0.0,0.0
2024-06-02 02:00:00,0.0,0.0
2024-06-02 03:00:00,0.0,0.0
2024-06-02 04:00:00,0.0,0.0
2024-06-02 05:00:00,0.0,0.0
2024-06-02 06:00:00,0.0,0.0
2024-06-02 07:00:00,0.0,0.0
2024-06-02 08:00:00,0.0,0.0
2024-06-02 09:00:00,0.0,0.0
2024-06-02 10:00:00,0.055877899429539996,0.055877899429539996
2024-06-02 11:00:00,0.23471916269289078,0.23471916269289078
2024-06-02 12:00:00,0.4899892170824854,0.4899892170824854
2024-06-02 13:00:00,0.8096092612340174,0.8096092612340174
2024-06-02 14:00:00,1.197717190828618,1.197717190828618
2024-06-02 15:00:00,1.2750830892517981,1.2750830892517981
2024-06-02 16:00:00,1.7342772036666776,1.7342772036666776
2024-06-02 17:00:00,1.7287668686266213,1.7287668686266213
2024-06-02 18:00:00,1.7910329672344516,1.7910329672344516
2024-06-02 19:00:00,1.6698060497797627,1.6698060497797627
2024-06-02 20:00:00,2.0315544143793005,2.0315544143793005
2024-06-02 21:00:00,2.0138284539305324,2.0138284539305324
2024-06-02 22:00:00,0.0,0.0
2024-06-02 23:00:00,0.0,0.0
2024-06-03 00:00:00,0.0,0.0
2024-06-03 01:00:00,0.0,0.0
2024-06-03 02:00:00,0.0,0.0
2024-06-03 03:00:00,0.0,0.0
2024-06-03 04:00:00,0.0,0.0
2024-06-03 05:00:00,0.0,0.0
2024-06-03 06:00:00,0.0,0.0
2024-06-03 07:00:00,0.0,0.0
2024-06-03 08:00:00,0.0,0.0
2024-06-03 09:00:00,0.0,0.0
2024-06-03 10:00:00,0.07900604060501096,0.07900604060501096
2024-06-03 11:00:00,0.32930658866136314,0.32930658866136314
2024-06-03 12:00:00,0.5725929658991705,0.5725929658991705
2024-06-03 13:00:00,1.436076977650838,1.436076977650838
2024-06-03 14:00:00,1.8077524738483297,1.8077524738483297
2024-06-03 15:00:00,1.9952946094485493,1.9952946094485493
2024-06-03 16:00:00,2.211182930456002,2.211182930456002
2024-06-03 17:00:00,2.7824044119321085,2.7824044119321085
2024-06-03 18:00:00,2.3780007019908678,2.3780007019908678
2024-06-03 19:00:00,2.6265808035087126,2.6265808035087126
2024-06-03 20:00:00,2.896131381515638,2.896131381515638
2024-06-03 21:00:00,2.5827006931594565,2.5827006931594565
2024-06-03 22:00:00,0.0,0.0
2024-06-03 23:00:00,0.0,0.0
2024-06-04 00:00:00,0.0,0.0
2024-06-04 01:00:00,0.0,0.0
2024-06-04 02:00:00,0.0,0.0
2024-06-04 03:00:00,0.0,0.0
2024-06-04 04:00:00,0.0,0.0
2024-06-04 05:00:00,0.0,0.0
2024-06-04 06:00:00,0.0,0.0
2024-06-04 07:00:00,0.0,0.0
2024-06-04 08:00:00,0.0,0.0
2024-06-04 09:00:00,0.0,0.0
2024-06-04 10:00:00,0.11484672773430978,0.11484672773430978
2024-06-04 11:00:00,0.4483605703788579,0.4483605703788579
2024-06-04 12:00:00,0.7557014642928087,0.7557014642928087
2024-06-04 13:00:00,1.39120044590505,1.39120044590505
2024-06-04 14:00:00,1.908555133048898,1.908555133048898
2024-06-04 15:00:00,1.9858594439595154,1.9858594439595154
2024-06-04 16:00:00,2.4914612117678736,2.4914612117678736
2024-06-04 17:00:00,2.540571564410277,2.540571564410277
2024-06-04 18:00:00,3.1240195271993687,3.1240195271993687
2024-06-04 19:00:00,2.8393914108494145,2.8393914108494145
2024-06-04 20:00:00,3.6471520701350295,3.6471520701350295
2024-06-04 21:00:00,2.6706198128852714,2.6706198128852714
2024-06-04 22:00:00,0.0,0.0
2024-06-04 23:00:00,0.0,0.0
2024-06-05 00:00:00,0.0,0.0
2024-06-05 01:00:00,0.0,0.0
2024-06-05 02:00:00,0.0,0.0
2024-06-05 03:00:00,0.0,0.0
2024-06-05 04:00:00,0.0,0.0
2024-06-05 05:00:00,0.0,0.0
2024-06-05 06:00:00,0.0,0.0
2024-06-05 07:00:00,0.0,0.0
2024-06-05 08:00:00,0.0,0.0
2024-06-05 09:00:00,0.0,0.0
2024-06-05 10:00:00,0.09475512085800022,0.09475512085800022
2024-06-05 11:00:00,0.41227136872813436,0.41227136872813436
2024-06-05 12:00:00,0.8614339964204479,0.8614339964204479
2024-06-05 13:00:00,1.3340129931651237,1.3340129931651237
2024-06-05 14:00:00,2.1384680692456284,2.1384680692456284
2024-06-05 15:00:00,2.523957485209618,2.523957485209618
2024-06-05 16:00:00,2.760916569907026,2.760916569907026
2024-06-05 17:00:00,2.6653417038160865,2.6653417038160865
2024-06-05 18:00:00,2.9372146415762717,2.9372146415762717
2024-06-05 19:00:00,3.4587627545535575,3.4587627545535575
2024-06-05 20:00:00,3.0804833860371645,3.0804833860371645
2024-06-05 21:00:00,3.53806005995066,3.53806005995066
2024-06-05 22:00:00,0.0,0.0
2024-06-05 23:00:00,0.0,0.0
2024-06-06 00:00:00,0.0,0.0
2024-06-06 01:00:00,0.0,0.0
2024-06-06 02:00:00,0.0,0.0
2024-06-06 03:00:00,0.0,0.0
2024-06-06 04:00:00,0.0,0.0
2024-06-06 05:00:00,0.0,0.0
2024-06-06 06:00:00,0.0,0.0
2024-06-06 07:00:00,0.0,0.0
2024-06-06 08:00:00,0.0,0.0
2024-06-06 09:00:00,0.0,0.0
2024-06-06 10:00:00,0.10698682089985176,0.10698682089985176
2024-06-06 11:00:00,0.4129294595512537,0.4129294595512537
2024-06-06 12:00:00,0.6862024570398942,0.6862024570398942
2024-06-06 13:00:00,1.7355327200166029,1.7355327200166029
2024-06-06 14:00:00,2.187664138892122,2.187664138892122
2024-06-06 15:00:00,2.1444223489439405,2.1444223489439405
2024-06-06 16:00:00,2.7133216837269694,2.7133216837269694
2024-06-06 17:00:00,2.6113151666989873,2.6113151666989873
2024-06-06 18:00:00,3.1723312442411777,3.1723312442411777
2024-06-06 19:00:00,3.6713860621586805,3.6713860621586805
2024-06-06 20:00:00,3.524558195615933,3.524558195615933
2024-06-06 21:00:00,3.0029546451064864,3.0029546451064864
2024-06-06 22:00:00,0.0,0.0
2024-06-06 23:00:00,0.0,0.0
2024-06-07 00:00:00,0.0,0.0
2024-06-07 01:00:00,0.0,0.0
2024-06-07 02:00:00,0.0,0.0
2024-06-07 03:00:00,0.0,0.0
2024-06-07 04:00:00,0.0,0.0
2024-06-07 05:00:00,0.0,0.0
2024-06-07 06:00:00,0.0,0.0
2024-06-07 07:00:00,0.0,0.0
2024-06-07 08:00:00,0.0,0.0
2024-06-07 09:00:00,0.0,0.0
2024-06-07 10:00:00,0.1065633425569302,0.1065633425569302
2024-06-07 11:00:00,0.34188538803019664,0.34188538803019664
2024-06-07 12:00:00,0.689235444870635,0.689235444870635
2024-06-07 13:00:00,1.4729141076068715,1.4729141076068715
2024-06-07 14:00:00,1.9775173869244742,1.9775173869244742
2024-06-07 15:00:00,2.0054982743168246,2.0054982743168246
2024-06-07 16:00:00,2.4638820728382385,2.4638820728382385
2024-06-07 17:00:00,2.91978311667488,2.91978311667488
2024-06-07 18:00:00,3.1424441106414895,3.1424441106414895
2024-06-07 19:00:00,2.681673440367109,2.681673440367109
2024-06-07 20:00:00,3.0793309758722813,3.0793309758722813
2024-06-07 21:00:00,3.1214122680658427,3.1214122680658427
2024-06-07 22:00:00,0.0,0.0
2024-06-07 23:00:00,0.0,0.0
2024-06-08 00:00:00,0.0,0.0
2024-06-08 01:00:00,0.0,0.0
2024-06-08 02:00:00,0.0,0.0
2024-06-08 03:00:00,0.0,0.0
2024-06-08 04:00:00,0.0,0.0
2024-06-08 05:00:00,0.0,0.0
2024-06-08 06:00:00,0.0,0.0
2024-06-08 07:00:00,0.0,0.0
2024-06-08 08:00:00,0.0,0.0
2024-06-08 09:00:00,0.0,0.0
2024-06-08 10:00:00,0.06094633614581934,0.06094633614581934
2024-06-08 11:00:00,0.2519273834997299,0.2519273834997299
2024-06-08 12:00:00,0.41346656757718137,0.41346656757718137
2024-06-08 13:00:00,0.9440257522193078,0.9440257522193078
2024-06-08 14:00:00,1.2275671576066296,1.2275671576066296
2024-06-08 15:00:00,1.3942631543747306,1.3942631543747306
2024-06-08 16:00:00,1.5707445756667053,1.5707445756667053
2024-06-08 17:00:00,1.5556100381544602,1.5556100381544602
2024-06-08 18:00:00,1.7801619705703395,1.7801619705703395
2024-06-08 19:00:00,1.920711170338399,1.920711170338399
2024-06-08 20:00:00,2.0201471086459497,2.0201471086459497
2024-06-08 21:00:00,2.0061318300004354,2.0061318300004354
2024-06-08 22:00:00,0.0,0.0
2024-06-08 23:00:00,0.0,0.0
2024-06-09 00:00:00,0.0,0.0
2024-06-09 01:00:00,0.0,0.0
2024-06-09 02:00:00,0.0,0.0
2024-06-09 03:00:00,0.0,0.0
2024-06-09 04:00:00,0.0,0.0
2024-06-09 05:00:00,0.0,0.0
2024-06-09 06:00:00,0.0,0.0
2024-06-09 07:00:00,0.0,0.0
2024-06-09 08:00:00,0.0,0.0
2024-06-09 09:00:00,0.0,0.0
2024-06-09 10:00:00,0.061382265750124704,0.061382265750124704
2024-06-09 11:00:00,0.23216302754377208,0.23216302754377208
2024-06-09 12:00:00,0.4724233683316617,0.4724233683316617
2024-06-09 13:00:00,0.9130751688231232,0.9130751688231232
2024-06-09 14:00:00,1.2271076199148014,1.2271076199148014
2024-06-09 15:00:00,1.3410706939839678,1.3410706939839678
2024-06-09 16:00:00,1.9746782239349785,1.9746782239349785
2024-06-09 17:00:00,1.964671595925039,1.964671595925039
2024-06-09 18:00:00,1.7507720283945873,1.7507720283945873
2024-06-09 19:00:00,2.0472795352003224,2.0472795352003224
2024-06-09 20:00:00,2.264031112239151,2.264031112239151
2024-06-09 21:00:00,2.1090773790419126,2.1090773790419126
2024-06-09 22:00:00,0.0,0.0
2024-06-09 23:00:00,0.0,0.0
2024-06-10 00:00:00,0.0,0.0
2024-06-10 01:00:00,0.0,0.0
2024-06-10 02:00:00,0.0,0.0
2024-06-10 03:00:00,0.0,0.0
2024-06-10 04:00:00,0.0,0.0
2024-06-10 05:00:00,0.0,0.0
2024-06-10 06:00:00,0.0,0.0
2024-06-10 07:00:00,0.0,0.0
2024-06-10 08:00:00,0.0,0.0
2024-06-10 09:00:00,0.0,0.0
2024-06-10 10:00:00,0.08910323483415032,0.08910323483415032
2024-06-10 11:00:00,0.40947913319624446,0.40947913319624446
2024-06-10 12:00:00,0.7882371880987691,0.7882371880987691
2024-06-10 13:00:00,1.3211421802930627,1.3211421802930627
2024-06-10 14:00:00,1.8075625348757989,1.8075625348757989
2024-06-10 15:00:00,2.263839398853695,2.263839398853695
2024-06-10 16:00:00,2.7134227364315926,2.7134227364315926
2024-06-10 17:00:00,2.1977248369166245,2.1977248369166245
2024-06-10 18:00:00,2.6144480138123223,2.6144480138123223
2024-06-10 19:00:00,3.1813887416350752,3.1813887416350752
2024-06-10 20:00:00,3.2940078963699286,3.2940078963699286
2024-06-10 21:00:00,2.517893555280783,2.517893555280783
2024-06-10 22:00:00,0.0,0.0
2024-06-10 23:00:00,0.0,0.0
2024-06-11 00:00:00,0.0,0.0
2024-06-11 01:00:00,0.0,0.0
2024-06-11 02:00:00,0.0,0.0
2024-06-11 03:00:00,0.0,0.0
2024-06-11 04:00:00,0.0,0.0
2024-06-11 05:00:00,0.0,0.0
2024-06-11 06:00:00,0.0,0.0
2024-06-11 07:00:00,0.0,0.0
2024-06-11 08:00:00,0.0,0.0
2024-06-11 09:00:00,0.0,0.0
2024-06-11 10:00:00,0.103610273429745,0.103610273429745
2024-06-11 11:00:00,0.37252277704639825,0.37252277704639825
2024-06-11 12:00:00,0.6158464195312711,0.6158464195312711
2024-06-11 13:00:00,1.22259270619677,1.22259270619677
2024-06-11 14:00:00,1.7597956281273042,1.7597956281273042
2024-06-11 15:00:00,1.8999003618222476,1.8999003618222476
2024-06-11 16:00:00,2.132348455082774,2.132348455082774
2024-06-11 17:00:00,2.7948569213448953,2.7948569213448953
2024-06-11 18:00:00,2.499516286654924,2.499516286654924
2024-06-11 19:00:00,2.964855625937633,2.964855625937633
2024-06-11 20:00:00,3.407286394056096,3.407286394056096
2024-06-11 21:00:00,2.370282768307567,2.370282768307567
2024-06-11 22:00:00,0.0,0.0
2024-06-11 23:00:00,0.0,0.0
2024-06-12 00:00:00,0.0,0.0
2024-06-12 01:00:00,0.0,0.0
2024-06-12 02:00:00,0.0,0.0
2024-06-12 03:00:00,0.0,0.0
2024-06-12 04:00:00,0.0,0.0
2024-06-12 05:00:00,0.0,0.0
2024-06-12 06:00:00,0.0,0.0
2024-06-12 07:00:00,0.0,0.0
2024-06-12 08:00:00,0.0,0.0
2024-06-12 09:00:00,0.0,0.0
2024-06-12 10:00:00,0.11591250909420417,0.11591250909420417
2024-06-12 11:00:00,0.429892473500721,0.429892473500721
2024-06-12 12:00:00,0.6830591406631945,0.6830591406631945
2024-06-12 13:00:00,1.3194771823723206,1.3194771823723206
2024-06-12 14:00:00,1.8815017874937345,1.8815017874937345
2024-06-12 15:00:00,1.980806705350042,1.980806705350042
2024-06-12 16:00:00,3.0453227339488507,3.0453227339488507
2024-06-12 17:00:00,3.1633933069523583,3.1633933069523583
2024-06-12 18:00:00,2.9080914648017657,2.9080914648017657
2024-06-12 19:00:00,3.1366542701153635,3.1366542701153635
2024-06-12 20:00:00,3.549807633208325,3.549807633208325
2024-06-12 21:00:00,2.8816371285206945,2.8816371285206945
2024-06-12 22:00:00,0.0,0.0
2024-06-12 23:00:00,0.0,0.0
2024-06-13 00:00:00,0.0,0.0
2024-06-13 01:00:00,0.0,0.0
2024-06-13 02:00:00,0.0,0.0
2024-06-13 03:00:00,0.0,0.0
2024-06-13 04:00:00,0.0,0.0
2024-06-13 05:00:00,0.0,0.0
2024-06-13 06:00:00,0.0,0.0
2024-06-13 07:00:00,0.0,0.0
2024-06-13 08:00:00,0.0,0.0
2024-06-13 09:00:00,0.0,0.0
2024-06-13 10:00:00,0.08200275079171457,0.08200275079171457
2024-06-13 11:00:00,0.348507181753006,0.348507181753006
2024-06-13 12:00:00,0.6302162912644838,0.6302162912644838
2024-06-13 13:00:00,1.4534531951409337,1.4534531951409337
2024-06-13 14:00:00,1.7395936301872779,1.7395936301872779
2024-06-13 15:00:00,1.860186586204043,1.860186586204043
2024-06-13 16:00:00,2.682801923235516,2.682801923235516
2024-06-13 17:00:00,2.486596429131134,2.486596429131134
2024-06-13 18:00:00,2.680575234923815,2.680575234923815
2024-06-13 19:00:00,2.388789610584807,2.388789610584807
2024-06-13 20:00:00,2.9007819985214454,2.9007819985214454
2024-06-13 21:00:00,2.5791029047780434,2.5791029047780434
2024-06-13 22:00:00,0.0,0.0
2024-06-13 23:00:00,0.0,0.0
2024-06-14 00:00:00,0.0,0.0
2024-06-14 01:00:00,0.0,0.0
2024-06-14 02:00:00,0.0,0.0
2024-06-14 03:00:00,0.0,0.0
2024-06-14 04:00:00,0.0,0.0
2024-06-14 05:00:00,0.0,0.0
2024-06-14 06:00:00,0.0,0.0
2024-06-14 07:00:00,0.0,0.0
2024-06-14 08:00:00,0.0,0.0
2024-06-14 09:00:00,0.0,0.0
2024-06-14 10:00:00,0.10449980307627509,0.10449980307627509
2024-06-14 11:00:00,0.40703918056510685,0.40703918056510685
2024-06-14 12:00:00,0.8173541609988975,0.8173541609988975
2024-06-14 13:00:00,1.360220052805873,1.360220052805873
2024-06-14 14:00:00,2.0272890570878417,2.0272890570878417
2024-06-14 15:00:00,1.9817253322968835,1.9817253322968835
2024-06-14 16:00:00,2.7835878546242343,2.7835878546242343
2024-06-14 17:00:00,2.9872663250857974,2.9872663250857974
2024-06-14 18:00:00,2.720111146325,2.720111146325
2024-06-14 19:00:00,3.1245272002262063,3.1245272002262063
2024-06-14 20:00:00,3.5904655885421906,3.5904655885421906
2024-06-14 21:00:00,2.834177161686454,2.834177161686454
2024-06-14 22:00:00,0.0,0.0
2024-06-14 23:00:00,0.0,0.0
2024-06-15 00:00:00,0.0,0.0
2024-06-15 01:00:00,0.0,0.0
2024-06-15 02:00:00,0.0,0.0
2024-06-15 03:00:00,0.0,0.0
2024-06-15 04:00:00,0.0,0.0
2024-06-15 05:00:00,0.0,0.0
2024-06-15 06:00:00,0.0,0.0
2024-06-15 07:00:00,0.0,0.0
2024-06-15 08:00:00,0.0,0.0
2024-06-15 09:00:00,0.0,0.0
2024-06-15 10:00:00,0.06365614929750125,0.06365614929750125
2024-06-15 11:00:00,0.2800976844955754,0.2800976844955754
2024-06-15 12:00:00,0.47905679800072853,0.47905679800072853
2024-06-15 13:00:00,1.0161187320717033,1.0161187320717033
2024-06-15 14:00:00,1.4305537087972025,1.4305537087972025
2024-06-15 15:00:00,1.423564594472322,1.423564594472322
2024-06-15 16:00:00,1.5270166223742523,1.5270166223742523
2024-06-15 17:00:00,1.8737599303014705,1.8737599303014705
2024-06-15 18:00:00,1.8400350293771524,1.8400350293771524
2024-06-15 19:00:00,1.8508336866987576,1.8508336866987576
2024-06-15 20:00:00,1.98456477298268,1.98456477298268
2024-06-15 21:00:00,1.9857296755398033,1.9857296755398033
2024-06-15 22:00:00,0.0,0.0
2024-06-15 23:00:00,0.0,0.0
2024-06-16 00:00:00,0.0,0.0
2024-06-16 01:00:00,0.0,0.0
2024-06-16 02:00:00,0.0,0.0
2024-06-16 03:00:00,0.0,0.0
2024-06-16 04:00:00,0.0,0.0
2024-06-16 05:00:00,0.0,0.0
2024-06-16 06:00:00,0.0,0.0
2024-06-16 07:00:00,0.0,0.0
2024-06-16 08:00:00,0.0,0.0
2024-06-16 09:00:00,0.0,0.0
2024-06-16 10:00:00,0.07435501979110704,0.07435501979110704
2024-06-16 11:00:00,0.24253294351972263,0.24253294351972263
2024-06-16 12:00:00,0.4487582898683566,0.4487582898683566
2024-06-16 13:00:00,0.998550814165057,0.998550814165057
2024-06-16 14:00:00,1.2641625408703625,1.2641625408703625
2024-06-16 15:00:00,1.6097999090240669,1.6097999090240669
2024-06-16 16:00:00,1.832485225994454,1.832485225994454
2024-06-16 17:00:00,2.0164004421233246,2.0164004421233246
2024-06-16 18:00:00,1.8467364118477998,1.8467364118477998
2024-06-16 19:00:00,2.2192967714530765,2.2192967714530765
2024-06-16 20:00:00,1.9000213126013354,1.9000213126013354
2024-06-16 21:00:00,1.815162321228814,1.815162321228814
2024-06-16 22:00:00,0.0,0.0
2024-06-16 23:00:00,0.0,0.0
2024-06-17 00:00:00,0.0,0.0
2024-06-17 01:00:00,0.0,0.0
2024-06-17 02:00:00,0.0,0.0
2024-06-17 03:00:00,0.0,0.0
2024-06-17 04:00:00,0.0,0.0
2024-06-17 05:00:00,0.0,0.0
2024-06-17 06:00:00,0.0,0.0
2024-06-17 07:00:00,0.0,0.0
2024-06-17 08:00:00,0.0,0.0
2024-06-17 09:00:00,0.0,0.0
2024-06-17 10:00:00,0.08872631728071233,0.08872631728071233
2024-06-17 11:00:00,0.35688227901097813,0.35688227901097813
2024-06-17 12:00:00,0.7080960763728466,0.7080960763728466
2024-06-17 13:00:00,1.292558084652736,1.292558084652736
2024-06-17 14:00:00,2.1355683275811934,2.1355683275811934
2024-06-17 15:00:00,1.957721974237798,1.957721974237798
2024-06-17 16:00:00,2.7657621042454275,2.7657621042454275
2024-06-17 17:00:00,2.7201199852453017,2.7201199852453017
2024-06-17 18:00:00,2.6726303605109014,2.6726303605109014
2024-06-17 19:00:00,2.971297972039371,2.971297972039371
2024-06-17 20:00:00,3.295018403111801,3.295018403111801
2024-06-17 21:00:00,2.9065774074231396,2.9065774074231396
2024-06-17 22:00:00,0.0,0.0
2024-06-17 23:00:00,0.0,0.0
2024-06-18 00:00:00,0.0,0.0
2024-06-18 01:00:00,0.0,0.0
2024-06-18 02:00:00,0.0,0.0
2024-06-18 03:00:00,0.0,0.0
2024-06-18 04:00:00,0.0,0.0
2024-06-18 05:00:00,0.0,0.0
2024-06-18 06:00:00,0.0,0.0
2024-06-18 07:00:00,0.0,0.0
2024-06-18 08:00:00,0.0,0.0
2024-06-18 09:00:00,0.0,0.0
2024-06-18 10:00:00,0.08384874248859124,0.08384874248859124
2024-06-18 11:00:00,0.3484183696989438,0.3484183696989438
2024-06-18 12:00:00,0.7877319171531743,0.7877319171531743
2024-06-18 13:00:00,1.524009976267693,1.524009976267693
2024-06-18 14:00:00,2.0044418578558223,2.0044418578558223
2024-06-18 15:00:00,2.371031975425981,2.371031975425981
2024-06-18 16:00:00,2.2473556738579386,2.2473556738579386
2024-06-18 17:00:00,2.5491109815887993,2.5491109815887993
2024-06-18 18:00:00,2.7185760026177173,2.7185760026177173
2024-06-18 19:00:00,3.220737569678778,3.220737569678778
2024-06-18 20:00:00,3.6594491004521017,3.6594491004521017
2024-06-18 21:00:00,3.2574771735929846,3.2574771735929846
2024-06-18 22:00:00,0.0,0.0
2024-06-18 23:00:00,0.0,0.0
2024-06-19 00:00:00,0.0,0.0
2024-06-19 01:00:00,0.0,0.0
2024-06-19 02:00:00,0.0,0.0
2024-06-19 03:00:00,0.0,0.0
2024-06-19 04:00:00,0.0,0.0
2024-06-19 05:00:00,0.0,0.0
2024-06-19 06:00:00,0.0,0.0
2024-06-19 07:00:00,0.0,0.0
2024-06-19 08:00:00,0.0,0.0
2024-06-19 09:00:00,0.0,0.0
2024-06-19 10:00:00,0.08358921412947862,0.08358921412947862
2024-06-19 11:00:00,0.33188929143594725,0.33188929143594725
2024-06-19 12:00:00,0.6316386122260208,0.6316386122260208
2024-06-19 13:00:00,1.3095738201463922,1.3095738201463922
2024-06-19 14:00:00,1.9911426551483855,1.9911426551483855
2024-06-19 15:00:00,2.023028660910506,2.023028660910506
2024-06-19 16:00:00,2.6096052279660826,2.6096052279660826
2024-06-19 17:00:00,2.773398316982301,2.773398316982301
2024-06-19 18:00:00,2.813104316644899,2.813104316644899
2024-06-19 19:00:00,2.870433057770941,2.870433057770941
2024-06-19 20:00:00,3.422169844274451,3.422169844274451
2024-06-19 21:00:00,2.6780509443750753,2.6780509443750753
2024-06-19 22:00:00,0.0,0.0
2024-06-19 23:00:00,0.0,0.0
2024-06-20 00:00:00,0.0,0.0
2024-06-20 01:00:00,0.0,0.0
2024-06-20 02:00:00,0.0,0.0
2024-06-20 03:00:00,0.0,0.0
2024-06-20 04:00:00,0.0,0.0
2024-06-20 05:00:00,0.0,0.0
2024-06-20 06:00:00,0.0,0.0
2024-06-20 07:00:00,0.0,0.0
2024-06-20 08:00:00,0.0,0.0
2024-06-20 09:00:00,0.0,0.0
2024-06-20 10:00:00,0.1128070173667612,0.1128070173667612
2024-06-20 11:00:00,0.3923115945683332,0.3923115945683332
2024-06-20 12:00:00,0.720073728031646,0.720073728031646
2024-06-20 13:00:00,1.4153544882595586,1.4153544882595586
2024-06-20 14:00:00,2.058039406029526,2.058039406029526
2024-06-20 15:00:00,2.529195869389838,2.529195869389838
2024-06-20 16:00:00,3.021414769123938,3.021414769123938
2024-06-20 17:00:00,2.666796825769408,2.666796825769408
2024-06-20 18:00:00,2.837833235040433,2.837833235040433
2024-06-20 19:00:00,2.9862255028061093,2.9862255028061093
2024-06-20 20:00:00,3.1111311460419495,3.1111311460419495
2024-06-20 21:00:00,2.771995388448098,2.771995388448098
2024-06-20 22:00:00,0.0,0.0
2024-06-20 23:00:00,0.0,0.0
2024-06-21 00:00:00,0.0,0.0
2024-06-21 01:00:00,0.0,0.0
2024-06-21 02:00:00,0.0,0.0
2024-06-21 03:00:00,0.0,0.0
2024-06-21 04:00:00,0.0,0.0
2024-06-21 05:00:00,0.0,0.0
2024-06-21 06:00:00,0.0,0.0
2024-06-21 07:00:00,0.0,0.0
2024-06-21 08:00:00,0.0,0.0
2024-06-21 09:00:00,0.0,0.0
2024-06-21 10:00:00,0.09255799771040989,0.09255799771040989
2024-06-21 11:00:00,0.3844291589910486,0.3844291589910486
2024-06-21 12:00:00,0.6641932367779839,0.6641932367779839
2024-06-21 13:00:00,1.2292993463843913,1.2292993463843913
2024-06-21 14:00:00,1.7534605632251496,1.7534605632251496
2024-06-21 15:00:00,2.3830073602647324,2.3830073602647324
2024-06-21 16:00:00,2.6585515780950226,2.6585515780950226
2024-06-21 17:00:00,2.4833352726926665,2.4833352726926665
2024-06-21 18:00:00,2.4553440580655046,2.4553440580655046
2024-06-21 19:00:00,3.26365412405199,3.26365412405199
2024-06-21 20:00:00,3.0813154190071073,3.0813154190071073
2024-06-21 21:00:00,2.7866565653731965,2.7866565653731965
2024-06-21 22:00:00,0.0,0.0
2024-06-21 23:00:00,0.0,0.0
2024-06-22 00:00:00,0.0,0.0
2024-06-22 01:00:00,0.0,0.0
2024-06-22 02:00:00,0.0,0.0
2024-06-22 03:00:00,0.0,0.0
2024-06-22 04:00:00,0.0,0.0
2024-06-22 05:00:00,0.0,0.0
2024-06-22 06:00:00,0.0,0.0
2024-06-22 07:00:00,0.0,0.0
2024-06-22 08:00:00,0.0,0.0
2024-06-22 09:00:00,0.0,0.0
2024-06-22 10:00:00,0.06099611250499934,0.06099611250499934
2024-06-22 11:00:00,0.2795133138565583,0.2795133138565583
2024-06-22 12:00:00,0.45397664609903254,0.45397664609903254
2024-06-22 13:00:00,1.0739720411287634,1.0739720411287634
2024-06-22 14:00:00,1.3950507443436002,1.3950507443436002
2024-06-22 15:00:00,1.4907427493422922,1.4907427493422922
2024-06-22 16:00:00,1.7517097639549222,1.7517097639549222
2024-06-22 17:00:00,1.7866531145412254,1.7866531145412254
2024-06-22 18:00:00,2.040180160371737,2.040180160371737
2024-06-22 19:00:00,1.7681707137450597,1.7681707137450597
2024-06-22 20:00:00,2.03054931370611,2.03054931370611
2024-06-22 21:00:00,1.822489186808586,1.822489186808586
2024-06-22 22:00:00,0.0,0.0
2024-06-22 23:00:00,0.0,0.0
2024-06-23 00:00:00,0.0,0.0
2024-06-23 01:00:00,0.0,0.0
2024-06-23 02:00:00,0.0,0.0
2024-06-23 03:00:00,0.0,0.0
2024-06-23 04:00:00,0.0,0.0
2024-06-23 05:00:00,0.0,0.0
2024-06-23 06:00:00,0.0,0.0
2024-06-23 07:00:00,0.0,0.0
2024-06-23 08:00:00,0.0,0.0
2024-06-23 09:00:00,0.0,0.0
2024-06-23 10:00:00,0.0729452936096662,0.0729452936096662
2024-06-23 11:00:00,0.2617232288072309,0.2617232288072309
2024-06-23 12:00:00,0.5891222047701427,0.5891222047701427
2024-06-23 13:00:00,1.0897833639112124,1.0897833639112124
2024-06-23 14:00:00,1.6115196143169963,1.6115196143169963
2024-06-23 15:00:00,1.672898449544907,1.672898449544907
2024-06-23 16:00:00,1.6552911910073547,1.6552911910073547
2024-06-23 17:00:00,1.7989743186358842,1.7989743186358842
2024-06-23 18:00:00,1.8924920349217487,1.8924920349217487
2024-06-23 19:00:00,2.192066883915561,2.192066883915561
2024-06-23 20:00:00,2.6237826467844485,2.6237826467844485
2024-06-23 21:00:00,1.8962761190405868,1.8962761190405868
2024-06-23 22:00:00,0.0,0.0
2024-06-23 23:00:00,0.0,0.0
2024-06-24 00:00:00,0.0,0.0
2024-06-24 01:00:00,0.0,0.0
2024-06-24 02:00:00,0.0,0.0
2024-06-24 03:00:00,0.0,0.0
2024-06-24 04:00:00,0.0,0.0
2024-06-24 05:00:00,0.0,0.0
2024-06-24 06:00:00,0.0,0.0
2024-06-24 07:00:00,0.0,0.0
2024-06-24 08:00:00,0.0,0.0
2024-06-24 09:00:00,0.0,0.0
2024-06-24 10:00:00,0.11658866636532449,0.11658866636532449
2024-06-24 11:00:00,0.3787315933242623,0.3787315933242623
2024-06-24 12:00:00,0.8696358306957939,0.8696358306957939
2024-06-24 13:00:00,1.3926397583177157,1.3926397583177157
2024-06-24 14:00:00,2.395751694698871,2.395751694698871
2024-06-24 15:00:00,2.5920404255117617,2.5920404255117617
2024-06-24 16:00:00,2.970457353390639,2.970457353390639
2024-06-24 17:00:00,2.4942674354682084,2.4942674354682084
2024-06-24 18:00:00,3.46570286838487,3.46570286838487
2024-06-24 19:00:00,3.555597221123807,3.555597221123807
2024-06-24 20:00:00,3.9408473630893797,3.9408473630893797
2024-06-24 21:00:00,3.277350364579143,3.277350364579143
2024-06-24 22:00:00,0.0,0.0
2024-06-24 23:00:00,0.0,0.0
2024-06-25 00:00:00,0.0,0.0
2024-06-25 01:00:00,0.0,0.0
2024-06-25 02:00:00,0.0,0.0
2024-06-25 03:00:00,0.0,0.0
2024-06-25 04:00:00,0.0,0.0
2024-06-25 05:00:00,0.0,0.0
2024-06-25 06:00:00,0.0,0.0
2024-06-25 07:00:00,0.0,0.0
2024-06-25 08:00:00,0.0,0.0
2024-06-25 09:00:00,0.0,0.0
2024-06-25 10:00:00,0.1149156833729733,0.1149156833729733
2024-06-25 11:00:00,0.37125402909765404,0.37125402909765404
2024-06-25 12:00:00,0.8827379723022505,0.8827379723022505
2024-06-25 13:00:00,1.3552383062698186,1.3552383062698186
2024-06-25 14:00:00,1.941434472734575,1.941434472734575
2024-06-25 15:00:00,2.1182826024539056,2.1182826024539056
2024-06-25 16:00:00,2.6823381087254665,2.6823381087254665
2024-06-25 17:00:00,2.6884017483893747,2.6884017483893747
2024-06-25 18:00:00,2.752458047536495,2.752458047536495
2024-06-25 19:00:00,2.719319642718716,2.719319642718716
2024-06-25 20:00:00,3.4505954746275442,3.4505954746275442
2024-06-25 21:00:00,3.433820754810973,3.433820754810973
2024-06-25 22:00:00,0.0,0.0
2024-06-25 23:00:00,0.0,0.0
2024-06-26 00:00:00,0.0,0.0
2024-06-26 01:00:00,0.0,0.0
2024-06-26 02:00:00,0.0,0.0
2024-06-26 03:00:00,0.0,0.0
2024-06-26 04:00:00,0.0,0.0
2024-06-26 05:00:00,0.0,0.0
2024-06-26 06:00:00,0.0,0.0
2024-06-26 07:00:00,0.0,0.0
2024-06-26 08:00:00,0.0,0.0
2024-06-26 09:00:00,0.0,0.0
2024-06-26 10:00:00,0.09413328873732715,0.09413328873732715
2024-06-26 11:00:00,0.4344219826405959,0.4344219826405959
2024-06-26 12:00:00,0.6778440298338873,0.6778440298338873
2024-06-26 13:00:00,1.3692355437236188,1.3692355437236188
2024-06-26 14:00:00,1.861728401239991,1.861728401239991
2024-06-26 15:00:00,2.2857999644595375,2.2857999644595375
2024-06-26 16:00:00,2.462906508334123,2.462906508334123
2024-06-26 17:00:00,2.6461394645869025,2.6461394645869025
2024-06-26 18:00:00,3.051057128334928,3.051057128334928
2024-06-26 19:00:00,3.5082604086725206,3.5082604086725206
2024-06-26 20:00:00,3.936010852008199,3.936010852008199
2024-06-26 21:00:00,2.784406559222513,2.784406559222513
2024-06-26 22:00:00,0.0,0.0
2024-06-26 23:00:00,0.0,0.0
2024-06-27 00:00:00,0.0,0.0
2024-06-27 01:00:00,0.0,0.0
2024-06-27 02:00:00,0.0,0.0
2024-06-27 03:00:00,0.0,0.0
2024-06-27 04:00:00,0.0,0.0
2024-06-27 05:00:00,0.0,0.0
2024-06-27 06:00:00,0.0,0.0
2024-06-27 07:00:00,0.0,0.0
2024-06-27 08:00:00,0.0,0.0
2024-06-27 09:00:00,0.0,0.0
2024-06-27 10:00:00,0.1040229337030813,0.1040229337030813
2024-06-27 11:00:00,0.39226124592167316,0.39226124592167316
2024-06-27 12:00:00,0.9003509515950289,0.9003509515950289
2024-06-27 13:00:00,1.45356373235732,1.45356373235732
2024-06-27 14:00:00,2.0068779033516786,2.0068779033516786
2024-06-27 15:00:00,2.6692300904485666,2.6692300904485666
2024-06-27 16:00:00,3.1155852305429423,3.1155852305429423
2024-06-27 17:00:00,2.6138100592581788,2.6138100592581788
2024-06-27 18:00:00,2.721979670518163,2.721979670518163
2024-06-27 19:00:00,2.921798612937153,2.921798612937153
2024-06-27 20:00:00,3.0123337377443846,3.0123337377443846
2024-06-27 21:00:00,2.906609311092935,2.906609311092935
2024-06-27 22:00:00,0.0,0.0
2024-06-27 23:00:00,0.0,0.0
2024-06-28 00:00:00,0.0,0.0
2024-06-28 01:00:00,0.0,0.0
2024-06-28 02:00:00,0.0,0.0
2024-06-28 03:00:00,0.0,0.0
2024-06-28 04:00:00,0.0,0.0
2024-06-28 05:00:00,0.0,0.0
2024-06-28 06:00:00,0.0,0.0
2024-06-28 07:00:00,0.0,0.0
2024-06-28 08:00:00,0.0,0.0
2024-06-28 09:00:00,0.0,0.0
2024-06-28 10:00:00,0.08530065226940876,0.08530065226940876
2024-06-28 11:00:00,0.39326979208596374,0.39326979208596374
2024-06-28 12:00:00,0.734074648911526,0.734074648911526
2024-06-28 13:00:00,1.2468857584062383,1.2468857584062383
2024-06-28 14:00:00,1.7066268463418477,1.7066268463418477
2024-06-28 15:00:00,2.1053676406820903,2.1053676406820903
2024-06-28 16:00:00,2.3746039208651135,2.3746039208651135
2024-06-28 17:00:00,2.338656610934552,2.338656610934552
2024-06-28 18:00:00,2.7362390197901516,2.7362390197901516
2024-06-28 19:00:00,2.9747302326239784,2.9747302326239784
2024-06-28 20:00:00,3.4197986092401647,3.4197986092401647
2024-06-28 21:00:00,2.987155149233188,2.987155149233188
2024-06-28 22:00:00,0.0,0.0
2024-06-28 23:00:00,0.0,0.0
2024-06-29 00:00:00,0.0,0.0
2024-06-29 01:00:00,0.0,0.0
2024-06-29 02:00:00,0.0,0.0
2024-06-29 03:00:00,0.0,0.0
2024-06-29 04:00:00,0.0,0.0
2024-06-29 05:00:00,0.0,0.0
2024-06-29 06:00:00,0.0,0.0
2024-06-29 07:00:00,0.0,0.0
2024-06-29 08:00:00,0.0,0.0
2024-06-29 09:00:00,0.0,0.0
2024-06-29 10:00:00,0.06776629083395762,0.06776629083395762
2024-06-29 11:00:00,0.2974835487930106,0.2974835487930106
2024-06-29 12:00:00,0.5588825043697092,0.5588825043697092
2024-06-29 13:00:00,0.936552455251309,0.936552455251309
2024-06-29 14:00:00,1.5433382968566485,1.5433382968566485
2024-06-29 15:00:00,1.5686118040429504,1.5686118040429504
2024-06-29 16:00:00,1.863854387715072,1.863854387715072
2024-06-29 17:00:00,1.9171622458964237,1.9171622458964237
2024-06-29 18:00:00,1.9812040400765178,1.9812040400765178
2024-06-29 19:00:00,2.035271777989468,2.035271777989468
2024-06-29 20:00:00,2.1761118532809864,2.1761118532809864
2024-06-29 21:00:00,2.0587491027951748,2.0587491027951748
2024-06-29 22:00:00,0.0,0.0
2024-06-29 23:00:00,0.0,0.0
2024-06-30 00:00:00,0.0,0.0
2024-06-30 01:00:00,0.0,0.0
2024-06-30 02:00:00,0.0,0.0
2024-06-30 03:00:00,0.0,0.0
2024-06-30 04:00:00,0.0,0.0
2024-06-30 05:00:00,0.0,0.0
2024-06-30 06:00:00,0.0,0.0
2024-06-30 07:00:00,0.0,0.0
2024-06-30 08:00:00,0.0,0.0
2024-06-30 09:00:00,0.0,0.0
2024-06-30 10:00:00,0.07282266635437987,0.07282266635437987
2024-06-30 11:00:00,0.2869992333688345,0.2869992333688345
2024-06-30 12:00:00,0.557052539379758,0.557052539379758
2024-06-30 13:00:00,0.9002839884479013,0.9002839884479013
2024-06-30 14:00:00,1.2173520882987983,1.2173520882987983
2024-06-30 15:00:00,1.3184692071852497,1.3184692071852497
2024-06-30 16:00:00,1.770154967175518,1.770154967175518
2024-06-30 17:00:00,1.834196105643443,1.834196105643443
2024-06-30 18:00:00,2.217426515309319,2.217426515309319
2024-06-30 19:00:00,1.7269937616918594,1.7269937616918594
2024-06-30 20:00:00,2.3776161578286126,2.3776161578286126
2024-06-30 21:00:00,2.181635381596602,2.181635381596602
2024-06-30 22:00:00,0.0,0.0
2024-06-30 23:00:00,0.0,0.0
2024-07-01 00:00:00,0.0,0.0
2024-07-01 01:00:00,0.0,0.0
2024-07-01 02:00:00,0.0,0.0
2024-07-01 03:00:00,0.0,0.0
2024-07-01 04:00:00,0.0,0.0
2024-07-01 05:00:00,0.0,0.0
2024-07-01 06:00:00,0.0,0.0
2024-07-01 07:00:00,0.0,0.0
2024-07-01 08:00:00,0.0,0.0
2024-07-01 09:00:00,0.0,0.0
2024-07-01 10:00:00,0.09601653404293344,0.09601653404293344
2024-07-01 11:00:00,0.39902638158687326,0.39902638158687326
2024-07-01 12:00:00,0.6532219567933906,0.6532219567933906
2024-07-01 13:00:00,1.4255765838500567,1.4255765838500567
2024-07-01 14:00:00,1.8751367764282265,1.8751367764282265
2024-07-01 15:00:00,1.8324987483294262,1.8324987483294262
2024-07-01 16:00:00,2.621598500820425,2.621598500820425
2024-07-01 17:00:00,2.9671496622475924,2.9671496622475924
2024-07-01 18:00:00,2.491198518897297,2.491198518897297
2024-07-01 19:00:00,3.0077606646409,3.0077606646409
2024-07-01 20:00:00,3.0557673982027582,3.0557673982027582
2024-07-01 21:00:00,2.731880497944967,2.731880497944967
2024-07-01 22:00:00,0.0,0.0
2024-07-01 23:00:00,0.0,0.0
2024-07-02 00:00:00,0.0,0.0
2024-07-02 01:00:00,0.0,0.0
2024-07-02 02:00:00,0.0,0.0
2024-07-02 03:00:00,0.0,0.0
2024-07-02 04:00:00,0.0,0.0
2024-07-02 05:00:00,0.0,0.0
2024-07-02 06:00:00,0.0,0.0
2024-07-02 07:00:00,0.0,0.0
2024-07-02 08:00:00,0.0,0.0
2024-07-02 09:00:00,0.0,0.0
2024-07-02 10:00:00,0.09007729226610083,0.09007729226610083
2024-07-02 11:00:00,0.38744057532362647,0.38744057532362647
2024-07-02 12:00:00,0.7448951176906412,0.7448951176906412
2024-07-02 13:00:00,1.6642575904933414,1.6642575904933414
2024-07-02 14:00:00,2.1318099068808145,2.1318099068808145
2024-07-02 15:00:00,2.4276674059068197,2.4276674059068197
2024-07-02 16:00:00,2.986392116650884,2.986392116650884
2024-07-02 17:00:00,3.0579845419263623,3.0579845419263623
2024-07-02 18:00:00,3.315716190611476,3.315716190611476
2024-07-02 19:00:00,3.106923885982033,3.106923885982033
2024-07-02 20:00:00,3.528859675237381,3.528859675237381
2024-07-02 21:00:00,3.582569501611305,3.582569501611305
2024-07-02 22:00:00,0.0,0.0
2024-07-02 23:00:00,0.0,0.0
2024-07-03 00:00:00,0.0,0.0
2024-07-03 01:00:00,0.0,0.0
2024-07-03 02:00:00,0.0,0.0
2024-07-03 03:00:00,0.0,0.0
2024-07-03 04:00:00,0.0,0.0
2024-07-03 05:00:00,0.0,0.0
2024-07-03 06:00:00,0.0,0.0
2024-07-03 07:00:00,0.0,0.0
2024-07-03 08:00:00,0.0,0.0
2024-07-03 09:00:00,0.0,0.0
2024-07-03 10:00:00,0.09584386942795695,0.09584386942795695
2024-07-03 11:00:00,0.4071175838163303,0.4071175838163303
2024-07-03 12:00:00,0.7645587462832757,0.7645587462832757
2024-07-03 13:00:00,1.3598607009829682,1.3598607009829682
2024-07-03 14:00:00,1.7267723298669224,1.7267723298669224
2024-07-03 15:00:00,1.8650822441940162,1.8650822441940162
2024-07-03 16:00:00,2.315357510306033,2.315357510306033
2024-07-03 17:00:00,3.044678368316772,3.044678368316772
2024-07-03 18:00:00,2.6969855822448285,2.6969855822448285
2024-07-03 19:00:00,3.037866622673245,3.037866622673245
2024-07-03 20:00:00,3.0642550505421338,3.0642550505421338
2024-07-03 21:00:00,2.9010652047283947,2.9010652047283947
2024-07-03 22:00:00,0.0,0.0
2024-07-03 23:00:00,0.0,0.0
2024-07-04 00:00:00,0.0,0.0
2024-07-04 01:00:00,0.0,0.0
2024-07-04 02:00:00,0.0,0.0
2024-07-04 03:00:00,0.0,0.0
2024-07-04 04:00:00,0.0,0.0
2024-07-04 05:00:00,0.0,0.0
2024-07-04 06:00:00,0.0,0.0
2024-07-04 07:00:00,0.0,0.0
2024-07-04 08:00:00,0.0,0.0
2024-07-04 09:00:00,0.0,0.0
2024-07-04 10:00:00,0.08195534787123777,0.08195534787123777
2024-07-04 11:00:00,0.4144823821971363,0.4144823821971363
2024-07-04 12:00:00,0.698543191401835,0.698543191401835
2024-07-04 13:00:00,1.490477630719031,1.490477630719031
2024-07-04 14:00:00,2.0204721818625506,2.0204721818625506
2024-07-04 15:00:00,2.135041889234325,2.135041889234325
2024-07-04 16:00:00,2.281007729974858,2.281007729974858
2024-07-04 17:00:00,2.4850605969192343,2.4850605969192343
2024-07-04 18:00:00,2.866039669809702,2.866039669809702
2024-07-04 19:00:00,2.4393899954440714,2.4393899954440714
2024-07-04 20:00:00,3.172891757209881,3.172891757209881
2024-07-04 21:00:00,2.826200070454014,2.826200070454014
2024-07-04 22:00:00,0.0,0.0
2024-07-04 23:00:00,0.0,0.0
2024-07-05 00:00:00,0.0,0.0
2024-07-05 01:00:00,0.0,0.0
2024-07-05 02:00:00,0.0,0.0
2024-07-05 03:00:00,0.0,0.0
2024-07-05 04:00:00,0.0,0.0
2024-07-05 05:00:00,0.0,0.0
2024-07-05 06:00:00,0.0,0.0
2024-07-05 07:00:00,0.0,0.0
2024-07-05 08:00:00,0.0,0.0
2024-07-05 09:00:00,0.0,0.0
2024-07-05 10:00:00,0.11760776462036371,0.11760776462036371
2024-07-05 11:00:00,0.4029459933514396,0.4029459933514396
2024-07-05 12:00:00,0.8151134901467082,0.8151134901467082
2024-07-05 13:00:00,1.2689803227839127,1.2689803227839127
2024-07-05 14:00:00,2.282871434436715,2.282871434436715
2024-07-05 15:00:00,2.3383947729361503,2.3383947729361503
2024-07-05 16:00:00,2.6621445161757027,2.6621445161757027
2024-07-05 17:00:00,2.8560962838311443,2.8560962838311443
2024-07-05 18:00:00,3.1081603250088463,3.1081603250088463
2024-07-05 19:00:00,2.8268236943849145,2.8268236943849145
2024-07-05 20:00:00,3.8508101498589586,3.8508101498589586
2024-07-05 21:00:00,2.7638127928682925,2.7638127928682925
2024-07-05 22:00:00,0.0,0.0
2024-07-05 23:00:00,0.0,0.0
2024-07-06 00:00:00,0.0,0.0
2024-07-06 01:00:00,0.0,0.0
2024-07-06 02:00:00,0.0,0.0
2024-07-06 03:00:00,0.0,0.0
2024-07-06 04:00:00,0.0,0.0
2024-07-06 05:00:00,0.0,0.0
2024-07-06 06:00:00,0.0,0.0
2024-07-06 07:00:00,0.0,0.0
2024-07-06 08:00:00,0.0,0.0
2024-07-06 09:00:00,0.0,0.0
2024-07-06 10:00:00,0.06444148020811401,0.06444148020811401
2024-07-06 11:00:00,0.2506779982256994,0.2506779982256994
2024-07-06 12:00:00,0.5723811518012021,0.5723811518012021
2024-07-06 13:00:00,1.0111599464714258,1.0111599464714258
2024-07-06 14:00:00,1.2983333990648855,1.2983333990648855
2024-07-06 15:00:00,1.30026869795442,1.30026869795442
2024-07-06 16:00:00,1.8721010799322384,1.8721010799322384
2024-07-06 17:00:00,2.167693084412836,2.167693084412836
2024-07-06 18:00:00,1.8721904773520908,1.8721904773520908
2024-07-06 19:00:00,2.0035688281687922,2.0035688281687922
2024-07-06 20:00:00,2.133794333908037,2.133794333908037
2024-07-06 21:00:00,2.122429241733329,2.122429241733329
2024-07-06 22:00:00,0.0,0.0
2024-07-06 23:00:00,0.0,0.0
2024-07-07 00:00:00,0.0,0.0
2024-07-07 01:00:00,0.0,0.0
2024-07-07 02:00:00,0.0,0.0
2024-07-07 03:00:00,0.0,0.0
2024-07-07 04:00:00,0.0,0.0
2024-07-07 05:00:00,0.0,0.0
2024-07-07 06:00:00,0.0,0.0
2024-07-07 07:00:00,0.0,0.0
2024-07-07 08:00:00,0.0,0.0
2024-07-07 09:00:00,0.0,0.0
2024-07-07 10:00:00,0.07884787938678198,0.07884787938678198
2024-07-07 11:00:00,0.2440935487406152,0.2440935487406152
2024-07-07 12:00:00,0.4858382847119961,0.4858382847119961
2024-07-07 13:00:00,1.0549763435167725,1.0549763435167725
2024-07-07 14:00:00,1.5440647774917873,1.5440647774917873
2024-07-07 15:00:00,1.7301540421214074,1.7301540421214074
2024-07-07 16:00:00,1.642277164636391,1.642277164636391
2024-07-07 17:00:00,2.018939182336113,2.018939182336113
2024-07-07 18:00:00,2.0559246004307816,2.0559246004307816
2024-07-07 19:00:00,1.840115027344363,1.840115027344363
2024-07-07 20:00:00,2.329388077498953,2.329388077498953
2024-07-07 21:00:00,1.8437823863654448,1.8437823863654448
2024-07-07 22:00:00,0.0,0.0
2024-07-07 23:00:00,0.0,0.0
2024-07-08 00:00:00,0.0,0.0
2024-07-08 01:00:00,0.0,0.0
2024-07-08 02:00:00,0.0,0.0
2024-07-08 03:00:00,0.0,0.0
2024-07-08 04:00:00,0.0,0.0
2024-07-08 05:00:00,0.0,0.0
2024-07-08 06:00:00,0.0,0.0
2024-07-08 07:00:00,0.0,0.0
2024-07-08 08:00:00,0.0,0.0
2024-07-08 09:00:00,0.0,0.0
2024-07-08 10:00:00,0.08592571376944372,0.08592571376944372
2024-07-08 11:00:00,0.4054935171298009,0.4054935171298009
2024-07-08 12:00:00,0.6518730893397365,0.6518730893397365
2024-07-08 13:00:00,1.3777751760617898,1.3777751760617898
2024-07-08 14:00:00,1.9469816221367902,1.9469816221367902
2024-07-08 15:00:00,1.9397224775787942,1.9397224775787942
2024-07-08 16:00:00,2.7671887366391483,2.7671887366391483
2024-07-08 17:00:00,2.375309482679618,2.375309482679618
2024-07-08 18:00:00,2.5623076851214375,2.5623076851214375
2024-07-08 19:00:00,2.679896166264365,2.679896166264365
2024-07-08 20:00:00,3.1602441511574857,3.1602441511574857
2024-07-08 21:00:00,2.7460371116490423,2.7460371116490423
2024-07-08 22:00:00,0.0,0.0
2024-07-08 23:00:00,0.0,0.0
2024-07-09 00:00:00,0.0,0.0
2024-07-09 01:00:00,0.0,0.0
2024-07-09 02:00:00,0.0,0.0
2024-07-09 03:00:00,0.0,0.0
2024-07-09 04:00:00,0.0,0.0
2024-07-09 05:00:00,0.0,0.0
2024-07-09 06:00:00,0.0,0.0
2024-07-09 07:00:00,0.0,0.0
2024-07-09 08:00:00,0.0,0.0
2024-07-09 09:00:00,0.0,0.0
2024-07-09 10:00:00,0.09992886421777245,0.09992886421777245
2024-07-09 11:00:00,0.37071250860442534,0.37071250860442534
2024-07-09 12:00:00,0.7841396879747551,0.7841396879747551
2024-07-09 13:00:00,1.4219663880406923,1.4219663880406923
2024-07-09 14:00:00,1.8938236583761425,1.8938236583761425
2024-07-09 15:00:00,2.53289269756976,2.53289269756976
2024-07-09 16:00:00,2.69906833931266,2.69906833931266
2024-07-09 17:00:00,2.9553548792584365,2.9553548792584365
2024-07-09 18:00:00,3.622088852807675,3.622088852807675
2024-07-09 19:00:00,2.9775443367769214,2.9775443367769214
2024-07-09 20:00:00,3.5296771868554897,3.5296771868554897
2024-07-09 21:00:00,3.6160626359489094,3.6160626359489094
2024-07-09 22:00:00,0.0,0.0
2024-07-09 23:00:00,0.0,0.0
2024-07-10 00:00:00,0.0,0.0
2024-07-10 01:00:00,0.0,0.0
2024-07-10 02:00:00,0.0,0.0
2024-07-10 03:00:00,0.0,0.0
2024-07-10 04:00:00,0.0,0.0
2024-07-10 05:00:00,0.0,0.0
2024-07-10 06:00:00,0.0,0.0
2024-07-10 07:00:00,0.0,0.0
2024-07-10 08:00:00,0.0,0.0
2024-07-10 09:00:00,0.0,0.0
2024-07-10 10:00:00,0.08657805307335477,0.08657805307335477
2024-07-10 11:00:00,0.3861437366192114,0.3861437366192114
2024-07-10 12:00:00,0.6168685967585187,0.6168685967585187
2024-07-10 13:00:00,1.288878602089468,1.288878602089468
2024-07-10 14:00:00,2.1922580037733934,2.1922580037733934
2024-07-10 15:00:00,2.2577085521804885,2.2577085521804885
2024-07-10 16:00:00,2.7084046208039836,2.7084046208039836
2024-07-10 17:00:00,2.4084645587439435,2.4084645587439435
2024-07-10 18:00:00,2.4720291314198555,2.4720291314198555
2024-07-10 19:00:00,2.764215841917076,2.764215841917076
2024-07-10 20:00:00,3.6372405466373454,3.6372405466373454
2024-07-10 21:00:00,2.9009990132208214,2.9009990132208214
2024-07-10 22:00:00,0.0,0.0
2024-07-10 23:00:00,0.0,0.0
2024-07-11 00:00:00,0.0,0.0
2024-07-11 01:00:00,0.0,0.0
2024-07-11 02:00:00,0.0,0.0
2024-07-11 03:00:00,0.0,0.0
2024-07-11 04:00:00,0.0,0.0
2024-07-11 05:00:00,0.0,0.0
2024-07-11 06:00:00,0.0,0.0
2024-07-11 07:00:00,0.0,0.0
2024-07-11 08:00:00,0.0,0.0
2024-07-11 09:00:00,0.0,0.0
2024-07-11 10:00:00,0.10072123556889574,0.10072123556889574
2024-07-11 11:00:00,0.4305647395598692,0.4305647395598692
2024-07-11 12:00:00,0.70346647070709,0.70346647070709
2024-07-11 13:00:00,1.4150244859789236,1.4150244859789236
2024-07-11 14:00:00,1.8126482574796896,1.8126482574796896
2024-07-11 15:00:00,2.3302393502374064,2.3302393502374064
2024-07-11 16:00:00,2.8789842736076716,2.8789842736076716
2024-07-11 17:00:00,2.879238400980219,2.879238400980219
2024-07-11 18:00:00,3.022489561453169,3.022489561453169
2024-07-11 19:00:00,3.3714998452455265,3.3714998452455265
2024-07-11 20:00:00,3.2042089704170618,3.2042089704170618
2024-07-11 21:00:00,3.279073176849018,3.279073176849018
2024-07-11 22:00:00,0.0,0.0
2024-07-11 23:00:00,0.0,0.0
2024-07-12 00:00:00,0.0,0.0
2024-07-12 01:00:00,0.0,0.0
2024-07-12 02:00:00,0.0,0.0
2024-07-12 03:00:00,0.0,0.0
2024-07-12 04:00:00,0.0,0.0
2024-07-12 05:00:00,0.0,0.0
2024-07-12 06:00:00,0.0,0.0
2024-07-12 07:00:00,0.0,0.0
2024-07-12 08:00:00,0.0,0.0
2024-07-12 09:00:00,0.0,0.0
2024-07-12 10:00:00,0.1014670969016439,0.1014670969016439
2024-07-12 11:00:00,0.42901760746477663,0.42901760746477663
2024-07-12 12:00:00,0.7316364505146647,0.7316364505146647
2024-07-12 13:00:00,1.4103253260409232,1.4103253260409232
2024-07-12 14:00:00,2.0186150465319757,2.0186150465319757
2024-07-12 15:00:00,2.0591767741773075,2.0591767741773075
2024-07-12 16:00:00,2.1701804254557833,2.1701804254557833
2024-07-12 17:00:00,2.7519859841848313,2.7519859841848313
2024-07-12 18:00:00,2.6939121082715625,2.6939121082715625
2024-07-12 19:00:00,3.1315004431627003,3.1315004431627003
2024-07-12 20:00:00,3.176501596341947,3.176501596341947
2024-07-12 21:00:00,3.034381648685167,3.034381648685167
2024-07-12 22:00:00,0.0,0.0
2024-07-12 23:00:00,0.0,0.0
2024-07-13 00:00:00,0.0,0.0
2024-07-13 01:00:00,0.0,0.0
2024-07-13 02:00:00,0.0,0.0
2024-07-13 03:00:00,0.0,0.0
2024-07-13 04:00:00,0.0,0.0
2024-07-13 05:00:00,0.0,0.0
2024-07-13 06:00:00,0.0,0.0
2024-07-13 07:00:00,0.0,0.0
2024-07-13 08:00:00,0.0,0.0
2024-07-13 09:00:00,0.0,0.0
2024-07-13 10:00:00,0.06352739851874256,0.06352739851874256
2024-07-13 11:00:00,0.26270400436449604,0.26270400436449604
2024-07-13 12:00:00,0.5398983526811036,0.5398983526811036
2024-07-13 13:00:00,1.0632060389942886,1.0632060389942886
2024-07-13 14:00:00,1.204560767916594,1.204560767916594
2024-07-13 15:00:00,1.3839000846238971,1.3839000846238971
2024-07-13 16:00:00,2.0208078994696175,2.0208078994696175
2024-07-13 17:00:00,1.9801126265905722,1.9801126265905722
2024-07-13 18:00:00,1.9312606803782861,1.9312606803782861
2024-07-13 19:00:00,1.8694570256352105,1.8694570256352105
2024-07-13 20:00:00,2.2595143235311967,2.2595143235311967
2024-07-13 21:00:00,1.8896375707642004,1.8896375707642004
2024-07-13 22:00:00,0.0,0.0
2024-07-13 23:00:00,0.0,0.0
2024-07-14 00:00:00,0.0,0.0
2024-07-14 01:00:00,0.0,0.0
2024-07-14 02:00:00,0.0,0.0
2024-07-14 03:00:00,0.0,0.0
2024-07-14 04:00:00,0.0,0.0
2024-07-14 05:00:00,0.0,0.0
2024-07-14 06:00:00,0.0,0.0
2024-07-14 07:00:00,0.0,0.0
2024-07-14 08:00:00,0.0,0.0
2024-07-14 09:00:00,0.0,0.0
2024-07-14 10:00:00,0.06978718645761031,0.06978718645761031
2024-07-14 11:00:00,0.25596977361246687,0.25596977361246687
2024-07-14 12:00:00,0.5083727881494584,0.5083727881494584
2024-07-14 13:00:00,0.8342175381765915,0.8342175381765915
2024-07-14 14:00:00,1.2100539213384427,1.2100539213384427
2024-07-14 15:00:00,1.35135635527805,1.35135635527805
2024-07-14 16:00:00,1.6984285450135312,1.6984285450135312
2024-07-14 17:00:00,1.7535498201573965,1.7535498201573965
2024-07-14 18:00:00,1.7837256287100502,1.7837256287100502
2024-07-14 19:00:00,2.05993756250919,2.05993756250919
2024-07-14 20:00:00,2.24392152000629,2.24392152000629
2024-07-14 21:00:00,2.3037865717112362,2.3037865717112362
2024-07-14 22:00:00,0.0,0.0
2024-07-14 23:00:00,0.0,0.0
2024-07-15 00:00:00,0.0,0.0
2024-07-15 01:00:00,0.0,0.0
2024-07-15 02:00:00,0.0,0.0
2024-07-15 03:00:00,0.0,0.0
2024-07-15 04:00:00,0.0,0.0
2024-07-15 05:00:00,0.0,0.0
2024-07-15 06:00:00,0.0,0.0
2024-07-15 07:00:00,0.0,0.0
2024-07-15 08:00:00,0.0,0.0
2024-07-15 09:00:00,0.0,0.0
2024-07-15 10:00:00,0.10923309908647642,0.10923309908647642
2024-07-15 11:00:00,0.42093644084777443,0.42093644084777443
2024-07-15 12:00:00,0.8760537252303416,0.8760537252303416
2024-07-15 13:00:00,1.6777587636039184,1.6777587636039184
2024-07-15 14:00:00,1.8284551560528968,1.8284551560528968
2024-07-15 15:00:00,2.0359330906312376,2.0359330906312376
2024-07-15 16:00:00,3.0745928970644263,3.0745928970644263
2024-07-15 17:00:00,3.1163038738950486,3.1163038738950486
2024-07-15 18:00:00,3.0601683150889682,3.0601683150889682
2024-07-15 19:00:00,3.0656293712667084,3.0656293712667084
2024-07-15 20:00:00,3.9374298277101927,3.9374298277101927
2024-07-15 21:00:00,2.8751926073484695,2.8751926073484695
2024-07-15 22:00:00,0.0,0.0
2024-07-15 23:00:00,0.0,0.0
2024-07-16 00:00:00,0.0,0.0
2024-07-16 01:00:00,0.0,0.0
2024-07-16 02:00:00,0.0,0.0
2024-07-16 03:00:00,0.0,0.0
2024-07-16 04:00:00,0.0,0.0
2024-07-16 05:00:00,0.0,0.0
2024-07-16 06:00:00,0.0,0.0
2024-07-16 07:00:00,0.0,0.0
2024-07-16 08:00:00,0.0,0.0
2024-07-16 09:00:00,0.0,0.0
2024-07-16 10:00:00,0.10380357074449528,0.10380357074449528
2024-07-16 11:00:00,0.3547125465398616,0.3547125465398616
2024-07-16 12:00:00,0.7687591272614945,0.7687591272614945
2024-07-16 13:00:00,1.2479427759086275,1.2479427759086275
2024-07-16 14:00:00,1.9993046697438326,1.9993046697438326
2024-07-16 15:00:00,2.0359078405387745,2.0359078405387745
2024-07-16 16:00:00,2.6842540509856163,2.6842540509856163
2024-07-16 17:00:00,2.786065266708266,2.786065266708266
2024-07-16 18:00:00,2.794410936981653,2.794410936981653
2024-07-16 19:00:00,2.4278561655701587,2.4278561655701587
2024-07-16 20:00:00,3.003802070017315,3.003802070017315
2024-07-16 21:00:00,2.9719756858911937,2.9719756858911937
2024-07-16 22:00:00,0.0,0.0
2024-07-16 23:00:00,0.0,0.0
2024-07-17 00:00:00,0.0,0.0
2024-07-17 01:00:00,0.0,0.0
2024-07-17 02:00:00,0.0,0.0
2024-07-17 03:00:00,0.0,0.0
2024-07-17 04:00:00,0.0,0.0
2024-07-17 05:00:00,0.0,0.0
2024-07-17 06:00:00,0.0,0.0
2024-07-17 07:00:00,0.0,0.0
2024-07-17 08:00:00,0.0,0.0
2024-07-17 09:00:00,0.0,0.0
2024-07-17 10:00:00,0.10045984668332623,0.10045984668332623
2024-07-17 11:00:00,0.37711504070036495,0.37711504070036495
2024-07-17 12:00:00,0.7508078563964239,0.7508078563964239
2024-07-17 13:00:00,1.2756599423267723,1.2756599423267723
2024-07-17 14:00:00,1.7060604526749907,1.7060604526749907
2024-07-17 15:00:00,1.7296212288595583,1.7296212288595583
2024-07-17 16:00:00,2.2684534811209676,2.2684534811209676
2024-07-17 17:00:00,2.7068042675741646,2.7068042675741646
2024-07-17 18:00:00,2.9396626305342823,2.9396626305342823
2024-07-17 19:00:00,2.478245036498051,2.478245036498051
2024-07-17 20:00:00,3.28227749371373,3.28227749371373
2024-07-17 21:00:00,2.3852553314133886,2.3852553314133886
2024-07-17 22:00:00,0.0,0.0
2024-07-17 23:00:00,0.0,0.0
2024-07-18 00:00:00,0.0,0.0
2024-07-18 01:00:00,0.0,0.0
2024-07-18 02:00:00,0.0,0.0
2024-07-18 03:00:00,0.0,0.0
2024-07-18 04:00:00,0.0,0.0
2024-07-18 05:00:00,0.0,0.0
2024-07-18 06:00:00,0.0,0.0
2024-07-18 07:00:00,0.0,0.0
2024-07-18 08:00:00,0.0,0.0
2024-07-18 09:00:00,0.0,0.0
2024-07-18 10:00:00,0.08104161414766924,0.08104161414766924
2024-07-18 11:00:00,0.3543638798050291,0.3543638798050291
2024-07-18 12:00:00,0.767630698314626,0.767630698314626
2024-07-18 13:00:00,1.411843748198436,1.411843748198436
2024-07-18 14:00:00,1.5760385628735853,1.5760385628735853
2024-07-18 15:00:00,2.1309544283344635,2.1309544283344635
2024-07-18 16:00:00,2.7219334726835163,2.7219334726835163
2024-07-18 17:00:00,2.1816285376714677,2.1816285376714677
2024-07-18 18:00:00,2.571215436533909,2.571215436533909
2024-07-18 19:00:00,3.1354853403215825,3.1354853403215825
2024-07-18 20:00:00,3.1144019810943493,3.1144019810943493
2024-07-18 21:00:00,2.978522093933854,2.978522093933854
2024-07-18 22:00:00,0.0,0.0
2024-07-18 23:00:00,0.0,0.0
2024-07-19 00:00:00,0.0,0.0
2024-07-19 01:00:00,0.0,0.0
2024-07-19 02:00:00,0.0,0.0
2024-07-19 03:00:00,0.0,0.0
2024-07-19 04:00:00,0.0,0.0
2024-07-19 05:00:00,0.0,0.0
2024-07-19 06:00:00,0.0,0.0
2024-07-19 07:00:00,0.0,0.0
2024-07-19 08:00:00,0.0,0.0
2024-07-19 09:00:00,0.0,0.0
2024-07-19 10:00:00,0.09943323857438684,0.09943323857438684
2024-07-19 11:00:00,0.4231924323466617,0.4231924323466617
2024-07-19 12:00:00,0.6585799182617507,0.6585799182617507
2024-07-19 13:00:00,1.4409365947477641,1.4409365947477641
2024-07-19 14:00:00,1.864276561202394,1.864276561202394
2024-07-19 15:00:00,1.954939788449594,1.954939788449594
2024-07-19 16:00:00,2.8627336930675447,2.8627336930675447
2024-07-19 17:00:00,2.716729146057376,2.716729146057376
2024-07-19 18:00:00,3.4529241232231094,3.4529241232231094
2024-07-19 19:00:00,3.084552271899078,3.084552271899078
2024-07-19 20:00:00,3.1216250306742945,3.1216250306742945
2024-07-19 21:00:00,3.0112133860777988,3.0112133860777988
2024-07-19 22:00:00,0.0,0.0
2024-07-19 23:00:00,0.0,0.0
2024-07-20 00:00:00,0.0,0.0
2024-07-20 01:00:00,0.0,0.0
2024-07-20 02:00:00,0.0,0.0
2024-07-20 03:00:00,0.0,0.0
2024-07-20 04:00:00,0.0,0.0
2024-07-20 05:00:00,0.0,0.0
2024-07-20 06:00:00,0.0,0.0
2024-07-20 07:00:00,0.0,0.0
2024-07-20 08:00:00,0.0,0.0
2024-07-20 09:00:00,0.0,0.0
2024-07-20 10:00:00,0.0625780462846127,0.0625780462846127
2024-07-20 11:00:00,0.2812698432380969,0.2812698432380969
2024-07-20 12:00:00,0.4318647787847534,0.4318647787847534
2024-07-20 13:00:00,0.9130438886230604,0.9130438886230604
2024-07-20 14:00:00,1.1527418032411636,1.1527418032411636
2024-07-20 15:00:00,1.4861280500685201,1.4861280500685201
2024-07-20 16:00:00,1.5501191046080944,1.5501191046080944
2024-07-20 17:00:00,1.8712785928003497,1.8712785928003497
2024-07-20 18:00:00,1.6128576341077445,1.6128576341077445
2024-07-20 19:00:00,2.1247315625465033,2.1247315625465033
2024-07-20 20:00:00,2.2246308596146407,2.2246308596146407
2024-07-20 21:00:00,1.7640314287690386,1.7640314287690386
2024-07-20 22:00:00,0.0,0.0
2024-07-20 23:00:00,0.0,0.0
2024-07-21 00:00:00,0.0,0.0
2024-07-21 01:00:00,0.0,0.0
2024-07-21 02:00:00,0.0,0.0
2024-07-21 03:00:00,0.0,0.0
2024-07-21 04:00:00,0.0,0.0
2024-07-21 05:00:00,0.0,0.0
2024-07-21 06:00:00,0.0,0.0
2024-07-21 07:00:00,0.0,0.0
2024-07-21 08:00:00,0.0,0.0
2024-07-21 09:00:00,0.0,0.0
2024-07-21 10:00:00,0.06021596679995674,0.06021596679995674
2024-07-21 11:00:00,0.26702515336124105,0.26702515336124105
2024-07-21 12:00:00,0.5200957563568802,0.5200957563568802
2024-07-21 13:00:00,0.9022541112316835,0.9022541112316835
2024-07-21 14:00:00,1.3245610009967355,1.3245610009967355
2024-07-21 15:00:00,1.442035520564704,1.442035520564704
2024-07-21 16:00:00,1.7903691229094911,1.7903691229094911
2024-07-21 17:00:00,1.7063708104292368,1.7063708104292368
2024-07-21 18:00:00,1.6505207085893512,1.6505207085893512
2024-07-21 19:00:00,1.9193887907945224,1.9193887907945224
2024-07-21 20:00:00,2.3137937385147818,2.3137937385147818
2024-07-21 21:00:00,1.8491442723128706,1.8491442723128706
2024-07-21 22:00:00,0.0,0.0
2024-07-21 23:00:00,0.0,0.0
2024-07-22 00:00:00,0.0,0.0
2024-07-22 01:00:00,0.0,0.0
2024-07-22 02:00:00,0.0,0.0
2024-07-22 03:00:00,0.0,0.0
2024-07-22 04:00:00,0.0,0.0
2024-07-22 05:00:00,0.0,0.0
2024-07-22 06:00:00,0.0,0.0
2024-07-22 07:00:00,0.0,0.0
2024-07-22 08:00:00,0.0,0.0
2024-07-22 09:00:00,0.0,0.0
2024-07-22 10:00:00,0.08343572145799574,0.08343572145799574
2024-07-22 11:00:00,0.32671338316413223,0.32671338316413223
2024-07-22 12:00:00,0.7671481953878967,0.7671481953878967
2024-07-22 13:00:00,1.2999021164985036,1.2999021164985036
2024-07-22 14:00:00,2.0556206279989784,2.0556206279989784
2024-07-22 15:00:00,2.021510577789241,2.021510577789241
2024-07-22 16:00:00,2.483217817573859,2.483217817573859
2024-07-22 17:00:00,2.443492520375037,2.443492520375037
2024-07-22 18:00:00,3.0091178711029407,3.0091178711029407
2024-07-22 19:00:00,2.7519134670292105,2.7519134670292105
2024-07-22 20:00:00,2.991705436373891,2.991705436373891
2024-07-22 21:00:00,2.745705847759209,2.745705847759209
2024-07-22 22:00:00,0.0,0.0
2024-07-22 23:00:00,0.0,0.0
2024-07-23 00:00:00,0.0,0.0
2024-07-23 01:00:00,0.0,0.0
2024-07-23 02:00:00,0.0,0.0
2024-07-23 03:00:00,0.0,0.0
2024-07-23 04:00:00,0.0,0.0
2024-07-23 05:00:00,0.0,0.0
2024-07-23 06:00:00,0.0,0.0
2024-07-23 07:00:00,0.0,0.0
2024-07-23 08:00:00,0.0,0.0
2024-07-23 09:00:00,0.0,0.0
2024-07-23 10:00:00,0.11207349501621701,0.11207349501621701
2024-07-23 11:00:00,0.3610942273858024,0.3610942273858024
2024-07-23 12:00:00,0.816711262898706,0.816711262898706
2024-07-23 13:00:00,1.4568550161371863,1.4568550161371863
2024-07-23 14:00:00,2.135312855822171,2.135312855822171
2024-07-23 15:00:00,2.354699667769443,2.354699667769443
2024-07-23 16:00:00,2.306530121894622,2.306530121894622
2024-07-23 17:00:00,3.0277422349542307,3.0277422349542307
2024-07-23 18:00:00,3.039468407383145,3.039468407383145
2024-07-23 19:00:00,2.638814950365854,2.638814950365854
2024-07-23 20:00:00,2.9102217454191663,2.9102217454191663
2024-07-23 21:00:00,2.7444031688264423,2.7444031688264423
2024-07-23 22:00:00,0.0,0.0
2024-07-23 23:00:00,0.0,0.0
2024-07-24 00:00:00,0.0,0.0
2024-07-24 01:00:00,0.0,0.0
2024-07-24 02:00:00,0.0,0.0
2024-07-24 03:00:00,0.0,0.0
2024-07-24 04:00:00,0.0,0.0
2024-07-24 05:00:00,0.0,0.0
2024-07-24 06:00:00,0.0,0.0
2024-07-24 07:00:00,0.0,0.0
2024-07-24 08:00:00,0.0,0.0
2024-07-24 09:00:00,0.0,0.0
2024-07-24 10:00:00,0.08396751681643465,0.08396751681643465
2024-07-24 11:00:00,0.38449124492968945,0.38449124492968945
2024-07-24 12:00:00,0.76050007164559,0.76050007164559
2024-07-24 13:00:00,1.456636267498728,1.456636267498728
2024-07-24 14:00:00,1.988512770479024,1.988512770479024
2024-07-24 15:00:00,2.2601947916450715,2.2601947916450715
2024-07-24 16:00:00,2.215950874409784,2.215950874409784
2024-07-24 17:00:00,3.049062639441448,3.049062639441448
2024-07-24 18:00:00,2.616790818586357,2.616790818586357
2024-07-24 19:00:00,2.986831436786543,2.986831436786543
2024-07-24 20:00:00,3.2862930073725907,3.2862930073725907
2024-07-24 21:00:00,3.251092149079309,3.251092149079309
2024-07-24 22:00:00,0.0,0.0
2024-07-24 23:00:00,0.0,0.0
2024-07-25 00:00:00,0.0,0.0
2024-07-25 01:00:00,0.0,0.0
2024-07-25 02:00:00,0.0,0.0
2024-07-25 03:00:00,0.0,0.0
2024-07-25 04:00:00,0.0,0.0
2024-07-25 05:00:00,0.0,0.0
2024-07-25 06:00:00,0.0,0.0
2024-07-25 07:00:00,0.0,0.0
2024-07-25 08:00:00,0.0,0.0
2024-07-25 09:00:00,0.0,0.0
2024-07-25 10:00:00,0.11677394031382475,0.11677394031382475
2024-07-25 11:00:00,0.42153728642238153,0.42153728642238153
2024-07-25 12:00:00,0.7184240872250252,0.7184240872250252
2024-07-25 13:00:00,1.5979538944031697,1.5979538944031697
2024-07-25 14:00:00,2.1774216929692254,2.1774216929692254
2024-07-25 15:00:00,1.9383083728371324,1.9383083728371324
2024-07-25 16:00:00,2.4785421070109126,2.4785421070109126
2024-07-25 17:00:00,2.975091437001163,2.975091437001163
2024-07-25 18:00:00,3.330241344128299,3.330241344128299
2024-07-25 19:00:00,2.82665049739429,2.82665049739429
2024-07-25 20:00:00,3.529424270086627,3.529424270086627
2024-07-25 21:00:00,2.739167978112469,2.739167978112469
2024-07-25 22:00:00,0.0,0.0
2024-07-25 23:00:00,0.0,0.0
2024-07-26 00:00:00,0.0,0.0
2024-07-26 01:00:00,0.0,0.0
2024-07-26 02:00:00,0.0,0.0
2024-07-26 03:00:00,0.0,0.0
2024-07-26 04:00:00,0.0,0.0
2024-07-26 05:00:00,0.0,0.0
2024-07-26 06:00:00,0.0,0.0
2024-07-26 07:00:00,0.0,0.0
2024-07-26 08:00:00,0.0,0.0
2024-07-26 09:00:00,0.0,0.0
2024-07-26 10:00:00,0.09963853153438756,0.09963853153438756
2024-07-26 11:00:00,0.3947229424514023,0.3947229424514023
2024-07-26 12:00:00,0.7512806353056747,0.7512806353056747
2024-07-26 13:00:00,1.446953554232622,1.446953554232622
2024-07-26 14:00:00,1.7530262567017303,1.7530262567017303
2024-07-26 15:00:00,1.926283889526938,1.926283889526938
2024-07-26 16:00:00,2.7746326404254593,2.7746326404254593
2024-07-26 17:00:00,2.6648173553034513,2.6648173553034513
2024-07-26 18:00:00,2.671605061894144,2.671605061894144
2024-07-26 19:00:00,2.46437319609386,2.46437319609386
2024-07-26 20:00:00,3.207961846889533,3.207961846889533
2024-07-26 21:00:00,2.7393815229294547,2.7393815229294547
2024-07-26 22:00:00,0.0,0.0
2024-07-26 23:00:00,0.0,0.0
2024-07-27 00:00:00,0.0,0.0
2024-07-27 01:00:00,0.0,0.0
2024-07-27 02:00:00,0.0,0.0
2024-07-27 03:00:00,0.0,0.0
2024-07-27 04:00:00,0.0,0.0
2024-07-27 05:00:00,0.0,0.0
2024-07-27 06:00:00,0.0,0.0
2024-07-27 07:00:00,0.0,0.0
2024-07-27 08:00:00,0.0,0.0
2024-07-27 09:00:00,0.0,0.0
2024-07-27 10:00:00,0.07210073682975225,0.07210073682975225
2024-07-27 11:00:00,0.2950791625030265,0.2950791625030265
2024-07-27 12:00:00,0.5304882556224032,0.5304882556224032
2024-07-27 13:00:00,0.9482288605206453,0.9482288605206453
2024-07-27 14:00:00,1.2343023527927133,1.2343023527927133
2024-07-27 15:00:00,1.5631686855186628,1.5631686855186628
2024-07-27 16:00:00,1.5428342869351226,1.5428342869351226
2024-07-27 17:00:00,2.041318674517555,2.041318674517555
2024-07-27 18:00:00,2.2226494971210737,2.2226494971210737
2024-07-27 19:00:00,1.741232568790055,1.741232568790055
2024-07-27 20:00:00,2.0660757866862336,2.0660757866862336
2024-07-27 21:00:00,1.9756078007571536,1.9756078007571536
2024-07-27 22:00:00,0.0,0.0
2024-07-27 23:00:00,0.0,0.0
2024-07-28 00:00:00,0.0,0.0
2024-07-28 01:00:00,0.0,0.0
2024-07-28 02:00:00,0.0,0.0
2024-07-28 03:00:00,0.0,0.0
2024-07-28 04:00:00,0.0,0.0
2024-07-28 05:00:00,0.0,0.0
2024-07-28 06:00:00,0.0,0.0
2024-07-28 07:00:00,0.0,0.0
2024-07-28 08:00:00,0.0,0.0
2024-07-28 09:00:00,0.0,0.0
2024-07-28 10:00:00,0.07502173819433246,0.07502173819433246
2024-07-28 11:00:00,0.31032982626377725,0.31032982626377725
2024-07-28 12:00:00,0.5656925310347845,0.5656925310347845
2024-07-28 13:00:00,1.0917396960064518,1.0917396960064518
2024-07-28 14:00:00,1.4496136090113685,1.4496136090113685
2024-07-28 15:00:00,1.3219523159205624,1.3219523159205624
2024-07-28 16:00:00,1.8431214609819069,1.8431214609819069
2024-07-28 17:00:00,1.7452794632452022,1.7452794632452022
2024-07-28 18:00:00,1.758706585947891,1.758706585947891
2024-07-28 19:00:00,1.870860842068943,1.870860842068943
2024-07-28 20:00:00,2.4429890666234333,2.4429890666234333
2024-07-28 21:00:00,2.1074291376300365,2.1074291376300365
2024-07-28 22:00:00,0.0,0.0
2024-07-28 23:00:00,0.0,0.0
2024-07-29 00:00:00,0.0,0.0
2024-07-29 01:00:00,0.0,0.0
2024-07-29 02:00:00,0.0,0.0
2024-07-29 03:00:00,0.0,0.0
2024-07-29 04:00:00,0.0,0.0
2024-07-29 05:00:00,0.0,0.0
2024-07-29 06:00:00,0.0,0.0
2024-07-29 07:00:00,0.0,0.0
2024-07-29 08:00:00,0.0,0.0
2024-07-29 09:00:00,0.0,0.0
2024-07-29 10:00:00,0.07746846640308888,0.07746846640308888
2024-07-29 11:00:00,0.39078404829888314,0.39078404829888314
2024-07-29 12:00:00,0.5784713663064383,0.5784713663064383
2024-07-29 13:00:00,1.1016087152427576,1.1016087152427576
2024-07-29 14:00:00,1.5153648466612613,1.5153648466612613
2024-07-29 15:00:00,1.7952532725128105,1.7952532725128105
2024-07-29 16:00:00,2.06697026587135,2.06697026587135
2024-07-29 17:00:00,2.3106793995425896,2.3106793995425896
2024-07-29 18:00:00,2.4353585595365086,2.4353585595365086
2024-07-29 19:00:00,2.9048487283988518,2.9048487283988518
2024-07-29 20:00:00,2.898612234748617,2.898612234748617
2024-07-29 21:00:00,2.675227810498892,2.675227810498892
2024-07-29 22:00:00,0.0,0.0
2024-07-29 23:00:00,0.0,0.0
2024-07-30 00:00:00,0.0,0.0
2024-07-30 01:00:00,0.0,0.0
2024-07-30 02:00:00,0.0,0.0
2024-07-30 03:00:00,0.0,0.0
2024-07-30 04:00:00,0.0,0.0
2024-07-30 05:00:00,0.0,0.0
2024-07-30 06:00:00,0.0,0.0
2024-07-30 07:00:00,0.0,0.0
2024-07-30 08:00:00,0.0,0.0
2024-07-30 09:00:00,0.0,0.0
2024-07-30 10:00:00,0.11530300587408328,0.11530300587408328
2024-07-30 11:00:00,0.4183197779468881,0.4183197779468881
2024-07-30 12:00:00,0.6717484381892183,0.6717484381892183
2024-07-30 13:00:00,1.3412353469287137,1.3412353469287137
2024-07-30 14:00:00,2.18782652827782,2.18782652827782
2024-07-30 15:00:00,2.4516344747305037,2.4516344747305037
2024-07-30 16:00:00,2.926206234226593,2.926206234226593
2024-07-30 17:00:00,3.064883324120427,3.064883324120427
2024-07-30 18:00:00,2.8635004684787404,2.8635004684787404
2024-07-30 19:00:00,3.0564563601225028,3.0564563601225028
2024-07-30 20:00:00,3.054720563059849,3.054720563059849
2024-07-30 21:00:00,2.730799367279872,2.730799367279872
2024-07-30 22:00:00,0.0,0.0
2024-07-30 23:00:00,0.0,0.0
2024-07-31 00:00:00,0.0,0.0
2024-07-31 01:00:00,0.0,0.0
2024-07-31 02:00:00,0.0,0.0
2024-07-31 03:00:00,0.0,0.0
2024-07-31 04:00:00,0.0,0.0
2024-07-31 05:00:00,0.0,0.0
2024-07-31 06:00:00,0.0,0.0
2024-07-31 07:00:00,0.0,0.0
2024-07-31 08:00:00,0.0,0.0
2024-07-31 09:00:00,0.0,0.0
2024-07-31 10:00:00,0.08253784784410545,0.08253784784410545
2024-07-31 11:00:00,0.39981146999403244,0.39981146999403244
2024-07-31 12:00:00,0.7798571489470766,0.7798571489470766
2024-07-31 13:00:00,1.437319946115807,1.437319946115807
2024-07-31 14:00:00,1.8058267050721761,1.8058267050721761
2024-07-31 15:00:00,2.0573446526696872,2.0573446526696872
2024-07-31 16:00:00,2.3438030506320935,2.3438030506320935
2024-07-31 17:00:00,2.4666052279061548,2.4666052279061548
2024-07-31 18:00:00,2.558576795941307,2.558576795941307
2024-07-31 19:00:00,2.627992279916526,2.627992279916526
2024-07-31 20:00:00,3.272419587957762,3.272419587957762
2024-07-31 21:00:00,2.4512857995012554,2.4512857995012554
2024-07-31 22:00:00,0.0,0.0
2024-07-31 23:00:00,0.0,0.0
2024-08-01 00:00:00,0.0,0.0
2024-08-01 01:00:00,0.0,0.0
2024-08-01 02:00:00,0.0,0.0
2024-08-01 03:00:00,0.0,0.0
2024-08-01 04:00:00,0.0,0.0
2024-08-01 05:00:00,0.0,0.0
2024-08-01 06:00:00,0.0,0.0
2024-08-01 07:00:00,0.0,0.0
2024-08-01 08:00:00,0.0,0.0
2024-08-01 09:00:00,0.0,0.0
2024-08-01 10:00:00,0.09961654199257954,0.09961654199257954
2024-08-01 11:00:00,0.3151249994821579,0.3151249994821579
2024-08-01 12:00:00,0.6943432840842637,0.6943432840842637
2024-08-01 13:00:00,1.1237009645875686,1.1237009645875686
2024-08-01 14:00:00,1.8738099124829113,1.8738099124829113
2024-08-01 15:00:00,2.044644054270309,2.044644054270309
2024-08-01 16:00:00,2.383821165514769,2.383821165514769
2024-08-01 17:00:00,2.2536925084200226,2.2536925084200226
2024-08-01 18:00:00,2.55525013079652,2.55525013079652
2024-08-01 19:00:00,2.7462202767258614,2.7462202767258614
2024-08-01 20:00:00,2.6477671899366233,2.6477671899366233
2024-08-01 21:00:00,3.0644815809832733,3.0644815809832733
2024-08-01 22:00:00,0.0,0.0
2024-08-01 23:00:00,0.0,0.0
2024-08-02 00:00:00,0.0,0.0
2024-08-02 01:00:00,0.0,0.0
2024-08-02 02:00:00,0.0,0.0
2024-08-02 03:00:00,0.0,0.0
2024-08-02 04:00:00,0.0,0.0
2024-08-02 05:00:00,0.0,0.0
2024-08-02 06:00:00,0.0,0.0
2024-08-02 07:00:00,0.0,0.0
2024-08-02 08:00:00,0.0,0.0
2024-08-02 09:00:00,0.0,0.0
2024-08-02 10:00:00,0.08113283051343886,0.08113283051343886
2024-08-02 11:00:00,0.3729540247246798,0.3729540247246798
2024-08-02 12:00:00,0.6629976055657343,0.6629976055657343
2024-08-02 13:00:00,1.2446627615909953,1.2446627615909953
2024-08-02 14:00:00,2.0723896659235574,2.0723896659235574
2024-08-02 15:00:00,1.8785455168678493,1.8785455168678493
2024-08-02 16:00:00,2.2269354398775723,2.2269354398775723
2024-08-02 17:00:00,2.7826665897871807,2.7826665897871807
2024-08-02 18:00:00,2.562338950950587,2.562338950950587
2024-08-02 19:00:00,2.6527955060574593,2.6527955060574593
2024-08-02 20:00:00,3.354352799519946,3.354352799519946
2024-08-02 21:00:00,3.101332445410243,3.101332445410243
2024-08-02 22:00:00,0.0,0.0
2024-08-02 23:00:00,0.0,0.0
2024-08-03 00:00:00,0.0,0.0
2024-08-03 01:00:00,0.0,0.0
2024-08-03 02:00:00,0.0,0.0
2024-08-03 03:00:00,0.0,0.0
2024-08-03 04:00:00,0.0,0.0
2024-08-03 05:00:00,0.0,0.0
2024-08-03 06:00:00,0.0,0.0
2024-08-03 07:00:00,0.0,0.0
2024-08-03 08:00:00,0.0,0.0
2024-08-03 09:00:00,0.0,0.0
2024-08-03 10:00:00,0.05795279400839356,0.05795279400839356
2024-08-03 11:00:00,0.25513272422378425,0.25513272422378425
2024-08-03 12:00:00,0.4164664687807182,0.4164664687807182
2024-08-03 13:00:00,0.9629723717937991,0.9629723717937991
2024-08-03 14:00:00,1.3563603768606227,1.3563603768606227
2024-08-03 15:00:00,1.4891607945755878,1.4891607945755878
2024-08-03 16:00:00,1.6420306943097605,1.6420306943097605
2024-08-03 17:00:00,1.9568318548500763,1.9568318548500763
2024-08-03 18:00:00,1.9092014829961936,1.9092014829961936
2024-08-03 19:00:00,1.8770170231096386,1.8770170231096386
2024-08-03 20:00:00,2.311028117092463,2.311028117092463
2024-08-03 21:00:00,1.702541514477508,1.702541514477508
2024-08-03 22:00:00,0.0,0.0
2024-08-03 23:00:00,0.0,0.0
2024-08-04 00:00:00,0.0,0.0
2024-08-04 01:00:00,0.0,0.0
2024-08-04 02:00:00,0.0,0.0
2024-08-04 03:00:00,0.0,0.0
2024-08-04 04:00:00,0.0,0.0
2024-08-04 05:00:00,0.0,0.0
2024-08-04 06:00:00,0.0,0.0
2024-08-04 07:00:00,0.0,0.0
2024-08-04 08:00:00,0.0,0.0
2024-08-04 09:00:00,0.0,0.0
2024-08-04 10:00:00,0.06327467579344911,0.06327467579344911
2024-08-04 11:00:00,0.27702775549665754,0.27702775549665754
2024-08-04 12:00:00,0.42214166495042355,0.42214166495042355
2024-08-04 13:00:00,0.9390033261555143,0.9390033261555143
2024-08-04 14:00:00,1.4995293379136323,1.4995293379136323
2024-08-04 15:00:00,1.480928006971192,1.480928006971192
2024-08-04 16:00:00,1.5574960454154922,1.5574960454154922
2024-08-04 17:00:00,1.7220371936435683,1.7220371936435683
2024-08-04 18:00:00,2.261015484878378,2.261015484878378
2024-08-04 19:00:00,2.248830457795289,2.248830457795289
2024-08-04 20:00:00,2.1995075443052103,2.1995075443052103
2024-08-04 21:00:00,1.7834488338914973,1.7834488338914973
2024-08-04 22:00:00,0.0,0.0
2024-08-04 23:00:00,0.0,0.0
2024-08-05 00:00:00,0.0,0.0
2024-08-05 01:00:00,0.0,0.0
2024-08-05 02:00:00,0.0,0.0
2024-08-05 03:00:00,0.0,0.0
2024-08-05 04:00:00,0.0,0.0
2024-08-05 05:00:00,0.0,0.0
2024-08-05 06:00:00,0.0,0.0
2024-08-05 07:00:00,0.0,0.0
2024-08-05 08:00:00,0.0,0.0
2024-08-05 09:00:00,0.0,0.0
2024-08-05 10:00:00,0.08644163972826853,0.08644163972826853
2024-08-05 11:00:00,0.3645971057894921,0.3645971057894921
2024-08-05 12:00:00,0.7344527251551256,0.7344527251551256
2024-08-05 13:00:00,1.2059418048043438,1.2059418048043438
2024-08-05 14:00:00,1.708033786888989,1.708033786888989
2024-08-05 15:00:00,2.134989147159573,2.134989147159573
2024-08-05 16:00:00,2.835370172576472,2.835370172576472
2024-08-05 17:00:00,2.5438617649364246,2.5438617649364246
2024-08-05 18:00:00,2.412325497790851,2.412325497790851
2024-08-05 19:00:00,3.033576948435669,3.033576948435669
2024-08-05 20:00:00,3.1256121074406127,3.1256121074406127
2024-08-05 21:00:00,2.9936864449755576,2.9936864449755576
2024-08-05 22:00:00,0.0,0.0
2024-08-05 23:00:00,0.0,0.0
2024-08-06 00:00:00,0.0,0.0
2024-08-06 01:00:00,0.0,0.0
2024-08-06 02:00:00,0.0,0.0
2024-08-06 03:00:00,0.0,0.0
2024-08-06 04:00:00,0.0,0.0
2024-08-06 05:00:00,0.0,0.0
2024-08-06 06:00:00,0.0,0.0
2024-08-06 07:00:00,0.0,0.0
2024-08-06 08:00:00,0.0,0.0
2024-08-06 09:00:00,0.0,0.0
2024-08-06 10:00:00,0.08385585011254544,0.08385585011254544
2024-08-06 11:00:00,0.3689060448810591,0.3689060448810591
2024-08-06 12:00:00,0.6840110852807154,0.6840110852807154
2024-08-06 13:00:00,1.4259731815268046,1.4259731815268046
2024-08-06 14:00:00,1.5961005499933456,1.5961005499933456
2024-08-06 15:00:00,1.878415463002728,1.878415463002728
2024-08-06 16:00:00,2.4747586754494777,2.4747586754494777
2024-08-06 17:00:00,2.467341971096926,2.467341971096926
2024-08-06 18:00:00,2.6969419483081682,2.6969419483081682
2024-08-06 19:00:00,2.626527644769881,2.626527644769881
2024-08-06 20:00:00,2.514038303036828,2.514038303036828
2024-08-06 21:00:00,2.757511736397416,2.757511736397416
2024-08-06 22:00:00,0.0,0.0
2024-08-06 23:00:00,0.0,0.0
2024-08-07 00:00:00,0.0,0.0
2024-08-07 01:00:00,0.0,0.0
2024-08-07 02:00:00,0.0,0.0
2024-08-07 03:00:00,0.0,0.0
2024-08-07 04:00:00,0.0,0.0
2024-08-07 05:00:00,0.0,0.0
2024-08-07 06:00:00,0.0,0.0
2024-08-07 07:00:00,0.0,0.0
2024-08-07 08:00:00,0.0,0.0
2024-08-07 09:00:00,0.0,0.0
2024-08-07 10:00:00,0.12151708735703676,0.12151708735703676
2024-08-07 11:00:00,0.46174606273060753,0.46174606273060753
2024-08-07 12:00:00,0.7762627503760244,0.7762627503760244
2024-08-07 13:00:00,1.364302064245424,1.364302064245424
2024-08-07 14:00:00,2.116903188935766,2.116903188935766
2024-08-07 15:00:00,2.5317914059761577,2.5317914059761577
2024-08-07 16:00:00,3.0620071021400683,3.0620071021400683
2024-08-07 17:00:00,2.7968273015578027,2.7968273015578027
2024-08-07 18:00:00,3.2905567988291398,3.2905567988291398
2024-08-07 19:00:00,3.4799958932455506,3.4799958932455506
2024-08-07 20:00:00,3.6410184198457825,3.6410184198457825
2024-08-07 21:00:00,3.3700982800230577,3.3700982800230577
2024-08-07 22:00:00,0.0,0.0
2024-08-07 23:00:00,0.0,0.0
2024-08-08 00:00:00,0.0,0.0
2024-08-08 01:00:00,0.0,0.0
2024-08-08 02:00:00,0.0,0.0
2024-08-08 03:00:00,0.0,0.0
2024-08-08 04:00:00,0.0,0.0
2024-08-08 05:00:00,0.0,0.0
2024-08-08 06:00:00,0.0,0.0
2024-08-08 07:00:00,0.0,0.0
2024-08-08 08:00:00,0.0,0.0
2024-08-08 09:00:00,0.0,0.0
2024-08-08 10:00:00,0.10877814017479055,0.10877814017479055
2024-08-08 11:00:00,0.4025736644337272,0.4025736644337272
2024-08-08 12:00:00,0.7467300778004744,0.7467300778004744
2024-08-08 13:00:00,1.287393880243449,1.287393880243449
2024-08-08 14:00:00,1.7541726118491183,1.7541726118491183
2024-08-08 15:00:00,1.9615115722028693,1.9615115722028693
2024-08-08 16:00:00,2.9847704327620512,2.9847704327620512
2024-08-08 17:00:00,2.8602218727253046,2.8602218727253046
2024-08-08 18:00:00,3.248540195535531,3.248540195535531
2024-08-08 19:00:00,2.9504914776312234,2.9504914776312234
2024-08-08 20:00:00,3.6564084684763496,3.6564084684763496
2024-08-08 21:00:00,3.3316644982661594,3.3316644982661594
2024-08-08 22:00:00,0.0,0.0
2024-08-08 23:00:00,0.0,0.0
2024-08-09 00:00:00,0.0,0.0
2024-08-09 01:00:00,0.0,0.0
2024-08-09 02:00:00,0.0,0.0
2024-08-09 03:00:00,0.0,0.0
2024-08-09 04:00:00,0.0,0.0
2024-08-09 05:00:00,0.0,0.0
2024-08-09 06:00:00,0.0,0.0
2024-08-09 07:00:00,0.0,0.0
2024-08-09 08:00:00,0.0,0.0
2024-08-09 09:00:00,0.0,0.0
2024-08-09 10:00:00,0.0888640077798028,0.0888640077798028
2024-08-09 11:00:00,0.4026038771240796,0.4026038771240796
2024-08-09 12:00:00,0.8211864952592675,0.8211864952592675
2024-08-09 13:00:00,1.63310653507494,1.63310653507494
2024-08-09 14:00:00,1.7952029963859664,1.7952029963859664
2024-08-09 15:00:00,2.060639023801601,2.060639023801601
2024-08-09 16:00:00,2.911902821921808,2.911902821921808
2024-08-09 17:00:00,2.5827758636239495,2.5827758636239495
2024-08-09 18:00:00,3.0310057170891325,3.0310057170891325
2024-08-09 19:00:00,3.0641688335488286,3.0641688335488286
2024-08-09 20:00:00,3.5300442781628756,3.5300442781628756
2024-08-09 21:00:00,2.694940937588547,2.694940937588547
2024-08-09 22:00:00,0.0,0.0
2024-08-09 23:00:00,0.0,0.0
2024-08-10 00:00:00,0.0,0.0
2024-08-10 01:00:00,0.0,0.0
2024-08-10 02:00:00,0.0,0.0
2024-08-10 03:00:00,0.0,0.0
2024-08-10 04:00:00,0.0,0.0
2024-08-10 05:00:00,0.0,0.0
2024-08-10 06:00:00,0.0,0.0
2024-08-10 07:00:00,0.0,0.0
2024-08-10 08:00:00,0.0,0.0
2024-08-10 09:00:00,0.0,0.0
2024-08-10 10:00:00,0.06564719752125164,0.06564719752125164
2024-08-10 11:00:00,0.26088164738436964,0.26088164738436964
2024-08-10 12:00:00,0.5851037098989226,0.5851037098989226
2024-08-10 13:00:00,0.9569106837023821,0.9569106837023821
2024-08-10 14:00:00,1.5208810180840895,1.5208810180840895
2024-08-10 15:00:00,1.6268079789285104,1.6268079789285104
2024-08-10 16:00:00,1.6748887617300268,1.6748887617300268
2024-08-10 17:00:00,2.0590651928446664,2.0590651928446664
2024-08-10 18:00:00,1.9224473330428957,1.9224473330428957
2024-08-10 19:00:00,2.0936511486514355,2.0936511486514355
2024-08-10 20:00:00,2.7306716413291703,2.7306716413291703
2024-08-10 21:00:00,1.9842032690220908,1.9842032690220908
2024-08-10 22:00:00,0.0,0.0
2024-08-10 23:00:00,0.0,0.0
2024-08-11 00:00:00,0.0,0.0
2024-08-11 01:00:00,0.0,0.0
2024-08-11 02:00:00,0.0,0.0
2024-08-11 03:00:00,0.0,0.0
2024-08-11 04:00:00,0.0,0.0
2024-08-11 05:00:00,0.0,0.0
2024-08-11 06:00:00,0.0,0.0
2024-08-11 07:00:00,0.0,0.0
2024-08-11 08:00:00,0.0,0.0
2024-08-11 09:00:00,0.0,0.0
2024-08-11 10:00:00,0.07651428524645318,0.07651428524645318
2024-08-11 11:00:00,0.25329870720291814,0.25329870720291814
2024-08-11 12:00:00,0.49390105540868284,0.49390105540868284
2024-08-11 13:00:00,1.015165863316453,1.015165863316453
2024-08-11 14:00:00,1.172754362409032,1.172754362409032
2024-08-11 15:00:00,1.616005082916629,1.616005082916629
2024-08-11 16:00:00,1.799939433945381,1.799939433945381
2024-08-11 17:00:00,1.8172369938238693,1.8172369938238693
2024-08-11 18:00:00,1.896179061430595,1.896179061430595
2024-08-11 19:00:00,1.7746058273562082,1.7746058273562082
2024-08-11 20:00:00,2.2338009986898175,2.2338009986898175
2024-08-11 21:00:00,2.221334196705752,2.221334196705752
2024-08-11 22:00:00,0.0,0.0
2024-08-11 23:00:00,0.0,0.0
2024-08-12 00:00:00,0.0,0.0
2024-08-12 01:00:00,0.0,0.0
2024-08-12 02:00:00,0.0,0.0
2024-08-12 03:00:00,0.0,0.0
2024-08-12 04:00:00,0.0,0.0
2024-08-12 05:00:00,0.0,0.0
2024-08-12 06:00:00,0.0,0.0
2024-08-12 07:00:00,0.0,0.0
2024-08-12 08:00:00,0.0,0.0
2024-08-12 09:00:00,0.0,0.0
2024-08-12 10:00:00,0.0969167238280084,0.0969167238280084
2024-08-12 11:00:00,0.33568447621913405,0.33568447621913405
2024-08-12 12:00:00,0.6146352227820434,0.6146352227820434
2024-08-12 13:00:00,1.1922673477259778,1.1922673477259778
2024-08-12 14:00:00,1.7735507320707462,1.7735507320707462
2024-08-12 15:00:00,1.7344421887337047,1.7344421887337047
2024-08-12 16:00:00,2.3912639179127266,2.3912639179127266
2024-08-12 17:00:00,2.720137315708984,2.720137315708984
2024-08-12 18:00:00,2.496835336936131,2.496835336936131
2024-08-12 19:00:00,2.9171907679427163,2.9171907679427163
2024-08-12 20:00:00,2.7902874282725687,2.7902874282725687
2024-08-12 21:00:00,2.599782908750646,2.599782908750646
2024-08-12 22:00:00,0.0,0.0
2024-08-12 23:00:00,0.0,0.0
2024-08-13 00:00:00,0.0,0.0
2024-08-13 01:00:00,0.0,0.0
2024-08-13 02:00:00,0.0,0.0
2024-08-13 03:00:00,0.0,0.0
2024-08-13 04:00:00,0.0,0.0
2024-08-13 05:00:00,0.0,0.0
2024-08-13 06:00:00,0.0,0.0
2024-08-13 07:00:00,0.0,0.0
2024-08-13 08:00:00,0.0,0.0
2024-08-13 09:00:00,0.0,0.0
2024-08-13 10:00:00,0.07980661497046618,0.07980661497046618
2024-08-13 11:00:00,0.33877894358226607,0.33877894358226607
2024-08-13 12:00:00,0.7141505144419753,0.7141505144419753
2024-08-13 13:00:00,1.1758312299380582,1.1758312299380582
2024-08-13 14:00:00,1.9278310534470628,1.9278310534470628
2024-08-13 15:00:00,2.249183441362773,2.249183441362773
2024-08-13 16:00:00,2.2485312205478123,2.2485312205478123
2024-08-13 17:00:00,2.4629553548474137,2.4629553548474137
2024-08-13 18:00:00,2.6084469615585166,2.6084469615585166
2024-08-13 19:00:00,2.7930843614241287,2.7930843614241287
2024-08-13 20:00:00,2.9066956645277,2.9066956645277
2024-08-13 21:00:00,2.6989397897096508,2.6989397897096508
2024-08-13 22:00:00,0.0,0.0
2024-08-13 23:00:00,0.0,0.0
2024-08-14 00:00:00,0.0,0.0
2024-08-14 01:00:00,0.0,0.0
2024-08-14 02:00:00,0.0,0.0
2024-08-14 03:00:00,0.0,0.0
2024-08-14 04:00:00,0.0,0.0
2024-08-14 05:00:00,0.0,0.0
2024-08-14 06:00:00,0.0,0.0
2024-08-14 07:00:00,0.0,0.0
2024-08-14 08:00:00,0.0,0.0
2024-08-14 09:00:00,0.0,0.0
2024-08-14 10:00:00,0.11971279434783774,0.11971279434783774
2024-08-14 11:00:00,0.4404998081480844,0.4404998081480844
2024-08-14 12:00:00,0.8850794717030694,0.8850794717030694
2024-08-14 13:00:00,1.7016780481126539,1.7016780481126539
2024-08-14 14:00:00,2.017942948143329,2.017942948143329
2024-08-14 15:00:00,2.4573858798442187,2.4573858798442187
2024-08-14 16:00:00,2.5237386347286286,2.5237386347286286
2024-08-14 17:00:00,2.9379579084768586,2.9379579084768586
2024-08-14 18:00:00,3.5659920817708515,3.5659920817708515
2024-08-14 19:00:00,3.0762759902379053,3.0762759902379053
2024-08-14 20:00:00,2.9844348647390246,2.9844348647390246
2024-08-14 21:00:00,3.23400859392142,3.23400859392142
2024-08-14 22:00:00,0.0,0.0
2024-08-14 23:00:00,0.0,0.0
2024-08-15 00:00:00,0.0,0.0
2024-08-15 01:00:00,0.0,0.0
2024-08-15 02:00:00,0.0,0.0
2024-08-15 03:00:00,0.0,0.0
2024-08-15 04:00:00,0.0,0.0
2024-08-15 05:00:00,0.0,0.0
2024-08-15 06:00:00,0.0,0.0
2024-08-15 07:00:00,0.0,0.0
2024-08-15 08:00:00,0.0,0.0
2024-08-15 09:00:00,0.0,0.0
2024-08-15 10:00:00,0.09203180753762973,0.09203180753762973
2024-08-15 11:00:00,0.3312759644789923,0.3312759644789923
2024-08-15 12:00:00,0.7324631484525669,0.7324631484525669
2024-08-15 13:00:00,1.1971441757161139,1.1971441757161139
2024-08-15 14:00:00,1.8063209875555877,1.8063209875555877
2024-08-15 15:00:00,1.8425704055708831,1.8425704055708831
2024-08-15 16:00:00,2.3091514172471483,2.3091514172471483
2024-08-15 17:00:00,2.822627917025314,2.822627917025314
2024-08-15 18:00:00,2.885600004742377,2.885600004742377
2024-08-15 19:00:00,2.5407158710661735,2.5407158710661735
2024-08-15 20:00:00,3.3267669997213267,3.3267669997213267
2024-08-15 21:00:00,2.325003608922845,2.325003608922845
2024-08-15 22:00:00,0.0,0.0
2024-08-15 23:00:00,0.0,0.0
2024-08-16 00:00:00,0.0,0.0
2024-08-16 01:00:00,0.0,0.0
2024-08-16 02:00:00,0.0,0.0
2024-08-16 03:00:00,0.0,0.0
2024-08-16 04:00:00,0.0,0.0
2024-08-16 05:00:00,0.0,0.0
2024-08-16 06:00:00,0.0,0.0
2024-08-16 07:00:00,0.0,0.0
2024-08-16 08:00:00,0.0,0.0
2024-08-16 09:00:00,0.0,0.0
2024-08-16 10:00:00,0.11565862619414795,0.11565862619414795
2024-08-16 11:00:00,0.43540363218337913,0.43540363218337913
2024-08-16 12:00:00,0.7552953414361696,0.7552953414361696
2024-08-16 13:00:00,1.4537459207559442,1.4537459207559442
2024-08-16 14:00:00,2.2639821291671582,2.2639821291671582
2024-08-16 15:00:00,2.4251833284577278,2.4251833284577278
2024-08-16 16:00:00,3.0662711405082796,3.0662711405082796
2024-08-16 17:00:00,2.8882711187024923,2.8882711187024923
2024-08-16 18:00:00,2.8144758106091667,2.8144758106091667
2024-08-16 19:00:00,3.4429390366241095,3.4429390366241095
2024-08-16 20:00:00,3.1663313740501575,3.1663313740501575
2024-08-16 21:00:00,2.6716145381047727,2.6716145381047727
2024-08-16 22:00:00,0.0,0.0
2024-08-16 23:00:00,0.0,0.0
2024-08-17 00:00:00,0.0,0.0
2024-08-17 01:00:00,0.0,0.0
2024-08-17 02:00:00,0.0,0.0
2024-08-17 03:00:00,0.0,0.0
2024-08-17 04:00:00,0.0,0.0
2024-08-17 05:00:00,0.0,0.0
2024-08-17 06:00:00,0.0,0.0
2024-08-17 07:00:00,0.0,0.0
2024-08-17 08:00:00,0.0,0.0
2024-08-17 09:00:00,0.0,0.0
2024-08-17 10:00:00,0.06167998727887996,0.06167998727887996
2024-08-17 11:00:00,0.24264512780388967,0.24264512780388967
2024-08-17 12:00:00,0.6039928834584661,0.6039928834584661
2024-08-17 13:00:00,0.9167607290569163,0.9167607290569163
2024-08-17 14:00:00,1.3337981759719209,1.3337981759719209
2024-08-17 15:00:00,1.4202478241073682,1.4202478241073682
2024-08-17 16:00:00,1.6954617366676477,1.6954617366676477
2024-08-17 17:00:00,1.7988491992833107,1.7988491992833107
2024-08-17 18:00:00,2.30605223169466,2.30605223169466
2024-08-17 19:00:00,1.9451501777718525,1.9451501777718525
2024-08-17 20:00:00,2.025164666544233,2.025164666544233
2024-08-17 21:00:00,2.398912523555916,2.398912523555916
2024-08-17 22:00:00,0.0,0.0
2024-08-17 23:00:00,0.0,0.0
2024-08-18 00:00:00,0.0,0.0
2024-08-18 01:00:00,0.0,0.0
2024-08-18 02:00:00,0.0,0.0
2024-08-18 03:00:00,0.0,0.0
2024-08-18 04:00:00,0.0,0.0
2024-08-18 05:00:00,0.0,0.0
2024-08-18 06:00:00,0.0,0.0
2024-08-18 07:00:00,0.0,0.0
2024-08-18 08:00:00,0.0,0.0
2024-08-18 09:00:00,0.0,0.0
2024-08-18 10:00:00,0.057521588552929756,0.057521588552929756
2024-08-18 11:00:00,0.23676490268473288,0.23676490268473288
2024-08-18 12:00:00,0.45758623598326553,0.45758623598326553
2024-08-18 13:00:00,0.8136273582807776,0.8136273582807776
2024-08-18 14:00:00,1.3111682864211505,1.3111682864211505
2024-08-18 15:00:00,1.5938742433018944,1.5938742433018944
2024-08-18 16:00:00,1.5478911939688507,1.5478911939688507
2024-08-18 17:00:00,1.5987432432556432,1.5987432432556432
2024-08-18 18:00:00,1.9638370165784749,1.9638370165784749
2024-08-18 19:00:00,2.042205721420189,2.042205721420189
2024-08-18 20:00:00,2.417520367915005,2.417520367915005
2024-08-18 21:00:00,1.838092104757058,1.838092104757058
2024-08-18 22:00:00,0.0,0.0
2024-08-18 23:00:00,0.0,0.0
2024-08-19 00:00:00,0.0,0.0
2024-08-19 01:00:00,0.0,0.0
2024-08-19 02:00:00,0.0,0.0
2024-08-19 03:00:00,0.0,0.0
2024-08-19 04:00:00,0.0,0.0
2024-08-19 05:00:00,0.0,0.0
2024-08-19 06:00:00,0.0,0.0
2024-08-19 07:00:00,0.0,0.0
2024-08-19 08:00:00,0.0,0.0
2024-08-19 09:00:00,0.0,0.0
2024-08-19 10:00:00,0.08886678186172704,0.08886678186172704
2024-08-19 11:00:00,0.37476759587150477,0.37476759587150477
2024-08-19 12:00:00,0.724954758047254,0.724954758047254
2024-08-19 13:00:00,1.1957124718383343,1.1957124718383343
2024-08-19 14:00:00,1.5850904689485217,1.5850904689485217
2024-08-19 15:00:00,1.892263728020685,1.892263728020685
2024-08-19 16:00:00,2.38359404353745,2.38359404353745
2024-08-19 17:00:00,2.567802186075181,2.567802186075181
2024-08-19 18:00:00,2.689586631893794,2.689586631893794
2024-08-19 19:00:00,2.5970695758740874,2.5970695758740874
2024-08-19 20:00:00,2.7877054292862518,2.7877054292862518
2024-08-19 21:00:00,2.7669498193722,2.7669498193722
2024-08-19 22:00:00,0.0,0.0
2024-08-19 23:00:00,0.0,0.0
2024-08-20 00:00:00,0.0,0.0
2024-08-20 01:00:00,0.0,0.0
2024-08-20 02:00:00,0.0,0.0
2024-08-20 03:00:00,0.0,0.0
2024-08-20 04:00:00,0.0,0.0
2024-08-20 05:00:00,0.0,0.0
2024-08-20 06:00:00,0.0,0.0
2024-08-20 07:00:00,0.0,0.0
2024-08-20 08:00:00,0.0,0.0
2024-08-20 09:00:00,0.0,0.0
2024-08-20 10:00:00,0.08113081945726654,0.08113081945726654
2024-08-20 11:00:00,0.40149510117466664,0.40149510117466664
2024-08-20 12:00:00,0.7166264245884383,0.7166264245884383
2024-08-20 13:00:00,1.2230644789245602,1.2230644789245602
2024-08-20 14:00:00,1.75300986960136,1.75300986960136
2024-08-20 15:00:00,1.9675724680187774,1.9675724680187774
2024-08-20 16:00:00,2.6998432013182874,2.6998432013182874
2024-08-20 17:00:00,2.281639623826983,2.281639623826983
2024-08-20 18:00:00,3.075469090826198,3.075469090826198
2024-08-20 19:00:00,2.966601360789562,2.966601360789562
2024-08-20 20:00:00,2.8170874887023065,2.8170874887023065
2024-08-20 21:00:00,3.1393769210039593,3.1393769210039593
2024-08-20 22:00:00,0.0,0.0
2024-08-20 23:00:00,0.0,0.0
2024-08-21 00:00:00,0.0,0.0
2024-08-21 01:00:00,0.0,0.0
2024-08-21 02:00:00,0.0,0.0
2024-08-21 03:00:00,0.0,0.0
2024-08-21 04:00:00,0.0,0.0
2024-08-21 05:00:00,0.0,0.0
2024-08-21 06:00:00,0.0,0.0
2024-08-21 07:00:00,0.0,0.0
2024-08-21 08:00:00,0.0,0.0
2024-08-21 09:00:00,0.0,0.0
2024-08-21 10:00:00,0.10070857727723667,0.10070857727723667
2024-08-21 11:00:00,0.461610053083741,0.461610053083741
2024-08-21 12:00:00,0.6708188040930784,0.6708188040930784
2024-08-21 13:00:00,1.4278217526103054,1.4278217526103054
2024-08-21 14:00:00,2.091392656096826,2.091392656096826
2024-08-21 15:00:00,2.5735062511600804,2.5735062511600804
2024-08-21 16:00:00,2.440331589694838,2.440331589694838
2024-08-21 17:00:00,2.495782718364169,2.495782718364169
2024-08-21 18:00:00,3.1301479804011723,3.1301479804011723
2024-08-21 19:00:00,3.311377621329956,3.311377621329956
2024-08-21 20:00:00,3.4789110315369935,3.4789110315369935
2024-08-21 21:00:00,3.4922913237044613,3.4922913237044613
2024-08-21 22:00:00,0.0,0.0
2024-08-21 23:00:00,0.0,0.0
2024-08-22 00:00:00,0.0,0.0
2024-08-22 01:00:00,0.0,0.0
2024-08-22 02:00:00,0.0,0.0
2024-08-22 03:00:00,0.0,0.0
2024-08-22 04:00:00,0.0,0.0
2024-08-22 05:00:00,0.0,0.0
2024-08-22 06:00:00,0.0,0.0
2024-08-22 07:00:00,0.0,0.0
2024-08-22 08:00:00,0.0,0.0
2024-08-22 09:00:00,0.0,0.0
2024-08-22 10:00:00,0.08920428449467939,0.08920428449467939
2024-08-22 11:00:00,0.3975181980931007,0.3975181980931007
2024-08-22 12:00:00,0.6603285465824125,0.6603285465824125
2024-08-22 13:00:00,1.1859298379061336,1.1859298379061336
2024-08-22 14:00:00,1.7390751118666152,1.7390751118666152
2024-08-22 15:00:00,1.862011755716533,1.862011755716533
2024-08-22 16:00:00,2.570685593777493,2.570685593777493
2024-08-22 17:00:00,2.581527005568046,2.581527005568046
2024-08-22 18:00:00,2.9603223403995793,2.9603223403995793
2024-08-22 19:00:00,2.631610595097757,2.631610595097757
2024-08-22 20:00:00,2.7469174154601874,2.7469174154601874
2024-08-22 21:00:00,3.007415379824894,3.007415379824894
2024-08-22 22:00:00,0.0,0.0
2024-08-22 23:00:00,0.0,0.0
2024-08-23 00:00:00,0.0,0.0
2024-08-23 01:00:00,0.0,0.0
2024-08-23 02:00:00,0.0,0.0
2024-08-23 03:00:00,0.0,0.0
2024-08-23 04:00:00,0.0,0.0
2024-08-23 05:00:00,0.0,0.0
2024-08-23 06:00:00,0.0,0.0
2024-08-23 07:00:00,0.0,0.0
2024-08-23 08:00:00,0.0,0.0
2024-08-23 09:00:00,0.0,0.0
2024-08-23 10:00:00,0.08327278145190235,0.08327278145190235
2024-08-23 11:00:00,0.44510723061208635,0.44510723061208635
2024-08-23 12:00:00,0.7892235862808965,0.7892235862808965
2024-08-23 13:00:00,1.1923215281638448,1.1923215281638448
2024-08-23 14:00:00,1.9436568474657239,1.9436568474657239
2024-08-23 15:00:00,2.455513244887874,2.455513244887874
2024-08-23 16:00:00,2.3779234420058772,2.3779234420058772
2024-08-23 17:00:00,3.0457399895586446,3.0457399895586446
2024-08-23 18:00:00,2.8768711021777666,2.8768711021777666
2024-08-23 19:00:00,2.92903960126781,2.92903960126781
2024-08-23 20:00:00,2.950714171035123,2.950714171035123
2024-08-23 21:00:00,3.0004440807799213,3.0004440807799213
2024-08-23 22:00:00,0.0,0.0
2024-08-23 23:00:00,0.0,0.0
2024-08-24 00:00:00,0.0,0.0
2024-08-24 01:00:00,0.0,0.0
2024-08-24 02:00:00,0.0,0.0
2024-08-24 03:00:00,0.0,0.0
2024-08-24 04:00:00,0.0,0.0
2024-08-24 05:00:00,0.0,0.0
2024-08-24 06:00:00,0.0,0.0
2024-08-24 07:00:00,0.0,0.0
2024-08-24 08:00:00,0.0,0.0
2024-08-24 09:00:00,0.0,0.0
2024-08-24 10:00:00,0.07135125483236743,0.07135125483236743
2024-08-24 11:00:00,0.2817963959907356,0.2817963959907356
2024-08-24 12:00:00,0.4259583322774328,0.4259583322774328
2024-08-24 13:00:00,0.8312131304118401,0.8312131304118401
2024-08-24 14:00:00,1.417281741874108,1.417281741874108
2024-08-24 15:00:00,1.323308332405707,1.323308332405707
2024-08-24 16:00:00,1.877230383857368,1.877230383857368
2024-08-24 17:00:00,1.5713220062264566,1.5713220062264566
2024-08-24 18:00:00,1.8008389274489844,1.8008389274489844
2024-08-24 19:00:00,1.7572116884423548,1.7572116884423548
2024-08-24 20:00:00,2.317210059708403,2.317210059708403
2024-08-24 21:00:00,1.9048705248647724,1.9048705248647724
2024-08-24 22:00:00,0.0,0.0
2024-08-24 23:00:00,0.0,0.0
2024-08-25 00:00:00,0.0,0.0
2024-08-25 01:00:00,0.0,0.0
2024-08-25 02:00:00,0.0,0.0
2024-08-25 03:00:00,0.0,0.0
2024-08-25 04:00:00,0.0,0.0
2024-08-25 05:00:00,0.0,0.0
2024-08-25 06:00:00,0.0,0.0
2024-08-25 07:00:00,0.0,0.0
2024-08-25 08:00:00,0.0,0.0
2024-08-25 09:00:00,0.0,0.0
2024-08-25 10:00:00,0.060945685536968455,0.060945685536968455
2024-08-25 11:00:00,0.22394990448599125,0.22394990448599125
2024-08-25 12:00:00,0.49792177856594694,0.49792177856594694
2024-08-25 13:00:00,0.8281719947790117,0.8281719947790117
2024-08-25 14:00:00,1.2026921473580399,1.2026921473580399
2024-08-25 15:00:00,1.5410946785124477,1.5410946785124477
2024-08-25 16:00:00,1.5831712760780219,1.5831712760780219
2024-08-25 17:00:00,1.9403056081957004,1.9403056081957004
2024-08-25 18:00:00,2.2351153598617692,2.2351153598617692
2024-08-25 19:00:00,1.8217344586637292,1.8217344586637292
2024-08-25 20:00:00,2.2310206320466506,2.2310206320466506
2024-08-25 21:00:00,1.9643413422559635,1.9643413422559635
2024-08-25 22:00:00,0.0,0.0
2024-08-25 23:00:00,0.0,0.0
2024-08-26 00:00:00,0.0,0.0
2024-08-26 01:00:00,0.0,0.0
2024-08-26 02:00:00,0.0,0.0
2024-08-26 03:00:00,0.0,0.0
2024-08-26 04:00:00,0.0,0.0
2024-08-26 05:00:00,0.0,0.0
2024-08-26 06:00:00,0.0,0.0
2024-08-26 07:00:00,0.0,0.0
2024-08-26 08:00:00,0.0,0.0
2024-08-26 09:00:00,0.0,0.0
2024-08-26 10:00:00,0.10545293610789995,0.10545293610789995
2024-08-26 11:00:00,0.3563295123933789,0.3563295123933789
2024-08-26 12:00:00,0.8757774142596274,0.8757774142596274
2024-08-26 13:00:00,1.3854076669730802,1.3854076669730802
2024-08-26 14:00:00,2.1888152807316037,2.1888152807316037
2024-08-26 15:00:00,2.44631460902122,2.44631460902122
2024-08-26 16:00:00,2.472079005041559,2.472079005041559
2024-08-26 17:00:00,2.980387266035675,2.980387266035675
2024-08-26 18:00:00,2.801673552063322,2.801673552063322
2024-08-26 19:00:00,2.6317589254927705,2.6317589254927705
2024-08-26 20:00:00,3.444256635756077,3.444256635756077
2024-08-26 21:00:00,2.8627408541501675,2.8627408541501675
2024-08-26 22:00:00,0.0,0.0
2024-08-26 23:00:00,0.0,0.0
2024-08-27 00:00:00,0.0,0.0
2024-08-27 01:00:00,0.0,0.0
2024-08-27 02:00:00,0.0,0.0
2024-08-27 03:00:00,0.0,0.0
2024-08-27 04:00:00,0.0,0.0
2024-08-27 05:00:00,0.0,0.0
2024-08-27 06:00:00,0.0,0.0
2024-08-27 07:00:00,0.0,0.0
2024-08-27 08:00:00,0.0,0.0
2024-08-27 09:00:00,0.0,0.0
2024-08-27 10:00:00,0.11253977358909553,0.11253977358909553
2024-08-27 11:00:00,0.3506198033864603,0.3506198033864603
2024-08-27 12:00:00,0.7275970335549243,0.7275970335549243
2024-08-27 13:00:00,1.3973370513549175,1.3973370513549175
2024-08-27 14:00:00,1.9260823774347327,1.9260823774347327
2024-08-27 15:00:00,2.0000840662519,2.0000840662519
2024-08-27 16:00:00,2.5112489415283967,2.5112489415283967
2024-08-27 17:00:00,3.0194796946980316,3.0194796946980316
2024-08-27 18:00:00,2.666818447781799,2.666818447781799
2024-08-27 19:00:00,2.950850321903652,2.950850321903652
2024-08-27 20:00:00,3.215097429712054,3.215097429712054
2024-08-27 21:00:00,3.1101974376215447,3.1101974376215447
2024-08-27 22:00:00,0.0,0.0
2024-08-27 23:00:00,0.0,0.0
2024-08-28 00:00:00,0.0,0.0
2024-08-28 01:00:00,0.0,0.0
2024-08-28 02:00:00,0.0,0.0
2024-08-28 03:00:00,0.0,0.0
2024-08-28 04:00:00,0.0,0.0
2024-08-28 05:00:00,0.0,0.0
2024-08-28 06:00:00,0.0,0.0
2024-08-28 07:00:00,0.0,0.0
2024-08-28 08:00:00,0.0,0.0
2024-08-28 09:00:00,0.0,0.0
2024-08-28 10:00:00,0.09907572952308706,0.09907572952308706
2024-08-28 11:00:00,0.4292680136036758,0.4292680136036758
2024-08-28 12:00:00,0.7595345302693827,0.7595345302693827
2024-08-28 13:00:00,1.4297582473457469,1.4297582473457469
2024-08-28 14:00:00,1.8028286695476585,1.8028286695476585
2024-08-28 15:00:00,2.3694472522127104,2.3694472522127104
2024-08-28 16:00:00,2.847938691085931,2.847938691085931
2024-08-28 17:00:00,2.9003010884972737,2.9003010884972737
2024-08-28 18:00:00,3.1035943628445755,3.1035943628445755
2024-08-28 19:00:00,2.9649011155582983,2.9649011155582983
2024-08-28 20:00:00,3.6906201634754576,3.6906201634754576
2024-08-28 21:00:00,3.4090184669475465,3.4090184669475465
2024-08-28 22:00:00,0.0,0.0
2024-08-28 23:00:00,0.0,0.0
2024-08-29 00:00:00,0.0,0.0
2024-08-29 01:00:00,0.0,0.0
2024-08-29 02:00:00,0.0,0.0
2024-08-29 03:00:00,0.0,0.0
2024-08-29 04:00:00,0.0,0.0
2024-08-29 05:00:00,0.0,0.0
2024-08-29 06:00:00,0.0,0.0
2024-08-29 07:00:00,0.0,0.0
2024-08-29 08:00:00,0.0,0.0
2024-08-29 09:00:00,0.0,0.0
2024-08-29 10:00:00,0.09885207337503073,0.09885207337503073
2024-08-29 11:00:00,0.37500226858179175,0.37500226858179175
2024-08-29 12:00:00,0.6784160270004511,0.6784160270004511
2024-08-29 13:00:00,1.4223571684125782,1.4223571684125782
2024-08-29 14:00:00,2.04526840703673,2.04526840703673
2024-08-29 15:00:00,2.239743236100663,2.239743236100663
2024-08-29 16:00:00,2.1044511535538675,2.1044511535538675
2024-08-29 17:00:00,2.3333466408085806,2.3333466408085806
2024-08-29 18:00:00,2.6797006501421223,2.6797006501421223
2024-08-29 19:00:00,2.3300807828658034,2.3300807828658034
2024-08-29 20:00:00,3.0791428239128544,3.0791428239128544
2024-08-29 21:00:00,2.6507387876050648,2.6507387876050648
2024-08-29 22:00:00,0.0,0.0
2024-08-29 23:00:00,0.0,0.0
2024-08-30 00:00:00,0.0,0.0
2024-08-30 01:00:00,0.0,0.0
2024-08-30 02:00:00,0.0,0.0
2024-08-30 03:00:00,0.0,0.0
2024-08-30 04:00:00,0.0,0.0
2024-08-30 05:00:00,0.0,0.0
2024-08-30 06:00:00,0.0,0.0
2024-08-30 07:00:00,0.0,0.0
2024-08-30 08:00:00,0.0,0.0
2024-08-30 09:00:00,0.0,0.0
2024-08-30 10:00:00,0.10447135851969626,0.10447135851969626
2024-08-30 11:00:00,0.3466124767994091,0.3466124767994091
2024-08-30 12:00:00,0.8221928985250853,0.8221928985250853
2024-08-30 13:00:00,1.2269104367208956,1.2269104367208956
2024-08-30 14:00:00,2.0662910242035757,2.0662910242035757
2024-08-30 15:00:00,2.3142494879576945,2.3142494879576945
2024-08-30 16:00:00,2.5176832669302627,2.5176832669302627
2024-08-30 17:00:00,2.7868168267720606,2.7868168267720606
2024-08-30 18:00:00,2.572165260645353,2.572165260645353
2024-08-30 19:00:00,2.7521985351181595,2.7521985351181595
2024-08-30 20:00:00,2.880888599885555,2.880888599885555
2024-08-30 21:00:00,2.4795669422491953,2.4795669422491953
2024-08-30 22:00:00,0.0,0.0
2024-08-30 23:00:00,0.0,0.0
2024-08-31 00:00:00,0.0,0.0
2024-08-31 01:00:00,0.0,0.0
2024-08-31 02:00:00,0.0,0.0
2024-08-31 03:00:00,0.0,0.0
2024-08-31 04:00:00,0.0,0.0
2024-08-31 05:00:00,0.0,0.0
2024-08-31 06:00:00,0.0,0.0
2024-08-31 07:00:00,0.0,0.0
2024-08-31 08:00:00,0.0,0.0
2024-08-31 09:00:00,0.0,0.0
2024-08-31 10:00:00,0.08159412466468505,0.08159412466468505
2024-08-31 11:00:00,0.26655771274024803,0.26655771274024803
2024-08-31 12:00:00,0.5634601154751164,0.5634601154751164
2024-08-31 13:00:00,0.9530037341433885,0.9530037341433885
2024-08-31 14:00:00,1.5593119522057184,1.5593119522057184
2024-08-31 15:00:00,1.433879821264695,1.433879821264695
2024-08-31 16:00:00,2.1339392572098044,2.1339392572098044
2024-08-31 17:00:00,2.0016974181529896,2.0016974181529896
2024-08-31 18:00:00,2.15400991445072,2.15400991445072
2024-08-31 19:00:00,2.3358357223879467,2.3358357223879467
2024-08-31 20:00:00,2.07312118609943,2.07312118609943
2024-08-31 21:00:00,2.459853469559482,2.459853469559482
2024-08-31 22:00:00,0.0,0.0
2024-08-31 23:00:00,0.0,0.0
2024-09-01 00:00:00,0.0,0.0
2024-09-01 01:00:00,0.0,0.0
2024-09-01 02:00:00,0.0,0.0
2024-09-01 03:00:00,0.0,0.0
2024-09-01 04:00:00,0.0,0.0
2024-09-01 05:00:00,0.0,0.0
2024-09-01 06:00:00,0.0,0.0
2024-09-01 07:00:00,0.0,0.0
2024-09-01 08:00:00,0.0,0.0
2024-09-01 09:00:00,0.0,0.0
2024-09-01 10:00:00,0.07401779179493188,0.07401779179493188
2024-09-01 11:00:00,0.23371771556885956,0.23371771556885956
2024-09-01 12:00:00,0.5397417412119012,0.5397417412119012
2024-09-01 13:00:00,0.8341775829667583,0.8341775829667583
2024-09-01 14:00:00,1.4627020427555926,1.4627020427555926
2024-09-01 15:00:00,1.5973367317309466,1.5973367317309466
2024-09-01 16:00:00,1.9358897414766636,1.9358897414766636
2024-09-01 17:00:00,1.719194726159202,1.719194726159202
2024-09-01 18:00:00,1.9634556652583388,1.9634556652583388
2024-09-01 19:00:00,1.8304231389960899,1.8304231389960899
2024-09-01 20:00:00,2.319658118160935,2.319658118160935
2024-09-01 21:00:00,2.1400713781663496,2.1400713781663496
2024-09-01 22:00:00,0.0,0.0
2024-09-01 23:00:00,0.0,0.0
2024-09-02 00:00:00,0.0,0.0
2024-09-02 01:00:00,0.0,0.0
2024-09-02 02:00:00,0.0,0.0
2024-09-02 03:00:00,0.0,0.0
2024-09-02 04:00:00,0.0,0.0
2024-09-02 05:00:00,0.0,0.0
2024-09-02 06:00:00,0.0,0.0
2024-09-02 07:00:00,0.0,0.0
2024-09-02 08:00:00,0.0,0.0
2024-09-02 09:00:00,0.0,0.0
2024-09-02 10:00:00,0.10528482104547975,0.10528482104547975
2024-09-02 11:00:00,0.4115807254112052,0.4115807254112052
2024-09-02 12:00:00,0.7541433078789437,0.7541433078789437
2024-09-02 13:00:00,1.527880974365291,1.527880974365291
2024-09-02 14:00:00,1.6532740101013497,1.6532740101013497
2024-09-02 15:00:00,1.9075570234692814,1.9075570234692814
2024-09-02 16:00:00,2.3335543973669637,2.3335543973669637
2024-09-02 17:00:00,2.2712534383844956,2.2712534383844956
2024-09-02 18:00:00,2.7129307568794694,2.7129307568794694
2024-09-02 19:00:00,2.937097190968765,2.937097190968765
2024-09-02 20:00:00,2.775718128661178,2.775718128661178
2024-09-02 21:00:00,2.4479068279189153,2.4479068279189153
2024-09-02 22:00:00,0.0,0.0
2024-09-02 23:00:00,0.0,0.0
2024-09-03 00:00:00,0.0,0.0
2024-09-03 01:00:00,0.0,0.0
2024-09-03 02:00:00,0.0,0.0
2024-09-03 03:00:00,0.0,0.0
2024-09-03 04:00:00,0.0,0.0
2024-09-03 05:00:00,0.0,0.0
2024-09-03 06:00:00,0.0,0.0
2024-09-03 07:00:00,0.0,0.0
2024-09-03 08:00:00,0.0,0.0
2024-09-03 09:00:00,0.0,0.0
2024-09-03 10:00:00,0.0913745657036243,0.0913745657036243
2024-09-03 11:00:00,0.34719214337951854,0.34719214337951854
2024-09-03 12:00:00,0.7199419232612733,0.7199419232612733
2024-09-03 13:00:00,1.4655068074379045,1.4655068074379045
2024-09-03 14:00:00,2.0691059635039615,2.0691059635039615
2024-09-03 15:00:00,2.3228535394052483,2.3228535394052483
2024-09-03 16:00:00,2.9464857603474783,2.9464857603474783
2024-09-03 17:00:00,2.6432496050809315,2.6432496050809315
2024-09-03 18:00:00,2.798185579967266,2.798185579967266
2024-09-03 19:00:00,2.94140840799958,2.94140840799958
2024-09-03 20:00:00,2.776188458261585,2.776188458261585
2024-09-03 21:00:00,2.584817538959461,2.584817538959461
2024-09-03 22:00:00,0.0,0.0
2024-09-03 23:00:00,0.0,0.0
2024-09-04 00:00:00,0.0,0.0
2024-09-04 01:00:00,0.0,0.0
2024-09-04 02:00:00,0.0,0.0
2024-09-04 03:00:00,0.0,0.0
2024-09-04 04:00:00,0.0,0.0
2024-09-04 05:00:00,0.0,0.0
2024-09-04 06:00:00,0.0,0.0
2024-09-04 07:00:00,0.0,0.0
2024-09-04 08:00:00,0.0,0.0
2024-09-04 09:00:00,0.0,0.0
2024-09-04 10:00:00,0.11635546983660804,0.11635546983660804
2024-09-04 11:00:00,0.4638803682702034,0.4638803682702034
2024-09-04 12:00:00,0.8595170279746708,0.8595170279746708
2024-09-04 13:00:00,1.5442151911781719,1.5442151911781719
2024-09-04 14:00:00,2.006922393032381,2.006922393032381
2024-09-04 15:00:00,2.442348335307947,2.442348335307947
2024-09-04 16:00:00,3.091663740170685,3.091663740170685
2024-09-04 17:00:00,2.921334531112059,2.921334531112059
2024-09-04 18:00:00,2.9493492127813132,2.9493492127813132
2024-09-04 19:00:00,3.487202343854238,3.487202343854238
2024-09-04 20:00:00,3.278140167140212,3.278140167140212
2024-09-04 21:00:00,3.3501110474415623,3.3501110474415623
2024-09-04 22:00:00,0.0,0.0
2024-09-04 23:00:00,0.0,0.0
2024-09-05 00:00:00,0.0,0.0
2024-09-05 01:00:00,0.0,0.0
2024-09-05 02:00:00,0.0,0.0
2024-09-05 03:00:00,0.0,0.0
2024-09-05 04:00:00,0.0,0.0
2024-09-05 05:00:00,0.0,0.0
2024-09-05 06:00:00,0.0,0.0
2024-09-05 07:00:00,0.0,0.0
2024-09-05 08:00:00,0.0,0.0
2024-09-05 09:00:00,0.0,0.0
2024-09-05 10:00:00,0.09981609388474275,0.09981609388474275
2024-09-05 11:00:00,0.30831500109810545,0.30831500109810545
2024-09-05 12:00:00,0.7078966005263267,0.7078966005263267
2024-09-05 13:00:00,1.445464009523955,1.445464009523955
2024-09-05 14:00:00,1.7816678905101155,1.7816678905101155
2024-09-05 15:00:00,1.8739634534070615,1.8739634534070615
2024-09-05 16:00:00,2.684639411053532,2.684639411053532
2024-09-05 17:00:00,2.6723157085293336,2.6723157085293336
2024-09-05 18:00:00,3.0176756072816495,3.0176756072816495
2024-09-05 19:00:00,3.0570570343442287,3.0570570343442287
2024-09-05 20:00:00,3.3447160292479405,3.3447160292479405
2024-09-05 21:00:00,2.649794919751685,2.649794919751685
2024-09-05 22:00:00,0.0,0.0
2024-09-05 23:00:00,0.0,0.0
2024-09-06 00:00:00,0.0,0.0
2024-09-06 01:00:00,0.0,0.0
2024-09-06 02:00:00,0.0,0.0
2024-09-06 03:00:00,0.0,0.0
2024-09-06 04:00:00,0.0,0.0
2024-09-06 05:00:00,0.0,0.0
2024-09-06 06:00:00,0.0,0.0
2024-09-06 07:00:00,0.0,0.0
2024-09-06 08:00:00,0.0,0.0
2024-09-06 09:00:00,0.0,0.0
2024-09-06 10:00:00,0.09506658299708129,0.09506658299708129
2024-09-06 11:00:00,0.34636512599344416,0.34636512599344416
2024-09-06 12:00:00,0.6693592395957566,0.6693592395957566
2024-09-06 13:00:00,1.3737061155865589,1.3737061155865589
2024-09-06 14:00:00,1.8490094143987126,1.8490094143987126
2024-09-06 15:00:00,2.0917523238487625,2.0917523238487625
2024-09-06 16:00:00,2.5920495887509145,2.5920495887509145
2024-09-06 17:00:00,2.8218714914002656,2.8218714914002656
2024-09-06 18:00:00,2.9272344737871534,2.9272344737871534
2024-09-06 19:00:00,3.4444853101275914,3.4444853101275914
2024-09-06 20:00:00,3.2191620278109054,3.2191620278109054
2024-09-06 21:00:00,2.9329488701785817,2.9329488701785817
2024-09-06 22:00:00,0.0,0.0
2024-09-06 23:00:00,0.0,0.0
2024-09-07 00:00:00,0.0,0.0
2024-09-07 01:00:00,0.0,0.0
2024-09-07 02:00:00,0.0,0.0
2024-09-07 03:00:00,0.0,0.0
2024-09-07 04:00:00,0.0,0.0
2024-09-07 05:00:00,0.0,0.0
2024-09-07 06:00:00,0.0,0.0
2024-09-07 07:00:00,0.0,0.0
2024-09-07 08:00:00,0.0,0.0
2024-09-07 09:00:00,0.0,0.0
2024-09-07 10:00:00,0.07021649099301726,0.07021649099301726
2024-09-07 11:00:00,0.2927835683265843,0.2927835683265843
2024-09-07 12:00:00,0.546471724966733,0.546471724966733
2024-09-07 13:00:00,1.0573740341309594,1.0573740341309594
2024-09-07 14:00:00,1.3248457779919705,1.3248457779919705
2024-09-07 15:00:00,1.6770469157642691,1.6770469157642691
2024-09-07 16:00:00,1.9592228816760453,1.9592228816760453
2024-09-07 17:00:00,1.859357640726094,1.859357640726094
2024-09-07 18:00:00,2.1327193939853735,2.1327193939853735
2024-09-07 19:00:00,2.282926965744306,2.282926965744306
2024-09-07 20:00:00,2.3203401663957943,2.3203401663957943
2024-09-07 21:00:00,1.7835339322507664,1.7835339322507664
2024-09-07 22:00:00,0.0,0.0
2024-09-07 23:00:00,0.0,0.0
2024-09-08 00:00:00,0.0,0.0
2024-09-08 01:00:00,0.0,0.0
2024-09-08 02:00:00,0.0,0.0
2024-09-08 03:00:00,0.0,0.0
2024-09-08 04:00:00,0.0,0.0
2024-09-08 05:00:00,0.0,0.0
2024-09-08 06:00:00,0.0,0.0
2024-09-08 07:00:00,0.0,0.0
2024-09-08 08:00:00,0.0,0.0
2024-09-08 09:00:00,0.0,0.0
2024-09-08 10:00:00,0.08057544150499167,0.08057544150499167
2024-09-08 11:00:00,0.30753505646177426,0.30753505646177426
2024-09-08 12:00:00,0.6082824864377638,0.6082824864377638
2024-09-08 13:00:00,0.9724183126800352,0.9724183126800352
2024-09-08 14:00:00,1.500627333216785,1.500627333216785
2024-09-08 15:00:00,1.773954137678328,1.773954137678328
2024-09-08 16:00:00,1.967222583418036,1.967222583418036
2024-09-08 17:00:00,2.0073498256332765,2.0073498256332765
2024-09-08 18:00:00,2.2921738226593074,2.2921738226593074
2024-09-08 19:00:00,2.302799264348793,2.302799264348793
2024-09-08 20:00:00,2.290472988183164,2.290472988183164
2024-09-08 21:00:00,2.406388560660797,2.406388560660797
2024-09-08 22:00:00,0.0,0.0
2024-09-08 23:00:00,0.0,0.0
2024-09-09 00:00:00,0.0,0.0
2024-09-09 01:00:00,0.0,0.0
2024-09-09 02:00:00,0.0,0.0
2024-09-09 03:00:00,0.0,0.0
2024-09-09 04:00:00,0.0,0.0
2024-09-09 05:00:00,0.0,0.0
2024-09-09 06:00:00,0.0,0.0
2024-09-09 07:00:00,0.0,0.0
2024-09-09 08:00:00,0.0,0.0
2024-09-09 09:00:00,0.0,0.0
2024-09-09 10:00:00,0.10729468239082093,0.10729468239082093
2024-09-09 11:00:00,0.35278402496098216,0.35278402496098216
2024-09-09 12:00:00,0.8313758933106442,0.8313758933106442
2024-09-09 13:00:00,1.4191085778763004,1.4191085778763004
2024-09-09 14:00:00,2.275162406204816,2.275162406204816
2024-09-09 15:00:00,2.0324173564678363,2.0324173564678363
2024-09-09 16:00:00,2.7404476337399517,2.7404476337399517
2024-09-09 17:00:00,2.778920440183126,2.778920440183126
2024-09-09 18:00:00,2.986195891671758,2.986195891671758
2024-09-09 19:00:00,3.2912210474017,3.2912210474017
2024-09-09 20:00:00,3.7497756164416525,3.7497756164416525
2024-09-09 21:00:00,2.951481680595862,2.951481680595862
2024-09-09 22:00:00,0.0,0.0
2024-09-09 23:00:00,0.0,0.0
2024-09-10 00:00:00,0.0,0.0
2024-09-10 01:00:00,0.0,0.0
2024-09-10 02:00:00,0.0,0.0
2024-09-10 03:00:00,0.0,0.0
2024-09-10 04:00:00,0.0,0.0
2024-09-10 05:00:00,0.0,0.0
2024-09-10 06:00:00,0.0,0.0
2024-09-10 07:00:00,0.0,0.0
2024-09-10 08:00:00,0.0,0.0
2024-09-10 09:00:00,0.0,0.0
2024-09-10 10:00:00,0.12081048735090333,0.12081048735090333
2024-09-10 11:00:00,0.3895369499461938,0.3895369499461938
2024-09-10 12:00:00,0.8913050351134609,0.8913050351134609
2024-09-10 13:00:00,1.672489627258214,1.672489627258214
2024-09-10 14:00:00,1.9557321785495918,1.9557321785495918
2024-09-10 15:00:00,2.0715808295805647,2.0715808295805647
2024-09-10 16:00:00,2.75430669419242,2.75430669419242
2024-09-10 17:00:00,3.2810113040442976,3.2810113040442976
2024-09-10 18:00:00,3.0178849974432613,3.0178849974432613
2024-09-10 19:00:00,2.783565742329205,2.783565742329205
2024-09-10 20:00:00,3.6476554144840256,3.6476554144840256
2024-09-10 21:00:00,3.5103115319279268,3.5103115319279268
2024-09-10 22:00:00,0.0,0.0
2024-09-10 23:00:00,0.0,0.0
2024-09-11 00:00:00,0.0,0.0
2024-09-11 01:00:00,0.0,0.0
2024-09-11 02:00:00,0.0,0.0
2024-09-11 03:00:00,0.0,0.0
2024-09-11 04:00:00,0.0,0.0
2024-09-11 05:00:00,0.0,0.0
2024-09-11 06:00:00,0.0,0.0
2024-09-11 07:00:00,0.0,0.0
2024-09-11 08:00:00,0.0,0.0
2024-09-11 09:00:00,0.0,0.0
2024-09-11 10:00:00,0.0926508130927952,0.0926508130927952
2024-09-11 11:00:00,0.3429254728122491,0.3429254728122491
2024-09-11 12:00:00,0.6343992988599293,0.6343992988599293
2024-09-11 13:00:00,1.338040154230674,1.338040154230674
2024-09-11 14:00:00,2.0676557713336767,2.0676557713336767
2024-09-11 15:00:00,1.9252869963121826,1.9252869963121826
2024-09-11 16:00:00,2.5256366091420057,2.5256366091420057
2024-09-11 17:00:00,2.8933450995336756,2.8933450995336756
2024-09-11 18:00:00,2.9184492267283995,2.9184492267283995
2024-09-11 19:00:00,2.8668244873975977,2.8668244873975977
2024-09-11 20:00:00,3.646173402664997,3.646173402664997
2024-09-11 21:00:00,3.157276127641515,3.157276127641515
2024-09-11 22:00:00,0.0,0.0
2024-09-11 23:00:00,0.0,0.0
2024-09-12 00:00:00,0.0,0.0
2024-09-12 01:00:00,0.0,0.0
2024-09-12 02:00:00,0.0,0.0
2024-09-12 03:00:00,0.0,0.0
2024-09-12 04:00:00,0.0,0.0
2024-09-12 05:00:00,0.0,0.0
2024-09-12 06:00:00,0.0,0.0
2024-09-12 07:00:00,0.0,0.0
2024-09-12 08:00:00,0.0,0.0
2024-09-12 09:00:00,0.0,0.0
2024-09-12 10:00:00,0.10133574289839664,0.10133574289839664
2024-09-12 11:00:00,0.3602712879551711,0.3602712879551711
2024-09-12 12:00:00,0.6369950294644363,0.6369950294644363
2024-09-12 13:00:00,1.5370385828339677,1.5370385828339677
2024-09-12 14:00:00,1.9696017510339328,1.9696017510339328
2024-09-12 15:00:00,2.0256739924637004,2.0256739924637004
2024-09-12 16:00:00,2.4911984731279944,2.4911984731279944
2024-09-12 17:00:00,2.6326697892785536,2.6326697892785536
2024-09-12 18:00:00,2.8583727158890593,2.8583727158890593
2024-09-12 19:00:00,2.8534147270288366,2.8534147270288366
2024-09-12 20:00:00,3.6115671210903018,3.6115671210903018
2024-09-12 21:00:00,2.8241068343015363,2.8241068343015363
2024-09-12 22:00:00,0.0,0.0
2024-09-12 23:00:00,0.0,0.0
2024-09-13 00:00:00,0.0,0.0
2024-09-13 01:00:00,0.0,0.0
2024-09-13 02:00:00,0.0,0.0
2024-09-13 03:00:00,0.0,0.0
2024-09-13 04:00:00,0.0,0.0
2024-09-13 05:00:00,0.0,0.0
2024-09-13 06:00:00,0.0,0.0
2024-09-13 07:00:00,0.0,0.0
2024-09-13 08:00:00,0.0,0.0
2024-09-13 09:00:00,0.0,0.0
2024-09-13 10:00:00,0.08578647775829915,0.08578647775829915
2024-09-13 11:00:00,0.35627378815208655,0.35627378815208655
2024-09-13 12:00:00,0.6328603657318387,0.6328603657318387
2024-09-13 13:00:00,1.3840345540644041,1.3840345540644041
2024-09-13 14:00:00,1.97812809191199,1.97812809191199
2024-09-13 15:00:00,2.340555539464227,2.340555539464227
2024-09-13 16:00:00,2.8464081663441085,2.8464081663441085
2024-09-13 17:00:00,2.2523425786912057,2.2523425786912057
2024-09-13 18:00:00,2.785568551904935,2.785568551904935
2024-09-13 19:00:00,2.519817384528294,2.519817384528294
2024-09-13 20:00:00,3.537630290572774,3.537630290572774
2024-09-13 21:00:00,2.6788029824088295,2.6788029824088295
2024-09-13 22:00:00,0.0,0.0
2024-09-13 23:00:00,0.0,0.0
2024-09-14 00:00:00,0.0,0.0
2024-09-14 01:00:00,0.0,0.0
2024-09-14 02:00:00,0.0,0.0
2024-09-14 03:00:00,0.0,0.0
2024-09-14 04:00:00,0.0,0.0
2024-09-14 05:00:00,0.0,0.0
2024-09-14 06:00:00,0.0,0.0
2024-09-14 07:00:00,0.0,0.0
2024-09-14 08:00:00,0.0,0.0
2024-09-14 09:00:00,0.0,0.0
2024-09-14 10:00:00,0.07146680019765957,0.07146680019765957
2024-09-14 11:00:00,0.2647597009170241,0.2647597009170241
2024-09-14 12:00:00,0.5322029556225327,0.5322029556225327
2024-09-14 13:00:00,1.0871804328421162,1.0871804328421162
2024-09-14 14:00:00,1.4766251049198296,1.4766251049198296
2024-09-14 15:00:00,1.376912374456438,1.376912374456438
2024-09-14 16:00:00,1.4949079422746503,1.4949079422746503
2024-09-14 17:00:00,1.5702579191677335,1.5702579191677335
2024-09-14 18:00:00,1.9649900266498808,1.9649900266498808
2024-09-14 19:00:00,2.1967840591351617,2.1967840591351617
2024-09-14 20:00:00,1.888360874802854,1.888360874802854
2024-09-14 21:00:00,1.759535329392715,1.759535329392715
2024-09-14 22:00:00,0.0,0.0
2024-09-14 23:00:00,0.0,0.0
2024-09-15 00:00:00,0.0,0.0
2024-09-15 01:00:00,0.0,0.0
2024-09-15 02:00:00,0.0,0.0
2024-09-15 03:00:00,0.0,0.0
2024-09-15 04:00:00,0.0,0.0
2024-09-15 05:00:00,0.0,0.0
2024-09-15 06:00:00,0.0,0.0
2024-09-15 07:00:00,0.0,0.0
2024-09-15 08:00:00,0.0,0.0
2024-09-15 09:00:00,0.0,0.0
2024-09-15 10:00:00,0.06220379303114992,0.06220379303114992
2024-09-15 11:00:00,0.28236124202443846,0.28236124202443846
2024-09-15 12:00:00,0.5114385580052705,0.5114385580052705
2024-09-15 13:00:00,1.1386951321555598,1.1386951321555598
2024-09-15 14:00:00,1.5419802132479041,1.5419802132479041
2024-09-15 15:00:00,1.3523203835726483,1.3523203835726483
2024-09-15 16:00:00,1.9538859178057755,1.9538859178057755
2024-09-15 17:00:00,1.656884230367227,1.656884230367227
2024-09-15 18:00:00,2.331512179814977,2.331512179814977
2024-09-15 19:00:00,2.1453764480253508,2.1453764480253508
2024-09-15 20:00:00,2.553637700179791,2.553637700179791
2024-09-15 21:00:00,2.3136450066655727,2.3136450066655727
2024-09-15 22:00:00,0.0,0.0
2024-09-15 23:00:00,0.0,0.0
2024-09-16 00:00:00,0.0,0.0
2024-09-16 01:00:00,0.0,0.0
2024-09-16 02:00:00,0.0,0.0
2024-09-16 03:00:00,0.0,0.0
2024-09-16 04:00:00,0.0,0.0
2024-09-16 05:00:00,0.0,0.0
2024-09-16 06:00:00,0.0,0.0
2024-09-16 07:00:00,0.0,0.0
2024-09-16 08:00:00,0.0,0.0
2024-09-16 09:00:00,0.0,0.0
2024-09-16 10:00:00,0.10411922380148246,0.10411922380148246
2024-09-16 11:00:00,0.4226775684212223,0.4226775684212223
2024-09-16 12:00:00,0.6073559060869514,0.6073559060869514
2024-09-16 13:00:00,1.2224102279120477,1.2224102279120477
2024-09-16 14:00:00,1.7538041852833879,1.7538041852833879
2024-09-16 15:00:00,2.211495856442913,2.211495856442913
2024-09-16 16:00:00,2.5135477095477876,2.5135477095477876
2024-09-16 17:00:00,2.759350637629514,2.759350637629514
2024-09-16 18:00:00,2.75022589598717,2.75022589598717
2024-09-16 19:00:00,3.0941742173425135,3.0941742173425135
2024-09-16 20:00:00,2.703400554192303,2.703400554192303
2024-09-16 21:00:00,2.649068961759413,2.649068961759413
2024-09-16 22:00:00,0.0,0.0
2024-09-16 23:00:00,0.0,0.0
2024-09-17 00:00:00,0.0,0.0
2024-09-17 01:00:00,0.0,0.0
2024-09-17 02:00:00,0.0,0.0
2024-09-17 03:00:00,0.0,0.0
2024-09-17 04:00:00,0.0,0.0
2024-09-17 05:00:00,0.0,0.0
2024-09-17 06:00:00,0.0,0.0
2024-09-17 07:00:00,0.0,0.0
2024-09-17 08:00:00,0.0,0.0
2024-09-17 09:00:00,0.0,0.0
2024-09-17 10:00:00,0.08776930274876935,0.08776930274876935
2024-09-17 11:00:00,0.3548476625329581,0.3548476625329581
2024-09-17 12:00:00,0.6711267823429694,0.6711267823429694
2024-09-17 13:00:00,1.3055775372299596,1.3055775372299596
2024-09-17 14:00:00,2.122900466258589,2.122900466258589
2024-09-17 15:00:00,2.3642455580260644,2.3642455580260644
2024-09-17 16:00:00,2.35905912108903,2.35905912108903
2024-09-17 17:00:00,2.6749328207240786,2.6749328207240786
2024-09-17 18:00:00,3.1382590431208723,3.1382590431208723
2024-09-17 19:00:00,2.4504954422963454,2.4504954422963454
2024-09-17 20:00:00,2.727569449923632,2.727569449923632
2024-09-17 21:00:00,2.63917019268491,2.63917019268491
2024-09-17 22:00:00,0.0,0.0
2024-09-17 23:00:00,0.0,0.0
2024-09-18 00:00:00,0.0,0.0
2024-09-18 01:00:00,0.0,0.0
2024-09-18 02:00:00,0.0,0.0
2024-09-18 03:00:00,0.0,0.0
2024-09-18 04:00:00,0.0,0.0
2024-09-18 05:00:00,0.0,0.0
2024-09-18 06:00:00,0.0,0.0
2024-09-18 07:00:00,0.0,0.0
2024-09-18 08:00:00,0.0,0.0
2024-09-18 09:00:00,0.0,0.0
2024-09-18 10:00:00,0.11400462295696445,0.11400462295696445
2024-09-18 11:00:00,0.4250169678572055,0.4250169678572055
2024-09-18 12:00:00,0.6717702481384197,0.6717702481384197
2024-09-18 13:00:00,1.6763735143567713,1.6763735143567713
2024-09-18 14:00:00,1.9184582988331358,1.9184582988331358
2024-09-18 15:00:00,2.2241101829626286,2.2241101829626286
2024-09-18 16:00:00,2.6912206699832635,2.6912206699832635
2024-09-18 17:00:00,2.3859801208020026,2.3859801208020026
2024-09-18 18:00:00,3.466844247600791,3.466844247600791
2024-09-18 19:00:00,3.163966179193652,3.163966179193652
2024-09-18 20:00:00,3.3232714155954453,3.3232714155954453
2024-09-18 21:00:00,3.064491538036146,3.064491538036146
2024-09-18 22:00:00,0.0,0.0
2024-09-18 23:00:00,0.0,0.0
2024-09-19 00:00:00,0.0,0.0
2024-09-19 01:00:00,0.0,0.0
2024-09-19 02:00:00,0.0,0.0
2024-09-19 03:00:00,0.0,0.0
2024-09-19 04:00:00,0.0,0.0
2024-09-19 05:00:00,0.0,0.0
2024-09-19 06:00:00,0.0,0.0
2024-09-19 07:00:00,0.0,0.0
2024-09-19 08:00:00,0.0,0.0
2024-09-19 09:00:00,0.0,0.0
2024-09-19 10:00:00,0.08099190092786361,0.08099190092786361
2024-09-19 11:00:00,0.33067872729342124,0.33067872729342124
2024-09-19 12:00:00,0.7253493101655004,0.7253493101655004
2024-09-19 13:00:00,1.1993476394002385,1.1993476394002385
2024-09-19 14:00:00,1.5614366899043597,1.5614366899043597
2024-09-19 15:00:00,2.115898817106163,2.115898817106163
2024-09-19 16:00:00,2.3171129587252595,2.3171129587252595
2024-09-19 17:00:00,2.2303928484450495,2.2303928484450495
2024-09-19 18:00:00,2.32206351390093,2.32206351390093
2024-09-19 19:00:00,2.782734062939139,2.782734062939139
2024-09-19 20:00:00,3.3420545990598804,3.3420545990598804
2024-09-19 21:00:00,2.5921049432064645,2.5921049432064645
2024-09-19 22:00:00,0.0,0.0
2024-09-19 23:00:00,0.0,0.0
2024-09-20 00:00:00,0.0,0.0
2024-09-20 01:00:00,0.0,0.0
2024-09-20 02:00:00,0.0,0.0
2024-09-20 03:00:00,0.0,0.0
2024-09-20 04:00:00,0.0,0.0
2024-09-20 05:00:00,0.0,0.0
2024-09-20 06:00:00,0.0,0.0
2024-09-20 07:00:00,0.0,0.0
2024-09-20 08:00:00,0.0,0.0
2024-09-20 09:00:00,0.0,0.0
2024-09-20 10:00:00,0.09659852392631124,0.09659852392631124
2024-09-20 11:00:00,0.3430970683461545,0.3430970683461545
2024-09-20 12:00:00,0.6406297266009306,0.6406297266009306
2024-09-20 13:00:00,1.4955614700171795,1.4955614700171795
2024-09-20 14:00:00,1.7897627324321703,1.7897627324321703
2024-09-20 15:00:00,2.176350783536896,2.176350783536896
2024-09-20 16:00:00,2.268327602694173,2.268327602694173
2024-09-20 17:00:00,2.3668456401053932,2.3668456401053932
2024-09-20 18:00:00,2.3134901916444703,2.3134901916444703
2024-09-20 19:00:00,3.1558949083054637,3.1558949083054637
2024-09-20 20:00:00,3.082463452688277,3.082463452688277
2024-09-20 21:00:00,3.034407171740984,3.034407171740984
2024-09-20 22:00:00,0.0,0.0
2024-09-20 23:00:00,0.0,0.0
2024-09-21 00:00:00,0.0,0.0
2024-09-21 01:00:00,0.0,0.0
2024-09-21 02:00:00,0.0,0.0
2024-09-21 03:00:00,0.0,0.0
2024-09-21 04:00:00,0.0,0.0
2024-09-21 05:00:00,0.0,0.0
2024-09-21 06:00:00,0.0,0.0
2024-09-21 07:00:00,0.0,0.0
2024-09-21 08:00:00,0.0,0.0
2024-09-21 09:00:00,0.0,0.0
2024-09-21 10:00:00,0.068926042482019,0.068926042482019
2024-09-21 11:00:00,0.23355716261454024,0.23355716261454024
2024-09-21 12:00:00,0.4388981320966,0.4388981320966
2024-09-21 13:00:00,1.0874544928221233,1.0874544928221233
2024-09-21 14:00:00,1.2166029305140909,1.2166029305140909
2024-09-21 15:00:00,1.3174679586363287,1.3174679586363287
2024-09-21 16:00:00,1.8773962698184914,1.8773962698184914
2024-09-21 17:00:00,2.093696431188075,2.093696431188075
2024-09-21 18:00:00,1.7151740289253552,1.7151740289253552
2024-09-21 19:00:00,1.9140862223707837,1.9140862223707837
2024-09-21 20:00:00,1.8917411466593916,1.8917411466593916
2024-09-21 21:00:00,1.7219957940484416,1.7219957940484416
2024-09-21 22:00:00,0.0,0.0
2024-09-21 23:00:00,0.0,0.0
2024-09-22 00:00:00,0.0,0.0
2024-09-22 01:00:00,0.0,0.0
2024-09-22 02:00:00,0.0,0.0
2024-09-22 03:00:00,0.0,0.0
2024-09-22 04:00:00,0.0,0.0
2024-09-22 05:00:00,0.0,0.0
2024-09-22 06:00:00,0.0,0.0
2024-09-22 07:00:00,0.0,0.0
2024-09-22 08:00:00,0.0,0.0
2024-09-22 09:00:00,0.0,0.0
2024-09-22 10:00:00,0.05865675967927927,0.05865675967927927
2024-09-22 11:00:00,0.28957189418604,0.28957189418604
2024-09-22 12:00:00,0.4579281387037617,0.4579281387037617
2024-09-22 13:00:00,1.0588945263844944,1.0588945263844944
2024-09-22 14:00:00,1.5508897719981545,1.5508897719981545
2024-09-22 15:00:00,1.392894772864509,1.392894772864509
2024-09-22 16:00:00,1.8671381452102025,1.8671381452102025
2024-09-22 17:00:00,2.1627736993515945,2.1627736993515945
2024-09-22 18:00:00,1.9539906545175736,1.9539906545175736
2024-09-22 19:00:00,1.9542697045445205,1.9542697045445205
2024-09-22 20:00:00,2.0080093077045107,2.0080093077045107
2024-09-22 21:00:00,2.2113789927885295,2.2113789927885295
2024-09-22 22:00:00,0.0,0.0
2024-09-22 23:00:00,0.0,0.0
2024-09-23 00:00:00,0.0,0.0
2024-09-23 01:00:00,0.0,0.0
2024-09-23 02:00:00,0.0,0.0
2024-09-23 03:00:00,0.0,0.0
2024-09-23 04:00:00,0.0,0.0
2024-09-23 05:00:00,0.0,0.0
2024-09-23 06:00:00,0.0,0.0
2024-09-23 07:00:00,0.0,0.0
2024-09-23 08:00:00,0.0,0.0
2024-09-23 09:00:00,0.0,0.0
2024-09-23 10:00:00,0.10198409043929497,0.10198409043929497
2024-09-23 11:00:00,0.37086138778881106,0.37086138778881106
2024-09-23 12:00:00,0.7075396910357095,0.7075396910357095
2024-09-23 13:00:00,1.412099724155408,1.412099724155408
2024-09-23 14:00:00,2.0557511954814167,2.0557511954814167
2024-09-23 15:00:00,1.916490527985498,1.916490527985498
2024-09-23 16:00:00,2.811426205356699,2.811426205356699
2024-09-23 17:00:00,2.6829422028032472,2.6829422028032472
2024-09-23 18:00:00,3.185538567269481,3.185538567269481
2024-09-23 19:00:00,3.1019095794348592,3.1019095794348592
2024-09-23 20:00:00,3.0731204083597063,3.0731204083597063
2024-09-23 21:00:00,3.214097609903221,3.214097609903221
2024-09-23 22:00:00,0.0,0.0
2024-09-23 23:00:00,0.0,0.0
2024-09-24 00:00:00,0.0,0.0
2024-09-24 01:00:00,0.0,0.0
2024-09-24 02:00:00,0.0,0.0
2024-09-24 03:00:00,0.0,0.0
2024-09-24 04:00:00,0.0,0.0
2024-09-24 05:00:00,0.0,0.0
2024-09-24 06:00:00,0.0,0.0
2024-09-24 07:00:00,0.0,0.0
2024-09-24 08:00:00,0.0,0.0
2024-09-24 09:00:00,0.0,0.0
2024-09-24 10:00:00,0.10641030018943745,0.10641030018943745
2024-09-24 11:00:00,0.4286268627368502,0.4286268627368502
2024-09-24 12:00:00,0.7773280339205663,0.7773280339205663
2024-09-24 13:00:00,1.5869193058112634,1.5869193058112634
2024-09-24 14:00:00,1.783443089303543,1.783443089303543
2024-09-24 15:00:00,2.4764436730156936,2.4764436730156936
2024-09-24 16:00:00,2.49583681121069,2.49583681121069
2024-09-24 17:00:00,2.8743418090338277,2.8743418090338277
2024-09-24 18:00:00,2.7324457294993163,2.7324457294993163
2024-09-24 19:00:00,2.8554323442073195,2.8554323442073195
2024-09-24 20:00:00,3.791359743753093,3.791359743753093
2024-09-24 21:00:00,2.889640877827546,2.889640877827546
2024-09-24 22:00:00,0.0,0.0
2024-09-24 23:00:00,0.0,0.0
2024-09-25 00:00:00,0.0,0.0
2024-09-25 01:00:00,0.0,0.0
2024-09-25 02:00:00,0.0,0.0
2024-09-25 03:00:00,0.0,0.0
2024-09-25 04:00:00,0.0,0.0
2024-09-25 05:00:00,0.0,0.0
2024-09-25 06:00:00,0.0,0.0
2024-09-25 07:00:00,0.0,0.0
2024-09-25 08:00:00,0.0,0.0
2024-09-25 09:00:00,0.0,0.0
2024-09-25 10:00:00,0.08829378939084177,0.08829378939084177
2024-09-25 11:00:00,0.32747230742972905,0.32747230742972905
2024-09-25 12:00:00,0.7644625313935997,0.7644625313935997
2024-09-25 13:00:00,1.2177914860976442,1.2177914860976442
2024-09-25 14:00:00,1.7435901427766662,1.7435901427766662
2024-09-25 15:00:00,1.9243306404705192,1.9243306404705192
2024-09-25 16:00:00,2.471168476940863,2.471168476940863
2024-09-25 17:00:00,2.8560105299294776,2.8560105299294776
2024-09-25 18:00:00,2.8223829708891794,2.8223829708891794
2024-09-25 19:00:00,3.0258496433211315,3.0258496433211315
2024-09-25 20:00:00,3.1595179704703495,3.1595179704703495
2024-09-25 21:00:00,3.255760112316562,3.255760112316562
2024-09-25 22:00:00,0.0,0.0
2024-09-25 23:00:00,0.0,0.0
2024-09-26 00:00:00,0.0,0.0
2024-09-26 01:00:00,0.0,0.0
2024-09-26 02:00:00,0.0,0.0
2024-09-26 03:00:00,0.0,0.0
2024-09-26 04:00:00,0.0,0.0
2024-09-26 05:00:00,0.0,0.0
2024-09-26 06:00:00,0.0,0.0
2024-09-26 07:00:00,0.0,0.0
2024-09-26 08:00:00,0.0,0.0
2024-09-26 09:00:00,0.0,0.0
2024-09-26 10:00:00,0.09629878018965171,0.09629878018965171
2024-09-26 11:00:00,0.35665261081358274,0.35665261081358274
2024-09-26 12:00:00,0.6742451629229607,0.6742451629229607
2024-09-26 13:00:00,1.370223745990499,1.370223745990499
2024-09-26 14:00:00,1.692077316876437,1.692077316876437
2024-09-26 15:00:00,1.955861167305997,1.955861167305997
2024-09-26 16:00:00,2.402335532640791,2.402335532640791
2024-09-26 17:00:00,2.639539369025765,2.639539369025765
2024-09-26 18:00:00,3.093858009474892,3.093858009474892
2024-09-26 19:00:00,2.6158098792213105,2.6158098792213105
2024-09-26 20:00:00,2.8942239028014454,2.8942239028014454
2024-09-26 21:00:00,2.935885295910207,2.935885295910207
2024-09-26 22:00:00,0.0,0.0
2024-09-26 23:00:00,0.0,0.0
2024-09-27 00:00:00,0.0,0.0
2024-09-27 01:00:00,0.0,0.0
2024-09-27 02:00:00,0.0,0.0
2024-09-27 03:00:00,0.0,0.0
2024-09-27 04:00:00,0.0,0.0
2024-09-27 05:00:00,0.0,0.0
2024-09-27 06:00:00,0.0,0.0
2024-09-27 07:00:00,0.0,0.0
2024-09-27 08:00:00,0.0,0.0
2024-09-27 09:00:00,0.0,0.0
2024-09-27 10:00:00,0.09749566312734131,0.09749566312734131
2024-09-27 11:00:00,0.41840191596890625,0.41840191596890625
2024-09-27 12:00:00,0.6811337761529703,0.6811337761529703
2024-09-27 13:00:00,1.4934251333483535,1.4934251333483535
2024-09-27 14:00:00,2.2413163798970075,2.2413163798970075
2024-09-27 15:00:00,2.138498737063446,2.138498737063446
2024-09-27 16:00:00,2.433168804348171,2.433168804348171
2024-09-27 17:00:00,2.6107027958604205,2.6107027958604205
2024-09-27 18:00:00,3.5855875171841163,3.5855875171841163
2024-09-27 19:00:00,3.2198877328598976,3.2198877328598976
2024-09-27 20:00:00,3.21428636137713,3.21428636137713
2024-09-27 21:00:00,2.8828271817002133,2.8828271817002133
2024-09-27 22:00:00,0.0,0.0
2024-09-27 23:00:00,0.0,0.0
2024-09-28 00:00:00,0.0,0.0
2024-09-28 01:00:00,0.0,0.0
2024-09-28 02:00:00,0.0,0.0
2024-09-28 03:00:00,0.0,0.0
2024-09-28 04:00:00,0.0,0.0
2024-09-28 05:00:00,0.0,0.0
2024-09-28 06:00:00,0.0,0.0
2024-09-28 07:00:00,0.0,0.0
2024-09-28 08:00:00,0.0,0.0
2024-09-28 09:00:00,0.0,0.0
2024-09-28 10:00:00,0.05564654934205212,0.05564654934205212
2024-09-28 11:00:00,0.25821947228038,0.25821947228038
2024-09-28 12:00:00,0.5102019874604188,0.5102019874604188
2024-09-28 13:00:00,0.9281569510587526,0.9281569510587526
2024-09-28 14:00:00,1.4417863069746422,1.4417863069746422
2024-09-28 15:00:00,1.201211933505055,1.201211933505055
2024-09-28 16:00:00,1.463921914730544,1.463921914730544
2024-09-28 17:00:00,1.9028191839629456,1.9028191839629456
2024-09-28 18:00:00,1.610481357617066,1.610481357617066
2024-09-28 19:00:00,1.8062536523939159,1.8062536523939159
2024-09-28 20:00:00,1.955603542699769,1.955603542699769
2024-09-28 21:00:00,1.668269217111093,1.668269217111093
2024-09-28 22:00:00,0.0,0.0
2024-09-28 23:00:00,0.0,0.0
2024-09-29 00:00:00,0.0,0.0
2024-09-29 01:00:00,0.0,0.0
2024-09-29 02:00:00,0.0,0.0
2024-09-29 03:00:00,0.0,0.0
2024-09-29 04:00:00,0.0,0.0
2024-09-29 05:00:00,0.0,0.0
2024-09-29 06:00:00,0.0,0.0
2024-09-29 07:00:00,0.0,0.0
2024-09-29 08:00:00,0.0,0.0
2024-09-29 09:00:00,0.0,0.0
2024-09-29 10:00:00,0.07123978584822521,0.07123978584822521
2024-09-29 11:00:00,0.25050607352224485,0.25050607352224485
2024-09-29 12:00:00,0.467135192591142,0.467135192591142
2024-09-29 13:00:00,1.1481129356099056,1.1481129356099056
2024-09-29 14:00:00,1.2668966153895453,1.2668966153895453
2024-09-29 15:00:00,1.4546634073616476,1.4546634073616476
2024-09-29 16:00:00,2.0914590690431747,2.0914590690431747
2024-09-29 17:00:00,1.853065865711377,1.853065865711377
2024-09-29 18:00:00,2.487904348005329,2.487904348005329
2024-09-29 19:00:00,2.2477861441315197,2.2477861441315197
2024-09-29 20:00:00,2.7321536083805604,2.7321536083805604
2024-09-29 21:00:00,2.060286974019389,2.060286974019389
2024-09-29 22:00:00,0.0,0.0
2024-09-29 23:00:00,0.0,0.0
2024-09-30 00:00:00,0.0,0.0
2024-09-30 01:00:00,0.0,0.0
2024-09-30 02:00:00,0.0,0.0
2024-09-30 03:00:00,0.0,0.0
2024-09-30 04:00:00,0.0,0.0
2024-09-30 05:00:00,0.0,0.0
2024-09-30 06:00:00,0.0,0.0
2024-09-30 07:00:00,0.0,0.0
2024-09-30 08:00:00,0.0,0.0
2024-09-30 09:00:00,0.0,0.0
2024-09-30 10:00:00,0.0963897783120416,0.0963897783120416
2024-09-30 11:00:00,0.4518206426400824,0.4518206426400824
2024-09-30 12:00:00,0.8782290324992558,0.8782290324992558
2024-09-30 13:00:00,1.5947921422215308,1.5947921422215308
2024-09-30 14:00:00,2.2128005396440606,2.2128005396440606
2024-09-30 15:00:00,2.12730280334382,2.12730280334382
2024-09-30 16:00:00,3.1362996480482965,3.1362996480482965
2024-09-30 17:00:00,3.282764495237754,3.282764495237754
2024-09-30 18:00:00,3.4737857860418453,3.4737857860418453
2024-09-30 19:00:00,3.443535127759802,3.443535127759802
2024-09-30 20:00:00,3.414978275647854,3.414978275647854
2024-09-30 21:00:00,3.4472906462896002,3.4472906462896002
2024-09-30 22:00:00,0.0,0.0
2024-09-30 23:00:00,0.0,0.0
2024-10-01 00:00:00,0.0,0.0
2024-10-01 01:00:00,0.0,0.0
2024-10-01 02:00:00,0.0,0.0
2024-10-01 03:00:00,0.0,0.0
2024-10-01 04:00:00,0.0,0.0
2024-10-01 05:00:00,0.0,0.0
2024-10-01 06:00:00,0.0,0.0
2024-10-01 07:00:00,0.0,0.0
2024-10-01 08:00:00,0.0,0.0
2024-10-01 09:00:00,0.0,0.0
2024-10-01 10:00:00,0.09793811603202059,0.09793811603202059
2024-10-01 11:00:00,0.38483828954668525,0.38483828954668525
2024-10-01 12:00:00,0.7263854524095255,0.7263854524095255
2024-10-01 13:00:00,1.4292122241622398,1.4292122241622398
2024-10-01 14:00:00,2.0766386738750917,2.0766386738750917
2024-10-01 15:00:00,1.9055682156047822,1.9055682156047822
2024-10-01 16:00:00,2.2489841471744896,2.2489841471744896
2024-10-01 17:00:00,2.516559438482195,2.516559438482195
2024-10-01 18:00:00,2.909692434763518,2.909692434763518
2024-10-01 19:00:00,2.643180416082672,2.643180416082672
2024-10-01 20:00:00,2.663413535332858,2.663413535332858
2024-10-01 21:00:00,2.913882823483,2.913882823483
2024-10-01 22:00:00,0.0,0.0
2024-10-01 23:00:00,0.0,0.0
2024-10-02 00:00:00,0.0,0.0
2024-10-02 01:00:00,0.0,0.0
2024-10-02 02:00:00,0.0,0.0
2024-10-02 03:00:00,0.0,0.0
2024-10-02 04:00:00,0.0,0.0
2024-10-02 05:00:00,0.0,0.0
2024-10-02 06:00:00,0.0,0.0
2024-10-02 07:00:00,0.0,0.0
2024-10-02 08:00:00,0.0,0.0
2024-10-02 09:00:00,0.0,0.0
2024-10-02 10:00:00,0.11372239142928117,0.11372239142928117
2024-10-02 11:00:00,0.3708790219914703,0.3708790219914703
2024-10-02 12:00:00,0.8465622584703556,0.8465622584703556
2024-10-02 13:00:00,1.2836365500140992,1.2836365500140992
2024-10-02 14:00:00,2.0732301873691372,2.0732301873691372
2024-10-02 15:00:00,2.2841000773695703,2.2841000773695703
2024-10-02 16:00:00,2.6571373333963786,2.6571373333963786
2024-10-02 17:00:00,2.6830798857737848,2.6830798857737848
2024-10-02 18:00:00,2.868190121844031,2.868190121844031
2024-10-02 19:00:00,2.86786800193526,2.86786800193526
2024-10-02 20:00:00,2.956049819326811,2.956049819326811
2024-10-02 21:00:00,3.2777516978387062,3.2777516978387062
2024-10-02 22:00:00,0.0,0.0
2024-10-02 23:00:00,0.0,0.0
2024-10-03 00:00:00,0.0,0.0
2024-10-03 01:00:00,0.0,0.0
2024-10-03 02:00:00,0.0,0.0
2024-10-03 03:00:00,0.0,0.0
2024-10-03 04:00:00,0.0,0.0
2024-10-03 05:00:00,0.0,0.0
2024-10-03 06:00:00,0.0,0.0
2024-10-03 07:00:00,0.0,0.0
2024-10-03 08:00:00,0.0,0.0
2024-10-03 09:00:00,0.0,0.0
2024-10-03 10:00:00,0.09111654995325308,0.09111654995325308
2024-10-03 11:00:00,0.38530702979974735,0.38530702979974735
2024-10-03 12:00:00,0.8213606965992194,0.8213606965992194
2024-10-03 13:00:00,1.2736605206634253,1.2736605206634253
2024-10-03 14:00:00,1.923883774394902,1.923883774394902
2024-10-03 15:00:00,2.0040787799805053,2.0040787799805053
2024-10-03 16:00:00,2.273827264352439,2.273827264352439
2024-10-03 17:00:00,2.9250982046892466,2.9250982046892466
2024-10-03 18:00:00,3.286259815204033,3.286259815204033
2024-10-03 19:00:00,2.848446439248198,2.848446439248198
2024-10-03 20:00:00,2.8264863866871193,2.8264863866871193
2024-10-03 21:00:00,3.3434209960577164,3.3434209960577164
2024-10-03 22:00:00,0.0,0.0
2024-10-03 23:00:00,0.0,0.0
2024-10-04 00:00:00,0.0,0.0
2024-10-04 01:00:00,0.0,0.0
2024-10-04 02:00:00,0.0,0.0
2024-10-04 03:00:00,0.0,0.0
2024-10-04 04:00:00,0.0,0.0
2024-10-04 05:00:00,0.0,0.0
2024-10-04 06:00:00,0.0,0.0
2024-10-04 07:00:00,0.0,0.0
2024-10-04 08:00:00,0.0,0.0
2024-10-04 09:00:00,0.0,0.0
2024-10-04 10:00:00,0.07778108221052918,0.07778108221052918
2024-10-04 11:00:00,0.36709182856626005,0.36709182856626005
2024-10-04 12:00:00,0.6638044086086331,0.6638044086086331
2024-10-04 13:00:00,1.4300703138560216,1.4300703138560216
2024-10-04 14:00:00,1.876963050478291,1.876963050478291
2024-10-04 15:00:00,1.7218677237215254,1.7218677237215254
2024-10-04 16:00:00,2.593848645198403,2.593848645198403
2024-10-04 17:00:00,2.643740548230286,2.643740548230286
2024-10-04 18:00:00,2.900030061963943,2.900030061963943
2024-10-04 19:00:00,2.8419027873452984,2.8419027873452984
2024-10-04 20:00:00,2.767674479122294,2.767674479122294
2024-10-04 21:00:00,2.354737320685176,2.354737320685176
2024-10-04 22:00:00,0.0,0.0
2024-10-04 23:00:00,0.0,0.0
2024-10-05 00:00:00,0.0,0.0
2024-10-05 01:00:00,0.0,0.0
2024-10-05 02:00:00,0.0,0.0
2024-10-05 03:00:00,0.0,0.0
2024-10-05 04:00:00,0.0,0.0
2024-10-05 05:00:00,0.0,0.0
2024-10-05 06:00:00,0.0,0.0
2024-10-05 07:00:00,0.0,0.0
2024-10-05 08:00:00,0.0,0.0
2024-10-05 09:00:00,0.0,0.0
2024-10-05 10:00:00,0.0731325554657839,0.0731325554657839
2024-10-05 11:00:00,0.28051390076593835,0.28051390076593835
2024-10-05 12:00:00,0.5116194528564646,0.5116194528564646
2024-10-05 13:00:00,1.0072758077608064,1.0072758077608064
2024-10-05 14:00:00,1.3109423349995655,1.3109423349995655
2024-10-05 15:00:00,1.533003140506267,1.533003140506267
2024-10-05 16:00:00,1.525239747820436,1.525239747820436
2024-10-05 17:00:00,1.5751625142293164,1.5751625142293164
2024-10-05 18:00:00,2.147738378525331,2.147738378525331
2024-10-05 19:00:00,2.0652855487745945,2.0652855487745945
2024-10-05 20:00:00,2.1440858144214467,2.1440858144214467
2024-10-05 21:00:00,1.7495203519640679,1.7495203519640679
2024-10-05 22:00:00,0.0,0.0
2024-10-05 23:00:00,0.0,0.0
2024-10-06 00:00:00,0.0,0.0
2024-10-06 01:00:00,0.0,0.0
2024-10-06 02:00:00,0.0,0.0
2024-10-06 03:00:00,0.0,0.0
2024-10-06 04:00:00,0.0,0.0
2024-10-06 05:00:00,0.0,0.0
2024-10-06 06:00:00,0.0,0.0
2024-10-06 07:00:00,0.0,0.0
2024-10-06 08:00:00,0.0,0.0
2024-10-06 09:00:00,0.0,0.0
2024-10-06 10:00:00,0.06452860490248531,0.06452860490248531
2024-10-06 11:00:00,0.26305559410806756,0.26305559410806756
2024-10-06 12:00:00,0.45887455518874704,0.45887455518874704
2024-10-06 13:00:00,1.056285446639614,1.056285446639614
2024-10-06 14:00:00,1.287675520814383,1.287675520814383
2024-10-06 15:00:00,1.535165168337124,1.535165168337124
2024-10-06 16:00:00,1.8302996118262664,1.8302996118262664
2024-10-06 17:00:00,1.5811482202048028,1.5811482202048028
2024-10-06 18:00:00,2.028486357460321,2.028486357460321
2024-10-06 19:00:00,1.7506918834770182,1.7506918834770182
2024-10-06 20:00:00,2.146940375698993,2.146940375698993
2024-10-06 21:00:00,2.047965606678453,2.047965606678453
2024-10-06 22:00:00,0.0,0.0
2024-10-06 23:00:00,0.0,0.0
2024-10-07 00:00:00,0.0,0.0
2024-10-07 01:00:00,0.0,0.0
2024-10-07 02:00:00,0.0,0.0
2024-10-07 03:00:00,0.0,0.0
2024-10-07 04:00:00,0.0,0.0
2024-10-07 05:00:00,0.0,0.0
2024-10-07 06:00:00,0.0,0.0
2024-10-07 07:00:00,0.0,0.0
2024-10-07 08:00:00,0.0,0.0
2024-10-07 09:00:00,0.0,0.0
2024-10-07 10:00:00,0.11148248499296842,0.11148248499296842
2024-10-07 11:00:00,0.4301082677833896,0.4301082677833896
2024-10-07 12:00:00,0.6969977094283558,0.6969977094283558
2024-10-07 13:00:00,1.5991239719377666,1.5991239719377666
2024-10-07 14:00:00,2.338829659528972,2.338829659528972
2024-10-07 15:00:00,2.5379089066768246,2.5379089066768246
2024-10-07 16:00:00,2.6787400066622684,2.6787400066622684
2024-10-07 17:00:00,3.199933796328707,3.199933796328707
2024-10-07 18:00:00,3.3569525477928397,3.3569525477928397
2024-10-07 19:00:00,3.4518893914635043,3.4518893914635043
2024-10-07 20:00:00,3.275731024783732,3.275731024783732
2024-10-07 21:00:00,3.226494274428503,3.226494274428503
2024-10-07 22:00:00,0.0,0.0
2024-10-07 23:00:00,0.0,0.0
2024-10-08 00:00:00,0.0,0.0
2024-10-08 01:00:00,0.0,0.0
2024-10-08 02:00:00,0.0,0.0
2024-10-08 03:00:00,0.0,0.0
2024-10-08 04:00:00,0.0,0.0
2024-10-08 05:00:00,0.0,0.0
2024-10-08 06:00:00,0.0,0.0
2024-10-08 07:00:00,0.0,0.0
2024-10-08 08:00:00,0.0,0.0
2024-10-08 09:00:00,0.0,0.0
2024-10-08 10:00:00,0.10765079151591551,0.10765079151591551
2024-10-08 11:00:00,0.38372426456922926,0.38372426456922926
2024-10-08 12:00:00,0.6800282082922338,0.6800282082922338
2024-10-08 13:00:00,1.302541834969695,1.302541834969695
2024-10-08 14:00:00,1.8457348151502075,1.8457348151502075
2024-10-08 15:00:00,2.1608526687056804,2.1608526687056804
2024-10-08 16:00:00,2.3895271628946047,2.3895271628946047
2024-10-08 17:00:00,2.8666228719261038,2.8666228719261038
2024-10-08 18:00:00,2.694920676898055,2.694920676898055
2024-10-08 19:00:00,3.0050352697052407,3.0050352697052407
2024-10-08 20:00:00,2.929538033265156,2.929538033265156
2024-10-08 21:00:00,2.863572816223495,2.863572816223495
2024-10-08 22:00:00,0.0,0.0
2024-10-08 23:00:00,0.0,0.0
2024-10-09 00:00:00,0.0,0.0
2024-10-09 01:00:00,0.0,0.0
2024-10-09 02:00:00,0.0,0.0
2024-10-09 03:00:00,0.0,0.0
2024-10-09 04:00:00,0.0,0.0
2024-10-09 05:00:00,0.0,0.0
2024-10-09 06:00:00,0.0,0.0
2024-10-09 07:00:00,0.0,0.0
2024-10-09 08:00:00,0.0,0.0
2024-10-09 09:00:00,0.0,0.0
2024-10-09 10:00:00,0.09205692370723066,0.09205692370723066
2024-10-09 11:00:00,0.37232993526598074,0.37232993526598074
2024-10-09 12:00:00,0.6290067649377465,0.6290067649377465
2024-10-09 13:00:00,1.2862783223547942,1.2862783223547942
2024-10-09 14:00:00,1.8532155278547515,1.8532155278547515
2024-10-09 15:00:00,1.990335302070888,1.990335302070888
2024-10-09 16:00:00,2.9259219887793324,2.9259219887793324
2024-10-09 17:00:00,2.5344192897943265,2.5344192897943265
2024-10-09 18:00:00,2.726695983975578,2.726695983975578
2024-10-09 19:00:00,2.8819509110436785,2.8819509110436785
2024-10-09 20:00:00,3.539342972850453,3.539342972850453
2024-10-09 21:00:00,2.781400057658085,2.781400057658085
2024-10-09 22:00:00,0.0,0.0
2024-10-09 23:00:00,0.0,0.0
2024-10-10 00:00:00,0.0,0.0
2024-10-10 01:00:00,0.0,0.0
2024-10-10 02:00:00,0.0,0.0
2024-10-10 03:00:00,0.0,0.0
2024-10-10 04:00:00,0.0,0.0
2024-10-10 05:00:00,0.0,0.0
2024-10-10 06:00:00,0.0,0.0
2024-10-10 07:00:00,0.0,0.0
2024-10-10 08:00:00,0.0,0.0
2024-10-10 09:00:00,0.0,0.0
2024-10-10 10:00:00,0.08804231770423937,0.08804231770423937
2024-10-10 11:00:00,0.36969053976286015,0.36969053976286015
2024-10-10 12:00:00,0.8438521304602141,0.8438521304602141
2024-10-10 13:00:00,1.4241838664609088,1.4241838664609088
2024-10-10 14:00:00,2.301424456398016,2.301424456398016
2024-10-10 15:00:00,2.2124320101982295,2.2124320101982295
2024-10-10 16:00:00,2.548184217491948,2.548184217491948
2024-10-10 17:00:00,2.618145399346364,2.618145399346364
2024-10-10 18:00:00,3.2299044766964973,3.2299044766964973
2024-10-10 19:00:00,3.3945195412835774,3.3945195412835774
2024-10-10 20:00:00,3.1183712205459586,3.1183712205459586
2024-10-10 21:00:00,2.6952895007685873,2.6952895007685873
2024-10-10 22:00:00,0.0,0.0
2024-10-10 23:00:00,0.0,0.0
2024-10-11 00:00:00,0.0,0.0
2024-10-11 01:00:00,0.0,0.0
2024-10-11 02:00:00,0.0,0.0
2024-10-11 03:00:00,0.0,0.0
2024-10-11 04:00:00,0.0,0.0
2024-10-11 05:00:00,0.0,0.0
2024-10-11 06:00:00,0.0,0.0
2024-10-11 07:00:00,0.0,0.0
2024-10-11 08:00:00,0.0,0.0
2024-10-11 09:00:00,0.0,0.0
2024-10-11 10:00:00,0.09978290141083446,0.09978290141083446
2024-10-11 11:00:00,0.46363989273802264,0.46363989273802264
2024-10-11 12:00:00,0.7767979093762335,0.7767979093762335
2024-10-11 13:00:00,1.3097749638809257,1.3097749638809257
2024-10-11 14:00:00,1.8187432093711646,1.8187432093711646
2024-10-11 15:00:00,1.949336548794544,1.949336548794544
2024-10-11 16:00:00,2.499082289873961,2.499082289873961
2024-10-11 17:00:00,3.010904579213091,3.010904579213091
2024-10-11 18:00:00,3.0495003564389194,3.0495003564389194
2024-10-11 19:00:00,3.172891375072415,3.172891375072415
2024-10-11 20:00:00,3.7153748165934863,3.7153748165934863
2024-10-11 21:00:00,3.0698536199339963,3.0698536199339963
2024-10-11 22:00:00,0.0,0.0
2024-10-11 23:00:00,0.0,0.0
2024-10-12 00:00:00,0.0,0.0
2024-10-12 01:00:00,0.0,0.0
2024-10-12 02:00:00,0.0,0.0
2024-10-12 03:00:00,0.0,0.0
2024-10-12 04:00:00,0.0,0.0
2024-10-12 05:00:00,0.0,0.0
2024-10-12 06:00:00,0.0,0.0
2024-10-12 07:00:00,0.0,0.0
2024-10-12 08:00:00,0.0,0.0
2024-10-12 09:00:00,0.0,0.0
2024-10-12 10:00:00,0.07542219405814994,0.07542219405814994
2024-10-12 11:00:00,0.2769222511537649,0.2769222511537649
2024-10-12 12:00:00,0.6122582827948985,0.6122582827948985
2024-10-12 13:00:00,1.1716610790449908,1.1716610790449908
2024-10-12 14:00:00,1.5532295167449588,1.5532295167449588
2024-10-12 15:00:00,1.6283921602516718,1.6283921602516718
2024-10-12 16:00:00,1.803849656330704,1.803849656330704
2024-10-12 17:00:00,1.8819407558634509,1.8819407558634509
2024-10-12 18:00:00,2.1335033200546336,2.1335033200546336
2024-10-12 19:00:00,2.27075856017476,2.27075856017476
2024-10-12 20:00:00,2.35571165228817,2.35571165228817
2024-10-12 21:00:00,2.269011418376841,2.269011418376841
2024-10-12 22:00:00,0.0,0.0
2024-10-12 23:00:00,0.0,0.0
2024-10-13 00:00:00,0.0,0.0
2024-10-13 01:00:00,0.0,0.0
2024-10-13 02:00:00,0.0,0.0
2024-10-13 03:00:00,0.0,0.0
2024-10-13 04:00:00,0.0,0.0
2024-10-13 05:00:00,0.0,0.0
2024-10-13 06:00:00,0.0,0.0
2024-10-13 07:00:00,0.0,0.0
2024-10-13 08:00:00,0.0,0.0
2024-10-13 09:00:00,0.0,0.0
2024-10-13 10:00:00,0.07081573177922935,0.07081573177922935
2024-10-13 11:00:00,0.28951401178529823,0.28951401178529823
2024-10-13 12:00:00,0.5123460594400489,0.5123460594400489
2024-10-13 13:00:00,0.9344775821960082,0.9344775821960082
2024-10-13 14:00:00,1.4765978241499909,1.4765978241499909
2024-10-13 15:00:00,1.8134022800039558,1.8134022800039558
2024-10-13 16:00:00,2.007922940554399,2.007922940554399
2024-10-13 17:00:00,2.1977634652346283,2.1977634652346283
2024-10-13 18:00:00,2.2290155860705263,2.2290155860705263
2024-10-13 19:00:00,2.4187078187955797,2.4187078187955797
2024-10-13 20:00:00,2.160026411008688,2.160026411008688
2024-10-13 21:00:00,2.294887794259727,2.294887794259727
2024-10-13 22:00:00,0.0,0.0
2024-10-13 23:00:00,0.0,0.0
2024-10-14 00:00:00,0.0,0.0
2024-10-14 01:00:00,0.0,0.0
2024-10-14 02:00:00,0.0,0.0
2024-10-14 03:00:00,0.0,0.0
2024-10-14 04:00:00,0.0,0.0
2024-10-14 05:00:00,0.0,0.0
2024-10-14 06:00:00,0.0,0.0
2024-10-14 07:00:00,0.0,0.0
2024-10-14 08:00:00,0.0,0.0
2024-10-14 09:00:00,0.0,0.0
2024-10-14 10:00:00,0.12051498094030937,0.12051498094030937
2024-10-14 11:00:00,0.42468371853421116,0.42468371853421116
2024-10-14 12:00:00,0.8635728693171939,0.8635728693171939
2024-10-14 13:00:00,1.4884763738923514,1.4884763738923514
2024-10-14 14:00:00,1.9914908178131077,1.9914908178131077
2024-10-14 15:00:00,2.116309644168289,2.116309644168289
2024-10-14 16:00:00,2.795787340964272,2.795787340964272
2024-10-14 17:00:00,3.0149884304883656,3.0149884304883656
2024-10-14 18:00:00,3.4783019114980642,3.4783019114980642
2024-10-14 19:00:00,3.4078072637471735,3.4078072637471735
2024-10-14 20:00:00,3.2640836400323425,3.2640836400323425
2024-10-14 21:00:00,3.241227240044224,3.241227240044224
2024-10-14 22:00:00,0.0,0.0
2024-10-14 23:00:00,0.0,0.0
2024-10-15 00:00:00,0.0,0.0
2024-10-15 01:00:00,0.0,0.0
2024-10-15 02:00:00,0.0,0.0
2024-10-15 03:00:00,0.0,0.0
2024-10-15 04:00:00,0.0,0.0
2024-10-15 05:00:00,0.0,0.0
2024-10-15 06:00:00,0.0,0.0
2024-10-15 07:00:00,0.0,0.0
2024-10-15 08:00:00,0.0,0.0
2024-10-15 09:00:00,0.0,0.0
2024-10-15 10:00:00,0.10757985214542044,0.10757985214542044
2024-10-15 11:00:00,0.35771190371647443,0.35771190371647443
2024-10-15 12:00:00,0.7720898398431252,0.7720898398431252
2024-10-15 13:00:00,1.508391267979339,1.508391267979339
2024-10-15 14:00:00,1.7984617666744325,1.7984617666744325
2024-10-15 15:00:00,2.061531682326085,2.061531682326085
2024-10-15 16:00:00,2.5314455662225717,2.5314455662225717
2024-10-15 17:00:00,2.8192674505836646,2.8192674505836646
2024-10-15 18:00:00,3.1627837641442422,3.1627837641442422
2024-10-15 19:00:00,2.803187999929991,2.803187999929991
2024-10-15 20:00:00,3.2482003010306086,3.2482003010306086
2024-10-15 21:00:00,2.850170277546794,2.850170277546794
2024-10-15 22:00:00,0.0,0.0
2024-10-15 23:00:00,0.0,0.0
2024-10-16 00:00:00,0.0,0.0
2024-10-16 01:00:00,0.0,0.0
2024-10-16 02:00:00,0.0,0.0
2024-10-16 03:00:00,0.0,0.0
2024-10-16 04:00:00,0.0,0.0
2024-10-16 05:00:00,0.0,0.0
2024-10-16 06:00:00,0.0,0.0
2024-10-16 07:00:00,0.0,0.0
2024-10-16 08:00:00,0.0,0.0
2024-10-16 09:00:00,0.0,0.0
2024-10-16 10:00:00,0.10434857762898359,0.10434857762898359
2024-10-16 11:00:00,0.4102847874702624,0.4102847874702624
2024-10-16 12:00:00,0.7389523646814722,0.7389523646814722
2024-10-16 13:00:00,1.376654013223363,1.376654013223363
2024-10-16 14:00:00,1.8621215320600784,1.8621215320600784
2024-10-16 15:00:00,2.3782428105331332,2.3782428105331332
2024-10-16 16:00:00,2.7455492060048328,2.7455492060048328
2024-10-16 17:00:00,2.892635674145875,2.892635674145875
2024-10-16 18:00:00,2.5611243594067625,2.5611243594067625
2024-10-16 19:00:00,2.5551216055059918,2.5551216055059918
2024-10-16 20:00:00,3.5038271162136314,3.5038271162136314
2024-10-16 21:00:00,2.8110719978684893,2.8110719978684893
2024-10-16 22:00:00,0.0,0.0
2024-10-16 23:00:00,0.0,0.0
2024-10-17 00:00:00,0.0,0.0
2024-10-17 01:00:00,0.0,0.0
2024-10-17 02:00:00,0.0,0.0
2024-10-17 03:00:00,0.0,0.0
2024-10-17 04:00:00,0.0,0.0
2024-10-17 05:00:00,0.0,0.0
2024-10-17 06:00:00,0.0,0.0
2024-10-17 07:00:00,0.0,0.0
2024-10-17 08:00:00,0.0,0.0
2024-10-17 09:00:00,0.0,0.0
2024-10-17 10:00:00,0.11947408239332684,0.11947408239332684
2024-10-17 11:00:00,0.41438899222547876,0.41438899222547876
2024-10-17 12:00:00,0.8624281216961404,0.8624281216961404
2024-10-17 13:00:00,1.3812140122226497,1.3812140122226497
2024-10-17 14:00:00,1.8851232869329153,1.8851232869329153
2024-10-17 15:00:00,2.0639278197686513,2.0639278197686513
2024-10-17 16:00:00,3.0786414388908145,3.0786414388908145
2024-10-17 17:00:00,3.109061272643884,3.109061272643884
2024-10-17 18:00:00,3.0082145078792832,3.0082145078792832
2024-10-17 19:00:00,3.54414668869809,3.54414668869809
2024-10-17 20:00:00,3.999226990911983,3.999226990911983
2024-10-17 21:00:00,2.983459962519603,2.983459962519603
2024-10-17 22:00:00,0.0,0.0
2024-10-17 23:00:00,0.0,0.0
2024-10-18 00:00:00,0.0,0.0
2024-10-18 01:00:00,0.0,0.0
2024-10-18 02:00:00,0.0,0.0
2024-10-18 03:00:00,0.0,0.0
2024-10-18 04:00:00,0.0,0.0
2024-10-18 05:00:00,0.0,0.0
2024-10-18 06:00:00,0.0,0.0
2024-10-18 07:00:00,0.0,0.0
2024-10-18 08:00:00,0.0,0.0
2024-10-18 09:00:00,0.0,0.0
2024-10-18 10:00:00,0.08940424253441542,0.08940424253441542
2024-10-18 11:00:00,0.3727264306553795,0.3727264306553795
2024-10-18 12:00:00,0.7507171749898481,0.7507171749898481
2024-10-18 13:00:00,1.3354747038400596,1.3354747038400596
2024-10-18 14:00:00,2.08074297620053,2.08074297620053
2024-10-18 15:00:00,1.9599896172157494,1.9599896172157494
2024-10-18 16:00:00,2.952405015591517,2.952405015591517
2024-10-18 17:00:00,2.373788133747302,2.373788133747302
2024-10-18 18:00:00,2.709649351259202,2.709649351259202
2024-10-18 19:00:00,3.2177829071765607,3.2177829071765607
2024-10-18 20:00:00,3.369567368885273,3.369567368885273
2024-10-18 21:00:00,3.195218996394553,3.195218996394553
2024-10-18 22:00:00,0.0,0.0
2024-10-18 23:00:00,0.0,0.0
2024-10-19 00:00:00,0.0,0.0
2024-10-19 01:00:00,0.0,0.0
2024-10-19 02:00:00,0.0,0.0
2024-10-19 03:00:00,0.0,0.0
2024-10-19 04:00:00,0.0,0.0
2024-10-19 05:00:00,0.0,0.0
2024-10-19 06:00:00,0.0,0.0
2024-10-19 07:00:00,0.0,0.0
2024-10-19 08:00:00,0.0,0.0
2024-10-19 09:00:00,0.0,0.0
2024-10-19 10:00:00,0.08150036862396133,0.08150036862396133
2024-10-19 11:00:00,0.3246300226956131,0.3246300226956131
2024-10-19 12:00:00,0.4664674536736865,0.4664674536736865
2024-10-19 13:00:00,1.0014499578783376,1.0014499578783376
2024-10-19 14:00:00,1.2380615807135298,1.2380615807135298
2024-10-19 15:00:00,1.672343327347609,1.672343327347609
2024-10-19 16:00:00,1.6245068769723823,1.6245068769723823
2024-10-19 17:00:00,2.1451921738896087,2.1451921738896087
2024-10-19 18:00:00,2.1546729508665403,2.1546729508665403
2024-10-19 19:00:00,2.3986643935926018,2.3986643935926018
2024-10-19 20:00:00,2.238350535823326,2.238350535823326
2024-10-19 21:00:00,2.0432414957163716,2.0432414957163716
2024-10-19 22:00:00,0.0,0.0
2024-10-19 23:00:00,0.0,0.0
2024-10-20 00:00:00,0.0,0.0
2024-10-20 01:00:00,0.0,0.0
2024-10-20 02:00:00,0.0,0.0
2024-10-20 03:00:00,0.0,0.0
2024-10-20 04:00:00,0.0,0.0
2024-10-20 05:00:00,0.0,0.0
2024-10-20 06:00:00,0.0,0.0
2024-10-20 07:00:00,0.0,0.0
2024-10-20 08:00:00,0.0,0.0
2024-10-20 09:00:00,0.0,0.0
2024-10-20 10:00:00,0.07293087280924922,0.07293087280924922
2024-10-20 11:00:00,0.2523531368892749,0.2523531368892749
2024-10-20 12:00:00,0.4730239439011919,0.4730239439011919
2024-10-20 13:00:00,0.9537254758476947,0.9537254758476947
2024-10-20 14:00:00,1.3639058243783304,1.3639058243783304
2024-10-20 15:00:00,1.3500987582228967,1.3500987582228967
2024-10-20 16:00:00,1.793479063663985,1.793479063663985
2024-10-20 17:00:00,1.708049637650518,1.708049637650518
2024-10-20 18:00:00,1.8505592378455806,1.8505592378455806
2024-10-20 19:00:00,1.8666427521844395,1.8666427521844395
2024-10-20 20:00:00,2.110510220415565,2.110510220415565
2024-10-20 21:00:00,1.7976259905062661,1.7976259905062661
2024-10-20 22:00:00,0.0,0.0
2024-10-20 23:00:00,0.0,0.0
2024-10-21 00:00:00,0.0,0.0
2024-10-21 01:00:00,0.0,0.0
2024-10-21 02:00:00,0.0,0.0
2024-10-21 03:00:00,0.0,0.0
2024-10-21 04:00:00,0.0,0.0
2024-10-21 05:00:00,0.0,0.0
2024-10-21 06:00:00,0.0,0.0
2024-10-21 07:00:00,0.0,0.0
2024-10-21 08:00:00,0.0,0.0
2024-10-21 09:00:00,0.0,0.0
2024-10-21 10:00:00,0.10672496538299481,0.10672496538299481
2024-10-21 11:00:00,0.3680483785495859,0.3680483785495859
2024-10-21 12:00:00,0.6394884883148859,0.6394884883148859
2024-10-21 13:00:00,1.3222711329186667,1.3222711329186667
2024-10-21 14:00:00,1.9489387882439189,1.9489387882439189
2024-10-21 15:00:00,2.296710972140506,2.296710972140506
2024-10-21 16:00:00,2.550248506853899,2.550248506853899
2024-10-21 17:00:00,2.529619151728061,2.529619151728061
2024-10-21 18:00:00,3.159578761428953,3.159578761428953
2024-10-21 19:00:00,2.7510994211834237,2.7510994211834237
2024-10-21 20:00:00,3.3734297470771093,3.3734297470771093
2024-10-21 21:00:00,3.2212088321805816,3.2212088321805816
2024-10-21 22:00:00,0.0,0.0
2024-10-21 23:00:00,0.0,0.0
2024-10-22 00:00:00,0.0,0.0
2024-10-22 01:00:00,0.0,0.0
2024-10-22 02:00:00,0.0,0.0
2024-10-22 03:00:00,0.0,0.0
2024-10-22 04:00:00,0.0,0.0
2024-10-22 05:00:00,0.0,0.0
2024-10-22 06:00:00,0.0,0.0
2024-10-22 07:00:00,0.0,0.0
2024-10-22 08:00:00,0.0,0.0
2024-10-22 09:00:00,0.0,0.0
2024-10-22 10:00:00,0.08708207979500757,0.08708207979500757
2024-10-22 11:00:00,0.30574711075983874,0.30574711075983874
2024-10-22 12:00:00,0.6730693046583184,0.6730693046583184
2024-10-22 13:00:00,1.347341351598496,1.347341351598496
2024-10-22 14:00:00,1.5188574163993163,1.5188574163993163
2024-10-22 15:00:00,2.020162836320372,2.020162836320372
2024-10-22 16:00:00,2.3519953236361633,2.3519953236361633
2024-10-22 17:00:00,2.5837598652301867,2.5837598652301867
2024-10-22 18:00:00,3.0086560974993835,3.0086560974993835
2024-10-22 19:00:00,2.9644260268845475,2.9644260268845475
2024-10-22 20:00:00,2.8466408521275217,2.8466408521275217
2024-10-22 21:00:00,2.653358911136458,2.653358911136458
2024-10-22 22:00:00,0.0,0.0
2024-10-22 23:00:00,0.0,0.0
2024-10-23 00:00:00,0.0,0.0
2024-10-23 01:00:00,0.0,0.0
2024-10-23 02:00:00,0.0,0.0
2024-10-23 03:00:00,0.0,0.0
2024-10-23 04:00:00,0.0,0.0
2024-10-23 05:00:00,0.0,0.0
2024-10-23 06:00:00,0.0,0.0
2024-10-23 07:00:00,0.0,0.0
2024-10-23 08:00:00,0.0,0.0
2024-10-23 09:00:00,0.0,0.0
2024-10-23 10:00:00,0.1067130429542719,0.1067130429542719
2024-10-23 11:00:00,0.38359341548798276,0.38359341548798276
2024-10-23 12:00:00,0.6787037987778952,0.6787037987778952
2024-10-23 13:00:00,1.3163787524304926,1.3163787524304926
2024-10-23 14:00:00,2.380897636240237,2.380897636240237
2024-10-23 15:00:00,2.235084745760681,2.235084745760681
2024-10-23 16:00:00,2.6610590742674267,2.6610590742674267
2024-10-23 17:00:00,2.9434401699196524,2.9434401699196524
2024-10-23 18:00:00,2.6947617069759624,2.6947617069759624
2024-10-23 19:00:00,3.201083415023268,3.201083415023268
2024-10-23 20:00:00,3.855424912115681,3.855424912115681
2024-10-23 21:00:00,3.0162556022218574,3.0162556022218574
2024-10-23 22:00:00,0.0,0.0
2024-10-23 23:00:00,0.0,0.0
2024-10-24 00:00:00,0.0,0.0
2024-10-24 01:00:00,0.0,0.0
2024-10-24 02:00:00,0.0,0.0
2024-10-24 03:00:00,0.0,0.0
2024-10-24 04:00:00,0.0,0.0
2024-10-24 05:00:00,0.0,0.0
2024-10-24 06:00:00,0.0,0.0
2024-10-24 07:00:00,0.0,0.0
2024-10-24 08:00:00,0.0,0.0
2024-10-24 09:00:00,0.0,0.0
2024-10-24 10:00:00,0.10439559754645703,0.10439559754645703
2024-10-24 11:00:00,0.41134773651957646,0.41134773651957646
2024-10-24 12:00:00,0.8575646240455658,0.8575646240455658
2024-10-24 13:00:00,1.696767026193173,1.696767026193173
2024-10-24 14:00:00,1.8350375693650733,1.8350375693650733
2024-10-24 15:00:00,2.6264242884179674,2.6264242884179674
2024-10-24 16:00:00,3.2088759379730716,3.2088759379730716
2024-10-24 17:00:00,3.212171178616414,3.212171178616414
2024-10-24 18:00:00,2.8468999668666854,2.8468999668666854
2024-10-24 19:00:00,3.6297433662724723,3.6297433662724723
2024-10-24 20:00:00,3.1434937205965223,3.1434937205965223
2024-10-24 21:00:00,3.0333585253805047,3.0333585253805047
2024-10-24 22:00:00,0.0,0.0
2024-10-24 23:00:00,0.0,0.0
2024-10-25 00:00:00,0.0,0.0
2024-10-25 01:00:00,0.0,0.0
2024-10-25 02:00:00,0.0,0.0
2024-10-25 03:00:00,0.0,0.0
2024-10-25 04:00:00,0.0,0.0
2024-10-25 05:00:00,0.0,0.0
2024-10-25 06:00:00,0.0,0.0
2024-10-25 07:00:00,0.0,0.0
2024-10-25 08:00:00,0.0,0.0
2024-10-25 09:00:00,0.0,0.0
2024-10-25 10:00:00,0.09349010268433973,0.09349010268433973
2024-10-25 11:00:00,0.4261317349976382,0.4261317349976382
2024-10-25 12:00:00,0.7525975518954747,0.7525975518954747
2024-10-25 13:00:00,1.49642918774112,1.49642918774112
2024-10-25 14:00:00,1.8372504409222314,1.8372504409222314
2024-10-25 15:00:00,1.9970348321132583,1.9970348321132583
2024-10-25 16:00:00,2.8277842269938724,2.8277842269938724
2024-10-25 17:00:00,2.7412074699782947,2.7412074699782947
2024-10-25 18:00:00,2.77801956585962,2.77801956585962
2024-10-25 19:00:00,2.556212889096458,2.556212889096458
2024-10-25 20:00:00,2.9253828368917736,2.9253828368917736
2024-10-25 21:00:00,2.6468803266120413,2.6468803266120413
2024-10-25 22:00:00,0.0,0.0
2024-10-25 23:00:00,0.0,0.0
2024-10-26 00:00:00,0.0,0.0
2024-10-26 01:00:00,0.0,0.0
2024-10-26 02:00:00,0.0,0.0
2024-10-26 03:00:00,0.0,0.0
2024-10-26 04:00:00,0.0,0.0
2024-10-26 05:00:00,0.0,0.0
2024-10-26 06:00:00,0.0,0.0
2024-10-26 07:00:00,0.0,0.0
2024-10-26 08:00:00,0.0,0.0
2024-10-26 09:00:00,0.0,0.0
2024-10-26 10:00:00,0.07866009934225994,0.07866009934225994
2024-10-26 11:00:00,0.2521240269275288,0.2521240269275288
2024-10-26 12:00:00,0.5354802482695648,0.5354802482695648
2024-10-26 13:00:00,0.9541682919579932,0.9541682919579932
2024-10-26 14:00:00,1.5542522657626878,1.5542522657626878
2024-10-26 15:00:00,1.7544697485440612,1.7544697485440612
2024-10-26 16:00:00,2.0309437246374062,2.0309437246374062
2024-10-26 17:00:00,1.9953508306748662,1.9953508306748662
2024-10-26 18:00:00,1.979417040765307,1.979417040765307
2024-10-26 19:00:00,2.3529446984006377,2.3529446984006377
2024-10-26 20:00:00,2.6861343211922857,2.6861343211922857
2024-10-26 21:00:00,1.8757431982333588,1.8757431982333588
2024-10-26 22:00:00,0.0,0.0
2024-10-26 23:00:00,0.0,0.0
2024-10-27 00:00:00,0.0,0.0
2024-10-27 01:00:00,0.0,0.0
2024-10-27 02:00:00,0.0,0.0
2024-10-27 03:00:00,0.0,0.0
2024-10-27 04:00:00,0.0,0.0
2024-10-27 05:00:00,0.0,0.0
2024-10-27 06:00:00,0.0,0.0
2024-10-27 07:00:00,0.0,0.0
2024-10-27 08:00:00,0.0,0.0
2024-10-27 09:00:00,0.0,0.0
2024-10-27 10:00:00,0.06530181727787183,0.06530181727787183
2024-10-27 11:00:00,0.27823512682663293,0.27823512682663293
2024-10-27 12:00:00,0.4349528548583994,0.4349528548583994
2024-10-27 13:00:00,1.105956339122888,1.105956339122888
2024-10-27 14:00:00,1.4625872865451663,1.4625872865451663
2024-10-27 15:00:00,1.6251345432065083,1.6251345432065083
2024-10-27 16:00:00,1.9587851180200564,1.9587851180200564
2024-10-27 17:00:00,2.084376802951172,2.084376802951172
2024-10-27 18:00:00,2.09888960601863,2.09888960601863
2024-10-27 19:00:00,2.1099237132673476,2.1099237132673476
2024-10-27 20:00:00,2.559325352870578,2.559325352870578
2024-10-27 21:00:00,1.8223007813764616,1.8223007813764616
2024-10-27 22:00:00,0.0,0.0
2024-10-27 23:00:00,0.0,0.0
2024-10-28 00:00:00,0.0,0.0
2024-10-28 01:00:00,0.0,0.0
2024-10-28 02:00:00,0.0,0.0
2024-10-28 03:00:00,0.0,0.0
2024-10-28 04:00:00,0.0,0.0
2024-10-28 05:00:00,0.0,0.0
2024-10-28 06:00:00,0.0,0.0
2024-10-28 07:00:00,0.0,0.0
2024-10-28 08:00:00,0.0,0.0
2024-10-28 09:00:00,0.0,0.0
2024-10-28 10:00:00,0.10507905534416838,0.10507905534416838
2024-10-28 11:00:00,0.3855540408029889,0.3855540408029889
2024-10-28 12:00:00,0.6649349704881714,0.6649349704881714
2024-10-28 13:00:00,1.4447291651119905,1.4447291651119905
2024-10-28 14:00:00,2.2278737900276266,2.2278737900276266
2024-10-28 15:00:00,2.1485580867827583,2.1485580867827583
2024-10-28 16:00:00,2.7213474776846254,2.7213474776846254
2024-10-28 17:00:00,2.9754447814564466,2.9754447814564466
2024-10-28 18:00:00,3.0066139832059213,3.0066139832059213
2024-10-28 19:00:00,3.1389241738606097,3.1389241738606097
2024-10-28 20:00:00,2.9832877629441428,2.9832877629441428
2024-10-28 21:00:00,2.8869778905203867,2.8869778905203867
2024-10-28 22:00:00,0.0,0.0
2024-10-28 23:00:00,0.0,0.0
2024-10-29 00:00:00,0.0,0.0
2024-10-29 01:00:00,0.0,0.0
2024-10-29 02:00:00,0.0,0.0
2024-10-29 03:00:00,0.0,0.0
2024-10-29 04:00:00,0.0,0.0
2024-10-29 05:00:00,0.0,0.0
2024-10-29 06:00:00,0.0,0.0
2024-10-29 07:00:00,0.0,0.0
2024-10-29 08:00:00,0.0,0.0
2024-10-29 09:00:00,0.0,0.0
2024-10-29 10:00:00,0.08000129847355453,0.08000129847355453
2024-10-29 11:00:00,0.3560070333134281,0.3560070333134281
2024-10-29 12:00:00,0.6168748653498212,0.6168748653498212
2024-10-29 13:00:00,1.395139322431735,1.395139322431735
2024-10-29 14:00:00,1.7449374175822767,1.7449374175822767
2024-10-29 15:00:00,1.793665416405796,1.793665416405796
2024-10-29 16:00:00,2.3651965963413883,2.3651965963413883
2024-10-29 17:00:00,2.700030957997479,2.700030957997479
2024-10-29 18:00:00,2.845225431068572,2.845225431068572
2024-10-29 19:00:00,2.633103555027084,2.633103555027084
2024-10-29 20:00:00,2.9983780653517513,2.9983780653517513
2024-10-29 21:00:00,2.439117364307877,2.439117364307877
2024-10-29 22:00:00,0.0,0.0
2024-10-29 23:00:00,0.0,0.0
2024-10-30 00:00:00,0.0,0.0
2024-10-30 01:00:00,0.0,0.0
2024-10-30 02:00:00,0.0,0.0
2024-10-30 03:00:00,0.0,0.0
2024-10-30 04:00:00,0.0,0.0
2024-10-30 05:00:00,0.0,0.0
2024-10-30 06:00:00,0.0,0.0
2024-10-30 07:00:00,0.0,0.0
2024-10-30 08:00:00,0.0,0.0
2024-10-30 09:00:00,0.0,0.0
2024-10-30 10:00:00,0.10449458199415947,0.10449458199415947
2024-10-30 11:00:00,0.41323855536448467,0.41323855536448467
2024-10-30 12:00:00,0.77867863970249,0.77867863970249
2024-10-30 13:00:00,1.5163066193623678,1.5163066193623678
2024-10-30 14:00:00,1.8357829061519608,1.8357829061519608
2024-10-30 15:00:00,1.8652014312868705,1.8652014312868705
2024-10-30 16:00:00,2.331185681658385,2.331185681658385
2024-10-30 17:00:00,2.7085294252697,2.7085294252697
2024-10-30 18:00:00,2.668597835054803,2.668597835054803
2024-10-30 19:00:00,3.092979208032006,3.092979208032006
2024-10-30 20:00:00,2.7796580066813577,2.7796580066813577
2024-10-30 21:00:00,2.4911049306872086,2.4911049306872086
2024-10-30 22:00:00,0.0,0.0
2024-10-30 23:00:00,0.0,0.0
2024-10-31 00:00:00,0.0,0.0
2024-10-31 01:00:00,0.0,0.0
2024-10-31 02:00:00,0.0,0.0
2024-10-31 03:00:00,0.0,0.0
2024-10-31 04:00:00,0.0,0.0
2024-10-31 05:00:00,0.0,0.0
2024-10-31 06:00:00,0.0,0.0
2024-10-31 07:00:00,0.0,0.0
2024-10-31 08:00:00,0.0,0.0
2024-10-31 09:00:00,0.0,0.0
2024-10-31 10:00:00,0.10004656601328722,0.10004656601328722
2024-10-31 11:00:00,0.336303299962778,0.336303299962778
2024-10-31 12:00:00,0.6616552369992658,0.6616552369992658
2024-10-31 13:00:00,1.2284724238744866,1.2284724238744866
2024-10-31 14:00:00,2.153783205256172,2.153783205256172
2024-10-31 15:00:00,2.2626310407341323,2.2626310407341323
2024-10-31 16:00:00,2.1654574186238245,2.1654574186238245
2024-10-31 17:00:00,2.605201899904935,2.605201899904935
2024-10-31 18:00:00,2.904925158476492,2.904925158476492
2024-10-31 19:00:00,2.896038324551456,2.896038324551456
2024-10-31 20:00:00,2.705747507358106,2.705747507358106
2024-10-31 21:00:00,2.551364458868981,2.551364458868981
2024-10-31 22:00:00,0.0,0.0
2024-10-31 23:00:00,0.0,0.0
2024-11-01 00:00:00,0.0,0.0
2024-11-01 01:00:00,0.0,0.0
2024-11-01 02:00:00,0.0,0.0
2024-11-01 03:00:00,0.0,0.0
2024-11-01 04:00:00,0.0,0.0
2024-11-01 05:00:00,0.0,0.0
2024-11-01 06:00:00,0.0,0.0
2024-11-01 07:00:00,0.0,0.0
2024-11-01 08:00:00,0.0,0.0
2024-11-01 09:00:00,0.0,0.0
2024-11-01 10:00:00,0.09856253738147457,0.09856253738147457
2024-11-01 11:00:00,0.3659911289715101,0.3659911289715101
2024-11-01 12:00:00,0.6996142283242058,0.6996142283242058
2024-11-01 13:00:00,1.4023897452097507,1.4023897452097507
2024-11-01 14:00:00,1.6367684209471116,1.6367684209471116
2024-11-01 15:00:00,1.9707976162984606,1.9707976162984606
2024-11-01 16:00:00,2.673563642849583,2.673563642849583
2024-11-01 17:00:00,2.943874344274508,2.943874344274508
2024-11-01 18:00:00,3.25192594954088,3.25192594954088
2024-11-01 19:00:00,2.7926701407900123,2.7926701407900123
2024-11-01 20:00:00,3.6214455628531197,3.6214455628531197
2024-11-01 21:00:00,3.162773913686791,3.162773913686791
2024-11-01 22:00:00,0.0,0.0
2024-11-01 23:00:00,0.0,0.0
2024-11-02 00:00:00,0.0,0.0
2024-11-02 01:00:00,0.0,0.0
2024-11-02 02:00:00,0.0,0.0
2024-11-02 03:00:00,0.0,0.0
2024-11-02 04:00:00,0.0,0.0
2024-11-02 05:00:00,0.0,0.0
2024-11-02 06:00:00,0.0,0.0
2024-11-02 07:00:00,0.0,0.0
2024-11-02 08:00:00,0.0,0.0
2024-11-02 09:00:00,0.0,0.0
2024-11-02 10:00:00,0.06358674763096964,0.06358674763096964
2024-11-02 11:00:00,0.2740931151490005,0.2740931151490005
2024-11-02 12:00:00,0.4428831517912673,0.4428831517912673
2024-11-02 13:00:00,1.0571815226143635,1.0571815226143635
2024-11-02 14:00:00,1.105395517323205,1.105395517323205
2024-11-02 15:00:00,1.3411140731721363,1.3411140731721363
2024-11-02 16:00:00,1.4684534336204023,1.4684534336204023
2024-11-02 17:00:00,1.9401900797976246,1.9401900797976246
2024-11-02 18:00:00,1.9094523219437392,1.9094523219437392
2024-11-02 19:00:00,2.1678678659595976,2.1678678659595976
2024-11-02 20:00:00,2.0220714236686987,2.0220714236686987
2024-11-02 21:00:00,2.13130040013705,2.13130040013705
2024-11-02 22:00:00,0.0,0.0
2024-11-02 23:00:00,0.0,0.0
2024-11-03 00:00:00,0.0,0.0
2024-11-03 01:00:00,0.0,0.0
2024-11-03 02:00:00,0.0,0.0
2024-11-03 03:00:00,0.0,0.0
2024-11-03 04:00:00,0.0,0.0
2024-11-03 05:00:00,0.0,0.0
2024-11-03 06:00:00,0.0,0.0
2024-11-03 07:00:00,0.0,0.0
2024-11-03 08:00:00,0.0,0.0
2024-11-03 09:00:00,0.0,0.0
2024-11-03 10:00:00,0.05746608938436165,0.05746608938436165
2024-11-03 11:00:00,0.28486093411691643,0.28486093411691643
2024-11-03 12:00:00,0.5405666478351616,0.5405666478351616
2024-11-03 13:00:00,0.9901826884506824,0.9901826884506824
2024-11-03 14:00:00,1.127776910244965,1.127776910244965
2024-11-03 15:00:00,1.2639724457490464,1.2639724457490464
2024-11-03 16:00:00,1.736734049804186,1.736734049804186
2024-11-03 17:00:00,1.8856491910054214,1.8856491910054214
2024-11-03 18:00:00,1.8979886346111918,1.8979886346111918
2024-11-03 19:00:00,1.7619895132718144,1.7619895132718144
2024-11-03 20:00:00,2.3858193320701133,2.3858193320701133
2024-11-03 21:00:00,1.8471868675377514,1.8471868675377514
2024-11-03 22:00:00,0.0,0.0
2024-11-03 23:00:00,0.0,0.0
2024-11-04 00:00:00,0.0,0.0
2024-11-04 01:00:00,0.0,0.0
2024-11-04 02:00:00,0.0,0.0
2024-11-04 03:00:00,0.0,0.0
2024-11-04 04:00:00,0.0,0.0
2024-11-04 05:00:00,0.0,0.0
2024-11-04 06:00:00,0.0,0.0
2024-11-04 07:00:00,0.0,0.0
2024-11-04 08:00:00,0.0,0.0
2024-11-04 09:00:00,0.0,0.0
2024-11-04 10:00:00,0.0922267011470662,0.0922267011470662
2024-11-04 11:00:00,0.377702042068715,0.377702042068715
2024-11-04 12:00:00,0.6744745156782223,0.6744745156782223
2024-11-04 13:00:00,1.3760380980114384,1.3760380980114384
2024-11-04 14:00:00,2.075075381059515,2.075075381059515
2024-11-04 15:00:00,2.3121337104627866,2.3121337104627866
2024-11-04 16:00:00,2.5650543141531075,2.5650543141531075
2024-11-04 17:00:00,3.070554097771919,3.070554097771919
2024-11-04 18:00:00,2.813072072668079,2.813072072668079
2024-11-04 19:00:00,2.5455382498101393,2.5455382498101393
2024-11-04 20:00:00,3.067330887277906,3.067330887277906
2024-11-04 21:00:00,2.6359166524076074,2.6359166524076074
2024-11-04 22:00:00,0.0,0.0
2024-11-04 23:00:00,0.0,0.0
2024-11-05 00:00:00,0.0,0.0
2024-11-05 01:00:00,0.0,0.0
2024-11-05 02:00:00,0.0,0.0
2024-11-05 03:00:00,0.0,0.0
2024-11-05 04:00:00,0.0,0.0
2024-11-05 05:00:00,0.0,0.0
2024-11-05 06:00:00,0.0,0.0
2024-11-05 07:00:00,0.0,0.0
2024-11-05 08:00:00,0.0,0.0
2024-11-05 09:00:00,0.0,0.0
2024-11-05 10:00:00,0.0878660834109194,0.0878660834109194
2024-11-05 11:00:00,0.39688110720057285,0.39688110720057285
2024-11-05 12:00:00,0.7305118805120666,0.7305118805120666
2024-11-05 13:00:00,1.1408386060783,1.1408386060783
2024-11-05 14:00:00,1.8511978447864343,1.8511978447864343
2024-11-05 15:00:00,1.9422203801454818,1.9422203801454818
2024-11-05 16:00:00,2.5749063737385947,2.5749063737385947
2024-11-05 17:00:00,2.400343839723298,2.400343839723298
2024-11-05 18:00:00,2.4898718572043976,2.4898718572043976
2024-11-05 19:00:00,2.354373314432705,2.354373314432705
2024-11-05 20:00:00,2.8189464793482584,2.8189464793482584
2024-11-05 21:00:00,2.637418779664275,2.637418779664275
2024-11-05 22:00:00,0.0,0.0
2024-11-05 23:00:00,0.0,0.0
2024-11-06 00:00:00,0.0,0.0
2024-11-06 01:00:00,0.0,0.0
2024-11-06 02:00:00,0.0,0.0
2024-11-06 03:00:00,0.0,0.0
2024-11-06 04:00:00,0.0,0.0
2024-11-06 05:00:00,0.0,0.0
2024-11-06 06:00:00,0.0,0.0
2024-11-06 07:00:00,0.0,0.0
2024-11-06 08:00:00,0.0,0.0
2024-11-06 09:00:00,0.0,0.0
2024-11-06 10:00:00,0.09558220548751183,0.09558220548751183
2024-11-06 11:00:00,0.3963551598574288,0.3963551598574288
2024-11-06 12:00:00,0.6366081315026317,0.6366081315026317
2024-11-06 13:00:00,1.4244978746682948,1.4244978746682948
2024-11-06 14:00:00,1.6905409611430344,1.6905409611430344
2024-11-06 15:00:00,1.6980865137357593,1.6980865137357593
2024-11-06 16:00:00,2.7179106336301566,2.7179106336301566
2024-11-06 17:00:00,2.2906519817000857,2.2906519817000857
2024-11-06 18:00:00,3.0866647456847907,3.0866647456847907
2024-11-06 19:00:00,2.9256626162331694,2.9256626162331694
2024-11-06 20:00:00,2.7832292841624753,2.7832292841624753
2024-11-06 21:00:00,2.8056688859124255,2.8056688859124255
2024-11-06 22:00:00,0.0,0.0
2024-11-06 23:00:00,0.0,0.0
2024-11-07 00:00:00,0.0,0.0
2024-11-07 01:00:00,0.0,0.0
2024-11-07 02:00:00,0.0,0.0
2024-11-07 03:00:00,0.0,0.0
2024-11-07 04:00:00,0.0,0.0
2024-11-07 05:00:00,0.0,0.0
2024-11-07 06:00:00,0.0,0.0
2024-11-07 07:00:00,0.0,0.0
2024-11-07 08:00:00,0.0,0.0
2024-11-07 09:00:00,0.0,0.0
2024-11-07 10:00:00,0.11005830943304928,0.11005830943304928
2024-11-07 11:00:00,0.4379329677016139,0.4379329677016139
2024-11-07 12:00:00,0.6899434311452741,0.6899434311452741
2024-11-07 13:00:00,1.5207266544546323,1.5207266544546323
2024-11-07 14:00:00,1.902867436652147,1.902867436652147
2024-11-07 15:00:00,2.4004247562537184,2.4004247562537184
2024-11-07 16:00:00,2.4666897590583665,2.4666897590583665
2024-11-07 17:00:00,3.0305121531459767,3.0305121531459767
2024-11-07 18:00:00,2.736561367212319,2.736561367212319
2024-11-07 19:00:00,2.6264441701891377,2.6264441701891377
2024-11-07 20:00:00,3.3560194762245197,3.3560194762245197
2024-11-07 21:00:00,2.892766681015992,2.892766681015992
2024-11-07 22:00:00,0.0,0.0
2024-11-07 23:00:00,0.0,0.0
2024-11-08 00:00:00,0.0,0.0
2024-11-08 01:00:00,0.0,0.0
2024-11-08 02:00:00,0.0,0.0
2024-11-08 03:00:00,0.0,0.0
2024-11-08 04:00:00,0.0,0.0
2024-11-08 05:00:00,0.0,0.0
2024-11-08 06:00:00,0.0,0.0
2024-11-08 07:00:00,0.0,0.0
2024-11-08 08:00:00,0.0,0.0
2024-11-08 09:00:00,0.0,0.0
2024-11-08 10:00:00,0.09100212434039848,0.09100212434039848
2024-11-08 11:00:00,0.41727825778219985,0.41727825778219985
2024-11-08 12:00:00,0.7927864863711049,0.7927864863711049
2024-11-08 13:00:00,1.3620003860238956,1.3620003860238956
2024-11-08 14:00:00,1.8840919122434696,1.8840919122434696
2024-11-08 15:00:00,2.4088613129989027,2.4088613129989027
2024-11-08 16:00:00,3.0345821251513936,3.0345821251513936
2024-11-08 17:00:00,3.079407180128966,3.079407180128966
2024-11-08 18:00:00,3.0345632305541885,3.0345632305541885
2024-11-08 19:00:00,2.7201675483570353,2.7201675483570353
2024-11-08 20:00:00,3.432171164088001,3.432171164088001
2024-11-08 21:00:00,2.7168953581913486,2.7168953581913486
2024-11-08 22:00:00,0.0,0.0
2024-11-08 23:00:00,0.0,0.0
2024-11-09 00:00:00,0.0,0.0
2024-11-09 01:00:00,0.0,0.0
2024-11-09 02:00:00,0.0,0.0
2024-11-09 03:00:00,0.0,0.0
2024-11-09 04:00:00,0.0,0.0
2024-11-09 05:00:00,0.0,0.0
2024-11-09 06:00:00,0.0,0.0
2024-11-09 07:00:00,0.0,0.0
2024-11-09 08:00:00,0.0,0.0
2024-11-09 09:00:00,0.0,0.0
2024-11-09 10:00:00,0.06815048711957167,0.06815048711957167
2024-11-09 11:00:00,0.2731462985662068,0.2731462985662068
2024-11-09 12:00:00,0.5209498237189323,0.5209498237189323
2024-11-09 13:00:00,0.9714923925288117,0.9714923925288117
2024-11-09 14:00:00,1.1789319655017314,1.1789319655017314
2024-11-09 15:00:00,1.3889620207408997,1.3889620207408997
2024-11-09 16:00:00,1.836362625802527,1.836362625802527
2024-11-09 17:00:00,1.9631942014264891,1.9631942014264891
2024-11-09 18:00:00,1.9024484888145907,1.9024484888145907
2024-11-09 19:00:00,2.0616686137472735,2.0616686137472735
2024-11-09 20:00:00,2.371357615703606,2.371357615703606
2024-11-09 21:00:00,1.6638113278084483,1.6638113278084483
2024-11-09 22:00:00,0.0,0.0
2024-11-09 23:00:00,0.0,0.0
2024-11-10 00:00:00,0.0,0.0
2024-11-10 01:00:00,0.0,0.0
2024-11-10 02:00:00,0.0,0.0
2024-11-10 03:00:00,0.0,0.0
2024-11-10 04:00:00,0.0,0.0
2024-11-10 05:00:00,0.0,0.0
2024-11-10 06:00:00,0.0,0.0
2024-11-10 07:00:00,0.0,0.0
2024-11-10 08:00:00,0.0,0.0
2024-11-10 09:00:00,0.0,0.0
2024-11-10 10:00:00,0.06738489190791096,0.06738489190791096
2024-11-10 11:00:00,0.2817959607120548,0.2817959607120548
2024-11-10 12:00:00,0.5788678162131498,0.5788678162131498
2024-11-10 13:00:00,1.0818017495697039,1.0818017495697039
2024-11-10 14:00:00,1.426071642813632,1.426071642813632
2024-11-10 15:00:00,1.3664292397401254,1.3664292397401254
2024-11-10 16:00:00,1.9903615259986913,1.9903615259986913
2024-11-10 17:00:00,2.1577882848380106,2.1577882848380106
2024-11-10 18:00:00,2.302091379355581,2.302091379355581
2024-11-10 19:00:00,2.374665377789846,2.374665377789846
2024-11-10 20:00:00,2.526796368391146,2.526796368391146
2024-11-10 21:00:00,2.195583219699824,2.195583219699824
2024-11-10 22:00:00,0.0,0.0
2024-11-10 23:00:00,0.0,0.0
2024-11-11 00:00:00,0.0,0.0
2024-11-11 01:00:00,0.0,0.0
2024-11-11 02:00:00,0.0,0.0
2024-11-11 03:00:00,0.0,0.0
2024-11-11 04:00:00,0.0,0.0
2024-11-11 05:00:00,0.0,0.0
2024-11-11 06:00:00,0.0,0.0
2024-11-11 07:00:00,0.0,0.0
2024-11-11 08:00:00,0.0,0.0
2024-11-11 09:00:00,0.0,0.0
2024-11-11 10:00:00,0.12033244348147118,0.12033244348147118
2024-11-11 11:00:00,0.39777461049868806,0.39777461049868806
2024-11-11 12:00:00,0.7546495733601065,0.7546495733601065
2024-11-11 13:00:00,1.4929744800166105,1.4929744800166105
2024-11-11 14:00:00,1.9277509468891796,1.9277509468891796
2024-11-11 15:00:00,2.190411529218866,2.190411529218866
2024-11-11 16:00:00,2.610374523745531,2.610374523745531
2024-11-11 17:00:00,3.1639845092188277,3.1639845092188277
2024-11-11 18:00:00,3.3520659960106,3.3520659960106
2024-11-11 19:00:00,3.1363654076769842,3.1363654076769842
2024-11-11 20:00:00,3.583170950425386,3.583170950425386
2024-11-11 21:00:00,3.5026952523041883,3.5026952523041883
2024-11-11 22:00:00,0.0,0.0
2024-11-11 23:00:00,0.0,0.0
2024-11-12 00:00:00,0.0,0.0
2024-11-12 01:00:00,0.0,0.0
2024-11-12 02:00:00,0.0,0.0
2024-11-12 03:00:00,0.0,0.0
2024-11-12 04:00:00,0.0,0.0
2024-11-12 05:00:00,0.0,0.0
2024-11-12 06:00:00,0.0,0.0
2024-11-12 07:00:00,0.0,0.0
2024-11-12 08:00:00,0.0,0.0
2024-11-12 09:00:00,0.0,0.0
2024-11-12 10:00:00,0.07923293390999003,0.07923293390999003
2024-11-12 11:00:00,0.37554792773735757,0.37554792773735757
2024-11-12 12:00:00,0.6629638988627016,0.6629638988627016
2024-11-12 13:00:00,1.2459907174162301,1.2459907174162301
2024-11-12 14:00:00,1.7668321722529805,1.7668321722529805
2024-11-12 15:00:00,1.873504978444774,1.873504978444774
2024-11-12 16:00:00,2.021402235519352,2.021402235519352
2024-11-12 17:00:00,2.4336211357197484,2.4336211357197484
2024-11-12 18:00:00,3.0244948549739816,3.0244948549739816
2024-11-12 19:00:00,2.257355092095607,2.257355092095607
2024-11-12 20:00:00,3.363296942563896,3.363296942563896
2024-11-12 21:00:00,2.7754595911693367,2.7754595911693367
2024-11-12 22:00:00,0.0,0.0
2024-11-12 23:00:00,0.0,0.0
2024-11-13 00:00:00,0.0,0.0
2024-11-13 01:00:00,0.0,0.0
2024-11-13 02:00:00,0.0,0.0
2024-11-13 03:00:00,0.0,0.0
2024-11-13 04:00:00,0.0,0.0
2024-11-13 05:00:00,0.0,0.0
2024-11-13 06:00:00,0.0,0.0
2024-11-13 07:00:00,0.0,0.0
2024-11-13 08:00:00,0.0,0.0
2024-11-13 09:00:00,0.0,0.0
2024-11-13 10:00:00,0.09910308174518537,0.09910308174518537
2024-11-13 11:00:00,0.36911936820726143,0.36911936820726143
2024-11-13 12:00:00,0.6484837779347177,0.6484837779347177
2024-11-13 13:00:00,1.4249509007174546,1.4249509007174546
2024-11-13 14:00:00,2.047067837338491,2.047067837338491
2024-11-13 15:00:00,2.531228650995108,2.531228650995108
2024-11-13 16:00:00,2.5469944874326336,2.5469944874326336
2024-11-13 17:00:00,2.878600689982821,2.878600689982821
2024-11-13 18:00:00,3.192306861844535,3.192306861844535
2024-11-13 19:00:00,2.7104649557799543,2.7104649557799543
2024-11-13 20:00:00,3.4510295257767254,3.4510295257767254
2024-11-13 21:00:00,2.9495835308033436,2.9495835308033436
2024-11-13 22:00:00,0.0,0.0
2024-11-13 23:00:00,0.0,0.0
2024-11-14 00:00:00,0.0,0.0
2024-11-14 01:00:00,0.0,0.0
2024-11-14 02:00:00,0.0,0.0
2024-11-14 03:00:00,0.0,0.0
2024-11-14 04:00:00,0.0,0.0
2024-11-14 05:00:00,0.0,0.0
2024-11-14 06:00:00,0.0,0.0
2024-11-14 07:00:00,0.0,0.0
2024-11-14 08:00:00,0.0,0.0
2024-11-14 09:00:00,0.0,0.0
2024-11-14 10:00:00,0.11182725275804878,0.11182725275804878
2024-11-14 11:00:00,0.4005607837751119,0.4005607837751119
2024-11-14 12:00:00,0.7799637106825826,0.7799637106825826
2024-11-14 13:00:00,1.5542429617030054,1.5542429617030054
2024-11-14 14:00:00,2.0386651689304203,2.0386651689304203
2024-11-14 15:00:00,2.0359224022110394,2.0359224022110394
2024-11-14 16:00:00,2.9833428970740514,2.9833428970740514
2024-11-14 17:00:00,2.927569651298405,2.927569651298405
2024-11-14 18:00:00,3.164256571926623,3.164256571926623
2024-11-14 19:00:00,3.011247205950316,3.011247205950316
2024-11-14 20:00:00,3.49848302830106,3.49848302830106
2024-11-14 21:00:00,2.9115994073815767,2.9115994073815767
2024-11-14 22:00:00,0.0,0.0
2024-11-14 23:00:00,0.0,0.0
2024-11-15 00:00:00,0.0,0.0
2024-11-15 01:00:00,0.0,0.0
2024-11-15 02:00:00,0.0,0.0
2024-11-15 03:00:00,0.0,0.0
2024-11-15 04:00:00,0.0,0.0
2024-11-15 05:00:00,0.0,0.0
2024-11-15 06:00:00,0.0,0.0
2024-11-15 07:00:00,0.0,0.0
2024-11-15 08:00:00,0.0,0.0
2024-11-15 09:00:00,0.0,0.0
2024-11-15 10:00:00,0.09284360957031128,0.09284360957031128
2024-11-15 11:00:00,0.3787013316391725,0.3787013316391725
2024-11-15 12:00:00,0.840746593574113,0.840746593574113
2024-11-15 13:00:00,1.61429489991565,1.61429489991565
2024-11-15 14:00:00,2.0468185756578654,2.0468185756578654
2024-11-15 15:00:00,1.932121275239728,1.932121275239728
2024-11-15 16:00:00,2.2867505698740316,2.2867505698740316
2024-11-15 17:00:00,2.701763505141126,2.701763505141126
2024-11-15 18:00:00,3.344015693785064,3.344015693785064
2024-11-15 19:00:00,3.006454183451307,3.006454183451307
2024-11-15 20:00:00,2.9801018014461773,2.9801018014461773
2024-11-15 21:00:00,2.7839201600914083,2.7839201600914083
2024-11-15 22:00:00,0.0,0.0
2024-11-15 23:00:00,0.0,0.0
2024-11-16 00:00:00,0.0,0.0
2024-11-16 01:00:00,0.0,0.0
2024-11-16 02:00:00,0.0,0.0
2024-11-16 03:00:00,0.0,0.0
2024-11-16 04:00:00,0.0,0.0
2024-11-16 05:00:00,0.0,0.0
2024-11-16 06:00:00,0.0,0.0
2024-11-16 07:00:00,0.0,0.0
2024-11-16 08:00:00,0.0,0.0
2024-11-16 09:00:00,0.0,0.0
2024-11-16 10:00:00,0.07421799905058586,0.07421799905058586
2024-11-16 11:00:00,0.2642609837283967,0.2642609837283967
2024-11-16 12:00:00,0.5949085278806036,0.5949085278806036
2024-11-16 13:00:00,1.039549367017049,1.039549367017049
2024-11-16 14:00:00,1.2244209108305188,1.2244209108305188
2024-11-16 15:00:00,1.5058125307049601,1.5058125307049601
2024-11-16 16:00:00,2.076396915973857,2.076396915973857
2024-11-16 17:00:00,2.1859482431995816,2.1859482431995816
2024-11-16 18:00:00,2.2862511752089456,2.2862511752089456
2024-11-16 19:00:00,1.9196575836955292,1.9196575836955292
2024-11-16 20:00:00,2.2803071927109166,2.2803071927109166
2024-11-16 21:00:00,2.0975645730655494,2.0975645730655494
2024-11-16 22:00:00,0.0,0.0
2024-11-16 23:00:00,0.0,0.0
2024-11-17 00:00:00,0.0,0.0
2024-11-17 01:00:00,0.0,0.0
2024-11-17 02:00:00,0.0,0.0
2024-11-17 03:00:00,0.0,0.0
2024-11-17 04:00:00,0.0,0.0
2024-11-17 05:00:00,0.0,0.0
2024-11-17 06:00:00,0.0,0.0
2024-11-17 07:00:00,0.0,0.0
2024-11-17 08:00:00,0.0,0.0
2024-11-17 09:00:00,0.0,0.0
2024-11-17 10:00:00,0.06884773827534925,0.06884773827534925
2024-11-17 11:00:00,0.2545127205647521,0.2545127205647521
2024-11-17 12:00:00,0.5349081343312455,0.5349081343312455
2024-11-17 13:00:00,0.8541773341564924,0.8541773341564924
2024-11-17 14:00:00,1.3870397685157303,1.3870397685157303
2024-11-17 15:00:00,1.503210634325169,1.503210634325169
2024-11-17 16:00:00,1.6702807783434859,1.6702807783434859
2024-11-17 17:00:00,1.9285765014351721,1.9285765014351721
2024-11-17 18:00:00,1.7956169054927549,1.7956169054927549
2024-11-17 19:00:00,1.8340078733469038,1.8340078733469038
2024-11-17 20:00:00,2.108130489927032,2.108130489927032
2024-11-17 21:00:00,1.9212143256439307,1.9212143256439307
2024-11-17 22:00:00,0.0,0.0
2024-11-17 23:00:00,0.0,0.0
2024-11-18 00:00:00,0.0,0.0
2024-11-18 01:00:00,0.0,0.0
2024-11-18 02:00:00,0.0,0.0
2024-11-18 03:00:00,0.0,0.0
2024-11-18 04:00:00,0.0,0.0
2024-11-18 05:00:00,0.0,0.0
2024-11-18 06:00:00,0.0,0.0
2024-11-18 07:00:00,0.0,0.0
2024-11-18 08:00:00,0.0,0.0
2024-11-18 09:00:00,0.0,0.0
2024-11-18 10:00:00,0.1062772703968784,0.1062772703968784
2024-11-18 11:00:00,0.4557902709064792,0.4557902709064792
2024-11-18 12:00:00,0.7252284053817644,0.7252284053817644
2024-11-18 13:00:00,1.4233795565111684,1.4233795565111684
2024-11-18 14:00:00,2.3753909719483173,2.3753909719483173
2024-11-18 15:00:00,2.568700318593235,2.568700318593235
2024-11-18 16:00:00,3.0748504696622487,3.0748504696622487
2024-11-18 17:00:00,2.915222166719259,2.915222166719259
2024-11-18 18:00:00,2.798429437003773,2.798429437003773
2024-11-18 19:00:00,2.708894938421541,2.708894938421541
2024-11-18 20:00:00,3.074111120311195,3.074111120311195
2024-11-18 21:00:00,3.3304367463607063,3.3304367463607063
2024-11-18 22:00:00,0.0,0.0
2024-11-18 23:00:00,0.0,0.0
2024-11-19 00:00:00,0.0,0.0
2024-11-19 01:00:00,0.0,0.0
2024-11-19 02:00:00,0.0,0.0
2024-11-19 03:00:00,0.0,0.0
2024-11-19 04:00:00,0.0,0.0
2024-11-19 05:00:00,0.0,0.0
2024-11-19 06:00:00,0.0,0.0
2024-11-19 07:00:00,0.0,0.0
2024-11-19 08:00:00,0.0,0.0
2024-11-19 09:00:00,0.0,0.0
2024-11-19 10:00:00,0.07844778556515888,0.07844778556515888
2024-11-19 11:00:00,0.3865686760531512,0.3865686760531512
2024-11-19 12:00:00,0.606781354236024,0.606781354236024
2024-11-19 13:00:00,1.2620240185634912,1.2620240185634912
2024-11-19 14:00:00,2.065767944221078,2.065767944221078
2024-11-19 15:00:00,1.930004370911546,1.930004370911546
2024-11-19 16:00:00,2.6010170843790896,2.6010170843790896
2024-11-19 17:00:00,2.759697889061868,2.759697889061868
2024-11-19 18:00:00,2.9515409456750983,2.9515409456750983
2024-11-19 19:00:00,3.0000064867431644,3.0000064867431644
2024-11-19 20:00:00,3.154118691040075,3.154118691040075
2024-11-19 21:00:00,2.4862142333292976,2.4862142333292976
2024-11-19 22:00:00,0.0,0.0
2024-11-19 23:00:00,0.0,0.0
2024-11-20 00:00:00,0.0,0.0
2024-11-20 01:00:00,0.0,0.0
2024-11-20 02:00:00,0.0,0.0
2024-11-20 03:00:00,0.0,0.0
2024-11-20 04:00:00,0.0,0.0
2024-11-20 05:00:00,0.0,0.0
2024-11-20 06:00:00,0.0,0.0
2024-11-20 07:00:00,0.0,0.0
2024-11-20 08:00:00,0.0,0.0
2024-11-20 09:00:00,0.0,0.0
2024-11-20 10:00:00,0.09817622440510286,0.09817622440510286
2024-11-20 11:00:00,0.3796005837955269,0.3796005837955269
2024-11-20 12:00:00,0.8289283648880615,0.8289283648880615
2024-11-20 13:00:00,1.4575204127207526,1.4575204127207526
2024-11-20 14:00:00,1.8466084934064149,1.8466084934064149
2024-11-20 15:00:00,2.0027953169407193,2.0027953169407193
2024-11-20 16:00:00,2.2881912579471564,2.2881912579471564
2024-11-20 17:00:00,2.302332235606755,2.302332235606755
2024-11-20 18:00:00,3.047503514841922,3.047503514841922
2024-11-20 19:00:00,2.8957898322813858,2.8957898322813858
2024-11-20 20:00:00,2.8123660896129645,2.8123660896129645
2024-11-20 21:00:00,3.3014382953366,3.3014382953366
2024-11-20 22:00:00,0.0,0.0
2024-11-20 23:00:00,0.0,0.0
2024-11-21 00:00:00,0.0,0.0
2024-11-21 01:00:00,0.0,0.0
2024-11-21 02:00:00,0.0,0.0
2024-11-21 03:00:00,0.0,0.0
2024-11-21 04:00:00,0.0,0.0
2024-11-21 05:00:00,0.0,0.0
2024-11-21 06:00:00,0.0,0.0
2024-11-21 07:00:00,0.0,0.0
2024-11-21 08:00:00,0.0,0.0
2024-11-21 09:00:00,0.0,0.0
2024-11-21 10:00:00,0.10952291835707671,0.10952291835707671
2024-11-21 11:00:00,0.41078289468223345,0.41078289468223345
2024-11-21 12:00:00,0.7086656348365618,0.7086656348365618
2024-11-21 13:00:00,1.2656146554832697,1.2656146554832697
2024-11-21 14:00:00,2.1542938034964103,2.1542938034964103
2024-11-21 15:00:00,2.3086644489413,2.3086644489413
2024-11-21 16:00:00,2.6323402599007317,2.6323402599007317
2024-11-21 17:00:00,2.786024083063409,2.786024083063409
2024-11-21 18:00:00,2.545330712555601,2.545330712555601
2024-11-21 19:00:00,2.8126528991977104,2.8126528991977104
2024-11-21 20:00:00,3.285169091411243,3.285169091411243
2024-11-21 21:00:00,3.093731471071046,3.093731471071046
2024-11-21 22:00:00,0.0,0.0
2024-11-21 23:00:00,0.0,0.0
2024-11-22 00:00:00,0.0,0.0
2024-11-22 01:00:00,0.0,0.0
2024-11-22 02:00:00,0.0,0.0
2024-11-22 03:00:00,0.0,0.0
2024-11-22 04:00:00,0.0,0.0
2024-11-22 05:00:00,0.0,0.0
2024-11-22 06:00:00,0.0,0.0
2024-11-22 07:00:00,0.0,0.0
2024-11-22 08:00:00,0.0,0.0
2024-11-22 09:00:00,0.0,0.0
2024-11-22 10:00:00,0.08374596380834869,0.08374596380834869
2024-11-22 11:00:00,0.331992387889467,0.331992387889467
2024-11-22 12:00:00,0.5856062367712311,0.5856062367712311
2024-11-22 13:00:00,1.3517075386607385,1.3517075386607385
2024-11-22 14:00:00,1.815130116946347,1.815130116946347
2024-11-22 15:00:00,2.145041419696209,2.145041419696209
2024-11-22 16:00:00,2.1012156896878076,2.1012156896878076
2024-11-22 17:00:00,2.7659330065234986,2.7659330065234986
2024-11-22 18:00:00,2.4799162170915277,2.4799162170915277
2024-11-22 19:00:00,2.998335128953403,2.998335128953403
2024-11-22 20:00:00,3.0930825196134504,3.0930825196134504
2024-11-22 21:00:00,2.8475355586903226,2.8475355586903226
2024-11-22 22:00:00,0.0,0.0
2024-11-22 23:00:00,0.0,0.0
2024-11-23 00:00:00,0.0,0.0
2024-11-23 01:00:00,0.0,0.0
2024-11-23 02:00:00,0.0,0.0
2024-11-23 03:00:00,0.0,0.0
2024-11-23 04:00:00,0.0,0.0
2024-11-23 05:00:00,0.0,0.0
2024-11-23 06:00:00,0.0,0.0
2024-11-23 07:00:00,0.0,0.0
2024-11-23 08:00:00,0.0,0.0
2024-11-23 09:00:00,0.0,0.0
2024-11-23 10:00:00,0.07300758937473056,0.07300758937473056
2024-11-23 11:00:00,0.28062800414333305,0.28062800414333305
2024-11-23 12:00:00,0.4975921077795281,0.4975921077795281
2024-11-23 13:00:00,1.048051123636886,1.048051123636886
2024-11-23 14:00:00,1.1623132377630856,1.1623132377630856
2024-11-23 15:00:00,1.5548019933546882,1.5548019933546882
2024-11-23 16:00:00,1.6677715750219553,1.6677715750219553
2024-11-23 17:00:00,1.8268184155249998,1.8268184155249998
2024-11-23 18:00:00,1.7891901630901594,1.7891901630901594
2024-11-23 19:00:00,2.0141347470311475,2.0141347470311475
2024-11-23 20:00:00,2.2186151705118453,2.2186151705118453
2024-11-23 21:00:00,2.180838257805451,2.180838257805451
2024-11-23 22:00:00,0.0,0.0
2024-11-23 23:00:00,0.0,0.0
2024-11-24 00:00:00,0.0,0.0
2024-11-24 01:00:00,0.0,0.0
2024-11-24 02:00:00,0.0,0.0
2024-11-24 03:00:00,0.0,0.0
2024-11-24 04:00:00,0.0,0.0
2024-11-24 05:00:00,0.0,0.0
2024-11-24 06:00:00,0.0,0.0
2024-11-24 07:00:00,0.0,0.0
2024-11-24 08:00:00,0.0,0.0
2024-11-24 09:00:00,0.0,0.0
2024-11-24 10:00:00,0.06707376318485266,0.06707376318485266
2024-11-24 11:00:00,0.27066917010250474,0.27066917010250474
2024-11-24 12:00:00,0.4816755148705111,0.4816755148705111
2024-11-24 13:00:00,1.1478856902080523,1.1478856902080523
2024-11-24 14:00:00,1.5567631564022848,1.5567631564022848
2024-11-24 15:00:00,1.5093862517431595,1.5093862517431595
2024-11-24 16:00:00,1.723045601637974,1.723045601637974
2024-11-24 17:00:00,1.8953023148171222,1.8953023148171222
2024-11-24 18:00:00,2.3635586501115906,2.3635586501115906
2024-11-24 19:00:00,2.1336681461875204,2.1336681461875204
2024-11-24 20:00:00,2.3150255924201204,2.3150255924201204
2024-11-24 21:00:00,2.3072353393267577,2.3072353393267577
2024-11-24 22:00:00,0.0,0.0
2024-11-24 23:00:00,0.0,0.0
2024-11-25 00:00:00,0.0,0.0
2024-11-25 01:00:00,0.0,0.0
2024-11-25 02:00:00,0.0,0.0
2024-11-25 03:00:00,0.0,0.0
2024-11-25 04:00:00,0.0,0.0
2024-11-25 05:00:00,0.0,0.0
2024-11-25 06:00:00,0.0,0.0
2024-11-25 07:00:00,0.0,0.0
2024-11-25 08:00:00,0.0,0.0
2024-11-25 09:00:00,0.0,0.0
2024-11-25 10:00:00,0.10600637118902694,0.10600637118902694
2024-11-25 11:00:00,0.3148286774344361,0.3148286774344361
2024-11-25 12:00:00,0.6251417491817195,0.6251417491817195
2024-11-25 13:00:00,1.2173444636253385,1.2173444636253385
2024-11-25 14:00:00,1.634591133155501,1.634591133155501
2024-11-25 15:00:00,2.278155382719503,2.278155382719503
2024-11-25 16:00:00,2.152205042577296,2.152205042577296
2024-11-25 17:00:00,2.7436392257758184,2.7436392257758184
2024-11-25 18:00:00,2.7238006409009663,2.7238006409009663
2024-11-25 19:00:00,3.1904508429647302,3.1904508429647302
2024-11-25 20:00:00,3.291109196846424,3.291109196846424
2024-11-25 21:00:00,2.7945270104050595,2.7945270104050595
2024-11-25 22:00:00,0.0,0.0
2024-11-25 23:00:00,0.0,0.0
2024-11-26 00:00:00,0.0,0.0
2024-11-26 01:00:00,0.0,0.0
2024-11-26 02:00:00,0.0,0.0
2024-11-26 03:00:00,0.0,0.0
2024-11-26 04:00:00,0.0,0.0
2024-11-26 05:00:00,0.0,0.0
2024-11-26 06:00:00,0.0,0.0
2024-11-26 07:00:00,0.0,0.0
2024-11-26 08:00:00,0.0,0.0
2024-11-26 09:00:00,0.0,0.0
2024-11-26 10:00:00,0.0880718188557842,0.0880718188557842
2024-11-26 11:00:00,0.4185602915838808,0.4185602915838808
2024-11-26 12:00:00,0.7374390281625518,0.7374390281625518
2024-11-26 13:00:00,1.2033541253691185,1.2033541253691185
2024-11-26 14:00:00,1.9974646055500553,1.9974646055500553
2024-11-26 15:00:00,2.0826392226871935,2.0826392226871935
2024-11-26 16:00:00,2.1600052046896123,2.1600052046896123
2024-11-26 17:00:00,2.2805733346609567,2.2805733346609567
2024-11-26 18:00:00,2.919193409889975,2.919193409889975
2024-11-26 19:00:00,3.1755220428881485,3.1755220428881485
2024-11-26 20:00:00,3.1186147901788726,3.1186147901788726
2024-11-26 21:00:00,2.479384561193728,2.479384561193728
2024-11-26 22:00:00,0.0,0.0
2024-11-26 23:00:00,0.0,0.0
2024-11-27 00:00:00,0.0,0.0
2024-11-27 01:00:00,0.0,0.0
2024-11-27 02:00:00,0.0,0.0
2024-11-27 03:00:00,0.0,0.0
2024-11-27 04:00:00,0.0,0.0
2024-11-27 05:00:00,0.0,0.0
2024-11-27 06:00:00,0.0,0.0
2024-11-27 07:00:00,0.0,0.0
2024-11-27 08:00:00,0.0,0.0
2024-11-27 09:00:00,0.0,0.0
2024-11-27 10:00:00,0.09159542844934657,0.09159542844934657
2024-11-27 11:00:00,0.3890910654847908,0.3890910654847908
2024-11-27 12:00:00,0.7506476952804315,0.7506476952804315
2024-11-27 13:00:00,1.40707779023537,1.40707779023537
2024-11-27 14:00:00,1.8793665145539473,1.8793665145539473
2024-11-27 15:00:00,1.7772259059973725,1.7772259059973725
2024-11-27 16:00:00,2.553307386985085,2.553307386985085
2024-11-27 17:00:00,2.413573266132197,2.413573266132197
2024-11-27 18:00:00,2.479307915078979,2.479307915078979
2024-11-27 19:00:00,3.1455247368899544,3.1455247368899544
2024-11-27 20:00:00,2.670844972084406,2.670844972084406
2024-11-27 21:00:00,2.6674466843843803,2.6674466843843803
2024-11-27 22:00:00,0.0,0.0
2024-11-27 23:00:00,0.0,0.0
2024-11-28 00:00:00,0.0,0.0
2024-11-28 01:00:00,0.0,0.0
2024-11-28 02:00:00,0.0,0.0
2024-11-28 03:00:00,0.0,0.0
2024-11-28 04:00:00,0.0,0.0
2024-11-28 05:00:00,0.0,0.0
2024-11-28 06:00:00,0.0,0.0
2024-11-28 07:00:00,0.0,0.0
2024-11-28 08:00:00,0.0,0.0
2024-11-28 09:00:00,0.0,0.0
2024-11-28 10:00:00,0.09223128356285987,0.09223128356285987
2024-11-28 11:00:00,0.38202030326400305,0.38202030326400305
2024-11-28 12:00:00,0.5981385213264908,0.5981385213264908
2024-11-28 13:00:00,1.2905912671191664,1.2905912671191664
2024-11-28 14:00:00,1.8584867048759262,1.8584867048759262
2024-11-28 15:00:00,1.858418976743012,1.858418976743012
2024-11-28 16:00:00,2.1022202963564545,2.1022202963564545
2024-11-28 17:00:00,2.8896752464346487,2.8896752464346487
2024-11-28 18:00:00,2.8320989214481846,2.8320989214481846
2024-11-28 19:00:00,2.6774124722577515,2.6774124722577515
2024-11-28 20:00:00,2.6007124929173853,2.6007124929173853
2024-11-28 21:00:00,3.0575487041684744,3.0575487041684744
2024-11-28 22:00:00,0.0,0.0
2024-11-28 23:00:00,0.0,0.0
2024-11-29 00:00:00,0.0,0.0
2024-11-29 01:00:00,0.0,0.0
2024-11-29 02:00:00,0.0,0.0
2024-11-29 03:00:00,0.0,0.0
2024-11-29 04:00:00,0.0,0.0
2024-11-29 05:00:00,0.0,0.0
2024-11-29 06:00:00,0.0,0.0
2024-11-29 07:00:00,0.0,0.0
2024-11-29 08:00:00,0.0,0.0
2024-11-29 09:00:00,0.0,0.0
2024-11-29 10:00:00,0.10838524654588137,0.10838524654588137
2024-11-29 11:00:00,0.3798359166901238,0.3798359166901238
2024-11-29 12:00:00,0.6789994742202498,0.6789994742202498
2024-11-29 13:00:00,1.2308066802858229,1.2308066802858229
2024-11-29 14:00:00,1.8572134295652756,1.8572134295652756
2024-11-29 15:00:00,2.214898013921286,2.214898013921286
2024-11-29 16:00:00,2.3027379991625576,2.3027379991625576
2024-11-29 17:00:00,2.871337900870704,2.871337900870704
2024-11-29 18:00:00,2.6682624129060124,2.6682624129060124
2024-11-29 19:00:00,2.9851719281594247,2.9851719281594247
2024-11-29 20:00:00,3.515302314729945,3.515302314729945
2024-11-29 21:00:00,2.4078718119282936,2.4078718119282936
2024-11-29 22:00:00,0.0,0.0
2024-11-29 23:00:00,0.0,0.0
2024-11-30 00:00:00,0.0,0.0
2024-11-30 01:00:00,0.0,0.0
2024-11-30 02:00:00,0.0,0.0
2024-11-30 03:00:00,0.0,0.0
2024-11-30 04:00:00,0.0,0.0
2024-11-30 05:00:00,0.0,0.0
2024-11-30 06:00:00,0.0,0.0
2024-11-30 07:00:00,0.0,0.0
2024-11-30 08:00:00,0.0,0.0
2024-11-30 09:00:00,0.0,0.0
2024-11-30 10:00:00,0.05926495707806499,0.05926495707806499
2024-11-30 11:00:00,0.2793321830197311,0.2793321830197311
2024-11-30 12:00:00,0.47066573675269646,0.47066573675269646
2024-11-30 13:00:00,0.9100867866134865,0.9100867866134865
2024-11-30 14:00:00,1.2618242954654153,1.2618242954654153
2024-11-30 15:00:00,1.539889939779106,1.539889939779106
2024-11-30 16:00:00,2.0130813804295338,2.0130813804295338
2024-11-30 17:00:00,1.67520934365971,1.67520934365971
2024-11-30 18:00:00,1.9011612012889503,1.9011612012889503
2024-11-30 19:00:00,2.1771236945640653,2.1771236945640653
2024-11-30 20:00:00,2.53786865191384,2.53786865191384
2024-11-30 21:00:00,2.2867093954722306,2.2867093954722306
2024-11-30 22:00:00,0.0,0.0
2024-11-30 23:00:00,0.0,0.0
2024-12-01 00:00:00,0.0,0.0
2024-12-01 01:00:00,0.0,0.0
2024-12-01 02:00:00,0.0,0.0
2024-12-01 03:00:00,0.0,0.0
2024-12-01 04:00:00,0.0,0.0
2024-12-01 05:00:00,0.0,0.0
2024-12-01 06:00:00,0.0,0.0
2024-12-01 07:00:00,0.0,0.0
2024-12-01 08:00:00,0.0,0.0
2024-12-01 09:00:00,0.0,0.0
2024-12-01 10:00:00,0.0727609266063231,0.0727609266063231
2024-12-01 11:00:00,0.28713430800315176,0.28713430800315176
2024-12-01 12:00:00,0.6058419900480441,0.6058419900480441
2024-12-01 13:00:00,1.147139386785624,1.147139386785624
2024-12-01 14:00:00,1.6314653640289989,1.6314653640289989
2024-12-01 15:00:00,1.4972986093027363,1.4972986093027363
2024-12-01 16:00:00,1.7320221247480834,1.7320221247480834
2024-12-01 17:00:00,2.2302613336879284,2.2302613336879284
2024-12-01 18:00:00,2.113895794646161,2.113895794646161
2024-12-01 19:00:00,1.9289545654260927,1.9289545654260927
2024-12-01 20:00:00,2.323339381346688,2.323339381346688
2024-12-01 21:00:00,2.300006533179967,2.300006533179967
2024-12-01 22:00:00,0.0,0.0
2024-12-01 23:00:00,0.0,0.0
2024-12-02 00:00:00,0.0,0.0
2024-12-02 01:00:00,0.0,0.0
2024-12-02 02:00:00,0.0,0.0
2024-12-02 03:00:00,0.0,0.0
2024-12-02 04:00:00,0.0,0.0
2024-12-02 05:00:00,0.0,0.0
2024-12-02 06:00:00,0.0,0.0
2024-12-02 07:00:00,0.0,0.0
2024-12-02 08:00:00,0.0,0.0
2024-12-02 09:00:00,0.0,0.0
2024-12-02 10:00:00,0.10630892140113396,0.10630892140113396
2024-12-02 11:00:00,0.40579590345733274,0.40579590345733274
2024-12-02 12:00:00,0.7767652314737216,0.7767652314737216
2024-12-02 13:00:00,1.3913966849050527,1.3913966849050527
2024-12-02 14:00:00,2.3314636090572787,2.3314636090572787
2024-12-02 15:00:00,2.0510685410988905,2.0510685410988905
2024-12-02 16:00:00,2.6211151016269043,2.6211151016269043
2024-12-02 17:00:00,2.8127810409345884,2.8127810409345884
2024-12-02 18:00:00,3.067977641092405,3.067977641092405
2024-12-02 19:00:00,3.075961359596392,3.075961359596392
2024-12-02 20:00:00,2.9163855705498194,2.9163855705498194
2024-12-02 21:00:00,2.7343933258482096,2.7343933258482096
2024-12-02 22:00:00,0.0,0.0
2024-12-02 23:00:00,0.0,0.0
2024-12-03 00:00:00,0.0,0.0
2024-12-03 01:00:00,0.0,0.0
2024-12-03 02:00:00,0.0,0.0
2024-12-03 03:00:00,0.0,0.0
2024-12-03 04:00:00,0.0,0.0
2024-12-03 05:00:00,0.0,0.0
2024-12-03 06:00:00,0.0,0.0
2024-12-03 07:00:00,0.0,0.0
2024-12-03 08:00:00,0.0,0.0
2024-12-03 09:00:00,0.0,0.0
2024-12-03 10:00:00,0.09501840975736506,0.09501840975736506
2024-12-03 11:00:00,0.3092062654213941,0.3092062654213941
2024-12-03 12:00:00,0.679864646300598,0.679864646300598
2024-12-03 13:00:00,1.3709668939600435,1.3709668939600435
2024-12-03 14:00:00,1.7949209730710165,1.7949209730710165
2024-12-03 15:00:00,1.9494457159404683,1.9494457159404683
2024-12-03 16:00:00,2.5916050902297196,2.5916050902297196
2024-12-03 17:00:00,2.191410501839417,2.191410501839417
2024-12-03 18:00:00,2.9827413697260443,2.9827413697260443
2024-12-03 19:00:00,2.453326222143699,2.453326222143699
2024-12-03 20:00:00,3.249568942095634,3.249568942095634
2024-12-03 21:00:00,2.6640250237382372,2.6640250237382372
2024-12-03 22:00:00,0.0,0.0
2024-12-03 23:00:00,0.0,0.0
2024-12-04 00:00:00,0.0,0.0
2024-12-04 01:00:00,0.0,0.0
2024-12-04 02:00:00,0.0,0.0
2024-12-04 03:00:00,0.0,0.0
2024-12-04 04:00:00,0.0,0.0
2024-12-04 05:00:00,0.0,0.0
2024-12-04 06:00:00,0.0,0.0
2024-12-04 07:00:00,0.0,0.0
2024-12-04 08:00:00,0.0,0.0
2024-12-04 09:00:00,0.0,0.0
2024-12-04 10:00:00,0.0999500649043415,0.0999500649043415
2024-12-04 11:00:00,0.470460174619948,0.470460174619948
2024-12-04 12:00:00,0.6723152097437645,0.6723152097437645
2024-12-04 13:00:00,1.2882157060323203,1.2882157060323203
2024-12-04 14:00:00,2.102106427708742,2.102106427708742
2024-12-04 15:00:00,2.620649611050485,2.620649611050485
2024-12-04 16:00:00,2.353012101498561,2.353012101498561
2024-12-04 17:00:00,2.946262667219066,2.946262667219066
2024-12-04 18:00:00,3.3459945164145704,3.3459945164145704
2024-12-04 19:00:00,3.0877052217167598,3.0877052217167598
2024-12-04 20:00:00,3.3257835966169136,3.3257835966169136
2024-12-04 21:00:00,3.3599710913149696,3.3599710913149696
2024-12-04 22:00:00,0.0,0.0
2024-12-04 23:00:00,0.0,0.0
2024-12-05 00:00:00,0.0,0.0
2024-12-05 01:00:00,0.0,0.0
2024-12-05 02:00:00,0.0,0.0
2024-12-05 03:00:00,0.0,0.0
2024-12-05 04:00:00,0.0,0.0
2024-12-05 05:00:00,0.0,0.0
2024-12-05 06:00:00,0.0,0.0
2024-12-05 07:00:00,0.0,0.0
2024-12-05 08:00:00,0.0,0.0
2024-12-05 09:00:00,0.0,0.0
2024-12-05 10:00:00,0.08993401054709733,0.08993401054709733
2024-12-05 11:00:00,0.4197081776267095,0.4197081776267095
2024-12-05 12:00:00,0.7449252647140255,0.7449252647140255
2024-12-05 13:00:00,1.3589119627759978,1.3589119627759978
2024-12-05 14:00:00,2.251504790510013,2.251504790510013
2024-12-05 15:00:00,2.4570704884960115,2.4570704884960115
2024-12-05 16:00:00,2.6932870836165708,2.6932870836165708
2024-12-05 17:00:00,3.19108846666451,3.19108846666451
2024-12-05 18:00:00,2.6979587211024785,2.6979587211024785
2024-12-05 19:00:00,2.812565953608458,2.812565953608458
2024-12-05 20:00:00,3.6243989623643587,3.6243989623643587
2024-12-05 21:00:00,2.712089926290163,2.712089926290163
2024-12-05 22:00:00,0.0,0.0
2024-12-05 23:00:00,0.0,0.0
2024-12-06 00:00:00,0.0,0.0
2024-12-06 01:00:00,0.0,0.0
2024-12-06 02:00:00,0.0,0.0
2024-12-06 03:00:00,0.0,0.0
2024-12-06 04:00:00,0.0,0.0
2024-12-06 05:00:00,0.0,0.0
2024-12-06 06:00:00,0.0,0.0
2024-12-06 07:00:00,0.0,0.0
2024-12-06 08:00:00,0.0,0.0
2024-12-06 09:00:00,0.0,0.0
2024-12-06 10:00:00,0.10226616882907127,0.10226616882907127
2024-12-06 11:00:00,0.41206770258835324,0.41206770258835324
2024-12-06 12:00:00,0.6954965721440602,0.6954965721440602
2024-12-06 13:00:00,1.3574380604458545,1.3574380604458545
2024-12-06 14:00:00,2.194116729590513,2.194116729590513
2024-12-06 15:00:00,2.1432871129388045,2.1432871129388045
2024-12-06 16:00:00,2.8394256131479336,2.8394256131479336
2024-12-06 17:00:00,2.7135557693589334,2.7135557693589334
2024-12-06 18:00:00,2.6738406731752487,2.6738406731752487
2024-12-06 19:00:00,3.143213304715972,3.143213304715972
2024-12-06 20:00:00,3.196293139606756,3.196293139606756
2024-12-06 21:00:00,3.281534591171544,3.281534591171544
2024-12-06 22:00:00,0.0,0.0
2024-12-06 23:00:00,0.0,0.0
2024-12-07 00:00:00,0.0,0.0
2024-12-07 01:00:00,0.0,0.0
2024-12-07 02:00:00,0.0,0.0
2024-12-07 03:00:00,0.0,0.0
2024-12-07 04:00:00,0.0,0.0
2024-12-07 05:00:00,0.0,0.0
2024-12-07 06:00:00,0.0,0.0
2024-12-07 07:00:00,0.0,0.0
2024-12-07 08:00:00,0.0,0.0
2024-12-07 09:00:00,0.0,0.0
2024-12-07 10:00:00,0.07481577859755298,0.07481577859755298
2024-12-07 11:00:00,0.2402918831710109,0.2402918831710109
2024-12-07 12:00:00,0.43590936421183246,0.43590936421183246
2024-12-07 13:00:00,1.0274408076709314,1.0274408076709314
2024-12-07 14:00:00,1.356255373058229,1.356255373058229
2024-12-07 15:00:00,1.5512112205970015,1.5512112205970015
2024-12-07 16:00:00,2.033853312036185,2.033853312036185
2024-12-07 17:00:00,1.7921321738232996,1.7921321738232996
2024-12-07 18:00:00,1.9311881610151014,1.9311881610151014
2024-12-07 19:00:00,2.145609856627996,2.145609856627996
2024-12-07 20:00:00,1.934426353049915,1.934426353049915
2024-12-07 21:00:00,2.0579531320623157,2.0579531320623157
2024-12-07 22:00:00,0.0,0.0
2024-12-07 23:00:00,0.0,0.0
2024-12-08 00:00:00,0.0,0.0
2024-12-08 01:00:00,0.0,0.0
2024-12-08 02:00:00,0.0,0.0
2024-12-08 03:00:00,0.0,0.0
2024-12-08 04:00:00,0.0,0.0
2024-12-08 05:00:00,0.0,0.0
2024-12-08 06:00:00,0.0,0.0
2024-12-08 07:00:00,0.0,0.0
2024-12-08 08:00:00,0.0,0.0
2024-12-08 09:00:00,0.0,0.0
2024-12-08 10:00:00,0.06293928576501359,0.06293928576501359
2024-12-08 11:00:00,0.3095157500522798,0.3095157500522798
2024-12-08 12:00:00,0.5531548588926041,0.5531548588926041
2024-12-08 13:00:00,0.9110705631514622,0.9110705631514622
2024-12-08 14:00:00,1.1668208964086395,1.1668208964086395
2024-12-08 15:00:00,1.5131156165320572,1.5131156165320572
2024-12-08 16:00:00,1.636777324169694,1.636777324169694
2024-12-08 17:00:00,2.105454903976832,2.105454903976832
2024-12-08 18:00:00,1.9574506710200903,1.9574506710200903
2024-12-08 19:00:00,1.896159442061207,1.896159442061207
2024-12-08 20:00:00,2.034812307842235,2.034812307842235
2024-12-08 21:00:00,1.8616766767693531,1.8616766767693531
2024-12-08 22:00:00,0.0,0.0
2024-12-08 23:00:00,0.0,0.0
2024-12-09 00:00:00,0.0,0.0
2024-12-09 01:00:00,0.0,0.0
2024-12-09 02:00:00,0.0,0.0
2024-12-09 03:00:00,0.0,0.0
2024-12-09 04:00:00,0.0,0.0
2024-12-09 05:00:00,0.0,0.0
2024-12-09 06:00:00,0.0,0.0
2024-12-09 07:00:00,0.0,0.0
2024-12-09 08:00:00,0.0,0.0
2024-12-09 09:00:00,0.0,0.0
2024-12-09 10:00:00,0.0894640512009954,0.0894640512009954
2024-12-09 11:00:00,0.3557888366250615,0.3557888366250615
2024-12-09 12:00:00,0.6806264969658299,0.6806264969658299
2024-12-09 13:00:00,1.3684191411931117,1.3684191411931117
2024-12-09 14:00:00,2.0313288865739922,2.0313288865739922
2024-12-09 15:00:00,2.1872213679730286,2.1872213679730286
2024-12-09 16:00:00,2.509114962515374,2.509114962515374
2024-12-09 17:00:00,2.5939842329589533,2.5939842329589533
2024-12-09 18:00:00,2.814096952522625,2.814096952522625
2024-12-09 19:00:00,2.7205745464842055,2.7205745464842055
2024-12-09 20:00:00,3.8125496087228794,3.8125496087228794
2024-12-09 21:00:00,2.5804362929180034,2.5804362929180034
2024-12-09 22:00:00,0.0,0.0
2024-12-09 23:00:00,0.0,0.0
2024-12-10 00:00:00,0.0,0.0
2024-12-10 01:00:00,0.0,0.0
2024-12-10 02:00:00,0.0,0.0
2024-12-10 03:00:00,0.0,0.0
2024-12-10 04:00:00,0.0,0.0
2024-12-10 05:00:00,0.0,0.0
2024-12-10 06:00:00,0.0,0.0
2024-12-10 07:00:00,0.0,0.0
2024-12-10 08:00:00,0.0,0.0
2024-12-10 09:00:00,0.0,0.0
2024-12-10 10:00:00,0.09455080924309776,0.09455080924309776
2024-12-10 11:00:00,0.3657573063957832,0.3657573063957832
2024-12-10 12:00:00,0.7024831660598645,0.7024831660598645
2024-12-10 13:00:00,1.5299520785326242,1.5299520785326242
2024-12-10 14:00:00,1.7394944817370521,1.7394944817370521
2024-12-10 15:00:00,1.9448004460012562,1.9448004460012562
2024-12-10 16:00:00,2.738983311427579,2.738983311427579
2024-12-10 17:00:00,2.4054095062027807,2.4054095062027807
2024-12-10 18:00:00,3.293192006973491,3.293192006973491
2024-12-10 19:00:00,2.9997824047192325,2.9997824047192325
2024-12-10 20:00:00,3.2965495814039967,3.2965495814039967
2024-12-10 21:00:00,3.475030603242461,3.475030603242461
2024-12-10 22:00:00,0.0,0.0
2024-12-10 23:00:00,0.0,0.0
2024-12-11 00:00:00,0.0,0.0
2024-12-11 01:00:00,0.0,0.0
2024-12-11 02:00:00,0.0,0.0
2024-12-11 03:00:00,0.0,0.0
2024-12-11 04:00:00,0.0,0.0
2024-12-11 05:00:00,0.0,0.0
2024-12-11 06:00:00,0.0,0.0
2024-12-11 07:00:00,0.0,0.0
2024-12-11 08:00:00,0.0,0.0
2024-12-11 09:00:00,0.0,0.0
2024-12-11 10:00:00,0.1067658644954534,0.1067658644954534
2024-12-11 11:00:00,0.3410314857386222,0.3410314857386222
2024-12-11 12:00:00,0.8239344448807767,0.8239344448807767
2024-12-11 13:00:00,1.5126879492221572,1.5126879492221572
2024-12-11 14:00:00,1.882618412938317,1.882618412938317
2024-12-11 15:00:00,2.520944167670449,2.520944167670449
2024-12-11 16:00:00,2.6027488275714656,2.6027488275714656
2024-12-11 17:00:00,3.186039916360486,3.186039916360486
2024-12-11 18:00:00,3.0151343014943963,3.0151343014943963
2024-12-11 19:00:00,3.1288431422357075,3.1288431422357075
2024-12-11 20:00:00,3.5311246303284345,3.5311246303284345
2024-12-11 21:00:00,3.407936367746779,3.407936367746779
2024-12-11 22:00:00,0.0,0.0
2024-12-11 23:00:00,0.0,0.0
2024-12-12 00:00:00,0.0,0.0
2024-12-12 01:00:00,0.0,0.0
2024-12-12 02:00:00,0.0,0.0
2024-12-12 03:00:00,0.0,0.0
2024-12-12 04:00:00,0.0,0.0
2024-12-12 05:00:00,0.0,0.0
2024-12-12 06:00:00,0.0,0.0
2024-12-12 07:00:00,0.0,0.0
2024-12-12 08:00:00,0.0,0.0
2024-12-12 09:00:00,0.0,0.0
2024-12-12 10:00:00,0.08700596260700048,0.08700596260700048
2024-12-12 11:00:00,0.40074277899595817,0.40074277899595817
2024-12-12 12:00:00,0.7647189355996343,0.7647189355996343
2024-12-12 13:00:00,1.209271647506251,1.209271647506251
2024-12-12 14:00:00,1.6513498247252585,1.6513498247252585
2024-12-12 15:00:00,2.16085864858093,2.16085864858093
2024-12-12 16:00:00,2.8325947561781675,2.8325947561781675
2024-12-12 17:00:00,2.7056622438302633,2.7056622438302633
2024-12-12 18:00:00,3.2010143445180206,3.2010143445180206
2024-12-12 19:00:00,3.1138837435818116,3.1138837435818116
2024-12-12 20:00:00,3.4969737375625143,3.4969737375625143
2024-12-12 21:00:00,3.218783844361089,3.218783844361089
2024-12-12 22:00:00,0.0,0.0
2024-12-12 23:00:00,0.0,0.0
2024-12-13 00:00:00,0.0,0.0
2024-12-13 01:00:00,0.0,0.0
2024-12-13 02:00:00,0.0,0.0
2024-12-13 03:00:00,0.0,0.0
2024-12-13 04:00:00,0.0,0.0
2024-12-13 05:00:00,0.0,0.0
2024-12-13 06:00:00,0.0,0.0
2024-12-13 07:00:00,0.0,0.0
2024-12-13 08:00:00,0.0,0.0
2024-12-13 09:00:00,0.0,0.0
2024-12-13 10:00:00,0.12003537318208625,0.12003537318208625
2024-12-13 11:00:00,0.4190046168546428,0.4190046168546428
2024-12-13 12:00:00,0.6923505735987701,0.6923505735987701
2024-12-13 13:00:00,1.3961027462759674,1.3961027462759674
2024-12-13 14:00:00,2.439410668035357,2.439410668035357
2024-12-13 15:00:00,2.105346291256212,2.105346291256212
2024-12-13 16:00:00,2.976490794427284,2.976490794427284
2024-12-13 17:00:00,2.7955760850074722,2.7955760850074722
2024-12-13 18:00:00,3.1831145668817076,3.1831145668817076
2024-12-13 19:00:00,2.8018965343913527,2.8018965343913527
2024-12-13 20:00:00,3.5135259475454896,3.5135259475454896
2024-12-13 21:00:00,2.9659231796885286,2.9659231796885286
2024-12-13 22:00:00,0.0,0.0
2024-12-13 23:00:00,0.0,0.0
2024-12-14 00:00:00,0.0,0.0
2024-12-14 01:00:00,0.0,0.0
2024-12-14 02:00:00,0.0,0.0
2024-12-14 03:00:00,0.0,0.0
2024-12-14 04:00:00,0.0,0.0
2024-12-14 05:00:00,0.0,0.0
2024-12-14 06:00:00,0.0,0.0
2024-12-14 07:00:00,0.0,0.0
2024-12-14 08:00:00,0.0,0.0
2024-12-14 09:00:00,0.0,0.0
2024-12-14 10:00:00,0.06274127095240468,0.06274127095240468
2024-12-14 11:00:00,0.3217293348170294,0.3217293348170294
2024-12-14 12:00:00,0.5802281839827824,0.5802281839827824
2024-12-14 13:00:00,0.9617230976164157,0.9617230976164157
2024-12-14 14:00:00,1.2883168958264144,1.2883168958264144
2024-12-14 15:00:00,1.3663286271146728,1.3663286271146728
2024-12-14 16:00:00,1.940338481134226,1.940338481134226
2024-12-14 17:00:00,2.0784952331795936,2.0784952331795936
2024-12-14 18:00:00,2.1667211289077666,2.1667211289077666
2024-12-14 19:00:00,1.9111574684694803,1.9111574684694803
2024-12-14 20:00:00,2.0940435204633085,2.0940435204633085
2024-12-14 21:00:00,1.8261438418704228,1.8261438418704228
2024-12-14 22:00:00,0.0,0.0
2024-12-14 23:00:00,0.0,0.0
2024-12-15 00:00:00,0.0,0.0
2024-12-15 01:00:00,0.0,0.0
2024-12-15 02:00:00,0.0,0.0
2024-12-15 03:00:00,0.0,0.0
2024-12-15 04:00:00,0.0,0.0
2024-12-15 05:00:00,0.0,0.0
2024-12-15 06:00:00,0.0,0.0
2024-12-15 07:00:00,0.0,0.0
2024-12-15 08:00:00,0.0,0.0
2024-12-15 09:00:00,0.0,0.0
2024-12-15 10:00:00,0.07530986304233349,0.07530986304233349
2024-12-15 11:00:00,0.29224545709320676,0.29224545709320676
2024-12-15 12:00:00,0.5262106323710568,0.5262106323710568
2024-12-15 13:00:00,1.0464466618218697,1.0464466618218697
2024-12-15 14:00:00,1.3041613573519564,1.3041613573519564
2024-12-15 15:00:00,1.2774434763612983,1.2774434763612983
2024-12-15 16:00:00,2.0171088455023787,2.0171088455023787
2024-12-15 17:00:00,2.101306423473599,2.101306423473599
2024-12-15 18:00:00,1.7924748767007461,1.7924748767007461
2024-12-15 19:00:00,2.2913078649471035,2.2913078649471035
2024-12-15 20:00:00,2.0909589916826357,2.0909589916826357
2024-12-15 21:00:00,1.7964652048791454,1.7964652048791454
2024-12-15 22:00:00,0.0,0.0
2024-12-15 23:00:00,0.0,0.0
2024-12-16 00:00:00,0.0,0.0
2024-12-16 01:00:00,0.0,0.0
2024-12-16 02:00:00,0.0,0.0
2024-12-16 03:00:00,0.0,0.0
2024-12-16 04:00:00,0.0,0.0
2024-12-16 05:00:00,0.0,0.0
2024-12-16 06:00:00,0.0,0.0
2024-12-16 07:00:00,0.0,0.0
2024-12-16 08:00:00,0.0,0.0
2024-12-16 09:00:00,0.0,0.0
2024-12-16 10:00:00,0.10865500278271112,0.10865500278271112
2024-12-16 11:00:00,0.39731798815294017,0.39731798815294017
2024-12-16 12:00:00,0.7831883142332041,0.7831883142332041
2024-12-16 13:00:00,1.4772753968525731,1.4772753968525731
2024-12-16 14:00:00,1.8722535499243682,1.8722535499243682
2024-12-16 15:00:00,1.9926543111678645,1.9926543111678645
2024-12-16 16:00:00,2.470633047738775,2.470633047738775
2024-12-16 17:00:00,2.886921452737212,2.886921452737212
2024-12-16 18:00:00,3.190822943369811,3.190822943369811
2024-12-16 19:00:00,3.5457021267148674,3.5457021267148674
2024-12-16 20:00:00,3.738373042447282,3.738373042447282
2024-12-16 21:00:00,3.3127962995706977,3.3127962995706977
2024-12-16 22:00:00,0.0,0.0
2024-12-16 23:00:00,0.0,0.0
2024-12-17 00:00:00,0.0,0.0
2024-12-17 01:00:00,0.0,0.0
2024-12-17 02:00:00,0.0,0.0
2024-12-17 03:00:00,0.0,0.0
2024-12-17 04:00:00,0.0,0.0
2024-12-17 05:00:00,0.0,0.0
2024-12-17 06:00:00,0.0,0.0
2024-12-17 07:00:00,0.0,0.0
2024-12-17 08:00:00,0.0,0.0
2024-12-17 09:00:00,0.0,0.0
2024-12-17 10:00:00,0.10095201886720306,0.10095201886720306
2024-12-17 11:00:00,0.351906743121466,0.351906743121466
2024-12-17 12:00:00,0.7931163465473304,0.7931163465473304
2024-12-17 13:00:00,1.3103552110619616,1.3103552110619616
2024-12-17 14:00:00,1.8451592556090304,1.8451592556090304
2024-12-17 15:00:00,2.5590814296084554,2.5590814296084554
2024-12-17 16:00:00,3.017991664657195,3.017991664657195
2024-12-17 17:00:00,2.7574010083118217,2.7574010083118217
2024-12-17 18:00:00,2.6936359654419486,2.6936359654419486
2024-12-17 19:00:00,2.6721549263138313,2.6721549263138313
2024-12-17 20:00:00,3.098403751129044,3.098403751129044
2024-12-17 21:00:00,3.020932574981336,3.020932574981336
2024-12-17 22:00:00,0.0,0.0
2024-12-17 23:00:00,0.0,0.0
2024-12-18 00:00:00,0.0,0.0
2024-12-18 01:00:00,0.0,0.0
2024-12-18 02:00:00,0.0,0.0
2024-12-18 03:00:00,0.0,0.0
2024-12-18 04:00:00,0.0,0.0
2024-12-18 05:00:00,0.0,0.0
2024-12-18 06:00:00,0.0,0.0
2024-12-18 07:00:00,0.0,0.0
2024-12-18 08:00:00,0.0,0.0
2024-12-18 09:00:00,0.0,0.0
2024-12-18 10:00:00,0.08039231989894641,0.08039231989894641
2024-12-18 11:00:00,0.3557498957404547,0.3557498957404547
2024-12-18 12:00:00,0.656348381488703,0.656348381488703
2024-12-18 13:00:00,1.409112871358522,1.409112871358522
2024-12-18 14:00:00,1.993146634474798,1.993146634474798
2024-12-18 15:00:00,2.2478816239280137,2.2478816239280137
2024-12-18 16:00:00,2.5055183137479267,2.5055183137479267
2024-12-18 17:00:00,2.265890703725251,2.265890703725251
2024-12-18 18:00:00,2.368510171020686,2.368510171020686
2024-12-18 19:00:00,2.502956782669818,2.502956782669818
2024-12-18 20:00:00,2.659018317355007,2.659018317355007
2024-12-18 21:00:00,2.7112342483017673,2.7112342483017673
2024-12-18 22:00:00,0.0,0.0
2024-12-18 23:00:00,0.0,0.0
2024-12-19 00:00:00,0.0,0.0
2024-12-19 01:00:00,0.0,0.0
2024-12-19 02:00:00,0.0,0.0
2024-12-19 03:00:00,0.0,0.0
2024-12-19 04:00:00,0.0,0.0
2024-12-19 05:00:00,0.0,0.0
2024-12-19 06:00:00,0.0,0.0
2024-12-19 07:00:00,0.0,0.0
2024-12-19 08:00:00,0.0,0.0
2024-12-19 09:00:00,0.0,0.0
2024-12-19 10:00:00,0.12114632084573222,0.12114632084573222
2024-12-19 11:00:00,0.42242934674622085,0.42242934674622085
2024-12-19 12:00:00,0.7284885462058635,0.7284885462058635
2024-12-19 13:00:00,1.3141185028252171,1.3141185028252171
2024-12-19 14:00:00,2.0819987669728675,2.0819987669728675
2024-12-19 15:00:00,2.5498455311960875,2.5498455311960875
2024-12-19 16:00:00,2.994195852256649,2.994195852256649
2024-12-19 17:00:00,3.2636674956244485,3.2636674956244485
2024-12-19 18:00:00,3.060971652573275,3.060971652573275
2024-12-19 19:00:00,3.1367977633849438,3.1367977633849438
2024-12-19 20:00:00,3.890745028193149,3.890745028193149
2024-12-19 21:00:00,3.3704690854139483,3.3704690854139483
2024-12-19 22:00:00,0.0,0.0
2024-12-19 23:00:00,0.0,0.0
2024-12-20 00:00:00,0.0,0.0
2024-12-20 01:00:00,0.0,0.0
2024-12-20 02:00:00,0.0,0.0
2024-12-20 03:00:00,0.0,0.0
2024-12-20 04:00:00,0.0,0.0
2024-12-20 05:00:00,0.0,0.0
2024-12-20 06:00:00,0.0,0.0
2024-12-20 07:00:00,0.0,0.0
2024-12-20 08:00:00,0.0,0.0
2024-12-20 09:00:00,0.0,0.0
2024-12-20 10:00:00,0.09445276164004812,0.09445276164004812
2024-12-20 11:00:00,0.4482455054907757,0.4482455054907757
2024-12-20 12:00:00,0.7463291296429151,0.7463291296429151
2024-12-20 13:00:00,1.3946145775878922,1.3946145775878922
2024-12-20 14:00:00,1.8561992476785791,1.8561992476785791
2024-12-20 15:00:00,1.9758514092968256,1.9758514092968256
2024-12-20 16:00:00,2.951172547549759,2.951172547549759
2024-12-20 17:00:00,2.729180564980716,2.729180564980716
2024-12-20 18:00:00,3.0444553788313917,3.0444553788313917
2024-12-20 19:00:00,2.7408554709870256,2.7408554709870256
2024-12-20 20:00:00,3.492287392965785,3.492287392965785
2024-12-20 21:00:00,2.7398318813282754,2.7398318813282754
2024-12-20 22:00:00,0.0,0.0
2024-12-20 23:00:00,0.0,0.0
2024-12-21 00:00:00,0.0,0.0
2024-12-21 01:00:00,0.0,0.0
2024-12-21 02:00:00,0.0,0.0
2024-12-21 03:00:00,0.0,0.0
2024-12-21 04:00:00,0.0,0.0
2024-12-21 05:00:00,0.0,0.0
2024-12-21 06:00:00,0.0,0.0
2024-12-21 07:00:00,0.0,0.0
2024-12-21 08:00:00,0.0,0.0
2024-12-21 09:00:00,0.0,0.0
2024-12-21 10:00:00,0.06230375423024227,0.06230375423024227
2024-12-21 11:00:00,0.247467790407313,0.247467790407313
2024-12-21 12:00:00,0.4900123382277903,0.4900123382277903
2024-12-21 13:00:00,0.8531352350640996,0.8531352350640996
2024-12-21 14:00:00,1.4309702670145394,1.4309702670145394
2024-12-21 15:00:00,1.3819410994868908,1.3819410994868908
2024-12-21 16:00:00,1.6748751121620982,1.6748751121620982
2024-12-21 17:00:00,1.6366682848575367,1.6366682848575367
2024-12-21 18:00:00,1.7682725790043508,1.7682725790043508
2024-12-21 19:00:00,1.7377564252904987,1.7377564252904987
2024-12-21 20:00:00,2.2262733026900947,2.2262733026900947
2024-12-21 21:00:00,2.1360512706714125,2.1360512706714125
2024-12-21 22:00:00,0.0,0.0
2024-12-21 23:00:00,0.0,0.0
2024-12-22 00:00:00,0.0,0.0
2024-12-22 01:00:00,0.0,0.0
2024-12-22 02:00:00,0.0,0.0
2024-12-22 03:00:00,0.0,0.0
2024-12-22 04:00:00,0.0,0.0
2024-12-22 05:00:00,0.0,0.0
2024-12-22 06:00:00,0.0,0.0
2024-12-22 07:00:00,0.0,0.0
2024-12-22 08:00:00,0.0,0.0
2024-12-22 09:00:00,0.0,0.0
2024-12-22 10:00:00,0.06936700590182855,0.06936700590182855
2024-12-22 11:00:00,0.2945601905545271,0.2945601905545271
2024-12-22 12:00:00,0.5125478811815923,0.5125478811815923
2024-12-22 13:00:00,1.166394695862626,1.166394695862626
2024-12-22 14:00:00,1.3650066372759972,1.3650066372759972
2024-12-22 15:00:00,1.5027824264650709,1.5027824264650709
2024-12-22 16:00:00,2.05909284291043,2.05909284291043
2024-12-22 17:00:00,2.1403934032318883,2.1403934032318883
2024-12-22 18:00:00,1.8994453983283808,1.8994453983283808
2024-12-22 19:00:00,2.4922127519914214,2.4922127519914214
2024-12-22 20:00:00,2.388843643792415,2.388843643792415
2024-12-22 21:00:00,1.9364164957449181,1.9364164957449181
2024-12-22 22:00:00,0.0,0.0
2024-12-22 23:00:00,0.0,0.0
2024-12-23 00:00:00,0.0,0.0
2024-12-23 01:00:00,0.0,0.0
2024-12-23 02:00:00,0.0,0.0
2024-12-23 03:00:00,0.0,0.0
2024-12-23 04:00:00,0.0,0.0
2024-12-23 05:00:00,0.0,0.0
2024-12-23 06:00:00,0.0,0.0
2024-12-23 07:00:00,0.0,0.0
2024-12-23 08:00:00,0.0,0.0
2024-12-23 09:00:00,0.0,0.0
2024-12-23 10:00:00,0.1030989135818585,0.1030989135818585
2024-12-23 11:00:00,0.3491865447243391,0.3491865447243391
2024-12-23 12:00:00,0.7256133805622144,0.7256133805622144
2024-12-23 13:00:00,1.4499382441309245,1.4499382441309245
2024-12-23 14:00:00,2.0167718657717995,2.0167718657717995
2024-12-23 15:00:00,2.1491356713820267,2.1491356713820267
2024-12-23 16:00:00,2.5645587766050557,2.5645587766050557
2024-12-23 17:00:00,2.742581581833722,2.742581581833722
2024-12-23 18:00:00,2.497233750950284,2.497233750950284
2024-12-23 19:00:00,2.87169072187138,2.87169072187138
2024-12-23 20:00:00,3.3595349018534484,3.3595349018534484
2024-12-23 21:00:00,3.038413605300367,3.038413605300367
2024-12-23 22:00:00,0.0,0.0
2024-12-23 23:00:00,0.0,0.0
2024-12-24 00:00:00,0.0,0.0
2024-12-24 01:00:00,0.0,0.0
2024-12-24 02:00:00,0.0,0.0
2024-12-24 03:00:00,0.0,0.0
2024-12-24 04:00:00,0.0,0.0
2024-12-24 05:00:00,0.0,0.0
2024-12-24 06:00:00,0.0,0.0
2024-12-24 07:00:00,0.0,0.0
2024-12-24 08:00:00,0.0,0.0
2024-12-24 09:00:00,0.0,0.0
2024-12-24 10:00:00,0.09547170979715834,0.09547170979715834
2024-12-24 11:00:00,0.3643686530243653,0.3643686530243653
2024-12-24 12:00:00,0.5954386617957134,0.5954386617957134
2024-12-24 13:00:00,1.2867914501075692,1.2867914501075692
2024-12-24 14:00:00,1.7227928547102713,1.7227928547102713
2024-12-24 15:00:00,1.79332022127378,1.79332022127378
2024-12-24 16:00:00,2.602030434847444,2.602030434847444
2024-12-24 17:00:00,2.542264728999871,2.542264728999871
2024-12-24 18:00:00,2.5029823845751333,2.5029823845751333
2024-12-24 19:00:00,2.326451838371759,2.326451838371759
2024-12-24 20:00:00,2.844477343130881,2.844477343130881
2024-12-24 21:00:00,2.9122928958346876,2.9122928958346876
2024-12-24 22:00:00,0.0,0.0
2024-12-24 23:00:00,0.0,0.0
2024-12-25 00:00:00,0.0,0.0
2024-12-25 01:00:00,0.0,0.0
2024-12-25 02:00:00,0.0,0.0
2024-12-25 03:00:00,0.0,0.0
2024-12-25 04:00:00,0.0,0.0
2024-12-25 05:00:00,0.0,0.0
2024-12-25 06:00:00,0.0,0.0
2024-12-25 07:00:00,0.0,0.0
2024-12-25 08:00:00,0.0,0.0
2024-12-25 09:00:00,0.0,0.0
2024-12-25 10:00:00,0.09441689114618297,0.09441689114618297
2024-12-25 11:00:00,0.3674954177556331,0.3674954177556331
2024-12-25 12:00:00,0.7025830010780928,0.7025830010780928
2024-12-25 13:00:00,1.4422501306525606,1.4422501306525606
2024-12-25 14:00:00,2.194931312922953,2.194931312922953
2024-12-25 15:00:00,2.202845113360134,2.202845113360134
2024-12-25 16:00:00,2.495302114787465,2.495302114787465
2024-12-25 17:00:00,2.860042520073066,2.860042520073066
2024-12-25 18:00:00,3.2239608892777305,3.2239608892777305
2024-12-25 19:00:00,3.093287409448402,3.093287409448402
2024-12-25 20:00:00,3.2987878426922745,3.2987878426922745
2024-12-25 21:00:00,2.9210499975233777,2.9210499975233777
2024-12-25 22:00:00,0.0,0.0
2024-12-25 23:00:00,0.0,0.0
2024-12-26 00:00:00,0.0,0.0
2024-12-26 01:00:00,0.0,0.0
2024-12-26 02:00:00,0.0,0.0
2024-12-26 03:00:00,0.0,0.0
2024-12-26 04:00:00,0.0,0.0
2024-12-26 05:00:00,0.0,0.0
2024-12-26 06:00:00,0.0,0.0
2024-12-26 07:00:00,0.0,0.0
2024-12-26 08:00:00,0.0,0.0
2024-12-26 09:00:00,0.0,0.0
2024-12-26 10:00:00,0.08115127315894495,0.08115127315894495
2024-12-26 11:00:00,0.3515827569612027,0.3515827569612027
2024-12-26 12:00:00,0.7474392712688703,0.7474392712688703
2024-12-26 13:00:00,1.4480202909457258,1.4480202909457258
2024-12-26 14:00:00,1.6544378183619082,1.6544378183619082
2024-12-26 15:00:00,2.051411713550849,2.051411713550849
2024-12-26 16:00:00,2.6598026062301843,2.6598026062301843
2024-12-26 17:00:00,2.426504400173173,2.426504400173173
2024-12-26 18:00:00,2.5483662787998758,2.5483662787998758
2024-12-26 19:00:00,2.994447679948366,2.994447679948366
2024-12-26 20:00:00,2.9034519559978413,2.9034519559978413
2024-12-26 21:00:00,2.7240077353971386,2.7240077353971386
2024-12-26 22:00:00,0.0,0.0
2024-12-26 23:00:00,0.0,0.0
2024-12-27 00:00:00,0.0,0.0
2024-12-27 01:00:00,0.0,0.0
2024-12-27 02:00:00,0.0,0.0
2024-12-27 03:00:00,0.0,0.0
2024-12-27 04:00:00,0.0,0.0
2024-12-27 05:00:00,0.0,0.0
2024-12-27 06:00:00,0.0,0.0
2024-12-27 07:00:00,0.0,0.0
2024-12-27 08:00:00,0.0,0.0
2024-12-27 09:00:00,0.0,0.0
2024-12-27 10:00:00,0.09020215095208264,0.09020215095208264
2024-12-27 11:00:00,0.41633626629004844,0.41633626629004844
2024-12-27 12:00:00,0.7820049470652444,0.7820049470652444
2024-12-27 13:00:00,1.4193903508273906,1.4193903508273906
2024-12-27 14:00:00,1.9207029988113475,1.9207029988113475
2024-12-27 15:00:00,2.5142747207643046,2.5142747207643046
2024-12-27 16:00:00,2.917569438566062,2.917569438566062
2024-12-27 17:00:00,3.0549206166115406,3.0549206166115406
2024-12-27 18:00:00,3.483294685035034,3.483294685035034
2024-12-27 19:00:00,2.7840141738961117,2.7840141738961117
2024-12-27 20:00:00,3.0637544799313314,3.0637544799313314
2024-12-27 21:00:00,3.431867078628385,3.431867078628385
2024-12-27 22:00:00,0.0,0.0
2024-12-27 23:00:00,0.0,0.0
2024-12-28 00:00:00,0.0,0.0
2024-12-28 01:00:00,0.0,0.0
2024-12-28 02:00:00,0.0,0.0
2024-12-28 03:00:00,0.0,0.0
2024-12-28 04:00:00,0.0,0.0
2024-12-28 05:00:00,0.0,0.0
2024-12-28 06:00:00,0.0,0.0
2024-12-28 07:00:00,0.0,0.0
2024-12-28 08:00:00,0.0,0.0
2024-12-28 09:00:00,0.0,0.0
2024-12-28 10:00:00,0.06434928074013481,0.06434928074013481
2024-12-28 11:00:00,0.27673379660081754,0.27673379660081754
2024-12-28 12:00:00,0.4623150329592482,0.4623150329592482
2024-12-28 13:00:00,0.8438098999317306,0.8438098999317306
2024-12-28 14:00:00,1.179256256866053,1.179256256866053
2024-12-28 15:00:00,1.6320346901333502,1.6320346901333502
2024-12-28 16:00:00,1.5980691581101851,1.5980691581101851
2024-12-28 17:00:00,2.035325013304027,2.035325013304027
2024-12-28 18:00:00,1.7987115834757201,1.7987115834757201
2024-12-28 19:00:00,2.2490375404803196,2.2490375404803196
2024-12-28 20:00:00,2.5428469016881463,2.5428469016881463
2024-12-28 21:00:00,1.877000955423548,1.877000955423548
2024-12-28 22:00:00,0.0,0.0
2024-12-28 23:00:00,0.0,0.0
2024-12-29 00:00:00,0.0,0.0
2024-12-29 01:00:00,0.0,0.0
2024-12-29 02:00:00,0.0,0.0
2024-12-29 03:00:00,0.0,0.0
2024-12-29 04:00:00,0.0,0.0
2024-12-29 05:00:00,0.0,0.0
2024-12-29 06:00:00,0.0,0.0
2024-12-29 07:00:00,0.0,0.0
2024-12-29 08:00:00,0.0,0.0
2024-12-29 09:00:00,0.0,0.0
2024-12-29 10:00:00,0.07706774766097958,0.07706774766097958
2024-12-29 11:00:00,0.2546503507611532,0.2546503507611532
2024-12-29 12:00:00,0.5967229884818032,0.5967229884818032
2024-12-29 13:00:00,1.164470760425932,1.164470760425932
2024-12-29 14:00:00,1.4105713145395442,1.4105713145395442
2024-12-29 15:00:00,1.3993410462935112,1.3993410462935112
2024-12-29 16:00:00,2.0531695882052827,2.0531695882052827
2024-12-29 17:00:00,2.162134516650825,2.162134516650825
2024-12-29 18:00:00,2.046531685616436,2.046531685616436
2024-12-29 19:00:00,2.2650992711478515,2.2650992711478515
2024-12-29 20:00:00,2.280044499276724,2.280044499276724
2024-12-29 21:00:00,2.0730989117299368,2.0730989117299368
2024-12-29 22:00:00,0.0,0.0
2024-12-29 23:00:00,0.0,0.0
2024-12-30 00:00:00,0.0,0.0
2024-12-30 01:00:00,0.0,0.0
2024-12-30 02:00:00,0.0,0.0
2024-12-30 03:00:00,0.0,0.0
2024-12-30 04:00:00,0.0,0.0
2024-12-30 05:00:00,0.0,0.0
2024-12-30 06:00:00,0.0,0.0
2024-12-30 07:00:00,0.0,0.0
2024-12-30 08:00:00,0.0,0.0
2024-12-30 09:00:00,0.0,0.0
2024-12-30 10:00:00,0.11726491589630156,0.11726491589630156
2024-12-30 11:00:00,0.4539069252851238,0.4539069252851238
2024-12-30 12:00:00,0.8710729009971576,0.8710729009971576
2024-12-30 13:00:00,1.4372924091595292,1.4372924091595292
2024-12-30 14:00:00,2.021098625074273,2.021098625074273
2024-12-30 15:00:00,2.523059227773179,2.523059227773179
2024-12-30 16:00:00,3.185284949556921,3.185284949556921
2024-12-30 17:00:00,2.781086551140899,2.781086551140899
2024-12-30 18:00:00,3.2488340676877097,3.2488340676877097
2024-12-30 19:00:00,3.127414947866003,3.127414947866003
2024-12-30 20:00:00,3.9498020468354818,3.9498020468354818
2024-12-30 21:00:00,3.0085889631565075,3.0085889631565075
2024-12-30 22:00:00,0.0,0.0
2024-12-30 23:00:00,0.0,0.0
