timestamp,power_kw,energy_kwh
2024-01-01 00:00:00,0.0,0.0
2024-01-01 01:00:00,0.0,0.0
2024-01-01 02:00:00,0.0,0.0
2024-01-01 03:00:00,0.0,0.0
2024-01-01 04:00:00,0.0,0.0
2024-01-01 05:00:00,0.0,0.0
2024-01-01 06:00:00,0.0,0.0
2024-01-01 07:00:00,0.0,0.0
2024-01-01 08:00:00,0.0,0.0
2024-01-01 09:00:00,0.0,0.0
2024-01-01 10:00:00,0.11830248839548096,0.11830248839548096
2024-01-01 11:00:00,0.4485520729741641,0.4485520729741641
2024-01-01 12:00:00,0.91838205786892,0.91838205786892
2024-01-01 13:00:00,1.369960764849548,1.369960764849548
2024-01-01 14:00:00,1.661395721724353,1.661395721724353
2024-01-01 15:00:00,2.234543165026854,2.234543165026854
2024-01-01 16:00:00,2.4101858727388517,2.4101858727388517
2024-01-01 17:00:00,3.039141857178152,3.039141857178152
2024-01-01 18:00:00,3.47711602774637,3.47711602774637
2024-01-01 19:00:00,3.471415914089705,3.471415914089705
2024-01-01 20:00:00,3.157250573679651,3.157250573679651
2024-01-01 21:00:00,3.4783477100023275,3.4783477100023275
2024-01-01 22:00:00,0.0,0.0
2024-01-01 23:00:00,0.0,0.0
2024-01-02 00:00:00,0.0,0.0
2024-01-02 01:00:00,0.0,0.0
2024-01-02 02:00:00,0.0,0.0
2024-01-02 03:00:00,0.0,0.0
2024-01-02 04:00:00,0.0,0.0
2024-01-02 05:00:00,0.0,0.0
2024-01-02 06:00:00,0.0,0.0
2024-01-02 07:00:00,0.0,0.0
2024-01-02 08:00:00,0.0,0.0
2024-01-02 09:00:00,0.0,0.0
2024-01-02 10:00:00,0.08299068508032349,0.08299068508032349
2024-01-02 11:00:00,0.37997134655417997,0.37997134655417997
2024-01-02 12:00:00,0.6842699403569876,0.6842699403569876
2024-01-02 13:00:00,1.3037346846731703,1.3037346846731703
2024-01-02 14:00:00,1.5803320333536917,1.5803320333536917
2024-01-02 15:00:00,2.152362110331231,2.152362110331231
2024-01-02 16:00:00,2.61675058398306,2.61675058398306
2024-01-02 17:00:00,2.3245474821077257,2.3245474821077257
2024-01-02 18:00:00,3.274357959654124,3.274357959654124
2024-01-02 19:00:00,3.1302595495404066,3.1302595495404066
2024-01-02 20:00:00,2.83949371335569,2.83949371335569
2024-01-02 21:00:00,2.5408578798008117,2.5408578798008117
2024-01-02 22:00:00,0.0,0.0
2024-01-02 23:00:00,0.0,0.0
2024-01-03 00:00:00,0.0,0.0
2024-01-03 01:00:00,0.0,0.0
2024-01-03 02:00:00,0.0,0.0
2024-01-03 03:00:00,0.0,0.0
2024-01-03 04:00:00,0.0,0.0
2024-01-03 05:00:00,0.0,0.0
2024-01-03 06:00:00,0.0,0.0
2024-01-03 07:00:00,0.0,0.0
2024-01-03 08:00:00,0.0,0.0
2024-01-03 09:00:00,0.0,0.0
2024-01-03 10:00:00,0.09264970556118521,0.09264970556118521
2024-01-03 11:00:00,0.39069010092964873,0.39069010092964873
2024-01-03 12:00:00,0.805489805453047,0.805489805453047
2024-01-03 13:00:00,1.2921221602654738,1.2921221602654738
2024-01-03 14:00:00,1.6384279779010746,1.6384279779010746
2024-01-03 15:00:00,1.9940394778108173,1.9940394778108173
2024-01-03 16:00:00,2.3258735074676977,2.3258735074676977
2024-01-03 17:00:00,2.1188697413592776,2.1188697413592776
2024-01-03 18:00:00,2.9243111931769805,2.9243111931769805
2024-01-03 19:00:00,2.6254059933722598,2.6254059933722598
2024-01-03 20:00:00,2.861259816003131,2.861259816003131
2024-01-03 21:00:00,3.0041655551393003,3.0041655551393003
2024-01-03 22:00:00,0.0,0.0
2024-01-03 23:00:00,0.0,0.0
2024-01-04 00:00:00,0.0,0.0
2024-01-04 01:00:00,0.0,0.0
2024-01-04 02:00:00,0.0,0.0
2024-01-04 03:00:00,0.0,0.0
2024-01-04 04:00:00,0.0,0.0
2024-01-04 05:00:00,0.0,0.0
2024-01-04 06:00:00,0.0,0.0
2024-01-04 07:00:00,0.0,0.0
2024-01-04 08:00:00,0.0,0.0
2024-01-04 09:00:00,0.0,0.0
2024-01-04 10:00:00,0.10142289537805914,0.10142289537805914
2024-01-04 11:00:00,0.3853751168460399,0.3853751168460399
2024-01-04 12:00:00,0.6819657980753671,0.6819657980753671
2024-01-04 13:00:00,1.263854567151611,1.263854567151611
2024-01-04 14:00:00,1.4693518984023461,1.4693518984023461
2024-01-04 15:00:00,2.110595703955645,2.110595703955645
2024-01-04 16:00:00,2.4734482810846705,2.4734482810846705
2024-01-04 17:00:00,2.4191697405629644,2.4191697405629644
2024-01-04 18:00:00,2.8519996437289445,2.8519996437289445
2024-01-04 19:00:00,3.035198922123983,3.035198922123983
2024-01-04 20:00:00,2.8689152142215186,2.8689152142215186
2024-01-04 21:00:00,2.421447627449229,2.421447627449229
2024-01-04 22:00:00,0.0,0.0
2024-01-04 23:00:00,0.0,0.0
2024-01-05 00:00:00,0.0,0.0
2024-01-05 01:00:00,0.0,0.0
2024-01-05 02:00:00,0.0,0.0
2024-01-05 03:00:00,0.0,0.0
2024-01-05 04:00:00,0.0,0.0
2024-01-05 05:00:00,0.0,0.0
2024-01-05 06:00:00,0.0,0.0
2024-01-05 07:00:00,0.0,0.0
2024-01-05 08:00:00,0.0,0.0
2024-01-05 09:00:00,0.0,0.0
2024-01-05 10:00:00,0.09794896781653106,0.09794896781653106
2024-01-05 11:00:00,0.41529971032916546,0.41529971032916546
2024-01-05 12:00:00,0.8790875403480433,0.8790875403480433
2024-01-05 13:00:00,1.2906062431322072,1.2906062431322072
2024-01-05 14:00:00,2.0541752265334887,2.0541752265334887
2024-01-05 15:00:00,2.4295239673352413,2.4295239673352413
2024-01-05 16:00:00,3.0310742875160863,3.0310742875160863
2024-01-05 17:00:00,2.779983107209545,2.779983107209545
2024-01-05 18:00:00,3.5613916112668207,3.5613916112668207
2024-01-05 19:00:00,3.3875594347607194,3.3875594347607194
2024-01-05 20:00:00,3.5377946647497334,3.5377946647497334
2024-01-05 21:00:00,2.7360744243127906,2.7360744243127906
2024-01-05 22:00:00,0.0,0.0
2024-01-05 23:00:00,0.0,0.0
2024-01-06 00:00:00,0.0,0.0
2024-01-06 01:00:00,0.0,0.0
2024-01-06 02:00:00,0.0,0.0
2024-01-06 03:00:00,0.0,0.0
2024-01-06 04:00:00,0.0,0.0
2024-01-06 05:00:00,0.0,0.0
2024-01-06 06:00:00,0.0,0.0
2024-01-06 07:00:00,0.0,0.0
2024-01-06 08:00:00,0.0,0.0
2024-01-06 09:00:00,0.0,0.0
2024-01-06 10:00:00,0.07910596929154345,0.07910596929154345
2024-01-06 11:00:00,0.28360174167213226,0.28360174167213226
2024-01-06 12:00:00,0.602283737829181,0.602283737829181
2024-01-06 13:00:00,0.8083894859931445,0.8083894859931445
2024-01-06 14:00:00,1.1949948359229747,1.1949948359229747
2024-01-06 15:00:00,1.4537197234453718,1.4537197234453718
2024-01-06 16:00:00,2.0802376728515295,2.0802376728515295
2024-01-06 17:00:00,1.8742993539251995,1.8742993539251995
2024-01-06 18:00:00,2.2003192530520104,2.2003192530520104
2024-01-06 19:00:00,1.9870274190685782,1.9870274190685782
2024-01-06 20:00:00,2.0783982774561336,2.0783982774561336
2024-01-06 21:00:00,2.033533177546194,2.033533177546194
2024-01-06 22:00:00,0.0,0.0
2024-01-06 23:00:00,0.0,0.0
2024-01-07 00:00:00,0.0,0.0
2024-01-07 01:00:00,0.0,0.0
2024-01-07 02:00:00,0.0,0.0
2024-01-07 03:00:00,0.0,0.0
2024-01-07 04:00:00,0.0,0.0
2024-01-07 05:00:00,0.0,0.0
2024-01-07 06:00:00,0.0,0.0
2024-01-07 07:00:00,0.0,0.0
2024-01-07 08:00:00,0.0,0.0
2024-01-07 09:00:00,0.0,0.0
2024-01-07 10:00:00,0.08193469117725445,0.08193469117725445
2024-01-07 11:00:00,0.274489478160296,0.274489478160296
2024-01-07 12:00:00,0.5008623585853108,0.5008623585853108
2024-01-07 13:00:00,0.9838980149578158,0.9838980149578158
2024-01-07 14:00:00,1.2081346805086723,1.2081346805086723
2024-01-07 15:00:00,1.6781279511851022,1.6781279511851022
2024-01-07 16:00:00,2.1042028902300207,2.1042028902300207
2024-01-07 17:00:00,1.816556151421913,1.816556151421913
2024-01-07 18:00:00,2.639011307837329,2.639011307837329
2024-01-07 19:00:00,2.0975097223045465,2.0975097223045465
2024-01-07 20:00:00,2.3033700713901877,2.3033700713901877
2024-01-07 21:00:00,1.962033805875092,1.962033805875092
2024-01-07 22:00:00,0.0,0.0
2024-01-07 23:00:00,0.0,0.0
2024-01-08 00:00:00,0.0,0.0
2024-01-08 01:00:00,0.0,0.0
2024-01-08 02:00:00,0.0,0.0
2024-01-08 03:00:00,0.0,0.0
2024-01-08 04:00:00,0.0,0.0
2024-01-08 05:00:00,0.0,0.0
2024-01-08 06:00:00,0.0,0.0
2024-01-08 07:00:00,0.0,0.0
2024-01-08 08:00:00,0.0,0.0
2024-01-08 09:00:00,0.0,0.0
2024-01-08 10:00:00,0.08695233891653119,0.08695233891653119
2024-01-08 11:00:00,0.32547200367354107,0.32547200367354107
2024-01-08 12:00:00,0.7749839466269427,0.7749839466269427
2024-01-08 13:00:00,1.115388138987879,1.115388138987879
2024-01-08 14:00:00,1.7636708796175222,1.7636708796175222
2024-01-08 15:00:00,1.7473965763447281,1.7473965763447281
2024-01-08 16:00:00,2.1192692933970965,2.1192692933970965
2024-01-08 17:00:00,2.6215166549780817,2.6215166549780817
2024-01-08 18:00:00,2.5827638315770622,2.5827638315770622
2024-01-08 19:00:00,2.5094056553132975,2.5094056553132975
2024-01-08 20:00:00,2.9297909708595666,2.9297909708595666
2024-01-08 21:00:00,2.9217645612522536,2.9217645612522536
2024-01-08 22:00:00,0.0,0.0
2024-01-08 23:00:00,0.0,0.0
2024-01-09 00:00:00,0.0,0.0
2024-01-09 01:00:00,0.0,0.0
2024-01-09 02:00:00,0.0,0.0
2024-01-09 03:00:00,0.0,0.0
2024-01-09 04:00:00,0.0,0.0
2024-01-09 05:00:00,0.0,0.0
2024-01-09 06:00:00,0.0,0.0
2024-01-09 07:00:00,0.0,0.0
2024-01-09 08:00:00,0.0,0.0
2024-01-09 09:00:00,0.0,0.0
2024-01-09 10:00:00,0.1074977398345389,0.1074977398345389
2024-01-09 11:00:00,0.3915212247454558,0.3915212247454558
2024-01-09 12:00:00,0.9142980641429495,0.9142980641429495
2024-01-09 13:00:00,1.4846472950678355,1.4846472950678355
2024-01-09 14:00:00,1.9404587509481934,1.9404587509481934
2024-01-09 15:00:00,1.956479248510528,1.956479248510528
2024-01-09 16:00:00,2.4616567397500444,2.4616567397500444
2024-01-09 17:00:00,3.1241413074928133,3.1241413074928133
2024-01-09 18:00:00,3.24433131601273,3.24433131601273
2024-01-09 19:00:00,3.0315330001755347,3.0315330001755347
2024-01-09 20:00:00,3.2921729098899153,3.2921729098899153
2024-01-09 21:00:00,3.1989597353796895,3.1989597353796895
2024-01-09 22:00:00,0.0,0.0
2024-01-09 23:00:00,0.0,0.0
2024-01-10 00:00:00,0.0,0.0
2024-01-10 01:00:00,0.0,0.0
2024-01-10 02:00:00,0.0,0.0
2024-01-10 03:00:00,0.0,0.0
2024-01-10 04:00:00,0.0,0.0
2024-01-10 05:00:00,0.0,0.0
2024-01-10 06:00:00,0.0,0.0
2024-01-10 07:00:00,0.0,0.0
2024-01-10 08:00:00,0.0,0.0
2024-01-10 09:00:00,0.0,0.0
2024-01-10 10:00:00,0.10681951373328227,0.10681951373328227
2024-01-10 11:00:00,0.4800776304416262,0.4800776304416262
2024-01-10 12:00:00,0.7366767364888761,0.7366767364888761
2024-01-10 13:00:00,1.2653951741408236,1.2653951741408236
2024-01-10 14:00:00,2.0451589776087205,2.0451589776087205
2024-01-10 15:00:00,2.4627955708268527,2.4627955708268527
2024-01-10 16:00:00,2.623589264042081,2.623589264042081
2024-01-10 17:00:00,2.8725832794334334,2.8725832794334334
2024-01-10 18:00:00,3.550098431675853,3.550098431675853
2024-01-10 19:00:00,3.6797286230302664,3.6797286230302664
2024-01-10 20:00:00,3.500794622122259,3.500794622122259
2024-01-10 21:00:00,3.0529001291932567,3.0529001291932567
2024-01-10 22:00:00,0.0,0.0
2024-01-10 23:00:00,0.0,0.0
2024-01-11 00:00:00,0.0,0.0
2024-01-11 01:00:00,0.0,0.0
2024-01-11 02:00:00,0.0,0.0
2024-01-11 03:00:00,0.0,0.0
2024-01-11 04:00:00,0.0,0.0
2024-01-11 05:00:00,0.0,0.0
2024-01-11 06:00:00,0.0,0.0
2024-01-11 07:00:00,0.0,0.0
2024-01-11 08:00:00,0.0,0.0
2024-01-11 09:00:00,0.0,0.0
2024-01-11 10:00:00,0.1124272581596219,0.1124272581596219
2024-01-11 11:00:00,0.39614447157002336,0.39614447157002336
2024-01-11 12:00:00,0.7305471271490975,0.7305471271490975
2024-01-11 13:00:00,1.5333033897857729,1.5333033897857729
2024-01-11 14:00:00,1.5902336413530989,1.5902336413530989
2024-01-11 15:00:00,2.008967575731901,2.008967575731901
2024-01-11 16:00:00,2.4273951379696665,2.4273951379696665
2024-01-11 17:00:00,2.3913203039703324,2.3913203039703324
2024-01-11 18:00:00,2.79818852816112,2.79818852816112
2024-01-11 19:00:00,2.727599611345445,2.727599611345445
2024-01-11 20:00:00,2.9101651362636023,2.9101651362636023
2024-01-11 21:00:00,2.5784955614329195,2.5784955614329195
2024-01-11 22:00:00,0.0,0.0
2024-01-11 23:00:00,0.0,0.0
2024-01-12 00:00:00,0.0,0.0
2024-01-12 01:00:00,0.0,0.0
2024-01-12 02:00:00,0.0,0.0
2024-01-12 03:00:00,0.0,0.0
2024-01-12 04:00:00,0.0,0.0
2024-01-12 05:00:00,0.0,0.0
2024-01-12 06:00:00,0.0,0.0
2024-01-12 07:00:00,0.0,0.0
2024-01-12 08:00:00,0.0,0.0
2024-01-12 09:00:00,0.0,0.0
2024-01-12 10:00:00,0.08415343243878949,0.08415343243878949
2024-01-12 11:00:00,0.3838573855624394,0.3838573855624394
2024-01-12 12:00:00,0.7824617066230869,0.7824617066230869
2024-01-12 13:00:00,1.1385934809762952,1.1385934809762952
2024-01-12 14:00:00,1.8469341233349925,1.8469341233349925
2024-01-12 15:00:00,1.7657969412153565,1.7657969412153565
2024-01-12 16:00:00,2.9010228771577924,2.9010228771577924
2024-01-12 17:00:00,2.25881265301738,2.25881265301738
2024-01-12 18:00:00,3.4236841286001467,3.4236841286001467
2024-01-12 19:00:00,3.3507365522532964,3.3507365522532964
2024-01-12 20:00:00,3.5039705092080258,3.5039705092080258
2024-01-12 21:00:00,3.0844014602348455,3.0844014602348455
2024-01-12 22:00:00,0.0,0.0
2024-01-12 23:00:00,0.0,0.0
2024-01-13 00:00:00,0.0,0.0
2024-01-13 01:00:00,0.0,0.0
2024-01-13 02:00:00,0.0,0.0
2024-01-13 03:00:00,0.0,0.0
2024-01-13 04:00:00,0.0,0.0
2024-01-13 05:00:00,0.0,0.0
2024-01-13 06:00:00,0.0,0.0
2024-01-13 07:00:00,0.0,0.0
2024-01-13 08:00:00,0.0,0.0
2024-01-13 09:00:00,0.0,0.0
2024-01-13 10:00:00,0.07056881061836896,0.07056881061836896
2024-01-13 11:00:00,0.27292721242651247,0.27292721242651247
2024-01-13 12:00:00,0.5548499975249883,0.5548499975249883
2024-01-13 13:00:00,0.9231726065936148,0.9231726065936148
2024-01-13 14:00:00,1.1840675151845248,1.1840675151845248
2024-01-13 15:00:00,1.4623259407035523,1.4623259407035523
2024-01-13 16:00:00,2.0202875930110165,2.0202875930110165
2024-01-13 17:00:00,1.793221353127689,1.793221353127689
2024-01-13 18:00:00,2.619176194855324,2.619176194855324
2024-01-13 19:00:00,2.501149702251392,2.501149702251392
2024-01-13 20:00:00,2.265162447172432,2.265162447172432
2024-01-13 21:00:00,1.995050137701445,1.995050137701445
2024-01-13 22:00:00,0.0,0.0
2024-01-13 23:00:00,0.0,0.0
2024-01-14 00:00:00,0.0,0.0
2024-01-14 01:00:00,0.0,0.0
2024-01-14 02:00:00,0.0,0.0
2024-01-14 03:00:00,0.0,0.0
2024-01-14 04:00:00,0.0,0.0
2024-01-14 05:00:00,0.0,0.0
2024-01-14 06:00:00,0.0,0.0
2024-01-14 07:00:00,0.0,0.0
2024-01-14 08:00:00,0.0,0.0
2024-01-14 09:00:00,0.0,0.0
2024-01-14 10:00:00,0.062477847294852944,0.062477847294852944
2024-01-14 11:00:00,0.31132501718945715,0.31132501718945715
2024-01-14 12:00:00,0.4970064956035459,0.4970064956035459
2024-01-14 13:00:00,1.0686104765923554,1.0686104765923554
2024-01-14 14:00:00,1.0935332069118475,1.0935332069118475
2024-01-14 15:00:00,1.6960759639735992,1.6960759639735992
2024-01-14 16:00:00,2.0501566726929,2.0501566726929
2024-01-14 17:00:00,1.9291596501651855,1.9291596501651855
2024-01-14 18:00:00,2.4605727265374724,2.4605727265374724
2024-01-14 19:00:00,2.378252245127434,2.378252245127434
2024-01-14 20:00:00,2.5381943978216452,2.5381943978216452
2024-01-14 21:00:00,1.9139136641636452,1.9139136641636452
2024-01-14 22:00:00,0.0,0.0
2024-01-14 23:00:00,0.0,0.0
2024-01-15 00:00:00,0.0,0.0
2024-01-15 01:00:00,0.0,0.0
2024-01-15 02:00:00,0.0,0.0
2024-01-15 03:00:00,0.0,0.0
2024-01-15 04:00:00,0.0,0.0
2024-01-15 05:00:00,0.0,0.0
2024-01-15 06:00:00,0.0,0.0
2024-01-15 07:00:00,0.0,0.0
2024-01-15 08:00:00,0.0,0.0
2024-01-15 09:00:00,0.0,0.0
2024-01-15 10:00:00,0.0901313887838932,0.0901313887838932
2024-01-15 11:00:00,0.369213707814748,0.369213707814748
2024-01-15 12:00:00,0.7117899852562858,0.7117899852562858
2024-01-15 13:00:00,1.415948807591767,1.415948807591767
2024-01-15 14:00:00,1.7124634742783282,1.7124634742783282
2024-01-15 15:00:00,2.3082822255930693,2.3082822255930693
2024-01-15 16:00:00,2.8282751016400702,2.8282751016400702
2024-01-15 17:00:00,2.550396175446531,2.550396175446531
2024-01-15 18:00:00,3.63271253389865,3.63271253389865
2024-01-15 19:00:00,3.3717227450832805,3.3717227450832805
2024-01-15 20:00:00,2.9820936846863817,2.9820936846863817
2024-01-15 21:00:00,2.8362923747069027,2.8362923747069027
2024-01-15 22:00:00,0.0,0.0
2024-01-15 23:00:00,0.0,0.0
2024-01-16 00:00:00,0.0,0.0
2024-01-16 01:00:00,0.0,0.0
2024-01-16 02:00:00,0.0,0.0
2024-01-16 03:00:00,0.0,0.0
2024-01-16 04:00:00,0.0,0.0
2024-01-16 05:00:00,0.0,0.0
2024-01-16 06:00:00,0.0,0.0
2024-01-16 07:00:00,0.0,0.0
2024-01-16 08:00:00,0.0,0.0
2024-01-16 09:00:00,0.0,0.0
2024-01-16 10:00:00,0.09846143612887327,0.09846143612887327
2024-01-16 11:00:00,0.4302337579892715,0.4302337579892715
2024-01-16 12:00:00,0.653437383998485,0.653437383998485
2024-01-16 13:00:00,1.3573081717682962,1.3573081717682962
2024-01-16 14:00:00,1.6601995384918111,1.6601995384918111
2024-01-16 15:00:00,1.717750869071831,1.717750869071831
2024-01-16 16:00:00,2.5085165791594304,2.5085165791594304
2024-01-16 17:00:00,2.574762172296368,2.574762172296368
2024-01-16 18:00:00,2.516546440162544,2.516546440162544
2024-01-16 19:00:00,2.8004991360062443,2.8004991360062443
2024-01-16 20:00:00,3.1933754072944907,3.1933754072944907
2024-01-16 21:00:00,2.521164240695455,2.521164240695455
2024-01-16 22:00:00,0.0,0.0
2024-01-16 23:00:00,0.0,0.0
2024-01-17 00:00:00,0.0,0.0
2024-01-17 01:00:00,0.0,0.0
2024-01-17 02:00:00,0.0,0.0
2024-01-17 03:00:00,0.0,0.0
2024-01-17 04:00:00,0.0,0.0
2024-01-17 05:00:00,0.0,0.0
2024-01-17 06:00:00,0.0,0.0
2024-01-17 07:00:00,0.0,0.0
2024-01-17 08:00:00,0.0,0.0
2024-01-17 09:00:00,0.0,0.0
2024-01-17 10:00:00,0.09978939353367208,0.09978939353367208
2024-01-17 11:00:00,0.3434047371155129,0.3434047371155129
2024-01-17 12:00:00,0.8531718879672892,0.8531718879672892
2024-01-17 13:00:00,1.089593148847649,1.089593148847649
2024-01-17 14:00:00,1.5194143574034529,1.5194143574034529
2024-01-17 15:00:00,1.7873914889185671,1.7873914889185671
2024-01-17 16:00:00,2.7345000447101753,2.7345000447101753
2024-01-17 17:00:00,2.2913819621207785,2.2913819621207785
2024-01-17 18:00:00,3.4208013270517674,3.4208013270517674
2024-01-17 19:00:00,3.0711098412756335,3.0711098412756335
2024-01-17 20:00:00,2.5875849626723,2.5875849626723
2024-01-17 21:00:00,2.3633995571979365,2.3633995571979365
2024-01-17 22:00:00,0.0,0.0
2024-01-17 23:00:00,0.0,0.0
2024-01-18 00:00:00,0.0,0.0
2024-01-18 01:00:00,0.0,0.0
2024-01-18 02:00:00,0.0,0.0
2024-01-18 03:00:00,0.0,0.0
2024-01-18 04:00:00,0.0,0.0
2024-01-18 05:00:00,0.0,0.0
2024-01-18 06:00:00,0.0,0.0
2024-01-18 07:00:00,0.0,0.0
2024-01-18 08:00:00,0.0,0.0
2024-01-18 09:00:00,0.0,0.0
2024-01-18 10:00:00,0.09356024503887427,0.09356024503887427
2024-01-18 11:00:00,0.4328255000468672,0.4328255000468672
2024-01-18 12:00:00,0.9035877209465214,0.9035877209465214
2024-01-18 13:00:00,1.4555317922895916,1.4555317922895916
2024-01-18 14:00:00,2.010507128364004,2.010507128364004
2024-01-18 15:00:00,1.981420283468507,1.981420283468507
2024-01-18 16:00:00,2.9837300938849287,2.9837300938849287
2024-01-18 17:00:00,2.525450954757314,2.525450954757314
2024-01-18 18:00:00,3.131205664751432,3.131205664751432
2024-01-18 19:00:00,3.4427177735447985,3.4427177735447985
2024-01-18 20:00:00,3.7966342987686783,3.7966342987686783
2024-01-18 21:00:00,3.166382577328778,3.166382577328778
2024-01-18 22:00:00,0.0,0.0
2024-01-18 23:00:00,0.0,0.0
2024-01-19 00:00:00,0.0,0.0
2024-01-19 01:00:00,0.0,0.0
2024-01-19 02:00:00,0.0,0.0
2024-01-19 03:00:00,0.0,0.0
2024-01-19 04:00:00,0.0,0.0
2024-01-19 05:00:00,0.0,0.0
2024-01-19 06:00:00,0.0,0.0
2024-01-19 07:00:00,0.0,0.0
2024-01-19 08:00:00,0.0,0.0
2024-01-19 09:00:00,0.0,0.0
2024-01-19 10:00:00,0.08071070015874758,0.08071070015874758
2024-01-19 11:00:00,0.4198996759765291,0.4198996759765291
2024-01-19 12:00:00,0.6781764743588331,0.6781764743588331
2024-01-19 13:00:00,1.2283882091873912,1.2283882091873912
2024-01-19 14:00:00,1.6518541192462652,1.6518541192462652
2024-01-19 15:00:00,1.9783330237268584,1.9783330237268584
2024-01-19 16:00:00,2.7040653850129206,2.7040653850129206
2024-01-19 17:00:00,2.1319355638264974,2.1319355638264974
2024-01-19 18:00:00,2.8881917153525376,2.8881917153525376
2024-01-19 19:00:00,2.695110011082914,2.695110011082914
2024-01-19 20:00:00,2.821331842948786,2.821331842948786
2024-01-19 21:00:00,2.3252541812560814,2.3252541812560814
2024-01-19 22:00:00,0.0,0.0
2024-01-19 23:00:00,0.0,0.0
2024-01-20 00:00:00,0.0,0.0
2024-01-20 01:00:00,0.0,0.0
2024-01-20 02:00:00,0.0,0.0
2024-01-20 03:00:00,0.0,0.0
2024-01-20 04:00:00,0.0,0.0
2024-01-20 05:00:00,0.0,0.0
2024-01-20 06:00:00,0.0,0.0
2024-01-20 07:00:00,0.0,0.0
2024-01-20 08:00:00,0.0,0.0
2024-01-20 09:00:00,0.0,0.0
2024-01-20 10:00:00,0.06713250347850219,0.06713250347850219
2024-01-20 11:00:00,0.2545629322727408,0.2545629322727408
2024-01-20 12:00:00,0.5519080485283091,0.5519080485283091
2024-01-20 13:00:00,0.9167956280934191,0.9167956280934191
2024-01-20 14:00:00,1.2380662657790904,1.2380662657790904
2024-01-20 15:00:00,1.4812821838485868,1.4812821838485868
2024-01-20 16:00:00,1.870770530123246,1.870770530123246
2024-01-20 17:00:00,1.686733185038012,1.686733185038012
2024-01-20 18:00:00,2.3440097207197925,2.3440097207197925
2024-01-20 19:00:00,2.109201360449772,2.109201360449772
2024-01-20 20:00:00,2.0859448143907455,2.0859448143907455
2024-01-20 21:00:00,2.0406365404846962,2.0406365404846962
2024-01-20 22:00:00,0.0,0.0
2024-01-20 23:00:00,0.0,0.0
2024-01-21 00:00:00,0.0,0.0
2024-01-21 01:00:00,0.0,0.0
2024-01-21 02:00:00,0.0,0.0
2024-01-21 03:00:00,0.0,0.0
2024-01-21 04:00:00,0.0,0.0
2024-01-21 05:00:00,0.0,0.0
2024-01-21 06:00:00,0.0,0.0
2024-01-21 07:00:00,0.0,0.0
2024-01-21 08:00:00,0.0,0.0
2024-01-21 09:00:00,0.0,0.0
2024-01-21 10:00:00,0.07933503510920958,0.07933503510920958
2024-01-21 11:00:00,0.25567631354894566,0.25567631354894566
2024-01-21 12:00:00,0.5366501301210093,0.5366501301210093
2024-01-21 13:00:00,0.9085548659946382,0.9085548659946382
2024-01-21 14:00:00,1.1196472497457308,1.1196472497457308
2024-01-21 15:00:00,1.424158344411684,1.424158344411684
2024-01-21 16:00:00,2.041054169556254,2.041054169556254
2024-01-21 17:00:00,1.6220801669430243,1.6220801669430243
2024-01-21 18:00:00,2.5201816774942842,2.5201816774942842
2024-01-21 19:00:00,2.4469614890605516,2.4469614890605516
2024-01-21 20:00:00,2.178175925425368,2.178175925425368
2024-01-21 21:00:00,1.8738322926858135,1.8738322926858135
2024-01-21 22:00:00,0.0,0.0
2024-01-21 23:00:00,0.0,0.0
2024-01-22 00:00:00,0.0,0.0
2024-01-22 01:00:00,0.0,0.0
2024-01-22 02:00:00,0.0,0.0
2024-01-22 03:00:00,0.0,0.0
2024-01-22 04:00:00,0.0,0.0
2024-01-22 05:00:00,0.0,0.0
2024-01-22 06:00:00,0.0,0.0
2024-01-22 07:00:00,0.0,0.0
2024-01-22 08:00:00,0.0,0.0
2024-01-22 09:00:00,0.0,0.0
2024-01-22 10:00:00,0.09746956712275111,0.09746956712275111
2024-01-22 11:00:00,0.3566330088598738,0.3566330088598738
2024-01-22 12:00:00,0.6949544069974088,0.6949544069974088
2024-01-22 13:00:00,1.4152314395665515,1.4152314395665515
2024-01-22 14:00:00,1.9140500432470473,1.9140500432470473
2024-01-22 15:00:00,2.0620792301804904,2.0620792301804904
2024-01-22 16:00:00,2.8181814220251122,2.8181814220251122
2024-01-22 17:00:00,2.928014972776154,2.928014972776154
2024-01-22 18:00:00,2.7537975269170545,2.7537975269170545
2024-01-22 19:00:00,2.925919140526407,2.925919140526407
2024-01-22 20:00:00,2.947139954866096,2.947139954866096
2024-01-22 21:00:00,2.457341809296632,2.457341809296632
2024-01-22 22:00:00,0.0,0.0
2024-01-22 23:00:00,0.0,0.0
2024-01-23 00:00:00,0.0,0.0
2024-01-23 01:00:00,0.0,0.0
2024-01-23 02:00:00,0.0,0.0
2024-01-23 03:00:00,0.0,0.0
2024-01-23 04:00:00,0.0,0.0
2024-01-23 05:00:00,0.0,0.0
2024-01-23 06:00:00,0.0,0.0
2024-01-23 07:00:00,0.0,0.0
2024-01-23 08:00:00,0.0,0.0
2024-01-23 09:00:00,0.0,0.0
2024-01-23 10:00:00,0.09121858890043255,0.09121858890043255
2024-01-23 11:00:00,0.4469190202564257,0.4469190202564257
2024-01-23 12:00:00,0.8215080948239203,0.8215080948239203
2024-01-23 13:00:00,1.3718768904106966,1.3718768904106966
2024-01-23 14:00:00,1.7920008051951597,1.7920008051951597
2024-01-23 15:00:00,2.2349362175183387,2.2349362175183387
2024-01-23 16:00:00,2.266496162221779,2.266496162221779
2024-01-23 17:00:00,2.502986954609116,2.502986954609116
2024-01-23 18:00:00,3.189155576723721,3.189155576723721
2024-01-23 19:00:00,2.8887222582852936,2.8887222582852936
2024-01-23 20:00:00,3.4321046319942927,3.4321046319942927
2024-01-23 21:00:00,2.8568810556473627,2.8568810556473627
2024-01-23 22:00:00,0.0,0.0
2024-01-23 23:00:00,0.0,0.0
2024-01-24 00:00:00,0.0,0.0
2024-01-24 01:00:00,0.0,0.0
2024-01-24 02:00:00,0.0,0.0
2024-01-24 03:00:00,0.0,0.0
2024-01-24 04:00:00,0.0,0.0
2024-01-24 05:00:00,0.0,0.0
2024-01-24 06:00:00,0.0,0.0
2024-01-24 07:00:00,0.0,0.0
2024-01-24 08:00:00,0.0,0.0
2024-01-24 09:00:00,0.0,0.0
2024-01-24 10:00:00,0.08989423173368735,0.08989423173368735
2024-01-24 11:00:00,0.3883219346119403,0.3883219346119403
2024-01-24 12:00:00,0.7210604020992777,0.7210604020992777
2024-01-24 13:00:00,1.1339675580637891,1.1339675580637891
2024-01-24 14:00:00,1.9373116149621084,1.9373116149621084
2024-01-24 15:00:00,2.05391806376996,2.05391806376996
2024-01-24 16:00:00,2.479583224513979,2.479583224513979
2024-01-24 17:00:00,2.70351160007582,2.70351160007582
2024-01-24 18:00:00,2.7050985962645586,2.7050985962645586
2024-01-24 19:00:00,2.853904477082868,2.853904477082868
2024-01-24 20:00:00,3.323660776849965,3.323660776849965
2024-01-24 21:00:00,3.0084662534234274,3.0084662534234274
2024-01-24 22:00:00,0.0,0.0
2024-01-24 23:00:00,0.0,0.0
2024-01-25 00:00:00,0.0,0.0
2024-01-25 01:00:00,0.0,0.0
2024-01-25 02:00:00,0.0,0.0
2024-01-25 03:00:00,0.0,0.0
2024-01-25 04:00:00,0.0,0.0
2024-01-25 05:00:00,0.0,0.0
2024-01-25 06:00:00,0.0,0.0
2024-01-25 07:00:00,0.0,0.0
2024-01-25 08:00:00,0.0,0.0
2024-01-25 09:00:00,0.0,0.0
2024-01-25 10:00:00,0.10355621480655541,0.10355621480655541
2024-01-25 11:00:00,0.4630223374341834,0.4630223374341834
2024-01-25 12:00:00,0.9051218463482819,0.9051218463482819
2024-01-25 13:00:00,1.2317209546373298,1.2317209546373298
2024-01-25 14:00:00,1.8275086251796795,1.8275086251796795
2024-01-25 15:00:00,2.230572440530267,2.230572440530267
2024-01-25 16:00:00,2.496652647703017,2.496652647703017
2024-01-25 17:00:00,2.3169245041410367,2.3169245041410367
2024-01-25 18:00:00,2.7222037031686317,2.7222037031686317
2024-01-25 19:00:00,3.2938526949604716,3.2938526949604716
2024-01-25 20:00:00,3.1061315474326605,3.1061315474326605
2024-01-25 21:00:00,3.295637632264903,3.295637632264903
2024-01-25 22:00:00,0.0,0.0
2024-01-25 23:00:00,0.0,0.0
2024-01-26 00:00:00,0.0,0.0
2024-01-26 01:00:00,0.0,0.0
2024-01-26 02:00:00,0.0,0.0
2024-01-26 03:00:00,0.0,0.0
2024-01-26 04:00:00,0.0,0.0
2024-01-26 05:00:00,0.0,0.0
2024-01-26 06:00:00,0.0,0.0
2024-01-26 07:00:00,0.0,0.0
2024-01-26 08:00:00,0.0,0.0
2024-01-26 09:00:00,0.0,0.0
2024-01-26 10:00:00,0.10280582501956607,0.10280582501956607
2024-01-26 11:00:00,0.42606800764230146,0.42606800764230146
2024-01-26 12:00:00,0.8438066299957092,0.8438066299957092
2024-01-26 13:00:00,1.4401547849818335,1.4401547849818335
2024-01-26 14:00:00,1.8061726801249651,1.8061726801249651
2024-01-26 15:00:00,2.232284881332171,2.232284881332171
2024-01-26 16:00:00,2.2330711744819225,2.2330711744819225
2024-01-26 17:00:00,2.371791750922529,2.371791750922529
2024-01-26 18:00:00,3.2290717236314377,3.2290717236314377
2024-01-26 19:00:00,3.3229414766827783,3.3229414766827783
2024-01-26 20:00:00,2.6174667464954395,2.6174667464954395
2024-01-26 21:00:00,2.8509780628751207,2.8509780628751207
2024-01-26 22:00:00,0.0,0.0
2024-01-26 23:00:00,0.0,0.0
2024-01-27 00:00:00,0.0,0.0
2024-01-27 01:00:00,0.0,0.0
2024-01-27 02:00:00,0.0,0.0
2024-01-27 03:00:00,0.0,0.0
2024-01-27 04:00:00,0.0,0.0
2024-01-27 05:00:00,0.0,0.0
2024-01-27 06:00:00,0.0,0.0
2024-01-27 07:00:00,0.0,0.0
2024-01-27 08:00:00,0.0,0.0
2024-01-27 09:00:00,0.0,0.0
2024-01-27 10:00:00,0.07657601844295638,0.07657601844295638
2024-01-27 11:00:00,0.254971432663267,0.254971432663267
2024-01-27 12:00:00,0.479601665297825,0.479601665297825
2024-01-27 13:00:00,0.8685851076240795,0.8685851076240795
2024-01-27 14:00:00,1.261205008701828,1.261205008701828
2024-01-27 15:00:00,1.571145420566163,1.571145420566163
2024-01-27 16:00:00,2.08584273507499,2.08584273507499
2024-01-27 17:00:00,1.6999080281603804,1.6999080281603804
2024-01-27 18:00:00,2.128139274898224,2.128139274898224
2024-01-27 19:00:00,1.8783965481904625,1.8783965481904625
2024-01-27 20:00:00,2.208531252708345,2.208531252708345
2024-01-27 21:00:00,2.291918328325824,2.291918328325824
2024-01-27 22:00:00,0.0,0.0
2024-01-27 23:00:00,0.0,0.0
2024-01-28 00:00:00,0.0,0.0
2024-01-28 01:00:00,0.0,0.0
2024-01-28 02:00:00,0.0,0.0
2024-01-28 03:00:00,0.0,0.0
2024-01-28 04:00:00,0.0,0.0
2024-01-28 05:00:00,0.0,0.0
2024-01-28 06:00:00,0.0,0.0
2024-01-28 07:00:00,0.0,0.0
2024-01-28 08:00:00,0.0,0.0
2024-01-28 09:00:00,0.0,0.0
2024-01-28 10:00:00,0.0668923150058703,0.0668923150058703
2024-01-28 11:00:00,0.31968030666786296,0.31968030666786296
2024-01-28 12:00:00,0.5884817797476668,0.5884817797476668
2024-01-28 13:00:00,0.9217999980290398,0.9217999980290398
2024-01-28 14:00:00,1.1059387956134106,1.1059387956134106
2024-01-28 15:00:00,1.6077004578866245,1.6077004578866245
2024-01-28 16:00:00,1.668006639773526,1.668006639773526
2024-01-28 17:00:00,1.7134150117273457,1.7134150117273457
2024-01-28 18:00:00,2.4539643096295585,2.4539643096295585
2024-01-28 19:00:00,2.123993203297637,2.123993203297637
2024-01-28 20:00:00,2.3140198890641654,2.3140198890641654
2024-01-28 21:00:00,2.0458538008352756,2.0458538008352756
2024-01-28 22:00:00,0.0,0.0
2024-01-28 23:00:00,0.0,0.0
2024-01-29 00:00:00,0.0,0.0
2024-01-29 01:00:00,0.0,0.0
2024-01-29 02:00:00,0.0,0.0
2024-01-29 03:00:00,0.0,0.0
2024-01-29 04:00:00,0.0,0.0
2024-01-29 05:00:00,0.0,0.0
2024-01-29 06:00:00,0.0,0.0
2024-01-29 07:00:00,0.0,0.0
2024-01-29 08:00:00,0.0,0.0
2024-01-29 09:00:00,0.0,0.0
2024-01-29 10:00:00,0.09922319958481633,0.09922319958481633
2024-01-29 11:00:00,0.4230604139922312,0.4230604139922312
2024-01-29 12:00:00,0.8436595398425443,0.8436595398425443
2024-01-29 13:00:00,1.360980768028504,1.360980768028504
2024-01-29 14:00:00,1.473095875794407,1.473095875794407
2024-01-29 15:00:00,2.0133887045291567,2.0133887045291567
2024-01-29 16:00:00,2.19527414823889,2.19527414823889
2024-01-29 17:00:00,2.6018496165632548,2.6018496165632548
2024-01-29 18:00:00,3.417999541942286,3.417999541942286
2024-01-29 19:00:00,2.9076510042806003,2.9076510042806003
2024-01-29 20:00:00,2.908267039258175,2.908267039258175
2024-01-29 21:00:00,2.3585964348875557,2.3585964348875557
2024-01-29 22:00:00,0.0,0.0
2024-01-29 23:00:00,0.0,0.0
2024-01-30 00:00:00,0.0,0.0
2024-01-30 01:00:00,0.0,0.0
2024-01-30 02:00:00,0.0,0.0
2024-01-30 03:00:00,0.0,0.0
2024-01-30 04:00:00,0.0,0.0
2024-01-30 05:00:00,0.0,0.0
2024-01-30 06:00:00,0.0,0.0
2024-01-30 07:00:00,0.0,0.0
2024-01-30 08:00:00,0.0,0.0
2024-01-30 09:00:00,0.0,0.0
2024-01-30 10:00:00,0.0823647479243818,0.0823647479243818
2024-01-30 11:00:00,0.3482567825093507,0.3482567825093507
2024-01-30 12:00:00,0.6980543433883034,0.6980543433883034
2024-01-30 13:00:00,1.169939617978689,1.169939617978689
2024-01-30 14:00:00,1.3250894296277997,1.3250894296277997
2024-01-30 15:00:00,1.6727199298350799,1.6727199298350799
2024-01-30 16:00:00,2.6475580578077778,2.6475580578077778
2024-01-30 17:00:00,2.026117594760113,2.026117594760113
2024-01-30 18:00:00,2.88722309609683,2.88722309609683
2024-01-30 19:00:00,2.765487527871068,2.765487527871068
2024-01-30 20:00:00,2.700237805768016,2.700237805768016
2024-01-30 21:00:00,2.570333464316233,2.570333464316233
2024-01-30 22:00:00,0.0,0.0
2024-01-30 23:00:00,0.0,0.0
2024-01-31 00:00:00,0.0,0.0
2024-01-31 01:00:00,0.0,0.0
2024-01-31 02:00:00,0.0,0.0
2024-01-31 03:00:00,0.0,0.0
2024-01-31 04:00:00,0.0,0.0
2024-01-31 05:00:00,0.0,0.0
2024-01-31 06:00:00,0.0,0.0
2024-01-31 07:00:00,0.0,0.0
2024-01-31 08:00:00,0.0,0.0
2024-01-31 09:00:00,0.0,0.0
2024-01-31 10:00:00,0.0847353820477436,0.0847353820477436
2024-01-31 11:00:00,0.3354167738176424,0.3354167738176424
2024-01-31 12:00:00,0.6737357027351065,0.6737357027351065
2024-01-31 13:00:00,1.4159513813172535,1.4159513813172535
2024-01-31 14:00:00,1.392795724405346,1.392795724405346
2024-01-31 15:00:00,1.7988833818148562,1.7988833818148562
2024-01-31 16:00:00,2.1510388498160404,2.1510388498160404
2024-01-31 17:00:00,2.2059213179583113,2.2059213179583113
2024-01-31 18:00:00,3.128064854307796,3.128064854307796
2024-01-31 19:00:00,2.682772025168961,2.682772025168961
2024-01-31 20:00:00,3.041697901030406,3.041697901030406
2024-01-31 21:00:00,2.825563854549796,2.825563854549796
2024-01-31 22:00:00,0.0,0.0
2024-01-31 23:00:00,0.0,0.0
2024-02-01 00:00:00,0.0,0.0
2024-02-01 01:00:00,0.0,0.0
2024-02-01 02:00:00,0.0,0.0
2024-02-01 03:00:00,0.0,0.0
2024-02-01 04:00:00,0.0,0.0
2024-02-01 05:00:00,0.0,0.0
2024-02-01 06:00:00,0.0,0.0
2024-02-01 07:00:00,0.0,0.0
2024-02-01 08:00:00,0.0,0.0
2024-02-01 09:00:00,0.0,0.0
2024-02-01 10:00:00,0.11645569595782186,0.11645569595782186
2024-02-01 11:00:00,0.41268952386710983,0.41268952386710983
2024-02-01 12:00:00,0.9262065769039812,0.9262065769039812
2024-02-01 13:00:00,1.4573526503634675,1.4573526503634675
2024-02-01 14:00:00,1.6804157652932024,1.6804157652932024
2024-02-01 15:00:00,2.1740869727891456,2.1740869727891456
2024-02-01 16:00:00,2.660812692778003,2.660812692778003
2024-02-01 17:00:00,2.4533203795578173,2.4533203795578173
2024-02-01 18:00:00,2.9164449696315295,2.9164449696315295
2024-02-01 19:00:00,3.1198411112710436,3.1198411112710436
2024-02-01 20:00:00,2.8675176050973388,2.8675176050973388
2024-02-01 21:00:00,2.7833650703548836,2.7833650703548836
2024-02-01 22:00:00,0.0,0.0
2024-02-01 23:00:00,0.0,0.0
2024-02-02 00:00:00,0.0,0.0
2024-02-02 01:00:00,0.0,0.0
2024-02-02 02:00:00,0.0,0.0
2024-02-02 03:00:00,0.0,0.0
2024-02-02 04:00:00,0.0,0.0
2024-02-02 05:00:00,0.0,0.0
2024-02-02 06:00:00,0.0,0.0
2024-02-02 07:00:00,0.0,0.0
2024-02-02 08:00:00,0.0,0.0
2024-02-02 09:00:00,0.0,0.0
2024-02-02 10:00:00,0.08906424849363853,0.08906424849363853
2024-02-02 11:00:00,0.49028984476970394,0.49028984476970394
2024-02-02 12:00:00,0.8528085645364141,0.8528085645364141
2024-02-02 13:00:00,1.2293333478944113,1.2293333478944113
2024-02-02 14:00:00,2.011548035940613,2.011548035940613
2024-02-02 15:00:00,2.4329958105054943,2.4329958105054943
2024-02-02 16:00:00,2.7843663941019985,2.7843663941019985
2024-02-02 17:00:00,2.8490257190204518,2.8490257190204518
2024-02-02 18:00:00,3.0964748850197217,3.0964748850197217
2024-02-02 19:00:00,2.7687934150243896,2.7687934150243896
2024-02-02 20:00:00,3.372215151663848,3.372215151663848
2024-02-02 21:00:00,2.8410903637305593,2.8410903637305593
2024-02-02 22:00:00,0.0,0.0
2024-02-02 23:00:00,0.0,0.0
2024-02-03 00:00:00,0.0,0.0
2024-02-03 01:00:00,0.0,0.0
2024-02-03 02:00:00,0.0,0.0
2024-02-03 03:00:00,0.0,0.0
2024-02-03 04:00:00,0.0,0.0
2024-02-03 05:00:00,0.0,0.0
2024-02-03 06:00:00,0.0,0.0
2024-02-03 07:00:00,0.0,0.0
2024-02-03 08:00:00,0.0,0.0
2024-02-03 09:00:00,0.0,0.0
2024-02-03 10:00:00,0.06983288808146978,0.06983288808146978
2024-02-03 11:00:00,0.30425358369115874,0.30425358369115874
2024-02-03 12:00:00,0.5048889869817594,0.5048889869817594
2024-02-03 13:00:00,0.8649645376216432,0.8649645376216432
2024-02-03 14:00:00,0.954627400077437,0.954627400077437
2024-02-03 15:00:00,1.4792605266436514,1.4792605266436514
2024-02-03 16:00:00,1.724028890230412,1.724028890230412
2024-02-03 17:00:00,1.6627713487523827,1.6627713487523827
2024-02-03 18:00:00,1.8153385636321666,1.8153385636321666
2024-02-03 19:00:00,2.2237743457050123,2.2237743457050123
2024-02-03 20:00:00,1.9758219283816731,1.9758219283816731
2024-02-03 21:00:00,1.9866703730408695,1.9866703730408695
2024-02-03 22:00:00,0.0,0.0
2024-02-03 23:00:00,0.0,0.0
2024-02-04 00:00:00,0.0,0.0
2024-02-04 01:00:00,0.0,0.0
2024-02-04 02:00:00,0.0,0.0
2024-02-04 03:00:00,0.0,0.0
2024-02-04 04:00:00,0.0,0.0
2024-02-04 05:00:00,0.0,0.0
2024-02-04 06:00:00,0.0,0.0
2024-02-04 07:00:00,0.0,0.0
2024-02-04 08:00:00,0.0,0.0
2024-02-04 09:00:00,0.0,0.0
2024-02-04 10:00:00,0.07100651523731413,0.07100651523731413
2024-02-04 11:00:00,0.2953627330307848,0.2953627330307848
2024-02-04 12:00:00,0.541265826387356,0.541265826387356
2024-02-04 13:00:00,0.7777104918048674,0.7777104918048674
2024-02-04 14:00:00,1.2845110691960158,1.2845110691960158
2024-02-04 15:00:00,1.5446772979806103,1.5446772979806103
2024-02-04 16:00:00,1.9127837653372213,1.9127837653372213
2024-02-04 17:00:00,1.5417187387838367,1.5417187387838367
2024-02-04 18:00:00,1.9300747971213335,1.9300747971213335
2024-02-04 19:00:00,2.1890710366697936,2.1890710366697936
2024-02-04 20:00:00,1.791219198006165,1.791219198006165
2024-02-04 21:00:00,2.2072625876308916,2.2072625876308916
2024-02-04 22:00:00,0.0,0.0
2024-02-04 23:00:00,0.0,0.0
2024-02-05 00:00:00,0.0,0.0
2024-02-05 01:00:00,0.0,0.0
2024-02-05 02:00:00,0.0,0.0
2024-02-05 03:00:00,0.0,0.0
2024-02-05 04:00:00,0.0,0.0
2024-02-05 05:00:00,0.0,0.0
2024-02-05 06:00:00,0.0,0.0
2024-02-05 07:00:00,0.0,0.0
2024-02-05 08:00:00,0.0,0.0
2024-02-05 09:00:00,0.0,0.0
2024-02-05 10:00:00,0.10373120085891058,0.10373120085891058
2024-02-05 11:00:00,0.3906455301132313,0.3906455301132313
2024-02-05 12:00:00,0.7688363932896854,0.7688363932896854
2024-02-05 13:00:00,1.5024657433022033,1.5024657433022033
2024-02-05 14:00:00,1.7594267929486842,1.7594267929486842
2024-02-05 15:00:00,2.5524008878599185,2.5524008878599185
2024-02-05 16:00:00,2.614891067604633,2.614891067604633
2024-02-05 17:00:00,2.4866468808033475,2.4866468808033475
2024-02-05 18:00:00,3.6769225766821063,3.6769225766821063
2024-02-05 19:00:00,3.6675996451013693,3.6675996451013693
2024-02-05 20:00:00,3.14795689912248,3.14795689912248
2024-02-05 21:00:00,2.835335199568602,2.835335199568602
2024-02-05 22:00:00,0.0,0.0
2024-02-05 23:00:00,0.0,0.0
2024-02-06 00:00:00,0.0,0.0
2024-02-06 01:00:00,0.0,0.0
2024-02-06 02:00:00,0.0,0.0
2024-02-06 03:00:00,0.0,0.0
2024-02-06 04:00:00,0.0,0.0
2024-02-06 05:00:00,0.0,0.0
2024-02-06 06:00:00,0.0,0.0
2024-02-06 07:00:00,0.0,0.0
2024-02-06 08:00:00,0.0,0.0
2024-02-06 09:00:00,0.0,0.0
2024-02-06 10:00:00,0.1099651967123566,0.1099651967123566
2024-02-06 11:00:00,0.45389208839338213,0.45389208839338213
2024-02-06 12:00:00,0.903466796364072,0.903466796364072
2024-02-06 13:00:00,1.5028681261693557,1.5028681261693557
2024-02-06 14:00:00,1.9362914425985631,1.9362914425985631
2024-02-06 15:00:00,1.8051226829393472,1.8051226829393472
2024-02-06 16:00:00,2.328531756365617,2.328531756365617
2024-02-06 17:00:00,2.4539301387177317,2.4539301387177317
2024-02-06 18:00:00,3.201211631762064,3.201211631762064
2024-02-06 19:00:00,2.6683056343851868,2.6683056343851868
2024-02-06 20:00:00,3.4327057315307585,3.4327057315307585
2024-02-06 21:00:00,2.971945013578786,2.971945013578786
2024-02-06 22:00:00,0.0,0.0
2024-02-06 23:00:00,0.0,0.0
2024-02-07 00:00:00,0.0,0.0
2024-02-07 01:00:00,0.0,0.0
2024-02-07 02:00:00,0.0,0.0
2024-02-07 03:00:00,0.0,0.0
2024-02-07 04:00:00,0.0,0.0
2024-02-07 05:00:00,0.0,0.0
2024-02-07 06:00:00,0.0,0.0
2024-02-07 07:00:00,0.0,0.0
2024-02-07 08:00:00,0.0,0.0
2024-02-07 09:00:00,0.0,0.0
2024-02-07 10:00:00,0.10704135081632223,0.10704135081632223
2024-02-07 11:00:00,0.3434368297399213,0.3434368297399213
2024-02-07 12:00:00,0.8443178976340563,0.8443178976340563
2024-02-07 13:00:00,1.105451745858866,1.105451745858866
2024-02-07 14:00:00,1.5156145288914982,1.5156145288914982
2024-02-07 15:00:00,2.1874397986436707,2.1874397986436707
2024-02-07 16:00:00,2.258957616044047,2.258957616044047
2024-02-07 17:00:00,2.429289018394666,2.429289018394666
2024-02-07 18:00:00,2.9693900137316933,2.9693900137316933
2024-02-07 19:00:00,2.681928244260013,2.681928244260013
2024-02-07 20:00:00,3.163054090429343,3.163054090429343
2024-02-07 21:00:00,3.0365603499740423,3.0365603499740423
2024-02-07 22:00:00,0.0,0.0
2024-02-07 23:00:00,0.0,0.0
2024-02-08 00:00:00,0.0,0.0
2024-02-08 01:00:00,0.0,0.0
2024-02-08 02:00:00,0.0,0.0
2024-02-08 03:00:00,0.0,0.0
2024-02-08 04:00:00,0.0,0.0
2024-02-08 05:00:00,0.0,0.0
2024-02-08 06:00:00,0.0,0.0
2024-02-08 07:00:00,0.0,0.0
2024-02-08 08:00:00,0.0,0.0
2024-02-08 09:00:00,0.0,0.0
2024-02-08 10:00:00,0.09807715447449929,0.09807715447449929
2024-02-08 11:00:00,0.3648597013113224,0.3648597013113224
2024-02-08 12:00:00,0.7090149187290804,0.7090149187290804
2024-02-08 13:00:00,1.509742298984038,1.509742298984038
2024-02-08 14:00:00,1.7167482175866609,1.7167482175866609
2024-02-08 15:00:00,2.3823367878391792,2.3823367878391792
2024-02-08 16:00:00,2.3782532266145844,2.3782532266145844
2024-02-08 17:00:00,2.6826974067233227,2.6826974067233227
2024-02-08 18:00:00,2.911017183674041,2.911017183674041
2024-02-08 19:00:00,2.845863236447543,2.845863236447543
2024-02-08 20:00:00,2.7051726581001296,2.7051726581001296
2024-02-08 21:00:00,2.57508947409015,2.57508947409015
2024-02-08 22:00:00,0.0,0.0
2024-02-08 23:00:00,0.0,0.0
2024-02-09 00:00:00,0.0,0.0
2024-02-09 01:00:00,0.0,0.0
2024-02-09 02:00:00,0.0,0.0
2024-02-09 03:00:00,0.0,0.0
2024-02-09 04:00:00,0.0,0.0
2024-02-09 05:00:00,0.0,0.0
2024-02-09 06:00:00,0.0,0.0
2024-02-09 07:00:00,0.0,0.0
2024-02-09 08:00:00,0.0,0.0
2024-02-09 09:00:00,0.0,0.0
2024-02-09 10:00:00,0.09674433179126311,0.09674433179126311
2024-02-09 11:00:00,0.3602630162553328,0.3602630162553328
2024-02-09 12:00:00,0.7726375721842589,0.7726375721842589
2024-02-09 13:00:00,1.469036881687968,1.469036881687968
2024-02-09 14:00:00,1.817083433381254,1.817083433381254
2024-02-09 15:00:00,2.289654973254982,2.289654973254982
2024-02-09 16:00:00,2.9224604647279153,2.9224604647279153
2024-02-09 17:00:00,2.4485511744571724,2.4485511744571724
2024-02-09 18:00:00,3.651709954337419,3.651709954337419
2024-02-09 19:00:00,3.062591763734554,3.062591763734554
2024-02-09 20:00:00,3.330875424977332,3.330875424977332
2024-02-09 21:00:00,2.511341017834704,2.511341017834704
2024-02-09 22:00:00,0.0,0.0
2024-02-09 23:00:00,0.0,0.0
2024-02-10 00:00:00,0.0,0.0
2024-02-10 01:00:00,0.0,0.0
2024-02-10 02:00:00,0.0,0.0
2024-02-10 03:00:00,0.0,0.0
2024-02-10 04:00:00,0.0,0.0
2024-02-10 05:00:00,0.0,0.0
2024-02-10 06:00:00,0.0,0.0
2024-02-10 07:00:00,0.0,0.0
2024-02-10 08:00:00,0.0,0.0
2024-02-10 09:00:00,0.0,0.0
2024-02-10 10:00:00,0.06719640082843781,0.06719640082843781
2024-02-10 11:00:00,0.26532339759326645,0.26532339759326645
2024-02-10 12:00:00,0.5912367833700901,0.5912367833700901
2024-02-10 13:00:00,0.8260873397121276,0.8260873397121276
2024-02-10 14:00:00,1.0167002760489057,1.0167002760489057
2024-02-10 15:00:00,1.4408323021593545,1.4408323021593545
2024-02-10 16:00:00,1.9042475041144389,1.9042475041144389
2024-02-10 17:00:00,1.48406770984877,1.48406770984877
2024-02-10 18:00:00,2.0495405572909347,2.0495405572909347
2024-02-10 19:00:00,2.2404549362926502,2.2404549362926502
2024-02-10 20:00:00,2.2076223927437906,2.2076223927437906
2024-02-10 21:00:00,2.17595675687232,2.17595675687232
2024-02-10 22:00:00,0.0,0.0
2024-02-10 23:00:00,0.0,0.0
2024-02-11 00:00:00,0.0,0.0
2024-02-11 01:00:00,0.0,0.0
2024-02-11 02:00:00,0.0,0.0
2024-02-11 03:00:00,0.0,0.0
2024-02-11 04:00:00,0.0,0.0
2024-02-11 05:00:00,0.0,0.0
2024-02-11 06:00:00,0.0,0.0
2024-02-11 07:00:00,0.0,0.0
2024-02-11 08:00:00,0.0,0.0
2024-02-11 09:00:00,0.0,0.0
2024-02-11 10:00:00,0.06443685836796585,0.06443685836796585
2024-02-11 11:00:00,0.26966765980650526,0.26966765980650526
2024-02-11 12:00:00,0.5302779830675357,0.5302779830675357
2024-02-11 13:00:00,0.7978688357436645,0.7978688357436645
2024-02-11 14:00:00,1.024013316239329,1.024013316239329
2024-02-11 15:00:00,1.48911012919299,1.48911012919299
2024-02-11 16:00:00,1.8718139843616846,1.8718139843616846
2024-02-11 17:00:00,1.871793174125179,1.871793174125179
2024-02-11 18:00:00,1.8464348047944705,1.8464348047944705
2024-02-11 19:00:00,1.9697528041178711,1.9697528041178711
2024-02-11 20:00:00,1.9360525746873098,1.9360525746873098
2024-02-11 21:00:00,2.1296855348748958,2.1296855348748958
2024-02-11 22:00:00,0.0,0.0
2024-02-11 23:00:00,0.0,0.0
2024-02-12 00:00:00,0.0,0.0
2024-02-12 01:00:00,0.0,0.0
2024-02-12 02:00:00,0.0,0.0
2024-02-12 03:00:00,0.0,0.0
2024-02-12 04:00:00,0.0,0.0
2024-02-12 05:00:00,0.0,0.0
2024-02-12 06:00:00,0.0,0.0
2024-02-12 07:00:00,0.0,0.0
2024-02-12 08:00:00,0.0,0.0
2024-02-12 09:00:00,0.0,0.0
2024-02-12 10:00:00,0.10615848113103711,0.10615848113103711
2024-02-12 11:00:00,0.3903875138039033,0.3903875138039033
2024-02-12 12:00:00,0.8513460797551312,0.8513460797551312
2024-02-12 13:00:00,1.292040100312702,1.292040100312702
2024-02-12 14:00:00,2.0263171312808934,2.0263171312808934
2024-02-12 15:00:00,2.0894700087005256,2.0894700087005256
2024-02-12 16:00:00,2.8684188372400437,2.8684188372400437
2024-02-12 17:00:00,2.3236583099505657,2.3236583099505657
2024-02-12 18:00:00,3.179422794554653,3.179422794554653
2024-02-12 19:00:00,3.5124084536627134,3.5124084536627134
2024-02-12 20:00:00,3.341880996820011,3.341880996820011
2024-02-12 21:00:00,2.9364004011877056,2.9364004011877056
2024-02-12 22:00:00,0.0,0.0
2024-02-12 23:00:00,0.0,0.0
2024-02-13 00:00:00,0.0,0.0
2024-02-13 01:00:00,0.0,0.0
2024-02-13 02:00:00,0.0,0.0
2024-02-13 03:00:00,0.0,0.0
2024-02-13 04:00:00,0.0,0.0
2024-02-13 05:00:00,0.0,0.0
2024-02-13 06:00:00,0.0,0.0
2024-02-13 07:00:00,0.0,0.0
2024-02-13 08:00:00,0.0,0.0
2024-02-13 09:00:00,0.0,0.0
2024-02-13 10:00:00,0.1035061200650265,0.1035061200650265
2024-02-13 11:00:00,0.42413484084712294,0.42413484084712294
2024-02-13 12:00:00,0.7611334638672164,0.7611334638672164
2024-02-13 13:00:00,1.2576009540478417,1.2576009540478417
2024-02-13 14:00:00,1.525535237756524,1.525535237756524
2024-02-13 15:00:00,2.0975609540599365,2.0975609540599365
2024-02-13 16:00:00,2.3752721832885775,2.3752721832885775
2024-02-13 17:00:00,2.3463051712934693,2.3463051712934693
2024-02-13 18:00:00,3.1373493888165593,3.1373493888165593
2024-02-13 19:00:00,2.8664190061905646,2.8664190061905646
2024-02-13 20:00:00,2.763958936888252,2.763958936888252
2024-02-13 21:00:00,3.0511195865547016,3.0511195865547016
2024-02-13 22:00:00,0.0,0.0
2024-02-13 23:00:00,0.0,0.0
2024-02-14 00:00:00,0.0,0.0
2024-02-14 01:00:00,0.0,0.0
2024-02-14 02:00:00,0.0,0.0
2024-02-14 03:00:00,0.0,0.0
2024-02-14 04:00:00,0.0,0.0
2024-02-14 05:00:00,0.0,0.0
2024-02-14 06:00:00,0.0,0.0
2024-02-14 07:00:00,0.0,0.0
2024-02-14 08:00:00,0.0,0.0
2024-02-14 09:00:00,0.0,0.0
2024-02-14 10:00:00,0.08755819695437793,0.08755819695437793
2024-02-14 11:00:00,0.38069757402752924,0.38069757402752924
2024-02-14 12:00:00,0.80856166075203,0.80856166075203
2024-02-14 13:00:00,1.3628979356440492,1.3628979356440492
2024-02-14 14:00:00,1.3468323139471852,1.3468323139471852
2024-02-14 15:00:00,1.6749689539622374,1.6749689539622374
2024-02-14 16:00:00,2.5767726833159195,2.5767726833159195
2024-02-14 17:00:00,2.2022785258753035,2.2022785258753035
2024-02-14 18:00:00,3.188943501433633,3.188943501433633
2024-02-14 19:00:00,2.8887460077861196,2.8887460077861196
2024-02-14 20:00:00,2.492994842929786,2.492994842929786
2024-02-14 21:00:00,2.864870513776288,2.864870513776288
2024-02-14 22:00:00,0.0,0.0
2024-02-14 23:00:00,0.0,0.0
2024-02-15 00:00:00,0.0,0.0
2024-02-15 01:00:00,0.0,0.0
2024-02-15 02:00:00,0.0,0.0
2024-02-15 03:00:00,0.0,0.0
2024-02-15 04:00:00,0.0,0.0
2024-02-15 05:00:00,0.0,0.0
2024-02-15 06:00:00,0.0,0.0
2024-02-15 07:00:00,0.0,0.0
2024-02-15 08:00:00,0.0,0.0
2024-02-15 09:00:00,0.0,0.0
2024-02-15 10:00:00,0.09929616795189168,0.09929616795189168
2024-02-15 11:00:00,0.40261680700143715,0.40261680700143715
2024-02-15 12:00:00,0.6941562115166564,0.6941562115166564
2024-02-15 13:00:00,1.4040092346708062,1.4040092346708062
2024-02-15 14:00:00,1.657106588215905,1.657106588215905
2024-02-15 15:00:00,2.2877195166421678,2.2877195166421678
2024-02-15 16:00:00,2.921123395876941,2.921123395876941
2024-02-15 17:00:00,2.9062553691753275,2.9062553691753275
2024-02-15 18:00:00,3.124224490885128,3.124224490885128
2024-02-15 19:00:00,2.921230091263757,2.921230091263757
2024-02-15 20:00:00,3.3985753620030272,3.3985753620030272
2024-02-15 21:00:00,3.183779114699905,3.183779114699905
2024-02-15 22:00:00,0.0,0.0
2024-02-15 23:00:00,0.0,0.0
2024-02-16 00:00:00,0.0,0.0
2024-02-16 01:00:00,0.0,0.0
2024-02-16 02:00:00,0.0,0.0
2024-02-16 03:00:00,0.0,0.0
2024-02-16 04:00:00,0.0,0.0
2024-02-16 05:00:00,0.0,0.0
2024-02-16 06:00:00,0.0,0.0
2024-02-16 07:00:00,0.0,0.0
2024-02-16 08:00:00,0.0,0.0
2024-02-16 09:00:00,0.0,0.0
2024-02-16 10:00:00,0.09656467045404143,0.09656467045404143
2024-02-16 11:00:00,0.41532823902041005,0.41532823902041005
2024-02-16 12:00:00,0.6638461571495885,0.6638461571495885
2024-02-16 13:00:00,1.0971279969542336,1.0971279969542336
2024-02-16 14:00:00,1.7657545192406963,1.7657545192406963
2024-02-16 15:00:00,2.123555380553467,2.123555380553467
2024-02-16 16:00:00,2.470299604368826,2.470299604368826
2024-02-16 17:00:00,2.6699110558984143,2.6699110558984143
2024-02-16 18:00:00,2.585538368220873,2.585538368220873
2024-02-16 19:00:00,2.7472368622202765,2.7472368622202765
2024-02-16 20:00:00,3.114317170168917,3.114317170168917
2024-02-16 21:00:00,2.488541620782641,2.488541620782641
2024-02-16 22:00:00,0.0,0.0
2024-02-16 23:00:00,0.0,0.0
2024-02-17 00:00:00,0.0,0.0
2024-02-17 01:00:00,0.0,0.0
2024-02-17 02:00:00,0.0,0.0
2024-02-17 03:00:00,0.0,0.0
2024-02-17 04:00:00,0.0,0.0
2024-02-17 05:00:00,0.0,0.0
2024-02-17 06:00:00,0.0,0.0
2024-02-17 07:00:00,0.0,0.0
2024-02-17 08:00:00,0.0,0.0
2024-02-17 09:00:00,0.0,0.0
2024-02-17 10:00:00,0.06989272323112748,0.06989272323112748
2024-02-17 11:00:00,0.3390448204819194,0.3390448204819194
2024-02-17 12:00:00,0.5128961495263527,0.5128961495263527
2024-02-17 13:00:00,1.0020484845191073,1.0020484845191073
2024-02-17 14:00:00,1.224629759969251,1.224629759969251
2024-02-17 15:00:00,1.4626536569996647,1.4626536569996647
2024-02-17 16:00:00,2.12058424370632,2.12058424370632
2024-02-17 17:00:00,2.1734305462287704,2.1734305462287704
2024-02-17 18:00:00,2.556416514588366,2.556416514588366
2024-02-17 19:00:00,2.0102226166871713,2.0102226166871713
2024-02-17 20:00:00,2.0791462572493935,2.0791462572493935
2024-02-17 21:00:00,2.193148290344121,2.193148290344121
2024-02-17 22:00:00,0.0,0.0
2024-02-17 23:00:00,0.0,0.0
2024-02-18 00:00:00,0.0,0.0
2024-02-18 01:00:00,0.0,0.0
2024-02-18 02:00:00,0.0,0.0
2024-02-18 03:00:00,0.0,0.0
2024-02-18 04:00:00,0.0,0.0
2024-02-18 05:00:00,0.0,0.0
2024-02-18 06:00:00,0.0,0.0
2024-02-18 07:00:00,0.0,0.0
2024-02-18 08:00:00,0.0,0.0
2024-02-18 09:00:00,0.0,0.0
2024-02-18 10:00:00,0.07714400831891217,0.07714400831891217
2024-02-18 11:00:00,0.2933589915395848,0.2933589915395848
2024-02-18 12:00:00,0.5416512994206608,0.5416512994206608
2024-02-18 13:00:00,0.8694088491836477,0.8694088491836477
2024-02-18 14:00:00,1.2201931497592993,1.2201931497592993
2024-02-18 15:00:00,1.3910251908350533,1.3910251908350533
2024-02-18 16:00:00,1.8934889427346768,1.8934889427346768
2024-02-18 17:00:00,1.952062810342824,1.952062810342824
2024-02-18 18:00:00,1.9492126734329425,1.9492126734329425
2024-02-18 19:00:00,1.835416238970263,1.835416238970263
2024-02-18 20:00:00,2.0207716827343254,2.0207716827343254
2024-02-18 21:00:00,2.2835983314204897,2.2835983314204897
2024-02-18 22:00:00,0.0,0.0
2024-02-18 23:00:00,0.0,0.0
2024-02-19 00:00:00,0.0,0.0
2024-02-19 01:00:00,0.0,0.0
2024-02-19 02:00:00,0.0,0.0
2024-02-19 03:00:00,0.0,0.0
2024-02-19 04:00:00,0.0,0.0
2024-02-19 05:00:00,0.0,0.0
2024-02-19 06:00:00,0.0,0.0
2024-02-19 07:00:00,0.0,0.0
2024-02-19 08:00:00,0.0,0.0
2024-02-19 09:00:00,0.0,0.0
2024-02-19 10:00:00,0.09776587385931215,0.09776587385931215
2024-02-19 11:00:00,0.4292895324995514,0.4292895324995514
2024-02-19 12:00:00,0.7726266887210871,0.7726266887210871
2024-02-19 13:00:00,1.2682541216741257,1.2682541216741257
2024-02-19 14:00:00,2.0492533665523767,2.0492533665523767
2024-02-19 15:00:00,2.125954438942991,2.125954438942991
2024-02-19 16:00:00,2.7158164681283896,2.7158164681283896
2024-02-19 17:00:00,2.450851233250562,2.450851233250562
2024-02-19 18:00:00,3.2724734359801846,3.2724734359801846
2024-02-19 19:00:00,3.0606591062548154,3.0606591062548154
2024-02-19 20:00:00,3.485970236371374,3.485970236371374
2024-02-19 21:00:00,2.839838453616423,2.839838453616423
2024-02-19 22:00:00,0.0,0.0
2024-02-19 23:00:00,0.0,0.0
2024-02-20 00:00:00,0.0,0.0
2024-02-20 01:00:00,0.0,0.0
2024-02-20 02:00:00,0.0,0.0
2024-02-20 03:00:00,0.0,0.0
2024-02-20 04:00:00,0.0,0.0
2024-02-20 05:00:00,0.0,0.0
2024-02-20 06:00:00,0.0,0.0
2024-02-20 07:00:00,0.0,0.0
2024-02-20 08:00:00,0.0,0.0
2024-02-20 09:00:00,0.0,0.0
2024-02-20 10:00:00,0.08876063631754479,0.08876063631754479
2024-02-20 11:00:00,0.3552225181327216,0.3552225181327216
2024-02-20 12:00:00,0.8285722681592512,0.8285722681592512
2024-02-20 13:00:00,1.2435110430393275,1.2435110430393275
2024-02-20 14:00:00,1.7231396564499886,1.7231396564499886
2024-02-20 15:00:00,1.7278820347235824,1.7278820347235824
2024-02-20 16:00:00,2.765884422912262,2.765884422912262
2024-02-20 17:00:00,2.412472028870511,2.412472028870511
2024-02-20 18:00:00,2.9118909733157374,2.9118909733157374
2024-02-20 19:00:00,3.2070896603391064,3.2070896603391064
2024-02-20 20:00:00,2.776323249321349,2.776323249321349
2024-02-20 21:00:00,2.5766308315615283,2.5766308315615283
2024-02-20 22:00:00,0.0,0.0
2024-02-20 23:00:00,0.0,0.0
2024-02-21 00:00:00,0.0,0.0
2024-02-21 01:00:00,0.0,0.0
2024-02-21 02:00:00,0.0,0.0
2024-02-21 03:00:00,0.0,0.0
2024-02-21 04:00:00,0.0,0.0
2024-02-21 05:00:00,0.0,0.0
2024-02-21 06:00:00,0.0,0.0
2024-02-21 07:00:00,0.0,0.0
2024-02-21 08:00:00,0.0,0.0
2024-02-21 09:00:00,0.0,0.0
2024-02-21 10:00:00,0.09274899474875367,0.09274899474875367
2024-02-21 11:00:00,0.37293695279916544,0.37293695279916544
2024-02-21 12:00:00,0.7541672003934311,0.7541672003934311
2024-02-21 13:00:00,1.2999129924931208,1.2999129924931208
2024-02-21 14:00:00,1.6351370950476336,1.6351370950476336
2024-02-21 15:00:00,2.105470711601945,2.105470711601945
2024-02-21 16:00:00,2.5763027535616083,2.5763027535616083
2024-02-21 17:00:00,2.3934932777949323,2.3934932777949323
2024-02-21 18:00:00,2.9162439915563536,2.9162439915563536
2024-02-21 19:00:00,2.8380118827493725,2.8380118827493725
2024-02-21 20:00:00,2.6508510586142187,2.6508510586142187
2024-02-21 21:00:00,2.507096480314105,2.507096480314105
2024-02-21 22:00:00,0.0,0.0
2024-02-21 23:00:00,0.0,0.0
2024-02-22 00:00:00,0.0,0.0
2024-02-22 01:00:00,0.0,0.0
2024-02-22 02:00:00,0.0,0.0
2024-02-22 03:00:00,0.0,0.0
2024-02-22 04:00:00,0.0,0.0
2024-02-22 05:00:00,0.0,0.0
2024-02-22 06:00:00,0.0,0.0
2024-02-22 07:00:00,0.0,0.0
2024-02-22 08:00:00,0.0,0.0
2024-02-22 09:00:00,0.0,0.0
2024-02-22 10:00:00,0.10567338403498386,0.10567338403498386
2024-02-22 11:00:00,0.3934909083260492,0.3934909083260492
2024-02-22 12:00:00,0.6372556794997858,0.6372556794997858
2024-02-22 13:00:00,1.073330463126294,1.073330463126294
2024-02-22 14:00:00,1.705078295558051,1.705078295558051
2024-02-22 15:00:00,2.002287428083678,2.002287428083678
2024-02-22 16:00:00,2.126805821867396,2.126805821867396
2024-02-22 17:00:00,2.6543123051478257,2.6543123051478257
2024-02-22 18:00:00,3.3060761619968737,3.3060761619968737
2024-02-22 19:00:00,2.877098836544998,2.877098836544998
2024-02-22 20:00:00,2.920834130459009,2.920834130459009
2024-02-22 21:00:00,2.3204243354813197,2.3204243354813197
2024-02-22 22:00:00,0.0,0.0
2024-02-22 23:00:00,0.0,0.0
2024-02-23 00:00:00,0.0,0.0
2024-02-23 01:00:00,0.0,0.0
2024-02-23 02:00:00,0.0,0.0
2024-02-23 03:00:00,0.0,0.0
2024-02-23 04:00:00,0.0,0.0
2024-02-23 05:00:00,0.0,0.0
2024-02-23 06:00:00,0.0,0.0
2024-02-23 07:00:00,0.0,0.0
2024-02-23 08:00:00,0.0,0.0
2024-02-23 09:00:00,0.0,0.0
2024-02-23 10:00:00,0.09693555656086211,0.09693555656086211
2024-02-23 11:00:00,0.4509415370261234,0.4509415370261234
2024-02-23 12:00:00,0.9508217131163997,0.9508217131163997
2024-02-23 13:00:00,1.367785559388446,1.367785559388446
2024-02-23 14:00:00,1.6245818303349535,1.6245818303349535
2024-02-23 15:00:00,2.4514072587178455,2.4514072587178455
2024-02-23 16:00:00,2.812688546199059,2.812688546199059
2024-02-23 17:00:00,2.8766681279034003,2.8766681279034003
2024-02-23 18:00:00,3.904910571679749,3.904910571679749
2024-02-23 19:00:00,3.391669208971277,3.391669208971277
2024-02-23 20:00:00,3.291157164417169,3.291157164417169
2024-02-23 21:00:00,2.987272711155409,2.987272711155409
2024-02-23 22:00:00,0.0,0.0
2024-02-23 23:00:00,0.0,0.0
2024-02-24 00:00:00,0.0,0.0
2024-02-24 01:00:00,0.0,0.0
2024-02-24 02:00:00,0.0,0.0
2024-02-24 03:00:00,0.0,0.0
2024-02-24 04:00:00,0.0,0.0
2024-02-24 05:00:00,0.0,0.0
2024-02-24 06:00:00,0.0,0.0
2024-02-24 07:00:00,0.0,0.0
2024-02-24 08:00:00,0.0,0.0
2024-02-24 09:00:00,0.0,0.0
2024-02-24 10:00:00,0.06984780546172088,0.06984780546172088
2024-02-24 11:00:00,0.3079669941868849,0.3079669941868849
2024-02-24 12:00:00,0.49917202725167925,0.49917202725167925
2024-02-24 13:00:00,0.9527358105360395,0.9527358105360395
2024-02-24 14:00:00,1.2597447805421969,1.2597447805421969
2024-02-24 15:00:00,1.3901647249953728,1.3901647249953728
2024-02-24 16:00:00,1.710456511698878,1.710456511698878
2024-02-24 17:00:00,1.7348671041792807,1.7348671041792807
2024-02-24 18:00:00,2.205170804690567,2.205170804690567
2024-02-24 19:00:00,1.9587235945647348,1.9587235945647348
2024-02-24 20:00:00,2.5895284261805367,2.5895284261805367
2024-02-24 21:00:00,2.0478285962523755,2.0478285962523755
2024-02-24 22:00:00,0.0,0.0
2024-02-24 23:00:00,0.0,0.0
2024-02-25 00:00:00,0.0,0.0
2024-02-25 01:00:00,0.0,0.0
2024-02-25 02:00:00,0.0,0.0
2024-02-25 03:00:00,0.0,0.0
2024-02-25 04:00:00,0.0,0.0
2024-02-25 05:00:00,0.0,0.0
2024-02-25 06:00:00,0.0,0.0
2024-02-25 07:00:00,0.0,0.0
2024-02-25 08:00:00,0.0,0.0
2024-02-25 09:00:00,0.0,0.0
2024-02-25 10:00:00,0.06947029680895707,0.06947029680895707
2024-02-25 11:00:00,0.25231464459797803,0.25231464459797803
2024-02-25 12:00:00,0.5855421967488826,0.5855421967488826
2024-02-25 13:00:00,0.7508124535594228,0.7508124535594228
2024-02-25 14:00:00,1.2765223924849736,1.2765223924849736
2024-02-25 15:00:00,1.5105167962787862,1.5105167962787862
2024-02-25 16:00:00,1.53155540240873,1.53155540240873
2024-02-25 17:00:00,1.4984266043802301,1.4984266043802301
2024-02-25 18:00:00,2.296457055633633,2.296457055633633
2024-02-25 19:00:00,1.8025502485929232,1.8025502485929232
2024-02-25 20:00:00,2.081228459952862,2.081228459952862
2024-02-25 21:00:00,2.138756403091354,2.138756403091354
2024-02-25 22:00:00,0.0,0.0
2024-02-25 23:00:00,0.0,0.0
2024-02-26 00:00:00,0.0,0.0
2024-02-26 01:00:00,0.0,0.0
2024-02-26 02:00:00,0.0,0.0
2024-02-26 03:00:00,0.0,0.0
2024-02-26 04:00:00,0.0,0.0
2024-02-26 05:00:00,0.0,0.0
2024-02-26 06:00:00,0.0,0.0
2024-02-26 07:00:00,0.0,0.0
2024-02-26 08:00:00,0.0,0.0
2024-02-26 09:00:00,0.0,0.0
2024-02-26 10:00:00,0.11237331009715107,0.11237331009715107
2024-02-26 11:00:00,0.44455919555867507,0.44455919555867507
2024-02-26 12:00:00,0.8895111913603188,0.8895111913603188
2024-02-26 13:00:00,1.1604527582963384,1.1604527582963384
2024-02-26 14:00:00,1.8471545536913752,1.8471545536913752
2024-02-26 15:00:00,2.089663680492597,2.089663680492597
2024-02-26 16:00:00,2.634023990449021,2.634023990449021
2024-02-26 17:00:00,2.9050790303878804,2.9050790303878804
2024-02-26 18:00:00,3.580286186719667,3.580286186719667
2024-02-26 19:00:00,3.206641599331029,3.206641599331029
2024-02-26 20:00:00,3.0795780332619116,3.0795780332619116
2024-02-26 21:00:00,2.8204688641723714,2.8204688641723714
2024-02-26 22:00:00,0.0,0.0
2024-02-26 23:00:00,0.0,0.0
2024-02-27 00:00:00,0.0,0.0
2024-02-27 01:00:00,0.0,0.0
2024-02-27 02:00:00,0.0,0.0
2024-02-27 03:00:00,0.0,0.0
2024-02-27 04:00:00,0.0,0.0
2024-02-27 05:00:00,0.0,0.0
2024-02-27 06:00:00,0.0,0.0
2024-02-27 07:00:00,0.0,0.0
2024-02-27 08:00:00,0.0,0.0
2024-02-27 09:00:00,0.0,0.0
2024-02-27 10:00:00,0.08906164478311082,0.08906164478311082
2024-02-27 11:00:00,0.40069713706968446,0.40069713706968446
2024-02-27 12:00:00,0.87820724234079,0.87820724234079
2024-02-27 13:00:00,1.4775978273594756,1.4775978273594756
2024-02-27 14:00:00,1.5455095426441305,1.5455095426441305
2024-02-27 15:00:00,1.7632907596313396,1.7632907596313396
2024-02-27 16:00:00,2.3046841858682034,2.3046841858682034
2024-02-27 17:00:00,2.2302800866690142,2.2302800866690142
2024-02-27 18:00:00,2.8186677160417672,2.8186677160417672
2024-02-27 19:00:00,3.0497793176906236,3.0497793176906236
2024-02-27 20:00:00,3.440793254110888,3.440793254110888
2024-02-27 21:00:00,2.8584863598549917,2.8584863598549917
2024-02-27 22:00:00,0.0,0.0
2024-02-27 23:00:00,0.0,0.0
2024-02-28 00:00:00,0.0,0.0
2024-02-28 01:00:00,0.0,0.0
2024-02-28 02:00:00,0.0,0.0
2024-02-28 03:00:00,0.0,0.0
2024-02-28 04:00:00,0.0,0.0
2024-02-28 05:00:00,0.0,0.0
2024-02-28 06:00:00,0.0,0.0
2024-02-28 07:00:00,0.0,0.0
2024-02-28 08:00:00,0.0,0.0
2024-02-28 09:00:00,0.0,0.0
2024-02-28 10:00:00,0.10668478512381976,0.10668478512381976
2024-02-28 11:00:00,0.3910410708613038,0.3910410708613038
2024-02-28 12:00:00,0.7962768426428417,0.7962768426428417
2024-02-28 13:00:00,1.4650253621461982,1.4650253621461982
2024-02-28 14:00:00,1.9129019272228258,1.9129019272228258
2024-02-28 15:00:00,2.1663939996303876,2.1663939996303876
2024-02-28 16:00:00,2.5601702672013986,2.5601702672013986
2024-02-28 17:00:00,2.966276117401756,2.966276117401756
2024-02-28 18:00:00,3.027916921059089,3.027916921059089
2024-02-28 19:00:00,3.662428932276988,3.662428932276988
2024-02-28 20:00:00,3.007335436212621,3.007335436212621
2024-02-28 21:00:00,2.7024569917285146,2.7024569917285146
2024-02-28 22:00:00,0.0,0.0
2024-02-28 23:00:00,0.0,0.0
2024-02-29 00:00:00,0.0,0.0
2024-02-29 01:00:00,0.0,0.0
2024-02-29 02:00:00,0.0,0.0
2024-02-29 03:00:00,0.0,0.0
2024-02-29 04:00:00,0.0,0.0
2024-02-29 05:00:00,0.0,0.0
2024-02-29 06:00:00,0.0,0.0
2024-02-29 07:00:00,0.0,0.0
2024-02-29 08:00:00,0.0,0.0
2024-02-29 09:00:00,0.0,0.0
2024-02-29 10:00:00,0.11397298884519609,0.11397298884519609
2024-02-29 11:00:00,0.40452885926093646,0.40452885926093646
2024-02-29 12:00:00,0.8897533421753531,0.8897533421753531
2024-02-29 13:00:00,1.3136891495652678,1.3136891495652678
2024-02-29 14:00:00,1.491636996849748,1.491636996849748
2024-02-29 15:00:00,2.2895637675467184,2.2895637675467184
2024-02-29 16:00:00,2.7503789661844382,2.7503789661844382
2024-02-29 17:00:00,2.8498313298610864,2.8498313298610864
2024-02-29 18:00:00,3.1079826086963798,3.1079826086963798
2024-02-29 19:00:00,3.1862017469955046,3.1862017469955046
2024-02-29 20:00:00,3.469998613424335,3.469998613424335
2024-02-29 21:00:00,3.0081627230023185,3.0081627230023185
2024-02-29 22:00:00,0.0,0.0
2024-02-29 23:00:00,0.0,0.0
2024-03-01 00:00:00,0.0,0.0
2024-03-01 01:00:00,0.0,0.0
2024-03-01 02:00:00,0.0,0.0
2024-03-01 03:00:00,0.0,0.0
2024-03-01 04:00:00,0.0,0.0
2024-03-01 05:00:00,0.0,0.0
2024-03-01 06:00:00,0.0,0.0
2024-03-01 07:00:00,0.0,0.0
2024-03-01 08:00:00,0.0,0.0
2024-03-01 09:00:00,0.0,0.0
2024-03-01 10:00:00,0.09354525260329254,0.09354525260329254
2024-03-01 11:00:00,0.4377126784912813,0.4377126784912813
2024-03-01 12:00:00,0.882006688040318,0.882006688040318
2024-03-01 13:00:00,1.5284572279589614,1.5284572279589614
2024-03-01 14:00:00,1.6533716509462428,1.6533716509462428
2024-03-01 15:00:00,1.9041971471999022,1.9041971471999022
2024-03-01 16:00:00,3.0914155745462284,3.0914155745462284
2024-03-01 17:00:00,2.4322622996448127,2.4322622996448127
2024-03-01 18:00:00,2.9827164934759747,2.9827164934759747
2024-03-01 19:00:00,2.961783058850234,2.961783058850234
2024-03-01 20:00:00,3.265960920976061,3.265960920976061
2024-03-01 21:00:00,3.332214479130241,3.332214479130241
2024-03-01 22:00:00,0.0,0.0
2024-03-01 23:00:00,0.0,0.0
2024-03-02 00:00:00,0.0,0.0
2024-03-02 01:00:00,0.0,0.0
2024-03-02 02:00:00,0.0,0.0
2024-03-02 03:00:00,0.0,0.0
2024-03-02 04:00:00,0.0,0.0
2024-03-02 05:00:00,0.0,0.0
2024-03-02 06:00:00,0.0,0.0
2024-03-02 07:00:00,0.0,0.0
2024-03-02 08:00:00,0.0,0.0
2024-03-02 09:00:00,0.0,0.0
2024-03-02 10:00:00,0.07198879585824718,0.07198879585824718
2024-03-02 11:00:00,0.2923637033986795,0.2923637033986795
2024-03-02 12:00:00,0.5799701657183898,0.5799701657183898
2024-03-02 13:00:00,0.8682481412344262,0.8682481412344262
2024-03-02 14:00:00,1.2552276976209342,1.2552276976209342
2024-03-02 15:00:00,1.2831234119204278,1.2831234119204278
2024-03-02 16:00:00,1.6816300524759256,1.6816300524759256
2024-03-02 17:00:00,1.5811518408226415,1.5811518408226415
2024-03-02 18:00:00,2.0962076741866706,2.0962076741866706
2024-03-02 19:00:00,1.9729656617411466,1.9729656617411466
2024-03-02 20:00:00,1.9268463284090138,1.9268463284090138
2024-03-02 21:00:00,2.0745714496644014,2.0745714496644014
2024-03-02 22:00:00,0.0,0.0
2024-03-02 23:00:00,0.0,0.0
2024-03-03 00:00:00,0.0,0.0
2024-03-03 01:00:00,0.0,0.0
2024-03-03 02:00:00,0.0,0.0
2024-03-03 03:00:00,0.0,0.0
2024-03-03 04:00:00,0.0,0.0
2024-03-03 05:00:00,0.0,0.0
2024-03-03 06:00:00,0.0,0.0
2024-03-03 07:00:00,0.0,0.0
2024-03-03 08:00:00,0.0,0.0
2024-03-03 09:00:00,0.0,0.0
2024-03-03 10:00:00,0.0681745661577297,0.0681745661577297
2024-03-03 11:00:00,0.30192211692592313,0.30192211692592313
2024-03-03 12:00:00,0.5908922188859251,0.5908922188859251
2024-03-03 13:00:00,0.952692446955225,0.952692446955225
2024-03-03 14:00:00,1.124176023127119,1.124176023127119
2024-03-03 15:00:00,1.2084351750494686,1.2084351750494686
2024-03-03 16:00:00,1.4900417272417288,1.4900417272417288
2024-03-03 17:00:00,1.7276622552615675,1.7276622552615675
2024-03-03 18:00:00,2.0992247312812196,2.0992247312812196
2024-03-03 19:00:00,1.9691732268314261,1.9691732268314261
2024-03-03 20:00:00,2.1178042307174283,2.1178042307174283
2024-03-03 21:00:00,1.9460614889089114,1.9460614889089114
2024-03-03 22:00:00,0.0,0.0
2024-03-03 23:00:00,0.0,0.0
2024-03-04 00:00:00,0.0,0.0
2024-03-04 01:00:00,0.0,0.0
2024-03-04 02:00:00,0.0,0.0
2024-03-04 03:00:00,0.0,0.0
2024-03-04 04:00:00,0.0,0.0
2024-03-04 05:00:00,0.0,0.0
2024-03-04 06:00:00,0.0,0.0
2024-03-04 07:00:00,0.0,0.0
2024-03-04 08:00:00,0.0,0.0
2024-03-04 09:00:00,0.0,0.0
2024-03-04 10:00:00,0.08958322326118183,0.08958322326118183
2024-03-04 11:00:00,0.39183899557508495,0.39183899557508495
2024-03-04 12:00:00,0.7043377549782803,0.7043377549782803
2024-03-04 13:00:00,1.1249193709501468,1.1249193709501468
2024-03-04 14:00:00,1.472930986314933,1.472930986314933
2024-03-04 15:00:00,1.7085489762534112,1.7085489762534112
2024-03-04 16:00:00,2.8193864281381305,2.8193864281381305
2024-03-04 17:00:00,2.406989415254933,2.406989415254933
2024-03-04 18:00:00,3.297331158281273,3.297331158281273
2024-03-04 19:00:00,3.0437264987814983,3.0437264987814983
2024-03-04 20:00:00,2.684438487766229,2.684438487766229
2024-03-04 21:00:00,2.4649222450685135,2.4649222450685135
2024-03-04 22:00:00,0.0,0.0
2024-03-04 23:00:00,0.0,0.0
2024-03-05 00:00:00,0.0,0.0
2024-03-05 01:00:00,0.0,0.0
2024-03-05 02:00:00,0.0,0.0
2024-03-05 03:00:00,0.0,0.0
2024-03-05 04:00:00,0.0,0.0
2024-03-05 05:00:00,0.0,0.0
2024-03-05 06:00:00,0.0,0.0
2024-03-05 07:00:00,0.0,0.0
2024-03-05 08:00:00,0.0,0.0
2024-03-05 09:00:00,0.0,0.0
2024-03-05 10:00:00,0.11655232290559338,0.11655232290559338
2024-03-05 11:00:00,0.47734795564388877,0.47734795564388877
2024-03-05 12:00:00,0.8280541130748535,0.8280541130748535
2024-03-05 13:00:00,1.5742483025824487,1.5742483025824487
2024-03-05 14:00:00,1.6973952622255388,1.6973952622255388
2024-03-05 15:00:00,1.921044410009803,1.921044410009803
2024-03-05 16:00:00,2.907082086886833,2.907082086886833
2024-03-05 17:00:00,3.2612565739617,3.2612565739617
2024-03-05 18:00:00,2.958160161895812,2.958160161895812
2024-03-05 19:00:00,3.0173693278137015,3.0173693278137015
2024-03-05 20:00:00,3.4077713225923607,3.4077713225923607
2024-03-05 21:00:00,3.419362537785141,3.419362537785141
2024-03-05 22:00:00,0.0,0.0
2024-03-05 23:00:00,0.0,0.0
2024-03-06 00:00:00,0.0,0.0
2024-03-06 01:00:00,0.0,0.0
2024-03-06 02:00:00,0.0,0.0
2024-03-06 03:00:00,0.0,0.0
2024-03-06 04:00:00,0.0,0.0
2024-03-06 05:00:00,0.0,0.0
2024-03-06 06:00:00,0.0,0.0
2024-03-06 07:00:00,0.0,0.0
2024-03-06 08:00:00,0.0,0.0
2024-03-06 09:00:00,0.0,0.0
2024-03-06 10:00:00,0.10131559812924194,0.10131559812924194
2024-03-06 11:00:00,0.4821347781088298,0.4821347781088298
2024-03-06 12:00:00,0.7695306337901707,0.7695306337901707
2024-03-06 13:00:00,1.4821082086627881,1.4821082086627881
2024-03-06 14:00:00,1.9377262591264748,1.9377262591264748
2024-03-06 15:00:00,1.923403804177676,1.923403804177676
2024-03-06 16:00:00,2.732625497564982,2.732625497564982
2024-03-06 17:00:00,2.505745431102351,2.505745431102351
2024-03-06 18:00:00,3.0138265401401507,3.0138265401401507
2024-03-06 19:00:00,3.1707453782192676,3.1707453782192676
2024-03-06 20:00:00,3.077016097242969,3.077016097242969
2024-03-06 21:00:00,3.301747275173543,3.301747275173543
2024-03-06 22:00:00,0.0,0.0
2024-03-06 23:00:00,0.0,0.0
2024-03-07 00:00:00,0.0,0.0
2024-03-07 01:00:00,0.0,0.0
2024-03-07 02:00:00,0.0,0.0
2024-03-07 03:00:00,0.0,0.0
2024-03-07 04:00:00,0.0,0.0
2024-03-07 05:00:00,0.0,0.0
2024-03-07 06:00:00,0.0,0.0
2024-03-07 07:00:00,0.0,0.0
2024-03-07 08:00:00,0.0,0.0
2024-03-07 09:00:00,0.0,0.0
2024-03-07 10:00:00,0.09873422975092389,0.09873422975092389
2024-03-07 11:00:00,0.4215613763846331,0.4215613763846331
2024-03-07 12:00:00,0.6910494295673649,0.6910494295673649
2024-03-07 13:00:00,1.4171021949526987,1.4171021949526987
2024-03-07 14:00:00,1.8073796998570593,1.8073796998570593
2024-03-07 15:00:00,2.1944528144605524,2.1944528144605524
2024-03-07 16:00:00,2.3012423522636385,2.3012423522636385
2024-03-07 17:00:00,2.1634724834501293,2.1634724834501293
2024-03-07 18:00:00,3.3560399927079643,3.3560399927079643
2024-03-07 19:00:00,2.7420190182688593,2.7420190182688593
2024-03-07 20:00:00,3.0898148277471487,3.0898148277471487
2024-03-07 21:00:00,2.9692225766040514,2.9692225766040514
2024-03-07 22:00:00,0.0,0.0
2024-03-07 23:00:00,0.0,0.0
2024-03-08 00:00:00,0.0,0.0
2024-03-08 01:00:00,0.0,0.0
2024-03-08 02:00:00,0.0,0.0
2024-03-08 03:00:00,0.0,0.0
2024-03-08 04:00:00,0.0,0.0
2024-03-08 05:00:00,0.0,0.0
2024-03-08 06:00:00,0.0,0.0
2024-03-08 07:00:00,0.0,0.0
2024-03-08 08:00:00,0.0,0.0
2024-03-08 09:00:00,0.0,0.0
2024-03-08 10:00:00,0.1082408950303622,0.1082408950303622
2024-03-08 11:00:00,0.44411215042716506,0.44411215042716506
2024-03-08 12:00:00,0.8848394788620542,0.8848394788620542
2024-03-08 13:00:00,1.3918766843290997,1.3918766843290997
2024-03-08 14:00:00,2.0265137269647835,2.0265137269647835
2024-03-08 15:00:00,2.548141987668271,2.548141987668271
2024-03-08 16:00:00,2.642298983721274,2.642298983721274
2024-03-08 17:00:00,3.0559747427806196,3.0559747427806196
2024-03-08 18:00:00,3.6335266325500863,3.6335266325500863
2024-03-08 19:00:00,3.345497127713492,3.345497127713492
2024-03-08 20:00:00,3.0862300813635657,3.0862300813635657
2024-03-08 21:00:00,3.4214281572995624,3.4214281572995624
2024-03-08 22:00:00,0.0,0.0
2024-03-08 23:00:00,0.0,0.0
2024-03-09 00:00:00,0.0,0.0
2024-03-09 01:00:00,0.0,0.0
2024-03-09 02:00:00,0.0,0.0
2024-03-09 03:00:00,0.0,0.0
2024-03-09 04:00:00,0.0,0.0
2024-03-09 05:00:00,0.0,0.0
2024-03-09 06:00:00,0.0,0.0
2024-03-09 07:00:00,0.0,0.0
2024-03-09 08:00:00,0.0,0.0
2024-03-09 09:00:00,0.0,0.0
2024-03-09 10:00:00,0.07116043273657323,0.07116043273657323
2024-03-09 11:00:00,0.3459376623620131,0.3459376623620131
2024-03-09 12:00:00,0.6565905515169694,0.6565905515169694
2024-03-09 13:00:00,0.9216517386554073,0.9216517386554073
2024-03-09 14:00:00,1.3756575099189567,1.3756575099189567
2024-03-09 15:00:00,1.4704601111758755,1.4704601111758755
2024-03-09 16:00:00,2.012387821645641,2.012387821645641
2024-03-09 17:00:00,2.0385374708020967,2.0385374708020967
2024-03-09 18:00:00,2.5849778652482835,2.5849778652482835
2024-03-09 19:00:00,1.9425932740666476,1.9425932740666476
2024-03-09 20:00:00,2.1267611198344,2.1267611198344
2024-03-09 21:00:00,2.27975429007765,2.27975429007765
2024-03-09 22:00:00,0.0,0.0
2024-03-09 23:00:00,0.0,0.0
2024-03-10 00:00:00,0.0,0.0
2024-03-10 01:00:00,0.0,0.0
2024-03-10 02:00:00,0.0,0.0
2024-03-10 03:00:00,0.0,0.0
2024-03-10 04:00:00,0.0,0.0
2024-03-10 05:00:00,0.0,0.0
2024-03-10 06:00:00,0.0,0.0
2024-03-10 07:00:00,0.0,0.0
2024-03-10 08:00:00,0.0,0.0
2024-03-10 09:00:00,0.0,0.0
2024-03-10 10:00:00,0.07271859135895987,0.07271859135895987
2024-03-10 11:00:00,0.24445430182292616,0.24445430182292616
2024-03-10 12:00:00,0.5252461010182555,0.5252461010182555
2024-03-10 13:00:00,0.9386539762430064,0.9386539762430064
2024-03-10 14:00:00,1.0387354127520394,1.0387354127520394
2024-03-10 15:00:00,1.2559605431970355,1.2559605431970355
2024-03-10 16:00:00,1.4789172395865915,1.4789172395865915
2024-03-10 17:00:00,1.9562598872983574,1.9562598872983574
2024-03-10 18:00:00,2.209786984418298,2.209786984418298
2024-03-10 19:00:00,2.0837778528322235,2.0837778528322235
2024-03-10 20:00:00,2.201855318680414,2.201855318680414
2024-03-10 21:00:00,1.91217282317331,1.91217282317331
2024-03-10 22:00:00,0.0,0.0
2024-03-10 23:00:00,0.0,0.0
2024-03-11 00:00:00,0.0,0.0
2024-03-11 01:00:00,0.0,0.0
2024-03-11 02:00:00,0.0,0.0
2024-03-11 03:00:00,0.0,0.0
2024-03-11 04:00:00,0.0,0.0
2024-03-11 05:00:00,0.0,0.0
2024-03-11 06:00:00,0.0,0.0
2024-03-11 07:00:00,0.0,0.0
2024-03-11 08:00:00,0.0,0.0
2024-03-11 09:00:00,0.0,0.0
2024-03-11 10:00:00,0.09207395389756232,0.09207395389756232
2024-03-11 11:00:00,0.38286833984187063,0.38286833984187063
2024-03-11 12:00:00,0.7157283035715419,0.7157283035715419
2024-03-11 13:00:00,1.203531898004091,1.203531898004091
2024-03-11 14:00:00,1.5368312953762195,1.5368312953762195
2024-03-11 15:00:00,2.457772210040915,2.457772210040915
2024-03-11 16:00:00,2.357472484769952,2.357472484769952
2024-03-11 17:00:00,2.3997835902666442,2.3997835902666442
2024-03-11 18:00:00,3.580393771842093,3.580393771842093
2024-03-11 19:00:00,3.215979781992225,3.215979781992225
2024-03-11 20:00:00,3.482652377329319,3.482652377329319
2024-03-11 21:00:00,3.0874594941129723,3.0874594941129723
2024-03-11 22:00:00,0.0,0.0
2024-03-11 23:00:00,0.0,0.0
2024-03-12 00:00:00,0.0,0.0
2024-03-12 01:00:00,0.0,0.0
2024-03-12 02:00:00,0.0,0.0
2024-03-12 03:00:00,0.0,0.0
2024-03-12 04:00:00,0.0,0.0
2024-03-12 05:00:00,0.0,0.0
2024-03-12 06:00:00,0.0,0.0
2024-03-12 07:00:00,0.0,0.0
2024-03-12 08:00:00,0.0,0.0
2024-03-12 09:00:00,0.0,0.0
2024-03-12 10:00:00,0.09478034626296511,0.09478034626296511
2024-03-12 11:00:00,0.43231565960982027,0.43231565960982027
2024-03-12 12:00:00,0.8825779195675213,0.8825779195675213
2024-03-12 13:00:00,1.1589641717163992,1.1589641717163992
2024-03-12 14:00:00,1.860055216280037,1.860055216280037
2024-03-12 15:00:00,1.9727617239029942,1.9727617239029942
2024-03-12 16:00:00,2.4161506947227815,2.4161506947227815
2024-03-12 17:00:00,2.7843560856016336,2.7843560856016336
2024-03-12 18:00:00,3.576861741735622,3.576861741735622
2024-03-12 19:00:00,2.8794333620190433,2.8794333620190433
2024-03-12 20:00:00,3.208607327111433,3.208607327111433
2024-03-12 21:00:00,2.719413158414022,2.719413158414022
2024-03-12 22:00:00,0.0,0.0
2024-03-12 23:00:00,0.0,0.0
2024-03-13 00:00:00,0.0,0.0
2024-03-13 01:00:00,0.0,0.0
2024-03-13 02:00:00,0.0,0.0
2024-03-13 03:00:00,0.0,0.0
2024-03-13 04:00:00,0.0,0.0
2024-03-13 05:00:00,0.0,0.0
2024-03-13 06:00:00,0.0,0.0
2024-03-13 07:00:00,0.0,0.0
2024-03-13 08:00:00,0.0,0.0
2024-03-13 09:00:00,0.0,0.0
2024-03-13 10:00:00,0.09982182570949992,0.09982182570949992
2024-03-13 11:00:00,0.44701582783776295,0.44701582783776295
2024-03-13 12:00:00,0.7473312287161372,0.7473312287161372
2024-03-13 13:00:00,1.4839690175492597,1.4839690175492597
2024-03-13 14:00:00,1.7774135421050279,1.7774135421050279
2024-03-13 15:00:00,2.2967684228205334,2.2967684228205334
2024-03-13 16:00:00,2.6648985049290745,2.6648985049290745
2024-03-13 17:00:00,2.680662263713373,2.680662263713373
2024-03-13 18:00:00,3.3576261216403354,3.3576261216403354
2024-03-13 19:00:00,3.5228297066884573,3.5228297066884573
2024-03-13 20:00:00,3.191049277897763,3.191049277897763
2024-03-13 21:00:00,2.978779337778803,2.978779337778803
2024-03-13 22:00:00,0.0,0.0
2024-03-13 23:00:00,0.0,0.0
2024-03-14 00:00:00,0.0,0.0
2024-03-14 01:00:00,0.0,0.0
2024-03-14 02:00:00,0.0,0.0
2024-03-14 03:00:00,0.0,0.0
2024-03-14 04:00:00,0.0,0.0
2024-03-14 05:00:00,0.0,0.0
2024-03-14 06:00:00,0.0,0.0
2024-03-14 07:00:00,0.0,0.0
2024-03-14 08:00:00,0.0,0.0
2024-03-14 09:00:00,0.0,0.0
2024-03-14 10:00:00,0.07729206712635046,0.07729206712635046
2024-03-14 11:00:00,0.36513980850489813,0.36513980850489813
2024-03-14 12:00:00,0.7844667936781883,0.7844667936781883
2024-03-14 13:00:00,1.2927048483409722,1.2927048483409722
2024-03-14 14:00:00,1.3484154699439825,1.3484154699439825
2024-03-14 15:00:00,1.9458692140785572,1.9458692140785572
2024-03-14 16:00:00,2.1545660322628057,2.1545660322628057
2024-03-14 17:00:00,2.7161889785427933,2.7161889785427933
2024-03-14 18:00:00,2.6103218806257784,2.6103218806257784
2024-03-14 19:00:00,2.8991352436552553,2.8991352436552553
2024-03-14 20:00:00,2.7126491029541393,2.7126491029541393
2024-03-14 21:00:00,2.754393898415799,2.754393898415799
2024-03-14 22:00:00,0.0,0.0
2024-03-14 23:00:00,0.0,0.0
2024-03-15 00:00:00,0.0,0.0
2024-03-15 01:00:00,0.0,0.0
2024-03-15 02:00:00,0.0,0.0
2024-03-15 03:00:00,0.0,0.0
2024-03-15 04:00:00,0.0,0.0
2024-03-15 05:00:00,0.0,0.0
2024-03-15 06:00:00,0.0,0.0
2024-03-15 07:00:00,0.0,0.0
2024-03-15 08:00:00,0.0,0.0
2024-03-15 09:00:00,0.0,0.0
2024-03-15 10:00:00,0.10800000310297915,0.10800000310297915
2024-03-15 11:00:00,0.44242954980032373,0.44242954980032373
2024-03-15 12:00:00,0.7570873005090634,0.7570873005090634
2024-03-15 13:00:00,1.3021977670453815,1.3021977670453815
2024-03-15 14:00:00,1.798342907603771,1.798342907603771
2024-03-15 15:00:00,2.228198661493726,2.228198661493726
2024-03-15 16:00:00,2.2664126196021974,2.2664126196021974
2024-03-15 17:00:00,2.5033640360714977,2.5033640360714977
2024-03-15 18:00:00,3.3000145803740035,3.3000145803740035
2024-03-15 19:00:00,2.7194276166840488,2.7194276166840488
2024-03-15 20:00:00,2.9077816240477676,2.9077816240477676
2024-03-15 21:00:00,3.132278485152645,3.132278485152645
2024-03-15 22:00:00,0.0,0.0
2024-03-15 23:00:00,0.0,0.0
2024-03-16 00:00:00,0.0,0.0
2024-03-16 01:00:00,0.0,0.0
2024-03-16 02:00:00,0.0,0.0
2024-03-16 03:00:00,0.0,0.0
2024-03-16 04:00:00,0.0,0.0
2024-03-16 05:00:00,0.0,0.0
2024-03-16 06:00:00,0.0,0.0
2024-03-16 07:00:00,0.0,0.0
2024-03-16 08:00:00,0.0,0.0
2024-03-16 09:00:00,0.0,0.0
2024-03-16 10:00:00,0.06445141831561907,0.06445141831561907
2024-03-16 11:00:00,0.26974191233178296,0.26974191233178296
2024-03-16 12:00:00,0.6402836269847287,0.6402836269847287
2024-03-16 13:00:00,0.9487507628599092,0.9487507628599092
2024-03-16 14:00:00,1.1498107891939628,1.1498107891939628
2024-03-16 15:00:00,1.6395993704041911,1.6395993704041911
2024-03-16 16:00:00,1.949840197567976,1.949840197567976
2024-03-16 17:00:00,1.6396377804133575,1.6396377804133575
2024-03-16 18:00:00,2.1869997684446396,2.1869997684446396
2024-03-16 19:00:00,2.01334940800047,2.01334940800047
2024-03-16 20:00:00,2.391115623611987,2.391115623611987
2024-03-16 21:00:00,1.9666399852622558,1.9666399852622558
2024-03-16 22:00:00,0.0,0.0
2024-03-16 23:00:00,0.0,0.0
2024-03-17 00:00:00,0.0,0.0
2024-03-17 01:00:00,0.0,0.0
2024-03-17 02:00:00,0.0,0.0
2024-03-17 03:00:00,0.0,0.0
2024-03-17 04:00:00,0.0,0.0
2024-03-17 05:00:00,0.0,0.0
2024-03-17 06:00:00,0.0,0.0
2024-03-17 07:00:00,0.0,0.0
2024-03-17 08:00:00,0.0,0.0
2024-03-17 09:00:00,0.0,0.0
2024-03-17 10:00:00,0.06362288119955423,0.06362288119955423
2024-03-17 11:00:00,0.3236732346502995,0.3236732346502995
2024-03-17 12:00:00,0.5705036185279986,0.5705036185279986
2024-03-17 13:00:00,0.8374239695546559,0.8374239695546559
2024-03-17 14:00:00,1.1065286181651657,1.1065286181651657
2024-03-17 15:00:00,1.546916449457845,1.546916449457845
2024-03-17 16:00:00,1.9873595013032492,1.9873595013032492
2024-03-17 17:00:00,1.9132495058224999,1.9132495058224999
2024-03-17 18:00:00,2.551084176719524,2.551084176719524
2024-03-17 19:00:00,2.159323111387694,2.159323111387694
2024-03-17 20:00:00,2.0836601611739263,2.0836601611739263
2024-03-17 21:00:00,2.032375191252319,2.032375191252319
2024-03-17 22:00:00,0.0,0.0
2024-03-17 23:00:00,0.0,0.0
2024-03-18 00:00:00,0.0,0.0
2024-03-18 01:00:00,0.0,0.0
2024-03-18 02:00:00,0.0,0.0
2024-03-18 03:00:00,0.0,0.0
2024-03-18 04:00:00,0.0,0.0
2024-03-18 05:00:00,0.0,0.0
2024-03-18 06:00:00,0.0,0.0
2024-03-18 07:00:00,0.0,0.0
2024-03-18 08:00:00,0.0,0.0
2024-03-18 09:00:00,0.0,0.0
2024-03-18 10:00:00,0.08972145330096022,0.08972145330096022
2024-03-18 11:00:00,0.3821372664328093,0.3821372664328093
2024-03-18 12:00:00,0.6666391793826435,0.6666391793826435
2024-03-18 13:00:00,1.0363968897131246,1.0363968897131246
2024-03-18 14:00:00,1.4303571325723077,1.4303571325723077
2024-03-18 15:00:00,1.8694211210478289,1.8694211210478289
2024-03-18 16:00:00,2.3285546356939655,2.3285546356939655
2024-03-18 17:00:00,2.1538299365715123,2.1538299365715123
2024-03-18 18:00:00,3.1638765378480884,3.1638765378480884
2024-03-18 19:00:00,3.1318746701145095,3.1318746701145095
2024-03-18 20:00:00,2.5906721642051553,2.5906721642051553
2024-03-18 21:00:00,2.9657990236695224,2.9657990236695224
2024-03-18 22:00:00,0.0,0.0
2024-03-18 23:00:00,0.0,0.0
2024-03-19 00:00:00,0.0,0.0
2024-03-19 01:00:00,0.0,0.0
2024-03-19 02:00:00,0.0,0.0
2024-03-19 03:00:00,0.0,0.0
2024-03-19 04:00:00,0.0,0.0
2024-03-19 05:00:00,0.0,0.0
2024-03-19 06:00:00,0.0,0.0
2024-03-19 07:00:00,0.0,0.0
2024-03-19 08:00:00,0.0,0.0
2024-03-19 09:00:00,0.0,0.0
2024-03-19 10:00:00,0.10572315951307247,0.10572315951307247
2024-03-19 11:00:00,0.45408435036884304,0.45408435036884304
2024-03-19 12:00:00,0.7756078264850761,0.7756078264850761
2024-03-19 13:00:00,1.5442741299259186,1.5442741299259186
2024-03-19 14:00:00,1.6320404296010045,1.6320404296010045
2024-03-19 15:00:00,2.4294011964999096,2.4294011964999096
2024-03-19 16:00:00,3.1667493472643993,3.1667493472643993
2024-03-19 17:00:00,2.836912636453889,2.836912636453889
2024-03-19 18:00:00,3.468067479817842,3.468067479817842
2024-03-19 19:00:00,3.1430425056314584,3.1430425056314584
2024-03-19 20:00:00,3.893374106653333,3.893374106653333
2024-03-19 21:00:00,3.3711623228309926,3.3711623228309926
2024-03-19 22:00:00,0.0,0.0
2024-03-19 23:00:00,0.0,0.0
2024-03-20 00:00:00,0.0,0.0
2024-03-20 01:00:00,0.0,0.0
2024-03-20 02:00:00,0.0,0.0
2024-03-20 03:00:00,0.0,0.0
2024-03-20 04:00:00,0.0,0.0
2024-03-20 05:00:00,0.0,0.0
2024-03-20 06:00:00,0.0,0.0
2024-03-20 07:00:00,0.0,0.0
2024-03-20 08:00:00,0.0,0.0
2024-03-20 09:00:00,0.0,0.0
2024-03-20 10:00:00,0.08703469923849154,0.08703469923849154
2024-03-20 11:00:00,0.40706570980881346,0.40706570980881346
2024-03-20 12:00:00,0.8588345911686979,0.8588345911686979
2024-03-20 13:00:00,1.1164025590017383,1.1164025590017383
2024-03-20 14:00:00,1.419313074324084,1.419313074324084
2024-03-20 15:00:00,2.0702550980061245,2.0702550980061245
2024-03-20 16:00:00,2.36224984807498,2.36224984807498
2024-03-20 17:00:00,2.1577706294315773,2.1577706294315773
2024-03-20 18:00:00,2.971203614263455,2.971203614263455
2024-03-20 19:00:00,3.102780844544384,3.102780844544384
2024-03-20 20:00:00,2.763861635500182,2.763861635500182
2024-03-20 21:00:00,2.5925850110824147,2.5925850110824147
2024-03-20 22:00:00,0.0,0.0
2024-03-20 23:00:00,0.0,0.0
2024-03-21 00:00:00,0.0,0.0
2024-03-21 01:00:00,0.0,0.0
2024-03-21 02:00:00,0.0,0.0
2024-03-21 03:00:00,0.0,0.0
2024-03-21 04:00:00,0.0,0.0
2024-03-21 05:00:00,0.0,0.0
2024-03-21 06:00:00,0.0,0.0
2024-03-21 07:00:00,0.0,0.0
2024-03-21 08:00:00,0.0,0.0
2024-03-21 09:00:00,0.0,0.0
2024-03-21 10:00:00,0.09944111967176081,0.09944111967176081
2024-03-21 11:00:00,0.38852846719026607,0.38852846719026607
2024-03-21 12:00:00,0.8332320472012814,0.8332320472012814
2024-03-21 13:00:00,1.3755177859711778,1.3755177859711778
2024-03-21 14:00:00,1.8450878022964552,1.8450878022964552
2024-03-21 15:00:00,2.0799725910766393,2.0799725910766393
2024-03-21 16:00:00,2.4148385858576735,2.4148385858576735
2024-03-21 17:00:00,2.8994408441807327,2.8994408441807327
2024-03-21 18:00:00,3.2602358681418795,3.2602358681418795
2024-03-21 19:00:00,3.4121542299966268,3.4121542299966268
2024-03-21 20:00:00,2.9517495110193828,2.9517495110193828
2024-03-21 21:00:00,2.63730366477744,2.63730366477744
2024-03-21 22:00:00,0.0,0.0
2024-03-21 23:00:00,0.0,0.0
2024-03-22 00:00:00,0.0,0.0
2024-03-22 01:00:00,0.0,0.0
2024-03-22 02:00:00,0.0,0.0
2024-03-22 03:00:00,0.0,0.0
2024-03-22 04:00:00,0.0,0.0
2024-03-22 05:00:00,0.0,0.0
2024-03-22 06:00:00,0.0,0.0
2024-03-22 07:00:00,0.0,0.0
2024-03-22 08:00:00,0.0,0.0
2024-03-22 09:00:00,0.0,0.0
2024-03-22 10:00:00,0.11023774659848423,0.11023774659848423
2024-03-22 11:00:00,0.34183374810893746,0.34183374810893746
2024-03-22 12:00:00,0.8006253769497905,0.8006253769497905
2024-03-22 13:00:00,1.3955996451081643,1.3955996451081643
2024-03-22 14:00:00,1.570724666413779,1.570724666413779
2024-03-22 15:00:00,2.2161792802011564,2.2161792802011564
2024-03-22 16:00:00,2.675486865392323,2.675486865392323
2024-03-22 17:00:00,2.898446860121536,2.898446860121536
2024-03-22 18:00:00,3.551969802717557,3.551969802717557
2024-03-22 19:00:00,2.5793759294296734,2.5793759294296734
2024-03-22 20:00:00,3.0129270447790715,3.0129270447790715
2024-03-22 21:00:00,2.868274488540155,2.868274488540155
2024-03-22 22:00:00,0.0,0.0
2024-03-22 23:00:00,0.0,0.0
2024-03-23 00:00:00,0.0,0.0
2024-03-23 01:00:00,0.0,0.0
2024-03-23 02:00:00,0.0,0.0
2024-03-23 03:00:00,0.0,0.0
2024-03-23 04:00:00,0.0,0.0
2024-03-23 05:00:00,0.0,0.0
2024-03-23 06:00:00,0.0,0.0
2024-03-23 07:00:00,0.0,0.0
2024-03-23 08:00:00,0.0,0.0
2024-03-23 09:00:00,0.0,0.0
2024-03-23 10:00:00,0.06921737809405791,0.06921737809405791
2024-03-23 11:00:00,0.30561184204251224,0.30561184204251224
2024-03-23 12:00:00,0.5213956363656347,0.5213956363656347
2024-03-23 13:00:00,0.966629963147197,0.966629963147197
2024-03-23 14:00:00,1.4502211318103606,1.4502211318103606
2024-03-23 15:00:00,1.5618083665668434,1.5618083665668434
2024-03-23 16:00:00,2.2467375483940533,2.2467375483940533
2024-03-23 17:00:00,1.8222063567930575,1.8222063567930575
2024-03-23 18:00:00,2.3777470284613758,2.3777470284613758
2024-03-23 19:00:00,2.5338595454312527,2.5338595454312527
2024-03-23 20:00:00,2.3071325174714454,2.3071325174714454
2024-03-23 21:00:00,2.0205141582632757,2.0205141582632757
2024-03-23 22:00:00,0.0,0.0
2024-03-23 23:00:00,0.0,0.0
2024-03-24 00:00:00,0.0,0.0
2024-03-24 01:00:00,0.0,0.0
2024-03-24 02:00:00,0.0,0.0
2024-03-24 03:00:00,0.0,0.0
2024-03-24 04:00:00,0.0,0.0
2024-03-24 05:00:00,0.0,0.0
2024-03-24 06:00:00,0.0,0.0
2024-03-24 07:00:00,0.0,0.0
2024-03-24 08:00:00,0.0,0.0
2024-03-24 09:00:00,0.0,0.0
2024-03-24 10:00:00,0.06686849871304867,0.06686849871304867
2024-03-24 11:00:00,0.2736172947327181,0.2736172947327181
2024-03-24 12:00:00,0.5943991647271609,0.5943991647271609
2024-03-24 13:00:00,0.9195849956307431,0.9195849956307431
2024-03-24 14:00:00,1.1559122125300823,1.1559122125300823
2024-03-24 15:00:00,1.6204644183388417,1.6204644183388417
2024-03-24 16:00:00,1.88827960836424,1.88827960836424
2024-03-24 17:00:00,1.6861057461766606,1.6861057461766606
2024-03-24 18:00:00,2.49722180309894,2.49722180309894
2024-03-24 19:00:00,2.0462188563222736,2.0462188563222736
2024-03-24 20:00:00,1.8961606495040624,1.8961606495040624
2024-03-24 21:00:00,2.028322723806237,2.028322723806237
2024-03-24 22:00:00,0.0,0.0
2024-03-24 23:00:00,0.0,0.0
2024-03-25 00:00:00,0.0,0.0
2024-03-25 01:00:00,0.0,0.0
2024-03-25 02:00:00,0.0,0.0
2024-03-25 03:00:00,0.0,0.0
2024-03-25 04:00:00,0.0,0.0
2024-03-25 05:00:00,0.0,0.0
2024-03-25 06:00:00,0.0,0.0
2024-03-25 07:00:00,0.0,0.0
2024-03-25 08:00:00,0.0,0.0
2024-03-25 09:00:00,0.0,0.0
2024-03-25 10:00:00,0.10538232057844651,0.10538232057844651
2024-03-25 11:00:00,0.38646781835738964,0.38646781835738964
2024-03-25 12:00:00,0.8613124576357148,0.8613124576357148
2024-03-25 13:00:00,1.1844213309928453,1.1844213309928453
2024-03-25 14:00:00,2.031223666023355,2.031223666023355
2024-03-25 15:00:00,2.0328626622165666,2.0328626622165666
2024-03-25 16:00:00,2.377840581173338,2.377840581173338
2024-03-25 17:00:00,2.4295187905052433,2.4295187905052433
2024-03-25 18:00:00,3.068631981035655,3.068631981035655
2024-03-25 19:00:00,2.988125183255893,2.988125183255893
2024-03-25 20:00:00,2.8241746187986703,2.8241746187986703
2024-03-25 21:00:00,2.8317065928737546,2.8317065928737546
2024-03-25 22:00:00,0.0,0.0
2024-03-25 23:00:00,0.0,0.0
2024-03-26 00:00:00,0.0,0.0
2024-03-26 01:00:00,0.0,0.0
2024-03-26 02:00:00,0.0,0.0
2024-03-26 03:00:00,0.0,0.0
2024-03-26 04:00:00,0.0,0.0
2024-03-26 05:00:00,0.0,0.0
2024-03-26 06:00:00,0.0,0.0
2024-03-26 07:00:00,0.0,0.0
2024-03-26 08:00:00,0.0,0.0
2024-03-26 09:00:00,0.0,0.0
2024-03-26 10:00:00,0.09174040139880008,0.09174040139880008
2024-03-26 11:00:00,0.4310278658269928,0.4310278658269928
2024-03-26 12:00:00,0.8371840079947965,0.8371840079947965
2024-03-26 13:00:00,1.4242075546789361,1.4242075546789361
2024-03-26 14:00:00,1.8749382049659322,1.8749382049659322
2024-03-26 15:00:00,1.9963591741007232,1.9963591741007232
2024-03-26 16:00:00,2.774279049172708,2.774279049172708
2024-03-26 17:00:00,2.7987740736934135,2.7987740736934135
2024-03-26 18:00:00,2.9203625051061164,2.9203625051061164
2024-03-26 19:00:00,3.36874803880301,3.36874803880301
2024-03-26 20:00:00,2.6858126781061586,2.6858126781061586
2024-03-26 21:00:00,3.2418932521686723,3.2418932521686723
2024-03-26 22:00:00,0.0,0.0
2024-03-26 23:00:00,0.0,0.0
2024-03-27 00:00:00,0.0,0.0
2024-03-27 01:00:00,0.0,0.0
2024-03-27 02:00:00,0.0,0.0
2024-03-27 03:00:00,0.0,0.0
2024-03-27 04:00:00,0.0,0.0
2024-03-27 05:00:00,0.0,0.0
2024-03-27 06:00:00,0.0,0.0
2024-03-27 07:00:00,0.0,0.0
2024-03-27 08:00:00,0.0,0.0
2024-03-27 09:00:00,0.0,0.0
2024-03-27 10:00:00,0.09531219745540012,0.09531219745540012
2024-03-27 11:00:00,0.4068672182445938,0.4068672182445938
2024-03-27 12:00:00,0.8002226892828352,0.8002226892828352
2024-03-27 13:00:00,1.5175954769503535,1.5175954769503535
2024-03-27 14:00:00,1.647184949078152,1.647184949078152
2024-03-27 15:00:00,2.403365876908558,2.403365876908558
2024-03-27 16:00:00,2.6509413635367634,2.6509413635367634
2024-03-27 17:00:00,2.565636197904843,2.565636197904843
2024-03-27 18:00:00,3.2727880927671853,3.2727880927671853
2024-03-27 19:00:00,3.072297544834023,3.072297544834023
2024-03-27 20:00:00,2.992700778862937,2.992700778862937
2024-03-27 21:00:00,2.982306951186401,2.982306951186401
2024-03-27 22:00:00,0.0,0.0
2024-03-27 23:00:00,0.0,0.0
2024-03-28 00:00:00,0.0,0.0
2024-03-28 01:00:00,0.0,0.0
2024-03-28 02:00:00,0.0,0.0
2024-03-28 03:00:00,0.0,0.0
2024-03-28 04:00:00,0.0,0.0
2024-03-28 05:00:00,0.0,0.0
2024-03-28 06:00:00,0.0,0.0
2024-03-28 07:00:00,0.0,0.0
2024-03-28 08:00:00,0.0,0.0
2024-03-28 09:00:00,0.0,0.0
2024-03-28 10:00:00,0.11035293694003682,0.11035293694003682
2024-03-28 11:00:00,0.4234498997883653,0.4234498997883653
2024-03-28 12:00:00,0.7471836235807245,0.7471836235807245
2024-03-28 13:00:00,1.5111314654080725,1.5111314654080725
2024-03-28 14:00:00,1.5373939291471383,1.5373939291471383
2024-03-28 15:00:00,2.1522222063524543,2.1522222063524543
2024-03-28 16:00:00,2.8402284375135984,2.8402284375135984
2024-03-28 17:00:00,2.3061722828411235,2.3061722828411235
2024-03-28 18:00:00,3.307284918241419,3.307284918241419
2024-03-28 19:00:00,3.3880732895036143,3.3880732895036143
2024-03-28 20:00:00,2.759608456422166,2.759608456422166
2024-03-28 21:00:00,2.9383974597724336,2.9383974597724336
2024-03-28 22:00:00,0.0,0.0
2024-03-28 23:00:00,0.0,0.0
2024-03-29 00:00:00,0.0,0.0
2024-03-29 01:00:00,0.0,0.0
2024-03-29 02:00:00,0.0,0.0
2024-03-29 03:00:00,0.0,0.0
2024-03-29 04:00:00,0.0,0.0
2024-03-29 05:00:00,0.0,0.0
2024-03-29 06:00:00,0.0,0.0
2024-03-29 07:00:00,0.0,0.0
2024-03-29 08:00:00,0.0,0.0
2024-03-29 09:00:00,0.0,0.0
2024-03-29 10:00:00,0.09061459126354836,0.09061459126354836
2024-03-29 11:00:00,0.4186529100790744,0.4186529100790744
2024-03-29 12:00:00,0.7293962013144469,0.7293962013144469
2024-03-29 13:00:00,1.3751058142722457,1.3751058142722457
2024-03-29 14:00:00,1.3886632454052668,1.3886632454052668
2024-03-29 15:00:00,1.7024291477126026,1.7024291477126026
2024-03-29 16:00:00,2.74151625787211,2.74151625787211
2024-03-29 17:00:00,2.7486744656866566,2.7486744656866566
2024-03-29 18:00:00,2.766553527174124,2.766553527174124
2024-03-29 19:00:00,2.6990294435598274,2.6990294435598274
2024-03-29 20:00:00,2.849902346586245,2.849902346586245
2024-03-29 21:00:00,2.6021114886553094,2.6021114886553094
2024-03-29 22:00:00,0.0,0.0
2024-03-29 23:00:00,0.0,0.0
2024-03-30 00:00:00,0.0,0.0
2024-03-30 01:00:00,0.0,0.0
2024-03-30 02:00:00,0.0,0.0
2024-03-30 03:00:00,0.0,0.0
2024-03-30 04:00:00,0.0,0.0
2024-03-30 05:00:00,0.0,0.0
2024-03-30 06:00:00,0.0,0.0
2024-03-30 07:00:00,0.0,0.0
2024-03-30 08:00:00,0.0,0.0
2024-03-30 09:00:00,0.0,0.0
2024-03-30 10:00:00,0.05982359110175373,0.05982359110175373
2024-03-30 11:00:00,0.26045066495771324,0.26045066495771324
2024-03-30 12:00:00,0.5149126224475536,0.5149126224475536
2024-03-30 13:00:00,0.9022154920051663,0.9022154920051663
2024-03-30 14:00:00,1.087909698166497,1.087909698166497
2024-03-30 15:00:00,1.2220782308781881,1.2220782308781881
2024-03-30 16:00:00,1.7056092327833785,1.7056092327833785
2024-03-30 17:00:00,1.6412179961708868,1.6412179961708868
2024-03-30 18:00:00,2.068338357405217,2.068338357405217
2024-03-30 19:00:00,1.8753181542626964,1.8753181542626964
2024-03-30 20:00:00,1.962695018921075,1.962695018921075
2024-03-30 21:00:00,2.025773519021813,2.025773519021813
2024-03-30 22:00:00,0.0,0.0
2024-03-30 23:00:00,0.0,0.0
2024-03-31 00:00:00,0.0,0.0
2024-03-31 01:00:00,0.0,0.0
2024-03-31 02:00:00,0.0,0.0
2024-03-31 03:00:00,0.0,0.0
2024-03-31 04:00:00,0.0,0.0
2024-03-31 05:00:00,0.0,0.0
2024-03-31 06:00:00,0.0,0.0
2024-03-31 07:00:00,0.0,0.0
2024-03-31 08:00:00,0.0,0.0
2024-03-31 09:00:00,0.0,0.0
2024-03-31 10:00:00,0.08014809806147769,0.08014809806147769
2024-03-31 11:00:00,0.28316198181404173,0.28316198181404173
2024-03-31 12:00:00,0.49014876544580577,0.49014876544580577
2024-03-31 13:00:00,0.9466267540801706,0.9466267540801706
2024-03-31 14:00:00,1.0714628847731906,1.0714628847731906
2024-03-31 15:00:00,1.576729587229058,1.576729587229058
2024-03-31 16:00:00,1.853477511005259,1.853477511005259
2024-03-31 17:00:00,1.9689769167425508,1.9689769167425508
2024-03-31 18:00:00,2.477788438637196,2.477788438637196
2024-03-31 19:00:00,2.2316840808612968,2.2316840808612968
2024-03-31 20:00:00,2.2757605377889814,2.2757605377889814
2024-03-31 21:00:00,2.1877601651294647,2.1877601651294647
2024-03-31 22:00:00,0.0,0.0
2024-03-31 23:00:00,0.0,0.0
2024-04-01 00:00:00,0.0,0.0
2024-04-01 01:00:00,0.0,0.0
2024-04-01 02:00:00,0.0,0.0
2024-04-01 03:00:00,0.0,0.0
2024-04-01 04:00:00,0.0,0.0
2024-04-01 05:00:00,0.0,0.0
2024-04-01 06:00:00,0.0,0.0
2024-04-01 07:00:00,0.0,0.0
2024-04-01 08:00:00,0.0,0.0
2024-04-01 09:00:00,0.0,0.0
2024-04-01 10:00:00,0.10071040304383302,0.10071040304383302
2024-04-01 11:00:00,0.39917854671115977,0.39917854671115977
2024-04-01 12:00:00,0.655351695348746,0.655351695348746
2024-04-01 13:00:00,1.1240419205887742,1.1240419205887742
2024-04-01 14:00:00,1.7768424450360363,1.7768424450360363
2024-04-01 15:00:00,2.009199218103688,2.009199218103688
2024-04-01 16:00:00,2.464348324119117,2.464348324119117
2024-04-01 17:00:00,2.242827318403918,2.242827318403918
2024-04-01 18:00:00,2.7038293462236935,2.7038293462236935
2024-04-01 19:00:00,2.3885374309461382,2.3885374309461382
2024-04-01 20:00:00,3.0343034781010583,3.0343034781010583
2024-04-01 21:00:00,2.2624151601353404,2.2624151601353404
2024-04-01 22:00:00,0.0,0.0
2024-04-01 23:00:00,0.0,0.0
2024-04-02 00:00:00,0.0,0.0
2024-04-02 01:00:00,0.0,0.0
2024-04-02 02:00:00,0.0,0.0
2024-04-02 03:00:00,0.0,0.0
2024-04-02 04:00:00,0.0,0.0
2024-04-02 05:00:00,0.0,0.0
2024-04-02 06:00:00,0.0,0.0
2024-04-02 07:00:00,0.0,0.0
2024-04-02 08:00:00,0.0,0.0
2024-04-02 09:00:00,0.0,0.0
2024-04-02 10:00:00,0.09466026506734884,0.09466026506734884
2024-04-02 11:00:00,0.42888606721629297,0.42888606721629297
2024-04-02 12:00:00,0.7822131423809688,0.7822131423809688
2024-04-02 13:00:00,1.375962822686616,1.375962822686616
2024-04-02 14:00:00,1.7502800404022605,1.7502800404022605
2024-04-02 15:00:00,2.0496759805785203,2.0496759805785203
2024-04-02 16:00:00,3.092000604208349,3.092000604208349
2024-04-02 17:00:00,2.855752962123488,2.855752962123488
2024-04-02 18:00:00,3.8905974879611396,3.8905974879611396
2024-04-02 19:00:00,2.862038699578196,2.862038699578196
2024-04-02 20:00:00,2.9677325977040314,2.9677325977040314
2024-04-02 21:00:00,3.057659374599536,3.057659374599536
2024-04-02 22:00:00,0.0,0.0
2024-04-02 23:00:00,0.0,0.0
2024-04-03 00:00:00,0.0,0.0
2024-04-03 01:00:00,0.0,0.0
2024-04-03 02:00:00,0.0,0.0
2024-04-03 03:00:00,0.0,0.0
2024-04-03 04:00:00,0.0,0.0
2024-04-03 05:00:00,0.0,0.0
2024-04-03 06:00:00,0.0,0.0
2024-04-03 07:00:00,0.0,0.0
2024-04-03 08:00:00,0.0,0.0
2024-04-03 09:00:00,0.0,0.0
2024-04-03 10:00:00,0.12114410064786849,0.12114410064786849
2024-04-03 11:00:00,0.4297828596388063,0.4297828596388063
2024-04-03 12:00:00,0.888677710971313,0.888677710971313
2024-04-03 13:00:00,1.2622780493483459,1.2622780493483459
2024-04-03 14:00:00,1.6960623209109709,1.6960623209109709
2024-04-03 15:00:00,1.9913401844847052,1.9913401844847052
2024-04-03 16:00:00,3.081762866892444,3.081762866892444
2024-04-03 17:00:00,2.695414743352281,2.695414743352281
2024-04-03 18:00:00,3.7130546764551724,3.7130546764551724
2024-04-03 19:00:00,2.9155451970191932,2.9155451970191932
2024-04-03 20:00:00,3.807584518383434,3.807584518383434
2024-04-03 21:00:00,3.489651960830641,3.489651960830641
2024-04-03 22:00:00,0.0,0.0
2024-04-03 23:00:00,0.0,0.0
2024-04-04 00:00:00,0.0,0.0
2024-04-04 01:00:00,0.0,0.0
2024-04-04 02:00:00,0.0,0.0
2024-04-04 03:00:00,0.0,0.0
2024-04-04 04:00:00,0.0,0.0
2024-04-04 05:00:00,0.0,0.0
2024-04-04 06:00:00,0.0,0.0
2024-04-04 07:00:00,0.0,0.0
2024-04-04 08:00:00,0.0,0.0
2024-04-04 09:00:00,0.0,0.0
2024-04-04 10:00:00,0.0784201630682635,0.0784201630682635
2024-04-04 11:00:00,0.36899031103277236,0.36899031103277236
2024-04-04 12:00:00,0.8072068911392791,0.8072068911392791
2024-04-04 13:00:00,1.2636524307196053,1.2636524307196053
2024-04-04 14:00:00,1.6500940278203977,1.6500940278203977
2024-04-04 15:00:00,1.7645045798215102,1.7645045798215102
2024-04-04 16:00:00,2.3371816770485245,2.3371816770485245
2024-04-04 17:00:00,2.294925296723523,2.294925296723523
2024-04-04 18:00:00,2.9084028728432796,2.9084028728432796
2024-04-04 19:00:00,2.7519747950007107,2.7519747950007107
2024-04-04 20:00:00,2.7039805772255754,2.7039805772255754
2024-04-04 21:00:00,2.47952914779981,2.47952914779981
2024-04-04 22:00:00,0.0,0.0
2024-04-04 23:00:00,0.0,0.0
2024-04-05 00:00:00,0.0,0.0
2024-04-05 01:00:00,0.0,0.0
2024-04-05 02:00:00,0.0,0.0
2024-04-05 03:00:00,0.0,0.0
2024-04-05 04:00:00,0.0,0.0
2024-04-05 05:00:00,0.0,0.0
2024-04-05 06:00:00,0.0,0.0
2024-04-05 07:00:00,0.0,0.0
2024-04-05 08:00:00,0.0,0.0
2024-04-05 09:00:00,0.0,0.0
2024-04-05 10:00:00,0.10598102091071443,0.10598102091071443
2024-04-05 11:00:00,0.32735381047884504,0.32735381047884504
2024-04-05 12:00:00,0.7931772615769559,0.7931772615769559
2024-04-05 13:00:00,1.0709063453009147,1.0709063453009147
2024-04-05 14:00:00,1.6394611939746744,1.6394611939746744
2024-04-05 15:00:00,2.0873233169467236,2.0873233169467236
2024-04-05 16:00:00,2.341674282247421,2.341674282247421
2024-04-05 17:00:00,2.0817901923757476,2.0817901923757476
2024-04-05 18:00:00,3.0334318083099623,3.0334318083099623
2024-04-05 19:00:00,3.2593786952820887,3.2593786952820887
2024-04-05 20:00:00,2.699062694601347,2.699062694601347
2024-04-05 21:00:00,2.4369848858021794,2.4369848858021794
2024-04-05 22:00:00,0.0,0.0
2024-04-05 23:00:00,0.0,0.0
2024-04-06 00:00:00,0.0,0.0
2024-04-06 01:00:00,0.0,0.0
2024-04-06 02:00:00,0.0,0.0
2024-04-06 03:00:00,0.0,0.0
2024-04-06 04:00:00,0.0,0.0
2024-04-06 05:00:00,0.0,0.0
2024-04-06 06:00:00,0.0,0.0
2024-04-06 07:00:00,0.0,0.0
2024-04-06 08:00:00,0.0,0.0
2024-04-06 09:00:00,0.0,0.0
2024-04-06 10:00:00,0.08060412481624654,0.08060412481624654
2024-04-06 11:00:00,0.28208107551274586,0.28208107551274586
2024-04-06 12:00:00,0.5696518434374079,0.5696518434374079
2024-04-06 13:00:00,0.9339772022927563,0.9339772022927563
2024-04-06 14:00:00,1.0739493240640567,1.0739493240640567
2024-04-06 15:00:00,1.3623025237399105,1.3623025237399105
2024-04-06 16:00:00,1.8811282632354722,1.8811282632354722
2024-04-06 17:00:00,1.6200699171929844,1.6200699171929844
2024-04-06 18:00:00,2.541744759889964,2.541744759889964
2024-04-06 19:00:00,1.923056263892915,1.923056263892915
2024-04-06 20:00:00,2.0198317176696094,2.0198317176696094
2024-04-06 21:00:00,2.213825627492397,2.213825627492397
2024-04-06 22:00:00,0.0,0.0
2024-04-06 23:00:00,0.0,0.0
2024-04-07 00:00:00,0.0,0.0
2024-04-07 01:00:00,0.0,0.0
2024-04-07 02:00:00,0.0,0.0
2024-04-07 03:00:00,0.0,0.0
2024-04-07 04:00:00,0.0,0.0
2024-04-07 05:00:00,0.0,0.0
2024-04-07 06:00:00,0.0,0.0
2024-04-07 07:00:00,0.0,0.0
2024-04-07 08:00:00,0.0,0.0
2024-04-07 09:00:00,0.0,0.0
2024-04-07 10:00:00,0.07372976366118193,0.07372976366118193
2024-04-07 11:00:00,0.30908414202206036,0.30908414202206036
2024-04-07 12:00:00,0.5627667527353437,0.5627667527353437
2024-04-07 13:00:00,1.0280329638518335,1.0280329638518335
2024-04-07 14:00:00,1.4246106815448463,1.4246106815448463
2024-04-07 15:00:00,1.3526358378133772,1.3526358378133772
2024-04-07 16:00:00,1.7300446995741803,1.7300446995741803
2024-04-07 17:00:00,1.9180318009378718,1.9180318009378718
2024-04-07 18:00:00,2.278636675157838,2.278636675157838
2024-04-07 19:00:00,2.2545432209917595,2.2545432209917595
2024-04-07 20:00:00,1.9555942410767329,1.9555942410767329
2024-04-07 21:00:00,2.0279950603098893,2.0279950603098893
2024-04-07 22:00:00,0.0,0.0
2024-04-07 23:00:00,0.0,0.0
2024-04-08 00:00:00,0.0,0.0
2024-04-08 01:00:00,0.0,0.0
2024-04-08 02:00:00,0.0,0.0
2024-04-08 03:00:00,0.0,0.0
2024-04-08 04:00:00,0.0,0.0
2024-04-08 05:00:00,0.0,0.0
2024-04-08 06:00:00,0.0,0.0
2024-04-08 07:00:00,0.0,0.0
2024-04-08 08:00:00,0.0,0.0
2024-04-08 09:00:00,0.0,0.0
2024-04-08 10:00:00,0.10806511681415737,0.10806511681415737
2024-04-08 11:00:00,0.3688171420370023,0.3688171420370023
2024-04-08 12:00:00,0.8414578644343418,0.8414578644343418
2024-04-08 13:00:00,1.2490368469429314,1.2490368469429314
2024-04-08 14:00:00,1.8936727769350095,1.8936727769350095
2024-04-08 15:00:00,2.3611171286239454,2.3611171286239454
2024-04-08 16:00:00,2.787761759360599,2.787761759360599
2024-04-08 17:00:00,2.7801371545147746,2.7801371545147746
2024-04-08 18:00:00,3.1126325604228593,3.1126325604228593
2024-04-08 19:00:00,3.09990043938964,3.09990043938964
2024-04-08 20:00:00,3.580964269924427,3.580964269924427
2024-04-08 21:00:00,3.1802351338637953,3.1802351338637953
2024-04-08 22:00:00,0.0,0.0
2024-04-08 23:00:00,0.0,0.0
2024-04-09 00:00:00,0.0,0.0
2024-04-09 01:00:00,0.0,0.0
2024-04-09 02:00:00,0.0,0.0
2024-04-09 03:00:00,0.0,0.0
2024-04-09 04:00:00,0.0,0.0
2024-04-09 05:00:00,0.0,0.0
2024-04-09 06:00:00,0.0,0.0
2024-04-09 07:00:00,0.0,0.0
2024-04-09 08:00:00,0.0,0.0
2024-04-09 09:00:00,0.0,0.0
2024-04-09 10:00:00,0.09788410213983408,0.09788410213983408
2024-04-09 11:00:00,0.4046904681081536,0.4046904681081536
2024-04-09 12:00:00,0.6380836222936533,0.6380836222936533
2024-04-09 13:00:00,1.2416130729022143,1.2416130729022143
2024-04-09 14:00:00,1.7762296619538123,1.7762296619538123
2024-04-09 15:00:00,1.8412151670695913,1.8412151670695913
2024-04-09 16:00:00,2.0702730651201042,2.0702730651201042
2024-04-09 17:00:00,2.6907026549537236,2.6907026549537236
2024-04-09 18:00:00,3.2182507486445586,3.2182507486445586
2024-04-09 19:00:00,2.798371938873475,2.798371938873475
2024-04-09 20:00:00,2.89304339915491,2.89304339915491
2024-04-09 21:00:00,2.402359255019106,2.402359255019106
2024-04-09 22:00:00,0.0,0.0
2024-04-09 23:00:00,0.0,0.0
2024-04-10 00:00:00,0.0,0.0
2024-04-10 01:00:00,0.0,0.0
2024-04-10 02:00:00,0.0,0.0
2024-04-10 03:00:00,0.0,0.0
2024-04-10 04:00:00,0.0,0.0
2024-04-10 05:00:00,0.0,0.0
2024-04-10 06:00:00,0.0,0.0
2024-04-10 07:00:00,0.0,0.0
2024-04-10 08:00:00,0.0,0.0
2024-04-10 09:00:00,0.0,0.0
2024-04-10 10:00:00,0.08798835987980708,0.08798835987980708
2024-04-10 11:00:00,0.32745229985118424,0.32745229985118424
2024-04-10 12:00:00,0.6327317542684381,0.6327317542684381
2024-04-10 13:00:00,1.1019956438096434,1.1019956438096434
2024-04-10 14:00:00,1.7126427484695255,1.7126427484695255
2024-04-10 15:00:00,1.6892105928341121,1.6892105928341121
2024-04-10 16:00:00,2.188460622549437,2.188460622549437
2024-04-10 17:00:00,2.413546138318062,2.413546138318062
2024-04-10 18:00:00,2.6298482025151415,2.6298482025151415
2024-04-10 19:00:00,2.489967676295767,2.489967676295767
2024-04-10 20:00:00,2.8919711319170087,2.8919711319170087
2024-04-10 21:00:00,2.5165511322128924,2.5165511322128924
2024-04-10 22:00:00,0.0,0.0
2024-04-10 23:00:00,0.0,0.0
2024-04-11 00:00:00,0.0,0.0
2024-04-11 01:00:00,0.0,0.0
2024-04-11 02:00:00,0.0,0.0
2024-04-11 03:00:00,0.0,0.0
2024-04-11 04:00:00,0.0,0.0
2024-04-11 05:00:00,0.0,0.0
2024-04-11 06:00:00,0.0,0.0
2024-04-11 07:00:00,0.0,0.0
2024-04-11 08:00:00,0.0,0.0
2024-04-11 09:00:00,0.0,0.0
2024-04-11 10:00:00,0.10029702345988792,0.10029702345988792
2024-04-11 11:00:00,0.3652421040563951,0.3652421040563951
2024-04-11 12:00:00,0.6303893865765432,0.6303893865765432
2024-04-11 13:00:00,1.2325925823298634,1.2325925823298634
2024-04-11 14:00:00,1.5991683884801675,1.5991683884801675
2024-04-11 15:00:00,1.9021976164982468,1.9021976164982468
2024-04-11 16:00:00,2.327907006146942,2.327907006146942
2024-04-11 17:00:00,2.2571510697644,2.2571510697644
2024-04-11 18:00:00,2.974254961947635,2.974254961947635
2024-04-11 19:00:00,2.7350586737869307,2.7350586737869307
2024-04-11 20:00:00,3.3218170435525836,3.3218170435525836
2024-04-11 21:00:00,2.424179243317707,2.424179243317707
2024-04-11 22:00:00,0.0,0.0
2024-04-11 23:00:00,0.0,0.0
2024-04-12 00:00:00,0.0,0.0
2024-04-12 01:00:00,0.0,0.0
2024-04-12 02:00:00,0.0,0.0
2024-04-12 03:00:00,0.0,0.0
2024-04-12 04:00:00,0.0,0.0
2024-04-12 05:00:00,0.0,0.0
2024-04-12 06:00:00,0.0,0.0
2024-04-12 07:00:00,0.0,0.0
2024-04-12 08:00:00,0.0,0.0
2024-04-12 09:00:00,0.0,0.0
2024-04-12 10:00:00,0.10565358550161559,0.10565358550161559
2024-04-12 11:00:00,0.4416247400705685,0.4416247400705685
2024-04-12 12:00:00,0.8046701123782483,0.8046701123782483
2024-04-12 13:00:00,1.374228317277674,1.374228317277674
2024-04-12 14:00:00,1.6763751588641427,1.6763751588641427
2024-04-12 15:00:00,1.8130521282818381,1.8130521282818381
2024-04-12 16:00:00,2.33352706861278,2.33352706861278
2024-04-12 17:00:00,2.76918525938613,2.76918525938613
2024-04-12 18:00:00,3.6742444737346065,3.6742444737346065
2024-04-12 19:00:00,2.633496089593986,2.633496089593986
2024-04-12 20:00:00,3.2114867188602125,3.2114867188602125
2024-04-12 21:00:00,3.1341331563483927,3.1341331563483927
2024-04-12 22:00:00,0.0,0.0
2024-04-12 23:00:00,0.0,0.0
2024-04-13 00:00:00,0.0,0.0
2024-04-13 01:00:00,0.0,0.0
2024-04-13 02:00:00,0.0,0.0
2024-04-13 03:00:00,0.0,0.0
2024-04-13 04:00:00,0.0,0.0
2024-04-13 05:00:00,0.0,0.0
2024-04-13 06:00:00,0.0,0.0
2024-04-13 07:00:00,0.0,0.0
2024-04-13 08:00:00,0.0,0.0
2024-04-13 09:00:00,0.0,0.0
2024-04-13 10:00:00,0.06727381704456607,0.06727381704456607
2024-04-13 11:00:00,0.26116529483443407,0.26116529483443407
2024-04-13 12:00:00,0.5568951578873896,0.5568951578873896
2024-04-13 13:00:00,0.9131504342379954,0.9131504342379954
2024-04-13 14:00:00,1.319475370211503,1.319475370211503
2024-04-13 15:00:00,1.6590561988056898,1.6590561988056898
2024-04-13 16:00:00,1.9575047782464159,1.9575047782464159
2024-04-13 17:00:00,1.6573886553851547,1.6573886553851547
2024-04-13 18:00:00,2.119297209795481,2.119297209795481
2024-04-13 19:00:00,2.444511044777693,2.444511044777693
2024-04-13 20:00:00,1.9534781812895887,1.9534781812895887
2024-04-13 21:00:00,1.9998970450606202,1.9998970450606202
2024-04-13 22:00:00,0.0,0.0
2024-04-13 23:00:00,0.0,0.0
2024-04-14 00:00:00,0.0,0.0
2024-04-14 01:00:00,0.0,0.0
2024-04-14 02:00:00,0.0,0.0
2024-04-14 03:00:00,0.0,0.0
2024-04-14 04:00:00,0.0,0.0
2024-04-14 05:00:00,0.0,0.0
2024-04-14 06:00:00,0.0,0.0
2024-04-14 07:00:00,0.0,0.0
2024-04-14 08:00:00,0.0,0.0
2024-04-14 09:00:00,0.0,0.0
2024-04-14 10:00:00,0.07529793848585214,0.07529793848585214
2024-04-14 11:00:00,0.2811351441136813,0.2811351441136813
2024-04-14 12:00:00,0.593534974755974,0.593534974755974
2024-04-14 13:00:00,0.8504326885953808,0.8504326885953808
2024-04-14 14:00:00,1.183553391910199,1.183553391910199
2024-04-14 15:00:00,1.3097924558866472,1.3097924558866472
2024-04-14 16:00:00,2.013674739795745,2.013674739795745
2024-04-14 17:00:00,1.98882433655259,1.98882433655259
2024-04-14 18:00:00,2.4561232228181407,2.4561232228181407
2024-04-14 19:00:00,2.350153544463448,2.350153544463448
2024-04-14 20:00:00,2.4613413382842184,2.4613413382842184
2024-04-14 21:00:00,1.8343169586646046,1.8343169586646046
2024-04-14 22:00:00,0.0,0.0
2024-04-14 23:00:00,0.0,0.0
2024-04-15 00:00:00,0.0,0.0
2024-04-15 01:00:00,0.0,0.0
2024-04-15 02:00:00,0.0,0.0
2024-04-15 03:00:00,0.0,0.0
2024-04-15 04:00:00,0.0,0.0
2024-04-15 05:00:00,0.0,0.0
2024-04-15 06:00:00,0.0,0.0
2024-04-15 07:00:00,0.0,0.0
2024-04-15 08:00:00,0.0,0.0
2024-04-15 09:00:00,0.0,0.0
2024-04-15 10:00:00,0.09684098798868117,0.09684098798868117
2024-04-15 11:00:00,0.36633512410532,0.36633512410532
2024-04-15 12:00:00,0.857221144676575,0.857221144676575
2024-04-15 13:00:00,1.1830483424918814,1.1830483424918814
2024-04-15 14:00:00,1.7986317081020182,1.7986317081020182
2024-04-15 15:00:00,2.2120774175471727,2.2120774175471727
2024-04-15 16:00:00,2.6463886572571376,2.6463886572571376
2024-04-15 17:00:00,2.863958475610362,2.863958475610362
2024-04-15 18:00:00,2.926370933367792,2.926370933367792
2024-04-15 19:00:00,3.3515225520676086,3.3515225520676086
2024-04-15 20:00:00,3.2933909108463815,3.2933909108463815
2024-04-15 21:00:00,3.0997985727646356,3.0997985727646356
2024-04-15 22:00:00,0.0,0.0
2024-04-15 23:00:00,0.0,0.0
2024-04-16 00:00:00,0.0,0.0
2024-04-16 01:00:00,0.0,0.0
2024-04-16 02:00:00,0.0,0.0
2024-04-16 03:00:00,0.0,0.0
2024-04-16 04:00:00,0.0,0.0
2024-04-16 05:00:00,0.0,0.0
2024-04-16 06:00:00,0.0,0.0
2024-04-16 07:00:00,0.0,0.0
2024-04-16 08:00:00,0.0,0.0
2024-04-16 09:00:00,0.0,0.0
2024-04-16 10:00:00,0.10584315796737365,0.10584315796737365
2024-04-16 11:00:00,0.4336301178949256,0.4336301178949256
2024-04-16 12:00:00,0.8056397019632715,0.8056397019632715
2024-04-16 13:00:00,1.4478725990435415,1.4478725990435415
2024-04-16 14:00:00,2.0575546558800877,2.0575546558800877
2024-04-16 15:00:00,2.561359878570144,2.561359878570144
2024-04-16 16:00:00,2.5157900385048615,2.5157900385048615
2024-04-16 17:00:00,2.94683338660503,2.94683338660503
2024-04-16 18:00:00,3.4497761421370288,3.4497761421370288
2024-04-16 19:00:00,3.4708833441079276,3.4708833441079276
2024-04-16 20:00:00,3.384116375261584,3.384116375261584
2024-04-16 21:00:00,3.078068150454809,3.078068150454809
2024-04-16 22:00:00,0.0,0.0
2024-04-16 23:00:00,0.0,0.0
2024-04-17 00:00:00,0.0,0.0
2024-04-17 01:00:00,0.0,0.0
2024-04-17 02:00:00,0.0,0.0
2024-04-17 03:00:00,0.0,0.0
2024-04-17 04:00:00,0.0,0.0
2024-04-17 05:00:00,0.0,0.0
2024-04-17 06:00:00,0.0,0.0
2024-04-17 07:00:00,0.0,0.0
2024-04-17 08:00:00,0.0,0.0
2024-04-17 09:00:00,0.0,0.0
2024-04-17 10:00:00,0.0916540278546974,0.0916540278546974
2024-04-17 11:00:00,0.42870415876086254,0.42870415876086254
2024-04-17 12:00:00,0.7356419950071161,0.7356419950071161
2024-04-17 13:00:00,1.3259045619748886,1.3259045619748886
2024-04-17 14:00:00,1.9467427886974553,1.9467427886974553
2024-04-17 15:00:00,2.0105144333277836,2.0105144333277836
2024-04-17 16:00:00,2.925927763236565,2.925927763236565
2024-04-17 17:00:00,3.0072483959341705,3.0072483959341705
2024-04-17 18:00:00,3.5285511350551833,3.5285511350551833
2024-04-17 19:00:00,2.7489354946177826,2.7489354946177826
2024-04-17 20:00:00,3.4306583019692245,3.4306583019692245
2024-04-17 21:00:00,2.484537699060514,2.484537699060514
2024-04-17 22:00:00,0.0,0.0
2024-04-17 23:00:00,0.0,0.0
2024-04-18 00:00:00,0.0,0.0
2024-04-18 01:00:00,0.0,0.0
2024-04-18 02:00:00,0.0,0.0
2024-04-18 03:00:00,0.0,0.0
2024-04-18 04:00:00,0.0,0.0
2024-04-18 05:00:00,0.0,0.0
2024-04-18 06:00:00,0.0,0.0
2024-04-18 07:00:00,0.0,0.0
2024-04-18 08:00:00,0.0,0.0
2024-04-18 09:00:00,0.0,0.0
2024-04-18 10:00:00,0.09535752971350905,0.09535752971350905
2024-04-18 11:00:00,0.39127658859397496,0.39127658859397496
2024-04-18 12:00:00,0.73468765751002,0.73468765751002
2024-04-18 13:00:00,1.5194147639204012,1.5194147639204012
2024-04-18 14:00:00,1.6341056564814638,1.6341056564814638
2024-04-18 15:00:00,2.16508494950673,2.16508494950673
2024-04-18 16:00:00,3.1300202644308905,3.1300202644308905
2024-04-18 17:00:00,2.324002209367476,2.324002209367476
2024-04-18 18:00:00,3.346718754390319,3.346718754390319
2024-04-18 19:00:00,3.1815860146425994,3.1815860146425994
2024-04-18 20:00:00,3.547569009953483,3.547569009953483
2024-04-18 21:00:00,2.8685168034826187,2.8685168034826187
2024-04-18 22:00:00,0.0,0.0
2024-04-18 23:00:00,0.0,0.0
2024-04-19 00:00:00,0.0,0.0
2024-04-19 01:00:00,0.0,0.0
2024-04-19 02:00:00,0.0,0.0
2024-04-19 03:00:00,0.0,0.0
2024-04-19 04:00:00,0.0,0.0
2024-04-19 05:00:00,0.0,0.0
2024-04-19 06:00:00,0.0,0.0
2024-04-19 07:00:00,0.0,0.0
2024-04-19 08:00:00,0.0,0.0
2024-04-19 09:00:00,0.0,0.0
2024-04-19 10:00:00,0.09425918013732215,0.09425918013732215
2024-04-19 11:00:00,0.4310893068690638,0.4310893068690638
2024-04-19 12:00:00,0.8836394941255954,0.8836394941255954
2024-04-19 13:00:00,1.4161430793947127,1.4161430793947127
2024-04-19 14:00:00,1.578602700250209,1.578602700250209
2024-04-19 15:00:00,2.410457276797584,2.410457276797584
2024-04-19 16:00:00,2.486935750939621,2.486935750939621
2024-04-19 17:00:00,2.9682228039269916,2.9682228039269916
2024-04-19 18:00:00,3.184928399597812,3.184928399597812
2024-04-19 19:00:00,3.473301301796515,3.473301301796515
2024-04-19 20:00:00,2.991503911024289,2.991503911024289
2024-04-19 21:00:00,2.7440848407329606,2.7440848407329606
2024-04-19 22:00:00,0.0,0.0
2024-04-19 23:00:00,0.0,0.0
2024-04-20 00:00:00,0.0,0.0
2024-04-20 01:00:00,0.0,0.0
2024-04-20 02:00:00,0.0,0.0
2024-04-20 03:00:00,0.0,0.0
2024-04-20 04:00:00,0.0,0.0
2024-04-20 05:00:00,0.0,0.0
2024-04-20 06:00:00,0.0,0.0
2024-04-20 07:00:00,0.0,0.0
2024-04-20 08:00:00,0.0,0.0
2024-04-20 09:00:00,0.0,0.0
2024-04-20 10:00:00,0.07527552105701502,0.07527552105701502
2024-04-20 11:00:00,0.24130541846195006,0.24130541846195006
2024-04-20 12:00:00,0.5043558507564605,0.5043558507564605
2024-04-20 13:00:00,0.7745939638468115,0.7745939638468115
2024-04-20 14:00:00,1.3076554929217992,1.3076554929217992
2024-04-20 15:00:00,1.378761368674792,1.378761368674792
2024-04-20 16:00:00,1.8610924381417202,1.8610924381417202
2024-04-20 17:00:00,1.9448816811974905,1.9448816811974905
2024-04-20 18:00:00,2.446904295977172,2.446904295977172
2024-04-20 19:00:00,1.8458607219848175,1.8458607219848175
2024-04-20 20:00:00,2.2940446929230767,2.2940446929230767
2024-04-20 21:00:00,2.1692275497293743,2.1692275497293743
2024-04-20 22:00:00,0.0,0.0
2024-04-20 23:00:00,0.0,0.0
2024-04-21 00:00:00,0.0,0.0
2024-04-21 01:00:00,0.0,0.0
2024-04-21 02:00:00,0.0,0.0
2024-04-21 03:00:00,0.0,0.0
2024-04-21 04:00:00,0.0,0.0
2024-04-21 05:00:00,0.0,0.0
2024-04-21 06:00:00,0.0,0.0
2024-04-21 07:00:00,0.0,0.0
2024-04-21 08:00:00,0.0,0.0
2024-04-21 09:00:00,0.0,0.0
2024-04-21 10:00:00,0.07197529639758742,0.07197529639758742
2024-04-21 11:00:00,0.28272167996628733,0.28272167996628733
2024-04-21 12:00:00,0.6151399458542931,0.6151399458542931
2024-04-21 13:00:00,0.8745318298836593,0.8745318298836593
2024-04-21 14:00:00,1.294389500405207,1.294389500405207
2024-04-21 15:00:00,1.2466495809364653,1.2466495809364653
2024-04-21 16:00:00,1.9317726955408059,1.9317726955408059
2024-04-21 17:00:00,2.061791651821211,2.061791651821211
2024-04-21 18:00:00,2.3998247244107076,2.3998247244107076
2024-04-21 19:00:00,2.1438772647547037,2.1438772647547037
2024-04-21 20:00:00,2.227009323647075,2.227009323647075
2024-04-21 21:00:00,1.8935777009740964,1.8935777009740964
2024-04-21 22:00:00,0.0,0.0
2024-04-21 23:00:00,0.0,0.0
2024-04-22 00:00:00,0.0,0.0
2024-04-22 01:00:00,0.0,0.0
2024-04-22 02:00:00,0.0,0.0
2024-04-22 03:00:00,0.0,0.0
2024-04-22 04:00:00,0.0,0.0
2024-04-22 05:00:00,0.0,0.0
2024-04-22 06:00:00,0.0,0.0
2024-04-22 07:00:00,0.0,0.0
2024-04-22 08:00:00,0.0,0.0
2024-04-22 09:00:00,0.0,0.0
2024-04-22 10:00:00,0.1215775940795091,0.1215775940795091
2024-04-22 11:00:00,0.4743023452009516,0.4743023452009516
2024-04-22 12:00:00,0.7524369621248033,0.7524369621248033
2024-04-22 13:00:00,1.2472808184352275,1.2472808184352275
2024-04-22 14:00:00,1.9196125325531168,1.9196125325531168
2024-04-22 15:00:00,2.1425014953777426,2.1425014953777426
2024-04-22 16:00:00,2.974866085802345,2.974866085802345
2024-04-22 17:00:00,2.828234879167086,2.828234879167086
2024-04-22 18:00:00,3.9300924363207,3.9300924363207
2024-04-22 19:00:00,3.14514141004902,3.14514141004902
2024-04-22 20:00:00,3.6266853844484364,3.6266853844484364
2024-04-22 21:00:00,2.7524553091585076,2.7524553091585076
2024-04-22 22:00:00,0.0,0.0
2024-04-22 23:00:00,0.0,0.0
2024-04-23 00:00:00,0.0,0.0
2024-04-23 01:00:00,0.0,0.0
2024-04-23 02:00:00,0.0,0.0
2024-04-23 03:00:00,0.0,0.0
2024-04-23 04:00:00,0.0,0.0
2024-04-23 05:00:00,0.0,0.0
2024-04-23 06:00:00,0.0,0.0
2024-04-23 07:00:00,0.0,0.0
2024-04-23 08:00:00,0.0,0.0
2024-04-23 09:00:00,0.0,0.0
2024-04-23 10:00:00,0.10886449834994347,0.10886449834994347
2024-04-23 11:00:00,0.3977367084311752,0.3977367084311752
2024-04-23 12:00:00,0.7997570552270109,0.7997570552270109
2024-04-23 13:00:00,1.195705511092418,1.195705511092418
2024-04-23 14:00:00,1.9522258337330816,1.9522258337330816
2024-04-23 15:00:00,2.1401005914357905,2.1401005914357905
2024-04-23 16:00:00,2.70367189764017,2.70367189764017
2024-04-23 17:00:00,2.538863995911437,2.538863995911437
2024-04-23 18:00:00,3.033207303110659,3.033207303110659
2024-04-23 19:00:00,3.2849683261328244,3.2849683261328244
2024-04-23 20:00:00,3.0163659936530864,3.0163659936530864
2024-04-23 21:00:00,2.6319446488747897,2.6319446488747897
2024-04-23 22:00:00,0.0,0.0
2024-04-23 23:00:00,0.0,0.0
2024-04-24 00:00:00,0.0,0.0
2024-04-24 01:00:00,0.0,0.0
2024-04-24 02:00:00,0.0,0.0
2024-04-24 03:00:00,0.0,0.0
2024-04-24 04:00:00,0.0,0.0
2024-04-24 05:00:00,0.0,0.0
2024-04-24 06:00:00,0.0,0.0
2024-04-24 07:00:00,0.0,0.0
2024-04-24 08:00:00,0.0,0.0
2024-04-24 09:00:00,0.0,0.0
2024-04-24 10:00:00,0.0977821036383017,0.0977821036383017
2024-04-24 11:00:00,0.3761349999193942,0.3761349999193942
2024-04-24 12:00:00,0.6828108812669671,0.6828108812669671
2024-04-24 13:00:00,1.256638123553265,1.256638123553265
2024-04-24 14:00:00,1.4854362589003323,1.4854362589003323
2024-04-24 15:00:00,1.9797521361062953,1.9797521361062953
2024-04-24 16:00:00,2.6098626796408695,2.6098626796408695
2024-04-24 17:00:00,2.891442003547188,2.891442003547188
2024-04-24 18:00:00,2.6646192613504263,2.6646192613504263
2024-04-24 19:00:00,3.0900569034036725,3.0900569034036725
2024-04-24 20:00:00,3.0161373243197858,3.0161373243197858
2024-04-24 21:00:00,2.414490160240767,2.414490160240767
2024-04-24 22:00:00,0.0,0.0
2024-04-24 23:00:00,0.0,0.0
2024-04-25 00:00:00,0.0,0.0
2024-04-25 01:00:00,0.0,0.0
2024-04-25 02:00:00,0.0,0.0
2024-04-25 03:00:00,0.0,0.0
2024-04-25 04:00:00,0.0,0.0
2024-04-25 05:00:00,0.0,0.0
2024-04-25 06:00:00,0.0,0.0
2024-04-25 07:00:00,0.0,0.0
2024-04-25 08:00:00,0.0,0.0
2024-04-25 09:00:00,0.0,0.0
2024-04-25 10:00:00,0.08040829650627371,0.08040829650627371
2024-04-25 11:00:00,0.43548808287342644,0.43548808287342644
2024-04-25 12:00:00,0.6608548454293148,0.6608548454293148
2024-04-25 13:00:00,1.106867045347723,1.106867045347723
2024-04-25 14:00:00,1.4467040407481193,1.4467040407481193
2024-04-25 15:00:00,2.250175470308287,2.250175470308287
2024-04-25 16:00:00,2.567639415838766,2.567639415838766
2024-04-25 17:00:00,2.5567102122651044,2.5567102122651044
2024-04-25 18:00:00,3.428416628410919,3.428416628410919
2024-04-25 19:00:00,2.5257890616418175,2.5257890616418175
2024-04-25 20:00:00,3.372860313464515,3.372860313464515
2024-04-25 21:00:00,2.4838974300587493,2.4838974300587493
2024-04-25 22:00:00,0.0,0.0
2024-04-25 23:00:00,0.0,0.0
2024-04-26 00:00:00,0.0,0.0
2024-04-26 01:00:00,0.0,0.0
2024-04-26 02:00:00,0.0,0.0
2024-04-26 03:00:00,0.0,0.0
2024-04-26 04:00:00,0.0,0.0
2024-04-26 05:00:00,0.0,0.0
2024-04-26 06:00:00,0.0,0.0
2024-04-26 07:00:00,0.0,0.0
2024-04-26 08:00:00,0.0,0.0
2024-04-26 09:00:00,0.0,0.0
2024-04-26 10:00:00,0.08689855317501388,0.08689855317501388
2024-04-26 11:00:00,0.4021845212435792,0.4021845212435792
2024-04-26 12:00:00,0.8157509975528371,0.8157509975528371
2024-04-26 13:00:00,1.2736219923093002,1.2736219923093002
2024-04-26 14:00:00,1.502215464635072,1.502215464635072
2024-04-26 15:00:00,1.8796719145774285,1.8796719145774285
2024-04-26 16:00:00,2.8410114947645853,2.8410114947645853
2024-04-26 17:00:00,2.20465091802055,2.20465091802055
2024-04-26 18:00:00,3.291725474929168,3.291725474929168
2024-04-26 19:00:00,3.4306993675042543,3.4306993675042543
2024-04-26 20:00:00,2.605481089984722,2.605481089984722
2024-04-26 21:00:00,2.535540432412386,2.535540432412386
2024-04-26 22:00:00,0.0,0.0
2024-04-26 23:00:00,0.0,0.0
2024-04-27 00:00:00,0.0,0.0
2024-04-27 01:00:00,0.0,0.0
2024-04-27 02:00:00,0.0,0.0
2024-04-27 03:00:00,0.0,0.0
2024-04-27 04:00:00,0.0,0.0
2024-04-27 05:00:00,0.0,0.0
2024-04-27 06:00:00,0.0,0.0
2024-04-27 07:00:00,0.0,0.0
2024-04-27 08:00:00,0.0,0.0
2024-04-27 09:00:00,0.0,0.0
2024-04-27 10:00:00,0.06671900261102434,0.06671900261102434
2024-04-27 11:00:00,0.2531144951937673,0.2531144951937673
2024-04-27 12:00:00,0.5196797938549523,0.5196797938549523
2024-04-27 13:00:00,0.7993574406236359,0.7993574406236359
2024-04-27 14:00:00,1.393785936252092,1.393785936252092
2024-04-27 15:00:00,1.3547209687398358,1.3547209687398358
2024-04-27 16:00:00,2.0399807942688235,2.0399807942688235
2024-04-27 17:00:00,1.675058036281827,1.675058036281827
2024-04-27 18:00:00,2.1023778410299223,2.1023778410299223
2024-04-27 19:00:00,2.1125438376090724,2.1125438376090724
2024-04-27 20:00:00,2.1020982220336855,2.1020982220336855
2024-04-27 21:00:00,2.2320496159187035,2.2320496159187035
2024-04-27 22:00:00,0.0,0.0
2024-04-27 23:00:00,0.0,0.0
2024-04-28 00:00:00,0.0,0.0
2024-04-28 01:00:00,0.0,0.0
2024-04-28 02:00:00,0.0,0.0
2024-04-28 03:00:00,0.0,0.0
2024-04-28 04:00:00,0.0,0.0
2024-04-28 05:00:00,0.0,0.0
2024-04-28 06:00:00,0.0,0.0
2024-04-28 07:00:00,0.0,0.0
2024-04-28 08:00:00,0.0,0.0
2024-04-28 09:00:00,0.0,0.0
2024-04-28 10:00:00,0.07547867250154071,0.07547867250154071
2024-04-28 11:00:00,0.2387515952200017,0.2387515952200017
2024-04-28 12:00:00,0.5427754171734414,0.5427754171734414
2024-04-28 13:00:00,0.8150427012915642,0.8150427012915642
2024-04-28 14:00:00,1.1561043603471381,1.1561043603471381
2024-04-28 15:00:00,1.3121307433270233,1.3121307433270233
2024-04-28 16:00:00,1.6355995723665644,1.6355995723665644
2024-04-28 17:00:00,1.784181777904544,1.784181777904544
2024-04-28 18:00:00,1.9095459367984422,1.9095459367984422
2024-04-28 19:00:00,2.0135736614128583,2.0135736614128583
2024-04-28 20:00:00,2.1766817845455777,2.1766817845455777
2024-04-28 21:00:00,1.7081721766417,1.7081721766417
2024-04-28 22:00:00,0.0,0.0
2024-04-28 23:00:00,0.0,0.0
2024-04-29 00:00:00,0.0,0.0
2024-04-29 01:00:00,0.0,0.0
2024-04-29 02:00:00,0.0,0.0
2024-04-29 03:00:00,0.0,0.0
2024-04-29 04:00:00,0.0,0.0
2024-04-29 05:00:00,0.0,0.0
2024-04-29 06:00:00,0.0,0.0
2024-04-29 07:00:00,0.0,0.0
2024-04-29 08:00:00,0.0,0.0
2024-04-29 09:00:00,0.0,0.0
2024-04-29 10:00:00,0.09184084613071736,0.09184084613071736
2024-04-29 11:00:00,0.4400701919813632,0.4400701919813632
2024-04-29 12:00:00,0.7584843990297652,0.7584843990297652
2024-04-29 13:00:00,1.4522192068991948,1.4522192068991948
2024-04-29 14:00:00,1.9843535017541991,1.9843535017541991
2024-04-29 15:00:00,2.4316734236468367,2.4316734236468367
2024-04-29 16:00:00,2.6372021449668464,2.6372021449668464
2024-04-29 17:00:00,2.8320610562096307,2.8320610562096307
2024-04-29 18:00:00,3.4376725181117815,3.4376725181117815
2024-04-29 19:00:00,3.223359393441979,3.223359393441979
2024-04-29 20:00:00,3.4848063817324637,3.4848063817324637
2024-04-29 21:00:00,2.806903303331306,2.806903303331306
2024-04-29 22:00:00,0.0,0.0
2024-04-29 23:00:00,0.0,0.0
2024-04-30 00:00:00,0.0,0.0
2024-04-30 01:00:00,0.0,0.0
2024-04-30 02:00:00,0.0,0.0
2024-04-30 03:00:00,0.0,0.0
2024-04-30 04:00:00,0.0,0.0
2024-04-30 05:00:00,0.0,0.0
2024-04-30 06:00:00,0.0,0.0
2024-04-30 07:00:00,0.0,0.0
2024-04-30 08:00:00,0.0,0.0
2024-04-30 09:00:00,0.0,0.0
2024-04-30 10:00:00,0.1183511253985962,0.1183511253985962
2024-04-30 11:00:00,0.46866077659197086,0.46866077659197086
2024-04-30 12:00:00,0.8963864250406273,0.8963864250406273
2024-04-30 13:00:00,1.3146904658286458,1.3146904658286458
2024-04-30 14:00:00,1.9430337259149206,1.9430337259149206
2024-04-30 15:00:00,2.520258007482524,2.520258007482524
2024-04-30 16:00:00,2.4587632350807858,2.4587632350807858
2024-04-30 17:00:00,2.6503333174603023,2.6503333174603023
2024-04-30 18:00:00,3.110997139935621,3.110997139935621
2024-04-30 19:00:00,3.1514503080594127,3.1514503080594127
2024-04-30 20:00:00,3.578442844458834,3.578442844458834
2024-04-30 21:00:00,3.056088749537105,3.056088749537105
2024-04-30 22:00:00,0.0,0.0
2024-04-30 23:00:00,0.0,0.0
2024-05-01 00:00:00,0.0,0.0
2024-05-01 01:00:00,0.0,0.0
2024-05-01 02:00:00,0.0,0.0
2024-05-01 03:00:00,0.0,0.0
2024-05-01 04:00:00,0.0,0.0
2024-05-01 05:00:00,0.0,0.0
2024-05-01 06:00:00,0.0,0.0
2024-05-01 07:00:00,0.0,0.0
2024-05-01 08:00:00,0.0,0.0
2024-05-01 09:00:00,0.0,0.0
2024-05-01 10:00:00,0.09555573940165202,0.09555573940165202
2024-05-01 11:00:00,0.32221564072855324,0.32221564072855324
2024-05-01 12:00:00,0.6670769940640527,0.6670769940640527
2024-05-01 13:00:00,1.2763091486245575,1.2763091486245575
2024-05-01 14:00:00,1.534936639449671,1.534936639449671
2024-05-01 15:00:00,2.1810725181526207,2.1810725181526207
2024-05-01 16:00:00,2.634205807590645,2.634205807590645
2024-05-01 17:00:00,2.3967702586904394,2.3967702586904394
2024-05-01 18:00:00,3.164075078457973,3.164075078457973
2024-05-01 19:00:00,3.239839631349397,3.239839631349397
2024-05-01 20:00:00,2.871289935696506,2.871289935696506
2024-05-01 21:00:00,2.7970048159669973,2.7970048159669973
2024-05-01 22:00:00,0.0,0.0
2024-05-01 23:00:00,0.0,0.0
2024-05-02 00:00:00,0.0,0.0
2024-05-02 01:00:00,0.0,0.0
2024-05-02 02:00:00,0.0,0.0
2024-05-02 03:00:00,0.0,0.0
2024-05-02 04:00:00,0.0,0.0
2024-05-02 05:00:00,0.0,0.0
2024-05-02 06:00:00,0.0,0.0
2024-05-02 07:00:00,0.0,0.0
2024-05-02 08:00:00,0.0,0.0
2024-05-02 09:00:00,0.0,0.0
2024-05-02 10:00:00,0.1052475254002655,0.1052475254002655
2024-05-02 11:00:00,0.4055084492759088,0.4055084492759088
2024-05-02 12:00:00,0.9533955724659248,0.9533955724659248
2024-05-02 13:00:00,1.3695361175038516,1.3695361175038516
2024-05-02 14:00:00,1.8181724413158395,1.8181724413158395
2024-05-02 15:00:00,2.184651799174188,2.184651799174188
2024-05-02 16:00:00,2.562013457454746,2.562013457454746
2024-05-02 17:00:00,3.022629975046414,3.022629975046414
2024-05-02 18:00:00,3.363582265197461,3.363582265197461
2024-05-02 19:00:00,2.813180487129176,2.813180487129176
2024-05-02 20:00:00,3.8411832076691375,3.8411832076691375
2024-05-02 21:00:00,3.407917981870249,3.407917981870249
2024-05-02 22:00:00,0.0,0.0
2024-05-02 23:00:00,0.0,0.0
2024-05-03 00:00:00,0.0,0.0
2024-05-03 01:00:00,0.0,0.0
2024-05-03 02:00:00,0.0,0.0
2024-05-03 03:00:00,0.0,0.0
2024-05-03 04:00:00,0.0,0.0
2024-05-03 05:00:00,0.0,0.0
2024-05-03 06:00:00,0.0,0.0
2024-05-03 07:00:00,0.0,0.0
2024-05-03 08:00:00,0.0,0.0
2024-05-03 09:00:00,0.0,0.0
2024-05-03 10:00:00,0.09801027758959027,0.09801027758959027
2024-05-03 11:00:00,0.4346908923024194,0.4346908923024194
2024-05-03 12:00:00,0.8704540849934673,0.8704540849934673
2024-05-03 13:00:00,1.608351710497265,1.608351710497265
2024-05-03 14:00:00,2.0636351387426943,2.0636351387426943
2024-05-03 15:00:00,2.5352514152894288,2.5352514152894288
2024-05-03 16:00:00,3.141635587344351,3.141635587344351
2024-05-03 17:00:00,3.2322505882463832,3.2322505882463832
2024-05-03 18:00:00,3.3937588823908134,3.3937588823908134
2024-05-03 19:00:00,2.854689273199028,2.854689273199028
2024-05-03 20:00:00,2.9616595755757418,2.9616595755757418
2024-05-03 21:00:00,3.02186953663311,3.02186953663311
2024-05-03 22:00:00,0.0,0.0
2024-05-03 23:00:00,0.0,0.0
2024-05-04 00:00:00,0.0,0.0
2024-05-04 01:00:00,0.0,0.0
2024-05-04 02:00:00,0.0,0.0
2024-05-04 03:00:00,0.0,0.0
2024-05-04 04:00:00,0.0,0.0
2024-05-04 05:00:00,0.0,0.0
2024-05-04 06:00:00,0.0,0.0
2024-05-04 07:00:00,0.0,0.0
2024-05-04 08:00:00,0.0,0.0
2024-05-04 09:00:00,0.0,0.0
2024-05-04 10:00:00,0.06866280924784735,0.06866280924784735
2024-05-04 11:00:00,0.3230832108943086,0.3230832108943086
2024-05-04 12:00:00,0.61941358047449,0.61941358047449
2024-05-04 13:00:00,0.9703499650262061,0.9703499650262061
2024-05-04 14:00:00,1.329376231771155,1.329376231771155
2024-05-04 15:00:00,1.3948061800983114,1.3948061800983114
2024-05-04 16:00:00,2.061340911358929,2.061340911358929
2024-05-04 17:00:00,1.8207311752718187,1.8207311752718187
2024-05-04 18:00:00,2.2025097819964325,2.2025097819964325
2024-05-04 19:00:00,2.045917251489366,2.045917251489366
2024-05-04 20:00:00,2.2154277500947748,2.2154277500947748
2024-05-04 21:00:00,2.0446646132666326,2.0446646132666326
2024-05-04 22:00:00,0.0,0.0
2024-05-04 23:00:00,0.0,0.0
2024-05-05 00:00:00,0.0,0.0
2024-05-05 01:00:00,0.0,0.0
2024-05-05 02:00:00,0.0,0.0
2024-05-05 03:00:00,0.0,0.0
2024-05-05 04:00:00,0.0,0.0
2024-05-05 05:00:00,0.0,0.0
2024-05-05 06:00:00,0.0,0.0
2024-05-05 07:00:00,0.0,0.0
2024-05-05 08:00:00,0.0,0.0
2024-05-05 09:00:00,0.0,0.0
2024-05-05 10:00:00,0.07339580744532671,0.07339580744532671
2024-05-05 11:00:00,0.23656949232759927,0.23656949232759927
2024-05-05 12:00:00,0.5754357734761445,0.5754357734761445
2024-05-05 13:00:00,0.8515451578916206,0.8515451578916206
2024-05-05 14:00:00,1.080424080892335,1.080424080892335
2024-05-05 15:00:00,1.2582045249295968,1.2582045249295968
2024-05-05 16:00:00,2.021432472191995,2.021432472191995
2024-05-05 17:00:00,1.526013233407064,1.526013233407064
2024-05-05 18:00:00,2.33073355170953,2.33073355170953
2024-05-05 19:00:00,2.1299940048462327,2.1299940048462327
2024-05-05 20:00:00,2.242538590240327,2.242538590240327
2024-05-05 21:00:00,2.056866656705045,2.056866656705045
2024-05-05 22:00:00,0.0,0.0
2024-05-05 23:00:00,0.0,0.0
2024-05-06 00:00:00,0.0,0.0
2024-05-06 01:00:00,0.0,0.0
2024-05-06 02:00:00,0.0,0.0
2024-05-06 03:00:00,0.0,0.0
2024-05-06 04:00:00,0.0,0.0
2024-05-06 05:00:00,0.0,0.0
2024-05-06 06:00:00,0.0,0.0
2024-05-06 07:00:00,0.0,0.0
2024-05-06 08:00:00,0.0,0.0
2024-05-06 09:00:00,0.0,0.0
2024-05-06 10:00:00,0.10196965642381839,0.10196965642381839
2024-05-06 11:00:00,0.32761062726260104,0.32761062726260104
2024-05-06 12:00:00,0.760635612465187,0.760635612465187
2024-05-06 13:00:00,1.2252889122895425,1.2252889122895425
2024-05-06 14:00:00,1.6325239007061678,1.6325239007061678
2024-05-06 15:00:00,1.6489539842695673,1.6489539842695673
2024-05-06 16:00:00,2.145429226519607,2.145429226519607
2024-05-06 17:00:00,2.0615783613209544,2.0615783613209544
2024-05-06 18:00:00,2.943814348235836,2.943814348235836
2024-05-06 19:00:00,3.1510164928319626,3.1510164928319626
2024-05-06 20:00:00,2.9627356039868884,2.9627356039868884
2024-05-06 21:00:00,2.7656029382309235,2.7656029382309235
2024-05-06 22:00:00,0.0,0.0
2024-05-06 23:00:00,0.0,0.0
2024-05-07 00:00:00,0.0,0.0
2024-05-07 01:00:00,0.0,0.0
2024-05-07 02:00:00,0.0,0.0
2024-05-07 03:00:00,0.0,0.0
2024-05-07 04:00:00,0.0,0.0
2024-05-07 05:00:00,0.0,0.0
2024-05-07 06:00:00,0.0,0.0
2024-05-07 07:00:00,0.0,0.0
2024-05-07 08:00:00,0.0,0.0
2024-05-07 09:00:00,0.0,0.0
2024-05-07 10:00:00,0.09643249080358537,0.09643249080358537
2024-05-07 11:00:00,0.4105985953517387,0.4105985953517387
2024-05-07 12:00:00,0.6436767342845666,0.6436767342845666
2024-05-07 13:00:00,1.123534302943887,1.123534302943887
2024-05-07 14:00:00,1.4151911289315249,1.4151911289315249
2024-05-07 15:00:00,1.6240047942130098,1.6240047942130098
2024-05-07 16:00:00,2.4254995989215704,2.4254995989215704
2024-05-07 17:00:00,2.5250339011291256,2.5250339011291256
2024-05-07 18:00:00,3.0073451020245923,3.0073451020245923
2024-05-07 19:00:00,2.680525385887136,2.680525385887136
2024-05-07 20:00:00,2.888910335017599,2.888910335017599
2024-05-07 21:00:00,2.304371692770335,2.304371692770335
2024-05-07 22:00:00,0.0,0.0
2024-05-07 23:00:00,0.0,0.0
2024-05-08 00:00:00,0.0,0.0
2024-05-08 01:00:00,0.0,0.0
2024-05-08 02:00:00,0.0,0.0
2024-05-08 03:00:00,0.0,0.0
2024-05-08 04:00:00,0.0,0.0
2024-05-08 05:00:00,0.0,0.0
2024-05-08 06:00:00,0.0,0.0
2024-05-08 07:00:00,0.0,0.0
2024-05-08 08:00:00,0.0,0.0
2024-05-08 09:00:00,0.0,0.0
2024-05-08 10:00:00,0.11094536627688939,0.11094536627688939
2024-05-08 11:00:00,0.46638346751738596,0.46638346751738596
2024-05-08 12:00:00,0.8579379476079788,0.8579379476079788
2024-05-08 13:00:00,1.2428580455275344,1.2428580455275344
2024-05-08 14:00:00,1.939442908249422,1.939442908249422
2024-05-08 15:00:00,2.0978106615096404,2.0978106615096404
2024-05-08 16:00:00,2.3623156047758465,2.3623156047758465
2024-05-08 17:00:00,2.578914150840942,2.578914150840942
2024-05-08 18:00:00,3.167505197907782,3.167505197907782
2024-05-08 19:00:00,2.996651169662026,2.996651169662026
2024-05-08 20:00:00,3.6016822091978216,3.6016822091978216
2024-05-08 21:00:00,3.277866213612471,3.277866213612471
2024-05-08 22:00:00,0.0,0.0
2024-05-08 23:00:00,0.0,0.0
2024-05-09 00:00:00,0.0,0.0
2024-05-09 01:00:00,0.0,0.0
2024-05-09 02:00:00,0.0,0.0
2024-05-09 03:00:00,0.0,0.0
2024-05-09 04:00:00,0.0,0.0
2024-05-09 05:00:00,0.0,0.0
2024-05-09 06:00:00,0.0,0.0
2024-05-09 07:00:00,0.0,0.0
2024-05-09 08:00:00,0.0,0.0
2024-05-09 09:00:00,0.0,0.0
2024-05-09 10:00:00,0.11992823530816075,0.11992823530816075
2024-05-09 11:00:00,0.40482553708693414,0.40482553708693414
2024-05-09 12:00:00,0.8060802745936856,0.8060802745936856
2024-05-09 13:00:00,1.3277071881894729,1.3277071881894729
2024-05-09 14:00:00,2.0386585557971872,2.0386585557971872
2024-05-09 15:00:00,2.254460391963406,2.254460391963406
2024-05-09 16:00:00,3.1418120632431097,3.1418120632431097
2024-05-09 17:00:00,2.617775884557439,2.617775884557439
2024-05-09 18:00:00,2.977482898254695,2.977482898254695
2024-05-09 19:00:00,3.2973376036232733,3.2973376036232733
2024-05-09 20:00:00,3.168571680020109,3.168571680020109
2024-05-09 21:00:00,3.345359787678052,3.345359787678052
2024-05-09 22:00:00,0.0,0.0
2024-05-09 23:00:00,0.0,0.0
2024-05-10 00:00:00,0.0,0.0
2024-05-10 01:00:00,0.0,0.0
2024-05-10 02:00:00,0.0,0.0
2024-05-10 03:00:00,0.0,0.0
2024-05-10 04:00:00,0.0,0.0
2024-05-10 05:00:00,0.0,0.0
2024-05-10 06:00:00,0.0,0.0
2024-05-10 07:00:00,0.0,0.0
2024-05-10 08:00:00,0.0,0.0
2024-05-10 09:00:00,0.0,0.0
2024-05-10 10:00:00,0.11520209621892606,0.11520209621892606
2024-05-10 11:00:00,0.38878074062115797,0.38878074062115797
2024-05-10 12:00:00,0.8626750363806936,0.8626750363806936
2024-05-10 13:00:00,1.3758180418760084,1.3758180418760084
2024-05-10 14:00:00,1.7240548237401558,1.7240548237401558
2024-05-10 15:00:00,2.067879075403096,2.067879075403096
2024-05-10 16:00:00,3.104186298623768,3.104186298623768
2024-05-10 17:00:00,3.259610908743987,3.259610908743987
2024-05-10 18:00:00,3.0955996445319216,3.0955996445319216
2024-05-10 19:00:00,3.8035010439158907,3.8035010439158907
2024-05-10 20:00:00,3.5222612722781075,3.5222612722781075
2024-05-10 21:00:00,3.296413159603735,3.296413159603735
2024-05-10 22:00:00,0.0,0.0
2024-05-10 23:00:00,0.0,0.0
2024-05-11 00:00:00,0.0,0.0
2024-05-11 01:00:00,0.0,0.0
2024-05-11 02:00:00,0.0,0.0
2024-05-11 03:00:00,0.0,0.0
2024-05-11 04:00:00,0.0,0.0
2024-05-11 05:00:00,0.0,0.0
2024-05-11 06:00:00,0.0,0.0
2024-05-11 07:00:00,0.0,0.0
2024-05-11 08:00:00,0.0,0.0
2024-05-11 09:00:00,0.0,0.0
2024-05-11 10:00:00,0.0755842440818224,0.0755842440818224
2024-05-11 11:00:00,0.2913306146827408,0.2913306146827408
2024-05-11 12:00:00,0.5096161516597019,0.5096161516597019
2024-05-11 13:00:00,0.9477826117612766,0.9477826117612766
2024-05-11 14:00:00,1.2002184072879294,1.2002184072879294
2024-05-11 15:00:00,1.626601916393734,1.626601916393734
2024-05-11 16:00:00,1.9700065671776261,1.9700065671776261
2024-05-11 17:00:00,1.915434459852329,1.915434459852329
2024-05-11 18:00:00,2.312218874751718,2.312218874751718
2024-05-11 19:00:00,2.548678343929462,2.548678343929462
2024-05-11 20:00:00,2.4671336001570427,2.4671336001570427
2024-05-11 21:00:00,2.1132326710045213,2.1132326710045213
2024-05-11 22:00:00,0.0,0.0
2024-05-11 23:00:00,0.0,0.0
2024-05-12 00:00:00,0.0,0.0
2024-05-12 01:00:00,0.0,0.0
2024-05-12 02:00:00,0.0,0.0
2024-05-12 03:00:00,0.0,0.0
2024-05-12 04:00:00,0.0,0.0
2024-05-12 05:00:00,0.0,0.0
2024-05-12 06:00:00,0.0,0.0
2024-05-12 07:00:00,0.0,0.0
2024-05-12 08:00:00,0.0,0.0
2024-05-12 09:00:00,0.0,0.0
2024-05-12 10:00:00,0.08369828176887242,0.08369828176887242
2024-05-12 11:00:00,0.3075914453381205,0.3075914453381205
2024-05-12 12:00:00,0.611468952569026,0.611468952569026
2024-05-12 13:00:00,0.9219337207943851,0.9219337207943851
2024-05-12 14:00:00,1.109730975182761,1.109730975182761
2024-05-12 15:00:00,1.6617798711537681,1.6617798711537681
2024-05-12 16:00:00,1.7228922211833173,1.7228922211833173
2024-05-12 17:00:00,1.7097247925716932,1.7097247925716932
2024-05-12 18:00:00,2.2265297611380244,2.2265297611380244
2024-05-12 19:00:00,1.940874377967755,1.940874377967755
2024-05-12 20:00:00,2.283289424132387,2.283289424132387
2024-05-12 21:00:00,2.2845962578130026,2.2845962578130026
2024-05-12 22:00:00,0.0,0.0
2024-05-12 23:00:00,0.0,0.0
2024-05-13 00:00:00,0.0,0.0
2024-05-13 01:00:00,0.0,0.0
2024-05-13 02:00:00,0.0,0.0
2024-05-13 03:00:00,0.0,0.0
2024-05-13 04:00:00,0.0,0.0
2024-05-13 05:00:00,0.0,0.0
2024-05-13 06:00:00,0.0,0.0
2024-05-13 07:00:00,0.0,0.0
2024-05-13 08:00:00,0.0,0.0
2024-05-13 09:00:00,0.0,0.0
2024-05-13 10:00:00,0.10711220000118316,0.10711220000118316
2024-05-13 11:00:00,0.486044841975882,0.486044841975882
2024-05-13 12:00:00,0.7959993744390884,0.7959993744390884
2024-05-13 13:00:00,1.4216907099800642,1.4216907099800642
2024-05-13 14:00:00,1.746500239825866,1.746500239825866
2024-05-13 15:00:00,2.444101997186902,2.444101997186902
2024-05-13 16:00:00,2.522608644745817,2.522608644745817
2024-05-13 17:00:00,2.471722627302573,2.471722627302573
2024-05-13 18:00:00,3.3942865644420306,3.3942865644420306
2024-05-13 19:00:00,3.434940183711754,3.434940183711754
2024-05-13 20:00:00,3.6437066405108265,3.6437066405108265
2024-05-13 21:00:00,3.173174529846292,3.173174529846292
2024-05-13 22:00:00,0.0,0.0
2024-05-13 23:00:00,0.0,0.0
2024-05-14 00:00:00,0.0,0.0
2024-05-14 01:00:00,0.0,0.0
2024-05-14 02:00:00,0.0,0.0
2024-05-14 03:00:00,0.0,0.0
2024-05-14 04:00:00,0.0,0.0
2024-05-14 05:00:00,0.0,0.0
2024-05-14 06:00:00,0.0,0.0
2024-05-14 07:00:00,0.0,0.0
2024-05-14 08:00:00,0.0,0.0
2024-05-14 09:00:00,0.0,0.0
2024-05-14 10:00:00,0.08597982755176004,0.08597982755176004
2024-05-14 11:00:00,0.3790121347817413,0.3790121347817413
2024-05-14 12:00:00,0.7404690744603102,0.7404690744603102
2024-05-14 13:00:00,1.1312041589844692,1.1312041589844692
2024-05-14 14:00:00,1.4760314522866294,1.4760314522866294
2024-05-14 15:00:00,1.9996059566729625,1.9996059566729625
2024-05-14 16:00:00,2.488789145308861,2.488789145308861
2024-05-14 17:00:00,2.1179323818614373,2.1179323818614373
2024-05-14 18:00:00,2.824107386426817,2.824107386426817
2024-05-14 19:00:00,3.095453627342597,3.095453627342597
2024-05-14 20:00:00,2.442720108582897,2.442720108582897
2024-05-14 21:00:00,2.8987776717307328,2.8987776717307328
2024-05-14 22:00:00,0.0,0.0
2024-05-14 23:00:00,0.0,0.0
2024-05-15 00:00:00,0.0,0.0
2024-05-15 01:00:00,0.0,0.0
2024-05-15 02:00:00,0.0,0.0
2024-05-15 03:00:00,0.0,0.0
2024-05-15 04:00:00,0.0,0.0
2024-05-15 05:00:00,0.0,0.0
2024-05-15 06:00:00,0.0,0.0
2024-05-15 07:00:00,0.0,0.0
2024-05-15 08:00:00,0.0,0.0
2024-05-15 09:00:00,0.0,0.0
2024-05-15 10:00:00,0.09936180623477435,0.09936180623477435
2024-05-15 11:00:00,0.45503081125332456,0.45503081125332456
2024-05-15 12:00:00,0.7675572475752185,0.7675572475752185
2024-05-15 13:00:00,1.2108677927581473,1.2108677927581473
2024-05-15 14:00:00,1.5061735293168017,1.5061735293168017
2024-05-15 15:00:00,2.175122284261444,2.175122284261444
2024-05-15 16:00:00,2.957495425888461,2.957495425888461
2024-05-15 17:00:00,2.218131515821763,2.218131515821763
2024-05-15 18:00:00,3.3485369275814123,3.3485369275814123
2024-05-15 19:00:00,3.393671764533413,3.393671764533413
2024-05-15 20:00:00,2.6892592569466016,2.6892592569466016
2024-05-15 21:00:00,2.5130703945210855,2.5130703945210855
2024-05-15 22:00:00,0.0,0.0
2024-05-15 23:00:00,0.0,0.0
2024-05-16 00:00:00,0.0,0.0
2024-05-16 01:00:00,0.0,0.0
2024-05-16 02:00:00,0.0,0.0
2024-05-16 03:00:00,0.0,0.0
2024-05-16 04:00:00,0.0,0.0
2024-05-16 05:00:00,0.0,0.0
2024-05-16 06:00:00,0.0,0.0
2024-05-16 07:00:00,0.0,0.0
2024-05-16 08:00:00,0.0,0.0
2024-05-16 09:00:00,0.0,0.0
2024-05-16 10:00:00,0.08087716629070511,0.08087716629070511
2024-05-16 11:00:00,0.37375211168507133,0.37375211168507133
2024-05-16 12:00:00,0.6283889606272643,0.6283889606272643
2024-05-16 13:00:00,1.134677433699755,1.134677433699755
2024-05-16 14:00:00,1.4415437699368103,1.4415437699368103
2024-05-16 15:00:00,1.9731793291278317,1.9731793291278317
2024-05-16 16:00:00,2.608979615936535,2.608979615936535
2024-05-16 17:00:00,2.0788212665840176,2.0788212665840176
2024-05-16 18:00:00,3.20227736693635,3.20227736693635
2024-05-16 19:00:00,3.09326650556516,3.09326650556516
2024-05-16 20:00:00,2.7246095535004593,2.7246095535004593
2024-05-16 21:00:00,2.7663896251239732,2.7663896251239732
2024-05-16 22:00:00,0.0,0.0
2024-05-16 23:00:00,0.0,0.0
2024-05-17 00:00:00,0.0,0.0
2024-05-17 01:00:00,0.0,0.0
2024-05-17 02:00:00,0.0,0.0
2024-05-17 03:00:00,0.0,0.0
2024-05-17 04:00:00,0.0,0.0
2024-05-17 05:00:00,0.0,0.0
2024-05-17 06:00:00,0.0,0.0
2024-05-17 07:00:00,0.0,0.0
2024-05-17 08:00:00,0.0,0.0
2024-05-17 09:00:00,0.0,0.0
2024-05-17 10:00:00,0.09486125242259749,0.09486125242259749
2024-05-17 11:00:00,0.3881425340415723,0.3881425340415723
2024-05-17 12:00:00,0.6803059380783499,0.6803059380783499
2024-05-17 13:00:00,1.3671656642854066,1.3671656642854066
2024-05-17 14:00:00,1.6031683366933827,1.6031683366933827
2024-05-17 15:00:00,1.899984803093375,1.899984803093375
2024-05-17 16:00:00,2.279537460311298,2.279537460311298
2024-05-17 17:00:00,2.5310950527007967,2.5310950527007967
2024-05-17 18:00:00,3.55202101962767,3.55202101962767
2024-05-17 19:00:00,2.9215688712126484,2.9215688712126484
2024-05-17 20:00:00,3.3168878109505053,3.3168878109505053
2024-05-17 21:00:00,3.129859543193028,3.129859543193028
2024-05-17 22:00:00,0.0,0.0
2024-05-17 23:00:00,0.0,0.0
2024-05-18 00:00:00,0.0,0.0
2024-05-18 01:00:00,0.0,0.0
2024-05-18 02:00:00,0.0,0.0
2024-05-18 03:00:00,0.0,0.0
2024-05-18 04:00:00,0.0,0.0
2024-05-18 05:00:00,0.0,0.0
2024-05-18 06:00:00,0.0,0.0
2024-05-18 07:00:00,0.0,0.0
2024-05-18 08:00:00,0.0,0.0
2024-05-18 09:00:00,0.0,0.0
2024-05-18 10:00:00,0.07771877033651788,0.07771877033651788
2024-05-18 11:00:00,0.24979581112154323,0.24979581112154323
2024-05-18 12:00:00,0.5346255555189287,0.5346255555189287
2024-05-18 13:00:00,1.0218535963264876,1.0218535963264876
2024-05-18 14:00:00,1.3421980418007757,1.3421980418007757
2024-05-18 15:00:00,1.5528673539742621,1.5528673539742621
2024-05-18 16:00:00,1.7780175949892703,1.7780175949892703
2024-05-18 17:00:00,1.779393073931881,1.779393073931881
2024-05-18 18:00:00,2.6000808607703556,2.6000808607703556
2024-05-18 19:00:00,2.1567605373711887,2.1567605373711887
2024-05-18 20:00:00,2.2152381106411747,2.2152381106411747
2024-05-18 21:00:00,2.110809005161322,2.110809005161322
2024-05-18 22:00:00,0.0,0.0
2024-05-18 23:00:00,0.0,0.0
2024-05-19 00:00:00,0.0,0.0
2024-05-19 01:00:00,0.0,0.0
2024-05-19 02:00:00,0.0,0.0
2024-05-19 03:00:00,0.0,0.0
2024-05-19 04:00:00,0.0,0.0
2024-05-19 05:00:00,0.0,0.0
2024-05-19 06:00:00,0.0,0.0
2024-05-19 07:00:00,0.0,0.0
2024-05-19 08:00:00,0.0,0.0
2024-05-19 09:00:00,0.0,0.0
2024-05-19 10:00:00,0.07257400575465049,0.07257400575465049
2024-05-19 11:00:00,0.30346933003070725,0.30346933003070725
2024-05-19 12:00:00,0.502198203671743,0.502198203671743
2024-05-19 13:00:00,0.9154721363050917,0.9154721363050917
2024-05-19 14:00:00,1.2207114613743106,1.2207114613743106
2024-05-19 15:00:00,1.2292670256629203,1.2292670256629203
2024-05-19 16:00:00,2.0171398780528667,2.0171398780528667
2024-05-19 17:00:00,1.8786707680771275,1.8786707680771275
2024-05-19 18:00:00,1.9538139506858985,1.9538139506858985
2024-05-19 19:00:00,2.3185123600854305,2.3185123600854305
2024-05-19 20:00:00,2.3109953416284212,2.3109953416284212
2024-05-19 21:00:00,2.1584098281444186,2.1584098281444186
2024-05-19 22:00:00,0.0,0.0
2024-05-19 23:00:00,0.0,0.0
2024-05-20 00:00:00,0.0,0.0
2024-05-20 01:00:00,0.0,0.0
2024-05-20 02:00:00,0.0,0.0
2024-05-20 03:00:00,0.0,0.0
2024-05-20 04:00:00,0.0,0.0
2024-05-20 05:00:00,0.0,0.0
2024-05-20 06:00:00,0.0,0.0
2024-05-20 07:00:00,0.0,0.0
2024-05-20 08:00:00,0.0,0.0
2024-05-20 09:00:00,0.0,0.0
2024-05-20 10:00:00,0.10379410579520375,0.10379410579520375
2024-05-20 11:00:00,0.45929578070411947,0.45929578070411947
2024-05-20 12:00:00,0.8904620213742083,0.8904620213742083
2024-05-20 13:00:00,1.4616964576785876,1.4616964576785876
2024-05-20 14:00:00,1.8151365729791074,1.8151365729791074
2024-05-20 15:00:00,2.1157483730821585,2.1157483730821585
2024-05-20 16:00:00,2.3296885234168907,2.3296885234168907
2024-05-20 17:00:00,2.6118429178306264,2.6118429178306264
2024-05-20 18:00:00,3.364837884275396,3.364837884275396
2024-05-20 19:00:00,3.0208497887728325,3.0208497887728325
2024-05-20 20:00:00,3.4158378359136727,3.4158378359136727
2024-05-20 21:00:00,2.5073713673814164,2.5073713673814164
2024-05-20 22:00:00,0.0,0.0
2024-05-20 23:00:00,0.0,0.0
2024-05-21 00:00:00,0.0,0.0
2024-05-21 01:00:00,0.0,0.0
2024-05-21 02:00:00,0.0,0.0
2024-05-21 03:00:00,0.0,0.0
2024-05-21 04:00:00,0.0,0.0
2024-05-21 05:00:00,0.0,0.0
2024-05-21 06:00:00,0.0,0.0
2024-05-21 07:00:00,0.0,0.0
2024-05-21 08:00:00,0.0,0.0
2024-05-21 09:00:00,0.0,0.0
2024-05-21 10:00:00,0.090087097408908,0.090087097408908
2024-05-21 11:00:00,0.41326047491414686,0.41326047491414686
2024-05-21 12:00:00,0.7018906413431462,0.7018906413431462
2024-05-21 13:00:00,1.2265443061771966,1.2265443061771966
2024-05-21 14:00:00,1.8896313474523962,1.8896313474523962
2024-05-21 15:00:00,2.0833276975811788,2.0833276975811788
2024-05-21 16:00:00,2.8936551791294893,2.8936551791294893
2024-05-21 17:00:00,2.3746011009832033,2.3746011009832033
2024-05-21 18:00:00,2.9687917406102957,2.9687917406102957
2024-05-21 19:00:00,2.9869853289848076,2.9869853289848076
2024-05-21 20:00:00,3.069027190653489,3.069027190653489
2024-05-21 21:00:00,3.2760773167643396,3.2760773167643396
2024-05-21 22:00:00,0.0,0.0
2024-05-21 23:00:00,0.0,0.0
2024-05-22 00:00:00,0.0,0.0
2024-05-22 01:00:00,0.0,0.0
2024-05-22 02:00:00,0.0,0.0
2024-05-22 03:00:00,0.0,0.0
2024-05-22 04:00:00,0.0,0.0
2024-05-22 05:00:00,0.0,0.0
2024-05-22 06:00:00,0.0,0.0
2024-05-22 07:00:00,0.0,0.0
2024-05-22 08:00:00,0.0,0.0
2024-05-22 09:00:00,0.0,0.0
2024-05-22 10:00:00,0.10678544447438804,0.10678544447438804
2024-05-22 11:00:00,0.49037754995682453,0.49037754995682453
2024-05-22 12:00:00,0.770938825619884,0.770938825619884
2024-05-22 13:00:00,1.618595271815958,1.618595271815958
2024-05-22 14:00:00,2.0125975788511625,2.0125975788511625
2024-05-22 15:00:00,2.477918930602921,2.477918930602921
2024-05-22 16:00:00,2.805770155910224,2.805770155910224
2024-05-22 17:00:00,3.0989268732895834,3.0989268732895834
2024-05-22 18:00:00,3.204699048897012,3.204699048897012
2024-05-22 19:00:00,3.534270156737405,3.534270156737405
2024-05-22 20:00:00,2.9953375469879986,2.9953375469879986
2024-05-22 21:00:00,2.920373190010934,2.920373190010934
2024-05-22 22:00:00,0.0,0.0
2024-05-22 23:00:00,0.0,0.0
2024-05-23 00:00:00,0.0,0.0
2024-05-23 01:00:00,0.0,0.0
2024-05-23 02:00:00,0.0,0.0
2024-05-23 03:00:00,0.0,0.0
2024-05-23 04:00:00,0.0,0.0
2024-05-23 05:00:00,0.0,0.0
2024-05-23 06:00:00,0.0,0.0
2024-05-23 07:00:00,0.0,0.0
2024-05-23 08:00:00,0.0,0.0
2024-05-23 09:00:00,0.0,0.0
2024-05-23 10:00:00,0.09398691784318643,0.09398691784318643
2024-05-23 11:00:00,0.39655899793120225,0.39655899793120225
2024-05-23 12:00:00,0.8408994748210411,0.8408994748210411
2024-05-23 13:00:00,1.2110204085266647,1.2110204085266647
2024-05-23 14:00:00,1.8295611714429305,1.8295611714429305
2024-05-23 15:00:00,1.9321607713474078,1.9321607713474078
2024-05-23 16:00:00,2.8054822933157255,2.8054822933157255
2024-05-23 17:00:00,2.246288611843744,2.246288611843744
2024-05-23 18:00:00,2.6759236715072476,2.6759236715072476
2024-05-23 19:00:00,3.431316863727773,3.431316863727773
2024-05-23 20:00:00,3.39818012241766,3.39818012241766
2024-05-23 21:00:00,3.1487131559832733,3.1487131559832733
2024-05-23 22:00:00,0.0,0.0
2024-05-23 23:00:00,0.0,0.0
2024-05-24 00:00:00,0.0,0.0
2024-05-24 01:00:00,0.0,0.0
2024-05-24 02:00:00,0.0,0.0
2024-05-24 03:00:00,0.0,0.0
2024-05-24 04:00:00,0.0,0.0
2024-05-24 05:00:00,0.0,0.0
2024-05-24 06:00:00,0.0,0.0
2024-05-24 07:00:00,0.0,0.0
2024-05-24 08:00:00,0.0,0.0
2024-05-24 09:00:00,0.0,0.0
2024-05-24 10:00:00,0.0902630359107373,0.0902630359107373
2024-05-24 11:00:00,0.4037455077833745,0.4037455077833745
2024-05-24 12:00:00,0.8489457331709966,0.8489457331709966
2024-05-24 13:00:00,1.303816323950034,1.303816323950034
2024-05-24 14:00:00,1.7381793148933138,1.7381793148933138
2024-05-24 15:00:00,1.9149608755542393,1.9149608755542393
2024-05-24 16:00:00,2.260000857720163,2.260000857720163
2024-05-24 17:00:00,2.376390295872575,2.376390295872575
2024-05-24 18:00:00,3.4589101159913853,3.4589101159913853
2024-05-24 19:00:00,3.031227747535904,3.031227747535904
2024-05-24 20:00:00,2.796405861365981,2.796405861365981
2024-05-24 21:00:00,2.725692949944881,2.725692949944881
2024-05-24 22:00:00,0.0,0.0
2024-05-24 23:00:00,0.0,0.0
2024-05-25 00:00:00,0.0,0.0
2024-05-25 01:00:00,0.0,0.0
2024-05-25 02:00:00,0.0,0.0
2024-05-25 03:00:00,0.0,0.0
2024-05-25 04:00:00,0.0,0.0
2024-05-25 05:00:00,0.0,0.0
2024-05-25 06:00:00,0.0,0.0
2024-05-25 07:00:00,0.0,0.0
2024-05-25 08:00:00,0.0,0.0
2024-05-25 09:00:00,0.0,0.0
2024-05-25 10:00:00,0.07698660055458331,0.07698660055458331
2024-05-25 11:00:00,0.26336531457079315,0.26336531457079315
2024-05-25 12:00:00,0.6116916779485057,0.6116916779485057
2024-05-25 13:00:00,0.9424936233967759,0.9424936233967759
2024-05-25 14:00:00,1.1300456997051607,1.1300456997051607
2024-05-25 15:00:00,1.2642645227843323,1.2642645227843323
2024-05-25 16:00:00,2.03213017738007,2.03213017738007
2024-05-25 17:00:00,1.6725168690992418,1.6725168690992418
2024-05-25 18:00:00,1.9380333370644132,1.9380333370644132
2024-05-25 19:00:00,2.32229655530986,2.32229655530986
2024-05-25 20:00:00,2.1104558720731807,2.1104558720731807
2024-05-25 21:00:00,1.9725260151396473,1.9725260151396473
2024-05-25 22:00:00,0.0,0.0
2024-05-25 23:00:00,0.0,0.0
2024-05-26 00:00:00,0.0,0.0
2024-05-26 01:00:00,0.0,0.0
2024-05-26 02:00:00,0.0,0.0
2024-05-26 03:00:00,0.0,0.0
2024-05-26 04:00:00,0.0,0.0
2024-05-26 05:00:00,0.0,0.0
2024-05-26 06:00:00,0.0,0.0
2024-05-26 07:00:00,0.0,0.0
2024-05-26 08:00:00,0.0,0.0
2024-05-26 09:00:00,0.0,0.0
2024-05-26 10:00:00,0.07586352677820613,0.07586352677820613
2024-05-26 11:00:00,0.3095200899621226,0.3095200899621226
2024-05-26 12:00:00,0.5686292739316271,0.5686292739316271
2024-05-26 13:00:00,0.8281586651150851,0.8281586651150851
2024-05-26 14:00:00,1.13800868221277,1.13800868221277
2024-05-26 15:00:00,1.2940510022409517,1.2940510022409517
2024-05-26 16:00:00,1.5879063439848107,1.5879063439848107
2024-05-26 17:00:00,1.7190275564358113,1.7190275564358113
2024-05-26 18:00:00,2.204625315901752,2.204625315901752
2024-05-26 19:00:00,1.989057070430898,1.989057070430898
2024-05-26 20:00:00,2.198187733081701,2.198187733081701
2024-05-26 21:00:00,1.8441145967648893,1.8441145967648893
2024-05-26 22:00:00,0.0,0.0
2024-05-26 23:00:00,0.0,0.0
2024-05-27 00:00:00,0.0,0.0
2024-05-27 01:00:00,0.0,0.0
2024-05-27 02:00:00,0.0,0.0
2024-05-27 03:00:00,0.0,0.0
2024-05-27 04:00:00,0.0,0.0
2024-05-27 05:00:00,0.0,0.0
2024-05-27 06:00:00,0.0,0.0
2024-05-27 07:00:00,0.0,0.0
2024-05-27 08:00:00,0.0,0.0
2024-05-27 09:00:00,0.0,0.0
2024-05-27 10:00:00,0.102074047893229,0.102074047893229
2024-05-27 11:00:00,0.4980007849650517,0.4980007849650517
2024-05-27 12:00:00,0.8833685802746252,0.8833685802746252
2024-05-27 13:00:00,1.3706330199203023,1.3706330199203023
2024-05-27 14:00:00,1.5900161667104953,1.5900161667104953
2024-05-27 15:00:00,2.309490001241876,2.309490001241876
2024-05-27 16:00:00,2.482005736626958,2.482005736626958
2024-05-27 17:00:00,2.857931578781152,2.857931578781152
2024-05-27 18:00:00,3.6690149270310024,3.6690149270310024
2024-05-27 19:00:00,3.2103837274895595,3.2103837274895595
2024-05-27 20:00:00,3.1640594429812317,3.1640594429812317
2024-05-27 21:00:00,2.6862058658650714,2.6862058658650714
2024-05-27 22:00:00,0.0,0.0
2024-05-27 23:00:00,0.0,0.0
2024-05-28 00:00:00,0.0,0.0
2024-05-28 01:00:00,0.0,0.0
2024-05-28 02:00:00,0.0,0.0
2024-05-28 03:00:00,0.0,0.0
2024-05-28 04:00:00,0.0,0.0
2024-05-28 05:00:00,0.0,0.0
2024-05-28 06:00:00,0.0,0.0
2024-05-28 07:00:00,0.0,0.0
2024-05-28 08:00:00,0.0,0.0
2024-05-28 09:00:00,0.0,0.0
2024-05-28 10:00:00,0.11534828456201046,0.11534828456201046
2024-05-28 11:00:00,0.503728436970285,0.503728436970285
2024-05-28 12:00:00,0.9198925394478865,0.9198925394478865
2024-05-28 13:00:00,1.572819079784733,1.572819079784733
2024-05-28 14:00:00,2.031155115866214,2.031155115866214
2024-05-28 15:00:00,2.3991666263793796,2.3991666263793796
2024-05-28 16:00:00,3.086851644459625,3.086851644459625
2024-05-28 17:00:00,3.192890211782152,3.192890211782152
2024-05-28 18:00:00,3.3889755840143705,3.3889755840143705
2024-05-28 19:00:00,3.4252184807153827,3.4252184807153827
2024-05-28 20:00:00,3.3849051394780316,3.3849051394780316
2024-05-28 21:00:00,3.4388078493044394,3.4388078493044394
2024-05-28 22:00:00,0.0,0.0
2024-05-28 23:00:00,0.0,0.0
2024-05-29 00:00:00,0.0,0.0
2024-05-29 01:00:00,0.0,0.0
2024-05-29 02:00:00,0.0,0.0
2024-05-29 03:00:00,0.0,0.0
2024-05-29 04:00:00,0.0,0.0
2024-05-29 05:00:00,0.0,0.0
2024-05-29 06:00:00,0.0,0.0
2024-05-29 07:00:00,0.0,0.0
2024-05-29 08:00:00,0.0,0.0
2024-05-29 09:00:00,0.0,0.0
2024-05-29 10:00:00,0.09763550469021853,0.09763550469021853
2024-05-29 11:00:00,0.46119468759317017,0.46119468759317017
2024-05-29 12:00:00,0.9159984188430145,0.9159984188430145
2024-05-29 13:00:00,1.37563460699677,1.37563460699677
2024-05-29 14:00:00,1.6606449504430412,1.6606449504430412
2024-05-29 15:00:00,2.0029909342319674,2.0029909342319674
2024-05-29 16:00:00,3.0844108238808774,3.0844108238808774
2024-05-29 17:00:00,2.7894582141514546,2.7894582141514546
2024-05-29 18:00:00,2.9478229052046925,2.9478229052046925
2024-05-29 19:00:00,3.4482465307903576,3.4482465307903576
2024-05-29 20:00:00,3.068604719580827,3.068604719580827
2024-05-29 21:00:00,3.4084541458538133,3.4084541458538133
2024-05-29 22:00:00,0.0,0.0
2024-05-29 23:00:00,0.0,0.0
2024-05-30 00:00:00,0.0,0.0
2024-05-30 01:00:00,0.0,0.0
2024-05-30 02:00:00,0.0,0.0
2024-05-30 03:00:00,0.0,0.0
2024-05-30 04:00:00,0.0,0.0
2024-05-30 05:00:00,0.0,0.0
2024-05-30 06:00:00,0.0,0.0
2024-05-30 07:00:00,0.0,0.0
2024-05-30 08:00:00,0.0,0.0
2024-05-30 09:00:00,0.0,0.0
2024-05-30 10:00:00,0.08643824226587417,0.08643824226587417
2024-05-30 11:00:00,0.3276513332457434,0.3276513332457434
2024-05-30 12:00:00,0.6730252006160065,0.6730252006160065
2024-05-30 13:00:00,1.0510296657017069,1.0510296657017069
2024-05-30 14:00:00,1.7099041327547324,1.7099041327547324
2024-05-30 15:00:00,1.918476305034931,1.918476305034931
2024-05-30 16:00:00,2.292830688573773,2.292830688573773
2024-05-30 17:00:00,2.5225491739448116,2.5225491739448116
2024-05-30 18:00:00,3.021906422136779,3.021906422136779
2024-05-30 19:00:00,3.170590825571231,3.170590825571231
2024-05-30 20:00:00,3.2671165632120682,3.2671165632120682
2024-05-30 21:00:00,2.7933297213243757,2.7933297213243757
2024-05-30 22:00:00,0.0,0.0
2024-05-30 23:00:00,0.0,0.0
2024-05-31 00:00:00,0.0,0.0
2024-05-31 01:00:00,0.0,0.0
2024-05-31 02:00:00,0.0,0.0
2024-05-31 03:00:00,0.0,0.0
2024-05-31 04:00:00,0.0,0.0
2024-05-31 05:00:00,0.0,0.0
2024-05-31 06:00:00,0.0,0.0
2024-05-31 07:00:00,0.0,0.0
2024-05-31 08:00:00,0.0,0.0
2024-05-31 09:00:00,0.0,0.0
2024-05-31 10:00:00,0.11295853074720433,0.11295853074720433
2024-05-31 11:00:00,0.3615188202741108,0.3615188202741108
2024-05-31 12:00:00,0.7565360791340041,0.7565360791340041
2024-05-31 13:00:00,1.397330456555267,1.397330456555267
2024-05-31 14:00:00,1.5694366548832528,1.5694366548832528
2024-05-31 15:00:00,1.97133185654285,1.97133185654285
2024-05-31 16:00:00,2.2491068179494955,2.2491068179494955
2024-05-31 17:00:00,2.346643249401468,2.346643249401468
2024-05-31 18:00:00,3.224914934750666,3.224914934750666
2024-05-31 19:00:00,3.1893187500700475,3.1893187500700475
2024-05-31 20:00:00,3.2639742546286676,3.2639742546286676
2024-05-31 21:00:00,3.1254841760769922,3.1254841760769922
2024-05-31 22:00:00,0.0,0.0
2024-05-31 23:00:00,0.0,0.0
2024-06-01 00:00:00,0.0,0.0
2024-06-01 01:00:00,0.0,0.0
2024-06-01 02:00:00,0.0,0.0
2024-06-01 03:00:00,0.0,0.0
2024-06-01 04:00:00,0.0,0.0
2024-06-01 05:00:00,0.0,0.0
2024-06-01 06:00:00,0.0,0.0
2024-06-01 07:00:00,0.0,0.0
2024-06-01 08:00:00,0.0,0.0
2024-06-01 09:00:00,0.0,0.0
2024-06-01 10:00:00,0.057738810157991656,0.057738810157991656
2024-06-01 11:00:00,0.27071814013246576,0.27071814013246576
2024-06-01 12:00:00,0.44919030809921945,0.44919030809921945
2024-06-01 13:00:00,0.8430065725106326,0.8430065725106326
2024-06-01 14:00:00,1.0809290029540324,1.0809290029540324
2024-06-01 15:00:00,1.3286569500855865,1.3286569500855865
2024-06-01 16:00:00,1.5998064020781866,1.5998064020781866
2024-06-01 17:00:00,1.804602519435834,1.804602519435834
2024-06-01 18:00:00,2.2775863079845666,2.2775863079845666
2024-06-01 19:00:00,2.1505651889241126,2.1505651889241126
2024-06-01 20:00:00,2.117428971323222,2.117428971323222
2024-06-01 21:00:00,1.9044152083804555,1.9044152083804555
2024-06-01 22:00:00,0.0,0.0
2024-06-01 23:00:00,0.0,0.0
2024-06-02 00:00:00,0.0,0.0
2024-06-02 01:00:00,0.0,0.0
2024-06-02 02:00:00,0.0,0.0
2024-06-02 03:00:00,0.0,0.0
2024-06-02 04:00:00,0.0,0.0
2024-06-02 05:00:00,0.0,0.0
2024-06-02 06:00:00,0.0,0.0
2024-06-02 07:00:00,0.0,0.0
2024-06-02 08:00:00,0.0,0.0
2024-06-02 09:00:00,0.0,0.0
2024-06-02 10:00:00,0.07394659871331938,0.07394659871331938
2024-06-02 11:00:00,0.24755634806146928,0.24755634806146928
2024-06-02 12:00:00,0.6087371797949794,0.6087371797949794
2024-06-02 13:00:00,0.8702011362204934,0.8702011362204934
2024-06-02 14:00:00,1.2747340551739044,1.2747340551739044
2024-06-02 15:00:00,1.5312862464503019,1.5312862464503019
2024-06-02 16:00:00,1.936936942240724,1.936936942240724
2024-06-02 17:00:00,1.9081473461493557,1.9081473461493557
2024-06-02 18:00:00,2.541837822040962,2.541837822040962
2024-06-02 19:00:00,2.1573385363647457,2.1573385363647457
2024-06-02 20:00:00,2.3586437984343642,2.3586437984343642
2024-06-02 21:00:00,2.1612063774257617,2.1612063774257617
2024-06-02 22:00:00,0.0,0.0
2024-06-02 23:00:00,0.0,0.0
2024-06-03 00:00:00,0.0,0.0
2024-06-03 01:00:00,0.0,0.0
2024-06-03 02:00:00,0.0,0.0
2024-06-03 03:00:00,0.0,0.0
2024-06-03 04:00:00,0.0,0.0
2024-06-03 05:00:00,0.0,0.0
2024-06-03 06:00:00,0.0,0.0
2024-06-03 07:00:00,0.0,0.0
2024-06-03 08:00:00,0.0,0.0
2024-06-03 09:00:00,0.0,0.0
2024-06-03 10:00:00,0.0840580862377944,0.0840580862377944
2024-06-03 11:00:00,0.422649071216224,0.422649071216224
2024-06-03 12:00:00,0.7450958079008556,0.7450958079008556
2024-06-03 13:00:00,1.4765121400928278,1.4765121400928278
2024-06-03 14:00:00,1.6002618265701671,1.6002618265701671
2024-06-03 15:00:00,2.0919545056117705,2.0919545056117705
2024-06-03 16:00:00,2.400613826211927,2.400613826211927
2024-06-03 17:00:00,2.6766474010093684,2.6766474010093684
2024-06-03 18:00:00,3.092164948674353,3.092164948674353
2024-06-03 19:00:00,2.891416607774592,2.891416607774592
2024-06-03 20:00:00,2.808283751752807,2.808283751752807
2024-06-03 21:00:00,2.514061049819433,2.514061049819433
2024-06-03 22:00:00,0.0,0.0
2024-06-03 23:00:00,0.0,0.0
2024-06-04 00:00:00,0.0,0.0
2024-06-04 01:00:00,0.0,0.0
2024-06-04 02:00:00,0.0,0.0
2024-06-04 03:00:00,0.0,0.0
2024-06-04 04:00:00,0.0,0.0
2024-06-04 05:00:00,0.0,0.0
2024-06-04 06:00:00,0.0,0.0
2024-06-04 07:00:00,0.0,0.0
2024-06-04 08:00:00,0.0,0.0
2024-06-04 09:00:00,0.0,0.0
2024-06-04 10:00:00,0.11195229619875821,0.11195229619875821
2024-06-04 11:00:00,0.4424885026509128,0.4424885026509128
2024-06-04 12:00:00,0.8802467714278915,0.8802467714278915
2024-06-04 13:00:00,1.2025596767263882,1.2025596767263882
2024-06-04 14:00:00,1.5046042642824302,1.5046042642824302
2024-06-04 15:00:00,2.1481131702654204,2.1481131702654204
2024-06-04 16:00:00,2.5951886665279225,2.5951886665279225
2024-06-04 17:00:00,2.5953240828134687,2.5953240828134687
2024-06-04 18:00:00,3.5125041001046506,3.5125041001046506
2024-06-04 19:00:00,3.109126002376246,3.109126002376246
2024-06-04 20:00:00,2.9006586642138643,2.9006586642138643
2024-06-04 21:00:00,2.7538333084954583,2.7538333084954583
2024-06-04 22:00:00,0.0,0.0
2024-06-04 23:00:00,0.0,0.0
2024-06-05 00:00:00,0.0,0.0
2024-06-05 01:00:00,0.0,0.0
2024-06-05 02:00:00,0.0,0.0
2024-06-05 03:00:00,0.0,0.0
2024-06-05 04:00:00,0.0,0.0
2024-06-05 05:00:00,0.0,0.0
2024-06-05 06:00:00,0.0,0.0
2024-06-05 07:00:00,0.0,0.0
2024-06-05 08:00:00,0.0,0.0
2024-06-05 09:00:00,0.0,0.0
2024-06-05 10:00:00,0.09162989081714538,0.09162989081714538
2024-06-05 11:00:00,0.420082967153279,0.420082967153279
2024-06-05 12:00:00,0.7120610559216299,0.7120610559216299
2024-06-05 13:00:00,1.1886697240251574,1.1886697240251574
2024-06-05 14:00:00,1.4998651050442338,1.4998651050442338
2024-06-05 15:00:00,1.9465219985342832,1.9465219985342832
2024-06-05 16:00:00,2.474329921307976,2.474329921307976
2024-06-05 17:00:00,2.5535697727363655,2.5535697727363655
2024-06-05 18:00:00,2.8836293021020043,2.8836293021020043
2024-06-05 19:00:00,2.5965801872208103,2.5965801872208103
2024-06-05 20:00:00,3.226466331001534,3.226466331001534
2024-06-05 21:00:00,2.559528726563044,2.559528726563044
2024-06-05 22:00:00,0.0,0.0
2024-06-05 23:00:00,0.0,0.0
2024-06-06 00:00:00,0.0,0.0
2024-06-06 01:00:00,0.0,0.0
2024-06-06 02:00:00,0.0,0.0
2024-06-06 03:00:00,0.0,0.0
2024-06-06 04:00:00,0.0,0.0
2024-06-06 05:00:00,0.0,0.0
2024-06-06 06:00:00,0.0,0.0
2024-06-06 07:00:00,0.0,0.0
2024-06-06 08:00:00,0.0,0.0
2024-06-06 09:00:00,0.0,0.0
2024-06-06 10:00:00,0.09587316345572867,0.09587316345572867
2024-06-06 11:00:00,0.43100801331349725,0.43100801331349725
2024-06-06 12:00:00,0.8027928078486037,0.8027928078486037
2024-06-06 13:00:00,1.1739247793678065,1.1739247793678065
2024-06-06 14:00:00,1.5137041916606178,1.5137041916606178
2024-06-06 15:00:00,1.910454104529909,1.910454104529909
2024-06-06 16:00:00,2.4138571946587706,2.4138571946587706
2024-06-06 17:00:00,2.74118970683345,2.74118970683345
2024-06-06 18:00:00,2.8991270264329065,2.8991270264329065
2024-06-06 19:00:00,3.4452778547413954,3.4452778547413954
2024-06-06 20:00:00,2.891639950174939,2.891639950174939
2024-06-06 21:00:00,2.565631295025255,2.565631295025255
2024-06-06 22:00:00,0.0,0.0
2024-06-06 23:00:00,0.0,0.0
2024-06-07 00:00:00,0.0,0.0
2024-06-07 01:00:00,0.0,0.0
2024-06-07 02:00:00,0.0,0.0
2024-06-07 03:00:00,0.0,0.0
2024-06-07 04:00:00,0.0,0.0
2024-06-07 05:00:00,0.0,0.0
2024-06-07 06:00:00,0.0,0.0
2024-06-07 07:00:00,0.0,0.0
2024-06-07 08:00:00,0.0,0.0
2024-06-07 09:00:00,0.0,0.0
2024-06-07 10:00:00,0.08706474461172023,0.08706474461172023
2024-06-07 11:00:00,0.4250452498709536,0.4250452498709536
2024-06-07 12:00:00,0.7289195026998304,0.7289195026998304
2024-06-07 13:00:00,1.2409470438581482,1.2409470438581482
2024-06-07 14:00:00,1.482207904609765,1.482207904609765
2024-06-07 15:00:00,2.0519968938758626,2.0519968938758626
2024-06-07 16:00:00,2.324211485136039,2.324211485136039
2024-06-07 17:00:00,2.531640280433324,2.531640280433324
2024-06-07 18:00:00,2.7896821552583866,2.7896821552583866
2024-06-07 19:00:00,3.4187208085609426,3.4187208085609426
2024-06-07 20:00:00,2.754784659990198,2.754784659990198
2024-06-07 21:00:00,2.8652133471590875,2.8652133471590875
2024-06-07 22:00:00,0.0,0.0
2024-06-07 23:00:00,0.0,0.0
2024-06-08 00:00:00,0.0,0.0
2024-06-08 01:00:00,0.0,0.0
2024-06-08 02:00:00,0.0,0.0
2024-06-08 03:00:00,0.0,0.0
2024-06-08 04:00:00,0.0,0.0
2024-06-08 05:00:00,0.0,0.0
2024-06-08 06:00:00,0.0,0.0
2024-06-08 07:00:00,0.0,0.0
2024-06-08 08:00:00,0.0,0.0
2024-06-08 09:00:00,0.0,0.0
2024-06-08 10:00:00,0.061044348235948724,0.061044348235948724
2024-06-08 11:00:00,0.27049958430593707,0.27049958430593707
2024-06-08 12:00:00,0.6103180754527643,0.6103180754527643
2024-06-08 13:00:00,1.017363847683938,1.017363847683938
2024-06-08 14:00:00,1.3151947923813525,1.3151947923813525
2024-06-08 15:00:00,1.364753254434505,1.364753254434505
2024-06-08 16:00:00,1.5403839244602404,1.5403839244602404
2024-06-08 17:00:00,1.6652334657984176,1.6652334657984176
2024-06-08 18:00:00,1.9582165255604733,1.9582165255604733
2024-06-08 19:00:00,1.7488632886855022,1.7488632886855022
2024-06-08 20:00:00,1.8429900113622035,1.8429900113622035
2024-06-08 21:00:00,1.909518195280275,1.909518195280275
2024-06-08 22:00:00,0.0,0.0
2024-06-08 23:00:00,0.0,0.0
2024-06-09 00:00:00,0.0,0.0
2024-06-09 01:00:00,0.0,0.0
2024-06-09 02:00:00,0.0,0.0
2024-06-09 03:00:00,0.0,0.0
2024-06-09 04:00:00,0.0,0.0
2024-06-09 05:00:00,0.0,0.0
2024-06-09 06:00:00,0.0,0.0
2024-06-09 07:00:00,0.0,0.0
2024-06-09 08:00:00,0.0,0.0
2024-06-09 09:00:00,0.0,0.0
2024-06-09 10:00:00,0.06469585101075676,0.06469585101075676
2024-06-09 11:00:00,0.33209732066098113,0.33209732066098113
2024-06-09 12:00:00,0.4942898236067362,0.4942898236067362
2024-06-09 13:00:00,0.9720443737340491,0.9720443737340491
2024-06-09 14:00:00,1.255822878081484,1.255822878081484
2024-06-09 15:00:00,1.3915477484523957,1.3915477484523957
2024-06-09 16:00:00,1.8702383265639553,1.8702383265639553
2024-06-09 17:00:00,1.6589512482574191,1.6589512482574191
2024-06-09 18:00:00,2.4403011755847923,2.4403011755847923
2024-06-09 19:00:00,2.020188574657517,2.020188574657517
2024-06-09 20:00:00,2.0507749499775807,2.0507749499775807
2024-06-09 21:00:00,1.9693771233005242,1.9693771233005242
2024-06-09 22:00:00,0.0,0.0
2024-06-09 23:00:00,0.0,0.0
2024-06-10 00:00:00,0.0,0.0
2024-06-10 01:00:00,0.0,0.0
2024-06-10 02:00:00,0.0,0.0
2024-06-10 03:00:00,0.0,0.0
2024-06-10 04:00:00,0.0,0.0
2024-06-10 05:00:00,0.0,0.0
2024-06-10 06:00:00,0.0,0.0
2024-06-10 07:00:00,0.0,0.0
2024-06-10 08:00:00,0.0,0.0
2024-06-10 09:00:00,0.0,0.0
2024-06-10 10:00:00,0.10224842000901736,0.10224842000901736
2024-06-10 11:00:00,0.4903014877479898,0.4903014877479898
2024-06-10 12:00:00,0.8333309737143668,0.8333309737143668
2024-06-10 13:00:00,1.5781619559218245,1.5781619559218245
2024-06-10 14:00:00,1.8364957213918829,1.8364957213918829
2024-06-10 15:00:00,2.4433145954052558,2.4433145954052558
2024-06-10 16:00:00,2.5506194309472376,2.5506194309472376
2024-06-10 17:00:00,3.2219782922857814,3.2219782922857814
2024-06-10 18:00:00,3.434527676795126,3.434527676795126
2024-06-10 19:00:00,3.087813058888886,3.087813058888886
2024-06-10 20:00:00,3.145156781800709,3.145156781800709
2024-06-10 21:00:00,2.9260393309605357,2.9260393309605357
2024-06-10 22:00:00,0.0,0.0
2024-06-10 23:00:00,0.0,0.0
2024-06-11 00:00:00,0.0,0.0
2024-06-11 01:00:00,0.0,0.0
2024-06-11 02:00:00,0.0,0.0
2024-06-11 03:00:00,0.0,0.0
2024-06-11 04:00:00,0.0,0.0
2024-06-11 05:00:00,0.0,0.0
2024-06-11 06:00:00,0.0,0.0
2024-06-11 07:00:00,0.0,0.0
2024-06-11 08:00:00,0.0,0.0
2024-06-11 09:00:00,0.0,0.0
2024-06-11 10:00:00,0.11498919906998882,0.11498919906998882
2024-06-11 11:00:00,0.3992011348248679,0.3992011348248679
2024-06-11 12:00:00,0.8875506001649967,0.8875506001649967
2024-06-11 13:00:00,1.275340389770927,1.275340389770927
2024-06-11 14:00:00,2.031909138025268,2.031909138025268
2024-06-11 15:00:00,2.1227226221208877,2.1227226221208877
2024-06-11 16:00:00,3.033219771889381,3.033219771889381
2024-06-11 17:00:00,3.2110918004284796,3.2110918004284796
2024-06-11 18:00:00,3.125627980973708,3.125627980973708
2024-06-11 19:00:00,3.222246677027788,3.222246677027788
2024-06-11 20:00:00,3.561836105748493,3.561836105748493
2024-06-11 21:00:00,3.073549793475484,3.073549793475484
2024-06-11 22:00:00,0.0,0.0
2024-06-11 23:00:00,0.0,0.0
2024-06-12 00:00:00,0.0,0.0
2024-06-12 01:00:00,0.0,0.0
2024-06-12 02:00:00,0.0,0.0
2024-06-12 03:00:00,0.0,0.0
2024-06-12 04:00:00,0.0,0.0
2024-06-12 05:00:00,0.0,0.0
2024-06-12 06:00:00,0.0,0.0
2024-06-12 07:00:00,0.0,0.0
2024-06-12 08:00:00,0.0,0.0
2024-06-12 09:00:00,0.0,0.0
2024-06-12 10:00:00,0.09871989792407286,0.09871989792407286
2024-06-12 11:00:00,0.414086728789764,0.414086728789764
2024-06-12 12:00:00,0.679253817790783,0.679253817790783
2024-06-12 13:00:00,1.1713516929449974,1.1713516929449974
2024-06-12 14:00:00,1.4818924574454073,1.4818924574454073
2024-06-12 15:00:00,2.2078961501148626,2.2078961501148626
2024-06-12 16:00:00,2.8398884154286814,2.8398884154286814
2024-06-12 17:00:00,2.3322547317529407,2.3322547317529407
2024-06-12 18:00:00,2.8499079665763767,2.8499079665763767
2024-06-12 19:00:00,2.8385443900735567,2.8385443900735567
2024-06-12 20:00:00,3.1552935285624133,3.1552935285624133
2024-06-12 21:00:00,2.9392547073173154,2.9392547073173154
2024-06-12 22:00:00,0.0,0.0
2024-06-12 23:00:00,0.0,0.0
2024-06-13 00:00:00,0.0,0.0
2024-06-13 01:00:00,0.0,0.0
2024-06-13 02:00:00,0.0,0.0
2024-06-13 03:00:00,0.0,0.0
2024-06-13 04:00:00,0.0,0.0
2024-06-13 05:00:00,0.0,0.0
2024-06-13 06:00:00,0.0,0.0
2024-06-13 07:00:00,0.0,0.0
2024-06-13 08:00:00,0.0,0.0
2024-06-13 09:00:00,0.0,0.0
2024-06-13 10:00:00,0.1047270636443016,0.1047270636443016
2024-06-13 11:00:00,0.4227087320539298,0.4227087320539298
2024-06-13 12:00:00,0.7613450527386203,0.7613450527386203
2024-06-13 13:00:00,1.3688851437303386,1.3688851437303386
2024-06-13 14:00:00,1.5305842735981123,1.5305842735981123
2024-06-13 15:00:00,2.052570768071557,2.052570768071557
2024-06-13 16:00:00,2.797453021643262,2.797453021643262
2024-06-13 17:00:00,2.3785013511100535,2.3785013511100535
2024-06-13 18:00:00,3.026231606764365,3.026231606764365
2024-06-13 19:00:00,3.32575762122038,3.32575762122038
2024-06-13 20:00:00,3.27007036247948,3.27007036247948
2024-06-13 21:00:00,3.0929368633332324,3.0929368633332324
2024-06-13 22:00:00,0.0,0.0
2024-06-13 23:00:00,0.0,0.0
2024-06-14 00:00:00,0.0,0.0
2024-06-14 01:00:00,0.0,0.0
2024-06-14 02:00:00,0.0,0.0
2024-06-14 03:00:00,0.0,0.0
2024-06-14 04:00:00,0.0,0.0
2024-06-14 05:00:00,0.0,0.0
2024-06-14 06:00:00,0.0,0.0
2024-06-14 07:00:00,0.0,0.0
2024-06-14 08:00:00,0.0,0.0
2024-06-14 09:00:00,0.0,0.0
2024-06-14 10:00:00,0.09260321714835285,0.09260321714835285
2024-06-14 11:00:00,0.4198400337543595,0.4198400337543595
2024-06-14 12:00:00,0.7850276309852403,0.7850276309852403
2024-06-14 13:00:00,1.3384838547086686,1.3384838547086686
2024-06-14 14:00:00,1.5438213338178792,1.5438213338178792
2024-06-14 15:00:00,1.9563616977776417,1.9563616977776417
2024-06-14 16:00:00,2.10395003853614,2.10395003853614
2024-06-14 17:00:00,2.3554409825280556,2.3554409825280556
2024-06-14 18:00:00,2.928227562110548,2.928227562110548
2024-06-14 19:00:00,2.633600325766515,2.633600325766515
2024-06-14 20:00:00,2.502799146757693,2.502799146757693
2024-06-14 21:00:00,2.8424245079590165,2.8424245079590165
2024-06-14 22:00:00,0.0,0.0
2024-06-14 23:00:00,0.0,0.0
2024-06-15 00:00:00,0.0,0.0
2024-06-15 01:00:00,0.0,0.0
2024-06-15 02:00:00,0.0,0.0
2024-06-15 03:00:00,0.0,0.0
2024-06-15 04:00:00,0.0,0.0
2024-06-15 05:00:00,0.0,0.0
2024-06-15 06:00:00,0.0,0.0
2024-06-15 07:00:00,0.0,0.0
2024-06-15 08:00:00,0.0,0.0
2024-06-15 09:00:00,0.0,0.0
2024-06-15 10:00:00,0.06268863542766773,0.06268863542766773
2024-06-15 11:00:00,0.30488712061839446,0.30488712061839446
2024-06-15 12:00:00,0.5191628505462127,0.5191628505462127
2024-06-15 13:00:00,0.9289501347167,0.9289501347167
2024-06-15 14:00:00,1.0707043188021217,1.0707043188021217
2024-06-15 15:00:00,1.204077315615149,1.204077315615149
2024-06-15 16:00:00,1.7235505892793748,1.7235505892793748
2024-06-15 17:00:00,1.7901876353711639,1.7901876353711639
2024-06-15 18:00:00,2.1146018854318824,2.1146018854318824
2024-06-15 19:00:00,2.347622755873977,2.347622755873977
2024-06-15 20:00:00,2.243730798741926,2.243730798741926
2024-06-15 21:00:00,2.2405314578505915,2.2405314578505915
2024-06-15 22:00:00,0.0,0.0
2024-06-15 23:00:00,0.0,0.0
2024-06-16 00:00:00,0.0,0.0
2024-06-16 01:00:00,0.0,0.0
2024-06-16 02:00:00,0.0,0.0
2024-06-16 03:00:00,0.0,0.0
2024-06-16 04:00:00,0.0,0.0
2024-06-16 05:00:00,0.0,0.0
2024-06-16 06:00:00,0.0,0.0
2024-06-16 07:00:00,0.0,0.0
2024-06-16 08:00:00,0.0,0.0
2024-06-16 09:00:00,0.0,0.0
2024-06-16 10:00:00,0.06182052927179808,0.06182052927179808
2024-06-16 11:00:00,0.25603673023662377,0.25603673023662377
2024-06-16 12:00:00,0.4877637560098331,0.4877637560098331
2024-06-16 13:00:00,0.9303101937628013,0.9303101937628013
2024-06-16 14:00:00,1.0581337878314374,1.0581337878314374
2024-06-16 15:00:00,1.5693001851000525,1.5693001851000525
2024-06-16 16:00:00,1.884047276638752,1.884047276638752
2024-06-16 17:00:00,2.0374825779822694,2.0374825779822694
2024-06-16 18:00:00,2.0896726348575267,2.0896726348575267
2024-06-16 19:00:00,2.1675576158035916,2.1675576158035916
2024-06-16 20:00:00,1.9548637338409878,1.9548637338409878
2024-06-16 21:00:00,2.274031965587652,2.274031965587652
2024-06-16 22:00:00,0.0,0.0
2024-06-16 23:00:00,0.0,0.0
2024-06-17 00:00:00,0.0,0.0
2024-06-17 01:00:00,0.0,0.0
2024-06-17 02:00:00,0.0,0.0
2024-06-17 03:00:00,0.0,0.0
2024-06-17 04:00:00,0.0,0.0
2024-06-17 05:00:00,0.0,0.0
2024-06-17 06:00:00,0.0,0.0
2024-06-17 07:00:00,0.0,0.0
2024-06-17 08:00:00,0.0,0.0
2024-06-17 09:00:00,0.0,0.0
2024-06-17 10:00:00,0.08953992190404467,0.08953992190404467
2024-06-17 11:00:00,0.3777815063126637,0.3777815063126637
2024-06-17 12:00:00,0.6603695966364936,0.6603695966364936
2024-06-17 13:00:00,1.26848317364454,1.26848317364454
2024-06-17 14:00:00,1.461978170209136,1.461978170209136
2024-06-17 15:00:00,2.0667007023482613,2.0667007023482613
2024-06-17 16:00:00,2.155653541599139,2.155653541599139
2024-06-17 17:00:00,2.821111201172928,2.821111201172928
2024-06-17 18:00:00,3.149362199730688,3.149362199730688
2024-06-17 19:00:00,2.5999469848401,2.5999469848401
2024-06-17 20:00:00,2.515883029793253,2.515883029793253
2024-06-17 21:00:00,2.584127480035787,2.584127480035787
2024-06-17 22:00:00,0.0,0.0
2024-06-17 23:00:00,0.0,0.0
2024-06-18 00:00:00,0.0,0.0
2024-06-18 01:00:00,0.0,0.0
2024-06-18 02:00:00,0.0,0.0
2024-06-18 03:00:00,0.0,0.0
2024-06-18 04:00:00,0.0,0.0
2024-06-18 05:00:00,0.0,0.0
2024-06-18 06:00:00,0.0,0.0
2024-06-18 07:00:00,0.0,0.0
2024-06-18 08:00:00,0.0,0.0
2024-06-18 09:00:00,0.0,0.0
2024-06-18 10:00:00,0.10313172385797463,0.10313172385797463
2024-06-18 11:00:00,0.4864294967209694,0.4864294967209694
2024-06-18 12:00:00,0.8624599167174878,0.8624599167174878
2024-06-18 13:00:00,1.4858722592723126,1.4858722592723126
2024-06-18 14:00:00,1.9998647368754499,1.9998647368754499
2024-06-18 15:00:00,2.4601966581015757,2.4601966581015757
2024-06-18 16:00:00,2.8049005522790105,2.8049005522790105
2024-06-18 17:00:00,2.826431611124449,2.826431611124449
2024-06-18 18:00:00,3.6305174594876006,3.6305174594876006
2024-06-18 19:00:00,3.049272211690103,3.049272211690103
2024-06-18 20:00:00,3.7208325855867947,3.7208325855867947
2024-06-18 21:00:00,2.6586508431551987,2.6586508431551987
2024-06-18 22:00:00,0.0,0.0
2024-06-18 23:00:00,0.0,0.0
2024-06-19 00:00:00,0.0,0.0
2024-06-19 01:00:00,0.0,0.0
2024-06-19 02:00:00,0.0,0.0
2024-06-19 03:00:00,0.0,0.0
2024-06-19 04:00:00,0.0,0.0
2024-06-19 05:00:00,0.0,0.0
2024-06-19 06:00:00,0.0,0.0
2024-06-19 07:00:00,0.0,0.0
2024-06-19 08:00:00,0.0,0.0
2024-06-19 09:00:00,0.0,0.0
2024-06-19 10:00:00,0.10744545916484571,0.10744545916484571
2024-06-19 11:00:00,0.36895902974970857,0.36895902974970857
2024-06-19 12:00:00,0.8415197136746055,0.8415197136746055
2024-06-19 13:00:00,1.3503339909848666,1.3503339909848666
2024-06-19 14:00:00,1.6665519002058755,1.6665519002058755
2024-06-19 15:00:00,1.9710858387441959,1.9710858387441959
2024-06-19 16:00:00,2.785902067842004,2.785902067842004
2024-06-19 17:00:00,2.7628971149384647,2.7628971149384647
2024-06-19 18:00:00,3.3065517379785705,3.3065517379785705
2024-06-19 19:00:00,3.3990010420458,3.3990010420458
2024-06-19 20:00:00,3.010315653115429,3.010315653115429
2024-06-19 21:00:00,3.0548711224476324,3.0548711224476324
2024-06-19 22:00:00,0.0,0.0
2024-06-19 23:00:00,0.0,0.0
2024-06-20 00:00:00,0.0,0.0
2024-06-20 01:00:00,0.0,0.0
2024-06-20 02:00:00,0.0,0.0
2024-06-20 03:00:00,0.0,0.0
2024-06-20 04:00:00,0.0,0.0
2024-06-20 05:00:00,0.0,0.0
2024-06-20 06:00:00,0.0,0.0
2024-06-20 07:00:00,0.0,0.0
2024-06-20 08:00:00,0.0,0.0
2024-06-20 09:00:00,0.0,0.0
2024-06-20 10:00:00,0.10142527721685722,0.10142527721685722
2024-06-20 11:00:00,0.3388135036075163,0.3388135036075163
2024-06-20 12:00:00,0.8280390336319537,0.8280390336319537
2024-06-20 13:00:00,1.2379364810404228,1.2379364810404228
2024-06-20 14:00:00,1.3640329157168365,1.3640329157168365
2024-06-20 15:00:00,1.6465036227025858,1.6465036227025858
2024-06-20 16:00:00,2.0836699631439197,2.0836699631439197
2024-06-20 17:00:00,2.4474172272286974,2.4474172272286974
2024-06-20 18:00:00,3.148342333005569,3.148342333005569
2024-06-20 19:00:00,2.69404934813114,2.69404934813114
2024-06-20 20:00:00,2.7961356301007143,2.7961356301007143
2024-06-20 21:00:00,2.6952850193705262,2.6952850193705262
2024-06-20 22:00:00,0.0,0.0
2024-06-20 23:00:00,0.0,0.0
2024-06-21 00:00:00,0.0,0.0
2024-06-21 01:00:00,0.0,0.0
2024-06-21 02:00:00,0.0,0.0
2024-06-21 03:00:00,0.0,0.0
2024-06-21 04:00:00,0.0,0.0
2024-06-21 05:00:00,0.0,0.0
2024-06-21 06:00:00,0.0,0.0
2024-06-21 07:00:00,0.0,0.0
2024-06-21 08:00:00,0.0,0.0
2024-06-21 09:00:00,0.0,0.0
2024-06-21 10:00:00,0.10770637644811407,0.10770637644811407
2024-06-21 11:00:00,0.3760001215690232,0.3760001215690232
2024-06-21 12:00:00,0.8650476652227075,0.8650476652227075
2024-06-21 13:00:00,1.1179121333679511,1.1179121333679511
2024-06-21 14:00:00,1.7670315312193856,1.7670315312193856
2024-06-21 15:00:00,2.3428962769983763,2.3428962769983763
2024-06-21 16:00:00,2.839926299691532,2.839926299691532
2024-06-21 17:00:00,2.885364356764668,2.885364356764668
2024-06-21 18:00:00,3.055859428148644,3.055859428148644
2024-06-21 19:00:00,3.3327991137168556,3.3327991137168556
2024-06-21 20:00:00,3.1596380223304585,3.1596380223304585
2024-06-21 21:00:00,2.9754981356317582,2.9754981356317582
2024-06-21 22:00:00,0.0,0.0
2024-06-21 23:00:00,0.0,0.0
2024-06-22 00:00:00,0.0,0.0
2024-06-22 01:00:00,0.0,0.0
2024-06-22 02:00:00,0.0,0.0
2024-06-22 03:00:00,0.0,0.0
2024-06-22 04:00:00,0.0,0.0
2024-06-22 05:00:00,0.0,0.0
2024-06-22 06:00:00,0.0,0.0
2024-06-22 07:00:00,0.0,0.0
2024-06-22 08:00:00,0.0,0.0
2024-06-22 09:00:00,0.0,0.0
2024-06-22 10:00:00,0.059973567658621246,0.059973567658621246
2024-06-22 11:00:00,0.2464735620990644,0.2464735620990644
2024-06-22 12:00:00,0.5616071072998619,0.5616071072998619
2024-06-22 13:00:00,1.0186766955197732,1.0186766955197732
2024-06-22 14:00:00,1.0743745340685555,1.0743745340685555
2024-06-22 15:00:00,1.304150615928958,1.304150615928958
2024-06-22 16:00:00,1.8918230030134549,1.8918230030134549
2024-06-22 17:00:00,1.7023164670271136,1.7023164670271136
2024-06-22 18:00:00,2.390455969179565,2.390455969179565
2024-06-22 19:00:00,2.444303304718176,2.444303304718176
2024-06-22 20:00:00,2.382966987412358,2.382966987412358
2024-06-22 21:00:00,2.268006947753583,2.268006947753583
2024-06-22 22:00:00,0.0,0.0
2024-06-22 23:00:00,0.0,0.0
2024-06-23 00:00:00,0.0,0.0
2024-06-23 01:00:00,0.0,0.0
2024-06-23 02:00:00,0.0,0.0
2024-06-23 03:00:00,0.0,0.0
2024-06-23 04:00:00,0.0,0.0
2024-06-23 05:00:00,0.0,0.0
2024-06-23 06:00:00,0.0,0.0
2024-06-23 07:00:00,0.0,0.0
2024-06-23 08:00:00,0.0,0.0
2024-06-23 09:00:00,0.0,0.0
2024-06-23 10:00:00,0.06728070940853008,0.06728070940853008
2024-06-23 11:00:00,0.2854669611693804,0.2854669611693804
2024-06-23 12:00:00,0.6066995329301819,0.6066995329301819
2024-06-23 13:00:00,0.9477823088022328,0.9477823088022328
2024-06-23 14:00:00,1.0150949429998029,1.0150949429998029
2024-06-23 15:00:00,1.382634985891416,1.382634985891416
2024-06-23 16:00:00,1.8037292708608124,1.8037292708608124
2024-06-23 17:00:00,1.5673429776786243,1.5673429776786243
2024-06-23 18:00:00,2.0760504496592853,2.0760504496592853
2024-06-23 19:00:00,1.9090752390121224,1.9090752390121224
2024-06-23 20:00:00,1.8524589527055473,1.8524589527055473
2024-06-23 21:00:00,1.9380831902824873,1.9380831902824873
2024-06-23 22:00:00,0.0,0.0
2024-06-23 23:00:00,0.0,0.0
2024-06-24 00:00:00,0.0,0.0
2024-06-24 01:00:00,0.0,0.0
2024-06-24 02:00:00,0.0,0.0
2024-06-24 03:00:00,0.0,0.0
2024-06-24 04:00:00,0.0,0.0
2024-06-24 05:00:00,0.0,0.0
2024-06-24 06:00:00,0.0,0.0
2024-06-24 07:00:00,0.0,0.0
2024-06-24 08:00:00,0.0,0.0
2024-06-24 09:00:00,0.0,0.0
2024-06-24 10:00:00,0.08737828303197588,0.08737828303197588
2024-06-24 11:00:00,0.34123587259949956,0.34123587259949956
2024-06-24 12:00:00,0.7903350260486832,0.7903350260486832
2024-06-24 13:00:00,1.2643003908365615,1.2643003908365615
2024-06-24 14:00:00,1.4584389947846312,1.4584389947846312
2024-06-24 15:00:00,2.098656137911049,2.098656137911049
2024-06-24 16:00:00,2.4692771587404025,2.4692771587404025
2024-06-24 17:00:00,2.562865286179028,2.562865286179028
2024-06-24 18:00:00,2.8367611511869875,2.8367611511869875
2024-06-24 19:00:00,2.800676818651371,2.800676818651371
2024-06-24 20:00:00,2.6427651574928133,2.6427651574928133
2024-06-24 21:00:00,2.906412817244065,2.906412817244065
2024-06-24 22:00:00,0.0,0.0
2024-06-24 23:00:00,0.0,0.0
2024-06-25 00:00:00,0.0,0.0
2024-06-25 01:00:00,0.0,0.0
2024-06-25 02:00:00,0.0,0.0
2024-06-25 03:00:00,0.0,0.0
2024-06-25 04:00:00,0.0,0.0
2024-06-25 05:00:00,0.0,0.0
2024-06-25 06:00:00,0.0,0.0
2024-06-25 07:00:00,0.0,0.0
2024-06-25 08:00:00,0.0,0.0
2024-06-25 09:00:00,0.0,0.0
2024-06-25 10:00:00,0.09120301776522963,0.09120301776522963
2024-06-25 11:00:00,0.4633780416747375,0.4633780416747375
2024-06-25 12:00:00,0.7529719724923735,0.7529719724923735
2024-06-25 13:00:00,1.297924346895092,1.297924346895092
2024-06-25 14:00:00,1.9678015313470303,1.9678015313470303
2024-06-25 15:00:00,2.231569777458698,2.231569777458698
2024-06-25 16:00:00,2.379521919447055,2.379521919447055
2024-06-25 17:00:00,2.3646762769277356,2.3646762769277356
2024-06-25 18:00:00,3.3709926436557542,3.3709926436557542
2024-06-25 19:00:00,3.0472587200961776,3.0472587200961776
2024-06-25 20:00:00,2.9983205241574047,2.9983205241574047
2024-06-25 21:00:00,3.166191051311902,3.166191051311902
2024-06-25 22:00:00,0.0,0.0
2024-06-25 23:00:00,0.0,0.0
2024-06-26 00:00:00,0.0,0.0
2024-06-26 01:00:00,0.0,0.0
2024-06-26 02:00:00,0.0,0.0
2024-06-26 03:00:00,0.0,0.0
2024-06-26 04:00:00,0.0,0.0
2024-06-26 05:00:00,0.0,0.0
2024-06-26 06:00:00,0.0,0.0
2024-06-26 07:00:00,0.0,0.0
2024-06-26 08:00:00,0.0,0.0
2024-06-26 09:00:00,0.0,0.0
2024-06-26 10:00:00,0.1065956317219219,0.1065956317219219
2024-06-26 11:00:00,0.366341801238658,0.366341801238658
2024-06-26 12:00:00,0.727326662764127,0.727326662764127
2024-06-26 13:00:00,1.2126546331051908,1.2126546331051908
2024-06-26 14:00:00,1.4434639789582864,1.4434639789582864
2024-06-26 15:00:00,1.9209297161118253,1.9209297161118253
2024-06-26 16:00:00,2.8563888129659656,2.8563888129659656
2024-06-26 17:00:00,2.8764874368148763,2.8764874368148763
2024-06-26 18:00:00,2.7322463380439848,2.7322463380439848
2024-06-26 19:00:00,2.943322839613256,2.943322839613256
2024-06-26 20:00:00,2.9455468866332244,2.9455468866332244
2024-06-26 21:00:00,2.8108459520622633,2.8108459520622633
2024-06-26 22:00:00,0.0,0.0
2024-06-26 23:00:00,0.0,0.0
2024-06-27 00:00:00,0.0,0.0
2024-06-27 01:00:00,0.0,0.0
2024-06-27 02:00:00,0.0,0.0
2024-06-27 03:00:00,0.0,0.0
2024-06-27 04:00:00,0.0,0.0
2024-06-27 05:00:00,0.0,0.0
2024-06-27 06:00:00,0.0,0.0
2024-06-27 07:00:00,0.0,0.0
2024-06-27 08:00:00,0.0,0.0
2024-06-27 09:00:00,0.0,0.0
2024-06-27 10:00:00,0.10351647567107818,0.10351647567107818
2024-06-27 11:00:00,0.412977919750765,0.412977919750765
2024-06-27 12:00:00,0.9675726895673009,0.9675726895673009
2024-06-27 13:00:00,1.2739904905314052,1.2739904905314052
2024-06-27 14:00:00,1.6411552775166631,1.6411552775166631
2024-06-27 15:00:00,2.0035482499615713,2.0035482499615713
2024-06-27 16:00:00,2.942547368251917,2.942547368251917
2024-06-27 17:00:00,3.216621238954423,3.216621238954423
2024-06-27 18:00:00,3.1194145132838424,3.1194145132838424
2024-06-27 19:00:00,3.6608095615887417,3.6608095615887417
2024-06-27 20:00:00,3.121976088622238,3.121976088622238
2024-06-27 21:00:00,3.22440139286502,3.22440139286502
2024-06-27 22:00:00,0.0,0.0
2024-06-27 23:00:00,0.0,0.0
2024-06-28 00:00:00,0.0,0.0
2024-06-28 01:00:00,0.0,0.0
2024-06-28 02:00:00,0.0,0.0
2024-06-28 03:00:00,0.0,0.0
2024-06-28 04:00:00,0.0,0.0
2024-06-28 05:00:00,0.0,0.0
2024-06-28 06:00:00,0.0,0.0
2024-06-28 07:00:00,0.0,0.0
2024-06-28 08:00:00,0.0,0.0
2024-06-28 09:00:00,0.0,0.0
2024-06-28 10:00:00,0.11098320042100161,0.11098320042100161
2024-06-28 11:00:00,0.3713542574274172,0.3713542574274172
2024-06-28 12:00:00,0.7664005532141719,0.7664005532141719
2024-06-28 13:00:00,1.375809074242233,1.375809074242233
2024-06-28 14:00:00,1.7817227998199388,1.7817227998199388
2024-06-28 15:00:00,2.3746720242321597,2.3746720242321597
2024-06-28 16:00:00,3.1136730239298633,3.1136730239298633
2024-06-28 17:00:00,2.385827802657882,2.385827802657882
2024-06-28 18:00:00,3.045052644155387,3.045052644155387
2024-06-28 19:00:00,3.0144892772176903,3.0144892772176903
2024-06-28 20:00:00,3.206189410723807,3.206189410723807
2024-06-28 21:00:00,2.9735097590942257,2.9735097590942257
2024-06-28 22:00:00,0.0,0.0
2024-06-28 23:00:00,0.0,0.0
2024-06-29 00:00:00,0.0,0.0
2024-06-29 01:00:00,0.0,0.0
2024-06-29 02:00:00,0.0,0.0
2024-06-29 03:00:00,0.0,0.0
2024-06-29 04:00:00,0.0,0.0
2024-06-29 05:00:00,0.0,0.0
2024-06-29 06:00:00,0.0,0.0
2024-06-29 07:00:00,0.0,0.0
2024-06-29 08:00:00,0.0,0.0
2024-06-29 09:00:00,0.0,0.0
2024-06-29 10:00:00,0.06512123880819452,0.06512123880819452
2024-06-29 11:00:00,0.2958359145880383,0.2958359145880383
2024-06-29 12:00:00,0.458795534998971,0.458795534998971
2024-06-29 13:00:00,0.7616189624835618,0.7616189624835618
2024-06-29 14:00:00,1.051298330498493,1.051298330498493
2024-06-29 15:00:00,1.3307103437312955,1.3307103437312955
2024-06-29 16:00:00,1.61023239214217,1.61023239214217
2024-06-29 17:00:00,1.8451962995601914,1.8451962995601914
2024-06-29 18:00:00,1.9092991019649634,1.9092991019649634
2024-06-29 19:00:00,1.7431962672459642,1.7431962672459642
2024-06-29 20:00:00,1.9875341221023917,1.9875341221023917
2024-06-29 21:00:00,2.0381917357854094,2.0381917357854094
2024-06-29 22:00:00,0.0,0.0
2024-06-29 23:00:00,0.0,0.0
2024-06-30 00:00:00,0.0,0.0
2024-06-30 01:00:00,0.0,0.0
2024-06-30 02:00:00,0.0,0.0
2024-06-30 03:00:00,0.0,0.0
2024-06-30 04:00:00,0.0,0.0
2024-06-30 05:00:00,0.0,0.0
2024-06-30 06:00:00,0.0,0.0
2024-06-30 07:00:00,0.0,0.0
2024-06-30 08:00:00,0.0,0.0
2024-06-30 09:00:00,0.0,0.0
2024-06-30 10:00:00,0.07367414802666258,0.07367414802666258
2024-06-30 11:00:00,0.3192848355986799,0.3192848355986799
2024-06-30 12:00:00,0.4999962094376743,0.4999962094376743
2024-06-30 13:00:00,0.8950497204466766,0.8950497204466766
2024-06-30 14:00:00,1.04682178896624,1.04682178896624
2024-06-30 15:00:00,1.2635141034784945,1.2635141034784945
2024-06-30 16:00:00,2.128095022078887,2.128095022078887
2024-06-30 17:00:00,1.8479531550184594,1.8479531550184594
2024-06-30 18:00:00,2.141207809170827,2.141207809170827
2024-06-30 19:00:00,2.010290930205266,2.010290930205266
2024-06-30 20:00:00,2.5271108630932253,2.5271108630932253
2024-06-30 21:00:00,1.8878803893470357,1.8878803893470357
2024-06-30 22:00:00,0.0,0.0
2024-06-30 23:00:00,0.0,0.0
2024-07-01 00:00:00,0.0,0.0
2024-07-01 01:00:00,0.0,0.0
2024-07-01 02:00:00,0.0,0.0
2024-07-01 03:00:00,0.0,0.0
2024-07-01 04:00:00,0.0,0.0
2024-07-01 05:00:00,0.0,0.0
2024-07-01 06:00:00,0.0,0.0
2024-07-01 07:00:00,0.0,0.0
2024-07-01 08:00:00,0.0,0.0
2024-07-01 09:00:00,0.0,0.0
2024-07-01 10:00:00,0.08386898527054006,0.08386898527054006
2024-07-01 11:00:00,0.3474007779647182,0.3474007779647182
2024-07-01 12:00:00,0.793873330120957,0.793873330120957
2024-07-01 13:00:00,1.084685932222015,1.084685932222015
2024-07-01 14:00:00,1.64364973490759,1.64364973490759
2024-07-01 15:00:00,2.0510583915179095,2.0510583915179095
2024-07-01 16:00:00,2.0694851735226,2.0694851735226
2024-07-01 17:00:00,2.4367394599218755,2.4367394599218755
2024-07-01 18:00:00,2.9648059056694236,2.9648059056694236
2024-07-01 19:00:00,2.6275444499978136,2.6275444499978136
2024-07-01 20:00:00,3.183994656905427,3.183994656905427
2024-07-01 21:00:00,2.3741544217553248,2.3741544217553248
2024-07-01 22:00:00,0.0,0.0
2024-07-01 23:00:00,0.0,0.0
2024-07-02 00:00:00,0.0,0.0
2024-07-02 01:00:00,0.0,0.0
2024-07-02 02:00:00,0.0,0.0
2024-07-02 03:00:00,0.0,0.0
2024-07-02 04:00:00,0.0,0.0
2024-07-02 05:00:00,0.0,0.0
2024-07-02 06:00:00,0.0,0.0
2024-07-02 07:00:00,0.0,0.0
2024-07-02 08:00:00,0.0,0.0
2024-07-02 09:00:00,0.0,0.0
2024-07-02 10:00:00,0.09343699541602576,0.09343699541602576
2024-07-02 11:00:00,0.42978886316157144,0.42978886316157144
2024-07-02 12:00:00,0.7768155721400839,0.7768155721400839
2024-07-02 13:00:00,1.3821019951528932,1.3821019951528932
2024-07-02 14:00:00,1.481606392894441,1.481606392894441
2024-07-02 15:00:00,1.9534630571346712,1.9534630571346712
2024-07-02 16:00:00,2.6363902617704924,2.6363902617704924
2024-07-02 17:00:00,2.2416146326764586,2.2416146326764586
2024-07-02 18:00:00,2.717394886984264,2.717394886984264
2024-07-02 19:00:00,3.276558894053963,3.276558894053963
2024-07-02 20:00:00,2.878593381267759,2.878593381267759
2024-07-02 21:00:00,2.45207361924652,2.45207361924652
2024-07-02 22:00:00,0.0,0.0
2024-07-02 23:00:00,0.0,0.0
2024-07-03 00:00:00,0.0,0.0
2024-07-03 01:00:00,0.0,0.0
2024-07-03 02:00:00,0.0,0.0
2024-07-03 03:00:00,0.0,0.0
2024-07-03 04:00:00,0.0,0.0
2024-07-03 05:00:00,0.0,0.0
2024-07-03 06:00:00,0.0,0.0
2024-07-03 07:00:00,0.0,0.0
2024-07-03 08:00:00,0.0,0.0
2024-07-03 09:00:00,0.0,0.0
2024-07-03 10:00:00,0.09587409849236707,0.09587409849236707
2024-07-03 11:00:00,0.439643290474373,0.439643290474373
2024-07-03 12:00:00,0.8053065352963025,0.8053065352963025
2024-07-03 13:00:00,1.281919421893068,1.281919421893068
2024-07-03 14:00:00,1.6452622003464916,1.6452622003464916
2024-07-03 15:00:00,1.9024527866912262,1.9024527866912262
2024-07-03 16:00:00,2.7335800087688766,2.7335800087688766
2024-07-03 17:00:00,2.644935643108686,2.644935643108686
2024-07-03 18:00:00,3.2611810032324953,3.2611810032324953
2024-07-03 19:00:00,2.8625213742547495,2.8625213742547495
2024-07-03 20:00:00,3.6288600503064363,3.6288600503064363
2024-07-03 21:00:00,3.0838571946575724,3.0838571946575724
2024-07-03 22:00:00,0.0,0.0
2024-07-03 23:00:00,0.0,0.0
2024-07-04 00:00:00,0.0,0.0
2024-07-04 01:00:00,0.0,0.0
2024-07-04 02:00:00,0.0,0.0
2024-07-04 03:00:00,0.0,0.0
2024-07-04 04:00:00,0.0,0.0
2024-07-04 05:00:00,0.0,0.0
2024-07-04 06:00:00,0.0,0.0
2024-07-04 07:00:00,0.0,0.0
2024-07-04 08:00:00,0.0,0.0
2024-07-04 09:00:00,0.0,0.0
2024-07-04 10:00:00,0.09699187842285759,0.09699187842285759
2024-07-04 11:00:00,0.44145024674511313,0.44145024674511313
2024-07-04 12:00:00,0.7342259871354786,0.7342259871354786
2024-07-04 13:00:00,1.240356532092783,1.240356532092783
2024-07-04 14:00:00,1.5997836911834635,1.5997836911834635
2024-07-04 15:00:00,1.815811071893791,1.815811071893791
2024-07-04 16:00:00,2.672404238685237,2.672404238685237
2024-07-04 17:00:00,2.3161105045890924,2.3161105045890924
2024-07-04 18:00:00,3.027827196291118,3.027827196291118
2024-07-04 19:00:00,3.5942061509967864,3.5942061509967864
2024-07-04 20:00:00,3.6092473334916377,3.6092473334916377
2024-07-04 21:00:00,2.7075555525331656,2.7075555525331656
2024-07-04 22:00:00,0.0,0.0
2024-07-04 23:00:00,0.0,0.0
2024-07-05 00:00:00,0.0,0.0
2024-07-05 01:00:00,0.0,0.0
2024-07-05 02:00:00,0.0,0.0
2024-07-05 03:00:00,0.0,0.0
2024-07-05 04:00:00,0.0,0.0
2024-07-05 05:00:00,0.0,0.0
2024-07-05 06:00:00,0.0,0.0
2024-07-05 07:00:00,0.0,0.0
2024-07-05 08:00:00,0.0,0.0
2024-07-05 09:00:00,0.0,0.0
2024-07-05 10:00:00,0.11955354616015255,0.11955354616015255
2024-07-05 11:00:00,0.4298256258518462,0.4298256258518462
2024-07-05 12:00:00,0.742367521191633,0.742367521191633
2024-07-05 13:00:00,1.4458142392061872,1.4458142392061872
2024-07-05 14:00:00,1.7833104144807332,1.7833104144807332
2024-07-05 15:00:00,2.435709108540098,2.435709108540098
2024-07-05 16:00:00,2.6755055135553985,2.6755055135553985
2024-07-05 17:00:00,3.119505310620775,3.119505310620775
2024-07-05 18:00:00,3.1595537475845075,3.1595537475845075
2024-07-05 19:00:00,2.9295347000216556,2.9295347000216556
2024-07-05 20:00:00,3.1512099355407717,3.1512099355407717
2024-07-05 21:00:00,2.657720615369004,2.657720615369004
2024-07-05 22:00:00,0.0,0.0
2024-07-05 23:00:00,0.0,0.0
2024-07-06 00:00:00,0.0,0.0
2024-07-06 01:00:00,0.0,0.0
2024-07-06 02:00:00,0.0,0.0
2024-07-06 03:00:00,0.0,0.0
2024-07-06 04:00:00,0.0,0.0
2024-07-06 05:00:00,0.0,0.0
2024-07-06 06:00:00,0.0,0.0
2024-07-06 07:00:00,0.0,0.0
2024-07-06 08:00:00,0.0,0.0
2024-07-06 09:00:00,0.0,0.0
2024-07-06 10:00:00,0.06179295577337879,0.06179295577337879
2024-07-06 11:00:00,0.266966474504801,0.266966474504801
2024-07-06 12:00:00,0.5836767511055838,0.5836767511055838
2024-07-06 13:00:00,0.9377801413352541,0.9377801413352541
2024-07-06 14:00:00,1.1297625744301716,1.1297625744301716
2024-07-06 15:00:00,1.2783820992396107,1.2783820992396107
2024-07-06 16:00:00,1.865189316034724,1.865189316034724
2024-07-06 17:00:00,1.927883450249833,1.927883450249833
2024-07-06 18:00:00,2.0432007012040336,2.0432007012040336
2024-07-06 19:00:00,2.1315585404703725,2.1315585404703725
2024-07-06 20:00:00,2.016692737456995,2.016692737456995
2024-07-06 21:00:00,1.9069854952394705,1.9069854952394705
2024-07-06 22:00:00,0.0,0.0
2024-07-06 23:00:00,0.0,0.0
2024-07-07 00:00:00,0.0,0.0
2024-07-07 01:00:00,0.0,0.0
2024-07-07 02:00:00,0.0,0.0
2024-07-07 03:00:00,0.0,0.0
2024-07-07 04:00:00,0.0,0.0
2024-07-07 05:00:00,0.0,0.0
2024-07-07 06:00:00,0.0,0.0
2024-07-07 07:00:00,0.0,0.0
2024-07-07 08:00:00,0.0,0.0
2024-07-07 09:00:00,0.0,0.0
2024-07-07 10:00:00,0.06868018321406057,0.06868018321406057
2024-07-07 11:00:00,0.3150588040738246,0.3150588040738246
2024-07-07 12:00:00,0.6650133621175455,0.6650133621175455
2024-07-07 13:00:00,1.0077849400116283,1.0077849400116283
2024-07-07 14:00:00,1.1649069521235285,1.1649069521235285
2024-07-07 15:00:00,1.4859821884090911,1.4859821884090911
2024-07-07 16:00:00,2.019136870281723,2.019136870281723
2024-07-07 17:00:00,1.9655539460680809,1.9655539460680809
2024-07-07 18:00:00,2.1213255084448637,2.1213255084448637
2024-07-07 19:00:00,2.2476133577130093,2.2476133577130093
2024-07-07 20:00:00,2.370577009732143,2.370577009732143
2024-07-07 21:00:00,2.009898687455352,2.009898687455352
2024-07-07 22:00:00,0.0,0.0
2024-07-07 23:00:00,0.0,0.0
2024-07-08 00:00:00,0.0,0.0
2024-07-08 01:00:00,0.0,0.0
2024-07-08 02:00:00,0.0,0.0
2024-07-08 03:00:00,0.0,0.0
2024-07-08 04:00:00,0.0,0.0
2024-07-08 05:00:00,0.0,0.0
2024-07-08 06:00:00,0.0,0.0
2024-07-08 07:00:00,0.0,0.0
2024-07-08 08:00:00,0.0,0.0
2024-07-08 09:00:00,0.0,0.0
2024-07-08 10:00:00,0.10142400197893503,0.10142400197893503
2024-07-08 11:00:00,0.34104562774380737,0.34104562774380737
2024-07-08 12:00:00,0.6829159977260781,0.6829159977260781
2024-07-08 13:00:00,1.331092677094276,1.331092677094276
2024-07-08 14:00:00,1.5147583498270565,1.5147583498270565
2024-07-08 15:00:00,1.8502718633263764,1.8502718633263764
2024-07-08 16:00:00,2.7560572524432643,2.7560572524432643
2024-07-08 17:00:00,2.374712769398211,2.374712769398211
2024-07-08 18:00:00,2.6733436939838393,2.6733436939838393
2024-07-08 19:00:00,2.5438470605085333,2.5438470605085333
2024-07-08 20:00:00,2.975951679595128,2.975951679595128
2024-07-08 21:00:00,2.8934130771999618,2.8934130771999618
2024-07-08 22:00:00,0.0,0.0
2024-07-08 23:00:00,0.0,0.0
2024-07-09 00:00:00,0.0,0.0
2024-07-09 01:00:00,0.0,0.0
2024-07-09 02:00:00,0.0,0.0
2024-07-09 03:00:00,0.0,0.0
2024-07-09 04:00:00,0.0,0.0
2024-07-09 05:00:00,0.0,0.0
2024-07-09 06:00:00,0.0,0.0
2024-07-09 07:00:00,0.0,0.0
2024-07-09 08:00:00,0.0,0.0
2024-07-09 09:00:00,0.0,0.0
2024-07-09 10:00:00,0.09350102178585454,0.09350102178585454
2024-07-09 11:00:00,0.43140140935358606,0.43140140935358606
2024-07-09 12:00:00,0.7472942735792993,0.7472942735792993
2024-07-09 13:00:00,1.2181416426820755,1.2181416426820755
2024-07-09 14:00:00,1.5014152837850279,1.5014152837850279
2024-07-09 15:00:00,2.0511742074367674,2.0511742074367674
2024-07-09 16:00:00,2.5211138839105254,2.5211138839105254
2024-07-09 17:00:00,2.2530895088195866,2.2530895088195866
2024-07-09 18:00:00,3.1659939214946307,3.1659939214946307
2024-07-09 19:00:00,2.993307243338075,2.993307243338075
2024-07-09 20:00:00,2.849416482476457,2.849416482476457
2024-07-09 21:00:00,2.310757811832098,2.310757811832098
2024-07-09 22:00:00,0.0,0.0
2024-07-09 23:00:00,0.0,0.0
2024-07-10 00:00:00,0.0,0.0
2024-07-10 01:00:00,0.0,0.0
2024-07-10 02:00:00,0.0,0.0
2024-07-10 03:00:00,0.0,0.0
2024-07-10 04:00:00,0.0,0.0
2024-07-10 05:00:00,0.0,0.0
2024-07-10 06:00:00,0.0,0.0
2024-07-10 07:00:00,0.0,0.0
2024-07-10 08:00:00,0.0,0.0
2024-07-10 09:00:00,0.0,0.0
2024-07-10 10:00:00,0.08603343841728492,0.08603343841728492
2024-07-10 11:00:00,0.4009369769735326,0.4009369769735326
2024-07-10 12:00:00,0.6472036635298964,0.6472036635298964
2024-07-10 13:00:00,1.2758546635080175,1.2758546635080175
2024-07-10 14:00:00,1.565453536664724,1.565453536664724
2024-07-10 15:00:00,1.6307200893194937,1.6307200893194937
2024-07-10 16:00:00,2.242610644683379,2.242610644683379
2024-07-10 17:00:00,2.7283614405327783,2.7283614405327783
2024-07-10 18:00:00,2.7413599769591874,2.7413599769591874
2024-07-10 19:00:00,2.5278512802039224,2.5278512802039224
2024-07-10 20:00:00,2.5953482465646442,2.5953482465646442
2024-07-10 21:00:00,2.627515886021014,2.627515886021014
2024-07-10 22:00:00,0.0,0.0
2024-07-10 23:00:00,0.0,0.0
2024-07-11 00:00:00,0.0,0.0
2024-07-11 01:00:00,0.0,0.0
2024-07-11 02:00:00,0.0,0.0
2024-07-11 03:00:00,0.0,0.0
2024-07-11 04:00:00,0.0,0.0
2024-07-11 05:00:00,0.0,0.0
2024-07-11 06:00:00,0.0,0.0
2024-07-11 07:00:00,0.0,0.0
2024-07-11 08:00:00,0.0,0.0
2024-07-11 09:00:00,0.0,0.0
2024-07-11 10:00:00,0.10350160989575435,0.10350160989575435
2024-07-11 11:00:00,0.403439995944905,0.403439995944905
2024-07-11 12:00:00,0.8873909942297774,0.8873909942297774
2024-07-11 13:00:00,1.276373246909569,1.276373246909569
2024-07-11 14:00:00,1.4478200381369746,1.4478200381369746
2024-07-11 15:00:00,1.895249326664532,1.895249326664532
2024-07-11 16:00:00,2.5962760895078607,2.5962760895078607
2024-07-11 17:00:00,2.6218143116665282,2.6218143116665282
2024-07-11 18:00:00,3.1803918262919177,3.1803918262919177
2024-07-11 19:00:00,3.2101365978250422,3.2101365978250422
2024-07-11 20:00:00,2.8813892370005942,2.8813892370005942
2024-07-11 21:00:00,2.9942753715666606,2.9942753715666606
2024-07-11 22:00:00,0.0,0.0
2024-07-11 23:00:00,0.0,0.0
2024-07-12 00:00:00,0.0,0.0
2024-07-12 01:00:00,0.0,0.0
2024-07-12 02:00:00,0.0,0.0
2024-07-12 03:00:00,0.0,0.0
2024-07-12 04:00:00,0.0,0.0
2024-07-12 05:00:00,0.0,0.0
2024-07-12 06:00:00,0.0,0.0
2024-07-12 07:00:00,0.0,0.0
2024-07-12 08:00:00,0.0,0.0
2024-07-12 09:00:00,0.0,0.0
2024-07-12 10:00:00,0.08501505677615903,0.08501505677615903
2024-07-12 11:00:00,0.34101859218106784,0.34101859218106784
2024-07-12 12:00:00,0.6902506325666244,0.6902506325666244
2024-07-12 13:00:00,1.1616959834563656,1.1616959834563656
2024-07-12 14:00:00,1.8730998268454504,1.8730998268454504
2024-07-12 15:00:00,1.9975639745604405,1.9975639745604405
2024-07-12 16:00:00,2.403528578291143,2.403528578291143
2024-07-12 17:00:00,2.517361401112998,2.517361401112998
2024-07-12 18:00:00,3.01109859171116,3.01109859171116
2024-07-12 19:00:00,2.816444845645748,2.816444845645748
2024-07-12 20:00:00,2.735258555068793,2.735258555068793
2024-07-12 21:00:00,2.965600351478298,2.965600351478298
2024-07-12 22:00:00,0.0,0.0
2024-07-12 23:00:00,0.0,0.0
2024-07-13 00:00:00,0.0,0.0
2024-07-13 01:00:00,0.0,0.0
2024-07-13 02:00:00,0.0,0.0
2024-07-13 03:00:00,0.0,0.0
2024-07-13 04:00:00,0.0,0.0
2024-07-13 05:00:00,0.0,0.0
2024-07-13 06:00:00,0.0,0.0
2024-07-13 07:00:00,0.0,0.0
2024-07-13 08:00:00,0.0,0.0
2024-07-13 09:00:00,0.0,0.0
2024-07-13 10:00:00,0.07435376695959252,0.07435376695959252
2024-07-13 11:00:00,0.2544666735615608,0.2544666735615608
2024-07-13 12:00:00,0.5759082577844042,0.5759082577844042
2024-07-13 13:00:00,0.9285342047452123,0.9285342047452123
2024-07-13 14:00:00,1.0169618205503872,1.0169618205503872
2024-07-13 15:00:00,1.3102704360419033,1.3102704360419033
2024-07-13 16:00:00,1.623322836084119,1.623322836084119
2024-07-13 17:00:00,1.7278204629946314,1.7278204629946314
2024-07-13 18:00:00,2.211549238603402,2.211549238603402
2024-07-13 19:00:00,2.0062005172780726,2.0062005172780726
2024-07-13 20:00:00,1.9367691979787038,1.9367691979787038
2024-07-13 21:00:00,2.0503328472663274,2.0503328472663274
2024-07-13 22:00:00,0.0,0.0
2024-07-13 23:00:00,0.0,0.0
2024-07-14 00:00:00,0.0,0.0
2024-07-14 01:00:00,0.0,0.0
2024-07-14 02:00:00,0.0,0.0
2024-07-14 03:00:00,0.0,0.0
2024-07-14 04:00:00,0.0,0.0
2024-07-14 05:00:00,0.0,0.0
2024-07-14 06:00:00,0.0,0.0
2024-07-14 07:00:00,0.0,0.0
2024-07-14 08:00:00,0.0,0.0
2024-07-14 09:00:00,0.0,0.0
2024-07-14 10:00:00,0.06191406974013972,0.06191406974013972
2024-07-14 11:00:00,0.3044055098751341,0.3044055098751341
2024-07-14 12:00:00,0.5421535396204178,0.5421535396204178
2024-07-14 13:00:00,1.0717764573609687,1.0717764573609687
2024-07-14 14:00:00,1.1103334893891823,1.1103334893891823
2024-07-14 15:00:00,1.3735654814945057,1.3735654814945057
2024-07-14 16:00:00,1.8224006091358962,1.8224006091358962
2024-07-14 17:00:00,1.7222604200489315,1.7222604200489315
2024-07-14 18:00:00,2.3659762698827413,2.3659762698827413
2024-07-14 19:00:00,2.1424922199104994,2.1424922199104994
2024-07-14 20:00:00,2.0230373213085886,2.0230373213085886
2024-07-14 21:00:00,2.042359128159916,2.042359128159916
2024-07-14 22:00:00,0.0,0.0
2024-07-14 23:00:00,0.0,0.0
2024-07-15 00:00:00,0.0,0.0
2024-07-15 01:00:00,0.0,0.0
2024-07-15 02:00:00,0.0,0.0
2024-07-15 03:00:00,0.0,0.0
2024-07-15 04:00:00,0.0,0.0
2024-07-15 05:00:00,0.0,0.0
2024-07-15 06:00:00,0.0,0.0
2024-07-15 07:00:00,0.0,0.0
2024-07-15 08:00:00,0.0,0.0
2024-07-15 09:00:00,0.0,0.0
2024-07-15 10:00:00,0.098378705972633,0.098378705972633
2024-07-15 11:00:00,0.39379388949791794,0.39379388949791794
2024-07-15 12:00:00,0.8986651936968741,0.8986651936968741
2024-07-15 13:00:00,1.251164857389393,1.251164857389393
2024-07-15 14:00:00,1.877090117071649,1.877090117071649
2024-07-15 15:00:00,2.239404935978065,2.239404935978065
2024-07-15 16:00:00,2.7608019306485283,2.7608019306485283
2024-07-15 17:00:00,2.9535932940755867,2.9535932940755867
2024-07-15 18:00:00,3.0829152641642517,3.0829152641642517
2024-07-15 19:00:00,2.952793021622005,2.952793021622005
2024-07-15 20:00:00,2.810827492946519,2.810827492946519
2024-07-15 21:00:00,2.694602589145785,2.694602589145785
2024-07-15 22:00:00,0.0,0.0
2024-07-15 23:00:00,0.0,0.0
2024-07-16 00:00:00,0.0,0.0
2024-07-16 01:00:00,0.0,0.0
2024-07-16 02:00:00,0.0,0.0
2024-07-16 03:00:00,0.0,0.0
2024-07-16 04:00:00,0.0,0.0
2024-07-16 05:00:00,0.0,0.0
2024-07-16 06:00:00,0.0,0.0
2024-07-16 07:00:00,0.0,0.0
2024-07-16 08:00:00,0.0,0.0
2024-07-16 09:00:00,0.0,0.0
2024-07-16 10:00:00,0.09233902601755789,0.09233902601755789
2024-07-16 11:00:00,0.42129100276631354,0.42129100276631354
2024-07-16 12:00:00,0.7989868869850116,0.7989868869850116
2024-07-16 13:00:00,1.1595087830448407,1.1595087830448407
2024-07-16 14:00:00,1.8396039373892794,1.8396039373892794
2024-07-16 15:00:00,1.7477745361689478,1.7477745361689478
2024-07-16 16:00:00,2.6183042015529083,2.6183042015529083
2024-07-16 17:00:00,2.908877207992731,2.908877207992731
2024-07-16 18:00:00,3.099635805075347,3.099635805075347
2024-07-16 19:00:00,3.2244536215253725,3.2244536215253725
2024-07-16 20:00:00,3.1170670481264864,3.1170670481264864
2024-07-16 21:00:00,3.03555592304668,3.03555592304668
2024-07-16 22:00:00,0.0,0.0
2024-07-16 23:00:00,0.0,0.0
2024-07-17 00:00:00,0.0,0.0
2024-07-17 01:00:00,0.0,0.0
2024-07-17 02:00:00,0.0,0.0
2024-07-17 03:00:00,0.0,0.0
2024-07-17 04:00:00,0.0,0.0
2024-07-17 05:00:00,0.0,0.0
2024-07-17 06:00:00,0.0,0.0
2024-07-17 07:00:00,0.0,0.0
2024-07-17 08:00:00,0.0,0.0
2024-07-17 09:00:00,0.0,0.0
2024-07-17 10:00:00,0.08439926748995288,0.08439926748995288
2024-07-17 11:00:00,0.38388820163624904,0.38388820163624904
2024-07-17 12:00:00,0.6928851956401177,0.6928851956401177
2024-07-17 13:00:00,1.1502292793194142,1.1502292793194142
2024-07-17 14:00:00,1.3832656944741213,1.3832656944741213
2024-07-17 15:00:00,1.8942728709852865,1.8942728709852865
2024-07-17 16:00:00,2.350346823969837,2.350346823969837
2024-07-17 17:00:00,2.131700803595774,2.131700803595774
2024-07-17 18:00:00,3.107659308898759,3.107659308898759
2024-07-17 19:00:00,2.9980480920663095,2.9980480920663095
2024-07-17 20:00:00,2.5783991077728037,2.5783991077728037
2024-07-17 21:00:00,2.582347941274607,2.582347941274607
2024-07-17 22:00:00,0.0,0.0
2024-07-17 23:00:00,0.0,0.0
2024-07-18 00:00:00,0.0,0.0
2024-07-18 01:00:00,0.0,0.0
2024-07-18 02:00:00,0.0,0.0
2024-07-18 03:00:00,0.0,0.0
2024-07-18 04:00:00,0.0,0.0
2024-07-18 05:00:00,0.0,0.0
2024-07-18 06:00:00,0.0,0.0
2024-07-18 07:00:00,0.0,0.0
2024-07-18 08:00:00,0.0,0.0
2024-07-18 09:00:00,0.0,0.0
2024-07-18 10:00:00,0.10157758108055091,0.10157758108055091
2024-07-18 11:00:00,0.3631936446432572,0.3631936446432572
2024-07-18 12:00:00,0.8779562825559897,0.8779562825559897
2024-07-18 13:00:00,1.1434174937893886,1.1434174937893886
2024-07-18 14:00:00,1.4359547484703623,1.4359547484703623
2024-07-18 15:00:00,2.2656830850723413,2.2656830850723413
2024-07-18 16:00:00,2.7406072850943466,2.7406072850943466
2024-07-18 17:00:00,2.4654023581504423,2.4654023581504423
2024-07-18 18:00:00,3.2046616538832726,3.2046616538832726
2024-07-18 19:00:00,2.7519336998847215,2.7519336998847215
2024-07-18 20:00:00,2.7688544895753058,2.7688544895753058
2024-07-18 21:00:00,2.814180663768586,2.814180663768586
2024-07-18 22:00:00,0.0,0.0
2024-07-18 23:00:00,0.0,0.0
2024-07-19 00:00:00,0.0,0.0
2024-07-19 01:00:00,0.0,0.0
2024-07-19 02:00:00,0.0,0.0
2024-07-19 03:00:00,0.0,0.0
2024-07-19 04:00:00,0.0,0.0
2024-07-19 05:00:00,0.0,0.0
2024-07-19 06:00:00,0.0,0.0
2024-07-19 07:00:00,0.0,0.0
2024-07-19 08:00:00,0.0,0.0
2024-07-19 09:00:00,0.0,0.0
2024-07-19 10:00:00,0.09471731690413149,0.09471731690413149
2024-07-19 11:00:00,0.3505607545943319,0.3505607545943319
2024-07-19 12:00:00,0.7999036031514875,0.7999036031514875
2024-07-19 13:00:00,1.1334070418141071,1.1334070418141071
2024-07-19 14:00:00,1.517398315914908,1.517398315914908
2024-07-19 15:00:00,1.9707050203700405,1.9707050203700405
2024-07-19 16:00:00,2.4709182266895566,2.4709182266895566
2024-07-19 17:00:00,2.550433555938708,2.550433555938708
2024-07-19 18:00:00,2.936313689972116,2.936313689972116
2024-07-19 19:00:00,3.2451268267771622,3.2451268267771622
2024-07-19 20:00:00,3.254599969220908,3.254599969220908
2024-07-19 21:00:00,3.0368567401510127,3.0368567401510127
2024-07-19 22:00:00,0.0,0.0
2024-07-19 23:00:00,0.0,0.0
2024-07-20 00:00:00,0.0,0.0
2024-07-20 01:00:00,0.0,0.0
2024-07-20 02:00:00,0.0,0.0
2024-07-20 03:00:00,0.0,0.0
2024-07-20 04:00:00,0.0,0.0
2024-07-20 05:00:00,0.0,0.0
2024-07-20 06:00:00,0.0,0.0
2024-07-20 07:00:00,0.0,0.0
2024-07-20 08:00:00,0.0,0.0
2024-07-20 09:00:00,0.0,0.0
2024-07-20 10:00:00,0.07907672696632112,0.07907672696632112
2024-07-20 11:00:00,0.26286776326226174,0.26286776326226174
2024-07-20 12:00:00,0.6294362378354642,0.6294362378354642
2024-07-20 13:00:00,1.0133933767171472,1.0133933767171472
2024-07-20 14:00:00,1.1247066681358717,1.1247066681358717
2024-07-20 15:00:00,1.3265392076972815,1.3265392076972815
2024-07-20 16:00:00,1.7659741259053001,1.7659741259053001
2024-07-20 17:00:00,1.8079429428231726,1.8079429428231726
2024-07-20 18:00:00,2.0825561130748342,2.0825561130748342
2024-07-20 19:00:00,2.4965798428905157,2.4965798428905157
2024-07-20 20:00:00,2.0446031260502413,2.0446031260502413
2024-07-20 21:00:00,2.258056198101303,2.258056198101303
2024-07-20 22:00:00,0.0,0.0
2024-07-20 23:00:00,0.0,0.0
2024-07-21 00:00:00,0.0,0.0
2024-07-21 01:00:00,0.0,0.0
2024-07-21 02:00:00,0.0,0.0
2024-07-21 03:00:00,0.0,0.0
2024-07-21 04:00:00,0.0,0.0
2024-07-21 05:00:00,0.0,0.0
2024-07-21 06:00:00,0.0,0.0
2024-07-21 07:00:00,0.0,0.0
2024-07-21 08:00:00,0.0,0.0
2024-07-21 09:00:00,0.0,0.0
2024-07-21 10:00:00,0.060073411410893125,0.060073411410893125
2024-07-21 11:00:00,0.25788958314210664,0.25788958314210664
2024-07-21 12:00:00,0.47700869918467664,0.47700869918467664
2024-07-21 13:00:00,1.001069273046237,1.001069273046237
2024-07-21 14:00:00,1.1582261262273064,1.1582261262273064
2024-07-21 15:00:00,1.4537954816820513,1.4537954816820513
2024-07-21 16:00:00,1.6925502356738913,1.6925502356738913
2024-07-21 17:00:00,1.6459502517591456,1.6459502517591456
2024-07-21 18:00:00,2.1348546634181815,2.1348546634181815
2024-07-21 19:00:00,1.9276089614595209,1.9276089614595209
2024-07-21 20:00:00,2.0062445736288734,2.0062445736288734
2024-07-21 21:00:00,1.9158750583349364,1.9158750583349364
2024-07-21 22:00:00,0.0,0.0
2024-07-21 23:00:00,0.0,0.0
2024-07-22 00:00:00,0.0,0.0
2024-07-22 01:00:00,0.0,0.0
2024-07-22 02:00:00,0.0,0.0
2024-07-22 03:00:00,0.0,0.0
2024-07-22 04:00:00,0.0,0.0
2024-07-22 05:00:00,0.0,0.0
2024-07-22 06:00:00,0.0,0.0
2024-07-22 07:00:00,0.0,0.0
2024-07-22 08:00:00,0.0,0.0
2024-07-22 09:00:00,0.0,0.0
2024-07-22 10:00:00,0.10192611943834606,0.10192611943834606
2024-07-22 11:00:00,0.37543145384329946,0.37543145384329946
2024-07-22 12:00:00,0.8482781418354655,0.8482781418354655
2024-07-22 13:00:00,1.169660920957063,1.169660920957063
2024-07-22 14:00:00,1.5778719501662386,1.5778719501662386
2024-07-22 15:00:00,2.1219109757695978,2.1219109757695978
2024-07-22 16:00:00,2.3670523971758257,2.3670523971758257
2024-07-22 17:00:00,2.377403889306108,2.377403889306108
2024-07-22 18:00:00,3.4404639711686724,3.4404639711686724
2024-07-22 19:00:00,2.9337041270120516,2.9337041270120516
2024-07-22 20:00:00,3.1246283299682505,3.1246283299682505
2024-07-22 21:00:00,2.8472077822775717,2.8472077822775717
2024-07-22 22:00:00,0.0,0.0
2024-07-22 23:00:00,0.0,0.0
2024-07-23 00:00:00,0.0,0.0
2024-07-23 01:00:00,0.0,0.0
2024-07-23 02:00:00,0.0,0.0
2024-07-23 03:00:00,0.0,0.0
2024-07-23 04:00:00,0.0,0.0
2024-07-23 05:00:00,0.0,0.0
2024-07-23 06:00:00,0.0,0.0
2024-07-23 07:00:00,0.0,0.0
2024-07-23 08:00:00,0.0,0.0
2024-07-23 09:00:00,0.0,0.0
2024-07-23 10:00:00,0.10407303203513714,0.10407303203513714
2024-07-23 11:00:00,0.4441933680114375,0.4441933680114375
2024-07-23 12:00:00,0.9090114136931071,0.9090114136931071
2024-07-23 13:00:00,1.1840935247828825,1.1840935247828825
2024-07-23 14:00:00,1.959385757279808,1.959385757279808
2024-07-23 15:00:00,2.1749576149022563,2.1749576149022563
2024-07-23 16:00:00,2.8752762128308307,2.8752762128308307
2024-07-23 17:00:00,2.3009749016512973,2.3009749016512973
2024-07-23 18:00:00,3.2172785227501097,3.2172785227501097
2024-07-23 19:00:00,3.2070283550572705,3.2070283550572705
2024-07-23 20:00:00,2.9857680470882264,2.9857680470882264
2024-07-23 21:00:00,2.86617888968173,2.86617888968173
2024-07-23 22:00:00,0.0,0.0
2024-07-23 23:00:00,0.0,0.0
2024-07-24 00:00:00,0.0,0.0
2024-07-24 01:00:00,0.0,0.0
2024-07-24 02:00:00,0.0,0.0
2024-07-24 03:00:00,0.0,0.0
2024-07-24 04:00:00,0.0,0.0
2024-07-24 05:00:00,0.0,0.0
2024-07-24 06:00:00,0.0,0.0
2024-07-24 07:00:00,0.0,0.0
2024-07-24 08:00:00,0.0,0.0
2024-07-24 09:00:00,0.0,0.0
2024-07-24 10:00:00,0.07827053829594043,0.07827053829594043
2024-07-24 11:00:00,0.3191901590875449,0.3191901590875449
2024-07-24 12:00:00,0.6621059891144828,0.6621059891144828
2024-07-24 13:00:00,1.3235805994005272,1.3235805994005272
2024-07-24 14:00:00,1.6150743474965195,1.6150743474965195
2024-07-24 15:00:00,1.929115114833662,1.929115114833662
2024-07-24 16:00:00,2.258420434662401,2.258420434662401
2024-07-24 17:00:00,2.690042922317762,2.690042922317762
2024-07-24 18:00:00,2.7347668069483153,2.7347668069483153
2024-07-24 19:00:00,3.0535140136104344,3.0535140136104344
2024-07-24 20:00:00,3.180733299875697,3.180733299875697
2024-07-24 21:00:00,2.611730340558044,2.611730340558044
2024-07-24 22:00:00,0.0,0.0
2024-07-24 23:00:00,0.0,0.0
2024-07-25 00:00:00,0.0,0.0
2024-07-25 01:00:00,0.0,0.0
2024-07-25 02:00:00,0.0,0.0
2024-07-25 03:00:00,0.0,0.0
2024-07-25 04:00:00,0.0,0.0
2024-07-25 05:00:00,0.0,0.0
2024-07-25 06:00:00,0.0,0.0
2024-07-25 07:00:00,0.0,0.0
2024-07-25 08:00:00,0.0,0.0
2024-07-25 09:00:00,0.0,0.0
2024-07-25 10:00:00,0.11610381894259089,0.11610381894259089
2024-07-25 11:00:00,0.37334274682398527,0.37334274682398527
2024-07-25 12:00:00,0.7981089846317667,0.7981089846317667
2024-07-25 13:00:00,1.4239597782687474,1.4239597782687474
2024-07-25 14:00:00,1.8937973265955044,1.8937973265955044
2024-07-25 15:00:00,2.0641781315997236,2.0641781315997236
2024-07-25 16:00:00,2.9127091999220385,2.9127091999220385
2024-07-25 17:00:00,2.401370025313731,2.401370025313731
2024-07-25 18:00:00,3.106642605031949,3.106642605031949
2024-07-25 19:00:00,3.3559960028308895,3.3559960028308895
2024-07-25 20:00:00,3.3507638068998453,3.3507638068998453
2024-07-25 21:00:00,3.2827711662647348,3.2827711662647348
2024-07-25 22:00:00,0.0,0.0
2024-07-25 23:00:00,0.0,0.0
2024-07-26 00:00:00,0.0,0.0
2024-07-26 01:00:00,0.0,0.0
2024-07-26 02:00:00,0.0,0.0
2024-07-26 03:00:00,0.0,0.0
2024-07-26 04:00:00,0.0,0.0
2024-07-26 05:00:00,0.0,0.0
2024-07-26 06:00:00,0.0,0.0
2024-07-26 07:00:00,0.0,0.0
2024-07-26 08:00:00,0.0,0.0
2024-07-26 09:00:00,0.0,0.0
2024-07-26 10:00:00,0.07749650718400945,0.07749650718400945
2024-07-26 11:00:00,0.37423622521394817,0.37423622521394817
2024-07-26 12:00:00,0.8076854671303971,0.8076854671303971
2024-07-26 13:00:00,1.2280566078143287,1.2280566078143287
2024-07-26 14:00:00,1.6113169882953458,1.6113169882953458
2024-07-26 15:00:00,1.9994265326617837,1.9994265326617837
2024-07-26 16:00:00,2.1206900157597,2.1206900157597
2024-07-26 17:00:00,2.51176182120138,2.51176182120138
2024-07-26 18:00:00,3.214051587731899,3.214051587731899
2024-07-26 19:00:00,3.1740779589390486,3.1740779589390486
2024-07-26 20:00:00,2.7985692262902417,2.7985692262902417
2024-07-26 21:00:00,2.5060622825050873,2.5060622825050873
2024-07-26 22:00:00,0.0,0.0
2024-07-26 23:00:00,0.0,0.0
2024-07-27 00:00:00,0.0,0.0
2024-07-27 01:00:00,0.0,0.0
2024-07-27 02:00:00,0.0,0.0
2024-07-27 03:00:00,0.0,0.0
2024-07-27 04:00:00,0.0,0.0
2024-07-27 05:00:00,0.0,0.0
2024-07-27 06:00:00,0.0,0.0
2024-07-27 07:00:00,0.0,0.0
2024-07-27 08:00:00,0.0,0.0
2024-07-27 09:00:00,0.0,0.0
2024-07-27 10:00:00,0.06204852598107318,0.06204852598107318
2024-07-27 11:00:00,0.3137037440747965,0.3137037440747965
2024-07-27 12:00:00,0.6025398629963028,0.6025398629963028
2024-07-27 13:00:00,0.8672798610783504,0.8672798610783504
2024-07-27 14:00:00,1.1413652222219237,1.1413652222219237
2024-07-27 15:00:00,1.3556816206803572,1.3556816206803572
2024-07-27 16:00:00,1.5302057397217526,1.5302057397217526
2024-07-27 17:00:00,1.6625566631541109,1.6625566631541109
2024-07-27 18:00:00,1.900328383655639,1.900328383655639
2024-07-27 19:00:00,1.8178562428361793,1.8178562428361793
2024-07-27 20:00:00,2.153543659195264,2.153543659195264
2024-07-27 21:00:00,1.7175698706711293,1.7175698706711293
2024-07-27 22:00:00,0.0,0.0
2024-07-27 23:00:00,0.0,0.0
2024-07-28 00:00:00,0.0,0.0
2024-07-28 01:00:00,0.0,0.0
2024-07-28 02:00:00,0.0,0.0
2024-07-28 03:00:00,0.0,0.0
2024-07-28 04:00:00,0.0,0.0
2024-07-28 05:00:00,0.0,0.0
2024-07-28 06:00:00,0.0,0.0
2024-07-28 07:00:00,0.0,0.0
2024-07-28 08:00:00,0.0,0.0
2024-07-28 09:00:00,0.0,0.0
2024-07-28 10:00:00,0.062484732940330176,0.062484732940330176
2024-07-28 11:00:00,0.24969940230363763,0.24969940230363763
2024-07-28 12:00:00,0.5407729607530025,0.5407729607530025
2024-07-28 13:00:00,0.9350718018809617,0.9350718018809617
2024-07-28 14:00:00,1.0618447844985537,1.0618447844985537
2024-07-28 15:00:00,1.3572657390885015,1.3572657390885015
2024-07-28 16:00:00,1.7188769359217069,1.7188769359217069
2024-07-28 17:00:00,1.6908308862901122,1.6908308862901122
2024-07-28 18:00:00,2.1756451714050873,2.1756451714050873
2024-07-28 19:00:00,2.2179559900299077,2.2179559900299077
2024-07-28 20:00:00,2.178944133297849,2.178944133297849
2024-07-28 21:00:00,1.8263891008752733,1.8263891008752733
2024-07-28 22:00:00,0.0,0.0
2024-07-28 23:00:00,0.0,0.0
2024-07-29 00:00:00,0.0,0.0
2024-07-29 01:00:00,0.0,0.0
2024-07-29 02:00:00,0.0,0.0
2024-07-29 03:00:00,0.0,0.0
2024-07-29 04:00:00,0.0,0.0
2024-07-29 05:00:00,0.0,0.0
2024-07-29 06:00:00,0.0,0.0
2024-07-29 07:00:00,0.0,0.0
2024-07-29 08:00:00,0.0,0.0
2024-07-29 09:00:00,0.0,0.0
2024-07-29 10:00:00,0.1015430067372077,0.1015430067372077
2024-07-29 11:00:00,0.3639359176867581,0.3639359176867581
2024-07-29 12:00:00,0.8819904059323506,0.8819904059323506
2024-07-29 13:00:00,1.263838998365659,1.263838998365659
2024-07-29 14:00:00,1.4776044069155048,1.4776044069155048
2024-07-29 15:00:00,1.9685296908379668,1.9685296908379668
2024-07-29 16:00:00,2.908624531747039,2.908624531747039
2024-07-29 17:00:00,2.9393580490289817,2.9393580490289817
2024-07-29 18:00:00,3.149012533686219,3.149012533686219
2024-07-29 19:00:00,3.4583925551169723,3.4583925551169723
2024-07-29 20:00:00,3.4677612068064603,3.4677612068064603
2024-07-29 21:00:00,3.158433688726059,3.158433688726059
2024-07-29 22:00:00,0.0,0.0
2024-07-29 23:00:00,0.0,0.0
2024-07-30 00:00:00,0.0,0.0
2024-07-30 01:00:00,0.0,0.0
2024-07-30 02:00:00,0.0,0.0
2024-07-30 03:00:00,0.0,0.0
2024-07-30 04:00:00,0.0,0.0
2024-07-30 05:00:00,0.0,0.0
2024-07-30 06:00:00,0.0,0.0
2024-07-30 07:00:00,0.0,0.0
2024-07-30 08:00:00,0.0,0.0
2024-07-30 09:00:00,0.0,0.0
2024-07-30 10:00:00,0.11346352621836632,0.11346352621836632
2024-07-30 11:00:00,0.4356169152974783,0.4356169152974783
2024-07-30 12:00:00,0.7862441503887737,0.7862441503887737
2024-07-30 13:00:00,1.434188773319651,1.434188773319651
2024-07-30 14:00:00,1.7126215715954074,1.7126215715954074
2024-07-30 15:00:00,2.1573029489066937,2.1573029489066937
2024-07-30 16:00:00,3.0645642230906005,3.0645642230906005
2024-07-30 17:00:00,2.8971244900054836,2.8971244900054836
2024-07-30 18:00:00,3.596346454345209,3.596346454345209
2024-07-30 19:00:00,3.291704911418164,3.291704911418164
2024-07-30 20:00:00,3.7754475502243583,3.7754475502243583
2024-07-30 21:00:00,2.8021758103763283,2.8021758103763283
2024-07-30 22:00:00,0.0,0.0
2024-07-30 23:00:00,0.0,0.0
2024-07-31 00:00:00,0.0,0.0
2024-07-31 01:00:00,0.0,0.0
2024-07-31 02:00:00,0.0,0.0
2024-07-31 03:00:00,0.0,0.0
2024-07-31 04:00:00,0.0,0.0
2024-07-31 05:00:00,0.0,0.0
2024-07-31 06:00:00,0.0,0.0
2024-07-31 07:00:00,0.0,0.0
2024-07-31 08:00:00,0.0,0.0
2024-07-31 09:00:00,0.0,0.0
2024-07-31 10:00:00,0.09299168832526465,0.09299168832526465
2024-07-31 11:00:00,0.39314339148883326,0.39314339148883326
2024-07-31 12:00:00,0.8356578837933022,0.8356578837933022
2024-07-31 13:00:00,1.2734116604699453,1.2734116604699453
2024-07-31 14:00:00,1.6799319463325597,1.6799319463325597
2024-07-31 15:00:00,1.8161302251077254,1.8161302251077254
2024-07-31 16:00:00,2.9906037489000417,2.9906037489000417
2024-07-31 17:00:00,2.5776874944760557,2.5776874944760557
2024-07-31 18:00:00,3.040231407899014,3.040231407899014
2024-07-31 19:00:00,2.704558889293189,2.704558889293189
2024-07-31 20:00:00,3.29100737268635,3.29100737268635
2024-07-31 21:00:00,3.2396445064880273,3.2396445064880273
2024-07-31 22:00:00,0.0,0.0
2024-07-31 23:00:00,0.0,0.0
2024-08-01 00:00:00,0.0,0.0
2024-08-01 01:00:00,0.0,0.0
2024-08-01 02:00:00,0.0,0.0
2024-08-01 03:00:00,0.0,0.0
2024-08-01 04:00:00,0.0,0.0
2024-08-01 05:00:00,0.0,0.0
2024-08-01 06:00:00,0.0,0.0
2024-08-01 07:00:00,0.0,0.0
2024-08-01 08:00:00,0.0,0.0
2024-08-01 09:00:00,0.0,0.0
2024-08-01 10:00:00,0.09780278600704675,0.09780278600704675
2024-08-01 11:00:00,0.3976762778487871,0.3976762778487871
2024-08-01 12:00:00,0.8105760171199057,0.8105760171199057
2024-08-01 13:00:00,1.145696050218932,1.145696050218932
2024-08-01 14:00:00,1.5174766738769547,1.5174766738769547
2024-08-01 15:00:00,1.6709922962707655,1.6709922962707655
2024-08-01 16:00:00,2.713340513645821,2.713340513645821
2024-08-01 17:00:00,2.498171963984602,2.498171963984602
2024-08-01 18:00:00,2.7684815129786355,2.7684815129786355
2024-08-01 19:00:00,2.4718896252341196,2.4718896252341196
2024-08-01 20:00:00,3.103426819057542,3.103426819057542
2024-08-01 21:00:00,2.8856404362880954,2.8856404362880954
2024-08-01 22:00:00,0.0,0.0
2024-08-01 23:00:00,0.0,0.0
2024-08-02 00:00:00,0.0,0.0
2024-08-02 01:00:00,0.0,0.0
2024-08-02 02:00:00,0.0,0.0
2024-08-02 03:00:00,0.0,0.0
2024-08-02 04:00:00,0.0,0.0
2024-08-02 05:00:00,0.0,0.0
2024-08-02 06:00:00,0.0,0.0
2024-08-02 07:00:00,0.0,0.0
2024-08-02 08:00:00,0.0,0.0
2024-08-02 09:00:00,0.0,0.0
2024-08-02 10:00:00,0.09399309791355559,0.09399309791355559
2024-08-02 11:00:00,0.39397169770740176,0.39397169770740176
2024-08-02 12:00:00,0.9625940493006149,0.9625940493006149
2024-08-02 13:00:00,1.5954151219844717,1.5954151219844717
2024-08-02 14:00:00,2.108988637494004,2.108988637494004
2024-08-02 15:00:00,2.207750750000251,2.207750750000251
2024-08-02 16:00:00,3.0888311252365726,3.0888311252365726
2024-08-02 17:00:00,3.1198970948840534,3.1198970948840534
2024-08-02 18:00:00,3.2434851544542895,3.2434851544542895
2024-08-02 19:00:00,2.9551649179697757,2.9551649179697757
2024-08-02 20:00:00,3.893752293128933,3.893752293128933
2024-08-02 21:00:00,2.6875274957189537,2.6875274957189537
2024-08-02 22:00:00,0.0,0.0
2024-08-02 23:00:00,0.0,0.0
2024-08-03 00:00:00,0.0,0.0
2024-08-03 01:00:00,0.0,0.0
2024-08-03 02:00:00,0.0,0.0
2024-08-03 03:00:00,0.0,0.0
2024-08-03 04:00:00,0.0,0.0
2024-08-03 05:00:00,0.0,0.0
2024-08-03 06:00:00,0.0,0.0
2024-08-03 07:00:00,0.0,0.0
2024-08-03 08:00:00,0.0,0.0
2024-08-03 09:00:00,0.0,0.0
2024-08-03 10:00:00,0.0625380552465964,0.0625380552465964
2024-08-03 11:00:00,0.26561027907394297,0.26561027907394297
2024-08-03 12:00:00,0.5624941781739041,0.5624941781739041
2024-08-03 13:00:00,1.071334252017925,1.071334252017925
2024-08-03 14:00:00,1.254883561618351,1.254883561618351
2024-08-03 15:00:00,1.4464860026963393,1.4464860026963393
2024-08-03 16:00:00,2.1590601630944644,2.1590601630944644
2024-08-03 17:00:00,1.8635731356988023,1.8635731356988023
2024-08-03 18:00:00,2.232238545496423,2.232238545496423
2024-08-03 19:00:00,2.1355915493575868,2.1355915493575868
2024-08-03 20:00:00,2.1211315625029785,2.1211315625029785
2024-08-03 21:00:00,1.9667472909940198,1.9667472909940198
2024-08-03 22:00:00,0.0,0.0
2024-08-03 23:00:00,0.0,0.0
2024-08-04 00:00:00,0.0,0.0
2024-08-04 01:00:00,0.0,0.0
2024-08-04 02:00:00,0.0,0.0
2024-08-04 03:00:00,0.0,0.0
2024-08-04 04:00:00,0.0,0.0
2024-08-04 05:00:00,0.0,0.0
2024-08-04 06:00:00,0.0,0.0
2024-08-04 07:00:00,0.0,0.0
2024-08-04 08:00:00,0.0,0.0
2024-08-04 09:00:00,0.0,0.0
2024-08-04 10:00:00,0.07729178691228998,0.07729178691228998
2024-08-04 11:00:00,0.27794623768418014,0.27794623768418014
2024-08-04 12:00:00,0.5168656489465905,0.5168656489465905
2024-08-04 13:00:00,1.0135875367614484,1.0135875367614484
2024-08-04 14:00:00,1.2203920385010845,1.2203920385010845
2024-08-04 15:00:00,1.2864391582669252,1.2864391582669252
2024-08-04 16:00:00,2.1486303101603847,2.1486303101603847
2024-08-04 17:00:00,1.6849921749367511,1.6849921749367511
2024-08-04 18:00:00,2.177362396202669,2.177362396202669
2024-08-04 19:00:00,2.117929255454668,2.117929255454668
2024-08-04 20:00:00,2.2406659681311187,2.2406659681311187
2024-08-04 21:00:00,2.2529864806874143,2.2529864806874143
2024-08-04 22:00:00,0.0,0.0
2024-08-04 23:00:00,0.0,0.0
2024-08-05 00:00:00,0.0,0.0
2024-08-05 01:00:00,0.0,0.0
2024-08-05 02:00:00,0.0,0.0
2024-08-05 03:00:00,0.0,0.0
2024-08-05 04:00:00,0.0,0.0
2024-08-05 05:00:00,0.0,0.0
2024-08-05 06:00:00,0.0,0.0
2024-08-05 07:00:00,0.0,0.0
2024-08-05 08:00:00,0.0,0.0
2024-08-05 09:00:00,0.0,0.0
2024-08-05 10:00:00,0.11246099444304511,0.11246099444304511
2024-08-05 11:00:00,0.3823272074646665,0.3823272074646665
2024-08-05 12:00:00,0.925800899945151,0.925800899945151
2024-08-05 13:00:00,1.2192868430785015,1.2192868430785015
2024-08-05 14:00:00,1.5691369967621074,1.5691369967621074
2024-08-05 15:00:00,2.345906592092311,2.345906592092311
2024-08-05 16:00:00,2.9644682484934477,2.9644682484934477
2024-08-05 17:00:00,2.8934139248911652,2.8934139248911652
2024-08-05 18:00:00,3.7147564856936386,3.7147564856936386
2024-08-05 19:00:00,2.9273634587533235,2.9273634587533235
2024-08-05 20:00:00,3.5368875301664606,3.5368875301664606
2024-08-05 21:00:00,2.8419844925676876,2.8419844925676876
2024-08-05 22:00:00,0.0,0.0
2024-08-05 23:00:00,0.0,0.0
2024-08-06 00:00:00,0.0,0.0
2024-08-06 01:00:00,0.0,0.0
2024-08-06 02:00:00,0.0,0.0
2024-08-06 03:00:00,0.0,0.0
2024-08-06 04:00:00,0.0,0.0
2024-08-06 05:00:00,0.0,0.0
2024-08-06 06:00:00,0.0,0.0
2024-08-06 07:00:00,0.0,0.0
2024-08-06 08:00:00,0.0,0.0
2024-08-06 09:00:00,0.0,0.0
2024-08-06 10:00:00,0.07913650615505519,0.07913650615505519
2024-08-06 11:00:00,0.3239698414909548,0.3239698414909548
2024-08-06 12:00:00,0.7668542382900897,0.7668542382900897
2024-08-06 13:00:00,1.03177046926587,1.03177046926587
2024-08-06 14:00:00,1.689592982445679,1.689592982445679
2024-08-06 15:00:00,2.045223275585535,2.045223275585535
2024-08-06 16:00:00,2.1143007954462916,2.1143007954462916
2024-08-06 17:00:00,2.3771830809172614,2.3771830809172614
2024-08-06 18:00:00,2.5119903759206546,2.5119903759206546
2024-08-06 19:00:00,2.8621813528413766,2.8621813528413766
2024-08-06 20:00:00,2.450688876763963,2.450688876763963
2024-08-06 21:00:00,2.9512753116754076,2.9512753116754076
2024-08-06 22:00:00,0.0,0.0
2024-08-06 23:00:00,0.0,0.0
2024-08-07 00:00:00,0.0,0.0
2024-08-07 01:00:00,0.0,0.0
2024-08-07 02:00:00,0.0,0.0
2024-08-07 03:00:00,0.0,0.0
2024-08-07 04:00:00,0.0,0.0
2024-08-07 05:00:00,0.0,0.0
2024-08-07 06:00:00,0.0,0.0
2024-08-07 07:00:00,0.0,0.0
2024-08-07 08:00:00,0.0,0.0
2024-08-07 09:00:00,0.0,0.0
2024-08-07 10:00:00,0.10254257042483612,0.10254257042483612
2024-08-07 11:00:00,0.336957580413797,0.336957580413797
2024-08-07 12:00:00,0.7154239174190782,0.7154239174190782
2024-08-07 13:00:00,1.3132201863635442,1.3132201863635442
2024-08-07 14:00:00,1.4986689615381308,1.4986689615381308
2024-08-07 15:00:00,2.0238691459788023,2.0238691459788023
2024-08-07 16:00:00,2.2416581933164847,2.2416581933164847
2024-08-07 17:00:00,2.299747683531077,2.299747683531077
2024-08-07 18:00:00,3.25289049496722,3.25289049496722
2024-08-07 19:00:00,2.6158731796436663,2.6158731796436663
2024-08-07 20:00:00,3.300729096001144,3.300729096001144
2024-08-07 21:00:00,2.519337978214188,2.519337978214188
2024-08-07 22:00:00,0.0,0.0
2024-08-07 23:00:00,0.0,0.0
2024-08-08 00:00:00,0.0,0.0
2024-08-08 01:00:00,0.0,0.0
2024-08-08 02:00:00,0.0,0.0
2024-08-08 03:00:00,0.0,0.0
2024-08-08 04:00:00,0.0,0.0
2024-08-08 05:00:00,0.0,0.0
2024-08-08 06:00:00,0.0,0.0
2024-08-08 07:00:00,0.0,0.0
2024-08-08 08:00:00,0.0,0.0
2024-08-08 09:00:00,0.0,0.0
2024-08-08 10:00:00,0.09392561886291044,0.09392561886291044
2024-08-08 11:00:00,0.3772041087385449,0.3772041087385449
2024-08-08 12:00:00,0.7031478582803306,0.7031478582803306
2024-08-08 13:00:00,1.0899854691308735,1.0899854691308735
2024-08-08 14:00:00,1.8339786796594213,1.8339786796594213
2024-08-08 15:00:00,1.758024024304726,1.758024024304726
2024-08-08 16:00:00,2.2297272711170084,2.2297272711170084
2024-08-08 17:00:00,2.1903127442276724,2.1903127442276724
2024-08-08 18:00:00,3.0250862649539925,3.0250862649539925
2024-08-08 19:00:00,2.805495430838263,2.805495430838263
2024-08-08 20:00:00,2.7043345880527716,2.7043345880527716
2024-08-08 21:00:00,2.6424453446041682,2.6424453446041682
2024-08-08 22:00:00,0.0,0.0
2024-08-08 23:00:00,0.0,0.0
2024-08-09 00:00:00,0.0,0.0
2024-08-09 01:00:00,0.0,0.0
2024-08-09 02:00:00,0.0,0.0
2024-08-09 03:00:00,0.0,0.0
2024-08-09 04:00:00,0.0,0.0
2024-08-09 05:00:00,0.0,0.0
2024-08-09 06:00:00,0.0,0.0
2024-08-09 07:00:00,0.0,0.0
2024-08-09 08:00:00,0.0,0.0
2024-08-09 09:00:00,0.0,0.0
2024-08-09 10:00:00,0.10115521715985593,0.10115521715985593
2024-08-09 11:00:00,0.4556433065427533,0.4556433065427533
2024-08-09 12:00:00,0.8260513496352897,0.8260513496352897
2024-08-09 13:00:00,1.21676217973999,1.21676217973999
2024-08-09 14:00:00,2.1153439127897014,2.1153439127897014
2024-08-09 15:00:00,2.2910505986070264,2.2910505986070264
2024-08-09 16:00:00,2.9314250301908187,2.9314250301908187
2024-08-09 17:00:00,2.926438189661887,2.926438189661887
2024-08-09 18:00:00,3.4867837532068577,3.4867837532068577
2024-08-09 19:00:00,3.0998949625920393,3.0998949625920393
2024-08-09 20:00:00,3.869331138920934,3.869331138920934
2024-08-09 21:00:00,3.2438356516581903,3.2438356516581903
2024-08-09 22:00:00,0.0,0.0
2024-08-09 23:00:00,0.0,0.0
2024-08-10 00:00:00,0.0,0.0
2024-08-10 01:00:00,0.0,0.0
2024-08-10 02:00:00,0.0,0.0
2024-08-10 03:00:00,0.0,0.0
2024-08-10 04:00:00,0.0,0.0
2024-08-10 05:00:00,0.0,0.0
2024-08-10 06:00:00,0.0,0.0
2024-08-10 07:00:00,0.0,0.0
2024-08-10 08:00:00,0.0,0.0
2024-08-10 09:00:00,0.0,0.0
2024-08-10 10:00:00,0.06473337428777008,0.06473337428777008
2024-08-10 11:00:00,0.24360647046154438,0.24360647046154438
2024-08-10 12:00:00,0.48624228567396327,0.48624228567396327
2024-08-10 13:00:00,1.0132604361219846,1.0132604361219846
2024-08-10 14:00:00,1.0760971394842116,1.0760971394842116
2024-08-10 15:00:00,1.483693872290087,1.483693872290087
2024-08-10 16:00:00,1.6004579901856613,1.6004579901856613
2024-08-10 17:00:00,1.6173229491640762,1.6173229491640762
2024-08-10 18:00:00,2.3974939770387387,2.3974939770387387
2024-08-10 19:00:00,1.8544800368238115,1.8544800368238115
2024-08-10 20:00:00,1.817768904059539,1.817768904059539
2024-08-10 21:00:00,1.9621615237422583,1.9621615237422583
2024-08-10 22:00:00,0.0,0.0
2024-08-10 23:00:00,0.0,0.0
2024-08-11 00:00:00,0.0,0.0
2024-08-11 01:00:00,0.0,0.0
2024-08-11 02:00:00,0.0,0.0
2024-08-11 03:00:00,0.0,0.0
2024-08-11 04:00:00,0.0,0.0
2024-08-11 05:00:00,0.0,0.0
2024-08-11 06:00:00,0.0,0.0
2024-08-11 07:00:00,0.0,0.0
2024-08-11 08:00:00,0.0,0.0
2024-08-11 09:00:00,0.0,0.0
2024-08-11 10:00:00,0.06725967179237678,0.06725967179237678
2024-08-11 11:00:00,0.25355398429083814,0.25355398429083814
2024-08-11 12:00:00,0.5244992576337634,0.5244992576337634
2024-08-11 13:00:00,0.9056053981320085,0.9056053981320085
2024-08-11 14:00:00,1.11204694185254,1.11204694185254
2024-08-11 15:00:00,1.502195850391786,1.502195850391786
2024-08-11 16:00:00,1.786781155664619,1.786781155664619
2024-08-11 17:00:00,1.4829402889085697,1.4829402889085697
2024-08-11 18:00:00,2.1459861453535733,2.1459861453535733
2024-08-11 19:00:00,2.105779622202196,2.105779622202196
2024-08-11 20:00:00,2.3329477353864716,2.3329477353864716
2024-08-11 21:00:00,1.8657144780999855,1.8657144780999855
2024-08-11 22:00:00,0.0,0.0
2024-08-11 23:00:00,0.0,0.0
2024-08-12 00:00:00,0.0,0.0
2024-08-12 01:00:00,0.0,0.0
2024-08-12 02:00:00,0.0,0.0
2024-08-12 03:00:00,0.0,0.0
2024-08-12 04:00:00,0.0,0.0
2024-08-12 05:00:00,0.0,0.0
2024-08-12 06:00:00,0.0,0.0
2024-08-12 07:00:00,0.0,0.0
2024-08-12 08:00:00,0.0,0.0
2024-08-12 09:00:00,0.0,0.0
2024-08-12 10:00:00,0.10638733932275006,0.10638733932275006
2024-08-12 11:00:00,0.38401136306053757,0.38401136306053757
2024-08-12 12:00:00,0.8351952164574681,0.8351952164574681
2024-08-12 13:00:00,1.380299618036599,1.380299618036599
2024-08-12 14:00:00,1.5848610383823718,1.5848610383823718
2024-08-12 15:00:00,2.060063275078957,2.060063275078957
2024-08-12 16:00:00,2.9120424182921667,2.9120424182921667
2024-08-12 17:00:00,2.72365833921554,2.72365833921554
2024-08-12 18:00:00,2.7784259678226406,2.7784259678226406
2024-08-12 19:00:00,3.0212787179901235,3.0212787179901235
2024-08-12 20:00:00,2.9717994547247386,2.9717994547247386
2024-08-12 21:00:00,3.0314859803355376,3.0314859803355376
2024-08-12 22:00:00,0.0,0.0
2024-08-12 23:00:00,0.0,0.0
2024-08-13 00:00:00,0.0,0.0
2024-08-13 01:00:00,0.0,0.0
2024-08-13 02:00:00,0.0,0.0
2024-08-13 03:00:00,0.0,0.0
2024-08-13 04:00:00,0.0,0.0
2024-08-13 05:00:00,0.0,0.0
2024-08-13 06:00:00,0.0,0.0
2024-08-13 07:00:00,0.0,0.0
2024-08-13 08:00:00,0.0,0.0
2024-08-13 09:00:00,0.0,0.0
2024-08-13 10:00:00,0.09433457746008224,0.09433457746008224
2024-08-13 11:00:00,0.4428495105759108,0.4428495105759108
2024-08-13 12:00:00,0.700977824537306,0.700977824537306
2024-08-13 13:00:00,1.3750737014009857,1.3750737014009857
2024-08-13 14:00:00,1.6953498528435396,1.6953498528435396
2024-08-13 15:00:00,2.318928812876367,2.318928812876367
2024-08-13 16:00:00,2.9144101915351923,2.9144101915351923
2024-08-13 17:00:00,2.5798780616387473,2.5798780616387473
2024-08-13 18:00:00,3.3588020135176153,3.3588020135176153
2024-08-13 19:00:00,2.8653351843911343,2.8653351843911343
2024-08-13 20:00:00,3.2743783582328687,3.2743783582328687
2024-08-13 21:00:00,2.58104790424011,2.58104790424011
2024-08-13 22:00:00,0.0,0.0
2024-08-13 23:00:00,0.0,0.0
2024-08-14 00:00:00,0.0,0.0
2024-08-14 01:00:00,0.0,0.0
2024-08-14 02:00:00,0.0,0.0
2024-08-14 03:00:00,0.0,0.0
2024-08-14 04:00:00,0.0,0.0
2024-08-14 05:00:00,0.0,0.0
2024-08-14 06:00:00,0.0,0.0
2024-08-14 07:00:00,0.0,0.0
2024-08-14 08:00:00,0.0,0.0
2024-08-14 09:00:00,0.0,0.0
2024-08-14 10:00:00,0.09148809647168739,0.09148809647168739
2024-08-14 11:00:00,0.4426505975089085,0.4426505975089085
2024-08-14 12:00:00,0.759821998265818,0.759821998265818
2024-08-14 13:00:00,1.2987451032608421,1.2987451032608421
2024-08-14 14:00:00,1.95563059676601,1.95563059676601
2024-08-14 15:00:00,2.080653471635543,2.080653471635543
2024-08-14 16:00:00,3.163371499717584,3.163371499717584
2024-08-14 17:00:00,2.9577543834765576,2.9577543834765576
2024-08-14 18:00:00,3.754757716141957,3.754757716141957
2024-08-14 19:00:00,3.4024524144831383,3.4024524144831383
2024-08-14 20:00:00,3.742711958737372,3.742711958737372
2024-08-14 21:00:00,2.9820906539636374,2.9820906539636374
2024-08-14 22:00:00,0.0,0.0
2024-08-14 23:00:00,0.0,0.0
2024-08-15 00:00:00,0.0,0.0
2024-08-15 01:00:00,0.0,0.0
2024-08-15 02:00:00,0.0,0.0
2024-08-15 03:00:00,0.0,0.0
2024-08-15 04:00:00,0.0,0.0
2024-08-15 05:00:00,0.0,0.0
2024-08-15 06:00:00,0.0,0.0
2024-08-15 07:00:00,0.0,0.0
2024-08-15 08:00:00,0.0,0.0
2024-08-15 09:00:00,0.0,0.0
2024-08-15 10:00:00,0.09359000013211592,0.09359000013211592
2024-08-15 11:00:00,0.4003029862452957,0.4003029862452957
2024-08-15 12:00:00,0.9272388367890493,0.9272388367890493
2024-08-15 13:00:00,1.595867782975725,1.595867782975725
2024-08-15 14:00:00,1.879391982885565,1.879391982885565
2024-08-15 15:00:00,1.9861062937590668,1.9861062937590668
2024-08-15 16:00:00,2.8706590908594243,2.8706590908594243
2024-08-15 17:00:00,3.1377541838749474,3.1377541838749474
2024-08-15 18:00:00,3.683851682438877,3.683851682438877
2024-08-15 19:00:00,3.09437785710862,3.09437785710862
2024-08-15 20:00:00,3.0009318530531,3.0009318530531
2024-08-15 21:00:00,3.4983799998253793,3.4983799998253793
2024-08-15 22:00:00,0.0,0.0
2024-08-15 23:00:00,0.0,0.0
2024-08-16 00:00:00,0.0,0.0
2024-08-16 01:00:00,0.0,0.0
2024-08-16 02:00:00,0.0,0.0
2024-08-16 03:00:00,0.0,0.0
2024-08-16 04:00:00,0.0,0.0
2024-08-16 05:00:00,0.0,0.0
2024-08-16 06:00:00,0.0,0.0
2024-08-16 07:00:00,0.0,0.0
2024-08-16 08:00:00,0.0,0.0
2024-08-16 09:00:00,0.0,0.0
2024-08-16 10:00:00,0.10746756792027717,0.10746756792027717
2024-08-16 11:00:00,0.49694154251148015,0.49694154251148015
2024-08-16 12:00:00,0.892374552014843,0.892374552014843
2024-08-16 13:00:00,1.2396940403240202,1.2396940403240202
2024-08-16 14:00:00,1.6611997418355113,1.6611997418355113
2024-08-16 15:00:00,2.4364749523183225,2.4364749523183225
2024-08-16 16:00:00,3.2163509739975527,3.2163509739975527
2024-08-16 17:00:00,2.4566648319274607,2.4566648319274607
2024-08-16 18:00:00,2.9716755218040785,2.9716755218040785
2024-08-16 19:00:00,3.5093120452844695,3.5093120452844695
2024-08-16 20:00:00,2.8969197000994376,2.8969197000994376
2024-08-16 21:00:00,2.678461168615675,2.678461168615675
2024-08-16 22:00:00,0.0,0.0
2024-08-16 23:00:00,0.0,0.0
2024-08-17 00:00:00,0.0,0.0
2024-08-17 01:00:00,0.0,0.0
2024-08-17 02:00:00,0.0,0.0
2024-08-17 03:00:00,0.0,0.0
2024-08-17 04:00:00,0.0,0.0
2024-08-17 05:00:00,0.0,0.0
2024-08-17 06:00:00,0.0,0.0
2024-08-17 07:00:00,0.0,0.0
2024-08-17 08:00:00,0.0,0.0
2024-08-17 09:00:00,0.0,0.0
2024-08-17 10:00:00,0.07587545456041468,0.07587545456041468
2024-08-17 11:00:00,0.31608438091478935,0.31608438091478935
2024-08-17 12:00:00,0.6587446674126372,0.6587446674126372
2024-08-17 13:00:00,0.9403824676568346,0.9403824676568346
2024-08-17 14:00:00,1.3496971219397804,1.3496971219397804
2024-08-17 15:00:00,1.6033440912902204,1.6033440912902204
2024-08-17 16:00:00,2.1081434187805774,2.1081434187805774
2024-08-17 17:00:00,2.16709662130194,2.16709662130194
2024-08-17 18:00:00,2.4673169789829243,2.4673169789829243
2024-08-17 19:00:00,1.962301943582007,1.962301943582007
2024-08-17 20:00:00,2.0906979160655044,2.0906979160655044
2024-08-17 21:00:00,2.423493026442475,2.423493026442475
2024-08-17 22:00:00,0.0,0.0
2024-08-17 23:00:00,0.0,0.0
2024-08-18 00:00:00,0.0,0.0
2024-08-18 01:00:00,0.0,0.0
2024-08-18 02:00:00,0.0,0.0
2024-08-18 03:00:00,0.0,0.0
2024-08-18 04:00:00,0.0,0.0
2024-08-18 05:00:00,0.0,0.0
2024-08-18 06:00:00,0.0,0.0
2024-08-18 07:00:00,0.0,0.0
2024-08-18 08:00:00,0.0,0.0
2024-08-18 09:00:00,0.0,0.0
2024-08-18 10:00:00,0.07300547343942491,0.07300547343942491
2024-08-18 11:00:00,0.2860354555498173,0.2860354555498173
2024-08-18 12:00:00,0.5861215739873694,0.5861215739873694
2024-08-18 13:00:00,0.855883945862754,0.855883945862754
2024-08-18 14:00:00,1.0921979947956162,1.0921979947956162
2024-08-18 15:00:00,1.3046141662525739,1.3046141662525739
2024-08-18 16:00:00,1.778492145975113,1.778492145975113
2024-08-18 17:00:00,1.6385093264069626,1.6385093264069626
2024-08-18 18:00:00,2.2261282456678706,2.2261282456678706
2024-08-18 19:00:00,2.1772166892221616,2.1772166892221616
2024-08-18 20:00:00,2.2765973606790864,2.2765973606790864
2024-08-18 21:00:00,1.7431423260762444,1.7431423260762444
2024-08-18 22:00:00,0.0,0.0
2024-08-18 23:00:00,0.0,0.0
2024-08-19 00:00:00,0.0,0.0
2024-08-19 01:00:00,0.0,0.0
2024-08-19 02:00:00,0.0,0.0
2024-08-19 03:00:00,0.0,0.0
2024-08-19 04:00:00,0.0,0.0
2024-08-19 05:00:00,0.0,0.0
2024-08-19 06:00:00,0.0,0.0
2024-08-19 07:00:00,0.0,0.0
2024-08-19 08:00:00,0.0,0.0
2024-08-19 09:00:00,0.0,0.0
2024-08-19 10:00:00,0.10049710229421238,0.10049710229421238
2024-08-19 11:00:00,0.4048775041073549,0.4048775041073549
2024-08-19 12:00:00,0.787774157703182,0.787774157703182
2024-08-19 13:00:00,1.185728487464655,1.185728487464655
2024-08-19 14:00:00,1.7062554770583127,1.7062554770583127
2024-08-19 15:00:00,1.9997786080196451,1.9997786080196451
2024-08-19 16:00:00,2.122777943860613,2.122777943860613
2024-08-19 17:00:00,2.1052193628827345,2.1052193628827345
2024-08-19 18:00:00,3.112703451850524,3.112703451850524
2024-08-19 19:00:00,2.8764108936253643,2.8764108936253643
2024-08-19 20:00:00,2.8568753972035337,2.8568753972035337
2024-08-19 21:00:00,2.942761622505998,2.942761622505998
2024-08-19 22:00:00,0.0,0.0
2024-08-19 23:00:00,0.0,0.0
2024-08-20 00:00:00,0.0,0.0
2024-08-20 01:00:00,0.0,0.0
2024-08-20 02:00:00,0.0,0.0
2024-08-20 03:00:00,0.0,0.0
2024-08-20 04:00:00,0.0,0.0
2024-08-20 05:00:00,0.0,0.0
2024-08-20 06:00:00,0.0,0.0
2024-08-20 07:00:00,0.0,0.0
2024-08-20 08:00:00,0.0,0.0
2024-08-20 09:00:00,0.0,0.0
2024-08-20 10:00:00,0.08524828493148763,0.08524828493148763
2024-08-20 11:00:00,0.4221560083666454,0.4221560083666454
2024-08-20 12:00:00,0.8308285743294933,0.8308285743294933
2024-08-20 13:00:00,1.307687579935021,1.307687579935021
2024-08-20 14:00:00,1.8345370896507955,1.8345370896507955
2024-08-20 15:00:00,1.9257036271075718,1.9257036271075718
2024-08-20 16:00:00,2.352692683202715,2.352692683202715
2024-08-20 17:00:00,2.462806604299923,2.462806604299923
2024-08-20 18:00:00,3.032544599460913,3.032544599460913
2024-08-20 19:00:00,3.178465120929238,3.178465120929238
2024-08-20 20:00:00,3.3948062368411094,3.3948062368411094
2024-08-20 21:00:00,3.028096301899142,3.028096301899142
2024-08-20 22:00:00,0.0,0.0
2024-08-20 23:00:00,0.0,0.0
2024-08-21 00:00:00,0.0,0.0
2024-08-21 01:00:00,0.0,0.0
2024-08-21 02:00:00,0.0,0.0
2024-08-21 03:00:00,0.0,0.0
2024-08-21 04:00:00,0.0,0.0
2024-08-21 05:00:00,0.0,0.0
2024-08-21 06:00:00,0.0,0.0
2024-08-21 07:00:00,0.0,0.0
2024-08-21 08:00:00,0.0,0.0
2024-08-21 09:00:00,0.0,0.0
2024-08-21 10:00:00,0.10302838175439166,0.10302838175439166
2024-08-21 11:00:00,0.38124481225525214,0.38124481225525214
2024-08-21 12:00:00,0.7336712942612719,0.7336712942612719
2024-08-21 13:00:00,1.119601138294234,1.119601138294234
2024-08-21 14:00:00,1.5392930926932098,1.5392930926932098
2024-08-21 15:00:00,1.8445481753556827,1.8445481753556827
2024-08-21 16:00:00,2.2809322460960124,2.2809322460960124
2024-08-21 17:00:00,2.493620852895106,2.493620852895106
2024-08-21 18:00:00,2.921147033312767,2.921147033312767
2024-08-21 19:00:00,3.1781924973382103,3.1781924973382103
2024-08-21 20:00:00,3.302108092740024,3.302108092740024
2024-08-21 21:00:00,2.465640584100743,2.465640584100743
2024-08-21 22:00:00,0.0,0.0
2024-08-21 23:00:00,0.0,0.0
2024-08-22 00:00:00,0.0,0.0
2024-08-22 01:00:00,0.0,0.0
2024-08-22 02:00:00,0.0,0.0
2024-08-22 03:00:00,0.0,0.0
2024-08-22 04:00:00,0.0,0.0
2024-08-22 05:00:00,0.0,0.0
2024-08-22 06:00:00,0.0,0.0
2024-08-22 07:00:00,0.0,0.0
2024-08-22 08:00:00,0.0,0.0
2024-08-22 09:00:00,0.0,0.0
2024-08-22 10:00:00,0.09388321983598641,0.09388321983598641
2024-08-22 11:00:00,0.46762866830529604,0.46762866830529604
2024-08-22 12:00:00,0.9337329088041021,0.9337329088041021
2024-08-22 13:00:00,1.5273614965428672,1.5273614965428672
2024-08-22 14:00:00,1.790301974239139,1.790301974239139
2024-08-22 15:00:00,2.5148335927742047,2.5148335927742047
2024-08-22 16:00:00,3.0760308813777932,3.0760308813777932
2024-08-22 17:00:00,2.5615721165109355,2.5615721165109355
2024-08-22 18:00:00,3.1663638880741662,3.1663638880741662
2024-08-22 19:00:00,3.4949850218791285,3.4949850218791285
2024-08-22 20:00:00,3.222309747223954,3.222309747223954
2024-08-22 21:00:00,2.813054937742393,2.813054937742393
2024-08-22 22:00:00,0.0,0.0
2024-08-22 23:00:00,0.0,0.0
2024-08-23 00:00:00,0.0,0.0
2024-08-23 01:00:00,0.0,0.0
2024-08-23 02:00:00,0.0,0.0
2024-08-23 03:00:00,0.0,0.0
2024-08-23 04:00:00,0.0,0.0
2024-08-23 05:00:00,0.0,0.0
2024-08-23 06:00:00,0.0,0.0
2024-08-23 07:00:00,0.0,0.0
2024-08-23 08:00:00,0.0,0.0
2024-08-23 09:00:00,0.0,0.0
2024-08-23 10:00:00,0.09187587043241835,0.09187587043241835
2024-08-23 11:00:00,0.3642131701108296,0.3642131701108296
2024-08-23 12:00:00,0.8715511252085089,0.8715511252085089
2024-08-23 13:00:00,1.1515384886713336,1.1515384886713336
2024-08-23 14:00:00,1.9468498395554628,1.9468498395554628
2024-08-23 15:00:00,2.130181397027182,2.130181397027182
2024-08-23 16:00:00,2.631258492133618,2.631258492133618
2024-08-23 17:00:00,2.8839260879394404,2.8839260879394404
2024-08-23 18:00:00,2.7096684741105097,2.7096684741105097
2024-08-23 19:00:00,3.2938676319201092,3.2938676319201092
2024-08-23 20:00:00,2.75754651086726,2.75754651086726
2024-08-23 21:00:00,3.1708914366882057,3.1708914366882057
2024-08-23 22:00:00,0.0,0.0
2024-08-23 23:00:00,0.0,0.0
2024-08-24 00:00:00,0.0,0.0
2024-08-24 01:00:00,0.0,0.0
2024-08-24 02:00:00,0.0,0.0
2024-08-24 03:00:00,0.0,0.0
2024-08-24 04:00:00,0.0,0.0
2024-08-24 05:00:00,0.0,0.0
2024-08-24 06:00:00,0.0,0.0
2024-08-24 07:00:00,0.0,0.0
2024-08-24 08:00:00,0.0,0.0
2024-08-24 09:00:00,0.0,0.0
2024-08-24 10:00:00,0.06426811059202374,0.06426811059202374
2024-08-24 11:00:00,0.3015471448639469,0.3015471448639469
2024-08-24 12:00:00,0.5424045923610772,0.5424045923610772
2024-08-24 13:00:00,0.9003316401137043,0.9003316401137043
2024-08-24 14:00:00,1.2936917114271633,1.2936917114271633
2024-08-24 15:00:00,1.6651132425241848,1.6651132425241848
2024-08-24 16:00:00,2.088228664648098,2.088228664648098
2024-08-24 17:00:00,2.136669757764141,2.136669757764141
2024-08-24 18:00:00,2.181060402499938,2.181060402499938
2024-08-24 19:00:00,2.216988734742746,2.216988734742746
2024-08-24 20:00:00,1.957337547424509,1.957337547424509
2024-08-24 21:00:00,2.275960874030314,2.275960874030314
2024-08-24 22:00:00,0.0,0.0
2024-08-24 23:00:00,0.0,0.0
2024-08-25 00:00:00,0.0,0.0
2024-08-25 01:00:00,0.0,0.0
2024-08-25 02:00:00,0.0,0.0
2024-08-25 03:00:00,0.0,0.0
2024-08-25 04:00:00,0.0,0.0
2024-08-25 05:00:00,0.0,0.0
2024-08-25 06:00:00,0.0,0.0
2024-08-25 07:00:00,0.0,0.0
2024-08-25 08:00:00,0.0,0.0
2024-08-25 09:00:00,0.0,0.0
2024-08-25 10:00:00,0.06113520061610216,0.06113520061610216
2024-08-25 11:00:00,0.26321474154597024,0.26321474154597024
2024-08-25 12:00:00,0.5541319421366253,0.5541319421366253
2024-08-25 13:00:00,0.9699943078653624,0.9699943078653624
2024-08-25 14:00:00,1.2102519029027492,1.2102519029027492
2024-08-25 15:00:00,1.4294430740770077,1.4294430740770077
2024-08-25 16:00:00,1.5680656094520051,1.5680656094520051
2024-08-25 17:00:00,1.9155633305911741,1.9155633305911741
2024-08-25 18:00:00,1.8213940870537666,1.8213940870537666
2024-08-25 19:00:00,1.893079763791758,1.893079763791758
2024-08-25 20:00:00,1.8100078550365757,1.8100078550365757
2024-08-25 21:00:00,2.0239757268935388,2.0239757268935388
2024-08-25 22:00:00,0.0,0.0
2024-08-25 23:00:00,0.0,0.0
2024-08-26 00:00:00,0.0,0.0
2024-08-26 01:00:00,0.0,0.0
2024-08-26 02:00:00,0.0,0.0
2024-08-26 03:00:00,0.0,0.0
2024-08-26 04:00:00,0.0,0.0
2024-08-26 05:00:00,0.0,0.0
2024-08-26 06:00:00,0.0,0.0
2024-08-26 07:00:00,0.0,0.0
2024-08-26 08:00:00,0.0,0.0
2024-08-26 09:00:00,0.0,0.0
2024-08-26 10:00:00,0.08642702197608285,0.08642702197608285
2024-08-26 11:00:00,0.39489656716031313,0.39489656716031313
2024-08-26 12:00:00,0.7257568465868516,0.7257568465868516
2024-08-26 13:00:00,1.355495541211019,1.355495541211019
2024-08-26 14:00:00,1.533598821808114,1.533598821808114
2024-08-26 15:00:00,2.1859309997913803,2.1859309997913803
2024-08-26 16:00:00,2.3853217691457225,2.3853217691457225
2024-08-26 17:00:00,2.6353715246730127,2.6353715246730127
2024-08-26 18:00:00,3.3501718275470322,3.3501718275470322
2024-08-26 19:00:00,2.859470852582492,2.859470852582492
2024-08-26 20:00:00,2.621576478455578,2.621576478455578
2024-08-26 21:00:00,2.8310053838284768,2.8310053838284768
2024-08-26 22:00:00,0.0,0.0
2024-08-26 23:00:00,0.0,0.0
2024-08-27 00:00:00,0.0,0.0
2024-08-27 01:00:00,0.0,0.0
2024-08-27 02:00:00,0.0,0.0
2024-08-27 03:00:00,0.0,0.0
2024-08-27 04:00:00,0.0,0.0
2024-08-27 05:00:00,0.0,0.0
2024-08-27 06:00:00,0.0,0.0
2024-08-27 07:00:00,0.0,0.0
2024-08-27 08:00:00,0.0,0.0
2024-08-27 09:00:00,0.0,0.0
2024-08-27 10:00:00,0.0810012531853802,0.0810012531853802
2024-08-27 11:00:00,0.37082615368544536,0.37082615368544536
2024-08-27 12:00:00,0.8507148691554939,0.8507148691554939
2024-08-27 13:00:00,1.2412442013159393,1.2412442013159393
2024-08-27 14:00:00,1.4293819151157299,1.4293819151157299
2024-08-27 15:00:00,2.0789361845598133,2.0789361845598133
2024-08-27 16:00:00,2.827396628023403,2.827396628023403
2024-08-27 17:00:00,2.7801935863601153,2.7801935863601153
2024-08-27 18:00:00,3.058936059201498,3.058936059201498
2024-08-27 19:00:00,2.7771073990177397,2.7771073990177397
2024-08-27 20:00:00,3.0267347143141685,3.0267347143141685
2024-08-27 21:00:00,2.986990017482474,2.986990017482474
2024-08-27 22:00:00,0.0,0.0
2024-08-27 23:00:00,0.0,0.0
2024-08-28 00:00:00,0.0,0.0
2024-08-28 01:00:00,0.0,0.0
2024-08-28 02:00:00,0.0,0.0
2024-08-28 03:00:00,0.0,0.0
2024-08-28 04:00:00,0.0,0.0
2024-08-28 05:00:00,0.0,0.0
2024-08-28 06:00:00,0.0,0.0
2024-08-28 07:00:00,0.0,0.0
2024-08-28 08:00:00,0.0,0.0
2024-08-28 09:00:00,0.0,0.0
2024-08-28 10:00:00,0.10455051497703681,0.10455051497703681
2024-08-28 11:00:00,0.34465222205680857,0.34465222205680857
2024-08-28 12:00:00,0.816507324522143,0.816507324522143
2024-08-28 13:00:00,1.1603723300796183,1.1603723300796183
2024-08-28 14:00:00,1.4750873610247872,1.4750873610247872
2024-08-28 15:00:00,1.8528444697195976,1.8528444697195976
2024-08-28 16:00:00,2.858306874262067,2.858306874262067
2024-08-28 17:00:00,2.7902652012160005,2.7902652012160005
2024-08-28 18:00:00,3.566143366471552,3.566143366471552
2024-08-28 19:00:00,3.462401197931235,3.462401197931235
2024-08-28 20:00:00,3.467956231990199,3.467956231990199
2024-08-28 21:00:00,2.548513477883297,2.548513477883297
2024-08-28 22:00:00,0.0,0.0
2024-08-28 23:00:00,0.0,0.0
2024-08-29 00:00:00,0.0,0.0
2024-08-29 01:00:00,0.0,0.0
2024-08-29 02:00:00,0.0,0.0
2024-08-29 03:00:00,0.0,0.0
2024-08-29 04:00:00,0.0,0.0
2024-08-29 05:00:00,0.0,0.0
2024-08-29 06:00:00,0.0,0.0
2024-08-29 07:00:00,0.0,0.0
2024-08-29 08:00:00,0.0,0.0
2024-08-29 09:00:00,0.0,0.0
2024-08-29 10:00:00,0.12001897849664694,0.12001897849664694
2024-08-29 11:00:00,0.4096101029694954,0.4096101029694954
2024-08-29 12:00:00,0.781124355945527,0.781124355945527
2024-08-29 13:00:00,1.3877196380243193,1.3877196380243193
2024-08-29 14:00:00,1.8169788952525376,1.8169788952525376
2024-08-29 15:00:00,1.9069378530459966,1.9069378530459966
2024-08-29 16:00:00,3.0607179012067824,3.0607179012067824
2024-08-29 17:00:00,3.238022472646492,3.238022472646492
2024-08-29 18:00:00,3.4359169068488824,3.4359169068488824
2024-08-29 19:00:00,3.1712936217812944,3.1712936217812944
2024-08-29 20:00:00,3.2539534115822546,3.2539534115822546
2024-08-29 21:00:00,2.727939427816992,2.727939427816992
2024-08-29 22:00:00,0.0,0.0
2024-08-29 23:00:00,0.0,0.0
2024-08-30 00:00:00,0.0,0.0
2024-08-30 01:00:00,0.0,0.0
2024-08-30 02:00:00,0.0,0.0
2024-08-30 03:00:00,0.0,0.0
2024-08-30 04:00:00,0.0,0.0
2024-08-30 05:00:00,0.0,0.0
2024-08-30 06:00:00,0.0,0.0
2024-08-30 07:00:00,0.0,0.0
2024-08-30 08:00:00,0.0,0.0
2024-08-30 09:00:00,0.0,0.0
2024-08-30 10:00:00,0.09522266345681932,0.09522266345681932
2024-08-30 11:00:00,0.36042513793360476,0.36042513793360476
2024-08-30 12:00:00,0.7598363185212571,0.7598363185212571
2024-08-30 13:00:00,1.2376981180737543,1.2376981180737543
2024-08-30 14:00:00,1.8799205509666204,1.8799205509666204
2024-08-30 15:00:00,2.0477361563021543,2.0477361563021543
2024-08-30 16:00:00,2.3801660209925224,2.3801660209925224
2024-08-30 17:00:00,2.4237076031629305,2.4237076031629305
2024-08-30 18:00:00,2.786872625131062,2.786872625131062
2024-08-30 19:00:00,3.391305616445554,3.391305616445554
2024-08-30 20:00:00,2.67073024353377,2.67073024353377
2024-08-30 21:00:00,2.433685088868135,2.433685088868135
2024-08-30 22:00:00,0.0,0.0
2024-08-30 23:00:00,0.0,0.0
2024-08-31 00:00:00,0.0,0.0
2024-08-31 01:00:00,0.0,0.0
2024-08-31 02:00:00,0.0,0.0
2024-08-31 03:00:00,0.0,0.0
2024-08-31 04:00:00,0.0,0.0
2024-08-31 05:00:00,0.0,0.0
2024-08-31 06:00:00,0.0,0.0
2024-08-31 07:00:00,0.0,0.0
2024-08-31 08:00:00,0.0,0.0
2024-08-31 09:00:00,0.0,0.0
2024-08-31 10:00:00,0.06965686169584792,0.06965686169584792
2024-08-31 11:00:00,0.2641138620159005,0.2641138620159005
2024-08-31 12:00:00,0.5322131962780043,0.5322131962780043
2024-08-31 13:00:00,0.9917771805836818,0.9917771805836818
2024-08-31 14:00:00,1.0481096111840948,1.0481096111840948
2024-08-31 15:00:00,1.2954942772992306,1.2954942772992306
2024-08-31 16:00:00,1.9108766516909292,1.9108766516909292
2024-08-31 17:00:00,1.9016800047150477,1.9016800047150477
2024-08-31 18:00:00,2.543002046064348,2.543002046064348
2024-08-31 19:00:00,2.0646376823718526,2.0646376823718526
2024-08-31 20:00:00,1.9114146049455438,1.9114146049455438
2024-08-31 21:00:00,2.052371803659685,2.052371803659685
2024-08-31 22:00:00,0.0,0.0
2024-08-31 23:00:00,0.0,0.0
2024-09-01 00:00:00,0.0,0.0
2024-09-01 01:00:00,0.0,0.0
2024-09-01 02:00:00,0.0,0.0
2024-09-01 03:00:00,0.0,0.0
2024-09-01 04:00:00,0.0,0.0
2024-09-01 05:00:00,0.0,0.0
2024-09-01 06:00:00,0.0,0.0
2024-09-01 07:00:00,0.0,0.0
2024-09-01 08:00:00,0.0,0.0
2024-09-01 09:00:00,0.0,0.0
2024-09-01 10:00:00,0.06765627670628216,0.06765627670628216
2024-09-01 11:00:00,0.26691533164776743,0.26691533164776743
2024-09-01 12:00:00,0.6357914724972862,0.6357914724972862
2024-09-01 13:00:00,0.9071266214140558,0.9071266214140558
2024-09-01 14:00:00,1.3052375257925455,1.3052375257925455
2024-09-01 15:00:00,1.4200898272173887,1.4200898272173887
2024-09-01 16:00:00,1.6493937499679805,1.6493937499679805
2024-09-01 17:00:00,2.0518389451936043,2.0518389451936043
2024-09-01 18:00:00,1.901413978780353,1.901413978780353
2024-09-01 19:00:00,1.8673596351872046,1.8673596351872046
2024-09-01 20:00:00,2.11762431296075,2.11762431296075
2024-09-01 21:00:00,2.1522812584760342,2.1522812584760342
2024-09-01 22:00:00,0.0,0.0
2024-09-01 23:00:00,0.0,0.0
2024-09-02 00:00:00,0.0,0.0
2024-09-02 01:00:00,0.0,0.0
2024-09-02 02:00:00,0.0,0.0
2024-09-02 03:00:00,0.0,0.0
2024-09-02 04:00:00,0.0,0.0
2024-09-02 05:00:00,0.0,0.0
2024-09-02 06:00:00,0.0,0.0
2024-09-02 07:00:00,0.0,0.0
2024-09-02 08:00:00,0.0,0.0
2024-09-02 09:00:00,0.0,0.0
2024-09-02 10:00:00,0.10893694421870152,0.10893694421870152
2024-09-02 11:00:00,0.3563361994127613,0.3563361994127613
2024-09-02 12:00:00,0.6921928850748817,0.6921928850748817
2024-09-02 13:00:00,1.2520993885043346,1.2520993885043346
2024-09-02 14:00:00,1.4989002435594538,1.4989002435594538
2024-09-02 15:00:00,1.801560996041098,1.801560996041098
2024-09-02 16:00:00,2.226108205114867,2.226108205114867
2024-09-02 17:00:00,2.6341421011689397,2.6341421011689397
2024-09-02 18:00:00,3.158447862734403,3.158447862734403
2024-09-02 19:00:00,3.0758952226505065,3.0758952226505065
2024-09-02 20:00:00,3.263080355018492,3.263080355018492
2024-09-02 21:00:00,2.6393041217297513,2.6393041217297513
2024-09-02 22:00:00,0.0,0.0
2024-09-02 23:00:00,0.0,0.0
2024-09-03 00:00:00,0.0,0.0
2024-09-03 01:00:00,0.0,0.0
2024-09-03 02:00:00,0.0,0.0
2024-09-03 03:00:00,0.0,0.0
2024-09-03 04:00:00,0.0,0.0
2024-09-03 05:00:00,0.0,0.0
2024-09-03 06:00:00,0.0,0.0
2024-09-03 07:00:00,0.0,0.0
2024-09-03 08:00:00,0.0,0.0
2024-09-03 09:00:00,0.0,0.0
2024-09-03 10:00:00,0.10744409276120144,0.10744409276120144
2024-09-03 11:00:00,0.4118839842352262,0.4118839842352262
2024-09-03 12:00:00,0.8600111602478426,0.8600111602478426
2024-09-03 13:00:00,1.5664114656327546,1.5664114656327546
2024-09-03 14:00:00,1.9032120928777827,1.9032120928777827
2024-09-03 15:00:00,2.279348234431252,2.279348234431252
2024-09-03 16:00:00,2.7559234404971344,2.7559234404971344
2024-09-03 17:00:00,2.6544537008141478,2.6544537008141478
2024-09-03 18:00:00,3.564899143889036,3.564899143889036
2024-09-03 19:00:00,3.708359433355755,3.708359433355755
2024-09-03 20:00:00,3.245623538015363,3.245623538015363
2024-09-03 21:00:00,2.9665806892196005,2.9665806892196005
2024-09-03 22:00:00,0.0,0.0
2024-09-03 23:00:00,0.0,0.0
2024-09-04 00:00:00,0.0,0.0
2024-09-04 01:00:00,0.0,0.0
2024-09-04 02:00:00,0.0,0.0
2024-09-04 03:00:00,0.0,0.0
2024-09-04 04:00:00,0.0,0.0
2024-09-04 05:00:00,0.0,0.0
2024-09-04 06:00:00,0.0,0.0
2024-09-04 07:00:00,0.0,0.0
2024-09-04 08:00:00,0.0,0.0
2024-09-04 09:00:00,0.0,0.0
2024-09-04 10:00:00,0.11637232530297101,0.11637232530297101
2024-09-04 11:00:00,0.4157686340571639,0.4157686340571639
2024-09-04 12:00:00,0.9038389519784242,0.9038389519784242
2024-09-04 13:00:00,1.4991640372030952,1.4991640372030952
2024-09-04 14:00:00,2.0758261007020735,2.0758261007020735
2024-09-04 15:00:00,2.038969040749162,2.038969040749162
2024-09-04 16:00:00,2.6226796229264844,2.6226796229264844
2024-09-04 17:00:00,2.868716226570997,2.868716226570997
2024-09-04 18:00:00,3.0061702449940637,3.0061702449940637
2024-09-04 19:00:00,3.269381544873016,3.269381544873016
2024-09-04 20:00:00,3.7341343131834934,3.7341343131834934
2024-09-04 21:00:00,2.83876050564977,2.83876050564977
2024-09-04 22:00:00,0.0,0.0
2024-09-04 23:00:00,0.0,0.0
2024-09-05 00:00:00,0.0,0.0
2024-09-05 01:00:00,0.0,0.0
2024-09-05 02:00:00,0.0,0.0
2024-09-05 03:00:00,0.0,0.0
2024-09-05 04:00:00,0.0,0.0
2024-09-05 05:00:00,0.0,0.0
2024-09-05 06:00:00,0.0,0.0
2024-09-05 07:00:00,0.0,0.0
2024-09-05 08:00:00,0.0,0.0
2024-09-05 09:00:00,0.0,0.0
2024-09-05 10:00:00,0.10701070921701525,0.10701070921701525
2024-09-05 11:00:00,0.3936907833007216,0.3936907833007216
2024-09-05 12:00:00,0.8182825303540302,0.8182825303540302
2024-09-05 13:00:00,1.2226603935096207,1.2226603935096207
2024-09-05 14:00:00,1.5399442474125487,1.5399442474125487
2024-09-05 15:00:00,2.1077078524550434,2.1077078524550434
2024-09-05 16:00:00,2.7865863037765664,2.7865863037765664
2024-09-05 17:00:00,2.3865869874062065,2.3865869874062065
2024-09-05 18:00:00,3.1143721704445415,3.1143721704445415
2024-09-05 19:00:00,3.007427196946854,3.007427196946854
2024-09-05 20:00:00,2.866548122572617,2.866548122572617
2024-09-05 21:00:00,2.949501352180015,2.949501352180015
2024-09-05 22:00:00,0.0,0.0
2024-09-05 23:00:00,0.0,0.0
2024-09-06 00:00:00,0.0,0.0
2024-09-06 01:00:00,0.0,0.0
2024-09-06 02:00:00,0.0,0.0
2024-09-06 03:00:00,0.0,0.0
2024-09-06 04:00:00,0.0,0.0
2024-09-06 05:00:00,0.0,0.0
2024-09-06 06:00:00,0.0,0.0
2024-09-06 07:00:00,0.0,0.0
2024-09-06 08:00:00,0.0,0.0
2024-09-06 09:00:00,0.0,0.0
2024-09-06 10:00:00,0.08955928672521367,0.08955928672521367
2024-09-06 11:00:00,0.3951766026760904,0.3951766026760904
2024-09-06 12:00:00,0.8067464673929899,0.8067464673929899
2024-09-06 13:00:00,1.2431845431357997,1.2431845431357997
2024-09-06 14:00:00,1.6493529486460015,1.6493529486460015
2024-09-06 15:00:00,1.7369868506902175,1.7369868506902175
2024-09-06 16:00:00,2.088962030260951,2.088962030260951
2024-09-06 17:00:00,2.632410469524969,2.632410469524969
2024-09-06 18:00:00,2.6337760070258383,2.6337760070258383
2024-09-06 19:00:00,2.4727484975445555,2.4727484975445555
2024-09-06 20:00:00,3.2669462718556064,3.2669462718556064
2024-09-06 21:00:00,3.0369696670158177,3.0369696670158177
2024-09-06 22:00:00,0.0,0.0
2024-09-06 23:00:00,0.0,0.0
2024-09-07 00:00:00,0.0,0.0
2024-09-07 01:00:00,0.0,0.0
2024-09-07 02:00:00,0.0,0.0
2024-09-07 03:00:00,0.0,0.0
2024-09-07 04:00:00,0.0,0.0
2024-09-07 05:00:00,0.0,0.0
2024-09-07 06:00:00,0.0,0.0
2024-09-07 07:00:00,0.0,0.0
2024-09-07 08:00:00,0.0,0.0
2024-09-07 09:00:00,0.0,0.0
2024-09-07 10:00:00,0.06500313354196831,0.06500313354196831
2024-09-07 11:00:00,0.2589741115606859,0.2589741115606859
2024-09-07 12:00:00,0.6178228297947285,0.6178228297947285
2024-09-07 13:00:00,0.9553091411948327,0.9553091411948327
2024-09-07 14:00:00,1.3856923773074676,1.3856923773074676
2024-09-07 15:00:00,1.3334418565338186,1.3334418565338186
2024-09-07 16:00:00,2.102048302371119,2.102048302371119
2024-09-07 17:00:00,1.6567912970469902,1.6567912970469902
2024-09-07 18:00:00,1.996294812927228,1.996294812927228
2024-09-07 19:00:00,2.2140063264029544,2.2140063264029544
2024-09-07 20:00:00,2.103280151592763,2.103280151592763
2024-09-07 21:00:00,2.1786073995123045,2.1786073995123045
2024-09-07 22:00:00,0.0,0.0
2024-09-07 23:00:00,0.0,0.0
2024-09-08 00:00:00,0.0,0.0
2024-09-08 01:00:00,0.0,0.0
2024-09-08 02:00:00,0.0,0.0
2024-09-08 03:00:00,0.0,0.0
2024-09-08 04:00:00,0.0,0.0
2024-09-08 05:00:00,0.0,0.0
2024-09-08 06:00:00,0.0,0.0
2024-09-08 07:00:00,0.0,0.0
2024-09-08 08:00:00,0.0,0.0
2024-09-08 09:00:00,0.0,0.0
2024-09-08 10:00:00,0.07195836822160102,0.07195836822160102
2024-09-08 11:00:00,0.3360339848039981,0.3360339848039981
2024-09-08 12:00:00,0.5452171587940237,0.5452171587940237
2024-09-08 13:00:00,1.066813322458207,1.066813322458207
2024-09-08 14:00:00,1.3215048342720932,1.3215048342720932
2024-09-08 15:00:00,1.700039912842984,1.700039912842984
2024-09-08 16:00:00,2.1324721504616133,2.1324721504616133
2024-09-08 17:00:00,2.175279433151227,2.175279433151227
2024-09-08 18:00:00,2.038650976109424,2.038650976109424
2024-09-08 19:00:00,2.4036410855445354,2.4036410855445354
2024-09-08 20:00:00,2.468610126170303,2.468610126170303
2024-09-08 21:00:00,2.178825021319786,2.178825021319786
2024-09-08 22:00:00,0.0,0.0
2024-09-08 23:00:00,0.0,0.0
2024-09-09 00:00:00,0.0,0.0
2024-09-09 01:00:00,0.0,0.0
2024-09-09 02:00:00,0.0,0.0
2024-09-09 03:00:00,0.0,0.0
2024-09-09 04:00:00,0.0,0.0
2024-09-09 05:00:00,0.0,0.0
2024-09-09 06:00:00,0.0,0.0
2024-09-09 07:00:00,0.0,0.0
2024-09-09 08:00:00,0.0,0.0
2024-09-09 09:00:00,0.0,0.0
2024-09-09 10:00:00,0.10325891859201555,0.10325891859201555
2024-09-09 11:00:00,0.4355729838038915,0.4355729838038915
2024-09-09 12:00:00,0.6690667349804448,0.6690667349804448
2024-09-09 13:00:00,1.3146731776162324,1.3146731776162324
2024-09-09 14:00:00,1.616881021620825,1.616881021620825
2024-09-09 15:00:00,1.979653093576638,1.979653093576638
2024-09-09 16:00:00,2.626822930107023,2.626822930107023
2024-09-09 17:00:00,2.4599966343516293,2.4599966343516293
2024-09-09 18:00:00,3.0735710820062927,3.0735710820062927
2024-09-09 19:00:00,2.6419955350205315,2.6419955350205315
2024-09-09 20:00:00,2.8374850196038457,2.8374850196038457
2024-09-09 21:00:00,3.016705807704563,3.016705807704563
2024-09-09 22:00:00,0.0,0.0
2024-09-09 23:00:00,0.0,0.0
2024-09-10 00:00:00,0.0,0.0
2024-09-10 01:00:00,0.0,0.0
2024-09-10 02:00:00,0.0,0.0
2024-09-10 03:00:00,0.0,0.0
2024-09-10 04:00:00,0.0,0.0
2024-09-10 05:00:00,0.0,0.0
2024-09-10 06:00:00,0.0,0.0
2024-09-10 07:00:00,0.0,0.0
2024-09-10 08:00:00,0.0,0.0
2024-09-10 09:00:00,0.0,0.0
2024-09-10 10:00:00,0.09112135029957993,0.09112135029957993
2024-09-10 11:00:00,0.36323538777798414,0.36323538777798414
2024-09-10 12:00:00,0.6658073304056477,0.6658073304056477
2024-09-10 13:00:00,1.317197159047734,1.317197159047734
2024-09-10 14:00:00,1.7870041970371768,1.7870041970371768
2024-09-10 15:00:00,2.1903307784474113,2.1903307784474113
2024-09-10 16:00:00,2.7443803186259372,2.7443803186259372
2024-09-10 17:00:00,2.422218455395193,2.422218455395193
2024-09-10 18:00:00,2.778533827674746,2.778533827674746
2024-09-10 19:00:00,2.980122372135603,2.980122372135603
2024-09-10 20:00:00,3.332201504617929,3.332201504617929
2024-09-10 21:00:00,2.8915635348427986,2.8915635348427986
2024-09-10 22:00:00,0.0,0.0
2024-09-10 23:00:00,0.0,0.0
2024-09-11 00:00:00,0.0,0.0
2024-09-11 01:00:00,0.0,0.0
2024-09-11 02:00:00,0.0,0.0
2024-09-11 03:00:00,0.0,0.0
2024-09-11 04:00:00,0.0,0.0
2024-09-11 05:00:00,0.0,0.0
2024-09-11 06:00:00,0.0,0.0
2024-09-11 07:00:00,0.0,0.0
2024-09-11 08:00:00,0.0,0.0
2024-09-11 09:00:00,0.0,0.0
2024-09-11 10:00:00,0.10923207741361646,0.10923207741361646
2024-09-11 11:00:00,0.43246400152186876,0.43246400152186876
2024-09-11 12:00:00,0.7439268397641439,0.7439268397641439
2024-09-11 13:00:00,1.5475626749712297,1.5475626749712297
2024-09-11 14:00:00,1.732461781165318,1.732461781165318
2024-09-11 15:00:00,2.1534931505162027,2.1534931505162027
2024-09-11 16:00:00,2.5275131722415205,2.5275131722415205
2024-09-11 17:00:00,2.8107319553416716,2.8107319553416716
2024-09-11 18:00:00,3.5467989014350434,3.5467989014350434
2024-09-11 19:00:00,3.589415499295816,3.589415499295816
2024-09-11 20:00:00,2.856472492380958,2.856472492380958
2024-09-11 21:00:00,3.4798201391104544,3.4798201391104544
2024-09-11 22:00:00,0.0,0.0
2024-09-11 23:00:00,0.0,0.0
2024-09-12 00:00:00,0.0,0.0
2024-09-12 01:00:00,0.0,0.0
2024-09-12 02:00:00,0.0,0.0
2024-09-12 03:00:00,0.0,0.0
2024-09-12 04:00:00,0.0,0.0
2024-09-12 05:00:00,0.0,0.0
2024-09-12 06:00:00,0.0,0.0
2024-09-12 07:00:00,0.0,0.0
2024-09-12 08:00:00,0.0,0.0
2024-09-12 09:00:00,0.0,0.0
2024-09-12 10:00:00,0.08725641639098448,0.08725641639098448
2024-09-12 11:00:00,0.3408009351351268,0.3408009351351268
2024-09-12 12:00:00,0.8536058607116301,0.8536058607116301
2024-09-12 13:00:00,1.1318650589577974,1.1318650589577974
2024-09-12 14:00:00,1.4381342045780479,1.4381342045780479
2024-09-12 15:00:00,2.035286323951105,2.035286323951105
2024-09-12 16:00:00,2.33920014964326,2.33920014964326
2024-09-12 17:00:00,2.19685384887205,2.19685384887205
2024-09-12 18:00:00,3.074316848848153,3.074316848848153
2024-09-12 19:00:00,3.0973465657906543,3.0973465657906543
2024-09-12 20:00:00,3.203878371993036,3.203878371993036
2024-09-12 21:00:00,2.4378505083224877,2.4378505083224877
2024-09-12 22:00:00,0.0,0.0
2024-09-12 23:00:00,0.0,0.0
2024-09-13 00:00:00,0.0,0.0
2024-09-13 01:00:00,0.0,0.0
2024-09-13 02:00:00,0.0,0.0
2024-09-13 03:00:00,0.0,0.0
2024-09-13 04:00:00,0.0,0.0
2024-09-13 05:00:00,0.0,0.0
2024-09-13 06:00:00,0.0,0.0
2024-09-13 07:00:00,0.0,0.0
2024-09-13 08:00:00,0.0,0.0
2024-09-13 09:00:00,0.0,0.0
2024-09-13 10:00:00,0.09987760313998495,0.09987760313998495
2024-09-13 11:00:00,0.3725016145252996,0.3725016145252996
2024-09-13 12:00:00,0.8391937448554224,0.8391937448554224
2024-09-13 13:00:00,1.2443393389233766,1.2443393389233766
2024-09-13 14:00:00,1.434864556611258,1.434864556611258
2024-09-13 15:00:00,1.9137785666146336,1.9137785666146336
2024-09-13 16:00:00,2.232359531811168,2.232359531811168
2024-09-13 17:00:00,2.7229492400832664,2.7229492400832664
2024-09-13 18:00:00,3.1255897841536444,3.1255897841536444
2024-09-13 19:00:00,2.711915965050621,2.711915965050621
2024-09-13 20:00:00,2.9420427325484324,2.9420427325484324
2024-09-13 21:00:00,2.830718133325079,2.830718133325079
2024-09-13 22:00:00,0.0,0.0
2024-09-13 23:00:00,0.0,0.0
2024-09-14 00:00:00,0.0,0.0
2024-09-14 01:00:00,0.0,0.0
2024-09-14 02:00:00,0.0,0.0
2024-09-14 03:00:00,0.0,0.0
2024-09-14 04:00:00,0.0,0.0
2024-09-14 05:00:00,0.0,0.0
2024-09-14 06:00:00,0.0,0.0
2024-09-14 07:00:00,0.0,0.0
2024-09-14 08:00:00,0.0,0.0
2024-09-14 09:00:00,0.0,0.0
2024-09-14 10:00:00,0.06498621731903227,0.06498621731903227
2024-09-14 11:00:00,0.2510742777688952,0.2510742777688952
2024-09-14 12:00:00,0.5728041449523308,0.5728041449523308
2024-09-14 13:00:00,0.8811664786232899,0.8811664786232899
2024-09-14 14:00:00,1.1172041477657557,1.1172041477657557
2024-09-14 15:00:00,1.5270944380901676,1.5270944380901676
2024-09-14 16:00:00,1.8886423466474473,1.8886423466474473
2024-09-14 17:00:00,1.8717035566794984,1.8717035566794984
2024-09-14 18:00:00,1.898175604158532,1.898175604158532
2024-09-14 19:00:00,1.7850293002181354,1.7850293002181354
2024-09-14 20:00:00,2.1578655207924493,2.1578655207924493
2024-09-14 21:00:00,1.8670313235200804,1.8670313235200804
2024-09-14 22:00:00,0.0,0.0
2024-09-14 23:00:00,0.0,0.0
2024-09-15 00:00:00,0.0,0.0
2024-09-15 01:00:00,0.0,0.0
2024-09-15 02:00:00,0.0,0.0
2024-09-15 03:00:00,0.0,0.0
2024-09-15 04:00:00,0.0,0.0
2024-09-15 05:00:00,0.0,0.0
2024-09-15 06:00:00,0.0,0.0
2024-09-15 07:00:00,0.0,0.0
2024-09-15 08:00:00,0.0,0.0
2024-09-15 09:00:00,0.0,0.0
2024-09-15 10:00:00,0.07240533529028176,0.07240533529028176
2024-09-15 11:00:00,0.29489402760639716,0.29489402760639716
2024-09-15 12:00:00,0.501651453241395,0.501651453241395
2024-09-15 13:00:00,0.9128905475025318,0.9128905475025318
2024-09-15 14:00:00,1.2899721546703402,1.2899721546703402
2024-09-15 15:00:00,1.3099420257691723,1.3099420257691723
2024-09-15 16:00:00,1.9129653824686703,1.9129653824686703
2024-09-15 17:00:00,2.0254809532367624,2.0254809532367624
2024-09-15 18:00:00,2.3917241572172867,2.3917241572172867
2024-09-15 19:00:00,2.014363880402608,2.014363880402608
2024-09-15 20:00:00,2.1952280722032786,2.1952280722032786
2024-09-15 21:00:00,2.2532796202845624,2.2532796202845624
2024-09-15 22:00:00,0.0,0.0
2024-09-15 23:00:00,0.0,0.0
2024-09-16 00:00:00,0.0,0.0
2024-09-16 01:00:00,0.0,0.0
2024-09-16 02:00:00,0.0,0.0
2024-09-16 03:00:00,0.0,0.0
2024-09-16 04:00:00,0.0,0.0
2024-09-16 05:00:00,0.0,0.0
2024-09-16 06:00:00,0.0,0.0
2024-09-16 07:00:00,0.0,0.0
2024-09-16 08:00:00,0.0,0.0
2024-09-16 09:00:00,0.0,0.0
2024-09-16 10:00:00,0.08373243279432994,0.08373243279432994
2024-09-16 11:00:00,0.3882799681435625,0.3882799681435625
2024-09-16 12:00:00,0.6178451188773474,0.6178451188773474
2024-09-16 13:00:00,1.3780708509676765,1.3780708509676765
2024-09-16 14:00:00,1.4476946592216058,1.4476946592216058
2024-09-16 15:00:00,1.9885207736063817,1.9885207736063817
2024-09-16 16:00:00,2.6403361608664087,2.6403361608664087
2024-09-16 17:00:00,2.1419853048429847,2.1419853048429847
2024-09-16 18:00:00,3.183799255667109,3.183799255667109
2024-09-16 19:00:00,2.370552130961859,2.370552130961859
2024-09-16 20:00:00,2.7957666447317857,2.7957666447317857
2024-09-16 21:00:00,2.6048795841500993,2.6048795841500993
2024-09-16 22:00:00,0.0,0.0
2024-09-16 23:00:00,0.0,0.0
2024-09-17 00:00:00,0.0,0.0
2024-09-17 01:00:00,0.0,0.0
2024-09-17 02:00:00,0.0,0.0
2024-09-17 03:00:00,0.0,0.0
2024-09-17 04:00:00,0.0,0.0
2024-09-17 05:00:00,0.0,0.0
2024-09-17 06:00:00,0.0,0.0
2024-09-17 07:00:00,0.0,0.0
2024-09-17 08:00:00,0.0,0.0
2024-09-17 09:00:00,0.0,0.0
2024-09-17 10:00:00,0.09632057353930171,0.09632057353930171
2024-09-17 11:00:00,0.3990149110309262,0.3990149110309262
2024-09-17 12:00:00,0.9246933342634677,0.9246933342634677
2024-09-17 13:00:00,1.2803954982834698,1.2803954982834698
2024-09-17 14:00:00,1.840768752348653,1.840768752348653
2024-09-17 15:00:00,2.4141398473227578,2.4141398473227578
2024-09-17 16:00:00,2.9763131728573873,2.9763131728573873
2024-09-17 17:00:00,2.5944212816976457,2.5944212816976457
2024-09-17 18:00:00,3.2323672745543894,3.2323672745543894
2024-09-17 19:00:00,3.7734357037562978,3.7734357037562978
2024-09-17 20:00:00,3.337323572905144,3.337323572905144
2024-09-17 21:00:00,2.7017019569069625,2.7017019569069625
2024-09-17 22:00:00,0.0,0.0
2024-09-17 23:00:00,0.0,0.0
2024-09-18 00:00:00,0.0,0.0
2024-09-18 01:00:00,0.0,0.0
2024-09-18 02:00:00,0.0,0.0
2024-09-18 03:00:00,0.0,0.0
2024-09-18 04:00:00,0.0,0.0
2024-09-18 05:00:00,0.0,0.0
2024-09-18 06:00:00,0.0,0.0
2024-09-18 07:00:00,0.0,0.0
2024-09-18 08:00:00,0.0,0.0
2024-09-18 09:00:00,0.0,0.0
2024-09-18 10:00:00,0.09698974371954341,0.09698974371954341
2024-09-18 11:00:00,0.4600933883288592,0.4600933883288592
2024-09-18 12:00:00,0.874594628365777,0.874594628365777
2024-09-18 13:00:00,1.559095796268223,1.559095796268223
2024-09-18 14:00:00,2.108905790420372,2.108905790420372
2024-09-18 15:00:00,2.118334623209508,2.118334623209508
2024-09-18 16:00:00,3.2585810523558374,3.2585810523558374
2024-09-18 17:00:00,2.9010677900367643,2.9010677900367643
2024-09-18 18:00:00,3.235677346533324,3.235677346533324
2024-09-18 19:00:00,3.708258853688335,3.708258853688335
2024-09-18 20:00:00,2.9628223799894435,2.9628223799894435
2024-09-18 21:00:00,3.235031363206187,3.235031363206187
2024-09-18 22:00:00,0.0,0.0
2024-09-18 23:00:00,0.0,0.0
2024-09-19 00:00:00,0.0,0.0
2024-09-19 01:00:00,0.0,0.0
2024-09-19 02:00:00,0.0,0.0
2024-09-19 03:00:00,0.0,0.0
2024-09-19 04:00:00,0.0,0.0
2024-09-19 05:00:00,0.0,0.0
2024-09-19 06:00:00,0.0,0.0
2024-09-19 07:00:00,0.0,0.0
2024-09-19 08:00:00,0.0,0.0
2024-09-19 09:00:00,0.0,0.0
2024-09-19 10:00:00,0.10194379753989473,0.10194379753989473
2024-09-19 11:00:00,0.38719643644460294,0.38719643644460294
2024-09-19 12:00:00,0.9650236811013398,0.9650236811013398
2024-09-19 13:00:00,1.3909923461841784,1.3909923461841784
2024-09-19 14:00:00,1.9452533246790193,1.9452533246790193
2024-09-19 15:00:00,2.2863522182670404,2.2863522182670404
2024-09-19 16:00:00,2.82158308277138,2.82158308277138
2024-09-19 17:00:00,2.912557205139883,2.912557205139883
2024-09-19 18:00:00,3.808300764357706,3.808300764357706
2024-09-19 19:00:00,3.472574179739309,3.472574179739309
2024-09-19 20:00:00,3.3900887406407225,3.3900887406407225
2024-09-19 21:00:00,3.234703260401222,3.234703260401222
2024-09-19 22:00:00,0.0,0.0
2024-09-19 23:00:00,0.0,0.0
2024-09-20 00:00:00,0.0,0.0
2024-09-20 01:00:00,0.0,0.0
2024-09-20 02:00:00,0.0,0.0
2024-09-20 03:00:00,0.0,0.0
2024-09-20 04:00:00,0.0,0.0
2024-09-20 05:00:00,0.0,0.0
2024-09-20 06:00:00,0.0,0.0
2024-09-20 07:00:00,0.0,0.0
2024-09-20 08:00:00,0.0,0.0
2024-09-20 09:00:00,0.0,0.0
2024-09-20 10:00:00,0.08672915129815978,0.08672915129815978
2024-09-20 11:00:00,0.4763349586906981,0.4763349586906981
2024-09-20 12:00:00,0.9024312121865036,0.9024312121865036
2024-09-20 13:00:00,1.3597603455445337,1.3597603455445337
2024-09-20 14:00:00,1.6285938413823178,1.6285938413823178
2024-09-20 15:00:00,2.2600264258317395,2.2600264258317395
2024-09-20 16:00:00,2.6419022372683454,2.6419022372683454
2024-09-20 17:00:00,2.933582116595449,2.933582116595449
2024-09-20 18:00:00,3.737451625405042,3.737451625405042
2024-09-20 19:00:00,2.98905997941756,2.98905997941756
2024-09-20 20:00:00,2.961956584215472,2.961956584215472
2024-09-20 21:00:00,2.755042076110346,2.755042076110346
2024-09-20 22:00:00,0.0,0.0
2024-09-20 23:00:00,0.0,0.0
2024-09-21 00:00:00,0.0,0.0
2024-09-21 01:00:00,0.0,0.0
2024-09-21 02:00:00,0.0,0.0
2024-09-21 03:00:00,0.0,0.0
2024-09-21 04:00:00,0.0,0.0
2024-09-21 05:00:00,0.0,0.0
2024-09-21 06:00:00,0.0,0.0
2024-09-21 07:00:00,0.0,0.0
2024-09-21 08:00:00,0.0,0.0
2024-09-21 09:00:00,0.0,0.0
2024-09-21 10:00:00,0.060069730746841965,0.060069730746841965
2024-09-21 11:00:00,0.2664449399851531,0.2664449399851531
2024-09-21 12:00:00,0.4570811410982382,0.4570811410982382
2024-09-21 13:00:00,0.9864661509591635,0.9864661509591635
2024-09-21 14:00:00,0.9923928063881329,0.9923928063881329
2024-09-21 15:00:00,1.3225581750605417,1.3225581750605417
2024-09-21 16:00:00,1.8941941014545278,1.8941941014545278
2024-09-21 17:00:00,1.5789366038642545,1.5789366038642545
2024-09-21 18:00:00,1.9223400286338017,1.9223400286338017
2024-09-21 19:00:00,2.1750531613234347,2.1750531613234347
2024-09-21 20:00:00,1.9011439029789166,1.9011439029789166
2024-09-21 21:00:00,1.6024187318439358,1.6024187318439358
2024-09-21 22:00:00,0.0,0.0
2024-09-21 23:00:00,0.0,0.0
2024-09-22 00:00:00,0.0,0.0
2024-09-22 01:00:00,0.0,0.0
2024-09-22 02:00:00,0.0,0.0
2024-09-22 03:00:00,0.0,0.0
2024-09-22 04:00:00,0.0,0.0
2024-09-22 05:00:00,0.0,0.0
2024-09-22 06:00:00,0.0,0.0
2024-09-22 07:00:00,0.0,0.0
2024-09-22 08:00:00,0.0,0.0
2024-09-22 09:00:00,0.0,0.0
2024-09-22 10:00:00,0.06532023021989111,0.06532023021989111
2024-09-22 11:00:00,0.32041180911307887,0.32041180911307887
2024-09-22 12:00:00,0.6400573330431736,0.6400573330431736
2024-09-22 13:00:00,0.945529646034611,0.945529646034611
2024-09-22 14:00:00,1.0894922473452302,1.0894922473452302
2024-09-22 15:00:00,1.6919092680063694,1.6919092680063694
2024-09-22 16:00:00,1.7762772353982725,1.7762772353982725
2024-09-22 17:00:00,1.85002745304936,1.85002745304936
2024-09-22 18:00:00,2.4402154268751506,2.4402154268751506
2024-09-22 19:00:00,1.9917488204150555,1.9917488204150555
2024-09-22 20:00:00,2.021365138758112,2.021365138758112
2024-09-22 21:00:00,1.8364885669187607,1.8364885669187607
2024-09-22 22:00:00,0.0,0.0
2024-09-22 23:00:00,0.0,0.0
2024-09-23 00:00:00,0.0,0.0
2024-09-23 01:00:00,0.0,0.0
2024-09-23 02:00:00,0.0,0.0
2024-09-23 03:00:00,0.0,0.0
2024-09-23 04:00:00,0.0,0.0
2024-09-23 05:00:00,0.0,0.0
2024-09-23 06:00:00,0.0,0.0
2024-09-23 07:00:00,0.0,0.0
2024-09-23 08:00:00,0.0,0.0
2024-09-23 09:00:00,0.0,0.0
2024-09-23 10:00:00,0.11443005092722426,0.11443005092722426
2024-09-23 11:00:00,0.37478280660983493,0.37478280660983493
2024-09-23 12:00:00,0.9052461477555864,0.9052461477555864
2024-09-23 13:00:00,1.2634811093434406,1.2634811093434406
2024-09-23 14:00:00,1.8851266780190954,1.8851266780190954
2024-09-23 15:00:00,2.3489438820793027,2.3489438820793027
2024-09-23 16:00:00,2.6947555712378626,2.6947555712378626
2024-09-23 17:00:00,2.4577521875288935,2.4577521875288935
2024-09-23 18:00:00,3.611673888771952,3.611673888771952
2024-09-23 19:00:00,3.027423364222375,3.027423364222375
2024-09-23 20:00:00,3.0566246269216863,3.0566246269216863
2024-09-23 21:00:00,2.9914333234599875,2.9914333234599875
2024-09-23 22:00:00,0.0,0.0
2024-09-23 23:00:00,0.0,0.0
2024-09-24 00:00:00,0.0,0.0
2024-09-24 01:00:00,0.0,0.0
2024-09-24 02:00:00,0.0,0.0
2024-09-24 03:00:00,0.0,0.0
2024-09-24 04:00:00,0.0,0.0
2024-09-24 05:00:00,0.0,0.0
2024-09-24 06:00:00,0.0,0.0
2024-09-24 07:00:00,0.0,0.0
2024-09-24 08:00:00,0.0,0.0
2024-09-24 09:00:00,0.0,0.0
2024-09-24 10:00:00,0.104444196342351,0.104444196342351
2024-09-24 11:00:00,0.4218564585101372,0.4218564585101372
2024-09-24 12:00:00,0.7490132460429993,0.7490132460429993
2024-09-24 13:00:00,1.2163473842374513,1.2163473842374513
2024-09-24 14:00:00,1.5676378263289867,1.5676378263289867
2024-09-24 15:00:00,1.6772265052156463,1.6772265052156463
2024-09-24 16:00:00,2.7252583624167834,2.7252583624167834
2024-09-24 17:00:00,2.665286096175038,2.665286096175038
2024-09-24 18:00:00,2.9025277972901447,2.9025277972901447
2024-09-24 19:00:00,2.645494924448421,2.645494924448421
2024-09-24 20:00:00,2.7659494456791585,2.7659494456791585
2024-09-24 21:00:00,2.37697717402464,2.37697717402464
2024-09-24 22:00:00,0.0,0.0
2024-09-24 23:00:00,0.0,0.0
2024-09-25 00:00:00,0.0,0.0
2024-09-25 01:00:00,0.0,0.0
2024-09-25 02:00:00,0.0,0.0
2024-09-25 03:00:00,0.0,0.0
2024-09-25 04:00:00,0.0,0.0
2024-09-25 05:00:00,0.0,0.0
2024-09-25 06:00:00,0.0,0.0
2024-09-25 07:00:00,0.0,0.0
2024-09-25 08:00:00,0.0,0.0
2024-09-25 09:00:00,0.0,0.0
2024-09-25 10:00:00,0.10420411198139416,0.10420411198139416
2024-09-25 11:00:00,0.36413859704182105,0.36413859704182105
2024-09-25 12:00:00,0.7809860147649198,0.7809860147649198
2024-09-25 13:00:00,1.2985415139128682,1.2985415139128682
2024-09-25 14:00:00,1.7895095344660248,1.7895095344660248
2024-09-25 15:00:00,2.115523247357228,2.115523247357228
2024-09-25 16:00:00,2.743526677802274,2.743526677802274
2024-09-25 17:00:00,2.577214178432201,2.577214178432201
2024-09-25 18:00:00,2.9570633628258007,2.9570633628258007
2024-09-25 19:00:00,2.799800238308549,2.799800238308549
2024-09-25 20:00:00,2.8558524757442685,2.8558524757442685
2024-09-25 21:00:00,2.668972762788423,2.668972762788423
2024-09-25 22:00:00,0.0,0.0
2024-09-25 23:00:00,0.0,0.0
2024-09-26 00:00:00,0.0,0.0
2024-09-26 01:00:00,0.0,0.0
2024-09-26 02:00:00,0.0,0.0
2024-09-26 03:00:00,0.0,0.0
2024-09-26 04:00:00,0.0,0.0
2024-09-26 05:00:00,0.0,0.0
2024-09-26 06:00:00,0.0,0.0
2024-09-26 07:00:00,0.0,0.0
2024-09-26 08:00:00,0.0,0.0
2024-09-26 09:00:00,0.0,0.0
2024-09-26 10:00:00,0.08307493922269231,0.08307493922269231
2024-09-26 11:00:00,0.410225127839404,0.410225127839404
2024-09-26 12:00:00,0.8443804927392627,0.8443804927392627
2024-09-26 13:00:00,1.2268546849914088,1.2268546849914088
2024-09-26 14:00:00,1.727144008129687,1.727144008129687
2024-09-26 15:00:00,1.953942219428326,1.953942219428326
2024-09-26 16:00:00,2.2319953580125076,2.2319953580125076
2024-09-26 17:00:00,2.187113029256543,2.187113029256543
2024-09-26 18:00:00,2.7242021262108826,2.7242021262108826
2024-09-26 19:00:00,2.6271765584173625,2.6271765584173625
2024-09-26 20:00:00,3.162454114944109,3.162454114944109
2024-09-26 21:00:00,2.84765670380733,2.84765670380733
2024-09-26 22:00:00,0.0,0.0
2024-09-26 23:00:00,0.0,0.0
2024-09-27 00:00:00,0.0,0.0
2024-09-27 01:00:00,0.0,0.0
2024-09-27 02:00:00,0.0,0.0
2024-09-27 03:00:00,0.0,0.0
2024-09-27 04:00:00,0.0,0.0
2024-09-27 05:00:00,0.0,0.0
2024-09-27 06:00:00,0.0,0.0
2024-09-27 07:00:00,0.0,0.0
2024-09-27 08:00:00,0.0,0.0
2024-09-27 09:00:00,0.0,0.0
2024-09-27 10:00:00,0.09227373143779243,0.09227373143779243
2024-09-27 11:00:00,0.41354580320137957,0.41354580320137957
2024-09-27 12:00:00,0.755372208394241,0.755372208394241
2024-09-27 13:00:00,1.128113493628435,1.128113493628435
2024-09-27 14:00:00,1.6161244769150929,1.6161244769150929
2024-09-27 15:00:00,2.0704955058615933,2.0704955058615933
2024-09-27 16:00:00,2.3577325855381015,2.3577325855381015
2024-09-27 17:00:00,2.5972378380710257,2.5972378380710257
2024-09-27 18:00:00,2.7718871075176152,2.7718871075176152
2024-09-27 19:00:00,2.633997712561159,2.633997712561159
2024-09-27 20:00:00,2.897781034989531,2.897781034989531
2024-09-27 21:00:00,2.582730107858336,2.582730107858336
2024-09-27 22:00:00,0.0,0.0
2024-09-27 23:00:00,0.0,0.0
2024-09-28 00:00:00,0.0,0.0
2024-09-28 01:00:00,0.0,0.0
2024-09-28 02:00:00,0.0,0.0
2024-09-28 03:00:00,0.0,0.0
2024-09-28 04:00:00,0.0,0.0
2024-09-28 05:00:00,0.0,0.0
2024-09-28 06:00:00,0.0,0.0
2024-09-28 07:00:00,0.0,0.0
2024-09-28 08:00:00,0.0,0.0
2024-09-28 09:00:00,0.0,0.0
2024-09-28 10:00:00,0.0674928916262531,0.0674928916262531
2024-09-28 11:00:00,0.29914126359913207,0.29914126359913207
2024-09-28 12:00:00,0.5888990659665321,0.5888990659665321
2024-09-28 13:00:00,1.0041841620584862,1.0041841620584862
2024-09-28 14:00:00,1.1367673864187753,1.1367673864187753
2024-09-28 15:00:00,1.3606367853916521,1.3606367853916521
2024-09-28 16:00:00,1.9265116581357067,1.9265116581357067
2024-09-28 17:00:00,1.850597749220553,1.850597749220553
2024-09-28 18:00:00,2.2697847099846387,2.2697847099846387
2024-09-28 19:00:00,2.138167693138405,2.138167693138405
2024-09-28 20:00:00,2.331240590099898,2.331240590099898
2024-09-28 21:00:00,1.8045507697656906,1.8045507697656906
2024-09-28 22:00:00,0.0,0.0
2024-09-28 23:00:00,0.0,0.0
2024-09-29 00:00:00,0.0,0.0
2024-09-29 01:00:00,0.0,0.0
2024-09-29 02:00:00,0.0,0.0
2024-09-29 03:00:00,0.0,0.0
2024-09-29 04:00:00,0.0,0.0
2024-09-29 05:00:00,0.0,0.0
2024-09-29 06:00:00,0.0,0.0
2024-09-29 07:00:00,0.0,0.0
2024-09-29 08:00:00,0.0,0.0
2024-09-29 09:00:00,0.0,0.0
2024-09-29 10:00:00,0.06426379461670358,0.06426379461670358
2024-09-29 11:00:00,0.2679019023441326,0.2679019023441326
2024-09-29 12:00:00,0.48346726598085255,0.48346726598085255
2024-09-29 13:00:00,0.9130987987830592,0.9130987987830592
2024-09-29 14:00:00,1.0755233615562094,1.0755233615562094
2024-09-29 15:00:00,1.4976609812177177,1.4976609812177177
2024-09-29 16:00:00,1.647090875388146,1.647090875388146
2024-09-29 17:00:00,1.6073927808840396,1.6073927808840396
2024-09-29 18:00:00,2.498705747967852,2.498705747967852
2024-09-29 19:00:00,2.210040969008884,2.210040969008884
2024-09-29 20:00:00,2.4449230567545963,2.4449230567545963
2024-09-29 21:00:00,1.9898802451800681,1.9898802451800681
2024-09-29 22:00:00,0.0,0.0
2024-09-29 23:00:00,0.0,0.0
2024-09-30 00:00:00,0.0,0.0
2024-09-30 01:00:00,0.0,0.0
2024-09-30 02:00:00,0.0,0.0
2024-09-30 03:00:00,0.0,0.0
2024-09-30 04:00:00,0.0,0.0
2024-09-30 05:00:00,0.0,0.0
2024-09-30 06:00:00,0.0,0.0
2024-09-30 07:00:00,0.0,0.0
2024-09-30 08:00:00,0.0,0.0
2024-09-30 09:00:00,0.0,0.0
2024-09-30 10:00:00,0.08718668589579927,0.08718668589579927
2024-09-30 11:00:00,0.42926106470223035,0.42926106470223035
2024-09-30 12:00:00,0.9195302207725614,0.9195302207725614
2024-09-30 13:00:00,1.4953504167052036,1.4953504167052036
2024-09-30 14:00:00,1.8407052442241472,1.8407052442241472
2024-09-30 15:00:00,2.4190033885318285,2.4190033885318285
2024-09-30 16:00:00,2.8374715210595385,2.8374715210595385
2024-09-30 17:00:00,2.5260340653090387,2.5260340653090387
2024-09-30 18:00:00,3.3056495810493547,3.3056495810493547
2024-09-30 19:00:00,2.7006373526380902,2.7006373526380902
2024-09-30 20:00:00,2.9019767369034546,2.9019767369034546
2024-09-30 21:00:00,2.8510152609659296,2.8510152609659296
2024-09-30 22:00:00,0.0,0.0
2024-09-30 23:00:00,0.0,0.0
2024-10-01 00:00:00,0.0,0.0
2024-10-01 01:00:00,0.0,0.0
2024-10-01 02:00:00,0.0,0.0
2024-10-01 03:00:00,0.0,0.0
2024-10-01 04:00:00,0.0,0.0
2024-10-01 05:00:00,0.0,0.0
2024-10-01 06:00:00,0.0,0.0
2024-10-01 07:00:00,0.0,0.0
2024-10-01 08:00:00,0.0,0.0
2024-10-01 09:00:00,0.0,0.0
2024-10-01 10:00:00,0.1225854858789882,0.1225854858789882
2024-10-01 11:00:00,0.3923102785808205,0.3923102785808205
2024-10-01 12:00:00,0.8266255742671051,0.8266255742671051
2024-10-01 13:00:00,1.464580567970818,1.464580567970818
2024-10-01 14:00:00,1.8032096551933434,1.8032096551933434
2024-10-01 15:00:00,2.3030372536443506,2.3030372536443506
2024-10-01 16:00:00,2.4937936459887764,2.4937936459887764
2024-10-01 17:00:00,3.0119692314993176,3.0119692314993176
2024-10-01 18:00:00,3.5519444873927246,3.5519444873927246
2024-10-01 19:00:00,3.539627166436515,3.539627166436515
2024-10-01 20:00:00,3.5094797346021465,3.5094797346021465
2024-10-01 21:00:00,3.1168745092684196,3.1168745092684196
2024-10-01 22:00:00,0.0,0.0
2024-10-01 23:00:00,0.0,0.0
2024-10-02 00:00:00,0.0,0.0
2024-10-02 01:00:00,0.0,0.0
2024-10-02 02:00:00,0.0,0.0
2024-10-02 03:00:00,0.0,0.0
2024-10-02 04:00:00,0.0,0.0
2024-10-02 05:00:00,0.0,0.0
2024-10-02 06:00:00,0.0,0.0
2024-10-02 07:00:00,0.0,0.0
2024-10-02 08:00:00,0.0,0.0
2024-10-02 09:00:00,0.0,0.0
2024-10-02 10:00:00,0.09720947177049245,0.09720947177049245
2024-10-02 11:00:00,0.3788406708751464,0.3788406708751464
2024-10-02 12:00:00,0.819689729298577,0.819689729298577
2024-10-02 13:00:00,1.3720570181627798,1.3720570181627798
2024-10-02 14:00:00,1.7784561515909092,1.7784561515909092
2024-10-02 15:00:00,1.9729223678252787,1.9729223678252787
2024-10-02 16:00:00,2.2849678588281166,2.2849678588281166
2024-10-02 17:00:00,2.3952180063385056,2.3952180063385056
2024-10-02 18:00:00,2.8424986386621653,2.8424986386621653
2024-10-02 19:00:00,2.709975395469596,2.709975395469596
2024-10-02 20:00:00,3.530147494051692,3.530147494051692
2024-10-02 21:00:00,2.4682171173509944,2.4682171173509944
2024-10-02 22:00:00,0.0,0.0
2024-10-02 23:00:00,0.0,0.0
2024-10-03 00:00:00,0.0,0.0
2024-10-03 01:00:00,0.0,0.0
2024-10-03 02:00:00,0.0,0.0
2024-10-03 03:00:00,0.0,0.0
2024-10-03 04:00:00,0.0,0.0
2024-10-03 05:00:00,0.0,0.0
2024-10-03 06:00:00,0.0,0.0
2024-10-03 07:00:00,0.0,0.0
2024-10-03 08:00:00,0.0,0.0
2024-10-03 09:00:00,0.0,0.0
2024-10-03 10:00:00,0.09962475030591382,0.09962475030591382
2024-10-03 11:00:00,0.41605262305169843,0.41605262305169843
2024-10-03 12:00:00,0.8271202250949068,0.8271202250949068
2024-10-03 13:00:00,1.3804615132850937,1.3804615132850937
2024-10-03 14:00:00,1.86041714433538,1.86041714433538
2024-10-03 15:00:00,1.934416188791536,1.934416188791536
2024-10-03 16:00:00,2.6730854640012653,2.6730854640012653
2024-10-03 17:00:00,2.3819141133437767,2.3819141133437767
2024-10-03 18:00:00,3.1699261240684713,3.1699261240684713
2024-10-03 19:00:00,3.192820074524793,3.192820074524793
2024-10-03 20:00:00,3.3078261761316723,3.3078261761316723
2024-10-03 21:00:00,2.741439075564994,2.741439075564994
2024-10-03 22:00:00,0.0,0.0
2024-10-03 23:00:00,0.0,0.0
2024-10-04 00:00:00,0.0,0.0
2024-10-04 01:00:00,0.0,0.0
2024-10-04 02:00:00,0.0,0.0
2024-10-04 03:00:00,0.0,0.0
2024-10-04 04:00:00,0.0,0.0
2024-10-04 05:00:00,0.0,0.0
2024-10-04 06:00:00,0.0,0.0
2024-10-04 07:00:00,0.0,0.0
2024-10-04 08:00:00,0.0,0.0
2024-10-04 09:00:00,0.0,0.0
2024-10-04 10:00:00,0.10414225994973825,0.10414225994973825
2024-10-04 11:00:00,0.3879220600552459,0.3879220600552459
2024-10-04 12:00:00,0.6451662866282515,0.6451662866282515
2024-10-04 13:00:00,1.148946543023758,1.148946543023758
2024-10-04 14:00:00,1.7019817114516613,1.7019817114516613
2024-10-04 15:00:00,1.9429098169810834,1.9429098169810834
2024-10-04 16:00:00,2.4907439915653122,2.4907439915653122
2024-10-04 17:00:00,2.520747855876083,2.520747855876083
2024-10-04 18:00:00,2.857050830047651,2.857050830047651
2024-10-04 19:00:00,3.0867735395221194,3.0867735395221194
2024-10-04 20:00:00,3.1186628643319465,3.1186628643319465
2024-10-04 21:00:00,2.871827228543057,2.871827228543057
2024-10-04 22:00:00,0.0,0.0
2024-10-04 23:00:00,0.0,0.0
2024-10-05 00:00:00,0.0,0.0
2024-10-05 01:00:00,0.0,0.0
2024-10-05 02:00:00,0.0,0.0
2024-10-05 03:00:00,0.0,0.0
2024-10-05 04:00:00,0.0,0.0
2024-10-05 05:00:00,0.0,0.0
2024-10-05 06:00:00,0.0,0.0
2024-10-05 07:00:00,0.0,0.0
2024-10-05 08:00:00,0.0,0.0
2024-10-05 09:00:00,0.0,0.0
2024-10-05 10:00:00,0.06368433617609713,0.06368433617609713
2024-10-05 11:00:00,0.2958777872725431,0.2958777872725431
2024-10-05 12:00:00,0.5456670675831369,0.5456670675831369
2024-10-05 13:00:00,0.8238132649094265,0.8238132649094265
2024-10-05 14:00:00,1.2408698916175702,1.2408698916175702
2024-10-05 15:00:00,1.4957110129150644,1.4957110129150644
2024-10-05 16:00:00,1.6824997523106744,1.6824997523106744
2024-10-05 17:00:00,1.9159426465749156,1.9159426465749156
2024-10-05 18:00:00,2.2955856800556607,2.2955856800556607
2024-10-05 19:00:00,2.3452540710053498,2.3452540710053498
2024-10-05 20:00:00,2.1285191328969177,2.1285191328969177
2024-10-05 21:00:00,1.8957652759666632,1.8957652759666632
2024-10-05 22:00:00,0.0,0.0
2024-10-05 23:00:00,0.0,0.0
2024-10-06 00:00:00,0.0,0.0
2024-10-06 01:00:00,0.0,0.0
2024-10-06 02:00:00,0.0,0.0
2024-10-06 03:00:00,0.0,0.0
2024-10-06 04:00:00,0.0,0.0
2024-10-06 05:00:00,0.0,0.0
2024-10-06 06:00:00,0.0,0.0
2024-10-06 07:00:00,0.0,0.0
2024-10-06 08:00:00,0.0,0.0
2024-10-06 09:00:00,0.0,0.0
2024-10-06 10:00:00,0.06680083211823157,0.06680083211823157
2024-10-06 11:00:00,0.23052523999003338,0.23052523999003338
2024-10-06 12:00:00,0.441218338155374,0.441218338155374
2024-10-06 13:00:00,0.7479701854036391,0.7479701854036391
2024-10-06 14:00:00,0.9947311053735837,0.9947311053735837
2024-10-06 15:00:00,1.2615639766631561,1.2615639766631561
2024-10-06 16:00:00,1.925488808112131,1.925488808112131
2024-10-06 17:00:00,1.7219141029224556,1.7219141029224556
2024-10-06 18:00:00,2.2542714115642197,2.2542714115642197
2024-10-06 19:00:00,2.1961269468989926,2.1961269468989926
2024-10-06 20:00:00,2.186879333554273,2.186879333554273
2024-10-06 21:00:00,1.8246397516763138,1.8246397516763138
2024-10-06 22:00:00,0.0,0.0
2024-10-06 23:00:00,0.0,0.0
2024-10-07 00:00:00,0.0,0.0
2024-10-07 01:00:00,0.0,0.0
2024-10-07 02:00:00,0.0,0.0
2024-10-07 03:00:00,0.0,0.0
2024-10-07 04:00:00,0.0,0.0
2024-10-07 05:00:00,0.0,0.0
2024-10-07 06:00:00,0.0,0.0
2024-10-07 07:00:00,0.0,0.0
2024-10-07 08:00:00,0.0,0.0
2024-10-07 09:00:00,0.0,0.0
2024-10-07 10:00:00,0.11916849503108555,0.11916849503108555
2024-10-07 11:00:00,0.3640653625736136,0.3640653625736136
2024-10-07 12:00:00,0.8868936740904207,0.8868936740904207
2024-10-07 13:00:00,1.2788180001384954,1.2788180001384954
2024-10-07 14:00:00,2.0512148100516066,2.0512148100516066
2024-10-07 15:00:00,2.1080253437174608,2.1080253437174608
2024-10-07 16:00:00,2.365892684316225,2.365892684316225
2024-10-07 17:00:00,2.3605773941194603,2.3605773941194603
2024-10-07 18:00:00,3.3787006207356662,3.3787006207356662
2024-10-07 19:00:00,3.670833900013956,3.670833900013956
2024-10-07 20:00:00,3.754436632633058,3.754436632633058
2024-10-07 21:00:00,2.882219952372191,2.882219952372191
2024-10-07 22:00:00,0.0,0.0
2024-10-07 23:00:00,0.0,0.0
2024-10-08 00:00:00,0.0,0.0
2024-10-08 01:00:00,0.0,0.0
2024-10-08 02:00:00,0.0,0.0
2024-10-08 03:00:00,0.0,0.0
2024-10-08 04:00:00,0.0,0.0
2024-10-08 05:00:00,0.0,0.0
2024-10-08 06:00:00,0.0,0.0
2024-10-08 07:00:00,0.0,0.0
2024-10-08 08:00:00,0.0,0.0
2024-10-08 09:00:00,0.0,0.0
2024-10-08 10:00:00,0.08796508498296939,0.08796508498296939
2024-10-08 11:00:00,0.4387669586965634,0.4387669586965634
2024-10-08 12:00:00,0.8899096404575464,0.8899096404575464
2024-10-08 13:00:00,1.4969226890230927,1.4969226890230927
2024-10-08 14:00:00,1.8058757248752075,1.8058757248752075
2024-10-08 15:00:00,1.9035248468081865,1.9035248468081865
2024-10-08 16:00:00,2.312139278344649,2.312139278344649
2024-10-08 17:00:00,2.4232163643997833,2.4232163643997833
2024-10-08 18:00:00,3.626742735612715,3.626742735612715
2024-10-08 19:00:00,3.493697052357399,3.493697052357399
2024-10-08 20:00:00,3.0323578278828,3.0323578278828
2024-10-08 21:00:00,2.750750462486778,2.750750462486778
2024-10-08 22:00:00,0.0,0.0
2024-10-08 23:00:00,0.0,0.0
2024-10-09 00:00:00,0.0,0.0
2024-10-09 01:00:00,0.0,0.0
2024-10-09 02:00:00,0.0,0.0
2024-10-09 03:00:00,0.0,0.0
2024-10-09 04:00:00,0.0,0.0
2024-10-09 05:00:00,0.0,0.0
2024-10-09 06:00:00,0.0,0.0
2024-10-09 07:00:00,0.0,0.0
2024-10-09 08:00:00,0.0,0.0
2024-10-09 09:00:00,0.0,0.0
2024-10-09 10:00:00,0.09302430577376751,0.09302430577376751
2024-10-09 11:00:00,0.41638659753784085,0.41638659753784085
2024-10-09 12:00:00,0.7556072901021874,0.7556072901021874
2024-10-09 13:00:00,1.3944445669447887,1.3944445669447887
2024-10-09 14:00:00,2.054999410007274,2.054999410007274
2024-10-09 15:00:00,2.4348410971374257,2.4348410971374257
2024-10-09 16:00:00,3.267916435047942,3.267916435047942
2024-10-09 17:00:00,2.8121391856505102,2.8121391856505102
2024-10-09 18:00:00,3.692121459782887,3.692121459782887
2024-10-09 19:00:00,3.513672119090622,3.513672119090622
2024-10-09 20:00:00,3.138926157280058,3.138926157280058
2024-10-09 21:00:00,2.9802251329249687,2.9802251329249687
2024-10-09 22:00:00,0.0,0.0
2024-10-09 23:00:00,0.0,0.0
2024-10-10 00:00:00,0.0,0.0
2024-10-10 01:00:00,0.0,0.0
2024-10-10 02:00:00,0.0,0.0
2024-10-10 03:00:00,0.0,0.0
2024-10-10 04:00:00,0.0,0.0
2024-10-10 05:00:00,0.0,0.0
2024-10-10 06:00:00,0.0,0.0
2024-10-10 07:00:00,0.0,0.0
2024-10-10 08:00:00,0.0,0.0
2024-10-10 09:00:00,0.0,0.0
2024-10-10 10:00:00,0.10594063231427844,0.10594063231427844
2024-10-10 11:00:00,0.3768206458107321,0.3768206458107321
2024-10-10 12:00:00,0.7123907386226079,0.7123907386226079
2024-10-10 13:00:00,1.2435297991597076,1.2435297991597076
2024-10-10 14:00:00,1.6920729661087726,1.6920729661087726
2024-10-10 15:00:00,2.1142015222465314,2.1142015222465314
2024-10-10 16:00:00,2.872651647550247,2.872651647550247
2024-10-10 17:00:00,2.813502725143584,2.813502725143584
2024-10-10 18:00:00,3.313319684413025,3.313319684413025
2024-10-10 19:00:00,2.8161807012555777,2.8161807012555777
2024-10-10 20:00:00,3.0862573362373045,3.0862573362373045
2024-10-10 21:00:00,2.7259844726971165,2.7259844726971165
2024-10-10 22:00:00,0.0,0.0
2024-10-10 23:00:00,0.0,0.0
2024-10-11 00:00:00,0.0,0.0
2024-10-11 01:00:00,0.0,0.0
2024-10-11 02:00:00,0.0,0.0
2024-10-11 03:00:00,0.0,0.0
2024-10-11 04:00:00,0.0,0.0
2024-10-11 05:00:00,0.0,0.0
2024-10-11 06:00:00,0.0,0.0
2024-10-11 07:00:00,0.0,0.0
2024-10-11 08:00:00,0.0,0.0
2024-10-11 09:00:00,0.0,0.0
2024-10-11 10:00:00,0.09867166759379359,0.09867166759379359
2024-10-11 11:00:00,0.4157705349294379,0.4157705349294379
2024-10-11 12:00:00,0.7755513106610354,0.7755513106610354
2024-10-11 13:00:00,1.3964043352131095,1.3964043352131095
2024-10-11 14:00:00,1.8578323177231124,1.8578323177231124
2024-10-11 15:00:00,1.9464281782425823,1.9464281782425823
2024-10-11 16:00:00,2.68965696737121,2.68965696737121
2024-10-11 17:00:00,2.3334276183575025,2.3334276183575025
2024-10-11 18:00:00,3.209246386066459,3.209246386066459
2024-10-11 19:00:00,2.8670677090378707,2.8670677090378707
2024-10-11 20:00:00,2.581109302844148,2.581109302844148
2024-10-11 21:00:00,3.1790559882510134,3.1790559882510134
2024-10-11 22:00:00,0.0,0.0
2024-10-11 23:00:00,0.0,0.0
2024-10-12 00:00:00,0.0,0.0
2024-10-12 01:00:00,0.0,0.0
2024-10-12 02:00:00,0.0,0.0
2024-10-12 03:00:00,0.0,0.0
2024-10-12 04:00:00,0.0,0.0
2024-10-12 05:00:00,0.0,0.0
2024-10-12 06:00:00,0.0,0.0
2024-10-12 07:00:00,0.0,0.0
2024-10-12 08:00:00,0.0,0.0
2024-10-12 09:00:00,0.0,0.0
2024-10-12 10:00:00,0.0664070261898485,0.0664070261898485
2024-10-12 11:00:00,0.28114450436743343,0.28114450436743343
2024-10-12 12:00:00,0.63292384233686,0.63292384233686
2024-10-12 13:00:00,0.8884581303436463,0.8884581303436463
2024-10-12 14:00:00,1.256126539526322,1.256126539526322
2024-10-12 15:00:00,1.6625919248214878,1.6625919248214878
2024-10-12 16:00:00,2.1281501360118535,2.1281501360118535
2024-10-12 17:00:00,1.727918361776438,1.727918361776438
2024-10-12 18:00:00,2.62879889383297,2.62879889383297
2024-10-12 19:00:00,2.4441417017118874,2.4441417017118874
2024-10-12 20:00:00,2.233540979359645,2.233540979359645
2024-10-12 21:00:00,2.3380331416397455,2.3380331416397455
2024-10-12 22:00:00,0.0,0.0
2024-10-12 23:00:00,0.0,0.0
2024-10-13 00:00:00,0.0,0.0
2024-10-13 01:00:00,0.0,0.0
2024-10-13 02:00:00,0.0,0.0
2024-10-13 03:00:00,0.0,0.0
2024-10-13 04:00:00,0.0,0.0
2024-10-13 05:00:00,0.0,0.0
2024-10-13 06:00:00,0.0,0.0
2024-10-13 07:00:00,0.0,0.0
2024-10-13 08:00:00,0.0,0.0
2024-10-13 09:00:00,0.0,0.0
2024-10-13 10:00:00,0.06911322507780904,0.06911322507780904
2024-10-13 11:00:00,0.2938494272226252,0.2938494272226252
2024-10-13 12:00:00,0.6104103808757835,0.6104103808757835
2024-10-13 13:00:00,1.053368684001162,1.053368684001162
2024-10-13 14:00:00,1.1808607752212588,1.1808607752212588
2024-10-13 15:00:00,1.567414291776318,1.567414291776318
2024-10-13 16:00:00,1.6868864437086497,1.6868864437086497
2024-10-13 17:00:00,1.8709298440888036,1.8709298440888036
2024-10-13 18:00:00,1.9172913287395204,1.9172913287395204
2024-10-13 19:00:00,2.1585007705275587,2.1585007705275587
2024-10-13 20:00:00,2.239238813822864,2.239238813822864
2024-10-13 21:00:00,2.1837015313755566,2.1837015313755566
2024-10-13 22:00:00,0.0,0.0
2024-10-13 23:00:00,0.0,0.0
2024-10-14 00:00:00,0.0,0.0
2024-10-14 01:00:00,0.0,0.0
2024-10-14 02:00:00,0.0,0.0
2024-10-14 03:00:00,0.0,0.0
2024-10-14 04:00:00,0.0,0.0
2024-10-14 05:00:00,0.0,0.0
2024-10-14 06:00:00,0.0,0.0
2024-10-14 07:00:00,0.0,0.0
2024-10-14 08:00:00,0.0,0.0
2024-10-14 09:00:00,0.0,0.0
2024-10-14 10:00:00,0.0831635135212513,0.0831635135212513
2024-10-14 11:00:00,0.34806509601331503,0.34806509601331503
2024-10-14 12:00:00,0.6430112893865648,0.6430112893865648
2024-10-14 13:00:00,1.2473539103742035,1.2473539103742035
2024-10-14 14:00:00,1.558238326718542,1.558238326718542
2024-10-14 15:00:00,1.7491771079818423,1.7491771079818423
2024-10-14 16:00:00,2.4074014349580497,2.4074014349580497
2024-10-14 17:00:00,2.358912436452339,2.358912436452339
2024-10-14 18:00:00,3.1114929488192327,3.1114929488192327
2024-10-14 19:00:00,3.1291766077415897,3.1291766077415897
2024-10-14 20:00:00,2.507941558760069,2.507941558760069
2024-10-14 21:00:00,2.903882552563205,2.903882552563205
2024-10-14 22:00:00,0.0,0.0
2024-10-14 23:00:00,0.0,0.0
2024-10-15 00:00:00,0.0,0.0
2024-10-15 01:00:00,0.0,0.0
2024-10-15 02:00:00,0.0,0.0
2024-10-15 03:00:00,0.0,0.0
2024-10-15 04:00:00,0.0,0.0
2024-10-15 05:00:00,0.0,0.0
2024-10-15 06:00:00,0.0,0.0
2024-10-15 07:00:00,0.0,0.0
2024-10-15 08:00:00,0.0,0.0
2024-10-15 09:00:00,0.0,0.0
2024-10-15 10:00:00,0.10527567678893615,0.10527567678893615
2024-10-15 11:00:00,0.4163349875700521,0.4163349875700521
2024-10-15 12:00:00,0.7974056154548158,0.7974056154548158
2024-10-15 13:00:00,1.4098311973415552,1.4098311973415552
2024-10-15 14:00:00,1.4557383319595285,1.4557383319595285
2024-10-15 15:00:00,2.1482988662456797,2.1482988662456797
2024-10-15 16:00:00,2.728676185347402,2.728676185347402
2024-10-15 17:00:00,2.3849634020331583,2.3849634020331583
2024-10-15 18:00:00,2.8092402921598985,2.8092402921598985
2024-10-15 19:00:00,2.7221690353447667,2.7221690353447667
2024-10-15 20:00:00,2.7748506336488483,2.7748506336488483
2024-10-15 21:00:00,2.8370763325941173,2.8370763325941173
2024-10-15 22:00:00,0.0,0.0
2024-10-15 23:00:00,0.0,0.0
2024-10-16 00:00:00,0.0,0.0
2024-10-16 01:00:00,0.0,0.0
2024-10-16 02:00:00,0.0,0.0
2024-10-16 03:00:00,0.0,0.0
2024-10-16 04:00:00,0.0,0.0
2024-10-16 05:00:00,0.0,0.0
2024-10-16 06:00:00,0.0,0.0
2024-10-16 07:00:00,0.0,0.0
2024-10-16 08:00:00,0.0,0.0
2024-10-16 09:00:00,0.0,0.0
2024-10-16 10:00:00,0.08785396513044365,0.08785396513044365
2024-10-16 11:00:00,0.3896481938726942,0.3896481938726942
2024-10-16 12:00:00,0.727179254014258,0.727179254014258
2024-10-16 13:00:00,1.3433626118926256,1.3433626118926256
2024-10-16 14:00:00,1.6126984953040808,1.6126984953040808
2024-10-16 15:00:00,1.7987036857848304,1.7987036857848304
2024-10-16 16:00:00,2.569243609059561,2.569243609059561
2024-10-16 17:00:00,2.648213090677864,2.648213090677864
2024-10-16 18:00:00,2.890475539771222,2.890475539771222
2024-10-16 19:00:00,3.224515816715432,3.224515816715432
2024-10-16 20:00:00,3.2104707153342376,3.2104707153342376
2024-10-16 21:00:00,2.419431444238453,2.419431444238453
2024-10-16 22:00:00,0.0,0.0
2024-10-16 23:00:00,0.0,0.0
2024-10-17 00:00:00,0.0,0.0
2024-10-17 01:00:00,0.0,0.0
2024-10-17 02:00:00,0.0,0.0
2024-10-17 03:00:00,0.0,0.0
2024-10-17 04:00:00,0.0,0.0
2024-10-17 05:00:00,0.0,0.0
2024-10-17 06:00:00,0.0,0.0
2024-10-17 07:00:00,0.0,0.0
2024-10-17 08:00:00,0.0,0.0
2024-10-17 09:00:00,0.0,0.0
2024-10-17 10:00:00,0.10993159303752097,0.10993159303752097
2024-10-17 11:00:00,0.41624500674717796,0.41624500674717796
2024-10-17 12:00:00,0.6848115849976865,0.6848115849976865
2024-10-17 13:00:00,1.3553429650553888,1.3553429650553888
2024-10-17 14:00:00,1.4965894792347696,1.4965894792347696
2024-10-17 15:00:00,1.9857501568605813,1.9857501568605813
2024-10-17 16:00:00,2.749689773745052,2.749689773745052
2024-10-17 17:00:00,2.9689199378145363,2.9689199378145363
2024-10-17 18:00:00,3.0570833287069465,3.0570833287069465
2024-10-17 19:00:00,3.4080685183364716,3.4080685183364716
2024-10-17 20:00:00,3.5471866881991843,3.5471866881991843
2024-10-17 21:00:00,2.491649574057598,2.491649574057598
2024-10-17 22:00:00,0.0,0.0
2024-10-17 23:00:00,0.0,0.0
2024-10-18 00:00:00,0.0,0.0
2024-10-18 01:00:00,0.0,0.0
2024-10-18 02:00:00,0.0,0.0
2024-10-18 03:00:00,0.0,0.0
2024-10-18 04:00:00,0.0,0.0
2024-10-18 05:00:00,0.0,0.0
2024-10-18 06:00:00,0.0,0.0
2024-10-18 07:00:00,0.0,0.0
2024-10-18 08:00:00,0.0,0.0
2024-10-18 09:00:00,0.0,0.0
2024-10-18 10:00:00,0.11386205098771784,0.11386205098771784
2024-10-18 11:00:00,0.37931633873681087,0.37931633873681087
2024-10-18 12:00:00,0.8531858628180101,0.8531858628180101
2024-10-18 13:00:00,1.2587563907416892,1.2587563907416892
2024-10-18 14:00:00,1.7323752159784367,1.7323752159784367
2024-10-18 15:00:00,2.0382878805171822,2.0382878805171822
2024-10-18 16:00:00,3.036810245683128,3.036810245683128
2024-10-18 17:00:00,2.463980444603156,2.463980444603156
2024-10-18 18:00:00,3.480351703817716,3.480351703817716
2024-10-18 19:00:00,3.6777053192408675,3.6777053192408675
2024-10-18 20:00:00,3.475273039874476,3.475273039874476
2024-10-18 21:00:00,2.654564654553759,2.654564654553759
2024-10-18 22:00:00,0.0,0.0
2024-10-18 23:00:00,0.0,0.0
2024-10-19 00:00:00,0.0,0.0
2024-10-19 01:00:00,0.0,0.0
2024-10-19 02:00:00,0.0,0.0
2024-10-19 03:00:00,0.0,0.0
2024-10-19 04:00:00,0.0,0.0
2024-10-19 05:00:00,0.0,0.0
2024-10-19 06:00:00,0.0,0.0
2024-10-19 07:00:00,0.0,0.0
2024-10-19 08:00:00,0.0,0.0
2024-10-19 09:00:00,0.0,0.0
2024-10-19 10:00:00,0.06460088639576571,0.06460088639576571
2024-10-19 11:00:00,0.2752852727671134,0.2752852727671134
2024-10-19 12:00:00,0.5717503828667502,0.5717503828667502
2024-10-19 13:00:00,0.8670810743849938,0.8670810743849938
2024-10-19 14:00:00,1.0760924570262822,1.0760924570262822
2024-10-19 15:00:00,1.6105972553434693,1.6105972553434693
2024-10-19 16:00:00,2.087139183230994,2.087139183230994
2024-10-19 17:00:00,1.8022574858999831,1.8022574858999831
2024-10-19 18:00:00,2.091531047300928,2.091531047300928
2024-10-19 19:00:00,1.8364040504395158,1.8364040504395158
2024-10-19 20:00:00,1.874702091202247,1.874702091202247
2024-10-19 21:00:00,1.9455157126595024,1.9455157126595024
2024-10-19 22:00:00,0.0,0.0
2024-10-19 23:00:00,0.0,0.0
2024-10-20 00:00:00,0.0,0.0
2024-10-20 01:00:00,0.0,0.0
2024-10-20 02:00:00,0.0,0.0
2024-10-20 03:00:00,0.0,0.0
2024-10-20 04:00:00,0.0,0.0
2024-10-20 05:00:00,0.0,0.0
2024-10-20 06:00:00,0.0,0.0
2024-10-20 07:00:00,0.0,0.0
2024-10-20 08:00:00,0.0,0.0
2024-10-20 09:00:00,0.0,0.0
2024-10-20 10:00:00,0.07100950251820122,0.07100950251820122
2024-10-20 11:00:00,0.27823165430754254,0.27823165430754254
2024-10-20 12:00:00,0.4837022756609411,0.4837022756609411
2024-10-20 13:00:00,1.014057473495352,1.014057473495352
2024-10-20 14:00:00,1.1914730575834278,1.1914730575834278
2024-10-20 15:00:00,1.335560312913626,1.335560312913626
2024-10-20 16:00:00,2.0048349363721463,2.0048349363721463
2024-10-20 17:00:00,1.55666932516385,1.55666932516385
2024-10-20 18:00:00,2.050913439020121,2.050913439020121
2024-10-20 19:00:00,2.1152846336436277,2.1152846336436277
2024-10-20 20:00:00,2.0406942314914067,2.0406942314914067
2024-10-20 21:00:00,1.9653663455556718,1.9653663455556718
2024-10-20 22:00:00,0.0,0.0
2024-10-20 23:00:00,0.0,0.0
2024-10-21 00:00:00,0.0,0.0
2024-10-21 01:00:00,0.0,0.0
2024-10-21 02:00:00,0.0,0.0
2024-10-21 03:00:00,0.0,0.0
2024-10-21 04:00:00,0.0,0.0
2024-10-21 05:00:00,0.0,0.0
2024-10-21 06:00:00,0.0,0.0
2024-10-21 07:00:00,0.0,0.0
2024-10-21 08:00:00,0.0,0.0
2024-10-21 09:00:00,0.0,0.0
2024-10-21 10:00:00,0.09752783452025149,0.09752783452025149
2024-10-21 11:00:00,0.4139635760959958,0.4139635760959958
2024-10-21 12:00:00,0.7901585992864478,0.7901585992864478
2024-10-21 13:00:00,1.0852671196344703,1.0852671196344703
2024-10-21 14:00:00,1.3657949222658523,1.3657949222658523
2024-10-21 15:00:00,1.70371438587417,1.70371438587417
2024-10-21 16:00:00,2.58839146567777,2.58839146567777
2024-10-21 17:00:00,2.6759408807280023,2.6759408807280023
2024-10-21 18:00:00,3.2447534314570925,3.2447534314570925
2024-10-21 19:00:00,2.603861394094601,2.603861394094601
2024-10-21 20:00:00,3.1298888493217127,3.1298888493217127
2024-10-21 21:00:00,2.6504618227979475,2.6504618227979475
2024-10-21 22:00:00,0.0,0.0
2024-10-21 23:00:00,0.0,0.0
2024-10-22 00:00:00,0.0,0.0
2024-10-22 01:00:00,0.0,0.0
2024-10-22 02:00:00,0.0,0.0
2024-10-22 03:00:00,0.0,0.0
2024-10-22 04:00:00,0.0,0.0
2024-10-22 05:00:00,0.0,0.0
2024-10-22 06:00:00,0.0,0.0
2024-10-22 07:00:00,0.0,0.0
2024-10-22 08:00:00,0.0,0.0
2024-10-22 09:00:00,0.0,0.0
2024-10-22 10:00:00,0.09375541867213256,0.09375541867213256
2024-10-22 11:00:00,0.3365752013271466,0.3365752013271466
2024-10-22 12:00:00,0.6345801953725673,0.6345801953725673
2024-10-22 13:00:00,1.126092186764188,1.126092186764188
2024-10-22 14:00:00,1.479597975893254,1.479597975893254
2024-10-22 15:00:00,1.6544717812867296,1.6544717812867296
2024-10-22 16:00:00,2.2347553216982874,2.2347553216982874
2024-10-22 17:00:00,2.6119047882154187,2.6119047882154187
2024-10-22 18:00:00,3.2608451262087814,3.2608451262087814
2024-10-22 19:00:00,3.1773461923531787,3.1773461923531787
2024-10-22 20:00:00,2.812135608561892,2.812135608561892
2024-10-22 21:00:00,2.539514824176374,2.539514824176374
2024-10-22 22:00:00,0.0,0.0
2024-10-22 23:00:00,0.0,0.0
2024-10-23 00:00:00,0.0,0.0
2024-10-23 01:00:00,0.0,0.0
2024-10-23 02:00:00,0.0,0.0
2024-10-23 03:00:00,0.0,0.0
2024-10-23 04:00:00,0.0,0.0
2024-10-23 05:00:00,0.0,0.0
2024-10-23 06:00:00,0.0,0.0
2024-10-23 07:00:00,0.0,0.0
2024-10-23 08:00:00,0.0,0.0
2024-10-23 09:00:00,0.0,0.0
2024-10-23 10:00:00,0.10730041909815294,0.10730041909815294
2024-10-23 11:00:00,0.36082209998863796,0.36082209998863796
2024-10-23 12:00:00,0.8225343688543482,0.8225343688543482
2024-10-23 13:00:00,1.3942683314353959,1.3942683314353959
2024-10-23 14:00:00,1.9022707616690995,1.9022707616690995
2024-10-23 15:00:00,1.9147540846593514,1.9147540846593514
2024-10-23 16:00:00,2.9487129134002723,2.9487129134002723
2024-10-23 17:00:00,2.6124754029121644,2.6124754029121644
2024-10-23 18:00:00,2.808202653159952,2.808202653159952
2024-10-23 19:00:00,2.71330736935556,2.71330736935556
2024-10-23 20:00:00,2.8673544675310714,2.8673544675310714
2024-10-23 21:00:00,2.7214719823641427,2.7214719823641427
2024-10-23 22:00:00,0.0,0.0
2024-10-23 23:00:00,0.0,0.0
2024-10-24 00:00:00,0.0,0.0
2024-10-24 01:00:00,0.0,0.0
2024-10-24 02:00:00,0.0,0.0
2024-10-24 03:00:00,0.0,0.0
2024-10-24 04:00:00,0.0,0.0
2024-10-24 05:00:00,0.0,0.0
2024-10-24 06:00:00,0.0,0.0
2024-10-24 07:00:00,0.0,0.0
2024-10-24 08:00:00,0.0,0.0
2024-10-24 09:00:00,0.0,0.0
2024-10-24 10:00:00,0.08172117286218947,0.08172117286218947
2024-10-24 11:00:00,0.365809460978802,0.365809460978802
2024-10-24 12:00:00,0.6824097564280381,0.6824097564280381
2024-10-24 13:00:00,1.3931324552291984,1.3931324552291984
2024-10-24 14:00:00,1.7913234593345126,1.7913234593345126
2024-10-24 15:00:00,2.1406837020629386,2.1406837020629386
2024-10-24 16:00:00,2.6224528943526013,2.6224528943526013
2024-10-24 17:00:00,2.203853107452204,2.203853107452204
2024-10-24 18:00:00,2.569793095641545,2.569793095641545
2024-10-24 19:00:00,2.9953864951146287,2.9953864951146287
2024-10-24 20:00:00,3.0589450616465825,3.0589450616465825
2024-10-24 21:00:00,2.602471769205083,2.602471769205083
2024-10-24 22:00:00,0.0,0.0
2024-10-24 23:00:00,0.0,0.0
2024-10-25 00:00:00,0.0,0.0
2024-10-25 01:00:00,0.0,0.0
2024-10-25 02:00:00,0.0,0.0
2024-10-25 03:00:00,0.0,0.0
2024-10-25 04:00:00,0.0,0.0
2024-10-25 05:00:00,0.0,0.0
2024-10-25 06:00:00,0.0,0.0
2024-10-25 07:00:00,0.0,0.0
2024-10-25 08:00:00,0.0,0.0
2024-10-25 09:00:00,0.0,0.0
2024-10-25 10:00:00,0.09630404186360889,0.09630404186360889
2024-10-25 11:00:00,0.332939491158557,0.332939491158557
2024-10-25 12:00:00,0.8442292828028878,0.8442292828028878
2024-10-25 13:00:00,1.4226382621320255,1.4226382621320255
2024-10-25 14:00:00,1.3840022109694463,1.3840022109694463
2024-10-25 15:00:00,1.8056717510217035,1.8056717510217035
2024-10-25 16:00:00,2.253148818644101,2.253148818644101
2024-10-25 17:00:00,2.696841958372704,2.696841958372704
2024-10-25 18:00:00,3.0947425119203045,3.0947425119203045
2024-10-25 19:00:00,2.6154010631769773,2.6154010631769773
2024-10-25 20:00:00,3.246513054957493,3.246513054957493
2024-10-25 21:00:00,2.618907038175672,2.618907038175672
2024-10-25 22:00:00,0.0,0.0
2024-10-25 23:00:00,0.0,0.0
2024-10-26 00:00:00,0.0,0.0
2024-10-26 01:00:00,0.0,0.0
2024-10-26 02:00:00,0.0,0.0
2024-10-26 03:00:00,0.0,0.0
2024-10-26 04:00:00,0.0,0.0
2024-10-26 05:00:00,0.0,0.0
2024-10-26 06:00:00,0.0,0.0
2024-10-26 07:00:00,0.0,0.0
2024-10-26 08:00:00,0.0,0.0
2024-10-26 09:00:00,0.0,0.0
2024-10-26 10:00:00,0.06487594640872495,0.06487594640872495
2024-10-26 11:00:00,0.2449759139605923,0.2449759139605923
2024-10-26 12:00:00,0.5006367691378435,0.5006367691378435
2024-10-26 13:00:00,0.7945571711997402,0.7945571711997402
2024-10-26 14:00:00,1.3660410810487915,1.3660410810487915
2024-10-26 15:00:00,1.6830065789530833,1.6830065789530833
2024-10-26 16:00:00,1.9911429037051438,1.9911429037051438
2024-10-26 17:00:00,1.6254537265664566,1.6254537265664566
2024-10-26 18:00:00,2.493137861702263,2.493137861702263
2024-10-26 19:00:00,2.3015931106083727,2.3015931106083727
2024-10-26 20:00:00,2.086982909690737,2.086982909690737
2024-10-26 21:00:00,2.0303005088127293,2.0303005088127293
2024-10-26 22:00:00,0.0,0.0
2024-10-26 23:00:00,0.0,0.0
2024-10-27 00:00:00,0.0,0.0
2024-10-27 01:00:00,0.0,0.0
2024-10-27 02:00:00,0.0,0.0
2024-10-27 03:00:00,0.0,0.0
2024-10-27 04:00:00,0.0,0.0
2024-10-27 05:00:00,0.0,0.0
2024-10-27 06:00:00,0.0,0.0
2024-10-27 07:00:00,0.0,0.0
2024-10-27 08:00:00,0.0,0.0
2024-10-27 09:00:00,0.0,0.0
2024-10-27 10:00:00,0.07055816378165816,0.07055816378165816
2024-10-27 11:00:00,0.24769277938223555,0.24769277938223555
2024-10-27 12:00:00,0.5888547976424966,0.5888547976424966
2024-10-27 13:00:00,0.9850998972277115,0.9850998972277115
2024-10-27 14:00:00,1.2055892387854525,1.2055892387854525
2024-10-27 15:00:00,1.6215159633157188,1.6215159633157188
2024-10-27 16:00:00,1.9359317074714075,1.9359317074714075
2024-10-27 17:00:00,1.761120532487138,1.761120532487138
2024-10-27 18:00:00,1.900418910874564,1.900418910874564
2024-10-27 19:00:00,1.8558380139121287,1.8558380139121287
2024-10-27 20:00:00,2.0939408750565045,2.0939408750565045
2024-10-27 21:00:00,2.0001808569879005,2.0001808569879005
2024-10-27 22:00:00,0.0,0.0
2024-10-27 23:00:00,0.0,0.0
2024-10-28 00:00:00,0.0,0.0
2024-10-28 01:00:00,0.0,0.0
2024-10-28 02:00:00,0.0,0.0
2024-10-28 03:00:00,0.0,0.0
2024-10-28 04:00:00,0.0,0.0
2024-10-28 05:00:00,0.0,0.0
2024-10-28 06:00:00,0.0,0.0
2024-10-28 07:00:00,0.0,0.0
2024-10-28 08:00:00,0.0,0.0
2024-10-28 09:00:00,0.0,0.0
2024-10-28 10:00:00,0.0942744764027545,0.0942744764027545
2024-10-28 11:00:00,0.42299087951291664,0.42299087951291664
2024-10-28 12:00:00,0.667456363813057,0.667456363813057
2024-10-28 13:00:00,1.1629704178946592,1.1629704178946592
2024-10-28 14:00:00,1.8403164434810158,1.8403164434810158
2024-10-28 15:00:00,1.902985371749804,1.902985371749804
2024-10-28 16:00:00,2.5978841304545717,2.5978841304545717
2024-10-28 17:00:00,2.8363702714067305,2.8363702714067305
2024-10-28 18:00:00,3.0458335281337163,3.0458335281337163
2024-10-28 19:00:00,2.7210173102965,2.7210173102965
2024-10-28 20:00:00,2.9893404681844746,2.9893404681844746
2024-10-28 21:00:00,2.368458085562629,2.368458085562629
2024-10-28 22:00:00,0.0,0.0
2024-10-28 23:00:00,0.0,0.0
2024-10-29 00:00:00,0.0,0.0
2024-10-29 01:00:00,0.0,0.0
2024-10-29 02:00:00,0.0,0.0
2024-10-29 03:00:00,0.0,0.0
2024-10-29 04:00:00,0.0,0.0
2024-10-29 05:00:00,0.0,0.0
2024-10-29 06:00:00,0.0,0.0
2024-10-29 07:00:00,0.0,0.0
2024-10-29 08:00:00,0.0,0.0
2024-10-29 09:00:00,0.0,0.0
2024-10-29 10:00:00,0.10042385025980144,0.10042385025980144
2024-10-29 11:00:00,0.38898003072350495,0.38898003072350495
2024-10-29 12:00:00,0.8394238865295524,0.8394238865295524
2024-10-29 13:00:00,1.3355797580283548,1.3355797580283548
2024-10-29 14:00:00,2.0600221741989873,2.0600221741989873
2024-10-29 15:00:00,1.9324952103605588,1.9324952103605588
2024-10-29 16:00:00,2.944730652946691,2.944730652946691
2024-10-29 17:00:00,3.169247715098947,3.169247715098947
2024-10-29 18:00:00,3.9032566927090264,3.9032566927090264
2024-10-29 19:00:00,3.437455852206015,3.437455852206015
2024-10-29 20:00:00,3.825261732849309,3.825261732849309
2024-10-29 21:00:00,2.7155452163667464,2.7155452163667464
2024-10-29 22:00:00,0.0,0.0
2024-10-29 23:00:00,0.0,0.0
2024-10-30 00:00:00,0.0,0.0
2024-10-30 01:00:00,0.0,0.0
2024-10-30 02:00:00,0.0,0.0
2024-10-30 03:00:00,0.0,0.0
2024-10-30 04:00:00,0.0,0.0
2024-10-30 05:00:00,0.0,0.0
2024-10-30 06:00:00,0.0,0.0
2024-10-30 07:00:00,0.0,0.0
2024-10-30 08:00:00,0.0,0.0
2024-10-30 09:00:00,0.0,0.0
2024-10-30 10:00:00,0.09741162294970285,0.09741162294970285
2024-10-30 11:00:00,0.5136132187426001,0.5136132187426001
2024-10-30 12:00:00,0.9010086106666724,0.9010086106666724
2024-10-30 13:00:00,1.4220382147772108,1.4220382147772108
2024-10-30 14:00:00,1.807853821955894,1.807853821955894
2024-10-30 15:00:00,2.563045498230708,2.563045498230708
2024-10-30 16:00:00,3.15971766229309,3.15971766229309
2024-10-30 17:00:00,3.1443692755469823,3.1443692755469823
2024-10-30 18:00:00,3.597611301950975,3.597611301950975
2024-10-30 19:00:00,3.7382787893810883,3.7382787893810883
2024-10-30 20:00:00,3.2244402154149703,3.2244402154149703
2024-10-30 21:00:00,3.361295301646763,3.361295301646763
2024-10-30 22:00:00,0.0,0.0
2024-10-30 23:00:00,0.0,0.0
2024-10-31 00:00:00,0.0,0.0
2024-10-31 01:00:00,0.0,0.0
2024-10-31 02:00:00,0.0,0.0
2024-10-31 03:00:00,0.0,0.0
2024-10-31 04:00:00,0.0,0.0
2024-10-31 05:00:00,0.0,0.0
2024-10-31 06:00:00,0.0,0.0
2024-10-31 07:00:00,0.0,0.0
2024-10-31 08:00:00,0.0,0.0
2024-10-31 09:00:00,0.0,0.0
2024-10-31 10:00:00,0.11727888848746745,0.11727888848746745
2024-10-31 11:00:00,0.47085549290587025,0.47085549290587025
2024-10-31 12:00:00,0.8507111071489097,0.8507111071489097
2024-10-31 13:00:00,1.4106883893480193,1.4106883893480193
2024-10-31 14:00:00,2.0612109099199274,2.0612109099199274
2024-10-31 15:00:00,2.1502047622445066,2.1502047622445066
2024-10-31 16:00:00,3.0512374829609743,3.0512374829609743
2024-10-31 17:00:00,3.080561424768725,3.080561424768725
2024-10-31 18:00:00,3.847646804486112,3.847646804486112
2024-10-31 19:00:00,3.1774210080228356,3.1774210080228356
2024-10-31 20:00:00,3.691418695751241,3.691418695751241
2024-10-31 21:00:00,2.8024020223078754,2.8024020223078754
2024-10-31 22:00:00,0.0,0.0
2024-10-31 23:00:00,0.0,0.0
2024-11-01 00:00:00,0.0,0.0
2024-11-01 01:00:00,0.0,0.0
2024-11-01 02:00:00,0.0,0.0
2024-11-01 03:00:00,0.0,0.0
2024-11-01 04:00:00,0.0,0.0
2024-11-01 05:00:00,0.0,0.0
2024-11-01 06:00:00,0.0,0.0
2024-11-01 07:00:00,0.0,0.0
2024-11-01 08:00:00,0.0,0.0
2024-11-01 09:00:00,0.0,0.0
2024-11-01 10:00:00,0.09049936897085194,0.09049936897085194
2024-11-01 11:00:00,0.4214472696444827,0.4214472696444827
2024-11-01 12:00:00,0.7389554522434532,0.7389554522434532
2024-11-01 13:00:00,1.1578144772628467,1.1578144772628467
2024-11-01 14:00:00,1.3429369192367115,1.3429369192367115
2024-11-01 15:00:00,2.1353303069968956,2.1353303069968956
2024-11-01 16:00:00,2.2709485110049994,2.2709485110049994
2024-11-01 17:00:00,2.536882053029655,2.536882053029655
2024-11-01 18:00:00,3.057492044569466,3.057492044569466
2024-11-01 19:00:00,2.5773939842891336,2.5773939842891336
2024-11-01 20:00:00,2.478268847935751,2.478268847935751
2024-11-01 21:00:00,2.5417532118983717,2.5417532118983717
2024-11-01 22:00:00,0.0,0.0
2024-11-01 23:00:00,0.0,0.0
2024-11-02 00:00:00,0.0,0.0
2024-11-02 01:00:00,0.0,0.0
2024-11-02 02:00:00,0.0,0.0
2024-11-02 03:00:00,0.0,0.0
2024-11-02 04:00:00,0.0,0.0
2024-11-02 05:00:00,0.0,0.0
2024-11-02 06:00:00,0.0,0.0
2024-11-02 07:00:00,0.0,0.0
2024-11-02 08:00:00,0.0,0.0
2024-11-02 09:00:00,0.0,0.0
2024-11-02 10:00:00,0.08350977479559767,0.08350977479559767
2024-11-02 11:00:00,0.31218873419187004,0.31218873419187004
2024-11-02 12:00:00,0.6569165470616664,0.6569165470616664
2024-11-02 13:00:00,0.8642138113547448,0.8642138113547448
2024-11-02 14:00:00,1.2371792405869249,1.2371792405869249
2024-11-02 15:00:00,1.650006558483735,1.650006558483735
2024-11-02 16:00:00,1.8480883818443812,1.8480883818443812
2024-11-02 17:00:00,1.9966220693907757,1.9966220693907757
2024-11-02 18:00:00,2.3294244767383008,2.3294244767383008
2024-11-02 19:00:00,2.5658618434749587,2.5658618434749587
2024-11-02 20:00:00,2.0668299254323617,2.0668299254323617
2024-11-02 21:00:00,2.391388170594049,2.391388170594049
2024-11-02 22:00:00,0.0,0.0
2024-11-02 23:00:00,0.0,0.0
2024-11-03 00:00:00,0.0,0.0
2024-11-03 01:00:00,0.0,0.0
2024-11-03 02:00:00,0.0,0.0
2024-11-03 03:00:00,0.0,0.0
2024-11-03 04:00:00,0.0,0.0
2024-11-03 05:00:00,0.0,0.0
2024-11-03 06:00:00,0.0,0.0
2024-11-03 07:00:00,0.0,0.0
2024-11-03 08:00:00,0.0,0.0
2024-11-03 09:00:00,0.0,0.0
2024-11-03 10:00:00,0.06982679728783484,0.06982679728783484
2024-11-03 11:00:00,0.3014159881690583,0.3014159881690583
2024-11-03 12:00:00,0.5368571016401821,0.5368571016401821
2024-11-03 13:00:00,0.8920373046753148,0.8920373046753148
2024-11-03 14:00:00,1.0363470157504577,1.0363470157504577
2024-11-03 15:00:00,1.4315034967673983,1.4315034967673983
2024-11-03 16:00:00,1.7970206167275062,1.7970206167275062
2024-11-03 17:00:00,1.6916598792859372,1.6916598792859372
2024-11-03 18:00:00,2.059975058614425,2.059975058614425
2024-11-03 19:00:00,2.2011409184999975,2.2011409184999975
2024-11-03 20:00:00,2.0795778940469734,2.0795778940469734
2024-11-03 21:00:00,2.232223361879584,2.232223361879584
2024-11-03 22:00:00,0.0,0.0
2024-11-03 23:00:00,0.0,0.0
2024-11-04 00:00:00,0.0,0.0
2024-11-04 01:00:00,0.0,0.0
2024-11-04 02:00:00,0.0,0.0
2024-11-04 03:00:00,0.0,0.0
2024-11-04 04:00:00,0.0,0.0
2024-11-04 05:00:00,0.0,0.0
2024-11-04 06:00:00,0.0,0.0
2024-11-04 07:00:00,0.0,0.0
2024-11-04 08:00:00,0.0,0.0
2024-11-04 09:00:00,0.0,0.0
2024-11-04 10:00:00,0.10043316501409383,0.10043316501409383
2024-11-04 11:00:00,0.37150502681315584,0.37150502681315584
2024-11-04 12:00:00,0.6811945750496765,0.6811945750496765
2024-11-04 13:00:00,1.1477916549080784,1.1477916549080784
2024-11-04 14:00:00,1.380728149343719,1.380728149343719
2024-11-04 15:00:00,1.9658855327089966,1.9658855327089966
2024-11-04 16:00:00,2.6934809053386957,2.6934809053386957
2024-11-04 17:00:00,2.6424476760776323,2.6424476760776323
2024-11-04 18:00:00,2.9004584943715916,2.9004584943715916
2024-11-04 19:00:00,2.587368104323592,2.587368104323592
2024-11-04 20:00:00,3.235128445801232,3.235128445801232
2024-11-04 21:00:00,2.3350571443641384,2.3350571443641384
2024-11-04 22:00:00,0.0,0.0
2024-11-04 23:00:00,0.0,0.0
2024-11-05 00:00:00,0.0,0.0
2024-11-05 01:00:00,0.0,0.0
2024-11-05 02:00:00,0.0,0.0
2024-11-05 03:00:00,0.0,0.0
2024-11-05 04:00:00,0.0,0.0
2024-11-05 05:00:00,0.0,0.0
2024-11-05 06:00:00,0.0,0.0
2024-11-05 07:00:00,0.0,0.0
2024-11-05 08:00:00,0.0,0.0
2024-11-05 09:00:00,0.0,0.0
2024-11-05 10:00:00,0.10426480491272166,0.10426480491272166
2024-11-05 11:00:00,0.39180965914391214,0.39180965914391214
2024-11-05 12:00:00,0.6817355769712251,0.6817355769712251
2024-11-05 13:00:00,1.2699215672721311,1.2699215672721311
2024-11-05 14:00:00,1.6826899119981196,1.6826899119981196
2024-11-05 15:00:00,2.0140084085545897,2.0140084085545897
2024-11-05 16:00:00,2.8169306605873414,2.8169306605873414
2024-11-05 17:00:00,2.8838130828953146,2.8838130828953146
2024-11-05 18:00:00,3.370486779426118,3.370486779426118
2024-11-05 19:00:00,3.0635659046278017,3.0635659046278017
2024-11-05 20:00:00,3.1010601339936463,3.1010601339936463
2024-11-05 21:00:00,2.9505742764436103,2.9505742764436103
2024-11-05 22:00:00,0.0,0.0
2024-11-05 23:00:00,0.0,0.0
2024-11-06 00:00:00,0.0,0.0
2024-11-06 01:00:00,0.0,0.0
2024-11-06 02:00:00,0.0,0.0
2024-11-06 03:00:00,0.0,0.0
2024-11-06 04:00:00,0.0,0.0
2024-11-06 05:00:00,0.0,0.0
2024-11-06 06:00:00,0.0,0.0
2024-11-06 07:00:00,0.0,0.0
2024-11-06 08:00:00,0.0,0.0
2024-11-06 09:00:00,0.0,0.0
2024-11-06 10:00:00,0.12065091066716017,0.12065091066716017
2024-11-06 11:00:00,0.404612821023842,0.404612821023842
2024-11-06 12:00:00,0.794645827704509,0.794645827704509
2024-11-06 13:00:00,1.4727777804396072,1.4727777804396072
2024-11-06 14:00:00,1.5643460714649307,1.5643460714649307
2024-11-06 15:00:00,2.3855431660515,2.3855431660515
2024-11-06 16:00:00,2.7131008266842676,2.7131008266842676
2024-11-06 17:00:00,3.213486558313858,3.213486558313858
2024-11-06 18:00:00,3.5926713706323268,3.5926713706323268
2024-11-06 19:00:00,2.8329669081707576,2.8329669081707576
2024-11-06 20:00:00,2.9434135953016334,2.9434135953016334
2024-11-06 21:00:00,2.7133626455668893,2.7133626455668893
2024-11-06 22:00:00,0.0,0.0
2024-11-06 23:00:00,0.0,0.0
2024-11-07 00:00:00,0.0,0.0
2024-11-07 01:00:00,0.0,0.0
2024-11-07 02:00:00,0.0,0.0
2024-11-07 03:00:00,0.0,0.0
2024-11-07 04:00:00,0.0,0.0
2024-11-07 05:00:00,0.0,0.0
2024-11-07 06:00:00,0.0,0.0
2024-11-07 07:00:00,0.0,0.0
2024-11-07 08:00:00,0.0,0.0
2024-11-07 09:00:00,0.0,0.0
2024-11-07 10:00:00,0.10366556290790413,0.10366556290790413
2024-11-07 11:00:00,0.44353151877716557,0.44353151877716557
2024-11-07 12:00:00,0.7918480225254861,0.7918480225254861
2024-11-07 13:00:00,1.200158398620925,1.200158398620925
2024-11-07 14:00:00,1.7986008313922828,1.7986008313922828
2024-11-07 15:00:00,2.054509009866729,2.054509009866729
2024-11-07 16:00:00,2.339762198046983,2.339762198046983
2024-11-07 17:00:00,2.51751321312672,2.51751321312672
2024-11-07 18:00:00,3.2517452910655975,3.2517452910655975
2024-11-07 19:00:00,3.2228908530125957,3.2228908530125957
2024-11-07 20:00:00,2.8469112979089006,2.8469112979089006
2024-11-07 21:00:00,3.1690123082229174,3.1690123082229174
2024-11-07 22:00:00,0.0,0.0
2024-11-07 23:00:00,0.0,0.0
2024-11-08 00:00:00,0.0,0.0
2024-11-08 01:00:00,0.0,0.0
2024-11-08 02:00:00,0.0,0.0
2024-11-08 03:00:00,0.0,0.0
2024-11-08 04:00:00,0.0,0.0
2024-11-08 05:00:00,0.0,0.0
2024-11-08 06:00:00,0.0,0.0
2024-11-08 07:00:00,0.0,0.0
2024-11-08 08:00:00,0.0,0.0
2024-11-08 09:00:00,0.0,0.0
2024-11-08 10:00:00,0.09585177390954394,0.09585177390954394
2024-11-08 11:00:00,0.405929939831037,0.405929939831037
2024-11-08 12:00:00,0.689656427999832,0.689656427999832
2024-11-08 13:00:00,1.2607889534487404,1.2607889534487404
2024-11-08 14:00:00,1.523099391446109,1.523099391446109
2024-11-08 15:00:00,1.989002899764579,1.989002899764579
2024-11-08 16:00:00,2.5867002108418835,2.5867002108418835
2024-11-08 17:00:00,2.8128758624190304,2.8128758624190304
2024-11-08 18:00:00,2.938287476182264,2.938287476182264
2024-11-08 19:00:00,2.995870782594036,2.995870782594036
2024-11-08 20:00:00,3.007802082409482,3.007802082409482
2024-11-08 21:00:00,2.5649098094553446,2.5649098094553446
2024-11-08 22:00:00,0.0,0.0
2024-11-08 23:00:00,0.0,0.0
2024-11-09 00:00:00,0.0,0.0
2024-11-09 01:00:00,0.0,0.0
2024-11-09 02:00:00,0.0,0.0
2024-11-09 03:00:00,0.0,0.0
2024-11-09 04:00:00,0.0,0.0
2024-11-09 05:00:00,0.0,0.0
2024-11-09 06:00:00,0.0,0.0
2024-11-09 07:00:00,0.0,0.0
2024-11-09 08:00:00,0.0,0.0
2024-11-09 09:00:00,0.0,0.0
2024-11-09 10:00:00,0.061898049481967365,0.061898049481967365
2024-11-09 11:00:00,0.2913534056281433,0.2913534056281433
2024-11-09 12:00:00,0.5709487500290096,0.5709487500290096
2024-11-09 13:00:00,0.840192057044348,0.840192057044348
2024-11-09 14:00:00,1.280398555699567,1.280398555699567
2024-11-09 15:00:00,1.3009852061223148,1.3009852061223148
2024-11-09 16:00:00,1.5357068845091064,1.5357068845091064
2024-11-09 17:00:00,1.8122034426111653,1.8122034426111653
2024-11-09 18:00:00,1.8761841537313704,1.8761841537313704
2024-11-09 19:00:00,1.9114044531809402,1.9114044531809402
2024-11-09 20:00:00,2.1036631076749837,2.1036631076749837
2024-11-09 21:00:00,1.8138150542762652,1.8138150542762652
2024-11-09 22:00:00,0.0,0.0
2024-11-09 23:00:00,0.0,0.0
2024-11-10 00:00:00,0.0,0.0
2024-11-10 01:00:00,0.0,0.0
2024-11-10 02:00:00,0.0,0.0
2024-11-10 03:00:00,0.0,0.0
2024-11-10 04:00:00,0.0,0.0
2024-11-10 05:00:00,0.0,0.0
2024-11-10 06:00:00,0.0,0.0
2024-11-10 07:00:00,0.0,0.0
2024-11-10 08:00:00,0.0,0.0
2024-11-10 09:00:00,0.0,0.0
2024-11-10 10:00:00,0.06037473392495708,0.06037473392495708
2024-11-10 11:00:00,0.25515232310182,0.25515232310182
2024-11-10 12:00:00,0.5593927800499381,0.5593927800499381
2024-11-10 13:00:00,0.9998759978262077,0.9998759978262077
2024-11-10 14:00:00,1.1958710319475179,1.1958710319475179
2024-11-10 15:00:00,1.2561279182583012,1.2561279182583012
2024-11-10 16:00:00,1.6771787314153412,1.6771787314153412
2024-11-10 17:00:00,1.897954877870406,1.897954877870406
2024-11-10 18:00:00,2.3649784284901907,2.3649784284901907
2024-11-10 19:00:00,1.8512694652668527,1.8512694652668527
2024-11-10 20:00:00,1.9034301190556713,1.9034301190556713
2024-11-10 21:00:00,1.8905024877344274,1.8905024877344274
2024-11-10 22:00:00,0.0,0.0
2024-11-10 23:00:00,0.0,0.0
2024-11-11 00:00:00,0.0,0.0
2024-11-11 01:00:00,0.0,0.0
2024-11-11 02:00:00,0.0,0.0
2024-11-11 03:00:00,0.0,0.0
2024-11-11 04:00:00,0.0,0.0
2024-11-11 05:00:00,0.0,0.0
2024-11-11 06:00:00,0.0,0.0
2024-11-11 07:00:00,0.0,0.0
2024-11-11 08:00:00,0.0,0.0
2024-11-11 09:00:00,0.0,0.0
2024-11-11 10:00:00,0.0863738143544249,0.0863738143544249
2024-11-11 11:00:00,0.345237412460851,0.345237412460851
2024-11-11 12:00:00,0.7794652585522973,0.7794652585522973
2024-11-11 13:00:00,1.2801068703025587,1.2801068703025587
2024-11-11 14:00:00,1.603254883205749,1.603254883205749
2024-11-11 15:00:00,2.1649981775330187,2.1649981775330187
2024-11-11 16:00:00,2.14170024462889,2.14170024462889
2024-11-11 17:00:00,2.1710274730264367,2.1710274730264367
2024-11-11 18:00:00,2.830031846534429,2.830031846534429
2024-11-11 19:00:00,2.956796463662353,2.956796463662353
2024-11-11 20:00:00,2.967294510243851,2.967294510243851
2024-11-11 21:00:00,2.33068422932103,2.33068422932103
2024-11-11 22:00:00,0.0,0.0
2024-11-11 23:00:00,0.0,0.0
2024-11-12 00:00:00,0.0,0.0
2024-11-12 01:00:00,0.0,0.0
2024-11-12 02:00:00,0.0,0.0
2024-11-12 03:00:00,0.0,0.0
2024-11-12 04:00:00,0.0,0.0
2024-11-12 05:00:00,0.0,0.0
2024-11-12 06:00:00,0.0,0.0
2024-11-12 07:00:00,0.0,0.0
2024-11-12 08:00:00,0.0,0.0
2024-11-12 09:00:00,0.0,0.0
2024-11-12 10:00:00,0.08621650491726984,0.08621650491726984
2024-11-12 11:00:00,0.3855736710047997,0.3855736710047997
2024-11-12 12:00:00,0.8578317933715011,0.8578317933715011
2024-11-12 13:00:00,1.4382215188398817,1.4382215188398817
2024-11-12 14:00:00,1.9073338166602538,1.9073338166602538
2024-11-12 15:00:00,2.259406149196973,2.259406149196973
2024-11-12 16:00:00,2.2106825853747303,2.2106825853747303
2024-11-12 17:00:00,2.8781216006148513,2.8781216006148513
2024-11-12 18:00:00,3.015377056000556,3.015377056000556
2024-11-12 19:00:00,3.103452725025893,3.103452725025893
2024-11-12 20:00:00,2.9450915234705755,2.9450915234705755
2024-11-12 21:00:00,3.0723648067093343,3.0723648067093343
2024-11-12 22:00:00,0.0,0.0
2024-11-12 23:00:00,0.0,0.0
2024-11-13 00:00:00,0.0,0.0
2024-11-13 01:00:00,0.0,0.0
2024-11-13 02:00:00,0.0,0.0
2024-11-13 03:00:00,0.0,0.0
2024-11-13 04:00:00,0.0,0.0
2024-11-13 05:00:00,0.0,0.0
2024-11-13 06:00:00,0.0,0.0
2024-11-13 07:00:00,0.0,0.0
2024-11-13 08:00:00,0.0,0.0
2024-11-13 09:00:00,0.0,0.0
2024-11-13 10:00:00,0.08534988726058505,0.08534988726058505
2024-11-13 11:00:00,0.3515600497561461,0.3515600497561461
2024-11-13 12:00:00,0.6814407159586248,0.6814407159586248
2024-11-13 13:00:00,1.286019263445891,1.286019263445891
2024-11-13 14:00:00,1.449857975536194,1.449857975536194
2024-11-13 15:00:00,1.8760890205391283,1.8760890205391283
2024-11-13 16:00:00,2.6071023796283233,2.6071023796283233
2024-11-13 17:00:00,2.4728465680711214,2.4728465680711214
2024-11-13 18:00:00,3.0638926471628367,3.0638926471628367
2024-11-13 19:00:00,2.6532243085709473,2.6532243085709473
2024-11-13 20:00:00,3.3195652926718395,3.3195652926718395
2024-11-13 21:00:00,2.642561243720869,2.642561243720869
2024-11-13 22:00:00,0.0,0.0
2024-11-13 23:00:00,0.0,0.0
2024-11-14 00:00:00,0.0,0.0
2024-11-14 01:00:00,0.0,0.0
2024-11-14 02:00:00,0.0,0.0
2024-11-14 03:00:00,0.0,0.0
2024-11-14 04:00:00,0.0,0.0
2024-11-14 05:00:00,0.0,0.0
2024-11-14 06:00:00,0.0,0.0
2024-11-14 07:00:00,0.0,0.0
2024-11-14 08:00:00,0.0,0.0
2024-11-14 09:00:00,0.0,0.0
2024-11-14 10:00:00,0.09511721523760377,0.09511721523760377
2024-11-14 11:00:00,0.44441646143173097,0.44441646143173097
2024-11-14 12:00:00,0.8700679678653704,0.8700679678653704
2024-11-14 13:00:00,1.2236249032202815,1.2236249032202815
2024-11-14 14:00:00,1.9354328775561074,1.9354328775561074
2024-11-14 15:00:00,2.155705338853418,2.155705338853418
2024-11-14 16:00:00,2.9940223911625994,2.9940223911625994
2024-11-14 17:00:00,2.3699920041587736,2.3699920041587736
2024-11-14 18:00:00,2.8212809435472432,2.8212809435472432
2024-11-14 19:00:00,3.2788901984088143,3.2788901984088143
2024-11-14 20:00:00,2.888229585943523,2.888229585943523
2024-11-14 21:00:00,3.0016681575545525,3.0016681575545525
2024-11-14 22:00:00,0.0,0.0
2024-11-14 23:00:00,0.0,0.0
2024-11-15 00:00:00,0.0,0.0
2024-11-15 01:00:00,0.0,0.0
2024-11-15 02:00:00,0.0,0.0
2024-11-15 03:00:00,0.0,0.0
2024-11-15 04:00:00,0.0,0.0
2024-11-15 05:00:00,0.0,0.0
2024-11-15 06:00:00,0.0,0.0
2024-11-15 07:00:00,0.0,0.0
2024-11-15 08:00:00,0.0,0.0
2024-11-15 09:00:00,0.0,0.0
2024-11-15 10:00:00,0.12170520221997815,0.12170520221997815
2024-11-15 11:00:00,0.49928578751151587,0.49928578751151587
2024-11-15 12:00:00,0.8999678755709176,0.8999678755709176
2024-11-15 13:00:00,1.5797311868062076,1.5797311868062076
2024-11-15 14:00:00,1.8865442929602299,1.8865442929602299
2024-11-15 15:00:00,2.5507929908907245,2.5507929908907245
2024-11-15 16:00:00,2.493226157240588,2.493226157240588
2024-11-15 17:00:00,3.1423840492144635,3.1423840492144635
2024-11-15 18:00:00,2.96796466600078,2.96796466600078
2024-11-15 19:00:00,3.1394477485277674,3.1394477485277674
2024-11-15 20:00:00,3.0101607078801744,3.0101607078801744
2024-11-15 21:00:00,3.1009882358821685,3.1009882358821685
2024-11-15 22:00:00,0.0,0.0
2024-11-15 23:00:00,0.0,0.0
2024-11-16 00:00:00,0.0,0.0
2024-11-16 01:00:00,0.0,0.0
2024-11-16 02:00:00,0.0,0.0
2024-11-16 03:00:00,0.0,0.0
2024-11-16 04:00:00,0.0,0.0
2024-11-16 05:00:00,0.0,0.0
2024-11-16 06:00:00,0.0,0.0
2024-11-16 07:00:00,0.0,0.0
2024-11-16 08:00:00,0.0,0.0
2024-11-16 09:00:00,0.0,0.0
2024-11-16 10:00:00,0.0748155494593545,0.0748155494593545
2024-11-16 11:00:00,0.3030489467264176,0.3030489467264176
2024-11-16 12:00:00,0.5370811988614341,0.5370811988614341
2024-11-16 13:00:00,0.7934239876035383,0.7934239876035383
2024-11-16 14:00:00,1.1168884094679965,1.1168884094679965
2024-11-16 15:00:00,1.5879008337731435,1.5879008337731435
2024-11-16 16:00:00,1.972750424572889,1.972750424572889
2024-11-16 17:00:00,1.758074069381513,1.758074069381513
2024-11-16 18:00:00,2.323018835837226,2.323018835837226
2024-11-16 19:00:00,1.9592130961029333,1.9592130961029333
2024-11-16 20:00:00,2.0527785379454158,2.0527785379454158
2024-11-16 21:00:00,2.313674876010981,2.313674876010981
2024-11-16 22:00:00,0.0,0.0
2024-11-16 23:00:00,0.0,0.0
2024-11-17 00:00:00,0.0,0.0
2024-11-17 01:00:00,0.0,0.0
2024-11-17 02:00:00,0.0,0.0
2024-11-17 03:00:00,0.0,0.0
2024-11-17 04:00:00,0.0,0.0
2024-11-17 05:00:00,0.0,0.0
2024-11-17 06:00:00,0.0,0.0
2024-11-17 07:00:00,0.0,0.0
2024-11-17 08:00:00,0.0,0.0
2024-11-17 09:00:00,0.0,0.0
2024-11-17 10:00:00,0.0680006550111363,0.0680006550111363
2024-11-17 11:00:00,0.2841587946497086,0.2841587946497086
2024-11-17 12:00:00,0.48534286034376817,0.48534286034376817
2024-11-17 13:00:00,1.0165171315175268,1.0165171315175268
2024-11-17 14:00:00,1.0800745285369533,1.0800745285369533
2024-11-17 15:00:00,1.417299276659473,1.417299276659473
2024-11-17 16:00:00,2.0244272310490476,2.0244272310490476
2024-11-17 17:00:00,1.8097961059988146,1.8097961059988146
2024-11-17 18:00:00,2.5023776124311095,2.5023776124311095
2024-11-17 19:00:00,1.9481525154548704,1.9481525154548704
2024-11-17 20:00:00,2.3280579275492364,2.3280579275492364
2024-11-17 21:00:00,2.3085359392107634,2.3085359392107634
2024-11-17 22:00:00,0.0,0.0
2024-11-17 23:00:00,0.0,0.0
2024-11-18 00:00:00,0.0,0.0
2024-11-18 01:00:00,0.0,0.0
2024-11-18 02:00:00,0.0,0.0
2024-11-18 03:00:00,0.0,0.0
2024-11-18 04:00:00,0.0,0.0
2024-11-18 05:00:00,0.0,0.0
2024-11-18 06:00:00,0.0,0.0
2024-11-18 07:00:00,0.0,0.0
2024-11-18 08:00:00,0.0,0.0
2024-11-18 09:00:00,0.0,0.0
2024-11-18 10:00:00,0.08951141539403715,0.08951141539403715
2024-11-18 11:00:00,0.4042315200034681,0.4042315200034681
2024-11-18 12:00:00,0.8365096814939784,0.8365096814939784
2024-11-18 13:00:00,1.4634431680537368,1.4634431680537368
2024-11-18 14:00:00,1.5058795562339058,1.5058795562339058
2024-11-18 15:00:00,1.8118748822557849,1.8118748822557849
2024-11-18 16:00:00,2.5056698674599,2.5056698674599
2024-11-18 17:00:00,2.2790355544393295,2.2790355544393295
2024-11-18 18:00:00,3.550820105749612,3.550820105749612
2024-11-18 19:00:00,2.9214733763384966,2.9214733763384966
2024-11-18 20:00:00,3.0938881332072468,3.0938881332072468
2024-11-18 21:00:00,2.5963839873046703,2.5963839873046703
2024-11-18 22:00:00,0.0,0.0
2024-11-18 23:00:00,0.0,0.0
2024-11-19 00:00:00,0.0,0.0
2024-11-19 01:00:00,0.0,0.0
2024-11-19 02:00:00,0.0,0.0
2024-11-19 03:00:00,0.0,0.0
2024-11-19 04:00:00,0.0,0.0
2024-11-19 05:00:00,0.0,0.0
2024-11-19 06:00:00,0.0,0.0
2024-11-19 07:00:00,0.0,0.0
2024-11-19 08:00:00,0.0,0.0
2024-11-19 09:00:00,0.0,0.0
2024-11-19 10:00:00,0.11228472868430917,0.11228472868430917
2024-11-19 11:00:00,0.3668329852622348,0.3668329852622348
2024-11-19 12:00:00,0.7831570948333968,0.7831570948333968
2024-11-19 13:00:00,1.1608569336987467,1.1608569336987467
2024-11-19 14:00:00,1.628989270235301,1.628989270235301
2024-11-19 15:00:00,1.808292101018726,1.808292101018726
2024-11-19 16:00:00,2.4377760245141724,2.4377760245141724
2024-11-19 17:00:00,3.00242927478473,3.00242927478473
2024-11-19 18:00:00,2.7317893895221474,2.7317893895221474
2024-11-19 19:00:00,3.3758820361305117,3.3758820361305117
2024-11-19 20:00:00,2.7269045278261452,2.7269045278261452
2024-11-19 21:00:00,2.9081649668002196,2.9081649668002196
2024-11-19 22:00:00,0.0,0.0
2024-11-19 23:00:00,0.0,0.0
2024-11-20 00:00:00,0.0,0.0
2024-11-20 01:00:00,0.0,0.0
2024-11-20 02:00:00,0.0,0.0
2024-11-20 03:00:00,0.0,0.0
2024-11-20 04:00:00,0.0,0.0
2024-11-20 05:00:00,0.0,0.0
2024-11-20 06:00:00,0.0,0.0
2024-11-20 07:00:00,0.0,0.0
2024-11-20 08:00:00,0.0,0.0
2024-11-20 09:00:00,0.0,0.0
2024-11-20 10:00:00,0.08671999566933807,0.08671999566933807
2024-11-20 11:00:00,0.4344460916704312,0.4344460916704312
2024-11-20 12:00:00,0.797007214515498,0.797007214515498
2024-11-20 13:00:00,1.1027058263584246,1.1027058263584246
2024-11-20 14:00:00,1.8239175290148673,1.8239175290148673
2024-11-20 15:00:00,2.0072873735813648,2.0072873735813648
2024-11-20 16:00:00,2.3472499925510024,2.3472499925510024
2024-11-20 17:00:00,2.3894342632625207,2.3894342632625207
2024-11-20 18:00:00,3.1818944711624626,3.1818944711624626
2024-11-20 19:00:00,2.764175363166487,2.764175363166487
2024-11-20 20:00:00,3.010942211322944,3.010942211322944
2024-11-20 21:00:00,2.8871920934046105,2.8871920934046105
2024-11-20 22:00:00,0.0,0.0
2024-11-20 23:00:00,0.0,0.0
2024-11-21 00:00:00,0.0,0.0
2024-11-21 01:00:00,0.0,0.0
2024-11-21 02:00:00,0.0,0.0
2024-11-21 03:00:00,0.0,0.0
2024-11-21 04:00:00,0.0,0.0
2024-11-21 05:00:00,0.0,0.0
2024-11-21 06:00:00,0.0,0.0
2024-11-21 07:00:00,0.0,0.0
2024-11-21 08:00:00,0.0,0.0
2024-11-21 09:00:00,0.0,0.0
2024-11-21 10:00:00,0.09812666725930277,0.09812666725930277
2024-11-21 11:00:00,0.34179050298454516,0.34179050298454516
2024-11-21 12:00:00,0.8333797416308981,0.8333797416308981
2024-11-21 13:00:00,1.215260531794004,1.215260531794004
2024-11-21 14:00:00,1.5574557379956295,1.5574557379956295
2024-11-21 15:00:00,1.878195416902973,1.878195416902973
2024-11-21 16:00:00,2.3874475903173042,2.3874475903173042
2024-11-21 17:00:00,2.424136108684483,2.424136108684483
2024-11-21 18:00:00,3.176871645745028,3.176871645745028
2024-11-21 19:00:00,3.0410954024993417,3.0410954024993417
2024-11-21 20:00:00,2.8170319725217325,2.8170319725217325
2024-11-21 21:00:00,2.559325260171236,2.559325260171236
2024-11-21 22:00:00,0.0,0.0
2024-11-21 23:00:00,0.0,0.0
2024-11-22 00:00:00,0.0,0.0
2024-11-22 01:00:00,0.0,0.0
2024-11-22 02:00:00,0.0,0.0
2024-11-22 03:00:00,0.0,0.0
2024-11-22 04:00:00,0.0,0.0
2024-11-22 05:00:00,0.0,0.0
2024-11-22 06:00:00,0.0,0.0
2024-11-22 07:00:00,0.0,0.0
2024-11-22 08:00:00,0.0,0.0
2024-11-22 09:00:00,0.0,0.0
2024-11-22 10:00:00,0.10126738801687254,0.10126738801687254
2024-11-22 11:00:00,0.3759062718821185,0.3759062718821185
2024-11-22 12:00:00,0.7295573474440661,0.7295573474440661
2024-11-22 13:00:00,1.277481428380731,1.277481428380731
2024-11-22 14:00:00,1.8086249421772245,1.8086249421772245
2024-11-22 15:00:00,2.2076200138669844,2.2076200138669844
2024-11-22 16:00:00,3.0122263486233773,3.0122263486233773
2024-11-22 17:00:00,2.3953398039709772,2.3953398039709772
2024-11-22 18:00:00,3.077176120885127,3.077176120885127
2024-11-22 19:00:00,3.489332637203942,3.489332637203942
2024-11-22 20:00:00,3.3167334140908316,3.3167334140908316
2024-11-22 21:00:00,2.9772335815673006,2.9772335815673006
2024-11-22 22:00:00,0.0,0.0
2024-11-22 23:00:00,0.0,0.0
2024-11-23 00:00:00,0.0,0.0
2024-11-23 01:00:00,0.0,0.0
2024-11-23 02:00:00,0.0,0.0
2024-11-23 03:00:00,0.0,0.0
2024-11-23 04:00:00,0.0,0.0
2024-11-23 05:00:00,0.0,0.0
2024-11-23 06:00:00,0.0,0.0
2024-11-23 07:00:00,0.0,0.0
2024-11-23 08:00:00,0.0,0.0
2024-11-23 09:00:00,0.0,0.0
2024-11-23 10:00:00,0.07072951200903645,0.07072951200903645
2024-11-23 11:00:00,0.2935511830038118,0.2935511830038118
2024-11-23 12:00:00,0.6087212424172819,0.6087212424172819
2024-11-23 13:00:00,1.065238117602464,1.065238117602464
2024-11-23 14:00:00,1.3324081859686079,1.3324081859686079
2024-11-23 15:00:00,1.7028621092485932,1.7028621092485932
2024-11-23 16:00:00,1.7186227300093022,1.7186227300093022
2024-11-23 17:00:00,2.1866527835807474,2.1866527835807474
2024-11-23 18:00:00,2.6287249878197265,2.6287249878197265
2024-11-23 19:00:00,2.271344086623285,2.271344086623285
2024-11-23 20:00:00,2.400604126583527,2.400604126583527
2024-11-23 21:00:00,1.9523417333466235,1.9523417333466235
2024-11-23 22:00:00,0.0,0.0
2024-11-23 23:00:00,0.0,0.0
2024-11-24 00:00:00,0.0,0.0
2024-11-24 01:00:00,0.0,0.0
2024-11-24 02:00:00,0.0,0.0
2024-11-24 03:00:00,0.0,0.0
2024-11-24 04:00:00,0.0,0.0
2024-11-24 05:00:00,0.0,0.0
2024-11-24 06:00:00,0.0,0.0
2024-11-24 07:00:00,0.0,0.0
2024-11-24 08:00:00,0.0,0.0
2024-11-24 09:00:00,0.0,0.0
2024-11-24 10:00:00,0.07405451009124465,0.07405451009124465
2024-11-24 11:00:00,0.27925723752514675,0.27925723752514675
2024-11-24 12:00:00,0.5343630011124432,0.5343630011124432
2024-11-24 13:00:00,0.7937397041990658,0.7937397041990658
2024-11-24 14:00:00,0.9721199846639383,0.9721199846639383
2024-11-24 15:00:00,1.502926252851107,1.502926252851107
2024-11-24 16:00:00,1.752687199074547,1.752687199074547
2024-11-24 17:00:00,1.6670568480798036,1.6670568480798036
2024-11-24 18:00:00,2.261842298359185,2.261842298359185
2024-11-24 19:00:00,1.8789865938590136,1.8789865938590136
2024-11-24 20:00:00,2.2149566009091797,2.2149566009091797
2024-11-24 21:00:00,1.7873391465924475,1.7873391465924475
2024-11-24 22:00:00,0.0,0.0
2024-11-24 23:00:00,0.0,0.0
2024-11-25 00:00:00,0.0,0.0
2024-11-25 01:00:00,0.0,0.0
2024-11-25 02:00:00,0.0,0.0
2024-11-25 03:00:00,0.0,0.0
2024-11-25 04:00:00,0.0,0.0
2024-11-25 05:00:00,0.0,0.0
2024-11-25 06:00:00,0.0,0.0
2024-11-25 07:00:00,0.0,0.0
2024-11-25 08:00:00,0.0,0.0
2024-11-25 09:00:00,0.0,0.0
2024-11-25 10:00:00,0.10398908968958583,0.10398908968958583
2024-11-25 11:00:00,0.3803811500402703,0.3803811500402703
2024-11-25 12:00:00,0.7734712894202703,0.7734712894202703
2024-11-25 13:00:00,1.1787166959428241,1.1787166959428241
2024-11-25 14:00:00,1.3806779076309783,1.3806779076309783
2024-11-25 15:00:00,2.198857774779706,2.198857774779706
2024-11-25 16:00:00,2.8002456236978293,2.8002456236978293
2024-11-25 17:00:00,2.334372324799644,2.334372324799644
2024-11-25 18:00:00,3.3330270538292432,3.3330270538292432
2024-11-25 19:00:00,2.550747277708961,2.550747277708961
2024-11-25 20:00:00,2.6022293317901455,2.6022293317901455
2024-11-25 21:00:00,2.336918274547835,2.336918274547835
2024-11-25 22:00:00,0.0,0.0
2024-11-25 23:00:00,0.0,0.0
2024-11-26 00:00:00,0.0,0.0
2024-11-26 01:00:00,0.0,0.0
2024-11-26 02:00:00,0.0,0.0
2024-11-26 03:00:00,0.0,0.0
2024-11-26 04:00:00,0.0,0.0
2024-11-26 05:00:00,0.0,0.0
2024-11-26 06:00:00,0.0,0.0
2024-11-26 07:00:00,0.0,0.0
2024-11-26 08:00:00,0.0,0.0
2024-11-26 09:00:00,0.0,0.0
2024-11-26 10:00:00,0.08517084028700132,0.08517084028700132
2024-11-26 11:00:00,0.4382785838769854,0.4382785838769854
2024-11-26 12:00:00,0.8795831921480083,0.8795831921480083
2024-11-26 13:00:00,1.35776944689072,1.35776944689072
2024-11-26 14:00:00,1.9133609601255024,1.9133609601255024
2024-11-26 15:00:00,2.30615508270053,2.30615508270053
2024-11-26 16:00:00,2.33782907039441,2.33782907039441
2024-11-26 17:00:00,2.7462837847385124,2.7462837847385124
2024-11-26 18:00:00,2.9640755355501462,2.9640755355501462
2024-11-26 19:00:00,2.9790339153242176,2.9790339153242176
2024-11-26 20:00:00,2.7485918918230943,2.7485918918230943
2024-11-26 21:00:00,3.2316511925219427,3.2316511925219427
2024-11-26 22:00:00,0.0,0.0
2024-11-26 23:00:00,0.0,0.0
2024-11-27 00:00:00,0.0,0.0
2024-11-27 01:00:00,0.0,0.0
2024-11-27 02:00:00,0.0,0.0
2024-11-27 03:00:00,0.0,0.0
2024-11-27 04:00:00,0.0,0.0
2024-11-27 05:00:00,0.0,0.0
2024-11-27 06:00:00,0.0,0.0
2024-11-27 07:00:00,0.0,0.0
2024-11-27 08:00:00,0.0,0.0
2024-11-27 09:00:00,0.0,0.0
2024-11-27 10:00:00,0.09399759200130865,0.09399759200130865
2024-11-27 11:00:00,0.44662003972974423,0.44662003972974423
2024-11-27 12:00:00,0.7384551600132109,0.7384551600132109
2024-11-27 13:00:00,1.1906390406105023,1.1906390406105023
2024-11-27 14:00:00,1.793145022511928,1.793145022511928
2024-11-27 15:00:00,2.3043808918705566,2.3043808918705566
2024-11-27 16:00:00,2.530015889877312,2.530015889877312
2024-11-27 17:00:00,2.1791833591715037,2.1791833591715037
2024-11-27 18:00:00,3.26411506452952,3.26411506452952
2024-11-27 19:00:00,2.9002318525413933,2.9002318525413933
2024-11-27 20:00:00,3.2082391312283187,3.2082391312283187
2024-11-27 21:00:00,2.6276018093167144,2.6276018093167144
2024-11-27 22:00:00,0.0,0.0
2024-11-27 23:00:00,0.0,0.0
2024-11-28 00:00:00,0.0,0.0
2024-11-28 01:00:00,0.0,0.0
2024-11-28 02:00:00,0.0,0.0
2024-11-28 03:00:00,0.0,0.0
2024-11-28 04:00:00,0.0,0.0
2024-11-28 05:00:00,0.0,0.0
2024-11-28 06:00:00,0.0,0.0
2024-11-28 07:00:00,0.0,0.0
2024-11-28 08:00:00,0.0,0.0
2024-11-28 09:00:00,0.0,0.0
2024-11-28 10:00:00,0.09779180827343094,0.09779180827343094
2024-11-28 11:00:00,0.3646596070715759,0.3646596070715759
2024-11-28 12:00:00,0.7788054578692283,0.7788054578692283
2024-11-28 13:00:00,1.253509761918487,1.253509761918487
2024-11-28 14:00:00,1.811045126436476,1.811045126436476
2024-11-28 15:00:00,2.4422750524376937,2.4422750524376937
2024-11-28 16:00:00,3.040736240371572,3.040736240371572
2024-11-28 17:00:00,2.571793834050278,2.571793834050278
2024-11-28 18:00:00,3.23041175050273,3.23041175050273
2024-11-28 19:00:00,2.737601851145446,2.737601851145446
2024-11-28 20:00:00,3.3011994028794844,3.3011994028794844
2024-11-28 21:00:00,2.6139635206062986,2.6139635206062986
2024-11-28 22:00:00,0.0,0.0
2024-11-28 23:00:00,0.0,0.0
2024-11-29 00:00:00,0.0,0.0
2024-11-29 01:00:00,0.0,0.0
2024-11-29 02:00:00,0.0,0.0
2024-11-29 03:00:00,0.0,0.0
2024-11-29 04:00:00,0.0,0.0
2024-11-29 05:00:00,0.0,0.0
2024-11-29 06:00:00,0.0,0.0
2024-11-29 07:00:00,0.0,0.0
2024-11-29 08:00:00,0.0,0.0
2024-11-29 09:00:00,0.0,0.0
2024-11-29 10:00:00,0.10296969467228068,0.10296969467228068
2024-11-29 11:00:00,0.3393306303101447,0.3393306303101447
2024-11-29 12:00:00,0.7260438176544279,0.7260438176544279
2024-11-29 13:00:00,1.3329717666591403,1.3329717666591403
2024-11-29 14:00:00,1.4542291757445234,1.4542291757445234
2024-11-29 15:00:00,2.0044113408892374,2.0044113408892374
2024-11-29 16:00:00,2.606508809132515,2.606508809132515
2024-11-29 17:00:00,2.365709513782213,2.365709513782213
2024-11-29 18:00:00,3.287743756646228,3.287743756646228
2024-11-29 19:00:00,2.8891883040554975,2.8891883040554975
2024-11-29 20:00:00,3.0633565752944683,3.0633565752944683
2024-11-29 21:00:00,2.4309180996595128,2.4309180996595128
2024-11-29 22:00:00,0.0,0.0
2024-11-29 23:00:00,0.0,0.0
2024-11-30 00:00:00,0.0,0.0
2024-11-30 01:00:00,0.0,0.0
2024-11-30 02:00:00,0.0,0.0
2024-11-30 03:00:00,0.0,0.0
2024-11-30 04:00:00,0.0,0.0
2024-11-30 05:00:00,0.0,0.0
2024-11-30 06:00:00,0.0,0.0
2024-11-30 07:00:00,0.0,0.0
2024-11-30 08:00:00,0.0,0.0
2024-11-30 09:00:00,0.0,0.0
2024-11-30 10:00:00,0.08247151783162901,0.08247151783162901
2024-11-30 11:00:00,0.30043359003879117,0.30043359003879117
2024-11-30 12:00:00,0.5653210630378572,0.5653210630378572
2024-11-30 13:00:00,0.9939723345063978,0.9939723345063978
2024-11-30 14:00:00,1.4535486903601669,1.4535486903601669
2024-11-30 15:00:00,1.367128032370067,1.367128032370067
2024-11-30 16:00:00,2.096540589554663,2.096540589554663
2024-11-30 17:00:00,1.8458190690876057,1.8458190690876057
2024-11-30 18:00:00,2.0782117273212197,2.0782117273212197
2024-11-30 19:00:00,2.2086257023242353,2.2086257023242353
2024-11-30 20:00:00,2.3512012487514222,2.3512012487514222
2024-11-30 21:00:00,1.9507291836481504,1.9507291836481504
2024-11-30 22:00:00,0.0,0.0
2024-11-30 23:00:00,0.0,0.0
2024-12-01 00:00:00,0.0,0.0
2024-12-01 01:00:00,0.0,0.0
2024-12-01 02:00:00,0.0,0.0
2024-12-01 03:00:00,0.0,0.0
2024-12-01 04:00:00,0.0,0.0
2024-12-01 05:00:00,0.0,0.0
2024-12-01 06:00:00,0.0,0.0
2024-12-01 07:00:00,0.0,0.0
2024-12-01 08:00:00,0.0,0.0
2024-12-01 09:00:00,0.0,0.0
2024-12-01 10:00:00,0.0803508939100756,0.0803508939100756
2024-12-01 11:00:00,0.29563663119639827,0.29563663119639827
2024-12-01 12:00:00,0.5498368767290828,0.5498368767290828
2024-12-01 13:00:00,0.9534538087693136,0.9534538087693136
2024-12-01 14:00:00,1.275517051191208,1.275517051191208
2024-12-01 15:00:00,1.4461882251994287,1.4461882251994287
2024-12-01 16:00:00,1.8312187484931557,1.8312187484931557
2024-12-01 17:00:00,1.9686162558319154,1.9686162558319154
2024-12-01 18:00:00,1.9484666356609264,1.9484666356609264
2024-12-01 19:00:00,2.1875539513223963,2.1875539513223963
2024-12-01 20:00:00,2.2462617756989136,2.2462617756989136
2024-12-01 21:00:00,2.2023306733451604,2.2023306733451604
2024-12-01 22:00:00,0.0,0.0
2024-12-01 23:00:00,0.0,0.0
2024-12-02 00:00:00,0.0,0.0
2024-12-02 01:00:00,0.0,0.0
2024-12-02 02:00:00,0.0,0.0
2024-12-02 03:00:00,0.0,0.0
2024-12-02 04:00:00,0.0,0.0
2024-12-02 05:00:00,0.0,0.0
2024-12-02 06:00:00,0.0,0.0
2024-12-02 07:00:00,0.0,0.0
2024-12-02 08:00:00,0.0,0.0
2024-12-02 09:00:00,0.0,0.0
2024-12-02 10:00:00,0.0995077749756466,0.0995077749756466
2024-12-02 11:00:00,0.42473109237463214,0.42473109237463214
2024-12-02 12:00:00,0.7454103428946351,0.7454103428946351
2024-12-02 13:00:00,1.1591219339418772,1.1591219339418772
2024-12-02 14:00:00,1.885551412617752,1.885551412617752
2024-12-02 15:00:00,2.3632257421469953,2.3632257421469953
2024-12-02 16:00:00,2.912638609771801,2.912638609771801
2024-12-02 17:00:00,2.49459369292717,2.49459369292717
2024-12-02 18:00:00,2.7866417713385423,2.7866417713385423
2024-12-02 19:00:00,2.8552733850424796,2.8552733850424796
2024-12-02 20:00:00,3.4543615259998384,3.4543615259998384
2024-12-02 21:00:00,3.0269881811572743,3.0269881811572743
2024-12-02 22:00:00,0.0,0.0
2024-12-02 23:00:00,0.0,0.0
2024-12-03 00:00:00,0.0,0.0
2024-12-03 01:00:00,0.0,0.0
2024-12-03 02:00:00,0.0,0.0
2024-12-03 03:00:00,0.0,0.0
2024-12-03 04:00:00,0.0,0.0
2024-12-03 05:00:00,0.0,0.0
2024-12-03 06:00:00,0.0,0.0
2024-12-03 07:00:00,0.0,0.0
2024-12-03 08:00:00,0.0,0.0
2024-12-03 09:00:00,0.0,0.0
2024-12-03 10:00:00,0.09805416996777362,0.09805416996777362
2024-12-03 11:00:00,0.44874958239488694,0.44874958239488694
2024-12-03 12:00:00,0.9072530843037881,0.9072530843037881
2024-12-03 13:00:00,1.2035495547148871,1.2035495547148871
2024-12-03 14:00:00,1.8704628293343304,1.8704628293343304
2024-12-03 15:00:00,1.984369592041639,1.984369592041639
2024-12-03 16:00:00,2.5138327426233404,2.5138327426233404
2024-12-03 17:00:00,2.5810547786040927,2.5810547786040927
2024-12-03 18:00:00,3.5534756323842354,3.5534756323842354
2024-12-03 19:00:00,2.6435475144423575,2.6435475144423575
2024-12-03 20:00:00,3.09938120102886,3.09938120102886
2024-12-03 21:00:00,3.0770574575065797,3.0770574575065797
2024-12-03 22:00:00,0.0,0.0
2024-12-03 23:00:00,0.0,0.0
2024-12-04 00:00:00,0.0,0.0
2024-12-04 01:00:00,0.0,0.0
2024-12-04 02:00:00,0.0,0.0
2024-12-04 03:00:00,0.0,0.0
2024-12-04 04:00:00,0.0,0.0
2024-12-04 05:00:00,0.0,0.0
2024-12-04 06:00:00,0.0,0.0
2024-12-04 07:00:00,0.0,0.0
2024-12-04 08:00:00,0.0,0.0
2024-12-04 09:00:00,0.0,0.0
2024-12-04 10:00:00,0.11326393832099221,0.11326393832099221
2024-12-04 11:00:00,0.46477022935270845,0.46477022935270845
2024-12-04 12:00:00,0.9530507881378573,0.9530507881378573
2024-12-04 13:00:00,1.5041076416962396,1.5041076416962396
2024-12-04 14:00:00,1.8691419044173148,1.8691419044173148
2024-12-04 15:00:00,2.193500787527993,2.193500787527993
2024-12-04 16:00:00,2.864049950376267,2.864049950376267
2024-12-04 17:00:00,2.874533221775115,2.874533221775115
2024-12-04 18:00:00,3.3074086810535204,3.3074086810535204
2024-12-04 19:00:00,3.272808567168684,3.272808567168684
2024-12-04 20:00:00,3.7149511086260385,3.7149511086260385
2024-12-04 21:00:00,3.0662392521156234,3.0662392521156234
2024-12-04 22:00:00,0.0,0.0
2024-12-04 23:00:00,0.0,0.0
2024-12-05 00:00:00,0.0,0.0
2024-12-05 01:00:00,0.0,0.0
2024-12-05 02:00:00,0.0,0.0
2024-12-05 03:00:00,0.0,0.0
2024-12-05 04:00:00,0.0,0.0
2024-12-05 05:00:00,0.0,0.0
2024-12-05 06:00:00,0.0,0.0
2024-12-05 07:00:00,0.0,0.0
2024-12-05 08:00:00,0.0,0.0
2024-12-05 09:00:00,0.0,0.0
2024-12-05 10:00:00,0.10656885967769708,0.10656885967769708
2024-12-05 11:00:00,0.33525875900993385,0.33525875900993385
2024-12-05 12:00:00,0.8186612320810324,0.8186612320810324
2024-12-05 13:00:00,1.3286495370479097,1.3286495370479097
2024-12-05 14:00:00,1.4807436366331577,1.4807436366331577
2024-12-05 15:00:00,2.227970660933435,2.227970660933435
2024-12-05 16:00:00,2.4164538506668634,2.4164538506668634
2024-12-05 17:00:00,2.7713610528441497,2.7713610528441497
2024-12-05 18:00:00,3.0957302102685955,3.0957302102685955
2024-12-05 19:00:00,2.9139000059108144,2.9139000059108144
2024-12-05 20:00:00,2.659380309164521,2.659380309164521
2024-12-05 21:00:00,3.074494621465241,3.074494621465241
2024-12-05 22:00:00,0.0,0.0
2024-12-05 23:00:00,0.0,0.0
2024-12-06 00:00:00,0.0,0.0
2024-12-06 01:00:00,0.0,0.0
2024-12-06 02:00:00,0.0,0.0
2024-12-06 03:00:00,0.0,0.0
2024-12-06 04:00:00,0.0,0.0
2024-12-06 05:00:00,0.0,0.0
2024-12-06 06:00:00,0.0,0.0
2024-12-06 07:00:00,0.0,0.0
2024-12-06 08:00:00,0.0,0.0
2024-12-06 09:00:00,0.0,0.0
2024-12-06 10:00:00,0.09062511146938462,0.09062511146938462
2024-12-06 11:00:00,0.3684526231872798,0.3684526231872798
2024-12-06 12:00:00,0.816331708791777,0.816331708791777
2024-12-06 13:00:00,1.1559789235991769,1.1559789235991769
2024-12-06 14:00:00,1.579134321777335,1.579134321777335
2024-12-06 15:00:00,2.125770199169695,2.125770199169695
2024-12-06 16:00:00,2.1354001855814713,2.1354001855814713
2024-12-06 17:00:00,2.406576333057732,2.406576333057732
2024-12-06 18:00:00,2.526700751122143,2.526700751122143
2024-12-06 19:00:00,2.8575987326984036,2.8575987326984036
2024-12-06 20:00:00,2.7143350943098357,2.7143350943098357
2024-12-06 21:00:00,2.977558827601211,2.977558827601211
2024-12-06 22:00:00,0.0,0.0
2024-12-06 23:00:00,0.0,0.0
2024-12-07 00:00:00,0.0,0.0
2024-12-07 01:00:00,0.0,0.0
2024-12-07 02:00:00,0.0,0.0
2024-12-07 03:00:00,0.0,0.0
2024-12-07 04:00:00,0.0,0.0
2024-12-07 05:00:00,0.0,0.0
2024-12-07 06:00:00,0.0,0.0
2024-12-07 07:00:00,0.0,0.0
2024-12-07 08:00:00,0.0,0.0
2024-12-07 09:00:00,0.0,0.0
2024-12-07 10:00:00,0.06441878928844331,0.06441878928844331
2024-12-07 11:00:00,0.33924100591938877,0.33924100591938877
2024-12-07 12:00:00,0.5144491448140421,0.5144491448140421
2024-12-07 13:00:00,0.8983689229131734,0.8983689229131734
2024-12-07 14:00:00,1.1383387318561986,1.1383387318561986
2024-12-07 15:00:00,1.3027781568726415,1.3027781568726415
2024-12-07 16:00:00,1.8206028003506285,1.8206028003506285
2024-12-07 17:00:00,2.197713922047161,2.197713922047161
2024-12-07 18:00:00,2.2154743528799,2.2154743528799
2024-12-07 19:00:00,2.24312762508855,2.24312762508855
2024-12-07 20:00:00,2.4647828318341487,2.4647828318341487
2024-12-07 21:00:00,2.151724759786481,2.151724759786481
2024-12-07 22:00:00,0.0,0.0
2024-12-07 23:00:00,0.0,0.0
2024-12-08 00:00:00,0.0,0.0
2024-12-08 01:00:00,0.0,0.0
2024-12-08 02:00:00,0.0,0.0
2024-12-08 03:00:00,0.0,0.0
2024-12-08 04:00:00,0.0,0.0
2024-12-08 05:00:00,0.0,0.0
2024-12-08 06:00:00,0.0,0.0
2024-12-08 07:00:00,0.0,0.0
2024-12-08 08:00:00,0.0,0.0
2024-12-08 09:00:00,0.0,0.0
2024-12-08 10:00:00,0.06524704426504069,0.06524704426504069
2024-12-08 11:00:00,0.321699893583508,0.321699893583508
2024-12-08 12:00:00,0.5214609045299072,0.5214609045299072
2024-12-08 13:00:00,0.9153943470238094,0.9153943470238094
2024-12-08 14:00:00,1.1711330120673213,1.1711330120673213
2024-12-08 15:00:00,1.658602831192227,1.658602831192227
2024-12-08 16:00:00,1.8437488016306838,1.8437488016306838
2024-12-08 17:00:00,1.9735825998252112,1.9735825998252112
2024-12-08 18:00:00,2.4531475422277587,2.4531475422277587
2024-12-08 19:00:00,2.2546906638654662,2.2546906638654662
2024-12-08 20:00:00,2.521014867325756,2.521014867325756
2024-12-08 21:00:00,2.240521356708124,2.240521356708124
2024-12-08 22:00:00,0.0,0.0
2024-12-08 23:00:00,0.0,0.0
2024-12-09 00:00:00,0.0,0.0
2024-12-09 01:00:00,0.0,0.0
2024-12-09 02:00:00,0.0,0.0
2024-12-09 03:00:00,0.0,0.0
2024-12-09 04:00:00,0.0,0.0
2024-12-09 05:00:00,0.0,0.0
2024-12-09 06:00:00,0.0,0.0
2024-12-09 07:00:00,0.0,0.0
2024-12-09 08:00:00,0.0,0.0
2024-12-09 09:00:00,0.0,0.0
2024-12-09 10:00:00,0.08913006667112051,0.08913006667112051
2024-12-09 11:00:00,0.40203126739652434,0.40203126739652434
2024-12-09 12:00:00,0.7944065214983912,0.7944065214983912
2024-12-09 13:00:00,1.3824503628691602,1.3824503628691602
2024-12-09 14:00:00,1.7366028268526674,1.7366028268526674
2024-12-09 15:00:00,1.8077439528514696,1.8077439528514696
2024-12-09 16:00:00,2.936380958956803,2.936380958956803
2024-12-09 17:00:00,2.601916421436238,2.601916421436238
2024-12-09 18:00:00,2.7824024658571154,2.7824024658571154
2024-12-09 19:00:00,3.320842793525586,3.320842793525586
2024-12-09 20:00:00,3.2963395645532727,3.2963395645532727
2024-12-09 21:00:00,3.034007505147087,3.034007505147087
2024-12-09 22:00:00,0.0,0.0
2024-12-09 23:00:00,0.0,0.0
2024-12-10 00:00:00,0.0,0.0
2024-12-10 01:00:00,0.0,0.0
2024-12-10 02:00:00,0.0,0.0
2024-12-10 03:00:00,0.0,0.0
2024-12-10 04:00:00,0.0,0.0
2024-12-10 05:00:00,0.0,0.0
2024-12-10 06:00:00,0.0,0.0
2024-12-10 07:00:00,0.0,0.0
2024-12-10 08:00:00,0.0,0.0
2024-12-10 09:00:00,0.0,0.0
2024-12-10 10:00:00,0.10703843398522685,0.10703843398522685
2024-12-10 11:00:00,0.42821267212294695,0.42821267212294695
2024-12-10 12:00:00,0.6963895367102534,0.6963895367102534
2024-12-10 13:00:00,1.1771354939852654,1.1771354939852654
2024-12-10 14:00:00,1.797319601483795,1.797319601483795
2024-12-10 15:00:00,2.1442782895934176,2.1442782895934176
2024-12-10 16:00:00,2.7958777075208086,2.7958777075208086
2024-12-10 17:00:00,2.387252265593763,2.387252265593763
2024-12-10 18:00:00,3.411418775534072,3.411418775534072
2024-12-10 19:00:00,3.4793202180216305,3.4793202180216305
2024-12-10 20:00:00,3.2481578832252924,3.2481578832252924
2024-12-10 21:00:00,2.645288392421967,2.645288392421967
2024-12-10 22:00:00,0.0,0.0
2024-12-10 23:00:00,0.0,0.0
2024-12-11 00:00:00,0.0,0.0
2024-12-11 01:00:00,0.0,0.0
2024-12-11 02:00:00,0.0,0.0
2024-12-11 03:00:00,0.0,0.0
2024-12-11 04:00:00,0.0,0.0
2024-12-11 05:00:00,0.0,0.0
2024-12-11 06:00:00,0.0,0.0
2024-12-11 07:00:00,0.0,0.0
2024-12-11 08:00:00,0.0,0.0
2024-12-11 09:00:00,0.0,0.0
2024-12-11 10:00:00,0.08396006848520829,0.08396006848520829
2024-12-11 11:00:00,0.3589355382124763,0.3589355382124763
2024-12-11 12:00:00,0.7302904969592957,0.7302904969592957
2024-12-11 13:00:00,1.027025308346351,1.027025308346351
2024-12-11 14:00:00,1.4599632319075952,1.4599632319075952
2024-12-11 15:00:00,2.175007826575716,2.175007826575716
2024-12-11 16:00:00,2.07440842115261,2.07440842115261
2024-12-11 17:00:00,2.2576088363535707,2.2576088363535707
2024-12-11 18:00:00,2.7307927432157935,2.7307927432157935
2024-12-11 19:00:00,2.6786748524474353,2.6786748524474353
2024-12-11 20:00:00,3.005569298267666,3.005569298267666
2024-12-11 21:00:00,2.43017963442682,2.43017963442682
2024-12-11 22:00:00,0.0,0.0
2024-12-11 23:00:00,0.0,0.0
2024-12-12 00:00:00,0.0,0.0
2024-12-12 01:00:00,0.0,0.0
2024-12-12 02:00:00,0.0,0.0
2024-12-12 03:00:00,0.0,0.0
2024-12-12 04:00:00,0.0,0.0
2024-12-12 05:00:00,0.0,0.0
2024-12-12 06:00:00,0.0,0.0
2024-12-12 07:00:00,0.0,0.0
2024-12-12 08:00:00,0.0,0.0
2024-12-12 09:00:00,0.0,0.0
2024-12-12 10:00:00,0.08952569040957273,0.08952569040957273
2024-12-12 11:00:00,0.45121853358782665,0.45121853358782665
2024-12-12 12:00:00,0.8629150882801092,0.8629150882801092
2024-12-12 13:00:00,1.1121496650069558,1.1121496650069558
2024-12-12 14:00:00,1.732212523912622,1.732212523912622
2024-12-12 15:00:00,1.9842632545904908,1.9842632545904908
2024-12-12 16:00:00,2.679209673914403,2.679209673914403
2024-12-12 17:00:00,2.603793314106732,2.603793314106732
2024-12-12 18:00:00,3.415707252618263,3.415707252618263
2024-12-12 19:00:00,2.5633398707559296,2.5633398707559296
2024-12-12 20:00:00,2.882417383057679,2.882417383057679
2024-12-12 21:00:00,3.1928509655737543,3.1928509655737543
2024-12-12 22:00:00,0.0,0.0
2024-12-12 23:00:00,0.0,0.0
2024-12-13 00:00:00,0.0,0.0
2024-12-13 01:00:00,0.0,0.0
2024-12-13 02:00:00,0.0,0.0
2024-12-13 03:00:00,0.0,0.0
2024-12-13 04:00:00,0.0,0.0
2024-12-13 05:00:00,0.0,0.0
2024-12-13 06:00:00,0.0,0.0
2024-12-13 07:00:00,0.0,0.0
2024-12-13 08:00:00,0.0,0.0
2024-12-13 09:00:00,0.0,0.0
2024-12-13 10:00:00,0.11274922347271496,0.11274922347271496
2024-12-13 11:00:00,0.3951891842599836,0.3951891842599836
2024-12-13 12:00:00,0.713592371340955,0.713592371340955
2024-12-13 13:00:00,1.5165390068542355,1.5165390068542355
2024-12-13 14:00:00,1.797251725917477,1.797251725917477
2024-12-13 15:00:00,2.0664177664197747,2.0664177664197747
2024-12-13 16:00:00,2.3464174640138507,2.3464174640138507
2024-12-13 17:00:00,2.3611004277544105,2.3611004277544105
2024-12-13 18:00:00,3.6076021808892733,3.6076021808892733
2024-12-13 19:00:00,3.184605206890388,3.184605206890388
2024-12-13 20:00:00,2.9292135376935335,2.9292135376935335
2024-12-13 21:00:00,2.8936745692192503,2.8936745692192503
2024-12-13 22:00:00,0.0,0.0
2024-12-13 23:00:00,0.0,0.0
2024-12-14 00:00:00,0.0,0.0
2024-12-14 01:00:00,0.0,0.0
2024-12-14 02:00:00,0.0,0.0
2024-12-14 03:00:00,0.0,0.0
2024-12-14 04:00:00,0.0,0.0
2024-12-14 05:00:00,0.0,0.0
2024-12-14 06:00:00,0.0,0.0
2024-12-14 07:00:00,0.0,0.0
2024-12-14 08:00:00,0.0,0.0
2024-12-14 09:00:00,0.0,0.0
2024-12-14 10:00:00,0.059921922904193174,0.059921922904193174
2024-12-14 11:00:00,0.30002413217507223,0.30002413217507223
2024-12-14 12:00:00,0.572716220826728,0.572716220826728
2024-12-14 13:00:00,0.7620675745306305,0.7620675745306305
2024-12-14 14:00:00,0.9974140179294978,0.9974140179294978
2024-12-14 15:00:00,1.2831898250127565,1.2831898250127565
2024-12-14 16:00:00,1.5442652989871872,1.5442652989871872
2024-12-14 17:00:00,1.7944253045487226,1.7944253045487226
2024-12-14 18:00:00,1.8521345005365848,1.8521345005365848
2024-12-14 19:00:00,2.257814897757968,2.257814897757968
2024-12-14 20:00:00,2.1163980137475313,2.1163980137475313
2024-12-14 21:00:00,2.0920043792841696,2.0920043792841696
2024-12-14 22:00:00,0.0,0.0
2024-12-14 23:00:00,0.0,0.0
2024-12-15 00:00:00,0.0,0.0
2024-12-15 01:00:00,0.0,0.0
2024-12-15 02:00:00,0.0,0.0
2024-12-15 03:00:00,0.0,0.0
2024-12-15 04:00:00,0.0,0.0
2024-12-15 05:00:00,0.0,0.0
2024-12-15 06:00:00,0.0,0.0
2024-12-15 07:00:00,0.0,0.0
2024-12-15 08:00:00,0.0,0.0
2024-12-15 09:00:00,0.0,0.0
2024-12-15 10:00:00,0.07465860697860335,0.07465860697860335
2024-12-15 11:00:00,0.2877315861284967,0.2877315861284967
2024-12-15 12:00:00,0.6398246696982467,0.6398246696982467
2024-12-15 13:00:00,1.0221269780206625,1.0221269780206625
2024-12-15 14:00:00,1.0859778984620345,1.0859778984620345
2024-12-15 15:00:00,1.6220096508639992,1.6220096508639992
2024-12-15 16:00:00,1.7589666688605166,1.7589666688605166
2024-12-15 17:00:00,2.0791653775839833,2.0791653775839833
2024-12-15 18:00:00,2.4023271764319722,2.4023271764319722
2024-12-15 19:00:00,2.2011066607624605,2.2011066607624605
2024-12-15 20:00:00,2.459324110319803,2.459324110319803
2024-12-15 21:00:00,2.3751870431134177,2.3751870431134177
2024-12-15 22:00:00,0.0,0.0
2024-12-15 23:00:00,0.0,0.0
2024-12-16 00:00:00,0.0,0.0
2024-12-16 01:00:00,0.0,0.0
2024-12-16 02:00:00,0.0,0.0
2024-12-16 03:00:00,0.0,0.0
2024-12-16 04:00:00,0.0,0.0
2024-12-16 05:00:00,0.0,0.0
2024-12-16 06:00:00,0.0,0.0
2024-12-16 07:00:00,0.0,0.0
2024-12-16 08:00:00,0.0,0.0
2024-12-16 09:00:00,0.0,0.0
2024-12-16 10:00:00,0.09144359800304118,0.09144359800304118
2024-12-16 11:00:00,0.39642278095856154,0.39642278095856154
2024-12-16 12:00:00,0.8703418050725052,0.8703418050725052
2024-12-16 13:00:00,1.338068261092867,1.338068261092867
2024-12-16 14:00:00,1.749654766947444,1.749654766947444
2024-12-16 15:00:00,2.3717620779718738,2.3717620779718738
2024-12-16 16:00:00,3.1452549023712346,3.1452549023712346
2024-12-16 17:00:00,2.7937541977875524,2.7937541977875524
2024-12-16 18:00:00,2.8941792619994886,2.8941792619994886
2024-12-16 19:00:00,2.810537792522838,2.810537792522838
2024-12-16 20:00:00,3.728731947057243,3.728731947057243
2024-12-16 21:00:00,3.1806199440924336,3.1806199440924336
2024-12-16 22:00:00,0.0,0.0
2024-12-16 23:00:00,0.0,0.0
2024-12-17 00:00:00,0.0,0.0
2024-12-17 01:00:00,0.0,0.0
2024-12-17 02:00:00,0.0,0.0
2024-12-17 03:00:00,0.0,0.0
2024-12-17 04:00:00,0.0,0.0
2024-12-17 05:00:00,0.0,0.0
2024-12-17 06:00:00,0.0,0.0
2024-12-17 07:00:00,0.0,0.0
2024-12-17 08:00:00,0.0,0.0
2024-12-17 09:00:00,0.0,0.0
2024-12-17 10:00:00,0.09629649834883659,0.09629649834883659
2024-12-17 11:00:00,0.3997659553447444,0.3997659553447444
2024-12-17 12:00:00,0.7047074823215749,0.7047074823215749
2024-12-17 13:00:00,1.354845145440526,1.354845145440526
2024-12-17 14:00:00,1.7911665772896415,1.7911665772896415
2024-12-17 15:00:00,2.158579757062918,2.158579757062918
2024-12-17 16:00:00,2.3356505065470547,2.3356505065470547
2024-12-17 17:00:00,2.63529979813505,2.63529979813505
2024-12-17 18:00:00,3.0210049064897073,3.0210049064897073
2024-12-17 19:00:00,2.9383036950328196,2.9383036950328196
2024-12-17 20:00:00,2.9094524063853027,2.9094524063853027
2024-12-17 21:00:00,2.785811759537905,2.785811759537905
2024-12-17 22:00:00,0.0,0.0
2024-12-17 23:00:00,0.0,0.0
2024-12-18 00:00:00,0.0,0.0
2024-12-18 01:00:00,0.0,0.0
2024-12-18 02:00:00,0.0,0.0
2024-12-18 03:00:00,0.0,0.0
2024-12-18 04:00:00,0.0,0.0
2024-12-18 05:00:00,0.0,0.0
2024-12-18 06:00:00,0.0,0.0
2024-12-18 07:00:00,0.0,0.0
2024-12-18 08:00:00,0.0,0.0
2024-12-18 09:00:00,0.0,0.0
2024-12-18 10:00:00,0.10675341403361699,0.10675341403361699
2024-12-18 11:00:00,0.39126330368847945,0.39126330368847945
2024-12-18 12:00:00,0.8456999857578514,0.8456999857578514
2024-12-18 13:00:00,1.402491700475047,1.402491700475047
2024-12-18 14:00:00,1.5149608126428513,1.5149608126428513
2024-12-18 15:00:00,2.162574956006747,2.162574956006747
2024-12-18 16:00:00,2.6753294315747578,2.6753294315747578
2024-12-18 17:00:00,2.657366590922598,2.657366590922598
2024-12-18 18:00:00,3.319505282439526,3.319505282439526
2024-12-18 19:00:00,2.7583874436466385,2.7583874436466385
2024-12-18 20:00:00,2.840279016632838,2.840279016632838
2024-12-18 21:00:00,2.8169241139490264,2.8169241139490264
2024-12-18 22:00:00,0.0,0.0
2024-12-18 23:00:00,0.0,0.0
2024-12-19 00:00:00,0.0,0.0
2024-12-19 01:00:00,0.0,0.0
2024-12-19 02:00:00,0.0,0.0
2024-12-19 03:00:00,0.0,0.0
2024-12-19 04:00:00,0.0,0.0
2024-12-19 05:00:00,0.0,0.0
2024-12-19 06:00:00,0.0,0.0
2024-12-19 07:00:00,0.0,0.0
2024-12-19 08:00:00,0.0,0.0
2024-12-19 09:00:00,0.0,0.0
2024-12-19 10:00:00,0.11165164241170004,0.11165164241170004
2024-12-19 11:00:00,0.46870122108688095,0.46870122108688095
2024-12-19 12:00:00,0.7700599310231994,0.7700599310231994
2024-12-19 13:00:00,1.5034039103613333,1.5034039103613333
2024-12-19 14:00:00,1.6668273580968846,1.6668273580968846
2024-12-19 15:00:00,1.9972353810232646,1.9972353810232646
2024-12-19 16:00:00,2.5275950547242694,2.5275950547242694
2024-12-19 17:00:00,2.904457984711554,2.904457984711554
2024-12-19 18:00:00,3.694784847791959,3.694784847791959
2024-12-19 19:00:00,3.379663387357581,3.379663387357581
2024-12-19 20:00:00,3.6774074839114506,3.6774074839114506
2024-12-19 21:00:00,3.1920944412635706,3.1920944412635706
2024-12-19 22:00:00,0.0,0.0
2024-12-19 23:00:00,0.0,0.0
2024-12-20 00:00:00,0.0,0.0
2024-12-20 01:00:00,0.0,0.0
2024-12-20 02:00:00,0.0,0.0
2024-12-20 03:00:00,0.0,0.0
2024-12-20 04:00:00,0.0,0.0
2024-12-20 05:00:00,0.0,0.0
2024-12-20 06:00:00,0.0,0.0
2024-12-20 07:00:00,0.0,0.0
2024-12-20 08:00:00,0.0,0.0
2024-12-20 09:00:00,0.0,0.0
2024-12-20 10:00:00,0.09397448131901437,0.09397448131901437
2024-12-20 11:00:00,0.44102412255485784,0.44102412255485784
2024-12-20 12:00:00,0.7988554917193738,0.7988554917193738
2024-12-20 13:00:00,1.1247435535221355,1.1247435535221355
2024-12-20 14:00:00,1.6644546059578649,1.6644546059578649
2024-12-20 15:00:00,1.788302738600074,1.788302738600074
2024-12-20 16:00:00,2.499317324869852,2.499317324869852
2024-12-20 17:00:00,2.491931396688027,2.491931396688027
2024-12-20 18:00:00,3.240137324291399,3.240137324291399
2024-12-20 19:00:00,3.0323030496258268,3.0323030496258268
2024-12-20 20:00:00,3.4057874368742405,3.4057874368742405
2024-12-20 21:00:00,2.41641594706964,2.41641594706964
2024-12-20 22:00:00,0.0,0.0
2024-12-20 23:00:00,0.0,0.0
2024-12-21 00:00:00,0.0,0.0
2024-12-21 01:00:00,0.0,0.0
2024-12-21 02:00:00,0.0,0.0
2024-12-21 03:00:00,0.0,0.0
2024-12-21 04:00:00,0.0,0.0
2024-12-21 05:00:00,0.0,0.0
2024-12-21 06:00:00,0.0,0.0
2024-12-21 07:00:00,0.0,0.0
2024-12-21 08:00:00,0.0,0.0
2024-12-21 09:00:00,0.0,0.0
2024-12-21 10:00:00,0.058475137965353856,0.058475137965353856
2024-12-21 11:00:00,0.28557962998331987,0.28557962998331987
2024-12-21 12:00:00,0.585005748453511,0.585005748453511
2024-12-21 13:00:00,0.7738764300123147,0.7738764300123147
2024-12-21 14:00:00,1.2665606677950876,1.2665606677950876
2024-12-21 15:00:00,1.5060562872899874,1.5060562872899874
2024-12-21 16:00:00,1.9240826327892864,1.9240826327892864
2024-12-21 17:00:00,1.648348654361904,1.648348654361904
2024-12-21 18:00:00,2.0889205000704876,2.0889205000704876
2024-12-21 19:00:00,1.8413334803266193,1.8413334803266193
2024-12-21 20:00:00,1.962813902566766,1.962813902566766
2024-12-21 21:00:00,1.84985759009432,1.84985759009432
2024-12-21 22:00:00,0.0,0.0
2024-12-21 23:00:00,0.0,0.0
2024-12-22 00:00:00,0.0,0.0
2024-12-22 01:00:00,0.0,0.0
2024-12-22 02:00:00,0.0,0.0
2024-12-22 03:00:00,0.0,0.0
2024-12-22 04:00:00,0.0,0.0
2024-12-22 05:00:00,0.0,0.0
2024-12-22 06:00:00,0.0,0.0
2024-12-22 07:00:00,0.0,0.0
2024-12-22 08:00:00,0.0,0.0
2024-12-22 09:00:00,0.0,0.0
2024-12-22 10:00:00,0.06651863712114377,0.06651863712114377
2024-12-22 11:00:00,0.2825393251022797,0.2825393251022797
2024-12-22 12:00:00,0.5159228786611766,0.5159228786611766
2024-12-22 13:00:00,0.865518025031306,0.865518025031306
2024-12-22 14:00:00,1.0661701049215602,1.0661701049215602
2024-12-22 15:00:00,1.4089372911074678,1.4089372911074678
2024-12-22 16:00:00,1.6104688064372759,1.6104688064372759
2024-12-22 17:00:00,1.9482022441856794,1.9482022441856794
2024-12-22 18:00:00,2.2785585621699966,2.2785585621699966
2024-12-22 19:00:00,1.9881321424297467,1.9881321424297467
2024-12-22 20:00:00,2.248728303336943,2.248728303336943
2024-12-22 21:00:00,1.6469240712111655,1.6469240712111655
2024-12-22 22:00:00,0.0,0.0
2024-12-22 23:00:00,0.0,0.0
2024-12-23 00:00:00,0.0,0.0
2024-12-23 01:00:00,0.0,0.0
2024-12-23 02:00:00,0.0,0.0
2024-12-23 03:00:00,0.0,0.0
2024-12-23 04:00:00,0.0,0.0
2024-12-23 05:00:00,0.0,0.0
2024-12-23 06:00:00,0.0,0.0
2024-12-23 07:00:00,0.0,0.0
2024-12-23 08:00:00,0.0,0.0
2024-12-23 09:00:00,0.0,0.0
2024-12-23 10:00:00,0.09046129902805015,0.09046129902805015
2024-12-23 11:00:00,0.34658087725791287,0.34658087725791287
2024-12-23 12:00:00,0.7741675373936485,0.7741675373936485
2024-12-23 13:00:00,1.484076851156053,1.484076851156053
2024-12-23 14:00:00,1.5200983190913648,1.5200983190913648
2024-12-23 15:00:00,1.833819186677578,1.833819186677578
2024-12-23 16:00:00,2.2752125068416484,2.2752125068416484
2024-12-23 17:00:00,2.8148891248892407,2.8148891248892407
2024-12-23 18:00:00,3.4224591278612513,3.4224591278612513
2024-12-23 19:00:00,3.214093389383895,3.214093389383895
2024-12-23 20:00:00,2.694030921366204,2.694030921366204
2024-12-23 21:00:00,3.064565094755472,3.064565094755472
2024-12-23 22:00:00,0.0,0.0
2024-12-23 23:00:00,0.0,0.0
2024-12-24 00:00:00,0.0,0.0
2024-12-24 01:00:00,0.0,0.0
2024-12-24 02:00:00,0.0,0.0
2024-12-24 03:00:00,0.0,0.0
2024-12-24 04:00:00,0.0,0.0
2024-12-24 05:00:00,0.0,0.0
2024-12-24 06:00:00,0.0,0.0
2024-12-24 07:00:00,0.0,0.0
2024-12-24 08:00:00,0.0,0.0
2024-12-24 09:00:00,0.0,0.0
2024-12-24 10:00:00,0.09178449139223369,0.09178449139223369
2024-12-24 11:00:00,0.4151558704731838,0.4151558704731838
2024-12-24 12:00:00,0.7743928134729968,0.7743928134729968
2024-12-24 13:00:00,1.217162129242216,1.217162129242216
2024-12-24 14:00:00,1.4810267347879693,1.4810267347879693
2024-12-24 15:00:00,2.002219951177478,2.002219951177478
2024-12-24 16:00:00,2.38465492743453,2.38465492743453
2024-12-24 17:00:00,2.8275937925718853,2.8275937925718853
2024-12-24 18:00:00,3.072632081237674,3.072632081237674
2024-12-24 19:00:00,3.2510457446599115,3.2510457446599115
2024-12-24 20:00:00,2.9027058841346727,2.9027058841346727
2024-12-24 21:00:00,3.043441276104541,3.043441276104541
2024-12-24 22:00:00,0.0,0.0
2024-12-24 23:00:00,0.0,0.0
2024-12-25 00:00:00,0.0,0.0
2024-12-25 01:00:00,0.0,0.0
2024-12-25 02:00:00,0.0,0.0
2024-12-25 03:00:00,0.0,0.0
2024-12-25 04:00:00,0.0,0.0
2024-12-25 05:00:00,0.0,0.0
2024-12-25 06:00:00,0.0,0.0
2024-12-25 07:00:00,0.0,0.0
2024-12-25 08:00:00,0.0,0.0
2024-12-25 09:00:00,0.0,0.0
2024-12-25 10:00:00,0.08505751366803711,0.08505751366803711
2024-12-25 11:00:00,0.42665336439050333,0.42665336439050333
2024-12-25 12:00:00,0.6247718715736238,0.6247718715736238
2024-12-25 13:00:00,1.1685972051932814,1.1685972051932814
2024-12-25 14:00:00,1.7507737529106933,1.7507737529106933
2024-12-25 15:00:00,1.7255770471694258,1.7255770471694258
2024-12-25 16:00:00,2.1481986550579424,2.1481986550579424
2024-12-25 17:00:00,2.305120530898538,2.305120530898538
2024-12-25 18:00:00,2.8411444561887107,2.8411444561887107
2024-12-25 19:00:00,3.1605341389156267,3.1605341389156267
2024-12-25 20:00:00,3.1547662874618,3.1547662874618
2024-12-25 21:00:00,2.6173363470519724,2.6173363470519724
2024-12-25 22:00:00,0.0,0.0
2024-12-25 23:00:00,0.0,0.0
2024-12-26 00:00:00,0.0,0.0
2024-12-26 01:00:00,0.0,0.0
2024-12-26 02:00:00,0.0,0.0
2024-12-26 03:00:00,0.0,0.0
2024-12-26 04:00:00,0.0,0.0
2024-12-26 05:00:00,0.0,0.0
2024-12-26 06:00:00,0.0,0.0
2024-12-26 07:00:00,0.0,0.0
2024-12-26 08:00:00,0.0,0.0
2024-12-26 09:00:00,0.0,0.0
2024-12-26 10:00:00,0.1127614213898153,0.1127614213898153
2024-12-26 11:00:00,0.4893476481793799,0.4893476481793799
2024-12-26 12:00:00,0.8017507499305107,0.8017507499305107
2024-12-26 13:00:00,1.6219756257555107,1.6219756257555107
2024-12-26 14:00:00,2.034234427460846,2.034234427460846
2024-12-26 15:00:00,2.3413353724955814,2.3413353724955814
2024-12-26 16:00:00,2.733868473876825,2.733868473876825
2024-12-26 17:00:00,2.9980378613361878,2.9980378613361878
2024-12-26 18:00:00,3.7315248454760854,3.7315248454760854
2024-12-26 19:00:00,3.089140315417279,3.089140315417279
2024-12-26 20:00:00,3.861063944822818,3.861063944822818
2024-12-26 21:00:00,3.4862680439707407,3.4862680439707407
2024-12-26 22:00:00,0.0,0.0
2024-12-26 23:00:00,0.0,0.0
2024-12-27 00:00:00,0.0,0.0
2024-12-27 01:00:00,0.0,0.0
2024-12-27 02:00:00,0.0,0.0
2024-12-27 03:00:00,0.0,0.0
2024-12-27 04:00:00,0.0,0.0
2024-12-27 05:00:00,0.0,0.0
2024-12-27 06:00:00,0.0,0.0
2024-12-27 07:00:00,0.0,0.0
2024-12-27 08:00:00,0.0,0.0
2024-12-27 09:00:00,0.0,0.0
2024-12-27 10:00:00,0.11191296105138371,0.11191296105138371
2024-12-27 11:00:00,0.41707066707198764,0.41707066707198764
2024-12-27 12:00:00,0.7642402942749887,0.7642402942749887
2024-12-27 13:00:00,1.1461214643567377,1.1461214643567377
2024-12-27 14:00:00,1.5225146673059051,1.5225146673059051
2024-12-27 15:00:00,1.8677235223024207,1.8677235223024207
2024-12-27 16:00:00,2.534514932026036,2.534514932026036
2024-12-27 17:00:00,2.720895732785295,2.720895732785295
2024-12-27 18:00:00,3.0025308147236474,3.0025308147236474
2024-12-27 19:00:00,2.6692029946031193,2.6692029946031193
2024-12-27 20:00:00,2.9229751839238114,2.9229751839238114
2024-12-27 21:00:00,2.8239552906048577,2.8239552906048577
2024-12-27 22:00:00,0.0,0.0
2024-12-27 23:00:00,0.0,0.0
2024-12-28 00:00:00,0.0,0.0
2024-12-28 01:00:00,0.0,0.0
2024-12-28 02:00:00,0.0,0.0
2024-12-28 03:00:00,0.0,0.0
2024-12-28 04:00:00,0.0,0.0
2024-12-28 05:00:00,0.0,0.0
2024-12-28 06:00:00,0.0,0.0
2024-12-28 07:00:00,0.0,0.0
2024-12-28 08:00:00,0.0,0.0
2024-12-28 09:00:00,0.0,0.0
2024-12-28 10:00:00,0.07370479416546076,0.07370479416546076
2024-12-28 11:00:00,0.2668544206737083,0.2668544206737083
2024-12-28 12:00:00,0.56821283668716,0.56821283668716
2024-12-28 13:00:00,0.7909449200287293,0.7909449200287293
2024-12-28 14:00:00,1.165327802482282,1.165327802482282
2024-12-28 15:00:00,1.3151693653199823,1.3151693653199823
2024-12-28 16:00:00,1.7822845579936804,1.7822845579936804
2024-12-28 17:00:00,1.8196655320989523,1.8196655320989523
2024-12-28 18:00:00,1.9937198460754357,1.9937198460754357
2024-12-28 19:00:00,1.8413868972456173,1.8413868972456173
2024-12-28 20:00:00,1.9519922054980543,1.9519922054980543
2024-12-28 21:00:00,1.9976827029670563,1.9976827029670563
2024-12-28 22:00:00,0.0,0.0
2024-12-28 23:00:00,0.0,0.0
2024-12-29 00:00:00,0.0,0.0
2024-12-29 01:00:00,0.0,0.0
2024-12-29 02:00:00,0.0,0.0
2024-12-29 03:00:00,0.0,0.0
2024-12-29 04:00:00,0.0,0.0
2024-12-29 05:00:00,0.0,0.0
2024-12-29 06:00:00,0.0,0.0
2024-12-29 07:00:00,0.0,0.0
2024-12-29 08:00:00,0.0,0.0
2024-12-29 09:00:00,0.0,0.0
2024-12-29 10:00:00,0.06126678867960553,0.06126678867960553
2024-12-29 11:00:00,0.2960664898432295,0.2960664898432295
2024-12-29 12:00:00,0.5302266269306251,0.5302266269306251
2024-12-29 13:00:00,0.8556848235607317,0.8556848235607317
2024-12-29 14:00:00,1.1920635890306401,1.1920635890306401
2024-12-29 15:00:00,1.3983942559964975,1.3983942559964975
2024-12-29 16:00:00,1.5495367873688195,1.5495367873688195
2024-12-29 17:00:00,1.5937593641860381,1.5937593641860381
2024-12-29 18:00:00,1.9265006935829128,1.9265006935829128
2024-12-29 19:00:00,2.0848287446602756,2.0848287446602756
2024-12-29 20:00:00,2.050122673777328,2.050122673777328
2024-12-29 21:00:00,1.8502428173607417,1.8502428173607417
2024-12-29 22:00:00,0.0,0.0
2024-12-29 23:00:00,0.0,0.0
2024-12-30 00:00:00,0.0,0.0
2024-12-30 01:00:00,0.0,0.0
2024-12-30 02:00:00,0.0,0.0
2024-12-30 03:00:00,0.0,0.0
2024-12-30 04:00:00,0.0,0.0
2024-12-30 05:00:00,0.0,0.0
2024-12-30 06:00:00,0.0,0.0
2024-12-30 07:00:00,0.0,0.0
2024-12-30 08:00:00,0.0,0.0
2024-12-30 09:00:00,0.0,0.0
2024-12-30 10:00:00,0.09184943220297767,0.09184943220297767
2024-12-30 11:00:00,0.39223385465005034,0.39223385465005034
2024-12-30 12:00:00,0.7584726701796657,0.7584726701796657
2024-12-30 13:00:00,1.2468118866170814,1.2468118866170814
2024-12-30 14:00:00,1.822985155258578,1.822985155258578
2024-12-30 15:00:00,1.799334521682689,1.799334521682689
2024-12-30 16:00:00,2.582693564548394,2.582693564548394
2024-12-30 17:00:00,2.6158033033329255,2.6158033033329255
2024-12-30 18:00:00,3.375112563452139,3.375112563452139
2024-12-30 19:00:00,3.037424766407844,3.037424766407844
2024-12-30 20:00:00,3.429416827528392,3.429416827528392
2024-12-30 21:00:00,3.092878627904052,3.092878627904052
2024-12-30 22:00:00,0.0,0.0
2024-12-30 23:00:00,0.0,0.0
