{
  "baseline_con_solar_co2_kg": 321782.17499999993,
  "baseline_sin_solar_co2_kg": 594059.4,
  "solar_impact_kg": 272277.2250000001,
  "solar_impact_pct": 45.83333333333335,
  "solar_generation_kwh": 7298475.286138371,
  "grid_import_reduction_pct": 45.83333333333334
}