{
  "A2C": {
    "total_timesteps": 87600,
    "episodes": 10,
    "duration_seconds": 176.43810415267944,
    "speed_steps_per_sec": 496.4913923819765,
    "learning_rate": 0.0003,
    "gamma": 0.99,
    "gae_lambda": 0.95,
    "episode_rewards": [
      1900.8082551123698,
      2453.158807883039,
      2610.8051293343306,
      2752.9800418391824,
      2806.329538464546,
      2788.351083904505,
      2929.5832658335567,
      2976.428512722254,
      2995.6800357848406,
      3036.8195132017136
    ],
    "final_reward": 3036.8195132017136,
    "best_reward": 3036.8195132017136,
    "avg_reward": 2725.0944184080336,
    "episode_co2_grid": [
      2895108.75,
      2177583.5,
      2104618.5,
      2105446.5,
      2105442.0,
      2106119.5,
      2141537.75,
      2138836.75,
      2112111.0,
      2115420.5
    ],
    "final_co2_grid": 2115420.5,
    "best_co2_grid": 2104618.5,
    "avg_co2_grid": 2200222.475,
    "mean_reward": 3062.615395592959,
    "mean_co2_avoided_kg": 4428720.0139274765,
    "mean_grid_import_kwh": 4680326.5,
    "mean_solar_kwh": 8292514.130952835
  },
  "PPO": {
    "total_timesteps": 87600,
    "episodes": 10,
    "duration_seconds": 175.62231492996216,
    "speed_steps_per_sec": 498.7976615325604,
    "learning_rate": 0.0001,
    "gamma": 0.88,
    "gae_lambda": 0.97,
    "episode_rewards": [
      631.4618776429998,
      672.3250027175054,
      701.7700319511614,
      731.6404266778845,
      775.5916639546958,
      834.5521582733672,
      894.6361894934907,
      946.2090522329017,
      982.8898284699972,
      1014.4396344313809
    ],
    "final_reward": 1014.4396344313809,
    "best_reward": 1014.4396344313809,
    "avg_reward": 818.5515865845384,
    "episode_co2_grid": [
      3366224.75,
      3337977.0,
      3300170.25,
      3232600.25,
      3142020.75,
      3057204.5,
      2939635.0,
      2839617.75,
      2793295.25,
      2738263.0
    ],
    "final_co2_grid": 2738263.0,
    "best_co2_grid": 2738263.0,
    "avg_co2_grid": 3074700.85,
    "mean_reward": 659.3463998114108,
    "mean_co2_avoided_kg": 4409363.781132176,
    "mean_grid_import_kwh": 5335239.364672089,
    "mean_solar_kwh": 8292514.130952835
  },
  "SAC": {
    "total_timesteps": 0,
    "episodes": 0,
    "duration_seconds": 0,
    "speed_steps_per_sec": 0,
    "learning_rate": 0,
    "gamma": 0,
    "gae_lambda": 0,
    "episode_rewards": [
      0.006744009,
      0.0061930194,
      0.006759009,
      0.0067490092,
      0.006744009,
      0.006744009,
      0.006744009,
      0.0067440094,
      0.0067490092,
      0.0067440094
    ],
    "final_reward": 0.0067440094,
    "best_reward": 0.006759009,
    "avg_reward": 0.006691410159999999,
    "episode_co2_grid": [
      2939930.2545374297,
      2586153.478448957,
      2939478.1711458215,
      2939497.370845461,
      2940043.8288054033,
      2939716.3042605105,
      2939565.917926781,
      2939120.693021588,
      2939702.028548232,
      2938950.101033518
    ],
    "final_co2_grid": 2938950.101033518,
    "best_co2_grid": 2586153.478448957,
    "avg_co2_grid": 2904215.81485737,
    "mean_reward": 0,
    "mean_co2_avoided_kg": 0,
    "mean_grid_import_kwh": 0,
    "mean_solar_kwh": 0
  }
}